"#OTU ID","T000272.0","T000272.1","T000272.2","T000272.3","T000272.4","T000461.0","T000461.1","T000461.2","T000461.3","T000461.4","T002534.0","T002534.1","T002534.2","T002534.3","T002534.4","T003950.0","T003950.1","T003950.2","T003950.3","T003950.4","T005999.0","T005999.1","T005999.2","T005999.3","T005999.4","T007748.0","T007748.1","T007748.2","T007748.3","T007748.4","T008025.0","T008025.1","T008025.2","T008025.3","T008025.4","T008631.0","T008631.1","T008631.2","T008631.3","T008631.4","T009280.0","T009280.1","T009280.2","T009280.3","T009280.4","T009909.0","T009909.1","T009909.2","T009909.3","T009909.4","T010520.0","T010520.1","T010520.2","T010520.3","T010520.4","T010532.0","T010532.1","T010532.2","T010532.3","T010532.4","T012138.0","T012138.1","T012138.2","T012138.3","T012138.4","T012374.0","T012374.1","T012374.2","T012374.3","T012374.4","T012389.0","T012389.1","T012389.2","T012389.3","T012389.4","T013832.0","T013832.1","T013832.2","T013832.3","T013832.4","T014827.0","T014827.1","T014827.2","T014827.3","T014827.4","T017394.0","T017394.1","T017394.2","T017394.3","T017394.4","T018343.0","T018343.1","T018343.2","T018343.3","T018343.4","T019021.0","T019021.1","T019021.2","T019021.3","T019021.4","T019031.0","T019031.1","T019031.2","T019031.3","T019031.4","T019850.0","T019850.1","T019850.2","T019850.3","T019850.4","T020231.0","T020231.1","T020231.2","T020231.3","T020231.4","T021076.0","T021076.1","T021076.2","T021076.3","T021076.4","T021613.0","T021613.1","T021613.2","T021613.3","T021613.4","T023390.0","T023390.1","T023390.2","T023390.3","T023390.4","T023909.0","T023909.1","T023909.2","T023909.3","T023909.4","T024121.0","T024121.1","T024121.2","T024121.3","T024121.4","T028183.0","T028183.1","T028183.2","T028183.3","T028183.4"
"k__Bacteria|p__Firmicutes|c__Bacilli|o__Lactobacillales|f__Enterococcaceae|g__unclassified|s__unclassified",-0.285744080140259,-0.172335399363974,-0.202152189016559,-0.2056555405919,-0.182173636822418,-0.251015559350211,-0.349561937619713,-0.300053249705765,-0.263464764031615,-0.35681970895717,-0.287095731686226,-0.285879767078395,-0.336589322671604,-0.287859606116552,-0.248549217543768,-0.307804154711102,-0.288404867044649,-0.318293419602131,-0.337589162757449,-0.265052180276694,-0.00221434531214697,0.0457043076795617,0.0379680267719769,0.0158053917093942,0.0335611376068504,-0.0196987452894254,-0.0394845412725707,-0.0381811694945083,-0.0347086320550142,-0.0304998802758927,-0.342544190440999,-0.307717923227852,-0.26893306842755,-0.384355220505372,-0.336664023155161,-0.25396472129649,-0.338530531810304,-0.370351103340066,-0.332018381982523,-0.296705852178651,0.0361401519241137,0.0347512309467937,0.0506852785280009,0.0448277093431563,0.0280506129771844,-0.183749361394292,-0.204314904173912,-0.345945670954519,-0.198174209149022,-0.165462080724077,-0.30200313095624,-0.270653983755333,-0.381217899141286,-0.326493295928431,-0.34418642014992,-0.307837183685279,-0.331538146156064,-0.359042190685986,-0.344454254857012,-0.280799633322533,-0.226223194202836,-0.233979823376146,-0.357514561160159,-0.231331927291414,-0.3537939302713,-0.0104306139090164,0.0176127950383517,-0.00800720793879902,0.00756288605020128,-0.00187138267138619,-0.158012269966943,-0.20769635903904,-0.22483359942497,-0.205529506287497,-0.200838300618195,-0.0749541349769207,-0.115276162699956,-0.104499814887285,-0.0743557056588604,-0.100824698005827,-0.312831437270967,-0.332637186033752,-0.351889968040456,-0.301683459451015,-0.244752724184478,0.0365504745022584,0.0188058871829042,0.0201300624812813,0.00158527725574951,-0.0269952240600359,0.00491273890576644,0.0637999605663748,0.0386403559623915,0.0202617088864013,0.0409524958639509,-0.306568295580426,-0.282081026495047,-0.29907715734258,-0.282851815909685,-0.243459183565928,-0.27306528226547,-0.339919033882207,-0.366257352561924,-0.313764941954724,-0.34624660933449,-0.263810231442435,-0.355561600062418,-0.354833070004997,-0.357686648808836,-0.275458715799805,-0.270175184843025,-0.309233837102306,-0.357786678446751,-0.299544308774631,-0.258535802916281,-0.184437288294411,-0.267429941164187,-0.293710782705784,-0.271293005560086,-0.252081402203145,-0.346526917883814,-0.31280868600714,-0.336436911497585,-0.350262479999396,-0.26155694286472,0.0405218077523527,0.0776572226133579,0.108160893224692,0.0794202311219769,0.1024448759349,-0.253864518253853,-0.29696832755667,-0.321044049240564,-0.359253059897505,-0.35565540563997,-0.272812500171569,-0.317305780431824,-0.349973705261641,-0.325229976117475,-0.292601407731753,-0.309246266316222,-0.255595499789311,-0.401538102684316,-0.362918491868026,-0.326075285191115
"k__Bacteria|p__Firmicutes|c__Clostridia|o__Clostridiales|f__Clostridiaceae|g__Peptoniphilus|s__asaccharolyticus",-0.285744080140259,-0.149981669310361,-0.174319013545684,-0.183417228235852,-0.161652662355095,-0.243284336927669,-0.349561937619713,-0.309995605374048,-0.296644828639441,-0.35681970895717,-0.270623356394038,-0.285882551829806,-0.317576038264064,-0.300339587909001,-0.265895552819505,-0.307804154711102,-0.286368618170276,-0.318757735991079,-0.337589162757449,-0.280602203529788,0.0700893891644772,0.0687334976770474,0.0968716072889778,0.0696971504084668,0.0615669547844675,0.000475384834605234,-0.0313184958144822,-0.0100420422202931,-0.0180197174927615,-0.0117876462934022,-0.324872805432003,-0.307717923227852,-0.26893306842755,-0.386140949936204,-0.336664023155161,-0.25396472129649,-0.352954799760216,-0.373575320758046,-0.372684715688439,-0.320969407371262,0.0339152825542937,0.0397901468828595,0.0522529257047034,0.0593758863517918,0.0439417200285962,-0.154502947578718,-0.15795176609707,-0.345945670954519,-0.18961269821671,-0.163892434198838,-0.302687348242774,-0.270653983755333,-0.3631768564765,-0.351002941927361,-0.34418642014992,-0.289342899880655,-0.301599777827492,-0.356400678778807,-0.344454254857012,-0.292577852210332,-0.228153562552975,-0.228831712309442,-0.357514561160159,-0.242660560208135,-0.3537939302713,0.0530010994531969,0.0579292547656437,0.0270489895782258,0.0347150802562766,0.0348179309034793,-0.190240069719783,-0.227676674616917,-0.24251421155336,-0.237763636177723,-0.212518732257741,-0.0656104555408828,-0.0939269183872936,-0.0994575722585877,-0.0911412161482383,-0.0745759807723282,-0.312831437270967,-0.332637186033752,-0.351889968040456,-0.275490459686595,-0.245310594291294,0.00668376898492347,0.00021844089407974,0.00742213727206153,-0.000563004329178004,-0.00783983025497811,0.0588116781160514,0.0815601634636542,0.0688450292968264,0.0758546996619054,0.0785521847413347,-0.306568295580426,-0.286845883525581,-0.300347113090112,-0.284340615031144,-0.244679930462122,-0.27306528226547,-0.348368252624268,-0.371118815483756,-0.364621666460193,-0.34624660933449,-0.263810231442435,-0.355561600062418,-0.337547523465152,-0.357686648808836,-0.28831853312513,-0.251793995129951,-0.307860873568259,-0.357786678446751,-0.293671427686116,-0.263662704163298,-0.184437288294411,-0.278656820784976,-0.302170385363392,-0.297522508926111,-0.256806400268995,-0.346526917883814,-0.318865200178079,-0.344544814717989,-0.350262479999396,-0.278104566521773,0.0572945246340526,0.0988239036587063,0.114241423032063,0.0927118509308159,0.0800054620151662,-0.272282549874633,-0.30986676943992,-0.324353117609895,-0.359253059897505,-0.35565540563997,-0.272812500171569,-0.318416987762048,-0.35239792494889,-0.333379368549447,-0.293658571226311,-0.306977490415138,-0.255595499789311,-0.36356673967721,-0.369664151199736,-0.321143282903201
"k__Bacteria|p__Firmicutes|c__Bacilli|o__Lactobacillales|f__Streptococcaceae|g__unclassified|s__unclassified",-0.285744080140259,-0.169200419651026,-0.202155980511232,-0.200420659270202,-0.180121059374273,-0.262888530901512,-0.349561937619713,-0.30629952847452,-0.285693763063641,-0.35681970895717,-0.275875458236358,-0.287524851404608,-0.327053726512135,-0.278169116368392,-0.232588115554864,-0.307804154711102,-0.284887337548005,-0.311101460634482,-0.337589162757449,-0.265307832286412,0.0434380682008915,0.0617403936633053,0.0584879090426889,0.0475684903561812,0.042158852254081,0.000322163140073429,-0.0161485890074273,-0.0235939740680224,-0.0107611796798783,-0.0400590078460822,-0.330425108496525,-0.307717923227852,-0.26893306842755,-0.377470638373481,-0.336664023155161,-0.25396472129649,-0.357957838768797,-0.374585139333798,-0.338308474158279,-0.303555861276,0.0522730024219147,0.0460332270493124,0.0496060517631206,0.0409012831746047,0.046011747533493,-0.177378846537546,-0.191586804773919,-0.345945670954519,-0.211299460168877,-0.186504257211266,-0.296405819867172,-0.270653983755333,-0.362285004822389,-0.336078210870746,-0.34418642014992,-0.289121514939836,-0.329586437139173,-0.349364552539833,-0.344454254857012,-0.285730532705716,-0.229801261044357,-0.253869736798623,-0.357514561160159,-0.236727773736909,-0.3537939302713,0.0314693492359267,0.0490621081013354,0.0367895414567303,0.040245503171081,0.0292799738834363,-0.180831374804605,-0.220173741898075,-0.259671559673152,-0.252773252171845,-0.207896572702352,-0.081868935104572,-0.100619302969992,-0.113028543837532,-0.0978245808351178,-0.0870672003573938,-0.312831437270967,-0.332637186033752,-0.351889968040456,-0.281158541175513,-0.246341696107252,0.0209179433737369,0.0303199653297735,0.0214225283375266,-0.0025105373245669,-0.000437116194968616,0.0557943755593157,0.0836425931422794,0.0927891148258734,0.0620756499179311,0.0541972226023897,-0.306568295580426,-0.247855715364607,-0.287980062434805,-0.281833080185091,-0.252456081278306,-0.27306528226547,-0.335975834315891,-0.348850963384776,-0.330769720209528,-0.34624660933449,-0.263810231442435,-0.355561600062418,-0.347179418890415,-0.357686648808836,-0.282324334489168,-0.287863130153318,-0.313067718602238,-0.357786678446751,-0.317801818867178,-0.248081545305619,-0.184437288294411,-0.273942698366129,-0.298358114196277,-0.291062430735486,-0.271921551988457,-0.346526917883814,-0.306783872150975,-0.33798417985152,-0.350262479999396,-0.272881180806356,0.0638659386893855,0.0823222751115832,0.0967985292662923,0.114998133642824,0.0918438112438489,-0.262040593246707,-0.299424249953461,-0.339001534283643,-0.359253059897505,-0.35565540563997,-0.272812500171569,-0.308374184419946,-0.334494019971167,-0.331660137833159,-0.283742633329882,-0.310410856196426,-0.255595499789311,-0.385574362835064,-0.380579694446585,-0.326390780430003
"k__Bacteria|p__Firmicutes|c__Clostridia|o__Coriobacteriales|f__Coriobacteriaceae|g__Collinsella|s__aerofaciens",-0.285744080140259,-0.177378390786344,-0.215658439557075,-0.205187784796633,-0.177142919787945,-0.183623138567386,-0.349561937619713,-0.265913549961057,-0.235931439659912,-0.35681970895717,-0.258515034837656,-0.277825042789408,-0.305912465558527,-0.289018705664514,-0.245722941751745,-0.307804154711102,-0.25944551911593,-0.277750488493532,-0.337589162757449,-0.261334118257937,-0.0257517498034746,0.0404054781873393,0.0534301125819682,0.0238574202900575,0.0322754704273894,0.0509469704631724,0.000438240440943416,0.0105962233313961,0.0201307470424051,-0.00406397939501275,-0.342230294459159,-0.307717923227852,-0.26893306842755,-0.394699838883518,-0.336664023155161,-0.25396472129649,-0.295379060816319,-0.309615427467696,-0.29610398140423,-0.278132087687791,0.00943886511985045,0.0316300710397971,0.0219967859353608,0.0218863663059317,0.0388955517008129,-0.0942528436687903,-0.158563850167986,-0.345945670954519,-0.159888932853059,-0.171128929817777,-0.221962227005693,-0.270653983755333,-0.339913700611736,-0.306022798384405,-0.34418642014992,-0.281653479765801,-0.321655973955517,-0.350896255104513,-0.344454254857012,-0.28001222167748,-0.184904217528705,-0.24070974149444,-0.357514561160159,-0.22523628938285,-0.3537939302713,-0.0207475548484494,-0.0112689891350287,-0.0254271710149993,-0.00690021756191493,-0.0168581854565399,-0.120467626240369,-0.195011677550513,-0.209551471820976,-0.187019915754606,-0.189008370857223,-0.087469448196834,-0.123360089879336,-0.113612669449,-0.098133517515843,-0.102943655040753,-0.312831437270967,-0.332637186033752,-0.351889968040456,-0.294542928690542,-0.259303800684106,0.0290989829648486,-0.0123981798430016,0.00372086971828236,-0.0183880173573908,-0.0200705129879086,-0.0650777431763034,0.0363205708276032,0.0496974589411624,-0.00828334143065559,0.0196803357751545,-0.306568295580426,-0.23464741296095,-0.259905440095633,-0.238895774843976,-0.225298705084167,-0.27306528226547,-0.303147707691019,-0.313890851491115,-0.285552719934876,-0.34624660933449,-0.263810231442435,-0.355561600062418,-0.329173759461437,-0.357686648808836,-0.259739915171441,-0.293165976426164,-0.295744435515137,-0.357786678446751,-0.312835386876873,-0.25389288218634,-0.184437288294411,-0.23300530108711,-0.264711648218036,-0.241200862453541,-0.224758339588847,0.824393603453218,-0.293269926302453,-0.302351234304774,-0.350262479999396,-0.24419640249079,0.0866075154375492,0.102167320876143,0.125429559152482,0.120826209019741,0.123707446745741,-0.236524933442579,-0.287142027028997,-0.309288912385989,-0.359253059897505,-0.35565540563997,-0.272812500171569,-0.305287619432353,-0.316299938529054,-0.304325554494945,-0.280452825337032,-0.235838848581542,-0.255595499789311,-0.331117033117627,-0.31722984244865,-0.295579028785041
"k__Bacteria|p__Firmicutes|c__Clostridia|o__Clostridiales|f__Lachnospiraceae|g__Blautia|s__producta",-0.285744080140259,-0.0124047034328051,-0.0534318314516452,-0.0689246013128484,-0.0799864419404577,-0.25698019424242,-0.349561937619713,-0.302475388344795,-0.317413029959882,-0.35681970895717,-0.189927307785302,-0.245912087824423,-0.27796809937844,-0.296867455368045,-0.289958081514136,-0.307804154711102,-0.214431368210352,-0.221438483883549,-0.337589162757449,-0.239884763031257,0.165493103285724,0.11217366390728,0.119639498513838,0.155879730708641,0.117124007850254,0.0216590496156097,0.0319004561363834,0.034489924767905,0.00494464042187018,0.0133465196195765,-0.16219692414009,-0.307717923227852,-0.26893306842755,-0.298240889707623,-0.336664023155161,-0.25396472129649,-0.345095864927461,-0.387225708830186,-0.415114425118296,-0.37580183962081,0.105180587329329,0.0847171437749858,0.0898679996210527,0.0867862377324244,0.0553711888220179,-0.155245689016208,-0.128218465676606,-0.345945670954519,-0.178614473098065,-0.135332865954165,-0.276115948682186,-0.270653983755333,-0.323062152639313,-0.359871133400026,-0.34418642014992,-0.189950543144517,-0.236511848819079,-0.28397057336511,-0.344454254857012,-0.287629352668307,-0.21312486872749,-0.215519470172555,-0.357514561160159,-0.275714017288724,-0.3537939302713,0.130405695584087,0.121241235360189,0.125286045925017,0.145149338601168,0.0863089133510648,-0.220503510073938,-0.226401368206597,-0.232660993879708,-0.304145316962836,-0.240551083038216,-0.0277727492784867,-0.0675544850398254,-0.0554300186049311,-0.0703932557299332,-0.0881095390555109,1.22765242254735,-0.332637186033752,-0.351889968040456,-0.188982083017098,-0.194706212488532,-0.054399549650665,-0.0290615042324599,-0.0434553924529673,-0.0435134928633159,-0.0224515070532149,0.173676972430839,0.129731267908341,0.0697870757794531,0.157663421864706,0.0983199546133749,-0.306568295580426,-0.2376413068729,-0.252877900605704,-0.309030946051039,-0.264375935113643,-0.27306528226547,-0.363237893702306,-0.391466893947409,-0.42174582587066,-0.34624660933449,-0.263810231442435,-0.355561600062418,-0.253149271485312,-0.357686648808836,-0.27550375200186,-0.235292305150348,-0.284004365102842,-0.357786678446751,-0.351088042704586,-0.297581064220255,-0.184437288294411,-0.240759289440334,-0.257652068599721,-0.332864641451557,-0.258455148265157,-0.346526917883814,-0.322729874401355,-0.35247621414011,-0.350262479999396,-0.330271126918801,0.111176439262266,0.104859195011415,0.0986210884885509,0.115440725239068,0.0842570157117262,-0.253392253357669,-0.266656257759399,-0.316664782628339,-0.359253059897505,-0.35565540563997,-0.272812500171569,-0.243441813684368,-0.270344863709249,-0.304440531423862,-0.270359992253605,-0.230520584343842,-0.255595499789311,-0.254002037070012,-0.31373895938408,-0.280072953040247
"k__Bacteria|p__Firmicutes|c__Bacilli|o__Gemellales|f__Gemellaceae|g__unclassified|s__unclassified",-0.285744080140259,-0.16359729267266,-0.18045704718666,-0.213714286313604,-0.197059130182372,-0.143522000277328,-0.349561937619713,-0.264081749494453,-0.253189498404705,-0.35681970895717,-0.251783016685164,-0.282196094062936,-0.30410976705365,-0.293331213406666,-0.250341279117352,-0.307804154711102,-0.215801139401633,-0.239895944892265,-0.337589162757449,-0.277614913518019,-0.0825663109109109,0.0112886102550787,0.0465211753538998,-0.0250751306913081,0.0494994928314665,0.0860159941404773,0.00935871775365845,0.0139362688690402,0.0172092976399276,-0.0253048621998557,-0.396336032882878,-0.307717923227852,-0.26893306842755,-0.441761630709075,-0.336664023155161,-0.25396472129649,-0.279749019225496,-0.309439131650426,-0.284331561123017,-0.31944151921089,-0.00787465395844394,0.0456368465810904,0.0135642648255308,0.0348200213584428,0.0507311772626776,-0.00575666450630912,-0.0982210375307919,-0.345945670954519,-0.103766239089731,-0.180516776113495,-0.205148673329749,-0.270653983755333,-0.35016792406178,-0.320944758126003,-0.34418642014992,-0.276429817880383,-0.322615523899754,-0.335566108998064,-0.344454254857012,-0.314945878874036,-0.145293781138841,-0.213407773588537,-0.357514561160159,-0.217277521609729,-0.3537939302713,-0.0336235480059148,-0.013069179832433,-0.0139327305431409,0.00837911143778964,0.00772009570055893,-0.0636221875579947,-0.167617030173207,-0.210447112352743,-0.178036591320684,-0.230630396776134,-0.0866813982095878,-0.130942001995886,-0.142755318536659,-0.120526041342987,-0.118741941952225,-0.312831437270967,-0.332637186033752,-0.351889968040456,-0.319653288059963,-0.290366742900479,0.0999148575284727,0.0524986492141866,0.0616139082420275,0.0529652247369609,0.00200204859795427,-0.122066421563554,0.032954100569035,0.0695594109012562,-0.0302231399630651,0.0344431427127275,1.22448239203545,-0.186294839877751,-0.221406462277383,-0.226025247468958,-0.247836635360212,-0.27306528226547,-0.265005402730124,-0.301838640978003,-0.267360289479324,-0.34624660933449,-0.263810231442435,-0.355561600062418,-0.303073813673575,-0.357686648808836,-0.317029026794067,-0.252242618673281,-0.312568622102834,-0.357786678446751,-0.322417949562386,-0.304856855999436,-0.184437288294411,-0.201449846673176,-0.202373232390241,-0.217008248264328,-0.262782910296873,-0.346526917883814,-0.289546488975477,-0.309910262124309,-0.350262479999396,-0.289996241232992,0.0142430288453945,0.0541408229361657,0.0994981605618497,0.0732114601658462,0.097842284357299,-0.250695966190172,-0.322760140908582,-0.329490652261446,-0.359253059897505,-0.35565540563997,-0.272812500171569,-0.259565124514137,-0.284971323943265,-0.294904758245938,-0.312274610048926,-0.148130173677586,-0.255595499789311,-0.301925173290116,-0.301072074527832,-0.333958763834973
"k__Bacteria|p__Firmicutes|c__Bacilli|o__unclassified|f__unclassified|g__unclassified|s__unclassified",1.3849190335909,0.0332219812491988,0.0194990694323568,-0.0359744737031879,-0.0765496031662305,-0.255055067064073,-0.349561937619713,-0.32772429769948,-0.368205321907065,-0.35681970895717,-0.169892500607362,-0.239909905954916,-0.289887323064675,-0.321163852211636,-0.339187206615064,-0.307804154711102,-0.165807915077829,-0.195404439939853,-0.337589162757449,-0.264682497151086,0.159887730829595,0.13714474287156,0.132313664418897,0.16138386835668,0.11701053719609,0.047350504991207,0.0660953548478515,0.0772814344577374,0.0365037591731994,0.0374069631586539,-0.156533472740482,-0.307717923227852,-0.26893306842755,-0.319174182670584,-0.336664023155161,-0.25396472129649,-0.386689604926066,-0.417500052309735,-0.504285107970902,-0.419620529913376,0.113390933049889,0.0871862086701936,0.069370689312276,0.116136837727481,0.0636933918861375,-0.119743714012203,-0.0887155134718125,-0.345945670954519,-0.158479641493378,-0.146383915237465,-0.265626837892209,-0.270653983755333,-0.337334023434314,-0.421521847015185,-0.34418642014992,-0.175923010121161,-0.223182382654615,-0.283499918290622,-0.344454254857012,-0.319926791688948,-0.214424621458789,-0.240137587909364,-0.357514561160159,-0.314706804403714,-0.3537939302713,0.168982380575109,0.158946272306752,0.149592364927566,0.173105818747684,0.128848725940121,-0.193016426585157,-0.260487669827968,-0.260023051450981,-0.318287287190626,-0.273651467294838,-0.0380903936744685,-0.0459331852518523,-0.0475867055164075,-0.0776865810404239,-0.0901232029859086,-0.312831437270967,-0.332637186033752,-0.351889968040456,-0.185650024223905,-0.213035835534958,-0.0788754744744862,-0.049181088137901,-0.0262833322804072,-0.0659997129172219,-0.0271783372055711,0.198799423098666,0.140606624179393,0.0804675790220279,0.193227215710256,0.12028405601128,-0.306568295580426,-0.233969399644922,-0.281023626830766,-0.324807712967624,-0.289700734778462,-0.27306528226547,-0.392330161254674,-0.428051775311094,-0.498750321244348,-0.34624660933449,-0.263810231442435,-0.355561600062418,-0.245053130236699,-0.357686648808836,-0.297614653697805,-0.256550295258035,-0.299882297696149,-0.357786678446751,-0.381206525544948,-0.353471273627984,-0.184437288294411,-0.245277249335759,-0.264599587821098,-0.328562950211266,-0.293994335602284,-0.346526917883814,-0.332771815118767,-0.385499699067674,-0.350262479999396,-0.379767571808651,0.0872538253334121,0.110694569690882,0.0950205295704963,0.126419999528599,0.0983862768837453,-0.257487714611554,-0.290526281520455,-0.34554933129571,-0.359253059897505,-0.35565540563997,-0.272812500171569,-0.211426783246339,-0.265341468291051,-0.323548845464713,-0.31595692971872,-0.176206895345947,-0.255595499789311,-0.227418009001076,-0.31927772318372,-0.301848726457318
"k__Bacteria|p__Firmicutes|c__Bacilli|o__Lactobacillales|f__Lactobacillaceae|g__Pediococcus|s__unclassified",-0.285744080140259,-0.172284087759406,-0.202915786488503,-0.20815173223595,-0.170772601453273,-0.23151654815254,-0.349561937619713,-0.309465063461129,-0.287731790003787,-0.35681970895717,-0.267352234797428,-0.312385187211057,-0.366696009455357,-0.329200738856158,-0.289905406327983,-0.307804154711102,-0.304370520044235,-0.328699200650184,-0.337589162757449,-0.290464360690161,0.0485390914193893,0.0509498842070945,0.0805237736040508,0.0598604751254413,0.0573537436563405,0.02651309808321,6.224524019866e-05,0.0107427925311379,0.0108454214048296,-0.00369782437781798,-0.341852336706719,-0.307717923227852,-0.26893306842755,-0.3921948276042,-0.336664023155161,-0.25396472129649,-0.372990054677955,-0.389422254977491,-0.374048092627541,-0.348437622279325,0.0212502465204239,0.0520876092081929,0.0534445253364176,0.0335077795265965,0.0382263901651218,-0.131168388511646,-0.159363963187606,-0.345945670954519,-0.180138370971076,-0.169979183283134,-0.318713250131485,-0.270653983755333,-0.388590184117557,-0.35153868553574,-0.34418642014992,-0.30507004949086,-0.333637265538872,-0.37223370236296,-0.344454254857012,-0.297661056566551,-0.209898732443571,-0.243083631802309,-0.357514561160159,-0.262657439646326,-0.3537939302713,0.0298176074660366,0.0336266763066135,0.025278586030967,0.0387247820954321,0.0381104146521322,-0.185259130000594,-0.220167799098492,-0.27284345366607,-0.238443511913764,-0.204090880082408,-0.0660205344312151,-0.0952162524571093,-0.0874333409577436,-0.0880199188801945,-0.0726618003684828,-0.312831437270967,-0.332637186033752,-0.351889968040456,-0.296863911946003,-0.260140055228525,0.0261888033937131,-0.00448063869826361,0.0140676309350358,-0.0122768870226928,-0.00424210130555464,-0.00717749519145662,0.0536515999806836,0.0712918551314483,0.034560639231105,0.0622780536859856,-0.306568295580426,-0.282243773996829,-0.320714302628645,-0.29847469141585,-0.266351235792768,-0.27306528226547,-0.343380423305204,-0.384786584493288,-0.358463182910512,-0.34624660933449,-0.263810231442435,-0.355561600062418,-0.372045072777993,-0.357686648808836,-0.309085958346445,-0.30687968309829,-0.318801242417499,-0.357786678446751,-0.33055720919197,-0.28522708384286,-0.184437288294411,-0.281275535919978,-0.320562852119389,-0.286817954848971,-0.26970360817865,-0.346526917883814,-0.328426767621718,-0.358043383547219,-0.350262479999396,-0.289355990226856,0.111647466369491,0.0938863062202267,0.109098052275009,0.104802483648012,0.0812883360509409,-0.283121210422581,-0.311246354624672,-0.344858464112731,-0.359253059897505,-0.35565540563997,-0.272812500171569,-0.32636532162116,-0.358093525647426,-0.345167339851197,-0.301721898531125,-0.294766968095043,-0.255595499789311,-0.379054500972801,-0.364042838634173,-0.324139456058625
"k__Bacteria|p__Firmicutes|c__Bacilli|o__Bacillales|f__Staphylococcaceae|g__Staphylococcus|s__unclassified",-0.285744080140259,-0.10774856334859,-0.121274313989084,-0.203903120798367,-0.194579530508348,-0.0576016125975511,-0.349561937619713,-0.252420980884662,-0.242228228177559,-0.35681970895717,-0.207920389029987,-0.248799393361553,-0.293027115046056,-0.31309398541761,-0.302879743407117,1.27121725386504,-0.134676554638422,-0.161004239308761,-0.337589162757449,-0.258893857381592,-0.108563608945456,0.0207678000157712,0.0648586347181009,-0.0170552775826289,0.0499633265428233,0.162238635597869,0.0708905959499986,0.105727105896222,0.0966411082800984,0.0142260934849207,-0.351006089616699,-0.307717923227852,-0.26893306842755,-0.464497219650762,-0.336664023155161,-0.25396472129649,-0.24742093953478,-0.274325879456856,-0.256920670595739,-0.347654613553053,-0.0413935636008557,0.0217689936759132,0.033389959310306,0.0063797613188133,0.0412166959591048,0.114105134522079,-0.0164165245049486,-0.345945670954519,-0.0610506736942138,-0.146350670293417,-0.0794583035968519,-0.270653983755333,-0.296478146646779,-0.281102103587133,-0.34418642014992,-0.207264440243436,-0.303273697567602,-0.323574196425112,-0.344454254857012,-0.360138099443255,-0.0823211033585866,-0.208264674997899,-0.357514561160159,-0.209432824245507,-0.3537939302713,-0.0389759673215851,0.0341470974539644,0.0184725622063174,0.0241133587711434,0.0388746702682812,0.00439213607240987,-0.12260419122971,-0.195338817066369,-0.153985209278424,-0.22880118359676,-0.0359751538615298,-0.107841065810793,-0.120406870840937,-0.104418562013501,-0.124971833643764,-0.312831437270967,-0.332637186033752,-0.351889968040456,-0.31919184433478,-0.312877487397809,0.118741726171553,0.0527208172443146,0.0717533417078306,0.06351043516332,0.00261700495041297,-0.278612786354913,-0.0181400492811693,0.0138761497981493,-0.131998747906343,0.0104212593255444,-0.306568295580426,-0.161360816074309,-0.191630354983933,-0.188215037012557,-0.255321494915139,-0.27306528226547,-0.249076239651381,-0.262727427367722,-0.246635911517132,-0.34624660933449,-0.263810231442435,-0.355561600062418,-0.272820366119937,-0.357686648808836,-0.333809439737009,-0.20748453670045,-0.304250588444459,-0.357786678446751,-0.338488975620949,-0.343939903385952,-0.184437288294411,-0.147387557594167,-0.168755870178455,-0.171894142932615,-0.254415311234036,0.820277322673758,-0.287332089130736,-0.297650415327924,-0.350262479999396,-0.330615746064728,0.00153497416186436,0.0821273807132501,0.131768569420649,0.0901354295812993,0.138061652191172,-0.200093606223634,-0.311958026336162,-0.32561502927921,-0.359253059897505,-0.35565540563997,-0.272812500171569,-0.241753754587784,-0.264334194186378,-0.285173179055224,-0.34261822228422,0.0214581893229419,-0.255595499789311,-0.195014325094847,-0.235959079983592,-0.313632195599705
"k__Bacteria|p__Firmicutes|c__Bacilli|o__Lactobacillales|f__Lactobacillaceae|g__unclassified|s__unclassified",-0.285744080140259,-0.0377742806087919,-0.0509696620402862,-0.0855270940613597,-0.0969594119118613,-0.202163026604644,-0.349561937619713,-0.27436388179794,-0.295506078274126,-0.35681970895717,-0.190692682912333,-0.220008186650011,-0.282580911197593,-0.296266342854245,-0.288959233293469,-0.307804154711102,-0.171225063878217,-0.20050388363817,-0.337589162757449,-0.248124262676121,0.0520611042075146,0.0728282170330051,0.0648340188386671,0.0704174543476164,0.0627680272970866,0.0392920279050637,0.0496307328681663,0.05038774230399,0.0331939919475135,-0.00281978234105441,-0.218300069436173,-0.307717923227852,-0.26893306842755,-0.337647635589489,-0.336664023155161,-0.25396472129649,-0.295289572289791,-0.331459281169799,-0.378180007388932,-0.352907657802116,0.0694294680061906,0.0566438480822717,0.054436613874224,0.0701981228322072,0.0564554228583715,-0.0975788127683729,-0.0872555385006334,0.856324696835601,-0.144101016394092,-0.124877668019837,-0.242116669840479,-0.270653983755333,-0.311031405888365,-0.356322024958318,-0.34418642014992,-0.185445101352698,-0.246295313106862,-0.273778426731079,-0.344454254857012,-0.278573077894741,-0.158464111023908,-0.200624933027116,-0.357514561160159,-0.242382429127048,-0.3537939302713,0.0459286568544486,0.066975626444662,0.0744252935363399,0.0635853642093751,0.0541563954170191,-0.171874304402947,-0.223163359912167,-0.246726778414493,-0.253979918817234,-0.237661124702727,-0.0688384623168536,-0.0966621307011649,-0.0796127836520786,-0.0952525071916507,-0.0986726122560613,-0.312831437270967,-0.332637186033752,-0.351889968040456,-0.213450726241504,-0.198076374253184,-0.0179837207311397,0.00996524841998045,0.00583199711589792,-0.0111368973295247,-0.019039080410781,0.0928268294346539,0.061012252960425,0.0696839572877411,0.104683083277311,0.0873632400370749,-0.306568295580426,-0.206486375206156,-0.228102588318372,-0.254619193284064,-0.240685171327569,-0.27306528226547,-0.291116355243978,-0.333341909051769,-0.388968430807963,-0.34624660933449,-0.263810231442435,0.507618630035394,-0.241597252183154,-0.357686648808836,-0.254834078260226,-0.191962040623245,-0.241599858806142,-0.357786678446751,-0.314881872169174,-0.294245664060713,-0.184437288294411,-0.200751101332351,-0.213779473706247,-0.261893911249428,-0.249025048565359,-0.346526917883814,-0.294844935568243,-0.319622084041435,-0.350262479999396,-0.325498547464368,0.0217069080900784,0.0478933602361431,0.0758598345805109,0.0638876796477079,0.0680499284244211,-0.232086146494952,-0.26745431125257,-0.301084776737136,-0.359253059897505,-0.35565540563997,-0.272812500171569,-0.217246696068917,-0.235882304994738,-0.305186720520924,-0.272633459782216,-0.165649865258866,-0.255595499789311,-0.23349439792285,-0.296362031874988,-0.302360703312193
"k__Bacteria|p__Firmicutes|c__Bacilli|o__Lactobacillales|f__unclassified|g__unclassified|s__unclassified",-0.285744080140259,-0.144554852486959,-0.179705556696209,-0.19694526761955,-0.158292830437968,-0.239775666684657,-0.349561937619713,-0.310094500219037,-0.291393430836412,-0.35681970895717,-0.26284340436993,-0.302998721213002,-0.325318167155188,-0.316594071037029,-0.268042097656216,-0.307804154711102,-0.276349983901496,-0.313455305481793,-0.337589162757449,-0.27651775559256,0.0355375381055634,0.0676935890521055,0.0630767595300545,0.0626576082969985,0.0593484080368359,0.0355046769738839,0.00490085757357331,-0.000702005086235077,-0.000151154966086252,-0.0105732373022289,-0.337548584443245,-0.307717923227852,-0.26893306842755,-0.394097694545507,-0.336664023155161,-0.25396472129649,-0.359933118582876,-0.386727379634736,-0.367853103686965,-0.347089728021692,0.0597338982992113,0.0613170804099417,0.0312063495408338,0.0637067601850508,0.0474549353077064,-0.174680553016104,-0.183245884674107,-0.345945670954519,-0.207389004847493,-0.182805571453791,-0.306387761468281,-0.270653983755333,-0.385678015270803,-0.379747989865357,-0.34418642014992,-0.283207033828695,-0.326380440679575,-0.35079647094993,-0.344454254857012,-0.298941328388577,-0.218643964920373,-0.267866742759644,-0.357514561160159,-0.249122312474134,-0.3537939302713,0.0629725400576983,0.0727976749057745,0.0567943468367174,0.0543274221026034,0.0492813285657691,-0.197702659551591,-0.22064094149854,-0.256297914391103,-0.261464101990681,-0.250097397071539,-0.0743775393840889,-0.101367540233244,-0.106464175245565,-0.100517288184355,-0.0852661455368509,-0.312831437270967,-0.332637186033752,-0.351889968040456,-0.295106397352193,-0.25028098285272,-0.026708231204442,-0.0283095636948363,-0.00661319862385021,-0.0172093583564187,-0.0245482932160634,0.0555028510571451,0.110346955004814,0.0759886932800896,0.0826550014022569,0.0533367744539833,-0.306568295580426,-0.290360453272965,-0.312646306114688,-0.305070458002314,-0.258919702456063,-0.27306528226547,-0.358113959076828,-0.38217762296169,-0.356071479340383,-0.34624660933449,-0.263810231442435,-0.355561600062418,-0.354173366556004,-0.357686648808836,-0.299126267904576,-0.26743136654542,-0.312283576983255,-0.357786678446751,-0.315102106473967,-0.269552809559023,-0.184437288294411,-0.283370814579599,-0.295790682030918,-0.291944159492406,-0.285835228148101,-0.346526917883814,-0.33098136807829,-0.36435762905751,-0.350262479999396,-0.294007501442539,0.0401856287772268,0.102490796705419,0.106186791392443,0.11604557986313,0.0970160502410115,-0.263981008682746,-0.300116196746746,-0.332821633409836,-0.359253059897505,-0.35565540563997,-0.272812500171569,-0.313724416660179,-0.33557046166203,-0.333174355269633,-0.293751530861375,-0.283552384456297,-0.255595499789311,-0.356775379632721,-0.375739775681945,-0.317973263058364
"k__Bacteria|p__Firmicutes|c__Clostridia|o__Clostridiales|f__Veillonellaceae|g__Megasphaera|s__micronuciformis",-0.285744080140259,-0.161189877487516,-0.188347401127061,-0.194441882681213,-0.177124965741077,-0.253311481899824,-0.349561937619713,-0.313344209694574,-0.295033899390264,-0.35681970895717,-0.272244035510746,-0.289220730480272,-0.309687939592259,-0.302792553783776,-0.234830052331427,-0.307804154711102,-0.26734811963355,-0.314416567333085,-0.337589162757449,-0.28492802060893,0.0450912950025417,0.08908222149937,0.0821632630389461,0.0660883595615883,0.063735021450154,-0.000787365644915638,-0.0220318001545978,-0.0154624735958104,-0.0242584054465415,-0.0538207708386926,-0.356463408621661,-0.307717923227852,-0.26893306842755,-0.401313517633928,-0.336664023155161,-0.25396472129649,-0.371838984894108,-0.373479883138483,-0.371042772846236,-0.331286155362964,0.0321855624372507,0.043542777561414,0.053776020516096,0.0474567559676125,0.0394715538082357,-0.151646741632525,-0.167645892831177,-0.345945670954519,-0.194297936347557,-0.179065212600607,-0.316685397674505,-0.270653983755333,-0.370869934211161,-0.355892110264559,-0.34418642014992,-0.289185967329501,-0.331002274575614,-0.353265954678613,-0.344454254857012,-0.302022250836668,-0.222129030298348,-0.260304178956203,-0.357514561160159,-0.246691483806979,-0.3537939302713,0.0479228694337126,0.0527880774432041,0.0417094778596932,0.0408615635283465,0.0462914963387806,-0.18740597618287,-0.230347219714276,-0.268678517750028,-0.240126065506687,-0.204120782443472,-0.0685594196287793,-0.104511913919732,-0.10877814756227,-0.111559503942531,-0.10613473600864,-0.312831437270967,-0.332637186033752,-0.351889968040456,-0.297189547509112,-0.251550593041654,0.0167562193551316,0.00178650033051107,0.00551038980407883,-0.00949814930076201,-0.0221317239941508,0.0595450833046226,0.0910049245127136,0.0817284401381024,0.0732465953893286,0.0718305673169085,-0.306568295580426,-0.272061444016464,-0.282349864348736,-0.289248456680304,-0.261890291515504,-0.27306528226547,-0.343931956365437,-0.370791215213554,-0.353366209253653,-0.34624660933449,-0.263810231442435,-0.355561600062418,-0.343999194897393,-0.357686648808836,-0.288873955944327,-0.283148051471791,-0.311652700552248,-0.357786678446751,-0.320179513570887,-0.272525242549615,-0.184437288294411,-0.264500956570401,-0.29097815488399,-0.300028113603319,-0.260946072778162,-0.346526917883814,-0.318948356070982,-0.348585781337692,-0.350262479999396,-0.289285879168485,0.0544355416625229,0.0918017399507124,0.132788404880141,0.107105212953566,0.0993831929176626,-0.283595971965762,-0.308035527756883,-0.33505274491101,-0.359253059897505,-0.35565540563997,-0.272812500171569,-0.311422679213008,-0.346003164080249,-0.343175186075825,-0.289502943120248,-0.296746653856558,-0.255595499789311,-0.374483179416544,-0.376391579183111,-0.340121588670225
"k__Bacteria|p__Firmicutes|c__Bacilli|o__Lactobacillales|f__Lactobacillaceae|g__Lactobacillus|s__unclassified",-0.285744080140259,0.0756414350232588,0.0588135817163175,-0.0587003226623436,-0.122747955798893,-0.00235893925299806,-0.349561937619713,-0.229121945218119,-0.28056188713875,-0.35681970895717,-0.115034241527207,-0.201151956157539,-0.2447196018886,-0.32998112116949,-0.362934689983889,1.28345138465047,0.0523167775226541,0.0529767759028315,-0.337589162757449,-0.253865132949895,-0.108216613253483,0.0563883218413831,0.104206571345895,0.0203244007090555,0.109735887551335,0.300668467208397,0.17630993093731,0.224456016997385,0.189219211975595,0.0893669514663343,-0.225437871331069,-0.307717923227852,-0.26893306842755,-0.481131770356367,-0.336664023155161,-0.25396472129649,-0.185766274114128,-0.210453489287401,-0.313085251510825,-0.440242638340671,-0.0843705276042987,0.00371879922285555,-0.00220651715382966,0.0143774600116193,0.0426903969611603,0.302160828842516,0.135156578495445,0.910964910938142,0.0393600909532857,-0.10729640099192,0.041286275088337,-0.270653983755333,-0.221903059818823,-0.308819955425557,-0.34418642014992,-0.0951748561453512,-0.217618496236826,-0.248724191912981,-0.344454254857012,-0.422911620752468,-0.0250574635798701,-0.158370709437239,-0.357514561160159,-0.24168649593523,-0.3537939302713,0.013104256969318,0.0626242248930061,0.0760162590268377,0.0590487111352647,0.0712292566878393,0.109450961738322,-0.0836560328438911,-0.129055336502501,-0.161640391077718,-0.297261305489581,-0.0413537817046158,-0.104832546541496,-0.114544997927769,-0.131000322475356,-0.147322374757646,-0.312831437270967,-0.332637186033752,-0.351889968040456,-0.288569159425464,-0.320101232714094,0.138390959427187,0.0564547852062676,0.082601206209048,0.0550919107521948,-0.0118569460945372,-0.25866939822045,0.00706767958269952,0.0292823650004773,-0.0662308846739116,0.059458056616508,1.22448239203545,-0.0214853425999763,-0.0418479061444,-0.153123139079822,-0.287427031097386,-0.27306528226547,-0.16479815728754,-0.199777742888808,-0.278306779407899,-0.34624660933449,-0.263810231442435,0.598315747500595,-0.128687350601962,-0.357686648808836,-0.357429514120911,-0.151005220197859,-0.307638615032401,-0.357786678446751,-0.393848183690128,-0.436443520548471,-0.184437288294411,-0.019793884251215,-0.0226269567928349,-0.123621034966835,-0.279054408236656,-0.346526917883814,-0.257947850525826,-0.296043640010787,-0.350262479999396,-0.451491632224269,-0.0421498262533893,0.0776801333337123,0.119929075915373,0.117148993686285,0.180794353870046,-0.153647023982571,-0.305917238592884,-0.330060483529199,-0.359253059897505,-0.35565540563997,-0.272812500171569,-0.0981333332209181,-0.119145405671489,-0.241303945273781,-0.367548756642911,0.283008077656418,-0.255595499789311,0.0177206510176365,-0.123721330519741,-0.319110580030451
"k__Bacteria|p__Firmicutes|c__Clostridia|o__Clostridiales|f__Clostridiaceae|g__Clostridium|s__perfringens",1.7364974467997,0.396919799240323,0.406338691173455,0.296925594727969,0.147130790070078,-0.175493678311988,-0.349561937619713,-0.210148792878392,-0.387188574321452,-0.35681970895717,0.0726889341951211,-0.0584965008167274,-0.124030957501576,-0.266645254900962,-0.353217062976163,-0.307804154711102,0.141132876761928,0.101245775335115,-0.337589162757449,-0.149231533928976,0.326681158384907,0.267626329269613,0.240529591377411,0.295770486790159,0.2085470732249,0.181113170080034,0.254254154668397,0.252403721262928,0.184360737406365,0.173824696498259,0.240374599249618,-0.307717923227852,-0.26893306842755,-0.144703166874196,-0.336664023155161,-0.25396472129649,-0.242828662110175,-0.313590233279718,-0.529447791579312,-0.495582433229265,0.204948150740277,0.12589812586912,0.129715552104262,0.177925435542326,0.106537187357204,0.0596627863639346,0.1512042168327,-0.345945670954519,-0.00241051577222328,0.00313607866073616,-0.0885060996055068,-0.270653983755333,-0.171485211178008,-0.391209057176275,-0.34418642014992,0.110382581521277,0.0442372741293568,-0.0100644753897323,-0.344454254857012,-0.252639358629909,-0.112787341578329,-0.113695034240096,-0.357514561160159,-0.287345562817876,-0.3537939302713,0.381729174245174,0.342219305576511,0.382799782942377,0.377391445527237,0.292122600804323,-0.158903626554316,-0.171598839285909,-0.136606024164678,-0.352486868554351,-0.299064125341786,0.0921953487233349,0.0606468627050206,0.071433866134399,-0.023659987720683,-0.0545454974419819,-0.312831437270967,1.00497281310226,0.798038452302742,0.0357073668528145,-0.0799999352724517,-0.14583429746317,-0.0807422061488739,-0.0560919510346106,-0.111329717609834,-0.028359643525272,0.391749273824952,0.199705890699504,0.0753437031183201,0.347547732268095,0.19097857100063,-0.306568295580426,-0.0363673774958604,-0.0662670035611091,-0.279701430808183,-0.265534049742091,-0.27306528226547,-0.294453738998397,-0.366319451909994,-0.581835627810064,-0.34624660933449,-0.263810231442435,0.499166583036743,0.0629471757782637,-0.357686648808836,-0.19486840160127,-0.0621908966216994,-0.136849687312773,-0.357786678446751,-0.341346256168737,-0.376842123994323,-0.184437288294411,-0.0487869969657697,-0.0836543427100794,-0.274231974344546,-0.262717966360505,-0.346526917883814,-0.222936009197593,-0.312109244855211,-0.350262479999396,-0.458000411160727,0.0396127468936186,0.0589448482302187,0.0306249409561073,0.0859491943797835,0.0527356809220303,-0.107164596071243,-0.151130976923828,-0.224431097384426,-0.359253059897505,-0.35565540563997,1.64498099859099,0.078721383878812,0.0109110230613271,-0.160330282450996,-0.219692899593716,0.16726629408952,-0.255595499789311,0.149885589645352,-0.105434553370576,-0.157776883864077
"k__Bacteria|p__Firmicutes|c__Clostridia|o__Clostridiales|f__Lachnospiraceae|g__Blautia|s__obeum",-0.285744080140259,-0.181654148976355,-0.211173117756816,-0.199669163572075,-0.164450770071664,-0.264304410906202,-0.349561937619713,-0.292485386517474,-0.288234482531147,-0.35681970895717,-0.292091642304025,-0.30216501220323,-0.349472988970171,-0.327930993783581,-0.275398520810968,-0.307804154711102,-0.307201197469681,-0.334254804936457,-0.337589162757449,-0.285594840628148,-0.017061585827937,0.0184890168178437,0.0452695921780356,0.00389292820672008,0.0240587705781964,0.0155210898310547,-0.0212268342546277,-0.0167109347424122,-0.0038543774073067,-0.025615174147968,-0.364771012019547,-0.307717923227852,-0.26893306842755,-0.388633411054904,-0.336664023155161,-0.25396472129649,-0.356910347450683,-0.379588575772375,-0.35879285736197,-0.305275302418517,0.0472162302824351,0.0375413514273045,0.0585132094971168,0.0489521164657722,0.0573383208014187,-0.161163026310872,-0.161155640432736,-0.345945670954519,-0.172703342671554,-0.17713211830686,-0.319483717927088,-0.270653983755333,-0.396886083385624,-0.336173986530715,-0.34418642014992,-0.309129322413822,-0.318752412342983,-0.363902523517072,-0.344454254857012,-0.293463249031236,-0.222672742029808,-0.251296052730968,-0.357514561160159,-0.222202833354884,-0.3537939302713,0.0281623953456173,0.0338547057840804,0.0451460459561732,0.0411020421615587,0.0237649173300712,-0.176377960612466,-0.241183895909345,-0.290195443997341,-0.224761629524167,-0.218109020843256,-0.0651979794906336,-0.10485034700611,-0.0849366176999966,-0.0699366551622298,-0.0633785214414895,-0.312831437270967,-0.332637186033752,-0.351889968040456,-0.304895071827436,-0.238543641156381,0.0250575928506832,0.0248774268561152,0.0330262168676205,0.0196245553159003,0.0039069055954697,0.0196164412043007,0.0511856052682541,0.0539197933403985,0.0133591214721905,0.0461961167292292,-0.306568295580426,-0.278906159182346,-0.316584864692704,-0.291607369058263,-0.24652722373798,-0.27306528226547,-0.330643893374808,-0.37757521969493,-0.347040103355556,-0.34624660933449,-0.263810231442435,-0.355561600062418,-0.361423232124053,-0.357686648808836,-0.298645511707263,-0.280205602454812,-0.297862825939466,-0.357786678446751,-0.301295952076088,-0.251537558200236,-0.184437288294411,-0.292578671598895,-0.309969580843319,-0.286614572814686,-0.257266474259299,-0.346526917883814,-0.311428400759401,-0.346296461349426,-0.350262479999396,-0.288618813812007,0.0633446043922143,0.0749123329250122,0.0787718150082415,0.0699243568796594,0.0800492881741455,-0.282087619565012,-0.306228037927322,-0.337588174639118,-0.359253059897505,-0.35565540563997,-0.272812500171569,-0.308719053388537,-0.360461410589851,-0.337787587920699,-0.277441399169107,-0.322654173103195,-0.255595499789311,-0.394311241269221,-0.373893336935377,-0.331975298319516
"k__Bacteria|p__Firmicutes|c__Bacilli|o__Lactobacillales|f__Lactobacillaceae|g__Lactobacillus|s__zeae",-0.285744080140259,-0.15747949034245,-0.178381858272265,-0.221832648871816,-0.207474160201485,-0.132405910839607,-0.349561937619713,-0.283664556415042,-0.241603794238581,-0.35681970895717,-0.25619381992286,-0.293605025062998,-0.328049494554356,-0.326938065228237,-0.275488776714799,-0.307804154711102,-0.197138573852692,-0.219374138049281,-0.337589162757449,-0.289629045358734,-0.0973748658153449,0.0061009288575019,0.0529403821352805,-0.0285416788201287,0.0467034283315924,0.113907937190943,0.0356519062988478,0.0375634826891749,0.0456089407408936,-0.00752391533265868,-0.397940009468677,-0.307717923227852,-0.26893306842755,-0.464928860696173,-0.336664023155161,-0.25396472129649,-0.2765618208612,-0.310234071487201,-0.290333887534656,-0.329425455822397,-0.0405430751576038,0.019218546032719,0.0214510839743515,0.0222595330330495,0.0452481764203556,0.0152755316915686,-0.0823683589066177,-0.345945670954519,-0.120537669224342,-0.166954825721198,-0.198536334893872,-0.270653983755333,-0.335675749419774,-0.308639603222816,-0.34418642014992,-0.263744850970546,-0.331369894288793,-0.360772367705873,-0.344454254857012,-0.336956269478155,-0.143599654181492,-0.208427567174251,-0.357514561160159,-0.227594054866866,-0.3537939302713,-0.0471462857352099,-0.0187805290681457,-0.00803006108388302,-0.0274203885382093,0.000932082016596353,-0.0369137672599722,-0.181737465963373,-0.22246916126947,-0.176346096322472,-0.244405827365742,-0.0835046567195247,-0.138132888389796,-0.14259439736861,-0.136719158585949,-0.121913834417602,-0.312831437270967,-0.332637186033752,-0.351889968040456,-0.332171614621264,-0.304970265213135,0.114985238805179,0.0550156350796448,0.0588389860281463,0.0496765841386653,-0.00229462694633642,-0.182927779795555,0.0140426980167134,0.0418979389905765,-0.0742903321676253,0.025780342984865,1.22959728505754,-0.177252110360979,-0.216398732591873,-0.227117673493116,-0.252704841939577,-0.27306528226547,-0.262369349986607,-0.28730090930906,-0.273672581462065,-0.34624660933449,-0.263810231442435,-0.355561600062418,-0.312645907036987,-0.357686648808836,-0.345705866516087,-0.241870971442024,-0.321371199418834,-0.357786678446751,-0.332401398380292,-0.316713800356751,-0.184437288294411,-0.195366398396574,-0.218849014171618,-0.203015816141807,-0.261081818165323,-0.346526917883814,-0.301254034951506,-0.309526528745357,-0.350262479999396,-0.31538090342771,-0.0250514250101463,0.0494661710447397,0.123365566672372,0.0723080719539071,0.106289798536278,-0.243029897631165,-0.337371555562567,-0.349437698175964,-0.359253059897505,-0.35565540563997,-0.272812500171569,-0.270784553520705,-0.293519156191649,-0.315345698459389,-0.319043516859302,-0.106313940560746,-0.255595499789311,-0.265939853355678,-0.305502683814184,-0.341555846787072
"k__Bacteria|p__Firmicutes|c__Bacilli|o__Lactobacillales|f__Leuconostocaceae|g__Leuconostoc|s__unclassified",-0.285744080140259,-0.0819027031349656,-0.099626045835945,-0.130318997334476,-0.155585372504526,-0.207619272958636,-0.349561937619713,-0.289257777804316,-0.290923841790936,-0.35681970895717,-0.221457521683058,-0.259935099782092,-0.301521080040131,-0.304042751095157,-0.283977426718217,-0.307804154711102,-0.202633073375201,-0.23131290420562,-0.337589162757449,-0.279223979750336,0.0376912844087502,0.0607002994056505,0.0948426062599536,0.0661304767169162,0.0574394780588266,0.0406703770327319,0.0115215034529802,0.0140672228567472,-0.000469375928740173,-0.0283482133005732,-0.291371846775845,-0.307717923227852,-0.26893306842755,-0.402530047015185,-0.336664023155161,-0.25396472129649,-0.315222154784809,-0.35263227026411,-0.381471540945107,-0.344384484222363,0.0189735297408099,0.0421781350038502,0.0342474097078357,0.0457599129041642,0.0281467147152526,-0.0553833508926212,-0.0976065039538877,0.87569523626613,-0.1386489425663,-0.14904772844871,-0.246152155724596,-0.270653983755333,-0.358544507936933,-0.37084076904144,-0.34418642014992,-0.241208435330277,-0.281222321769918,-0.3174031753599,-0.344454254857012,-0.322743199876482,-0.191249750307308,-0.22978306938704,-0.357514561160159,-0.253419827940108,-0.3537939302713,0.0518536949397285,0.0602373928868975,0.0675001330409548,0.0801773449212926,0.0624606989645873,-0.173413300691587,-0.227117402278186,-0.243624871282041,-0.26986905109173,-0.255983229813169,-0.0641495794148109,-0.108537274812665,-0.10218859983034,-0.121632583554775,-0.107036910300695,-0.312831437270967,-0.332637186033752,-0.351889968040456,-0.263491520688779,-0.24821294691939,0.0196087178016046,0.0264585022120527,0.0221081894792938,0.00638099616010179,0.00124700325209141,0.0315870555273986,0.088773708908341,0.0856769835503656,0.0629468688379788,0.0745416875346724,-0.306568295580426,-0.21491162332491,-0.251837858939862,-0.272922200018409,-0.267798633396455,-0.27306528226547,-0.309917767152696,-0.338939751946805,-0.368089623652016,-0.34624660933449,-0.263810231442435,-0.355561600062418,-0.280624075544119,-0.357686648808836,-0.296294039987054,-0.246688288526976,-0.292724795401801,-0.357786678446751,-0.340501299097218,-0.305663992139168,-0.184437288294411,-0.219598627548437,-0.256618692392749,-0.289391731041666,-0.270671746106111,-0.346526917883814,-0.308540870198456,-0.339289715307672,-0.350262479999396,-0.329208129961876,0.0175786096652262,0.0724969984855874,0.0847690215888817,0.0742846788254666,0.0863364692582768,-0.258154527968846,-0.295650257861772,-0.337822544991174,-0.359253059897505,-0.35565540563997,-0.272812500171569,-0.241014754453711,-0.28816692649708,-0.328264472852901,-0.312048076951649,-0.196401195471344,-0.255595499789311,-0.294675359350893,-0.319001991202305,-0.325895200770586
"k__Bacteria|p__Firmicutes|c__Clostridia|o__Clostridiales|f__Veillonellaceae|g__Selenomonas|s__unclassified",-0.285744080140259,-0.222125408937175,-0.2678046142152,-0.217705384550927,-0.158048567758546,-0.206084259600793,-0.349561937619713,-0.212180322460351,-0.158871755116688,-0.35681970895717,-0.231456262791309,-0.227681892649211,-0.235595218751003,-0.181600700235,-0.114955072545619,-0.307804154711102,-0.305781527513297,-0.303153972924735,-0.337589162757449,-0.205203133403022,0.000681234946333091,0.0209326592176957,0.0236763428477403,0.00321990411042669,0.00159734124979228,-0.0577844398913736,-0.0937059876725491,-0.100691130819114,-0.0713958923491817,-0.0656117716197255,-0.332555334515167,-0.307717923227852,-0.26893306842755,-0.273759178402646,-0.336664023155161,-0.25396472129649,-0.253040101763007,-0.278104773461424,-0.196647656351473,-0.141913607812441,0.00813834794683176,0.017758348428361,0.0210243921061155,0.00489130423835918,0.00377095971609767,-0.204226174087975,-0.20781158206927,-0.345945670954519,-0.191940694586888,-0.137620537701467,-0.271071041880458,-0.270653983755333,-0.298115659446827,-0.234144462487385,-0.34418642014992,-0.286436585209779,-0.291681686084707,-0.284020802255978,-0.344454254857012,-0.15735666435489,-0.172437189628255,-0.180341876854648,0.455459672348272,-0.143068532264538,-0.3537939302713,-0.0486261422179745,-0.0576455966716437,-0.048845430304448,-0.0565785320663773,-0.0364675543735782,-0.135424109847983,-0.178926995727966,-0.198860014565711,-0.131308101967748,-0.100765771056008,-0.0741449690162343,-0.0874872564799765,-0.102695215965184,-0.0865081117178117,-0.0702416494725207,-0.312831437270967,-0.332637186033752,-0.351889968040456,-0.227346948517631,-0.168555776497749,0.00452174232091808,-0.00104236652505218,0.004214539708708,0.000535121918332962,-0.00588145726228669,-0.00336830288960287,0.0276465948841305,0.0639641693410251,0.00763906743344256,0.0214690108887679,-0.306568295580426,-0.232476180216238,-0.254982819529064,-0.211131303558708,-0.146403594367223,-0.27306528226547,-0.25214216435264,-0.258098218388959,-0.183170529165675,0.848990217017121,-0.263810231442435,-0.355561600062418,-0.311286632324113,-0.357686648808836,-0.189855558853421,-0.226323496536936,-0.221304219422445,-0.357786678446751,-0.195423845885269,-0.138008043302676,-0.184437288294411,-0.241690039506003,-0.264060878517221,-0.203111000825549,-0.157032213440329,-0.346526917883814,-0.233753042988979,-0.233776660300946,-0.350262479999396,-0.118037160739088,0.0732965236523716,0.0753419621727861,0.104082827373557,0.0740040779018637,0.0712757783975776,-0.217618394022401,-0.212609442214528,-0.23522219514226,-0.359253059897505,-0.35565540563997,-0.272812500171569,-0.294134126637034,-0.31007701931836,-0.242939230456229,-0.174804335771596,-0.353481659358112,-0.255595499789311,-0.364027154444941,-0.305262958105294,-0.23298288161342
"k__Bacteria|p__Firmicutes|c__Clostridia|o__Clostridiales|f__Veillonellaceae|g__Dialister|s__invisus",-0.285744080140259,-0.16066121723978,-0.192818826980425,-0.189456287189711,-0.167100622106919,-0.249996694838133,-0.349561937619713,-0.305340809275147,-0.285036604773364,-0.35681970895717,-0.271066930203443,-0.302293526202047,-0.345670558194059,-0.314535689365303,-0.276709720746387,-0.307804154711102,-0.289648465556123,-0.321590161937868,-0.337589162757449,-0.281691184814099,0.0733089009067001,0.0677346247540298,0.0825957770367559,0.0733612528584593,0.0667753069318488,-0.0293746860076901,-0.0359778504076236,-0.0451836684666161,-0.0464548032829451,-0.0420242027820654,-0.355184484069209,-0.307717923227852,-0.26893306842755,-0.375516759203566,-0.336664023155161,-0.25396472129649,-0.359719176675025,-0.381820885183679,-0.385349513778905,-0.326207786011004,0.0212456651215934,0.045624573440664,0.0618436858665469,0.067687754096397,0.0442178286659164,-0.162934576736421,-0.175692228554345,-0.345945670954519,-0.199298210672536,-0.173402155515051,-0.32672181050309,-0.270653983755333,-0.381380485916717,-0.359893761100861,-0.34418642014992,-0.293646481536006,-0.326402750585094,-0.36428664624795,-0.344454254857012,-0.287120317770177,-0.223481344045738,-0.241699038115455,-0.357514561160159,-0.262746397327325,-0.3537939302713,0.0321129815965712,0.0474145034360923,0.0324089750988292,0.0426587446020621,0.0242431878202508,-0.195418023234378,-0.242004336119391,-0.245420465835397,-0.241337361869243,-0.222444064125354,-0.0863754972960034,-0.116142420621237,-0.11472635915422,-0.119734422256853,-0.0948111067322706,-0.312831437270967,-0.332637186033752,-0.351889968040456,-0.273876759861481,-0.243869741052943,0.00578163700462645,-0.00357817298909331,0.0237458886486403,-0.00379545527820709,-0.00774296693349421,0.0801937243202144,0.102076266346344,0.0752573747145511,0.0979043009664884,0.0923746708126808,-0.306568295580426,-0.271765602389255,-0.308218596077245,-0.297487528452975,-0.25658726337715,-0.27306528226547,-0.345809139347454,-0.379943971481797,-0.341689108967048,-0.34624660933449,-0.263810231442435,-0.355561600062418,-0.361263653872426,-0.357686648808836,-0.280211309043498,-0.284844441967461,-0.304939193635509,-0.357786678446751,-0.318468609686355,-0.271247738041742,-0.184437288294411,-0.28542319084625,-0.302257983148701,-0.301057385470254,-0.26212423569684,-0.346526917883814,-0.326023819267935,-0.34548199435056,-0.350262479999396,-0.286849559861087,0.0875082332661282,0.104284895117064,0.0953430294671929,0.124541067907657,0.113640238358164,-0.285675472518353,-0.311820822928586,-0.34193356524746,-0.359253059897505,-0.35565540563997,-0.272812500171569,-0.313985916273354,-0.361948193441719,-0.331835952691198,-0.297005678275535,-0.322852973268087,-0.255595499789311,-0.393995091471963,-0.388200996620262,-0.315016071414875
"k__Bacteria|p__Firmicutes|c__Clostridia|o__Clostridiales|f__Ruminococcaceae|g__Ruminococcus|s__bromii",-0.285744080140259,-0.158014996879582,-0.180290177609449,-0.189542102011905,-0.154825830290422,-0.232531810561487,-0.349561937619713,-0.299871148384334,-0.285224953502492,-0.35681970895717,-0.243783947905034,-0.271272932396057,-0.30401798401185,-0.299295196254756,-0.244826291849306,-0.307804154711102,-0.276783905280843,-0.307748069281787,-0.337589162757449,-0.267718671550317,0.0175952670346381,0.0551762854950585,0.0712980309202623,0.0483558189074206,0.0614726971140726,-1.654980577611e-05,-0.00603365963530848,0.0113278777387631,-0.0132901277435372,-0.00330790195313461,-0.327299924992308,-0.307717923227852,-0.26893306842755,-0.387733522155048,-0.336664023155161,-0.25396472129649,-0.346040113403627,-0.380771148134096,-0.362767422924317,-0.322512595600665,0.0315393365736137,0.0482999075113374,0.031090121208663,0.0513720507436792,0.0390838157856931,-0.139598940687764,-0.162168823163968,-0.345945670954519,-0.188226340264964,-0.174055948339531,-0.288958656179168,-0.270653983755333,-0.37297591253975,-0.358359459688994,-0.34418642014992,-0.267101369693001,-0.31370330850189,-0.348053957768346,-0.344454254857012,-0.284267267031205,-0.195525053793264,-0.222196050012737,-0.357514561160159,-0.243250392127252,-0.3537939302713,0.0427243851196018,0.0360180030973749,0.036164281385483,0.0475820606853298,0.0478244873045405,-0.195154724980342,-0.240585513151905,-0.255034572054228,-0.253899439540952,-0.224432253613931,-0.0737978435094927,-0.0936486153252324,-0.110302949953655,-0.0932791595668464,-0.0838520189835174,-0.312831437270967,-0.332637186033752,-0.351889968040456,-0.28549742482396,-0.247275636066322,0.0213198968062451,0.0125889135396073,0.0168351639428505,0.0233939383730179,8.03959113174538e-05,0.0269555366155864,0.0938390877832887,0.0727348110383306,0.0520841602378218,0.0616292115417937,-0.306568295580426,-0.272703554006331,-0.280541641593157,-0.282807457485641,-0.25413230699247,-0.27306528226547,-0.344106498969199,-0.354419129498173,-0.350353732701663,-0.34624660933449,-0.263810231442435,-0.355561600062418,-0.336050872752129,-0.357686648808836,-0.282922264520331,-0.253864047084257,-0.316055119382249,-0.357786678446751,-0.306280243444645,-0.270059683766886,-0.184437288294411,-0.266999769723168,-0.29774048593774,-0.281916256257551,-0.255550646902123,-0.346526917883814,-0.32057372749265,-0.343039136084284,-0.350262479999396,-0.286487627275884,0.0486744257420644,0.0892400393488902,0.0974342591499772,0.0900271719188519,0.0978953832195598,-0.26786171817,-0.302697617321767,-0.337683090452526,-0.359253059897505,-0.35565540563997,-0.272812500171569,-0.314002083533678,-0.332136507822759,-0.325377158993188,-0.291109680994129,-0.262875947158558,-0.255595499789311,-0.359630776077445,-0.343859295253858,-0.327018776239372
"k__Bacteria|p__Firmicutes|c__Clostridia|o__Clostridiales|f__Veillonellaceae|g__Megamonas|s__unclassified",-0.285744080140259,-0.143431820852434,-0.177980226840922,-0.174710026449447,-0.162846363227239,-0.198318881069417,-0.349561937619713,-0.260758814730452,-0.247535976310668,-0.35681970895717,-0.21143743231493,-0.247958795995121,-0.279793182169979,-0.246958609442074,-0.216934201037912,-0.307804154711102,-0.224161121351326,-0.242868584639145,1.12126267382991,-0.250936969412115,0.0095882054781643,0.0274358798429037,0.0552849109890556,0.0269958666149598,0.0475940926318455,0.0371135504265135,-0.0094069541968256,0.00336198435853439,-0.00735099680399531,-0.0128468986163072,-0.306325455878195,-0.307717923227852,-0.26893306842755,-0.351797146742148,-0.336664023155161,-0.25396472129649,-0.29954566682768,-0.319274212229549,-0.288661629060191,-0.282107276806778,-0.0187501036437837,0.0218171514417255,0.0374953865253434,0.0188418362304458,0.0353810806198674,-0.0961661064544053,-0.130367884109783,-0.345945670954519,-0.15097538458531,-0.145995730789372,-0.235023786083202,-0.270653983755333,-0.305662760260888,-0.292363890597836,-0.34418642014992,-0.259359813021813,-0.28669376612214,-0.302970872091636,-0.344454254857012,-0.267165500504304,-0.179808318133263,-0.198581001725513,-0.357514561160159,-0.204643258091109,-0.3537939302713,-0.0304714922020366,-0.00532263488698332,-0.0130418006516057,-0.00701905946882922,-0.00279597849571078,-0.140332634202934,-0.186073472393353,-0.20584877794769,-0.195678089461922,-0.184139134613935,-0.0799516962382893,-0.105125194716169,-0.117714836348124,-0.112329517475103,-0.0818676231899391,-0.312831437270967,-0.332637186033752,-0.351889968040456,-0.268998025145341,-0.227183180861232,0.0369281821465165,0.0222872209355075,0.0301442462065256,0.0161616332386828,-0.0114061745733802,-0.00653767442526522,0.039711563873994,0.0531389647032458,0.0332508703802033,0.0367630393121375,-0.306568295580426,-0.221177779750527,-0.238134011154712,-0.247497620005434,-0.212973667552166,-0.27306528226547,-0.272623131021927,-0.275997267944479,-0.281279077904884,-0.34624660933449,-0.263810231442435,-0.355561600062418,-0.290619027729038,-0.357686648808836,-0.258602577927042,-0.222903355917573,-0.272115533165315,-0.357786678446751,-0.26677212217003,-0.246581414963488,-0.184437288294411,-0.218451572582518,-0.227094963450271,-0.208974690276211,-0.229396279623802,-0.346526917883814,-0.277964875821261,-0.292915228708251,-0.350262479999396,-0.258365725502552,0.0536177698341838,0.0671382835366312,0.104736506255299,0.0951683316791695,0.0900474980054699,-0.241465456129005,-0.263058170809283,-0.292659515162418,-0.359253059897505,-0.35565540563997,-0.272812500171569,-0.268745877514963,-0.280672658179074,-0.275848813222246,-0.266053214074754,-0.238434878037043,-0.255595499789311,-0.312225141465911,-0.294479265879009,-0.269154679306845
"k__Bacteria|p__Firmicutes|c__Clostridia|o__Clostridiales|f__Veillonellaceae|g__Megasphaera|s__geminatus",-0.285744080140259,-0.165356996187769,-0.204916750164943,-0.197895922233569,-0.164239309237334,-0.247099200180256,-0.349561937619713,-0.315512540655547,-0.284662157509033,-0.35681970895717,-0.266026833103251,-0.296379315285094,-0.344609136809994,-0.312494014394349,-0.280597458958557,-0.307804154711102,-0.28497095023568,-0.315951107754579,-0.337589162757449,-0.26818050306266,0.0697522087722096,0.0713010451265868,0.090311559195416,0.0835624507777993,0.0791188311481542,-0.0010102417133622,-0.0222248618640244,-0.015902947324945,-0.0295233548591984,-0.0426032239779587,-0.330395017548192,-0.307717923227852,-0.26893306842755,-0.385429116680874,-0.336664023155161,-0.25396472129649,-0.369721358685378,-0.399626970261106,-0.365390783672862,-0.334920209816612,0.0129315640038238,0.046617030905797,0.0482754022316659,0.0343404134442498,0.032710943543212,-0.149663604854551,-0.174100455944231,-0.345945670954519,-0.176177738232383,-0.173901319467552,-0.29826758194967,-0.270653983755333,-0.378990444376276,-0.367046852015633,-0.34418642014992,-0.295609459387093,-0.330786904850094,-0.358134558017838,-0.344454254857012,-0.315335686535609,-0.217560591346453,-0.240079170867947,-0.357514561160159,-0.250866430094577,-0.3537939302713,0.00503249965555467,0.0187228065923209,0.00982281336287008,0.0337072006193231,0.0279591060954753,-0.210077768203467,-0.255847452933226,-0.2904236966562,-0.269809038783296,-0.214718520131957,-0.0860444444716057,-0.113519203752377,-0.0971170633903075,-0.0820193968999977,-0.0787713332782471,-0.312831437270967,-0.332637186033752,-0.351889968040456,-0.292187517253051,-0.250044184585803,0.0035923396460781,-4.69931121685392e-05,0.00665393438876204,-0.00568302166137939,-0.00497118226521074,0.0298814117253305,0.0717630761312135,0.0778102201409628,0.0538947564626901,0.044029620679892,-0.306568295580426,-0.274279434139496,-0.325177758430714,-0.284754621933536,-0.267842429684403,-0.27306528226547,-0.352277604739505,-0.38119598672199,-0.359934452922096,-0.34624660933449,-0.263810231442435,-0.355561600062418,-0.352275760356531,-0.357686648808836,-0.28866104176393,-0.265864251031608,-0.314961750575337,-0.357786678446751,-0.3284644278472,-0.278899903014187,-0.184437288294411,-0.272452519484235,-0.294092546579104,-0.292562911447834,-0.253081284302274,-0.346526917883814,-0.33005804281532,-0.360964117063265,-0.350262479999396,-0.28949335512808,0.0831773943763254,0.0964175661110217,0.115644871130834,0.117141046453995,0.0995971349868869,-0.284931340175331,-0.308516341426728,-0.345766622251741,-0.359253059897505,-0.35565540563997,-0.272812500171569,-0.313517373627926,-0.340680158684978,-0.342301429853022,-0.290058250863502,-0.292338701949342,-0.255595499789311,-0.379603423794266,-0.373996227256646,-0.325188452985503
"k__Bacteria|p__Firmicutes|c__Bacilli|o__Lactobacillales|f__Carnobacteriaceae|g__Granulicatella|s__unclassified",1.43682147388894,0.232645895743316,0.215214132021154,0.119574727511656,0.0355964986322598,-0.0483898575762464,-0.349561937619713,-0.161384149518681,-0.237664629225339,-0.35681970895717,-0.00521801143987783,-0.0860684757003722,-0.130551689022262,-0.217259540229149,-0.273413688842335,-0.307804154711102,0.101740574344572,0.0860751566574044,-0.337589162757449,-0.146178777221852,-0.00198823919532328,0.10984853862286,0.113317918498294,0.0897649251059283,0.102158225322202,0.2283645509157,0.19135749025434,0.213702789231745,0.159586029287966,0.104045237746487,0.0173583292473729,-0.307717923227852,-0.26893306842755,-0.225152304617796,-0.336664023155161,-0.25396472129649,-0.154486313957827,-0.197882566373615,-0.300363634048854,-0.352004179036343,0.0384289718420358,0.0452450190915309,0.0777666200548115,0.077920371801436,0.0810225809337457,0.195916926001218,0.165537722021503,0.857872754655168,0.0408638362346855,-0.0113430567341579,-0.00386300006836953,-0.270653983755333,-0.121816316956319,-0.248660973437491,-0.34418642014992,0.0378109788363595,-0.0559183384239026,-0.083214593411635,-0.344454254857012,-0.264771316165877,-0.0165181309206761,-0.0917952023260795,-0.357514561160159,-0.197429919224724,0.34371188763213,0.152995512414128,0.192624456156058,0.203481865844055,0.183630979914634,0.149850399716216,-0.00391002258437619,-0.0719343442752288,-0.0965436850229584,-0.192245522826573,-0.221049225936139,0.0364892137561044,-0.00367262192263576,0.0175853180023428,-0.0461050815203526,-0.0759609956308717,-0.312831437270967,1.02220869276836,-0.351889968040456,-0.076273408224457,-0.138189654403111,0.000952797612979738,-0.0153698516794986,0.0215179585280516,-0.0124776147695277,0.00243690329339639,0.000152213758815244,0.0580457414805836,0.00419320729010039,0.0908914318514975,0.0800094459473519,1.22448239203545,-0.00987876060564241,-0.0320591982713211,-0.145483112161642,-0.201416592706567,-0.27306528226547,-0.148157490428917,-0.226902969087039,-0.324789339927667,-0.34624660933449,-0.263810231442435,-0.355561600062418,0.00824602782605113,0.731934991350455,-0.229132352590321,-0.024893659832877,-0.135779832505557,-0.357786678446751,-0.262290147029131,-0.308029073788984,-0.184437288294411,0.00649021507733882,-0.0312229565394781,-0.153276571732352,-0.21235602887152,0.829077269952297,-0.169453993823861,-0.215234667927869,-0.350262479999396,-0.355044674182465,-0.0547426342549213,0.0491731195601446,0.0304165180287063,0.0288092356405176,0.0639408897933625,-0.0885796321058309,-0.164103044719611,-0.201727873210893,-0.359253059897505,-0.35565540563997,-0.272812500171569,0.0141533690959803,-0.0242167790920917,-0.146490570541563,-0.218376641229094,0.237297422713909,-0.255595499789311,0.0978971140104999,-0.0426647220873807,-0.163186926678647
"k__Bacteria|p__Firmicutes|c__Clostridia|o__Clostridiales|f__Veillonellaceae|g__Veillonella|s__unclassified",1.38804783850738,0.647210323671799,0.683195141666883,0.461532398960053,0.243591571225303,0.107491799669681,-0.349561937619713,-0.0792048500841967,-0.335527922770178,-0.35681970895717,0.279691026774394,0.0912280345237367,0.00902194903837582,-0.244239646037368,-0.407928503290463,1.29229799784341,0.439374940436748,0.472077941498761,0.992313444729826,-0.0528308600509807,0.208284894788743,0.281660448392713,0.255416158047817,0.277841444336279,0.263081471234357,0.48735393826475,0.463489982931142,0.516195089321161,0.399883750451456,0.30484452702098,0.44166949001482,-0.307717923227852,-0.26893306842755,-0.12777865978373,-0.336664023155161,-0.25396472129649,-0.0953637798606613,-0.140092361278928,-0.443657615345488,-0.542440201767679,0.137194303502841,0.126245218378668,0.126915674576638,0.15440391800353,0.12881051772463,0.44865721931617,0.400923925388851,-0.345945670954519,0.207285206725301,0.0836678811129485,0.296821890542696,-0.270653983755333,0.0570242574987658,-0.260462417560603,-0.34418642014992,0.363641468212911,0.196061711264644,0.131698114347098,-0.344454254857012,-0.319844673270589,0.0733581894574832,-0.0268413242227862,-0.357514561160159,-0.258539937316717,-0.3537939302713,0.418724693354346,0.443728821610311,0.449785531295394,0.447327309875914,0.368088194187828,0.0612667820230689,-0.0415899820167195,0.00322275351365022,-0.282119938658218,-0.318134184964362,0.207064471778835,0.101274904909961,0.171109502705447,-0.00338597396353377,-0.0773400206795739,-0.312831437270967,1.00715967696326,0.741203937488048,0.118848605473067,-0.0810404005676992,-0.0952214354348704,-0.0996632989609794,-0.0700853480242893,-0.0932687194474875,-0.05280735673139,0.0738977837695635,0.122421897881642,-0.0217638071880675,0.188797937645006,0.157714744886384,-0.306568295580426,0.178484271274719,0.163654158758772,-0.115973285166564,-0.236823531583717,-0.27306528226547,-0.146672220596838,-0.178077596880655,-0.483298518147971,-0.34624660933449,1.58937927518981,-0.355561600062418,0.309889936288582,-0.357686648808836,-0.202473893272665,0.0975824686304288,-0.0712782717099296,-0.357786678446751,-0.360488226838519,-0.470073590426449,-0.184437288294411,0.195543056843809,0.190931186496211,-0.0863743259370049,-0.227627320184847,0.835481701182041,-0.145848400140633,-0.205137875575215,-0.350262479999396,-0.536039109415008,-0.0478709229607706,0.0828909898875319,0.0520511430527345,0.118348688204676,0.132227092543729,0.0665960678525437,-0.0906894087449211,-0.160721125739858,-0.359253059897505,-0.35565540563997,-0.272812500171569,0.27654146140303,0.248895239581436,-0.0510479768408446,-0.230775066769613,0.776201879913665,2.3683562898907,0.583652254389314,0.2080662157939,-0.0676937427237446
"k__Bacteria|p__Firmicutes|c__Bacilli|o__Lactobacillales|f__Enterococcaceae|g__Enterococcus|s__unclassified",1.3810815964728,0.292075671223783,0.29015532653844,0.232429547520142,0.12304943075506,-0.23882566602278,-0.349561937619713,-0.23783943496116,-0.392941288504064,-0.35681970895717,0.019803521286634,-0.0846065234724814,-0.163429274988365,-0.259736844957637,-0.327817142727147,-0.307804154711102,-0.00733494924328662,-0.0265100501476329,-0.337589162757449,-0.16060366006637,0.349956726463464,0.257463291711916,0.21576354489118,0.297323935688794,0.173211475885608,0.117512306143947,0.192027214397892,0.19355995699827,0.131342717953701,0.142862617937173,0.187766791195715,-0.307717923227852,-0.26893306842755,-0.125464098174984,-0.336664023155161,-0.25396472129649,-0.345969029438769,-0.390342849224815,-0.55098633082709,-0.448055126898649,0.252783785987228,0.140462893355589,0.111701210426608,0.180206607843945,0.0826002067636152,-0.0986809566605974,0.0286106711195997,-0.345945670954519,-0.105402076988547,-0.0225038103814469,-0.174834685022684,-0.270653983755333,-0.221332719375203,-0.394951989920163,-0.34418642014992,0.0223061694141544,-0.0189370840021153,-0.0824989145762776,-0.344454254857012,-0.231160539599761,-0.163477467459696,-0.152339393203026,-0.357514561160159,-0.285953013409875,-0.3537939302713,0.380308027066337,0.34492202765994,0.360833375648413,0.378886584560216,0.260497011645795,-0.274036966680114,-0.250977037633167,-0.215896748189919,-0.382935877587876,-0.284867027573115,0.0659136095624279,0.0466525151412522,0.0995762425097422,-0.0192131181135138,-0.0347681405809224,1.17549861255539,1.01865817962836,-0.351889968040456,0.00239007402926183,-0.0701951716239061,-0.212918135618938,-0.107362675381639,-0.108323449903313,-0.120953886432054,-0.0378575114414426,0.410580418205301,0.217275323015079,0.0740090711927415,0.371113033437022,0.184690334779713,-0.306568295580426,-0.143989975553338,-0.185130971517356,-0.326954361994933,-0.2555994003549,-0.27306528226547,-0.362400442434977,-0.422310077892836,-0.596378548234975,-0.34624660933449,-0.263810231442435,-0.355561600062418,-0.0456420885722638,0.602341484203868,-0.185073202800653,-0.140697902766241,-0.183440381288682,-0.357786678446751,-0.341224185109081,-0.343408139585862,-0.184437288294411,-0.146428799677753,-0.19113128660024,-0.339961542475103,-0.24946057922807,-0.346526917883814,-0.267024729236733,-0.328380894305607,-0.350262479999396,-0.409043811895584,0.114902935228821,0.124391999129338,0.0558281876079096,0.145123603056779,0.0687169803560468,-0.161266731167145,-0.163658535582128,-0.247031075233735,-0.359253059897505,-0.35565540563997,-0.272812500171569,-0.0374257290564301,-0.0962682646747534,-0.217836960809444,-0.214231495014873,0.00132171130868975,-0.255595499789311,0.00189947953241288,-0.185213506446833,-0.188001303000114
"k__Bacteria|p__Firmicutes|c__Clostridia|o__Coriobacteriales|f__Coriobacteriaceae|g__Slackia|s__unclassified",-0.285744080140259,-0.261835425744604,-0.287469643075984,-0.322873338936471,-0.267574714808423,0.0203566871351925,-0.349561937619713,-0.159625807646729,-0.0553753105657178,0.565084276742742,-0.263175117096387,-0.227156476261128,-0.220626568037329,-0.216797187666303,-0.145075264240769,-0.307804154711102,-0.191284195172167,-0.176227002824533,-0.337589162757449,-0.222302336035551,-0.266350906201217,-0.100263571956738,-0.0464835981142505,-0.159003337589721,-0.023335519753552,0.092476693368039,-0.0295847663724267,-0.0175099038083748,0.0415526711125318,-0.0512147197242906,-0.49072241232965,-0.307717923227852,-0.26893306842755,-0.441734879216959,-0.336664023155161,1.68491138485515,-0.109440899161024,-0.134784866000078,-0.0295606675058639,-0.140655668007999,-0.170022649905182,-0.040181750888373,-0.0234965557880445,-0.0727739507483497,0.00149665964747403,0.146042621313175,-0.0702792694545611,-0.345945670954519,-0.0486854742458544,-0.160337993323377,-0.0401088468050125,-0.270653983755333,-0.222843117350351,-0.128883268086182,-0.34418642014992,-0.26687753054464,-0.321376011876103,-0.325877114863742,-0.344454254857012,-0.273059231073145,-0.0451496685770381,-0.150618725204916,-0.357514561160159,-0.0929135242149874,-0.3537939302713,-0.236769542031495,-0.157849114941975,-0.16726980043967,-0.188914000150836,-0.118251365994635,0.0979155582522164,-0.036314069533629,-0.117384774310586,-0.00611498726212191,-0.105460426070407,-0.0967974658186577,-0.163536621046044,-0.165500015377249,-0.104275986238194,-0.113277286071609,-0.312831437270967,-0.332637186033752,-0.351889968040456,-0.357159453736993,-0.303802557304938,0.199870031365258,0.0810017662552599,0.115194245280165,0.0947582058552191,0.0254571323247359,-0.420061966310956,-0.084956360923588,-0.00209029762380918,-0.270060885396535,-0.0654214818472758,-0.306568295580426,-0.141478142292201,-0.121223229407055,-0.0627805446796879,-0.16164191162823,-0.27306528226547,-0.106932443887874,-0.0968372094477233,9.82697052362791e-05,-0.34624660933449,-0.263810231442435,-0.355561600062418,-0.277829609675436,-0.357686648808836,-0.264109285381475,-0.166569092863838,-0.260728003483014,-0.357786678446751,-0.201733954620172,-0.19552187121294,-0.184437288294411,-0.114306289389117,-0.120306986096193,-0.0536054314609804,-0.157661200816728,0.822043518160151,-0.188151579317704,-0.182051325716916,-0.350262479999396,-0.137542444205688,-0.0145136054661781,0.0504506975184452,0.123569567982988,0.0715454603531196,0.128589138437889,-0.158346161917591,-0.264148730675987,-0.245683271507567,-0.359253059897505,-0.35565540563997,-0.272812500171569,-0.23528219078611,-0.258433756525323,-0.205223318967819,-0.236445900925154,-0.0515005082921672,-0.255595499789311,-0.250508592740914,-0.201128070448102,-0.272658981422293
"k__Bacteria|p__Firmicutes|c__Erysipelotrichi|o__Erysipelotrichales|f__Erysipelotrichaceae|g__[Eubacterium]|s__dolichum",-0.285744080140259,0.0847661918752669,0.0706241011418581,0.1005757826664,0.0833903071952925,-0.201430127374854,0.58123508437928,-0.11881910830294,-0.16029913135072,0.562629742491462,-0.0225347461461983,-0.0301851182943814,-0.0806045797625148,-0.0582977601775148,-0.0904030575429207,-0.307804154711102,-0.0919041804806892,-0.104065582011871,-0.337589162757449,-0.0344712803324441,0.223549428714612,0.0981284559539804,0.0680511426746277,0.14272512855462,0.0392799161692508,-0.0862978506828996,-0.0014994372981846,-0.0251820503324239,-0.0422271000893116,0.0221359134116114,0.0942093282425931,1.24166080524679,-0.26893306842755,0.0472912987504094,-0.336664023155161,-0.25396472129649,-0.17691021613738,-0.207821497629679,-0.251903716229541,-0.109105005822247,0.175926080353354,0.0683043784369023,0.0821624146637278,0.107404695723593,0.0258243051984767,-0.220160198337562,-0.0876641159700838,-0.345945670954519,-0.115559637641982,-0.0131755217998683,-0.213276100826002,-0.270653983755333,-0.138015503890032,-0.162073116627868,-0.34418642014992,-0.0260274756544667,0.0265311157241994,-0.0331017210972708,0.795190218417524,-0.00789437404679575,-0.1466424187575,-0.0639164857276102,-0.357514561160159,-0.102141868332389,-0.3537939302713,0.164341957647868,0.136197803015093,0.159950174724523,0.146582794751405,0.0933345191770814,-0.219302848694809,-0.15040667060388,-0.104799196117469,-0.168595323979809,-0.0700844631373487,0.00269537420326795,0.0486895058394994,0.0522698783416166,0.0127510854191489,0.0127847430440443,-0.312831437270967,1.03203344878764,-0.351889968040456,0.0608699791207701,0.0596282276449883,-0.148320370553101,-0.0608034283923463,-0.0706629400934722,-0.0920731743593643,-0.0178170683564651,0.355652243309716,0.142080858850129,0.0624572256900236,0.260342550689204,0.119209360655419,-0.306568295580426,-0.125861774397087,-0.145355104838558,-0.157957246973988,-0.062309938411853,-0.27306528226547,-0.183668470167879,-0.229427050318659,-0.27206619751033,-0.34624660933449,-0.263810231442435,0.513548622557563,-0.0661880547342801,-0.357686648808836,-0.0194467811754334,-0.0991453871893912,-0.0348794928714186,-0.357786678446751,-0.0886369183634564,-0.0604494095241003,-0.184437288294411,-0.132136327170123,-0.16725715379989,-0.200880372585453,-0.0890236354112828,-0.346526917883814,-0.112191840122723,-0.149645396259759,-0.350262479999396,-0.0953542365899039,0.113012466919986,0.0426536421022003,-0.019885149854682,0.0468235592681448,-0.0288192295770142,-0.0907605531088633,-0.0278646880391629,-0.0604835971139531,-0.359253059897505,-0.35565540563997,-0.272812500171569,-0.0629312774575228,-0.0939775633666161,-0.0796791878481321,-0.0377250972043399,-0.230437041340403,-0.255595499789311,-0.110638311030051,-0.127866934688211,-0.0449733525712679
"k__Bacteria|p__Firmicutes|c__Bacilli|o__Lactobacillales|f__Streptococcaceae|g__Streptococcus|s__unclassified",1.3768784379205,0.679831062739574,0.741315976785429,0.388325075019489,0.156510691555541,0.928756526767006,-0.349561937619713,0.491697342729736,0.31173438277221,0.555583406453559,0.543727556962666,0.43265587622267,0.465045933300779,0.143410878473742,-0.0516322050243934,1.4429706835852,1.0938226895374,1.1855168163802,1.06103508187694,0.250736357660581,-0.559568015979653,-0.10057616838376,0.0155591108823026,-0.221615528565361,0.0723723609714329,0.842192537269902,0.554132133916928,0.675396631074556,0.603898453856976,0.316528531973599,0.494156895316832,-0.307717923227852,-0.26893306842755,-0.00240576343436761,-0.336664023155161,1.68569928197817,0.742143840749834,0.806244306134996,0.55374743078909,-0.0393157943594558,-0.374425564825417,-0.170542378518524,-0.16304710578646,-0.153584206936258,0.0264467494436838,1.39161065659692,0.952933683412641,0.882887106420197,0.779430674103005,0.285267738365257,1.21133448068974,-0.270653983755333,0.738103962697352,0.463591055134277,0.716308497899924,0.751478755654296,0.485372364253554,0.542723954710591,0.845151928467333,-0.102084901051045,0.727180245839795,0.383215281628553,0.607704371421088,0.229048312854654,0.370955831574482,-0.108147154515551,0.0178009487603303,0.0427295477766086,0.0152155508934345,0.0881847043865441,0.971020897253576,0.64299005572603,0.571564233262636,0.4175378973102,0.00455159392556144,0.170202524411099,0.0248490943828432,0.0421952574131416,-0.0194178525478682,-0.0905606133610943,1.16375629042323,-0.332637186033752,0.897549068340952,0.193887032529398,-0.04720276539511,0.403317635881817,0.138109786768261,0.159664669608923,0.182586670111778,-0.013368369055998,-1.01928534712873,-0.348891481411179,-0.234099663617152,-0.552951952705066,-0.111190762687212,1.27204891832019,0.852911274159668,0.908596304246811,0.639811978487888,0.112284331356,1.53005513471242,0.760303344750863,0.810882661938338,0.566525701831655,-0.34624660933449,1.60284986444117,0.564757449878123,0.831504856481911,0.65606304408471,0.0397018880892634,0.650327293152993,0.28424990787252,0.565196535721864,0.0997694196526848,-0.207543939628365,2.30392259356829,0.924240230602023,0.982480780530138,0.733965131983412,0.169467894319731,0.927458932123637,0.447535098470011,0.463040124554533,-0.350262479999396,-0.14719484448293,-0.440493075209563,-0.170446278585186,-0.0413606729805669,-0.110239319101958,0.148765359004362,0.54514172656038,0.259303128445778,0.29166416287141,0.564687663340194,-0.35565540563997,1.54431104305711,0.804889451855844,0.843174269899396,0.490738317958334,0.0507630180020946,1.8026087844976,1.69649293552477,1.32726170923762,0.914588597553223,0.272501476978716
"k__Bacteria|p__Firmicutes|c__Bacilli|o__Lactobacillales|f__Streptococcaceae|g__Lactococcus|s__unclassified",-0.285744080140259,-0.0606300390691372,-0.0900165731866344,-0.104678719390871,-0.129411145567095,-0.221643246062076,-0.349561937619713,-0.275945251308974,-0.281968370943838,-0.35681970895717,-0.191554297846356,-0.236996654162836,-0.260677591330818,-0.263062843528545,-0.259880558626207,-0.307804154711102,-0.211158932779292,-0.22438130097291,-0.337589162757449,-0.24627908933786,0.0723484628698125,0.0755633828916605,0.0841794836160397,0.0917357247974806,0.0634380093270037,0.0386410753382634,0.0216716307050802,0.0250971275802038,0.00106067511774511,-0.0123556040942664,-0.233627933551766,-0.307717923227852,-0.26893306842755,-0.332123292219597,-0.336664023155161,-0.25396472129649,-0.310765716905345,-0.33331491008227,-0.370880536124474,-0.31473882676255,0.0333351727535319,0.0275250839885945,0.0394620899736023,0.0537501057712067,0.0355954444845566,-0.081623219122104,-0.093365736850749,0.856324696835601,-0.140161659444593,-0.132793950187278,-0.243683841942381,-0.270653983755333,-0.325564932415942,-0.329461867627732,-0.34418642014992,-0.217908070356369,-0.238075355332707,-0.289499468255879,-0.344454254857012,-0.282134762413728,-0.176112678348403,-0.203923257259992,-0.357514561160159,-0.239334761064977,-0.3537939302713,0.0720801488456138,0.0805904265406288,0.0793637484378968,0.076097128194423,0.0697284906190947,-0.181993399715349,-0.219664308761565,-0.216315670683474,-0.260988809558576,-0.223163830682989,-0.0378723605097153,-0.0762045669017936,-0.0624152021464575,-0.0818425342423362,-0.0866295883509603,-0.312831437270967,-0.332637186033752,-0.351889968040456,-0.222423973705175,-0.199743235713692,-0.0240973569035625,0.00897321963912257,-0.00392004977135494,-0.0246009711249333,-0.0215770376038243,0.0626022758011679,0.0877761692557179,0.0609943896437617,0.0957503341303298,0.0830087327886165,-0.306568295580426,-0.214820879794608,-0.242794288681955,-0.273062971019643,-0.232489017978204,-0.27306528226547,-0.301701963120336,-0.339297456355716,-0.351010635650134,-0.34624660933449,-0.263810231442435,-0.355561600062418,-0.267321453900394,0.582716809775835,-0.252588250952203,-0.205203013846155,-0.265869978923481,-0.357786678446751,-0.280216207053327,-0.247727370101941,-0.184437288294411,-0.215450982678691,-0.241646804687396,-0.263074480981206,-0.256265308511553,-0.346526917883814,-0.292712692259435,-0.31973463389257,-0.350262479999396,-0.287874507325817,0.0639087595103811,0.0776641248267965,0.103373661241338,0.0987305218204355,0.100018224786093,-0.231256740398635,-0.253006201664914,-0.290198405277358,-0.359253059897505,-0.35565540563997,-0.272812500171569,-0.237626180466099,-0.275554527394809,-0.282684390142375,-0.268546616750144,-0.198593551322422,-0.255595499789311,-0.265635188278134,-0.288856200920276,-0.279794363826736
"k__Bacteria|p__Firmicutes|c__Clostridia|o__Clostridiales|f__Lachnospiraceae|g__Coprococcus|s__eutactus",-0.285744080140259,-0.287445359102973,-0.294648662766132,-0.244561982448067,-0.181714924580464,-0.20068271072418,-0.349561937619713,-0.190832797548122,-0.104463690051982,-0.35681970895717,-0.264049410568371,-0.229626154411564,-0.246194993292776,-0.152549497452718,-0.0621748430675671,-0.307804154711102,-0.329537243349939,-0.333631579076012,-0.337589162757449,-0.159117095776839,0.0116343630674082,-0.0058623348972422,0.00406183914694227,-0.00772648578129846,-0.0133598037402219,-0.16185394438452,-0.141860880078703,-0.160938914960584,-0.147920572759304,-0.108331387951135,-0.333917800576729,-0.307717923227852,-0.26893306842755,-0.224493409744478,-0.336664023155161,-0.25396472129649,-0.224007941330291,-0.220651945834941,-0.118888060551631,-0.0710798472072851,-0.0172213476785029,-0.0119231032480712,-0.00905334725127561,-0.0334920743119562,-0.011170216283597,-0.238628148549395,-0.243679866704605,-0.345945670954519,-0.188153536076696,-0.142550158122702,-0.29721985582165,-0.270653983755333,-0.271746765435235,-0.167732782596556,-0.34418642014992,-0.293876694476713,-0.2618167253413,-0.26700816218968,-0.344454254857012,-0.104155550058214,-0.181100790887841,-0.166845824759188,-0.357514561160159,-0.0933395083938982,0.375472131422034,-0.105643120606457,-0.120865482285534,-0.129943475362611,-0.113435961992231,-0.0982441142709172,-0.168759255945858,-0.130447135783584,-0.149817474902196,-0.0812640409315869,-0.0256874860350624,-0.0980288798298806,-0.078393088868475,-0.101712991378527,-0.0707963012966132,-0.0338855289866811,-0.312831437270967,-0.332637186033752,-0.351889968040456,-0.210934037257124,-0.136135800877922,0.00285682708727932,0.0329974024061965,0.00941930946396411,0.0129867669608235,0.00278270810360553,0.02538937398791,0.0234850905226218,0.0450233360974212,-0.00060923950789631,-0.00378676285143099,-0.306568295580426,-0.224804196079727,-0.242512756098702,-0.165362760966763,-0.103103404567863,-0.27306528226547,-0.2052774671501,-0.187166260773846,-0.100466518271547,0.829927734854055,-0.263810231442435,-0.355561600062418,-0.316703729619314,-0.357686648808836,-0.138930788303175,-0.226580155816777,-0.195163048544541,-0.357786678446751,-0.122690829573625,-0.0545584181393762,-0.184437288294411,-0.243088608430465,-0.256970089851786,-0.174987691187016,-0.102526118239347,-0.346526917883814,-0.169164908470294,-0.177131911010833,-0.350262479999396,-0.0371945517915066,0.0806295926938371,0.0525801821996658,0.0868723183996115,0.0655420639018171,0.0542808135295098,-0.190133884402872,-0.173549001576847,-0.170692842816901,0.551786508740451,-0.35565540563997,-0.272812500171569,-0.282308273918139,-0.300530774006186,-0.194699969409118,-0.12158844831144,-0.407776107065797,-0.255595499789311,-0.408241339960101,-0.297882239391392,-0.186854987395022
"k__Bacteria|p__Firmicutes|c__Clostridia|o__Clostridiales|f__Clostridiaceae|g__Clostridium|s__unclassified",-0.285744080140259,0.307361338159861,0.308847015734159,0.246545596414,0.133944167438479,-0.182485267438669,-0.349561937619713,-0.186728122476506,-0.324821619110089,-0.35681970895717,0.0680042832436647,-0.0511848008916273,-0.110386408475344,-0.20109222827836,-0.283124292108365,-0.307804154711102,0.0500579310553317,0.038001451675007,-0.337589162757449,-0.110796716088509,0.321619490211497,0.234779239670037,0.190640234696117,0.271860018276301,0.162980795053925,0.113906522311116,0.174292469865691,0.165931568257538,0.111278389739816,0.113021422336776,0.220975173074663,-0.307717923227852,-0.26893306842755,-0.0707874401354449,-0.336664023155161,-0.25396472129649,-0.26736137410319,-0.310371185669958,-0.482392006584273,-0.383712596185222,0.224404887427823,0.135027419335574,0.114817799365817,0.165795691637492,0.077370497211069,-0.0505786693243338,0.0556804695628099,-0.345945670954519,-0.0429293255836856,0.00873472491307508,-0.129938050879184,-0.270653983755333,-0.151585791567846,-0.32585705375354,-0.34418642014992,0.0688973858538888,0.0441018344868839,-0.0227958019007462,-0.344454254857012,-0.196238156925392,-0.132332678771635,-0.118307589746449,-0.357514561160159,-0.255293134009132,0.345164434989333,0.336048735904797,0.316023624430865,0.316405251342343,0.329259462321258,0.234817265935419,-0.209850625120972,-0.198404193898614,-0.143707751003582,-0.325461848768192,-0.251105282851444,0.07526651775176,0.0655404733096472,0.0838602931691993,-0.0189716000496024,-0.0426826486925364,1.23032343842705,1.22540335842542,0.846238533931481,0.0494772854866665,-0.032633372640542,-0.183554669550514,-0.119382291107017,-0.10022898200972,-0.122460547037038,-0.0416895063049008,0.388177007094507,0.199077213909965,0.0450021393659999,0.359130538704646,0.183498759728271,-0.306568295580426,-0.0743930375784052,-0.100560493155235,-0.249876867444852,-0.22107231626047,-0.27306528226547,-0.307167333138513,-0.329010822971276,-0.503077311612591,-0.34624660933449,1.72528305618897,-0.355561600062418,0.0304121239082289,-0.357686648808836,-0.147475161596687,-0.0833088669671339,-0.114859998273317,-0.357786678446751,-0.273540668265806,-0.280345505567018,-0.184437288294411,-0.0791811787834617,-0.109488710821059,-0.26937173281771,-0.207849847813655,-0.346526917883814,-0.208135083008574,-0.266830764595641,-0.350262479999396,-0.365481019227157,0.0727103022038157,0.0805606414409469,0.0433622241880314,0.119405971847625,0.046943374118511,-0.104749584527132,-0.134091166794446,-0.171084938377344,-0.359253059897505,-0.35565540563997,-0.272812500171569,0.0148702152974874,-0.0291737467924167,-0.153480261874745,-0.167329850101317,0.0743191708982543,-0.255595499789311,0.0795548645716214,-0.113346553534294,-0.126582605385589
"k__Bacteria|p__Firmicutes|c__Erysipelotrichi|o__Erysipelotrichales|f__[Coprobacillaceae]|g__Coprobacillus|s__unclassified",-0.285744080140259,-0.195713426995092,-0.220612508032074,-0.191222818910594,-0.151150617317866,-0.222706425531612,-0.349561937619713,-0.225593376609809,-0.184299751694194,0.558357534237418,-0.265195558193551,-0.250855304621195,-0.274269395297599,-0.220393223196249,-0.1457711543847,-0.307804154711102,-0.305254345213433,-0.325952851796126,-0.337589162757449,-0.195328329054079,0.029275188346402,0.0332069710620262,0.0396077906327357,0.0406374816059598,0.0148604180759126,-0.0963615878525967,-0.0829590517154437,-0.101531251570785,-0.0825303617199734,-0.067191790502987,-0.298075870831393,-0.307717923227852,-0.26893306842755,-0.274598319626712,-0.336664023155161,-0.25396472129649,-0.287811913592053,-0.285238962072557,-0.254757638467174,-0.172157493177383,0.0515798912574713,0.0455035329584668,0.0422384027064697,0.0247810638954729,0.0285023831323952,-0.229632616597105,-0.224365675489502,-0.345945670954519,-0.200773312532834,-0.13567891798854,-0.29159305636318,-0.270653983755333,-0.30847515403243,-0.250350770110694,-0.34418642014992,-0.252668463353277,-0.252824830741394,-0.299083510501446,0.811214403488954,-0.160705905178963,-0.183472983477257,-0.19539597813517,-0.357514561160159,-0.152091434369293,-0.3537939302713,-0.00172505270041601,0.00924187748296519,-0.0115728447364817,-0.0260507211106383,0.0106836724886251,-0.182819400990034,-0.1993047173991,-0.226008839833892,-0.178694121263374,-0.127587527456971,-0.0606147536011022,-0.0653455135435922,-0.0699122150708512,-0.0642919617893288,-0.0500474858816314,-0.312831437270967,-0.332637186033752,-0.351889968040456,-0.234030561367141,-0.179098417566788,0.0014345420327547,0.0105354885000751,0.0109543941377712,0.00088320926052946,-0.00363680960615124,0.0866801723516735,0.087411702127458,0.0795280523958639,0.0833313840239738,0.0521692908500724,-0.306568295580426,-0.258122739815127,-0.272885441072106,-0.225990729145884,-0.169904636518294,-0.27306528226547,-0.291171017069203,-0.2884513298253,-0.238584876592071,-0.34624660933449,-0.263810231442435,-0.355561600062418,-0.316465039939877,-0.357686648808836,-0.203028054062599,-0.228148893081511,-0.241209909161456,-0.357786678446751,-0.207501165081867,-0.145862793058688,-0.184437288294411,-0.26932272534503,-0.284151989405573,-0.24050071197534,-0.180280699024441,-0.346526917883814,-0.250792022033742,-0.260005579357569,-0.350262479999396,-0.137463451200717,0.0928275002175769,0.0933701995909701,0.0990682605720628,0.109304477804036,0.0718854874767158,-0.233229711474595,-0.221165401345654,-0.244334937337418,-0.359253059897505,-0.35565540563997,-0.272812500171569,-0.283858114242735,-0.311086185715026,-0.265907595868662,-0.196391183530987,-0.338916671211799,-0.255595499789311,-0.366687211192729,-0.316515352006462,-0.252247274752263
"k__Bacteria|p__Firmicutes|c__Erysipelotrichi|o__Erysipelotrichales|f__[Coprobacillaceae]|g__Catenibacterium|s__unclassified",-0.285744080140259,-0.25218973614082,-0.260258557875485,-0.21788166835065,-0.142527669268126,-0.234678600648189,-0.349561937619713,-0.18661544097171,-0.119753073151015,-0.35681970895717,-0.222384209607659,-0.196110382650654,-0.202080248597067,-0.102304159598274,-0.0410285984991718,-0.307804154711102,-0.333183156759122,-0.347402544696998,-0.337589162757449,-0.165277446961351,0.0601933462175008,-0.000975911369754473,0.000923357921308678,0.00229556559702099,-0.0143010747338382,-0.152454973648602,-0.135229976057911,-0.147267147060228,-0.125529498343239,-0.0800597781637636,-0.309746635924794,-0.307717923227852,-0.26893306842755,-0.167393604682538,-0.336664023155161,-0.25396472129649,-0.223048142036536,-0.250976678464922,-0.151431518554026,-0.073403090276597,-0.00997492964055332,-0.00770389534226727,0.00889480623989923,-0.0137940198939273,-0.0258199071287971,-0.25744500987172,-0.223867691374892,-0.345945670954519,-0.190028209243917,-0.122020106190518,-0.313758043650663,-0.270653983755333,-0.277095158053797,-0.185997882530269,-0.34418642014992,-0.275724469411748,-0.244270754997838,-0.268039599590064,-0.344454254857012,-0.091881686270846,-0.176172759374238,-0.143885040265642,-0.357514561160159,-0.0879380961162727,0.852065756998686,-0.0194550480938406,-0.0367755593644038,-0.0224187091818666,-0.051506091011706,-0.0438702143366587,-0.194755934766276,-0.160078455582805,-0.193741731034267,-0.110324498178753,-0.0612642071723355,-0.0797489684287739,-0.0819018160124978,-0.0857277505498721,-0.0480365169964431,-0.0116946140331433,-0.312831437270967,-0.332637186033752,-0.351889968040456,-0.196753228933342,-0.120347306622826,-0.00444088892777284,0.00444429027333243,0.00457955341640544,0.0180458160928554,0.0130632478166306,0.11238170360188,0.0623754369687804,0.0705366919771464,0.0494455634984956,0.0200926440867696,-0.306568295580426,-0.239614659690242,-0.270327319206007,-0.188444172994819,-0.10482684194539,-0.27306528226547,-0.213401161256092,-0.231322697459129,-0.149499754876729,-0.34624660933449,-0.263810231442435,-0.355561600062418,-0.317777331725752,-0.357686648808836,-0.125090625260175,-0.189071079522151,-0.170353758246872,-0.357786678446751,-0.100850545773055,-0.0298484431577523,-0.184437288294411,-0.25030759835591,-0.280466271857144,-0.194109265761535,-0.126246044199503,-0.346526917883814,-0.179536930395165,-0.19642550624497,-0.350262479999396,-0.0509334085550039,0.0786300001844065,0.0303653934679315,0.0475198538305451,0.0203499034365392,0.0087542884293139,-0.192211366471677,-0.183539726583704,-0.173202255452602,0.601078975343421,0.604798646767872,-0.272812500171569,-0.277477489966552,-0.282899377765673,-0.20580699938856,-0.121264126183542,-0.455782693552751,-0.255595499789311,-0.403612830932979,-0.295018938493589,-0.189029375292401
"k__Bacteria|p__Firmicutes|c__Clostridia|o__Clostridiales|f__Veillonellaceae|g__Veillonella|s__parvula",1.39151284543928,1.07719071700257,1.13556531024594,0.904229078267136,0.598694795115647,0.108302799505203,0.55975286859281,0.125311776195326,-0.282124597684832,-0.35681970895717,0.625529734142217,0.41085244762398,0.304488664383629,-0.0173600404957372,-0.295863812911915,1.27433704408772,0.773029080118703,0.803882158181554,-0.337589162757449,0.209708057934635,0.553738147040987,0.398390964102949,0.29745735783329,0.494415470900948,0.308043203686521,0.454422627148996,0.550076725752989,0.584152313470528,0.432966667857277,0.385525031394101,1.11835362583288,1.23372246091145,1.57129384975731,0.39408651678373,-0.336664023155161,-0.25396472129649,0.0899543477385965,0.038526866888797,-0.440523467434106,-0.428037183425609,0.369856810924978,0.206864993966391,0.195518817431917,0.298187663355557,0.150940642337055,0.378851746638696,0.583848366605658,0.858066093488526,0.30319930992124,0.30070193676176,0.418429003590541,1.63403363294814,0.364294612831429,-0.132153973090463,-0.34418642014992,0.74812437212682,0.646003193099641,0.568716544243309,-0.344454254857012,-0.0310511109587644,0.158440232873218,0.171542150553848,-0.357514561160159,-0.16435928879679,-0.3537939302713,0.677726288325412,0.646730804617899,0.675018528200417,0.683408650038029,0.519178643212146,0.00450021393511957,0.0305828851953705,0.157143063827569,-0.304785967270479,-0.225965661800091,0.350264975536175,0.353682191834747,0.417016924565393,0.150212668047475,0.049188814325388,1.49758025548463,1.55950588528159,0.779862490964737,0.590271912841371,0.255300345212613,-0.346095669313679,-0.214335933977159,-0.175445363994441,-0.23717592246026,-0.0717605018963337,0.610640588281294,0.225425602914536,-0.0216145468416109,0.551260815864897,0.271219040504374,1.22619026492949,0.402495588706177,0.386301259179522,-0.0313766613171513,-0.0700382041055612,-0.27306528226547,-0.00780679277780322,-0.0573421046119424,-0.540682314077314,-0.34624660933449,1.5872308371611,1.07837117671129,0.745118971750918,-0.357686648808836,0.0898035322743035,0.326048045389399,0.228776557391925,0.56054066813687,-0.190767688698078,-0.297627228552615,-0.184437288294411,0.378733285215423,0.389898032755718,-0.036889379601235,-0.066848431848141,-0.346526917883814,0.091420952612672,0.0185022247006119,-0.350262479999396,-0.426674976155098,-0.00483984484248067,0.0194149340270162,-0.133581055895593,0.0471652816418121,-0.0481697036085639,0.280220022655264,0.236674899136612,0.142736984669952,-0.359253059897505,-0.35565540563997,-0.272812500171569,0.648165524484639,0.627059888920543,0.215376991523343,0.0382826865226084,0.936484763983947,-0.255595499789311,1.00115929203873,0.463082268939261,0.236328347974067
"k__Bacteria|p__Firmicutes|c__Erysipelotrichi|o__Erysipelotrichales|f__Erysipelotrichaceae|g__Holdemania|s__unclassified",-0.285744080140259,-0.135024668738203,-0.151890776458872,-0.125771322166747,-0.10127578223702,-0.214335584690741,-0.349561937619713,-0.224431139799109,-0.216722903696532,-0.35681970895717,-0.199734964141442,-0.195660205360423,-0.236291523503211,-0.2098415767477,-0.173933524824384,-0.307804154711102,-0.254713589084684,-0.277621175910422,-0.337589162757449,-0.196269526346687,0.0967809435254987,0.0553380295764547,0.0698068985306908,0.056850460949166,0.0332483593841794,-0.0226223546308217,-0.0334857166821177,-0.0262980573791972,-0.0151328680660928,-0.00101255620977969,-0.232604270048642,-0.307717923227852,-0.26893306842755,-0.245562705198441,-0.336664023155161,-0.25396472129649,-0.291444439338523,-0.3119951084521,-0.283905998834226,-0.213970883391972,0.0630922638242738,0.053719180847782,0.0631195389758211,0.0361888692849779,0.0163205815368582,-0.183921990064783,-0.168371713689023,-0.345945670954519,-0.175793884142726,-0.119368705846903,-0.278272353463164,-0.270653983755333,-0.298735451052729,-0.266236923509671,-0.34418642014992,-0.232116669648863,-0.231679768367164,-0.258043839708621,0.797013400777841,-0.175490479015162,-0.191026977671692,-0.170513848078619,-0.357514561160159,-0.184387678986521,-0.3537939302713,0.057534246439246,0.051310256864817,0.052913415481382,0.0482947882570629,0.0401313316450323,-0.216367498248937,-0.218626775152204,-0.216836058646482,-0.223108489308384,-0.163476483961368,-0.0331232246726195,-0.062332993529887,-0.0480495427880989,-0.0442061061913176,-0.0366035416225611,-0.312831437270967,-0.332637186033752,-0.351889968040456,-0.183217729251608,-0.148548225067291,-0.0324963283651669,-0.0100062182947676,-0.00101559431221964,-0.0131285694824266,-0.00106422663282732,0.114388853504705,0.0787517605815735,0.0563531180833612,0.0951768694603613,0.0561757660213084,-0.306568295580426,-0.238074214649392,-0.253581499356395,-0.251855007125034,-0.180555831370375,-0.27306528226547,-0.285177185587729,-0.302344203168405,-0.290294451540249,-0.34624660933449,-0.263810231442435,-0.355561600062418,-0.280260376303417,-0.357686648808836,-0.182266702776518,-0.208082785464206,-0.213928694727451,0.556650712271716,-0.210193205511152,-0.170557351052081,-0.184437288294411,-0.236462864061697,-0.262668701395366,-0.235197498833774,-0.177054080645284,-0.346526917883814,-0.243724997075887,-0.274583459345083,-0.350262479999396,-0.18637558537925,0.10865756079171,0.096517362088898,0.0735752412224407,0.0917866587830315,0.05543245549917,-0.202620752422319,-0.205726057478921,-0.239701468040957,-0.359253059897505,-0.35565540563997,-0.272812500171569,-0.252597716755221,-0.271729660135475,-0.252598140149202,-0.182952039890715,-0.289757411363572,-0.255595499789311,-0.318260249610673,-0.273230776426663,-0.219645550969914
"k__Bacteria|p__Firmicutes|c__Clostridia|o__Clostridiales|f__Veillonellaceae|g__Veillonella|s__dispar",1.40627706212622,1.36446145632108,1.4534457525272,1.14773878216053,0.776056206366369,0.461894499875364,0.573233236147889,0.428101449698991,0.000185544491397252,-0.35681970895717,0.95864365666966,0.713687537755456,0.639592441901094,0.233803018185036,-0.13675822741993,1.30033154696814,1.18258408273546,1.25638310935719,1.03474117407036,0.468077413885394,0.44203898289651,0.371266394198026,0.28466297598491,0.43146009309769,0.287372520910604,0.627906097768114,0.709523446254715,0.76890603679556,0.604121975500274,0.526043190579494,1.50814313789152,1.24321274514686,1.67808754230221,0.706407753662579,-0.336664023155161,-0.25396472129649,0.467503446432107,0.446082276411476,-0.0987927142443405,-0.205718174938104,0.300523503060522,0.152118064810285,0.126810262065101,0.252232574489282,0.125775127769391,0.747662348763827,0.874735930834177,1.48809958084922,0.58930599364216,0.504087069749636,0.866249777333285,1.83033419034242,0.782652265915381,0.217874934651861,-0.34418642014992,1.12173248928582,0.992418669070884,0.953103295426152,-0.344454254857012,0.158346605575916,0.437218006035985,0.41792384317014,0.482966231453622,0.0437284849163002,0.352971938729271,0.669356958126142,0.669658062146193,0.682671156105029,0.697295499895433,0.532123055696537,0.326665155367507,0.339730854669435,0.473203277593918,-0.029670641993447,-0.0574753768419754,0.453961531251442,0.438206260450339,0.489383929568724,0.220949168601677,0.110196250715479,1.53395594967409,1.60087153399955,0.800060202110723,0.824299059936484,0.437263411221666,-0.310517315235636,-0.216184787860693,-0.19173627326029,-0.231551291036468,-0.103261233718184,0.405825840515303,0.129041486854177,-0.122412116543525,0.421383671980307,0.211924605705147,1.232992736802,0.734481629786514,0.773473573668327,0.296437168731867,0.130117522818815,-0.27306528226547,0.356458070517719,0.334494961150163,-0.21464750181459,-0.34624660933449,1.6107923377741,0.855927210322537,1.15860043647201,0.686534464820007,0.338653721062095,0.640307553769659,0.508574833894222,0.604051324809852,0.0567448097500303,-0.137495388049622,-0.184437288294411,0.748804932297535,0.777846080935037,0.291901974158345,0.145965116138416,0.879755134164337,0.386438433308474,0.347273149849888,-0.350262479999396,-0.265454155470972,-0.0850591533656786,-0.0579888898938532,-0.178598321729315,-0.0171231659954594,-0.0517658851883959,0.588179084148419,0.51401993578978,0.446201103207809,0.556573737523192,-0.35565540563997,1.56505881501832,1.03496562199052,1.05449488139857,0.558134073636563,0.281579256812854,1.517735305789,1.69553603035621,1.53062294370198,0.925854675880777,0.540009110210225
"k__Bacteria|p__Firmicutes|c__Erysipelotrichi|o__Erysipelotrichales|f__Erysipelotrichaceae|g__[Eubacterium]|s__biforme",-0.285744080140259,-0.1937564228716,-0.221876711851263,-0.218350705696506,-0.164080887750286,-0.226882422251394,-0.349561937619713,-0.263773664887654,-0.222703482173204,-0.35681970895717,-0.253151599422134,-0.247105871641403,-0.294104098285956,-0.258674144251782,-0.196342570025848,-0.307804154711102,-0.297193314663354,-0.328998057514637,-0.337589162757449,-0.232300115211746,-0.00086368901003431,0.0313076462221484,0.036187453615528,0.0198320997658405,0.0245009507099034,-0.0242482259869957,-0.0480653523302107,-0.0639883737690245,-0.0412727308536938,-0.0472451466105227,-0.345954468227909,-0.307717923227852,-0.26893306842755,-0.335733414791325,-0.336664023155161,-0.25396472129649,-0.305175887451443,-0.332708146178612,-0.273545993276006,-0.24004596696132,0.0127408050734871,0.0313959648997654,0.031149191042153,0.0290184999720622,0.0262009000157907,-0.156459459862924,-0.181907848620197,-0.345945670954519,-0.17610164425757,-0.172825462252835,-0.286068721836136,-0.270653983755333,-0.342338247992834,-0.293140176417591,-0.34418642014992,-0.297150980679653,-0.302596219095541,-0.327614170338249,-0.344454254857012,-0.2286342353422,-0.188326182121379,-0.206323791427227,-0.357514561160159,-0.198197186196266,-0.3537939302713,-0.00748780048251448,-0.00753892914060158,0.00261274603498023,-0.0207348034677167,-0.0151137616442206,-0.169136238785572,-0.196274711288789,-0.238486811124247,-0.200208053191507,-0.167677979484565,-0.0686076513940861,-0.105724158464461,-0.0963104961659941,-0.0851843245108875,-0.0603192172678823,-0.312831437270967,-0.332637186033752,-0.351889968040456,-0.268691886895427,-0.210007520465978,0.0294254148687735,0.0201489570316863,0.0365101763658691,0.0206163061707698,-0.00220398990265546,0.0229494055614535,0.0795576271877571,0.0816098065811903,0.0344412095017368,0.0457318426510385,-0.306568295580426,-0.274070317291982,-0.287126388953244,-0.236821136921029,-0.213066927382469,-0.27306528226547,-0.295317929644164,-0.32506289948272,-0.261498948995271,-0.34624660933449,-0.263810231442435,-0.355561600062418,-0.323665463347878,-0.357686648808836,-0.239830634548187,-0.273282500532051,-0.281278473788183,-0.357786678446751,-0.259825662269634,-0.20446798168481,-0.184437288294411,-0.264539065629154,-0.284298243928245,-0.253050174588901,-0.209373098063867,-0.346526917883814,-0.27900122285724,-0.298017647174538,0.658914724606974,-0.193652236898647,0.0714336298188123,0.0732536089013052,0.0812418141575777,0.0803073058064213,0.0844439043232225,-0.261510068192876,-0.265459409807626,-0.280523164135453,-0.359253059897505,-0.35565540563997,-0.272812500171569,-0.282026292352952,-0.330249803717205,-0.292835232238005,-0.224403293183036,-0.312935664689966,-0.255595499789311,-0.381457968126845,-0.341094156717171,-0.279225023811519
"k__Bacteria|p__Firmicutes|c__Bacilli|o__Turicibacterales|f__Turicibacteraceae|g__Turicibacter|s__unclassified",-0.285744080140259,-0.0431789388393849,-0.0330423207773706,-0.00941238543078715,0.00365604861401237,-0.169974461667623,-0.349561937619713,-0.119523914604311,-0.122301764826924,-0.35681970895717,-0.0464649619296997,-0.0562824233902669,-0.0964092945654336,-0.055244276048921,-0.0508472141475888,-0.307804154711102,-0.14266471820895,-0.184485599580326,0.986297347769275,-0.0477154539616726,0.140698410264756,0.070351259808887,0.0464704529090065,0.0907109467739668,0.0349381499170101,-0.0946624888791259,-0.0486188120197962,-0.0541449138927926,-0.0510672648934034,-0.0188850218709839,-0.0329374007805924,-0.307717923227852,-0.26893306842755,-0.0372250236609951,0.943602912451484,-0.25396472129649,-0.166836378519742,-0.191358164729906,-0.169671582018173,-0.086746546426593,0.069046049589475,0.0497663417979789,0.0358020671957573,0.0402889735960942,0.0105321877534613,-0.192991567659802,-0.112772719878921,-0.345945670954519,-0.116394302675217,-0.0593040650118045,-0.206887494265051,-0.270653983755333,-0.152478338171423,-0.153711442739896,-0.34418642014992,-0.111780348694595,-0.0825985354554399,-0.107531945761995,-0.344454254857012,-0.0173480698593666,-0.123487916345273,-0.0796913012273451,-0.357514561160159,-0.0979963174286365,-0.3537939302713,0.0836740773800748,0.0600944596723336,0.044294221409835,0.0630092189606714,0.038702331924877,-0.177611647471338,-0.140522831369548,-0.126382505760915,-0.125034358089251,-0.0812905599394258,-0.0148056877241022,0.0137998458806229,-0.00289891689212585,-0.0179948852301845,-0.0108917853486801,-0.312831437270967,-0.332637186033752,0.735618785424079,-0.0200752041137735,-0.00593015289344653,-0.0926670940335971,-0.0412240063127497,-0.0460667328717293,-0.0555832464348928,-0.00300214789330865,0.204901780530124,0.0850220063574241,0.0515701396180766,0.149128035558905,0.0675362971133688,-0.306568295580426,-0.138842320107863,-0.157792700830345,-0.133294648784929,-0.0668263880325257,-0.27306528226547,-0.188574238417315,-0.193823072736383,-0.189373123903536,-0.34624660933449,-0.263810231442435,-0.355561600062418,-0.128061491846072,0.642714160243011,-0.0418290154664308,-0.104736164181515,-0.0558576257958127,0.567185290766171,-0.0681682473275772,-0.0479287270038321,-0.184437288294411,-0.148447173530397,-0.180298157279475,-0.148113993770969,-0.08302148855505,-0.346526917883814,-0.105424374560257,-0.123147666489543,-0.350262479999396,-0.0559018338248518,0.0680906162328654,0.0559926981659451,0.0267572141454902,0.0416754429332225,0.0268882235751788,-0.108463399217857,-0.0710447040150173,-0.0981677388368972,-0.359253059897505,-0.35565540563997,-0.272812500171569,-0.110888324903304,-0.124925996679841,-0.106031383364369,-0.0430383096815594,-0.246423993845242,-0.255595499789311,-0.188673803133759,-0.144223991630145,-0.0796166472832267
"k__Bacteria|p__Firmicutes|c__Clostridia|o__Clostridiales|f__Veillonellaceae|g__Phascolarctobacterium|s__unclassified",-0.285744080140259,-0.35353888217099,-0.351661390178769,-0.28438610431905,-0.195087667935282,-0.137449071943022,0.886550046821327,-0.10641883781274,0.000113494767799761,0.576921345361073,-0.220993394272609,-0.170927526682189,-0.155599135753653,-0.0445929479183799,0.0234862590997717,-0.307804154711102,-0.295224745728329,-0.325046595268327,-0.337589162757449,-0.110850729720635,-0.0490874321105487,-0.0575180933728417,-0.0476752344465521,-0.0630476198507581,-0.0459379243643016,-0.161989403090904,-0.171135763930343,-0.177889358201584,-0.143549560572883,-0.127737633092112,-0.355650109121159,-0.307717923227852,-0.26893306842755,-0.146530167766012,-0.336664023155161,-0.25396472129649,-0.140307402122625,-0.128790739487596,0.030459089206929,0.0465497679086664,-0.0557534257101694,-0.0345914444220334,-0.0319576249223516,-0.0652601846036101,-0.0274115855640281,-0.225987356414713,-0.224684915744469,-0.345945670954519,-0.174965403380969,-0.120862118196693,-0.226701755231749,-0.270653983755333,-0.209118452713846,-0.0598569365577351,0.730447783930489,-0.287751893638125,-0.242641737913199,-0.246724332303183,-0.344454254857012,-0.0357084064987669,-0.140446859131163,-0.117519972164195,-0.357514561160159,-0.0118337117673278,-0.3537939302713,-0.170177077648864,-0.161003675860369,-0.167641821348731,-0.17800751615875,-0.130440452210889,-0.095522869815092,-0.0768598246550887,-0.118308131173234,0.0021817117924267,0.028051157575536,-0.108293697446303,-0.108754081887599,-0.118529261542703,-0.054144495854826,-0.0041961465356916,-0.312831437270967,-0.332637186033752,-0.351889968040456,-0.198536345408867,-0.102379568699799,0.0847276462025879,0.0631344561538305,0.0342125596883966,0.0581748456629692,0.0126524670829454,-0.0671881685318334,-0.00701628759795701,0.0516423664059432,-0.0710687974528907,-0.0447676067564867,-0.306568295580426,-0.214818102564567,-0.212391019379734,-0.0783430597046394,-0.0339034885592376,-0.27306528226547,-0.11394700139716,-0.0945271131386519,0.0443198439072519,-0.34624660933449,-0.263810231442435,-0.355561600062418,-0.286717981322762,-0.357686648808836,-0.0691882361595321,-0.177843227545596,-0.122803939228771,-0.357786678446751,-0.0270810919101784,0.0209278938361602,-0.184437288294411,-0.20631627693697,-0.202190827251184,-0.0884719394856829,-0.0382150331179805,-0.346526917883814,-0.108256546271081,-0.0919634936492553,1.19440623119428,0.0785133310099654,0.0745965477960575,0.0509532157694948,0.0481105956482847,0.0219886130071826,0.0198283362479692,-0.136773417437216,-0.118574008485273,-0.118603406916657,-0.359253059897505,-0.35565540563997,-0.272812500171569,-0.266844015085254,-0.272401927970559,-0.147864601480909,-0.0714491790088058,-0.414274331034406,-0.255595499789311,-0.396814117268467,-0.235375495052394,-0.138025999512936
"k__Bacteria|p__Firmicutes|c__Clostridia|o__Clostridiales|f__Ruminococcaceae|g__unclassified|s__unclassified",-0.285744080140259,-0.195213668542455,-0.185741157024501,0.0443569079277867,0.160398999902219,-0.00851370272563345,0.610555375673419,0.389139309930757,0.468595762049713,0.576624647078228,0.15673434966264,0.30603804147764,0.398052388403172,0.56379485296495,0.64104886268944,-0.307804154711102,-0.0865648484311162,-0.0748649267919683,0.99405329574209,0.426359339191132,0.144397798858525,-0.135304111736276,-0.183874208939588,-0.0571682198637174,-0.17279391136545,-0.552917590610853,-0.367342023064905,-0.442044753193187,-0.391419932580251,-0.187590263364031,0.262213435068664,-0.307717923227852,-0.26893306842755,0.758257424487644,1.56056703325148,-0.25396472129649,0.34160046163708,0.394056558428539,0.571387665580921,0.767403425294658,0.0592087596062641,-0.0603105707712182,-0.0565647001867374,-0.071006617817343,-0.117151495999214,-0.481738211177413,-0.241180804099149,-0.345945670954519,-0.0567355834681682,0.161919721929979,-0.0902723544957264,-0.270653983755333,0.35099405609506,0.521639533721377,0.715212534588015,0.10410957953593,0.323979508240969,0.378390754806561,0.81234447674231,0.683857590626183,0.0311589664032604,0.275148312421979,0.526357364760235,0.430512186091186,1.00604832423986,-0.107520491248117,-0.203178449977357,-0.213987882168155,-0.212478698101808,-0.197862868795226,-0.0893411120034819,0.162833122301144,0.26679110216289,0.375203950687449,0.515262380371545,0.0235465496028052,0.134801746432363,0.10954114829299,0.17192067201152,0.231444927330414,1.17630336797149,-0.332637186033752,0.839659832858953,0.422871666538748,0.507533245823753,-0.175099985687398,-0.0641179929532193,-0.0999727861137817,-0.0648037226983467,0.0177400420815854,0.389116007097182,-0.0106583556926209,-0.0138918030436619,0.101022305563193,-0.0742217173748684,-0.306568295580426,0.0740783530995418,0.109958258096291,0.284044083399542,0.49391248768445,-0.27306528226547,0.343109938468148,0.400650539579385,0.546001917920204,1.01509178400701,-0.263810231442435,0.518223014177218,0.16704324002945,-0.357686648808836,0.586975025054053,0.195812638235449,0.4692684715508,0.782242439218062,0.652391207798281,0.749802916427815,-0.184437288294411,0.0326518463248767,0.0498131584577946,0.245848197054246,0.481828242512033,-0.346526917883814,0.430937454767052,0.503786048040197,0.767096726101984,0.755406180936047,0.0932083136415894,-0.11573098561315,-0.179341623437132,-0.143958085671323,-0.244851886193943,0.234767590288197,0.469613216067149,0.544325490120701,0.700858582795148,0.896242930695483,-0.272812500171569,0.134746255573179,0.180603327005543,0.407115942890765,0.593250490492411,-0.508608267751337,-0.255595499789311,-0.0819039511402896,0.212634181928862,0.498534213483701
"k__Bacteria|p__Firmicutes|c__Clostridia|o__Clostridiales|f__Lachnospiraceae|g__Roseburia|s__unclassified",-0.285744080140259,-0.354103962339081,-0.356969102470198,-0.127138132028775,0.0341571011493472,-0.0231651695500282,0.569477014366259,0.295139561446358,0.429670357338488,0.771441735193469,0.0187208630621183,0.191423127706696,0.291446602177126,0.472918463000309,0.568077448781666,-0.307804154711102,-0.248735545059439,-0.209278053600764,-0.337589162757449,0.302959309182603,0.00375882495166669,-0.19312714442582,-0.231089031148267,-0.17438088427013,-0.228505822658351,-0.536089009415169,-0.404823324540466,-0.457636184561148,-0.393269253288811,-0.22113721346167,0.00158348319715338,-0.307717923227852,-0.26893306842755,0.552646424761076,1.26549301682335,-0.25396472129649,0.243416688575634,0.326283531353091,0.520707809782812,0.698707454835165,-0.0112078440578964,-0.0722621459838114,-0.0757890927756204,-0.0990792940048068,-0.134443747659392,-0.480803397271328,-0.305723471973048,-0.345945670954519,-0.124034940978586,0.0795570771489152,-0.148638573033822,-0.270653983755333,0.230133693134067,0.450965182321908,0.726118488877321,-0.0501633138390188,0.138136353623492,0.202935664145493,-0.344454254857012,0.578031761128415,-0.00829252768265604,0.194002225035295,0.625547949629111,0.383187594024801,0.783306790831729,-0.202766474391211,-0.29041356391153,-0.301065087924218,-0.29909704542644,-0.277335351114153,-0.128332305666731,0.0983273679013476,0.177624568953835,0.32561661473089,0.450860355270088,-0.0632357418302212,0.0485814269549143,0.0251283997513716,0.120069615486806,0.180095435086316,-0.312831437270967,-0.332637186033752,0.772830712576419,0.255947533138036,0.370282507314799,-0.0929406589162541,-0.0122774060737416,-0.0516513122006549,-0.0230816167204021,0.0277917752419903,0.234581100488488,-0.0273784437939553,-0.0222271437254156,-0.00361444825321139,-0.113577774575449,-0.306568295580426,-0.0131905105739373,0.0206009934655279,0.221541431234908,0.419383824075514,-0.27306528226547,0.259041530747435,0.333137834021421,0.520525163749,1.020290910018,-0.263810231442435,0.518111972687247,-2.50126047535248e-05,0.586672675854692,0.466226147451334,0.104136473486776,0.352296353242178,0.788662515930317,0.582837308907134,0.673896676039196,-0.184437288294411,-0.0578632888173274,-0.0257366173745953,0.197736885747428,0.399708445641368,-0.346526917883814,0.35552217100046,0.391237961152704,0.669675180030803,0.706435302326806,0.0487546846807067,-0.113832687905627,-0.154076501346066,-0.172446448151388,-0.234920285085363,0.140489585746177,0.353161550313456,0.416942901626917,0.673494206223674,0.688364661944283,-0.272812500171569,-0.0133092079141673,0.0383699665289475,0.287900342159199,0.47479825101681,-0.592191491799215,-0.255595499789311,-0.24580370606812,0.0840556076654648,0.367861963624739
"k__Bacteria|p__Firmicutes|c__Clostridia|o__Coriobacteriales|f__Coriobacteriaceae|g__unclassified|s__unclassified",-0.285744080140259,-0.0763696240597762,-0.0932872978780481,-0.176163592999766,-0.151936395892531,0.203075486391888,0.560838010602437,-0.0180610429394394,0.0263657111988795,0.628707547507326,-0.086220066257531,-0.0963659864818039,-0.111682350696994,-0.133537361803403,-0.123681018250942,1.30629178180004,0.0867032010410012,0.074752254007296,1.02604928622265,-0.104378490482416,-0.346140157457063,-0.103822361096218,-0.0445218440611282,-0.175521442297695,-0.0103440463157058,0.220294230388141,0.089239321392956,0.116004631219309,0.11920505285422,0.0286161665874048,-0.279332052511432,-0.307717923227852,-0.26893306842755,-0.32005892233268,-0.336664023155161,-0.25396472129649,0.0499794093808191,0.0596281109182957,0.0806937046126955,-0.107894951689851,-0.19957608812002,-0.0715378916911249,-0.0471821341502804,-0.0838456288149365,0.00274700875429295,0.378795796545582,0.139973027427161,0.875125248030431,0.147820239724501,-0.036491434817914,0.190181644787179,-0.270653983755333,-0.0312098505943437,-0.00288994834181641,-0.34418642014992,-0.0501875760786766,-0.149096113716252,-0.125928637725933,-0.344454254857012,-0.202251338935108,0.135071630198969,-0.030499823786048,0.45776501497078,-0.0127050854413548,-0.3537939302713,-0.168412362392712,-0.0975070798911303,-0.0978313226256669,-0.0968587249496819,-0.0421109926340589,0.244479034215505,0.0684756406877059,-0.0124763028114958,0.0397147575027619,-0.102579102658291,-0.0472486284947456,-0.0940047251175495,-0.107333338983251,-0.0784245670881816,-0.0825053580326374,-0.312831437270967,-0.332637186033752,-0.351889968040456,-0.233433578365166,-0.214943092225106,0.229392804533104,0.112894922722869,0.107236830918052,0.125435884015365,0.017326349521566,-0.545701528187951,-0.163878175326408,-0.0607511081821673,-0.321644687175224,-0.0884062495028106,1.36535319274908,0.0834136033320491,0.0790923034788778,0.0840755953400136,-0.0902238768151172,-0.27306528226547,0.0725394174251881,0.0782334525278649,0.124134511685196,-0.34624660933449,-0.263810231442435,-0.355561600062418,-0.0599786324398118,-0.357686648808836,-0.176564589088205,0.00232175919593403,-0.123720805726008,-0.357786678446751,-0.124290548223348,-0.175824161774635,-0.184437288294411,0.095084289871411,0.0866802779550667,0.112232576999801,-0.0702636885502209,0.856727739302795,-0.0580084618876045,-0.0424652450250594,-0.350262479999396,-0.125821103608805,-0.148708452818517,-0.0162517986762929,0.0714673450142812,0.00502115852650314,0.108625908536526,-0.00257975694887547,-0.133181033884619,-0.120907286220192,-0.359253059897505,0.620590042705261,-0.272812500171569,-0.0380833315694705,-0.0447695431765,-0.0669821713544626,-0.157612120191599,0.311976642330716,-0.255595499789311,0.0634356809220448,0.0187770384446251,-0.126633644701951
"k__Bacteria|p__Firmicutes|c__Clostridia|o__Coriobacteriales|f__Coriobacteriaceae|g__Eggerthella|s__lenta",-0.285744080140259,-0.0316048315714793,-0.0477080149151281,-0.0364692287302819,-0.0212659014369817,-0.214199432796998,-0.349561937619713,-0.180576069033411,-0.204308029451287,0.644913120495756,-0.116102803254892,-0.145296131073238,-0.151889636409224,-0.15141026589553,-0.136786862091791,-0.307804154711102,-0.149130032696672,-0.175845559212782,-0.337589162757449,-0.126835048218148,0.141921397776593,0.073331408275178,0.0564513820622024,0.104354097497052,0.0468550899822062,-0.049496563345228,-0.0175741271377479,-0.0142820461813241,-0.0230335856597086,-0.00794688762577892,-0.116893213642073,-0.307717923227852,-0.26893306842755,-0.14691495921356,-0.336664023155161,-0.25396472129649,-0.225070227211127,-0.256381853521529,-0.276079310911212,-0.204940828877388,0.103626641497231,0.0629869141945973,0.045478707793651,0.0634543357834114,0.028151191817932,-0.180250235926414,-0.113911406691206,-0.345945670954519,-0.140929633446106,-0.0788335742613353,-0.247354693956554,-0.270653983755333,-0.219627569848759,-0.238596084248981,-0.34418642014992,-0.133744756069933,-0.137094152558659,-0.177014012411369,0.796608536303957,-0.126329357197883,-0.154368301342082,-0.130764732800984,-0.357514561160159,-0.168660305113881,-0.3537939302713,0.0729416748898188,0.0606277647621964,0.0613129669698376,0.0749043786688681,0.0456058993319876,-0.184116260609552,-0.164694566911815,-0.160026834311265,-0.212020123916063,-0.142958967071425,-0.0507511980298359,-0.0447217145940582,-0.0461841138579514,-0.0736703601146876,-0.0649949759310612,-0.312831437270967,0.998383380020482,-0.351889968040456,-0.0981378327659828,-0.0940999299822933,-0.0720418541316843,-0.034167103548392,-0.0541060383528402,-0.0373945547825454,-0.047735961643146,0.205262426730629,0.115280051600372,0.0722458056771546,0.193900599654412,0.110261446571922,-0.306568295580426,-0.157291232257232,-0.208735473776379,-0.197010202844446,-0.140334143250324,-0.27306528226547,-0.218750307152484,-0.254132566665712,-0.288477705426754,-0.34624660933449,-0.263810231442435,0.502668761353705,-0.166958169281288,-0.357686648808836,-0.124395004088208,-0.173112920532401,-0.143827330138874,-0.357786678446751,-0.172241949748479,-0.134408817808065,-0.184437288294411,-0.195494539055654,-0.202125885811236,-0.229118194961954,-0.144776116301696,-0.346526917883814,-0.17995246437536,-0.214549220448573,-0.350262479999396,-0.182449793570131,0.0925037151005993,0.0646762940419087,0.0465315299994654,0.102082494281628,0.0542763997402646,-0.169567546149434,-0.151039605656718,-0.175572123645054,-0.359253059897505,-0.35565540563997,-0.272812500171569,-0.153136287564502,-0.176075081708239,-0.186482947243777,-0.125190421499639,-0.235453859514292,-0.255595499789311,-0.218550509636045,-0.230532834831849,-0.150805629442352
"k__Bacteria|p__Firmicutes|c__Clostridia|o__Clostridiales|f__Ruminococcaceae|g__Faecalibacterium|s__prausnitzii",-0.285744080140259,-0.195418865381002,-0.167583638781681,0.0163627988440388,0.132003185472731,0.0252191082605242,0.763372703053828,0.34589066483225,0.46602276131283,0.645651926552514,0.144789997852273,0.270115013763128,0.361505927482842,0.493506254941399,0.574818663237884,-0.307804154711102,-0.0717684418452568,-0.043434758910027,-0.337589162757449,0.377277907926488,0.052383636100028,-0.167224455919375,-0.205870792287322,-0.129649958438518,-0.213844557072309,-0.471849983110586,-0.333914182695596,-0.352811817673682,-0.316835444492064,-0.155855427359924,0.222806373108574,-0.307717923227852,-0.26893306842755,0.653412642368212,1.07812142548285,-0.25396472129649,0.320438935902288,0.393978185183779,0.520735284857003,0.689885068138597,0.0139621734470496,-0.0571009648382454,-0.0612326206717408,-0.0701711657132442,-0.104517510780622,-0.396989227670279,-0.191729707681326,1.53082748765436,-0.0391204178005672,0.146028663432047,-0.0307382501297003,-0.270653983755333,0.341042466438135,0.500976569187324,0.750759792775427,0.104061578507406,0.273030717519172,0.34037070047147,0.793837566687049,0.599440619185595,0.0729069476400811,0.257008985202874,1.08053449000967,0.384765475194165,0.391951896410951,-0.108189852115765,-0.188530898573404,-0.212638513962025,-0.201735734842668,-0.183601694596068,-0.0537578986201139,0.158667569225376,0.227883926736819,0.327590717170097,0.455416345889702,0.0212059621263425,0.112328336849842,0.10172334637186,0.154585403430865,0.203325108841897,-0.312831437270967,-0.332637186033752,0.73432546218737,0.348183291224336,0.439386692223834,-0.122806097054545,-0.0164885286540092,-0.0432023378662137,-0.0202060641746119,0.0246106990175472,0.29493768202816,-0.038070839392113,-0.0296354495790299,0.047750239924978,-0.0999475058860304,-0.306568295580426,0.0850651370450348,0.111333349308388,0.259047859782431,0.440673615145767,-0.27306528226547,0.324888783528581,0.390723734116265,0.506775893680078,0.849647283894303,-0.263810231442435,0.499732280759112,0.168463005249224,0.93124559387608,0.503940740002356,0.20719329085896,0.431438957618823,0.666772609384002,0.603146532484624,0.678154676172034,-0.184437288294411,0.0515568039865075,0.0901301690231404,0.249919648666808,0.434868382031211,-0.346526917883814,0.396084843260635,0.45373442672406,0.747937141546176,0.677386637387029,0.0108171177911506,-0.150671410623781,-0.195841779739695,-0.206729056982183,-0.261697591317236,0.210615915405615,0.433256061885773,0.485096037478269,1.05444969992417,0.716651829482164,-0.272812500171569,0.122414980664848,0.172823568200186,0.36037347089599,0.519034004053731,-0.395230769809506,-0.255595499789311,-0.0549315958249656,0.199259395035095,0.435300674792388
"k__Bacteria|p__Firmicutes|c__Clostridia|o__Coriobacteriales|f__unclassified|g__unclassified|s__unclassified",-0.285744080140259,-0.212687045817897,-0.185778362062167,0.015355310298022,0.137803425105401,0.0341236924215047,0.564626761309343,0.391967027996897,0.490765968245604,0.647865075351318,0.177477985182394,0.321918085679542,0.40144164317904,0.57802444669868,0.630242207337002,-0.307804154711102,-0.101655814932577,-0.0828897285194889,-0.337589162757449,0.40622848179877,0.0900468053854847,-0.138509761812071,-0.180011924596146,-0.0975432462103827,-0.185758421868691,-0.52205924970688,-0.358507417214371,-0.400536168079059,-0.365609233949481,-0.166984413176797,0.252055551588991,1.23457601829896,-0.26893306842755,0.727305532220637,1.06488040180997,-0.25396472129649,0.327727032778134,0.390669502272992,0.558956522920634,0.768734846064044,0.0182538616462846,-0.0664633441635681,-0.0597979513871218,-0.091392198199523,-0.120525909162749,-0.472613454923342,-0.244692517771959,-0.345945670954519,-0.0519602139110208,0.156293249140292,-0.0483654385566471,-0.270653983755333,0.349490441931968,0.525036334943864,0.725033230199725,0.102322308692703,0.306576373831002,0.36580653853134,0.815197209904926,0.676069318763225,0.0241217342341738,0.273013063790562,0.517900734361434,0.425016068540675,0.569890071000723,-0.110697290987912,-0.204107573301768,-0.204909395815463,-0.198347016017295,-0.195621209276479,-0.0734745206926947,0.168343228187946,0.242354765549831,0.36534885213655,0.519419245191768,0.0101805956226647,0.13075610534454,0.118502349719059,0.194795717048624,0.196769333463291,-0.312831437270967,-0.332637186033752,0.80569945246283,0.385714042952496,0.491837245877251,-0.166608294725249,-0.0265847764906007,-0.0661417989453664,-0.0290002630465967,0.0256874706142171,0.319495838193589,-0.024254669291633,-0.0178158021623927,0.0331929414815653,-0.109239698998824,-0.306568295580426,0.0582426450334213,0.094004917682448,0.273680550548619,0.485416116444457,-0.27306528226547,0.337125817227802,0.374557954782586,0.571464312131732,0.854472436421514,-0.263810231442435,0.504471549724571,0.158391040063386,0.620062235011627,0.567338876192023,0.202029344218625,0.45007848878979,0.711460929870663,0.631366640150487,0.725974243769005,-0.184437288294411,0.0350981439392662,0.0588870238571175,0.25682232685982,0.460049575748039,0.830244766971641,0.430802609200705,0.491836695746561,0.691172315902896,0.747115355441199,0.0698604311564556,-0.119875137958232,-0.195721530001128,-0.1855124169807,-0.260781681429872,0.24668529140997,0.463787776935167,0.543780673903823,0.629359029673608,0.649113441550528,-0.272812500171569,0.108357560344437,0.175164184686922,0.402702395361577,0.57752645154131,-0.453125984442907,-0.255595499789311,-0.0738748872121021,0.197515256733445,0.497506775845687
"k__Bacteria|p__Firmicutes|c__Clostridia|o__Clostridiales|f__Ruminococcaceae|g__Ruminococcus|s__unclassified",1.37828145463612,0.0709916528983449,0.115799326473667,0.299756625967827,0.357134426920409,0.0435387070756631,0.564626761309343,0.466672209432704,0.472138774622741,0.580918180040855,0.378830738038098,0.474069557796127,0.560692757140773,0.655621762293036,0.652007115454252,-0.307804154711102,0.0792217543693634,0.105533641098398,-0.337589162757449,0.547043885696317,0.320106734554646,-0.0301312994008349,-0.15358287222462,0.0625443911789388,-0.15160787937539,-0.516686180840982,-0.263170928728262,-0.326324661296063,-0.320942399266963,-0.0915928149672028,0.645335013523125,1.23571296268071,1.53492571053618,1.00420967564157,0.991701258241129,-0.25396472129649,0.406338412732094,0.45329897947344,0.517084387438924,0.770208289737154,0.191024526219573,-0.00996005126590746,0.000255484759818838,0.0234878027770567,-0.0939303431283484,-0.479117890916289,-0.115776374267985,-0.345945670954519,-0.0015934336709755,0.268236371118655,0.034732440194742,-0.270653983755333,0.526979245262399,0.575455238827551,0.768590449353957,0.313657720928044,0.546806452237826,0.594838427903973,1.03495938994179,0.771732809427223,0.0730480312693602,0.361451164144961,0.553575688990095,0.429505981930305,0.633881672141418,0.0641582577055221,-0.0525953418314302,-0.0651541003859374,-0.0423370286199311,-0.0905838855331807,-0.146228600904599,0.188731351247149,0.307302845479682,0.305245255527342,0.533273452460057,0.0863437063735453,0.239291195526699,0.248818688863288,0.24745910982392,0.252781233323269,-0.312831437270967,-0.332637186033752,0.81489544876531,0.636947386981375,0.645569809443974,-0.313407011580776,-0.127022554139694,-0.150425196994764,-0.162449475845431,-0.00318906929422771,0.667780011477652,0.0871387056724907,-0.00772404963500665,0.288198746293686,-0.0160309387728541,-0.306568295580426,0.180851263242924,0.225151256601172,0.31429472769361,0.557774008877294,-0.27306528226547,0.372805456888837,0.434307388200421,0.45582616859775,0.91292891222965,-0.263810231442435,0.527286711153455,0.412270526355346,0.584301034566713,0.698787397280975,0.319460676961941,0.58101970923064,0.795072656196249,0.703864945981691,0.768895017440262,-0.184437288294411,0.13990452992271,0.165528692361675,0.261380327886373,0.543360622324765,0.82086640117571,0.517099901442405,0.56753159829725,0.752575001999553,0.758790745306725,0.139897412785962,-0.101962535957837,-0.253790826645472,-0.14276097480475,-0.307218346159198,0.33623084122748,0.605350996960875,0.665194468962009,0.765136836488099,0.742484450764267,-0.272812500171569,0.338939276914605,0.384426449580127,0.518532364112657,0.703381865422447,-0.337721308330953,-0.255595499789311,0.186489702931514,0.354380122849285,0.63967268917895
"k__Bacteria|p__Firmicutes|c__Clostridia|o__Clostridiales|f__Clostridiaceae|g__unclassified|s__unclassified",1.37863190145941,0.360418022640572,0.368961834293472,0.372617700410362,0.31122281184321,-0.145695935481941,0.571088551666707,0.00641515930921483,-0.117280645627713,-0.35681970895717,0.215050524119619,0.168901278834915,0.131687749160337,0.0832274273693338,-0.00816540241201184,-0.307804154711102,0.128419324637739,0.105252832150388,-0.337589162757449,0.150923963429837,0.426063584045775,0.211740686966065,0.140331318289118,0.302470774112352,0.112453435013314,-0.0952808190237053,0.0804046330738382,0.0399972722929614,-0.00877306048792581,0.0664679265961871,0.499025413098566,1.23372246091145,-0.26893306842755,0.364535706387075,0.935307114801545,-0.25396472129649,-0.0392223904237774,-0.0937648662625281,-0.222547917682289,-0.0538817451361589,0.263850353695424,0.101055916419867,0.109368291453916,0.142814932464154,0.0310222560002124,-0.179815217828678,0.0574518339152995,-0.345945670954519,0.00028445795196775,0.141741278428498,-0.0836614356898428,-0.270653983755333,0.0728391985618134,-0.0656940109205681,-0.34418642014992,0.238257651334549,0.270900401774497,0.262463195908091,0.793905242745794,0.158075922791668,-0.056891769662409,0.0740312302119056,-0.357514561160159,-0.0521728341729476,0.348352631710696,0.350997454956843,0.283375482447326,0.306228581919449,0.301311910863205,0.213114978181171,-0.215822015496423,-0.0631380238746932,0.015306945578116,-0.155331816737206,-0.000112439071407462,0.124583299447273,0.178358300530813,0.178465019108204,0.0923777235331979,0.0861193638237568,1.17106084395782,-0.332637186033752,0.750797437146331,0.328070272762521,0.244665559048641,-0.30332628695811,-0.146742252901327,-0.170223741116377,-0.169670748993972,-0.0234172467072673,0.609632400725012,0.189013244664685,0.0546987017678871,0.412520487023308,0.150639803009679,-0.306568295580426,0.0304281125486548,0.00899681435482595,-0.0981610697006488,0.0384046389960852,-0.27306528226547,-0.10465294115885,-0.125535578562124,-0.27837708843661,-0.34624660933449,-0.263810231442435,-0.355561600062418,0.216489078039365,-0.357686648808836,0.169026410946721,0.0752877062984963,0.162455260269584,-0.357786678446751,0.0430195662543918,0.0486877981337746,-0.184437288294411,-0.00272319657625172,-0.0221297737752064,-0.131591960335037,0.0175531611833513,-0.346526917883814,0.0340936853096064,-0.0118370932403821,-0.350262479999396,-0.0282181102241775,0.122857282273457,0.0198053329435125,-0.0869799861689045,0.0169760200178254,-0.0990491861329771,0.0680733588178064,0.155328107730181,0.118373836610306,0.548888977586015,0.59330877931162,1.55163534422068,0.192054109789108,0.16922878750171,0.102276398355624,0.146231449478533,-0.0430200907939435,-0.255595499789311,0.170286960055593,0.0749401788735028,0.158860737116547
"k__Bacteria|p__Firmicutes|c__Clostridia|o__Clostridiales|f__Ruminococcaceae|g__Faecalibacterium|s__unclassified",-0.285744080140259,-0.413798371466978,-0.410369591642229,-0.182410317599096,-0.0105090380831066,-0.0148770466126441,0.745499740605405,0.279637909526057,0.455420854399371,0.893446347907547,-0.0254953115930026,0.161641900450031,0.225741973152478,0.438149022385909,0.576916011608352,-0.307804154711102,-0.254706747177273,-0.24766138083852,-0.337589162757449,0.288738611305494,-0.0526903975758399,-0.240712807342495,-0.250147181654859,-0.186928192303261,-0.240234579199895,-0.55120358787387,-0.428814224282832,-0.503344884728581,-0.40609655524274,-0.244379013893112,-0.0407178471799809,-0.307717923227852,-0.26893306842755,0.519189203075143,0.952415555163005,-0.25396472129649,0.254396039171843,0.315679065439371,0.551647993475971,0.710094286224455,-0.00960631925227286,-0.0867023975906622,-0.0732293366932655,-0.106720029374937,-0.130557869853499,-0.48292545320023,-0.326363386654766,-0.345945670954519,-0.125806580573203,0.0587854823541981,-0.141392141226649,-0.270653983755333,0.210838329526756,0.46217507581808,0.788149678514509,-0.0927297908629504,0.100240682909194,0.164137131251307,-0.344454254857012,0.532467395553132,0.00624187383178988,0.191151935593259,0.919364430803392,0.387389804483652,0.41414319463739,-0.279529902505927,-0.341935725330589,-0.364623705290763,-0.349337988536424,-0.307892704953243,-0.0952529520037215,0.121570679065077,0.146725716997102,0.348839892904791,0.471123028195883,-0.0610050551744351,0.0533823125850693,0.011602473816508,0.105658499409585,0.190933583799685,-0.312831437270967,-0.332637186033752,-0.351889968040456,0.194191224483366,0.346242093330442,-0.0652263639527753,-0.0045907533530768,-0.0371108778235335,-0.0134989383132112,0.0305740664138571,0.149757843285896,-0.0741438325403934,-0.0218233854357602,-0.0583868815049641,-0.142976272370881,-0.306568295580426,-0.0308239088685664,-0.00693634393585146,0.23956355585475,0.413863281737165,-0.27306528226547,0.290713227141844,0.337284891753342,0.560143371634337,0.936526452573162,-0.263810231442435,0.522654593213156,-0.0275535823277821,1.06313591628449,0.437298471126809,0.0986897252356684,0.327046122941385,0.727219460315783,0.574399819491187,0.667213269796697,-0.184437288294411,-0.0539590002121493,-0.043935118087257,0.205992830155086,0.40185403836173,-0.346526917883814,0.321493608415437,0.406963132484109,0.717023148563053,0.701060833021948,0.0517284637926937,-0.0943340309037413,-0.139319700735653,-0.154737909658952,-0.198778832346608,0.122459652390502,0.331175009728616,0.401001214727438,0.708127603092822,0.785288518372158,-0.272812500171569,-0.052210021409059,0.00309042440187287,0.273026662998721,0.46001014838658,-0.612941865243988,-0.255595499789311,-0.290394221491922,0.0635027827020091,0.343703549062197
"k__Bacteria|p__Firmicutes|c__Clostridia|o__Clostridiales|f__Lachnospiraceae|g__Lachnospira|s__unclassified",-0.285744080140259,-0.252632461337917,-0.239731516255027,-0.0831885763397377,0.0342330636182205,-0.0251769413302249,0.699367736253398,0.235441375036138,0.343337754816862,0.698293141203636,0.036821060468339,0.148046525905374,0.224934949063551,0.342105188208061,0.425620073505572,-0.307804154711102,-0.167256257735453,-0.146477557913241,-0.337589162757449,0.243930573186281,0.0442883098154131,-0.116155686612352,-0.16543935574699,-0.0789651593110754,-0.163543736976694,-0.39764809240339,-0.29902242407917,-0.334629878383889,-0.290344999234686,-0.154655364711043,0.0516982037035705,-0.307717923227852,-0.26893306842755,0.44747524265768,1.01751650543785,-0.25396472129649,0.202152477575707,0.243265812013957,0.384869890869433,0.530455336167388,-0.0050735513508236,-0.0589267427713721,-0.0678362323123985,-0.07136504114357,-0.0929469972607905,-0.34647206395126,-0.231465645380469,1.17626847684633,-0.0818863183932622,0.0699483232963872,-0.109280546846348,-0.270653983755333,0.180728716116679,0.342684089266259,0.710816630346506,-0.0242009634338102,0.123438672384955,0.186876628911486,-0.344454254857012,0.443734204710553,-0.00925380956593667,0.152520222752735,0.514099000690568,0.275738789637877,-0.3537939302713,-0.133699701631975,-0.190411758481051,-0.207922540198106,-0.185650986876901,-0.170964408884334,-0.083111030173429,0.0826439929926222,0.133890849011188,0.23914319612915,0.341023682847094,-0.0236452947097998,0.0535522468355189,0.0127305597985606,0.0992647384386005,0.135438118000485,-0.312831437270967,-0.332637186033752,1.16490900548911,0.21107546205756,0.305153668376564,-0.0930158270082216,-0.00707819401242692,-0.0496280846483596,-0.0130778702574395,0.0176072766436714,0.215396664604662,-0.0119141439869729,0.00609813630321842,0.0376554011192409,-0.0637266630046801,-0.306568295580426,-0.0173526228121892,0.00459839586420763,0.154797067884937,0.315874774556416,-0.27306528226547,0.197721531185754,0.250676929737398,0.390039875467464,0.919521274466253,-0.263810231442435,-0.355561600062418,0.0469057165022373,0.700724661665385,0.361718710695737,0.0852827374093854,0.26421723812953,0.564884214965913,0.434614897537706,0.489744005904365,-0.184437288294411,-0.0329472376969155,-0.000445364062617258,0.158865484478331,0.305282363407722,-0.346526917883814,0.270495252855399,0.3227670616593,0.675818471544517,0.519689821527865,0.0732048763138743,-0.0718636110673529,-0.105850967784552,-0.088392256374564,-0.168366907811936,0.109605951583372,0.287092986893484,0.326888847212505,0.830830988828724,0.611961139449692,-0.272812500171569,0.0112250342134908,0.048519037275305,0.239489715959453,0.375644199211151,-0.420358122600026,-0.255595499789311,-0.150614322776987,0.0718988222378772,0.290075691156341
"k__Bacteria|p__Firmicutes|c__Clostridia|o__unclassified|f__unclassified|g__unclassified|s__unclassified",-0.285744080140259,-0.0492015839262545,-0.0118474621104836,0.125236509252559,0.195302268826891,0.293926677433185,0.627946434067171,0.526658495350783,0.611316145277287,0.762652199985078,0.28349701970063,0.441272861287249,0.505160410176394,0.609073110617419,0.62785405389755,-0.307804154711102,0.188259230032757,0.206623521176888,0.98343836023224,0.510374164173929,-0.0739714859462343,-0.199072405828853,-0.231705583065772,-0.168488223834808,-0.212478793742436,-0.319067583717288,-0.229152894921155,-0.26241318764586,-0.213794214192658,-0.100452915798693,0.373274200491732,-0.307717923227852,-0.26893306842755,0.766244222667244,0.991982415988082,-0.25396472129649,0.590924271313391,0.610174607255644,0.7679398942263,0.800937235745303,-0.0747583810280645,-0.130125484003191,-0.131810287513307,-0.138148805824362,-0.136145397260498,-0.0835921127817124,0.0213708364455094,-0.345945670954519,0.173653623223306,0.258191781904514,0.270379327977704,1.53721031727798,0.561436441853382,0.717003714648026,0.722859173081467,0.298445007278688,0.457678410898543,0.535431083947175,0.845409067711723,0.688441771189208,0.261585255176036,0.413337162617683,0.632661617358109,0.513947048065262,0.4630529671082,-0.144055694641119,-0.195194856285045,-0.174484551979084,-0.180585312328854,-0.157276610482161,0.181263326798633,0.340216505231032,0.370082662682394,0.486385410184534,0.537150290722947,0.0416049406429724,0.151879950012552,0.149219291059454,0.194632271467608,0.234883503935753,1.45983125817854,1.00097264895323,0.944433671367558,0.474397212288692,0.529378018089118,-0.0317240706840466,0.0238312458410865,-0.0152630292468443,0.0331377427680861,0.0499016913407013,0.0426523834533583,-0.141839215148163,-0.0882325736494522,-0.125265311318418,-0.162913985412582,-0.306568295580426,0.310355649764274,0.339369548673761,0.475326769697747,0.562279918500844,1.53833412596415,0.576330125788271,0.624695034685409,0.766969809002737,0.871734491611366,-0.263810231442435,0.511650377465043,0.416333626795802,0.603118516796513,0.627282218693509,0.378665345282131,0.57372941740293,0.620215133332991,0.713352914261179,0.724884353706471,-0.184437288294411,0.29264061230691,0.307730294368366,0.46487171963873,0.545308873971025,0.82086640117571,0.588610750085089,0.667298768692382,0.684643763953915,0.778756855749346,-0.052688373407415,-0.178769636039538,-0.231437164830132,-0.218063376617454,-0.255677324357376,0.401832051696836,0.581527864006137,0.657703170588875,0.626219615063911,0.666158878777341,-0.272812500171569,0.351831600406229,0.404605581792958,0.565709769677282,0.621202750226234,-0.0252640901911444,-0.255595499789311,0.259057690035331,0.479280325039608,0.594202543738785
"k__Bacteria|p__Firmicutes|c__Clostridia|o__Clostridiales|f__Lachnospiraceae|g__Anaerostipes|s__unclassified",-0.285744080140259,-0.278566786722472,-0.307459685384071,-0.245732524621451,-0.151679567511105,-0.187737173846565,-0.349561937619713,-0.14490555183374,-0.0573203676038541,-0.35681970895717,-0.228531772893503,-0.186854705465681,-0.181856235148054,-0.0877681527267138,-0.0128671797045785,-0.307804154711102,-0.316580541168721,-0.340656427125059,-0.337589162757449,-0.118713889766817,0.0141062810108644,0.00795234884117056,-0.0177898806867041,-0.0201350228207071,-0.0261855366367416,-0.195524775480045,-0.16218850929832,-0.175278201358223,-0.156695941958748,-0.105486695516193,-0.301603831030817,-0.307717923227852,-0.26893306842755,-0.156849279957082,-0.336664023155161,-0.25396472129649,-0.195781917784842,-0.181799435420151,-0.0974979202616643,0.0147213545483897,-0.0105623601720978,-0.000176656158980829,-0.00704358115090385,-0.0104582635844049,-0.0293354038748386,-0.27039224936607,-0.247584639697342,-0.345945670954519,-0.186675095004339,-0.110902165199144,-0.261370546951629,-0.270653983755333,-0.224740722919414,-0.0998627612537322,0.707506974170347,-0.267551828360475,-0.234106932276947,-0.245896632540788,-0.344454254857012,-0.0584072584806129,-0.162090756186449,-0.127076797718896,-0.357514561160159,-0.0644493887587597,0.368973518345409,-0.0611013446623791,-0.0715136938228349,-0.0921344176800799,-0.0860418080920561,-0.0615978148212395,-0.146777268355167,-0.114496326085023,-0.13398800760938,-0.0541005110410331,0.00760728856896091,-0.0898207828586552,-0.0764903276128922,-0.0731572732719843,-0.0492015899074207,-0.00323973761286887,-0.312831437270967,-0.332637186033752,-0.351889968040456,-0.179619436108074,-0.0855888429578583,0.0123522402501118,0.0171275408782945,0.0282257568728004,0.0135052365485188,0.0227249554948979,0.0252945816480569,0.0251022675950516,0.0398964408254708,-0.0272665975646036,-0.0299786831526239,-0.306568295580426,-0.21595990248545,-0.242783171536676,-0.128223537143709,-0.0589686049314276,-0.27306528226547,-0.168200020648035,-0.163429713898744,-0.0741661589765214,0.820627372288266,-0.263810231442435,-0.355561600062418,-0.292167292286594,-0.357686648808836,-0.0803170410119886,-0.180136386299456,-0.13774064875302,0.554206850118976,-0.0533696438797416,0.0125108102611456,-0.184437288294411,-0.239417504368083,-0.248863310574468,-0.138881232223696,-0.0710676645288397,-0.346526917883814,-0.135724253385798,-0.145733226004095,-0.350262479999396,0.0363764868924581,0.0845587641905476,0.0386322974164761,0.0600706070808863,0.0397949487378352,-0.000836158669213532,-0.167908720847758,-0.140302807029157,-0.137254893741434,-0.359253059897505,-0.35565540563997,-0.272812500171569,-0.267171037618198,-0.280934175488588,-0.167011309526424,-0.0862034394240718,-0.424848439286251,-0.255595499789311,-0.399141823125917,-0.272713880910171,-0.145006297933555
"k__Bacteria|p__Firmicutes|c__Clostridia|o__Clostridiales|f__Lachnospiraceae|g__Lachnobacterium|s__unclassified",-0.285744080140259,-0.250655783719978,-0.269783008710916,-0.204748266559268,-0.117530374376974,-0.182840915772807,-0.349561937619713,-0.154177697524088,-0.0698291670301759,-0.35681970895717,-0.203140092470822,-0.170613261744811,-0.181527973910704,-0.0772423945896681,-0.0182490316427327,-0.307804154711102,-0.282306972455339,-0.314863071702116,-0.337589162757449,-0.118924772678056,0.024444670171706,-0.0171484135901003,-0.0176838022480619,-0.0136149532141195,-0.0308002230146517,-0.14303878627259,-0.129689953721244,-0.140807567390943,-0.115994501561974,-0.0915630182239481,-0.291014415043415,-0.307717923227852,-0.26893306842755,-0.153461482003298,-0.336664023155161,-0.25396472129649,-0.184440043931887,-0.196153727044306,-0.102430655081903,-0.0302661850118906,-0.0133424721118947,0.0037318455023256,0.00138725648397155,-0.0301181245674156,-0.0192626776960448,-0.22930531657008,-0.237468513667003,-0.345945670954519,-0.160785114325459,-0.103907868862545,-0.266507438996949,-0.270653983755333,-0.213209667478861,-0.127221281248676,-0.34418642014992,-0.254912171756865,-0.226994066614475,-0.208330350506026,-0.344454254857012,-0.0473967748606371,-0.148257938790612,-0.119240675171237,-0.357514561160159,-0.0784093017556104,-0.3537939302713,-0.084731248530328,-0.0637273869819996,-0.0743515413882779,-0.0885027875590962,-0.0674698315472103,-0.166526458605846,-0.122428665017496,-0.152050211918797,-0.0844996009124961,-0.0188748309481824,-0.0882538073238275,-0.065969149826546,-0.0849981242185796,-0.0360030040701112,-0.015782984007595,-0.312831437270967,-0.332637186033752,-0.351889968040456,-0.16048444119106,-0.101192893385009,-0.00570220948516891,0.00823120644490986,0.00412307150012693,0.00401741661805399,0.0020737834632475,0.0724556578388339,0.0221388599383372,0.0564474948507711,0.0330494517753832,0.0135894919459894,-0.306568295580426,-0.20517904827874,-0.219513196170124,-0.149118193146502,-0.0812455319802597,-0.27306528226547,-0.171200272921286,-0.177895379264504,-0.0904330506397035,0.824002630170789,-0.263810231442435,0.501653262826001,-0.270685203946849,-0.357686648808836,-0.091121764184045,-0.181500444761218,-0.139064859804458,-0.357786678446751,-0.0696584618933273,-0.0186509628354617,-0.184437288294411,-0.20825435568496,-0.241162810773504,-0.151564868230772,-0.0756006501714722,-0.346526917883814,-0.14819458440142,-0.149397709660034,-0.350262479999396,0.00349762258184154,0.0808436951544436,0.0376745014410923,0.0430318694587988,0.0253465887817155,0.00549289342804999,-0.152767646223397,-0.13799660363722,-0.135763534543347,0.680343766788292,0.597196536737125,-0.272812500171569,-0.243831810190221,-0.27926575550395,-0.166659494754865,-0.0833240253786497,-0.391940656042222,-0.255595499789311,-0.356537246264681,-0.245147979459162,-0.12926773975995
"k__Bacteria|p__Firmicutes|c__Clostridia|o__Clostridiales|f__Lachnospiraceae|g__[Ruminococcus]|s__unclassified",-0.285744080140259,-0.0444374434051454,-0.0224619844780654,0.148375229593167,0.22549756951915,-0.0200967723131113,0.571625154160324,0.327372730254712,0.39783621790951,0.681646007400521,0.230263825396886,0.305002833906689,0.379353843948093,0.490616665433843,0.518188559486171,-0.307804154711102,-0.0243593894020546,-0.0140545775679472,0.983763657128772,0.408331453411518,0.206703714647686,-0.0813298532899809,-0.136888209164975,0.009953738228628,-0.145072600070919,-0.475060719011417,-0.266916125845906,-0.309989957538195,-0.274472675621015,-0.115861354767615,0.390749934199012,1.23393591857056,-0.26893306842755,0.756457855950896,0.972394664871192,-0.25396472129649,0.287954751992148,0.320804236351754,0.438713478010284,0.647636285469601,0.11507392518652,-0.02032454951448,-0.031445553378238,-0.0162768392773961,-0.0835888985959951,-0.442880289361393,-0.164335998149365,-0.345945670954519,-0.0337808376026029,0.183544463739756,-0.0451943763071856,-0.270653983755333,0.354229922092879,0.432837669853284,0.709714628264733,0.172338289059935,0.378698874495823,0.404579255076088,0.796473545045528,0.626007225752809,0.0405010175101533,0.266478647426178,0.616584106703197,0.357311267665839,0.517531175397586,0.0196908941673753,-0.0801354467357073,-0.0736169209801744,-0.0531659574762026,-0.0831552454972327,-0.129265837694662,0.136341399517232,0.229135969681169,0.286840351634215,0.447753823986355,0.0877387301044654,0.208915830308367,0.206109033722607,0.237004786346288,0.237447974004935,1.17590107121735,-0.332637186033752,0.770753097182514,0.463628893731187,0.498575410677873,-0.212032851838071,-0.0802135197174105,-0.104501162278008,-0.0871607199864693,0.033578093222328,0.474910843878694,0.0368280789331585,-0.0347517382368085,0.16169564495057,-0.0570295352621329,-0.306568295580426,0.0783305777997662,0.0917516993461653,0.214248032216197,0.444449124444644,-0.27306528226547,0.27384618920831,0.307398978641285,0.386362158418895,0.846177875975544,-0.263810231442435,0.500749730923144,0.247103365268258,-0.357686648808836,0.553215942950544,0.223620699179417,0.465519074368215,0.554956410508087,0.593252588684432,0.657048897394606,-0.184437288294411,0.0503858632054915,0.0575849526108667,0.185691159184589,0.422597744124081,-0.346526917883814,0.405214422788636,0.422801883876467,0.674044028127275,0.638713731701919,0.0690140349657446,-0.124626172432087,-0.224445755907411,-0.18660687191053,-0.302379574165115,0.240978131592802,0.467636620086803,0.503685304624106,0.589389642926666,0.595902296275547,-0.272812500171569,0.183153116552991,0.229222635595335,0.397553090025525,0.543066996284343,-0.380231776727158,-0.255595499789311,0.0112195820341378,0.218192725701012,0.48660838787166
"k__Bacteria|p__Firmicutes|c__Clostridia|o__Clostridiales|f__Lachnospiraceae|g__Roseburia|s__faecis",-0.285744080140259,-0.243365315449921,-0.250590453568929,-0.185752858072219,-0.133141324565209,-0.155602447393541,0.560295586789264,-0.156058756558747,-0.0887664028033938,0.561575952126528,-0.218682542691432,-0.193105202271504,-0.182860630564419,-0.112393141895366,-0.0440593413000949,-0.307804154711102,-0.283763995276562,-0.300682575530566,-0.337589162757449,-0.12458699321876,-0.0151719704280878,-0.0309879055247522,-0.0101514680107873,-0.0325601043107309,-0.0281416745564628,-0.121444111601162,-0.123380858559715,-0.131406081443873,-0.112167987383273,-0.0741508861037302,-0.263806092956617,-0.307717923227852,-0.26893306842755,-0.165944305766304,-0.336664023155161,-0.25396472129649,-0.186678485958264,-0.196940005793848,-0.107331965067214,-0.0374213160372162,0.0289193609752694,0.00836431351055248,0.0194163825950464,0.0177261973269769,0.0116569803393425,-0.210686804649709,-0.210563690148732,-0.345945670954519,-0.163309355990519,-0.110648038063865,-0.25340933550551,-0.270653983755333,-0.241334225808291,-0.121411483579499,-0.34418642014992,-0.246056023441462,-0.226672160916767,-0.228269169979089,-0.344454254857012,-0.0761657831904835,-0.141341779268553,-0.1237644550299,0.458915696363454,-0.0580402678130169,0.341966041150555,-0.0593342186060278,-0.05589033879277,-0.0809549552795233,-0.0765696824547221,-0.0539662672247805,-0.143474366364696,-0.132339067784192,-0.1711364905747,-0.0827287743670721,-0.0556310234649157,-0.0547962694357773,-0.0542483165005526,-0.0639079786318072,-0.0365754212767084,-0.00322676776045691,-0.312831437270967,-0.332637186033752,-0.351889968040456,-0.176331470048317,-0.103109307215064,-0.00272330045550284,0.00490684025288544,-0.0057576580799576,0.00869791977042004,0.00124005822605185,0.038175549991846,0.020703357764589,0.0428464982016029,-0.00450086569113567,0.0199336033298247,-0.306568295580426,-0.203031904882171,-0.234340076572212,-0.143797155647581,-0.075415547522318,-0.27306528226547,-0.169375973528401,-0.188793906801591,-0.092086379667204,-0.34624660933449,-0.263810231442435,-0.355561600062418,-0.273114218795809,-0.357686648808836,-0.110050443563048,-0.168644598514646,-0.133358307097435,-0.357786678446751,-0.0722126555683916,-0.00582229377784305,-0.184437288294411,-0.216184558079155,-0.236422541039702,-0.148474596232861,-0.0916727283706995,-0.346526917883814,-0.156780937529429,-0.159192121471505,-0.350262479999396,-0.0265364163810529,0.0444333506587346,0.0500453371607558,0.0515173356318422,0.0251813927581237,0.0206144968652883,-0.151897991387297,-0.14308920217056,-0.131905453954858,0.548888977586015,-0.35565540563997,-0.272812500171569,-0.248541634166672,-0.263751254434652,-0.176504789846429,-0.0947474405666996,-0.357365275626228,-0.255595499789311,-0.344067989843358,-0.245984425189331,-0.149086328435847
"k__Bacteria|p__Firmicutes|c__Clostridia|o__Coriobacteriales|f__Coriobacteriaceae|g__Collinsella|s__unclassified",-0.285744080140259,-0.0459413131601201,-0.0415068944512388,-0.19091528544709,-0.211478953615208,0.521158128172421,0.609006250222151,0.191165027255938,0.223673485743529,-0.35681970895717,0.0142109606398934,0.0181478027018502,0.0535641238496428,-0.0109386091315307,-0.0350743351500295,1.30948648522575,0.358891455572175,0.38140942343655,1.06584045177078,-0.0432558046665401,-0.59789804975527,-0.220517441846002,-0.10261978012445,-0.332856542939527,-0.0588468182641703,0.410127268937166,0.169558545725466,0.218334990041496,0.243174225727197,0.0349970133677443,-0.294814233538541,-0.307717923227852,-0.26893306842755,-0.363763642895745,-0.336664023155161,1.84835730805035,0.382786077971373,0.393384565419855,0.436731079320898,0.0146298155939377,-0.449858524748229,-0.208033445515917,-0.185104068075424,-0.23108800796557,-0.0401355675344355,0.814062017082686,0.377944180429748,0.913162807948016,0.359163141263544,0.000709667245283467,0.549238007008993,-0.270653983755333,0.22016341508902,0.226636933962806,-0.34418642014992,0.0964725057695802,-0.0558215617488259,-0.0116814337733342,-0.344454254857012,-0.1939613894498,0.377686464852577,0.108009971419367,0.548155908005137,0.145292601418943,-0.3537939302713,-0.375616872240553,-0.256036653145362,-0.251146531316577,-0.274871414225308,-0.156421295297512,0.645256330970641,0.349111249771477,0.215449261658083,0.314936951074234,-0.00138154556956952,-0.0499635419946532,-0.172136383410243,-0.198095112009705,-0.112563217603851,-0.114628372779377,-0.312831437270967,-0.332637186033752,-0.351889968040456,-0.248176003152115,-0.254855949725509,0.467685632133638,0.220034141816919,0.240731588572139,0.232456234120484,0.0451446543365875,-0.976832452101991,-0.315150287814301,-0.0868126846274483,-0.597092644170351,-0.186130241713825,-0.306568295580426,0.35178896005818,0.358287306827257,0.364105903242322,0.007826292590883,1.64082944960755,0.431681021796913,0.444190349065765,0.50248717095612,-0.34624660933449,-0.263810231442435,0.509300500671482,0.113318543031157,-0.357686648808836,-0.160024561904249,0.188560197754215,-0.0194659390712063,-0.357786678446751,0.0026746072622506,-0.156477114242875,-0.184437288294411,0.390632553912049,0.416063301521521,0.403040833411938,0.0186714745086851,1.26180137149384,0.156439694857174,0.20233718719356,-0.350262479999396,-0.0505818883478662,-0.291288391465869,-0.0943628030913329,0.0546708396024398,-0.0733814791109587,0.151973985331449,0.176378337048011,-0.0431109217879744,-0.00887902858335076,0.550162098408892,0.607746595645652,1.6290992788812,0.175797397832725,0.209378690432184,0.134626123382767,-0.143759925621459,0.761606505381374,-0.255595499789311,0.37038511170346,0.282638691310473,-0.0612099239435762
"k__Bacteria|p__Firmicutes|c__Clostridia|o__Clostridiales|f__Ruminococcaceae|g__Oscillospira|s__unclassified",-0.285744080140259,0.318156808728549,0.37049134066499,0.529228333205234,0.502903558930129,0.0207282188256296,0.667224154545063,0.489876323298757,0.403679374603939,0.624803325523293,0.539319508410687,0.573847027295879,0.640419983538045,0.668987535495241,0.610729764138912,-0.307804154711102,0.24992841008133,0.284113787746382,-0.337589162757449,0.598817228299684,0.50786839097761,0.0839408434378921,-0.0460907514491658,0.200772606265881,-0.0598973535334549,-0.447194785658395,-0.12699959299762,-0.190769685575081,-0.212152540175176,0.00292191102728454,0.934504861043824,1.35752166827642,1.56378056560446,1.12937754006306,0.988321184918041,-0.25396472129649,0.415199870274786,0.446044673341953,0.379683830255644,0.691722085841218,0.280155637837593,0.0469586450536611,0.019654120542294,0.084812486536504,-0.0552993167624715,-0.442338373982103,-0.0218386446299372,-0.345945670954519,0.0602633000558153,0.355127350813134,0.0909271492230741,-0.270653983755333,0.585882864311454,0.537619355701305,0.739050548143376,0.502579866728715,0.698688557144961,0.732398930378424,0.829209422456799,0.778248485442776,0.0861069126589975,0.40806397564462,0.464458733436916,0.399599241908194,0.485504440852332,0.260996264993588,0.118585991487253,0.123840254798641,0.151988223223179,0.0515013429762193,-0.185537566517587,0.16749567104678,0.358155448851041,0.235657728047992,0.466631687932376,0.159719652823186,0.328961853848953,0.331693412425552,0.271514922837667,0.300103684253651,1.25479085115203,1.0167509207097,0.781509865834203,0.807955290629072,0.737763085108337,-0.43696485212309,-0.19230573148019,-0.234780360729528,-0.222687072185074,-0.0116869867733685,0.875851489304243,0.150010899852294,-0.0114474734195552,0.470937637394055,0.0552784594837691,-0.306568295580426,0.236879120889833,0.293056791445668,0.29012855736628,0.534426023068084,-0.27306528226547,0.354210559503005,0.387886136345461,0.317667765067517,0.850363592072712,-0.263810231442435,0.519554551189295,0.580298438520828,0.584301034566713,0.749848715829939,0.384611125335565,0.661893233499031,0.649234661120069,0.6717389901181,0.721347381724135,-0.184437288294411,0.209403598112999,0.233373325686468,0.219789612631545,0.517538538929222,-0.346526917883814,0.56071792894661,0.570653816373536,0.735716345401041,0.667747800794661,0.188694503219564,-0.0890371874216943,-0.264240366203341,-0.110994991497495,-0.315451480583413,0.414813565618629,0.679235000647137,0.705901799293388,0.589933213992829,0.782175939513445,-0.272812500171569,0.47633201825435,0.52133174455942,0.57439042658252,0.718160806320356,-0.142352701070448,1.69888120005135,0.411813145374266,0.46608275692805,0.721683071430518
"k__Bacteria|p__Firmicutes|c__Clostridia|o__Clostridiales|f__Lachnospiraceae|g__[Ruminococcus]|s__gnavus",-0.285744080140259,0.780002063136383,0.833494999710305,0.7747610967797,0.595550532582804,0.333600241560229,0.604344422873193,0.500229923073372,0.277530879186265,-0.35681970895717,0.750069634806951,0.64529005581737,0.661278801005059,0.468465739636861,0.23860474889499,-0.307804154711102,0.746923265915249,0.794858752501089,0.987334956366944,0.554430838057358,0.376774572044016,0.171354842117285,0.0728609200566326,0.274974883148664,0.104417209576273,0.0978949023078241,0.248955887396813,0.256112656511091,0.185236921136573,0.234433436627036,1.17950213026867,1.55461576282046,1.53603400484638,0.895809640477066,-0.336664023155161,-0.25396472129649,0.500950209661506,0.523909550962782,0.267451374367902,0.301026590866457,0.225263026828935,0.0718839581210253,0.0429653333162186,0.128646243127968,0.00694679191518194,0.234480898500148,0.446671577379167,0.913528654918326,0.372474768263277,0.429914724799767,0.564783768622993,1.56440746101705,0.742699897850914,0.470351867146625,-0.34418642014992,0.81805014788395,0.84380477930416,0.854113685341131,0.852646067125723,0.48405213918699,0.334633994616275,0.437910139502939,0.577352276328862,0.270177538485913,0.459693121601807,0.340012563057208,0.297666195670678,0.309013704175436,0.323540150950523,0.232188552185791,0.183476519661022,0.319653814259698,0.453537947559272,0.213208997768327,0.282738867244873,0.297780382224433,0.361712578231108,0.395078330107489,0.251719869076069,0.197698786587537,1.18511319578778,1.12153609968318,0.820847596779888,0.79514084215285,0.577498101014146,-0.249449931072459,-0.120960132768201,-0.139733030078574,-0.138863825818546,-0.00282205700353378,0.451234498879123,0.0375726705478804,-0.131010316245468,0.277111918829844,0.0605004406210155,1.22619026492949,0.529407819125842,0.589166591075663,0.379143698352199,0.376334060559479,-0.27306528226547,0.433384233322719,0.461585124699432,0.182579286395955,0.827854887789101,1.63577502608462,0.501314534023573,0.880095048539477,0.733981450255826,0.547501397668162,0.542318107519553,0.604323683942554,0.562499556235715,0.3939668845201,0.32208145157101,-0.184437288294411,0.52431759127993,0.569052591064285,0.342444896476199,0.386829615303628,0.877531758164943,0.525337354592027,0.498923276431456,0.657110004188588,0.260970546572305,-0.0127577876141885,-0.108832669836113,-0.247659859218887,-0.124965752482196,-0.220934828136301,0.537066512284405,0.616320996308357,0.601870112020231,0.552914979041705,-0.35565540563997,-0.272812500171569,0.75671076427216,0.801799576703936,0.605611777669243,0.512861968595911,0.748261964760994,1.69840400323268,1.00361950041938,0.746588304592498,0.657196141034542
"k__Bacteria|p__Firmicutes|c__Erysipelotrichi|o__Erysipelotrichales|f__[Coprobacillaceae]|g__unclassified|s__unclassified",1.74381991056503,0.720397569513792,0.777426981385963,0.755935763033802,0.599184714760206,0.36672673014901,0.680783179229266,0.607331193007856,0.403449082046391,0.689363750140364,0.765227647295276,0.695706483496867,0.763009263186395,0.595505440177746,0.423291555269044,-0.307804154711102,0.752331469404375,0.803570408944821,0.985972874164752,0.616546233190453,0.324195825839667,0.0982078547950792,0.0204704831653144,0.174654702445796,0.0339157095705091,0.013243313939212,0.199591224758057,0.202636150674083,0.126062987710462,0.190321864745761,1.15694664960525,1.26206566989376,1.53203838360892,1.01349500027234,0.986626854243883,1.7379382560881,0.624418422686739,0.657987342816033,0.435334756131469,0.462651204742497,0.184786376868285,0.0203173799020604,0.00542111512248334,0.0712335807011007,-0.0286548687202086,0.219894057471393,0.43627758479541,0.86423328185557,0.396788911277502,0.454614657364674,0.580536928191062,1.54749612224679,0.826052288363741,0.595301928168999,-0.34418642014992,0.831634042686193,0.891543038699825,0.918360373514831,0.855513539539617,0.616609469099867,0.364963429141026,0.49412946894549,0.462359817401815,0.384112564896698,0.618539676053738,0.282046028660953,0.228172117972857,0.23822223092565,0.223519111042761,0.153336675396882,0.231393879214058,0.398349653867785,0.544923560458389,0.292057808074568,0.35029934587305,0.288163603413659,0.35851388324665,0.373124520692936,0.268414681126482,0.226860515244425,1.19936393626473,-0.332637186033752,1.00200756116331,0.838121206043681,0.650086148785031,-0.283845693864058,-0.162450316193799,-0.15612688773405,-0.156443709706276,-0.0318746521280201,0.464967215088366,0.0259170822539912,-0.111524365346911,0.293110270574149,0.0446863814607102,-0.306568295580426,0.601645349826938,0.635492521491852,0.468689672716191,0.472771491446591,-0.27306528226547,0.564731180507963,0.606418290525893,0.368799015108585,0.860456551983365,-0.263810231442435,0.505596644270768,0.925184411374474,0.670689096242665,0.654313688939571,0.609743506530659,0.700023550058849,0.596059633491273,0.556990390827567,0.471140047726322,-0.184437288294411,0.573422411945006,0.634789955698652,0.450887203687575,0.482033419565821,0.864086679620574,0.643445278566146,0.643720597188064,-0.350262479999396,0.418882799060664,-0.0301686200344002,-0.140518098629105,-0.25717205309639,-0.151326053522026,-0.230080957835762,0.601113597711728,0.713558101533855,0.715676162787805,0.567887112497611,0.595513697275079,1.557832528178,0.798646924070871,0.86960142592096,0.716468317445584,0.625383778167305,0.721888292098422,1.69697104495265,1.00737039125819,0.812532604093154,0.74637909675799
"k__Bacteria|p__Firmicutes|c__Clostridia|o__Clostridiales|f__unclassified|g__unclassified|s__unclassified",1.38735339403501,0.481244485791914,0.517062689539883,0.610693759660146,0.529410962185783,0.0521616204589784,0.570551661076252,0.419317658042147,0.278169266695776,0.589889679812328,0.544827620455765,0.542694317009144,0.586811905482148,0.534963438174825,0.429856379268417,-0.307804154711102,0.37331347491314,0.409205074306929,1.01109745016693,0.519906033781195,0.478009480548967,0.121183317906956,0.00267953434845935,0.257789713193281,-0.0128560446255846,-0.277573285180448,-0.004792043773374,-0.0627753590878854,-0.0948100726517248,0.0563595885761531,0.943559397659108,1.23741595921664,-0.26893306842755,0.971770491893964,1.26185097944808,-0.25396472129649,0.372328904676743,0.402756381684062,0.27501012013512,0.474902273968308,0.269416372149887,0.0532193063297558,0.030241261704723,0.0996793569620439,-0.0417041123132656,-0.214781831417842,0.141191346029628,0.869407425294833,0.137102403055911,0.33314641270749,0.151821236648222,-0.270653983755333,0.53826580488037,0.409747290346271,-0.34418642014992,0.545295111662747,0.712413925815524,0.69970343289407,0.831493232506161,0.627796851632119,0.145825137871488,0.392042229604304,0.63153327696699,0.305684852495482,0.660282422085072,0.29622333993532,0.188936389537768,0.213763233595879,0.215058638916951,0.124639789878507,-0.0787188697529135,0.195552444736511,0.35668096376098,0.166255327261399,0.350566359880268,0.188628386019146,0.322970669847945,0.313208220987573,0.242603027483252,0.226954248115231,1.17469320898637,0.999678852525824,0.953309913993649,0.752574963313373,0.65590318966659,-0.419086992658271,-0.20398218380294,-0.225927481054167,-0.221372116247775,-0.0453680758450054,0.803255027306183,0.158808696943358,0.0108269196275059,0.482180920891432,0.123112399086454,-0.306568295580426,0.309353180731894,0.341136693689931,0.246957138053057,0.428800190165574,-0.27306528226547,0.346417899175451,0.366791376800719,0.183091094965237,0.825961186932889,-0.263810231442435,0.59080592081998,0.605143403009121,0.765507642063654,0.619786685685002,0.40802486168141,0.610553344926751,0.630104122761706,0.539407238599795,0.542772776911613,-0.184437288294411,0.276105092373523,0.294232190165155,0.21530343381543,0.415944776781098,-0.346526917883814,0.478127824942842,0.491426854326624,0.671133584517277,0.466007078753159,0.106531545681001,-0.0964666746567577,-0.252574693053883,-0.103597151886648,-0.274522338566014,0.378032027627748,0.601452571309671,0.605112840945977,0.774782034728401,0.926565341725916,1.521175091841,0.532709235215429,0.576938309909282,0.521789243727058,0.583011775320842,0.0724221497849621,-0.255595499789311,0.54000365123879,0.485026962800245,0.61882616297918
"k__Bacteria|p__Firmicutes|c__Clostridia|o__Clostridiales|f__Lachnospiraceae|g__Coprococcus|s__unclassified",-0.285744080140259,0.230436859135758,0.263387925138842,0.399350242354795,0.432330538758973,0.0490755786045687,-0.349561937619713,0.441109778227955,0.39978361342895,-0.35681970895717,0.435025134804602,0.505011783537955,0.567192270047508,0.600682956183772,0.565423269275224,-0.307804154711102,0.168740578488459,0.208712977900617,-0.337589162757449,0.539324810776212,0.399046690605312,0.0585414571264121,-0.0648170051738551,0.136866736217906,-0.0994451195321403,-0.410406134562709,-0.153272575064429,-0.20542917797039,-0.193077999683511,-0.00490605419862419,0.743563005862064,1.2642076923403,1.53203838360892,0.980893314462631,0.937090588423018,-0.25396472129649,0.336045502354349,0.392001540862156,0.373472510584181,0.622215041885158,0.26408029193927,0.0789844011491367,0.0216164273768847,0.0765077714128977,-0.0804002148842707,-0.418421236548915,-0.0670678923495212,-0.345945670954519,0.023579131825329,0.297636070316893,0.116527541156995,1.54179485252815,0.5072323657292,0.53445044680984,0.716308497899924,0.394032423246981,0.595147492980682,0.630461712851952,0.820351256190346,0.71328119015835,0.07658491218125,0.339708129067196,0.516273189386679,0.372776174726868,0.44272245034906,0.213997463951512,0.074848223833084,0.0728122080563607,0.117238524571613,0.0191168223568004,-0.161312927276893,0.132318974847431,0.304297735475141,0.242541937455074,0.463295162047743,0.176191247721691,0.310130675717091,0.336299015362573,0.269466943379494,0.269724152506651,-0.312831437270967,1.00368418506486,0.757774634283905,0.682639577765478,0.646725946228977,-0.345361892849783,-0.144440144961272,-0.18492585458731,-0.150399730584459,0.0153524101475701,0.644452532555799,0.077785992253842,-0.0609342313495603,0.313570307745676,-0.00759541753693448,-0.306568295580426,0.187981529674848,0.208055334764898,0.261144622597449,0.495679932185976,-0.27306528226547,0.29720299132663,0.342254387612044,0.332219432448863,0.96321117098814,1.59115852414715,0.503119763229765,0.48286848931529,0.577152174689747,0.66926713887256,0.300599426856978,0.5757278161592,0.567496893786446,0.611066274709639,0.662729924908801,-0.184437288294411,0.144876975194561,0.188061094408428,0.212154553137736,0.483433959599521,-0.346526917883814,0.471218442941594,0.514621637100169,0.668052232123607,0.632451831203755,0.119286008546941,-0.104297529752188,-0.251108498456902,-0.151524237803533,-0.343431387365399,0.363587644460444,0.590924540337274,0.624542294606285,0.565244825115477,0.660590221539441,-0.272812500171569,0.367025123006521,0.427194260460183,0.503898734206183,0.654157894470195,-0.178944933415096,-0.255595499789311,0.304180864146094,0.391835992688285,0.649255379802785
"k__Bacteria|p__Firmicutes|c__Clostridia|o__Clostridiales|f__Lachnospiraceae|g__Blautia|s__unclassified",-0.285744080140259,0.779613111024559,0.855593852044534,0.877633804183873,0.746022005377977,0.568298102367706,0.77350683713332,0.904232560676105,0.727258362739615,1.10926711953067,0.975097597189352,0.977260928744785,1.0977100030842,0.96168333805205,0.750034092338201,1.2677076938356,0.888892151571838,1.0061308247683,0.993151528646984,0.924223418258652,0.330673298036083,0.0521890415577462,-0.0558853623531189,0.141226271361731,-0.0630613200407951,-0.103826516873833,0.126795204416297,0.104247732927247,0.0420691469050849,0.168304925404637,1.4547899453237,1.58291597141542,1.55033115667406,1.47820710751094,1.18862131257265,-0.25396472129649,0.920734483452892,1.01063900406134,0.821685981050415,0.888495100746631,0.167405961579797,-0.0201947719709418,-0.0539930446568605,-0.00152679811921159,-0.0915210146756146,0.156400260467397,0.466459582653632,0.968502535419253,0.495284429797145,0.620512191580434,0.796697848387792,1.54863248600538,1.18139350476908,0.982377014096208,1.06817220503026,1.05086259610094,1.19353390294298,1.24843311773693,1.29840984811826,1.00082129332811,0.503711195510072,0.722409837651379,0.949504408181801,0.643282771517569,0.670189275812222,0.283871348533885,0.170285957542473,0.17689120414682,0.197370818585388,0.099207818788301,0.286085405571124,0.551141252151703,0.769053429370423,0.556607824762805,0.653019947417806,0.332494321433511,0.46285940740928,0.495903657866963,0.366284938996248,0.327489142548257,1.24131369581309,1.31156045931746,1.6851854313277,1.13637813131387,0.947701808424481,-0.366493041341395,-0.194498608429048,-0.213620014342582,-0.221348003615805,-0.0289534281958787,0.468362372386718,-0.0309744281491504,-0.184852921874939,0.226041895522337,-0.0261141746025047,1.22661677778721,0.786538745193914,0.876031242457358,0.719538483266686,0.788549858745793,-0.27306528226547,0.84551122113308,0.931443018660988,0.727893958536896,1.17243605059927,1.87421634346269,0.692627159032138,1.19543643999565,0.807532062000667,0.997262367790734,0.825170009675539,1.01222694673663,0.934053353720178,0.923207174676957,0.8446055579628,-0.184437288294411,0.756405025349322,0.831023766361076,0.684462556869215,0.787016358192949,0.969443435311977,0.939103033008156,1.03095341885247,0.740411098290218,0.812516214682588,-0.0318044002031901,-0.186007636976504,-0.364080222009538,-0.234769607267312,-0.359224931254721,0.836269153486231,1.03102082347083,1.08085920325781,0.847507759133844,0.734511395976407,-0.272812500171569,1.01713622026882,1.13545695109277,1.01044463088811,0.969779689546966,0.791100932309461,1.977328395319,1.24789875248866,1.11731501069216,1.10296845614519
"k__Bacteria|p__Firmicutes|c__Clostridia|o__Clostridiales|f__Lachnospiraceae|g__unclassified|s__unclassified",-0.285744080140259,0.719478100538919,0.822579356544017,0.806506613399645,0.688857606927087,0.651956830797853,0.617240659378495,0.962986334334857,0.792490691924783,0.804981561323999,0.970306433356403,0.977253894497883,1.07252556038615,0.955536389176864,0.757040042529124,1.26637653362822,0.949932531880289,1.05458904840601,1.02598692876427,0.937548164349545,0.205516473113604,-0.0138090619177015,-0.0996823511868092,0.075628810849245,-0.072513530511906,-0.0435461298778707,0.121322153185825,0.108067865464011,0.0774663599125078,0.162544417474565,1.39360256230482,1.42339611900779,1.67924007259372,1.42607489875583,1.26677528138292,1.71442347593639,1.01150128784181,1.13215201552589,0.943909889657617,0.933935859904732,0.0746985339826748,-0.0728429253640624,-0.0885644615471406,-0.042858450891518,-0.105883157529707,0.325720832007088,0.529648451287842,0.856711936018736,0.553795164732198,0.60649479928237,0.901329255402321,1.53721031727798,1.22605661352893,1.0479268088546,0.7518175021322,1.06196740725531,1.17925215643477,1.25307712359187,1.13372126643578,0.975393901804103,0.607246628597703,0.767784587019926,0.788667780719389,0.709104741100008,0.827280152496992,0.179931562660806,0.0944927426725824,0.102159880037148,0.139000826596317,0.0726578088621605,0.430920960404819,0.652845360972153,0.830154759373371,0.659747264423533,0.692744205420471,0.326710198623543,0.441626448905261,0.472701127665214,0.381521502860907,0.338121541543049,1.28518802469996,1.13270533502287,1.10554750222985,1.09318661458509,0.920567943187051,-0.234436785968455,-0.125902160298681,-0.1308652945746,-0.118061415730611,0.0101120205453337,0.27851867817043,-0.12060263706477,-0.224515679172595,0.0866537191191264,-0.111506251838321,-0.306568295580426,0.840010229191261,0.925953178836216,0.798247913096271,0.792442658175954,-0.27306528226547,0.96463220888517,1.04666770291138,0.877012131446099,1.10111341777183,1.66621391938155,0.656639904240945,1.20771423736552,1.41117615795146,0.990936935268982,0.887906453961711,1.03346140344623,1.36646282956146,0.980437011890081,0.85787662771186,-0.184437288294411,0.824325791095065,0.897486070641442,0.783348869135118,0.810462262294422,0.893540343365274,0.993965385308354,1.08091235304594,0.799233220824376,0.840922421599695,-0.105762793688417,-0.243683908836227,-0.396877895257363,-0.278240694962297,-0.360645733458228,0.901060687438755,1.04110683775605,1.11125805770674,1.01709101217484,0.769192313938735,1.51950185967317,1.06391379642802,1.16435105900209,1.07406583777406,0.98002641321479,0.9055027805762,1.70316575502809,1.27777098116073,1.17587236577301,1.1072120853151
"k__Bacteria|p__Firmicutes|c__Clostridia|o__Clostridiales|f__Peptostreptococcaceae|g__unclassified|s__unclassified",1.38178040852082,0.321723063206227,0.33579859763914,0.373542724686314,0.329793344441963,-0.143850762440106,-0.349561937619713,0.105897104261205,-0.0144128735767818,-0.35681970895717,0.253949922649033,0.241025260324417,0.228055424043436,0.20218665736904,0.132782370027105,-0.307804154711102,0.100384641883303,0.084400305476888,-0.337589162757449,0.21807950805696,0.414930795542994,0.16104842552549,0.0646962382053298,0.237318594184475,0.0550838210938925,-0.152852067458245,0.0266742567915528,-0.00757349430895383,-0.0397851090798948,0.0789516885847738,0.55918765543343,1.25623831313485,-0.26893306842755,0.502881146501508,0.937090588423018,-0.25396472129649,0.0183943048535284,0.000791597411211361,-0.108096118698129,0.105254150690571,0.285528618019708,0.120145244120684,0.095128578805049,0.138800600541877,0.00476695584946294,-0.311565511474326,-0.0222357574468814,-0.345945670954519,-0.0292286517154294,0.161749023519033,-0.0799461305394917,1.5480644655414,0.172191136728114,0.0528681394794948,-0.34418642014992,0.241885075775783,0.344482322965788,0.317963352137183,0.795392958460792,0.270260643251037,-0.0606363357093072,0.109487127417749,0.661873278357294,0.0370965357195285,0.370106749887845,0.332528622354825,0.242779557375202,0.264280971388255,0.261823987444927,0.1544144842704,-0.257398432011397,-0.0603997252906397,0.0371927735179539,-0.107046673127758,0.0667725244344643,0.124404487771561,0.196825023270877,0.217436350083397,0.131247016359531,0.129360159757526,-0.312831437270967,-0.332637186033752,0.751433743250314,0.407521124868094,0.345506871243917,-0.324350561205894,-0.152759437112608,-0.173004898967204,-0.18349078250757,-0.013345888325974,0.652136096354379,0.182554600153755,0.0224406169371471,0.423083849582834,0.1293571763046,-0.306568295580426,0.0341027674230607,0.0203298490680102,-0.0486206257179948,0.141187682862443,-0.27306528226547,-0.026437455326916,-0.0431694094446239,-0.158635991499267,-0.34624660933449,-0.263810231442435,0.519776301752492,0.262418106043244,0.59922730192523,0.281623078875745,0.113323822727348,0.251321591678523,0.585902894976694,0.155833402754427,0.191656975075754,-0.184437288294411,-0.00476485846814297,0.00551418520507383,-0.0717735497847583,0.119659187218804,-0.346526917883814,0.133000354478194,0.0937233861721117,-0.350262479999396,0.1158661307499,0.121118792901311,-0.0104414733748533,-0.14227095960938,-0.0365321140607178,-0.176237495508762,0.108230367262058,0.250960940784996,0.223294747527267,0.555660302123018,-0.35565540563997,-0.272812500171569,0.192494519055881,0.196042972422665,0.170193881320874,0.239418329726276,-0.118665008868996,-0.255595499789311,0.16424893282196,0.113297530476042,0.262833194959104
"k__Bacteria|p__Firmicutes|c__Clostridia|o__Clostridiales|f__Lachnospiraceae|g__Dorea|s__unclassified",-0.285744080140259,0.237097227735937,0.249430489351369,0.286811893111965,0.246331850618037,0.0159795205001254,0.589173410989681,0.154576518564401,0.0997630009985749,0.56338177059232,0.24643174584389,0.246711995903221,0.257508718699889,0.241823528265321,0.175287063294796,1.26637653362822,0.139592867751749,0.162028958404424,1.00455673686588,0.20411127134196,0.249113059834384,0.0935437764845716,0.025483617205565,0.144866108047159,0.0307495358315577,-0.0818837536844967,0.0243171802554555,0.0127169160264697,0.00655071484688304,0.0548429370108112,0.439967833181617,1.51432024285947,1.5588123492044,0.396531741170873,-0.336664023155161,-0.25396472129649,0.0831645436358273,0.119340368324015,0.0470357175847665,0.150218724819606,0.141304716548295,0.0488959477068065,0.0337965377844733,0.0618563739763428,-0.00793363748456785,-0.133213108614262,0.0572265345177045,-0.345945670954519,0.0347515717432133,0.150557700503091,0.0799188223376504,-0.270653983755333,0.229077226549312,0.152420699503313,-0.34418642014992,0.245921202376637,0.29907611689313,0.284967122596041,0.839478071776674,0.24055003160573,0.0263390001322438,0.138239262475194,0.47921690826051,0.0912025546672155,0.370955831574482,0.206790420741595,0.151545577139527,0.140784337615453,0.168688903350947,0.105965081912898,-0.0963114815596752,0.0315175246009952,0.116958156515173,0.0165282783070288,0.0993217800802152,0.0909773987903072,0.14493949255732,0.161982676776785,0.091659562120918,0.0948220551429855,-0.312831437270967,-0.332637186033752,0.820451887225532,0.301256971698173,0.267646009247222,-0.175322880041993,-0.0976492202287372,-0.0905045273273004,-0.0976816252040675,-0.0105100863565323,0.343904657112324,0.0921698284748722,0.00486176338166163,0.207326209530367,0.068429884950246,-0.306568295580426,0.0916656204750224,0.111200687875858,0.0646941370932138,0.157012592576659,-0.27306528226547,0.0562438510620964,0.0829851822128457,0.00790745318247885,-0.34624660933449,-0.263810231442435,0.503683229690218,0.252043180973931,-0.357686648808836,0.249957950257664,0.12439326356529,0.233241782302561,0.552310717477992,0.1692527357745,0.177004042230494,-0.184437288294411,0.0932114850162779,0.102344702944973,0.0379531150500497,0.14695394802623,-0.346526917883814,0.161580112720052,0.168860260794062,-0.350262479999396,0.15331855716022,0.0733090561929674,0.00272082255589535,-0.0885399048065287,-0.0137302493342506,-0.0994096041079759,0.154657688031452,0.251450532470174,0.247622746105354,-0.359253059897505,0.593828021089952,-0.272812500171569,0.196680328365577,0.230447316176312,0.191600898768258,0.228847293951822,0.0375128714469117,-0.255595499789311,0.233029497764028,0.190915918922806,0.2434541034803
"k__Bacteria|p__Firmicutes|c__Clostridia|o__Clostridiales|f__Veillonellaceae|g__unclassified|s__unclassified",-0.285744080140259,-0.0694307450957001,-0.0469613474432114,-0.091114107146709,-0.0828494479879609,0.253150454795666,-0.349561937619713,0.132733204810782,0.197006325260937,-0.35681970895717,0.00584922724714269,0.0336629355503398,0.0510266201891108,0.0403849116607136,0.0662791134161936,-0.307804154711102,0.135270488493732,0.1524907516181,1.00277125828014,0.0602577157121584,-0.324038997188953,-0.165876936409438,-0.106958600511606,-0.212672374065627,-0.0692909343608839,0.102105345813837,0.0129361844053464,0.0124007016110603,0.0268139755127237,-0.0331285309558684,-0.108982660395085,-0.307717923227852,-0.26893306842755,-0.0502709887864438,-0.336664023155161,1.689843413662,0.231840719503469,0.245505365042735,0.320445129528395,0.135750977542272,-0.20997445671874,-0.108015056520315,-0.0825064609526985,-0.128850815205467,-0.0355451392470772,0.316808258419157,0.131826602435213,0.925346401298136,0.180120091436355,0.0405223497263797,0.240458957163192,-0.270653983755333,0.144914065220266,0.199780258057379,-0.34418642014992,0.048082937367144,0.0187378198443938,0.0497197165291445,0.827378611600929,0.0402243948902092,0.184981590722995,0.0993031250885542,0.631049312500806,0.134061385679735,0.607435185435455,-0.213537603814399,-0.169358070303394,-0.17935787194939,-0.201642121610624,-0.127513157914036,0.270410083078416,0.188693928968767,0.148407900370411,0.233301206317756,0.113974029351616,-0.0332645319854695,-0.0441103071361792,-0.0715108460338557,-0.00990491053371635,-0.0151649879506042,-0.312831437270967,-0.332637186033752,0.740561086584584,-0.0319791521160966,-0.0328156827616035,0.184158764708748,0.0980618906263688,0.0963995231716391,0.109016998608947,0.00964167061976293,-0.43913869617854,-0.176046713226336,-0.0663377738029858,-0.306747588764063,-0.118321395084197,1.23510905439449,0.172888414168784,0.170572248041694,0.219799473662842,0.0854010634236793,-0.27306528226547,0.251098999086981,0.268840470021458,0.333839593938088,-0.34624660933449,-0.263810231442435,-0.355561600062418,0.081910424837731,0.583509235892262,0.0309872630083079,0.153660296714075,0.0717986359975003,1.02770161416279,0.120556607941113,0.065870607041476,-0.184437288294411,0.174305307759553,0.188900379753068,0.239781896265809,0.092981395608323,1.00631733978423,0.129736822301889,0.171944094365054,-0.350262479999396,0.113509320019218,-0.152655643081585,-0.0807031574873778,-0.0154890291283048,-0.0849134120471681,-0.00245208804435742,0.10713567416889,0.059360390041876,0.0996320769987637,-0.359253059897505,0.592659347716963,-0.272812500171569,0.0914814046189887,0.111428729361678,0.145619928504998,0.0393168951108401,0.26901166289928,-0.255595499789311,0.144401753178436,0.183631239647659,0.0466772722547834
"k__Bacteria|p__Bacteroidetes|c__Bacteroidia|o__Bacteroidales|f__Bacteroidaceae|g__Bacteroides|s__caccae",-0.285744080140259,-0.155868018393554,-0.183967788535981,-0.171945860009939,-0.149292844203932,-0.252265502473843,-0.349561937619713,-0.307063048336552,-0.291534823123867,-0.35681970895717,-0.253149576801719,-0.302919508024902,-0.332544666990303,-0.308908149580013,-0.23501160977568,-0.307804154711102,-0.303539823234985,-0.307379103100875,-0.337589162757449,-0.284122788498282,0.0198932749636396,0.0487047911794458,0.0439877350153347,0.0389741653152607,0.0480514382734739,-0.00104291107440421,-0.0212392551789647,-0.0222556454913302,-0.0135898547792631,-0.0180048393877769,-0.333119043667543,-0.307717923227852,-0.26893306842755,-0.382277599364184,-0.336664023155161,-0.25396472129649,-0.359669266535841,-0.384642937533287,-0.372566864948354,-0.335893933974549,0.0453847409290988,0.0611686663671495,0.0668709278262602,0.0616102199145233,0.0576664635903521,-0.160805031483339,-0.161762624998342,-0.345945670954519,-0.196499704202066,-0.194781641914805,-0.304236264290943,-0.270653983755333,-0.377800403320604,-0.378261358904945,-0.34418642014992,-0.296131579371353,-0.323722686804742,-0.365030594041928,-0.344454254857012,-0.303317894797667,-0.205862273915036,-0.236006498483516,-0.357514561160159,-0.264099600097543,-0.3537939302713,0.0280242581846838,0.0280746328560829,0.0269984158582968,0.0326605486345255,0.0231216492250197,-0.21830455101716,-0.25481867781127,-0.271004621829353,-0.264026814678388,-0.230886194580109,-0.0869148655811517,-0.0890175798512116,-0.104244456336215,-0.0993422544539486,-0.0964610176234343,-0.312831437270967,-0.332637186033752,-0.351889968040456,-0.291895365229342,-0.252774349512829,-0.00921099792760131,-0.0249213834248475,0.00383054584712022,-0.0233848855219279,-0.0214308013755789,0.0786181680142087,0.108206348568793,0.0800190216944676,0.090154323127031,0.082658363095424,-0.306568295580426,-0.279211177988209,-0.308536353749559,-0.281970756712598,-0.266979165336074,-0.27306528226547,-0.348905592076862,-0.379360636342305,-0.365011027493178,-0.34624660933449,-0.263810231442435,-0.355561600062418,-0.344543483485094,-0.357686648808836,-0.284065393860051,-0.26812278910359,-0.304107916668735,-0.357786678446751,-0.307077963512477,-0.279660843846443,-0.184437288294411,-0.273790289098877,-0.308069904340333,-0.284769176799947,-0.273846835217967,-0.346526917883814,-0.330221189811632,-0.353613479187025,-0.350262479999396,-0.299604758265506,0.0433839098287073,0.0707182877791872,0.102200217826489,0.0706198818056002,0.089843740698659,-0.289213069609869,-0.303131462158222,-0.329139567229715,-0.359253059897505,-0.35565540563997,-0.272812500171569,-0.302076648360862,-0.3458376126375,-0.322930592298699,-0.294787764487787,-0.293355622184132,-0.255595499789311,-0.371080194589976,-0.370355455584672,-0.331779081388286
"k__Bacteria|p__Bacteroidetes|c__Bacteroidia|o__Bacteroidales|f__Porphyromonadaceae|g__Dysgonomonas|s__unclassified",-0.285744080140259,-0.15349186286446,-0.178053583258161,-0.167059160967342,-0.165543163889681,-0.245395668530329,-0.349561937619713,-0.294639997731937,-0.282902352767094,-0.35681970895717,-0.260595078331163,-0.281239931694984,-0.320446776022314,-0.299057843084045,-0.254426379100957,-0.307804154711102,-0.267595828470478,-0.286763874350456,-0.337589162757449,-0.262615188455849,0.0535349231449307,0.0547816915092778,0.0703981233322304,0.0650109943967608,0.0558567776017387,0.00985398687997825,-0.0211257311244778,-0.0131037706239776,-0.0106914312118439,-0.0228947410043803,-0.331662442612253,-0.307717923227852,-0.26893306842755,-0.378445889547279,-0.336664023155161,-0.25396472129649,-0.351573183111749,-0.361202607879297,-0.359285867592981,-0.31275649243725,0.0560614879823004,0.0557855385545242,0.0513833658484117,0.0602613871804659,0.050967614839269,-0.132974209959075,-0.145016805564802,-0.345945670954519,-0.181318255074486,-0.165269001341008,-0.306698875521685,-0.270653983755333,-0.363673495021828,-0.360853200140083,-0.34418642014992,-0.289129119791673,-0.319959449280004,-0.338693960258753,-0.344454254857012,-0.285810239631235,-0.231679200700122,-0.237315266488392,-0.357514561160159,-0.243004116429101,-0.3537939302713,0.0220531636792229,0.0326041281767289,0.0408268006754381,0.0411013260399557,0.0358702579105542,-0.19404901070047,-0.207980663369593,-0.221019769865821,-0.237556511380631,-0.201381705915009,-0.0852219910175911,-0.101389131075663,-0.103906644617753,-0.107511067849604,-0.0980052484818244,-0.312831437270967,-0.332637186033752,-0.351889968040456,-0.265504007647963,-0.238135681013323,0.0245323070841224,0.00433417476285976,0.0315775534029857,-0.00640471627965869,-1.57298395961209e-05,0.0691101042227904,0.0859586456906223,0.0763162006543066,0.0810185770136843,0.0821980827267365,-0.306568295580426,-0.258736364006986,-0.305703801626732,-0.270818550995958,-0.252837459045035,-0.27306528226547,-0.330897294393974,-0.366238965668957,-0.361053569507874,-0.34624660933449,-0.263810231442435,-0.355561600062418,-0.346700675955041,-0.357686648808836,-0.275119163737909,-0.262738492847423,-0.297753788183625,-0.357786678446751,-0.304225201560404,-0.273288012980043,-0.184437288294411,-0.25823836706376,-0.284117612259371,-0.278005434427641,-0.247343165972591,-0.346526917883814,-0.317660454885191,-0.352954396932388,-0.350262479999396,-0.28673787529843,0.0754587280983494,0.0821737459653451,0.096022746346175,0.10412616247362,0.104400148787755,-0.272176570103699,-0.303831964085634,-0.33433908227378,-0.359253059897505,-0.35565540563997,-0.272812500171569,-0.291781526652329,-0.332119680239214,-0.322576540525506,-0.276696850492132,-0.28636832994045,-0.255595499789311,-0.370271904433492,-0.357108029472307,-0.318734563314794
"k__Bacteria|p__Bacteroidetes|c__Bacteroidia|o__Bacteroidales|f__Prevotellaceae|g__Prevotella|s__stercorea",-0.285744080140259,-0.177797076863485,-0.198130302061854,-0.178381614887929,-0.141588020933476,-0.233804141231361,-0.349561937619713,-0.248506546257733,-0.218576151432613,-0.35681970895717,-0.224777133960669,-0.233968584136931,-0.25161342830725,-0.202578274198478,-0.141952291041984,-0.307804154711102,-0.282040726118025,-0.284261334901906,-0.337589162757449,-0.225550182608422,0.0371896983481774,0.0263461277956045,0.0325391570326472,0.0235937615803749,0.0329563084101349,-0.0581062151755257,-0.0483841748610901,-0.0320101705663956,-0.0546992474049982,-0.0446017966273375,-0.306697711754061,-0.307717923227852,-0.26893306842755,-0.299318104220623,-0.336664023155161,-0.25396472129649,-0.29310319915716,-0.30272030380951,-0.290370390825081,-0.204812095180756,0.0291531439338901,0.0242982354707196,0.0346008884581253,0.0422253274330242,0.0276930971499977,-0.192510382679806,-0.181955096279688,-0.345945670954519,-0.186512437496799,-0.158037638849489,-0.309012599491294,-0.270653983755333,-0.299305373091651,-0.276375285942377,-0.34418642014992,-0.276394837446265,-0.262670517498685,-0.291953823830771,-0.344454254857012,-0.205424812364177,-0.184378997894012,-0.182875311492314,0.747589057797482,-0.162276033744324,0.345164434989333,-0.00241926739884442,0.0116773904147796,-0.0135345440459462,-0.0104402502691395,-0.0111540955920591,-0.176242765272456,-0.190458749124913,-0.210564152246579,-0.186176116330729,-0.144562110544472,-0.0503230387313891,-0.0729987662537382,-0.0819472882083139,-0.0641208817195855,-0.0783587285493927,-0.312831437270967,-0.332637186033752,-0.351889968040456,-0.231701995469813,-0.181835579748804,0.0137195434043245,0.00735446757572066,0.00351884449958764,-0.000729422023945322,-0.00165627591097284,0.0923172355214352,0.0795789247403568,0.0830842742665182,0.0682549850351821,0.0523411465362273,-0.306568295580426,-0.245428127908606,-0.263343121665693,-0.233042914444873,-0.1934937260901,-0.27306528226547,-0.261852754167682,-0.298835405224914,-0.271963866427755,-0.34624660933449,-0.263810231442435,-0.355561600062418,-0.317362448001393,-0.357686648808836,-0.217757964102192,-0.213921029170297,-0.244108256266982,-0.357786678446751,-0.227036112667224,-0.177901955548528,-0.184437288294411,-0.255072544423942,-0.273837925061283,-0.247303408088813,-0.186414818379917,-0.346526917883814,-0.258718918124484,-0.262535514780575,-0.350262479999396,-0.184152324561999,0.042843819719705,0.0448494975359254,0.0870232004494981,0.0597894101759338,0.0791662706631634,-0.226256471321517,-0.239864510862471,-0.253828755571386,-0.359253059897505,-0.35565540563997,-0.272812500171569,-0.275438112038832,-0.311896312605511,-0.258336238947095,-0.221751810231333,-0.310528969486849,-0.255595499789311,-0.343979970440809,-0.291525960922026,-0.25112462873184
"k__Bacteria|p__Bacteroidetes|c__Bacteroidia|o__Bacteroidales|f__[Paraprevotellaceae]|g__[Prevotella]|s__unclassified",-0.285744080140259,-0.160326088261711,-0.187268535267603,-0.188877405643401,-0.173092807509045,-0.251549287947636,-0.349561937619713,-0.306652469062531,-0.288955065320933,-0.35681970895717,-0.26146793250325,-0.271777025384333,-0.302692632220012,-0.285522840437083,-0.234437951002334,-0.307804154711102,-0.291111952453894,-0.31583374676715,-0.337589162757449,-0.273291410594504,0.0400204210725177,0.0759865720124469,0.0868602972045075,0.0527458937708344,0.0696391204124313,-0.0151326406690661,-0.0384277623684995,-0.0375311545437359,-0.0297929135472226,-0.0426739074852918,-0.340702127700181,-0.307717923227852,-0.26893306842755,-0.411246457114763,-0.336664023155161,-0.25396472129649,-0.355338482839276,-0.385195059177176,-0.371202945992714,-0.317189712639641,0.034093705271926,0.0656371173334534,0.0443680791325744,0.0429202759797779,0.0470528030611084,-0.157418725994782,-0.184522077263311,-0.345945670954519,-0.202535380365681,-0.177748439295921,-0.280679903057761,-0.270653983755333,-0.374383085734424,-0.373965542890292,-0.34418642014992,-0.296998432002336,-0.348527771585283,-0.356896976983527,-0.344454254857012,-0.291652473761047,-0.209629830048947,-0.242190810612457,-0.357514561160159,-0.252165868196074,-0.3537939302713,-0.00468913862589112,0.011413552525341,0.0158428899161738,0.0226818654284069,0.00901720733686079,-0.191463845822841,-0.246179041692279,-0.269139894840771,-0.23960407822773,-0.219648802514081,-0.0937213185996006,-0.102127157115322,-0.124242889213068,-0.118516738369017,-0.100100999927266,-0.312831437270967,-0.332637186033752,-0.351889968040456,-0.296673194059437,-0.252862030719399,0.0182273367818177,0.00513705521204842,0.00340622969224649,-0.00979744516661581,-0.00928598596489178,0.0279309402365142,0.0736112878259791,0.0838904797250341,0.0536309546101607,0.0683148076409947,-0.306568295580426,-0.277602216920534,-0.302467526207909,-0.287187968186626,-0.257031717648153,-0.27306528226547,-0.343871366600691,-0.384272972473544,-0.366946643418767,-0.34624660933449,-0.263810231442435,-0.355561600062418,-0.355683114503332,-0.357686648808836,-0.305980327716036,-0.264660182280974,-0.311067642240943,-0.357786678446751,-0.317771510084919,-0.256006634846324,-0.184437288294411,-0.283287802700913,-0.312022803871234,-0.286892996010801,-0.259281786804153,-0.346526917883814,-0.323692603172134,-0.349029862231804,-0.350262479999396,-0.285208674419564,0.0446881261461527,0.0742671749784384,0.102029028085688,0.0801883108216205,0.0835062988496362,-0.282289697102327,-0.309237293127671,-0.338400014437972,-0.359253059897505,-0.35565540563997,-0.272812500171569,-0.311096032073372,-0.341278760490491,-0.323869575837026,-0.290224932502496,-0.308680100595872,-0.255595499789311,-0.378798778381674,-0.374374919431009,-0.330277435115584
"k__Bacteria|p__Bacteroidetes|c__Bacteroidia|o__Bacteroidales|f__[Odoribacteraceae]|g__Butyricimonas|s__unclassified",-0.285744080140259,-0.34623463262964,-0.361325643589739,-0.249434888970186,-0.146114521368156,-0.148685539385368,-0.349561937619713,-0.0498564006244821,0.0535266411301987,-0.35681970895717,-0.181884080150725,-0.100704305549589,-0.0837289661709256,0.0299791570989175,0.141053236341286,-0.307804154711102,-0.315370966093608,-0.332925849648942,-0.337589162757449,-0.0517777804235163,0.0148208006580904,-0.0683676313365485,-0.0586609818837723,-0.0600899754749062,-0.0817025683032292,-0.259455933344924,-0.21392282612195,-0.248559414873601,-0.209085223625912,-0.149157225369968,-0.248371252796768,-0.307717923227852,-0.26893306842755,0.00347733535036028,-0.336664023155161,-0.25396472129649,-0.0884791568862854,-0.074433450187408,0.0745062290678354,0.160944637533583,-0.0508653375209912,-0.036827206959994,-0.0363328146343884,-0.0520115681154229,-0.0493321483295231,-0.331274421738533,-0.270697917101487,-0.345945670954519,-0.176539228846797,-0.0950221035980898,-0.260893441745344,-0.270653983755333,-0.144761692833374,0.0141633964732613,0.711917419356375,-0.244325927645739,-0.171256940813295,-0.152838337970987,0.911020535038422,0.0819202310118766,-0.114555768117653,-0.0606730216627145,-0.357514561160159,0.0372307117227543,0.34371188763213,-0.12256360372385,-0.175881045926234,-0.154193240306531,-0.168949014801572,-0.136880014763188,-0.130726220255437,-0.0881286563566083,-0.102746226046679,0.0352120055569522,0.0895013837291825,-0.0866759274975209,-0.0614394643803432,-0.0701387445074773,0.00371677357687867,0.025176371668741,-0.312831437270967,-0.332637186033752,-0.351889968040456,-0.106698420932715,-0.00895936370230995,0.00566033005929608,0.0271446469636558,0.00201679826006197,0.0436427913372357,0.0364221914357397,0.0612836357341485,-0.0006257437252671,0.0297961282035778,-0.0377305690072917,-0.0354623479006394,-0.306568295580426,-0.181005701857325,-0.19971134101276,-0.0612549977565991,0.0301301622571083,-0.27306528226547,-0.0618682464552342,-0.0518012606868517,0.107101278334227,-0.34624660933449,-0.263810231442435,-0.355561600062418,-0.25121198600866,-0.357686648808836,0.026135094053769,-0.123137529555083,-0.044162667069573,-0.357786678446751,0.0910215209998637,0.162229732528998,-0.184437288294411,-0.20231061148126,-0.212257314540216,-0.0568063690608229,0.0408155764364238,-0.346526917883814,-0.0285973333848734,-0.00421385878955419,0.693391851436544,0.182225314202539,0.0795049440143315,0.0069607227696632,-0.00237966367485795,-0.0202753632801774,-0.0461498499412229,-0.115377239277141,-0.0317957988100469,-0.02291137831074,0.558047526750291,0.621726544144085,-0.272812500171569,-0.22699437059598,-0.215047071325091,-0.0881311094629824,0.0323397061532348,-0.487082239972029,-0.255595499789311,-0.380579508844693,-0.198557163092438,-0.0480816197698315
"k__Bacteria|p__Bacteroidetes|c__Bacteroidia|o__Bacteroidales|f__Bacteroidaceae|g__Bacteroides|s__plebeius",-0.285744080140259,-0.166778384089769,-0.202731244212476,-0.181297233480171,-0.159627829300715,-0.257700747172502,-0.349561937619713,-0.277747395441794,-0.253437655579697,-0.35681970895717,-0.256248592368034,-0.262522362504839,-0.285825946400512,-0.259084640145127,-0.208013462796875,-0.307804154711102,-0.291566670779181,-0.314542069147599,-0.337589162757449,-0.263904016995567,0.0233710620337996,0.0511299051929149,0.0720145210731416,0.0364794779413522,0.0281300478690321,-0.0223636814235311,-0.0472298575285173,-0.0452416163071783,-0.0399047292515041,-0.0366445172820251,-0.331224403381767,-0.307717923227852,-0.26893306842755,-0.337762455280377,-0.336664023155161,-0.25396472129649,-0.320741344395597,-0.34932930366124,-0.325166372546738,-0.262467115723554,0.0339259013866917,0.0340502573689014,0.0293285922365104,0.0383990214168008,0.0209200118620164,-0.197188566162347,-0.186673290409164,-0.345945670954519,-0.200281697356428,-0.14757420521425,-0.300443199703173,-0.270653983755333,-0.349296983703303,-0.327091854481341,-0.34418642014992,-0.296889170440447,-0.317995772173068,-0.340419093940833,-0.344454254857012,-0.230718227272335,-0.201687240559576,-0.224889974663485,-0.357514561160159,-0.225453248847541,0.352395690926802,0.0213404240018045,0.0259175978199905,0.0200315855404916,0.014897728352926,0.0207594857153677,-0.210462532234059,-0.231733800820943,-0.260254361124067,-0.230814184954945,-0.182065938607993,-0.0882853160143745,-0.106553734120823,-0.0878032607553032,-0.104203814452689,-0.0751564330205086,-0.312831437270967,-0.332637186033752,-0.351889968040456,-0.25963956169724,-0.224973341805024,0.0111244118587732,0.0107144108820657,-0.00231947055619395,0.0056887719325185,0.0031851372524553,0.0632625742690831,0.0811787907206124,0.0673640560165309,0.0674822784783673,0.0654791317208081,-0.306568295580426,-0.268836281331899,-0.288974171387672,-0.267255321915806,-0.221648176782767,-0.27306528226547,-0.317120224746476,-0.355363060863804,-0.314130557820489,-0.34624660933449,-0.263810231442435,-0.355561600062418,-0.328366756100807,-0.357686648808836,-0.260343310426845,-0.243323968540164,-0.268936053342879,-0.357786678446751,-0.259115410412718,-0.210194763822623,-0.184437288294411,-0.262305374357444,-0.290726224349483,-0.278190603049775,-0.230437221938838,-0.346526917883814,-0.304475498863435,-0.308256289046383,-0.350262479999396,-0.226920276209141,0.0724245746879329,0.0877141727409917,0.108272235637144,0.0801588953998939,0.0803462745800563,-0.264082665509168,-0.275353925514344,-0.293752123672032,-0.359253059897505,-0.35565540563997,-0.272812500171569,-0.313488074490205,-0.328532111701932,-0.311651276686863,-0.245568782063535,-0.320975179293078,-0.255595499789311,-0.379970333829616,-0.351211941954328,-0.294772413925426
"k__Bacteria|p__Bacteroidetes|c__Bacteroidia|o__Bacteroidales|f__S24-7|g__unclassified|s__unclassified",-0.285744080140259,-0.165855309963358,-0.194947801463585,-0.198924541525751,-0.181379716325041,-0.23746906353911,-0.349561937619713,-0.296000752020164,-0.277951606532369,-0.35681970895717,-0.262934252260238,-0.282800595972829,-0.329340199630214,-0.293159410822276,-0.256515350148609,-0.307804154711102,-0.293879121805661,-0.308293081512925,-0.337589162757449,-0.272782572315566,0.033643126290271,0.0379987320631691,0.0529662123886013,0.0664338117569444,0.0606416477869683,0.0141300367744107,-0.0169357999504643,-0.00941143184133148,0.00448582843355826,-0.0333588820215111,-0.340975045188528,-0.307717923227852,-0.26893306842755,-0.384265408247484,-0.336664023155161,-0.25396472129649,-0.342381706755251,-0.383807010921249,-0.362260401602696,-0.312303527982919,0.0369144849590663,0.0591291661291972,0.0507146347418995,0.0444329496217632,0.0417194230110184,-0.174503928117878,-0.175660504555412,-0.345945670954519,-0.20181779428671,-0.171385916170693,-0.289414377750017,-0.270653983755333,-0.368799368007484,-0.346916819990872,-0.34418642014992,-0.290351967493985,-0.32803840743226,-0.354537455505342,-0.344454254857012,-0.282507939922189,-0.212969350602865,-0.240141518298428,-0.357514561160159,-0.241735164086854,-0.3537939302713,0.00847152870295355,0.00709740065555136,0.000333869499990333,0.0216328254045071,0.0210427919526709,-0.200579440645715,-0.237405720565376,-0.257257684700802,-0.234976005673099,-0.210594288376508,-0.0631634870488216,-0.100553425237291,-0.0893217230055093,-0.0675286382027427,-0.0713574431684289,-0.312831437270967,-0.332637186033752,-0.351889968040456,-0.280132987324997,-0.236771315328007,0.0213785588621136,0.00565505530196861,0.0151789900346389,0.000588622720374281,0.00621036046589202,0.0252898135052125,0.0584446957048354,0.0413829867152948,0.0514350353473081,0.0376374890680688,-0.306568295580426,-0.275373316810153,-0.280620041127406,-0.292356748327261,-0.243956876509922,-0.27306528226547,-0.340496624970735,-0.383618549103274,-0.331216354284247,-0.34624660933449,-0.263810231442435,-0.355561600062418,-0.351448186538658,-0.357686648808836,-0.284318447509098,-0.259183981556078,-0.329792045478696,-0.357786678446751,-0.307640704384446,-0.261878203982198,-0.184437288294411,-0.283750825236345,-0.296690952919163,-0.273446622375256,-0.253825372811258,-0.346526917883814,-0.318739525760609,-0.344426639831432,-0.350262479999396,-0.278951441453002,0.0787757667717801,0.095716092760743,0.0981939462591212,0.0860701084747437,0.0865342727302702,-0.275456689710082,-0.30275992450484,-0.315791356908152,-0.359253059897505,-0.35565540563997,-0.272812500171569,-0.306771495041394,-0.347420589316835,-0.334605316952932,-0.279274168884334,-0.292503322147179,-0.255595499789311,-0.363361158148456,-0.365151384612981,-0.32658886204001
"k__Bacteria|p__Bacteroidetes|c__Bacteroidia|o__Bacteroidales|f__Bacteroidaceae|g__Bacteroides|s__ovatus",-0.285744080140259,-0.174170410172549,-0.211899928979756,-0.198747640211813,-0.166418012325242,-0.0913163485954965,0.564086389270847,-0.181787281625454,-0.145933199170841,0.557097521005367,-0.211836200003287,-0.21351514072779,-0.226340187070155,-0.205872481074355,-0.155240341620577,-0.307804154711102,-0.186947409165321,-0.221200712593347,-0.337589162757449,-0.178600985870009,-0.0871016915828988,-0.0227917603160025,0.00294057882615425,-0.039424410716279,0.00244662430609498,0.00919051957844655,-0.0361815941305381,-0.0267737971285753,-0.0154349710905837,-0.0356678352160742,-0.325336592626555,-0.307717923227852,-0.26893306842755,-0.321361405521287,-0.336664023155161,-0.25396472129649,-0.176580700259939,-0.193485110746626,-0.149978808482284,-0.156168211765986,-0.0359563498736577,0.0110457890443321,0.00416654039279938,-0.000115825221910291,0.00793102893463981,-0.0375894178539201,-0.115266593215119,-0.345945670954519,-0.110049201186742,-0.131152099695011,-0.146871075691881,-0.270653983755333,-0.237127866754223,-0.183750302263076,-0.34418642014992,-0.229406790656735,-0.256135141493316,-0.268949818144345,-0.344454254857012,-0.217689821120159,-0.120048611180932,-0.151614682188303,-0.357514561160159,-0.112280734023266,-0.3537939302713,-0.07148286659323,-0.0317802985104979,-0.0391748831840707,-0.0363253002665802,-0.00800410921120983,-0.0611801702197241,-0.112802632499118,-0.147831514727339,-0.0930821543922909,-0.106075510241171,-0.0516607107570093,-0.0771048124429344,-0.066869011712221,-0.0485129208287065,-0.0422437135786695,-0.312831437270967,-0.332637186033752,-0.351889968040456,-0.25051530663401,-0.193606590517316,0.0847139901968625,0.0589304185238296,0.0556347171772448,0.0446717288845472,0.012204027469399,-0.116954769746671,-0.0073752274648505,0.028050808970354,-0.072901722931394,-0.0157234502158202,1.22661677778721,-0.165150408358258,-0.169967255727388,-0.136999713461062,-0.162751688824825,-0.27306528226547,-0.18315050888312,-0.182778455255531,-0.131109405214883,-0.34624660933449,-0.263810231442435,-0.355561600062418,-0.264916509757436,-0.357686648808836,-0.203191175616329,-0.149993034401918,-0.195763538245683,0.55258746084894,-0.180375667619409,-0.149255131364146,-0.184437288294411,-0.165610993906944,-0.16959143933182,-0.123986113219174,-0.154411793504364,-0.346526917883814,-0.198345789761419,-0.197493903253553,-0.350262479999396,-0.15626892987802,0.000847795370186116,0.0236070110688404,0.0435717755574698,0.0273104536050566,0.053796545506326,-0.182598224974005,-0.213979687128249,-0.232192397353969,-0.359253059897505,-0.35565540563997,-0.272812500171569,-0.220719047114909,-0.239024379710278,-0.216215633828836,-0.208704281609271,-0.162155780417513,-0.255595499789311,-0.247571136193418,-0.215521658999171,-0.229230716697136
"k__Bacteria|p__Bacteroidetes|c__Bacteroidia|o__Bacteroidales|f__[Paraprevotellaceae]|g__Paraprevotella|s__unclassified",-0.285744080140259,-0.307350133103722,-0.317769313701501,-0.268039363037531,-0.187637564639586,-0.171546239531836,-0.349561937619713,-0.171979787940425,-0.0797837562352356,-0.35681970895717,-0.263975773498034,-0.222602742957933,-0.229215889504221,-0.127208477860355,-0.0618800449646044,-0.307804154711102,-0.318817767098777,-0.359649769195611,-0.337589162757449,-0.15653701003025,-0.0678568830078847,-0.0521797770806936,-0.0494338850219527,-0.0806096891575536,-0.0560799572726236,-0.10840100211427,-0.127002553934203,-0.141056421590374,-0.115774153001317,-0.0932645896309172,-0.35940547688609,-0.307717923227852,-0.26893306842755,-0.223995748385799,-0.336664023155161,-0.25396472129649,-0.211629826599192,-0.217885610060706,-0.0893822573572439,-0.0510302883004061,0.00145082058139054,0.0173290189190899,-0.0104213387975453,-0.0126771711437989,-0.00660825947133511,-0.254258040026931,-0.232643753608042,-0.345945670954519,-0.183506953049679,-0.140965316100224,-0.263237898055662,-0.270653983755333,-0.24560692023382,-0.129667769211028,0.768590449353957,-0.291240912340337,-0.26553045585825,-0.265891905237516,-0.344454254857012,-0.105844456402026,-0.159828531623085,-0.142241299871981,-0.357514561160159,-0.0825153475121667,0.351530696128944,-0.0635165663643396,-0.106177266190821,-0.107942707093549,-0.0821449955675282,-0.0847803116538581,-0.123667048288092,-0.132991778671239,-0.165843364187829,-0.0656048157481087,-0.0334718197537959,-0.10305886586321,-0.0974170751149891,-0.108418911025048,-0.0367757512972533,-0.0314628051393579,-0.312831437270967,-0.332637186033752,-0.351889968040456,-0.232220744038767,-0.145125602841883,0.0394363242721352,0.0344907009826502,0.0183459864233209,0.0474535717104109,-0.0130727354006747,-0.0349985783810914,0.0211000067768603,0.0553892748000826,-0.058253757995582,-0.0212825859255793,-0.306568295580426,-0.240639797793201,-0.251921631551643,-0.151102634510545,-0.104691478026966,-0.27306528226547,-0.174892495950458,-0.184307337086455,-0.0803229458975154,-0.34624660933449,-0.263810231442435,-0.355561600062418,-0.316617661921063,-0.357686648808836,-0.131169574065368,-0.204837294656368,-0.172991925182436,-0.357786678446751,-0.0860281181601433,-0.0266193730723081,-0.184437288294411,-0.240162445114593,-0.251825852544195,-0.148964805573766,-0.10157508779278,-0.346526917883814,-0.173191761698396,-0.172462494914696,0.749734994880456,-0.0324635845028865,0.00986390154243467,0.0337346922816611,0.0564508955596793,-0.0089880827917828,0.0166090225638833,-0.201334274817366,-0.1738147226023,-0.166314167164871,-0.359253059897505,-0.35565540563997,-0.272812500171569,-0.276082923644264,-0.28868822934004,-0.196318226969948,-0.122213985566154,-0.398563456305198,-0.255595499789311,-0.397468892555568,-0.270089042481098,-0.202473344564354
"k__Bacteria|p__Bacteroidetes|c__Bacteroidia|o__Bacteroidales|f__[Barnesiellaceae]|g__unclassified|s__unclassified",-0.285744080140259,-0.356250749765404,-0.378573661528248,-0.264285766639832,-0.131394507931141,-0.166679601238101,-0.349561937619713,-0.0340132597885337,0.0649372846423396,-0.35681970895717,-0.193705964430403,-0.107241569151,-0.0843893717307638,0.0525041735531676,0.16247542314681,-0.307804154711102,-0.345690449308999,-0.376870702096551,-0.337589162757449,-0.0230480214766857,0.0208436599484851,-0.0591264011460735,-0.0858203354430498,-0.0633031654531859,-0.101250111716226,-0.315726828996371,-0.256116599729396,-0.287224103524036,-0.25219171622739,-0.158210379584803,-0.272826900685765,-0.307717923227852,-0.26893306842755,0.0291578140033346,1.08889567176708,-0.25396472129649,-0.0997766886261573,-0.0764851941387309,0.097665859415879,0.191211467193383,-0.0307856051155697,-0.0345886894005819,-0.0449972859612927,-0.0470412472521802,-0.0536245386752695,-0.376101839199219,-0.305976625834167,-0.345945670954519,-0.197053327646034,-0.0942428940270195,-0.293404873070618,-0.270653983755333,-0.133517405766626,0.0420897235423551,0.79323388685649,-0.255372758987032,-0.168910422582086,-0.139459584104854,-0.344454254857012,0.132553181320963,-0.148838242497704,-0.0590362431013371,-0.357514561160159,0.0553185412117306,-0.3537939302713,-0.107123749381531,-0.142884338313669,-0.147518654379855,-0.143035139617127,-0.126546732198266,-0.185308195479407,-0.091203131522237,-0.0872055521895101,0.0389419187890224,0.108431298854144,-0.102541735870578,-0.043413788193929,-0.0859055559861747,-0.00853109291921799,0.0375889055711994,-0.312831437270967,-0.332637186033752,-0.351889968040456,-0.0872449721946103,0.0244968191393952,-0.0154776596755338,0.0173094166616462,0.0084418269165478,0.0194299494914195,0.0157152371514061,0.118535327995493,0.00300997601526468,0.0509001491368818,-0.00387518704005979,-0.0540471186685292,-0.306568295580426,-0.214337891061298,-0.213161448265753,-0.053691600208281,0.0514576526849764,-0.27306528226547,-0.0791391574237552,-0.0475145298112521,0.0967637000269359,-0.34624660933449,-0.263810231442435,-0.355561600062418,-0.249018086695281,-0.357686648808836,0.0450581752721702,-0.140650937132092,-0.0361120392198437,-0.357786678446751,0.112435138964959,0.205104350342787,-0.184437288294411,-0.229701821080522,-0.227933767282633,-0.0692495256644418,0.0545353483392948,-0.346526917883814,-0.0305608661043625,-0.00148900523678199,0.710194671334478,0.213919678314005,0.0767062596063624,-0.0160227436385075,-0.0150916253847219,-0.0143768337599347,-0.0576577303120286,-0.102011787982025,-0.0227064450102711,0.00132571981996035,0.721437561305484,0.939415613685295,-0.272812500171569,-0.245770705365629,-0.243748892317266,-0.066466209682943,0.0643721730095993,-0.563711814982108,-0.255595499789311,-0.422244134664643,-0.221406803533187,-0.0270959497556765
"k__Bacteria|p__Bacteroidetes|c__Bacteroidia|o__Bacteroidales|f__Bacteroidaceae|g__Bacteroides|s__uniformis",-0.285744080140259,-0.398775012535898,-0.384252031597143,-0.384882843899961,-0.282732575960478,0.393968625590536,0.658409542156006,0.23823808118576,0.411161907854316,0.575040767792037,-0.105718516738169,0.0165068676002646,0.085457277265684,0.174995014084099,0.286736142474054,-0.307804154711102,0.02403201984024,0.0396763493964955,-0.337589162757449,0.0589688797408135,-0.58239557401295,-0.335977271303873,-0.242117107534079,-0.448189426821245,-0.209698790465107,0.040043787743643,-0.119711854116846,-0.130450868234824,-0.0435101525355992,-0.130138118461732,-0.422964254131727,-0.307717923227852,-0.26893306842755,-0.122652098001016,-0.336664023155161,1.70639058287568,0.360488557255698,0.422524855664039,0.642145403181237,0.379083886283664,-0.409879854834199,-0.205313089700704,-0.185004746359842,-0.266684719391366,-0.106658394321001,0.343563943093287,0.0582695368099804,-0.345945670954519,0.155123508844308,-0.0410446173725344,0.307619159230865,-0.270653983755333,0.174891727217774,0.395185038180844,0.717403261391091,-0.112894055734053,-0.109615831163845,-0.0438758039102851,-0.344454254857012,0.0933646320831849,0.258642991998358,0.114680508693071,-0.357514561160159,0.287240833258315,0.351242198179498,-0.473551409777141,-0.451820468896825,-0.433751232470862,-0.442237521948171,-0.309901083503904,0.434976854310962,0.297140272314011,0.184476527815009,0.437340000343628,0.216369609396686,-0.0949702137487514,-0.139884228224767,-0.174226731145505,-0.0293718517286654,-0.0346836879893077,-0.312831437270967,-0.332637186033752,-0.351889968040456,-0.206085101813475,-0.105802649322402,0.411753927144826,0.196947566771162,0.184201217964788,0.24740563484957,0.0418139959676001,-0.837431323276371,-0.314439990355166,-0.08230414143277,-0.605305229727288,-0.264890293276614,1.22576357008093,0.201171304326665,0.19137338353438,0.380255110233709,0.18161433906123,1.57873114115789,0.438919542091352,0.488126143210059,0.710945735403481,-0.34624660933449,-0.263810231442435,0.510308266954965,-0.037859506404789,0.598447238659523,0.0440980451759611,0.12662511167688,0.0652804389133393,0.576529996337521,0.252817963177615,0.197213619883976,-0.184437288294411,0.224637039914304,0.244286541172447,0.396804183834703,0.188805822514118,0.834901172110232,0.23518728944051,0.302711631278181,-0.350262479999396,0.323058202143538,-0.226210206588751,-0.125209150543074,0.00120666390060962,-0.138022554755899,0.0508279662669581,0.134268831444442,0.0516145328591258,0.145173768164504,0.688193980217386,0.765373450030812,-0.272812500171569,-0.00924464005220936,0.0164897827077833,0.155370284842674,0.0696188075825091,0.173475864332361,-0.255595499789311,-0.029516917393304,0.169944104540632,0.0475320023004243
"k__Bacteria|p__Bacteroidetes|c__Bacteroidia|o__Bacteroidales|f__Bacteroidaceae|g__unclassified|s__unclassified",-0.285744080140259,-0.454426515365585,-0.437931095849514,-0.382488055449733,-0.244589499590589,0.358010523724322,0.617753065530685,0.276524910869358,0.496212586563986,0.636330796067225,-0.104268584687553,0.0417929514523359,0.141299554574373,0.266482601876162,0.368365521468578,-0.307804154711102,-0.0579461970149406,-0.0131027431412508,-0.337589162757449,0.135943859074751,-0.548938271062406,-0.361489159137307,-0.268077637996822,-0.441618068492435,-0.216105968440609,-0.0874273111335632,-0.204326301674958,-0.214991200473723,-0.111370664209031,-0.154652563014908,-0.391881546651535,-0.307717923227852,-0.26893306842755,0.0107316042197042,-0.336664023155161,1.68376424336461,0.383985004159066,0.466400269107624,0.695478818793627,0.527635290146943,-0.360106382377766,-0.199182051840523,-0.167336259076521,-0.250176620344787,-0.117135988240745,0.200093529859993,-0.053865912784217,-0.345945670954519,0.121004426013523,-0.0038233550215477,0.268231015164376,1.53433427273024,0.24790564789318,0.470003237807887,0.743324335649631,-0.11290905364084,-0.0875931892523956,0.0134773083254933,-0.344454254857012,0.213668161408048,0.234703348966216,0.149589134423951,-0.357514561160159,0.3548229309701,-0.3537939302713,-0.518031149295706,-0.451960310191091,-0.481605232845276,-0.465446941806251,-0.34488429633114,0.355874850052199,0.289617328618547,0.193027241866863,0.469104638354477,0.323135235687622,-0.118263943310901,-0.116267347000971,-0.13963117246468,0.0031314257094614,0.0188853964413772,-0.312831437270967,-0.332637186033752,-0.351889968040456,-0.134497640259288,-0.0165474764578166,0.348998138706214,0.171874558999041,0.176256590968947,0.215145047966188,0.042730907260475,-0.703013902624499,-0.28560155584497,-0.0865040939882799,-0.574190033862736,-0.264254345794288,-0.306568295580426,0.137856678260762,0.179740848367495,0.402525202726133,0.26869100041458,1.52778528139654,0.444640414655006,0.511935043503925,0.765334756470343,-0.34624660933449,-0.263810231442435,-0.355561600062418,-0.0364324758195582,0.669962852039833,0.143850554123523,0.151117398882796,0.145316445291779,0.987042132970292,0.375323227524192,0.339294332769468,-0.184437288294411,0.156889795534528,0.205380627600156,0.427077171549786,0.277170477800103,0.874187397721645,0.278993783876412,0.372902335387642,0.663330733129199,0.463194475439862,-0.156732687532518,-0.122475626950043,-0.0183571361685858,-0.127338784544568,-0.0279303951890455,0.181285916197151,0.131144169161959,0.22274682312112,0.548888977586015,0.599134762104578,-0.272812500171569,-0.0129399557466564,0.0477973864933652,0.211220490201747,0.192799036804461,0.0399619869668942,-0.255595499789311,-0.0718574243252648,0.186289908447799,0.135188564866432
"k__Bacteria|p__Bacteroidetes|c__Bacteroidia|o__Bacteroidales|f__Prevotellaceae|g__Prevotella|s__copri",-0.285744080140259,-0.468089987900835,-0.465701749483237,-0.382197002960931,-0.254583588663652,0.119917046217732,-0.349561937619713,0.0839571907154815,0.285072686230054,-0.35681970895717,-0.20230012693169,-0.0719183494323192,-0.021731814792139,0.109561931501948,0.228146740657149,-0.307804154711102,-0.209421680064923,-0.216957796091726,1.01014757645213,0.00334519608679517,-0.338843845966522,-0.233805484578217,-0.173085062494777,-0.29244576358294,-0.159889868075871,-0.162105299277364,-0.252536786638725,-0.266896443879628,-0.192750008380845,-0.183227714302106,-0.427743644447285,-0.307717923227852,-0.26893306842755,-0.0769985174405544,-0.336664023155161,-0.25396472129649,0.147038749304914,0.17503030482631,0.398197582212981,0.338909644277427,-0.225065533909268,-0.137030827534679,-0.124219782797036,-0.181059408873494,-0.0961125285921001,-0.030687159233002,-0.172164993104824,-0.345945670954519,-0.0425718673648051,-0.085289326215364,0.00125389769397262,-0.270653983755333,0.00629205087016634,0.237356035227045,1.7103725502605,-0.243157053276561,-0.182027806689863,-0.141338653281322,-0.344454254857012,0.122886082619527,0.0472685580923812,0.024854590308638,0.500034334109731,0.197592447384298,0.597334609035066,-0.374400870280022,-0.363814121596904,-0.363233630441181,-0.385003507984503,-0.293365965580246,0.129314889885481,0.0979751667521797,0.0397992342280656,0.257223083326788,0.199730276207025,-0.136441743182849,-0.127496188071376,-0.168599818166991,-0.0297888343228874,0.00280254463466452,-0.312831437270967,-0.332637186033752,-0.351889968040456,-0.177761264019394,-0.0503750313975049,0.2241992926247,0.119291376271141,0.11690088151021,0.143704081597287,0.0386047062195366,-0.452991523736813,-0.215626607513611,-0.0428443972155194,-0.397341930483285,-0.199614900898846,-0.306568295580426,-0.0232520622524417,-0.0214975114480499,0.173535780821428,0.144392539389094,1.53043294319163,0.183526781928539,0.22735326931466,0.454486803595727,1.16143597156582,-0.263810231442435,-0.355561600062418,-0.198003797475825,-0.357686648808836,0.0530317539188808,-0.0395139542922496,0.0121758137351803,-0.357786678446751,0.195893632929915,0.233336485625523,-0.184437288294411,-0.0209993250536935,-0.0269554574902766,0.184996789374822,0.137707051742135,-0.346526917883814,0.10650864045793,0.154681525357406,0.960812302159202,0.327758428738981,-0.0709375152066491,-0.0659021932659672,0.00663309486262141,-0.0802307108473197,-0.00548719892296496,-0.00820535790539023,-0.00497704800688332,0.0594853986152749,-0.359253059897505,-0.35565540563997,-0.272812500171569,-0.161897968031936,-0.143660944660866,0.0433788965670047,0.0844150819890351,-0.24765520015538,-0.255595499789311,-0.28532048523155,-0.0513979303551184,0.0238394218917453
"k__Bacteria|p__Bacteroidetes|c__Bacteroidia|o__Bacteroidales|f__Prevotellaceae|g__Prevotella|s__unclassified",-0.285744080140259,-0.268846569635789,-0.267614609346529,-0.215781251032981,-0.111830023207935,0.253085163718387,-0.349561937619713,0.232186858477887,0.365857948555318,-0.35681970895717,-0.00974952423527278,0.0782324528710472,0.157287020685602,0.240046513562717,0.302779970610697,-0.307804154711102,0.0121998983945257,0.0427348843371756,1.09635045938098,0.145391416561457,-0.360049339614434,-0.276503419506164,-0.209661504411912,-0.314622479314806,-0.17771264035246,-0.0744710806047352,-0.134258118614006,-0.148190453871499,-0.0999230907882406,-0.0971876375494636,-0.162330427245717,-0.307717923227852,-0.26893306842755,0.13507213990402,-0.336664023155161,-0.25396472129649,0.313612748553001,0.364007152215647,0.529824798502118,0.423212349289422,-0.202569646287532,-0.127658847185884,-0.125559474598373,-0.166150221336333,-0.0687961755339519,0.104863808170319,0.00728989145372622,-0.345945670954519,0.102423022868535,0.0324118119049433,0.200925669892891,-0.270653983755333,0.220526838068853,0.395194066533674,1.83269703419663,-0.0247260995920362,0.0153583412886909,0.0610455403578083,-0.344454254857012,0.222676618202806,0.200939039827224,0.164221498550881,1.36998295330283,0.312872068754594,1.03660768442491,-0.31221069630933,-0.297157428505411,-0.282124113128934,-0.319217107961285,-0.242660263217296,0.241548405113136,0.234510667129845,0.173325485988585,0.345714439617808,0.267597326647472,-0.0445258024593709,-0.0572954741138888,-0.0682366916203518,0.0408641565297985,0.0553252821334258,1.16294136992546,1.00187731150619,-0.351889968040456,-0.00957295719844114,0.0641933060040037,0.215658972084289,0.118166595042491,0.113115164458101,0.150747064437721,0.054180425088217,-0.449902746174854,-0.230786342877019,-0.0849705944860876,-0.392954695043766,-0.1960144533321,1.22619026492949,0.167212604216102,0.191850374598021,0.3208644970558,0.234856002048311,1.53870882006593,0.359993901539708,0.396160883109422,0.578221315324511,1.29218426799721,-0.263810231442435,-0.355561600062418,0.0349974942610196,-0.357686648808836,0.184861850626306,0.164276426012112,0.183813352026697,-0.357786678446751,0.337428686306608,0.297269546293385,-0.184437288294411,0.145837090925791,0.163465954987816,0.331159242003348,0.236575849421031,-0.346526917883814,0.249430728353924,0.305132367068435,1.60530583562378,0.381252861921032,-0.15309529585884,-0.129908675346627,-0.0594538165451737,-0.142053488117094,-0.0675054221140007,0.141978874535863,0.148461527197477,0.227996619040922,-0.359253059897505,-0.35565540563997,-0.272812500171569,0.0433422920897352,0.0816770482778265,0.216963774477346,0.215605183472145,0.0285691673669613,-0.255595499789311,-0.00152894509874497,0.167749303820916,0.179574882855672
"k__Bacteria|p__Bacteroidetes|c__Bacteroidia|o__Bacteroidales|f__Porphyromonadaceae|g__Parabacteroides|s__unclassified",-0.285744080140259,-0.399943425603624,-0.426633720059919,-0.334860817971001,-0.185009241176695,-0.0484800526316319,0.621332575695398,0.0145566098154251,0.168396352573815,0.593737887265658,-0.201752902381872,-0.101413401317102,-0.047234863782058,0.0799324937878016,0.197960954262933,-0.307804154711102,-0.297179343945264,-0.303422283914335,-0.337589162757449,-0.0113066097026686,-0.123794980971228,-0.150535705448071,-0.13915824542265,-0.149076861991191,-0.126190731538608,-0.227014555786722,-0.268905728218871,-0.277299687165214,-0.227348853319213,-0.153956526963763,-0.335129783991305,-0.307717923227852,-0.26893306842755,-0.00489362123138998,-0.336664023155161,-0.25396472129649,-0.000597657161426354,0.0494776751750217,0.233842821396887,0.286091565777392,-0.11315925571822,-0.0706348252158258,-0.0758636831319591,-0.11030420267921,-0.0658862543484263,-0.246172241742754,-0.248281697731321,-0.345945670954519,-0.129820454207985,-0.0978175335574322,-0.143492743057399,-0.270653983755333,-0.0775409933185362,0.144449882573281,0.736906785344901,-0.237724046349271,-0.169984315806719,-0.149937477254784,-0.344454254857012,0.128681756509198,-0.0533851600549741,-0.0215224186112075,-0.357514561160159,0.112064674347539,0.370106749887845,-0.227937757892546,-0.237812399579469,-0.255184021929397,-0.240076230430447,-0.217954805510246,-0.00752810060932209,0.0233161254250554,0.000148630793507064,0.153356977873892,0.14413695732322,-0.0991773739862548,-0.0776533838289839,-0.101280899763233,-0.00273209973270185,0.0237510693363535,-0.312831437270967,-0.332637186033752,-0.351889968040456,-0.139123772529865,-0.00998384708052171,0.0944866989695243,0.0360284028844948,0.0487120857124462,0.0728623358381625,0.0153078553699559,-0.121080893417781,-0.0605197042579918,0.00925851825439691,-0.171359499158813,-0.110825821180145,-0.306568295580426,-0.129263078796888,-0.126095308085674,0.0304496728317052,0.100633029370377,-0.27306528226547,0.0520725300764092,0.0949361889296791,0.256611119871718,-0.34624660933449,-0.263810231442435,-0.355561600062418,-0.222384317589105,-0.357686648808836,0.0511472558909234,-0.092848381322436,-0.0116500241940206,-0.357786678446751,0.145944733189816,0.221395812438063,-0.184437288294411,-0.146056845874607,-0.129569601002078,0.0511126172634987,0.0976146534756784,0.983556098557439,0.0229372890573147,0.0829840745693501,0.734957058746882,0.270898587411727,0.0430198291821408,-0.00309423842266599,0.0214648448613829,-0.00842116687836047,-0.0132910249759116,-0.0674797312077312,-0.000982913068431536,0.0363913777629702,0.622281435940239,0.628142434802053,-0.272812500171569,-0.207740218634232,-0.18971580734021,-0.0220174716683121,0.0689178813620329,-0.424202559186697,-0.255595499789311,-0.36289333706358,-0.141586802950707,-0.0132820542850555
"k__Bacteria|p__Bacteroidetes|c__Bacteroidia|o__Bacteroidales|f__Bacteroidaceae|g__Bacteroides|s__unclassified",-0.285744080140259,-0.363158528656973,-0.288467838810452,-0.108166644920592,0.0879674469457845,1.02311251861457,2.06440080731148,1.21279572060263,1.50581949768218,1.6288565455011,0.509013216143123,0.818076727576815,1.06930832330886,1.25432235020724,1.33807030930131,-0.307804154711102,0.521309859375116,0.62136387749805,1.02348943651944,0.963455515826548,-0.776625433961947,-0.660986238925536,-0.604996286594619,-0.757868335149081,-0.535134560705172,-0.397130231342617,-0.428901436843427,-0.464874281464574,-0.333093718683362,-0.26068778989552,0.314643541208429,1.2342204579236,1.54265809928311,1.20451636798862,1.53590714553356,2.58707059296798,1.45144338095698,1.64047934980644,2.03721850229992,1.77728587960363,-0.577983624675717,-0.426309379614199,-0.393038929227044,-0.505633393282393,-0.324126613144112,0.390454551639036,0.206900261074195,-0.345945670954519,0.559691089452498,0.425488962192336,0.982599944542307,2.51703389529116,1.31424180989614,1.67877924391462,1.26604583855794,0.53117792631145,0.741547644796789,0.977691978331277,1.87365032919756,1.25787383127207,0.784350450652442,0.857875546032539,0.470918578630948,1.20664528596615,0.606094321960752,-0.832664138437071,-0.817988167727259,-0.833897353697851,-0.845697141043984,-0.645435115933773,0.887278264340926,1.01624620425613,0.965595760616625,1.36220685902887,1.1608709758754,0.0212490796710641,0.135102646788445,0.0765390215123696,0.3079171391478,0.323022737083875,-0.312831437270967,-0.332637186033752,-0.351889968040456,0.619607623957811,0.762343270956795,0.36342603656012,0.211970046782036,0.162696571605894,0.262015759300893,0.12681711123762,-0.898684315287641,-0.607601365232295,-0.305388846767474,-0.878704890439998,-0.580718706609602,1.70298123338318,0.84796531467666,0.949039319085638,1.29407989595106,1.17271934651316,2.21954081338609,1.53748598734132,1.69267247462577,2.07965845519129,1.52982550159636,-0.263810231442435,0.60749747782102,0.781422099023755,0.891878233338879,1.10442979494885,0.874960145551425,1.08451806902638,1.26010470000549,1.48743805159862,1.38815082181841,-0.184437288294411,0.853655933450671,0.946575371370133,1.30284790834733,1.16962776285282,1.34257056787217,1.30736402811361,1.51811096888683,1.6811227620516,1.61999155451243,-0.335486255324684,-0.4181092482828,-0.388766243214908,-0.487946743795844,-0.37233133778453,0.934503768783186,1.0616349500317,1.29113590292323,1.38535099458573,1.65245537556311,1.51866419252706,0.72941022117095,0.893226100079455,1.20275584966916,1.18178109317963,0.451046536520977,-0.255595499789311,0.674076671166728,1.11496823617358,1.12779813700414
"k__Bacteria|p__Bacteroidetes|c__Bacteroidia|o__Bacteroidales|f__Rikenellaceae|g__unclassified|s__unclassified",-0.285744080140259,-0.52738060936096,-0.530089848598079,-0.304585740203283,-0.117760778793472,-0.0659826474094287,-0.349561937619713,0.167221427322927,0.389346844084334,0.6149517589549,-0.14012686846976,0.0443831185846225,0.126189037817003,0.335558526824797,0.486679836831193,-0.307804154711102,-0.370062691094578,-0.365146779210987,-0.337589162757449,0.175484410994037,-0.0591282186020077,-0.208221328052365,-0.244203498825689,-0.191126431387888,-0.231015471740635,-0.524165517484965,-0.442667511407651,-0.486242328903477,-0.396707950315853,-0.261024380012787,-0.193133540432634,-0.307717923227852,-0.26893306842755,0.375090331318732,1.22133498187559,-0.25396472129649,0.133994486885229,0.206368535845143,0.474882941584691,0.627975949310826,-0.045461480595046,-0.0713012379399362,-0.073095738618557,-0.128343420027612,-0.122931389654363,-0.508806117036482,-0.418146572991355,-0.345945670954519,-0.196054237128833,-0.000430830446685321,-0.226452060193966,-0.270653983755333,0.0870066591976413,0.380791881916852,0.774808476485631,-0.23550576787354,-0.0526691668989376,0.0173892477186529,-0.344454254857012,0.465440829672423,-0.0655814556377199,0.0860038032098462,0.461404306364104,0.308788489761951,0.428935452029868,-0.30844182203393,-0.351861526729345,-0.383749518905837,-0.368084980766173,-0.323926669471483,-0.121047866189073,0.0494085109127817,0.0823119077675072,0.295437351558166,0.395741969999874,-0.0886357311465572,-0.016057547049083,-0.0377192585426216,0.101253264552267,0.137153694328306,-0.312831437270967,-0.332637186033752,-0.351889968040456,0.0433169387518167,0.23662497217176,-0.00739426477295832,0.029311360220183,0.0134076110256545,0.042093547339135,0.0417012067106914,0.093244165985594,-0.0678163298831528,-0.0329282073659947,-0.0992288185091795,-0.171435919468797,-0.306568295580426,-0.140851360227899,-0.107354176340789,0.145932680405168,0.326499753421444,-0.27306528226547,0.168400227968567,0.241547255947047,0.493024733787547,0.932577036468804,-0.263810231442435,-0.355561600062418,-0.170284644164355,-0.357686648808836,0.328278173805108,-0.0242033360989279,0.199960347575271,0.601871257387896,0.485191534125707,0.586068146785335,-0.184437288294411,-0.170449797687675,-0.133673808758369,0.126953102257617,0.321161234098308,-0.346526917883814,0.21721585265897,0.298393333003259,0.820795108560712,0.640996879530283,0.0875291726226073,-0.0598773141744635,-0.0858995156343601,-0.0926492019768419,-0.181498730033133,0.0378002569653013,0.207913791589155,0.293818851603434,0.806349878957785,1.10184442040044,-0.272812500171569,-0.185362360879945,-0.123102489054463,0.158101497174994,0.361580063175847,-0.695155190706353,-0.255595499789311,-0.426380259727674,-0.0578160153410717,0.24191256464561
"k__Bacteria|p__Bacteroidetes|c__Bacteroidia|o__Bacteroidales|f__Porphyromonadaceae|g__Parabacteroides|s__distasonis",-0.285744080140259,-0.498509061403155,-0.488088504446108,-0.305725626504231,-0.142874442366573,0.246627418340594,0.60382509798387,0.343398213662951,0.570015133038124,0.769771542001895,-0.0703315522152271,0.118592955780816,0.247518389987892,0.410982196346849,0.536222893351892,-0.307804154711102,-0.123681040983402,-0.0962278912214711,-0.337589162757449,0.258013449901202,-0.360156335417645,-0.345898223110497,-0.306069898938379,-0.390232297535408,-0.276423864745853,-0.339858502454825,-0.346522562370165,-0.407180793415182,-0.293990976388061,-0.225652472167507,-0.238629513588322,-0.307717923227852,-0.26893306842755,0.309457276968467,-0.336664023155161,-0.25396472129649,0.414915742016572,0.512892265683292,0.780197607470474,0.723264127243623,-0.269187293978218,-0.18021442463407,-0.173078938058194,-0.244538995031971,-0.150855085045563,-0.112412256513538,-0.178728121207305,-0.345945670954519,0.0377732185522407,0.0417475557123967,0.118369672145492,-0.270653983755333,0.286861758146981,0.560521693625588,0.717403261391091,-0.0677815592964947,0.0432819980634676,0.13570969153689,1.34771984429129,0.46314796390928,0.182896736290106,0.232875193720178,0.455459672348272,0.447394816214336,0.351530696128944,-0.452799071152904,-0.464107728577173,-0.473569471795835,-0.482783640529162,-0.376877580619829,0.211695544396889,0.293554859106729,0.246649324333327,0.495526591368214,0.461024425367999,-0.0930251928886538,-0.0443200214468174,-0.0952785699502331,0.0724288712449663,0.11855603240383,-0.312831437270967,-0.332637186033752,-0.351889968040456,0.0608924653541387,0.193643365208614,0.172162547204005,0.1185341215351,0.0955120163821324,0.130503650570126,0.0517154469031413,-0.367303655908852,-0.239762465622529,-0.0735836206407218,-0.393290192700035,-0.255549744017433,-0.306568295580426,0.0911499887098664,0.142991280209018,0.406592902828344,0.406926196994664,1.65343426130528,0.474557620452985,0.541261941158031,0.812612325912551,0.960702772769864,-0.263810231442435,0.504921739454966,-0.0121207597710185,0.701428913149306,0.35299026354374,0.165981105423775,0.292623524700067,0.554995845495724,0.569395281646805,0.591812750717206,-0.184437288294411,0.118892397401811,0.144937579262548,0.412190356479795,0.411561507601701,0.971471765002424,0.390585792140541,0.496222635252082,0.714855504871068,0.685922963821985,-0.0966180260448311,-0.151513961518201,-0.115425485207539,-0.185861304814057,-0.143654774824516,0.208526681124633,0.285344087471602,0.39201063274377,0.660475962695593,0.761430201574132,-0.272812500171569,0.00819383267384317,0.0516893629029347,0.305605379136699,0.387933255363095,-0.260919341964385,-0.255595499789311,-0.143615426031291,0.168851765015466,0.299501067077263
"k__Bacteria|p__Bacteroidetes|c__Bacteroidia|o__Bacteroidales|f__Bacteroidaceae|g__Bacteroides|s__fragilis",-0.285744080140259,0.261392568338926,0.304571594534208,0.22925138148471,0.169092567399444,0.565599674236227,0.560838010602437,0.499229934146592,0.461711591355088,-0.35681970895717,0.407858309264325,0.414480863935316,0.490554393353983,0.382856954612338,0.307843775120427,1.27433704408772,0.582010578211729,0.641060867268488,-0.337589162757449,0.370283956587546,-0.266835030002667,-0.126554473679206,-0.135801024626505,-0.17578118791932,-0.0626200502288065,0.195384175473857,0.145766745548375,0.160477835081555,0.158773248861791,0.0758182606380627,0.417453140445804,2.02533269282223,2.65280333192004,0.425018514909286,0.986061438805568,-0.25396472129649,0.617529887496751,0.700307626935455,0.645648313839655,0.424046574851518,-0.185494201054868,-0.127673595742079,-0.112008536550988,-0.128155260455087,-0.0611965633929472,0.544804051423251,0.405783483155827,-0.345945670954519,0.406508263709415,0.234667809170321,0.681042702756178,-0.270653983755333,0.636260792175006,0.573455608974873,0.732605423134286,0.468848561275782,0.440244049734187,0.536579436650959,-0.344454254857012,0.297115846179165,0.426850115007776,0.352745971672119,0.458724008056978,0.362190848900946,0.383047438130212,-0.156484111460293,-0.107356904961747,-0.128252864809414,-0.122064208859346,-0.0883990331044454,0.531583297690195,0.482615713722816,0.474552825150638,0.455937960272274,0.294048960548473,0.104958241213637,0.101362201676159,0.117289694036145,0.107495051178858,0.0974180317237202,-0.312831437270967,-0.332637186033752,-0.351889968040456,0.322220171309259,0.239131592494772,0.154947815852592,0.0665375898636074,0.0699659934923395,0.0761426151717548,0.0135457530132592,-0.39373334282693,-0.208488408950623,-0.157726735082566,-0.293844440440056,-0.146342745290871,1.36237931815056,0.530556657000238,0.59045983569184,0.542262763016897,0.363015593863535,-0.27306528226547,0.624631077641816,0.683340398340782,0.638628752597555,0.945410280770637,-0.263810231442435,0.657026559128646,0.569283490838999,0.668508779424444,0.337353509344117,0.466065374043995,0.430066237424438,0.726522114671034,0.399629587171817,0.291414710096357,3.07043264531118,0.559302868247444,0.616338410698635,0.557864469024687,0.363948841807196,1.13081453701297,0.489097052710837,0.548511221890979,0.724726600811556,0.34839896780575,-0.159392694418662,-0.125703578682871,-0.111664631312739,-0.123667586165481,-0.043146231517267,0.467078485453121,0.407589908473464,0.476737574592489,-0.359253059897505,-0.35565540563997,2.0280501827993,0.523504772525877,0.59617546630618,0.515356154234474,0.351658811325461,0.776791224035034,-0.255595499789311,0.713557810983063,0.63260280876941,0.431161495332372
"k__Bacteria|p__Proteobacteria|c__Gammaproteobacteria|o__Pseudomonadales|f__Moraxellaceae|g__Acinetobacter|s__unclassified",-0.285744080140259,-0.0802082475020339,-0.118695715348573,-0.165125111067215,-0.171554060954617,-0.128612011084064,-0.349561937619713,-0.271472081040019,-0.28663726881888,-0.35681970895717,-0.223615967898827,-0.275279773795014,-0.308380293714125,-0.315878557145626,-0.308021954336877,1.26685215143071,-0.153941088135679,-0.183387379593391,-0.337589162757449,-0.271757592913493,-0.0398968320651334,0.0595763569832711,0.0817236456110821,0.0235726181095288,0.0655171569068481,0.162588636070092,0.0796928599092458,0.0971993876652886,0.0986023289602143,0.030111594703557,-0.329573412687208,-0.307717923227852,-0.26893306842755,-0.465268403973116,-0.336664023155161,-0.25396472129649,-0.309354081668498,-0.316166197640662,-0.34112245575215,-0.374728440805848,-0.0260041771171669,0.0326207046287583,0.0310314948965323,0.0311726012594855,0.0423324163564156,0.0293320473672771,-0.0602298365606267,-0.345945670954519,-0.118288970948917,-0.157137572670634,-0.158385086308908,-0.270653983755333,-0.309845646291725,-0.335125218205473,-0.34418642014992,-0.228617096437947,-0.31046911678524,-0.326110785285977,-0.344454254857012,-0.349124769767957,-0.139583151308767,-0.220266258084362,-0.357514561160159,-0.252668209296812,-0.3537939302713,0.0261172726492821,0.0638321013630807,0.0534627920254198,0.062205926054795,0.0568635711881199,-0.087642157338878,-0.191324725991263,-0.206640819421594,-0.23622115289967,-0.276828441924013,-0.0418426050959425,-0.102589325572778,-0.0942153006399468,-0.106141226290523,-0.111189243314557,-0.312831437270967,-0.332637186033752,-0.351889968040456,-0.307625256885765,-0.296169936233021,0.0659476671483524,0.00768528636353811,0.0274198395716654,0.00974278742797701,-0.0188937189356584,-0.132753051288055,0.0296175143550071,0.0294599792671589,0.00125208017433743,0.065212486762078,-0.306568295580426,-0.197236987282483,-0.201265183119303,-0.226252109556866,-0.289500224005131,-0.27306528226547,-0.296770182979413,-0.300669851035886,-0.312625203990043,-0.34624660933449,-0.263810231442435,-0.355561600062418,-0.268744741448194,-0.357686648808836,-0.340111413190795,-0.226536134898863,-0.3239341006237,-0.357786678446751,-0.350978798503006,-0.346631241573935,-0.184437288294411,-0.188324238161949,-0.181526930854012,-0.228749409806813,-0.286368196675512,-0.346526917883814,-0.314043020289216,-0.318539289121158,-0.350262479999396,-0.347529984179683,0.0322583767630515,0.118556332410093,0.153666602453324,0.126101988133438,0.160013402284054,-0.230814093778022,-0.335944330494563,-0.347196329114147,-0.359253059897505,-0.35565540563997,-0.272812500171569,-0.249012542542048,-0.274374026758645,-0.316935065126199,-0.342271410807033,-0.0516681698753109,-0.255595499789311,-0.22401545379616,-0.275449140955811,-0.33215916201158
"k__Bacteria|p__Proteobacteria|c__Gammaproteobacteria|o__Enterobacteriales|f__Enterobacteriaceae|g__Erwinia|s__unclassified",-0.285744080140259,-0.0182046155479557,-0.0400465398382765,-0.0618714642099028,-0.0899728134399856,-0.17270753755116,-0.349561937619713,-0.265270658577432,-0.279013196916679,-0.35681970895717,-0.161867419732143,-0.225720682393282,-0.277770884995775,-0.289625451694782,-0.298580871204007,-0.307804154711102,-0.118467041754706,-0.163375492419982,-0.337589162757449,-0.227153501537757,0.0192063267386348,0.0697281333798872,0.0944405718597688,0.0751555672515299,0.0768647265469132,0.10746976654207,0.0670436485321667,0.0755059759974557,0.0736040803974246,0.0364844448995911,-0.20837010470857,-0.307717923227852,-0.26893306842755,-0.343942394885451,-0.336664023155161,-0.25396472129649,-0.264770978196702,-0.310867071460291,-0.336471138441771,-0.35150649551606,0.0423798844129393,0.0428160628928017,0.0615817038165764,0.0583563150472943,0.0752730375455429,-0.0125305180199275,-0.0276560676933887,-0.345945670954519,-0.0951203504125964,-0.12571871812188,-0.182820424704795,-0.270653983755333,-0.296095362251581,-0.334090199824596,-0.34418642014992,-0.169362613036727,-0.224113678026652,-0.245493890010126,-0.344454254857012,-0.304552436361564,-0.123777228910219,-0.174617996829071,-0.357514561160159,-0.240404707870528,-0.3537939302713,0.0836149887560847,0.102244209584757,0.0998341696700402,0.0958473348016108,0.0888441495860565,-0.105911112374967,-0.179719054007397,-0.206916645503004,-0.231665933264937,-0.23870987907542,-0.0350967296830222,-0.080402113994307,-0.0791070344534045,-0.07821988465411,-0.0854346076227015,-0.312831437270967,-0.332637186033752,-0.351889968040456,-0.20988874525461,-0.231030165689062,0.0191460519995266,0.00896951217179443,0.0234200488584544,-0.00381966440629058,-0.00114471618261653,0.0160934868120334,0.0558796515590159,0.0700600814987506,0.053881634388316,0.0750987715873073,-0.306568295580426,-0.16585971607648,-0.192790153636649,-0.234984051074378,-0.239248144208214,-0.27306528226547,-0.264027194464914,-0.309558949145561,-0.342465531820815,-0.34624660933449,-0.263810231442435,0.504921739454966,-0.207562942264848,-0.357686648808836,-0.269852942836795,-0.200600768691092,-0.266873522734372,-0.357786678446751,-0.316690083593497,-0.308080284575791,-0.184437288294411,-0.15722059176393,-0.198805834382127,-0.232577631676244,-0.243246410043138,-0.346526917883814,-0.269899360340525,-0.304813283277284,-0.350262479999396,-0.313877149084791,0.0257460950225414,0.0675639890785009,0.0890823500838133,0.0673641301138004,0.0894472247238887,-0.200426613479231,-0.258721696839415,-0.295514879381616,-0.359253059897505,-0.35565540563997,1.51922271524901,-0.183658126313342,-0.227026311706727,-0.244201355142253,-0.275633471107324,-0.0758901000947732,-0.255595499789311,-0.194717823518479,-0.245296440602882,-0.273751435227766
"k__Bacteria|p__Proteobacteria|c__Gammaproteobacteria|o__Aeromonadales|f__unclassified|g__unclassified|s__unclassified",-0.285744080140259,-0.160931663298743,-0.19182833284459,-0.179385422455888,-0.156663332352825,-0.232503031530174,0.563545725072533,-0.276170227496191,-0.256783762985729,-0.35681970895717,-0.256580827396713,-0.259419121130433,-0.320483974179703,-0.274890698863636,-0.231134478854718,-0.307804154711102,-0.267032267384494,-0.310655702148882,-0.337589162757449,-0.25316272202776,0.0173561343628538,0.0426368750194312,0.0701465493241191,0.0374080227679058,0.0390683137240442,-0.0303165298906851,-0.0368436643488121,-0.0429657925031607,-0.0443044956840025,-0.0357758826463761,-0.344703296325216,-0.307717923227852,-0.26893306842755,-0.361524967028795,-0.336664023155161,-0.25396472129649,-0.321900919978608,-0.366370164932833,-0.314176608359563,-0.29726305532308,0.0195641178649586,0.0296722090087115,0.0404085255560467,0.0349024289344991,0.0415106653759465,-0.143466586883119,-0.160480203095512,-0.345945670954519,-0.175636371287329,-0.168875156482424,-0.296608937648654,-0.270653983755333,-0.360556484792731,-0.323184930663039,-0.34418642014992,-0.290641292625605,-0.296942980438367,-0.35111824881519,-0.344454254857012,-0.258487264339456,-0.181624392822087,-0.209095948705688,-0.357514561160159,-0.214470272351817,-0.3537939302713,-0.00899306048441311,0.0074302962850835,0.028658997078967,0.0115585233843992,0.0252982581600206,-0.183465326198668,-0.202844430241004,-0.237816583914216,-0.199473755210485,-0.200313878700119,-0.0944280553782703,-0.114467401369308,-0.108963325115159,-0.0980227305538578,-0.0897768711940315,-0.312831437270967,-0.332637186033752,-0.351889968040456,-0.267150591870576,-0.22080947767411,0.0266454732473059,0.0356158017090337,0.0213094414999555,0.0174957757565982,-0.00995639164804888,0.0344954604991928,0.0668194913505868,0.0831963931637202,0.0569454064033957,0.0469097693882931,-0.306568295580426,-0.249264037185308,-0.274438733125751,-0.257036882519297,-0.228214295036298,-0.27306528226547,-0.29412443068356,-0.33277456604355,-0.313480633314328,-0.34624660933449,-0.263810231442435,-0.355561600062418,-0.334694984171891,-0.357686648808836,-0.265858034770742,-0.260552083644641,-0.273035407026459,-0.357786678446751,-0.285318636227773,-0.231741714888156,-0.184437288294411,-0.247393696762537,-0.284967070816048,-0.252631682717086,-0.240616137462214,-0.346526917883814,-0.284813103572403,-0.326474406085211,-0.350262479999396,-0.249200743702584,0.0567918904391198,0.0701204974176948,0.0783664272668252,0.0737894075853505,0.0708877516123437,-0.270853716772215,-0.28463286629858,-0.330133556995168,-0.359253059897505,-0.35565540563997,-0.272812500171569,-0.282823445666953,-0.321725741855286,-0.300576340642738,-0.271767060680511,-0.28729224682744,-0.255595499789311,-0.371503885876814,-0.348236742707525,-0.309741744748697
"k__Bacteria|p__Proteobacteria|c__Gammaproteobacteria|o__Pasteurellales|f__Pasteurellaceae|g__Aggregatibacter|s__unclassified",-0.285744080140259,-0.131512951090999,-0.161359273226539,-0.163889594282428,-0.144208320868067,-0.187441479455517,-0.349561937619713,-0.260031116916344,-0.2317472796832,0.553662231068184,-0.217995103459469,-0.211805152431648,-0.248701591554815,-0.225278960274665,-0.188569965782477,-0.307804154711102,-0.249006606700421,-0.260186241449464,-0.337589162757449,-0.229167367772406,0.00163480077665949,0.0313030811820786,0.0473430895511748,0.00431338957050404,0.0291691369189908,0.0237492022731932,-0.022175382881967,0.0100924205503811,-0.0120382994114829,-0.0286021533586591,-0.286889842454082,-0.307717923227852,-0.26893306842755,-0.328293211608458,-0.336664023155161,-0.25396472129649,-0.27861944241139,-0.310773373116052,-0.308608789575113,-0.265272544874646,0.0199350505992059,0.0290251849776818,0.0378007803822485,0.0404813515822011,0.0507379173698573,-0.12663382530261,-0.137956229134497,0.858066093488526,-0.14779563889956,-0.141391255675546,-0.240495553463828,-0.270653983755333,-0.308952314275847,-0.284350806831789,-0.34418642014992,-0.24699206189137,-0.270544625372035,-0.309089191388589,-0.344454254857012,-0.25458265432941,-0.164931691516501,-0.216429649228779,-0.357514561160159,-0.193526921828098,-0.3537939302713,0.0372127347162383,0.0537509894429522,0.0389460507321454,0.0397457163188627,0.0304618218357906,-0.168563858782753,-0.204975518021461,-0.230697932477197,-0.21503225038653,-0.196394865788957,-0.0642297578120708,-0.0901518356686467,-0.078498513609558,-0.0749028076679731,-0.074593533485285,-0.312831437270967,-0.332637186033752,-0.351889968040456,-0.237476414216266,-0.207328879801024,0.0381892123123531,0.0190174528019743,0.0316258823162421,0.0233222415047015,0.0147404872493038,0.0317290237336358,0.0666371495397609,0.0605559707687834,0.0514821068083985,0.0396748592306285,-0.306568295580426,-0.213003262171921,-0.239132138627804,-0.232917760008495,-0.212749825208365,-0.27306528226547,-0.284946197823467,-0.294766106489289,-0.265772702643384,-0.34624660933449,-0.263810231442435,-0.355561600062418,-0.297350659662962,-0.357686648808836,-0.242126222193237,-0.225123662290784,-0.267983973987085,-0.357786678446751,-0.245059265843144,-0.211566885218681,-0.184437288294411,-0.214277700091768,-0.228734403344353,-0.226618475312644,-0.215808602220484,-0.346526917883814,-0.263648234881788,-0.274867909698968,-0.350262479999396,-0.239663206570164,0.03532888986151,0.083590732660179,0.093130298251791,0.0883536785124087,0.0915310885059163,-0.237466587737719,-0.258050495661618,-0.270854747696786,-0.359253059897505,-0.35565540563997,-0.272812500171569,-0.272656137621056,-0.274824818602892,-0.287222880176881,-0.258067393389428,-0.232050176953322,-0.255595499789311,-0.295231519300559,-0.298301653277455,-0.274425909014918
"k__Bacteria|p__Proteobacteria|c__Gammaproteobacteria|o__Enterobacteriales|f__Enterobacteriaceae|g__Trabulsiella|s__unclassified",1.37652737595445,0.236300746400163,0.217049995789106,0.160687750046471,0.0418538255786598,-0.258442620051451,-0.349561937619713,-0.291677757727298,-0.40683827264118,-0.35681970895717,-0.0409857767365953,-0.164184856467828,-0.214550493496467,-0.323583623784653,-0.365860974760644,-0.307804154711102,-0.0214910606550882,-0.0401027748842732,-0.337589162757449,-0.21794396254325,0.302945904687089,0.236883457251291,0.204710278136173,0.284421587778214,0.195705596865405,0.161214579038899,0.196932920662697,0.196929464201964,0.133674903379832,0.112180180746051,0.0722418085771612,-0.307717923227852,-0.26893306842755,-0.257053458900697,-0.336664023155161,-0.25396472129649,-0.338422423508102,-0.378428093572828,-0.556451572201221,-0.512563376180222,0.17982003820115,0.122291212509828,0.0861073887164082,0.153479880758126,0.120522756276713,-0.0196013389007286,0.0318385946188089,0.867877134814851,-0.109655924461755,-0.0869573283407715,-0.167538363536412,-0.270653983755333,-0.258885640157373,-0.440211116418658,-0.34418642014992,-0.0330523082292788,-0.105524410792104,-0.155242393820182,-0.344454254857012,-0.330106827945348,-0.170825165639889,-0.194437219296429,-0.357514561160159,-0.316333989773383,-0.3537939302713,0.297853197721866,0.290926302889704,0.285946297343143,0.294774075513859,0.233477780750253,-0.208897845216696,-0.225091976870644,-0.197652360609706,-0.395362327754931,-0.324725444838013,0.0265995797651192,-0.0107088564225756,0.018740039017033,-0.0813012687511503,-0.0843789059447317,1.20171943977184,-0.332637186033752,-0.351889968040456,-0.080919464184379,-0.162425250809269,-0.121833021833388,-0.0621310286620741,-0.0649497693522715,-0.103892029619434,-0.0479735479010039,0.325163319147952,0.178637686320536,0.0745214472511691,0.298980307666097,0.177861473366559,-0.306568295580426,-0.151639589737022,-0.182175494368215,-0.323060381619076,-0.311070864797357,-0.27306528226547,-0.372341490027385,-0.409358006909792,-0.572315652512642,-0.34624660933449,-0.263810231442435,-0.355561600062418,-0.0916069613753887,-0.357686648808836,-0.277215223166854,-0.167532939615004,-0.24939905819162,-0.357786678446751,-0.397246432176877,-0.390657713106129,-0.184437288294411,-0.15586187300293,-0.15454905842197,-0.32749309494146,-0.321646681500977,-0.346526917883814,-0.31753591605831,-0.372282687267996,-0.350262479999396,-0.458536520010665,0.11179348533287,0.107447053195932,0.0804722105585623,0.143766598490208,0.105102928576111,-0.187810457871418,-0.242171215177544,-0.305878970935092,-0.359253059897505,-0.35565540563997,-0.272812500171569,-0.08904460325195,-0.127162156960768,-0.271810636423179,-0.296427383766116,0.0158902376309754,-0.255595499789311,-0.0327188706166787,-0.228710453748132,-0.27197292080739
"k__Bacteria|p__Proteobacteria|c__Gammaproteobacteria|o__Enterobacteriales|f__Enterobacteriaceae|g__Klebsiella|s__unclassified",-0.285744080140259,0.215304228032199,0.209458944178287,0.14466238506811,0.0630588540028038,-0.232577718176632,-0.349561937619713,-0.263290426494393,-0.356957377708912,-0.35681970895717,-0.0145836701670967,-0.124617132629869,-0.182236590904409,-0.264137033370327,-0.318435634504765,-0.307804154711102,-0.0165811345824822,-0.0452409573037672,-0.337589162757449,-0.165702976853594,0.26841890783975,0.193286950597231,0.151990621143997,0.238992132330914,0.154063858196184,0.103938786544378,0.142948798573308,0.166033663235427,0.104056757979738,0.105463763011913,0.0799707698035924,-0.307717923227852,-0.26893306842755,-0.192393636184831,-0.336664023155161,-0.25396472129649,-0.293754521700837,-0.357319128493057,-0.47954242923758,-0.40255443197325,0.160032362276509,0.0893810962009535,0.0880988148572038,0.131769715245786,0.0876383942035708,-0.0449151137221603,0.0286751964552713,0.856711936018736,-0.0794232659302483,-0.0440503406651552,-0.183893764904797,-0.270653983755333,-0.24008367596177,-0.380697051201508,-0.34418642014992,-0.00900664929246897,-0.0646057128975554,-0.13014276883321,-0.344454254857012,-0.254703718911209,-0.143598128907395,-0.14863615050146,-0.357514561160159,-0.26955035631478,-0.3537939302713,0.24803495094923,0.239077186633281,0.257046027363365,0.244963187193145,0.188184433804531,-0.209093263076178,-0.212406703013806,-0.187647988880269,-0.328630527096497,-0.275892813510812,0.0258363629257406,0.00229836002373158,0.0354192041627105,-0.0404238543392184,-0.0465886469562903,1.16375629042323,0.9982537404184,-0.351889968040456,-0.0391696664319754,-0.11027879229546,-0.124959213352462,-0.0628076900388462,-0.0575988147570931,-0.080020495764179,-0.029516422489504,0.307141283245563,0.164360702785323,0.0677170637867458,0.288837056159531,0.169649529063472,-0.306568295580426,-0.120022442389931,-0.167812933407971,-0.275422694402992,-0.248295983521734,-0.27306528226547,-0.31605620932565,-0.36683325200319,-0.515991311164358,-0.34624660933449,-0.263810231442435,0.507618630035394,-0.0694163417804441,-0.357686648808836,-0.192298739631046,-0.132586053465106,-0.177422992398618,-0.357786678446751,-0.318227883032949,-0.320498109192641,-0.184437288294411,-0.134750953999331,-0.162149713456045,-0.289403812389052,-0.247933200999253,-0.346526917883814,-0.251795702017936,-0.311105489508494,-0.350262479999396,-0.392967283288,0.0975357952619081,0.0879364091196102,0.051681852304301,0.092764858322195,0.0549443494349137,-0.158487993480049,-0.176349279695588,-0.252416116248317,-0.359253059897505,-0.35565540563997,-0.272812500171569,-0.0596025084984115,-0.113604404148889,-0.212088686455446,-0.228342011743329,-0.0125759651991619,-0.255595499789311,-0.0401088924170891,-0.183437873445424,-0.185338941880473
"k__Bacteria|p__Proteobacteria|c__Gammaproteobacteria|o__Enterobacteriales|f__Enterobacteriaceae|g__Citrobacter|s__unclassified",-0.285744080140259,-0.189543591018073,-0.19627613825635,-0.177959960470712,-0.130046259395568,-0.186755377770705,-0.349561937619713,-0.197605067834635,-0.165943745973416,0.668829664802071,-0.210628925425967,-0.201360316087359,-0.214474064087924,-0.174743156505003,-0.11912938948174,-0.307804154711102,-0.261063306592524,-0.272449799151689,-0.337589162757449,-0.165111783287452,0.0176024261222759,0.0217137155334871,0.0227585507628487,0.0125952027720211,0.0218676171926711,-0.0666510396656965,-0.0734201986101823,-0.0627394137934248,-0.0592364210972783,-0.0607940948677464,-0.266110420523192,-0.307717923227852,-0.26893306842755,-0.234928291704511,-0.336664023155161,-0.25396472129649,-0.250924622986775,-0.265932206650459,-0.224478378119904,-0.158541499947196,0.0264612165008705,0.031456730242001,0.0309658420842774,0.0210101067461522,0.0267371378129633,-0.165372493991327,-0.178210795824932,-0.345945670954519,-0.160669197750141,-0.141672169162252,-0.258140748170269,-0.270653983755333,-0.256806961212985,-0.217060431083869,-0.34418642014992,-0.240565231929045,-0.246620999883301,-0.260044068176841,-0.344454254857012,-0.165941355379793,-0.161774689011367,-0.164484919533091,0.455267320352483,-0.148887072666682,-0.3537939302713,-0.0608866237169498,-0.0394906285093195,-0.0430976929433999,-0.0186722284324733,-0.0124577995899919,-0.182282876815218,-0.1872253026936,-0.194620095422082,-0.154441692510887,-0.123443874434259,-0.0479424245594592,-0.0864564271516992,-0.101649605557142,-0.0855527173544567,-0.0778271371671084,-0.312831437270967,-0.332637186033752,-0.351889968040456,-0.203319003889467,-0.152085097908814,0.0081113749587082,-0.00620300190872196,-0.0128913918928531,-0.00901176869431286,-0.0133169803387807,0.0314969674887427,0.0614049803370866,0.0626237243120911,0.032381713194973,0.038841644398329,-0.306568295580426,-0.232830538020634,-0.22547774167137,-0.195849683352859,-0.141267647548156,-0.27306528226547,-0.235822724107343,-0.251325087019726,-0.182989452720434,-0.34624660933449,-0.263810231442435,-0.355561600062418,-0.267797494467386,0.592184729265006,-0.175935517073686,-0.187925500393037,-0.213727537115224,-0.357786678446751,-0.178405378919312,-0.13643858761247,-0.184437288294411,-0.226927707350809,-0.243759732629152,-0.17721080227229,-0.156350918572198,-0.346526917883814,-0.216014195120402,-0.21457732907677,-0.350262479999396,-0.145839962967759,0.0402238848030722,0.0680418744041629,0.075320502046257,0.047417358232231,0.0645343755371568,-0.202461163575099,-0.18947710968123,-0.206753468789239,-0.359253059897505,-0.35565540563997,-0.272812500171569,-0.259633081768777,-0.252825743961213,-0.224341411141882,-0.167849214655819,-0.302559563164626,-0.255595499789311,-0.332970547341784,-0.277169966132625,-0.210862259038001
"k__Bacteria|p__Proteobacteria|c__Gammaproteobacteria|o__Enterobacteriales|f__Enterobacteriaceae|g__unclassified|s__unclassified",1.9367449089791,1.17863125881323,1.26309439486077,0.855425770961003,0.503374321458107,1.14256606503444,0.613646445741736,0.745518822729324,0.424630282173218,0.580819684870199,0.95480549844077,0.801400692317166,0.828232298591402,0.374313695390759,0.0247997211762867,1.41261047578782,1.5654480291037,1.65949174806792,1.15152728174776,0.505490519415378,-0.417689863497311,-0.0212810400490027,0.0698176299635671,-0.0933700106512564,0.149917986149131,0.992801719048531,0.785364349667209,0.893408406301943,0.755385981532214,0.469498415779565,1.09264578212985,-0.307717923227852,1.54507598179265,0.412432141022783,-0.336664023155161,1.83302777984062,1.0553261885385,1.07406633725079,0.641793933788978,0.0450555443253446,-0.270351637162988,-0.140583365654388,-0.121637158691341,-0.0780195338890108,0.0318396846767521,1.67111537341278,1.27999459741491,1.05039754919617,1.03602763104408,0.50150413713082,1.53593906867184,1.54578915170439,1.13241796315595,0.66545909540259,-0.34418642014992,1.21376633493431,0.963132629598578,1.00905807843517,0.796338535561996,0.110424693702749,0.929114453244271,0.617139452342116,0.466172757626944,0.350100713635275,0.381928785058198,0.127588836607665,0.250486734679201,0.29340728399563,0.232957958491983,0.254925972778446,1.10042440470238,0.83395221308377,0.79477759133238,0.490251703803603,0.0556308936278554,0.350251239409917,0.223550515796308,0.277997704999351,0.116050884367202,-0.0158055207358571,1.57095398295699,1.30823778468667,0.823021204775654,0.606266944803742,0.245776311443091,0.255069641784476,0.0787711155848083,0.102498541432259,0.091657978790078,-0.00911575259429091,-0.830085050091857,-0.332882644319887,-0.272796147256409,-0.408828111170115,-0.0614165173910494,1.47426720061942,1.18171635389442,1.24042262858473,0.837372230979773,0.271418250352544,1.76130199107199,1.00263033519332,1.01405470634988,0.628095046656135,-0.34624660933449,2.36092724889788,1.33335492091631,1.33135298851766,0.697902685524673,0.310568133118586,0.960995295411752,0.600427773611709,0.577031593891695,0.257222876348449,-0.102498658687705,2.35870302293601,1.2524308940127,1.31273983827074,0.91319133574554,0.312024053143899,0.987053362601412,0.70955916344088,0.726032570565341,0.664472448015588,-0.105831047174532,-0.512738178403201,-0.226648092153033,-0.139735100202537,-0.170793373134213,0.0524937877675539,0.844378399292,0.549535508856206,0.570774715611516,-0.359253059897505,0.592529410771319,2.18622403792165,1.24793683368529,1.31093896592594,0.820629705486672,0.283449024325813,2.33136249755278,1.81113221703851,1.92653338952782,1.33431411288098,0.590040612512125
"k__Bacteria|p__Proteobacteria|c__Alphaproteobacteria|o__Rickettsiales|f__mitochondria|g__unclassified|s__unclassified",-0.285744080140259,-0.15470919837792,-0.191510129003866,-0.190536933468278,-0.167377500653796,-0.232172895333253,-0.349561937619713,-0.298925077925471,-0.264580970496049,-0.35681970895717,-0.266862157899403,-0.285039964460182,-0.329015527640634,-0.278850635537197,-0.246077770561087,-0.307804154711102,-0.273109286853675,-0.312265708094748,-0.337589162757449,-0.24904024497947,0.0114568111888325,0.0366059700369246,0.0539040770278382,0.0265142519417871,0.0385779908274443,0.0109191308658778,-0.0323196180672578,-0.00775126335827648,-0.00283434555686766,-0.0148628808254112,-0.332720384505279,-0.307717923227852,-0.26893306842755,-0.35227217316609,-0.336664023155161,-0.25396472129649,-0.340859697387128,-0.372938872825206,-0.326551361724134,-0.289745775242696,0.0435145353305444,0.046302719981034,0.0559462883200345,0.0414353242138565,0.0364490356376854,-0.146853928043197,-0.156389782354637,-0.345945670954519,-0.183087942835139,-0.153799897939937,-0.274468069984188,-0.270653983755333,-0.351521547176904,-0.318643634414048,-0.34418642014992,-0.291819893426823,-0.303283906607059,-0.333344928828962,-0.344454254857012,-0.268984130040171,-0.178056345661237,-0.221343055889319,0.47356643330562,-0.22630921180266,-0.3537939302713,0.0264777684577974,0.0583337408791264,0.0430864524572376,0.0346797175258049,0.040163318019532,-0.174874859781887,-0.218640993579277,-0.253989244073193,-0.233014850113315,-0.207431487923935,-0.063130720648735,-0.0909233993825229,-0.0837442354493043,-0.0938504003971484,-0.0722714394661652,-0.312831437270967,-0.332637186033752,-0.351889968040456,-0.281097308732636,-0.233675464209451,0.0264551783564744,0.0141069899321558,0.0276343047710658,0.0130107700108025,0.0185805937076984,-0.00335084922927288,0.0513081263237651,0.0638123605626203,0.0309541148420731,0.0386237479283956,-0.306568295580426,-0.261720550970527,-0.284177930080094,-0.26161141483133,-0.240800585861206,-0.27306528226547,-0.311699506512273,-0.336998152087865,-0.31172106593392,-0.34624660933449,-0.263810231442435,-0.355561600062418,-0.325206091107956,-0.357686648808836,-0.27548678023103,-0.262978391728432,-0.285584468904886,-0.357786678446751,-0.277403030763908,-0.245299834366583,-0.184437288294411,-0.254536415980046,-0.277930372030072,-0.259636121575622,-0.231456823019363,-0.346526917883814,-0.294439294324795,-0.330268842618852,-0.350262479999396,-0.253827172482456,0.0430865347396,0.0768064679791128,0.0962438280304974,0.0923730515179541,0.0849084241991368,-0.252692379422102,-0.302343789988354,-0.312622315105895,-0.359253059897505,-0.35565540563997,-0.272812500171569,-0.299853428295951,-0.33906188486084,-0.305721178035965,-0.263165497131096,-0.273584005150764,-0.255595499789311,-0.366760314357613,-0.342951855440786,-0.314976122121011
"k__Bacteria|p__Proteobacteria|c__Gammaproteobacteria|o__Enterobacteriales|f__Enterobacteriaceae|g__Enterobacter|s__hormaechei",1.38178040852082,0.509373095065768,0.530161789090462,0.412942794053677,0.269584746019915,-0.133206081031153,0.618777090826921,-0.118487828978328,-0.334859778841794,0.566184355833695,0.22314022922132,0.0791154935848459,0.00201868201559534,-0.14637079346541,-0.287887755186458,-0.307804154711102,0.24108805753254,0.242209231207922,-0.337589162757449,-0.0398758081001339,0.415049991064694,0.27259821300014,0.225148078226034,0.356575451300292,0.212379218314036,0.195910065369259,0.26459946432865,0.293270659426554,0.196775018230669,0.190400516420067,0.472594851654821,-0.307717923227852,-0.26893306842755,0.0336799151206016,-0.336664023155161,-0.25396472129649,-0.172645595273669,-0.209932430812323,-0.467406588778221,-0.424928173717113,0.259365835347246,0.147180355372095,0.138119327782113,0.218506008935461,0.0957621561237899,0.0668981372923318,0.215835270293416,0.86384894486415,0.0401475845858568,0.0716778713770298,0.0161598742252998,-0.270653983755333,-0.0262216342908009,-0.29809355633964,-0.34418642014992,0.254913961484168,0.18356597801464,0.117923529746786,-0.344454254857012,-0.166788579268383,-0.0631765187303968,-0.0354037851411752,-0.357514561160159,-0.239310557125388,-0.3537939302713,0.415407033739083,0.406213556164898,0.420902956413713,0.427385597307456,0.308526716050096,-0.134274660569149,-0.125787591922507,-0.0498520368716038,-0.32291362774133,-0.250921021209301,0.150380932883118,0.158042048439256,0.179758110861564,0.0273855626749895,-0.0219323195505291,1.20992028096179,1.02144892903783,-0.351889968040456,0.183563199493172,0.0363887871315134,-0.227702091523127,-0.142574091477624,-0.114875325142177,-0.165853273678719,-0.0561728954430972,0.480722294506824,0.193367705214833,0.0253129428835338,0.407902593291201,0.205633657075588,-0.306568295580426,0.0495072591321861,0.0235720959152906,-0.205892563655114,-0.183402001165305,-0.27306528226547,-0.225260238223617,-0.267432059044435,-0.528532362510828,-0.34624660933449,1.58718507552735,0.571833467060868,0.21925162508002,0.584301034566713,-0.0938781509566309,0.0488819790212192,-0.0279800252719525,-0.357786678446751,-0.247954043124247,-0.3057740597961,-0.184437288294411,0.0362405827381072,0.0276352944564585,-0.229681827608666,-0.19958097402128,-0.346526917883814,-0.147519226975712,-0.201614925056099,-0.350262479999396,-0.399355928053102,0.0602259098997797,0.0591925954363482,-0.00986964610898486,0.0722097830910201,0.0245381638725392,-0.0100375059788799,-0.0272431948430319,-0.11119966550154,-0.359253059897505,-0.35565540563997,-0.272812500171569,0.174763981604782,0.136834242197932,-0.0706974388694007,-0.138273889734603,0.302326446096983,-0.255595499789311,0.325958242784137,0.0326997320470032,-0.0429823757096303
"k__Bacteria|p__Proteobacteria|c__Gammaproteobacteria|o__Pasteurellales|f__Pasteurellaceae|g__Actinobacillus|s__unclassified",-0.285744080140259,-0.021097034700512,-0.02988186386101,-0.0689609061185328,-0.0858557340892312,-0.194453558872029,-0.349561937619713,-0.251960570702211,-0.28415546081445,-0.35681970895717,-0.145129050241026,-0.185892313616498,-0.231204786477039,-0.260130824326206,-0.238189518887139,-0.307804154711102,-0.142207735534453,-0.158213789468965,-0.337589162757449,-0.216652208452169,0.0960584254687893,0.0930488731034746,0.0783352530145897,0.114585916606117,0.0926782739069033,0.0545831659333955,0.0470191775980683,0.0448131439455452,0.0371084228960875,0.0174802723086593,-0.168179224640857,-0.307717923227852,-0.26893306842755,-0.298881905231471,-0.336664023155161,-0.25396472129649,-0.278785851434884,-0.306391906260935,-0.342564274847345,-0.331815250187348,0.0733069528889995,0.0607711829585246,0.0365677594020196,0.0635444047131207,0.0612016572596056,-0.0544424349267011,-0.0512763824592806,0.87436475798468,-0.112488040298666,-0.108200024102935,-0.216653062051852,-0.270653983755333,-0.26792520604016,-0.329047842309245,-0.34418642014992,-0.163372425675896,-0.203368185933408,-0.254744412005092,-0.344454254857012,-0.260460489545638,-0.147657321519134,-0.175611809573712,0.456805101333972,-0.210042570531041,-0.3537939302713,0.0629615208794419,0.0776012873522504,0.0833657726534221,0.0689039351830926,0.0624442183536946,-0.162717106895609,-0.199418656978508,-0.19590937220822,-0.251759722277844,-0.22037166552034,-0.0398164042532238,-0.0956847128030521,-0.0642867972221475,-0.0901301420941089,-0.089886890555174,-0.312831437270967,-0.332637186033752,-0.351889968040456,-0.177903601438667,-0.199223092692521,-0.0429159149171806,-0.0260402990025632,-0.0163808791137059,-0.0351889065591582,-0.0329978389496817,0.118770867341737,0.10686114400592,0.0567409604815604,0.123278969334573,0.109143218614491,-0.306568295580426,-0.179793477590319,-0.198619148712717,-0.252637606992766,-0.234496920268553,-0.27306528226547,-0.2891058803277,-0.317042142830337,-0.362799734707766,-0.34624660933449,-0.263810231442435,0.505596644270768,-0.22227574288688,-0.357686648808836,-0.248744834689926,-0.194135326054775,-0.240729254164864,-0.357786678446751,-0.297864594860569,-0.265631148858334,-0.184437288294411,-0.188864281025077,-0.190757917565516,-0.256542355108119,-0.242541988655298,-0.346526917883814,-0.257323159471813,-0.304271685884854,-0.350262479999396,-0.308327782979185,0.0772898064263825,0.0890890098914335,0.0859929793356965,0.12256501763451,0.10789726679537,-0.200866756329441,-0.246056624337925,-0.288811214886921,-0.359253059897505,-0.35565540563997,-0.272812500171569,-0.181810915348016,-0.210028524986699,-0.255866019980558,-0.24072481719467,-0.127943006548765,-0.255595499789311,-0.194978169717945,-0.268678563148803,-0.270886458193184
"k__Bacteria|p__Proteobacteria|c__Gammaproteobacteria|o__Enterobacteriales|f__Enterobacteriaceae|g__Escherichia|s__unclassified",2.29869965399556,1.0650327361665,1.15557999525567,0.714848045173732,0.369027451433967,1.07822136178003,0.660375070457333,0.560041814002172,0.271964871327706,-0.35681970895717,0.788088935028594,0.596244701274692,0.593297517153553,0.157469347977996,-0.146650382961923,1.49365717059965,1.4536239187918,1.53167170703596,1.04108802532733,0.318886146580048,-0.50350261119982,-0.0165046744260169,0.0830237821977197,-0.130472526894232,0.172679549684442,1.10135465988954,0.821024335596798,0.935842647179249,0.829091793139057,0.484518935278382,0.807888514130272,-0.307717923227852,1.53448204865469,0.0664155450032676,-0.336664023155161,1.76469105960328,0.886107171697601,0.879815820431107,0.476306561108767,-0.175200782980722,-0.356803425013477,-0.157925909209073,-0.124632260938159,-0.106210295577679,0.0606773431046681,1.73249166223456,1.25751015664514,0.979520476251455,0.977992330954856,0.401965539180415,1.44264353118346,1.55203384982869,0.897745338072389,0.476460475655176,-0.34418642014992,1.03585374897555,0.732896722613314,0.759800078049697,0.79748553558653,-0.126006835445364,0.869145089299874,0.493635646323249,0.472810618549735,0.225636899920395,0.353259938155257,0.0655303716678324,0.202218121462661,0.243225711059325,0.197636482062972,0.25295325715084,1.09684351805861,0.715823139064425,0.643725525650141,0.378803702345622,-0.079956377074582,0.302646996908795,0.147687432415761,0.168466971465395,0.0453122882125404,-0.092760296782689,-0.312831437270967,1.01228645236603,0.89093165516505,0.365881740940774,0.0226368145050391,0.370155021661958,0.139934320605003,0.18448671540713,0.149100888957153,-0.0060370867625841,-1.02261651989351,-0.361069973378844,-0.265623173924271,-0.505458651389866,-0.070814785405837,1.71378048795042,1.0706258327706,1.10673243592159,0.7163233401943,0.0867344816114885,1.98583332469137,0.847430489575822,0.852910464387632,0.480114084224925,-0.34624660933449,1.81682530374264,0.683162753666476,1.11695294599451,0.587461974665998,0.0561122335696135,0.812042220894011,0.410255531773854,0.557831085527729,0.046858267307657,-0.349933903631326,2.39267038356979,1.1560383870037,1.19294750992791,0.807132297295025,0.151329332100706,1.17268879116914,0.519908394244297,0.519620263137113,-0.350262479999396,-0.306274365745012,-0.557817933152093,-0.215084339860256,-0.075522224885289,-0.146189140678435,0.132170809417784,0.688118345292798,0.330964615466908,0.355823600467817,-0.359253059897505,-0.35565540563997,1.90610169539806,1.08254327699688,1.12240426610773,0.623155888776082,0.0619421332302435,2.29149153017885,1.87912756599743,1.73690812535141,1.14405926354344,0.353125866876499
"k__Bacteria|p__Proteobacteria|c__Gammaproteobacteria|o__Pasteurellales|f__Pasteurellaceae|g__Haemophilus|s__parainfluenzae",-0.285744080140259,0.0652765842568426,0.0623321060161591,0.00216947329174379,-0.0390010441264054,0.10446451184471,-0.349561937619713,-0.0184615677069234,-0.0616510203575995,0.552598943279897,0.00113982903610527,-0.0198306502335718,-0.0466801509136322,-0.0782800098351853,-0.11858017034055,-0.307804154711102,0.105113208908577,0.112725788584818,-0.337589162757449,-0.0617856282368972,-0.127433376295064,-0.0151571362663334,0.0152947877898225,-0.0328703037079214,0.0312269082401575,0.182761660832105,0.121978554258887,0.136551367292387,0.125530025493684,0.0557179326072884,-0.0517627503015362,-0.307717923227852,-0.26893306842755,-0.155515084860666,-0.336664023155161,-0.25396472129649,0.0224124584788746,0.0061678306035935,-0.0447567100780651,-0.140676757118696,-0.0816759397130927,-0.0242183614021528,-0.0186848309467035,-0.0318619264535762,0.00848868705762669,0.250233964471224,0.129740453644119,0.868833840758214,0.0869928675257681,0.00340016319303535,0.126961308604629,1.53548568333522,0.00715025405566812,-0.0383189374473887,-0.34418642014992,0.0311571362078315,-0.0275050594808923,-0.0486552211178184,-0.344454254857012,-0.157124994927095,0.0747192863405512,-0.0026942075039901,0.458724008056978,-0.0409873906810791,-0.3537939302713,-0.0293595111825326,-0.00177316205039854,-0.00141236763722833,0.017360837592793,0.0394551259534258,0.0824231473740909,0.00874602188519362,-0.0193685487640567,-0.0332637028987245,-0.0898716989606,-0.0291200731046233,-0.0584947197769622,-0.0674936989913559,-0.0464476749628602,-0.0629938976025339,-0.312831437270967,1.00110193657859,-0.351889968040456,-0.0793062494284074,-0.103418663911876,0.0892187856594114,0.0387751106748211,0.0608209126082439,0.0576949183466338,0.00728045970116132,-0.212499060127814,-0.0496709159416747,-0.0221173866514704,-0.101910030047439,-0.021468973229738,-0.306568295580426,0.0491598497464777,0.0464044043347206,0.0269744930049164,-0.0742928679196144,1.53213131717125,0.0264752305507939,0.0304849192006458,-0.01136588538248,-0.34624660933449,-0.263810231442435,-0.355561600062418,0.0202470970334494,0.604670772985267,-0.100411682114348,0.0111524163439979,-0.0677185860098977,-0.357786678446751,-0.0988067169829512,-0.157653749842641,-0.184437288294411,0.0868085500861117,0.0731801367027044,0.033446577097753,-0.0649652737434317,-0.346526917883814,-0.0524881865417109,-0.0441503281264426,-0.350262479999396,-0.140058670830817,-0.0858903999771645,-0.0261605834133672,0.0278710978944208,0.0050758738637916,0.0392547582912328,0.00578759546591767,-0.0760786430534322,-0.0875619536950165,-0.359253059897505,-0.35565540563997,1.55028303325359,0.044050194421586,0.0494933550692468,-0.0255803105954712,-0.105849162482464,0.260616861592016,-0.255595499789311,0.110048556868007,0.0495994155895383,-0.0726119707074011
"k__Bacteria|p__Proteobacteria|c__Alphaproteobacteria|o__RF32|f__unclassified|g__unclassified|s__unclassified",-0.285744080140259,-0.289524683894413,-0.313244727832322,-0.210939353435682,-0.13388655212314,-0.106677626415329,-0.349561937619713,-0.052066074917222,0.0685521023150623,-0.35681970895717,-0.175513507688271,-0.104131038825398,-0.0820112619085375,0.0362793401099603,0.112590784366922,-0.307804154711102,-0.262021881331456,-0.282802015093549,-0.337589162757449,-0.0350689676820257,-0.0424261835859053,-0.0769935306377788,-0.0670462076766085,-0.0669452083242971,-0.0817655310706841,-0.192050967099823,-0.185034008475036,-0.234355889279794,-0.192650977372543,-0.138566944374487,-0.264807904061069,-0.307717923227852,-0.26893306842755,-0.0143756965713766,0.937090588423018,-0.25396472129649,-0.0669164664528942,-0.0664763112696001,0.0692219300906337,0.147396429370705,-0.0386385075718689,-0.0297861711755833,-0.00771112178900369,-0.040044101878156,-0.0297666918389975,-0.233393744321997,-0.21535865913162,-0.345945670954519,-0.134218044521701,-0.0690162173818626,-0.217902880450966,-0.270653983755333,-0.122419413538198,0.0253017660403281,-0.34418642014992,-0.217108382090964,-0.153753273573446,-0.145492132780327,-0.344454254857012,0.0637570000369882,-0.100802269526189,-0.0450681923602666,-0.357514561160159,0.044912036022333,-0.3537939302713,-0.109950671515166,-0.138090361301894,-0.133262422575281,-0.126727092070047,-0.110201749645868,-0.100992476305804,-0.0402646136164754,-0.0677042532272213,0.0242131325540956,0.0849233656493725,-0.0663152301140481,-0.0461301876189522,-0.0563529905332819,0.014589300744372,0.026837629141003,-0.312831437270967,-0.332637186033752,-0.351889968040456,-0.105624144850967,-0.0237237111168393,0.0104211985765808,0.0263880748235737,0.018822038642469,0.0288301415382843,0.0221006670438842,-0.000798049406668967,-0.026509557537292,0.0143688184970099,-0.0458824127567788,-0.0570180304791141,-0.306568295580426,-0.156122687653751,-0.177042787845641,-0.0322221842106368,0.0373747921627671,-0.27306528226547,-0.0565818422362478,-0.0410161902852751,0.0808917061655436,-0.34624660933449,-0.263810231442435,-0.355561600062418,-0.210474076849335,0.581923755222235,0.0395007738499694,-0.110780014577751,-0.0331226767002068,-0.357786678446751,0.0781206812558582,0.139838511077452,-0.184437288294411,-0.163634590372163,-0.171053798943361,-0.0510956532541321,0.0443683682552872,0.829077269952297,-0.0249096116274556,-0.0232799830773637,0.662187713239849,0.153751442937902,0.0572197625183895,0.00342662997208386,0.00412521850635619,-0.00604835959879745,-0.0164034342084432,-0.101733413648947,-0.0367167320494226,-0.0325001455980557,0.851123928179216,0.5940875409096,-0.272812500171569,-0.192689084862837,-0.200736477633143,-0.0677420034381955,0.0254166149459537,-0.388562794152671,-0.255595499789311,-0.33586583163233,-0.166276403068479,-0.0468833541965032
"k__Bacteria|p__Proteobacteria|c__Gammaproteobacteria|o__Pasteurellales|f__Pasteurellaceae|g__Haemophilus|s__unclassified",1.38003246191248,0.89973502098934,0.968217995270834,0.795786469752279,0.567513706739615,0.66831458829196,0.568939257626184,0.637749874415999,0.387933995916913,0.574049567787149,0.830279198680754,0.742809519352862,0.781552877559906,0.523227226512794,0.274238622181043,1.27913947470646,1.0495810280262,1.11964298141952,1.02280153123329,0.55113236935058,0.0523049728181072,0.0574302927380958,0.0136912181104863,0.0927668573789339,0.0802423281145071,0.405332459678168,0.403374343595703,0.45201375241214,0.362852456634769,0.286020904349193,1.11178731091608,1.25100646439434,1.53114829551484,0.763640004680216,1.01422271490942,1.69779759753666,0.770359167019549,0.802863562652178,0.487491423302895,0.296965474158798,-0.00363655211557979,-0.0318747130704712,-0.0426644393202213,0.0290976291642265,0.00461673592000081,0.775212171882197,0.76953307369768,1.02667247357892,0.634807929870705,0.461446571854343,0.943929438327969,1.53835842302975,0.929604359362147,0.594222743150894,-0.34418642014992,0.972820772136562,0.916667712526098,0.92484306640444,0.796608536303957,0.399169211417087,0.570951736020276,0.531762264385491,0.597077106485352,0.351999193411089,-0.3537939302713,0.217790950733726,0.235506667414709,0.253386047250301,0.249165731417995,0.210223650447769,0.500258533478493,0.525551600924353,0.595307512687247,0.345803863695456,0.231174814572631,0.296346694511423,0.311123630520294,0.336761924808886,0.215502222999894,0.130118169852119,-0.312831437270967,1.09446878017514,0.760299775432987,0.723694128438285,0.470758585464814,-0.0308996111720251,-0.0354451487842704,-0.0294500460534114,-0.0440732989857847,-0.02097938137565,-0.0325505545294825,-0.103531972525824,-0.155769552062584,0.024416377594308,0.00463148109337284,-0.306568295580426,0.790121554896269,0.860855700115459,0.577934682037305,0.374492488569062,1.56678245918827,0.720503446902536,0.761234796044635,0.449867142432442,-0.34624660933449,1.58695623594138,0.505821511359197,1.0588429458839,1.26332085701838,0.496228805608656,0.73197945929327,0.649858781199887,0.572973020058647,0.42322611776453,0.220447949747798,-0.184437288294411,0.827648448984554,0.865931865680179,0.590293434082478,0.376327731074312,-0.346526917883814,0.631524753476157,0.654577436459742,0.6569457770762,0.202807592673949,-0.214291329985321,-0.188494922444203,-0.219166422908876,-0.158587899776212,-0.141824490891968,0.675440875325968,0.633190713461409,0.635376624774583,0.610971781992287,-0.35565540563997,1.698661040828,0.959766932914655,1.02330956053649,0.724586451245242,0.463767177938359,1.31611796284138,1.70173960877615,1.33564944897688,0.988104528570349,0.65790786098797
"k__Bacteria|p__Proteobacteria|c__Betaproteobacteria|o__Burkholderiales|f__Alcaligenaceae|g__Sutterella|s__unclassified",-0.285744080140259,0.223361874482015,0.303780583636797,0.327562704561019,0.342769996922844,0.566355505702984,0.721315062112882,0.762261527535701,0.775389528091288,0.851733122189851,0.597552123647445,0.674036709197018,0.775132220527418,0.774330771649482,0.690255674549896,1.27603465436843,0.555875206848847,0.614721623717364,1.40354336497048,0.682298596011855,-0.101093506195017,-0.166755122834634,-0.184928738507937,-0.152830402763844,-0.166445953375918,-0.133873733428532,-0.0481013431520769,-0.0822896228678399,-0.0401016950583784,0.028646248806989,0.731826556768187,1.44908205042241,1.54375786157044,0.973491998287006,0.954168802365279,-0.25396472129649,0.8219471628641,0.90815787366536,0.969738243785971,0.905307802713908,-0.0923315640950922,-0.128778273332744,-0.114363657528345,-0.161557228902621,-0.14808740799441,0.196882362888001,0.263877170441686,-0.345945670954519,0.391843973495164,0.397306472218267,0.676533529562369,1.74121730316244,0.88646271126254,0.927454556942409,0.710816630346506,0.611953753956556,0.725358161142047,0.825209004128062,0.938919204561112,0.776041150811222,0.451786071330912,0.554158526116183,0.488191779026814,0.631878035746101,0.374344967235794,-0.127183458269449,-0.146944168992591,-0.156099869427356,-0.140988290497854,-0.141668603149361,0.424545766335744,0.548154581200689,0.624738326173323,0.662219499360235,0.647918241056213,0.149983541598276,0.239412144854129,0.24916079469335,0.261215906637901,0.252729448566483,-0.312831437270967,-0.332637186033752,0.733462316491026,0.661511431768437,0.612723189472593,-0.0288499424820999,-0.00989073531134826,-0.00101951305785542,0.0334061866794532,0.0587084209323977,-0.127613966831085,-0.216003163591016,-0.198120610831536,-0.234514181284828,-0.231002125458547,-0.306568295580426,0.569394721409205,0.642180140549587,0.703529120083778,0.690787678342755,-0.27306528226547,0.792873637417942,0.879676715487034,0.947213422697227,1.26026301560353,-0.263810231442435,0.533210936234482,0.747705175460273,0.59922730192523,0.740731275988682,0.602238508903672,0.736742135364751,0.697298788720605,0.810552164467149,0.751469876538315,2.30600592765524,0.56879150091497,0.652270421559591,0.709404124832031,0.698634766705796,1.46015681735994,0.791912321171471,0.883862138968426,0.743277671080079,0.821289943101712,-0.0808264846517606,-0.174129347397581,-0.244826422093259,-0.218751751340731,-0.24918263648097,0.658770600553075,0.747817921728325,0.841669064585536,0.796784892605743,0.825615121326388,-0.272812500171569,0.647188756647428,0.73765412453102,0.792024765943353,0.760534977944382,0.517767336933998,1.95505308723693,0.753944742074049,0.832643774315165,0.806947675727778
"k__Bacteria|p__Actinobacteria|c__Actinobacteria|o__Actinomycetales|f__Actinomycetaceae|g__Parascardovia|s__unclassified",-0.285744080140259,-0.160438539629301,-0.189827345172019,-0.205704309304753,-0.17376241287579,-0.231065826797356,-0.349561937619713,-0.314082266355018,-0.281123547751187,-0.35681970895717,-0.281393865614571,-0.308584108317976,-0.342968210137266,-0.314521680387794,-0.262749304376253,-0.307804154711102,-0.283273535048955,-0.315511139012032,-0.337589162757449,-0.276664537700001,-2.14837431248177e-06,0.0633648841107016,0.0577918045419224,0.0216562007393897,0.0359488160193091,0.00963086325383409,-0.00821495744374356,-0.0204063707199134,-0.004984463319635,-0.0313769315439753,-0.358304204893176,-0.307717923227852,-0.26893306842755,-0.377385757859285,-0.336664023155161,-0.25396472129649,-0.359184662695772,-0.389843705556858,-0.349072207028396,-0.315127498432666,0.0470714139458011,0.0530849076110583,0.0473959350205134,0.0730278914191692,0.0571494341832241,-0.16608861218888,-0.182173984094409,-0.345945670954519,-0.20320129245264,-0.168954395871799,-0.303956457715034,-0.270653983755333,-0.391390993520325,-0.361113525350588,-0.34418642014992,-0.304199894947792,-0.323083457500976,-0.357388123920357,-0.344454254857012,-0.29316999692565,-0.219818621162802,-0.246479271565411,-0.357514561160159,-0.250944039326885,-0.3537939302713,0.0432247220071077,0.0523958031216891,0.0541950305154518,0.0550769613316924,0.0404439161465453,-0.158181943085403,-0.226298577042153,-0.254931280776005,-0.228751367068078,-0.208395853170278,-0.0786211016063839,-0.103208094298869,-0.0850247607984756,-0.107557337251804,-0.0921539842543577,-0.312831437270967,-0.332637186033752,-0.351889968040456,-0.29673459060432,-0.248321211389383,0.032748647698551,0.0162815096847035,0.017425826481164,0.020189030789747,-0.0193098093519203,0.0499484583888632,0.100154554361217,0.0807325894240543,0.0570459152037704,0.0507269313874962,-0.306568295580426,-0.275426321123267,-0.284365897091632,-0.269630482199677,-0.250431219031125,-0.27306528226547,-0.337144998520332,-0.375872906272977,-0.342381211479798,-0.34624660933449,-0.263810231442435,-0.355561600062418,-0.347786816741574,-0.357686648808836,-0.289946098014117,-0.283796886866551,-0.315944262888537,-0.357786678446751,-0.3154524408202,-0.269659545618094,-0.184437288294411,-0.292605418976766,-0.305669011252632,-0.288160411362807,-0.260452492341032,-0.346526917883814,-0.319517716576592,-0.344418079459844,-0.350262479999396,-0.27327019167751,0.0390076076673396,0.0859237845871081,0.100612177390693,0.0947963125151036,0.0883432159887527,-0.27678635586326,-0.312482782181661,-0.337290628210594,-0.359253059897505,-0.35565540563997,-0.272812500171569,-0.320642440004753,-0.342898665485037,-0.330339503761439,-0.299206510507092,-0.29617344770725,-0.255595499789311,-0.383471095050568,-0.361715467654576,-0.327144263001968
"k__Bacteria|p__Actinobacteria|c__Actinobacteria|o__Actinomycetales|f__Corynebacteriaceae|g__Corynebacterium|s__unclassified",-0.285744080140259,-0.175093291351487,-0.212516059758119,-0.199634003650371,-0.192936833165897,-0.234892606421755,-0.349561937619713,-0.327888296908832,-0.283349085582159,-0.35681970895717,-0.268655047659211,-0.29617904875008,-0.3276505537397,-0.306070968526759,-0.262680883720722,-0.307804154711102,-0.288256614298709,-0.316829804690915,-0.337589162757449,-0.284454746105853,0.015760881596583,0.0505133457997246,0.0608038213206562,0.0488542838151526,0.0654116493770575,-0.000648374491809206,-0.0325506581320866,-0.0327375058675129,-0.0227368970289005,-0.0392765219763137,-0.361741503878238,-0.307717923227852,-0.26893306842755,-0.403525492740579,-0.336664023155161,-0.25396472129649,-0.346661234863606,-0.363102989514897,-0.341615789116304,-0.309985744726405,0.0226997680766343,0.0294561543224761,0.0471019709099699,0.030046152027671,0.0370234651432933,-0.136481375271503,-0.156955153647089,-0.345945670954519,-0.189467650707047,-0.160398673032066,-0.28795062782321,-0.270653983755333,-0.380315375558833,-0.345171466190374,-0.34418642014992,-0.305933383213647,-0.328180323036054,-0.36277350086312,-0.344454254857012,-0.287058760089693,-0.205894952530191,-0.235926302179932,-0.357514561160159,-0.237792323033702,-0.3537939302713,-0.00244432766110527,0.00455133407611799,-0.00377913728029193,0.0151817090909969,0.0113157079503077,-0.193748119406742,-0.227253627135853,-0.244184553260267,-0.240789822559374,-0.204600730844762,-0.0972678699390961,-0.128758560842643,-0.13006483705532,-0.109840313100955,-0.103072449933393,-0.312831437270967,-0.332637186033752,-0.351889968040456,-0.300583021637007,-0.248987102853112,0.00557431714696698,-0.000683928485208165,0.0120521360622353,-0.00596920844025562,-0.0196408054866893,-0.0137471325024056,0.0636879853469353,0.054511542454496,0.0307995153514331,0.0481148075974981,-0.306568295580426,-0.276636455388535,-0.294467952907583,-0.266432028799901,-0.258532123635986,-0.27306528226547,-0.333274720944138,-0.358108952739443,-0.338883978121547,-0.34624660933449,-0.263810231442435,-0.355561600062418,-0.361351551991793,-0.357686648808836,-0.3012301428242,-0.273234478917645,-0.305751616925907,-0.357786678446751,-0.316392301565486,-0.255845149122557,-0.184437288294411,-0.269654802360728,-0.308006834141861,-0.28282219051869,-0.260820015106896,-0.346526917883814,-0.319311985881762,-0.353439714318172,-0.350262479999396,-0.279986343596417,0.0877543077412562,0.113829750567807,0.14488639298926,0.119658692171097,0.128160278039285,-0.262196319514698,-0.298492099850691,-0.343649639807796,-0.359253059897505,-0.35565540563997,-0.272812500171569,-0.335112565412245,-0.368591498736682,-0.333376358105779,-0.285532860300897,-0.301219313349265,-0.255595499789311,-0.386689324640138,-0.361135327437055,-0.309896533702567
"k__Bacteria|p__Actinobacteria|c__Actinobacteria|o__Actinomycetales|f__Micrococcaceae|g__Rothia|s__mucilaginosa",-0.285744080140259,-0.0858839332301122,-0.10607110788347,-0.170334660792038,-0.172032099961484,-0.137546673994705,-0.349561937619713,-0.285884545438995,-0.296626382066116,-0.35681970895717,-0.230653585138768,-0.291709530051524,-0.329667046063905,-0.355309155060652,-0.313299425168313,1.26656680789555,-0.159852763812208,-0.184601367861885,-0.337589162757449,-0.282319623880759,-0.0243219894967889,0.0631647521375015,0.100195608985875,0.0461193822231102,0.0886210944607875,0.187482809866084,0.0821445651716008,0.102241214511953,0.0952176412548141,0.0379706745112787,-0.320453827730863,-0.307717923227852,-0.26893306842755,-0.456547629664228,-0.336664023155161,-0.25396472129649,-0.30570718818992,-0.314780437877089,-0.337373668202845,-0.375716818175146,-0.00913860805852071,0.0391796924120014,0.0158308027733423,0.0189255243449727,0.0430671330121235,0.038288239822637,-0.0606872361305681,-0.345945670954519,-0.108541363863387,-0.155226995402618,-0.146332269357745,-0.270653983755333,-0.338099916806386,-0.326059337605518,-0.34418642014992,-0.221338519787597,-0.306073550850224,-0.338720574210557,-0.344454254857012,-0.368501617111105,-0.1283727934401,-0.224278146868732,-0.357514561160159,-0.248764964428557,-0.3537939302713,0.0129271282195557,0.0507253134971509,0.0503886477720028,0.0367165343093918,0.0485481671688066,-0.0304330369887381,-0.161971070295486,-0.214037044090922,-0.207693381120647,-0.256194134778476,-0.0488134692633811,-0.114212628595727,-0.120343723762573,-0.103764376367938,-0.125961167429777,-0.312831437270967,-0.332637186033752,-0.351889968040456,-0.31033825302434,-0.306403169916278,0.0625076096954579,0.00861784790683478,0.00405373189103232,-0.0137355012215072,-0.0441450044484932,-0.140023060970042,0.0201583476491995,0.0555314426683479,-0.0412290855212496,0.0496172771615932,-0.306568295580426,-0.201868840495162,-0.21002977873272,-0.242313404200536,-0.280312465981659,-0.27306528226547,-0.284830694810083,-0.315016494488325,-0.324750783248919,-0.34624660933449,-0.263810231442435,-0.355561600062418,-0.293945687256357,-0.357686648808836,-0.336066726718007,-0.254225497848508,-0.336114396282829,-0.357786678446751,-0.389354457871149,-0.361710463865208,-0.184437288294411,-0.176492099532272,-0.183845136518703,-0.210921166238214,-0.275889573136419,-0.346526917883814,-0.310556937383174,-0.339929615900184,-0.350262479999396,-0.362193594400289,0.0476015727734241,0.111751086099463,0.151400071754899,0.15091401886742,0.184669508543573,-0.230535357338885,-0.314619093398562,-0.357125661669552,-0.359253059897505,-0.35565540563997,-0.272812500171569,-0.255280218811694,-0.263569911214272,-0.311876121336798,-0.32682012022673,-0.0489157031130732,-0.255595499789311,-0.22409883130129,-0.283191564581945,-0.341300018988779
"k__Bacteria|p__Actinobacteria|c__Actinobacteria|o__Actinomycetales|f__Actinomycetaceae|g__Actinomyces|s__unclassified",-0.285744080140259,-0.172744566021048,-0.205496547015131,-0.176721716001151,-0.169326531521262,-0.250683537859467,-0.349561937619713,-0.282563261640616,-0.250354947909836,-0.35681970895717,-0.236491549315358,-0.256757490175854,-0.287477620131838,-0.251515007161735,-0.182553508334563,-0.307804154711102,-0.296653044814858,-0.304695960347213,-0.337589162757449,-0.249526553645936,0.0597546941182987,0.0712656714633408,0.0683644025652621,0.075489273444642,0.0439987897266015,-0.0220813989219266,-0.0344235599350539,-0.03734415072111,-0.0419871454293326,-0.03816707766823,-0.335283786016136,-0.307717923227852,-0.26893306842755,-0.351446472479023,-0.336664023155161,-0.25396472129649,-0.320339442631879,-0.34960486983416,-0.329805297052685,-0.274800730380406,0.0338346088189375,0.026695404036036,0.0328027382707434,0.00650952639060244,0.0115750283204238,-0.186597723063597,-0.173292366276445,-0.345945670954519,-0.180836083010626,-0.160020984095956,-0.310999573142366,-0.270653983755333,-0.355846716260094,-0.317662678016568,-0.34418642014992,-0.278022511948822,-0.311913182370811,-0.338200358061833,-0.344454254857012,-0.256720602053719,-0.206417581438045,-0.217381447776985,-0.357514561160159,-0.211574775953419,0.343421124801699,0.0303921488246595,0.0168061590160496,0.0199953903333768,0.0217788397639314,0.0152657321214768,-0.202271803291614,-0.214884676966585,-0.243103732305848,-0.22033224468728,-0.186651419185525,-0.0812399640971391,-0.102172113475059,-0.0993615232971053,-0.0979543147461385,-0.0790956891385719,-0.312831437270967,-0.332637186033752,-0.351889968040456,-0.260789287716829,-0.216370044039686,-0.00203119658037794,-0.0156758764275942,0.000405993374332846,-0.0203712801591566,-0.00935567178805652,0.050522090536832,0.0731130386015699,0.0558455927980208,0.0809909332712603,0.0454788128928808,-0.306568295580426,-0.261649145820543,-0.280771693457518,-0.285598692859637,-0.237381734904024,-0.27306528226547,-0.322075726003269,-0.338754589821688,-0.318927058070771,-0.34624660933449,-0.263810231442435,-0.355561600062418,-0.334152450685001,-0.357686648808836,-0.242687617324939,-0.255964640267985,-0.283817666153578,-0.357786678446751,-0.263685264159835,-0.228346308726946,-0.184437288294411,-0.276693469810598,-0.305933830296387,-0.269398999934147,-0.237281232209586,-0.346526917883814,-0.292165850535044,-0.30936336767263,-0.350262479999396,-0.230793327066067,0.0786134539499294,0.0870828566107911,0.105447554734224,0.0993120611589125,0.0900794683554458,-0.25043545581362,-0.275291403940802,-0.286898753140234,-0.359253059897505,-0.35565540563997,-0.272812500171569,-0.303036273167994,-0.339518555303779,-0.300857520454025,-0.255928567532313,-0.316064234134361,-0.255595499789311,-0.377049630323009,-0.354173392593649,-0.29417078654524
"k__Bacteria|p__Actinobacteria|c__Actinobacteria|o__Bifidobacteriales|f__Bifidobacteriaceae|g__Bifidobacterium|s__longum",-0.285744080140259,0.470408274649907,0.558540283650409,0.31928489362254,0.168947677429283,1.1056673164686,0.631489706536949,0.746929106658197,0.698069660711285,0.825820465459748,0.606399651438273,0.60413458274875,0.673319687133259,0.478158209904079,0.306505472034725,2.10837881295813,1.08872922708632,1.19099136093777,1.62236781718643,0.484531674575592,-0.745278510998995,-0.299006752621135,-0.20193891280072,-0.433814158627629,-0.105269856209129,0.619903855252859,0.362004745586588,0.440177951218932,0.413215529022325,0.184802173049653,0.494698764542036,1.24116650066776,-0.26893306842755,0.321983494808218,0.940055994220321,1.69730231033575,1.06250387784936,1.137868387587,1.02057534509056,0.459948974570316,-0.49809236955739,-0.258804122964296,-0.231935471126728,-0.273313909633606,-0.0766960316249982,1.34967796365361,0.889613203157109,1.20632919502272,0.840380800309083,0.351648440660226,1.31484878563344,-0.270653983755333,0.993372309207656,0.868968916160467,0.709714628264733,0.800243522692522,0.628594238434361,0.742972060461447,-0.344454254857012,0.247451118064994,0.865253622822261,0.559161127036503,0.456997157790223,0.534662988189599,0.371521485774504,-0.32743560533259,-0.219204236813244,-0.191719248949518,-0.217436571579991,-0.0836400074348504,1.08316410270006,0.837125410299743,0.740914241086054,0.755702803418589,0.330942948386201,0.159679168313629,0.0742757880750069,0.0824548593728458,0.0793581728106868,-0.000619971581861823,-0.312831437270967,1.43999423888245,0.795606944675997,0.338181480303516,0.168969868092859,0.467233005958963,0.208577562183239,0.222794679964678,0.274052104463019,0.0630446627019075,-1.19660020598891,-0.497709025417951,-0.290853326582628,-0.761051483417604,-0.291420382413393,2.05699683973556,0.983827085455506,1.04774407948736,0.929352020216971,0.445798008456073,1.7524166413486,1.07684060811502,1.13784053052766,1.07598472925429,0.818904673049521,2.02512916556623,1.46080406765426,0.913813586189013,0.582716809775835,0.348147535486079,0.777111483059903,0.548937453460689,0.560932752856314,0.479148731114106,0.188633939862153,2.32251817072849,1.05537980994859,1.10785147608834,0.996981979340883,0.481166553149715,1.03714730792229,0.740734134646443,0.820773792837736,-0.350262479999396,0.308042298701461,-0.500866390828134,-0.269578734036188,-0.147865166257834,-0.239816577690227,-0.00512358531572474,0.743615734236824,0.520280366518585,0.588609173652222,0.553267365014625,0.736313697442398,-0.272812500171569,0.871303115380691,0.965273510904804,0.768705181992148,0.36204191419428,1.72289669582428,1.72431741983602,1.31853646844658,1.10768266875711,0.575002556228413
"k__Bacteria|p__Actinobacteria|c__Actinobacteria|o__Bifidobacteriales|f__Bifidobacteriaceae|g__Bifidobacterium|s__adolescentis",-0.285744080140259,0.303774475820498,0.321013961722555,0.0709557646878975,-0.0388030022885206,0.613044263312831,0.676927895687885,0.190721572670541,0.141626735093957,-0.35681970895717,0.171060002358485,0.0971073415504554,0.107617095314901,-0.0775057000527836,-0.185083557516807,1.33237007215515,0.630240632038242,0.66300816033179,1.03511200055987,0.0160260212829192,-0.567530641181021,-0.142338428681124,-0.0123804130991332,-0.265368224280788,0.030554786529009,0.647582733920315,0.362816814166883,0.445635646348365,0.43297746561217,0.187269387055651,0.0020480191012422,-0.307717923227852,-0.26893306842755,-0.308327354399377,-0.336664023155161,-0.25396472129649,0.409258237142692,0.41884114522807,0.308318174927305,-0.149284740989301,-0.348874092394573,-0.14837322400389,-0.106316976533876,-0.153740322975732,0.0129559670728691,1.05683970670238,0.619339067428376,0.896559608986421,0.516845761123593,0.101764320578871,0.742174592093798,-0.270653983755333,0.302971808421289,0.197687832838709,-0.34418642014992,0.344164613984573,0.115326521466873,0.149457982466239,-0.344454254857012,-0.252374864199714,0.464740843933522,0.16636507426969,-0.357514561160159,0.0885023088988571,0.407346419583906,-0.190792187644292,-0.0683835773602127,-0.0497977779387627,-0.0825919962566574,0.00354154621328575,0.734212498788993,0.406537359453769,0.27336238479619,0.28722072615372,-0.0799870510674836,0.0461947911056981,-0.0627786626076137,-0.0567273067391623,-0.0760406531524924,-0.107275512782421,-0.312831437270967,0.99954938077041,0.801069546275702,-0.102016299172321,-0.209119548236737,0.42315313495204,0.191921545993199,0.183586215519588,0.212298188774858,0.0168905651810683,-1.02152988753315,-0.327584408092864,-0.157642735092798,-0.575250920777429,-0.152160910321428,1.24436800867213,0.490471560165322,0.489041107700699,0.369019676233199,-0.0413441115178477,1.5385214905645,0.441343772455514,0.427641811296147,0.364878816717405,-0.34624660933449,-0.263810231442435,0.573410813690461,0.353075406673476,-0.357686648808836,-0.145239386212902,0.297819889643698,0.0246132146314602,0.55140087821942,-0.0964340382564936,-0.292797504166942,2.30427011746407,0.55655078019768,0.571666511365116,0.445593697737291,-0.00832784096534941,0.9119883815614,0.184676914840033,0.177709683701879,0.658914724606974,-0.213705919039938,-0.365775024441566,-0.101153900675976,0.0343792317910304,-0.0791139302061005,0.184943179186378,0.268564678148563,0.0016738584876039,0.00691292034131226,-0.359253059897505,-0.35565540563997,-0.272812500171569,0.38163459404592,0.406441318518737,0.185824870109614,-0.139665135696626,1.17855433280529,1.69744892590113,0.689512581178967,0.475430676785216,0.00948182246900539
"k__Bacteria|p__Actinobacteria|c__Actinobacteria|o__Bifidobacteriales|f__Bifidobacteriaceae|g__Bifidobacterium|s__unclassified",-0.285744080140259,0.320361993387883,0.366212590501631,0.153276528582938,0.0388218933794912,0.967971082295912,-0.349561937619713,0.597298105866439,0.594338923974727,0.56117421589959,0.451203151742682,0.448117923200632,0.528941598418097,0.364329828809441,0.229392522658445,1.32719063031378,0.911307724201539,0.999430591010558,1.36657399713404,0.348331572510049,-0.744518773797684,-0.307213000034024,-0.175566008025687,-0.40826920700252,-0.0832418080011388,0.576130294174234,0.309421338158397,0.400407623067711,0.383888494141396,0.147463807815345,0.2551338519002,-0.307717923227852,-0.26893306842755,0.112803141278864,-0.336664023155161,1.81129012125768,0.902985106357072,0.975380111346734,0.916901279181002,0.364539730413814,-0.507741132451683,-0.27598259565037,-0.22586693901483,-0.300337908681577,-0.0800693067646306,1.24817393615057,0.766877951162059,0.884959346687608,0.728663222128269,0.262186007429116,1.12172662899329,-0.270653983755333,0.795168855090217,0.700533366932448,0.729367216036088,0.60902463321018,0.421786303188342,0.521816501666299,0.809217035912926,0.128576592461507,0.732913867006288,0.455365562112639,0.594569918876479,0.432431205330054,0.341674770175476,-0.351741099164937,-0.222564854230274,-0.214528754154239,-0.242678204037851,-0.11311224212391,0.996032643997858,0.724134052371255,0.61721553033442,0.640227583541808,0.243721217974049,0.0856156413805871,0.00519659466826836,-0.0104924588540916,0.0199413342743872,-0.0371964451501839,2.00604300447769,1.00613116026061,0.731301187147874,0.168687831454085,0.0541390520688853,0.496072030436731,0.214704822508451,0.240468378980431,0.25555074391452,0.0308347907828463,-1.17057073095889,-0.453380854185671,-0.234378591602461,-0.758916276486661,-0.25939347387259,1.28339382101433,0.822129408847195,0.884846046073872,0.799304131291287,0.3158200419942,1.59249318492703,0.938822164844229,0.979486025789245,0.957992648944553,0.832664618787206,1.59348046785194,0.558057893483288,0.717468504168985,0.633714869179153,0.197357433578525,0.659499559328446,0.396168892460512,-0.357786678446751,0.364833978243881,0.111018301995974,2.30739240967984,0.888712333935787,0.938509775576432,0.862281967015387,0.360902880982544,1.08620699743697,0.589313812249436,0.659777804487302,0.658422851050724,0.233767220596345,-0.47474579409744,-0.222468233322021,-0.076598614752057,-0.192921261321858,0.0614607544929511,0.598244537731945,0.353516322175209,0.44463592691024,0.574945238916288,0.646161969157073,1.522010659205,0.69689742937268,0.769596381180034,0.614152842473836,0.245110984880425,1.48375180396627,-0.255595499789311,1.08046808864975,0.875556330529241,0.38226973124514
"k__Bacteria|p__Cyanobacteria|c__4C0d-2|o__YS2|f__unclassified|g__unclassified|s__unclassified",-0.285744080140259,-0.159702817138303,-0.171311235390495,-0.188592120599684,-0.165754328138542,-0.233684310989403,-0.349561937619713,-0.320837084820889,-0.283649395205677,-0.35681970895717,-0.263507390426979,-0.285265257157587,-0.322860073329157,-0.298930047110988,-0.240783290165783,-0.307804154711102,-0.282742417291035,-0.307701997187753,-0.337589162757449,-0.287074996208659,0.017156568740072,0.0374790655554611,0.0676954400116763,0.0388159205242645,0.0462446768839965,0.0135532330571257,-0.0102449095070329,-0.0150086876757024,-0.0081199596100944,-0.0251425855174431,-0.340691320488053,-0.307717923227852,-0.26893306842755,-0.404045434178148,-0.336664023155161,-0.25396472129649,-0.3617117310762,-0.378483845783805,-0.36428042241445,-0.321849279114574,0.0126485719916441,0.0288507853165646,0.037002876877023,0.0342438626308191,0.0447049119654166,-0.153894533937357,-0.170550892128486,-0.345945670954519,-0.186373907754282,-0.172611313726231,-0.295504775290517,-0.270653983755333,-0.385122215131314,-0.362120348217018,-0.34418642014992,-0.290675375502943,-0.326425864784417,-0.374534920997289,-0.344454254857012,-0.291649557984997,-0.213540200851727,-0.241004702320197,-0.357514561160159,-0.251544008809675,-0.3537939302713,0.0456374607552357,0.0493345599893676,0.042848993342094,0.0524543511398036,0.0398704021104951,-0.212878863534115,-0.23952622927502,-0.277200941187264,-0.262108716334282,-0.242085581818034,-0.0810924782596575,-0.105193303266731,-0.113423151326354,-0.112813189573375,-0.0898168650150947,-0.312831437270967,-0.332637186033752,-0.351889968040456,-0.301075026240193,-0.250649425858147,0.0252079988362322,0.00229557172552583,0.0293667629467894,-0.00631470888684913,-0.0178314003467922,0.0304141856070677,0.076768613945747,0.0736007360963727,0.0520669868182925,0.0556478571560411,-0.306568295580426,-0.282653192027871,-0.296043809855461,-0.276086001418971,-0.27019160250519,-0.27306528226547,-0.345056515842375,-0.379223693799168,-0.344081191581993,-0.34624660933449,-0.263810231442435,-0.355561600062418,-0.342299804522613,-0.357686648808836,-0.28396126034501,-0.280050435932381,-0.318175901075777,-0.357786678446751,-0.315230238150799,-0.282288278245522,-0.184437288294411,-0.287169816176885,-0.295913949508625,-0.29361676438405,-0.254788289209371,-0.346526917883814,-0.329278281539515,-0.366667315903398,-0.350262479999396,-0.281561810112009,0.059705293542327,0.090920711692381,0.107850312400307,0.0981520126028996,0.0906917834406299,-0.271215060007578,-0.303150723653999,-0.356586836799314,-0.359253059897505,-0.35565540563997,-0.272812500171569,-0.311105835839649,-0.348332023455703,-0.329304010749902,-0.308829350161063,-0.284049523946439,-0.255595499789311,-0.370631099420818,-0.353832792713392,-0.321998817162539
"k__Bacteria|p__Cyanobacteria|c__Chloroplast|o__Streptophyta|f__unclassified|g__unclassified|s__unclassified",-0.285744080140259,-0.164608947927812,-0.171633325378083,-0.172535156570774,-0.160188170155183,-0.236729972248804,-0.349561937619713,-0.267236219202603,-0.257044399344372,-0.35681970895717,-0.246630764545527,-0.261229574043759,-0.285911038871389,-0.262689057321023,-0.221510345965115,-0.307804154711102,-0.282699245883276,-0.298320233358795,-0.337589162757449,-0.243918018019284,0.0358290796330181,0.0284131520296414,0.0494789686016895,0.0342452878472803,0.0361662656623321,-0.047637512653861,-0.0446833315174336,-0.0510707224394251,-0.0425727736782396,-0.0294141397031767,-0.321152718916861,-0.307717923227852,-0.26893306842755,-0.342347627095022,-0.336664023155161,-0.25396472129649,-0.31054363733985,-0.343265584480519,-0.306758757617819,-0.285618671068533,0.0495534325617476,0.0521348864122746,0.0321718041996051,0.0479836703270623,0.0444889866651955,-0.16759702215181,-0.169181933319491,-0.345945670954519,-0.185027758336238,-0.158697214214574,-0.289397848998378,-0.270653983755333,-0.347086346564031,-0.31994774734704,-0.34418642014992,-0.267205202305117,-0.290029668810731,-0.320082648356466,-0.344454254857012,-0.259524014651835,-0.195283140056365,-0.204576222100596,0.481842909786922,-0.194720853265995,-0.3537939302713,-0.00192851081146575,0.00561819156019465,0.00350710800788562,0.0202209958564536,0.0187991248397871,-0.183611776318555,-0.209984412405545,-0.220420454777144,-0.212549428440396,-0.197177140411623,-0.0828880612767976,-0.103178211630407,-0.10546156398103,-0.0885159816217814,-0.0727701383833549,-0.312831437270967,-0.332637186033752,-0.351889968040456,-0.261111233776831,-0.209350621256144,0.00595594568290172,0.0178759714090145,0.00686296688092764,0.00629277262446173,-0.00203399389976474,0.0726509631381764,0.0765978250767368,0.0712785934878689,0.0631339283906015,0.0561372269683399,-0.306568295580426,-0.246347970001471,-0.264098935955913,-0.260212465629708,-0.235797300813802,-0.27306528226547,-0.30338844741255,-0.338392445345312,-0.297930439513171,-0.34624660933449,-0.263810231442435,-0.355561600062418,-0.309521642668282,-0.357686648808836,-0.257838731699077,-0.229526121155232,-0.261592724960247,-0.357786678446751,-0.247228228621943,-0.225398116953247,-0.184437288294411,-0.265755425796387,-0.279375860183752,-0.258726379000343,-0.233323231762648,-0.346526917883814,-0.300688388661618,-0.313565099842806,-0.350262479999396,-0.24022847354744,0.0332275425672299,0.0325197800226988,0.0871027796880542,0.047745764399393,0.0545890286459038,-0.265140207542309,-0.272989076694921,-0.295452927450846,-0.359253059897505,-0.35565540563997,-0.272812500171569,-0.299673494632564,-0.314370162246662,-0.290824532228844,-0.271341474679782,-0.299250886089751,-0.255595499789311,-0.340497533241838,-0.331082070902447,-0.292063596894277
"k__Bacteria|p__Fusobacteria|c__Fusobacteria|o__Fusobacteriales|f__Fusobacteriaceae|g__Fusobacterium|s__unclassified",-0.285744080140259,-0.154636513730226,-0.179151115604529,-0.179654622311994,-0.147407559667998,-0.257612862867277,-0.349561937619713,-0.310964866973191,-0.292151640887225,-0.35681970895717,-0.279992336240079,-0.294002021801785,-0.340969000815402,-0.316394605690924,-0.264710876208849,-0.307804154711102,-0.288992389200855,-0.327379399639578,-0.337589162757449,-0.274121457077216,0.0899785772151564,0.06315574720278,0.0815129321744444,0.0661456434206284,0.0684959283099647,-0.00245139309587615,-0.012422170120413,-0.010981709498322,-0.00881030896076594,-0.017963252593257,-0.318384555341545,-0.307717923227852,-0.26893306842755,-0.382101439608252,-0.336664023155161,-0.25396472129649,-0.354915973040344,-0.38380502737869,-0.366593918655241,-0.334090105835142,0.040214612288826,0.0694803287309254,0.0558225451699236,0.0489771466991314,0.0523357004769436,-0.173417519303738,-0.162902774409366,-0.345945670954519,-0.203719407251117,-0.174716781347757,-0.317422154519855,-0.270653983755333,-0.383527528490178,-0.367959130005756,-0.34418642014992,-0.286472280039382,-0.316144633667723,-0.368218511856275,-0.344454254857012,-0.282813801209745,-0.221151472288926,-0.24786847306593,-0.357514561160159,-0.244830484822199,-0.3537939302713,0.0455871365252982,0.055603422103733,0.0568430985511874,0.0420256388709025,0.0393543605575681,-0.18618343840957,-0.223421675969129,-0.245241754235974,-0.237057147058916,-0.212360057105592,-0.0473031865515563,-0.0753140907649018,-0.0732998307853032,-0.096271927330469,-0.0843002179319927,-0.312831437270967,-0.332637186033752,-0.351889968040456,-0.274031096680616,-0.24197911520475,0.0164381295075971,-0.00297479805535739,0.0216241042643411,-0.00202494111694066,-0.0132546633847779,0.0595148542378787,0.0885279231923637,0.0477192137241915,0.0753403743005408,0.0691074578358305,-0.306568295580426,-0.284168463572836,-0.303648036814849,-0.287705725811341,-0.256458719666369,-0.27306528226547,-0.36263056087654,-0.362018442791334,-0.359176985796982,-0.34624660933449,-0.263810231442435,-0.355561600062418,-0.33889042061464,-0.357686648808836,-0.293496837978241,-0.253495937167162,-0.303460363368359,-0.357786678446751,-0.307876010650436,-0.271641169628177,-0.184437288294411,-0.279766574139713,-0.304509961269543,-0.283207225979876,-0.251011863644501,-0.346526917883814,-0.321099103666455,-0.343430691904756,-0.350262479999396,-0.282865869767483,0.0844353009342322,0.10644170031802,0.135222784517812,0.114249534567988,0.10327228605089,-0.278953942839804,-0.303799864430812,-0.323759446944909,-0.359253059897505,-0.35565540563997,-0.272812500171569,-0.318078085882715,-0.335246533074753,-0.337656577779263,-0.298194987223438,-0.297400448761076,-0.255595499789311,-0.353382618443226,-0.368687585927247,-0.312590262779639
"k__Bacteria|p__Fusobacteria|c__Fusobacteria|o__Fusobacteriales|f__Fusobacteriaceae|g__unclassified|s__unclassified",-0.285744080140259,-0.196380649415931,-0.217874269598553,-0.199104118362489,-0.174652271396096,-0.233676603762741,-0.349561937619713,-0.261554744734021,-0.220432171470252,-0.35681970895717,-0.249557094339847,-0.235338985990668,-0.283749739416846,-0.228492493395833,-0.186777517682488,-0.307804154711102,-0.280369815391541,-0.305620669448331,-0.337589162757449,-0.238477457228929,0.000102526318095188,0.0279830216467927,0.0309429886100213,0.01644350141569,0.0259478678183761,-0.0407964017768051,-0.0610845581275988,-0.0500848765839348,-0.0535640246852106,-0.0539868090109865,-0.316830806875392,-0.307717923227852,-0.26893306842755,-0.319591803514726,-0.336664023155161,-0.25396472129649,-0.303985096131162,-0.340696479363058,-0.273951256112105,-0.233754424027664,0.0164632465867996,0.0318184954269307,0.0397380217789804,0.0215986723597108,0.0199508736592513,-0.183206267720896,-0.183443091954397,-0.345945670954519,-0.182788538691529,-0.159966650980823,-0.290989859123128,-0.270653983755333,-0.333897152094313,-0.277280375451194,0.743324335649631,-0.28569961037412,-0.290259127605153,-0.339879508756506,-0.344454254857012,-0.223155845613491,-0.202288676466043,-0.214222184639416,-0.357514561160159,-0.191812446369359,-0.3537939302713,-0.00785726166546531,0.00453866717112608,0.000136411542471479,-0.0211472564096651,-0.011619208033222,-0.172949306783485,-0.199175015824087,-0.244782723605972,-0.203963175086349,-0.185175445529713,-0.0951196819076863,-0.0937363528882336,-0.12081958917146,-0.0849819134978439,-0.0727137079605995,-0.312831437270967,-0.332637186033752,-0.351889968040456,-0.26641313168961,-0.221466952860253,0.0127387752476662,0.00900783948531553,0.00770786910721518,0.0016827835986974,-0.015097513682177,0.0128319818883477,0.0505294798452406,0.0764041704505813,0.0197058216003889,0.0341994996073124,-0.306568295580426,-0.256837092218567,-0.27770926338813,-0.228615940054667,-0.195014047383081,-0.27306528226547,-0.283763871086352,-0.314480552097633,-0.267495149251518,-0.34624660933449,-0.263810231442435,-0.355561600062418,-0.341517438253129,-0.357686648808836,-0.234356153640472,-0.252889581437725,-0.266500046355782,-0.357786678446751,-0.245486076006192,-0.190886543660539,-0.184437288294411,-0.253269280371635,-0.279046057803373,-0.239031357756092,-0.200132769718576,-0.346526917883814,-0.274765646023753,-0.291251450937048,-0.350262479999396,-0.206825814252072,0.052939482108291,0.0691258176093154,0.100091285971012,0.0716310348408942,0.0874171163965055,-0.24687919112081,-0.276792705532597,-0.287421943972585,-0.359253059897505,-0.35565540563997,-0.272812500171569,-0.300795923011585,-0.330378452837498,-0.292749498787912,-0.224483790721339,-0.330363086246046,-0.255595499789311,-0.372611099405244,-0.341242963550172,-0.274497519720961
"k__Bacteria|p__Tenericutes|c__Mollicutes|o__RF39|f__unclassified|g__unclassified|s__unclassified",-0.285744080140259,-0.245310483633913,-0.268596362559936,-0.233205284321715,-0.181373589099271,-0.240977216010213,-0.349561937619713,-0.237797161927846,-0.193973121092243,-0.35681970895717,-0.249939506593739,-0.236966146013856,-0.25946957757629,-0.202452629166996,-0.136434520885182,-0.307804154711102,-0.324145628328433,-0.346033314946305,-0.337589162757449,-0.21064578080265,0.0044436576411124,-0.00485178237266483,0.0163878349290256,-0.00196678410260054,-0.00747445690462172,-0.0935854093162525,-0.103231585903137,-0.108084868048265,-0.0858979966682426,-0.0731633705050225,-0.364569517615692,-0.307717923227852,-0.26893306842755,-0.284997040501222,-0.336664023155161,-0.25396472129649,-0.266817080581977,-0.306319135568502,-0.242152057910242,-0.15948621372144,0.0196578388045264,0.0260720859821312,0.0238468488292214,0.0238814626368948,0.00799228600955848,-0.201506429779448,-0.206525631610234,-0.345945670954519,-0.187179653867363,-0.158050921735397,-0.328009925140888,-0.270653983755333,-0.332995632742684,-0.272745667504716,-0.34418642014992,-0.311150579203946,-0.303550056517132,-0.332320241621043,-0.344454254857012,-0.191952662748156,-0.188956943418728,-0.190353231450828,-0.357514561160159,-0.148733540286309,0.40406748548674,-0.0455265752605515,-0.0320353318631368,-0.0462163283496298,-0.0323589976434657,-0.0311240179917991,-0.215196604059689,-0.211665833452273,-0.267021200954153,-0.18715421672313,-0.157100542154832,-0.0963654074351207,-0.109010674976466,-0.107382609019761,-0.0728053090739996,-0.0523682792843281,-0.312831437270967,-0.332637186033752,-0.351889968040456,-0.250071166634205,-0.168736114161422,-0.00519897610183336,0.0228790028612848,0.0192849387335838,0.0185691571664035,0.0053015750423946,0.0336546893921504,0.0421241101282406,0.0857166659576143,0.0347420525400658,0.0362386576057894,-0.306568295580426,-0.260636319135616,-0.289085893204965,-0.216678975028384,-0.164013928325516,-0.27306528226547,-0.275114942984992,-0.299541517024533,-0.212064568969688,-0.34624660933449,-0.263810231442435,-0.355561600062418,-0.354459303347672,-0.357686648808836,-0.217158397954426,-0.239185446619042,-0.225313395751213,-0.357786678446751,-0.212565551492617,-0.142752957579254,-0.184437288294411,-0.264686782499918,-0.277816101187118,-0.231631465668308,-0.188015387343459,-0.346526917883814,-0.236876841957427,-0.264625178425927,-0.350262479999396,-0.146321351143125,0.0594679307893773,0.0488044151090882,0.0684069478660265,0.0495351062847207,0.0739524842074305,-0.243495374563314,-0.235488359890859,-0.249955308516148,-0.359253059897505,0.592659347716963,-0.272812500171569,-0.317687742482795,-0.346148612340146,-0.271605880949801,-0.207182409500584,-0.3867952400212,-0.255595499789311,-0.426493415102167,-0.34476494373497,-0.270291915082428
"k__Bacteria|p__Verrucomicrobia|c__Verrucomicrobiae|o__Verrucomicrobiales|f__Verrucomicrobiaceae|g__Akkermansia|s__muciniphila",-0.285744080140259,-0.427210086583663,-0.44952841311765,-0.22456797063123,-0.0685321244546006,-0.0969897951055189,-0.349561937619713,0.171318260921307,0.339441399645332,-0.35681970895717,-0.0860597781052023,0.0824215959736682,0.15529575221764,0.362123587997804,0.478535025669989,-0.307804154711102,-0.327126800353107,-0.335171957671672,-0.337589162757449,0.191010730504576,-0.0144524985424295,-0.168442434647329,-0.177234961856682,-0.146249034975141,-0.20344389226539,-0.499424102043408,-0.421623183081389,-0.471306673470392,-0.37343119361335,-0.236981426294772,-0.134349198358225,-0.307717923227852,-0.26893306842755,0.381895763911305,0.935009559710342,-0.25396472129649,0.127989263371243,0.185726347776622,0.421371554621019,0.585929406239741,-0.0190603141415297,-0.0692652324529916,-0.0611696214235521,-0.100819031419451,-0.107214089092252,-0.493488608071364,-0.362952691831523,-0.345945670954519,-0.161897359189696,0.00578084163554787,-0.21642316699966,-0.270653983755333,0.0888534242362476,0.334953261072024,1.08951546450986,-0.165945628530273,0.00144068888549014,0.0566351589963566,0.953390081375335,0.453433541261654,-0.06868178201097,0.101730436872614,-0.357514561160159,0.289151212705866,0.509189061438974,-0.244053117296664,-0.298986768457553,-0.302711460302831,-0.287889471109708,-0.274580537172316,-0.138595652324954,0.0430435678950865,0.0585465975851142,0.254390660819924,0.381334690235501,-0.0934069256067787,0.00993650586444761,-0.0183147979733181,0.0843634721899582,0.126433433791764,-0.312831437270967,-0.332637186033752,-0.351889968040456,0.099576249838283,0.258258541625089,-0.0596568359320022,0.00221492730637118,-0.02555162653374,0.00891412196177315,0.0216453926747102,0.130248898480376,-0.0296840966607865,0.0135012297411356,-0.041622042032537,-0.118671988663812,-0.306568295580426,-0.106490271957879,-0.110681159720038,0.14088052420012,0.311903043282556,-0.27306528226547,0.163755324258805,0.209411368183542,0.43727806463385,0.853164202489285,-0.263810231442435,-0.355561600062418,-0.114003131254113,0.84420610980057,0.345187630430736,-0.000120146394436152,0.211045097890862,0.607948549226323,0.430250079103267,0.557101133604063,-0.184437288294411,-0.136796796629101,-0.126121563332079,0.114157712025749,0.303942101322532,-0.346526917883814,0.221678675785192,0.27101496965829,0.712061612361338,0.587889313941461,0.100386924504133,-0.0495747102541335,-0.0817146672203105,-0.101381468259435,-0.161058177397553,0.0264154934786744,0.211348957317332,0.285368762315765,0.55530875852752,0.942075911754521,-0.272812500171569,-0.137984913466367,-0.106359798951444,0.160212264488384,0.349421402962441,-0.669930486060976,-0.255595499789311,-0.373640304922591,-0.051449931087916,0.240276895480382
