#OTU ID,E002338.0,E002338.1,E002338.2,E002338.3,E002338.4,E002473.0,E002473.1,E002473.2,E002473.3,E002473.4,E004934.0,E004934.1,E004934.2,E004934.3,E004934.4,E005804.0,E005804.1,E005804.2,E005804.3,E005804.4,E008437.0,E008437.1,E008437.2,E008437.3,E008437.4,E008643.0,E008643.1,E008643.2,E008643.3,E008643.4,E012393.0,E012393.1,E012393.2,E012393.3,E012393.4,E012678.0,E012678.1,E012678.2,E012678.3,E012678.4,E016148.0,E016148.1,E016148.2,E016148.3,E016148.4,E017049.0,E017049.1,E017049.2,E017049.3,E017049.4,E018421.0,E018421.1,E018421.2,E018421.3,E018421.4,E019187.0,E019187.1,E019187.2,E019187.3,E019187.4,E019349.0,E019349.1,E019349.2,E019349.3,E019349.4,E022960.0,E022960.1,E022960.2,E022960.3,E022960.4,E023535.0,E023535.1,E023535.2,E023535.3,E023535.4,E023681.0,E023681.1,E023681.2,E023681.3,E023681.4,E025921.0,E025921.1,E025921.2,E025921.3,E025921.4,E030828.0,E030828.1,E030828.2,E030828.3,E030828.4
k__Bacteria|p__Firmicutes|c__Clostridia|o__Clostridiales|f__Veillonellaceae|g__Megasphaera|s__micronuciformis,-0.26734442,-0.3234926,-0.32328734,-0.31718764,-0.3224129,-0.2932219,-0.3258366,-0.3327108,-0.33075604,-0.32396948,-0.19440371,-0.32539368,-0.3232424,-0.32225612,-0.3099353,-0.30519226,-0.3303013,-0.32210281,-0.32416272,-0.32900015,-0.26184985,-0.31783682,-0.29681087,-0.3298624,-0.3207198,-0.26755807,-0.31223077,-0.31909168,-0.31676275,-0.32445285,-0.23875734,-0.32284898,-0.32284898,-0.32239076,-0.3198346,-0.24718808,-0.32432246,-0.3291557,-0.3328914,-0.3328914,-0.2443454,-0.31949705,-0.3233376,-0.29767188,-0.3181096,-0.2851582,-0.3181374,-0.31715828,-0.310298,-0.3227106,-0.24634947,-0.3272691,-0.32986963,-0.323744,-0.33487758,-0.20411447,-0.26286402,-0.3095222,-0.32277873,-0.33141193,-0.256234,-0.2358737,-0.31887507,-0.32599217,-0.32467753,-0.2850096,-0.30183107,-0.27669096,-0.3127343,-0.3163287,-0.31161842,-0.27598393,-0.31877366,-0.32037857,-0.33019432,-0.19459927,-0.19459927,-0.32411462,-0.30701396,-0.32943356,-0.20658675,-0.27045134,-0.31937635,-0.32690454,-0.3289357,-0.20655881,-0.31717277,-0.3214015,-0.33007872,-0.3212355
k__Bacteria|p__Firmicutes|c__Clostridia|o__Clostridiales|f__Veillonellaceae|g__Megasphaera|s__geminatus,-0.26744375,-0.32287937,-0.32328734,-0.31718764,-0.32239068,-0.2932219,-0.3258366,-0.3327108,-0.33075604,-0.32469648,-0.19440371,-0.32539368,-0.322035,-0.32215822,-0.3099353,-0.30519226,-0.3303013,-0.32251534,-0.32479736,-0.32900015,-0.26184985,-0.3158259,-0.29681087,-0.3298624,-0.3207198,-0.26755807,-0.3106078,-0.31896138,-0.31676275,-0.32445285,-0.23875734,-0.32284898,-0.32284898,-0.32226974,-0.32048416,-0.24718808,-0.32432246,-0.3291557,-0.3328914,-0.3328914,-0.2443454,-0.31774214,-0.3233376,-0.29767188,-0.31913978,-0.2851582,-0.31773338,-0.31715828,-0.310298,-0.32313913,-0.24634947,-0.3272691,-0.32986963,-0.323744,-0.33487758,-0.20411447,-0.26286402,-0.3083218,-0.32277873,-0.33141193,-0.256234,-0.2358737,-0.3177353,-0.32605797,-0.3252824,-0.2850096,-0.30183107,-0.27669096,-0.3139891,-0.31761014,-0.31161842,-0.27598393,-0.31877366,-0.32037857,-0.33019432,-0.19459927,-0.19459927,-0.32411462,-0.30701396,-0.32943356,-0.20658675,-0.26998296,-0.32021743,-0.32690454,-0.3289357,-0.20655881,-0.3144613,-0.3214015,-0.33007872,-0.32313237
k__Bacteria|p__Firmicutes|c__Bacilli|o__unclassified|f__unclassified|g__unclassified|s__unclassified,-0.2660054,-0.3228827,0.7787418,-0.31718764,-0.32223815,-0.2932219,-0.3258366,-0.3327108,-0.33075604,-0.32442456,-0.19440371,-0.32539368,-0.3223219,-0.32137385,-0.3099353,-0.30519226,-0.3303013,-0.32213092,-0.3242494,-0.32900015,-0.26184985,-0.31620324,-0.29681087,-0.3298624,-0.3207198,1.433194,-0.31069672,-0.31908208,-0.31676275,-0.32445285,-0.23875734,-0.32284898,-0.32284898,-0.32184345,-0.32023156,-0.24718808,-0.32432246,-0.3291557,-0.3328914,-0.3328914,-0.2443454,-0.3180077,-0.3233376,-0.29767188,-0.31953257,-0.2851582,-0.3171398,-0.31715828,-0.310298,-0.3234674,-0.24634947,-0.3272691,-0.32986963,-0.323744,-0.33487758,-0.20411447,-0.26286402,-0.3075503,-0.32277873,-0.33141193,-0.256234,-0.2358737,-0.3178365,-0.32581565,-0.32484797,-0.2850096,-0.30183107,-0.27669096,-0.3136884,-0.316805,-0.31161842,-0.27598393,-0.31877366,-0.32037857,-0.33019432,-0.19459927,-0.19459927,-0.32411462,-0.30701396,-0.32943356,-0.20658675,-0.26908526,-0.32011163,-0.32690454,-0.3289357,-0.20655881,-0.31471205,-0.3214015,-0.33007872,-0.32233018
k__Bacteria|p__Firmicutes|c__Bacilli|o__Lactobacillales|f__Enterococcaceae|g__Enterococcus|s__unclassified,-0.2644375,-0.32124817,0.7766038,-0.31718764,-0.32116205,-0.2932219,-0.3258366,0.6201259,-0.33075604,-0.32318577,-0.19440371,-0.32539368,-0.3210853,-0.32025546,-0.3099353,-0.30519226,-0.3303013,-0.32083696,-0.32300958,-0.32900015,-0.26184985,-0.3145875,-0.29681087,-0.3298624,-0.3207198,1.4275895,-0.30913675,-0.31796095,-0.31676275,-0.32445285,-0.23875734,-0.32284898,-0.32284898,-0.32062858,-0.31920195,-0.24718808,-0.32432246,-0.3291557,-0.3328914,-0.3328914,-0.2443454,-0.31651157,-0.3233376,-0.29767188,-0.31865025,-0.2851582,-0.315768,0.8523103,-0.310298,-0.32237893,-0.24634947,-0.3272691,-0.32986963,-0.323744,-0.33487758,-0.20411447,1.4723268,-0.3061167,-0.32277873,-0.33141193,-0.256234,-0.2358737,-0.31632662,-0.32492346,-0.3234343,-0.2850096,-0.30183107,-0.27669096,-0.3129568,-0.315757,-0.31161842,-0.27598393,-0.31877366,-0.32037857,-0.33019432,-0.19459927,-0.19459927,-0.32411462,-0.30701396,-0.32943356,-0.20658675,-0.26753289,-0.31909585,-0.32690454,-0.3289357,-0.20655881,-0.3128748,-0.3214015,-0.33007872,-0.32135403
k__Bacteria|p__Firmicutes|c__Clostridia|o__Clostridiales|f__Clostridiaceae|g__Clostridium|s__perfringens,-0.25759268,-0.32258993,-0.32328734,-0.31718764,-0.3228913,1.1813543,-0.3258366,-0.3327108,-0.33075604,-0.32523206,-0.19440371,-0.32539368,-0.3227833,-0.32207382,-0.3099353,-0.30519226,-0.3303013,-0.32266265,-0.32520625,-0.32900015,-0.26184985,-0.31557262,-0.29681087,-0.3298624,-0.3207198,2.4175923,-0.30890024,-0.3193284,-0.31676275,-0.32445285,1.7735543,-0.32284898,-0.32284898,-0.32280797,-0.32093352,-0.24718808,-0.32432246,-0.3291557,-0.3328914,-0.3328914,1.633266,-0.3175786,-0.3233376,-0.29767188,-0.32026392,1.256593,-0.31684947,-0.31715828,-0.310298,-0.32428458,-0.24634947,-0.3272691,-0.32986963,-0.323744,-0.33487758,-0.20411447,-0.26286402,-0.30630967,-0.32277873,-0.33141193,-0.256234,-0.2358737,-0.3170998,-0.3274985,-0.3257643,-0.2850096,-0.30183107,-0.27669096,-0.31330323,-0.31675202,-0.31161842,-0.27598393,-0.31877366,-0.32037857,-0.33019432,-0.19459927,-0.19459927,-0.32411462,-0.30701396,-0.32943356,2.0459185,-0.26139244,-0.3208422,-0.32690454,-0.3289357,-0.20655881,-0.31333637,-0.3214015,-0.33007872,-0.3234933
k__Bacteria|p__Firmicutes|c__Clostridia|o__Clostridiales|f__Clostridiaceae|g__Peptoniphilus|s__asaccharolyticus,-0.26669738,-0.3237096,-0.32328734,-0.31718764,-0.3232084,-0.2932219,-0.3258366,-0.3327108,-0.33075604,-0.32543856,-0.19440371,-0.32539368,-0.32316965,-0.32248354,-0.3099353,-0.30519226,-0.3303013,-0.3230931,-0.32530877,-0.32900015,-0.26184985,-0.3168412,-0.29681087,-0.3298624,-0.3207198,-0.26755807,-0.31146494,-0.31994817,-0.31676275,-0.32445285,-0.23875734,-0.32284898,-0.32284898,-0.32284254,-0.3212464,-0.24718808,-0.32432246,-0.3291557,-0.3328914,-0.3328914,-0.2443454,-0.31881225,-0.3233376,-0.29767188,-0.3202995,-0.2851582,-0.31809145,-0.31715828,-0.310298,-0.3243115,-0.24634947,-0.3272691,-0.32986963,-0.323744,-0.33487758,-0.20411447,-0.26286402,-0.308564,-0.32277873,-0.33141193,-0.256234,-0.2358737,-0.31868398,-0.3267265,-0.3258477,-0.2850096,-0.30183107,-0.27669096,-0.31454718,-0.31784424,-0.31161842,-0.27598393,-0.31877366,-0.32037857,-0.33019432,-0.19459927,-0.19459927,-0.32411462,-0.30701396,-0.32943356,-0.20658675,-0.26961333,-0.32091647,-0.32690454,-0.3289357,-0.20655881,-0.31552893,-0.3214015,-0.33007872,-0.32340044
k__Bacteria|p__Firmicutes|c__Bacilli|o__Bacillales|f__Staphylococcaceae|g__Staphylococcus|s__unclassified,-0.2627579,-0.32364556,-0.32328734,-0.31718764,-0.3223254,-0.2932219,-0.3258366,-0.3327108,-0.33075604,-0.3248358,-0.19440371,-0.32539368,-0.32218343,-0.32146218,-0.3099353,-0.30519226,-0.3303013,-0.32278717,-0.3247204,-0.32900015,-0.26184985,-0.3167681,-0.29681087,-0.3298624,-0.3207198,-0.26755807,-0.3107152,-0.31793505,-0.31676275,-0.32445285,-0.23875734,-0.32284898,-0.32284898,-0.3223647,-0.3201086,-0.24718808,-0.32432246,-0.3291557,-0.3328914,-0.3328914,1.6046737,-0.31772715,-0.3233376,-0.29767188,-0.31914553,-0.2851582,-0.31746185,-0.31715828,-0.310298,-0.32369924,-0.24634947,-0.3272691,-0.32986963,-0.323744,-0.33487758,-0.20411447,1.4667585,-0.30699372,-0.32277873,-0.33141193,-0.256234,-0.2358737,-0.31784979,-0.326155,-0.32580486,-0.2850096,-0.30183107,-0.27669096,-0.31145996,-0.316599,-0.31161842,1.331141,-0.31877366,-0.32037857,-0.33019432,-0.19459927,-0.19459927,-0.32411462,-0.30701396,-0.32943356,-0.20658675,-0.26648113,-0.32058007,-0.32690454,-0.3289357,1.989131,-0.31436026,-0.3214015,-0.33007872,-0.3227177
k__Bacteria|p__Firmicutes|c__Bacilli|o__Lactobacillales|f__unclassified|g__unclassified|s__unclassified,-0.2658449,-0.32291904,-0.32328734,-0.31718764,-0.32335827,-0.2932219,-0.3258366,-0.3327108,-0.33075604,-0.3253404,-0.19440371,-0.32539368,-0.3230301,-0.3220275,-0.3099353,-0.30519226,-0.3303013,-0.32282105,-0.32501802,-0.32900015,-0.26184985,-0.3166743,-0.29681087,-0.3298624,-0.3207198,1.4110612,-0.31097132,-0.31945407,-0.31676275,-0.32445285,-0.23875734,-0.32284898,-0.32284898,-0.32233223,-0.32126275,-0.24718808,-0.32432246,-0.3291557,-0.3328914,-0.3328914,-0.2443454,-0.3184014,-0.3233376,-0.29767188,-0.32066444,-0.2851582,-0.31729618,-0.31715828,-0.310298,-0.32471466,-0.24634947,-0.3272691,-0.32986963,-0.323744,-0.33487758,-0.20411447,-0.26286402,-0.3084278,-0.32277873,-0.33141193,-0.256234,-0.2358737,-0.31839767,-0.32650137,-0.32536504,-0.2850096,-0.30183107,-0.27669096,-0.31367365,-0.31746924,-0.31161842,-0.27598393,-0.31877366,-0.32037857,-0.33019432,-0.19459927,-0.19459927,-0.32411462,-0.30701396,-0.32943356,-0.20658675,-0.2689087,-0.32068947,-0.32690454,-0.3289357,-0.20655881,-0.3150842,-0.3214015,-0.33007872,-0.32316905
k__Bacteria|p__Firmicutes|c__Bacilli|o__Lactobacillales|f__Leuconostocaceae|g__Leuconostoc|s__unclassified,-0.26780066,-0.32368475,-0.32328734,-0.31718764,-0.3232998,-0.2932219,-0.3258366,-0.3327108,-0.33075604,-0.32496336,-0.19440371,-0.32539368,-0.32408226,-0.32230103,-0.3099353,-0.30519226,-0.3303013,-0.3224433,-0.32442692,-0.32900015,-0.26184985,-0.3182763,-0.29681087,-0.3298624,-0.3207198,-0.26755807,-0.31183892,-0.321947,-0.31676275,-0.32445285,-0.23875734,-0.32284898,-0.32284898,-0.3222974,-0.32191426,-0.24718808,-0.32432246,0.67265064,-0.3328914,-0.3328914,-0.2443454,-0.31973046,-0.3233376,-0.29767188,-0.32087207,-0.2851582,-0.31835446,-0.31715828,-0.310298,-0.32465696,-0.24634947,-0.3272691,-0.32986963,-0.323744,-0.33487758,-0.20411447,-0.26286402,-0.30869585,-0.32277873,-0.33141193,-0.256234,-0.2358737,-0.31946754,-0.32733423,-0.32594383,-0.2850096,-0.30183107,-0.27669096,-0.31632268,-0.3184399,-0.31161842,-0.27598393,-0.31877366,-0.32037857,-0.33019432,-0.19459927,-0.19459927,-0.32411462,-0.30701396,-0.32943356,-0.20658675,-0.27213934,-0.32190752,-0.32690454,-0.3289357,-0.20655881,-0.31684133,-0.3214015,-0.33007872,-0.32275462
k__Bacteria|p__Firmicutes|c__Clostridia|o__Clostridiales|f__Lachnospiraceae|g__Blautia|s__obeum,-0.2658652,-0.32330444,-0.32328734,-0.31718764,-0.3234871,-0.2932219,-0.3258366,-0.3327108,-0.33075604,-0.32538146,-0.19440371,-0.32539368,-0.32277372,-0.32275409,-0.3099353,-0.30519226,-0.3303013,-0.3228543,-0.32494295,-0.32900015,-0.26184985,-0.31655124,-0.29681087,-0.3298624,-0.3207198,-0.26755807,-0.31208146,-0.31892234,-0.31676275,-0.32445285,-0.23875734,-0.32284898,-0.32284898,-0.32317615,-0.32163605,-0.24718808,-0.32432246,-0.3291557,-0.3328914,-0.3328914,-0.2443454,-0.3185304,-0.3233376,-0.29767188,-0.31994903,-0.2851582,-0.31849104,-0.31715828,-0.310298,-0.32392833,-0.24634947,-0.3272691,-0.32986963,-0.323744,-0.33487758,-0.20411447,-0.26286402,-0.309088,-0.32277873,-0.33141193,-0.256234,-0.2358737,-0.31914976,-0.32629,-0.3260668,-0.2850096,-0.30183107,-0.27669096,-0.31396103,-0.3180414,-0.31161842,-0.27598393,-0.31877366,-0.32037857,-0.33019432,-0.19459927,-0.19459927,-0.32411462,-0.30701396,-0.32943356,-0.20658675,-0.26911736,-0.32090998,-0.32690454,-0.3289357,-0.20655881,-0.31550696,-0.3214015,-0.33007872,-0.3233695
k__Bacteria|p__Firmicutes|c__Clostridia|o__Clostridiales|f__Lachnospiraceae|g__Coprococcus|s__eutactus,-0.26699018,-0.32302532,-0.32328734,-0.31718764,-0.3223813,-0.2932219,-0.3258366,-0.3327108,-0.33075604,-0.32457468,-0.19440371,-0.32539368,-0.3226028,-0.32162276,-0.3099353,-0.30519226,-0.3303013,-0.32249665,-0.3245734,-0.32900015,-0.26184985,-0.3164635,-0.29681087,-0.3298624,-0.3207198,-0.26755807,-0.3108617,-0.3192554,-0.31676275,-0.32445285,-0.23875734,-0.32284898,-0.32284898,-0.3219148,-0.32026365,-0.24718808,-0.32432246,-0.3291557,-0.3328914,-0.3328914,-0.2443454,-0.31824094,-0.3233376,-0.29767188,-0.31974176,-0.2851582,-0.31723163,-0.31715828,-0.310298,-0.32385683,-0.24634947,-0.3272691,-0.32986963,-0.323744,-0.33487758,-0.20411447,-0.26286402,-0.30804217,-0.32277873,-0.33141193,-0.256234,-0.2358737,-0.3180216,-0.32598543,-0.32488883,-0.2850096,-0.30183107,-0.27669096,-0.31360024,-0.3169577,-0.31161842,-0.27598393,-0.31877366,-0.32037857,-0.33019432,-0.19459927,-0.19459927,-0.32411462,-0.30701396,-0.32943356,-0.20658675,-0.27010873,-0.320329,-0.32690454,-0.3289357,-0.20655881,-0.31485802,-0.3214015,-0.33007872,-0.32258582
k__Bacteria|p__Firmicutes|c__Bacilli|o__Lactobacillales|f__Lactobacillaceae|g__unclassified|s__unclassified,-0.26783425,-0.32312602,-0.32328734,-0.31718764,-0.32296854,-0.2932219,-0.3258366,-0.3327108,-0.33075604,-0.32554853,-0.19440371,-0.32539368,-0.32325828,-0.322174,-0.3099353,-0.30519226,-0.3303013,-0.32288545,-0.3246401,-0.32900015,-0.26184985,-0.31635517,-0.29681087,-0.3298624,-0.3207198,-0.26755807,-0.31110978,-0.320229,-0.31676275,-0.32445285,-0.23875734,-0.32284898,-0.32284898,-0.32242966,-0.32164773,-0.24718808,-0.32432246,-0.3291557,-0.3328914,-0.3328914,-0.2443454,-0.31834477,-0.3233376,-0.29767188,-0.32113808,-0.2851582,-0.31784394,-0.31715828,-0.310298,-0.32453775,-0.24634947,-0.3272691,-0.32986963,-0.323744,-0.33487758,-0.20411447,-0.26286402,-0.3080532,-0.32277873,-0.33141193,-0.256234,-0.2358737,-0.31832927,-0.32646203,-0.32643512,-0.2850096,-0.30183107,-0.27669096,-0.31620738,-0.31809855,-0.31161842,-0.27598393,-0.31877366,-0.32037857,-0.33019432,-0.19459927,-0.19459927,-0.32411462,-0.30701396,-0.32943356,-0.20658675,-0.27040294,-0.32094836,-0.32690454,-0.3289357,-0.20655881,-0.31546324,-0.3214015,-0.33007872,-0.32336697
k__Bacteria|p__Firmicutes|c__Erysipelotrichi|o__Erysipelotrichales|f__Erysipelotrichaceae|g__[Eubacterium]|s__biforme,-0.2666616,-0.32263267,-0.32328734,-0.31718764,-0.32198724,-0.2932219,-0.3258366,-0.3327108,-0.33075604,-0.32486403,-0.19440371,-0.32539368,-0.32181415,-0.32129496,-0.3099353,-0.30519226,-0.3303013,-0.32261938,-0.3244779,-0.32900015,-0.26184985,-0.31559923,-0.29681087,-0.3298624,-0.3207198,-0.26755807,-0.31020808,-0.31807923,-0.31676275,-0.32445285,-0.23875734,-0.32284898,-0.32284898,-0.3215905,-0.3201861,-0.24718808,-0.32432246,-0.3291557,-0.3328914,-0.3328914,-0.2443454,-0.31738347,-0.3233376,-0.29767188,-0.31975362,-0.2851582,-0.31672436,-0.31715828,-0.310298,-0.3238005,-0.24634947,-0.3272691,-0.32986963,-0.323744,-0.33487758,-0.20411447,-0.26286402,-0.3082015,-0.32277873,-0.33141193,-0.256234,-0.2358737,-0.31784126,-0.32487988,-0.3254011,-0.2850096,-0.30183107,-0.27669096,-0.31293267,-0.31671268,-0.31161842,-0.27598393,-0.31877366,-0.32037857,-0.33019432,-0.19459927,-0.19459927,-0.32411462,-0.30701396,-0.32943356,-0.20658675,-0.26932943,-0.3196712,-0.32690454,-0.3289357,-0.20655881,-0.31430495,-0.3214015,-0.33007872,-0.32277256
k__Bacteria|p__Firmicutes|c__Clostridia|o__Clostridiales|f__Veillonellaceae|g__Dialister|s__invisus,-0.2666824,-0.3226804,-0.32328734,-0.31718764,-0.3219991,-0.2932219,-0.3258366,-0.3327108,-0.33075604,-0.3240024,-0.19440371,-0.32539368,-0.322331,-0.3211826,-0.3099353,-0.30519226,-0.3303013,-0.32210457,-0.3240975,-0.32900015,-0.26184985,-0.31653363,-0.29681087,-0.3298624,-0.3207198,-0.26755807,-0.31104362,-0.31853366,-0.31676275,-0.32445285,-0.23875734,-0.32284898,-0.32284898,-0.32155347,-0.31969497,-0.24718808,-0.32432246,-0.3291557,-0.3328914,-0.3328914,-0.2443454,-0.31808966,-0.3233376,-0.29767188,-0.31925333,-0.2851582,-0.3171367,-0.31715828,-0.310298,-0.32353315,-0.24634947,-0.3272691,-0.32986963,-0.323744,-0.33487758,-0.20411447,-0.26286402,-0.30769604,-0.32277873,-0.33141193,-0.256234,-0.2358737,-0.31807303,-0.32565773,-0.32448298,-0.2850096,-0.30183107,-0.27669096,-0.31270897,-0.31620938,-0.31161842,-0.27598393,-0.31877366,-0.32037857,-0.33019432,-0.19459927,-0.19459927,-0.32411462,-0.30701396,-0.32943356,-0.20658675,-0.26981997,-0.3200666,-0.32690454,-0.3289357,-0.20655881,-0.31471333,-0.3214015,-0.33007872,-0.32200786
k__Bacteria|p__Firmicutes|c__Clostridia|o__Clostridiales|f__Veillonellaceae|g__Phascolarctobacterium|s__unclassified,-0.266855,-0.32363123,-0.32328734,-0.31718764,-0.32305306,-0.2932219,-0.3258366,-0.3327108,-0.33075604,-0.32537103,-0.19440371,-0.32539368,-0.32296127,-0.32282257,-0.3099353,-0.30519226,-0.3303013,-0.32304114,-0.3254214,-0.32900015,-0.26184985,-0.31660104,-0.29681087,-0.3298624,-0.3207198,-0.26755807,-0.31124112,-0.3200332,-0.31676275,-0.32445285,-0.23875734,-0.32284898,-0.32284898,-0.32314944,-0.32138056,-0.24718808,-0.32432246,-0.3291557,-0.3328914,-0.3328914,-0.2443454,-0.31861567,-0.3233376,-0.29767188,-0.3199036,-0.2851582,-0.3184535,-0.31715828,-0.310298,-0.3238698,-0.24634947,-0.3272691,-0.32986963,-0.323744,-0.33487758,-0.20411447,-0.26286402,-0.3087279,-0.32277873,-0.33141193,-0.256234,-0.2358737,-0.31850964,-0.32685962,-0.3261317,-0.2850096,-0.30183107,-0.27669096,-0.3148643,-0.3181551,-0.31161842,-0.27598393,-0.31877366,-0.32037857,-0.33019432,-0.19459927,-0.19459927,-0.32411462,-0.30701396,-0.32943356,-0.20658675,-0.26970798,-0.32098156,-0.32690454,-0.3289357,-0.20655881,-0.31534997,-0.3214015,-0.33007872,-0.3236776
k__Bacteria|p__Firmicutes|c__Bacilli|o__Lactobacillales|f__Lactobacillaceae|g__Pediococcus|s__unclassified,-0.26675203,-0.32297474,-0.32328734,-0.31718764,-0.32292658,-0.2932219,-0.3258366,-0.3327108,-0.33075604,-0.32491568,-0.19440371,-0.32539368,-0.32278222,-0.32208803,-0.3099353,-0.30519226,-0.3303013,-0.32259557,-0.32480222,-0.32900015,-0.26184985,-0.3163374,-0.29681087,-0.3298624,-0.3207198,-0.26755807,-0.3111056,-0.3196268,-0.31676275,-0.32445285,-0.23875734,-0.32284898,-0.32284898,-0.32222953,-0.32088485,-0.24718808,-0.32432246,-0.3291557,-0.3328914,-0.3328914,-0.2443454,-0.31836358,-0.3233376,-0.29767188,-0.31999516,-0.2851582,-0.3175896,-0.31715828,-0.310298,-0.3240057,-0.24634947,-0.3272691,-0.32986963,-0.323744,-0.33487758,-0.20411447,-0.26286402,-0.30828214,-0.32277873,-0.33141193,-0.256234,-0.2358737,-0.31827384,-0.32634723,-0.32508928,-0.2850096,-0.30183107,-0.27669096,-0.3142337,-0.3175639,-0.31161842,-0.27598393,-0.31877366,-0.32037857,-0.33019432,-0.19459927,-0.19459927,-0.32411462,-0.30701396,-0.32943356,-0.20658675,-0.2697621,-0.32063034,-0.32690454,-0.3289357,-0.20655881,-0.31499672,-0.3214015,-0.33007872,-0.32298598
k__Bacteria|p__Firmicutes|c__Bacilli|o__Lactobacillales|f__Enterococcaceae|g__unclassified|s__unclassified,-0.2679128,-0.32392478,-0.32328734,-0.31718764,-0.32428986,-0.2932219,-0.3258366,-0.3327108,-0.33075604,-0.32644498,-0.19440371,-0.32539368,-0.3239534,-0.3227997,-0.3099353,-0.30519226,-0.3303013,-0.3237682,-0.32595405,-0.32900015,-0.26184985,-0.31720087,-0.29681087,-0.3298624,-0.3207198,-0.26755807,-0.31163955,-0.32148463,-0.31676275,-0.32445285,-0.23875734,-0.32284898,-0.32284898,-0.32319042,-0.32235485,-0.24718808,-0.32432246,-0.3291557,-0.3328914,-0.3328914,-0.2443454,-0.31927067,-0.3233376,-0.29767188,-0.32236242,-0.2851582,-0.31827912,-0.31715828,-0.310298,-0.32567734,-0.24634947,-0.3272691,-0.32986963,-0.323744,-0.33487758,-0.20411447,-0.26286402,-0.3086413,-0.32277873,-0.33141193,-0.256234,-0.2358737,-0.31888995,-0.32774466,-0.32642052,-0.2850096,-0.30183107,-0.27669096,-0.31699738,-0.3191395,-0.31161842,-0.27598393,-0.31877366,-0.32037857,-0.33019432,-0.19459927,-0.19459927,-0.32411462,-0.30701396,-0.32943356,-0.20658675,-0.27066916,-0.3221863,-0.32690454,-0.3289357,-0.20655881,-0.31574178,-0.3214015,-0.33007872,-0.32459328
k__Bacteria|p__Firmicutes|c__Erysipelotrichi|o__Erysipelotrichales|f__[Coprobacillaceae]|g__Catenibacterium|s__unclassified,-0.26989812,-0.3255682,-0.32328734,-0.31718764,-0.32486397,-0.2932219,-0.3258366,-0.3327108,-0.33075604,-0.3272747,-0.19440371,-0.32539368,-0.32440424,-0.32371923,-0.3099353,-0.30519226,-0.3303013,-0.32506192,-0.32694215,-0.32900015,-0.26184985,-0.3175881,-0.29681087,-0.3298624,-0.3207198,-0.26755807,-0.3136293,-0.3212424,-0.31676275,-0.32445285,-0.23875734,-0.32284898,-0.32284898,-0.32418758,-0.32251042,-0.24718808,-0.32432246,-0.3291557,-0.3328914,-0.3328914,-0.2443454,-0.3203199,-0.3233376,-0.29767188,-0.32195884,-0.2851582,-0.31938773,-0.31715828,-0.310298,-0.32592285,-0.24634947,-0.3272691,-0.32986963,-0.323744,-0.33487758,-0.20411447,-0.26286402,-0.3097452,-0.32277873,-0.33141193,-0.256234,-0.2358737,-0.32017556,-0.32771933,-0.32741395,-0.2850096,-0.30183107,-0.27669096,-0.316449,-0.3197367,-0.31161842,-0.27598393,-0.31877366,-0.32037857,-0.33019432,-0.19459927,-0.19459927,-0.32411462,-0.30701396,-0.32943356,-0.20658675,-0.2724169,-0.32239896,-0.32690454,-0.3289357,-0.20655881,-0.3170669,-0.3214015,-0.33007872,-0.32509345
k__Bacteria|p__Firmicutes|c__Clostridia|o__Coriobacteriales|f__Coriobacteriaceae|g__Collinsella|s__aerofaciens,-0.26774302,-0.3233907,-0.32328734,-0.31718764,-0.32301772,-0.2932219,-0.3258366,-0.3327108,-0.33075604,-0.32559264,-0.19440371,-0.32539368,-0.32269776,-0.32247013,-0.3099353,-0.30519226,-0.3303013,-0.3232736,-0.32557768,-0.32900015,-0.26184985,-0.31596673,-0.29681087,-0.3298624,-0.3207198,-0.26755807,-0.3108633,-0.3199271,-0.31676275,-0.32445285,-0.23875734,-0.32284898,-0.32284898,-0.32274744,-0.32135254,-0.24718808,-0.32432246,-0.3291557,-0.3328914,-0.3328914,-0.2443454,-0.31823528,-0.3233376,-0.29767188,-0.32024968,-0.2851582,-0.31777555,-0.31715828,-0.310298,-0.3242712,-0.24634947,-0.3272691,-0.32986963,-0.323744,-0.33487758,-0.20411447,-0.26286402,-0.30847222,-0.32277873,-0.33141193,-0.256234,-0.2358737,-0.3180568,-0.32655275,-0.3259622,-0.2850096,-0.30183107,-0.27669096,-0.31447744,-0.31823093,-0.31161842,-0.27598393,-0.31877366,-0.32037857,-0.33019432,-0.19459927,-0.19459927,-0.32411462,-0.30701396,-0.32943356,-0.20658675,-0.27034497,-0.32085794,-0.32690454,-0.3289357,-0.20655881,-0.31479546,-0.3214015,-0.33007872,-0.3238905
k__Bacteria|p__Firmicutes|c__Clostridia|o__Clostridiales|f__Ruminococcaceae|g__Ruminococcus|s__bromii,-0.26625568,-0.32294917,-0.32328734,-0.31718764,-0.32159463,-0.2932219,-0.3258366,-0.3327108,-0.33075604,-0.32365656,-0.19440371,-0.32539368,-0.3223704,-0.3207606,-0.3099353,-0.30519226,-0.3303013,-0.32176194,-0.32331106,-0.32900015,-0.26184985,-0.3173417,-0.29681087,-0.3298624,-0.3207198,-0.26755807,-0.31118053,-0.31793153,-0.31676275,-0.32445285,-0.23875734,-0.32284898,-0.32284898,-0.321196,-0.3192327,-0.24718808,-0.32432246,-0.3291557,-0.3328914,-0.3328914,-0.2443454,-0.31836164,-0.3233376,-0.29767188,-0.3188849,-0.2851582,-0.31677976,-0.31715828,-0.310298,-0.32325765,-0.24634947,-0.3272691,-0.32986963,-0.323744,-0.33487758,-0.20411447,-0.26286402,-0.30827796,-0.32277873,-0.33141193,-0.256234,-0.2358737,-0.3182761,-0.32463217,-0.3243902,-0.2850096,-0.30183107,-0.27669096,-0.31166506,-0.3155899,-0.31161842,-0.27598393,-0.31877366,-0.32037857,-0.33019432,-0.19459927,-0.19459927,-0.32411462,-0.30701396,-0.32943356,-0.20658675,-0.2700319,-0.3193748,-0.32690454,-0.3289357,-0.20655881,-0.31553298,-0.3214015,-0.33007872,-0.32098636
k__Bacteria|p__Firmicutes|c__Bacilli|o__Lactobacillales|f__Lactobacillaceae|g__Lactobacillus|s__zeae,-0.25888723,-0.3217085,0.8428471,-0.31718764,-0.32173625,1.1805775,-0.3258366,-0.3327108,-0.33075604,-0.3240185,-0.19440371,-0.32539368,-0.32164228,-0.31966582,-0.3099353,1.0236933,-0.3303013,-0.32012588,-0.322896,-0.32900015,-0.26184985,-0.31517923,-0.29681087,-0.3298624,-0.3207198,-0.26755807,-0.30823946,-0.31803286,-0.31676275,-0.32445285,-0.23875734,0.85876685,0.85876685,-0.32216337,-0.32126606,1.6314491,-0.32432246,-0.3291557,-0.3328914,-0.3328914,-0.2443454,-0.31607717,-0.3233376,-0.29767188,-0.32002026,-0.2851582,-0.31521904,-0.31715828,-0.310298,-0.3231511,1.6345367,-0.3272691,-0.32986963,-0.323744,-0.33487758,1.9704756,1.4967061,-0.30455738,-0.32277873,-0.33141193,1.5942063,-0.2358737,-0.31637764,-0.32564965,-0.3251109,1.2162913,-0.30183107,-0.27669096,-0.3132429,-0.31499076,0.96400833,1.4177644,-0.31877366,-0.32037857,-0.33019432,-0.19459927,-0.19459927,-0.32411462,-0.30701396,-0.32943356,-0.20658675,-0.26293424,-0.3188545,-0.32690454,-0.3289357,-0.20655881,-0.31312913,-0.3214015,-0.33007872,-0.32099023
k__Bacteria|p__Firmicutes|c__Bacilli|o__Gemellales|f__Gemellaceae|g__unclassified|s__unclassified,-0.26604146,-0.32435825,-0.32328734,-0.31718764,-0.32350287,-0.2932219,-0.3258366,-0.3327108,-0.33075604,-0.32598343,-0.19440371,-0.32539368,-0.3235988,-0.32302222,-0.3099353,-0.30519226,-0.3303013,-0.3233409,-0.32558876,-0.32900015,-0.26184985,-0.31716636,-0.29681087,-0.3298624,-0.3207198,1.4101083,-0.312213,-0.32081482,-0.31676275,-0.32445285,-0.23875734,-0.32284898,-0.32284898,-0.32410774,-0.32236427,-0.24718808,-0.32432246,-0.3291557,-0.3328914,-0.3328914,-0.2443454,-0.31962305,-0.3233376,-0.29767188,-0.32038295,-0.2851582,-0.31878203,-0.31715828,-0.310298,-0.32418087,-0.24634947,-0.3272691,-0.32986963,-0.323744,-0.33487758,-0.20411447,1.4667585,-0.3092444,-0.32277873,-0.33141193,-0.256234,-0.2358737,-0.31925914,-0.3269534,-0.32716703,-0.2850096,-0.30183107,-0.27669096,-0.315077,-0.31833717,0.93337226,-0.27598393,-0.31877366,-0.32037857,-0.33019432,-0.19459927,-0.19459927,-0.32411462,-0.30701396,-0.32943356,-0.20658675,-0.2693784,-0.32111448,-0.32690454,-0.3289357,-0.20655881,-0.31685537,-0.3214015,-0.33007872,-0.32356143
k__Bacteria|p__Firmicutes|c__Clostridia|o__Clostridiales|f__Veillonellaceae|g__Veillonella|s__unclassified,-0.26386243,-0.32133242,-0.32328734,-0.31718764,-0.32059884,1.9142796,1.0593824,0.8218438,-0.33075604,-0.32308733,-0.19440371,-0.32539368,-0.32073078,-0.32036617,-0.3099353,-0.30519226,-0.3303013,-0.32082433,-0.32303387,-0.32900015,-0.26184985,-0.3148265,-0.29681087,-0.3298624,-0.3207198,-0.26755807,-0.30893332,-0.31730735,-0.31676275,-0.32445285,-0.23875734,-0.32284898,-0.32284898,-0.3208337,-0.31906363,-0.24718808,-0.32432246,-0.3291557,-0.3328914,-0.3328914,-0.2443454,-0.31642008,-0.3233376,-0.29767188,-0.3175988,-0.2851582,-0.3159125,-0.31715828,-0.310298,-0.32178658,-0.24634947,-0.3272691,-0.32986963,-0.323744,-0.33487758,-0.20411447,-0.26286402,-0.30707857,-0.32277873,-0.33141193,-0.256234,-0.2358737,-0.31645745,-0.32411534,-0.32397836,-0.2850096,-0.30183107,-0.27669096,-0.31127918,-0.31538802,0.93647844,-0.27598393,-0.31877366,-0.32037857,-0.33019432,-0.19459927,-0.19459927,0.77508855,-0.30701396,-0.32943356,2.2369106,-0.2673064,-0.3184913,-0.32690454,-0.3289357,-0.20655881,-0.31346047,-0.3214015,-0.33007872,-0.32107925
k__Bacteria|p__Firmicutes|c__Bacilli|o__Lactobacillales|f__Lactobacillaceae|g__Lactobacillus|s__unclassified,-0.26311594,-0.31962126,0.8327815,-0.31718764,-0.32045338,1.1705811,-0.3258366,0.595375,-0.33075604,-0.32261017,-0.19440371,-0.32539368,-0.3202633,-0.31982774,-0.3099353,1.022256,-0.3303013,-0.31976306,-0.32206845,-0.32900015,-0.26184985,-0.31375086,1.1125408,-0.3298624,-0.3207198,-0.26755807,-0.30779582,-0.31706816,-0.31676275,-0.32445285,-0.23875734,-0.32284898,-0.32284898,-0.32058117,-0.31965488,-0.24718808,-0.32432246,-0.3291557,-0.3328914,-0.3328914,-0.2443454,-0.3153022,-0.3233376,-0.29767188,-0.31822652,-0.2851582,-0.31494504,-0.31715828,-0.310298,-0.32163078,-0.24634947,-0.3272691,-0.32986963,-0.323744,-0.33487758,-0.20411447,-0.26286402,-0.30645353,-0.32277873,-0.33141193,-0.256234,-0.2358737,-0.3152901,-0.32387978,-0.3233915,1.2152828,-0.30183107,-0.27669096,-0.31179258,-0.31523764,-0.31161842,-0.27598393,-0.31877366,-0.32037857,-0.33019432,-0.19459927,-0.19459927,-0.32411462,-0.30701396,-0.32943356,-0.20658675,-0.26672703,-0.3182094,0.3670686,-0.3289357,-0.20655881,-0.31215578,-0.3214015,-0.33007872,-0.3207914
k__Bacteria|p__Firmicutes|c__Clostridia|o__Coriobacteriales|f__Coriobacteriaceae|g__Slackia|s__unclassified,-0.26685086,-0.32367468,-0.32328734,-0.31718764,-0.32351774,-0.2932219,-0.3258366,-0.3327108,-0.33075604,-0.32550973,-0.19440371,-0.32539368,-0.3233934,-0.3226499,-0.3099353,-0.30519226,-0.3303013,-0.3232681,-0.32543516,-0.32900015,-0.26184985,-0.3169242,-0.29681087,-0.3298624,-0.3207198,-0.26755807,-0.31160477,-0.32030696,-0.31676275,-0.32445285,-0.23875734,-0.32284898,-0.32284898,-0.3229431,-0.3213989,-0.24718808,-0.32432246,-0.3291557,-0.3328914,-0.3328914,-0.2443454,-0.3188995,-0.3233376,-0.29767188,-0.3208138,-0.2851582,-0.31821334,-0.31715828,-0.310298,-0.3246245,-0.24634947,-0.3272691,-0.32986963,-0.323744,-0.33487758,-0.20411447,-0.26286402,-0.3084814,-0.32277873,-0.33141193,-0.256234,-0.2358737,-0.31868815,-0.3272838,-0.32568094,-0.2850096,-0.30183107,-0.27669096,-0.3152651,-0.3181556,-0.31161842,-0.27598393,-0.31877366,-0.32037857,-0.33019432,-0.19459927,-0.19459927,-0.32411462,-0.30701396,-0.32943356,-0.20658675,-0.2699309,-0.32149094,-0.32690454,-0.3289357,-0.20655881,-0.3152719,-0.3214015,-0.33007872,-0.32372683
k__Bacteria|p__Firmicutes|c__Clostridia|o__Clostridiales|f__Lachnospiraceae|g__Blautia|s__producta,-0.2666797,-0.3235625,-0.32328734,0.87802094,-0.3228072,-0.2932219,-0.3258366,0.5661277,-0.33075604,-0.32498035,-0.19440371,-0.32539368,-0.3229465,-0.32214022,0.93193597,-0.30519226,-0.3303013,-0.32292587,-0.32505554,-0.32900015,-0.26184985,-0.31670374,-0.29681087,-0.3298624,-0.3207198,-0.26755807,-0.31122804,-0.31973013,-0.31676275,0.73050797,-0.23875734,-0.32284898,-0.32284898,-0.3223146,-0.3205282,-0.24718808,-0.32432246,-0.3291557,-0.3328914,-0.3328914,-0.2443454,-0.31863025,0.777005,-0.29767188,-0.3199004,-0.2851582,-0.31779203,-0.31715828,-0.310298,-0.32405216,-0.24634947,-0.3272691,-0.32986963,-0.323744,-0.33487758,-0.20411447,-0.26286402,-0.30816534,-0.32277873,-0.33141193,-0.256234,-0.2358737,-0.31837595,-0.32653412,-0.32525137,-0.2850096,-0.30183107,-0.27669096,-0.314229,-0.3174653,-0.31161842,-0.27598393,-0.31877366,-0.32037857,-0.33019432,-0.19459927,-0.19459927,-0.32411462,0.96581656,-0.32943356,-0.20658675,-0.26970613,-0.3207794,-0.32690454,-0.3289357,-0.20655881,-0.31516188,-0.3214015,-0.33007872,-0.32306492
k__Bacteria|p__Firmicutes|c__Bacilli|o__Lactobacillales|f__Streptococcaceae|g__unclassified|s__unclassified,-0.26732174,-0.32320875,-0.32328734,-0.31718764,-0.32396615,-0.2932219,-0.3258366,-0.3327108,-0.33075604,-0.32511538,-0.19440371,0.74274194,-0.3234554,-0.32293892,-0.3099353,-0.30519226,-0.3303013,-0.3224543,-0.32525247,-0.32900015,-0.26184985,-0.31646824,-0.29681087,-0.3298624,-0.3207198,-0.26755807,-0.3113111,-0.3204258,-0.31676275,-0.32445285,-0.23875734,-0.32284898,-0.32284898,-0.32250214,-0.32159412,-0.24718808,-0.32432246,-0.3291557,-0.3328914,-0.3328914,-0.2443454,-0.31857646,-0.3233376,-0.29767188,-0.32050896,-0.2851582,-0.31827462,-0.31715828,-0.310298,-0.32464018,-0.24634947,-0.3272691,-0.32986963,-0.323744,-0.33487758,-0.20411447,-0.26286402,-0.30804658,-0.32277873,-0.33141193,-0.256234,-0.2358737,-0.31906894,-0.3276536,-0.32500172,-0.2850096,-0.30183107,-0.27669096,-0.31607112,-0.31866848,-0.31161842,-0.27598393,-0.31877366,-0.32037857,-0.33019432,-0.19459927,-0.19459927,-0.32411462,-0.30701396,-0.32943356,-0.20658675,-0.27047578,-0.32155615,-0.32690454,-0.3289357,-0.20655881,-0.31467813,-0.3214015,-0.33007872,-0.3237015
k__Bacteria|p__Firmicutes|c__Clostridia|o__Clostridiales|f__Veillonellaceae|g__Selenomonas|s__unclassified,-0.2671388,-0.3232168,-0.32328734,-0.31718764,-0.32272217,-0.2932219,-0.3258366,-0.3327108,-0.33075604,-0.32470694,-0.19440371,-0.32539368,-0.32283574,-0.3218989,-0.3099353,-0.30519226,-0.3303013,-0.3225814,-0.32466155,-0.32900015,-0.26184985,-0.31671643,-0.29681087,-0.3298624,-0.3207198,-0.26755807,-0.31134945,-0.31961298,-0.31676275,-0.32445285,-0.23875734,-0.32284898,-0.32284898,-0.32198218,-0.32042867,-0.24718808,-0.32432246,-0.3291557,-0.3328914,-0.3328914,-0.2443454,-0.31857064,-0.3233376,1.0602932,-0.3197716,-0.2851582,-0.3176924,-0.31715828,-0.310298,-0.32387215,-0.24634947,-0.3272691,-0.32986963,-0.323744,-0.33487758,-0.20411447,-0.26286402,-0.30821592,-0.32277873,0.6458147,-0.256234,-0.2358737,-0.31843862,-0.32621676,-0.32494676,-0.2850096,-0.30183107,-0.27669096,-0.31423667,-0.3173234,-0.31161842,-0.27598393,-0.31877366,-0.32037857,-0.33019432,-0.19459927,-0.19459927,-0.32411462,-0.30701396,-0.32943356,-0.20658675,-0.2701704,-0.32060435,-0.32690454,-0.3289357,-0.20655881,-0.31533775,-0.3214015,-0.33007872,-0.32269695
k__Bacteria|p__Firmicutes|c__Clostridia|o__Clostridiales|f__Veillonellaceae|g__Megamonas|s__unclassified,-0.27039725,-0.324493,-0.32328734,-0.31718764,-0.32535595,-0.2932219,-0.3258366,-0.3327108,-0.33075604,-0.32676327,-0.19440371,-0.32539368,-0.32420385,-0.3223309,-0.3099353,-0.30519226,-0.3303013,-0.32372808,-0.32612064,-0.32900015,-0.26184985,-0.31712848,-0.29681087,-0.3298624,-0.3207198,-0.26755807,-0.31250188,-0.32157022,-0.31676275,-0.32445285,-0.23875734,-0.32284898,-0.32284898,-0.3223937,-0.32212692,-0.24718808,-0.32432246,-0.3291557,-0.3328914,-0.3328914,-0.2443454,-0.3192333,-0.3233376,-0.29767188,-0.32324243,-0.2851582,-0.31821722,-0.31715828,-0.310298,-0.3265447,-0.24634947,-0.3272691,-0.32986963,-0.323744,-0.33487758,-0.20411447,-0.26286402,-0.30679542,-0.32277873,-0.33141193,-0.256234,-0.2358737,-0.3191372,-0.32843083,-0.32540405,-0.2850096,-0.30183107,-0.27669096,-0.31834662,-0.3197092,-0.31161842,-0.27598393,-0.31877366,-0.32037857,0.6468035,-0.19459927,-0.19459927,-0.32411462,-0.30701396,-0.32943356,-0.20658675,-0.27189243,-0.3226282,0.41738212,0.42434147,-0.20655881,-0.3151819,-0.3214015,-0.33007872,-0.32477725
k__Bacteria|p__Firmicutes|c__Clostridia|o__Clostridiales|f__Lachnospiraceae|g__Anaerostipes|s__unclassified,-0.26763552,-0.3225962,-0.32328734,-0.31718764,-0.32278883,-0.2932219,-0.3258366,-0.3327108,-0.33075604,-0.32466218,-0.19440371,-0.32539368,-0.3221212,-0.32150784,-0.3099353,-0.30519226,-0.3303013,-0.32195985,-0.32414094,-0.32900015,-0.26184985,-0.31615847,-0.29681087,-0.3298624,-0.3207198,-0.26755807,-0.31084448,-0.31917554,-0.31676275,-0.32445285,-0.23875734,-0.32284898,-0.32284898,-0.3216522,-0.32088202,-0.24718808,-0.32432246,-0.3291557,0.605714,0.605714,-0.2443454,-0.31794426,-0.3233376,-0.29767188,-0.3199241,-0.2851582,-0.3172475,-0.31715828,-0.310298,-0.32364738,-0.24634947,-0.3272691,-0.32986963,-0.323744,-0.33487758,-0.20411447,-0.26286402,-0.3082312,-0.32277873,-0.33141193,-0.256234,-0.2358737,-0.318435,-0.32568252,-0.32514262,-0.2850096,-0.30183107,-0.27669096,-0.31459546,-0.3177051,-0.31161842,-0.27598393,-0.31877366,-0.32037857,-0.33019432,-0.19459927,-0.19459927,-0.32411462,-0.30701396,-0.32943356,-0.20658675,-0.2706784,-0.32030517,-0.32690454,-0.3289357,-0.20655881,-0.31495127,-0.3214015,-0.33007872,-0.32267255
k__Bacteria|p__Firmicutes|c__Clostridia|o__Clostridiales|f__Clostridiaceae|g__unclassified|s__unclassified,-0.23753391,-0.32435107,-0.32328734,-0.31718764,-0.32383046,-0.2932219,0.7905633,0.5557733,-0.33075604,-0.32646275,2.1539493,0.75617,-0.32346934,-0.32225692,-0.3099353,-0.30519226,-0.3303013,-0.3231929,-0.32674298,0.73092735,-0.26184985,-0.314835,-0.29681087,-0.3298624,-0.3207198,1.4124886,-0.3056453,-0.3191423,-0.31676275,-0.32445285,1.7977549,0.8599223,0.8599223,-0.322165,-0.3196089,-0.24718808,-0.32432246,-0.3291557,-0.3328914,-0.3328914,1.7459779,-0.31672364,-0.3233376,-0.29767188,-0.318771,1.2022742,-0.31638563,-0.31715828,-0.310298,-0.32486147,-0.24634947,0.742485,0.6818866,-0.323744,-0.33487758,-0.20411447,-0.26286402,-0.3004634,-0.32277873,0.64977413,-0.256234,-0.2358737,-0.316473,-0.32986075,-0.3265692,-0.2850096,-0.30183107,-0.27669096,-0.31172842,-0.31592712,-0.31161842,-0.27598393,-0.31877366,-0.32037857,-0.33019432,2.1372232,2.1372232,-0.32411462,-0.30701396,-0.32943356,1.9910626,-0.24222091,-0.32117903,-0.32690454,-0.3289357,-0.20655881,-0.31190702,-0.3214015,-0.33007872,-0.3239885
k__Bacteria|p__Firmicutes|c__Clostridia|o__Clostridiales|f__Lachnospiraceae|g__Lachnobacterium|s__unclassified,-0.26518553,-0.32238495,-0.32328734,-0.31718764,-0.32162422,-0.2932219,-0.3258366,-0.3327108,-0.33075604,-0.32431287,-0.19440371,-0.32539368,-0.3217011,-0.32174712,-0.3099353,-0.30519226,-0.3303013,-0.32174248,-0.32428396,-0.32900015,-0.26184985,-0.31674784,-0.29681087,-0.3298624,-0.3207198,-0.26755807,-0.3097144,-0.31956384,-0.31676275,-0.32445285,-0.23875734,-0.32284898,-0.32284898,-0.32239714,-0.3208719,-0.24718808,-0.32432246,-0.3291557,-0.3328914,-0.3328914,-0.2443454,-0.31788796,-0.3233376,-0.29767188,-0.31852615,-0.2851582,-0.31775755,-0.31715828,-0.310298,-0.32220632,-0.24634947,-0.3272691,-0.32986963,-0.323744,-0.33487758,-0.20411447,-0.26286402,-0.30890626,-0.32277873,-0.33141193,-0.256234,-0.2358737,-0.3174345,-0.32567638,-0.32582352,-0.2850096,-0.30183107,-0.27669096,-0.3132341,-0.31692553,-0.31161842,-0.27598393,-0.31877366,-0.32037857,-0.33019432,-0.19459927,-0.19459927,-0.32411462,-0.30701396,-0.32943356,-0.20658675,-0.26794812,-0.31961784,-0.32690454,-0.3289357,-0.20655881,-0.3154361,-0.3214015,-0.33007872,-0.322451
k__Bacteria|p__Firmicutes|c__Erysipelotrichi|o__Erysipelotrichales|f__[Coprobacillaceae]|g__Coprobacillus|s__unclassified,-0.26672575,-0.32250184,-0.32328734,0.87326205,-0.3218031,-0.2932219,-0.3258366,-0.3327108,-0.33075604,-0.3249806,-0.19440371,-0.32539368,-0.32195193,-0.32176575,0.9272746,-0.30519226,-0.3303013,-0.32306018,-0.32488847,-0.32900015,-0.26184985,-0.31406748,-0.29681087,-0.3298624,-0.3207198,-0.26755807,-0.3105772,-0.3193128,-0.31676275,-0.32445285,-0.23875734,-0.32284898,-0.32284898,-0.32256594,-0.32037383,-0.24718808,-0.32432246,-0.3291557,-0.3328914,-0.3328914,-0.2443454,-0.31768155,-0.3233376,-0.29767188,-0.31994125,-0.2851582,-0.3170441,-0.31715828,-0.310298,-0.32334703,-0.24634947,-0.3272691,-0.32986963,-0.323744,0.61477953,-0.20411447,-0.26286402,-0.30760363,-0.32277873,0.6489053,-0.256234,-0.2358737,-0.31695712,-0.32545432,-0.3254703,-0.2850096,-0.30183107,-0.27669096,-0.31469536,-0.31713867,-0.31161842,-0.27598393,-0.31877366,-0.32037857,-0.33019432,-0.19459927,-0.19459927,-0.32411462,-0.30701396,-0.32943356,-0.20658675,-0.26900512,-0.32012212,-0.32690454,-0.3289357,-0.20655881,-0.3139223,0.853618,-0.33007872,-0.32335877
k__Bacteria|p__Firmicutes|c__Clostridia|o__Clostridiales|f__Veillonellaceae|g__Veillonella|s__parvula,0.35650527,0.14741287,-0.32328734,0.94348454,0.14378035,1.168381,-0.3258366,-0.3327108,-0.33075604,0.0967904,-0.19440371,0.7804499,0.15410586,0.16696447,0.9479693,-0.30519226,-0.3303013,0.16058165,0.16480988,-0.32900015,1.4512825,0.17745848,1.2101374,-0.3298624,-0.3207198,1.4148632,0.17983162,0.1557267,-0.31676275,-0.32445285,-0.23875734,0.8821903,0.8821903,0.060210563,0.03462983,-0.24718808,0.849815,0.66241264,0.6026717,0.6026717,1.7694186,0.17315987,0.7800336,-0.29767188,0.051674027,1.3422465,0.17444769,1.0293714,0.9710305,0.12111585,-0.24634947,0.7400901,0.67966527,-0.323744,-0.33487758,-0.20411447,-0.26286402,0.1905446,-0.32277873,-0.33141193,1.5826417,1.8200446,0.16442487,0.14684051,0.043209344,-0.2850096,-0.30183107,-0.27669096,0.13135695,0.16175672,1.0649424,1.3332514,0.8850076,0.83479494,-0.33019432,2.2353902,2.2353902,0.71403587,-0.30701396,0.6946802,-0.20658675,0.33176816,0.15228161,0.37856087,-0.3289357,-0.20655881,0.18072894,-0.3214015,-0.33007872,0.13334323
k__Bacteria|p__Firmicutes|c__Erysipelotrichi|o__Erysipelotrichales|f__Erysipelotrichaceae|g__Holdemania|s__unclassified,-0.27049312,-0.32459092,-0.32328734,-0.31718764,-0.3248944,-0.2932219,-0.3258366,-0.3327108,-0.33075604,-0.32613003,-0.19440371,-0.32539368,-0.3239244,-0.32287312,-0.3099353,-0.30519226,-0.3303013,-0.3233178,-0.325965,-0.32900015,-0.26184985,-0.3164977,-0.29681087,-0.3298624,0.84874415,-0.26755807,-0.31286043,-0.32105955,-0.31676275,-0.32445285,-0.23875734,-0.32284898,-0.32284898,-0.32267714,-0.3217701,-0.24718808,-0.32432246,-0.3291557,-0.3328914,-0.3328914,-0.2443454,-0.31938136,0.80116546,1.0655093,-0.3211551,-0.2851582,-0.318654,-0.31715828,-0.310298,-0.32515654,-0.24634947,-0.3272691,-0.32986963,-0.323744,-0.33487758,-0.20411447,-0.26286402,-0.30706495,-0.32277873,-0.33141193,-0.256234,-0.2358737,-0.3195289,-0.3284738,-0.32548693,-0.2850096,-0.30183107,-0.27669096,-0.31759092,-0.3192558,-0.31161842,-0.27598393,-0.31877366,-0.32037857,-0.33019432,-0.19459927,-0.19459927,-0.32411462,-0.30701396,-0.32943356,-0.20658675,-0.27175298,-0.3215566,0.36644918,-0.3289357,-0.20655881,-0.31570035,-0.3214015,0.6203224,-0.32398862
k__Bacteria|p__Firmicutes|c__Bacilli|o__Lactobacillales|f__Streptococcaceae|g__Lactococcus|s__unclassified,-0.2678627,-0.32427225,0.7942817,-0.31718764,-0.32329673,-0.2932219,-0.3258366,0.5561854,-0.33075604,-0.32562575,-0.19440371,-0.32539368,-0.323504,-0.32255647,0.9662574,-0.30519226,-0.3303013,-0.32341367,-0.325513,-0.32900015,-0.26184985,-0.31759316,-0.29681087,-0.3298624,-0.3207198,-0.26755807,-0.3120033,-0.3203052,-0.31676275,-0.32445285,-0.23875734,-0.32284898,-0.32284898,-0.32302547,-0.32130015,-0.24718808,-0.32432246,0.65146583,-0.3328914,-0.3328914,-0.2443454,-0.3193194,-0.3233376,-0.29767188,-0.32052344,-0.2851582,-0.31843913,-0.31715828,-0.310298,-0.3245567,-0.24634947,-0.3272691,-0.32986963,-0.323744,-0.33487758,-0.20411447,-0.26286402,-0.30898693,-0.32277873,-0.33141193,-0.256234,-0.2358737,-0.31910813,-0.32682985,-0.3261519,-0.2850096,-0.30183107,-0.27669096,-0.3147409,-0.31798264,-0.31161842,-0.27598393,-0.31877366,-0.32037857,-0.33019432,-0.19459927,-0.19459927,-0.32411462,0.96454024,-0.32943356,-0.20658675,-0.27087307,-0.32120675,-0.32690454,-0.3289357,-0.20655881,-0.31624046,0.8472593,-0.33007872,-0.32346952
k__Bacteria|p__Firmicutes|c__Clostridia|o__Clostridiales|f__Clostridiaceae|g__Clostridium|s__unclassified,-0.26268554,-0.32125056,-0.32328734,0.81894237,-0.32019913,1.1721497,0.80186635,0.5543296,0.6669486,-0.32211143,-0.19440371,0.7653901,-0.32040608,-0.31919777,-0.3099353,-0.30519226,-0.3303013,-0.3202021,-0.32228428,-0.32900015,-0.26184985,-0.31517518,-0.29681087,-0.3298624,-0.3207198,1.5553601,-0.3083694,-0.31710577,-0.31676275,-0.32445285,-0.23875734,0.8748226,0.8748226,-0.3198791,-0.31781548,-0.24718808,0.8002947,0.64950377,-0.3328914,-0.3328914,-0.2443454,-0.3156482,-0.3233376,-0.29767188,-0.31773818,-0.2851582,-0.31548345,-0.31715828,0.9718637,-0.32158446,-0.24634947,0.7458018,0.67966527,-0.323744,-0.33487758,-0.20411447,-0.26286402,-0.30458277,-0.32277873,-0.33141193,-0.256234,-0.2358737,-0.31556994,-0.32495946,-0.32272884,-0.2850096,-0.30183107,-0.27669096,-0.3121434,-0.31485248,-0.31161842,-0.27598393,-0.31877366,-0.32037857,-0.33019432,-0.19459927,-0.19459927,0.7089929,-0.30701396,-0.32943356,2.2224176,-0.26687753,-0.31936955,-0.32690454,-0.3289357,-0.20655881,-0.31199008,-0.3214015,-0.33007872,-0.32061148
k__Bacteria|p__Firmicutes|c__Bacilli|o__Turicibacterales|f__Turicibacteraceae|g__Turicibacter|s__unclassified,-0.267291,-0.32296473,-0.32328734,-0.31718764,-0.32145616,-0.2932219,-0.3258366,-0.3327108,-0.33075604,-0.32490984,-0.19440371,-0.32539368,-0.3207824,-0.3200143,-0.3099353,-0.30519226,0.71480274,-0.32251543,-0.32406324,-0.32900015,-0.26184985,-0.3153318,-0.29681087,-0.3298624,-0.3207198,-0.26755807,-0.31022453,-0.31766424,-0.31676275,-0.32445285,-0.23875734,-0.32284898,-0.32284898,-0.32131493,-0.31987077,-0.24718808,-0.32432246,-0.3291557,-0.3328914,-0.3328914,-0.2443454,-0.3169401,-0.3233376,-0.29767188,-0.3198887,-0.2851582,-0.31631207,-0.31715828,-0.310298,-0.3233133,-0.24634947,-0.3272691,0.7010377,-0.323744,-0.33487758,-0.20411447,-0.26286402,-0.30656707,-0.32277873,-0.33141193,-0.256234,-0.2358737,-0.31696182,-0.32448497,-0.32576698,-0.2850096,-0.30183107,-0.27669096,-0.31255785,-0.31651032,-0.31161842,-0.27598393,-0.31877366,-0.32037857,-0.33019432,-0.19459927,-0.19459927,-0.32411462,-0.30701396,0.59280163,-0.20658675,-0.2691375,-0.31952405,0.3917366,0.4401922,-0.20655881,-0.31374073,-0.3214015,-0.33007872,-0.32262188
k__Bacteria|p__Firmicutes|c__Clostridia|o__Clostridiales|f__Veillonellaceae|g__Veillonella|s__dispar,1.0979474,0.6749762,0.99434906,1.067074,0.66843045,1.1712089,0.77353555,0.5561854,-0.33075604,0.6080413,2.3259678,0.77719,0.6787466,0.6948962,0.9590119,1.0294223,0.77660376,0.69430214,0.69045913,-0.32900015,1.4674431,0.71810454,1.4270864,-0.3298624,-0.3207198,1.4345903,0.7442728,0.69340813,0.8821053,0.72849226,2.1366196,1.1405115,1.1405115,0.5607878,0.5344072,2.0708277,1.0503712,0.7606312,0.60861546,0.60861546,1.8086251,0.71282685,0.794202,-0.29767188,0.566131,1.5455468,0.7164846,1.369586,0.99755865,0.6388737,-0.24634947,0.7662538,0.7084732,-0.323744,-0.33487758,-0.20411447,-0.26286402,0.7528086,0.7880511,-0.33141193,1.604664,2.0321345,0.698434,0.6614754,0.5349874,1.2183055,1.0168926,-0.27669096,0.6877881,0.7081393,0.9925614,-0.27598393,0.9667018,0.8607958,-0.33019432,2.2327585,2.2327585,-0.32411462,-0.30701396,0.5946137,-0.20658675,1.047153,0.6841787,0.44849342,0.4040953,2.0334842,0.72852683,-0.3214015,0.6159714,0.65816516
k__Bacteria|p__Firmicutes|c__Clostridia|o__Coriobacteriales|f__Coriobacteriaceae|g__unclassified|s__unclassified,-0.26566336,-0.32135525,-0.32328734,0.8260522,-0.32101244,-0.2932219,0.7745552,0.63270485,-0.33075604,-0.3230322,-0.19440371,-0.32539368,-0.3211831,-0.32032162,-0.3099353,-0.30519226,-0.3303013,-0.32093418,-0.323024,-0.32900015,-0.26184985,-0.3151035,-0.29681087,0.70539755,0.8560963,-0.26755807,-0.30952582,-0.31793934,-0.31676275,-0.32445285,-0.23875734,-0.32284898,-0.32284898,-0.32050046,-0.31896114,-0.24718808,-0.32432246,-0.3291557,0.6062422,0.6062422,-0.2443454,-0.31684408,-0.3233376,-0.29767188,-0.31830508,-0.2851582,-0.31598145,-0.31715828,-0.310298,-0.32231408,-0.24634947,-0.3272691,-0.32986963,-0.323744,-0.33487758,-0.20411447,-0.26286402,-0.30691338,-0.32277873,-0.33141193,-0.256234,-0.2358737,-0.3167316,-0.32460117,-0.3233872,-0.2850096,-0.30183107,-0.27669096,-0.31248188,-0.3156644,-0.31161842,-0.27598393,-0.31877366,-0.32037857,-0.33019432,-0.19459927,-0.19459927,-0.32411462,-0.30701396,-0.32943356,-0.20658675,-0.268928,-0.31903896,-0.32690454,-0.3289357,-0.20655881,-0.31354588,-0.3214015,-0.33007872,-0.3211603
k__Bacteria|p__Firmicutes|c__Clostridia|o__Coriobacteriales|f__Coriobacteriaceae|g__Eggerthella|s__lenta,-0.26369026,-0.32218987,-0.32328734,0.83724135,-0.32006896,-0.2932219,-0.3258366,-0.3327108,-0.33075604,-0.32229722,-0.19440371,-0.32539368,-0.32082796,-0.31949478,0.9302573,1.021228,-0.3303013,-0.32059234,-0.3223477,-0.32900015,-0.26184985,-0.31566042,-0.29681087,-0.3298624,0.84911305,-0.26755807,-0.30992365,-0.3166071,-0.31676275,-0.32445285,-0.23875734,-0.32284898,-0.32284898,-0.32022178,-0.31752032,1.6333438,-0.32432246,-0.3291557,-0.3328914,-0.3328914,-0.2443454,-0.31704634,-0.3233376,-0.29767188,-0.3170319,-0.2851582,-0.31575635,0.86197066,0.9732682,-0.3214384,1.6121646,-0.3272691,-0.32986963,0.74242294,0.61632276,-0.20411447,1.6147023,-0.30604404,-0.32277873,-0.33141193,-0.256234,-0.2358737,-0.3168117,-0.32387897,-0.32304972,-0.2850096,-0.30183107,-0.27669096,-0.31041563,-0.31402513,-0.31161842,1.3318449,-0.31877366,-0.32037857,0.64426625,-0.19459927,-0.19459927,-0.32411462,-0.30701396,0.58977425,-0.20658675,-0.2672096,-0.31810406,0.36624265,-0.3289357,-0.20655881,-0.31379157,-0.3214015,0.62050325,-0.31976897
k__Bacteria|p__Firmicutes|c__Bacilli|o__Lactobacillales|f__Carnobacteriaceae|g__Granulicatella|s__unclassified,-0.24696603,-0.31688988,0.82533514,-0.31718764,-0.31659624,1.1788665,0.7955657,0.65814227,-0.33075604,-0.32022786,-0.19440371,0.74786085,-0.31597576,-0.31415707,-0.3099353,-0.30519226,-0.3303013,-0.31513834,-0.3174753,-0.32900015,-0.26184985,-0.3082707,-0.29681087,-0.3298624,-0.3207198,1.4862529,-0.30243203,-0.31249174,-0.31676275,-0.32445285,1.7644602,0.85413176,0.85413176,-0.3181334,-0.31784052,1.6362518,0.7704195,-0.3291557,-0.3328914,-0.3328914,-0.2443454,-0.31049895,-0.3233376,-0.29767188,-0.3163113,1.2012839,-0.3093133,0.8726863,-0.310298,-0.31843442,-0.24634947,0.7395571,-0.32986963,-0.323744,-0.33487758,-0.20411447,1.5687126,-0.2976695,-0.32277873,-0.33141193,1.582974,-0.2358737,-0.31085676,-0.32005215,-0.3221407,1.2159247,-0.30183107,-0.27669096,-0.30752367,-0.30982333,0.940811,-0.27598393,-0.31877366,-0.32037857,-0.33019432,2.138333,2.138333,-0.32411462,-0.30701396,-0.32943356,-0.20658675,-0.2511596,-0.31347167,-0.32690454,-0.3289357,-0.20655881,-0.30678117,-0.3214015,-0.33007872,-0.31631866
k__Bacteria|p__Firmicutes|c__Bacilli|o__Lactobacillales|f__Streptococcaceae|g__Streptococcus|s__unclassified,0.7725183,0.6699062,0.7858353,0.84463185,0.6611161,1.1712089,0.7679086,0.5705037,0.6688623,0.6123642,-0.19440371,0.747238,0.6762411,0.688388,0.93010455,1.026971,0.70791984,0.6837917,0.6917581,-0.32900015,1.4603223,0.6919323,1.1127198,0.70476216,0.8620954,1.4364489,0.6791502,0.66615534,0.86103696,0.7488745,-0.23875734,0.8633806,0.8633806,0.5643312,0.52845836,1.6375576,0.78164035,0.6531231,0.6058461,0.6058461,1.7586263,0.6878352,0.78069484,-0.29767188,0.54557014,1.2099644,0.68765265,0.8533341,0.97581214,0.6387568,1.6137332,0.760658,0.72984946,-0.323744,0.6149138,-0.20411447,1.4692371,0.6865444,-0.32277873,-0.33141193,1.5852969,-0.2358737,0.67852354,0.6729906,0.55261135,-0.2850096,-0.30183107,-0.27669096,0.6212522,0.66773313,0.99138784,1.3534243,0.90399754,0.834935,-0.33019432,-0.19459927,-0.19459927,0.7089929,-0.30701396,0.5927412,2.2655404,0.7551477,0.6671661,0.53536385,0.43850586,1.9962859,0.69227123,-0.3214015,0.61585027,0.64844155
k__Bacteria|p__Firmicutes|c__Clostridia|o__Clostridiales|f__Ruminococcaceae|g__unclassified|s__unclassified,0.105939075,0.68093926,-0.32328734,-0.31718764,0.6801867,-0.2932219,-0.3258366,0.5569062,0.82019883,0.7419781,-0.19440371,0.794098,0.67256224,0.6531937,0.94751906,-0.30519226,0.88062036,0.6575798,0.6670624,0.82072544,-0.26184985,0.6180842,-0.29681087,0.7325626,1.0250113,-0.26755807,0.5763417,0.6484512,0.8627445,1.1771846,-0.23875734,0.862805,0.862805,0.77604204,0.79243743,-0.24718808,0.79204684,0.70131683,0.70496047,0.70496047,-0.2443454,0.6287508,0.837417,1.0676401,0.7616168,-0.2851582,0.6214627,0.88361937,0.9907369,0.7098824,-0.24634947,0.7741387,0.8673841,0.8194088,0.81378055,-0.20411447,-0.26286402,0.5521879,0.80534774,0.74583966,-0.256234,-0.2358737,0.6387383,0.70015204,0.8096299,-0.2850096,1.1316053,1.4607452,0.63465047,0.6256119,-0.31161842,-0.27598393,0.8602774,1.1855989,0.6849971,-0.19459927,-0.19459927,0.97521806,0.9703415,0.74296343,-0.20658675,0.16000853,0.65851504,0.53274393,0.5502374,-0.20655881,0.60373604,0.8507086,0.6321909,0.68803203
k__Bacteria|p__Firmicutes|c__Clostridia|o__Coriobacteriales|f__Coriobacteriaceae|g__Collinsella|s__unclassified,-0.26513335,-0.3213771,-0.32328734,-0.31718764,-0.3206291,-0.2932219,-0.3258366,-0.3327108,-0.33075604,-0.32295042,-0.19440371,-0.32539368,-0.32072297,-0.31985518,-0.3099353,-0.30519226,-0.3303013,-0.32074106,-0.32275593,-0.32900015,1.4624374,-0.31470913,-0.29681087,-0.3298624,-0.3207198,-0.26755807,-0.30928272,-0.31721514,-0.31676275,-0.32445285,-0.23875734,-0.32284898,-0.32284898,-0.3202868,-0.3186702,-0.24718808,-0.32432246,-0.3291557,0.6347411,0.6347411,-0.2443454,-0.3164608,-0.3233376,-0.29767188,-0.31792405,-0.2851582,-0.31553727,-0.31715828,-0.310298,-0.32200915,1.6483473,0.78870976,-0.32986963,-0.323744,-0.33487758,-0.20411447,-0.26286402,-0.30647215,0.7770529,-0.33141193,-0.256234,-0.2358737,-0.31643227,-0.32394212,-0.32338634,-0.2850096,-0.30183107,-0.27669096,-0.311567,-0.31518298,-0.31161842,-0.27598393,-0.31877366,-0.32037857,-0.33019432,-0.19459927,-0.19459927,-0.32411462,-0.30701396,-0.32943356,-0.20658675,-0.26821464,-0.3183915,0.38243023,0.44816363,-0.20655881,-0.31329352,-0.3214015,-0.33007872,-0.3207636
k__Bacteria|p__Firmicutes|c__Clostridia|o__Clostridiales|f__Ruminococcaceae|g__Faecalibacterium|s__prausnitzii,0.06838383,0.6043676,-0.32328734,-0.31718764,0.60325575,-0.2932219,-0.3258366,0.630699,0.68736714,0.6657299,-0.19440371,0.78681827,0.5952991,0.5754296,0.9326981,-0.30519226,0.8472539,0.5817368,0.58866596,0.7673166,-0.26184985,0.54331636,-0.29681087,0.7665966,0.8497978,-0.26755807,0.50707936,0.57410014,0.88064,-0.32445285,-0.23875734,-0.32284898,-0.32284898,0.7002349,0.71921194,-0.24718808,-0.32432246,0.6621143,0.8317191,0.8317191,-0.2443454,0.55359155,-0.3233376,-0.29767188,0.6903424,-0.2851582,0.54656583,-0.31715828,0.97456694,0.6337705,-0.24634947,-0.3272691,0.73767424,0.86135405,0.87499046,-0.20411447,-0.26286402,0.4827561,0.88292074,0.6912411,-0.256234,-0.2358737,0.56369025,0.62029576,0.7332223,-0.2850096,1.0316933,1.3805553,0.56649137,0.55259955,-0.31161842,-0.27598393,0.85197276,0.8861378,0.8633428,-0.19459927,-0.19459927,0.7400651,-0.30701396,0.5981077,-0.20658675,0.11897099,0.58297163,0.41443366,0.5338791,-0.20655881,0.5306852,0.9485357,0.6353441,0.61186135
k__Bacteria|p__Firmicutes|c__Clostridia|o__Clostridiales|f__Lachnospiraceae|g__Dorea|s__unclassified,-0.26389366,-0.31847727,-0.32328734,0.9394,-0.31624272,-0.2932219,-0.3258366,-0.3327108,0.6757505,-0.3179531,-0.19440371,0.7662463,-0.31760657,-0.31655917,0.98399997,-0.30519226,-0.3303013,-0.31676358,-0.31838447,-0.32900015,-0.26184985,-0.312642,-0.29681087,0.70654035,0.8536341,-0.26755807,-0.30657172,-0.31355298,0.87433565,0.7550904,-0.23875734,1.0639504,1.0639504,-0.31574103,-0.31315446,-0.24718808,-0.32432246,-0.3291557,-0.3328914,-0.3328914,-0.2443454,-0.31370515,0.9379284,1.0768642,-0.31219098,-0.2851582,-0.31289223,0.879118,-0.310298,-0.317178,-0.24634947,0.74035645,-0.32986963,0.7428076,-0.33487758,-0.20411447,-0.26286402,-0.30329585,-0.32277873,-0.33141193,-0.256234,-0.2358737,-0.3132096,-0.3202451,-0.31877032,-0.2850096,1.0185306,-0.27669096,-0.30768463,-0.31108782,-0.31161842,-0.27598393,0.8508245,-0.32037857,-0.33019432,-0.19459927,-0.19459927,-0.32411462,-0.30701396,-0.32943356,-0.20658675,-0.26695555,-0.31439507,-0.32690454,0.3957632,-0.20655881,-0.31094497,-0.3214015,-0.33007872,-0.31580174
k__Bacteria|p__Firmicutes|c__Clostridia|o__Clostridiales|f__Ruminococcaceae|g__Ruminococcus|s__unclassified,0.10966822,0.6616297,-0.32328734,0.8206198,0.6625466,-0.2932219,-0.3258366,0.71500677,0.6747276,0.7217008,-0.19440371,0.7414894,0.6549219,0.6362741,0.9309444,-0.30519226,0.71480274,0.6410556,0.6506388,0.94190395,-0.26184985,0.6000624,1.1203823,0.814488,1.0518689,-0.26755807,0.559257,0.63284785,0.8788228,0.7351956,-0.23875734,-0.32284898,-0.32284898,0.75022876,0.7677685,-0.24718808,0.7731193,0.7572458,0.889641,0.889641,-0.2443454,0.6111454,0.8230375,1.0645725,0.74001884,1.2076045,0.6043533,-0.31715828,-0.310298,0.6919026,-0.24634947,0.9103081,0.7069287,0.758453,0.7685834,-0.20411447,-0.26286402,0.53660417,0.76997185,0.80607766,-0.256234,-0.2358737,0.6210052,0.68194747,0.78416264,-0.2850096,1.0258303,1.3684645,0.6207032,0.61075974,-0.31161842,1.3640419,0.8790683,0.8960711,0.703778,-0.19459927,-0.19459927,0.8286934,0.9921121,0.67310035,-0.20658675,0.15958337,0.6414957,0.47977296,0.513537,-0.20655881,0.58644974,0.8504437,0.6162742,0.6709119
k__Bacteria|p__Firmicutes|c__Clostridia|o__Clostridiales|f__unclassified|g__unclassified|s__unclassified,0.13990423,0.6764351,0.85479367,0.8306259,0.6750204,1.1883183,1.0523307,0.792756,0.7090737,0.71754897,-0.19440371,0.7816546,0.6709063,0.6568755,-0.3099353,-0.30519226,0.973273,0.6596215,0.6738055,0.7050184,-0.26184985,0.62225944,1.1157562,0.7258947,0.85625327,1.4224242,0.5733937,0.6440031,0.8656549,0.75519115,-0.23875734,1.0157242,1.0157242,0.73080933,0.7347494,-0.24718808,0.7786721,0.6772164,0.60518557,0.60518557,1.607938,0.6308912,0.7952264,1.066939,0.7126545,1.20267,0.62400305,0.9139778,1.1170646,0.69648147,-0.24634947,0.85877746,0.8276344,0.7538041,0.7059168,-0.20411447,-0.26286402,0.55339146,0.77759546,0.6503819,-0.256234,-0.2358737,0.63755107,0.6996477,0.76013035,-0.2850096,-0.30183107,-0.27669096,0.61329395,0.62303114,-0.31161842,-0.27598393,0.8648951,0.8485711,0.65597606,-0.19459927,-0.19459927,0.7276616,-0.30701396,0.608993,-0.20658675,0.18535084,0.6554032,0.41914704,0.46426108,-0.20655881,0.6051753,0.85185575,0.73955154,0.6793376
k__Bacteria|p__Firmicutes|c__Clostridia|o__Coriobacteriales|f__unclassified|g__unclassified|s__unclassified,0.09076477,0.62600255,-0.32328734,0.85925096,0.6249761,-0.2932219,0.7915658,-0.3327108,0.68157566,0.6860417,-0.19440371,0.78813493,0.61711305,0.5988864,1.018358,-0.30519226,0.7300188,0.60427845,0.6120355,0.78081447,-0.26184985,0.5656006,-0.29681087,0.7557225,0.99212885,-0.26755807,0.5281619,0.59544075,0.86883956,0.73955435,-0.23875734,-0.32284898,-0.32284898,0.719592,0.7366543,-0.24718808,-0.32432246,0.6766284,0.65957606,0.65957606,-0.2443454,0.5756693,0.78088367,1.0601624,0.70772755,-0.2851582,0.56965744,0.85382134,1.0237968,0.65431774,-0.24634947,0.75489956,0.754912,0.76081663,0.66748816,-0.20411447,1.6348321,0.50550914,0.7690148,0.69622785,-0.256234,-0.2358737,0.5853931,0.6428447,0.75224,1.2149158,1.0217987,1.3464568,0.58624077,0.57492185,-0.31161842,-0.27598393,0.87196934,0.90054184,0.70443064,-0.19459927,-0.19459927,0.79285544,1.0312324,0.6517287,-0.20658675,0.14052637,0.6049964,0.383852,0.42655012,-0.20655881,0.55249685,-0.3214015,0.63344145,0.6342341
k__Bacteria|p__Firmicutes|c__Erysipelotrichi|o__Erysipelotrichales|f__Erysipelotrichaceae|g__[Eubacterium]|s__dolichum,0.061833993,0.5589975,0.79568255,0.9209997,0.5573429,1.1619099,0.8311838,0.58482015,0.66945034,0.6083008,-0.19440371,0.7515899,0.5517564,0.53651184,0.93163097,-0.30519226,-0.3303013,0.5405489,0.54985976,-0.32900015,-0.26184985,0.50343716,-0.29681087,-0.3298624,0.855887,-0.26755807,0.46604633,0.53019476,0.85274225,-0.32445285,-0.23875734,0.8844464,0.8844464,0.6307241,0.6433418,-0.24718808,0.7770387,0.66791564,0.6047891,0.6047891,-0.2443454,0.5141127,0.8003324,1.0825576,0.6187081,-0.2851582,0.5073103,0.8765979,0.97342414,0.5827705,-0.24634947,-0.3272691,-0.32986963,0.7427115,0.6153837,-0.20411447,-0.26286402,0.4463204,-0.32277873,-0.33141193,-0.256234,-0.2358737,0.5227959,0.5752326,0.66074526,-0.2850096,-0.30183107,-0.27669096,0.5135906,0.51022667,-0.31161842,-0.27598393,0.84990495,-0.32037857,-0.33019432,-0.19459927,-0.19459927,0.7103708,-0.30701396,-0.32943356,-0.20658675,0.10508725,0.5379776,0.37139368,0.39744982,-0.20655881,0.4910304,0.84770215,0.6142136,0.5643577
k__Bacteria|p__Firmicutes|c__Clostridia|o__Clostridiales|f__Lachnospiraceae|g__Roseburia|s__faecis,-0.26345715,-0.31697312,-0.32328734,-0.31718764,-0.316213,-0.2932219,0.77353555,0.5597843,0.67282516,-0.31819394,-0.19440371,-0.32539368,-0.31664014,-0.3159101,-0.3099353,-0.30519226,-0.3303013,-0.31644112,-0.31846052,0.70394653,-0.26184985,-0.3110993,-0.29681087,-0.3298624,-0.3207198,-0.26755807,-0.3054816,-0.31331876,0.8565406,-0.32445285,-0.23875734,-0.32284898,-0.32284898,-0.31591043,-0.31406888,-0.24718808,-0.32432246,0.67751026,0.60914207,0.60914207,-0.2443454,-0.31265533,-0.3233376,-0.29767188,-0.31329697,-0.2851582,-0.31177074,-0.31715828,-0.310298,-0.31748834,-0.24634947,-0.3272691,0.68410295,-0.323744,0.6177297,-0.20411447,-0.26286402,-0.30330688,-0.32277873,0.6381121,-0.256234,-0.2358737,-0.3125042,-0.3197725,-0.31868356,-0.2850096,-0.30183107,1.3375822,-0.30758512,-0.31106704,-0.31161842,-0.27598393,-0.31877366,-0.32037857,0.6495641,-0.19459927,-0.19459927,0.7299146,-0.30701396,0.61474645,-0.20658675,-0.2666554,-0.31436327,-0.32690454,-0.3289357,-0.20655881,-0.3095635,-0.3214015,-0.33007872,-0.316419
k__Bacteria|p__Firmicutes|c__Clostridia|o__unclassified|f__unclassified|g__unclassified|s__unclassified,0.12048219,0.6638399,0.79917604,0.83724135,0.6625446,1.2427881,0.88004935,0.7181655,0.7816694,0.71947205,-0.19440371,1.0821971,0.65720373,0.6397375,0.95216197,-0.30519226,0.7399046,0.64243466,0.6522746,0.71461415,-0.26184985,0.6079688,-0.29681087,0.77534187,0.92087317,-0.26755807,0.56440175,0.63319254,0.8727885,0.76566434,-0.23875734,-0.32284898,-0.32284898,0.75093025,0.7649126,-0.24718808,0.7898013,0.7431758,0.6408804,0.6408804,-0.2443454,0.6163273,0.7972719,1.0657175,0.7354909,1.3689064,0.609077,0.90007704,1.1441567,0.69091636,-0.24634947,0.77194756,0.78852093,0.8651897,0.75221354,1.9711086,-0.26286402,0.5465788,0.78111535,0.6965594,-0.256234,-0.2358737,0.62604403,0.68227637,0.7823327,-0.2850096,1.0361449,1.3959332,0.61499727,0.61083794,0.93833756,-0.27598393,0.8586828,0.8588827,0.703778,-0.19459927,-0.19459927,0.74243855,0.9837948,0.6266227,-0.20658675,0.17329007,0.64297277,0.4287018,0.4954332,-0.20655881,0.5928633,0.8487643,0.61748433,0.6701319
k__Bacteria|p__Firmicutes|c__Clostridia|o__Clostridiales|f__Lachnospiraceae|g__Lachnospira|s__unclassified,0.07950896,0.6025679,-0.32328734,0.95160395,0.60131407,-0.2932219,-0.3258366,0.56958944,0.6957056,0.65872085,-0.19440371,-0.32539368,0.5948882,0.5766096,-0.3099353,-0.30519226,1.3546232,0.58160543,0.5897788,0.713818,-0.26184985,0.5450855,-0.29681087,0.78186566,-0.3207198,-0.26755807,0.50601065,0.57377934,0.9963654,0.7777049,-0.23875734,1.450089,1.450089,0.68835235,0.70426494,-0.24718808,-0.32432246,0.69642764,0.6166165,0.6166165,-0.2443454,0.5545234,-0.3233376,-0.29767188,0.67739046,1.2129066,0.5476184,-0.31715828,-0.310298,0.6296298,-0.24634947,1.0764911,0.7370745,0.8847345,0.7637931,-0.20411447,-0.26286402,0.48451805,0.77215594,0.6521163,-0.256234,-0.2358737,0.5631659,0.61951447,0.72025996,1.2208631,1.1817653,1.4217573,0.56165564,0.55228066,-0.31161842,-0.27598393,0.8602774,0.8779853,0.6753047,-0.19459927,-0.19459927,0.7487894,0.96850574,0.7280776,-0.20658675,0.12787357,0.5820513,0.49278063,0.44753662,-0.20655881,0.53167284,-0.3214015,-0.33007872,0.60938543
k__Bacteria|p__Firmicutes|c__Clostridia|o__Clostridiales|f__Veillonellaceae|g__unclassified|s__unclassified,-0.2636556,-0.31488377,-0.32328734,-0.31718764,-0.3141153,-0.2932219,-0.3258366,0.56449455,-0.33075604,-0.316364,-0.19440371,-0.32539368,-0.31401086,-0.31316632,-0.3099353,1.0367401,0.7156094,-0.31405485,-0.31554353,0.87255913,-0.26184985,-0.3081031,1.1557841,0.81354773,1.0308715,-0.26755807,-0.30386186,-0.3110758,0.95217633,0.7505966,-0.23875734,0.86222917,0.86222917,-0.31319138,-0.31255692,-0.24718808,0.7691845,0.6807369,-0.3328914,-0.3328914,-0.2443454,-0.31001556,-0.3233376,-0.29767188,-0.31177855,-0.2851582,-0.30945963,-0.31715828,-0.310298,-0.31539595,1.6810278,-0.3272691,-0.32986963,0.7435765,0.66205883,-0.20411447,-0.26286402,-0.3002713,0.954623,-0.33141193,-0.256234,-0.2358737,-0.31067544,-0.3169807,-0.31717885,-0.2850096,-0.30183107,-0.27669096,-0.30706158,-0.3096478,-0.31161842,-0.27598393,-0.31877366,0.9918851,0.69338775,-0.19459927,-0.19459927,-0.32411462,1.1337224,-0.32943356,-0.20658675,-0.2664172,-0.31221998,0.6345849,0.46802342,-0.20655881,-0.30732834,-0.3214015,-0.33007872,-0.31416744
k__Bacteria|p__Firmicutes|c__Clostridia|o__Clostridiales|f__Lachnospiraceae|g__[Ruminococcus]|s__unclassified,0.0879534,0.62472165,0.79147416,0.8640769,0.62191284,-0.2932219,0.771493,0.60198945,0.7204514,0.6781758,-0.19440371,-0.32539368,0.6171701,0.5995283,0.95454985,-0.30519226,0.7331929,0.60291123,0.6122446,0.7052862,-0.26184985,0.56841946,-0.29681087,0.70939153,0.8571422,-0.26755807,0.5262114,0.59320724,0.8558966,0.73432153,-0.23875734,0.86682695,0.86682695,0.7087969,0.7214622,-0.24718808,-0.32432246,-0.3291557,0.6325577,0.6325577,-0.2443454,0.5771224,0.78192174,1.0595608,0.69246846,-0.2851582,0.5696387,0.8761217,0.99012375,0.6493263,-0.24634947,0.7422192,0.73587394,0.76373976,0.6747239,-0.20411447,-0.26286402,0.506897,0.7901292,-0.33141193,1.5816442,-0.2358737,0.5858046,0.6413148,0.73975444,1.2375094,1.0172048,1.3438355,0.5752603,0.57064426,0.93647844,-0.27598393,0.872644,0.8399658,0.65048265,-0.19459927,-0.19459927,0.7181431,0.97779125,0.59364766,-0.20658675,0.13894573,0.60195535,0.36789384,0.4008876,-0.20655881,0.55473125,0.85722095,0.6299837,0.62878466
k__Bacteria|p__Firmicutes|c__Clostridia|o__Clostridiales|f__Lachnospiraceae|g__unclassified|s__unclassified,0.3746338,1.0623978,1.891148,1.2173071,1.0591319,1.2331026,1.17348,0.76329935,1.1324245,1.0940605,-0.19440371,1.4326314,1.0622628,1.0509807,1.1040181,1.0326812,0.8979036,1.0464771,1.0715111,1.2465241,1.4534168,1.0036803,1.2039517,1.0562227,1.2175614,-0.26755807,0.9274706,1.0209792,1.205959,0.9177442,-0.23875734,0.9365854,0.9365854,1.0957656,1.0849222,-0.24718808,1.053653,1.2400278,1.0387291,1.0387291,-0.2443454,1.0135908,0.8295339,1.1494688,1.057755,1.2012839,1.0036384,1.0292078,1.305206,1.0781592,-0.24634947,1.2882103,1.0307536,1.0137767,0.96615964,-0.20411447,1.7274301,0.9138222,1.0402644,0.8331909,-0.256234,-0.2358737,1.019372,1.0987464,1.128625,1.2920688,1.160218,1.4566504,0.95392877,0.9916998,0.939575,1.3336025,1.0084518,1.1968807,1.2268566,-0.19459927,-0.19459927,1.0166116,1.0806992,1.5095416,-0.20658675,0.43443793,1.0358156,0.8250112,1.210424,-0.20655881,0.98034066,1.0048084,1.0210327,1.0598674
k__Bacteria|p__Firmicutes|c__Clostridia|o__Clostridiales|f__Ruminococcaceae|g__Oscillospira|s__unclassified,0.14533494,0.6945051,0.90497357,1.0448881,0.6930427,1.1615932,0.7900617,0.7518455,0.705961,0.7477056,-0.19440371,0.8351009,0.6880821,0.6719135,0.94669306,-0.30519226,0.7312103,0.67508185,0.6858487,0.90158105,-0.26184985,0.6371671,1.1232185,0.7612344,0.9130451,-0.26755807,0.5927129,0.6633548,0.8538187,0.7575057,-0.23875734,0.88894343,0.88894343,0.77425027,0.785666,-0.24718808,0.7880705,0.6935405,0.792176,0.792176,-0.2443454,0.64700305,1.2723318,1.153455,0.7572667,1.2501981,0.63964915,0.87735933,0.9756047,0.7200277,1.6747153,-0.3272691,-0.32986963,0.7711507,0.67282486,-0.20411447,-0.26286402,0.5750122,0.7737228,0.7332162,-0.256234,-0.2358737,0.65583444,0.7138847,0.806262,-0.2850096,1.0412625,1.3365914,0.64135456,0.64116323,0.94142836,-0.27598393,0.9367201,0.92349875,0.65071213,-0.19459927,-0.19459927,0.7178395,0.97245556,0.5969644,1.9925946,0.1966455,0.6730497,0.3911323,0.40424085,-0.20655881,0.62318856,0.91283804,0.66645586,0.7005651
k__Bacteria|p__Firmicutes|c__Clostridia|o__Clostridiales|f__Lachnospiraceae|g__[Ruminococcus]|s__gnavus,0.11805861,0.60632986,0.806819,0.9951193,0.6042443,-0.2932219,0.811571,0.56377923,0.67677236,0.6489506,-0.19440371,-0.32539368,0.60065067,0.58693445,0.9633803,1.0224614,0.7268346,0.58935577,0.59978294,-0.32900015,-0.26184985,0.5563437,-0.29681087,-0.3298624,0.84842783,-0.26755807,0.5150466,0.57677567,0.85503733,0.7702896,-0.23875734,1.1911076,1.1911076,0.6689769,0.6760055,-0.24718808,-0.32432246,0.6782445,0.6022742,0.6022742,-0.2443454,0.56421185,0.77539235,1.0611558,0.6525302,-0.2851582,0.5581723,0.8853198,0.991707,0.62660354,-0.24634947,0.74739,-0.32986963,0.74855995,0.61645687,1.9708976,1.5947051,0.4978743,-0.32277873,0.6461634,1.8046547,1.7378182,0.57166266,0.6245676,0.69648296,-0.2850096,-0.30183107,-0.27669096,0.5540161,0.5575378,0.9463539,1.3371086,0.8480633,-0.32037857,0.66200686,-0.19459927,-0.19459927,0.71098256,-0.30701396,0.58941036,-0.20658675,0.16261704,0.58691585,0.37754014,0.4221994,-0.20655881,0.542114,0.8746989,0.6493823,0.609746
k__Bacteria|p__Firmicutes|c__Clostridia|o__Clostridiales|f__Lachnospiraceae|g__Roseburia|s__unclassified,-0.13194652,0.049593307,-0.32328734,-0.31718764,0.05124254,-0.2932219,0.76636845,0.5492599,0.68404114,0.07529318,-0.19440371,0.7731912,0.047779065,0.040811457,-0.3099353,-0.30519226,-0.3303013,0.0413693,0.043303713,0.7382083,-0.26184985,0.030171257,-0.29681087,0.7251476,-0.3207198,-0.26755807,0.018458933,0.041889932,0.8738436,-0.32445285,-0.23875734,-0.32284898,-0.32284898,0.091893926,0.1017076,-0.24718808,-0.32432246,0.6549278,-0.3328914,-0.3328914,-0.2443454,0.03297729,-0.3233376,-0.29767188,0.08925098,-0.2851582,0.031652186,-0.31715828,-0.310298,0.06245582,-0.24634947,0.95254993,0.8700137,0.774696,0.79903376,-0.20411447,-0.26286402,0.012539268,0.7710645,0.8043677,-0.256234,-0.2358737,0.0378393,0.055646885,0.103422314,-0.2850096,-0.30183107,1.3513532,0.043726094,0.03450063,-0.31161842,-0.27598393,0.99812704,0.84995216,1.2422787,-0.19459927,-0.19459927,1.0366831,0.98309857,0.7718336,-0.20658675,-0.11288454,0.0442817,0.38161686,0.4093945,-0.20655881,0.026573349,-0.3214015,-0.33007872,0.054886557
k__Bacteria|p__Firmicutes|c__Clostridia|o__Clostridiales|f__Lachnospiraceae|g__Blautia|s__unclassified,0.5496804,1.155908,0.80265737,1.6054738,1.1516552,1.2499186,1.2036812,0.7061797,1.1986398,1.1763324,-0.19440371,1.6596107,1.1549155,1.1459122,2.0149648,1.0241036,1.4460684,1.1432292,1.1668429,0.92119086,-0.26184985,1.1015949,1.1157562,1.1937395,1.4180987,-0.26755807,1.0336398,1.1180193,1.0891963,0.82934415,1.7698197,1.2001874,1.2001874,1.1672962,1.1535089,-0.24718808,0.77896345,1.4598315,0.98750126,0.98750126,-0.2443454,1.1122996,1.233585,1.1303685,1.1337345,1.2655518,1.1029931,1.0571376,1.6828333,1.1652596,-0.24634947,1.0491922,1.645816,1.184451,1.099188,1.9780451,2.1729078,1.0168383,0.8696504,0.8270997,2.1106665,1.8345969,1.1150627,1.189132,1.1964414,1.3434014,1.0739408,1.540924,1.0539145,1.0921743,0.96521443,1.3758955,1.3670671,1.143485,0.96327406,-0.19459927,-0.19459927,0.98990154,1.1657933,1.1051027,-0.20658675,0.5966463,1.1303078,0.9079134,0.95555294,-0.20655881,1.0810926,1.2427807,1.390195,1.1505415
k__Bacteria|p__Firmicutes|c__Clostridia|o__Clostridiales|f__Peptostreptococcaceae|g__unclassified|s__unclassified,0.062807105,0.57013124,0.86202466,0.913009,0.5677904,1.1788665,1.0144377,0.56908107,0.66974425,0.61422074,-0.19440371,0.7744047,0.5646467,0.5503494,-0.3099353,-0.30519226,0.7324003,0.5530237,0.56405145,0.69964737,-0.26184985,0.51785046,-0.29681087,-0.3298624,-0.3207198,-0.26755807,0.47433573,0.54046214,-0.31676275,0.72921634,-0.23875734,0.89118433,0.89118433,0.6335262,0.6408291,-0.24718808,0.7794878,0.65372497,-0.3328914,-0.3328914,-0.2443454,0.52639234,0.82556885,-0.29767188,0.61684763,-0.2851582,0.52007246,-0.31715828,0.9707178,0.59108603,-0.24634947,0.7669025,0.7813725,0.74194187,0.6125611,-0.20411447,-0.26286402,0.4570824,0.77976304,-0.33141193,-0.256234,-0.2358737,0.5337374,0.5892491,0.66267097,-0.2850096,-0.30183107,-0.27669096,0.51673824,0.5196328,0.9445097,-0.27598393,-0.31877366,0.8413588,-0.33019432,-0.19459927,-0.19459927,0.7220824,0.9635464,0.5946137,-0.20658675,0.10825749,0.54976976,0.37159917,0.39385313,-0.20655881,0.50381637,-0.3214015,0.6236333,0.5737992
k__Bacteria|p__Firmicutes|c__Clostridia|o__Clostridiales|f__Ruminococcaceae|g__Faecalibacterium|s__unclassified,-0.25406864,-0.29257277,-0.32328734,-0.31718764,-0.2921417,-0.2932219,-0.3258366,0.6803135,0.6997063,-0.2924248,-0.19440371,-0.32539368,-0.29283983,-0.29259175,-0.3099353,-0.30519226,0.89588577,-0.29307467,-0.29495105,0.80242795,-0.26184985,-0.28803802,-0.29681087,0.9905795,-0.3207198,-0.26755807,-0.28382054,-0.29057103,1.0487685,-0.32445285,-0.23875734,-0.32284898,-0.32284898,-0.2888022,-0.2865083,-0.24718808,-0.32432246,-0.3291557,-0.3328914,-0.3328914,-0.2443454,-0.28991225,-0.3233376,-0.29767188,-0.28693104,-0.2851582,-0.28909338,-0.31715828,-0.310298,-0.29257143,-0.24634947,-0.3272691,0.7622514,0.8208327,0.86578584,-0.20411447,-0.26286402,-0.28224754,0.8313229,0.82629925,-0.256234,-0.2358737,-0.28928867,-0.2952872,-0.2906105,-0.2850096,1.070395,1.4951726,-0.28563684,-0.2884248,-0.31161842,-0.27598393,-0.31877366,0.9166798,0.69514525,-0.19459927,-0.19459927,0.86944336,-0.30701396,0.5943723,-0.20658675,-0.25540733,-0.29081428,0.53658414,0.8348784,-0.20655881,-0.28741392,1.1877851,0.67013425,-0.29224533
k__Bacteria|p__Firmicutes|c__Clostridia|o__Clostridiales|f__Lachnospiraceae|g__Coprococcus|s__unclassified,0.09662305,0.6006589,-0.32328734,0.84094346,0.5993222,1.1734027,0.7833493,0.55133224,0.74268913,0.64754415,-0.19440371,0.76929826,0.5952839,0.5796237,-0.3099353,-0.30519226,0.7268346,0.582633,0.59322935,0.70715874,-0.26184985,0.5499562,-0.29681087,0.7118876,-0.3207198,-0.26755807,0.50650394,0.5723504,0.88530755,0.7589621,-0.23875734,0.8702615,0.8702615,0.6712846,0.6801544,-0.24718808,0.8270289,-0.3291557,0.6026717,0.6026717,-0.2443454,0.55719614,-0.3233376,-0.29767188,0.65567183,-0.2851582,0.5505104,-0.31715828,-0.310298,0.62335986,-0.24634947,0.75108594,0.7041426,0.78193396,0.6814053,-0.20411447,1.4778641,0.48927566,0.7762384,0.6479487,1.5971587,1.6943345,0.5639817,0.6203934,0.6993269,-0.2850096,1.0286118,1.3412073,0.55113506,0.5509117,0.9377182,1.331493,-0.31877366,-0.32037857,0.64426625,-0.19459927,-0.19459927,0.73021466,0.9714696,0.58977425,-0.20658675,0.14336401,0.58156073,0.3742667,0.4157455,-0.20655881,0.53498626,-0.3214015,0.6549312,0.6054529
k__Bacteria|p__Firmicutes|c__Erysipelotrichi|o__Erysipelotrichales|f__[Coprobacillaceae]|g__unclassified|s__unclassified,0.16231427,0.6897549,1.0068939,0.9891187,0.6882342,-0.2932219,0.79340106,0.81311834,0.77070534,0.7393261,-0.19440371,0.84045064,0.6835402,0.66912836,1.1449537,1.0208166,0.79799366,0.6709678,0.6819701,0.7031418,-0.26184985,0.6357247,1.119672,0.83061874,0.86188734,-0.26755807,0.59190404,0.65847594,0.87588036,0.75155765,1.8848151,0.97230417,0.97230417,0.7644032,0.77427226,-0.24718808,0.7798372,0.67191225,0.60914207,0.60914207,-0.2443454,0.64430696,1.0362993,1.0835544,0.74618393,1.6220307,0.6379684,0.9349898,1.1412606,0.71318305,-0.24634947,0.79440355,-0.32986963,0.7503747,0.7024781,2.016267,1.8878568,0.57608604,-0.32277873,0.65497154,-0.256234,-0.2358737,0.65347266,0.7085951,0.79474777,-0.2850096,1.0188423,1.3630078,0.63550615,0.63821375,-0.31161842,1.3328999,0.9213495,-0.32037857,0.6787691,-0.19459927,-0.19459927,0.72705996,0.9659583,0.6154559,-0.20658675,0.21177922,0.6687804,0.3937483,0.5343904,-0.20655881,0.62152964,0.86002403,0.8575011,0.6949937
k__Bacteria|p__Bacteroidetes|c__Bacteroidia|o__Bacteroidales|f__[Odoribacteraceae]|g__Butyricimonas|s__unclassified,-0.26823425,-0.32439813,-0.32328734,-0.31718764,-0.32377183,-0.2932219,-0.3258366,-0.3327108,-0.33075604,-0.32560724,-0.19440371,-0.32539368,-0.3237232,-0.32257786,-0.3099353,-0.30519226,-0.3303013,-0.3234113,-0.3254477,-0.32900015,-0.26184985,-0.31788623,-0.29681087,-0.3298624,-0.3207198,-0.26755807,-0.31268525,-0.32027435,-0.31676275,-0.32445285,-0.23875734,-0.32284898,-0.32284898,-0.32295603,-0.32125324,-0.24718808,-0.32432246,-0.3291557,-0.3328914,-0.3328914,-0.2443454,-0.31957787,-0.3233376,-0.29767188,-0.32074043,-0.2851582,-0.3186528,-0.31715828,-0.310298,-0.32474822,-0.24634947,-0.3272691,-0.32986963,-0.323744,-0.33487758,-0.20411447,-0.26286402,-0.30883598,-0.32277873,-0.33141193,-0.256234,-0.2358737,-0.31949955,-0.32716176,-0.3258109,-0.2850096,-0.30183107,-0.27669096,-0.3151185,-0.31813216,-0.31161842,-0.27598393,-0.31877366,-0.32037857,-0.33019432,-0.19459927,-0.19459927,-0.32411462,-0.30701396,-0.32943356,-0.20658675,-0.271244,-0.3215256,-0.32690454,-0.3289357,-0.20655881,-0.31642056,-0.3214015,-0.33007872,-0.32340866
k__Bacteria|p__Bacteroidetes|c__Bacteroidia|o__Bacteroidales|f__Bacteroidaceae|g__Bacteroides|s__caccae,-0.26838082,-0.32339954,-0.32328734,-0.31718764,-0.32319307,-0.2932219,-0.3258366,-0.3327108,-0.33075604,-0.32525975,-0.19440371,-0.32539368,-0.32299167,-0.322199,-0.3099353,-0.30519226,-0.3303013,-0.3230561,-0.32528418,-0.32900015,-0.26184985,-0.31646293,-0.29681087,-0.3298624,-0.3207198,-0.26755807,-0.31114846,-0.31980753,-0.31676275,-0.32445285,-0.23875734,-0.32284898,-0.32284898,-0.3222457,-0.32078058,-0.24718808,-0.32432246,-0.3291557,-0.3328914,-0.3328914,-0.2443454,-0.31844306,-0.3233376,-0.29767188,-0.32046512,-0.2851582,-0.317642,-0.31715828,-0.310298,-0.32447016,-0.24634947,-0.3272691,-0.32986963,-0.323744,-0.33487758,-0.20411447,-0.26286402,-0.30814487,-0.32277873,-0.33141193,-0.256234,-0.2358737,-0.3182311,-0.32677794,-0.32519323,1.2155579,-0.30183107,-0.27669096,-0.3148573,-0.3178842,-0.31161842,-0.27598393,-0.31877366,-0.32037857,-0.33019432,-0.19459927,-0.19459927,-0.32411462,-0.30701396,-0.32943356,-0.20658675,-0.27082866,-0.320857,-0.32690454,-0.3289357,-0.20655881,-0.31486225,-0.3214015,-0.33007872,-0.32347003
k__Bacteria|p__Bacteroidetes|c__Bacteroidia|o__Bacteroidales|f__S24-7|g__unclassified|s__unclassified,-0.2684542,-0.32407832,-0.32328734,-0.31718764,-0.32398003,-0.2932219,-0.3258366,-0.3327108,-0.33075604,-0.3260429,-0.19440371,-0.32539368,-0.32347083,-0.32281023,-0.3099353,-0.30519226,-0.3303013,-0.32343805,-0.32565767,1.332487,-0.26184985,-0.31667638,-0.29681087,-0.3298624,-0.3207198,-0.26755807,-0.3124249,-0.32039857,-0.31676275,-0.32445285,-0.23875734,-0.32284898,-0.32284898,-0.32293653,-0.32194927,-0.24718808,-0.32432246,-0.3291557,-0.3328914,-0.3328914,-0.2443454,-0.31919807,-0.3233376,-0.29767188,-0.32069087,-0.2851582,-0.3184401,-0.31715828,-0.310298,-0.32481545,-0.24634947,-0.3272691,-0.32986963,-0.323744,-0.33487758,-0.20411447,-0.26286402,-0.30881485,-0.32277873,-0.33141193,-0.256234,-0.2358737,-0.31949785,-0.3268459,-0.3261702,-0.2850096,-0.30183107,-0.27669096,-0.31537244,-0.31866574,-0.31161842,-0.27598393,-0.31877366,-0.32037857,-0.33019432,-0.19459927,-0.19459927,-0.32411462,-0.30701396,-0.32943356,-0.20658675,-0.27100793,-0.32117802,-0.32690454,-0.3289357,-0.20655881,-0.31618702,-0.3214015,-0.33007872,-0.32374316
k__Bacteria|p__Bacteroidetes|c__Bacteroidia|o__Bacteroidales|f__Prevotellaceae|g__Prevotella|s__stercorea,-0.2661004,-0.32239884,-0.32328734,-0.31718764,-0.32161003,-0.2932219,-0.3258366,-0.3327108,-0.33075604,-0.3234912,-0.19440371,-0.32539368,-0.32215545,-0.32147408,-0.3099353,-0.30519226,-0.3303013,-0.32126957,-0.3231064,-0.32900015,-0.26184985,-0.31682628,-0.29681087,-0.3298624,-0.3207198,-0.26755807,-0.31103745,-0.31864613,-0.31676275,-0.32445285,-0.23875734,-0.32284898,-0.32284898,-0.32130265,-0.3201163,-0.24718808,-0.32432246,-0.3291557,-0.3328914,-0.3328914,-0.2443454,-0.3182189,-0.3233376,-0.29767188,-0.31831568,-0.2851582,-0.31751865,-0.31715828,-0.310298,-0.3226279,-0.24634947,-0.3272691,-0.32986963,-0.323744,-0.33487758,-0.20411447,-0.26286402,-0.3086088,-0.32277873,-0.33141193,-0.256234,-0.2358737,-0.3185655,-0.32492435,-0.32472765,-0.2850096,-0.30183107,-0.27669096,-0.3125316,-0.31645626,-0.31161842,-0.27598393,-0.31877366,-0.32037857,-0.33019432,-0.19459927,-0.19459927,-0.32411462,-0.30701396,-0.32943356,-0.20658675,-0.2698919,-0.31963104,-0.32690454,-0.3289357,-0.20655881,-0.31540722,-0.3214015,-0.33007872,-0.32125664
k__Bacteria|p__Bacteroidetes|c__Bacteroidia|o__Bacteroidales|f__[Paraprevotellaceae]|g__[Prevotella]|s__unclassified,-0.2678158,-0.32438022,-0.32328734,-0.31718764,-0.3237726,-0.2932219,-0.3258366,-0.3327108,-0.33075604,-0.3260276,-0.19440371,-0.32539368,-0.32335374,-0.32277054,-0.3099353,-0.30519226,-0.3303013,-0.3237472,-0.3260246,-0.32900015,-0.26184985,-0.31697536,-0.29681087,-0.3298624,-0.3207198,-0.26755807,-0.31241095,-0.3200971,-0.31676275,-0.32445285,-0.23875734,-0.32284898,-0.32284898,-0.32360566,-0.32156318,-0.24718808,-0.32432246,-0.3291557,-0.3328914,-0.3328914,-0.2443454,-0.3194797,-0.3233376,-0.29767188,-0.32060742,-0.2851582,-0.31852865,-0.31715828,-0.310298,-0.3245399,-0.24634947,-0.3272691,-0.32986963,-0.323744,-0.33487758,-0.20411447,-0.26286402,-0.3088002,-0.32277873,-0.33141193,-0.256234,-0.2358737,-0.3191449,-0.3272299,-0.326395,-0.2850096,-0.30183107,-0.27669096,-0.31483835,-0.31797853,-0.31161842,-0.27598393,-0.31877366,-0.32037857,-0.33019432,-0.19459927,-0.19459927,-0.32411462,-0.30701396,-0.32943356,-0.20658675,-0.26974386,-0.32089883,-0.32690454,-0.3289357,-0.20655881,-0.31610662,-0.3214015,-0.33007872,-0.32384253
k__Bacteria|p__Bacteroidetes|c__Bacteroidia|o__Bacteroidales|f__[Barnesiellaceae]|g__unclassified|s__unclassified,-0.26584637,-0.32271826,-0.32328734,-0.31718764,-0.32268053,-0.2932219,-0.3258366,-0.3327108,-0.33075604,-0.32430944,-0.19440371,-0.32539368,-0.32195118,-0.3214581,-0.3099353,-0.30519226,-0.3303013,-0.32213473,-0.32418054,-0.32900015,-0.26184985,-0.315952,-0.29681087,-0.3298624,0.8505346,-0.26755807,-0.31101456,-0.31818712,-0.31676275,-0.32445285,-0.23875734,-0.32284898,-0.32284898,-0.32160574,-0.3198676,-0.24718808,-0.32432246,-0.3291557,-0.3328914,-0.3328914,-0.2443454,-0.31755185,-0.3233376,-0.29767188,-0.31919673,-0.2851582,-0.31717327,-0.31715828,-0.310298,-0.32330897,-0.24634947,-0.3272691,-0.32986963,-0.323744,-0.33487758,-0.20411447,-0.26286402,-0.30750394,-0.32277873,-0.33141193,-0.256234,-0.2358737,-0.31768486,-0.325695,-0.3241037,-0.2850096,-0.30183107,-0.27669096,-0.31312335,-0.31722257,-0.31161842,-0.27598393,-0.31877366,-0.32037857,-0.33019432,-0.19459927,-0.19459927,-0.32411462,-0.30701396,-0.32943356,-0.20658675,-0.26922625,-0.320374,0.37139368,0.39031726,-0.20655881,-0.3141267,-0.3214015,-0.33007872,-0.3224606
k__Bacteria|p__Bacteroidetes|c__Bacteroidia|o__Bacteroidales|f__[Paraprevotellaceae]|g__Paraprevotella|s__unclassified,-0.26606464,-0.32149407,-0.32328734,-0.31718764,-0.32111338,-0.2932219,-0.3258366,-0.3327108,-0.33075604,-0.32314697,-0.19440371,-0.32539368,-0.32086444,-0.32056162,-0.3099353,-0.30519226,-0.3303013,-0.3211137,-0.32308808,-0.32900015,-0.26184985,-0.3148547,-0.29681087,-0.3298624,-0.3207198,-0.26755807,-0.3101191,-0.31735873,-0.31676275,0.922443,-0.23875734,-0.32284898,-0.32284898,-0.32077122,-0.31894356,-0.24718808,-0.32432246,-0.3291557,-0.3328914,-0.3328914,-0.2443454,-0.31684482,-0.3233376,-0.29767188,-0.31773922,-0.2851582,-0.3162917,-0.31715828,-0.310298,-0.32187152,-0.24634947,-0.3272691,-0.32986963,-0.323744,-0.33487758,-0.20411447,-0.26286402,-0.30748424,-0.32277873,-0.33141193,-0.256234,-0.2358737,-0.31691235,-0.324131,-0.32355547,-0.2850096,-0.30183107,-0.27669096,-0.31195152,-0.31589612,-0.31161842,-0.27598393,-0.31877366,-0.32037857,0.71825266,-0.19459927,-0.19459927,-0.32411462,-0.30701396,-0.32943356,-0.20658675,-0.26922587,-0.31881452,0.5424901,0.44697893,-0.20655881,-0.31388378,-0.3214015,-0.33007872,-0.32119
k__Bacteria|p__Bacteroidetes|c__Bacteroidia|o__Bacteroidales|f__Bacteroidaceae|g__Bacteroides|s__plebeius,-0.26653385,-0.32265806,-0.32328734,-0.31718764,-0.3221345,-0.2932219,-0.3258366,-0.3327108,-0.33075604,-0.32390845,-0.19440371,-0.32539368,-0.32212925,-0.32085156,-0.3099353,-0.30519226,-0.3303013,-0.32172993,-0.32393026,-0.32900015,-0.26184985,-0.3164275,-0.29681087,-0.3298624,-0.3207198,-0.26755807,-0.31049818,-0.31889355,-0.31676275,-0.32445285,-0.23875734,-0.32284898,-0.32284898,-0.32118958,-0.31957257,-0.24718808,-0.32432246,-0.3291557,-0.3328914,-0.3328914,-0.2443454,-0.3178475,-0.3233376,-0.29767188,-0.3192104,-0.2851582,-0.31667626,-0.31715828,-0.310298,-0.32329497,-0.24634947,-0.3272691,-0.32986963,-0.323744,-0.33487758,-0.20411447,-0.26286402,-0.3071553,-0.32277873,-0.33141193,-0.256234,-0.2358737,-0.31744218,-0.3257575,-0.32389075,-0.2850096,-0.30183107,-0.27669096,-0.31313157,-0.31655377,-0.31161842,-0.27598393,-0.31877366,-0.32037857,0.92468345,-0.19459927,-0.19459927,-0.32411462,-0.30701396,-0.32943356,-0.20658675,-0.26980978,-0.31999645,0.38628465,0.5252761,-0.20655881,-0.31447503,-0.3214015,-0.33007872,-0.32184923
k__Bacteria|p__Bacteroidetes|c__Bacteroidia|o__Bacteroidales|f__Prevotellaceae|g__Prevotella|s__copri,-0.2679879,-0.32318544,-0.32328734,-0.31718764,-0.3226354,-0.2932219,-0.3258366,-0.3327108,-0.33075604,-0.32481804,-0.19440371,-0.32539368,-0.32279998,-0.32162833,-0.3099353,-0.30519226,-0.3303013,-0.3226218,-0.32469815,-0.32900015,-0.26184985,-0.31677264,-0.29681087,-0.3298624,-0.3207198,-0.26755807,-0.31113154,-0.3194313,-0.31676275,1.1989132,-0.23875734,-0.32284898,-0.32284898,-0.3219414,-0.32043424,-0.24718808,-0.32432246,-0.3291557,-0.3328914,-0.3328914,-0.2443454,-0.31846386,-0.3233376,-0.29767188,-0.32007098,-0.2851582,-0.31730986,-0.31715828,-0.310298,-0.32411844,-0.24634947,-0.3272691,-0.32986963,-0.323744,-0.33487758,-0.20411447,-0.26286402,-0.30831623,-0.32277873,-0.33141193,-0.256234,-0.2358737,-0.31824708,-0.32597023,-0.32502243,-0.2850096,-0.30183107,-0.27669096,-0.31392348,-0.31712604,-0.31161842,-0.27598393,-0.31877366,-0.32037857,-0.33019432,-0.19459927,-0.19459927,-0.32411462,-0.30701396,-0.32943356,-0.20658675,-0.2708364,-0.32033908,-0.32690454,-0.3289357,-0.20655881,-0.31532693,-0.3214015,-0.33007872,-0.3226617
k__Bacteria|p__Bacteroidetes|c__Bacteroidia|o__Bacteroidales|f__Bacteroidaceae|g__Bacteroides|s__ovatus,-0.26627946,-0.32279828,-0.32328734,-0.31718764,-0.3221904,-0.2932219,-0.3258366,-0.3327108,0.6688623,-0.32430977,-0.19440371,-0.32539368,-0.32246268,-0.32121253,-0.3099353,1.0261526,-0.3303013,-0.32197425,-0.32407436,-0.32900015,-0.26184985,-0.3164089,-0.29681087,-0.3298624,-0.3207198,-0.26755807,-0.31072176,-0.31928036,-0.31676275,-0.32445285,-0.23875734,-0.32284898,-0.32284898,-0.32170114,-0.3202733,1.6326156,0.7730607,-0.3291557,0.630756,0.630756,-0.2443454,-0.31810915,0.79485404,1.1518338,-0.3197397,-0.2851582,-0.31702465,-0.31715828,-0.310298,-0.32360157,-0.24634947,-0.3272691,-0.32986963,-0.323744,-0.33487758,-0.20411447,-0.26286402,-0.30754462,-0.32277873,-0.33141193,-0.256234,-0.2358737,-0.31791323,-0.32579115,-0.32467434,-0.2850096,-0.30183107,-0.27669096,-0.31381363,-0.31665617,-0.31161842,-0.27598393,-0.31877366,-0.32037857,-0.33019432,-0.19459927,-0.19459927,-0.32411462,-0.30701396,-0.32943356,-0.20658675,-0.26948363,-0.32012597,-0.32690454,-0.3289357,-0.20655881,-0.31482083,-0.3214015,-0.33007872,-0.32212493
k__Bacteria|p__Bacteroidetes|c__Bacteroidia|o__Bacteroidales|f__Prevotellaceae|g__Prevotella|s__unclassified,-0.26529324,-0.32279056,-0.32328734,-0.31718764,-0.32214388,-0.2932219,-0.3258366,-0.3327108,-0.33075604,-0.32438207,-0.19440371,-0.32539368,-0.32241797,-0.32144633,-0.3099353,-0.30519226,-0.3303013,-0.32219172,-0.32432947,-0.32900015,-0.26184985,-0.3161257,-0.29681087,-0.3298624,-0.3207198,-0.26755807,-0.31036133,-0.3191423,-0.31676275,1.6824191,-0.23875734,-0.32284898,-0.32284898,-0.32174006,-0.32013696,-0.24718808,-0.32432246,-0.3291557,-0.3328914,-0.3328914,1.6035129,-0.31797957,-0.3233376,-0.29767188,-0.31944042,-0.2851582,-0.31698024,-0.31715828,-0.310298,-0.32359773,-0.24634947,-0.3272691,-0.32986963,-0.323744,-0.33487758,-0.20411447,-0.26286402,-0.3075276,-0.32277873,-0.33141193,-0.256234,-0.2358737,-0.3177359,-0.3258626,-0.32482457,-0.2850096,-0.30183107,-0.27669096,-0.31334287,-0.31670067,-0.31161842,-0.27598393,-0.31877366,-0.32037857,-0.33019432,-0.19459927,-0.19459927,-0.32411462,-0.30701396,-0.32943356,-0.20658675,-0.2685721,-0.3201055,-0.32690454,-0.3289357,-0.20655881,-0.31454587,-0.3214015,-0.33007872,-0.3223548
k__Bacteria|p__Bacteroidetes|c__Bacteroidia|o__Bacteroidales|f__Porphyromonadaceae|g__Dysgonomonas|s__unclassified,-0.27248567,-0.32567197,-0.32328734,-0.31718764,-0.32557446,-0.2932219,-0.3258366,-0.3327108,-0.33075604,-0.3283295,-0.19440371,-0.32539368,-0.32443023,-0.32217678,-0.3099353,-0.30519226,-0.3303013,-0.32586306,-0.32749557,-0.32900015,-0.26184985,-0.31696188,-0.29681087,-0.3298624,-0.3207198,-0.26755807,-0.31309044,-0.32115406,-0.31676275,-0.32445285,-0.23875734,-0.32284898,-0.32284898,-0.3225266,-0.3221518,-0.24718808,-0.32432246,-0.3291557,-0.3328914,-0.3328914,-0.2443454,-0.31902272,-0.3233376,-0.29767188,-0.3240537,-0.2851582,-0.31789055,-0.31715828,-0.310298,-0.32782307,-0.24634947,-0.3272691,-0.32986963,-0.323744,-0.33487758,-0.20411447,-0.26286402,-0.30712563,-0.32277873,-0.33141193,-0.256234,-0.2358737,-0.31943357,-0.32833797,-0.32672986,-0.2850096,-0.30183107,-0.27669096,-0.31801635,-0.31980318,-0.31161842,-0.27598393,-0.31877366,-0.32037857,-0.33019432,-0.19459927,-0.19459927,-0.32411462,-0.30701396,-0.32943356,-0.20658675,-0.27380672,-0.3228856,-0.32690454,-0.3289357,-0.20655881,-0.31605476,-0.3214015,-0.33007872,-0.32559842
k__Bacteria|p__Bacteroidetes|c__Bacteroidia|o__Bacteroidales|f__Bacteroidaceae|g__Bacteroides|s__uniformis,-0.2591167,-0.3167569,-0.32328734,-0.31718764,-0.31596065,-0.2932219,-0.3258366,-0.3327108,-0.33075604,-0.31779423,-0.19440371,-0.32539368,-0.31645405,-0.3158423,-0.3099353,1.1359552,0.76937085,-0.3161233,-0.3185079,1.242464,-0.26184985,-0.31027126,1.112183,1.2130233,1.1340897,-0.26755807,-0.30424225,-0.3129564,0.8507297,-0.32445285,-0.23875734,-0.32284898,-0.32284898,-0.31481987,-0.31284446,-0.24718808,-0.32432246,-0.3291557,0.84760654,0.84760654,-0.2443454,-0.31210926,-0.3233376,-0.29767188,-0.31181467,-0.2851582,-0.31131345,-0.31715828,-0.310298,-0.3170101,1.6093904,-0.3272691,-0.32986963,-0.323744,-0.33487758,-0.20411447,-0.26286402,-0.3017583,0.8692793,1.2703136,-0.256234,-0.2358737,-0.3119203,-0.319806,-0.31783283,1.2667744,1.0639361,-0.27669096,-0.30656844,-0.3105004,-0.31161842,-0.27598393,-0.31877366,-0.32037857,0.6655175,2.3754787,2.3754787,0.7678925,1.194277,-0.32943356,-0.20658675,-0.26207292,-0.31372446,-0.32690454,-0.3289357,-0.20655881,-0.3088408,1.1221453,0.85864204,-0.31601158
k__Bacteria|p__Bacteroidetes|c__Bacteroidia|o__Bacteroidales|f__Porphyromonadaceae|g__Parabacteroides|s__distasonis,-0.26087943,-0.3131752,-0.32328734,-0.31718764,-0.31290525,-0.2932219,-0.3258366,-0.3327108,-0.33075604,-0.31467214,-0.19440371,-0.32539368,-0.3133729,-0.31319436,-0.3099353,1.3106827,0.7666929,-0.31275856,-0.3149144,0.7604987,1.5305815,-0.30792317,1.8330184,0.89681196,0.95623654,-0.26755807,-0.30219668,-0.3103619,-0.31676275,-0.32445285,-0.23875734,-0.32284898,-0.32284898,-0.31259876,-0.31120795,-0.24718808,-0.32432246,-0.3291557,-0.3328914,-0.3328914,-0.2443454,-0.3093619,-0.3233376,-0.29767188,-0.3094684,-0.2851582,-0.30911094,-0.31715828,-0.310298,-0.31368572,1.7504511,0.7525342,0.6777574,0.85449857,0.8141657,-0.20411447,-0.26286402,-0.30088896,0.8118559,0.89139587,-0.256234,-0.2358737,-0.30948332,-0.31640464,-0.3155204,1.3058217,1.1381961,2.015938,-0.30484253,-0.30822748,-0.31161842,-0.27598393,-0.31877366,-0.32037857,0.6555194,-0.19459927,-0.19459927,-0.32411462,-0.30701396,-0.32943356,-0.20658675,-0.26393127,-0.31099564,0.47589296,0.4974242,-0.20655881,-0.30674392,1.0196824,0.71198606,-0.31309447
k__Bacteria|p__Bacteroidetes|c__Bacteroidia|o__Bacteroidales|f__Porphyromonadaceae|g__Parabacteroides|s__unclassified,-0.26300585,-0.31702805,-0.32328734,-0.31718764,-0.3163888,-0.2932219,-0.3258366,-0.3327108,-0.33075604,-0.3181818,-0.19440371,-0.32539368,-0.31669468,-0.31595033,-0.3099353,-0.30519226,-0.3303013,-0.3162626,-0.31837183,-0.32900015,-0.26184985,-0.31109932,-0.29681087,0.7567791,-0.3207198,-0.26755807,-0.30563408,-0.31348753,-0.31676275,-0.32445285,-0.23875734,-0.32284898,-0.32284898,-0.31589848,-0.31417605,-0.24718808,-0.32432246,-0.3291557,-0.3328914,-0.3328914,-0.2443454,-0.31269434,-0.3233376,-0.29767188,-0.31316316,-0.2851582,-0.31194228,-0.31715828,-0.310298,-0.3173506,1.947077,0.75319177,0.68378663,1.1232679,0.8467991,-0.20411447,-0.26286402,-0.30298245,0.794139,-0.33141193,-0.256234,-0.2358737,-0.31255233,-0.31991908,-0.31860393,-0.2850096,-0.30183107,-0.27669096,-0.3078712,-0.3112225,1.3505505,1.8767433,1.1069407,0.9973784,0.6555194,-0.19459927,-0.19459927,-0.32411462,-0.30701396,0.60958767,-0.20658675,-0.2661404,-0.31441313,0.73031306,0.6817533,-0.20655881,-0.30967945,1.5207661,0.7456345,-0.31632605
k__Bacteria|p__Bacteroidetes|c__Bacteroidia|o__Bacteroidales|f__Bacteroidaceae|g__unclassified|s__unclassified,0.09878704,0.601818,-0.32328734,-0.31718764,0.6015596,-0.2932219,-0.3258366,-0.3327108,-0.33075604,0.65143156,-0.19440371,-0.32539368,0.59571165,0.58020604,-0.3099353,1.0502185,0.8196625,0.58406115,0.59415823,0.72779065,1.4504809,0.54798853,1.1248103,0.74350667,0.8685756,-0.26755807,0.5078473,0.5741975,0.8627445,0.7341672,-0.23875734,-0.32284898,-0.32284898,0.6746282,0.68597007,2.1358855,1.5476712,0.86014575,1.0596657,1.0596657,-0.2443454,0.5569681,1.1875713,1.5546963,0.6614862,-0.2851582,0.5510634,-0.31715828,0.9813448,0.6259427,-0.24634947,-0.3272691,-0.32986963,-0.323744,-0.33487758,-0.20411447,-0.26286402,0.48822856,0.7865737,0.65440977,-0.256234,-0.2358737,0.5645909,0.62150824,0.703875,1.2513202,1.0520985,-0.27669096,0.5571594,0.55389595,0.9420454,1.338857,0.86073256,0.83479494,0.6898634,-0.19459927,-0.19459927,-0.32411462,1.0852373,-0.32943356,-0.20658675,0.1436562,0.58310163,0.46603313,0.4137291,-0.20655881,0.5342988,0.85458595,0.6194175,0.6084633
k__Bacteria|p__Bacteroidetes|c__Bacteroidia|o__Bacteroidales|f__Bacteroidaceae|g__Bacteroides|s__unclassified,0.5157269,1.3345667,0.83480275,-0.31718764,1.3304427,-0.2932219,-0.3258366,1.3182436,1.0724747,1.4165492,-0.19440371,-0.32539368,1.3219689,1.2951517,-0.3099353,1.2672489,1.1180588,1.3050172,1.3180048,1.4149394,1.9852153,1.2456927,2.0264738,1.5054332,1.7164755,-0.26755807,1.1811416,1.2863085,2.03821,1.4904224,-0.23875734,-0.32284898,-0.32284898,1.4553484,1.4749063,1.9094691,1.3316351,0.7928226,1.1409109,1.1409109,-0.2443454,1.258913,1.815413,2.333013,1.4362898,-0.2851582,1.2492707,0.853188,1.8346468,1.373296,2.3562114,1.4937221,0.86421937,1.950182,1.3330204,1.9715303,-0.26286402,1.1483471,1.8602269,1.5310156,-0.256234,-0.2358737,1.271424,1.3612958,1.5058079,2.3740191,2.3366919,1.9546217,1.2616005,1.2535233,2.0791016,2.0193076,1.8022876,1.7299362,1.4829997,2.533062,2.533062,2.005598,2.2175343,1.5649502,-0.20658675,0.5886532,1.3015437,1.2197609,0.9862736,2.3908095,1.2234449,1.4559597,1.5206151,1.3434948
k__Bacteria|p__Bacteroidetes|c__Bacteroidia|o__Bacteroidales|f__Rikenellaceae|g__unclassified|s__unclassified,-0.24392788,-0.2671244,-0.32328734,-0.31718764,-0.2660445,-0.2932219,-0.3258366,-0.3327108,-0.33075604,-0.26396582,-0.19440371,-0.32539368,-0.26735467,-0.267736,1.808439,1.0351186,0.71237886,-0.2679276,-0.2695932,0.7665613,-0.26184985,-0.26496878,-0.29681087,0.867077,0.9525374,-0.26755807,-0.26099306,-0.26505452,-0.31676275,-0.32445285,-0.23875734,-0.32284898,-0.32284898,-0.2593994,-0.2557651,-0.24718808,-0.32432246,-0.3291557,1.1748962,1.1748962,-0.2443454,-0.26583546,-0.3233376,-0.29767188,-0.25704545,-0.2851582,-0.26523137,-0.31715828,-0.310298,-0.26545238,-0.24634947,-0.3272691,-0.32986963,0.8350493,0.6956889,-0.20411447,-0.26286402,-0.26005268,0.9022024,1.0935965,-0.256234,-0.2358737,-0.26474464,-0.26922238,-0.25998724,-0.2850096,1.1858615,1.3748462,-0.2590766,-0.26367736,-0.31161842,-0.27598393,-0.31877366,1.4281286,0.6476095,-0.19459927,-0.19459927,-0.32411462,1.0043234,-0.32943356,-0.20658675,-0.24421829,-0.26564223,0.6093112,0.48689365,-0.20655881,-0.26380843,0.9392857,0.7381054,-0.2656694
k__Bacteria|p__Bacteroidetes|c__Bacteroidia|o__Bacteroidales|f__Bacteroidaceae|g__Bacteroides|s__fragilis,-0.1789572,-0.097094715,-0.32328734,-0.31718764,-0.09617466,-0.2932219,-0.3258366,-0.3327108,1.3127434,-0.08464702,-0.19440371,-0.32539368,-0.097746074,-0.101070985,-0.3099353,2.1040142,0.76515937,-0.100625,-0.09971073,0.7199056,-0.26184985,-0.10544765,-0.29681087,0.736419,0.868007,-0.26755807,-0.11153337,-0.10026422,-0.31676275,-0.32445285,-0.23875734,-0.32284898,-0.32284898,-0.07642958,-0.07161596,1.6321783,1.4842417,1.5658692,1.2084874,1.2084874,-0.2443454,-0.104678735,-0.3233376,-0.29767188,-0.07707761,-0.2851582,-0.10538672,2.0263197,1.1734746,-0.09030236,-0.24634947,-0.3272691,-0.32986963,-0.323744,0.7225133,-0.20411447,-0.26286402,-0.11331433,0.97174513,0.7885807,-0.256234,-0.2358737,-0.10258475,-0.093897946,-0.07125959,1.2723354,1.125391,-0.27669096,-0.09959516,-0.10376516,-0.31161842,-0.27598393,-0.31877366,0.9811705,-0.33019432,-0.19459927,-0.19459927,-0.32411462,1.0169262,0.7368577,-0.20658675,-0.17001706,-0.09900215,0.38891336,0.4093945,2.281338,-0.10800812,0.88097167,0.7215681,-0.0939028
k__Bacteria|p__Proteobacteria|c__Gammaproteobacteria|o__Enterobacteriales|f__Enterobacteriaceae|g__Trabulsiella|s__unclassified,-0.259899,-0.3238023,0.7766038,-0.31718764,-0.32292014,-0.2932219,-0.3258366,-0.3327108,-0.33075604,-0.32540825,-0.19440371,-0.32539368,-0.32312647,-0.32196546,-0.3099353,-0.30519226,-0.3303013,-0.3228555,-0.32525688,-0.32900015,-0.26184985,-0.31633553,-0.29681087,-0.3298624,-0.3207198,-0.26755807,-0.30994135,-0.31936908,-0.31676275,-0.32445285,1.7657133,-0.32284898,-0.32284898,-0.32254755,-0.32066518,-0.24718808,-0.32432246,-0.3291557,-0.3328914,-0.3328914,1.6093037,-0.31831196,-0.3233376,-0.29767188,-0.32003567,-0.2851582,-0.31711996,-0.31715828,-0.310298,-0.32449043,-0.24634947,-0.3272691,-0.32986963,-0.323744,-0.33487758,-0.20411447,1.4882407,-0.30654424,-0.32277873,-0.33141193,-0.256234,-0.2358737,-0.31804803,-0.3269698,-0.32583922,-0.2850096,-0.30183107,-0.27669096,-0.31305775,-0.31671172,-0.31161842,-0.27598393,-0.31877366,-0.32037857,-0.33019432,-0.19459927,-0.19459927,-0.32411462,-0.30701396,-0.32943356,1.9908922,-0.26338327,-0.32050055,-0.32690454,-0.3289357,-0.20655881,-0.31441462,-0.3214015,-0.33007872,-0.32303137
k__Bacteria|p__Proteobacteria|c__Gammaproteobacteria|o__Enterobacteriales|f__Enterobacteriaceae|g__Klebsiella|s__unclassified,-0.20265691,-0.3247229,-0.32328734,-0.31718764,-0.32418424,-0.2932219,-0.3258366,-0.3327108,-0.33075604,-0.32801187,2.162574,-0.32539368,-0.3240704,-0.323018,-0.3099353,-0.30519226,-0.3303013,-0.32363802,-0.32912022,-0.32900015,-0.26184985,-0.3131024,-0.29681087,-0.3298624,-0.3207198,1.4148632,-0.29865894,-0.31641513,-0.31676275,-0.32445285,1.7651765,-0.32284898,-0.32284898,-0.32205915,-0.3186492,-0.24718808,-0.32432246,-0.3291557,-0.3328914,-0.3328914,1.607938,-0.31550798,-0.3233376,-0.29767188,-0.31604302,1.2199326,-0.31363127,-0.31715828,-0.310298,-0.3266374,-0.24634947,-0.3272691,-0.32986963,-0.323744,-0.33487758,-0.20411447,-0.26286402,-0.2956813,-0.32277873,-0.33141193,-0.256234,1.6990836,-0.3161071,-0.3313431,-0.32877654,-0.2850096,-0.30183107,-0.27669096,-0.3011527,-0.3122748,-0.31161842,-0.27598393,-0.31877366,-0.32037857,-0.33019432,2.1397495,2.1397495,-0.32411462,-0.30701396,-0.32943356,1.9915736,-0.21033499,-0.31942987,-0.32690454,-0.3289357,-0.20655881,-0.30889857,-0.3214015,-0.33007872,-0.32430512
k__Bacteria|p__Proteobacteria|c__Gammaproteobacteria|o__Pseudomonadales|f__Moraxellaceae|g__Acinetobacter|s__unclassified,-0.26656002,-0.32284242,-0.32328734,-0.31718764,-0.32282755,-0.2932219,-0.3258366,-0.3327108,-0.33075604,-0.324869,-0.19440371,-0.32539368,-0.32259345,-0.32235265,-0.3099353,-0.30519226,-0.3303013,-0.32228658,-0.3245327,-0.32900015,-0.26184985,-0.31630126,-0.29681087,-0.3298624,-0.3207198,-0.26755807,-0.3108353,-0.31925884,-0.31676275,-0.32445285,-0.23875734,-0.32284898,-0.32284898,-0.32240778,-0.3211037,-0.24718808,-0.32432246,-0.3291557,-0.3328914,-0.3328914,-0.2443454,-0.3180419,-0.3233376,-0.29767188,-0.31984437,-0.2851582,-0.3179735,-0.31715828,-0.310298,-0.32361978,-0.24634947,-0.3272691,-0.32986963,-0.323744,-0.33487758,-0.20411447,-0.26286402,-0.30840206,-0.32277873,-0.33141193,-0.256234,-0.2358737,-0.3183438,-0.32627693,-0.32559595,-0.2850096,-0.30183107,-0.27669096,-0.3148005,-0.3177373,-0.31161842,-0.27598393,-0.31877366,-0.32037857,-0.33019432,-0.19459927,-0.19459927,-0.32411462,-0.30701396,-0.32943356,-0.20658675,-0.26929122,-0.32046318,-0.32690454,-0.3289357,-0.20655881,-0.31485522,-0.3214015,-0.33007872,-0.32307866
k__Bacteria|p__Proteobacteria|c__Gammaproteobacteria|o__Aeromonadales|f__unclassified|g__unclassified|s__unclassified,-0.2657299,-0.3240456,0.7928789,-0.31718764,-0.32447025,-0.2932219,-0.3258366,-0.3327108,-0.33075604,-0.32565534,-0.19440371,-0.32539368,-0.32372063,-0.32272604,-0.3099353,-0.30519226,-0.3303013,-0.3224632,-0.32525954,-0.32900015,-0.26184985,-0.31764495,-0.29681087,-0.3298624,-0.3207198,-0.26755807,-0.31168103,-0.32068196,-0.31676275,-0.32445285,-0.23875734,-0.32284898,-0.32284898,-0.32309458,-0.32226402,-0.24718808,-0.32432246,-0.3291557,-0.3328914,-0.3328914,-0.2443454,-0.31909522,-0.3233376,-0.29767188,-0.3210053,1.2010858,-0.3184306,-0.31715828,-0.310298,-0.32488537,-0.24634947,-0.3272691,-0.32986963,-0.323744,-0.33487758,-0.20411447,-0.26286402,-0.3078043,-0.32277873,-0.33141193,-0.256234,1.6906208,-0.31909442,-0.3278608,-0.32564157,-0.2850096,-0.30183107,-0.27669096,-0.31539387,-0.3188442,-0.31161842,-0.27598393,-0.31877366,-0.32037857,-0.33019432,-0.19459927,-0.19459927,-0.32411462,-0.30701396,-0.32943356,-0.20658675,-0.26902533,-0.3217069,-0.32690454,-0.3289357,-0.20655881,-0.31540182,-0.3214015,-0.33007872,-0.3236063
k__Bacteria|p__Proteobacteria|c__Gammaproteobacteria|o__Enterobacteriales|f__Enterobacteriaceae|g__Erwinia|s__unclassified,-0.26566535,-0.32466495,-0.32328734,-0.31718764,-0.32523555,-0.2932219,-0.3258366,-0.3327108,-0.33075604,-0.3277245,2.1525297,-0.32539368,-0.32445967,-0.32424307,-0.3099353,-0.30519226,-0.3303013,-0.3247627,-0.32695103,-0.32900015,-0.26184985,-0.31609523,-0.29681087,-0.3298624,-0.3207198,-0.26755807,-0.31243858,-0.32187465,-0.31676275,-0.32445285,-0.23875734,-0.32284898,-0.32284898,-0.32469612,-0.32373285,-0.24718808,-0.32432246,-0.3291557,-0.3328914,-0.3328914,-0.2443454,-0.31969732,-0.3233376,-0.29767188,-0.32271892,1.201482,-0.31918144,-0.31715828,-0.310298,-0.32606703,-0.24634947,-0.3272691,-0.32986963,-0.323744,-0.33487758,-0.20411447,-0.26286402,-0.30894238,-0.32277873,-0.33141193,-0.256234,1.6898763,-0.31966692,-0.32836926,-0.32790816,-0.2850096,-0.30183107,-0.27669096,-0.31796306,-0.3202079,-0.31161842,-0.27598393,-0.31877366,-0.32037857,-0.33019432,-0.19459927,-0.19459927,-0.32411462,-0.30701396,-0.32943356,-0.20658675,-0.2682513,-0.32260466,-0.32690454,-0.3289357,-0.20655881,-0.31596586,-0.3214015,-0.33007872,-0.32574195
k__Bacteria|p__Proteobacteria|c__Gammaproteobacteria|o__Enterobacteriales|f__Enterobacteriaceae|g__Citrobacter|s__unclassified,-0.2658947,-0.32418144,1.1223614,-0.31718764,-0.32304507,-0.2932219,-0.3258366,-0.3327108,-0.33075604,-0.3256192,2.1531491,-0.32539368,-0.3228802,-0.322122,0.92505085,-0.30519226,-0.3303013,-0.3231366,-0.32576084,-0.32900015,-0.26184985,-0.3158042,1.1157562,-0.3298624,-0.3207198,-0.26755807,-0.31040573,-0.3194564,-0.31676275,-0.32445285,-0.23875734,-0.32284898,-0.32284898,-0.3225301,-0.3204779,-0.24718808,-0.32432246,-0.3291557,-0.3328914,-0.3328914,-0.2443454,-0.31801504,-0.3233376,-0.29767188,-0.31994706,-0.2851582,-0.3173375,0.8522127,-0.310298,-0.32432145,-0.24634947,-0.3272691,-0.32986963,-0.323744,-0.33487758,-0.20411447,-0.26286402,-0.30699086,-0.32277873,-0.33141193,-0.256234,1.6899939,-0.31774175,-0.32657054,-0.325463,-0.2850096,-0.30183107,-0.27669096,-0.31444153,-0.3176474,-0.31161842,-0.27598393,-0.31877366,-0.32037857,-0.33019432,-0.19459927,-0.19459927,-0.32411462,-0.30701396,-0.32943356,-0.20658675,-0.2682595,-0.32031614,-0.32690454,-0.3289357,-0.20655881,-0.31446037,-0.3214015,-0.33007872,-0.32352054
k__Bacteria|p__Proteobacteria|c__Gammaproteobacteria|o__Pasteurellales|f__Pasteurellaceae|g__Aggregatibacter|s__unclassified,-0.2669685,-0.3242837,-0.32328734,-0.31718764,-0.3245446,-0.2932219,-0.3258366,-0.3327108,-0.33075604,-0.3255265,-0.19440371,-0.32539368,-0.3246013,-0.32303482,-0.3099353,-0.30519226,-0.3303013,-0.32322687,-0.32547656,-0.32900015,-0.26184985,-0.3183328,-0.29681087,-0.3298624,-0.3207198,-0.26755807,-0.31256276,-0.32109016,-0.31676275,-0.32445285,-0.23875734,-0.32284898,-0.32284898,-0.32301307,-0.32154882,-0.24718808,-0.32432246,-0.3291557,-0.3328914,-0.3328914,-0.2443454,-0.3199332,-0.3233376,-0.29767188,-0.3218441,-0.2851582,-0.31880626,-0.31715828,-0.310298,-0.32560223,-0.24634947,-0.3272691,-0.32986963,-0.323744,-0.33487758,-0.20411447,-0.26286402,-0.30827728,-0.32277873,-0.33141193,-0.256234,-0.2358737,-0.31967163,-0.32850975,-0.32515156,-0.2850096,-0.30183107,-0.27669096,-0.31651363,-0.31847394,-0.31161842,-0.27598393,-0.31877366,-0.32037857,-0.33019432,-0.19459927,-0.19459927,-0.32411462,-0.30701396,-0.32943356,-0.20658675,-0.27029204,-0.32246116,-0.32690454,0.39149728,-0.20655881,-0.3156703,-0.3214015,-0.33007872,-0.3237722
k__Bacteria|p__Proteobacteria|c__Alphaproteobacteria|o__Rickettsiales|f__mitochondria|g__unclassified|s__unclassified,-0.26667607,-0.3228107,-0.32328734,-0.31718764,-0.32254177,-0.2932219,-0.3258366,-0.3327108,-0.33075604,-0.32466328,-0.19440371,-0.32539368,-0.32255208,-0.321711,-0.3099353,-0.30519226,-0.3303013,-0.32240283,-0.3245901,-0.32900015,-0.26184985,-0.31605375,-0.29681087,-0.3298624,-0.3207198,-0.26755807,-0.310708,-0.31951624,-0.31676275,-0.32445285,-0.23875734,-0.32284898,-0.32284898,-0.32194218,-0.3204785,-0.24718808,-0.32432246,-0.3291557,-0.3328914,-0.3328914,-0.2443454,-0.31808227,-0.3233376,-0.29767188,-0.31994545,-0.2851582,-0.31730634,-0.31715828,-0.310298,-0.32381272,-0.24634947,0.7411552,-0.32986963,-0.323744,-0.33487758,-0.20411447,-0.26286402,-0.3077099,-0.32277873,-0.33141193,-0.256234,-0.2358737,-0.31789732,-0.32619986,-0.32489508,-0.2850096,-0.30183107,-0.27669096,-0.3144822,-0.3172269,-0.31161842,-0.27598393,-0.31877366,-0.32037857,0.63963646,-0.19459927,-0.19459927,-0.32411462,-0.30701396,-0.32943356,-0.20658675,-0.26951164,-0.3204527,-0.32690454,-0.3289357,-0.20655881,-0.31459892,-0.3214015,-0.33007872,-0.32282072
k__Bacteria|p__Proteobacteria|c__Gammaproteobacteria|o__Enterobacteriales|f__Enterobacteriaceae|g__unclassified|s__unclassified,1.3670757,0.7006862,0.87503946,0.8306259,0.6949121,1.7737455,1.0470415,0.7319986,1.0308574,0.62484455,2.6101804,0.74786085,0.7025664,0.722698,0.94323146,1.1467178,0.8294243,0.7255479,0.711879,0.6974909,1.863828,0.75919396,1.2283087,-0.3298624,-0.3207198,1.7334741,0.8174555,0.7332008,-0.31676275,0.73184955,1.789054,0.91986865,0.91986865,0.57731444,0.5562994,1.7171023,0.89243096,0.6791249,-0.3328914,-0.3328914,1.6518496,0.75297713,0.83928907,1.0625917,0.59731483,2.3163579,0.7609377,0.95974004,0.97648597,0.659078,1.6125339,0.7404896,0.69604987,-0.323744,-0.33487758,2.7769518,-0.26286402,0.8270637,-0.32277873,0.64441866,1.7922006,2.5644295,0.73676264,0.6725148,0.5403413,1.2788992,-0.30183107,-0.27669096,0.7561412,0.75932235,1.1268115,1.6361685,-0.31877366,-0.32037857,-0.33019432,2.2993453,2.2993453,0.7272104,-0.30701396,0.7580409,2.0845127,1.2934759,0.7181282,0.38547444,0.42775926,1.994032,0.780334,0.84938335,0.62980455,0.6854298
k__Bacteria|p__Proteobacteria|c__Gammaproteobacteria|o__Enterobacteriales|f__Enterobacteriaceae|g__Enterobacter|s__hormaechei,-0.022650994,-0.29780972,0.7921768,-0.31718764,-0.29941928,-0.2932219,0.7723446,-0.3327108,-0.33075604,-0.3110599,2.1915345,-0.32539368,-0.29825288,-0.29412168,-0.3099353,-0.30519226,-0.3303013,-0.29275113,-0.30367476,-0.32900015,-0.26184985,-0.27241555,1.1205598,-0.3298624,-0.3207198,1.4252449,-0.24371001,-0.28226548,-0.31676275,-0.32445285,2.1170454,0.87595963,0.87595963,-0.30813277,-0.3045144,-0.24718808,0.7710657,-0.3291557,-0.3328914,-0.3328914,2.5693183,-0.2780999,0.7761516,1.0918738,-0.29560858,1.2883308,-0.2741198,0.8528955,-0.310298,-0.3059355,1.6885846,-0.3272691,0.7004156,-0.323744,-0.33487758,-0.20411447,-0.26286402,-0.23587319,-0.32277873,-0.33141193,-0.256234,1.7403927,-0.28091758,-0.31449753,-0.32114655,-0.2850096,-0.30183107,-0.27669096,-0.25668204,-0.2725091,-0.31161842,1.3426929,-0.31877366,-0.32037857,-0.33019432,2.1469843,2.1469843,-0.32411462,-0.30701396,0.5918944,2.457012,-0.045730866,-0.2894007,-0.32690454,-0.3289357,-0.20655881,-0.26323384,-0.3214015,-0.33007872,-0.299056
k__Bacteria|p__Proteobacteria|c__Gammaproteobacteria|o__Pasteurellales|f__Pasteurellaceae|g__Actinobacillus|s__unclassified,-0.26529068,-0.31990033,-0.32328734,0.8197814,-0.3194626,-0.2932219,0.8136967,-0.3327108,-0.33075604,-0.3213293,-0.19440371,0.8252372,-0.31976014,-0.3189625,-0.3099353,-0.30519226,0.7689887,-0.3193716,-0.32130516,-0.32900015,-0.26184985,-0.31409335,-0.29681087,-0.3298624,-0.3207198,-0.26755807,-0.30848092,-0.31660014,-0.31676275,0.73694134,-0.23875734,-0.32284898,-0.32284898,-0.31902105,-0.31746423,-0.24718808,-0.32432246,-0.3291557,-0.3328914,-0.3328914,-0.2443454,-0.31561857,-0.3233376,-0.29767188,-0.31672737,-0.2851582,-0.31486723,0.8525054,-0.310298,-0.320628,-0.24634947,-0.3272691,-0.32986963,-0.323744,-0.33487758,-0.20411447,-0.26286402,-0.30599752,-0.32277873,-0.33141193,-0.256234,-0.2358737,-0.3155002,-0.3230244,-0.3218283,-0.2850096,-0.30183107,-0.27669096,-0.31123114,-0.31435764,-0.31161842,-0.27598393,0.85273755,-0.32037857,-0.33019432,-0.19459927,-0.19459927,0.7208719,-0.30701396,0.6033857,-0.20658675,-0.26876703,-0.31775877,-0.32690454,0.39134985,-0.20655881,-0.31244135,-0.3214015,-0.33007872,-0.3195567
k__Bacteria|p__Proteobacteria|c__Gammaproteobacteria|o__Enterobacteriales|f__Enterobacteriaceae|g__Escherichia|s__unclassified,0.30017602,0.35441202,0.83008015,0.85440165,0.3472187,1.528007,0.77642196,0.610416,0.78834724,0.29559177,-0.19440371,0.7423663,0.36344108,0.37772417,0.9242829,1.2866809,0.7531943,0.36709276,0.38706854,-0.32900015,2.1738796,0.36641195,1.1692293,-0.3298624,-0.3207198,-0.26755807,0.32922018,0.3439456,-0.31676275,-0.32445285,-0.23875734,0.9769375,0.9769375,0.23983152,0.19473222,1.7785171,0.81265306,0.64950377,-0.3328914,-0.3328914,-0.2443454,0.36559266,0.78192174,-0.29767188,0.20735708,-0.2851582,0.3627664,0.852164,-0.310298,0.32376415,-0.24634947,-0.3272691,0.6844192,-0.323744,-0.33487758,2.4262984,-0.26286402,0.3386851,-0.32277873,0.63815606,1.708479,1.6985786,0.35535514,0.37296247,0.2319397,1.2648556,-0.30183107,-0.27669096,0.2712141,0.33912003,1.3281633,-0.27598393,-0.31877366,-0.32037857,-0.33019432,-0.19459927,-0.19459927,0.7099117,-0.30701396,0.631869,-0.20658675,0.29492566,0.34833792,-0.32690454,0.4022011,-0.20655881,0.35807753,-0.3214015,0.6168189,0.33371842
k__Bacteria|p__Proteobacteria|c__Gammaproteobacteria|o__Pasteurellales|f__Pasteurellaceae|g__Haemophilus|s__parainfluenzae,-0.26152027,-0.3156502,0.7963822,-0.31718764,-0.3147007,-0.2932219,-0.3258366,-0.3327108,-0.33075604,-0.31754643,2.174886,0.7468641,-0.31490868,-0.31400082,-0.3099353,1.0216393,-0.3303013,-0.31512007,-0.31692535,-0.32900015,-0.26184985,-0.3089086,-0.29681087,-0.3298624,-0.3207198,-0.26755807,-0.30391043,-0.31182772,-0.31676275,0.7310242,-0.23875734,0.90231436,0.90231436,-0.31532216,-0.31389448,-0.24718808,0.78407824,0.64950377,0.60993147,0.60993147,-0.2443454,-0.31090757,-0.3233376,-0.29767188,-0.3130657,1.2034612,-0.30980492,-0.31715828,-0.310298,-0.316395,-0.24634947,0.7414213,0.69885856,-0.323744,-0.33487758,1.9719518,1.4839811,-0.30142435,-0.32277873,-0.33141193,-0.256234,-0.2358737,-0.31079978,-0.31792733,-0.31857893,-0.2850096,-0.30183107,-0.27669096,-0.3065053,-0.30958802,0.93833756,-0.27598393,0.8515136,-0.32037857,-0.33019432,-0.19459927,-0.19459927,-0.32411462,-0.30701396,0.6039837,-0.20658675,-0.2645374,-0.3126553,0.40513843,0.47760448,-0.20655881,-0.30790684,-0.3214015,-0.33007872,-0.3152054
k__Bacteria|p__Proteobacteria|c__Betaproteobacteria|o__Burkholderiales|f__Alcaligenaceae|g__Sutterella|s__unclassified,0.08359106,0.6500447,-0.32328734,-0.31718764,0.6494121,-0.2932219,1.4410965,0.8392248,1.1976002,0.7145757,-0.19440371,1.3667103,0.64195406,0.62187976,-0.3099353,-0.30519226,-0.3303013,0.6268986,0.6345818,0.93724364,-0.26184985,0.58876455,-0.29681087,1.0156946,-0.3207198,-0.26755807,0.5477632,0.61823064,1.3837147,1.1654892,-0.23875734,-0.32284898,-0.32284898,0.7510973,0.77061534,-0.24718808,-0.32432246,-0.3291557,0.66220075,0.66220075,-0.2443454,0.59787256,0.7747276,1.181734,0.7394724,-0.2851582,0.5913011,-0.31715828,1.1437185,0.68161166,-0.24634947,-0.3272691,0.7084732,0.9472295,0.8729177,-0.20411447,-0.26286402,0.5260933,1.3214175,0.9149545,-0.256234,-0.2358737,0.609566,0.66719615,0.78612953,-0.2850096,-0.30183107,-0.27669096,0.60840756,0.59588945,-0.31161842,-0.27598393,1.5304493,0.87972826,-0.33019432,-0.19459927,-0.19459927,-0.32411462,1.1510648,0.6816002,-0.20658675,0.13830462,0.62853366,1.1372656,1.0041271,2.3568556,0.5745625,1.2733878,1.2099097,0.6586937
k__Bacteria|p__Proteobacteria|c__Gammaproteobacteria|o__Pasteurellales|f__Pasteurellaceae|g__Haemophilus|s__unclassified,0.25884712,0.73982084,1.0501442,0.8306259,0.7368051,-0.2932219,0.7880527,-0.3327108,0.70624435,0.7651183,2.293215,0.95427823,0.73803663,0.72767437,0.97695524,1.0666676,0.875136,0.725929,0.7412935,0.6980304,1.4504809,0.6975878,1.1671987,0.73651135,0.8536866,1.4266523,0.6465583,0.710289,0.878473,0.7786403,-0.23875734,1.3968563,1.3968563,0.76959616,0.7661978,-0.24718808,1.0372256,0.8334814,0.60399556,0.60399556,1.6059386,0.70386356,-0.3233376,1.0620698,0.7469234,-0.2851582,0.69633895,0.8555246,0.9836111,0.75201714,-0.24634947,1.3210824,1.2923373,0.7450166,0.64317954,1.9702644,1.4747916,0.6337089,-0.32277873,-0.33141193,1.592727,-0.2358737,0.7089421,0.7627328,0.7936753,-0.2850096,-0.30183107,-0.27669096,0.6693825,0.6891401,1.0226008,-0.27598393,0.8960495,0.9215736,0.6575726,-0.19459927,-0.19459927,0.73991656,-0.30701396,0.7539841,-0.20658675,0.3008389,0.71984607,0.46097258,0.4949681,-0.20655881,0.68109167,0.8466389,0.63141596,0.73679465
k__Bacteria|p__Proteobacteria|c__Alphaproteobacteria|o__RF32|f__unclassified|g__unclassified|s__unclassified,-0.2642234,-0.31914133,-0.32328734,-0.31718764,-0.31838828,-0.2932219,-0.3258366,-0.3327108,0.7239371,-0.32040453,-0.19440371,-0.32539368,-0.31886622,-0.3179059,-0.3099353,-0.30519226,-0.3303013,-0.3183962,-0.32044563,-0.32900015,-0.26184985,-0.3134637,-0.29681087,-0.3298624,1.0925032,-0.26755807,-0.3074661,-0.31549478,-0.31676275,-0.32445285,-0.23875734,-0.32284898,-0.32284898,-0.3182192,-0.31648,-0.24718808,-0.32432246,-0.3291557,0.9252892,0.9252892,-0.2443454,-0.31471515,-0.3233376,-0.29767188,-0.3155915,-0.2851582,-0.31390923,-0.31715828,-0.310298,-0.31965256,-0.24634947,-0.3272691,-0.32986963,-0.323744,0.70824355,-0.20411447,-0.26286402,-0.3050719,-0.32277873,0.8015362,-0.256234,-0.2358737,-0.3146147,-0.32205248,-0.3211426,-0.2850096,-0.30183107,-0.27669096,-0.30977082,-0.31309098,-0.31161842,-0.27598393,-0.31877366,-0.32037857,-0.33019432,-0.19459927,-0.19459927,-0.32411462,1.0683681,-0.32943356,-0.20658675,-0.26769957,-0.31657732,0.4093023,0.42541078,-0.20655881,-0.3118276,-0.3214015,0.65958023,-0.3184325
k__Bacteria|p__Actinobacteria|c__Actinobacteria|o__Actinomycetales|f__Actinomycetaceae|g__Actinomyces|s__unclassified,-0.26341727,-0.3229087,-0.32328734,-0.31718764,-0.32233122,-0.2932219,-0.3258366,-0.3327108,-0.33075604,-0.3249191,-0.19440371,-0.32539368,-0.32223693,-0.32165244,-0.3099353,-0.30519226,-0.3303013,-0.3224789,-0.32486773,-0.32900015,1.4496787,-0.3155418,1.1353585,-0.3298624,-0.3207198,-0.26755807,-0.3098112,-0.31903347,-0.31676275,-0.32445285,1.7685717,-0.32284898,-0.32284898,-0.322254,-0.32046628,-0.24718808,-0.32432246,-0.3291557,-0.3328914,-0.3328914,1.6138079,-0.31762344,0.77244496,-0.29767188,-0.31950086,-0.2851582,-0.3169613,-0.31715828,-0.310298,-0.32360503,-0.24634947,-0.3272691,-0.32986963,-0.323744,-0.33487758,-0.20411447,-0.26286402,-0.3070993,-0.32277873,-0.33141193,-0.256234,-0.2358737,-0.31737858,-0.32616,-0.3254531,-0.2850096,-0.30183107,-0.27669096,-0.3133704,-0.3168829,-0.31161842,-0.27598393,-0.31877366,-0.32037857,-0.33019432,-0.19459927,-0.19459927,-0.32411462,-0.30701396,-0.32943356,-0.20658675,-0.26640135,-0.3200599,-0.32690454,-0.3289357,-0.20655881,-0.31416893,-0.3214015,-0.33007872,-0.32292488
k__Bacteria|p__Actinobacteria|c__Actinobacteria|o__Actinomycetales|f__Actinomycetaceae|g__Parascardovia|s__unclassified,-0.26302016,-0.32195115,-0.32328734,-0.31718764,-0.32186702,-0.2932219,-0.3258366,-0.3327108,-0.33075604,-0.32305282,-0.19440371,-0.32539368,-0.3222697,-0.3211506,-0.3099353,-0.30519226,-0.3303013,-0.3207721,-0.3229704,-0.32900015,-0.26184985,-0.3169556,-0.29681087,-0.3298624,-0.3207198,-0.26755807,-0.3105881,-0.31864804,-0.31676275,-0.32445285,1.7786888,-0.32284898,-0.32284898,-0.32111627,-0.31963664,-0.24718808,-0.32432246,-0.3291557,-0.3328914,-0.3328914,-0.2443454,-0.3181107,0.77254015,-0.29767188,-0.31852815,-0.2851582,-0.31719953,-0.31715828,-0.310298,-0.3226413,-0.24634947,-0.3272691,-0.32986963,-0.323744,-0.33487758,-0.20411447,-0.26286402,-0.30759034,-0.32277873,-0.33141193,-0.256234,-0.2358737,-0.31826058,-0.32571068,-0.3236206,-0.2850096,-0.30183107,-0.27669096,-0.31272945,-0.31582528,-0.31161842,-0.27598393,-0.31877366,-0.32037857,-0.33019432,-0.19459927,-0.19459927,-0.32411462,-0.30701396,-0.32943356,-0.20658675,-0.2671641,-0.31988862,-0.32690454,-0.3289357,-0.20655881,-0.3147452,-0.3214015,-0.33007872,-0.32099876
k__Bacteria|p__Actinobacteria|c__Actinobacteria|o__Actinomycetales|f__Corynebacteriaceae|g__Corynebacterium|s__unclassified,-0.2668544,-0.32248157,-0.32328734,-0.31718764,-0.32170135,-0.2932219,-0.3258366,-0.3327108,-0.33075604,-0.3238927,-0.19440371,-0.32539368,-0.32236052,-0.3214934,-0.3099353,-0.30519226,-0.3303013,-0.32175207,-0.32348704,-0.32900015,-0.26184985,-0.31696063,-0.29681087,-0.3298624,-0.3207198,-0.26755807,-0.31084055,-0.31943244,-0.31676275,-0.32445285,-0.23875734,-0.32284898,-0.32284898,-0.32116517,-0.32046172,-0.24718808,-0.32432246,-0.3291557,-0.3328914,-0.3328914,-0.2443454,-0.31846267,-0.3233376,-0.29767188,-0.31899625,-0.2851582,-0.31755397,-0.31715828,-0.310298,-0.32313204,-0.24634947,-0.3272691,-0.32986963,-0.323744,-0.33487758,-0.20411447,-0.26286402,-0.3084075,-0.32277873,-0.33141193,-0.256234,-0.2358737,-0.3188221,-0.32583016,-0.3254024,-0.2850096,-0.30183107,-0.27669096,-0.31353986,-0.31654295,-0.31161842,-0.27598393,-0.31877366,-0.32037857,-0.33019432,-0.19459927,-0.19459927,-0.32411462,-0.30701396,-0.32943356,-0.20658675,-0.2699282,-0.3199114,-0.32690454,-0.3289357,-0.20655881,-0.3155166,-0.3214015,-0.33007872,-0.3217003
k__Bacteria|p__Actinobacteria|c__Actinobacteria|o__Actinomycetales|f__Micrococcaceae|g__Rothia|s__mucilaginosa,-0.26569805,-0.32377136,-0.32328734,-0.31718764,-0.3228835,-0.2932219,-0.3258366,-0.3327108,-0.33075604,-0.32542798,-0.19440371,-0.32539368,-0.32278377,-0.32205784,-0.3099353,-0.30519226,-0.3303013,-0.3232479,-0.32521433,-0.32900015,1.4488758,-0.3162989,-0.29681087,-0.3298624,-0.3207198,-0.26755807,-0.31102952,-0.31924894,-0.31676275,-0.32445285,1.7644602,-0.32284898,-0.32284898,-0.3226048,-0.32069963,-0.24718808,-0.32432246,-0.3291557,-0.3328914,-0.3328914,-0.2443454,-0.31838334,-0.3233376,-0.29767188,-0.32031238,-0.2851582,-0.31753922,-0.31715828,-0.310298,-0.3243215,-0.24634947,-0.3272691,-0.32986963,-0.323744,-0.33487758,-0.20411447,-0.26286402,-0.30789378,-0.32277873,-0.33141193,-0.256234,-0.2358737,-0.31826514,-0.32637304,-0.32589075,-0.2850096,-0.30183107,-0.27669096,-0.31409377,-0.31748796,-0.31161842,-0.27598393,-0.31877366,-0.32037857,-0.33019432,-0.19459927,-0.19459927,-0.32411462,-0.30701396,-0.32943356,-0.20658675,-0.2686913,-0.32072228,-0.32690454,-0.3289357,-0.20655881,-0.31482518,-0.3214015,-0.33007872,-0.3233902
k__Bacteria|p__Actinobacteria|c__Actinobacteria|o__Bifidobacteriales|f__Bifidobacteriaceae|g__Bifidobacterium|s__longum,0.7059606,0.8106866,1.2331228,-0.31718764,0.80132544,1.6125046,0.98954165,0.85041636,0.7149894,0.7476882,-0.19440371,0.77839863,0.8194777,0.8337567,-0.3099353,1.3865765,0.94579095,0.8221516,0.84529877,0.7009928,1.5773348,0.81868076,1.1598879,0.7544834,-0.3207198,1.4233654,0.7741296,0.79651296,0.86246014,0.78740966,-0.23875734,0.9784772,0.9784772,0.68706316,0.6369988,1.7839177,1.1820736,0.8827731,0.6324291,0.6324291,-0.2443454,0.8195088,0.85921717,-0.29767188,0.64900637,-0.2851582,0.8151293,1.1805558,1.0422087,0.7764131,1.7743685,0.86526304,0.7799367,0.74338436,0.64030355,-0.20411447,-0.26286402,0.7807051,0.7836798,0.6591531,1.7353671,1.6954653,0.80720234,0.8325168,0.6807819,1.4012556,1.0171267,-0.27669096,0.71328115,0.78796124,1.1029414,1.8303907,0.8788449,0.8482947,0.6660826,-0.19459927,-0.19459927,0.7097586,-0.30701396,0.6033259,-0.20658675,0.7015281,0.80027986,0.42811942,0.45108452,2.2011776,0.80867195,1.02214,0.706801,0.78618747
k__Bacteria|p__Actinobacteria|c__Actinobacteria|o__Bifidobacteriales|f__Bifidobacteriaceae|g__Bifidobacterium|s__adolescentis,-0.2612667,-0.3158245,0.78087515,-0.31718764,-0.31578836,-0.2932219,1.4460559,1.4467334,1.1419995,-0.31806672,-0.19440371,-0.32539368,-0.31560737,-0.3142577,-0.3099353,1.0232829,-0.3303013,-0.3149663,-0.3167971,-0.32900015,1.4491435,-0.30968058,-0.29681087,0.74823445,-0.3207198,-0.26755807,-0.30474764,-0.31255722,-0.31676275,-0.32445285,-0.23875734,1.1013774,1.1013774,-0.3159805,-0.3152926,1.6355256,0.77429086,0.7444132,0.6408804,0.6408804,-0.2443454,-0.3113477,-0.3233376,-0.29767188,-0.3145296,-0.2851582,-0.3102991,-0.31715828,-0.310298,-0.31716722,-0.24634947,-0.3272691,0.8920909,-0.323744,-0.33487758,-0.20411447,-0.26286402,-0.30145422,-0.32277873,-0.33141193,1.5816442,-0.2358737,-0.3114909,-0.31871498,-0.3188747,1.4795346,1.0517216,-0.27669096,-0.30799964,-0.3103092,0.93647844,-0.27598393,-0.31877366,0.8474649,0.7477342,-0.19459927,-0.19459927,-0.32411462,-0.30701396,-0.32943356,-0.20658675,-0.26463836,-0.31353652,-0.32690454,-0.3289357,1.991396,-0.3083292,-0.3214015,-0.33007872,-0.31547126
k__Bacteria|p__Actinobacteria|c__Actinobacteria|o__Bifidobacteriales|f__Bifidobacteriaceae|g__Bifidobacterium|s__unclassified,0.3821125,0.64723206,0.8019621,-0.31718764,0.6414329,1.1636502,0.7702996,0.5592709,-0.33075604,0.6167149,-0.19440371,0.75431573,0.6538688,0.65902746,-0.3099353,1.0407826,0.7867929,0.65154266,0.6733023,0.7135525,1.725034,0.63704836,-0.29681087,0.76522136,-0.3207198,-0.26755807,0.58484477,0.62610817,-0.31676275,-0.32445285,-0.23875734,-0.32284898,-0.32284898,0.57587355,0.54087484,1.6369776,0.7784972,0.6538754,-0.3328914,-0.3328914,-0.2443454,0.63887477,1.0030612,-0.29767188,0.5432862,-0.2851582,0.6334509,0.866742,-0.310298,0.6318053,1.7854562,1.1647794,0.89619267,0.7917785,0.7848596,-0.20411447,-0.26286402,0.58576787,1.2646878,0.7372429,1.6566073,-0.2358737,0.63314605,0.67229795,0.5820879,1.2209543,-0.30183107,-0.27669096,0.55372214,0.61280394,0.9766007,1.3318449,0.86020154,-0.32037857,-0.33019432,-0.19459927,-0.19459927,0.7828026,0.9661,0.7555266,-0.20658675,0.3962183,0.6344037,0.67543924,0.5629851,2.0410476,0.62279594,0.8461068,-0.33007872,0.6320175
k__Bacteria|p__Cyanobacteria|c__4C0d-2|o__YS2|f__unclassified|g__unclassified|s__unclassified,-0.26684138,-0.32265857,-0.32328734,-0.31718764,-0.32220507,-0.2932219,-0.3258366,-0.3327108,-0.33075604,-0.32400692,-0.19440371,-0.32539368,-0.32158586,-0.32118046,-0.3099353,-0.30519226,-0.3303013,-0.32210773,-0.32422578,-0.32900015,-0.26184985,-0.31558657,-0.29681087,-0.3298624,-0.3207198,-0.26755807,-0.31067303,-0.31781378,-0.31676275,-0.32445285,-0.23875734,-0.32284898,-0.32284898,-0.3211084,-0.31922758,-0.24718808,-0.32432246,-0.3291557,-0.3328914,-0.3328914,-0.2443454,-0.3174042,-0.3233376,-0.29767188,-0.31845325,-0.2851582,-0.31667626,-0.31715828,-0.310298,-0.3230644,-0.24634947,-0.3272691,-0.32986963,-0.323744,-0.33487758,-0.20411447,-0.26286402,-0.3074544,-0.32277873,0.65570563,-0.256234,-0.2358737,-0.3173815,-0.32527536,-0.32371533,-0.2850096,-0.30183107,-0.27669096,-0.31189144,-0.31679702,-0.31161842,-0.27598393,-0.31877366,-0.32037857,-0.33019432,-0.19459927,-0.19459927,-0.32411462,-0.30701396,-0.32943356,-0.20658675,-0.26989874,-0.31972715,-0.32690454,-0.3289357,-0.20655881,-0.31385666,0.84902966,0.63771725,-0.32215393
k__Bacteria|p__Cyanobacteria|c__Chloroplast|o__Streptophyta|f__unclassified|g__unclassified|s__unclassified,-0.26607758,-0.32285964,-0.32328734,-0.31718764,-0.32191968,-0.2932219,-0.3258366,-0.3327108,-0.33075604,-0.32421207,-0.19440371,-0.32539368,-0.32223418,-0.32125437,-0.3099353,-0.30519226,-0.3303013,-0.32202333,-0.324211,-0.32900015,-0.26184985,-0.3161958,-0.29681087,-0.3298624,-0.3207198,-0.26755807,-0.31047648,-0.31900078,-0.31676275,-0.32445285,-0.23875734,-0.32284898,-0.32284898,-0.3217376,-0.31992584,-0.24718808,-0.32432246,-0.3291557,-0.3328914,-0.3328914,-0.2443454,-0.31799194,-0.3233376,-0.29767188,-0.31920093,-0.2851582,-0.31702653,-0.31715828,-0.310298,-0.32326245,-0.24634947,-0.3272691,-0.32986963,0.74184567,0.6349874,-0.20411447,-0.26286402,-0.307514,-0.32277873,-0.33141193,-0.256234,-0.2358737,-0.3177038,-0.32567555,-0.32475793,-0.2850096,-0.30183107,-0.27669096,-0.31334788,-0.3164819,-0.31161842,-0.27598393,-0.31877366,-0.32037857,0.6755286,-0.19459927,-0.19459927,-0.32411462,-0.30701396,-0.32943356,-0.20658675,-0.26907653,-0.31983352,-0.32690454,-0.3289357,-0.20655881,-0.31470233,-0.3214015,-0.33007872,-0.32212946
k__Bacteria|p__Fusobacteria|c__Fusobacteria|o__Fusobacteriales|f__Fusobacteriaceae|g__Fusobacterium|s__unclassified,-0.26652217,-0.32261103,-0.32328734,-0.31718764,-0.32099736,-0.2932219,-0.3258366,-0.3327108,-0.33075604,-0.32402444,-0.19440371,0.8722917,-0.3211446,-0.3204289,-0.3099353,-0.30519226,-0.3303013,-0.32198322,-0.32408538,-0.32900015,-0.26184985,-0.31546295,-0.29681087,-0.3298624,-0.3207198,-0.26755807,-0.30930182,-0.31780934,-0.31676275,-0.32445285,-0.23875734,-0.32284898,-0.32284898,-0.32120147,-0.31905198,-0.24718808,-0.32432246,-0.3291557,-0.3328914,-0.3328914,-0.2443454,-0.31679997,-0.3233376,-0.29767188,-0.3187489,-0.2851582,-0.3162117,-0.31715828,-0.310298,-0.32275757,-0.24634947,-0.3272691,-0.32986963,-0.323744,-0.33487758,-0.20411447,-0.26286402,-0.30686688,0.76641244,-0.33141193,-0.256234,-0.2358737,-0.31650203,-0.32475564,-0.32466727,-0.2850096,-0.30183107,-0.27669096,-0.31232834,-0.31592265,0.9339943,-0.27598393,-0.31877366,-0.32037857,-0.33019432,-0.19459927,-0.19459927,-0.32411462,-0.30701396,-0.32943356,-0.20658675,-0.26902524,-0.31911463,-0.32690454,-0.3289357,-0.20655881,-0.3135808,-0.3214015,-0.33007872,-0.3220959
k__Bacteria|p__Fusobacteria|c__Fusobacteria|o__Fusobacteriales|f__Fusobacteriaceae|g__unclassified|s__unclassified,-0.2668774,-0.32244223,-0.32328734,-0.31718764,-0.32214636,-0.2932219,-0.3258366,-0.3327108,-0.33075604,-0.32469696,-0.19440371,-0.32539368,-0.32185483,-0.3211962,-0.3099353,-0.30519226,-0.3303013,-0.32230473,-0.32463562,-0.32900015,-0.26184985,-0.31554276,-0.29681087,-0.3298624,-0.3207198,-0.26755807,-0.3101076,-0.31894362,-0.31676275,-0.32445285,-0.23875734,-0.32284898,-0.32284898,-0.32189703,-0.32040912,-0.24718808,-0.32432246,-0.3291557,-0.3328914,-0.3328914,-0.2443454,-0.317488,-0.3233376,-0.29767188,-0.31951794,-0.2851582,-0.3166625,-0.31715828,-0.310298,-0.32345885,-0.24634947,-0.3272691,-0.32986963,-0.323744,-0.33487758,-0.20411447,-0.26286402,-0.30784068,-0.32277873,0.63771665,-0.256234,-0.2358737,-0.31721058,-0.32542506,-0.32498538,-0.2850096,-0.30183107,-0.27669096,-0.31318653,-0.3169602,-0.31161842,-0.27598393,-0.31877366,-0.32037857,-0.33019432,-0.19459927,-0.19459927,-0.32411462,-0.30701396,-0.32943356,-0.20658675,-0.26967865,-0.31981814,-0.32690454,-0.3289357,-0.20655881,-0.31448603,-0.3214015,-0.33007872,-0.322698
k__Bacteria|p__Tenericutes|c__Mollicutes|o__RF39|f__unclassified|g__unclassified|s__unclassified,-0.26955765,-0.32451922,-0.32328734,-0.31718764,-0.32539567,-0.2932219,-0.3258366,-0.3327108,-0.33075604,-0.327668,-0.19440371,-0.32539368,-0.32448304,-0.32374772,-0.3099353,-0.30519226,-0.3303013,-0.3246947,-0.32720253,-0.32900015,-0.26184985,-0.316998,-0.29681087,-0.3298624,-0.3207198,-0.26755807,-0.31199992,-0.32267082,-0.31676275,-0.32445285,-0.23875734,-0.32284898,-0.32284898,-0.32412052,-0.32350805,-0.24718808,-0.32432246,-0.3291557,-0.3328914,-0.3328914,-0.2443454,-0.31953266,-0.3233376,-0.29767188,-0.3232047,-0.2851582,-0.3190295,-0.31715828,-0.310298,-0.3263201,-0.24634947,-0.3272691,-0.32986963,-0.323744,-0.33487758,-0.20411447,-0.26286402,-0.30885532,-0.32277873,-0.33141193,-0.256234,-0.2358737,-0.318927,-0.3288678,-0.327344,-0.2850096,-0.30183107,-0.27669096,-0.31888634,-0.32067424,-0.31161842,-0.27598393,-0.31877366,-0.32037857,-0.33019432,-0.19459927,-0.19459927,-0.32411462,-0.30701396,-0.32943356,-0.20658675,-0.27138758,-0.3229305,-0.32690454,-0.3289357,-0.20655881,-0.31612557,-0.3214015,-0.33007872,-0.32600284
k__Bacteria|p__Verrucomicrobia|c__Verrucomicrobiae|o__Verrucomicrobiales|f__Verrucomicrobiaceae|g__Akkermansia|s__muciniphila,-0.14020348,0.028177764,-0.32328734,1.9071275,0.027954642,-0.2932219,-0.3258366,-0.3327108,0.6971363,0.051813412,-0.19440371,-0.32539368,0.024910133,0.018134382,0.9677296,-0.30519226,-0.3303013,0.019802336,0.0209493,0.76024526,-0.26184985,0.009292509,-0.29681087,0.7181163,-0.3207198,-0.26755807,-0.0014144629,0.019289095,-0.31676275,0.73241657,-0.23875734,-0.32284898,-0.32284898,0.06798933,0.07690024,-0.24718808,0.8103969,0.64950377,0.7370884,0.7370884,-0.2443454,0.011695599,-0.3233376,1.1048373,0.06573855,-0.2851582,0.010031624,-0.31715828,-0.310298,0.039460786,-0.24634947,-0.3272691,-0.32986963,0.78801775,0.64520085,-0.20411447,-0.26286402,-0.0072758403,0.94841164,0.76903933,-0.256234,-0.2358737,0.016037364,0.031886138,0.079147175,-0.2850096,1.0172048,-0.27669096,0.020995133,0.012562407,-0.31161842,-0.27598393,-0.31877366,1.0756888,1.2194128,-0.19459927,-0.19459927,0.94724256,1.2225202,0.60170937,-0.20658675,-0.12261367,0.021841567,0.3989599,-0.3289357,-0.20655881,0.0053217206,-0.3214015,0.6137281,0.03215668
