#OTU ID,T000272.0,T000272.1,T000272.2,T000272.3,T000272.4,T000461.0,T000461.1,T000461.2,T000461.3,T000461.4,T002534.0,T002534.1,T002534.2,T002534.3,T002534.4,T003950.0,T003950.1,T003950.2,T003950.3,T003950.4,T005999.0,T005999.1,T005999.2,T005999.3,T005999.4,T007748.0,T007748.1,T007748.2,T007748.3,T007748.4,T008025.0,T008025.1,T008025.2,T008025.3,T008025.4,T008631.0,T008631.1,T008631.2,T008631.3,T008631.4,T009280.0,T009280.1,T009280.2,T009280.3,T009280.4,T009909.0,T009909.1,T009909.2,T009909.3,T009909.4,T010520.0,T010520.1,T010520.2,T010520.3,T010520.4,T010532.0,T010532.1,T010532.2,T010532.3,T010532.4,T012138.0,T012138.1,T012138.2,T012138.3,T012138.4,T012374.0,T012374.1,T012374.2,T012374.3,T012374.4,T012389.0,T012389.1,T012389.2,T012389.3,T012389.4,T013832.0,T013832.1,T013832.2,T013832.3,T013832.4,T014827.0,T014827.1,T014827.2,T014827.3,T014827.4,T017394.0,T017394.1,T017394.2,T017394.3,T017394.4,T018343.0,T018343.1,T018343.2,T018343.3,T018343.4,T019021.0,T019021.1,T019021.2,T019021.3,T019021.4,T019031.0,T019031.1,T019031.2,T019031.3,T019031.4,T019850.0,T019850.1,T019850.2,T019850.3,T019850.4,T020231.0,T020231.1,T020231.2,T020231.3,T020231.4,T021076.0,T021076.1,T021076.2,T021076.3,T021076.4,T021613.0,T021613.1,T021613.2,T021613.3,T021613.4,T023390.0,T023390.1,T023390.2,T023390.3,T023390.4,T023909.0,T023909.1,T023909.2,T023909.3,T023909.4,T024121.0,T024121.1,T024121.2,T024121.3,T024121.4,T028183.0,T028183.1,T028183.2,T028183.3,T028183.4
k__Bacteria|p__Firmicutes|c__Bacilli|o__Lactobacillales|f__Enterococcaceae|g__unclassified|s__unclassified,-0.28574407,-0.32443213,-0.3514585,-0.3514585,-0.3543449,-0.31121662,-0.34956193,-0.35552558,-0.35355157,-0.35105622,-0.3313659,-0.3067902,-0.34527826,-0.3436599,-0.3538583,-0.30780417,-0.3513301,-0.3365019,-0.3378605,-0.35096884,-0.2703327,-0.35307166,-0.3462141,-0.35720402,-0.35481107,-0.3366719,-0.3504457,-0.3477889,-0.35797155,-0.3500327,-0.31815568,-0.30771792,-0.26893306,-0.35735446,-0.35500216,-0.25396472,-0.33594304,-0.35719213,-0.3509197,-0.3521756,-0.26324958,-0.33705437,-0.34331423,-0.3421979,-0.34762126,-0.2568045,-0.31553984,-0.34594566,-0.35437846,-0.35167256,-0.27991652,-0.270654,-0.27204362,-0.35545924,-0.3558807,-0.3133456,-0.35199606,-0.34988287,-0.35018334,-0.3462447,-0.32914695,-0.32914695,-0.35751456,-0.3593669,-0.35379392,-0.2859781,-0.28761852,-0.3465716,-0.35549897,-0.34935284,-0.3253287,-0.34426677,-0.32729015,-0.35305658,-0.34904224,-0.26304597,-0.26091534,-0.25958246,-0.34404397,-0.35182393,-0.31283143,-0.34556043,-0.34826383,-0.35933927,-0.35463315,-0.2547989,-0.24514951,-0.35543138,-0.35418794,-0.34609285,-0.315688,-0.2645283,-0.3565628,-0.35630754,-0.34885073,-0.3065683,-0.3451962,-0.30649143,-0.36058763,-0.35280955,-0.27306527,-0.304123,-0.35037035,-0.35043538,-0.35278368,-0.26381022,-0.3555616,-0.35609764,-0.35361508,-0.35827664,-0.3433188,-0.35637724,-0.35348547,-0.34833512,-0.3503797,-0.18443729,-0.31538883,-0.3517738,-0.32867774,-0.35133377,-0.34652692,-0.35169965,-0.35109764,-0.35642433,-0.34682974,-0.32128388,-0.33104873,-0.35918453,-0.34840393,-0.3503465,-0.2788417,-0.3442507,0.5815406,-0.35925305,-0.3556554,-0.2728125,-0.3173398,-0.3480175,-0.3255347,-0.34978673,-0.2555955,-0.2555955,-0.35720906,-0.35404736,1.3477578
k__Bacteria|p__Firmicutes|c__Clostridia|o__Clostridiales|f__Clostridiaceae|g__Peptoniphilus|s__asaccharolyticus,-0.28574407,-0.32443213,-0.3514585,-0.3514585,-0.3547467,-0.31121662,-0.34956193,-0.35552558,-0.354119,-0.35134873,-0.3313659,-0.3067902,-0.34527826,-0.3436599,-0.3537762,-0.30780417,-0.3513301,-0.33655983,-0.33803517,-0.3511508,-0.2703327,-0.35307166,-0.3462141,-0.35720402,-0.35475057,0.9384766,-0.3504457,-0.3477889,-0.35797155,-0.35059887,1.1321146,-0.30771792,-0.26893306,-0.35735446,-0.35568783,-0.25396472,-0.33594304,-0.35719213,-0.3509197,-0.35207832,-0.26324958,-0.33729112,-0.34331423,-0.3421979,-0.34803152,-0.2568045,-0.31514525,-0.34594566,-0.35437846,-0.35205746,-0.27991652,-0.270654,-0.27204362,-0.35545924,-0.3560737,-0.3133456,-0.35199606,-0.35017318,-0.35057193,-0.34625423,-0.32914695,-0.32914695,-0.35751456,-0.3593669,-0.35379392,-0.2859781,-0.28761852,-0.3465716,-0.3559285,-0.34939262,-0.32488504,-0.34426677,-0.32729015,-0.35305658,-0.34904224,-0.26304597,-0.26091534,-0.25958246,-0.34404397,-0.35182393,-0.31283143,-0.34572515,-0.34848502,-0.35933927,-0.35463315,-0.2547989,-0.24514951,-0.35486716,-0.35418794,-0.34636828,-0.31518728,-0.2645283,-0.3565628,-0.3570192,-0.3491032,-0.3065683,-0.3451962,-0.30649143,-0.36058763,-0.35280955,-0.27306527,-0.304123,-0.35093835,-0.35147884,-0.3532018,-0.26381022,-0.3555616,-0.35609764,-0.35404485,-0.35827664,-0.3433188,-0.35637724,-0.35366,-0.34833512,-0.35057634,-0.18443729,-0.31538883,-0.35230562,-0.32932603,-0.35139757,-0.34652692,-0.35169965,-0.35109764,-0.35715273,-0.3466566,-0.32128388,-0.3316327,-0.35918453,-0.34840393,-0.35068557,-0.2788417,-0.3442507,-0.35489932,-0.35925305,-0.3556554,-0.2728125,-0.3173398,-0.34867746,-0.3255347,-0.34978673,-0.2555955,-0.2555955,-0.35720906,-0.35404736,-0.30212936
k__Bacteria|p__Firmicutes|c__Bacilli|o__Lactobacillales|f__Streptococcaceae|g__unclassified|s__unclassified,-0.28574407,-0.32443213,-0.3514585,-0.3514585,-0.35389,-0.31121662,-0.34956193,-0.35552558,-0.35438466,-0.35208642,-0.3313659,-0.3067902,-0.34527826,-0.3436599,-0.35330382,-0.30780417,-0.3513301,-0.33711857,-0.33892816,-0.35266352,-0.2703327,-0.35307166,-0.3462141,-0.35720402,-0.35468686,-0.3366719,-0.3504457,0.8086319,-0.35797155,-0.3497221,-0.31815568,-0.30771792,-0.26893306,-0.35735446,-0.35577384,-0.25396472,-0.33594304,-0.35719213,-0.3509197,-0.35235748,-0.26324958,-0.33894876,-0.34331423,-0.3421979,-0.34712803,-0.2568045,-0.31576476,-0.34594566,-0.35437846,-0.35171616,-0.27991652,-0.270654,-0.27204362,-0.35545924,-0.35684088,-0.3133456,-0.35199606,-0.35089862,-0.35104105,-0.34749728,-0.32914695,-0.32914695,-0.35751456,-0.3593669,-0.35379392,-0.2859781,-0.28761852,-0.3465716,-0.35623422,-0.35002607,-0.327771,-0.34426677,-0.32729015,-0.35305658,-0.34904224,-0.26304597,-0.26091534,-0.25958246,-0.34404397,-0.35182393,-0.31283143,-0.34537417,-0.34999055,-0.35933927,-0.35463315,-0.2547989,-0.24514951,-0.35677156,-0.35418794,-0.34712508,-0.31491968,-0.2645283,-0.3565628,-0.35702193,-0.35034612,-0.3065683,-0.3451962,-0.30649143,-0.36058763,-0.35280955,-0.27306527,-0.304123,-0.35199717,-0.35206524,-0.35334826,-0.26381022,-0.3555616,-0.35609764,-0.3539845,-0.35827664,-0.3433188,-0.35637724,-0.35440573,-0.34833512,-0.35153338,-0.18443729,-0.31538883,-0.3533836,-0.32495108,-0.35226703,-0.34652692,-0.35169965,-0.35109764,-0.35654432,-0.34814352,-0.32128388,-0.3273965,-0.35918453,-0.34840393,-0.3512806,-0.2788417,-0.3442507,-0.35489932,-0.35925305,-0.3556554,-0.2728125,-0.3173398,-0.34844822,-0.3255347,-0.34978673,-0.2555955,-0.2555955,-0.35720906,-0.35404736,1.3816748
k__Bacteria|p__Firmicutes|c__Clostridia|o__Coriobacteriales|f__Coriobacteriaceae|g__Collinsella|s__aerofaciens,-0.28574407,-0.32443213,-0.3514585,-0.3514585,-0.3544817,-0.31121662,-0.34956193,-0.35552558,-0.35374406,-0.35128137,-0.3313659,-0.3067902,-0.34527826,-0.3436599,-0.35380536,-0.30780417,-0.3513301,-0.33618575,-0.33763015,-0.35109174,-0.2703327,-0.35307166,-0.3462141,-0.35720402,-0.35498974,-0.3366719,-0.3504457,-0.3477889,-0.35797155,-0.35011908,-0.31815568,-0.30771792,-0.26893306,-0.35735446,-0.35534436,-0.25396472,-0.33594304,-0.35719213,-0.3509197,-0.35193104,-0.26324958,-0.33734483,-0.34331423,-0.3421979,-0.34754097,-0.2568045,-0.31546766,-0.34594566,-0.35437846,-0.35173076,-0.27991652,-0.270654,-0.27204362,-0.35545924,-0.3560982,-0.3133456,-0.35199606,-0.34984183,-0.35000247,-0.3459952,1.0424414,1.0424414,-0.35751456,-0.3593669,-0.35379392,-0.2859781,-0.28761852,-0.3465716,-0.35545248,-0.34940624,-0.3250069,-0.34426677,-0.32729015,-0.35305658,-0.34904224,-0.26304597,-0.26091534,-0.25958246,-0.34404397,-0.35182393,-0.31283143,-0.34504932,-0.34812582,-0.35933927,-0.35463315,-0.2547989,-0.24514951,-0.35529372,-0.35418794,-0.3456072,-0.31347784,-0.2645283,-0.3565628,-0.35665902,-0.3492037,-0.3065683,-0.3451962,-0.30649143,-0.36058763,-0.35280955,-0.27306527,-0.304123,-0.35049188,-0.3507703,-0.3529377,-0.26381022,-0.3555616,-0.35609764,-0.3537072,-0.35827664,-0.3433188,-0.35637724,-0.35323766,-0.34833512,-0.35071218,-0.18443729,-0.31538883,-0.3517858,-0.32780975,-0.35125196,0.82439363,-0.35169965,-0.35109764,-0.35634187,-0.34677592,-0.32128388,-0.33007166,-0.35918453,-0.34840393,-0.3507302,-0.2788417,-0.3442507,0.57905084,-0.35925305,-0.3556554,-0.2728125,-0.3173398,-0.3471948,-0.3255347,-0.34978673,-0.2555955,-0.2555955,-0.35720906,-0.35404736,-0.30212936
k__Bacteria|p__Firmicutes|c__Clostridia|o__Clostridiales|f__Lachnospiraceae|g__Blautia|s__producta,-0.28574407,-0.32443213,-0.3514585,-0.3514585,-0.35409525,-0.31121662,-0.34956193,-0.35552558,-0.35341704,-0.35041797,-0.3313659,-0.3067902,-0.34527826,-0.3436599,-0.35221687,-0.30780417,-0.3513301,-0.3353539,-0.33733526,-0.3516392,-0.2703327,-0.35307166,-0.3462141,-0.35720402,-0.35331357,-0.3366719,-0.3504457,-0.3477889,-0.35797155,-0.34951162,-0.31815568,-0.30771792,-0.26893306,-0.35735446,-0.35554478,-0.25396472,-0.33594304,-0.35719213,-0.3509197,-0.35114998,-0.26324958,-0.33715647,-0.34331423,-0.3421979,-0.34701943,-0.2568045,-0.3121541,-0.34594566,-0.35437846,-0.35048932,-0.27991652,-0.270654,-0.27204362,-0.35545924,-0.35584348,-0.3133456,-0.35199606,-0.35008192,-0.35011512,-0.3466038,-0.32914695,-0.32914695,-0.35751456,-0.3593669,-0.35379392,-0.2859781,-0.28761852,-0.3465716,-0.35580316,-0.34859574,-0.32378685,-0.34426677,-0.32729015,-0.35305658,-0.34904224,-0.26304597,-0.26091534,-0.25958246,-0.34404397,-0.35182393,1.2276524,-0.34387252,-0.34892994,-0.35933927,-0.35463315,-0.2547989,-0.24514951,-0.35424244,-0.35418794,-0.3480034,-0.31645012,-0.2645283,-0.3565628,-0.3561613,-0.34833828,-0.3065683,-0.3451962,-0.30649143,-0.36058763,-0.35280955,-0.27306527,-0.304123,-0.35038912,-0.35118216,-0.35314712,-0.26381022,-0.3555616,-0.35609764,-0.35298777,-0.35827664,-0.3433188,-0.35637724,-0.35437864,-0.34833512,-0.35015655,-0.18443729,-0.31538883,-0.35234946,-0.32491177,-0.35100064,-0.34652692,-0.35169965,-0.35109764,-0.35681605,-0.3462941,-0.32128388,-0.32725203,-0.35918453,-0.34840393,-0.3494751,-0.2788417,-0.3442507,0.58020073,-0.35925305,-0.3556554,-0.2728125,-0.3173398,-0.35075873,-0.3255347,-0.34978673,-0.2555955,-0.2555955,-0.35720906,-0.35404736,-0.30212936
k__Bacteria|p__Firmicutes|c__Bacilli|o__Gemellales|f__Gemellaceae|g__unclassified|s__unclassified,-0.28574407,-0.32443213,-0.3514585,-0.3514585,-0.35359675,-0.31121662,-0.34956193,-0.35552558,-0.35437542,-0.35168952,0.9967171,-0.3067902,-0.34527826,-0.3436599,-0.35546118,-0.30780417,-0.3513301,-0.33800086,-0.3381511,-0.35052347,-0.2703327,-0.35307166,-0.3462141,-0.35720402,-0.3570813,-0.3366719,-0.3504457,-0.3477889,-0.35797155,-0.35038978,-0.31815568,-0.30771792,-0.26893306,-0.35735446,-0.3556767,-0.25396472,-0.33594304,-0.35719213,-0.3509197,-0.3524318,-0.26324958,-0.3377987,-0.34331423,-0.3421979,-0.34683043,-0.2568045,-0.31804577,-0.34594566,-0.35437846,-0.3532145,-0.27991652,-0.270654,-0.27204362,-0.35545924,-0.35614723,-0.3133456,-0.35199606,-0.35030365,-0.35047728,-0.34545708,-0.32914695,-0.32914695,-0.35751456,-0.3593669,-0.35379392,-0.2859781,-0.28761852,-0.3465716,-0.3560449,-0.35034728,-0.32445848,-0.34426677,-0.32729015,-0.35305658,-0.34904224,-0.26304597,-0.26091534,-0.25958246,-0.34404397,-0.35182393,-0.31283143,-0.3483452,-0.348422,-0.35933927,-0.35463315,1.6744976,1.7589206,-0.3568728,-0.35418794,-0.34269208,-0.31287113,-0.2645283,-0.3565628,-0.35739315,-0.34915918,1.2244824,-0.3451962,-0.30649143,-0.36058763,-0.35280955,-0.27306527,-0.304123,-0.35058737,-0.3489294,-0.35160547,-0.26381022,-0.3555616,-0.35609764,-0.3546989,-0.35827664,-0.3433188,-0.35637724,-0.35316014,-0.34833512,-0.35042438,-0.18443729,1.2083321,-0.35200322,-0.33151177,-0.3511388,-0.34652692,-0.35169965,-0.35109764,-0.3566134,-0.34648037,-0.32128388,-0.3353322,-0.35918453,-0.34840393,-0.35134858,-0.2788417,-0.3442507,-0.35489932,-0.35925305,-0.3556554,-0.2728125,-0.3173398,-0.3436308,-0.3255347,-0.34978673,-0.2555955,-0.2555955,-0.35720906,-0.35404736,1.3470447
k__Bacteria|p__Firmicutes|c__Bacilli|o__unclassified|f__unclassified|g__unclassified|s__unclassified,1.384919,-0.32443213,-0.3514585,-0.3514585,-0.3540197,-0.31121662,-0.34956193,-0.35552558,-0.35364217,-0.35058546,1.0061615,-0.3067902,-0.34527826,-0.3436599,-0.35240927,-0.30780417,-0.3513301,-0.33547646,-0.33734778,-0.3516357,-0.2703327,-0.35307166,-0.3462141,-0.35720402,-0.35392332,-0.3366719,-0.3504457,0.8100934,-0.35797155,-0.34982026,-0.31815568,-0.30771792,-0.26893306,-0.35735446,-0.35586935,-0.25396472,-0.33594304,-0.35719213,-0.3509197,-0.35134476,-0.26324958,-0.33737415,-0.34331423,-0.3421979,-0.34695357,-0.2568045,-0.31274635,-0.34594566,-0.35437846,-0.35083598,-0.27991652,-0.270654,-0.27204362,-0.35545924,-0.35585785,-0.3133456,-0.35199606,-0.35009548,-0.35025,-0.34651542,-0.32914695,-0.32914695,-0.35751456,-0.3593669,-0.35379392,-0.2859781,-0.28761852,-0.3465716,-0.35597944,-0.34882718,-0.32372218,-0.34426677,-0.32729015,-0.35305658,-0.34904224,1.5920879,-0.26091534,-0.25958246,-0.34404397,-0.35182393,-0.31283143,-0.3441157,-0.34909794,-0.35933927,-0.35463315,-0.2547989,-0.24514951,-0.3543905,-0.35418794,-0.34757462,-0.31426144,-0.2645283,-0.3565628,-0.35637337,-0.34859672,-0.3065683,-0.3451962,-0.30649143,-0.36058763,-0.35280955,-0.27306527,-0.304123,-0.3503614,-0.3510493,-0.3530862,-0.26381022,-0.3555616,-0.35609764,-0.35332397,-0.35827664,-0.3433188,0.5557113,-0.35424256,-0.34833512,-0.35021073,-0.18443729,-0.31538883,-0.35191232,-0.32487446,-0.35111308,-0.34652692,-0.35169965,-0.35109764,-0.3570755,-0.3462539,-0.32128388,-0.3275835,-0.35918453,-0.34840393,-0.3497964,-0.2788417,-0.3442507,0.58716756,-0.35925305,-0.3556554,-0.2728125,-0.3173398,-0.34941268,-0.3255347,-0.34978673,-0.2555955,-0.2555955,-0.35720906,-0.35404736,1.3790531
k__Bacteria|p__Firmicutes|c__Bacilli|o__Lactobacillales|f__Lactobacillaceae|g__Pediococcus|s__unclassified,-0.28574407,-0.32443213,-0.3514585,-0.3514585,-0.35440007,-0.31121662,-0.34956193,-0.35552558,-0.3540622,-0.35117728,-0.3313659,-0.3067902,-0.34527826,-0.3436599,-0.35331714,-0.30780417,-0.3513301,-0.3366539,-0.33800048,-0.35144347,-0.2703327,-0.35307166,-0.3462141,-0.35720402,-0.35476688,-0.3366719,-0.3504457,-0.3477889,-0.35797155,-0.3504101,-0.31815568,-0.30771792,-0.26893306,-0.35735446,-0.35595697,-0.25396472,-0.33594304,-0.35719213,-0.3509197,-0.3518871,-0.26324958,-0.3376009,-0.34331423,-0.3421979,-0.34744722,-0.2568045,-0.3143466,-0.34594566,-0.35437846,-0.35176796,-0.27991652,-0.270654,-0.27204362,-0.35545924,-0.35602373,-0.3133456,-0.35199606,-0.3503927,-0.3506189,-0.3463699,-0.32914695,-0.32914695,-0.35751456,-0.3593669,-0.35379392,-0.2859781,-0.28761852,-0.3465716,-0.35617465,-0.3493814,-0.32437825,-0.34426677,-0.32729015,-0.35305658,-0.34904224,-0.26304597,-0.26091534,-0.25958246,-0.34404397,-0.35182393,-0.31283143,-0.34594852,-0.349042,-0.35933927,-0.35463315,-0.2547989,-0.24514951,-0.35493505,-0.35418794,-0.34654412,-0.31598294,-0.2645283,-0.3565628,-0.35698402,-0.34891412,-0.3065683,-0.3451962,-0.30649143,-0.36058763,-0.35280955,-0.27306527,-0.304123,-0.35087848,-0.35114604,-0.3530165,-0.26381022,-0.3555616,-0.35609764,-0.3538406,-0.35827664,-0.3433188,-0.35637724,-0.35408828,-0.34833512,-0.3503728,-0.18443729,-0.31538883,-0.35306367,-0.32826123,-0.35141122,-0.34652692,-0.35169965,-0.35109764,-0.3573,-0.34642288,-0.32128388,-0.331162,-0.35918453,-0.34840393,-0.35046792,-0.2788417,-0.3442507,-0.35489932,-0.35925305,-0.3556554,-0.2728125,-0.3173398,-0.34885475,-0.3255347,-0.34978673,-0.2555955,-0.2555955,-0.35720906,-0.35404736,-0.30212936
k__Bacteria|p__Firmicutes|c__Bacilli|o__Bacillales|f__Staphylococcaceae|g__Staphylococcus|s__unclassified,-0.28574407,-0.32443213,-0.3514585,-0.3514585,-0.35381955,-0.31121662,-0.34956193,-0.35552558,-0.35342264,-0.3504086,-0.3313659,-0.3067902,-0.34527826,-0.3436599,-0.35233343,1.2712172,-0.3513301,-0.33526853,-0.3370908,-0.3515302,-0.2703327,-0.35307166,-0.3462141,-0.35720402,-0.35368088,-0.3366719,-0.3504457,0.8122816,-0.35797155,-0.34927142,1.1335293,-0.30771792,-0.26893306,-0.35735446,-0.35541463,-0.25396472,-0.33594304,-0.35719213,-0.3509197,-0.3511538,-0.26324958,-0.33707654,-0.34331423,-0.3421979,-0.34655407,1.7152783,-0.31230378,-0.34594566,-0.35437846,-0.35055247,-0.27991652,-0.270654,-0.27204362,-0.35545924,-0.35578537,-0.3133456,-0.35199606,-0.34994495,-0.3500524,-0.3462991,-0.32914695,-0.32914695,-0.35751456,-0.3593669,-0.35379392,-0.2859781,-0.28761852,-0.3465716,-0.35585174,-0.3486418,-0.3235656,-0.34426677,-0.32729015,-0.35305658,-0.34904224,1.587588,-0.26091534,-0.25958246,-0.34404397,-0.35182393,-0.31283143,-0.34379005,-0.34892118,-0.35933927,-0.35463315,-0.2547989,1.7702605,-0.35449716,-0.35418794,-0.34698275,-0.3143732,-0.2645283,-0.3565628,-0.35621244,-0.34837434,-0.3065683,-0.3451962,-0.30649143,-0.36058763,-0.35280955,-0.27306527,-0.304123,-0.35020387,-0.35068178,-0.35281393,-0.26381022,-0.3555616,-0.35609764,-0.35301232,-0.35827664,-0.3433188,-0.35637724,-0.35425723,-0.34833512,-0.3501161,-0.18443729,-0.31538883,-0.35235304,-0.32403862,-0.3509717,0.82027733,-0.35169965,-0.35109764,-0.3566316,-0.34622425,1.0843626,-0.32669467,-0.35918453,-0.34840393,-0.3495782,-0.2788417,-0.3442507,-0.35489932,-0.35925305,-0.3556554,-0.2728125,-0.3173398,-0.3494886,-0.3255347,-0.34978673,-0.2555955,-0.2555955,-0.35720906,-0.35404736,-0.30212936
k__Bacteria|p__Firmicutes|c__Bacilli|o__Lactobacillales|f__Lactobacillaceae|g__unclassified|s__unclassified,-0.28574407,-0.32443213,-0.3514585,-0.3514585,-0.35327795,-0.31121662,-0.34956193,-0.35552558,-0.3527221,-0.34969795,-0.3313659,-0.3067902,-0.34527826,-0.3436599,-0.35101792,-0.30780417,0.7971625,-0.33453533,-0.33665627,-0.3515255,-0.2703327,-0.35307166,-0.3462141,-0.35720402,-0.3521402,-0.3366719,-0.3504457,-0.3477889,-0.35797155,-0.34844863,-0.31815568,-0.30771792,-0.26893306,-0.35735446,-0.354988,-0.25396472,-0.33594304,-0.35719213,-0.3509197,-0.3503189,-0.26324958,-0.33680212,-0.34331423,-0.3421979,-0.34604087,-0.2568045,-0.3110413,0.8563247,-0.35437846,-0.3494327,-0.27991652,-0.270654,-0.27204362,-0.35545924,-0.35537645,-0.3133456,-0.35199606,-0.34971744,-0.34950238,-0.34633818,-0.32914695,-0.32914695,-0.35751456,-0.3593669,-0.35379392,-0.2859781,-0.28761852,-0.3465716,-0.35527146,-0.3478375,-0.32395393,-0.34426677,-0.32729015,-0.35305658,-0.34904224,-0.26304597,-0.26091534,-0.25958246,-0.34404397,-0.35182393,-0.31283143,-0.34249353,-0.34886798,-0.35933927,-0.35463315,-0.2547989,-0.24514951,-0.35378858,-0.35418794,-0.3481233,-0.31584787,-0.2645283,-0.3565628,-0.35535386,-0.34777594,-0.3065683,-0.3451962,-0.30649143,-0.36058763,-0.35280955,-0.27306527,-0.304123,-0.35006204,-0.35092187,-0.35274506,-0.26381022,0.5076186,-0.35609764,-0.35207635,-0.35827664,-0.3433188,-0.35637724,-0.35434788,-0.34833512,-0.34972876,-0.18443729,-0.31538883,-0.3522492,-0.32206613,-0.35055703,-0.34652692,-0.35169965,-0.35109764,-0.3560412,-0.3459506,-0.32128388,-0.32448173,-0.35918453,-0.34840393,-0.34865946,-0.2788417,-0.3442507,-0.35489932,-0.35925305,-0.3556554,-0.2728125,-0.3173398,-0.35132557,-0.3255347,-0.34978673,-0.2555955,-0.2555955,-0.35720906,-0.35404736,-0.30212936
k__Bacteria|p__Firmicutes|c__Bacilli|o__Lactobacillales|f__unclassified|g__unclassified|s__unclassified,-0.28574407,-0.32443213,-0.3514585,-0.3514585,-0.35317922,-0.31121662,-0.34956193,-0.35552558,-0.3537222,-0.35087895,-0.3313659,-0.3067902,-0.34527826,-0.3436599,-0.3524196,-0.30780417,-0.3513301,-0.33653444,-0.33801454,-0.35207093,-0.2703327,-0.35307166,-0.3462141,-0.35720402,-0.35444057,-0.3366719,-0.3504457,-0.3477889,-0.35797155,-0.34952757,-0.31815568,-0.30771792,-0.26893306,-0.35735446,-0.35610685,-0.25396472,-0.33594304,-0.35719213,-0.3509197,-0.3516435,-0.26324958,-0.33755332,-0.34331423,-0.3421979,-0.34585404,-0.2568045,-0.31481823,-0.34594566,-0.35437846,-0.35158253,-0.27991652,-0.270654,-0.27204362,-0.35545924,-0.35596043,-0.3133456,-0.35199606,-0.35043943,-0.3502906,-0.34660807,-0.32914695,-0.32914695,-0.35751456,-0.3593669,-0.35379392,-0.2859781,-0.28761852,-0.3465716,-0.35614058,-0.34921032,-0.3239941,-0.34426677,-0.32729015,-0.35305658,-0.34904224,-0.26304597,-0.26091534,-0.25958246,-0.34404397,-0.35182393,-0.31283143,-0.3462874,-0.34989345,-0.35933927,-0.35463315,-0.2547989,-0.24514951,-0.3561257,-0.35418794,-0.34706455,-0.316207,-0.2645283,-0.3565628,-0.35606968,-0.3488542,-0.3065683,-0.3451962,-0.30649143,-0.36058763,-0.35280955,-0.27306527,-0.304123,-0.35066092,-0.35126892,-0.3530042,-0.26381022,-0.3555616,-0.35609764,-0.35324746,-0.35827664,-0.3433188,-0.35637724,-0.35410744,-0.34833512,-0.35037625,-0.18443729,-0.31538883,-0.35180283,-0.32773027,-0.3510615,-0.34652692,-0.35169965,-0.35109764,-0.35703525,-0.34657353,-0.32128388,-0.3316302,-0.35918453,-0.34840393,-0.35016745,-0.2788417,-0.3442507,-0.35489932,-0.35925305,-0.3556554,-0.2728125,-0.3173398,-0.3473334,-0.3255347,-0.34978673,-0.2555955,-0.2555955,-0.35720906,-0.35404736,1.3487552
k__Bacteria|p__Firmicutes|c__Clostridia|o__Clostridiales|f__Veillonellaceae|g__Megasphaera|s__micronuciformis,-0.28574407,1.0779146,-0.3514585,-0.3514585,-0.35471722,-0.31121662,-0.34956193,-0.35552558,-0.35398594,-0.35133356,-0.3313659,-0.3067902,-0.34527826,-0.3436599,-0.35372207,-0.30780417,-0.3513301,-0.3362676,-0.33776563,-0.3513428,-0.2703327,-0.35307166,-0.3462141,-0.35720402,-0.35519192,-0.3366719,-0.3504457,-0.3477889,-0.35797155,-0.35073048,-0.31815568,-0.30771792,-0.26893306,-0.35735446,-0.35588682,-0.25396472,-0.33594304,-0.35719213,-0.3509197,-0.35230175,-0.26324958,-0.3373996,-0.34331423,-0.3421979,-0.3479119,-0.2568045,-0.31516987,-0.34594566,-0.35437846,-0.3520413,-0.27991652,-0.270654,-0.27204362,-0.35545924,-0.35606056,-0.3133456,-0.35199606,-0.3500438,-0.35044837,-0.3463622,1.0411692,1.0411692,-0.35751456,-0.3593669,-0.35379392,-0.2859781,-0.28761852,-0.3465716,-0.3558854,-0.34952867,-0.32492438,-0.34426677,-0.32729015,-0.35305658,-0.34904224,-0.26304597,-0.26091534,-0.25958246,-0.34404397,-0.35182393,-0.31283143,-0.3451351,-0.3486056,-0.35933927,-0.35463315,-0.2547989,-0.24514951,-0.3550193,-0.35418794,-0.34649158,-0.31294948,-0.2645283,-0.3565628,-0.3567674,-0.34926164,-0.3065683,-0.3451962,-0.30649143,-0.36058763,-0.35280955,-0.27306527,1.2344959,-0.35063267,-0.351071,-0.35330135,-0.26381022,-0.3555616,-0.35609764,-0.35397726,-0.35827664,-0.3433188,-0.35637724,-0.35368872,-0.34833512,-0.35066223,-0.18443729,-0.31538883,-0.35162032,-0.3277816,-0.3516826,-0.34652692,-0.35169965,-0.35109764,-0.3571204,-0.34678736,-0.32128388,-0.33037943,-0.35918453,-0.34840393,-0.35077634,-0.2788417,-0.3442507,-0.35489932,-0.35925305,-0.3556554,-0.2728125,-0.3173398,-0.3479105,-0.3255347,-0.34978673,-0.2555955,-0.2555955,-0.35720906,-0.35404736,-0.30212936
k__Bacteria|p__Firmicutes|c__Bacilli|o__Lactobacillales|f__Lactobacillaceae|g__Lactobacillus|s__unclassified,-0.28574407,-0.32443213,-0.3514585,-0.3514585,-0.3542888,1.1665778,-0.34956193,0.6132845,-0.3533875,-0.35123938,0.9979541,-0.3067902,-0.34527826,-0.3436599,-0.352138,1.2834514,-0.3513301,-0.33488455,-0.33664817,-0.35222745,-0.2703327,-0.35307166,-0.3462141,-0.35720402,-0.35482034,-0.3366719,-0.3504457,-0.3477889,-0.35797155,-0.34972793,1.2218671,-0.30771792,-0.26893306,-0.35735446,-0.35632706,-0.25396472,-0.33594304,-0.35719213,-0.3509197,-0.35106057,-0.26324958,-0.33898625,-0.34331423,-0.3421979,-0.34656888,-0.2568045,-0.3142589,0.9109649,-0.35437846,-0.3503896,-0.27991652,-0.270654,-0.27204362,-0.35545924,-0.35648662,-0.3133456,-0.35199606,-0.34998655,-0.34905154,-0.34611267,-0.32914695,-0.32914695,-0.35751456,-0.3593669,-0.35379392,1.4014848,1.4207765,-0.3465716,-0.35497698,-0.34928596,-0.32565457,-0.34426677,-0.32729015,-0.35305658,0.65093726,-0.26304597,-0.26091534,-0.25958246,-0.34404397,-0.35182393,-0.31283143,-0.34216183,-0.3488937,-0.35933927,-0.35463315,-0.2547989,-0.24514951,-0.35527128,-0.35418794,-0.34654027,-0.30765536,-0.2645283,-0.3565628,-0.3564189,-0.34992778,1.2244824,-0.3451962,-0.30649143,-0.36058763,-0.35280955,-0.27306527,-0.304123,-0.35063785,-0.35107842,-0.3534814,-0.26381022,0.5983158,-0.35609764,-0.35299888,-0.35827664,0.7980886,-0.35637724,-0.35354227,-0.34833512,-0.35140944,-0.18443729,-0.31538883,-0.3520042,-0.32000834,-0.35149658,-0.34652692,0.68338215,-0.35109764,-0.35563034,-0.34691098,1.0860271,-0.32265976,-0.35918453,-0.34840393,-0.35092235,-0.2788417,0.94437426,-0.35489932,-0.35925305,-0.3556554,-0.2728125,1.1293715,-0.34639853,-0.3255347,-0.34978673,-0.2555955,-0.2555955,-0.35720906,-0.35404736,-0.30212936
k__Bacteria|p__Firmicutes|c__Clostridia|o__Clostridiales|f__Clostridiaceae|g__Clostridium|s__perfringens,1.7364974,1.1175034,-0.3514585,-0.3514585,-0.35621524,-0.31121662,-0.34956193,-0.35552558,-0.35456696,-0.35290575,-0.3313659,-0.3067902,-0.34527826,-0.3436599,-0.35497716,-0.30780417,-0.3513301,-0.33649945,-0.33748835,-0.35156286,-0.2703327,-0.35307166,-0.3462141,-0.35720402,-0.35671592,0.9955423,-0.3504457,0.8289007,-0.35797155,-0.35131222,-0.31815568,-0.30771792,-0.26893306,-0.35735446,-0.35614842,-0.25396472,0.90738493,-0.35719213,-0.3509197,-0.35332558,-0.26324958,-0.3378654,-0.34331423,-0.3421979,-0.3488688,-0.2568045,-0.31556863,-0.34594566,-0.35437846,-0.35259217,-0.27991652,-0.270654,1.52053,-0.35545924,-0.357395,-0.3133456,-0.35199606,-0.35055286,-0.3503111,-0.34594744,-0.32914695,-0.32914695,-0.35751456,-0.3593669,-0.35379392,1.3903203,1.3846283,-0.3465716,-0.35565072,-0.3504706,-0.32760298,-0.34426677,-0.32729015,-0.35305658,-0.34904224,1.6500276,1.5888921,-0.25958246,-0.34404397,-0.35182393,-0.31283143,-0.34570724,-0.34836185,-0.35933927,-0.35463315,-0.2547989,-0.24514951,-0.35730642,-0.35418794,-0.34511155,-0.3093241,-0.2645283,-0.3565628,-0.35817146,-0.35086083,-0.3065683,-0.3451962,-0.30649143,-0.36058763,-0.35280955,-0.27306527,-0.304123,-0.35227543,-0.35210866,-0.35399145,-0.26381022,0.49916658,-0.35609764,-0.35484225,-0.35827664,-0.3433188,-0.35637724,-0.3533274,-0.34833512,-0.35185283,-0.18443729,1.3279026,-0.35443535,-0.32641435,-0.35284424,-0.34652692,-0.35169965,-0.35109764,-0.35676253,-0.34777248,-0.32128388,-0.32864085,-0.35918453,-0.34840393,-0.35246778,-0.2788417,-0.3442507,-0.35489932,-0.35925305,-0.3556554,1.644981,-0.3173398,-0.34634075,-0.3255347,-0.34978673,-0.2555955,-0.2555955,-0.35720906,-0.35404736,-0.30212936
k__Bacteria|p__Firmicutes|c__Clostridia|o__Clostridiales|f__Lachnospiraceae|g__Blautia|s__obeum,-0.28574407,-0.32443213,-0.3514585,-0.3514585,-0.35445467,-0.31121662,-0.34956193,-0.35552558,-0.35285404,-0.35006613,-0.3313659,-0.3067902,-0.34527826,-0.3436599,-0.351685,-0.30780417,-0.3513301,-0.33444715,-0.33659878,-0.35103747,-0.2703327,-0.35307166,-0.3462141,-0.35720402,-0.3527406,-0.3366719,-0.3504457,-0.3477889,-0.35797155,-0.34944338,-0.31815568,-0.30771792,-0.26893306,-0.35735446,-0.35491186,-0.25396472,-0.33594304,-0.35719213,-0.3509197,-0.35101506,-0.26324958,-0.33601686,-0.34331423,-0.3421979,-0.34712416,-0.2568045,-0.31109846,-0.34594566,-0.35437846,-0.35015082,-0.27991652,-0.270654,-0.27204362,-0.35545924,-0.35528123,-0.3133456,-0.35199606,-0.3492678,-0.3495406,-0.3458678,-0.32914695,-0.32914695,-0.35751456,-0.3593669,-0.35379392,-0.2859781,-0.28761852,-0.3465716,-0.35518777,-0.34798273,-0.32291386,-0.34426677,-0.32729015,-0.35305658,-0.34904224,-0.26304597,-0.26091534,-0.25958246,-0.34404397,-0.35182393,-0.31283143,-0.3431306,-0.3480683,-0.35933927,-0.35463315,-0.2547989,-0.24514951,-0.35314664,-0.35418794,-0.347574,-0.3154247,-0.2645283,-0.3565628,-0.3557537,-0.34797046,-0.3065683,-0.3451962,-0.30649143,0.48461035,-0.35280955,-0.27306527,-0.304123,-0.3499218,-0.3513252,-0.35319918,-0.26381022,-0.3555616,-0.35609764,-0.35239786,-0.35827664,-0.3433188,-0.35637724,-0.3536086,-0.34833512,-0.34973353,-0.18443729,-0.31538883,-0.35232818,-0.32497385,-0.3508102,-0.34652692,-0.35169965,-0.35109764,-0.35648912,-0.34584624,-0.32128388,-0.3271137,-0.35918453,-0.34840393,-0.34917277,-0.2788417,-0.3442507,-0.35489932,-0.35925305,-0.3556554,-0.2728125,-0.3173398,-0.3506202,-0.3255347,0.34547377,-0.2555955,-0.2555955,-0.35720906,-0.35404736,-0.30212936
k__Bacteria|p__Firmicutes|c__Bacilli|o__Lactobacillales|f__Lactobacillaceae|g__Lactobacillus|s__zeae,-0.28574407,-0.32443213,-0.3514585,-0.3514585,-0.35445702,1.1738749,-0.34956193,0.6443654,-0.35363698,-0.35118678,1.0037062,1.2418388,-0.34527826,-0.3436599,-0.3535427,-0.30780417,-0.3513301,-0.3347658,-0.33636236,-0.35100484,-0.2703327,-0.35307166,-0.3462141,-0.35720402,-0.3554694,0.9836223,-0.3504457,-0.3477889,-0.35797155,-0.35001105,1.1413002,-0.30771792,-0.26893306,-0.35735446,-0.35557032,-0.25396472,-0.33594304,-0.35719213,-0.3509197,-0.35187116,1.5981854,-0.33668524,-0.34331423,-0.3421979,-0.34691912,1.7042166,-0.31423646,-0.34594566,-0.35437846,-0.3515145,-0.27991652,-0.270654,-0.27204362,-0.35545924,-0.3561953,-0.3133456,-0.35199606,-0.34939736,-0.3494107,-0.34532714,-0.32914695,-0.32914695,-0.35751456,-0.3593669,-0.35379392,1.4167874,1.4465562,-0.3465716,-0.3552479,-0.3492085,-0.32408854,-0.34426677,-0.32729015,-0.35305658,-0.34904224,-0.26304597,-0.26091534,-0.25958246,-0.34404397,-0.35182393,-0.31283143,-0.34374624,-0.34783024,-0.35933927,-0.35463315,1.6757418,1.7600356,-0.3555359,-0.35418794,-0.34484416,-0.30704135,-0.2645283,-0.3565628,-0.35662293,-0.34938273,1.2295973,0.8395475,-0.30649143,-0.36058763,-0.35280955,-0.27306527,-0.304123,-0.3501345,-0.35062355,-0.3530409,-0.26381022,-0.3555616,-0.35609764,-0.3537005,-0.35827664,0.9018388,-0.35637724,-0.35280108,0.7622822,-0.3507837,-0.18443729,-0.31538883,-0.35067385,-0.32460815,-0.351229,-0.34652692,-0.35169965,-0.35109764,-0.35621414,-0.34649673,-0.32128388,-0.32722753,-0.35918453,-0.34840393,-0.35087544,-0.2788417,0.9762064,-0.35489932,-0.35925305,-0.3556554,-0.2728125,-0.3173398,-0.34492332,-0.3255347,-0.34978673,-0.2555955,-0.2555955,-0.35720906,-0.35404736,-0.30212936
k__Bacteria|p__Firmicutes|c__Bacilli|o__Lactobacillales|f__Leuconostocaceae|g__Leuconostoc|s__unclassified,-0.28574407,-0.32443213,-0.3514585,-0.3514585,-0.3538056,-0.31121662,-0.34956193,-0.35552558,-0.35372466,-0.35075063,-0.3313659,-0.3067902,-0.34527826,-0.3436599,-0.3534113,-0.30780417,-0.3513301,-0.3359409,-0.33761933,-0.35085082,-0.2703327,-0.35307166,-0.3462141,-0.35720402,-0.3544707,-0.3366719,-0.3504457,0.9808496,-0.35797155,-0.35000482,-0.31815568,-0.30771792,-0.26893306,-0.35735446,-0.35538968,-0.25396472,-0.33594304,-0.35719213,-0.3509197,-0.35156846,-0.26324958,-0.33724853,0.88076645,-0.3421979,-0.3473556,-0.2568045,-0.3146897,0.8756952,-0.35437846,-0.35146743,-0.27991652,-0.270654,-0.27204362,-0.35545924,-0.35564274,-0.3133456,-0.35199606,-0.349658,-0.35033083,-0.34619558,-0.32914695,-0.32914695,-0.35751456,-0.3593669,-0.35379392,-0.2859781,-0.28761852,-0.3465716,-0.35572892,-0.34905893,-0.32396838,0.80832815,-0.32729015,-0.35305658,-0.34904224,-0.26304597,-0.26091534,-0.25958246,-0.34404397,-0.35182393,-0.31283143,-0.3447013,-0.34832877,-0.35933927,-0.35463315,-0.2547989,-0.24514951,-0.354259,-0.35418794,-0.34625283,-0.31290752,-0.2645283,-0.3565628,-0.35647225,-0.34869963,-0.3065683,-0.3451962,-0.30649143,-0.36058763,-0.35280955,-0.27306527,-0.304123,-0.34999895,-0.35033992,-0.35244447,-0.26381022,-0.3555616,-0.35609764,-0.35380554,-0.35827664,-0.3433188,-0.35637724,-0.35331398,-0.34833512,-0.35006946,-0.18443729,-0.31538883,-0.35055667,-0.3272009,-0.35082185,-0.34652692,-0.35169965,-0.35109764,-0.3567919,-0.34623504,-0.32128388,-0.32952106,-0.35918453,-0.34840393,-0.35009173,-0.2788417,-0.3442507,0.66270286,-0.35925305,-0.3556554,-0.2728125,-0.3173398,-0.34737355,-0.3255347,-0.34978673,-0.2555955,-0.2555955,-0.35720906,-0.35404736,-0.30212936
k__Bacteria|p__Firmicutes|c__Clostridia|o__Clostridiales|f__Veillonellaceae|g__Selenomonas|s__unclassified,-0.28574407,-0.32443213,-0.3514585,-0.3514585,-0.35469723,-0.31121662,-0.34956193,-0.35552558,-0.35376993,-0.35091183,-0.3313659,-0.3067902,-0.34527826,-0.3436599,-0.35192388,-0.30780417,-0.3513301,-0.33535236,-0.33793724,-0.35290986,-0.2703327,-0.35307166,-0.3462141,-0.35720402,-0.35322982,-0.3366719,-0.3504457,-0.3477889,-0.35797155,-0.3497927,-0.31815568,-0.30771792,-0.26893306,-0.35735446,-0.3562423,-0.25396472,-0.33594304,-0.35719213,-0.3509197,-0.35155714,-0.26324958,-0.33818215,-0.34331423,-0.3421979,-0.34741718,-0.2568045,-0.31137115,-0.34594566,-0.35437846,-0.34998137,-0.27991652,-0.270654,-0.27204362,-0.35545924,-0.35680684,-0.3133456,-0.35199606,-0.35099745,-0.35045677,-0.34784114,-0.32914695,-0.32914695,0.45545968,-0.3593669,-0.35379392,-0.2859781,-0.28761852,-0.3465716,-0.35623378,-0.34899494,-0.3248547,-0.34426677,-0.32729015,-0.35305658,-0.34904224,-0.26304597,-0.26091534,-0.25958246,-0.34404397,-0.35182393,-0.31283143,-0.3437883,-0.35003567,-0.35933927,-0.35463315,-0.2547989,-0.24514951,-0.35539985,-0.35418794,-0.35066742,-0.31883758,-0.2645283,-0.3565628,-0.3564219,-0.34909126,-0.3065683,-0.3451962,-0.30649143,-0.36058763,-0.35280955,-0.27306527,-0.304123,-0.35113415,-0.35247105,-0.3542493,-0.26381022,-0.3555616,-0.35609764,-0.35329628,-0.35827664,-0.3433188,-0.35637724,-0.35525435,-0.34833512,-0.3508923,-0.18443729,-0.31538883,-0.35283494,-0.32321915,-0.3516079,-0.34652692,-0.35169965,-0.35109764,-0.35732087,-0.34711155,-0.32128388,-0.32510328,-0.35918453,-0.34840393,-0.34974188,-0.2788417,-0.3442507,-0.35489932,-0.35925305,-0.3556554,-0.2728125,-0.3173398,-0.35213187,-0.3255347,-0.34978673,-0.2555955,-0.2555955,-0.35720906,-0.35404736,-0.30212936
k__Bacteria|p__Firmicutes|c__Clostridia|o__Clostridiales|f__Veillonellaceae|g__Dialister|s__invisus,-0.28574407,-0.32443213,-0.3514585,-0.3514585,-0.3535552,-0.31121662,-0.34956193,-0.35552558,-0.35372984,-0.35036373,-0.3313659,-0.3067902,-0.34527826,-0.3436599,-0.35212874,-0.30780417,-0.3513301,-0.33606696,-0.33770442,-0.3518021,-0.2703327,-0.35307166,-0.3462141,-0.35720402,-0.35307887,-0.3366719,-0.3504457,-0.3477889,-0.35797155,-0.3491314,-0.31815568,-0.30771792,-0.26893306,-0.35735446,-0.35563183,-0.25396472,-0.33594304,-0.35719213,-0.3509197,-0.35081506,-0.26324958,-0.3377921,-0.34331423,-0.3421979,-0.34660268,-0.2568045,-0.31227487,-0.34594566,-0.35437846,-0.3504639,-0.27991652,-0.270654,-0.27204362,-0.35545924,-0.35585362,-0.3133456,-0.35199606,-0.35074386,-0.35051024,-0.34673405,-0.32914695,-0.32914695,-0.35751456,-0.3593669,-0.35379392,-0.2859781,-0.28761852,-0.3465716,-0.35619956,-0.34860474,-0.32435292,-0.34426677,-0.32729015,-0.35305658,-0.34904224,-0.26304597,-0.26091534,-0.25958246,-0.34404397,-0.35182393,-0.31283143,-0.34433055,-0.3495578,-0.35933927,-0.35463315,-0.2547989,-0.24514951,-0.35465133,-0.35418794,-0.34765273,-0.31786698,-0.2645283,-0.3565628,-0.35645628,-0.34809488,-0.3065683,-0.3451962,-0.30649143,-0.36058763,-0.35280955,-0.27306527,-0.304123,-0.35101116,-0.35099742,-0.35272765,-0.26381022,-0.3555616,-0.35609764,-0.35306937,-0.35827664,-0.3433188,-0.35637724,-0.35525537,-0.34833512,-0.35008523,-0.18443729,-0.31538883,-0.3535627,-0.32444435,-0.35100633,-0.34652692,-0.35169965,-0.35109764,-0.35690582,-0.34626737,-0.32128388,-0.32715997,-0.35918453,-0.34840393,-0.34929994,-0.2788417,-0.3442507,-0.35489932,-0.35925305,-0.3556554,-0.2728125,-0.3173398,-0.35199556,-0.3255347,-0.34978673,-0.2555955,-0.2555955,-0.35720906,-0.35404736,-0.30212936
k__Bacteria|p__Firmicutes|c__Clostridia|o__Clostridiales|f__Ruminococcaceae|g__Ruminococcus|s__bromii,-0.28574407,-0.32443213,-0.3514585,-0.3514585,-0.35452282,-0.31121662,-0.34956193,-0.35552558,-0.35368612,-0.35093176,-0.3313659,-0.3067902,-0.34527826,-0.3436599,-0.3527953,-0.30780417,-0.3513301,-0.33552465,-0.33760005,-0.35201782,-0.2703327,-0.35307166,-0.3462141,-0.35720402,-0.35374093,-0.3366719,0.7633376,-0.3477889,-0.35797155,-0.34980494,-0.31815568,-0.30771792,-0.26893306,-0.35735446,-0.35577065,-0.25396472,-0.33594304,-0.35719213,-0.3509197,-0.35175318,-0.26324958,-0.33738238,-0.34331423,-0.3421979,-0.3475824,-0.2568045,-0.31291205,-0.34594566,-0.35437846,-0.3508615,-0.27991652,-0.270654,-0.27204362,-0.35545924,-0.35639867,-0.3133456,-0.35199606,-0.35037333,-0.3503381,-0.3470869,-0.32914695,-0.32914695,-0.35751456,-0.3593669,-0.35379392,-0.2859781,-0.28761852,-0.3465716,-0.35589966,-0.34903604,-0.32509154,-0.34426677,-0.32729015,-0.35305658,-0.34904224,-0.26304597,-0.26091534,-0.25958246,-0.34404397,-0.35182393,-0.31283143,-0.3438962,-0.34912378,-0.35933927,-0.35463315,-0.2547989,-0.24514951,-0.35523123,-0.35418794,-0.34862894,-0.3158121,-0.2645283,-0.3565628,-0.35632503,-0.34896266,-0.3065683,-0.3451962,-0.30649143,-0.36058763,-0.35280955,-0.27306527,-0.304123,-0.3508559,-0.35169345,-0.3536932,-0.26381022,-0.3555616,-0.35609764,-0.35340437,-0.35827664,-0.3433188,-0.35637724,-0.35454732,-0.34833512,-0.3507549,-0.18443729,-0.31538883,-0.3519966,-0.3248069,-0.3515185,-0.34652692,-0.35169965,-0.35109764,-0.3569287,-0.34704596,-0.32128388,-0.32687637,-0.35918453,-0.34840393,-0.34996682,-0.2788417,-0.3442507,-0.35489932,-0.35925305,-0.3556554,-0.2728125,-0.3173398,-0.35081822,-0.3255347,-0.34978673,-0.2555955,-0.2555955,-0.35720906,-0.35404736,-0.30212936
k__Bacteria|p__Firmicutes|c__Clostridia|o__Clostridiales|f__Veillonellaceae|g__Megamonas|s__unclassified,-0.28574407,-0.32443213,-0.3514585,-0.3514585,-0.35384947,-0.31121662,-0.34956193,-0.35552558,-0.35377544,-0.35084653,-0.3313659,-0.3067902,-0.34527826,-0.3436599,-0.35348475,-0.30780417,-0.3513301,-0.33678767,-0.3380221,-0.35109055,-0.2703327,-0.35307166,-0.3462141,-0.35720402,-0.3548351,-0.3366719,-0.3504457,-0.3477889,-0.35797155,-0.34994966,-0.31815568,-0.30771792,-0.26893306,-0.35735446,-0.35529873,-0.25396472,-0.33594304,-0.35719213,-0.3509197,-0.35182577,-0.26324958,-0.3376191,-0.34331423,-0.3421979,-0.34699315,-0.2568045,-0.31475097,-0.34594566,-0.35437846,-0.35139704,-0.27991652,-0.270654,-0.27204362,-0.35545924,-0.35577834,-0.3133456,0.8285597,-0.3502285,-0.3504876,-0.34628922,-0.32914695,-0.32914695,-0.35751456,-0.3593669,-0.35379392,-0.2859781,-0.28761852,-0.3465716,-0.35602868,-0.34933963,-0.32425824,0.91334087,-0.32729015,-0.35305658,-0.34904224,-0.26304597,-0.26091534,-0.25958246,-0.34404397,-0.35182393,-0.31283143,-0.34619093,-0.34893617,-0.35933927,-0.35463315,-0.2547989,-0.24514951,-0.35503054,-0.35418794,-0.34597343,-0.31636524,-0.2645283,-0.3565628,-0.35667944,-0.34856766,-0.3065683,-0.3451962,-0.30649143,-0.36058763,-0.35280955,-0.27306527,-0.304123,-0.35033783,-0.3499796,-0.35226163,-0.26381022,-0.3555616,-0.35609764,-0.35377234,-0.35827664,-0.3433188,-0.35637724,-0.3539424,-0.34833512,-0.3499597,-0.18443729,-0.31538883,-0.3526386,-0.3280142,-0.35112074,-0.34652692,-0.35169965,-0.35109764,-0.35681218,-0.34628704,-0.32128388,-0.33094028,-0.35918453,-0.34840393,-0.3500933,-0.2788417,-0.3442507,-0.35489932,-0.35925305,-0.3556554,-0.2728125,-0.3173398,-0.3477825,-0.3255347,-0.34978673,-0.2555955,-0.2555955,-0.35720906,-0.35404736,-0.30212936
k__Bacteria|p__Firmicutes|c__Clostridia|o__Clostridiales|f__Veillonellaceae|g__Megasphaera|s__geminatus,-0.28574407,-0.32443213,-0.3514585,-0.3514585,-0.35317168,-0.31121662,-0.34956193,-0.35552558,-0.35492635,-0.35177422,-0.3313659,-0.3067902,-0.34527826,-0.3436599,-0.35504276,-0.30780417,-0.3513301,-0.3388228,-0.33888635,-0.35127735,-0.2703327,-0.35307166,-0.3462141,-0.35720402,-0.35847375,-0.3366719,-0.3504457,-0.3477889,-0.35797155,-0.35092726,-0.31815568,-0.30771792,-0.26893306,-0.35735446,-0.3566609,-0.25396472,-0.33594304,-0.35719213,-0.3509197,-0.35245118,-0.26324958,-0.33980536,-0.34331423,-0.3421979,-0.3461976,-0.2568045,-0.31954807,-0.34594566,-0.35437846,-0.3528619,-0.27991652,-0.270654,-0.27204362,-0.35545924,-0.35620984,-0.3133456,-0.35199606,-0.3510834,-0.35104644,-0.3459796,-0.32914695,-0.32914695,-0.35751456,-0.3593669,-0.35379392,-0.2859781,-0.28761852,-0.3465716,-0.35685867,-0.35097408,-0.3259186,-0.34426677,-0.32729015,-0.35305658,-0.34904224,-0.26304597,-0.26091534,-0.25958246,-0.34404397,-0.35182393,-0.31283143,-0.34843314,-0.3498156,-0.35933927,-0.35463315,-0.2547989,-0.24514951,-0.35759452,-0.35418794,-0.3428405,-0.3114596,-0.2645283,-0.3565628,-0.3577627,-0.34975338,-0.3065683,1.2963508,-0.30649143,-0.36058763,-0.35280955,-0.27306527,-0.304123,-0.3502878,-0.3484352,-0.3515243,-0.26381022,-0.3555616,-0.35609764,-0.3552649,-0.35827664,0.9237303,-0.35637724,-0.35383248,-0.34833512,-0.35062754,-0.18443729,-0.31538883,-0.3521077,-0.3294044,-0.35147727,-0.34652692,-0.35169965,-0.35109764,-0.35738003,-0.34636322,-0.32128388,-0.33391407,-0.35918453,-0.34840393,-0.35180897,-0.2788417,-0.3442507,-0.35489932,-0.35925305,-0.3556554,-0.2728125,-0.3173398,-0.34198058,-0.3255347,-0.34978673,-0.2555955,-0.2555955,-0.35720906,-0.35404736,-0.30212936
k__Bacteria|p__Firmicutes|c__Bacilli|o__Lactobacillales|f__Carnobacteriaceae|g__Granulicatella|s__unclassified,1.4368215,1.0734725,-0.3514585,-0.3514585,-0.35268533,-0.31121662,-0.34956193,-0.35552558,-0.35052663,-0.34797207,1.0590913,1.2512333,-0.34527826,-0.3436599,-0.34486443,-0.30780417,-0.3513301,-0.32509136,-0.32877272,-0.3534141,-0.2703327,-0.35307166,-0.3462141,-0.35720402,-0.35191208,-0.3366719,-0.3504457,0.8260302,-0.35797155,-0.34667164,1.1281747,-0.30771792,-0.26893306,-0.35735446,-0.35680878,-0.25396472,0.98541397,-0.35719213,-0.3509197,-0.34533983,-0.26324958,-0.34099498,-0.34331423,-0.3421979,-0.34143996,-0.2568045,-0.31141314,0.8578728,-0.35437846,-0.34573618,-0.27991652,-0.270654,1.5196126,-0.35545924,-0.3541402,-0.3133456,-0.35199606,-0.345447,-0.3436585,-0.3426432,1.043685,1.043685,-0.35751456,-0.3593669,0.34371188,-0.2859781,-0.28761852,-0.3465716,-0.35187757,-0.34605515,-0.3232715,-0.34426677,-0.32729015,-0.35305658,-0.34904224,1.6457814,1.6048945,-0.25958246,-0.34404397,-0.35182393,-0.31283143,-0.32061908,-0.34745786,-0.35933927,-0.35463315,-0.2547989,-0.24514951,-0.344566,-0.35418794,-0.34188962,-0.25982648,-0.2645283,-0.3565628,-0.35351413,-0.35051334,1.2244824,-0.3451962,-0.30649143,0.5167085,-0.35280955,-0.27306527,1.2353396,-0.3465876,-0.34878558,-0.35376978,-0.26381022,-0.3555616,0.4387596,-0.3480178,-0.35827664,0.79342574,0.5639476,-0.3528719,-0.34833512,-0.35320228,-0.18443729,1.2125492,-0.34675604,-0.28248844,-0.35085458,0.82907724,-0.35169965,-0.35109764,-0.34989703,-0.3458167,-0.32128388,-0.28614122,-0.35918453,-0.34840393,-0.35019064,-0.2788417,-0.3442507,1.0724581,-0.35925305,-0.3556554,-0.2728125,1.122673,-0.34185567,-0.3255347,-0.34978673,-0.2555955,-0.2555955,-0.35720906,-0.35404736,2.1399858
k__Bacteria|p__Firmicutes|c__Clostridia|o__Clostridiales|f__Veillonellaceae|g__Veillonella|s__unclassified,1.3880478,1.075696,-0.3514585,-0.3514585,-0.3548653,-0.31121662,-0.34956193,-0.35552558,-0.35391942,-0.3512889,-0.3313659,-0.3067902,-0.34527826,-0.3436599,-0.35409808,1.292298,-0.3513301,-0.33539668,-0.33653143,-0.3508697,-0.2703327,-0.35307166,-0.3462141,-0.35720402,-0.35539162,-0.3366719,-0.3504457,0.9464063,-0.35797155,-0.3502132,-0.31815568,-0.30771792,-0.26893306,-0.35735446,-0.35566851,-0.25396472,-0.33594304,-0.35719213,-0.3509197,-0.35233724,-0.26324958,-0.3358035,-0.34331423,-0.3421979,-0.3474027,1.8880556,-0.3119681,-0.34594566,-0.35437846,-0.35197353,-0.27991652,-0.270654,-0.27204362,-0.35545924,-0.35635233,-0.3133456,-0.35199606,-0.3500309,-0.35004428,-0.34544235,-0.32914695,-0.32914695,-0.35751456,-0.3593669,-0.35379392,-0.2859781,-0.28761852,-0.3465716,-0.35585594,-0.3492242,-0.32280314,-0.34426677,-0.32729015,-0.35305658,-0.34904224,-0.26304597,-0.26091534,-0.25958246,-0.34404397,-0.35182393,-0.31283143,-0.34578532,-0.34804356,-0.35933927,-0.35463315,1.6844078,1.7587966,-0.35625824,-0.35418794,-0.34521282,-0.31243855,-0.2645283,-0.3565628,-0.35712546,-0.34866446,-0.3065683,-0.3451962,-0.30649143,-0.36058763,-0.35280955,-0.27306527,-0.304123,-0.35088533,-0.3506733,-0.3530097,1.5893793,-0.3555616,-0.35609764,-0.35392034,-0.35827664,-0.3433188,0.5687286,-0.35372967,-0.34833512,-0.3502661,-0.18443729,-0.31538883,-0.3528328,-0.32731912,-0.35151324,0.8354817,-0.35169965,-0.35109764,-0.35714918,-0.3462436,-0.32128388,-0.3303394,-0.35918453,-0.34840393,-0.35050783,-0.2788417,-0.3442507,-0.35489932,-0.35925305,-0.3556554,-0.2728125,-0.3173398,-0.34765634,-0.3255347,-0.34978673,2.3683562,2.3683562,-0.35720906,-0.35404736,1.3557093
k__Bacteria|p__Firmicutes|c__Bacilli|o__Lactobacillales|f__Enterococcaceae|g__Enterococcus|s__unclassified,1.3810816,-0.32443213,-0.3514585,-0.3514585,-0.3544988,-0.31121662,-0.34956193,-0.35552558,-0.35298848,-0.35042265,1.0077949,1.2400393,-0.34527826,-0.3436599,-0.3528601,-0.30780417,0.798018,-0.3346529,-0.3365336,-0.3505534,-0.2703327,0.58782315,-0.3462141,-0.35720402,-0.3538952,-0.3366719,-0.3504457,0.8115527,-0.35797155,-0.3496281,-0.31815568,-0.30771792,-0.26893306,-0.35735446,-0.35462016,-0.25396472,0.9151161,-0.35719213,-0.3509197,-0.351502,-0.26324958,-0.33592227,-0.34331423,-0.3421979,-0.34727925,-0.2568045,-0.31398812,-0.34594566,-0.35437846,-0.3508564,-0.27991652,-0.270654,-0.27204362,-0.35545924,-0.35547325,-0.3133456,-0.35199606,-0.3490234,-0.3492633,-0.3454103,-0.32914695,-0.32914695,-0.35751456,-0.3593669,-0.35379392,-0.2859781,-0.28761852,-0.3465716,-0.35482502,-0.3484272,-0.3242333,-0.34426677,-0.32729015,-0.35305658,-0.34904224,1.6736556,1.5887046,-0.25958246,-0.34404397,-0.35182393,1.1754986,-0.34331602,-0.34742546,-0.35933927,-0.35463315,-0.2547989,-0.24514951,-0.35424638,-0.35418794,-0.34599543,-0.31154138,-0.2645283,-0.3565628,-0.35577053,-0.34849852,-0.3065683,-0.3451962,-0.30649143,-0.36058763,-0.35280955,-0.27306527,-0.304123,-0.3497412,-0.35086182,-0.35305357,-0.26381022,-0.3555616,0.43809485,-0.35296112,-0.35827664,-0.3433188,0.5596991,-0.3528084,-0.34833512,-0.35018182,-0.18443729,-0.31538883,-0.35056546,-0.32620138,-0.35080162,-0.34652692,-0.35169965,-0.35109764,-0.35596478,-0.34627113,-0.32128388,-0.32817394,-0.35918453,-0.34840393,-0.34986296,-0.2788417,-0.3442507,0.74891484,-0.35925305,-0.3556554,-0.2728125,-0.3173398,-0.347663,-0.3255347,-0.34978673,-0.2555955,-0.2555955,-0.35720906,-0.35404736,1.4423581
k__Bacteria|p__Firmicutes|c__Clostridia|o__Coriobacteriales|f__Coriobacteriaceae|g__Slackia|s__unclassified,-0.28574407,-0.32443213,-0.3514585,-0.3514585,-0.3530848,-0.31121662,-0.34956193,0.62289333,-0.35297364,-0.34991026,-0.3313659,-0.3067902,-0.34527826,-0.3436599,-0.35222447,-0.30780417,-0.3513301,-0.33529326,-0.33704436,-0.35090244,-0.2703327,-0.35307166,-0.3462141,-0.35720402,-0.35371566,-0.3366719,-0.3504457,-0.3477889,0.4630008,-0.34859776,-0.31815568,-0.30771792,-0.26893306,-0.35735446,-0.35463262,1.6849114,-0.33594304,0.37217027,-0.3509197,-0.35053533,-0.26324958,-0.3371156,-0.34331423,-0.3421979,-0.34574187,-0.2568045,-0.31316596,-0.34594566,-0.35437846,-0.34994867,-0.27991652,-0.270654,-0.27204362,-0.35545924,-0.35530075,-0.3133456,-0.35199606,-0.3494687,-0.3494951,-0.3457036,-0.32914695,-0.32914695,-0.35751456,-0.3593669,-0.35379392,-0.2859781,-0.28761852,-0.3465716,-0.3553363,-0.34840718,-0.32316357,-0.34426677,-0.32729015,-0.35305658,-0.34904224,-0.26304597,-0.26091534,-0.25958246,-0.34404397,-0.35182393,-0.31283143,-0.34389544,-0.34829956,-0.35933927,-0.35463315,-0.2547989,-0.24514951,-0.35437104,-0.35418794,-0.34560168,-0.31527126,-0.2645283,-0.3565628,-0.3557729,-0.34795877,-0.3065683,-0.3451962,-0.30649143,-0.36058763,-0.35280955,-0.27306527,-0.304123,-0.3492157,-0.349476,-0.35189313,-0.26381022,-0.3555616,-0.35609764,-0.35263097,-0.35827664,-0.3433188,-0.35637724,-0.35345858,-0.34833512,-0.3497061,-0.18443729,-0.31538883,-0.35163358,-0.324701,-0.35010004,0.82204354,0.6640484,-0.35109764,-0.3558246,-0.3457145,1.0990397,-0.32722896,-0.35918453,-0.34840393,-0.34922993,-0.2788417,-0.3442507,0.6298947,-0.35925305,-0.3556554,-0.2728125,-0.3173398,-0.34756112,-0.3255347,0.36403865,-0.2555955,-0.2555955,-0.35720906,-0.35404736,-0.30212936
k__Bacteria|p__Firmicutes|c__Erysipelotrichi|o__Erysipelotrichales|f__Erysipelotrichaceae|g__[Eubacterium]|s__dolichum,-0.28574407,1.1325374,-0.3514585,-0.3514585,-0.35340658,-0.31121662,0.5812351,0.6276098,-0.35336736,-0.35055542,-0.3313659,-0.3067902,-0.34527826,-0.3436599,-0.3522495,-0.30780417,-0.3513301,-0.3351667,-0.33680385,-0.3515212,1.4584278,-0.35307166,0.8092691,0.6055802,-0.35444403,1.0821788,-0.3504457,-0.3477889,-0.35797155,-0.34902325,-0.31815568,1.2416608,-0.26893306,-0.35735446,-0.35566124,-0.25396472,-0.33594304,-0.35719213,-0.3509197,-0.35070658,-0.26324958,-0.33768716,-0.34331423,-0.3421979,-0.3456858,-0.2568045,-0.31312382,-0.34594566,-0.35437846,-0.35029218,-0.27991652,-0.270654,-0.27204362,-0.35545924,-0.35601273,1.1739006,-0.35199606,-0.34990692,-0.34937418,-0.3457387,-0.32914695,-0.32914695,-0.35751456,-0.3593669,-0.35379392,1.429463,1.3891308,1.0594252,-0.3554418,-0.34883767,-0.3237161,-0.34426677,-0.32729015,-0.35305658,-0.34904224,-0.26304597,-0.26091534,1.6043719,-0.34404397,-0.35182393,-0.31283143,-0.3439293,-0.34871686,-0.35933927,-0.35463315,-0.2547989,-0.24514951,-0.35538593,-0.35418794,-0.34572694,-0.31256694,-0.2645283,0.6330316,-0.356304,-0.34875298,-0.3065683,0.8316084,1.2259736,-0.36058763,-0.35280955,-0.27306527,-0.304123,-0.3499576,-0.35030678,-0.3525086,-0.26381022,0.5135486,-0.35609764,-0.35296696,-0.35827664,-0.3433188,-0.35637724,-0.35354108,-0.34833512,-0.35038483,-0.18443729,-0.31538883,-0.3520617,-0.32343554,-0.3505422,-0.34652692,-0.35169965,-0.35109764,-0.35604465,-0.34598064,-0.32128388,-0.3263408,-0.35918453,-0.34840393,-0.35001892,1.4673542,-0.3442507,0.60152,-0.35925305,-0.3556554,-0.2728125,-0.3173398,-0.34660545,-0.3255347,-0.34978673,-0.2555955,-0.2555955,-0.35720906,-0.35404736,-0.30212936
k__Bacteria|p__Firmicutes|c__Bacilli|o__Lactobacillales|f__Streptococcaceae|g__Streptococcus|s__unclassified,1.3768784,1.0744613,0.72477466,0.72477466,0.4824928,1.1693552,-0.34956193,0.85103256,0.57974946,0.5771215,1.0367492,1.2418388,-0.34527826,-0.3436599,0.64251816,1.4429706,0.8385725,0.8336638,0.78208864,0.5578605,-0.2703327,0.5785292,0.7905203,0.70965356,0.6520244,0.95184106,0.7640639,0.95843947,0.45695516,0.57748145,1.3374761,-0.30771792,-0.26893306,0.6742162,0.50106436,1.6856992,0.95370555,0.37846106,0.490133,0.5935924,-0.26324958,0.7849984,0.86484766,-0.3421979,0.55627763,2.081573,1.0458263,0.8828871,0.70765644,0.5964204,-0.27991652,-0.270654,1.5998274,0.6416328,0.52009356,1.195476,-0.35199606,0.6056055,0.63823557,0.6352755,1.0504436,1.0504436,0.6077044,0.4648796,0.37095582,1.435443,1.3771678,0.76428133,0.5918683,0.65520144,0.7533296,0.8555313,-0.32729015,0.57016057,0.75313646,1.5904831,1.5905789,-0.25958246,0.7933759,-0.35182393,1.1637563,0.7964918,0.63577175,0.54948926,0.61645496,1.689633,1.8106166,0.55879223,-0.35418794,0.47262576,1.0870371,-0.2645283,0.63534695,0.56134987,0.5850458,1.272049,0.83249366,1.2406756,0.6890273,0.53085613,1.5300552,1.2370251,0.5177002,0.3936633,0.4454338,1.6028498,0.56475747,0.4583491,0.6014013,0.5556349,0.7918666,0.76971805,0.56693196,0.7668804,0.5508661,2.3039227,1.2353189,0.60142314,0.9246291,0.5606296,0.92745894,0.6774144,-0.35109764,0.5223434,0.60807997,1.0957509,0.94858456,0.4894661,-0.34840393,0.59134716,1.4783747,0.8838073,0.80644745,0.56468767,-0.3556554,1.544311,2.073183,0.40590262,-0.3255347,0.38991195,1.6964929,1.6964929,0.5532984,0.6611936,1.3550019
k__Bacteria|p__Firmicutes|c__Bacilli|o__Lactobacillales|f__Streptococcaceae|g__Lactococcus|s__unclassified,-0.28574407,-0.32443213,-0.3514585,-0.3514585,-0.35343337,-0.31121662,-0.34956193,0.6089357,-0.35223353,-0.35023022,-0.3313659,-0.3067902,-0.34527826,-0.3436599,-0.35317618,-0.30780417,-0.3513301,-0.3353035,-0.33639264,-0.34905693,-0.2703327,-0.35307166,-0.3462141,-0.35720402,-0.35458,-0.3366719,-0.3504457,0.8260302,0.43941897,-0.34924936,-0.31815568,-0.30771792,-0.26893306,-0.35735446,-0.3536169,-0.25396472,-0.33594304,0.36540157,-0.3509197,-0.35107642,-0.26324958,-0.335985,0.88412094,-0.3421979,-0.34664455,-0.2568045,-0.31649685,0.8563247,0.7752,-0.35082534,-0.27991652,-0.270654,-0.27204362,0.6662748,-0.35458583,-0.3133456,-0.35199606,-0.34814033,-0.34825984,-0.34407842,-0.32914695,-0.32914695,-0.35751456,-0.3593669,-0.35379392,-0.2859781,-0.28761852,-0.3465716,-0.3534525,-0.34837177,-0.3246315,-0.34426677,-0.32729015,0.6016092,-0.34904224,-0.26304597,-0.26091534,-0.25958246,-0.34404397,-0.35182393,-0.31283143,-0.34463584,-0.34607124,-0.35933927,-0.35463315,-0.2547989,-0.24514951,-0.354483,-0.35418794,-0.34309512,-0.31092003,-0.2645283,0.6599036,-0.3552291,-0.3482058,-0.3065683,-0.3451962,-0.30649143,-0.36058763,-0.35280955,-0.27306527,-0.304123,-0.348936,-0.3490382,-0.35141695,-0.26381022,-0.3555616,0.45150858,-0.3526191,-0.35827664,-0.3433188,-0.35637724,-0.35076374,-0.34833512,-0.34940022,-0.18443729,-0.31538883,-0.3496243,-0.32897466,-0.34989583,-0.34652692,-0.35169965,-0.35109764,-0.35459825,-0.3455153,-0.32128388,-0.33123496,-0.35918453,-0.34840393,-0.34993038,-0.2788417,-0.3442507,-0.35489932,-0.35925305,-0.3556554,-0.2728125,-0.3173398,-0.3431664,-0.3255347,-0.34978673,-0.2555955,-0.2555955,-0.35720906,-0.35404736,1.3569813
k__Bacteria|p__Firmicutes|c__Clostridia|o__Clostridiales|f__Lachnospiraceae|g__Coprococcus|s__eutactus,-0.28574407,-0.32443213,-0.3514585,-0.3514585,-0.35374373,-0.31121662,-0.34956193,-0.35552558,-0.35279205,-0.35021228,-0.3313659,-0.3067902,-0.34527826,-0.3436599,-0.35267776,-0.30780417,-0.3513301,-0.33540866,-0.33725315,-0.3508194,-0.2703327,-0.35307166,-0.3462141,-0.35720402,-0.35365665,-0.3366719,-0.3504457,-0.3477889,-0.35797155,-0.34957188,-0.31815568,-0.30771792,-0.26893306,-0.35735446,-0.35472786,-0.25396472,-0.33594304,-0.35719213,-0.3509197,-0.35169446,-0.26324958,-0.33636618,-0.34331423,0.8018351,-0.34722984,-0.2568045,-0.31326532,-0.34594566,0.79415417,-0.35079038,-0.27991652,-0.270654,-0.27204362,-0.35545924,-0.3551607,-0.3133456,-0.35199606,-0.34911573,-0.34994596,-0.34640408,-0.32914695,-0.32914695,-0.35751456,0.45411456,0.37547213,-0.2859781,-0.28761852,-0.3465716,-0.3552599,-0.3485951,-0.3236273,-0.34426677,-0.32729015,-0.35305658,-0.34904224,-0.26304597,-0.26091534,-0.25958246,0.8306636,-0.35182393,-0.31283143,-0.34421286,-0.34820282,-0.35933927,-0.35463315,-0.2547989,-0.24514951,-0.35382274,-0.35418794,-0.3474017,-0.31528848,-0.2645283,-0.3565628,-0.35540166,-0.34812337,-0.3065683,-0.3451962,-0.30649143,-0.36058763,-0.35280955,-0.27306527,-0.304123,-0.34939468,-0.34997094,-0.35248047,-0.26381022,-0.3555616,-0.35609764,-0.352852,-0.35827664,-0.3433188,-0.35637724,-0.3532505,-0.34833512,-0.3495105,-0.18443729,-0.31538883,-0.35064018,-0.32645527,-0.35092884,-0.34652692,-0.35169965,-0.35109764,-0.3563996,-0.34621137,-0.32128388,-0.32884577,-0.35918453,-0.34840393,-0.34930128,-0.2788417,-0.3442507,-0.35489932,0.5517865,-0.3556554,-0.2728125,-0.3173398,-0.34859425,-0.3255347,-0.34978673,-0.2555955,-0.2555955,-0.35720906,-0.35404736,-0.30212936
k__Bacteria|p__Firmicutes|c__Clostridia|o__Clostridiales|f__Clostridiaceae|g__Clostridium|s__unclassified,-0.28574407,-0.32443213,-0.3514585,-0.3514585,-0.35050184,-0.31121662,-0.34956193,0.6185862,-0.3505362,-0.3476052,-0.3313659,-0.3067902,-0.34527826,-0.3436599,-0.35021213,-0.30780417,0.7977614,-0.3338267,-0.3347821,-0.34747463,-0.2703327,-0.35307166,0.84082526,0.59598976,-0.35137308,0.9867456,-0.3504457,-0.3477889,-0.35797155,-0.34673068,-0.31815568,-0.30771792,-0.26893306,-0.35735446,-0.35207456,-0.25396472,1.0313166,-0.35719213,-0.3509197,-0.34843302,-0.26324958,-0.3338201,-0.34331423,-0.3421979,-0.34382826,-0.2568045,-0.3135942,-0.34594566,-0.35437846,-0.34881473,1.4604386,-0.270654,-0.27204362,-0.35545924,-0.35224634,-0.3133456,-0.35199606,-0.34687954,-0.3470289,-0.34252295,-0.32914695,-0.32914695,-0.35751456,-0.3593669,0.34516445,-0.2859781,-0.28761852,0.7609691,-0.35240188,-0.34584942,-0.3224202,-0.34426677,-0.32729015,-0.35305658,-0.34904224,-0.26304597,-0.26091534,-0.25958246,-0.34404397,-0.35182393,1.2303234,-0.34307796,-0.34530997,0.5880488,0.631088,-0.2547989,-0.24514951,-0.35223758,-0.35418794,-0.3421368,-0.3124376,-0.2645283,0.63650256,-0.3531039,-0.34531492,-0.3065683,-0.3451962,-0.30649143,0.49477902,0.5296649,-0.27306527,1.2416456,-0.34747887,-0.34767586,-0.34933138,1.725283,-0.3555616,-0.35609764,-0.35040355,-0.35827664,-0.3433188,0.56578916,-0.3502844,-0.34833512,-0.3469091,-0.18443729,-0.31538883,-0.34855354,-0.32738414,-0.3476564,-0.34652692,-0.35169965,-0.35109764,-0.35350972,-0.34307858,-0.32128388,-0.3304339,-0.35918453,-0.34840393,-0.3470391,-0.2788417,-0.3442507,-0.35489932,-0.35925305,-0.3556554,-0.2728125,-0.3173398,-0.34468794,-0.3255347,-0.34978673,-0.2555955,-0.2555955,-0.35720906,0.6359192,1.3582517
k__Bacteria|p__Firmicutes|c__Erysipelotrichi|o__Erysipelotrichales|f__[Coprobacillaceae]|g__Coprobacillus|s__unclassified,-0.28574407,-0.32443213,-0.3514585,-0.3514585,-0.35405296,-0.31121662,-0.34956193,-0.35552558,-0.35285047,-0.35011706,-0.3313659,1.2431864,-0.34527826,-0.3436599,-0.35187054,-0.30780417,-0.3513301,-0.33463454,-0.33678815,-0.3513717,-0.2703327,-0.35307166,-0.3462141,0.6081652,-0.35280472,-0.3366719,-0.3504457,-0.3477889,-0.35797155,-0.34903178,-0.31815568,-0.30771792,-0.26893306,-0.35735446,-0.35498187,-0.25396472,-0.33594304,-0.35719213,-0.3509197,-0.35093856,-0.26324958,-0.33654708,-0.34331423,-0.3421979,-0.3468781,-0.2568045,-0.31156042,-0.34594566,0.70682514,-0.35000443,-0.27991652,-0.270654,-0.27204362,-0.35545924,-0.35558456,-0.3133456,-0.35199606,-0.34948507,-0.34959516,-0.34631354,-0.32914695,-0.32914695,-0.35751456,-0.3593669,-0.35379392,-0.2859781,-0.28761852,0.8090157,-0.35525486,-0.34819168,-0.32353395,-0.34426677,-0.32729015,-0.35305658,-0.34904224,-0.26304597,-0.26091534,-0.25958246,-0.34404397,-0.35182393,-0.31283143,-0.34287852,-0.34838897,-0.35933927,-0.35463315,-0.2547989,-0.24514951,-0.35389316,-0.35418794,-0.3479104,-0.31558913,-0.2645283,-0.3565628,-0.35561484,-0.3481344,-0.3065683,-0.3451962,-0.30649143,-0.36058763,-0.35280955,-0.27306527,-0.304123,-0.34990355,-0.3509835,-0.35307384,-0.26381022,-0.3555616,-0.35609764,-0.35242933,-0.35827664,0.7998961,-0.35637724,-0.3538695,-0.34833512,-0.34998602,-0.18443729,-0.31538883,-0.3519139,-0.3238047,-0.35076603,-0.34652692,-0.35169965,-0.35109764,-0.35622245,-0.3462144,-0.32128388,-0.32584697,0.48611534,-0.34840393,-0.3491518,-0.2788417,-0.3442507,-0.35489932,-0.35925305,-0.3556554,-0.2728125,-0.3173398,-0.3505396,-0.3255347,-0.34978673,-0.2555955,-0.2555955,-0.35720906,-0.35404736,-0.30212936
k__Bacteria|p__Firmicutes|c__Erysipelotrichi|o__Erysipelotrichales|f__[Coprobacillaceae]|g__Catenibacterium|s__unclassified,-0.28574407,-0.32443213,-0.3514585,-0.3514585,-0.3533579,-0.31121662,-0.34956193,-0.35552558,-0.35218596,-0.34947622,-0.3313659,-0.3067902,-0.34527826,-0.3436599,-0.35066515,-0.30780417,-0.3513301,-0.33416778,-0.33678457,-0.35133645,-0.2703327,-0.35307166,-0.3462141,-0.35720402,-0.353156,-0.3366719,-0.3504457,-0.3477889,-0.35797155,-0.3490277,-0.31815568,-0.30771792,-0.26893306,-0.35735446,-0.35463285,-0.25396472,-0.33594304,-0.35719213,-0.3509197,-0.3509551,-0.26324958,-0.3369997,-0.34331423,-0.3421979,-0.34572262,-0.2568045,-0.31186908,-0.34594566,-0.35437846,-0.34866756,-0.27991652,-0.270654,-0.27204362,-0.35545924,-0.35503674,-0.3133456,-0.35199606,-0.34925818,-0.34889174,-0.34625828,-0.32914695,-0.32914695,-0.35751456,-0.3593669,0.85206574,-0.2859781,-0.28761852,-0.3465716,-0.3547828,-0.34796387,-0.3228324,1.0859635,-0.32729015,-0.35305658,-0.34904224,-0.26304597,-0.26091534,-0.25958246,-0.34404397,-0.35182393,-0.31283143,-0.3434499,-0.34884852,-0.35933927,-0.35463315,-0.2547989,-0.24514951,-0.35422337,0.5756328,-0.34877217,-0.31558934,-0.2645283,-0.3565628,-0.35468808,-0.347969,-0.3065683,-0.3451962,-0.30649143,-0.36058763,-0.35280955,-0.27306527,-0.304123,-0.3486749,-0.35016435,-0.352705,-0.26381022,-0.3555616,-0.35609764,-0.35215682,-0.35827664,-0.3433188,-0.35637724,-0.35306168,-0.34833512,-0.34922224,-0.18443729,-0.31538883,-0.34993583,-0.32314622,-0.3503136,-0.34652692,-0.35169965,-0.35109764,-0.35606956,-0.34560332,-0.32128388,-0.3257352,0.6955014,0.6822029,-0.34866405,-0.2788417,1.0770235,-0.35489932,0.601079,0.6047987,-0.2728125,-0.3173398,-0.34645367,-0.3255347,0.4194925,-0.2555955,-0.2555955,-0.35720906,-0.35404736,-0.30212936
k__Bacteria|p__Firmicutes|c__Clostridia|o__Clostridiales|f__Veillonellaceae|g__Veillonella|s__parvula,1.3915129,1.5615716,-0.3514585,-0.3514585,-0.26184845,-0.31121662,0.5597529,-0.35552558,-0.1724031,-0.17897424,1.05287,1.2425877,-0.34527826,-0.3436599,-0.0726838,1.274337,-0.3513301,0.1092678,0.050208915,-0.25909692,-0.2703327,-0.35307166,0.804423,0.6068735,-0.16024956,0.94029313,0.7640639,0.8100934,-0.35797155,-0.17443761,1.1443088,1.2337224,1.5712938,0.6558136,-0.29136047,-0.25396472,0.9046818,-0.35719213,-0.3509197,-0.12680128,-0.26324958,-0.12583068,-0.34331423,-0.3421979,-0.14123113,1.7605306,0.15222248,0.8580661,-0.35437846,-0.12827244,1.7233901,1.6340337,1.5214465,0.6384315,-0.23841135,1.2447082,0.62406224,-0.13398102,-0.082248956,-0.12332124,1.1527952,1.1527952,-0.35751456,-0.3593669,-0.35379392,-0.2859781,-0.28761852,0.76754385,-0.15922454,-0.13210776,-0.04436074,-0.34426677,-0.32729015,-0.35305658,-0.34904224,1.7016366,-0.26091534,-0.25958246,-0.34404397,-0.35182393,1.4975803,0.24491999,-0.16178542,0.5514009,0.6229719,1.6751199,-0.24514951,-0.10537386,-0.35418794,-0.20692056,0.9007542,-0.2645283,-0.3565628,-0.19242889,-0.23667544,1.2261902,0.82894796,-0.30649143,0.4943484,-0.35280955,-0.27306527,-0.304123,-0.18970269,-0.28775942,-0.31124926,1.5872308,1.0783712,0.43044403,-0.13178359,-0.35827664,0.79342574,0.566249,-0.20671159,-0.34833512,-0.27221113,-0.18443729,1.250903,-0.12656607,0.63192534,-0.22218338,-0.34652692,-0.35169965,-0.35109764,-0.1629476,-0.18181041,-0.32128388,0.62035155,0.48391393,0.67365396,-0.21186705,1.4769686,-0.3442507,-0.35489932,-0.35925305,-0.3556554,-0.2728125,1.1236174,-0.18673554,-0.3255347,-0.34978673,-0.2555955,-0.2555955,0.4933272,-0.35404736,-0.30212936
k__Bacteria|p__Firmicutes|c__Erysipelotrichi|o__Erysipelotrichales|f__Erysipelotrichaceae|g__Holdemania|s__unclassified,-0.28574407,-0.32443213,-0.3514585,-0.3514585,-0.3539539,-0.31121662,-0.34956193,-0.35552558,-0.35363027,-0.35107177,-0.3313659,-0.3067902,0.7634563,-0.3436599,-0.3536089,-0.30780417,-0.3513301,-0.33674046,-0.33791617,-0.35079706,-0.2703327,-0.35307166,0.8244201,0.5930455,-0.3555658,-0.3366719,0.7644268,-0.3477889,-0.35797155,-0.3503795,-0.31815568,-0.30771792,-0.26893306,-0.35735446,-0.35540438,-0.25396472,-0.33594304,-0.35719213,-0.3509197,-0.35209888,-0.26324958,-0.3374448,-0.34331423,-0.3421979,-0.3470428,-0.2568045,-0.31560412,-0.34594566,-0.35437846,-0.35164425,-0.27991652,-0.270654,-0.27204362,-0.35545924,-0.35568705,-0.3133456,-0.35199606,-0.34985173,-0.35011736,-0.3458882,-0.32914695,-0.32914695,-0.35751456,-0.3593669,-0.35379392,-0.2859781,-0.28761852,0.7584679,-0.35560423,-0.34950083,-0.3242463,-0.34426677,-0.32729015,-0.35305658,-0.34904224,-0.26304597,-0.26091534,-0.25958246,-0.34404397,-0.35182393,-0.31283143,-0.34678885,-0.3484922,-0.35933927,-0.35463315,-0.2547989,-0.24514951,-0.35545075,-0.35418794,-0.34549302,-0.31513518,-0.2645283,-0.3565628,-0.35656208,-0.34890035,-0.3065683,-0.3451962,-0.30649143,-0.36058763,-0.35280955,-0.27306527,-0.304123,-0.35001275,-0.35002255,-0.35231254,-0.26381022,-0.3555616,-0.35609764,-0.35386336,-0.35827664,-0.3433188,-0.35637724,-0.3528882,-0.34833512,-0.3499318,-0.18443729,-0.31538883,-0.35173035,-0.32957825,-0.35103348,-0.34652692,-0.35169965,-0.35109764,-0.35677812,-0.3461133,-0.32128388,-0.3326223,-0.35918453,-0.34840393,-0.35052875,-0.2788417,-0.3442507,-0.35489932,-0.35925305,-0.3556554,-0.2728125,-0.3173398,-0.3452775,-0.3255347,-0.34978673,-0.2555955,-0.2555955,-0.35720906,0.6332563,-0.30212936
k__Bacteria|p__Firmicutes|c__Clostridia|o__Clostridiales|f__Veillonellaceae|g__Veillonella|s__dispar,1.4062771,1.577386,0.7290724,0.7290724,0.37410232,-0.31121662,0.57323325,-0.35552558,0.48417842,0.4803105,1.2042395,-0.3067902,0.7634563,-0.3436599,0.5700325,1.3003316,0.8023696,0.78687674,0.7255774,0.44302118,1.7153323,-0.35307166,0.80689144,-0.35720402,0.552412,1.3541806,0.83042,1.6020693,-0.35797155,0.48136812,1.1949058,1.2432127,1.6780876,0.6553706,0.38608807,-0.25396472,1.1191599,-0.35719213,0.51524556,0.5075531,1.605107,0.6782871,-0.34331423,0.79531425,0.47402596,1.9482135,0.9723895,1.4880996,0.70243037,0.51138943,1.8252709,1.8303342,1.539603,0.63673776,0.41561395,1.8118911,0.62464297,0.5174873,0.5624212,0.5505177,1.3617907,1.3617907,0.48296624,0.4602802,0.35297194,1.4413874,1.376722,1.0017248,0.5009618,0.56359524,0.6594482,-0.34426677,-0.32729015,0.5533946,-0.34904224,1.8424302,1.5958083,-0.25958246,-0.34404397,-0.35182393,1.5339559,0.79281366,0.53546154,0.5565959,0.9792541,1.9197419,1.8158998,0.48497066,-0.35418794,0.38634124,1.2580996,-0.2645283,0.63902587,0.4631384,0.46959808,1.2329928,-0.3451962,-0.30649143,0.63457173,0.52944815,-0.27306527,1.3879687,0.42116252,0.28516966,0.32754087,1.6107923,0.8559272,0.49162453,0.51379466,0.5545748,0.8789807,0.71735567,0.4644069,-0.34833512,0.43125135,-0.18443729,1.389251,0.5172839,1.0170305,0.45110783,0.87975514,0.8563066,-0.35109764,0.43931022,0.50548226,-0.32128388,1.0327014,0.48530486,-0.34840393,0.48215568,1.4800595,0.8321873,-0.35489932,0.55657375,-0.3556554,1.5650588,1.2135279,0.33738172,-0.3255347,0.41513267,1.695536,1.695536,0.5118701,0.6731149,-0.30212936
k__Bacteria|p__Firmicutes|c__Erysipelotrichi|o__Erysipelotrichales|f__Erysipelotrichaceae|g__[Eubacterium]|s__biforme,-0.28574407,-0.32443213,-0.3514585,-0.3514585,-0.35227942,-0.31121662,-0.34956193,-0.35552558,-0.3529598,-0.3495763,-0.3313659,-0.3067902,-0.34527826,-0.3436599,-0.35153824,-0.30780417,-0.3513301,-0.3356331,-0.33719468,-0.35087904,-0.2703327,-0.35307166,-0.3462141,-0.35720402,-0.35327035,-0.3366719,-0.3504457,-0.3477889,0.42908034,-0.3482439,-0.31815568,-0.30771792,-0.26893306,-0.35735446,-0.3547551,-0.25396472,-0.33594304,0.64616317,0.5467991,-0.35005227,-0.26324958,-0.3372119,-0.34331423,-0.3421979,-0.34500855,-0.2568045,-0.3127806,-0.34594566,-0.35437846,-0.34981912,-0.27991652,-0.270654,-0.27204362,-0.35545924,-0.35487273,-0.3133456,-0.35199606,-0.34957764,-0.34971106,-0.34562433,-0.32914695,-0.32914695,-0.35751456,-0.3593669,-0.35379392,-0.2859781,-0.28761852,-0.3465716,-0.3555938,-0.34812635,-0.3227456,-0.34426677,-0.32729015,-0.35305658,-0.34904224,-0.26304597,-0.26091534,-0.25958246,-0.34404397,-0.35182393,-0.31283143,-0.34439898,-0.34879634,-0.35933927,-0.35463315,-0.2547989,-0.24514951,-0.3540728,0.5769465,-0.3454582,-0.31645668,-0.2645283,-0.3565628,-0.35568404,-0.34753007,-0.3065683,-0.3451962,-0.30649143,-0.36058763,0.5777914,-0.27306527,-0.304123,-0.34926775,-0.3494005,-0.3514055,-0.26381022,-0.3555616,-0.35609764,-0.35240287,-0.35827664,-0.3433188,-0.35637724,-0.35368866,-0.34833512,-0.34919727,-0.18443729,-0.31538883,-0.3522346,-0.32483232,-0.3497904,-0.34652692,-0.35169965,-0.35109764,-0.35607058,-0.34520024,-0.32128388,-0.32798982,0.5057131,-0.34840393,-0.34883058,-0.2788417,-0.3442507,-0.35489932,-0.35925305,-0.3556554,-0.2728125,-0.3173398,-0.34793833,-0.3255347,0.5211629,-0.2555955,-0.2555955,-0.35720906,-0.35404736,-0.30212936
k__Bacteria|p__Firmicutes|c__Bacilli|o__Turicibacterales|f__Turicibacteraceae|g__Turicibacter|s__unclassified,-0.28574407,-0.32443213,-0.3514585,-0.3514585,-0.35182047,-0.31121662,-0.34956193,0.61642563,-0.35157475,-0.34855795,-0.3313659,-0.3067902,-0.34527826,0.8038898,-0.35037342,-0.30780417,0.84185165,-0.33414584,-0.3357516,-0.3496722,-0.2703327,-0.35307166,0.7922472,-0.35720402,-0.35151273,-0.3366719,-0.3504457,0.83176297,-0.35797155,-0.34725338,-0.31815568,-0.30771792,-0.26893306,-0.35735446,-0.3533507,-0.25396472,-0.33594304,-0.35719213,-0.3509197,-0.34914237,-0.26324958,-0.3355693,-0.34331423,-0.3421979,-0.34467953,-0.2568045,-0.31237268,-0.34594566,-0.35437846,-0.34873223,-0.27991652,-0.270654,-0.27204362,-0.35545924,-0.35388148,-0.3133456,-0.35199606,-0.348518,-0.34809625,-0.3444491,-0.32914695,-0.32914695,-0.35751456,-0.3593669,-0.35379392,-0.2859781,-0.28761852,-0.3465716,-0.3537144,-0.34674513,-0.3237874,-0.34426677,-0.32729015,-0.35305658,-0.34904224,-0.26304597,-0.26091534,-0.25958246,-0.34404397,-0.35182393,-0.31283143,-0.3424284,-0.34716687,0.60891813,0.6242702,-0.2547989,-0.24514951,-0.35337293,-0.35418794,-0.3451301,-0.31501395,-0.2645283,-0.3565628,-0.3541103,-0.34650645,-0.3065683,-0.3451962,-0.30649143,0.4852625,-0.35280955,-0.27306527,-0.304123,-0.34889272,-0.349344,-0.3510939,-0.26381022,-0.3555616,0.49215773,-0.3510092,-0.35827664,-0.3433188,-0.35637724,-0.35260838,-0.34833512,-0.3484991,-0.18443729,-0.31538883,-0.35071117,-0.3239442,-0.34908152,-0.34652692,-0.35169965,0.7007918,-0.35446936,-0.34466097,-0.32128388,-0.3265556,-0.35918453,0.6707125,-0.34774816,-0.2788417,0.85625464,-0.35489932,-0.35925305,-0.3556554,-0.2728125,-0.3173398,-0.34858847,-0.3255347,-0.34978673,-0.2555955,-0.2555955,0.4837055,0.63217247,-0.30212936
k__Bacteria|p__Firmicutes|c__Clostridia|o__Clostridiales|f__Veillonellaceae|g__Phascolarctobacterium|s__unclassified,-0.28574407,-0.32443213,-0.3514585,-0.3514585,-0.35265386,1.191481,0.88655007,0.61056876,-0.35231835,-0.34939378,-0.3313659,-0.3067902,-0.34527826,-0.3436599,-0.35202172,-0.30780417,-0.3513301,-0.33476996,-0.33617646,-0.34980267,-0.2703327,-0.35307166,-0.3462141,-0.35720402,-0.35385996,-0.3366719,-0.3504457,-0.3477889,0.45249835,-0.34834388,-0.31815568,-0.30771792,-0.26893306,-0.35735446,-0.35384142,-0.25396472,-0.33594304,0.37651297,0.54091096,-0.3502032,-0.26324958,-0.3362261,-0.34331423,-0.3421979,-0.3451489,-0.2568045,-0.31374288,-0.34594566,-0.35437846,-0.3497969,-0.27991652,-0.270654,-0.27204362,-0.35545924,-0.3544445,-0.3133456,-0.35199606,-0.34851095,-0.34864047,-0.34443748,-0.32914695,-0.32914695,-0.35751456,-0.3593669,-0.35379392,-0.2859781,-0.28761852,-0.3465716,-0.35450348,-0.34792364,-0.3225178,-0.34426677,-0.32729015,0.7548815,0.72508246,-0.26304597,-0.26091534,-0.25958246,-0.34404397,-0.35182393,-0.31283143,-0.3436029,-0.34721425,-0.35933927,0.6181178,-0.2547989,-0.24514951,-0.35366893,-0.35418794,-0.34352678,-0.3121413,-0.2645283,-0.3565628,-0.35522985,-0.34742707,-0.3065683,1.1276395,-0.30649143,0.48569703,0.57479215,-0.27306527,-0.304123,-0.34834906,-0.3484128,-0.3510715,-0.26381022,-0.3555616,-0.35609764,-0.35215268,-0.35827664,-0.3433188,-0.35637724,-0.35226274,-0.34833512,-0.3490098,-0.18443729,-0.31538883,-0.35081914,-0.3251181,-0.34956154,-0.34652692,-0.35169965,0.8983841,-0.35501766,-0.34492067,1.0837377,-0.32793322,-0.35918453,-0.34840393,-0.3489845,-0.2788417,-0.3442507,-0.35489932,-0.35925305,-0.3556554,-0.2728125,-0.3173398,-0.3450455,-0.3255347,-0.34978673,-0.2555955,-0.2555955,-0.35720906,-0.35404736,-0.30212936
k__Bacteria|p__Firmicutes|c__Clostridia|o__Clostridiales|f__Ruminococcaceae|g__unclassified|s__unclassified,-0.28574407,-0.32443213,0.8270372,0.8270372,0.7828599,-0.31121662,0.61055535,0.61252487,0.7103678,0.6979917,-0.3313659,1.2472179,0.77025455,0.81227016,0.61789787,-0.30780417,-0.3513301,0.40360057,0.4639256,0.7733176,-0.2703327,1.5505828,0.83959186,0.986949,0.6928774,-0.3366719,0.8084397,-0.3477889,0.7648829,0.6845153,-0.31815568,-0.30771792,-0.26893306,0.9836467,0.8061545,-0.25396472,-0.33594304,0.641769,0.5501386,0.6573466,-0.26324958,0.602352,1.0862336,0.9325393,0.6481358,-0.2568045,0.28128022,-0.34594566,1.0433714,0.6533764,-0.27991652,-0.270654,-0.27204362,0.64588535,0.77191985,-0.3133456,0.66070455,0.66569823,0.62224245,0.63780665,-0.32914695,-0.32914695,0.52635735,1.024653,1.0060483,-0.2859781,-0.28761852,0.8442854,0.7109289,0.6517557,0.48823524,0.81923807,1.0911376,0.6072794,0.6633913,-0.26304597,-0.26091534,1.6260396,0.9659919,1.024765,1.1763034,0.32377386,0.6841964,0.7550567,0.91026765,-0.2547989,-0.24514951,0.6627495,0.68754363,0.7060823,-0.30459437,-0.2645283,0.7543727,0.7359601,0.7390635,-0.3065683,0.92214626,1.2628887,0.5698157,0.5688707,-0.27306527,-0.304123,0.70725656,0.7982143,0.8215296,-0.26381022,0.518223,0.6562991,0.6716627,0.8248222,-0.3433188,-0.35637724,0.74388456,0.85034317,0.77920544,-0.18443729,-0.31538883,0.6713712,-0.06690306,0.7341,-0.34652692,0.66647184,0.7327843,0.7131041,0.6877017,-0.32128388,-0.05187442,0.9470604,0.7630719,0.72247326,-0.2788417,0.8245906,0.5829742,0.7008586,0.8962429,-0.2728125,-0.3173398,0.7105871,0.9452367,0.59937006,-0.2555955,-0.2555955,0.7731974,0.6496204,-0.30212936
k__Bacteria|p__Firmicutes|c__Clostridia|o__Clostridiales|f__Lachnospiraceae|g__Roseburia|s__unclassified,-0.28574407,-0.32443213,0.8589258,0.8589258,0.7096759,-0.31121662,0.569477,0.6095893,0.6390983,0.6293841,-0.3313659,-0.3067902,0.76269805,-0.3436599,0.553126,-0.30780417,-0.3513301,0.3544346,0.41039324,0.6979923,-0.2703327,0.6418431,-0.3462141,0.7642615,0.6232443,-0.3366719,-0.3504457,-0.3477889,0.5728662,0.61749077,-0.31815568,-0.30771792,-0.26893306,0.7932344,0.7288614,-0.25396472,-0.33594304,0.77985144,0.5634531,0.591889,-0.26324958,0.5379812,1.0728749,0.79463726,0.58417356,-0.2568045,0.24698257,-0.34594566,0.85291225,0.5878545,-0.27991652,-0.270654,-0.27204362,0.63253564,0.6970881,-0.3133456,-0.35199606,0.5979374,0.5561849,0.5713365,-0.32914695,-0.32914695,0.62554795,0.74626034,0.7833068,-0.2859781,-0.28761852,0.7671172,0.6378851,0.5849701,0.44077098,-0.34426677,0.9707912,0.59844506,0.71066195,-0.26304597,-0.26091534,1.6287153,0.82655287,0.69338447,-0.31283143,0.2803443,0.6143463,0.605141,-0.35463315,-0.2547989,-0.24514951,0.5977709,0.7318456,0.63754207,-0.30692762,-0.2645283,0.8740777,0.6623602,0.66815495,-0.3065683,-0.3451962,-0.30649143,0.5278079,0.54076403,-0.27306527,-0.304123,0.63901085,0.72676957,0.7464434,-0.26381022,0.51811194,0.5406349,0.60342276,0.57052034,0.79056543,0.7544476,0.668777,0.8559913,0.70521617,-0.18443729,-0.31538883,0.60212517,-0.07679449,0.6629766,-0.34652692,0.69124836,0.7735055,0.6417625,0.6201031,-0.32128388,-0.06348251,0.6561559,0.7855446,0.6526638,-0.2788417,-0.3442507,0.5798176,0.6734942,0.6883647,-0.2728125,-0.3173398,0.63938475,0.93058455,0.48596868,-0.2555955,-0.2555955,0.54589254,0.69708675,-0.30212936
k__Bacteria|p__Firmicutes|c__Clostridia|o__Coriobacteriales|f__Coriobacteriaceae|g__unclassified|s__unclassified,-0.28574407,-0.32443213,-0.3514585,-0.3514585,-0.3526001,1.2624199,0.560838,0.63241065,-0.3517986,-0.34906217,-0.3313659,-0.3067902,-0.34527826,-0.3436599,-0.35040078,1.3062918,0.8066176,-0.33251697,-0.3347333,-0.35042277,-0.2703327,-0.35307166,-0.3462141,-0.35720402,-0.35279924,-0.3366719,-0.3504457,-0.3477889,-0.35797155,-0.34795338,-0.31815568,-0.30771792,-0.26893306,-0.35735446,-0.35460025,-0.25396472,-0.33594304,0.36704335,-0.3509197,-0.3491816,1.6164038,-0.33632427,-0.34331423,-0.3421979,-0.3446874,1.7094749,-0.3107225,0.8751252,-0.35437846,-0.34860307,1.4644452,-0.270654,1.5214465,-0.35545924,-0.35463938,-0.3133456,0.61604303,-0.34803897,-0.34759948,-0.3444076,1.0531236,1.0531236,0.457765,0.45359904,-0.35379392,-0.2859781,1.3825911,-0.3465716,-0.35381615,-0.3472482,-0.32138282,-0.34426677,-0.32729015,-0.35305658,-0.34904224,-0.26304597,-0.26091534,-0.25958246,-0.34404397,-0.35182393,-0.31283143,-0.3403198,-0.34703237,-0.35933927,-0.35463315,-0.2547989,-0.24514951,-0.3527125,-0.35418794,-0.34515986,-0.30709594,-0.2645283,-0.3565628,-0.35473543,-0.3476162,1.3653532,-0.3451962,-0.30649143,-0.36058763,-0.35280955,-0.27306527,-0.304123,-0.34818813,-0.34923702,-0.3517876,-0.26381022,-0.3555616,-0.35609764,-0.35132903,-0.35827664,-0.3433188,-0.35637724,-0.35203236,-0.34833512,-0.3493396,-0.18443729,-0.31538883,-0.34952912,-0.3190257,-0.34930956,0.8567277,0.69841397,-0.35109764,-0.35457182,-0.34469414,1.0878965,-0.3215242,0.49682137,-0.34840393,-0.34867412,-0.2788417,-0.3442507,0.68700886,-0.35925305,0.62059003,-0.2728125,1.1217277,-0.3453937,-0.3255347,0.41905737,-0.2555955,-0.2555955,-0.35720906,-0.35404736,-0.30212936
k__Bacteria|p__Firmicutes|c__Clostridia|o__Coriobacteriales|f__Coriobacteriaceae|g__Eggerthella|s__lenta,-0.28574407,-0.32443213,-0.3514585,-0.3514585,-0.35418555,-0.31121662,-0.34956193,0.62439644,-0.35221207,-0.35052118,1.0016557,1.2415391,-0.34527826,-0.3436599,-0.35264754,-0.30780417,-0.3513301,-0.33441567,-0.33624938,-0.35017997,-0.2703327,0.60125315,-0.3462141,0.5963164,-0.3550105,0.9459033,-0.3504457,0.82026434,0.4733941,-0.34973204,-0.31815568,-0.30771792,-0.26893306,-0.35735446,-0.35458267,-0.25396472,-0.33594304,0.365292,-0.3509197,-0.35128886,-0.26324958,-0.336754,0.86336714,-0.3421979,-0.34691364,-0.2568045,-0.3152421,-0.34594566,-0.35437846,-0.35025358,-0.27991652,-0.270654,-0.27204362,-0.35545924,-0.3552077,-0.3133456,-0.35199606,-0.34812373,-0.34816325,-0.34487927,-0.32914695,-0.32914695,-0.35751456,-0.3593669,-0.35379392,-0.2859781,-0.28761852,0.75975835,-0.3536598,-0.3486929,-0.3241573,-0.34426677,-0.32729015,-0.35305658,-0.34904224,-0.26304597,-0.26091534,-0.25958246,0.7928781,-0.35182393,-0.31283143,-0.34311315,-0.34661,-0.35933927,-0.35463315,-0.2547989,-0.24514951,-0.35449138,-0.35418794,-0.34513074,-0.3093472,-0.2645283,0.6330316,-0.3552183,-0.34905797,-0.3065683,-0.3451962,1.2829263,0.48569703,-0.35280955,-0.27306527,1.2357613,-0.34845093,-0.34969518,-0.3525384,-0.26381022,0.50266874,-0.35609764,-0.3525678,-0.35827664,-0.3433188,-0.35637724,-0.35081324,-0.34833512,-0.35008848,-0.18443729,-0.31538883,-0.349086,-0.32571268,-0.35029894,-0.34652692,-0.35169965,-0.35109764,-0.355013,-0.34588897,1.0872738,-0.32761073,-0.35918453,-0.34840393,-0.35033467,-0.2788417,0.82744616,0.60768837,-0.35925305,-0.3556554,-0.2728125,-0.3173398,-0.34275934,-0.3255347,-0.34978673,-0.2555955,-0.2555955,-0.35720906,-0.35404736,-0.30212936
k__Bacteria|p__Firmicutes|c__Clostridia|o__Clostridiales|f__Ruminococcaceae|g__Faecalibacterium|s__prausnitzii,-0.28574407,-0.32443213,0.79677355,0.79677355,0.72662306,1.2095821,0.7633727,0.6466763,0.6627784,0.64635944,-0.3313659,-0.3067902,-0.34527826,0.94794303,0.5723867,-0.30780417,0.8215123,0.36587626,0.42402142,0.72516245,-0.2703327,0.5942072,0.7981821,0.6800635,0.6500451,-0.3366719,1.1332047,-0.3477889,0.5977552,0.63040507,-0.31815568,-0.30771792,-0.26893306,0.7737206,0.75312567,-0.25396472,0.903158,0.6360191,0.5651301,0.6061655,-0.26324958,0.5631412,0.9208886,0.81629825,0.5901581,-0.2568045,0.24660705,1.5308275,1.4300203,0.60194206,-0.27991652,-0.270654,-0.27204362,0.71932757,0.7214074,-0.3133456,0.6375491,0.6196913,0.5769284,0.59067714,-0.32914695,-0.32914695,1.0805345,0.50167,0.3919519,-0.2859781,-0.28761852,-0.3465716,0.6674048,0.6065125,0.43547046,0.8107249,-0.32729015,0.55780506,-0.34904224,-0.26304597,-0.26091534,-0.25958246,0.9282479,0.7375871,-0.31283143,0.2859553,0.6403761,0.64986604,0.7636513,-0.2547989,-0.24514951,0.61678636,0.6587425,0.6456035,-0.3188764,-0.2645283,0.70633656,0.6876843,0.6876271,-0.3065683,-0.3451962,-0.30649143,0.5154441,0.54386693,-0.27306527,-0.304123,0.650278,0.7338506,0.76343465,-0.26381022,0.4997323,0.5152468,0.6233156,0.9236397,-0.3433188,0.6587517,0.69872063,0.9486365,0.72875035,-0.18443729,-0.31538883,0.62776464,-0.106306136,0.68077356,-0.34652692,-0.35169965,0.9604516,0.66246337,0.6377566,-0.32128388,-0.08797684,0.48536277,0.793192,0.671937,-0.2788417,-0.3442507,0.581158,1.0544497,0.71665186,-0.2728125,-0.3173398,0.6513885,1.0025244,0.48840803,-0.2555955,-0.2555955,0.66195285,0.6625702,-0.30212936
k__Bacteria|p__Firmicutes|c__Clostridia|o__Coriobacteriales|f__unclassified|g__unclassified|s__unclassified,-0.28574407,1.0945201,0.84756273,0.84756273,0.70800596,-0.31121662,0.56462675,0.63570446,0.6371951,0.6290549,-0.3313659,-0.3067902,0.77476114,0.7919379,0.5517023,-0.30780417,0.79767585,0.35722917,0.41220582,0.69446045,-0.2703327,0.575652,0.8671829,0.7596959,0.6192789,-0.3366719,0.7676873,-0.3477889,0.5630982,0.6198063,-0.31815568,1.234576,-0.26893306,0.72863424,0.7277602,-0.25396472,0.9007831,0.4687573,0.50283945,0.5920332,-0.26324958,0.53722304,0.8924584,0.821586,0.5882839,-0.2568045,0.24840996,-0.34594566,0.78072745,0.5886157,-0.27991652,-0.270654,-0.27204362,0.64809304,0.69392,-0.3133456,0.6483792,0.59698665,0.5561672,0.571818,-0.32914695,-0.32914695,0.5179007,0.61718726,0.5698901,-0.2859781,-0.28761852,0.77295786,0.63434285,0.583544,0.44544846,0.8081568,0.9731422,0.60528797,0.6992866,-0.26304597,-0.26091534,1.6118733,0.866251,0.7375871,-0.31283143,0.28543097,0.6121068,0.57846296,0.6352966,-0.2547989,-0.24514951,0.5940821,0.64534605,0.6426479,-0.29349124,-0.2645283,0.67474234,0.660287,0.66618073,-0.3065683,-0.3451962,1.2958493,0.8124357,0.60980284,-0.27306527,-0.304123,0.641483,0.7281202,0.7444711,-0.26381022,0.50447154,0.5705156,0.6029346,0.63969874,0.7939449,0.5700119,0.6655041,0.8328659,0.70113885,-0.18443729,-0.31538883,0.59997493,-0.0628393,0.66282356,0.8302448,0.66526085,0.7428094,0.6417197,0.6183975,-0.32128388,-0.050615236,0.50707406,0.7286004,0.6508056,-0.2788417,0.8293453,-0.35489932,0.629359,0.6491134,-0.2728125,-0.3173398,0.64389634,0.93976724,0.5270403,-0.2555955,-0.2555955,0.5231288,0.67503476,-0.30212936
k__Bacteria|p__Firmicutes|c__Clostridia|o__Clostridiales|f__Ruminococcaceae|g__Ruminococcus|s__unclassified,1.3782815,-0.32443213,0.90312946,0.90312946,0.76377547,1.1691703,0.56462675,0.74512017,0.69002163,0.6812898,-0.3313659,-0.3067902,0.82017773,0.81521124,0.59912014,-0.30780417,0.8021142,0.39544433,0.45244086,0.7500464,-0.2703327,1.032989,0.78740436,0.6673697,0.6717863,-0.3366719,0.83786553,-0.3477889,0.5882284,0.6716677,-0.31815568,1.235713,1.5349257,0.82535493,0.78706133,-0.25396472,-0.33594304,0.41237044,0.49316272,0.64110315,-0.26324958,0.58530945,0.9384869,0.86058885,0.6378262,-0.2568045,0.28192037,-0.34594566,0.8674399,0.638701,-0.27991652,-0.270654,-0.27204362,0.67704433,0.74961436,-0.3133456,0.6145047,0.6481012,0.6039405,0.62015665,-0.32914695,-0.32914695,0.5535757,0.56974137,0.6338817,-0.2859781,-0.28761852,0.9048976,0.68645674,0.63320065,0.49045086,-0.34426677,0.9828789,0.6776231,0.66151035,-0.26304597,-0.26091534,1.6260396,1.2350993,0.8584893,-0.31283143,0.31920668,0.6634643,0.8245329,0.6719471,-0.2547989,-0.24514951,0.6470673,0.7056427,0.69530076,-0.2920412,-0.2645283,0.7112387,0.7141354,0.72054327,-0.3065683,-0.3451962,1.3438274,0.7605037,0.53323436,-0.27306527,-0.304123,0.69499886,0.786747,0.8031722,-0.26381022,0.5272867,0.73138005,0.65380466,0.59878415,-0.3433188,0.5509609,0.71928596,0.87675685,0.7574705,-0.18443729,-0.31538883,0.6501045,-0.046907112,0.71605504,0.8208664,0.66658187,1.0084294,0.6952235,0.6691539,-0.32128388,-0.033485495,0.91369927,0.77722734,0.7045592,-0.2788417,0.8245906,-0.35489932,0.76513684,0.74248445,-0.2728125,-0.3173398,0.6965968,0.9535139,0.6444905,-0.2555955,-0.2555955,0.68269587,0.6497024,-0.30212936
k__Bacteria|p__Firmicutes|c__Clostridia|o__Clostridiales|f__Clostridiaceae|g__unclassified|s__unclassified,1.378632,-0.32443213,-0.3514585,-0.3514585,-0.35083687,-0.31121662,0.57108855,-0.35552558,-0.35060483,-0.34716314,-0.3313659,-0.3067902,0.76269805,-0.3436599,-0.34864032,-0.30780417,-0.3513301,-0.33210218,-0.3343676,-0.34920138,-0.2703327,-0.35307166,-0.3462141,0.60509473,-0.35019565,-0.3366719,-0.3504457,-0.3477889,-0.35797155,-0.34613302,-0.31815568,1.2337224,-0.26893306,-0.35735446,-0.3527599,-0.25396472,0.90569633,-0.35719213,0.4756517,-0.34776175,-0.26324958,-0.3346023,0.8671779,-0.3421979,-0.34325355,-0.2568045,-0.30902693,-0.34594566,-0.35437846,-0.34706506,1.4604386,-0.270654,-0.27204362,-0.35545924,-0.35289758,-0.3133456,-0.35199606,-0.3473028,-0.3472578,-0.34377074,-0.32914695,-0.32914695,-0.35751456,-0.3593669,0.34835264,-0.2859781,-0.28761852,-0.3465716,-0.353307,-0.34549755,-0.3205527,-0.34426677,-0.32729015,0.5532841,0.6500183,-0.26304597,-0.26091534,-0.25958246,-0.34404397,-0.35182393,1.1710608,-0.33998513,-0.34660497,-0.35933927,0.61502737,-0.2547989,-0.24514951,-0.35112783,-0.35418794,-0.34505963,-0.3125497,-0.2645283,-0.3565628,-0.35317874,-0.34538624,-0.3065683,0.8430559,-0.30649143,-0.36058763,-0.35280955,-0.27306527,1.2340736,-0.34710267,-0.34827656,-0.3503009,-0.26381022,-0.3555616,-0.35609764,-0.34986264,-0.35827664,0.7921266,0.5512409,-0.35199097,-0.34833512,-0.34740165,-0.18443729,1.209791,-0.3494354,-0.31980526,-0.3478853,-0.34652692,-0.35169965,-0.35109764,-0.3539694,-0.3432864,-0.32128388,-0.32234645,0.48228872,-0.34840393,-0.34637177,-0.2788417,-0.3442507,-0.35489932,0.548889,0.5933088,1.5516354,-0.3173398,-0.34790534,-0.3255347,-0.34978673,-0.2555955,-0.2555955,-0.35720906,-0.35404736,-0.30212936
k__Bacteria|p__Firmicutes|c__Clostridia|o__Clostridiales|f__Ruminococcaceae|g__Faecalibacterium|s__unclassified,-0.28574407,-0.32443213,0.7558706,0.7558706,0.7328263,1.2089603,0.74549973,0.7595633,0.6674445,0.6502665,-0.3313659,-0.3067902,-0.34527826,0.926279,0.57485414,-0.30780417,0.8542154,0.3655774,0.42555106,0.73185146,-0.2703327,0.6255302,-0.3462141,0.87828726,0.65322983,-0.3366719,1.1281731,-0.3477889,0.80134994,0.63332915,-0.31815568,-0.30771792,-0.26893306,0.880353,0.7588489,-0.25396472,-0.33594304,0.6092556,0.5090263,0.6090045,-0.26324958,0.56678396,0.90028757,0.8952736,0.5934576,-0.2568045,0.24460612,-0.34594566,0.7789001,0.60432863,-0.27991652,-0.270654,-0.27204362,0.82027215,0.72729164,-0.3133456,0.7249539,0.6238664,0.580526,0.5949162,-0.32914695,-0.32914695,0.91936445,0.5102337,0.4141432,-0.2859781,-0.28761852,-0.3465716,0.6727977,0.60987526,0.4369431,0.80712765,-0.32729015,-0.35305658,-0.34904224,-0.26304597,-0.26091534,-0.25958246,0.83257973,0.733511,-0.31283143,0.2822194,0.64528966,0.69056344,0.63506323,-0.2547989,-0.24514951,0.62045753,0.7444805,0.65123916,-0.3252131,-0.2645283,1.0015275,0.6925067,0.69274855,-0.3065683,-0.3451962,1.2267833,0.5298884,0.5779979,-0.27306527,-0.304123,0.6539613,0.74063206,0.77067393,-0.26381022,0.5226546,0.50391257,0.62662137,1.0380617,-0.3433188,-0.35637724,0.7049798,0.9703438,0.7353878,-0.18443729,-0.31538883,0.63290954,-0.115973346,0.6850939,-0.34652692,-0.35169965,1.1264249,0.6670954,0.64259696,-0.32128388,-0.09866617,-0.35918453,0.7347831,0.6762855,-0.2788417,-0.3442507,-0.35489932,0.7081276,0.7852885,-0.2728125,-0.3173398,0.6595055,0.9496425,0.47409385,-0.2555955,-0.2555955,0.64095825,0.7812347,-0.30212936
k__Bacteria|p__Firmicutes|c__Clostridia|o__Clostridiales|f__Lachnospiraceae|g__Lachnospira|s__unclassified,-0.28574407,-0.32443213,0.7683181,0.7683181,0.68217456,-0.31121662,0.69936776,-0.35552558,0.61839855,0.6034832,-0.3313659,-0.3067902,0.8525892,0.88924706,0.53020734,-0.30780417,-0.3513301,0.3322282,0.38980004,0.67976093,-0.2703327,0.5942072,-0.3462141,0.7475585,0.60456586,-0.3366719,0.92592126,0.9709515,0.6258028,0.5882495,-0.31815568,-0.30771792,-0.26893306,0.8547985,0.7058172,-0.25396472,-0.33594304,0.40397394,0.58049446,0.56443584,-0.26324958,0.5230098,-0.34331423,0.82400024,0.5508039,-0.2568045,0.2185412,1.1762685,0.7376092,0.5592514,-0.27991652,-0.270654,-0.27204362,0.7019263,0.6756155,-0.3133456,-0.35199606,0.57715875,0.5358052,0.5503439,-0.32914695,-0.32914695,0.514099,-0.3593669,-0.35379392,-0.2859781,-0.28761852,-0.3465716,0.6223857,0.56405514,0.40218902,0.8182203,0.9747065,0.5887855,0.77950215,-0.26304597,-0.26091534,-0.25958246,0.83263296,0.6811851,-0.31283143,0.25458142,0.59718585,0.689959,0.6100149,-0.2547989,-0.24514951,0.57412523,0.58258593,0.6068237,-0.32142133,-0.2645283,0.81902695,0.6421727,0.64387965,-0.3065683,-0.3451962,-0.30649143,0.4891666,0.5266262,-0.27306527,-0.304123,0.6072802,0.6915163,0.71834683,-0.26381022,-0.3555616,0.53140527,0.5802122,0.68675566,-0.3433188,0.58293605,0.652357,0.8502321,0.6832683,-0.18443729,-0.31538883,0.584556,-0.119692534,0.6362035,-0.34652692,0.89249957,0.6942686,0.6188012,0.5955994,-0.32128388,-0.10428853,0.49950862,0.69577515,0.62796086,-0.2788417,-0.3442507,-0.35489932,0.830831,0.6119611,-0.2728125,-0.3173398,0.610115,0.96095645,0.376832,-0.2555955,-0.2555955,0.49441475,0.7518453,-0.30212936
k__Bacteria|p__Firmicutes|c__Clostridia|o__unclassified|f__unclassified|g__unclassified|s__unclassified,-0.28574407,-0.32443213,0.77925396,0.77925396,0.7235056,-0.31121662,0.62794644,0.99555844,0.65741706,0.6460138,1.0086106,-0.3067902,0.81010115,0.7949393,0.56693906,-0.30780417,0.798189,0.37385496,0.4290883,0.7149122,-0.2703327,0.771891,0.989176,0.70965356,0.6385318,-0.3366719,0.84559065,-0.3477889,0.99314547,0.6362284,-0.31815568,-0.30771792,-0.26893306,0.7130986,0.7465708,-0.25396472,0.90332747,0.569684,0.50526184,0.60893166,-0.26324958,0.55907714,1.0790944,0.80541474,0.60034657,-0.2568045,0.26313782,-0.34594566,0.82425046,0.60418105,-0.27991652,1.5372103,-0.27204362,0.6598441,0.7123212,-0.3133456,0.66594064,0.6180203,0.5752194,0.589456,-0.32914695,-0.32914695,0.63266164,0.78778076,0.46305296,-0.2859781,-0.28761852,0.77499986,0.65569544,0.6015314,0.46160948,0.84020925,0.97860646,0.65111935,0.6990365,-0.26304597,-0.26091534,1.6070087,0.81687695,0.6976272,1.4598312,0.30094126,0.63536924,0.68495846,0.62143534,1.6810123,-0.24514951,0.61246413,0.5977346,0.6568726,-0.29284889,-0.2645283,0.69741106,0.6804955,0.68416715,-0.3065683,-0.3451962,1.256007,0.6255467,0.57975155,1.5383341,-0.304123,0.660462,0.7435615,0.7608158,-0.26381022,0.5116504,0.46190175,0.62204266,0.61726904,0.79886365,0.7356856,0.68887645,0.8238973,0.7192644,-0.18443729,-0.31538883,0.62149405,-0.06451439,0.6820836,0.8208664,0.67436254,0.7059799,0.6603941,0.63577735,-0.32128388,-0.04804597,0.5630526,0.7113438,0.66851676,-0.2788417,0.85694706,0.6191756,0.62621963,0.66615885,-0.2728125,-0.3173398,0.6576165,0.9363664,0.43845314,-0.2555955,-0.2555955,0.51655895,0.6934058,-0.30212936
k__Bacteria|p__Firmicutes|c__Clostridia|o__Clostridiales|f__Lachnospiraceae|g__Anaerostipes|s__unclassified,-0.28574407,-0.32443213,-0.3514585,-0.3514585,-0.35149404,-0.31121662,-0.34956193,-0.35552558,-0.35166278,-0.34883702,-0.3313659,-0.3067902,0.77100706,0.79743356,-0.3508727,-0.30780417,-0.3513301,-0.3348008,-0.33633476,-0.34940788,-0.2703327,-0.35307166,-0.3462141,-0.35720402,-0.3529474,-0.3366719,-0.3504457,-0.3477889,0.42949596,-0.34770742,-0.31815568,-0.30771792,-0.26893306,-0.35735446,-0.35331172,-0.25396472,-0.33594304,-0.35719213,-0.3509197,-0.34969005,-0.26324958,-0.33644158,-0.34331423,-0.3421979,-0.3444825,-0.2568045,-0.3141728,-0.34594566,-0.35437846,-0.34850574,-0.27991652,-0.270654,-0.27204362,0.63691616,-0.3540293,-0.3133456,-0.35199606,-0.3487854,-0.34795606,-0.34444296,-0.32914695,-0.32914695,-0.35751456,-0.3593669,0.36897352,-0.2859781,-0.28761852,-0.3465716,-0.3535002,-0.347306,-0.32433927,-0.34426677,-0.32729015,-0.35305658,-0.34904224,-0.26304597,-0.26091534,-0.25958246,0.7983407,0.68022823,-0.31283143,-0.34435427,-0.34732774,-0.35933927,0.62190837,-0.2547989,-0.24514951,-0.35519028,-0.35418794,-0.34498262,-0.3152085,-0.2645283,-0.3565628,-0.3541853,-0.34695986,-0.3065683,-0.3451962,-0.30649143,0.48112494,-0.35280955,-0.27306527,-0.304123,-0.34856227,-0.3486179,-0.3506146,-0.26381022,-0.3555616,0.44263703,-0.35179076,0.56472194,-0.3433188,-0.35637724,-0.35169756,0.76264596,-0.34827197,-0.18443729,-0.31538883,-0.34922892,-0.32567617,-0.34885868,-0.34652692,-0.35169965,-0.35109764,-0.3545577,-0.3445461,-0.32128388,-0.32839316,0.48738766,-0.34840393,-0.34814903,-0.2788417,-0.3442507,-0.35489932,-0.35925305,-0.3556554,-0.2728125,-0.3173398,-0.34415415,-0.3255347,0.34687814,-0.2555955,-0.2555955,-0.35720906,-0.35404736,-0.30212936
k__Bacteria|p__Firmicutes|c__Clostridia|o__Clostridiales|f__Lachnospiraceae|g__Lachnobacterium|s__unclassified,-0.28574407,-0.32443213,-0.3514585,-0.3514585,-0.350627,-0.31121662,-0.34956193,-0.35552558,-0.350598,-0.34756076,-0.3313659,-0.3067902,-0.34527826,0.8093204,-0.3498534,-0.30780417,-0.3513301,-0.33389264,-0.33537185,-0.34823358,-0.2703327,-0.35307166,-0.3462141,-0.35720402,-0.35098335,-0.3366719,-0.3504457,-0.3477889,-0.35797155,-0.3465653,-0.31815568,-0.30771792,-0.26893306,0.7281967,-0.351928,-0.25396472,-0.33594304,-0.35719213,-0.3509197,-0.3484594,-0.26324958,-0.33488506,-0.34331423,0.85656536,-0.34380606,-0.2568045,-0.31204295,-0.34594566,0.7181021,-0.34781045,-0.27991652,-0.270654,-0.27204362,-0.35545924,-0.35261577,-0.3133456,-0.35199606,-0.34746116,-0.34737045,-0.3435011,-0.32914695,-0.32914695,-0.35751456,0.45600253,-0.35379392,-0.2859781,-0.28761852,-0.3465716,-0.35280716,-0.3460142,-0.32215202,-0.34426677,-0.32729015,0.58279455,-0.34904224,-0.26304597,-0.26091534,-0.25958246,0.7999901,0.6884909,-0.31283143,-0.34297442,-0.3461033,0.9889962,0.6340125,-0.2547989,-0.24514951,-0.3520267,-0.35418794,-0.34369898,-0.31614858,-0.2645283,-0.3565628,-0.35328498,-0.34534183,-0.3065683,-0.3451962,-0.30649143,-0.36058763,-0.35280955,-0.27306527,-0.304123,-0.34749234,-0.34738296,-0.34935185,-0.26381022,0.50165325,0.48958606,-0.35038498,-0.35827664,-0.3433188,-0.35637724,-0.3512155,-0.34833512,-0.34694353,-0.18443729,-0.31538883,-0.34970587,-0.32513732,-0.3479423,-0.34652692,-0.35169965,0.6942686,-0.35353476,-0.3433876,-0.32128388,-0.32775527,-0.35918453,-0.34840393,-0.34670478,-0.2788417,-0.3442507,-0.35489932,0.68034375,0.5971965,-0.2728125,-0.3173398,-0.34607923,-0.3255347,0.4405852,-0.2555955,-0.2555955,-0.35720906,-0.35404736,-0.30212936
k__Bacteria|p__Firmicutes|c__Clostridia|o__Clostridiales|f__Lachnospiraceae|g__[Ruminococcus]|s__unclassified,-0.28574407,1.0877159,0.7305009,0.7305009,0.66197515,-0.31121662,0.5716252,0.7655435,0.59928334,0.5867089,1.0191547,1.2609814,0.79552764,0.7994246,0.5188073,-0.30780417,0.7985309,0.32693273,0.37966746,0.6535619,-0.2703327,0.63167876,0.8398386,0.6711645,0.58745843,-0.3366719,0.76551485,-0.3477889,0.5513963,0.574504,-0.31815568,1.233936,-0.26893306,0.682713,0.6821189,-0.25396472,-0.33594304,0.4298796,0.49107173,0.5506693,-0.26324958,0.5050251,0.9113746,0.7962162,0.54013073,-0.2568045,0.22115126,-0.34594566,0.7433478,0.54762745,-0.27991652,-0.270654,-0.27204362,0.6531963,0.6525271,-0.3133456,-0.35199606,0.55783474,0.52054584,0.532111,-0.32914695,-0.32914695,0.6165841,0.6970297,0.51753116,-0.2859781,-0.28761852,0.7957967,0.60085,0.54788435,0.3959078,-0.34426677,-0.32729015,-0.35305658,-0.34904224,-0.26304597,-0.26091534,-0.25958246,0.80009997,0.7231708,1.175901,0.25447422,0.5750315,0.56176406,0.61312085,-0.2547989,-0.24514951,0.55378425,0.5901889,0.584878,-0.31220642,-0.2645283,0.65119225,0.6229594,0.6239018,-0.3065683,-0.3451962,1.2379925,0.5874327,0.5528007,-0.27306527,-0.304123,0.5911875,0.66901726,0.6936873,-0.26381022,0.5007497,0.44852638,0.5649425,0.6523568,-0.3433188,0.5520807,0.62826824,0.8062957,0.6597307,-0.18443729,-0.31538883,0.5651236,-0.09660498,0.6183548,-0.34652692,-0.35169965,0.69164735,0.59961253,0.5773134,1.0963683,-0.081884354,0.5117665,0.6822029,0.6100532,-0.2788417,-0.3442507,0.67375296,0.5893896,0.5959023,-0.2728125,-0.3173398,0.5890987,0.9319015,0.3804574,-0.2555955,-0.2555955,0.48282617,0.64072776,-0.30212936
k__Bacteria|p__Firmicutes|c__Clostridia|o__Clostridiales|f__Lachnospiraceae|g__Roseburia|s__faecis,-0.28574407,-0.32443213,0.72477466,0.72477466,-0.35152918,-0.31121662,0.5602956,-0.35552558,-0.35103333,-0.34815925,-0.3313659,-0.3067902,-0.34527826,-0.3436599,-0.35080078,-0.30780417,-0.3513301,-0.3335579,-0.335107,-0.3483253,-0.2703327,-0.35307166,-0.3462141,0.5948458,-0.35220373,-0.3366719,0.7633376,-0.3477889,-0.35797155,-0.34711346,-0.31815568,-0.30771792,-0.26893306,-0.35735446,-0.35244524,-0.25396472,-0.33594304,-0.35719213,0.4785794,-0.34884304,-0.26324958,-0.3346147,-0.34331423,-0.3421979,-0.3441996,-0.2568045,-0.31192362,-0.34594566,0.70773196,-0.3485724,-0.27991652,-0.270654,-0.27204362,-0.35545924,-0.3531493,-0.3133456,-0.35199606,-0.34713882,-0.34739608,-0.34314215,-0.32914695,-0.32914695,0.4589157,0.4519648,0.34196603,-0.2859781,-0.28761852,0.8196358,-0.35311806,-0.34652722,-0.3205784,-0.34426677,-0.32729015,-0.35305658,-0.34904224,-0.26304597,-0.26091534,1.6034914,-0.34404397,-0.35182393,-0.31283143,-0.34295183,-0.34559754,-0.35933927,-0.35463315,-0.2547989,-0.24514951,-0.35211074,-0.35418794,-0.34254247,-0.3135674,-0.2645283,0.6338281,-0.35402754,-0.3460083,-0.3065683,-0.3451962,-0.30649143,-0.36058763,-0.35280955,-0.27306527,-0.304123,-0.34710982,-0.3475051,-0.34983116,-0.26381022,-0.3555616,0.43378884,-0.35083762,-0.35827664,0.81118333,-0.35637724,-0.35065722,-0.34833512,-0.34760013,-0.18443729,-0.31538883,-0.34964746,-0.3258652,-0.3480089,-0.34652692,-0.35169965,0.6942686,-0.35387886,-0.34349656,-0.32128388,-0.32834908,-0.35918453,0.68845564,-0.34761345,-0.2788417,-0.3442507,-0.35489932,0.548889,-0.3556554,-0.2728125,-0.3173398,-0.34430814,-0.3255347,-0.34978673,-0.2555955,-0.2555955,0.4731024,0.6312545,-0.30212936
k__Bacteria|p__Firmicutes|c__Clostridia|o__Coriobacteriales|f__Coriobacteriaceae|g__Collinsella|s__unclassified,-0.28574407,-0.32443213,0.75168675,0.75168675,0.56056005,1.3148462,0.6090062,0.7681487,0.5108312,0.49477124,-0.3313659,-0.3067902,-0.34527826,0.79243875,0.4316704,1.3094865,0.94783247,0.2653848,0.31365073,0.56434035,-0.2703327,0.575652,-0.3462141,-0.35720402,0.49862626,-0.3366719,1.0296499,-0.3477889,0.46741116,0.48162204,1.296869,-0.30771792,-0.26893306,0.6756826,0.58481896,1.8483573,-0.33594304,0.49930492,-0.3509197,0.46131426,1.6653353,0.43263513,1.0631224,-0.3421979,0.44480103,1.7358582,0.1657356,0.9131628,-0.35437846,0.4568977,1.4962558,-0.270654,1.6950942,-0.35545924,0.5580808,-0.3133456,0.72796893,0.47698566,0.43957585,0.45117173,1.2833103,1.2833103,0.5481559,0.523304,-0.35379392,-0.2859781,-0.28761852,-0.3465716,0.51631373,0.46335837,0.32005072,0.8095273,-0.32729015,0.5538365,-0.34904224,-0.26304597,-0.26091534,-0.25958246,-0.34404397,-0.35182393,-0.31283143,0.19782218,0.4965825,-0.35933927,-0.35463315,-0.2547989,-0.24514951,0.46941718,-0.35418794,0.49485618,-0.30201375,1.6025628,0.6899802,0.5312873,0.52970207,-0.3065683,0.850905,-0.30649143,0.8118088,-0.35280955,1.6408294,-0.304123,0.49988753,0.5664849,0.5918236,-0.26381022,0.50930053,-0.35609764,0.47667176,0.57668436,-0.3433188,-0.35637724,0.54473996,-0.34833512,0.5643957,-0.18443729,-0.31538883,0.48640195,-0.1375786,0.525229,1.2618014,0.7418935,0.69164735,0.509205,0.4889114,1.4097918,-0.11898433,0.54679257,-0.34840393,0.5163325,1.4975802,1.023207,1.5098628,0.5501621,0.6077466,1.6290992,1.1583267,0.5010633,-0.3255347,0.38766897,-0.2555955,-0.2555955,0.4695429,0.63608545,-0.30212936
k__Bacteria|p__Firmicutes|c__Clostridia|o__Clostridiales|f__Ruminococcaceae|g__Oscillospira|s__unclassified,-0.28574407,1.0820919,0.78332424,0.78332424,0.7014246,-0.31121662,0.66722417,0.69531184,0.6350182,0.6213919,-0.3313659,1.4321297,0.9072264,0.8403447,0.54489803,-0.30780417,0.80881953,0.34708345,0.40533912,0.69814897,1.4873586,0.63031566,0.86196667,0.8717384,0.61743397,1.227059,0.83617824,-0.3477889,0.45331016,0.6071356,-0.31815568,1.3575217,1.5637805,0.66674244,0.7257036,-0.25396472,-0.33594304,0.4463806,0.48825282,0.5820054,-0.26324958,0.5380432,1.1031895,0.8244386,0.572036,-0.2568045,0.22985438,-0.34594566,0.70916617,0.5770455,-0.27991652,-0.270654,-0.27204362,0.7410236,0.69346166,1.2567242,0.6509978,0.59476024,0.55287033,0.56931037,-0.32914695,-0.32914695,0.46445873,0.4809802,0.48550445,-0.2859781,-0.28761852,0.951261,0.63826686,0.5798097,0.42378303,-0.34426677,0.97587806,0.6045533,0.65211755,-0.26304597,-0.26091534,-0.25958246,0.93455833,1.316892,1.2547909,0.2680271,0.6145174,0.6031646,0.6315565,-0.2547989,-0.24514951,0.5905607,0.6446856,0.63345075,-0.30547315,-0.2645283,0.7089585,0.6583323,0.6614286,-0.3065683,0.8439311,-0.30649143,0.5437171,0.5914325,-0.27306527,-0.304123,0.6288716,0.71583515,0.7396924,-0.26381022,0.51955456,0.6665277,0.59650975,0.6033015,0.86674964,0.57083607,0.67064494,0.7803113,0.70100075,-0.18443729,-0.31538883,0.60160065,-0.105535254,0.6555264,-0.34652692,-0.35169965,0.7735055,0.63763154,0.61383903,-0.32128388,-0.09126513,0.6205249,0.67455727,0.6446276,-0.2788417,-0.3442507,0.5807752,0.5899332,0.78217596,-0.2728125,-0.3173398,0.6398724,0.94002837,0.40987566,1.6988811,1.6988811,0.47930118,0.6748749,-0.30212936
k__Bacteria|p__Firmicutes|c__Clostridia|o__Clostridiales|f__Lachnospiraceae|g__[Ruminococcus]|s__gnavus,-0.28574407,1.1283319,0.7305009,0.7305009,0.5947474,-0.31121662,0.6043444,-0.35552558,0.6128975,0.59164834,1.1023315,1.281494,0.77999336,0.80784225,0.6372622,-0.30780417,0.80991864,0.58499384,0.58516955,0.5721191,1.7172225,-0.35307166,1.0647473,0.605742,0.6091633,1.0125692,0.78986424,0.83888304,0.5054828,0.5821519,-0.31815568,1.5546157,1.536034,-0.35735446,0.5776913,-0.25396472,0.9222893,0.4227679,0.4778483,0.61462414,-0.26324958,0.5100621,0.8738543,-0.3421979,0.5834112,-0.2568045,0.45322195,0.9135287,0.7085248,0.605517,-0.27991652,1.5644075,-0.27204362,-0.35545924,0.6082115,1.2383436,0.62086225,0.60232675,0.6206655,0.5827427,1.0426308,1.0426308,0.5773523,0.5461265,0.45969313,-0.2859781,1.443057,-0.3465716,0.6314815,0.5907338,0.4693251,0.8042061,0.9700063,0.5759034,0.6769076,-0.26304597,-0.26091534,-0.25958246,0.79663336,0.6827779,1.1851132,0.6893275,0.58174706,0.62372404,0.621317,-0.2547989,-0.24514951,0.6482947,0.577855,0.56685156,0.76626194,1.6029913,0.6348409,0.6223527,0.5596852,1.2261902,0.8749378,1.3439816,0.5866475,0.56417096,-0.27306527,1.2441568,0.5865127,0.5758052,0.5733418,1.635775,0.5013145,0.48622808,0.6210048,0.6432144,0.8208299,0.68252516,0.6033595,0.76965326,0.5625911,-0.18443729,-0.31538883,0.6224227,0.72128165,0.5777255,0.87753177,0.67468995,-0.35109764,0.63782644,0.56702787,-0.32128388,0.72151995,0.50611025,0.67523426,0.57456124,-0.2788417,0.8371415,0.60039437,0.552915,-0.3556554,-0.2728125,1.1540166,0.5988766,-0.3255347,0.3763779,1.698404,1.698404,0.4695429,0.636916,1.3474727
k__Bacteria|p__Firmicutes|c__Erysipelotrichi|o__Erysipelotrichales|f__[Coprobacillaceae]|g__unclassified|s__unclassified,1.74382,1.1226969,0.76969165,0.76969165,0.7139766,1.1686152,0.68078315,1.0924155,0.68641186,0.6779735,-0.3313659,1.2720902,0.82160896,0.79543865,0.6595811,-0.30780417,0.8138823,0.5554662,0.57605654,0.68922794,-0.2703327,0.6026564,0.96268505,0.6839601,0.6717359,-0.3366719,0.8011208,0.8086319,0.5800408,0.67524815,-0.31815568,1.2620656,1.5320383,0.85355,0.71415603,1.7379383,-0.33594304,0.5539326,0.5274997,0.6731719,1.6366578,0.59239817,0.88048637,0.79463726,0.6657608,-0.2568045,0.45211628,0.86423326,0.72436213,0.67010486,-0.27991652,1.5474961,-0.27204362,0.70317936,0.70807385,1.1808702,0.62122643,0.6664821,0.6544698,0.64457107,-0.32914695,-0.32914695,0.46235982,0.54816145,0.6185397,-0.2859781,2.0446053,0.95055085,0.6870468,0.6518104,0.5596137,-0.34426677,0.9863611,0.61862797,0.7277595,-0.26304597,-0.26091534,1.6039807,0.7960268,0.68943995,1.199364,0.5760902,0.6593736,0.6587942,0.62533116,-0.2547989,-0.24514951,0.68557537,-0.35418794,0.68218625,0.34667212,-0.2645283,0.6842158,0.70005435,0.6766765,-0.3065683,-0.3451962,1.2692249,0.69309586,0.67316186,-0.27306527,-0.304123,0.69244504,0.72601044,0.72171825,-0.26381022,0.50559664,0.72533417,0.6779027,0.63737315,1.0871745,0.9204829,0.69160736,0.81783503,0.69013184,-0.18443729,1.7488943,0.67250896,0.45549697,0.68828833,0.8640867,0.68359846,-0.35109764,0.7032813,0.65942883,1.1339251,0.46110728,-0.35918453,0.6722974,0.6774256,1.5906987,0.8759153,0.8837324,0.5678871,0.5955137,1.5578325,1.3554791,0.69758713,-0.3255347,-0.34978673,1.696971,1.696971,0.4706566,0.76303184,-0.30212936
k__Bacteria|p__Firmicutes|c__Clostridia|o__Clostridiales|f__unclassified|g__unclassified|s__unclassified,1.3873534,1.0867401,0.74044347,0.74044347,0.7029608,-0.31121662,0.57055163,0.78929514,0.63575786,0.6261082,-0.3313659,-0.3067902,0.80284095,0.7934397,0.55337006,-0.30780417,1.1112139,0.3591234,0.41247693,0.69057465,-0.2703327,0.8410708,0.89231735,0.62464815,0.62125194,-0.3366719,0.7766889,0.9924778,0.48171052,0.6164999,-0.31815568,1.2374159,-0.26893306,1.0775169,0.7232329,-0.25396472,1.0119015,0.41675055,0.5224062,0.5899209,-0.26324958,0.5374301,0.88467896,0.80964893,0.5834007,-0.2568045,0.25107807,0.8694074,0.7085248,0.5873418,1.4631114,-0.270654,-0.27204362,0.63334167,0.69045067,-0.3133456,0.62609327,0.594296,0.5557989,0.5690384,-0.32914695,-0.32914695,0.63153327,0.49847043,0.66028243,-0.2859781,1.4468888,0.81487626,0.6343899,0.58333296,0.4376631,0.8031729,-0.32729015,-0.35305658,-0.34904224,-0.26304597,-0.26091534,1.6034914,0.9062131,0.6938568,1.1746932,0.28824443,0.61003613,0.8185697,1.0545837,-0.2547989,-0.24514951,0.5902697,0.6157706,0.63155425,-0.2916014,-0.2645283,0.70492196,0.65945673,0.6627004,-0.3065683,-0.3451962,1.2281697,1.000938,0.57706827,-0.27306527,1.2357613,0.63511235,0.71662015,0.7366105,-0.26381022,0.59080595,0.45518616,0.6021197,0.61404526,-0.3433188,0.6739755,0.66331625,0.78043044,0.69725686,-0.18443729,1.2118604,0.5989275,-0.06066733,0.6591209,-0.34652692,0.66448945,0.7188335,0.6386739,0.61503077,-0.32128388,-0.04674068,0.53891915,0.68890077,0.64847386,-0.2788417,0.93673474,-0.35489932,0.77478206,0.92656535,1.5211751,-0.3173398,0.6332004,-0.3255347,0.38721976,-0.2555955,-0.2555955,0.48480353,0.72286195,-0.30212936
k__Bacteria|p__Firmicutes|c__Clostridia|o__Clostridiales|f__Lachnospiraceae|g__Coprococcus|s__unclassified,-0.28574407,1.0749553,0.7347741,0.7347741,0.67122895,-0.31121662,-0.34956193,-0.35552558,0.60600865,0.5966442,0.9967171,-0.3067902,0.7785012,0.7959377,0.52698785,-0.30780417,0.8032207,0.33779776,0.3892725,0.6586487,1.4675589,0.8460301,0.8004949,0.60266405,0.59325206,0.9384766,0.8297404,0.8115527,0.6096242,0.587369,-0.31815568,1.2642077,1.5320383,0.67190367,0.69011617,-0.25396472,0.907891,0.55656004,0.49632692,0.5622284,-0.26324958,0.5103024,0.93015295,0.804968,0.5547376,-0.2568045,0.23392707,-0.34594566,0.8099295,0.55921996,-0.27991652,1.5417949,-0.27204362,0.6357559,0.65900683,1.1717818,0.62783086,0.5656396,0.5282246,0.5406815,-0.32914695,-0.32914695,0.5162732,0.6339753,0.44272244,-0.2859781,1.3777026,0.7657586,0.60462976,0.55553544,0.4132843,0.8095273,0.9700063,0.55802506,0.6701079,-0.26304597,-0.26091534,-0.25958246,0.800045,0.6859558,-0.31283143,0.2701562,0.5807875,0.5651947,0.6120468,-0.2547989,-0.24514951,0.56262404,0.5723917,0.59997606,-0.29516104,-0.2645283,0.65105,0.6290814,0.6321211,-0.3065683,0.8395475,1.711121,0.578564,0.5361454,-0.27306527,-0.304123,0.6047424,0.68292433,0.70321476,1.5911585,0.50311977,0.46035215,0.5737425,0.56955624,0.80555564,0.57092756,0.6323813,0.79755294,0.66551113,-0.18443729,-0.31538883,0.5698366,-0.068644166,0.6287612,-0.34652692,0.66647184,0.716276,0.6085032,0.5859175,-0.32128388,-0.054499615,0.542262,0.6754598,0.61857903,-0.2788417,-0.3442507,0.60376745,0.56524485,0.66059023,-0.2728125,-0.3173398,0.6002067,-0.3255347,0.4203622,-0.2555955,-0.2555955,0.49441475,0.64674723,-0.30212936
k__Bacteria|p__Firmicutes|c__Clostridia|o__Clostridiales|f__Lachnospiraceae|g__Blautia|s__unclassified,-0.28574407,1.3430523,1.1858308,1.1858308,0.93154824,1.1811191,0.7735068,1.674056,0.94299024,0.9296015,1.1052969,1.2989092,0.8280244,0.8634637,0.95782804,1.2677077,0.8879952,0.9151782,0.91405743,0.9128273,1.6338203,0.69501346,1.7394763,1.035047,0.94037,1.051964,1.0257455,0.8757957,0.99856985,0.92359054,-0.31815568,1.582916,1.5503311,1.0313501,0.9211183,-0.25396472,1.1657047,0.9781265,0.7322603,0.94482595,-0.26324958,0.8676997,1.4455775,0.98651564,0.9229665,-0.2568045,0.8234655,0.9685025,1.1166514,0.93912476,-0.27991652,1.5486325,-0.27204362,0.9026975,0.94026166,1.2487864,0.74914354,0.93467885,0.944641,0.9169944,1.0508461,1.0508461,0.94950444,1.2231747,0.67018926,-0.2859781,1.5836737,0.8318911,0.95248634,0.92549115,0.84413654,1.4351065,1.27519,1.5483267,0.85787445,1.605151,-0.26091534,1.6608325,0.8869102,1.08317,1.2413137,0.98780113,0.9194332,1.0359604,1.4239926,-0.2547989,-0.24514951,0.9677538,0.7192242,0.9077574,0.995011,1.6153282,0.87510175,0.9509998,0.90747553,1.2266167,0.8500359,1.6638273,0.7971214,0.9311281,-0.27306527,1.2632031,0.930828,0.92075884,0.91685724,1.8742163,0.69262713,0.8387467,0.9496725,0.72028697,0.9531524,0.986096,0.9349462,1.2509061,0.9079323,-0.18443729,-0.31538883,0.94679135,0.9949748,0.9219176,0.96944344,0.80582124,0.8457981,0.95931906,0.9100637,1.1094509,0.9982675,0.68663824,0.86995953,0.91814303,-0.2788417,1.3870246,0.7176064,0.8475078,0.7345114,-0.2728125,1.2776208,0.9256257,0.9553155,0.62165177,1.9773284,1.9773284,0.7561087,0.9657109,1.34904
k__Bacteria|p__Firmicutes|c__Clostridia|o__Clostridiales|f__Lachnospiraceae|g__unclassified|s__unclassified,-0.28574407,1.4107835,1.2905985,1.2905985,0.9935836,-0.31121662,0.61724067,0.7871093,0.9693458,0.9578848,1.0073867,-0.3067902,1.5400438,1.1145642,0.95052826,1.2663765,0.95209306,0.8196818,0.84109485,0.9703406,1.5661552,0.65723044,1.0310782,0.98451555,0.97005963,-0.3366719,1.070819,0.86063856,0.8771827,0.94991505,-0.31815568,1.4233961,1.6792401,1.3083915,0.9969561,1.7144234,0.9261052,0.62154055,0.936193,0.9512261,-0.26324958,0.87008244,1.1025616,0.908455,0.9330367,-0.2568045,0.70298266,0.8567119,0.9613673,0.9499165,-0.27991652,1.5372103,-0.27204362,0.8798024,0.99397194,1.3078046,0.87515754,0.9392021,0.93188787,0.91712576,-0.32914695,-0.32914695,0.7886678,0.77875704,0.82728016,1.9798034,1.4372814,1.4301804,0.97465813,0.9368114,0.7897533,0.8519279,1.0039718,0.9275299,0.81230676,-0.26304597,-0.26091534,1.6668217,1.0452685,0.90504944,1.2851881,0.8409477,0.9345696,1.3645091,1.5321691,-0.2547989,-0.24514951,0.96085393,0.8079342,0.93134594,0.54906356,-0.2645283,1.0848945,0.9892693,0.9581171,-0.3065683,0.97262484,1.2947698,1.057198,1.2195247,-0.27306527,-0.304123,0.955576,0.9797373,0.993331,1.6662139,0.65663993,0.7752667,0.9609091,1.1870362,1.3369712,1.1063643,0.9706453,1.0090829,0.9731196,-0.18443729,-0.31538883,0.9501692,0.6817262,0.9649365,0.8935403,0.806204,0.91005534,0.9805371,0.9350521,-0.32128388,0.6923584,0.5920454,1.0006548,0.96125853,1.5992023,0.8324238,0.7335886,1.017091,0.76919234,1.5195018,-0.3173398,0.9379548,0.98020226,0.6903208,1.7031658,1.7031658,0.86986715,1.1429509,1.3508891
k__Bacteria|p__Firmicutes|c__Clostridia|o__Clostridiales|f__Peptostreptococcaceae|g__unclassified|s__unclassified,1.3817804,-0.32443213,-0.3514585,-0.3514585,0.17740461,-0.31121662,-0.34956193,0.73123693,0.14113644,0.13915572,-0.3313659,-0.3067902,0.77100706,0.7944397,0.10166778,-0.30780417,0.9792103,0.010423157,0.03731328,0.17036468,-0.2703327,-0.35307166,0.8070615,0.5930455,0.1333336,1.3680016,-0.3504457,0.8431309,-0.35797155,0.13459826,-0.31815568,1.2562383,-0.26893306,-0.35735446,0.18417428,-0.25396472,0.9075536,0.36944646,0.47506514,0.1211358,-0.26324958,0.09829925,-0.34331423,0.79328185,0.12104516,-0.2568045,-0.03409241,-0.34594566,-0.35437846,0.11904889,-0.27991652,1.5480645,-0.27204362,-0.35545924,0.16901228,1.2378546,-0.35199606,0.12190367,0.102770045,0.11243622,-0.32914695,-0.32914695,0.6618733,0.46937335,0.37010676,-0.2859781,-0.28761852,-0.3465716,0.13900027,0.117715165,0.055530127,-0.34426677,-0.32729015,-0.35305658,-0.34904224,-0.26304597,-0.26091534,-0.25958246,-0.34404397,0.6832552,-0.31283143,-0.027862104,0.1297465,0.59605044,0.6883435,-0.2547989,-0.24514951,0.118623674,0.577855,0.14595535,-0.30037743,-0.2645283,0.6393858,0.15193751,0.15823206,-0.3065683,-0.3451962,1.2257422,0.516919,0.52923137,-0.27306527,-0.304123,0.14339614,0.18572564,0.19444183,-0.26381022,0.5197763,0.46255088,0.124814175,0.5530234,0.7929063,0.57165945,0.15408322,-0.34833512,0.17473882,-0.18443729,-0.31538883,0.123266324,-0.190725,0.15513718,-0.34652692,-0.35169965,0.7007918,0.141498,0.13595454,-0.32128388,-0.1868572,0.49217317,-0.34840393,0.15015548,-0.2788417,0.8684167,0.6197281,0.5556603,-0.3556554,-0.2728125,-0.3173398,0.14423834,-0.3255347,-0.34978673,-0.2555955,-0.2555955,0.47243595,0.64534867,1.4374177
k__Bacteria|p__Firmicutes|c__Clostridia|o__Clostridiales|f__Lachnospiraceae|g__Dorea|s__unclassified,-0.28574407,-0.32443213,0.73192734,0.73192734,0.5007118,-0.31121662,0.58917344,0.6094804,0.44683117,0.4373907,-0.3313659,-0.3067902,-0.34527826,-0.3436599,0.37593007,1.2663765,0.83355093,0.22041291,0.26572257,0.495566,1.4654357,-0.35307166,0.8875447,0.59696925,0.43343002,1.1751932,-0.3504457,-0.3477889,0.43032664,0.4277102,-0.31815568,1.5143203,1.5588124,-0.35735446,0.5181659,-0.25396472,-0.33594304,0.37390962,-0.3509197,0.4070056,-0.26324958,0.37033385,-0.34331423,0.79711735,0.3994703,-0.2568045,0.13261098,-0.34594566,-0.35437846,0.40314692,-0.27991652,-0.270654,-0.27204362,-0.35545924,0.4923357,-0.3133456,-0.35199606,0.41493577,0.38123894,0.39402294,1.0521864,1.0521864,0.4792169,0.49962017,0.37095582,-0.2859781,-0.28761852,0.787887,0.44745857,0.40359196,0.28488123,0.8170316,-0.32729015,0.55162495,0.6526417,-0.26304597,-0.26091534,-0.25958246,-0.34404397,0.69574374,-0.31283143,0.15919705,0.42983532,0.5531356,0.61156905,-0.2547989,-0.24514951,0.4109652,-0.35418794,0.4453001,-0.3030019,-0.2645283,-0.3565628,0.46523428,0.46893498,-0.3065683,-0.3451962,1.2437494,0.5242611,0.5267349,-0.27306527,-0.304123,0.44473663,0.5129719,0.5304254,-0.26381022,0.5036832,0.44872886,0.41722718,-0.35827664,-0.3433188,0.55719703,0.47328383,0.76796633,0.4990367,-0.18443729,-0.31538883,0.41945732,-0.13257864,0.46502534,-0.34652692,0.67184865,-0.35109764,0.4483066,0.43099856,-0.32128388,-0.120668784,0.48437777,-0.34840393,0.456085,-0.2788417,-0.3442507,0.5825921,-0.35925305,0.593828,-0.2728125,1.1261611,0.4476174,-0.3255347,0.39125535,-0.2555955,-0.2555955,-0.35720906,-0.35404736,-0.30212936
k__Bacteria|p__Firmicutes|c__Clostridia|o__Clostridiales|f__Veillonellaceae|g__unclassified|s__unclassified,-0.28574407,1.3392674,0.7586501,0.7586501,0.6428108,-0.31121662,-0.34956193,-0.35552558,0.58005613,0.5678301,-0.3313659,-0.3067902,-0.34527826,-0.3436599,0.49837497,-0.30780417,-0.3513301,0.31182855,0.36505604,0.6354565,-0.2703327,0.5920837,-0.3462141,0.6631024,0.5652433,-0.3366719,0.80809236,-0.3477889,0.43488315,0.5560514,-0.31815568,-0.30771792,-0.26893306,0.6545118,0.66250515,1.6898434,-0.33594304,0.36835486,0.50319606,0.5326443,-0.26324958,0.4861561,-0.34331423,-0.3421979,0.5225309,-0.2568045,0.20451641,0.9253464,1.3191218,0.5282491,-0.27991652,-0.270654,-0.27204362,0.7766348,0.6335237,-0.3133456,0.61245,0.5412253,0.50279546,0.51600575,1.0764551,1.0764551,0.63104934,0.609275,0.60743517,-0.2859781,-0.28761852,0.89538854,0.58177483,0.52858865,0.3821081,0.8441858,-0.32729015,-0.35305658,-0.34904224,-0.26304597,-0.26091534,-0.25958246,1.016487,0.9665778,-0.31283143,0.2429133,0.55804116,0.6338474,0.91768354,-0.2547989,-0.24514951,0.5375971,0.73814005,0.573829,-0.30137002,-0.2645283,0.7289663,0.6025493,0.60407025,1.2351091,0.8316084,-0.30649143,-0.36058763,-0.35280955,-0.27306527,1.2562064,0.57479763,0.6545365,0.67614186,-0.26381022,-0.3555616,0.50472647,0.54565257,0.6311197,0.9433664,0.55877316,0.6102762,0.7683281,0.6397906,-0.18443729,-0.31538883,0.5479258,-0.099954866,0.59943414,1.0063174,0.69028187,-0.35109764,0.5820426,0.55914104,1.1901795,-0.08620155,0.7502513,0.69090146,0.58971596,-0.2788417,-0.3442507,-0.35489932,-0.35925305,0.59265935,-0.2728125,-0.3173398,0.5779501,0.937414,0.36403865,-0.2555955,-0.2555955,0.5588171,0.66845995,-0.30212936
k__Bacteria|p__Bacteroidetes|c__Bacteroidia|o__Bacteroidales|f__Bacteroidaceae|g__Bacteroides|s__caccae,-0.28574407,-0.32443213,-0.3514585,-0.3514585,-0.35505408,-0.31121662,-0.34956193,-0.35552558,-0.35404062,-0.3514501,-0.3313659,-0.3067902,-0.34527826,-0.3436599,-0.35376388,-0.30780417,-0.3513301,-0.33638752,-0.33796242,-0.35138315,-0.2703327,-0.35307166,-0.3462141,-0.35720402,-0.35488802,-0.3366719,-0.3504457,-0.3477889,-0.35797155,-0.3506102,-0.31815568,-0.30771792,-0.26893306,-0.35735446,-0.3556615,-0.25396472,-0.33594304,-0.35719213,-0.3509197,-0.35234287,-0.26324958,-0.33727464,-0.34331423,-0.3421979,-0.34806508,-0.2568045,-0.31501585,-0.34594566,-0.35437846,-0.35186055,-0.27991652,-0.270654,-0.27204362,-0.35545924,-0.35632312,-0.3133456,-0.35199606,-0.35029107,-0.35041636,-0.34637517,-0.32914695,-0.32914695,-0.35751456,-0.3593669,-0.35379392,-0.2859781,-0.28761852,-0.3465716,-0.3558554,-0.3494789,-0.32519025,-0.34426677,-0.32729015,-0.35305658,-0.34904224,-0.26304597,-0.26091534,-0.25958246,-0.34404397,-0.35182393,-0.31283143,-0.34571886,-0.34862614,-0.35933927,-0.35463315,-0.2547989,-0.24514951,-0.35547447,-0.35418794,-0.3468178,-0.31533512,-0.2645283,-0.3565628,-0.35693353,-0.34929317,-0.3065683,-0.3451962,-0.30649143,-0.36058763,-0.35280955,-0.27306527,-0.304123,-0.3510182,-0.35167897,-0.35354686,-0.26381022,-0.3555616,-0.35609764,-0.35402,-0.35827664,-0.3433188,-0.35637724,-0.3537442,-0.34833512,-0.35078198,-0.18443729,-0.31538883,-0.3523965,-0.32881296,-0.35160276,-0.34652692,-0.35169965,-0.35109764,-0.3570909,-0.34693065,-0.32128388,-0.33110586,-0.35918453,-0.34840393,-0.3507659,-0.2788417,-0.3442507,-0.35489932,-0.35925305,-0.3556554,-0.2728125,-0.3173398,-0.3485263,-0.3255347,-0.34978673,-0.2555955,-0.2555955,-0.35720906,-0.35404736,-0.30212936
k__Bacteria|p__Bacteroidetes|c__Bacteroidia|o__Bacteroidales|f__Porphyromonadaceae|g__Dysgonomonas|s__unclassified,-0.28574407,-0.32443213,-0.3514585,-0.3514585,-0.35474014,-0.31121662,-0.34956193,-0.35552558,-0.35391998,-0.35131148,-0.3313659,-0.3067902,-0.34527826,-0.3436599,-0.3531928,-0.30780417,-0.3513301,-0.33628044,-0.338014,-0.3518392,-0.2703327,-0.35307166,-0.3462141,-0.35720402,-0.35465923,-0.3366719,-0.3504457,-0.3477889,-0.35797155,-0.3503364,-0.31815568,-0.30771792,-0.26893306,-0.35735446,-0.35589105,-0.25396472,-0.33594304,-0.35719213,-0.3509197,-0.35207313,-0.26324958,-0.3377755,-0.34331423,-0.3421979,-0.3476204,-0.2568045,-0.3142622,-0.34594566,-0.35437846,-0.35129815,-0.27991652,-0.270654,-0.27204362,-0.35545924,-0.3564238,-0.3133456,-0.35199606,-0.35052672,-0.35035753,-0.34674037,-0.32914695,-0.32914695,-0.35751456,-0.3593669,-0.35379392,-0.2859781,-0.28761852,-0.3465716,-0.3559224,-0.34943154,-0.32513845,-0.34426677,-0.32729015,-0.35305658,-0.34904224,-0.26304597,-0.26091534,-0.25958246,0.7941498,0.68880737,-0.31283143,-0.34544784,-0.34911507,-0.35933927,-0.35463315,-0.2547989,-0.24514951,-0.35569873,-0.35418794,-0.3476355,-0.31646925,-0.2645283,-0.3565628,-0.3567494,-0.3492639,-0.3065683,-0.3451962,-0.30649143,-0.36058763,-0.35280955,-0.27306527,-0.304123,-0.35095122,-0.35163146,-0.35356718,-0.26381022,-0.3555616,-0.35609764,-0.35376626,-0.35827664,-0.3433188,-0.35637724,-0.35407805,-0.34833512,-0.35076758,-0.18443729,-0.31538883,-0.3525957,-0.32727927,-0.35156214,-0.34652692,-0.35169965,-0.35109764,-0.35707408,-0.34689867,-0.32128388,-0.32968074,-0.35918453,-0.34840393,-0.35053867,-0.2788417,-0.3442507,-0.35489932,-0.35925305,-0.3556554,-0.2728125,-0.3173398,-0.34886506,-0.3255347,-0.34978673,-0.2555955,-0.2555955,-0.35720906,-0.35404736,-0.30212936
k__Bacteria|p__Bacteroidetes|c__Bacteroidia|o__Bacteroidales|f__Prevotellaceae|g__Prevotella|s__stercorea,-0.28574407,-0.32443213,-0.3514585,-0.3514585,-0.35457462,-0.31121662,-0.34956193,-0.35552558,-0.35347688,-0.350821,-0.3313659,-0.3067902,-0.34527826,-0.3436599,-0.35276347,-0.30780417,-0.3513301,-0.33564717,-0.33751547,-0.35136685,-0.2703327,-0.35307166,-0.3462141,-0.35720402,-0.35393462,-0.3366719,-0.3504457,-0.3477889,-0.35797155,-0.34991497,-0.31815568,-0.30771792,-0.26893306,-0.35735446,-0.35531783,-0.25396472,-0.33594304,-0.35719213,-0.3509197,-0.35166076,-0.26324958,-0.33710885,-0.34331423,-0.3421979,-0.34747845,-0.2568045,-0.31370208,-0.34594566,-0.35437846,-0.3508517,-0.27991652,-0.270654,-0.27204362,-0.35545924,-0.35596362,-0.3133456,-0.35199606,-0.35001653,-0.34994555,-0.34631956,-0.32914695,-0.32914695,0.74758905,0.51039606,0.34516445,-0.2859781,-0.28761852,-0.3465716,-0.3554642,-0.34887016,-0.3247794,-0.34426677,-0.32729015,-0.35305658,-0.34904224,-0.26304597,-0.26091534,-0.25958246,-0.34404397,-0.35182393,-0.31283143,-0.34456182,-0.34854528,-0.35933927,-0.35463315,-0.2547989,-0.24514951,-0.35495043,-0.35418794,-0.3474265,-0.31588215,-0.2645283,-0.3565628,-0.35627812,-0.3487895,-0.3065683,-0.3451962,-0.30649143,-0.36058763,-0.35280955,-0.27306527,-0.304123,-0.35056672,-0.35145867,-0.3533557,-0.26381022,-0.3555616,-0.35609764,-0.3532896,-0.35827664,-0.3433188,-0.35637724,-0.35374337,-0.34833512,-0.3504191,-0.18443729,-0.31538883,-0.35208654,-0.32671666,-0.35117543,-0.34652692,-0.35169965,-0.35109764,-0.3566551,-0.34658808,-0.32128388,-0.32887477,-0.35918453,-0.34840393,-0.35002685,-0.2788417,-0.3442507,-0.35489932,-0.35925305,-0.3556554,-0.2728125,-0.3173398,-0.34925318,-0.3255347,-0.34978673,-0.2555955,-0.2555955,-0.35720906,-0.35404736,-0.30212936
k__Bacteria|p__Bacteroidetes|c__Bacteroidia|o__Bacteroidales|f__[Paraprevotellaceae]|g__[Prevotella]|s__unclassified,-0.28574407,-0.32443213,-0.3514585,-0.3514585,-0.35399032,-0.31121662,-0.34956193,-0.35552558,-0.35318506,-0.3501808,-0.3313659,-0.3067902,-0.34527826,-0.3436599,-0.35194093,-0.30780417,-0.3513301,-0.33502144,-0.33708334,-0.35139266,-0.2703327,-0.35307166,-0.3462141,-0.35720402,-0.35322106,-0.3366719,-0.3504457,-0.3477889,-0.35797155,-0.34922826,-0.31815568,-0.30771792,-0.26893306,-0.35735446,-0.35514575,-0.25396472,-0.33594304,0.61558753,1.1639266,-0.35091156,-0.26324958,-0.33695334,-0.34331423,-0.3421979,-0.346623,-0.2568045,-0.31229234,-0.34594566,-0.35437846,-0.35010344,-0.27991652,-0.270654,-0.27204362,-0.35545924,-0.35563514,-0.3133456,-0.35199606,-0.34983286,-0.34970737,-0.34616888,-0.32914695,-0.32914695,-0.35751456,-0.3593669,-0.35379392,-0.2859781,-0.28761852,-0.3465716,-0.35548478,-0.34835505,-0.3236372,-0.34426677,-0.32729015,-0.35305658,-0.34904224,-0.26304597,-0.26091534,-0.25958246,-0.34404397,-0.35182393,-0.31283143,-0.34362596,-0.34863198,-0.35933927,-0.35463315,-0.2547989,-0.24514951,-0.3541922,1.1967729,-0.34741354,-0.31593686,-0.2645283,-0.3565628,-0.35593972,-0.3482105,-0.3065683,-0.3451962,-0.30649143,-0.36058763,-0.35280955,-0.27306527,-0.304123,-0.35004604,-0.3510056,-0.35299557,-0.26381022,-0.3555616,-0.35609764,-0.35273665,1.3393687,-0.3433188,-0.35637724,-0.35400632,-0.34833512,-0.35005608,-0.18443729,-0.31538883,-0.35208988,-0.3247167,-0.35069856,-0.34652692,-0.35169965,-0.35109764,-0.3564429,-0.34609193,-0.32128388,-0.32703042,-0.35918453,-0.34840393,-0.34935075,-0.2788417,-0.3442507,-0.35489932,-0.35925305,-0.3556554,-0.2728125,-0.3173398,-0.3498476,-0.3255347,-0.34978673,-0.2555955,-0.2555955,-0.35720906,-0.35404736,-0.30212936
k__Bacteria|p__Bacteroidetes|c__Bacteroidia|o__Bacteroidales|f__[Odoribacteraceae]|g__Butyricimonas|s__unclassified,-0.28574407,-0.32443213,0.775167,0.775167,-0.35245436,-0.31121662,-0.34956193,-0.35552558,-0.35236812,-0.34906784,-0.3313659,-0.3067902,-0.34527826,-0.3436599,-0.35100237,-0.30780417,-0.3513301,-0.33450502,-0.336509,-0.3504622,-0.2703327,-0.35307166,-0.3462141,-0.35720402,-0.35264805,-0.3366719,-0.3504457,-0.3477889,-0.35797155,-0.3482709,-0.31815568,-0.30771792,-0.26893306,-0.35735446,-0.3541604,-0.25396472,-0.33594304,-0.35719213,-0.3509197,-0.34993947,-0.26324958,-0.3365753,-0.34331423,0.79373384,-0.34513316,-0.2568045,-0.31110343,-0.34594566,-0.35437846,-0.3489848,-0.27991652,-0.270654,-0.27204362,-0.35545924,-0.3545108,-0.3133456,-0.35199606,-0.34904635,-0.34910142,-0.34541723,-0.32914695,-0.32914695,-0.35751456,0.45805812,0.34371188,-0.2859781,-0.28761852,-0.3465716,-0.3549677,-0.347603,-0.3217337,-0.34426677,-0.32729015,-0.35305658,-0.34904224,-0.26304597,-0.26091534,-0.25958246,-0.34404397,-0.35182393,-0.31283143,-0.34349614,-0.34813002,-0.35933927,-0.35463315,-0.2547989,-0.24514951,-0.35292608,0.58238506,-0.34612364,-0.3159532,-0.2645283,-0.3565628,-0.35517812,-0.3470339,-0.3065683,-0.3451962,-0.30649143,-0.36058763,-0.35280955,-0.27306527,-0.304123,-0.34869283,-0.3489894,-0.3512968,-0.26381022,-0.3555616,-0.35609764,-0.35200444,-0.35827664,-0.3433188,-0.35637724,-0.35328203,0.77708995,-0.3486447,-0.18443729,-0.31538883,-0.35135072,-0.32360208,-0.34965488,-0.34652692,-0.35169965,-0.35109764,-0.35566735,-0.34479392,-0.32128388,-0.32630795,-0.35918453,-0.34840393,-0.34821543,-0.2788417,-0.3442507,-0.35489932,0.55804753,0.6217266,-0.2728125,-0.3173398,-0.34787208,0.9355799,0.37182555,-0.2555955,-0.2555955,-0.35720906,-0.35404736,-0.30212936
k__Bacteria|p__Bacteroidetes|c__Bacteroidia|o__Bacteroidales|f__Bacteroidaceae|g__Bacteroides|s__plebeius,-0.28574407,-0.32443213,1.5466945,1.5466945,-0.35403556,-0.31121662,-0.34956193,-0.35552558,-0.35296145,-0.3502714,-0.3313659,-0.3067902,-0.34527826,-0.3436599,-0.3523534,-0.30780417,-0.3513301,-0.33525926,-0.3370191,-0.35091347,-0.2703327,-0.35307166,-0.3462141,-0.35720402,-0.35369873,-0.3366719,-0.3504457,-0.3477889,-0.35797155,-0.34926218,-0.31815568,-0.30771792,-0.26893306,-0.35735446,-0.35461885,-0.25396472,-0.33594304,-0.35719213,-0.3509197,-0.3512174,-0.26324958,-0.33685356,-0.34331423,-0.3421979,-0.3466919,1.7979866,-0.31276563,-0.34594566,-0.35437846,-0.35013556,-0.27991652,-0.270654,-0.27204362,-0.35545924,-0.35546917,-0.3133456,-0.35199606,-0.34960276,-0.34948468,-0.34579188,-0.32914695,-0.32914695,-0.35751456,0.5704298,0.35239568,-0.2859781,-0.28761852,-0.3465716,-0.35512435,-0.3484919,-0.32372332,0.8412049,-0.32729015,-0.35305658,-0.34904224,-0.26304597,-0.26091534,-0.25958246,-0.34404397,-0.35182393,-0.31283143,-0.3442936,-0.34822422,-0.35933927,-0.35463315,-0.2547989,-0.24514951,-0.3544423,0.6427018,-0.346422,-0.3157206,-0.2645283,-0.3565628,-0.35592216,-0.34819022,-0.3065683,-0.3451962,-0.30649143,-0.36058763,-0.35280955,-0.27306527,-0.304123,-0.34988895,-0.350232,-0.35252577,-0.26381022,-0.3555616,-0.35609764,-0.3527606,-0.35827664,-0.3433188,-0.35637724,-0.35349938,-0.34833512,-0.34980577,-0.18443729,-0.31538883,-0.3523776,-0.3253669,-0.3507648,-0.34652692,-0.35169965,-0.35109764,-0.35603046,-0.3460472,-0.32128388,-0.32777908,-0.35918453,-0.34840393,-0.34946543,-0.2788417,-0.3442507,0.6004882,-0.35925305,-0.3556554,-0.2728125,-0.3173398,-0.34839413,-0.3255347,-0.34978673,-0.2555955,-0.2555955,-0.35720906,-0.35404736,-0.30212936
k__Bacteria|p__Bacteroidetes|c__Bacteroidia|o__Bacteroidales|f__S24-7|g__unclassified|s__unclassified,-0.28574407,-0.32443213,-0.3514585,-0.3514585,-0.35323226,-0.31121662,-0.34956193,-0.35552558,-0.35294813,-0.35014284,-0.3313659,-0.3067902,-0.34527826,-0.3436599,-0.35274178,-0.30780417,-0.3513301,-0.3357855,-0.33697945,-0.3503609,-0.2703327,0.65723044,-0.3462141,-0.35720402,-0.3540302,-0.3366719,-0.3504457,-0.3477889,-0.35797155,-0.3485852,-0.31815568,-0.30771792,-0.26893306,-0.35735446,-0.35400572,-0.25396472,-0.33594304,0.38985682,0.53187466,-0.350815,-0.26324958,-0.33701324,-0.34331423,0.9216637,-0.34575966,-0.2568045,-0.31413066,-0.34594566,-0.35437846,-0.35017115,-0.27991652,-0.270654,-0.27204362,-0.35545924,-0.35530978,-0.3133456,-0.35199606,-0.34965068,-0.3491634,-0.34505883,-0.32914695,-0.32914695,-0.35751456,-0.3593669,-0.35379392,-0.2859781,-0.28761852,-0.3465716,-0.35487723,-0.34852597,-0.3240696,-0.34426677,-0.32729015,-0.35305658,-0.34904224,-0.26304597,-0.26091534,-0.25958246,-0.34404397,-0.35182393,-0.31283143,-0.3451048,-0.34792256,-0.35933927,-0.35463315,-0.2547989,-0.24514951,-0.3550645,0.66717505,-0.34413525,-0.3153714,-0.2645283,-0.3565628,-0.35600746,-0.347923,-0.3065683,-0.3451962,-0.30649143,-0.36058763,-0.35280955,-0.27306527,-0.304123,-0.34988657,-0.34914902,-0.351492,-0.26381022,-0.3555616,-0.35609764,-0.35275415,0.6173457,-0.3433188,-0.35637724,-0.3532735,-0.34833512,-0.3496418,-0.18443729,-0.31538883,-0.3527491,-0.32598794,-0.35029328,-0.34652692,-0.35169965,0.69688296,-0.35520184,-0.3458287,-0.32128388,-0.32878023,-0.35918453,-0.34840393,-0.3494647,-0.2788417,-0.3442507,-0.35489932,-0.35925305,-0.3556554,-0.2728125,-0.3173398,-0.3467179,-0.3255347,-0.34978673,-0.2555955,-0.2555955,-0.35720906,-0.35404736,-0.30212936
k__Bacteria|p__Bacteroidetes|c__Bacteroidia|o__Bacteroidales|f__Bacteroidaceae|g__Bacteroides|s__ovatus,-0.28574407,-0.32443213,-0.3514585,-0.3514585,-0.3532147,-0.31121662,0.5640864,-0.35552558,-0.35247296,-0.34983715,-0.3313659,-0.3067902,0.76269805,-0.3436599,-0.3517518,-0.30780417,-0.3513301,-0.33499414,-0.33672458,-0.35058987,-0.2703327,-0.35307166,-0.3462141,-0.35720402,-0.35293618,-0.3366719,-0.3504457,-0.3477889,-0.35797155,-0.348898,-0.31815568,-0.30771792,-0.26893306,-0.35735446,-0.35449883,-0.25396472,-0.33594304,-0.35719213,-0.3509197,-0.35064483,-0.26324958,-0.33659893,-0.34331423,-0.3421979,-0.34637177,-0.2568045,-0.3126486,-0.34594566,-0.35437846,-0.35001892,-0.27991652,-0.270654,-0.27204362,-0.35545924,-0.35487804,-0.3133456,-0.35199606,-0.34904486,-0.34921658,-0.34568876,1.0418191,1.0418191,-0.35751456,-0.3593669,-0.35379392,-0.2859781,-0.28761852,-0.3465716,-0.354677,-0.34805313,-0.32354343,-0.34426677,-0.32729015,-0.35305658,-0.34904224,-0.26304597,-0.26091534,-0.25958246,0.7947575,-0.35182393,-0.31283143,-0.3435521,-0.3478964,-0.35933927,-0.35463315,-0.2547989,-0.24514951,-0.35339728,-0.35418794,-0.34650367,-0.31495023,-0.2645283,-0.3565628,-0.3552744,-0.347762,1.2266167,-0.3451962,-0.30649143,-0.36058763,-0.35280955,-0.27306527,-0.304123,-0.3495212,-0.34989846,-0.35203058,-0.26381022,-0.3555616,-0.35609764,-0.35221347,-0.35827664,-0.3433188,-0.35637724,-0.35305506,-0.34833512,-0.34931576,-0.18443729,-0.31538883,-0.35142344,-0.32493454,-0.3503775,-0.34652692,-0.35169965,-0.35109764,-0.35562286,-0.34564954,1.1137066,-0.32740617,0.5011631,0.68867826,-0.34898305,-0.2788417,-0.3442507,-0.35489932,-0.35925305,-0.3556554,-0.2728125,-0.3173398,-0.3485791,-0.3255347,-0.34978673,-0.2555955,-0.2555955,0.48260623,0.63425577,-0.30212936
k__Bacteria|p__Bacteroidetes|c__Bacteroidia|o__Bacteroidales|f__[Paraprevotellaceae]|g__Paraprevotella|s__unclassified,-0.28574407,-0.32443213,-0.3514585,-0.3514585,-0.35054126,-0.31121662,-0.34956193,-0.35552558,-0.35189718,-0.34861788,-0.3313659,-0.3067902,-0.34527826,-0.3436599,-0.35176468,-0.30780417,-0.3513301,-0.33587757,-0.33650827,-0.34880465,-0.2703327,0.5984407,-0.3462141,-0.35720402,-0.3545527,-0.3366719,-0.3504457,-0.3477889,0.43777198,-0.34757936,-0.31815568,-0.30771792,-0.26893306,-0.35735446,-0.35309035,-0.25396472,-0.33594304,-0.35719213,0.51855147,-0.3495235,-0.26324958,-0.33688843,-0.34331423,-0.3421979,-0.34335798,-0.2568045,-0.3155108,-0.34594566,-0.35437846,-0.34918773,-0.27991652,-0.270654,-0.27204362,0.766421,-0.35341197,-0.3133456,-0.35199606,-0.3484521,-0.34834117,-0.34371507,-0.32914695,-0.32914695,-0.35751456,-0.3593669,0.3515307,-0.2859781,-0.28761852,-0.3465716,-0.35414785,-0.3478425,-0.32284772,-0.34426677,-0.32729015,-0.35305658,1.209135,-0.26304597,-0.26091534,-0.25958246,-0.34404397,-0.35182393,-0.31283143,-0.34544185,-0.34720734,-0.35933927,-0.35463315,-0.2547989,-0.24514951,-0.3544107,0.58379024,-0.34125513,-0.31374285,-0.2645283,-0.3565628,-0.35466403,-0.3465471,-0.3065683,-0.3451962,-0.30649143,-0.36058763,0.54022807,-0.27306527,-0.304123,-0.34740016,-0.34586108,-0.34889847,-0.26381022,-0.3555616,-0.35609764,-0.35200107,-0.35827664,-0.3433188,-0.35637724,-0.35165423,-0.34833512,-0.34773964,-0.18443729,-0.31538883,-0.35017174,-0.32638696,-0.34860596,-0.34652692,-0.35169965,0.9037061,-0.3543592,-0.34381846,-0.32128388,-0.33023357,-0.35918453,-0.34840393,-0.3483457,-0.2788417,-0.3442507,-0.35489932,-0.35925305,-0.3556554,-0.2728125,-0.3173398,-0.34157702,0.9532563,0.6403132,-0.2555955,-0.2555955,-0.35720906,-0.35404736,-0.30212936
k__Bacteria|p__Bacteroidetes|c__Bacteroidia|o__Bacteroidales|f__[Barnesiellaceae]|g__unclassified|s__unclassified,-0.28574407,-0.32443213,-0.3514585,-0.3514585,-0.34732217,-0.31121662,-0.34956193,-0.35552558,-0.3505588,-0.34655344,-0.3313659,-0.3067902,-0.34527826,-0.3436599,-0.34952366,-0.30780417,-0.3513301,-0.3348742,-0.3348801,-0.3473081,-0.2703327,-0.35307166,-0.3462141,-0.35720402,-0.3519674,-0.3366719,-0.3504457,-0.3477889,0.45168588,-0.34420526,-0.31815568,-0.30771792,-0.26893306,0.76281226,-0.35135832,-0.25396472,-0.33594304,0.5467399,0.5039801,-0.34619057,-0.26324958,-0.33604294,-0.34331423,-0.3421979,-0.33954847,-0.2568045,-0.3130663,-0.34594566,-0.35437846,-0.347029,-0.27991652,-0.270654,-0.27204362,-0.35545924,-0.35188806,1.1754638,0.65135115,-0.34761178,-0.34659356,-0.3414757,-0.32914695,-0.32914695,-0.35751456,-0.3593669,-0.35379392,-0.2859781,-0.28761852,-0.3465716,-0.3529531,-0.34583762,-0.3199791,0.8211013,1.0539337,0.6921563,0.7383966,-0.26304597,-0.26091534,-0.25958246,-0.34404397,-0.35182393,-0.31283143,-0.3446855,-0.34628397,-0.35933927,-0.35463315,-0.2547989,-0.24514951,-0.35301852,0.6689267,-0.33753294,-0.3147882,1.7510012,-0.3565628,-0.3536269,-0.34413403,-0.3065683,-0.3451962,-0.30649143,0.513122,0.57188773,-0.27306527,-0.304123,-0.34650305,-0.34363607,-0.3459451,-0.26381022,-0.3555616,0.44857702,-0.3499566,0.63864917,-0.3433188,-0.35637724,-0.35102206,-0.34833512,-0.3459046,-0.18443729,-0.31538883,-0.35133833,-0.32353306,-0.34588525,-0.34652692,-0.35169965,-0.35109764,-0.35199422,-0.3415275,-0.32128388,-0.3282454,-0.35918453,-0.34840393,-0.34613776,-0.2788417,-0.3442507,0.5785713,0.7214376,0.93941563,-0.2728125,-0.3173398,-0.34078687,-0.3255347,-0.34978673,-0.2555955,-0.2555955,-0.35720906,-0.35404736,-0.30212936
k__Bacteria|p__Bacteroidetes|c__Bacteroidia|o__Bacteroidales|f__Bacteroidaceae|g__Bacteroides|s__uniformis,-0.28574407,-0.32443213,0.74748534,0.74748534,-0.016955545,-0.31121662,0.65840954,-0.35552558,-0.042810407,-0.040032282,-0.3313659,-0.3067902,-0.34527826,-0.3436599,-0.06710712,-0.30780417,-0.3513301,-0.11515093,-0.09970922,-0.024322025,-0.2703327,-0.35307166,-0.3462141,-0.35720402,-0.050500125,-0.3366719,1.3209567,-0.3477889,0.43322864,-0.040858764,-0.31815568,-0.30771792,-0.26893306,-0.35735446,-0.014516324,1.7063906,0.97647905,0.4665816,0.4752118,-0.051703133,1.6382291,-0.06516121,1.4693602,1.3656262,-0.04532922,-0.2568045,-0.13166654,-0.34594566,1.0113554,-0.051811673,-0.27991652,-0.270654,-0.27204362,0.64083344,-0.025753537,1.2567807,0.6557926,-0.052283507,-0.065297544,-0.05661547,-0.32914695,-0.32914695,-0.35751456,0.46784943,0.35124218,-0.2859781,-0.28761852,-0.3465716,-0.048026044,-0.055786736,-0.07268858,-0.34426677,0.9770483,0.5735236,0.6721655,-0.26304597,-0.26091534,1.6029041,-0.34404397,-0.35182393,-0.31283143,-0.14073443,-0.049289513,-0.35933927,-0.35463315,-0.2547989,-0.24514951,-0.05419208,-0.35418794,-0.028250009,-0.2946955,1.6212237,-0.3565628,-0.037933543,-0.02836826,1.2257636,0.9058345,-0.30649143,0.5473999,0.5914325,1.5787312,1.2336513,-0.033119746,-0.0035638623,-0.0043184124,-0.26381022,0.51030827,-0.35609764,-0.05206379,0.66310143,-0.3433188,-0.35637724,-0.036875494,-0.34833512,-0.019655978,-0.18443729,-0.31538883,-0.054542497,-0.22238524,-0.030462736,0.83490115,0.6640484,-0.35109764,-0.0418201,-0.041135006,1.0934836,-0.22292276,0.687159,1.0119946,-0.033966467,1.5164236,0.92710257,-0.35489932,0.688194,0.76537347,-0.2728125,-0.3173398,-0.029915001,-0.3255347,0.34547377,-0.2555955,-0.2555955,-0.35720906,-0.35404736,-0.30212936
k__Bacteria|p__Bacteroidetes|c__Bacteroidia|o__Bacteroidales|f__Bacteroidaceae|g__unclassified|s__unclassified,-0.28574407,-0.32443213,-0.3514585,-0.3514585,0.5376983,1.1754382,0.6177531,0.628465,0.47620496,0.46923417,-0.3313659,-0.3067902,0.76269805,-0.3436599,0.40114707,-0.30780417,0.7987018,0.23849773,0.28727573,0.52986383,-0.2703327,-0.35307166,-0.3462141,-0.35720402,0.45954183,-0.3366719,-0.3504457,-0.3477889,0.43281457,0.45871982,-0.31815568,-0.30771792,-0.26893306,-0.35735446,0.55376875,1.6837642,-0.33594304,0.3630985,-0.3509197,0.43598756,1.5981854,0.39583212,-0.34331423,0.93783516,0.4325202,-0.2568045,0.14909929,-0.34594566,0.71108776,0.43190947,1.466775,1.5343343,-0.27204362,0.65249395,0.5265436,1.173379,0.6359718,0.44385207,0.40672642,0.4231783,-0.32914695,-0.32914695,-0.35751456,0.4532552,-0.35379392,-0.2859781,-0.28761852,-0.3465716,0.47475797,0.4310598,0.3154309,-0.34426677,1.0020726,0.55162495,0.6524452,-0.26304597,-0.26091534,-0.25958246,0.83475757,0.7002893,-0.31283143,0.17262958,0.4580624,-0.35933927,-0.35463315,-0.2547989,-0.24514951,0.44180956,-0.35418794,0.48442268,-0.30320686,1.6216804,0.91199905,0.49489123,0.50276184,-0.3065683,0.8351447,-0.30649143,-0.36058763,0.54204917,1.5277853,-0.304123,0.47890088,0.55621374,0.57105136,-0.26381022,-0.3555616,0.48393428,0.44465405,0.6167325,-0.3433188,-0.35637724,0.5033251,-0.34833512,0.5349046,-0.18443729,-0.31538883,0.44740462,-0.12543568,0.49751842,0.8741874,0.85885143,0.71371186,0.47863424,0.46333033,1.0843626,-0.11635553,0.49177045,0.69754153,0.48828942,1.4647936,0.83336914,-0.35489932,0.548889,0.59913474,-0.2728125,-0.3173398,0.48689345,0.950418,0.38000494,-0.2555955,-0.2555955,0.48150575,0.7831732,-0.30212936
k__Bacteria|p__Bacteroidetes|c__Bacteroidia|o__Bacteroidales|f__Prevotellaceae|g__Prevotella|s__copri,-0.28574407,-0.32443213,-0.3514585,-0.3514585,-0.3431034,-0.31121662,-0.34956193,-0.35552558,-0.3482191,-0.34230196,-0.3313659,-0.3067902,-0.34527826,-0.3436599,-0.34550276,-0.30780417,-0.3513301,-0.33267543,-0.33258194,-0.3443535,-0.2703327,-0.35307166,-0.3462141,-0.35720402,-0.3505367,-0.3366719,-0.3504457,-0.3477889,0.46219683,-0.3411976,-0.31815568,-0.30771792,-0.26893306,-0.35735446,-0.34774816,-0.25396472,-0.33594304,0.87925345,1.8080583,-0.34267113,-0.26324958,-0.33513206,-0.34331423,-0.3421979,-0.33378398,-0.2568045,-0.30976337,-0.34594566,-0.35437846,-0.34242994,-0.27991652,-0.270654,-0.27204362,1.1538464,-0.34779394,-0.3133456,0.61252344,-0.3456254,-0.34418982,-0.33787093,-0.32914695,-0.32914695,0.50003433,0.60890716,0.5973346,-0.2859781,-0.28761852,-0.3465716,-0.3515377,-0.3429401,-0.31423956,1.017307,2.1591148,1.6318133,1.9394289,-0.26304597,-0.26091534,-0.25958246,-0.34404397,0.7633177,-0.31283143,-0.34310657,-0.34495884,-0.35933927,-0.35463315,-0.2547989,-0.24514951,-0.348886,1.4678665,-0.33151737,-0.3124929,-0.2645283,-0.3565628,-0.35140446,-0.34001,-0.3065683,-0.3451962,-0.30649143,-0.36058763,0.84672153,1.5304329,-0.304123,-0.34199005,-0.33719188,-0.34092754,-0.26381022,-0.3555616,-0.35609764,-0.34734976,-0.35827664,-0.3433188,-0.35637724,-0.3497761,-0.34833512,-0.34161294,-0.18443729,-0.31538883,-0.35035437,-0.31768668,-0.34267157,-0.34652692,-0.35169965,0.88549453,-0.34955782,-0.33693105,-0.32128388,-0.3242216,-0.35918453,-0.34840393,-0.3424297,-0.2788417,-0.3442507,-0.35489932,-0.35925305,-0.3556554,-0.2728125,-0.3173398,-0.33453673,1.3161701,0.50970113,-0.2555955,-0.2555955,-0.35720906,-0.35404736,-0.30212936
k__Bacteria|p__Bacteroidetes|c__Bacteroidia|o__Bacteroidales|f__Prevotellaceae|g__Prevotella|s__unclassified,-0.28574407,1.0742142,0.9162554,0.9162554,-0.3395359,-0.31121662,-0.34956193,-0.35552558,-0.34333703,-0.338421,-0.3313659,-0.3067902,-0.34527826,-0.3436599,-0.34284145,-0.30780417,-0.3513301,-0.32796285,-0.32890362,-0.3403558,-0.2703327,-0.35307166,-0.3462141,0.5956631,-0.3455237,0.94047457,-0.3504457,-0.3477889,0.8932521,-0.33697343,-0.31815568,-0.30771792,-0.26893306,0.6776615,-0.34250546,-0.25396472,-0.33594304,0.78368,1.0382384,-0.339747,-0.26324958,-0.33049586,-0.34331423,-0.3421979,-0.3320745,-0.2568045,-0.30758098,-0.34594566,-0.35437846,-0.3391869,-0.27991652,-0.270654,-0.27204362,1.2237949,-0.3435443,-0.3133456,-0.35199606,-0.33949474,-0.34085983,-0.3356741,1.0548351,1.0548351,1.369983,0.90103686,1.0366077,-0.2859781,-0.28761852,0.7657197,-0.34714854,-0.33925045,-0.31116548,1.9137402,0.99940753,0.54840946,0.6504122,-0.26304597,-0.26091534,-0.25958246,-0.34404397,0.763024,1.1629413,-0.33516967,-0.34001145,0.7159198,0.6120468,-0.2547989,-0.24514951,-0.34163472,1.5576429,-0.32948744,-0.30374414,-0.2645283,-0.3565628,-0.34607592,-0.33680457,1.2261902,0.8474241,-0.30649143,-0.36058763,0.8988448,1.5387088,-0.304123,-0.3362176,-0.33223253,-0.33718157,-0.26381022,-0.3555616,-0.35609764,-0.3430318,-0.35827664,-0.3433188,0.6500801,-0.3448077,-0.34833512,-0.33817336,-0.18443729,1.2100211,-0.34243536,-0.31099182,-0.33933213,-0.34652692,-0.35169965,1.6500821,-0.3445295,-0.3348807,-0.32128388,-0.3155464,-0.35918453,-0.34840393,-0.33837327,-0.2788417,-0.3442507,-0.35489932,-0.35925305,-0.3556554,-0.2728125,-0.3173398,-0.3317055,2.3668032,1.2260952,-0.2555955,-0.2555955,-0.35720906,-0.35404736,-0.30212936
k__Bacteria|p__Bacteroidetes|c__Bacteroidia|o__Bacteroidales|f__Porphyromonadaceae|g__Parabacteroides|s__unclassified,-0.28574407,-0.32443213,0.87016124,0.87016124,0.5878457,1.2603964,0.6213326,0.61198187,0.52795374,0.51671255,-0.3313659,2.1301222,0.79552764,0.8412989,0.44781545,-0.30780417,-0.3513301,0.2738725,0.3248691,0.5827066,-0.2703327,0.5920837,-0.3462141,-0.35720402,0.5113028,0.9362925,-0.3504457,-0.3477889,-0.35797155,0.5046884,1.3021466,-0.30771792,-0.26893306,-0.35735446,0.60724074,-0.25396472,-0.33594304,-0.35719213,0.5065419,0.48250657,-0.26324958,0.44014674,-0.34331423,1.0680654,0.47359198,-0.2568045,0.17512748,-0.34594566,-0.35437846,0.47826242,-0.27991652,-0.270654,-0.27204362,0.75602263,0.5793302,-0.3133456,0.6191125,0.4929148,0.45431748,0.46850252,1.1092488,1.1092488,-0.35751456,0.5029797,0.37010676,-0.2859781,-0.28761852,-0.3465716,0.5289206,0.47845393,0.3481171,0.85944754,1.0039718,0.56329095,0.67703545,-0.26304597,-0.26091534,-0.25958246,-0.34404397,-0.35182393,-0.31283143,0.20595947,0.5091074,0.5524421,-0.35463315,-0.2547989,-0.24514951,0.49063754,0.6478892,0.5267894,-0.3053973,1.6664301,-0.3565628,0.54796237,0.55185616,-0.3065683,-0.3451962,-0.30649143,0.48678258,0.5537532,-0.27306527,-0.304123,0.52604127,0.6041187,0.62232137,-0.26381022,-0.3555616,0.44898188,0.49419406,-0.35827664,0.790305,0.55105424,0.558386,-0.34833512,0.5866237,-0.18443729,-0.31538883,0.49777514,-0.11872838,0.54729176,0.9835561,0.6768701,0.6942686,0.52977663,0.51012945,1.0953391,-0.10588696,0.6371317,0.75602233,0.5373744,-0.2788417,-0.3442507,-0.35489932,0.62228143,0.6281424,-0.2728125,-0.3173398,0.53225327,0.93163824,0.34734586,-0.2555955,-0.2555955,-0.35720906,-0.35404736,-0.30212936
k__Bacteria|p__Bacteroidetes|c__Bacteroidia|o__Bacteroidales|f__Bacteroidaceae|g__Bacteroides|s__unclassified,-0.28574407,-0.32443213,1.2421566,1.2421566,1.3682675,2.1673663,2.064401,0.99429935,1.393415,1.3860689,0.9967171,1.2407895,1.8352475,1.9561305,1.3966315,-0.30780417,1.5712386,1.3935647,1.3888992,1.4054687,1.4602607,0.6962912,-0.3462141,-0.35720402,1.439698,-0.3366719,1.5369273,-0.3477889,1.1493671,1.3778343,1.2365689,1.2342205,1.5426581,0.9788289,1.3913519,2.5870707,1.8587868,0.7898614,0.61907876,1.378458,2.4880807,1.4551743,0.93769366,2.0612717,1.3443012,1.8250719,1.4474248,-0.34594566,0.86140156,1.378531,2.3196502,2.5170338,1.6494013,1.5502559,1.3892925,1.7338868,1.9228985,1.383348,1.384474,1.3858448,1.1742686,1.1742686,0.47091857,0.7398906,0.6060943,-0.2859781,-0.28761852,1.872729,1.402883,1.4129496,1.3611584,1.0083663,1.4980954,0.82878065,1.0590876,-0.26304597,1.5905789,2.7666643,1.9816055,1.4086938,-0.31283143,1.3470409,1.407948,1.0158685,0.87702304,-0.2547989,-0.24514951,1.3641503,0.6788259,1.3105,1.1980853,2.2193108,1.4645326,1.398458,1.4071368,1.7029812,1.3978571,1.2264942,1.0993509,1.759364,2.2195408,2.2913818,1.3469698,1.3083081,1.3584225,-0.26381022,0.60749745,1.5340911,1.3907773,1.1217499,0.8052991,0.55058736,1.3967991,1.8019364,1.4050398,-0.18443729,-0.31538883,1.3859279,1.2289641,1.3897166,1.3425705,1.7531493,1.4636252,1.3606546,1.3940223,1.445396,1.2542411,1.3453029,2.0458937,1.4061589,2.4483337,1.0975469,0.707033,1.385351,1.6524553,1.5186642,1.4129773,1.2648399,1.5599264,1.4613729,-0.2555955,-0.2555955,1.4725741,1.6848147,1.3747607
k__Bacteria|p__Bacteroidetes|c__Bacteroidia|o__Bacteroidales|f__Rikenellaceae|g__unclassified|s__unclassified,-0.28574407,-0.32443213,0.74608094,0.74608094,0.68211675,-0.31121662,-0.34956193,-0.35552558,0.61629593,0.60358125,-0.3313659,-0.3067902,0.80138254,0.83267844,0.5319586,-0.30780417,-0.3513301,0.33294177,0.3893984,0.67638326,1.8905934,0.57781065,1.4531497,1.433556,0.6036277,-0.3366719,-0.3504457,-0.3477889,0.4463887,0.5886218,-0.31815568,-0.30771792,-0.26893306,0.909038,0.70370966,-0.25396472,-0.33594304,0.49738678,0.49783358,0.5650131,-0.26324958,0.51992553,-0.34331423,0.94679374,0.5533664,-0.2568045,0.2210795,-0.34594566,-0.35437846,0.56065804,-0.27991652,-0.270654,-0.27204362,0.91823596,0.67426527,-0.3133456,0.6132577,0.5746061,0.5342363,0.5490309,-0.32914695,-0.32914695,0.4614043,0.6908121,0.42893544,-0.2859781,-0.28761852,-0.3465716,0.61906314,0.5635495,0.40308583,-0.34426677,1.1124728,0.64901257,0.676396,-0.26304597,-0.26091534,-0.25958246,1.0232772,1.4906458,-0.31283143,0.25736165,0.5930717,-0.35933927,0.6419241,-0.2547989,-0.24514951,0.5731844,0.5983279,0.60609066,-0.31645972,1.6009326,0.64297825,0.64042413,0.6429347,-0.3065683,1.042431,-0.30649143,0.52801615,0.57396317,-0.27306527,-0.304123,0.6069026,0.6907146,0.7169865,-0.26381022,-0.3555616,0.61653316,0.5794764,0.5785979,-0.3433188,-0.35637724,0.647944,0.8303764,0.6815726,-0.18443729,-0.31538883,0.5818125,-0.10836199,0.6351552,-0.34652692,-0.35169965,0.69295883,0.6167804,0.59510267,1.0897623,-0.094399974,0.72760123,0.74029386,0.62750745,-0.2788417,0.8592515,-0.35489932,0.8063499,1.1018444,-0.2728125,-0.3173398,0.6085516,0.943677,0.44822314,-0.2555955,-0.2555955,0.95156246,0.939556,-0.30212936
k__Bacteria|p__Bacteroidetes|c__Bacteroidia|o__Bacteroidales|f__Porphyromonadaceae|g__Parabacteroides|s__distasonis,-0.28574407,-0.32443213,0.76556534,0.76556534,0.6302702,1.5346131,0.6038251,0.64845836,0.56712633,0.5557463,-0.3313659,-0.3067902,-0.34527826,-0.3436599,0.48373383,-0.30780417,-0.3513301,0.3016323,0.3550136,0.6244151,-0.2703327,0.5763721,-0.3462141,-0.35720402,0.5498163,-0.3366719,-0.3504457,-0.3477889,0.4520922,0.54386806,1.2171108,-0.30771792,-0.26893306,-0.35735446,0.6510623,-0.25396472,-0.33594304,0.3966749,0.47403783,0.5199373,1.9095272,0.47540542,0.87706345,0.80071384,0.51174355,-0.2568045,0.19614315,-0.34594566,0.7015947,0.5156114,-0.27991652,-0.270654,-0.27204362,0.7402999,0.6210637,-0.3133456,0.76156044,0.53039354,0.49053013,0.50574315,1.379539,1.379539,0.45545968,0.45840028,0.3515307,-0.2859781,-0.28761852,-0.3465716,0.56819606,0.5156996,0.3775323,-0.34426677,1.0771275,0.5867569,0.7241072,-0.26304597,-0.26091534,-0.25958246,-0.34404397,-0.35182393,-0.31283143,0.2312851,0.54718894,0.7540648,0.62249935,-0.2547989,-0.24514951,0.5273309,0.58769435,0.56810725,-0.3010577,1.8031154,-0.3565628,0.5883163,0.5921296,-0.3065683,0.83249366,-0.30649143,0.5065487,0.65774214,1.6534343,-0.304123,0.5651865,0.64691734,0.6660495,-0.26381022,0.50492173,-0.35609764,0.5321311,0.6503571,1.8502811,1.577284,0.59864557,0.95385736,0.6281435,-0.18443729,-0.31538883,0.5353644,-0.107186064,0.58751297,0.9714718,0.7086979,0.70985335,0.56997633,0.5482222,1.2032075,-0.09409982,0.5209741,0.6979826,0.57697403,-0.2788417,-0.3442507,-0.35489932,0.66047597,0.7614302,-0.2728125,-0.3173398,0.5730803,0.94860756,0.4620763,-0.2555955,-0.2555955,-0.35720906,-0.35404736,-0.30212936
k__Bacteria|p__Bacteroidetes|c__Bacteroidia|o__Bacteroidales|f__Bacteroidaceae|g__Bacteroides|s__fragilis,-0.28574407,-0.32443213,-0.3514585,-0.3514585,0.61728406,-0.31121662,0.560838,-0.35552558,0.5584208,0.5473681,-0.3313659,-0.3067902,1.2575053,1.3417586,0.48351294,1.274337,-0.3513301,0.30491072,0.35350734,0.608408,-0.2703327,0.575652,-0.3462141,-0.35720402,0.5459554,-0.3366719,-0.3504457,0.8115527,0.5771771,0.5369766,2.0131845,2.0253327,2.6528034,0.9584637,0.636773,-0.25396472,-0.33594304,0.45683208,-0.3509197,0.51505494,-0.26324958,0.46632338,-0.34331423,-0.3421979,0.5051187,-0.2568045,0.19984007,-0.34594566,0.7527794,0.51175475,-0.27991652,-0.270654,-0.27204362,-0.35545924,0.6087475,1.3832574,0.6209351,0.52132815,0.48537782,0.49650308,1.6250864,1.6250864,0.45872402,0.4782169,0.38304743,-0.2859781,-0.28761852,-0.3465716,0.5594709,0.50993526,0.36858335,0.81447965,1.2760577,0.6141664,0.7814043,-0.26304597,-0.26091534,-0.25958246,-0.34404397,-0.35182393,-0.31283143,0.24417135,0.5357998,-0.35933927,-0.35463315,-0.2547989,-0.24514951,0.520192,-0.35418794,0.5509068,-0.27723616,2.1645715,1.0847101,0.5802228,0.5798956,1.3623793,1.530437,-0.30649143,0.6373754,0.62044746,-0.27306527,-0.304123,0.5546951,0.62730896,0.64770263,-0.26381022,0.6570266,0.6929596,0.52716035,0.6095763,-0.3433188,0.56201035,0.58572996,1.1779199,0.6128808,3.0704327,1.3789386,0.52704227,-0.07863183,0.5770411,1.1308146,0.9085198,-0.35109764,0.56132776,0.5372874,2.1167486,-0.0641609,0.55417204,0.81028634,0.5673821,1.7255995,1.7076843,0.59361386,-0.35925305,-0.3556554,2.0280502,-0.3173398,0.55441236,0.97618115,0.4802536,-0.2555955,-0.2555955,0.8697178,0.8030575,-0.30212936
k__Bacteria|p__Proteobacteria|c__Gammaproteobacteria|o__Pseudomonadales|f__Moraxellaceae|g__Acinetobacter|s__unclassified,-0.28574407,-0.32443213,-0.3514585,-0.3514585,-0.35459304,-0.31121662,-0.34956193,-0.35552558,-0.35371345,-0.35095587,-0.3313659,-0.3067902,-0.34527826,-0.3436599,-0.35281307,1.2668521,-0.3513301,-0.33586052,-0.33764684,-0.3517275,-0.2703327,-0.35307166,-0.3462141,-0.35720402,-0.35400313,-0.3366719,-0.3504457,-0.3477889,-0.35797155,-0.3501712,1.1568165,-0.30771792,-0.26893306,-0.35735446,-0.35584235,-0.25396472,-0.33594304,-0.35719213,-0.3509197,-0.35178027,-0.26324958,-0.3374111,-0.34331423,-0.3421979,-0.34759796,-0.2568045,-0.31343293,-0.34594566,-0.35437846,-0.3512346,-0.27991652,-0.270654,-0.27204362,-0.35545924,-0.3560902,-0.3133456,-0.35199606,-0.35020775,-0.35033384,-0.34669638,-0.32914695,-0.32914695,-0.35751456,-0.3593669,-0.35379392,-0.2859781,-0.28761852,-0.3465716,-0.3559026,-0.34908354,-0.32445252,-0.34426677,-0.32729015,-0.35305658,-0.34904224,-0.26304597,-0.26091534,-0.25958246,-0.34404397,-0.35182393,-0.31283143,-0.34459922,-0.3490379,-0.35933927,-0.35463315,-0.2547989,-0.24514951,-0.35451698,-0.35418794,-0.34785756,-0.31541735,-0.2645283,-0.3565628,-0.35651436,-0.34889206,-0.3065683,-0.3451962,-0.30649143,-0.36058763,-0.35280955,-0.27306527,-0.304123,-0.3508122,-0.35152638,-0.3534774,-0.26381022,-0.3555616,-0.35609764,-0.3534436,-0.35827664,-0.3433188,-0.35637724,-0.35425442,-0.34833512,-0.35051906,-0.18443729,-0.31538883,-0.35249197,-0.32616666,-0.35148865,-0.34652692,-0.35169965,-0.35109764,-0.35703334,-0.34671125,-0.32128388,-0.32869166,-0.35918453,-0.34840393,-0.35012355,-0.2788417,-0.3442507,-0.35489932,-0.35925305,-0.3556554,-0.2728125,1.1222094,-0.35004947,-0.3255347,-0.34978673,-0.2555955,-0.2555955,-0.35720906,-0.35404736,-0.30212936
k__Bacteria|p__Proteobacteria|c__Gammaproteobacteria|o__Enterobacteriales|f__Enterobacteriaceae|g__Erwinia|s__unclassified,-0.28574407,-0.32443213,-0.3514585,-0.3514585,-0.35500515,-0.31121662,-0.34956193,-0.35552558,-0.3531464,-0.35032585,-0.3313659,-0.3067902,-0.34527826,-0.3436599,-0.35147536,-0.30780417,-0.3513301,-0.33376315,-0.3365186,-0.3518522,-0.2703327,-0.35307166,-0.3462141,-0.35720402,-0.35233662,-0.3366719,-0.3504457,-0.3477889,-0.35797155,-0.34963143,-0.31815568,-0.30771792,-0.26893306,-0.35735446,-0.35567558,-0.25396472,-0.33594304,-0.35719213,-0.3509197,-0.35109293,-0.26324958,-0.33596876,-0.34331423,-0.3421979,-0.34754544,-0.2568045,-0.3093614,-0.34594566,-0.35437846,-0.34998646,-0.27991652,-0.270654,-0.27204362,-0.35545924,-0.35604274,1.1683638,-0.35199606,-0.3496599,-0.34973922,-0.34661007,-0.32914695,-0.32914695,-0.35751456,-0.3593669,-0.35379392,1.3834356,-0.28761852,-0.3465716,-0.35555053,-0.3480085,-0.3226748,-0.34426677,-0.32729015,-0.35305658,-0.34904224,-0.26304597,1.5969254,-0.25958246,-0.34404397,-0.35182393,-0.31283143,-0.3424253,-0.34848866,-0.35933927,-0.35463315,-0.2547989,-0.24514951,-0.35349783,-0.35418794,-0.34968287,-0.31603497,-0.2645283,-0.3565628,-0.3559782,-0.34833556,-0.3065683,-0.3451962,-0.30649143,-0.36058763,-0.35280955,-0.27306527,-0.304123,-0.35035828,-0.35266268,-0.35422665,-0.26381022,0.50492173,-0.35609764,-0.35258502,-0.35827664,-0.3433188,-0.35637724,-0.3541351,-0.34833512,-0.35026678,-0.18443729,-0.31538883,-0.3520947,-0.3237253,-0.3510292,-0.34652692,-0.35169965,-0.35109764,-0.35709488,-0.34620097,-0.32128388,-0.32533634,-0.35918453,-0.34840393,-0.3492381,-0.2788417,-0.3442507,-0.35489932,-0.35925305,-0.3556554,1.5192227,-0.3173398,-0.35231367,-0.3255347,-0.34978673,-0.2555955,-0.2555955,-0.35720906,-0.35404736,-0.30212936
k__Bacteria|p__Proteobacteria|c__Gammaproteobacteria|o__Aeromonadales|f__unclassified|g__unclassified|s__unclassified,-0.28574407,-0.32443213,-0.3514585,-0.3514585,-0.35421598,-0.31121662,0.5635457,-0.35552558,-0.3533435,-0.35042667,-0.3313659,-0.3067902,-0.34527826,-0.3436599,-0.3523277,-0.30780417,-0.3513301,-0.33504814,-0.3370973,-0.3514945,-0.2703327,-0.35307166,-0.3462141,-0.35720402,-0.3533131,-0.3366719,-0.3504457,-0.3477889,-0.35797155,-0.34951794,-0.31815568,-0.30771792,-0.26893306,-0.35735446,-0.3553649,-0.25396472,-0.33594304,-0.35719213,-0.3509197,-0.3514464,-0.26324958,-0.33657753,-0.34331423,-0.3421979,-0.34713364,-0.2568045,-0.3118591,-0.34594566,-0.35437846,-0.3504983,-0.27991652,-0.270654,-0.27204362,-0.35545924,-0.3558992,-0.3133456,-0.35199606,-0.3499812,-0.35006666,-0.3465505,-0.32914695,-0.32914695,-0.35751456,-0.3593669,-0.35379392,1.3856313,-0.28761852,-0.3465716,-0.3557263,-0.3485144,-0.32391554,-0.34426677,-0.32729015,-0.35305658,-0.34904224,-0.26304597,1.5915147,-0.25958246,-0.34404397,-0.35182393,-0.31283143,-0.3439304,-0.34882462,0.56776,-0.35463315,-0.2547989,-0.24514951,-0.35462007,-0.35418794,-0.3482178,-0.31568244,-0.2645283,-0.3565628,-0.35605398,-0.3483351,-0.3065683,-0.3451962,-0.30649143,-0.36058763,-0.35280955,-0.27306527,-0.304123,-0.35041595,-0.35135013,-0.3532637,-0.26381022,-0.3555616,-0.35609764,-0.3530964,-0.35827664,-0.3433188,-0.35637724,-0.35422373,-0.34833512,-0.35006276,-0.18443729,-0.31538883,-0.35192388,-0.32495874,-0.3510855,-0.34652692,-0.35169965,-0.35109764,-0.35688075,-0.3463539,-0.32128388,-0.32724062,-0.35918453,-0.34840393,-0.34942088,-0.2788417,-0.3442507,-0.35489932,-0.35925305,-0.3556554,-0.2728125,-0.3173398,-0.35041785,-0.3255347,-0.34978673,-0.2555955,-0.2555955,-0.35720906,-0.35404736,-0.30212936
k__Bacteria|p__Proteobacteria|c__Gammaproteobacteria|o__Pasteurellales|f__Pasteurellaceae|g__Aggregatibacter|s__unclassified,-0.28574407,-0.32443213,-0.3514585,-0.3514585,-0.35485885,-0.31121662,-0.34956193,-0.35552558,-0.3533423,-0.35096776,-0.3313659,-0.3067902,-0.34527826,-0.3436599,-0.35289192,-0.30780417,-0.3513301,-0.33565784,-0.33739135,-0.35164708,-0.2703327,-0.35307166,0.7919883,-0.35720402,-0.35411263,-0.3366719,-0.3504457,-0.3477889,-0.35797155,-0.34997427,-0.31815568,-0.30771792,-0.26893306,-0.35735446,-0.35528922,-0.25396472,-0.33594304,-0.35719213,-0.3509197,-0.352009,-0.26324958,-0.33717716,-0.34331423,-0.3421979,-0.34759414,-0.2568045,-0.3137496,0.8580661,-0.35437846,-0.3510002,-0.27991652,-0.270654,-0.27204362,-0.35545924,-0.35607913,-0.3133456,-0.35199606,-0.3500377,-0.34988493,-0.3464915,-0.32914695,-0.32914695,-0.35751456,-0.3593669,-0.35379392,-0.2859781,-0.28761852,-0.3465716,-0.35542274,-0.34905684,-0.32510573,-0.34426677,-0.32729015,-0.35305658,-0.34904224,-0.26304597,-0.26091534,-0.25958246,-0.34404397,-0.35182393,-0.31283143,-0.34423485,-0.34867328,-0.35933927,-0.35463315,-0.2547989,-0.24514951,-0.3550021,-0.35418794,-0.34742466,-0.31526873,-0.2645283,-0.3565628,-0.35615772,-0.3489254,-0.3065683,-0.3451962,-0.30649143,-0.36058763,-0.35280955,-0.27306527,-0.304123,-0.3506619,-0.35121882,-0.35355568,-0.26381022,-0.3555616,-0.35609764,-0.35308373,-0.35827664,-0.3433188,-0.35637724,-0.35407647,-0.34833512,-0.3506418,-0.18443729,-0.31538883,-0.35265633,-0.3256881,-0.3517153,-0.34652692,-0.35169965,-0.35109764,-0.35639772,-0.34698856,-0.32128388,-0.32806373,-0.35918453,-0.34840393,-0.35017505,-0.2788417,-0.3442507,-0.35489932,-0.35925305,-0.3556554,-0.2728125,-0.3173398,-0.34965533,-0.3255347,-0.34978673,-0.2555955,-0.2555955,0.46798164,-0.35404736,-0.30212936
k__Bacteria|p__Proteobacteria|c__Gammaproteobacteria|o__Enterobacteriales|f__Enterobacteriaceae|g__Trabulsiella|s__unclassified,1.3765274,-0.32443213,-0.3514585,-0.3514585,-0.35425606,-0.31121662,-0.34956193,-0.35552558,-0.35369933,-0.35069817,-0.3313659,-0.3067902,-0.34527826,-0.3436599,-0.3525285,-0.30780417,-0.3513301,-0.335478,-0.33719993,-0.35154143,-0.2703327,-0.35307166,-0.3462141,-0.35720402,-0.35400778,-0.3366719,-0.3504457,-0.3477889,-0.35797155,-0.34983456,1.1265415,-0.30771792,-0.26893306,-0.35735446,-0.3557353,-0.25396472,-0.33594304,-0.35719213,-0.3509197,-0.3513625,-0.26324958,-0.3372481,-0.34331423,-0.3421979,-0.34696525,-0.2568045,-0.31299895,0.8678771,-0.35437846,-0.3510154,-0.27991652,-0.270654,-0.27204362,-0.35545924,-0.35587072,-0.3133456,-0.35199606,-0.3500609,-0.350146,-0.3461864,-0.32914695,-0.32914695,-0.35751456,-0.3593669,-0.35379392,-0.2859781,-0.28761852,-0.3465716,-0.35591447,-0.34883127,-0.32389444,-0.34426677,-0.32729015,-0.35305658,-0.34904224,1.5956094,-0.26091534,-0.25958246,-0.34404397,-0.35182393,1.2017194,-0.34404024,-0.34890485,-0.35933927,-0.35463315,-0.2547989,-0.24514951,-0.35429198,-0.35418794,-0.34678552,-0.31344217,-0.2645283,-0.3565628,-0.35655543,-0.34866565,-0.3065683,-0.3451962,-0.30649143,-0.36058763,-0.35280955,-0.27306527,-0.304123,-0.35055137,-0.35114786,-0.3531283,-0.26381022,-0.3555616,-0.35609764,-0.35328484,-0.35827664,-0.3433188,-0.35637724,-0.35422468,-0.34833512,-0.35035783,-0.18443729,-0.31538883,-0.35257494,-0.3249308,-0.35123342,-0.34652692,-0.35169965,-0.35109764,-0.35687512,-0.34630263,-0.32128388,-0.3276764,-0.35918453,-0.34840393,-0.3500045,-0.2788417,0.82673305,-0.35489932,-0.35925305,-0.3556554,-0.2728125,-0.3173398,-0.34939358,-0.3255347,-0.34978673,-0.2555955,-0.2555955,-0.35720906,-0.35404736,-0.30212936
k__Bacteria|p__Proteobacteria|c__Gammaproteobacteria|o__Enterobacteriales|f__Enterobacteriaceae|g__Klebsiella|s__unclassified,-0.28574407,-0.32443213,-0.3514585,-0.3514585,-0.35440505,-0.31121662,-0.34956193,-0.35552558,-0.3529131,-0.35025302,-0.3313659,-0.3067902,-0.34527826,-0.3436599,-0.3519314,-0.30780417,-0.3513301,-0.3346761,-0.3367595,-0.3513462,-0.2703327,-0.35307166,-0.3462141,-0.35720402,-0.35307497,-0.3366719,-0.3504457,-0.3477889,-0.35797155,-0.34946698,1.1271213,-0.30771792,-0.26893306,-0.35735446,-0.35501435,-0.25396472,-0.33594304,-0.35719213,-0.3509197,-0.35135365,-0.26324958,-0.33644164,-0.34331423,-0.3421979,-0.34709877,-0.2568045,-0.31179276,0.8567119,-0.35437846,-0.35026523,-0.27991652,-0.270654,-0.27204362,-0.35545924,-0.35554036,1.1771163,-0.35199606,-0.34950072,-0.34963214,-0.34622234,-0.32914695,-0.32914695,-0.35751456,-0.3593669,-0.35379392,1.4189112,-0.28761852,-0.3465716,-0.35528323,-0.34829408,-0.32356733,-0.34426677,-0.32729015,-0.35305658,-0.34904224,1.5917672,1.6043406,-0.25958246,-0.34404397,-0.35182393,1.1637563,-0.34323686,-0.3484816,-0.35933927,-0.35463315,-0.2547989,-0.24514951,-0.353755,-0.35418794,-0.34785745,-0.31462324,-0.2645283,-0.3565628,-0.35572052,-0.34825784,-0.3065683,-0.3451962,-0.30649143,-0.36058763,-0.35280955,-0.27306527,-0.304123,-0.3500871,-0.3511384,-0.3532663,-0.26381022,0.5076186,-0.35609764,-0.35257655,-0.35827664,-0.3433188,-0.35637724,-0.3538737,-0.34833512,-0.34997162,-0.18443729,-0.31538883,-0.35212815,-0.32417175,-0.35113198,-0.34652692,-0.35169965,-0.35109764,-0.35639304,-0.34628344,-0.32128388,-0.32650685,-0.35918453,-0.34840393,-0.3493504,-0.2788417,-0.3442507,-0.35489932,-0.35925305,-0.3556554,-0.2728125,-0.3173398,-0.35013574,-0.3255347,-0.34978673,-0.2555955,-0.2555955,-0.35720906,-0.35404736,-0.30212936
k__Bacteria|p__Proteobacteria|c__Gammaproteobacteria|o__Enterobacteriales|f__Enterobacteriaceae|g__Citrobacter|s__unclassified,-0.28574407,-0.32443213,-0.3514585,-0.3514585,-0.3522883,-0.31121662,-0.34956193,-0.35552558,-0.35330313,-0.35008615,-0.3313659,-0.3067902,-0.34527826,-0.3436599,-0.35222203,-0.30780417,-0.3513301,-0.3358785,-0.3372154,-0.35106817,-0.2703327,-0.35307166,-0.3462141,-0.35720402,-0.35328248,-0.3366719,-0.3504457,-0.3477889,-0.35797155,-0.34815714,-0.31815568,-0.30771792,-0.26893306,-0.35735446,-0.35482112,-0.25396472,0.9161201,-0.35719213,-0.3509197,-0.35031372,-0.26324958,-0.3375394,-0.34331423,-0.3421979,-0.34533337,-0.2568045,-0.31390232,-0.34594566,-0.35437846,-0.35025302,-0.27991652,-0.270654,-0.27204362,-0.35545924,-0.35556388,-0.3133456,-0.35199606,-0.35017633,-0.34971988,-0.3458842,-0.32914695,-0.32914695,0.4552673,-0.3593669,-0.35379392,1.3846909,-0.28761852,-0.3465716,-0.3554228,-0.3484521,-0.32509607,-0.34426677,-0.32729015,-0.35305658,-0.34904224,1.9266677,1.5894548,-0.25958246,-0.34404397,-0.35182393,-0.31283143,-0.34434068,-0.3488878,-0.35933927,-0.35463315,-0.2547989,-0.24514951,-0.3553062,0.5710719,-0.34550983,-0.31477302,-0.2645283,-0.3565628,-0.35595214,-0.3479979,-0.3065683,-0.3451962,-0.30649143,-0.36058763,-0.35280955,-0.27306527,1.2528969,-0.35051855,-0.3498813,-0.3515983,-0.26381022,-0.3555616,0.57992554,-0.35286075,-0.35827664,-0.3433188,0.58645654,-0.35417247,-0.34833512,-0.34985927,-0.18443729,1.2331475,-0.35215592,-0.32400274,-0.35027957,-0.34652692,-0.35169965,-0.35109764,-0.35560024,-0.34605193,-0.32128388,-0.32694063,-0.35918453,-0.34840393,-0.3492294,-0.2788417,-0.3442507,-0.35489932,-0.35925305,-0.3556554,-0.2728125,1.1346877,-0.34862754,-0.3255347,-0.34978673,-0.2555955,-0.2555955,-0.35720906,-0.35404736,-0.30212936
k__Bacteria|p__Proteobacteria|c__Gammaproteobacteria|o__Enterobacteriales|f__Enterobacteriaceae|g__unclassified|s__unclassified,1.9367449,1.3070912,-0.3514585,-0.3514585,0.48351657,1.3062568,0.61364645,0.64131093,0.5924181,0.5959145,1.3022023,1.3591794,0.7792476,1.0505109,0.6720506,1.4126105,0.85178727,0.9011935,0.83833265,0.5677831,1.6193478,0.6782525,0.93562275,1.1093918,0.6806059,1.2807662,0.780981,0.840301,-0.35797155,0.5981323,1.1687654,-0.30771792,1.545076,-0.35735446,0.506097,1.8330277,1.0431705,0.54142594,-0.3509197,0.611782,1.6636146,0.8423724,0.993407,0.79418564,0.57844204,-0.2568045,1.1589323,1.0503975,0.8707183,0.6191871,1.482279,1.5457891,1.5314734,0.6370054,0.52452886,1.7347976,0.6344639,0.6235193,0.66167915,0.6628295,1.0693705,1.0693705,0.46617275,-0.3593669,0.38192877,2.3227286,2.0513058,0.83014435,0.6022674,0.686617,0.8097099,-0.34426677,-0.32729015,-0.35305658,0.64916414,1.6777853,2.641923,1.6112908,0.7953096,0.74104637,1.570954,0.8544549,0.6553184,0.56553715,0.79873526,2.055493,2.2985573,0.5705681,0.5822846,0.47730684,1.2149947,1.6601024,0.6339729,0.57084936,0.60469633,1.4742672,1.1117043,-0.30649143,0.50867385,0.53107256,1.761302,1.3147581,0.5245855,0.3802501,0.4397536,2.3609273,1.333355,0.90960735,0.61944526,0.57620543,0.80786175,0.6160222,0.5719615,0.7668804,0.5632081,2.3587031,1.2782135,0.61540025,1.0273046,0.57204914,0.98705333,0.74830097,-0.35109764,0.5254433,0.6309452,1.1327354,1.050498,0.50423664,0.6707125,0.61219025,1.4704748,1.0020802,0.57962596,-0.35925305,0.5925294,2.186224,1.2682942,0.3950631,-0.3255347,0.45998964,1.8111322,1.8111322,0.5296558,-0.35404736,1.3621938
k__Bacteria|p__Proteobacteria|c__Alphaproteobacteria|o__Rickettsiales|f__mitochondria|g__unclassified|s__unclassified,-0.28574407,-0.32443213,-0.3514585,-0.3514585,-0.3541602,-0.31121662,-0.34956193,-0.35552558,-0.3529362,-0.3506732,-0.3313659,-0.3067902,-0.34527826,-0.3436599,-0.3534007,-0.30780417,-0.3513301,-0.33586285,-0.33738896,-0.35038263,-0.2703327,0.57709163,-0.3462141,-0.35720402,-0.3548232,-0.3366719,-0.3504457,-0.3477889,0.4282486,-0.35005382,-0.31815568,-0.30771792,-0.26893306,0.6649613,-0.3547536,-0.25396472,-0.33594304,0.38137612,-0.3509197,-0.35180014,-0.26324958,-0.336591,-0.34331423,-0.3421979,-0.34731853,-0.2568045,-0.31498945,-0.34594566,-0.35437846,-0.35122395,-0.27991652,-0.270654,-0.27204362,-0.35545924,-0.35534656,-0.3133456,-0.35199606,-0.34900844,-0.3494573,-0.34562844,-0.32914695,-0.32914695,0.47356644,-0.3593669,-0.35379392,-0.2859781,-0.28761852,-0.3465716,-0.35483247,-0.34901354,-0.32360792,-0.34426677,-0.32729015,-0.35305658,-0.34904224,-0.26304597,-0.26091534,-0.25958246,-0.34404397,-0.35182393,-0.31283143,-0.3455168,-0.34742504,-0.35933927,-0.35463315,-0.2547989,-0.24514951,-0.35452724,-0.35418794,-0.3457066,-0.3155277,-0.2645283,-0.3565628,-0.35583395,-0.34854305,-0.3065683,-0.3451962,-0.30649143,-0.36058763,-0.35280955,-0.27306527,-0.304123,-0.3492756,-0.34986857,-0.35240263,-0.26381022,-0.3555616,-0.35609764,-0.3531554,-0.35827664,-0.3433188,-0.35637724,-0.35218015,-0.34833512,-0.34980804,-0.18443729,-0.31538883,-0.35069025,-0.3295805,-0.35064125,-0.34652692,-0.35169965,-0.35109764,-0.35608846,-0.34603155,-0.32128388,-0.331874,-0.35918453,-0.34840393,-0.350097,-0.2788417,-0.3442507,-0.35489932,-0.35925305,-0.3556554,-0.2728125,-0.3173398,-0.34586433,-0.3255347,-0.34978673,-0.2555955,-0.2555955,-0.35720906,-0.35404736,-0.30212936
k__Bacteria|p__Proteobacteria|c__Gammaproteobacteria|o__Enterobacteriales|f__Enterobacteriaceae|g__Enterobacter|s__hormaechei,1.3817804,1.0933084,-0.3514585,-0.3514585,-0.3522932,-0.31121662,0.6187771,0.72446513,-0.35083598,-0.3473556,-0.3313659,-0.3067902,-0.34527826,-0.3436599,-0.34697556,-0.30780417,-0.3513301,-0.327657,-0.33125186,-0.3520227,1.5562227,-0.35307166,-0.3462141,-0.35720402,-0.35156766,0.9471658,0.77633035,0.85087204,-0.35797155,-0.3458829,1.4246769,-0.30771792,-0.26893306,-0.35735446,-0.3546586,-0.25396472,0.90907073,-0.35719213,-0.3509197,-0.34674877,-0.26324958,-0.33736563,0.8699557,-0.3421979,-0.34158498,-0.2568045,-0.30749047,0.8638489,0.70504683,-0.34566265,-0.27991652,-0.270654,-0.27204362,-0.35545924,-0.35418606,1.2169486,0.6704566,-0.3465356,-0.345733,-0.34348512,-0.32914695,-0.32914695,-0.35751456,-0.3593669,-0.35379392,1.4780461,-0.28761852,-0.3465716,-0.35366258,-0.34592175,-0.31919557,-0.34426677,-0.32729015,-0.35305658,-0.34904224,2.489838,2.0058372,1.6155546,-0.34404397,-0.35182393,1.2099203,-0.32984293,-0.34757262,-0.35933927,-0.35463315,-0.2547989,-0.24514951,-0.3482003,-0.35418794,-0.34348303,-0.28700846,-0.2645283,-0.3565628,-0.3537886,-0.34787622,-0.3065683,0.8342618,-0.30649143,-0.36058763,-0.35280955,-0.27306527,1.240807,-0.3458104,-0.34786934,-0.35230762,1.587185,0.5718335,0.43594417,-0.34905434,-0.35827664,0.87659425,0.73343205,-0.35330844,-0.34833512,-0.35057032,-0.18443729,1.208409,-0.3488943,-0.29856303,-0.34931377,-0.34652692,0.66801107,-0.35109764,-0.3523978,-0.34459043,-0.32128388,-0.301617,-0.35918453,-0.34840393,-0.3480716,-0.2788417,-0.3442507,-0.35489932,-0.35925305,-0.3556554,-0.2728125,1.2058637,-0.34466633,-0.3255347,0.35201076,-0.2555955,-0.2555955,-0.35720906,-0.35404736,-0.30212936
k__Bacteria|p__Proteobacteria|c__Gammaproteobacteria|o__Pasteurellales|f__Pasteurellaceae|g__Actinobacillus|s__unclassified,-0.28574407,-0.32443213,-0.3514585,-0.3514585,-0.35375866,-0.31121662,-0.34956193,-0.35552558,-0.35179353,-0.34985203,-0.3313659,-0.3067902,-0.34527826,-0.3436599,-0.35092625,-0.30780417,-0.3513301,-0.33418587,-0.33687934,-0.35177532,-0.2703327,0.57781065,0.9106472,0.5938642,-0.35234523,-0.3366719,-0.3504457,-0.3477889,-0.35797155,-0.34897476,-0.31815568,-0.30771792,-0.26893306,-0.35735446,-0.3547954,-0.25396472,-0.33594304,-0.35719213,0.47777516,-0.3513397,-0.26324958,-0.33683422,-0.34331423,-0.3421979,-0.34667456,-0.2568045,-0.31098416,0.87436473,-0.35437846,-0.34908468,-0.27991652,-0.270654,-0.27204362,-0.35545924,-0.35541624,-0.3133456,-0.35199606,-0.3489511,-0.3490107,-0.3471654,-0.32914695,-0.32914695,0.4568051,-0.3593669,-0.35379392,-0.2859781,-0.28761852,-0.3465716,-0.35459095,-0.34814885,-0.32239273,-0.34426677,-0.32729015,-0.35305658,-0.34904224,-0.26304597,-0.26091534,-0.25958246,-0.34404397,-0.35182393,-0.31283143,-0.3432843,-0.34894192,-0.35933927,-0.35463315,-0.2547989,-0.24514951,-0.35351032,-0.35418794,-0.35064015,-0.31729746,-0.2645283,0.63837767,-0.35440972,-0.34822416,-0.3065683,-0.3451962,-0.30649143,-0.36058763,-0.35280955,-0.27306527,-0.304123,-0.34901324,-0.3505713,-0.3531602,-0.26381022,0.50559664,-0.35609764,-0.35180402,-0.35827664,-0.3433188,-0.35637724,-0.3530504,-0.34833512,-0.34946042,-0.18443729,1.2542112,-0.35031438,-0.32299286,-0.35070887,-0.34652692,-0.35169965,-0.35109764,-0.35584652,-0.34636852,-0.32128388,-0.32536703,-0.35918453,-0.34840393,-0.34862146,-0.2788417,-0.3442507,-0.35489932,-0.35925305,-0.3556554,-0.2728125,1.1234214,-0.348364,-0.3255347,-0.34978673,-0.2555955,-0.2555955,0.46842796,-0.35404736,-0.30212936
k__Bacteria|p__Proteobacteria|c__Gammaproteobacteria|o__Enterobacteriales|f__Enterobacteriaceae|g__Escherichia|s__unclassified,2.2986996,1.5589875,-0.3514585,-0.3514585,0.32279462,1.2641032,0.66037506,0.61165595,0.4429456,0.44532335,1.5704057,1.308486,0.80211204,1.1466975,0.52918416,1.4936571,0.81598425,0.78855443,0.71976596,0.41490346,1.7783399,0.5991446,0.8442708,0.72124875,0.5329193,1.6017104,0.8073974,0.8303328,-0.35797155,0.4490592,-0.31815568,-0.30771792,1.534482,-0.35735446,0.34325194,1.7646911,0.97868097,0.4112201,-0.3509197,0.46690303,1.7537591,0.7139821,0.9068018,-0.3421979,0.43005025,-0.2568045,1.0693805,0.9795205,0.72699594,0.47231996,1.4998001,1.5520339,1.530566,0.632894,0.3663565,1.2485873,0.6144314,0.48039865,0.5233242,0.52407336,1.0566236,1.0566236,0.47281063,-0.3593669,0.35325995,-0.2859781,1.781936,0.7621394,0.45534456,0.54461676,0.69145495,-0.34426677,-0.32729015,-0.35305658,-0.34904224,1.6079959,1.716065,-0.25958246,-0.34404397,0.7345693,-0.31283143,0.7421569,0.5154287,0.54844505,0.6545911,2.4028113,2.070397,0.41939867,-0.35418794,0.32541627,1.1704034,1.6314132,-0.3565628,0.4172144,0.45275977,1.7137805,1.2629697,-0.30649143,0.49068072,0.5264088,1.9858333,1.2867123,0.37185413,0.21475181,0.27541637,1.8168253,0.68316275,0.59455484,0.4728217,0.55799574,-0.3433188,-0.35637724,0.4242307,0.7622822,0.4071809,2.3926704,1.2893292,0.47305536,0.9456071,0.42162114,1.1726888,0.68780774,-0.35109764,0.37218696,0.48612267,1.1978308,0.9700945,0.48397192,0.6711655,0.4606752,1.4828612,0.86796045,-0.35489932,-0.35925305,-0.3556554,1.9061017,1.1597879,0.24243921,-0.3255347,0.34687814,1.8791276,1.8791276,0.48414484,-0.35404736,1.3613504
k__Bacteria|p__Proteobacteria|c__Gammaproteobacteria|o__Pasteurellales|f__Pasteurellaceae|g__Haemophilus|s__parainfluenzae,-0.28574407,-0.32443213,0.7276419,0.7276419,-0.35346556,-0.31121662,-0.34956193,-0.35552558,-0.35201553,-0.34950507,0.99960095,-0.3067902,0.7642139,0.79293936,-0.3506376,-0.30780417,-0.3513301,-0.33298343,-0.33500397,-0.35063994,-0.2703327,-0.35307166,0.79655135,0.6012028,-0.35263065,0.97032654,-0.3504457,0.9833089,-0.35797155,-0.34864804,-0.31815568,-0.30771792,-0.26893306,-0.35735446,-0.35473922,-0.25396472,-0.33594304,-0.35719213,0.47543177,-0.3501335,-0.26324958,-0.33570203,-0.34331423,-0.3421979,-0.3455722,-0.2568045,-0.31010202,0.86883384,-0.35437846,-0.34930283,1.4607731,1.5354856,1.5196126,0.66402006,-0.35487592,-0.3133456,-0.35199606,-0.34855765,-0.34804732,-0.34475222,-0.32914695,-0.32914695,0.45872402,-0.3593669,-0.35379392,-0.2859781,-0.28761852,-0.3465716,-0.3540592,-0.34739494,-0.3219382,-0.34426677,-0.32729015,-0.35305658,-0.34904224,-0.26304597,1.6118845,-0.25958246,-0.34404397,-0.35182393,-0.31283143,-0.34173158,-0.34742683,0.5522686,-0.35463315,-0.2547989,-0.24514951,-0.35309404,-0.35418794,-0.3462209,-0.3097981,-0.2645283,-0.3565628,-0.35498446,-0.34763676,-0.3065683,-0.3451962,-0.30649143,-0.36058763,-0.35280955,1.5321313,-0.304123,-0.34933832,-0.35032073,-0.35251567,-0.26381022,-0.3555616,-0.35609764,-0.35152078,-0.35827664,-0.3433188,-0.35637724,-0.35270146,-0.34833512,-0.3493563,-0.18443729,1.2254728,-0.3510923,-0.32120705,-0.35025468,-0.34652692,-0.35169965,-0.35109764,-0.3552209,-0.34512666,-0.32128388,-0.3240608,-0.35918453,-0.34840393,-0.348835,-0.2788417,-0.3442507,-0.35489932,-0.35925305,-0.3556554,1.5502831,1.1243474,-0.34756547,-0.3255347,-0.34978673,-0.2555955,-0.2555955,0.50414973,0.6397348,-0.30212936
k__Bacteria|p__Proteobacteria|c__Alphaproteobacteria|o__RF32|f__unclassified|g__unclassified|s__unclassified,-0.28574407,-0.32443213,-0.3514585,-0.3514585,-0.35327953,-0.31121662,-0.34956193,-0.35552558,-0.35330006,-0.35047674,-0.3313659,-0.3067902,-0.34527826,0.80833524,-0.35385337,-0.30780417,-0.3513301,-0.3367309,-0.33751905,-0.3498721,-0.2703327,-0.35307166,-0.3462141,-0.35720402,-0.35535714,-0.3366719,-0.3504457,-0.3477889,-0.35797155,-0.3497311,-0.31815568,-0.30771792,-0.26893306,0.8678477,-0.35438186,-0.25396472,-0.33594304,-0.35719213,-0.3509197,-0.3518473,-0.26324958,-0.33673483,-0.34331423,-0.3421979,-0.34657744,-0.2568045,-0.31637788,-0.34594566,-0.35437846,-0.35155678,-0.27991652,-0.270654,-0.27204362,-0.35545924,-0.3550273,-0.3133456,-0.35199606,-0.34945422,-0.34989473,-0.3452016,-0.32914695,-0.32914695,-0.35751456,-0.3593669,-0.35379392,-0.2859781,-0.28761852,-0.3465716,-0.35528463,-0.34910646,-0.3245026,-0.34426677,-0.32729015,-0.35305658,-0.34904224,-0.26304597,-0.26091534,-0.25958246,-0.34404397,-0.35182393,-0.31283143,-0.34655184,-0.34790334,-0.35933927,-0.35463315,-0.2547989,-0.24514951,-0.3552004,-0.35418794,-0.3438241,-0.31370187,-0.2645283,-0.3565628,-0.35613328,-0.34815758,-0.3065683,-0.3451962,-0.30649143,-0.36058763,0.5356069,-0.27306527,-0.304123,-0.34957737,-0.34875295,-0.35133737,-0.26381022,-0.3555616,-0.35609764,-0.35366696,-0.35827664,-0.3433188,-0.35637724,-0.3527589,-0.34833512,-0.34934628,-0.18443729,-0.31538883,-0.3511632,-0.32959056,-0.35065013,0.82907724,-0.35169965,-0.35109764,-0.3561276,-0.34579515,-0.32128388,-0.33278656,-0.35918453,-0.34840393,-0.34996983,-0.2788417,-0.3442507,-0.35489932,0.8511239,0.59408754,-0.2728125,-0.3173398,-0.3448823,-0.3255347,-0.34978673,-0.2555955,-0.2555955,0.76277983,-0.35404736,-0.30212936
k__Bacteria|p__Proteobacteria|c__Gammaproteobacteria|o__Pasteurellales|f__Pasteurellaceae|g__Haemophilus|s__unclassified,1.3800324,-0.32443213,0.79543674,0.79543674,0.5104727,1.1913906,0.56893927,-0.35552558,0.5978501,0.59781736,1.0805658,1.2476649,0.8035694,0.84225214,0.66102195,1.2791395,-0.3513301,0.8377438,0.7909288,0.57938147,1.4614807,0.61311847,1.1779755,0.7322835,0.67061627,1.266069,0.77990973,1.0063754,0.43115664,0.59692097,1.1284904,1.2510065,1.5311483,0.68653184,0.525002,1.6977977,0.9041741,0.38169947,0.6296912,0.6107251,-0.26324958,0.79647326,-0.34331423,-0.3421979,0.5795191,-0.2568045,1.0485823,1.0266725,-0.35437846,0.61492544,1.4985127,1.5383584,1.6174592,0.79705876,0.54352564,-0.3133456,-0.35199606,0.6188605,0.65227956,0.6515784,1.0532842,1.0532842,0.59707713,0.45728776,-0.35379392,1.3875095,1.3777026,0.7818656,0.6086634,0.67234254,0.7620007,0.8038618,-0.32729015,0.58547354,0.654474,-0.26304597,1.6523007,-0.25958246,0.81314284,-0.35182393,-0.31283143,0.79411584,0.6474792,0.8458401,0.7312208,1.6874847,1.7849818,0.57549167,0.60148615,0.4945376,1.070492,-0.2645283,0.7025597,0.5808442,0.608225,-0.3065683,0.83249366,-0.30649143,0.6620791,-0.35280955,1.5667825,-0.304123,0.53353864,0.42161992,0.47440898,1.5869563,0.5058215,0.43044403,0.61785537,0.61381465,0.8050425,0.60458386,0.581499,0.8337696,0.5767423,-0.18443729,1.5075792,0.6137592,0.92262095,0.5789492,-0.34652692,0.7056344,-0.35109764,0.5414425,0.62819827,-0.32128388,0.9398157,-0.35918453,-0.34840393,0.61357695,-0.2788417,-0.3442507,-0.35489932,0.6109718,-0.3556554,1.6986611,1.1577417,0.42810366,-0.3255347,0.34687814,1.7017395,1.7017395,0.7781203,1.1197087,1.3550019
k__Bacteria|p__Proteobacteria|c__Betaproteobacteria|o__Burkholderiales|f__Alcaligenaceae|g__Sutterella|s__unclassified,-0.28574407,-0.32443213,1.0606128,1.0606128,0.7855643,1.1842207,0.7213151,-0.35552558,0.7188916,0.70647043,1.7901102,1.6444747,1.1831261,0.9882666,0.6365701,1.2760347,1.16631,0.42896017,0.48354563,0.7706989,-0.2703327,0.61865383,-0.3462141,-0.35720402,0.7033896,-0.3366719,0.82667637,-0.3477889,0.5012375,0.6945944,-0.31815568,1.449082,1.5437579,0.929393,0.8058525,-0.25396472,1.1102465,0.36397648,0.6947612,0.67155576,1.6000222,0.60425985,-0.34331423,0.85231256,0.6606707,-0.2568045,0.30032653,-0.34594566,-0.35437846,0.6679797,1.7223607,1.7412173,2.3725,0.91594416,0.77542734,1.1777277,0.73624605,0.67523444,0.63688403,0.6460246,1.4733286,1.4733286,0.48819178,0.46096292,0.37434497,-0.2859781,-0.28761852,-0.3465716,0.719597,0.6618205,0.49747714,0.80969846,1.2308187,0.77942127,1.1452223,-0.26304597,-0.26091534,-0.25958246,1.0657765,0.71611494,-0.31283143,0.36869314,0.6890166,0.71385574,-0.35463315,-0.2547989,-0.24514951,0.6785673,0.76091444,0.7093626,-0.22538036,-0.2645283,1.048703,0.744531,0.74029744,-0.3065683,0.86041546,-0.30649143,-0.36058763,1.0084915,-0.27306527,-0.304123,0.7161981,0.7984495,0.8184154,-0.26381022,0.53321093,0.6054313,0.6852474,0.6842504,-0.3433188,0.5892461,0.7466248,0.8735066,0.77641076,2.306006,1.5560589,0.68184555,0.008955885,0.7388097,1.4601568,1.3659396,0.7251989,0.7250904,0.6919143,-0.32128388,0.024270337,0.7759139,0.97908145,0.7272508,-0.2788417,-0.3442507,0.5893526,0.7967849,0.8256151,-0.2728125,1.5588892,0.7145688,0.9532563,0.34921443,1.9550531,1.9550531,0.8134993,1.0090398,1.34733
k__Bacteria|p__Actinobacteria|c__Actinobacteria|o__Actinomycetales|f__Actinomycetaceae|g__Parascardovia|s__unclassified,-0.28574407,-0.32443213,-0.3514585,-0.3514585,-0.35457838,-0.31121662,-0.34956193,-0.35552558,-0.3539406,-0.35102805,-0.3313659,-0.3067902,-0.34527826,-0.3436599,-0.3529442,-0.30780417,-0.3513301,-0.33595514,-0.33769464,-0.35170254,-0.2703327,-0.35307166,-0.3462141,-0.35720402,-0.35422713,-0.3366719,-0.3504457,-0.3477889,-0.35797155,-0.35017622,-0.31815568,-0.30771792,-0.26893306,-0.35735446,-0.35593873,-0.25396472,-0.33594304,-0.35719213,-0.3509197,-0.35180998,-0.26324958,-0.3373118,-0.34331423,-0.3421979,-0.34747285,-0.2568045,-0.31313908,-0.34594566,-0.35437846,-0.35125285,-0.27991652,-0.270654,-0.27204362,-0.35545924,-0.3562333,-0.3133456,-0.35199606,-0.3504668,-0.35045946,-0.34659314,-0.32914695,-0.32914695,-0.35751456,-0.3593669,-0.35379392,1.530089,-0.28761852,-0.3465716,-0.3561051,-0.34911332,-0.32433498,-0.34426677,-0.32729015,-0.35305658,-0.34904224,-0.26304597,-0.26091534,-0.25958246,-0.34404397,-0.35182393,-0.31283143,-0.345139,-0.34912038,-0.35933927,-0.35463315,-0.2547989,-0.24514951,-0.35517937,-0.35418794,-0.34764957,-0.31604677,-0.2645283,-0.3565628,-0.35677218,-0.3488589,-0.3065683,-0.3451962,-0.30649143,-0.36058763,-0.35280955,-0.27306527,-0.304123,-0.3509711,-0.35165408,-0.3534521,-0.26381022,-0.3555616,-0.35609764,-0.35368028,-0.35827664,-0.3433188,-0.35637724,-0.35435414,-0.34833512,-0.35048437,-0.18443729,-0.31538883,-0.35271448,-0.32675093,-0.35141224,-0.34652692,-0.35169965,-0.35109764,-0.35732204,-0.3465673,-0.32128388,-0.32931447,-0.35918453,-0.34840393,-0.3501742,1.459939,-0.3442507,-0.35489932,-0.35925305,-0.3556554,-0.2728125,-0.3173398,-0.34984422,-0.3255347,-0.34978673,-0.2555955,-0.2555955,-0.35720906,-0.35404736,-0.30212936
k__Bacteria|p__Actinobacteria|c__Actinobacteria|o__Actinomycetales|f__Corynebacteriaceae|g__Corynebacterium|s__unclassified,-0.28574407,-0.32443213,-0.3514585,-0.3514585,-0.35520148,-0.31121662,-0.34956193,-0.35552558,-0.35381863,-0.35134202,-0.3313659,-0.3067902,-0.34527826,-0.3436599,-0.35327047,-0.30780417,-0.3513301,-0.33592516,-0.33779263,-0.35181007,-0.2703327,-0.35307166,-0.3462141,-0.35720402,-0.35433382,-0.3366719,-0.3504457,-0.3477889,-0.35797155,-0.35031083,-0.31815568,-0.30771792,-0.26893306,-0.35735446,-0.35564983,-0.25396472,-0.33594304,-0.35719213,-0.3509197,-0.3521968,-0.26324958,-0.33735418,-0.34331423,-0.3421979,-0.34802383,-0.2568045,-0.31395945,-0.34594566,-0.35437846,-0.35128754,-0.27991652,-0.270654,-0.27204362,-0.35545924,-0.35650098,-0.3133456,-0.35199606,-0.35040465,-0.35022578,-0.34670246,-0.32914695,-0.32914695,-0.35751456,-0.3593669,-0.35379392,-0.2859781,-0.28761852,-0.3465716,-0.3557315,-0.3492948,-0.32533407,-0.34426677,-0.32729015,-0.35305658,-0.34904224,-0.26304597,-0.26091534,-0.25958246,-0.34404397,-0.35182393,-0.31283143,-0.34486294,-0.34881738,-0.35933927,-0.35463315,-0.2547989,-0.24514951,-0.35557258,-0.35418794,-0.34785038,-0.31621182,-0.2645283,-0.3565628,-0.3566621,-0.34927925,-0.3065683,-0.3451962,-0.30649143,-0.36058763,-0.35280955,-0.27306527,-0.304123,-0.35110128,-0.35199308,-0.35393,-0.26381022,-0.3555616,-0.35609764,-0.3536248,-0.35827664,-0.3433188,-0.35637724,-0.3541217,-0.34833512,-0.35095936,-0.18443729,-0.31538883,-0.35265806,-0.32700607,-0.35172322,-0.34652692,-0.35169965,-0.35109764,-0.35691154,-0.34716368,-0.32128388,-0.3290667,-0.35918453,-0.34840393,-0.35051984,-0.2788417,-0.3442507,-0.35489932,-0.35925305,-0.3556554,-0.2728125,-0.3173398,-0.3497934,-0.3255347,-0.34978673,-0.2555955,-0.2555955,-0.35720906,-0.35404736,-0.30212936
k__Bacteria|p__Actinobacteria|c__Actinobacteria|o__Actinomycetales|f__Micrococcaceae|g__Rothia|s__mucilaginosa,-0.28574407,-0.32443213,-0.3514585,-0.3514585,-0.3542996,-0.31121662,-0.34956193,-0.35552558,-0.35363805,-0.35066515,-0.3313659,-0.3067902,-0.34527826,-0.3436599,-0.3521911,1.2665668,-0.3513301,-0.33498967,-0.3373583,-0.35247108,-0.2703327,-0.35307166,-0.3462141,-0.35720402,-0.3532682,-0.3366719,-0.3504457,-0.3477889,-0.35797155,-0.34955025,1.1275954,-0.30771792,-0.26893306,-0.35735446,-0.35596067,-0.25396472,-0.33594304,-0.35719213,-0.3509197,-0.35162798,-0.26324958,-0.33746016,-0.34331423,-0.3421979,-0.34725726,-0.2568045,-0.3112213,-0.34594566,-0.35437846,-0.3504174,-0.27991652,-0.270654,-0.27204362,-0.35545924,-0.35637665,-0.3133456,-0.35199606,-0.350406,-0.35058796,-0.34752852,-0.32914695,-0.32914695,-0.35751456,-0.3593669,-0.35379392,-0.2859781,-0.28761852,-0.3465716,-0.35631758,-0.34884405,-0.32421643,-0.34426677,-0.32729015,-0.35305658,-0.34904224,-0.26304597,-0.26091534,-0.25958246,-0.34404397,-0.35182393,-0.31283143,-0.34295005,-0.3497725,-0.35933927,-0.35463315,-0.2547989,1.7599118,-0.35458615,-0.35418794,-0.3495599,-0.3146913,-0.2645283,-0.3565628,-0.35623688,-0.34881383,-0.3065683,-0.3451962,-0.30649143,-0.36058763,-0.35280955,-0.27306527,-0.304123,-0.3506866,-0.35156888,-0.35371828,-0.26381022,-0.3555616,-0.35609764,-0.3532361,-0.35827664,-0.3433188,-0.35637724,-0.3551758,-0.34833512,-0.3505757,-0.18443729,-0.31538883,-0.35216042,-0.32183787,-0.35167328,-0.34652692,-0.35169965,-0.35109764,-0.35720086,-0.34699178,-0.32128388,-0.32413182,-0.35918453,-0.34840393,-0.3495646,-0.2788417,0.8283962,-0.35489932,-0.35925305,-0.3556554,-0.2728125,-0.3173398,-0.35163343,-0.3255347,-0.34978673,-0.2555955,-0.2555955,-0.35720906,-0.35404736,-0.30212936
k__Bacteria|p__Actinobacteria|c__Actinobacteria|o__Actinomycetales|f__Actinomycetaceae|g__Actinomyces|s__unclassified,-0.28574407,-0.32443213,-0.3514585,-0.3514585,-0.35489506,-0.31121662,-0.34956193,-0.35552558,-0.35306126,-0.35019657,-0.3313659,-0.3067902,-0.34527826,-0.3436599,-0.35117042,-0.30780417,-0.3513301,-0.3334013,-0.33609894,-0.35187852,-0.2703327,-0.35307166,-0.3462141,-0.35720402,-0.35232943,0.9373852,-0.3504457,-0.3477889,-0.35797155,-0.34930152,-0.31815568,-0.30771792,-0.26893306,-0.35735446,-0.35569143,-0.25396472,-0.33594304,-0.35719213,-0.3509197,-0.3506594,-0.26324958,-0.33612254,-0.34331423,-0.3421979,-0.34708,1.71037,-0.3094167,-0.34594566,-0.35437846,-0.34972975,-0.27991652,-0.270654,-0.27204362,-0.35545924,-0.35599297,-0.3133456,-0.35199606,-0.3495785,-0.34935138,-0.3461887,-0.32914695,-0.32914695,-0.35751456,-0.3593669,0.34342113,1.3856313,1.4523612,-0.3465716,-0.3553543,-0.34784418,-0.32269335,-0.34426677,-0.32729015,-0.35305658,-0.34904224,-0.26304597,-0.26091534,-0.25958246,-0.34404397,-0.35182393,-0.31283143,-0.34153235,-0.34835687,-0.35933927,-0.35463315,-0.2547989,-0.24514951,-0.35355628,-0.35418794,-0.34890714,-0.31401438,-0.2645283,-0.3565628,-0.35592428,-0.34834975,-0.3065683,-0.3451962,-0.30649143,-0.36058763,-0.35280955,-0.27306527,1.2349179,-0.35029143,-0.35257027,-0.354209,-0.26381022,-0.3555616,-0.35609764,-0.35230002,-0.35827664,0.7944638,-0.35637724,-0.3541286,-0.34833512,-0.3504682,-0.18443729,1.2105579,-0.35220325,-0.32209757,-0.35086483,-0.34652692,-0.35169965,-0.35109764,-0.35671407,-0.3461097,-0.32128388,-0.32382143,-0.35918453,-0.34840393,-0.3492803,-0.2788417,-0.3442507,0.6064764,-0.35925305,-0.3556554,-0.2728125,-0.3173398,-0.3519713,-0.3255347,-0.34978673,-0.2555955,-0.2555955,-0.35720906,-0.35404736,-0.30212936
k__Bacteria|p__Actinobacteria|c__Actinobacteria|o__Bifidobacteriales|f__Bifidobacteriaceae|g__Bifidobacterium|s__longum,-0.28574407,1.0724827,-0.3514585,-0.3514585,0.54006195,1.6329176,0.6314897,0.8506048,0.6424065,0.63912183,1.4656093,1.5540663,0.7664834,-0.3436599,0.7153228,2.108379,1.0983781,0.9204272,0.8639515,0.6146557,1.4587336,1.5871322,0.854861,0.7081947,0.71139157,1.231002,0.8375283,1.3511312,0.52001107,0.63953626,1.2248821,1.2411665,-0.26893306,0.65367997,0.5573647,1.6973023,1.7560076,0.3628789,0.4760914,0.65964806,1.716894,0.8450973,0.9307924,-0.3421979,0.6255983,2.1035488,1.1156174,1.2063292,0.72480774,0.66346747,1.4875025,-0.270654,1.6207826,0.6706828,0.5802642,-0.3133456,1.0453736,0.6736584,0.710805,0.7059406,1.4459518,1.4459518,0.45699716,0.5309695,0.37152147,1.6065477,1.5496732,0.7582331,0.6582871,0.72045225,0.8155623,0.99934494,-0.32729015,0.5510713,0.6772272,-0.26304597,-0.26091534,-0.25958246,0.80710644,0.6973135,-0.31283143,0.9013769,0.6988796,0.62243116,0.61621714,2.0272434,2.396374,0.6308644,-0.35418794,0.54532325,1.2876918,1.6575323,0.66222787,0.6229247,0.6380626,2.0569968,1.0907383,1.2556701,0.62724507,0.5446145,1.7524166,1.8252349,0.58084714,0.45090035,0.49938917,2.025129,1.4608041,0.5127339,0.66662776,0.5609187,0.8006698,0.5801288,0.630445,0.81000274,0.60362655,2.322518,-0.31538883,0.67467695,1.0718122,0.6172564,1.0371473,1.0808916,0.70209134,0.5915234,0.66847146,1.3371298,1.0923741,0.818478,0.6725236,0.6467877,1.6777236,1.3621397,0.61613137,0.55326736,0.7363137,-0.2728125,-0.3173398,0.4924761,-0.3255347,0.38090965,1.7243174,1.7243174,0.678907,0.6460893,-0.30212936
k__Bacteria|p__Actinobacteria|c__Actinobacteria|o__Bifidobacteriales|f__Bifidobacteriaceae|g__Bifidobacterium|s__adolescentis,-0.28574407,-0.32443213,-0.3514585,-0.3514585,-0.00025277585,1.2078934,0.6769279,0.71029013,0.09345221,0.09817827,1.0000122,-0.3067902,-0.34527826,-0.3436599,0.1828815,1.33237,1.0437837,0.4004373,0.33808982,0.04323175,-0.2703327,0.6103393,-0.3462141,-0.35720402,0.14260796,0.9384766,-0.3504457,0.8289007,-0.35797155,0.10645639,1.1283852,-0.30771792,-0.26893306,-0.35735446,-0.0036815628,-0.25396472,0.91360813,-0.35719213,0.47631118,0.13272871,1.6028728,0.2553696,-0.34331423,-0.3421979,0.1161589,1.7174379,0.5695467,0.8965596,-0.35437846,0.13604021,1.5204912,-0.270654,1.7073402,-0.35545924,0.027054887,-0.3133456,0.8125117,0.13141167,0.17620328,0.16352656,1.1434003,1.1434003,-0.35751456,0.5934095,0.40734643,-0.2859781,-0.28761852,0.8478344,0.10166177,0.1662966,0.29984576,-0.34426677,-0.32729015,0.5480763,0.6844865,-0.26304597,-0.26091534,-0.25958246,-0.34404397,0.68245953,-0.31283143,0.43426368,0.13586639,0.5786319,0.62568456,1.6840997,1.7647299,0.11016566,-0.35418794,0.038020767,0.9479356,-0.2645283,-0.3565628,0.070204705,0.07600353,1.244368,0.846552,2.1053638,0.47937766,-0.35280955,1.5385215,1.2487445,0.06043527,-0.05962027,-0.044116206,-0.26381022,0.5734108,-0.35609764,0.12838706,-0.35827664,0.79316604,1.0630039,0.06762445,0.77828425,0.034691293,2.30427,1.2081015,0.12762591,0.7248707,0.06902744,0.9119884,0.7649902,0.70985335,0.06435024,0.11818226,-0.32128388,0.72983265,0.90847826,0.70260257,0.089981705,1.4619408,0.9262418,0.5983274,-0.35925305,-0.3556554,-0.2728125,-0.3173398,0.0024150535,-0.3255347,0.43674424,1.697449,1.697449,0.47332445,-0.35404736,-0.30212936
k__Bacteria|p__Actinobacteria|c__Actinobacteria|o__Bifidobacteriales|f__Bifidobacteriaceae|g__Bifidobacterium|s__unclassified,-0.28574407,1.3076785,-0.3514585,-0.3514585,0.5852702,1.1801134,-0.34956193,0.61056876,0.67072797,0.66813624,1.0155174,1.2448307,0.7777543,0.7934397,0.72979844,1.3271906,0.80907327,0.8934126,0.84692574,0.64972866,-0.2703327,0.96165717,-0.3462141,1.0101005,0.73714507,0.9768216,0.8894485,1.3404473,0.73011667,0.6677649,1.5211788,-0.30771792,-0.26893306,0.6898815,0.60022795,1.8112901,0.91762424,0.66468704,0.5809564,0.6840054,1.7055825,0.8476981,1.4077176,-0.3421979,0.64886177,1.7260301,1.0761504,0.88495934,0.7017847,0.6862131,1.5204912,-0.270654,1.9215341,-0.35545924,0.6190901,-0.3133456,0.86937916,0.6926421,0.72206295,0.71800923,1.0872993,1.0872993,0.5945699,0.8096892,0.34167477,1.3900083,-0.28761852,0.767156,0.68250066,0.73777926,0.815002,0.98537123,0.9731422,0.6214193,0.82523227,-0.26304597,-0.26091534,-0.25958246,-0.34404397,0.8594234,2.006043,0.8653705,0.7184588,-0.35933927,-0.35463315,1.693305,1.7654691,0.6541344,0.57805675,0.5717601,1.1177812,1.7055794,0.90236217,0.6557053,0.6737966,1.2833939,-0.3451962,1.2561754,0.73493016,0.5276039,1.5924932,1.2445747,0.6138652,0.502164,0.5502509,1.5934805,0.5580579,0.46344897,0.69088197,0.560351,1.5538148,0.68587565,0.65891355,-0.34833512,0.6439688,2.3073924,1.3455405,0.6905993,0.97732216,0.6527442,1.086207,0.9334278,0.7072727,0.6202602,0.6943837,1.1207594,0.9993423,0.5623022,0.6959961,0.6803418,1.4704748,-0.3442507,1.2725462,0.5749452,0.646162,1.5220107,1.1910894,0.5126084,-0.3255347,-0.34978673,-0.2555955,-0.2555955,0.47509906,-0.35404736,-0.30212936
k__Bacteria|p__Cyanobacteria|c__4C0d-2|o__YS2|f__unclassified|g__unclassified|s__unclassified,-0.28574407,-0.32443213,-0.3514585,-0.3514585,-0.34982902,-0.31121662,-0.34956193,-0.35552558,-0.35308272,-0.349333,-0.3313659,-0.3067902,-0.34527826,-0.3436599,-0.3542016,-0.30780417,-0.3513301,-0.3376192,-0.33781666,-0.34894538,-0.2703327,-0.35307166,-0.3462141,-0.35720402,-0.35624474,-0.3366719,-0.3504457,-0.3477889,0.4492445,-0.34767377,-0.31815568,-0.30771792,-0.26893306,0.7642041,-0.35303107,-0.25396472,-0.33594304,0.37781212,-0.3509197,-0.3503912,-0.26324958,-0.33822322,-0.34331423,0.7986924,-0.34338945,-0.2568045,-0.31671384,-0.34594566,-0.35437846,-0.35058403,-0.27991652,-0.270654,-0.27204362,-0.35545924,-0.35397983,-0.3133456,-0.35199606,-0.34891993,-0.35006392,-0.3446384,-0.32914695,-0.32914695,-0.35751456,-0.3593669,-0.35379392,-0.2859781,-0.28761852,-0.3465716,-0.3557541,-0.34929448,-0.32154882,-0.34426677,0.9879048,0.56874686,-0.34904224,-0.26304597,-0.26091534,-0.25958246,-0.34404397,-0.35182393,-0.31283143,-0.34733266,-0.34797895,-0.35933927,-0.35463315,-0.2547989,-0.24514951,-0.35423255,0.67141074,-0.33921367,-0.31288016,-0.2645283,-0.3565628,-0.35611278,-0.34697753,-0.3065683,-0.3451962,-0.30649143,-0.36058763,-0.35280955,-0.27306527,-0.304123,-0.34726322,-0.34331232,-0.34731686,-0.26381022,-0.3555616,-0.35609764,-0.35355997,-0.35827664,-0.3433188,-0.35637724,-0.35251456,-0.34833512,-0.3478563,-0.18443729,-0.31538883,-0.35071778,-0.32649386,-0.34906578,-0.34652692,-0.35169965,-0.35109764,-0.3546868,-0.3444759,-0.32128388,-0.33072722,-0.35918453,-0.34840393,-0.34898546,-0.2788417,-0.3442507,-0.35489932,-0.35925305,-0.3556554,-0.2728125,-0.3173398,-0.33975613,0.9313749,-0.34978673,-0.2555955,-0.2555955,-0.35720906,0.67599326,-0.30212936
k__Bacteria|p__Cyanobacteria|c__Chloroplast|o__Streptophyta|f__unclassified|g__unclassified|s__unclassified,-0.28574407,-0.32443213,-0.3514585,-0.3514585,-0.35256475,-0.31121662,-0.34956193,-0.35552558,-0.35192823,-0.3490066,-0.3313659,-0.3067902,-0.34527826,-0.3436599,-0.35115638,-0.30780417,-0.3513301,-0.33423638,-0.3360576,-0.3498042,-0.2703327,0.5806816,-0.3462141,-0.35720402,-0.35218883,-0.3366719,-0.3504457,-0.3477889,0.43405622,-0.3479051,-0.31815568,-0.30771792,-0.26893306,0.78490055,-0.35357177,-0.25396472,-0.33594304,0.47437233,-0.3509197,-0.34984422,-0.26324958,-0.3354745,-0.34331423,-0.3421979,-0.34541935,-0.2568045,-0.31221598,-0.34594566,-0.35437846,-0.34922293,-0.27991652,-0.270654,-0.27204362,-0.35545924,-0.35427615,-0.3133456,-0.35199606,-0.34848022,-0.34853214,-0.34476784,-0.32914695,-0.32914695,0.4818429,-0.3593669,-0.35379392,-0.2859781,-0.28761852,-0.3465716,-0.3541525,-0.34720543,-0.32289425,-0.34426677,-0.32729015,-0.35305658,-0.34904224,-0.26304597,-0.26091534,-0.25958246,-0.34404397,-0.35182393,-0.31283143,-0.34304565,-0.347162,0.5498371,-0.35463315,-0.2547989,-0.24514951,-0.35333478,-0.35418794,-0.3454806,-0.31512594,-0.2645283,-0.3565628,-0.35462576,-0.3469407,-0.3065683,-0.3451962,-0.30649143,-0.36058763,-0.35280955,-0.27306527,-0.304123,-0.34874845,-0.34952128,-0.35146254,-0.26381022,-0.3555616,-0.35609764,-0.35161555,0.60493207,-0.3433188,-0.35637724,-0.352436,-0.34833512,-0.34872174,-0.18443729,-0.31538883,-0.35059643,-0.32517526,-0.3493467,-0.34652692,0.66614175,-0.35109764,-0.35504934,-0.34491092,-0.32128388,-0.3274842,-0.35918453,-0.34840393,-0.34819907,-0.2788417,-0.3442507,0.58000916,-0.35925305,-0.3556554,-0.2728125,-0.3173398,-0.3479138,-0.3255347,0.3487476,-0.2555955,-0.2555955,0.46798164,-0.35404736,-0.30212936
k__Bacteria|p__Fusobacteria|c__Fusobacteria|o__Fusobacteriales|f__Fusobacteriaceae|g__Fusobacterium|s__unclassified,-0.28574407,-0.32443213,-0.3514585,-0.3514585,-0.35527647,-0.31121662,-0.34956193,-0.35552558,-0.35345265,-0.35113913,1.0016557,-0.3067902,-0.34527826,-0.3436599,-0.35360146,-0.30780417,-0.3513301,-0.3354519,-0.3370989,-0.35132384,-0.2703327,0.5763721,0.7871443,-0.35720402,-0.35435224,0.9752456,-0.3504457,-0.3477889,-0.35797155,-0.3500718,-0.31815568,-0.30771792,-0.26893306,-0.35735446,-0.35496604,-0.25396472,-0.33594304,-0.35719213,-0.3509197,-0.35233694,-0.26324958,-0.33656976,-0.34331423,-0.3421979,-0.34800702,-0.2568045,-0.31423405,-0.34594566,-0.35437846,-0.35156852,-0.27991652,-0.270654,-0.27204362,-0.35545924,-0.35611555,-0.3133456,-0.35199606,-0.34970343,-0.34990206,-0.34615585,-0.32914695,-0.32914695,-0.35751456,-0.3593669,-0.35379392,-0.2859781,-0.28761852,-0.3465716,-0.35538793,-0.34913754,-0.32508767,-0.34426677,-0.32729015,-0.35305658,-0.34904224,-0.26304597,-0.26091534,-0.25958246,-0.34404397,-0.35182393,-0.31283143,-0.34381723,-0.34812805,-0.35933927,-0.35463315,1.6744976,-0.24514951,-0.3547393,-0.35418794,-0.346405,-0.31267518,-0.2645283,-0.3565628,-0.35634252,-0.34905347,-0.3065683,0.8351447,-0.30649143,-0.36058763,-0.35280955,-0.27306527,-0.304123,-0.35069418,-0.35112345,-0.35361737,-0.26381022,-0.3555616,-0.35609764,-0.3532753,-0.35827664,-0.3433188,-0.35637724,-0.3539125,-0.34833512,-0.35087723,-0.18443729,-0.31538883,-0.35245574,-0.32584196,-0.35191494,-0.34652692,-0.35169965,-0.35109764,-0.35620046,-0.34727338,-0.32128388,-0.32803112,-0.35918453,-0.34840393,-0.3504523,-0.2788417,-0.3442507,-0.35489932,-0.35925305,-0.3556554,-0.2728125,-0.3173398,-0.3494964,-0.3255347,-0.34978673,-0.2555955,-0.2555955,-0.35720906,-0.35404736,-0.30212936
k__Bacteria|p__Fusobacteria|c__Fusobacteria|o__Fusobacteriales|f__Fusobacteriaceae|g__unclassified|s__unclassified,-0.28574407,-0.32443213,-0.3514585,-0.3514585,-0.35383373,-0.31121662,-0.34956193,-0.35552558,-0.35360354,-0.35093096,-0.3313659,-0.3067902,-0.34527826,-0.3436599,-0.35364905,-0.30780417,-0.3513301,-0.336611,-0.33791608,-0.35076365,-0.2703327,-0.35307166,-0.3462141,-0.35720402,-0.3553862,-0.3366719,-0.3504457,-0.3477889,-0.35797155,-0.35006863,-0.31815568,-0.30771792,-0.26893306,-0.35735446,-0.35508916,-0.25396472,-0.33594304,-0.35719213,-0.3509197,-0.35185683,-0.26324958,-0.33766448,-0.34331423,-0.3421979,-0.3467518,-0.2568045,-0.31549394,-0.34594566,-0.35437846,-0.35126308,-0.27991652,-0.270654,-0.27204362,-0.35545924,-0.35580373,-0.3133456,0.6419095,-0.34991223,-0.3499218,-0.3458399,-0.32914695,-0.32914695,-0.35751456,-0.3593669,-0.35379392,-0.2859781,-0.28761852,-0.3465716,-0.35554034,-0.34945422,-0.32372385,0.8079853,0.97039884,0.80414754,0.76719505,-0.26304597,-0.26091534,-0.25958246,-0.34404397,-0.35182393,-0.31283143,-0.34680417,-0.34843516,-0.35933927,-0.35463315,-0.2547989,-0.24514951,-0.35531735,-0.35418794,-0.3453089,-0.3156408,-0.2645283,-0.3565628,-0.3566305,-0.3487788,-0.3065683,-0.3451962,-0.30649143,-0.36058763,-0.35280955,-0.27306527,-0.304123,-0.34990376,-0.3496722,-0.35205454,-0.26381022,-0.3555616,-0.35609764,-0.3538697,-0.35827664,-0.3433188,-0.35637724,-0.35293147,-0.34833512,-0.3499272,-0.18443729,-0.31538883,-0.3517052,-0.32912934,-0.35073882,-0.34652692,-0.35169965,-0.35109764,-0.35639596,-0.34609047,-0.32128388,-0.33197087,-0.35918453,-0.34840393,-0.35035262,-0.2788417,-0.3442507,-0.35489932,-0.35925305,-0.3556554,-0.2728125,1.2455677,-0.3449149,-0.3255347,-0.34978673,-0.2555955,-0.2555955,-0.35720906,-0.35404736,-0.30212936
k__Bacteria|p__Tenericutes|c__Mollicutes|o__RF39|f__unclassified|g__unclassified|s__unclassified,-0.28574407,-0.32443213,-0.3514585,-0.3514585,-0.3526164,-0.31121662,-0.34956193,-0.35552558,-0.3521587,-0.34896952,-0.3313659,-0.3067902,-0.34527826,-0.3436599,-0.3514186,-0.30780417,-0.3513301,-0.3344559,-0.33649695,-0.34983104,-0.2703327,-0.35307166,-0.3462141,-0.35720402,-0.35243285,-0.3366719,-0.3504457,-0.3477889,-0.35797155,-0.34843147,-0.31815568,-0.30771792,-0.26893306,-0.35735446,-0.35324758,-0.25396472,-0.33594304,-0.35719213,-0.3509197,-0.3505941,-0.26324958,-0.33563572,-0.34331423,-0.3421979,-0.34556082,-0.2568045,-0.31146064,-0.34594566,-0.35437846,-0.3495225,-0.27991652,-0.270654,-0.27204362,-0.35545924,-0.35394478,-0.3133456,-0.35199606,-0.34832925,-0.34931597,-0.34520543,-0.32914695,-0.32914695,-0.35751456,-0.3593669,0.4040675,-0.2859781,-0.28761852,-0.3465716,-0.35491052,-0.34747693,-0.32063985,-0.34426677,-0.32729015,-0.35305658,-0.34904224,-0.26304597,-0.26091534,-0.25958246,-0.34404397,-0.35182393,-0.31283143,-0.34386355,-0.347755,-0.35933927,-0.35463315,-0.2547989,-0.24514951,-0.35159826,0.5683254,-0.34548593,-0.31435236,-0.2645283,-0.3565628,-0.35500342,-0.3468072,-0.3065683,-0.3451962,-0.30649143,-0.36058763,-0.35280955,-0.27306527,-0.304123,-0.34835762,-0.3484939,-0.35093588,-0.26381022,-0.3555616,-0.35609764,-0.35206068,-0.35827664,-0.3433188,-0.35637724,-0.35280445,-0.34833512,-0.34813637,-0.18443729,-0.31538883,-0.35088283,-0.3248582,-0.3498479,-0.34652692,-0.35169965,0.7007918,-0.3555566,-0.34488285,-0.32128388,-0.32768685,-0.35918453,-0.34840393,-0.34807238,-0.2788417,-0.3442507,-0.35489932,-0.35925305,0.59265935,-0.2728125,-0.3173398,-0.34699267,0.9311115,0.34547377,-0.2555955,-0.2555955,-0.35720906,-0.35404736,-0.30212936
k__Bacteria|p__Verrucomicrobia|c__Verrucomicrobiae|o__Verrucomicrobiales|f__Verrucomicrobiaceae|g__Akkermansia|s__muciniphila,-0.28574407,-0.32443213,-0.3514585,-0.3514585,-0.34617102,-0.31121662,-0.34956193,-0.35552558,-0.34781638,-0.344958,-0.3313659,-0.3067902,-0.34527826,-0.3436599,-0.3498583,-0.30780417,0.8001535,-0.33384258,-0.3332125,-0.34256417,2.4859812,-0.35307166,-0.3462141,-0.35720402,-0.35106942,-0.3366719,-0.3504457,-0.3477889,0.42908034,-0.34327728,-0.31815568,-0.30771792,-0.26893306,0.6566436,-0.34721386,-0.25396472,-0.33594304,-0.35719213,-0.3509197,-0.34569576,-0.26324958,-0.33223677,-0.34331423,-0.3421979,-0.33991566,-0.2568045,-0.3164047,-0.34594566,-0.35437846,-0.3466002,-0.27991652,-0.270654,-0.27204362,-0.35545924,-0.3487109,-0.3133456,0.8764559,-0.34374788,-0.34413934,-0.3381126,-0.32914695,-0.32914695,-0.35751456,0.45651683,0.50918907,-0.2859781,-0.28761852,0.8978083,-0.34915507,-0.3440376,-0.32003367,0.806441,-0.32729015,0.587398,-0.34904224,-0.26304597,-0.26091534,-0.25958246,-0.34404397,0.8896396,-0.31283143,-0.34444052,-0.34136578,0.6715001,0.6296813,-0.2547989,-0.24514951,-0.35066068,-0.35418794,-0.3328068,-0.3111075,-0.2645283,-0.3565628,-0.3509781,-0.3422894,-0.3065683,-0.3451962,-0.30649143,-0.36058763,-0.35280955,-0.27306527,-0.304123,-0.3435691,-0.34062004,-0.34315863,-0.26381022,-0.3555616,0.4631497,-0.34847647,0.5560424,-0.3433188,-0.35637724,-0.34569028,-0.34833512,-0.34324908,-0.18443729,-0.31538883,-0.34638566,-0.33015472,-0.34372222,-0.34652692,-0.35169965,-0.35109764,-0.34904838,-0.3396978,-0.32128388,-0.3337145,0.52715826,-0.34840393,-0.34483096,-0.2788417,0.8406652,1.2817528,0.55530876,0.9420759,-0.2728125,-0.3173398,-0.33440763,0.9345303,0.570988,-0.2555955,-0.2555955,0.837386,0.7550964,-0.30212936
