#OTU ID,E002338.0,E002338.1,E002338.2,E002338.3,E002338.4,E002473.0,E002473.1,E002473.2,E002473.3,E002473.4,E004934.0,E004934.1,E004934.2,E004934.3,E004934.4,E005804.0,E005804.1,E005804.2,E005804.3,E005804.4,E008437.0,E008437.1,E008437.2,E008437.3,E008437.4,E008643.0,E008643.1,E008643.2,E008643.3,E008643.4,E012393.0,E012393.1,E012393.2,E012393.3,E012393.4,E012678.0,E012678.1,E012678.2,E012678.3,E012678.4,E016148.0,E016148.1,E016148.2,E016148.3,E016148.4,E017049.0,E017049.1,E017049.2,E017049.3,E017049.4,E018421.0,E018421.1,E018421.2,E018421.3,E018421.4,E019187.0,E019187.1,E019187.2,E019187.3,E019187.4,E019349.0,E019349.1,E019349.2,E019349.3,E019349.4,E022960.0,E022960.1,E022960.2,E022960.3,E022960.4,E023535.0,E023535.1,E023535.2,E023535.3,E023535.4,E023681.0,E023681.1,E023681.2,E023681.3,E023681.4,E025921.0,E025921.1,E025921.2,E025921.3,E025921.4,E030828.0,E030828.1,E030828.2,E030828.3,E030828.4
k__Bacteria|p__Firmicutes|c__Clostridia|o__Clostridiales|f__Veillonellaceae|g__Megasphaera|s__micronuciformis,-0.24185413,-0.30189788,-0.3319006,-0.33165213,-0.3322257,-0.24178915,-0.30206677,-0.3327108,-0.30149376,-0.33086544,-0.2417624,-0.30222994,-0.33179307,-0.33187833,-0.33190715,-0.2418792,-0.3020226,-0.33175778,-0.33197665,-0.3318404,-0.24175382,-0.30206767,-0.33163887,-0.33206534,-0.33166313,-0.24188104,-0.30235347,-0.33179313,-0.33161777,-0.33162457,-0.24178585,-0.3020438,-0.3315999,-0.33186656,-0.33150488,-0.24170619,-0.30190492,-0.30158138,-0.3328914,-0.33254468,-0.24199745,-0.30590335,-0.33171296,-0.33176798,-0.3008492,-0.2418361,-0.3019439,-0.33159363,-0.33147204,-0.33181313,-0.24165656,-0.30188602,-0.3317076,-0.3317252,-0.33487758,-0.24187317,-0.3020823,-0.33177868,-0.33194295,-0.33192986,-0.2418961,-0.30191976,-0.33193055,-0.33177742,-0.33206707,-0.24186127,-0.301913,-0.33173347,-0.33198208,-0.33228227,-0.24152943,-0.27598393,-0.33048677,-0.3325013,-0.30109996,-0.24186644,-0.30195594,-0.33163175,-0.3318566,-0.32943356,-0.24173802,-0.30207488,-0.3318966,-0.33169353,-0.3316586,-0.24190986,-0.31196946,-0.30180663,-0.33007872,-0.30223787
k__Bacteria|p__Firmicutes|c__Clostridia|o__Clostridiales|f__Veillonellaceae|g__Megasphaera|s__geminatus,-0.24156731,-0.30161768,-0.33138996,-0.3311699,-0.3322257,-0.24138615,-0.3017051,-0.3327108,-0.30043763,-0.33042645,-0.24133807,-0.3019464,-0.33117372,-0.3312847,-0.33131725,-0.24166572,-0.3015349,-0.331295,-0.3315907,-0.33126158,-0.24143448,-0.30174568,-0.33101118,-0.33173555,-0.33111656,-0.2413664,-0.3019715,-0.33121318,-0.33089894,-0.33119762,-0.24138337,-0.30163985,-0.331297,-0.3314132,-0.3308881,-0.24132341,-0.30138218,-0.30093223,-0.3328914,-0.33230907,-0.24157405,-0.30590335,-0.33079863,-0.330675,-0.30004585,-0.24142748,-0.30164784,-0.3311776,-0.33084413,-0.3314741,-0.24129248,-0.3014732,-0.3316278,-0.33102944,-0.33487758,-0.24145105,-0.30164823,-0.33151478,-0.33151764,-0.33167154,-0.24154109,-0.30165637,-0.33165276,-0.3315012,-0.33177337,-0.24145564,-0.30147642,-0.33119613,-0.33173627,-0.33193976,-0.2408081,-0.27598393,-0.32831863,-0.33166978,-0.30003133,-0.24149463,-0.3014599,-0.33123595,-0.33136272,-0.32943356,-0.24139123,-0.30156213,-0.33153352,-0.33137888,-0.33120602,-0.24167739,-0.31196946,-0.30142355,-0.33007872,-0.30207938
k__Bacteria|p__Firmicutes|c__Bacilli|o__unclassified|f__unclassified|g__unclassified|s__unclassified,-0.24177435,-0.30141732,-0.33138552,-0.3303191,-0.3322257,-0.24143514,-0.30122447,-0.3327108,-0.3001246,-0.3286633,-0.241312,-0.30206183,-0.33123985,-0.3311868,-0.33085874,-0.24161777,-0.30133447,-0.3309201,-0.331274,-0.33091375,-0.24125727,-0.3013715,-0.33065888,-0.3314413,-0.33063942,-0.24137643,-0.3021444,-0.33098358,-0.3306352,-0.3304022,-0.24145818,-0.30138856,-0.33039606,-0.33092496,-0.33040234,-0.24136794,-0.3009186,-0.3009475,-0.3328914,-0.3322862,-0.24189548,-0.30590335,-0.33152634,-0.33094424,-0.2991979,-0.24148929,-0.30107105,-0.33051962,-0.3300937,-0.3306834,-0.2412743,-0.30122674,-0.33081973,-0.33066833,-0.33487758,-0.24152377,-0.30144805,-0.3312863,-0.33127463,-0.331092,-0.2414824,-0.30125538,-0.33124632,-0.3306271,-0.3311823,-0.24159142,-0.30120432,-0.33094633,-0.33102185,-0.3316675,-0.24063528,-0.27598393,-0.32772195,-0.33194384,-0.3004077,-0.24178845,-0.30153504,-0.33044612,-0.33072138,-0.32943356,-0.24142197,-0.30140826,-0.3314353,-0.3307231,-0.33039534,-0.24193698,-0.31196946,-0.3011593,-0.33007872,-0.30140573
k__Bacteria|p__Firmicutes|c__Bacilli|o__Lactobacillales|f__Enterococcaceae|g__Enterococcus|s__unclassified,-0.24137338,-0.3016267,-0.3306079,-0.33070225,-0.3322257,-0.24135476,-0.30121332,0.6201259,-0.29949313,-0.32728714,-0.24145618,-0.30161098,-0.33094922,-0.33097914,-0.3305103,-0.24131642,-0.30111426,-0.3306495,-0.33116546,-0.3304038,-0.24109602,-0.3012696,-0.33032167,-0.3313102,-0.33024874,-0.24135688,-0.30164802,-0.33067775,-0.33074868,-0.33030474,-0.24142691,-0.3013531,-0.33052048,-0.33078712,-0.3300242,-0.24123038,-0.30105072,-0.3002795,-0.3328914,-0.33220905,-0.24138767,-0.30590335,-0.33037817,-0.33098823,-0.29807714,-0.24127689,-0.3011124,-0.33032185,-0.33035886,-0.3304544,-0.24125117,-0.3012175,-0.33067024,-0.33037868,-0.33487758,-0.24123557,-0.301288,-0.3309397,-0.331016,-0.33077684,-0.24115294,-0.30126542,-0.33048335,-0.33083093,-0.33091715,-0.24131894,-0.30100214,-0.33053315,-0.33102167,-0.3308167,-0.24164058,-0.27598393,-0.3272665,-0.330917,-0.29950982,-0.24138585,-0.30138695,-0.3302429,-0.3305389,-0.32943356,-0.24137023,-0.30142736,-0.33081573,-0.3310435,-0.32996565,-0.2414735,-0.31196946,-0.3012926,-0.33007872,-0.3016348
k__Bacteria|p__Firmicutes|c__Clostridia|o__Clostridiales|f__Clostridiaceae|g__Clostridium|s__perfringens,-0.24143465,-0.3014337,-0.3312967,-0.33111942,-0.3322257,-0.24137871,-0.301698,-0.3327108,-0.30034518,-0.32957426,-0.24125303,-0.3015438,-0.3312726,-0.3312734,-0.33127725,-0.24153188,-0.30150402,-0.33108234,-0.33148557,-0.33108672,-0.24140783,-0.3016432,-0.3310242,-0.3316012,-0.33094233,-0.24127509,-0.3017794,-0.33113152,-0.3310433,-0.33097833,-0.2413544,-0.3014979,-0.3311067,-0.3312326,-0.33070493,-0.2414051,-0.30121577,-0.30087358,-0.3328914,-0.33238307,-0.24154761,1.2056496,-0.33104652,-0.330571,-0.29992178,-0.24131815,-0.3015267,-0.33109546,-0.33087188,-0.33124787,-0.24132697,-0.3014898,-0.33119303,-0.33141795,-0.33487758,-0.24135305,-0.30150908,-0.33114114,-0.33133262,-0.33141133,-0.2414681,-0.30159038,-0.33132342,-0.33158916,-0.33177933,-0.24151248,-0.30162326,-0.331178,-0.3316918,-0.33167115,-0.24125624,-0.27598393,-0.32647392,-0.33185005,-0.30042323,-0.24149546,-0.30147094,-0.33118534,-0.33137512,-0.32943356,-0.24141163,-0.30133995,-0.331419,-0.3313622,-0.3309867,-0.24140908,-0.31196946,-0.3015085,-0.33007872,-0.30187315
k__Bacteria|p__Firmicutes|c__Clostridia|o__Clostridiales|f__Clostridiaceae|g__Peptoniphilus|s__asaccharolyticus,-0.24199885,-0.3023166,-0.33198097,-0.33171958,-0.3322257,-0.24182521,-0.30182207,-0.3327108,-0.3015741,-0.3309184,-0.24203774,-0.3025458,-0.33234048,-0.33228272,-0.3320852,-0.24202688,-0.30208838,-0.33228347,-0.3321777,-0.3319689,-0.24171397,-0.3021046,-0.3317778,-0.33236128,-0.33190066,-0.24203543,-0.30249742,-0.33197075,-0.331742,-0.3317197,-0.24205537,-0.30209124,-0.33165696,-0.33215338,-0.33178115,-0.24186505,-0.3020786,-0.30208093,-0.3328914,-0.33252436,-0.24221379,-0.30590335,-0.33228558,-0.33243722,-0.30113465,-0.24200621,-0.3019619,-0.33184063,-0.33160055,-0.3317489,-0.24185163,-0.30210882,-0.33200872,-0.33163223,-0.33487758,-0.24185528,-0.3022911,-0.33235556,-0.3321842,-0.33194596,-0.24190885,-0.3019675,-0.33203194,-0.33168304,-0.33197582,-0.24211203,-0.3019088,-0.33212578,-0.33205926,-0.33220845,-0.24176845,-0.27598393,-0.33076304,-0.3320778,-0.3019759,-0.24207583,-0.3022961,-0.33166885,-0.33183157,-0.32943356,-0.24209379,-0.30231407,-0.33207572,-0.33197778,-0.33159876,-0.24224184,-0.31196946,-0.30210888,-0.33007872,-0.3020955
k__Bacteria|p__Firmicutes|c__Bacilli|o__Bacillales|f__Staphylococcaceae|g__Staphylococcus|s__unclassified,-0.2418291,-0.30136764,-0.33171755,-0.33101562,-0.3322257,-0.2416122,-0.30184007,-0.3327108,-0.30096126,-0.32985038,-0.24153213,-0.3019954,-0.33142066,-0.3314011,-0.33150277,-0.24174541,-0.30176297,-0.3312493,-0.3314767,-0.3312706,-0.24163967,-0.30174786,-0.33116347,-0.33174264,-0.33110532,-0.24164544,-0.3022514,-0.33133987,-0.33106458,-0.33107483,-0.24168566,-0.30167562,-0.33120042,-0.3313446,-0.33082604,-0.24169019,-0.30144274,-0.30109775,-0.3328914,-0.33248323,-0.24196209,-0.30590335,-0.33126667,-0.33107057,-0.30006313,-0.2416803,-0.30167913,-0.33106914,-0.33078113,-0.33133048,-0.24154888,-0.30173695,-0.33125162,-0.33133033,-0.33487758,-0.24186856,-0.3019446,-0.33140063,-0.3314991,-0.3315736,-0.2418567,-0.30155063,-0.33161336,-0.33144042,-0.3319079,-0.24183407,-0.30169153,-0.33128852,-0.33169347,-0.3319601,-0.24181491,1.331141,-0.32699826,-0.33263052,-0.300871,-0.24189661,-0.30157605,-0.3313139,-0.33144438,-0.32943356,-0.24157202,-0.30178016,-0.33170494,-0.33127347,-0.33111247,-0.24191658,-0.31196946,-0.30149102,-0.33007872,-0.30188996
k__Bacteria|p__Firmicutes|c__Bacilli|o__Lactobacillales|f__unclassified|g__unclassified|s__unclassified,-0.24208969,-0.30221844,-0.33216304,-0.3318271,-0.3322257,-0.24196112,-0.3021899,-0.3327108,-0.30174315,-0.3310756,-0.24187198,-0.3023727,-0.33223242,-0.3320467,-0.33206496,-0.24196176,-0.3021254,-0.33196366,-0.33216852,-0.33192208,-0.24188232,-0.30227995,-0.33193344,-0.33235037,-0.33177954,-0.24188921,-0.30252707,-0.3321038,-0.33195895,-0.33175737,-0.24193229,-0.30221257,-0.33191842,-0.33200818,-0.33169174,-0.24192125,-0.3020382,-0.3019105,-0.3328914,-0.33270144,-0.24207084,-0.30590335,-0.33223736,-0.33195752,-0.30121595,-0.24186736,-0.30212837,-0.3319108,-0.3316976,-0.33198792,-0.24185419,-0.30217987,-0.33192444,-0.3318501,-0.33487758,-0.24197197,-0.3022999,-0.33219442,-0.33211595,-0.33205712,-0.24201447,-0.3021273,-0.33199966,-0.33199978,-0.3322622,-0.24203658,-0.30224478,-0.33200955,-0.33230007,-0.33238775,-0.24242955,-0.27598393,-0.32941243,-0.3324473,-0.30199522,-0.24215004,-0.30222595,-0.33191422,-0.332035,-0.32943356,-0.24193746,-0.3021971,-0.3322541,-0.33200288,-0.3318019,-0.24204402,-0.31196946,-0.3021082,-0.33007872,-0.3022591
k__Bacteria|p__Firmicutes|c__Bacilli|o__Lactobacillales|f__Leuconostocaceae|g__Leuconostoc|s__unclassified,-0.24175775,-0.30129728,-0.33134326,-0.33058533,-0.3322257,-0.24143514,-0.3014937,-0.3327108,-0.3004079,-0.3290187,-0.24151687,-0.302096,-0.33132508,-0.33121562,-0.33112085,-0.24162304,-0.3012917,-0.3310433,-0.33128485,-0.33088756,-0.24142712,-0.3014027,-0.3307611,-0.33153415,-0.3307227,-0.24145007,-0.30197316,-0.33103603,-0.33078137,-0.33050668,-0.2415371,-0.3014148,-0.33088592,-0.33104008,-0.33049446,-0.24150819,-0.3011818,-0.30084878,-0.3328914,-0.3320933,-0.24209931,-0.30590335,-0.3310634,-0.33082318,-0.29966128,-0.24160898,-0.3012433,-0.33075005,-0.33056042,-0.33096337,-0.24132535,-0.30121392,-0.3308556,-0.33076438,-0.33487758,-0.24162789,-0.30157584,-0.33128926,-0.33122075,-0.33105057,-0.24163073,-0.3012339,-0.33125833,-0.33083147,-0.3314581,-0.24171025,-0.3012454,-0.331032,-0.33109182,-0.33138555,-0.24101134,-0.27598393,-0.32702053,-0.33167267,-0.30003846,-0.24174732,-0.301272,-0.3309095,-0.33088264,-0.32943356,-0.2414234,-0.30148858,-0.33135146,-0.33087647,-0.33066213,-0.24190848,-0.31196946,-0.3012161,-0.33007872,-0.30149868
k__Bacteria|p__Firmicutes|c__Clostridia|o__Clostridiales|f__Lachnospiraceae|g__Blautia|s__obeum,-0.24197671,-0.30238995,-0.33244538,-0.33251435,-0.3322257,-0.24203305,-0.30237865,-0.3327108,-0.3026581,-0.33279788,-0.24204005,-0.30238634,-0.33243293,-0.33247024,-0.3324796,-0.24202937,-0.30243856,-0.33250105,-0.3323729,-0.33245784,-0.24201742,-0.30238307,-0.33247238,-0.33239526,-0.33251595,-0.24206634,-0.30232385,-0.33246672,-0.3324201,-0.3325297,-0.24204859,-0.30237788,-0.33250162,-0.33241254,-0.33252323,-0.24202335,-0.30239856,-0.30255735,-0.3328914,-0.33226216,-0.2419945,-0.30590335,-0.33238614,-0.3325038,-0.3027075,-0.24209331,-0.30239505,-0.33251315,-0.3325178,-0.33242893,-0.24199766,-0.3023603,-0.33243543,-0.33253014,-0.33487758,-0.24199732,-0.3024445,-0.33238465,-0.33242804,-0.33237305,-0.24201542,-0.30240375,-0.33240426,-0.33245885,-0.3323154,-0.24201183,-0.30232644,-0.3324703,-0.33239818,-0.33234912,-0.24211338,-0.27598393,-0.3333804,-0.33249438,-0.30245957,-0.24194911,-0.30243677,-0.3325014,-0.33245438,-0.32943356,-0.24198675,-0.30247223,-0.33236855,-0.33244336,-0.33251607,-0.2419644,-0.31196946,-0.30246118,-0.33007872,-0.30231896
k__Bacteria|p__Firmicutes|c__Clostridia|o__Clostridiales|f__Lachnospiraceae|g__Coprococcus|s__eutactus,-0.24182428,-0.30211186,-0.33209717,-0.33217973,-0.3322257,-0.2418052,-0.3022065,-0.3327108,-0.30203784,-0.33155173,-0.2418128,-0.30227798,-0.33212322,-0.33215106,-0.3322275,-0.24168444,-0.30219463,-0.3319859,-0.33219355,-0.33196732,-0.241735,-0.30227625,-0.33200622,-0.3323857,-0.33189958,-0.24191713,-0.3024422,-0.3321594,-0.3320747,-0.33203727,-0.24187514,-0.3021757,-0.33215433,-0.33223164,-0.33188617,-0.24179858,-0.30231097,-0.30187482,-0.3328914,-0.33253816,-0.24163085,-0.30590335,-0.33178508,-0.3322187,-0.30102205,-0.24178104,-0.30233788,-0.33202288,-0.33199996,-0.3320591,-0.2417486,-0.30233097,-0.33215225,-0.33184025,-0.33487758,-0.24182901,-0.30247793,-0.33220273,-0.33229783,-0.3321073,-0.24185906,-0.30207208,-0.33196983,-0.33219108,-0.3320701,-0.24189213,-0.3022836,-0.3319268,-0.3325436,-0.33215332,-0.24293888,-0.27598393,-0.3309636,-0.33276623,-0.301656,-0.24186346,-0.3021962,-0.33216417,-0.33228254,-0.32943356,-0.24174425,-0.30241,-0.3321549,-0.33228278,-0.33194995,-0.24183467,-0.31196946,-0.30212522,-0.33007872,-0.30232316
k__Bacteria|p__Firmicutes|c__Bacilli|o__Lactobacillales|f__Lactobacillaceae|g__unclassified|s__unclassified,-0.24193151,-0.3018735,-0.33147728,-0.33108574,-0.3322257,-0.24174315,-0.30199194,-0.3327108,-0.3003924,-0.32936466,-0.241676,-0.30210745,-0.33160293,-0.33135813,-0.3313575,-0.24187806,-0.301575,-0.3312789,-0.33166018,-0.33121943,-0.2416983,-0.30190134,-0.33113128,-0.331887,-0.33091688,-0.24163428,-0.302275,-0.33137324,-0.33115816,-0.3309104,-0.24172917,-0.3018329,-0.3312803,-0.3313177,-0.3306933,-0.24165156,-0.30144572,-0.30092996,-0.3328914,-0.33264846,-0.24212712,-0.30590335,-0.33131433,-0.33103377,-0.29973894,-0.24163875,-0.30165493,-0.33106345,-0.33081427,-0.33141738,-0.24159732,-0.30163988,-0.33117744,-0.3310278,-0.33487758,-0.2417725,-0.3018158,-0.33161235,-0.3314047,-0.33156013,-0.241837,-0.30173713,-0.33142918,-0.33140826,-0.33204824,-0.24185258,-0.30171221,-0.33137405,-0.3316731,-0.33199203,-0.24173412,-0.27598393,-0.3262826,-0.33136255,-0.3007493,-0.2419737,-0.30165708,-0.33114058,-0.33129597,-0.32943356,-0.2417205,-0.30173096,-0.3316199,-0.33133584,-0.33090705,-0.24194597,-0.31196946,-0.3016208,-0.33007872,-0.30213016
k__Bacteria|p__Firmicutes|c__Erysipelotrichi|o__Erysipelotrichales|f__Erysipelotrichaceae|g__[Eubacterium]|s__biforme,-0.24174929,-0.30182362,-0.33144304,-0.33111992,-0.3322257,-0.24163367,-0.30162913,-0.3327108,-0.30069178,-0.32907742,-0.24161229,-0.30196056,-0.3315008,-0.33155996,-0.33143684,-0.24171144,-0.30170593,-0.33153108,-0.3317043,-0.33138013,-0.24155916,-0.30190158,-0.33124024,-0.33189112,-0.33118314,-0.24159767,-0.30216086,-0.33143035,-0.33134207,-0.33118033,-0.2417311,-0.30180743,-0.33115256,-0.33145666,-0.33094326,-0.24168472,-0.3015105,-0.30134243,-0.3328914,-0.33272958,-0.24196488,-0.30590335,-0.33158624,-0.33138457,-0.3001211,-0.24161035,-0.30156228,-0.33117884,-0.331054,-0.3313643,-0.24167712,-0.30174512,-0.33132577,-0.3315636,-0.33487758,-0.24168366,-0.3018719,-0.3314498,-0.33145064,-0.33166575,-0.24168414,-0.30175737,-0.33155185,-0.33167088,-0.3320704,-0.24178302,-0.3016829,-0.33156693,-0.33184814,-0.33209237,-0.24121562,-0.27598393,-0.32658213,-0.33216846,-0.3012639,-0.24182963,-0.3018266,-0.3311826,-0.33143044,-0.32943356,-0.24183446,-0.30181083,-0.33172214,-0.33150658,-0.33119518,-0.24180827,-0.31196946,-0.30180764,-0.33007872,-0.3021281
k__Bacteria|p__Firmicutes|c__Clostridia|o__Clostridiales|f__Veillonellaceae|g__Dialister|s__invisus,-0.24226016,-0.3025911,-0.33248848,-0.33246857,-0.3322257,-0.2422311,-0.30256766,-0.3327108,-0.30243888,-0.33216894,-0.24230939,-0.30273288,-0.33249706,-0.33253267,-0.33242822,-0.2422266,-0.30251122,-0.33250296,-0.33246517,-0.3324263,-0.24218825,-0.30249196,-0.33240938,-0.33253765,-0.3324206,-0.24228925,-0.30261183,-0.332458,-0.33241737,-0.33243066,-0.24227801,-0.30254817,-0.33245856,-0.332469,-0.33240312,-0.24219166,-0.30249423,-0.30245927,-0.3328914,-0.33248013,-0.24232143,-0.30590335,-0.3322292,-0.33262503,-0.30210835,-0.24233706,-0.30249617,-0.33237588,-0.33241853,-0.33241147,-0.24216412,-0.30244866,-0.33243388,-0.3323455,-0.33487758,-0.24224164,-0.3025974,-0.33255067,-0.3325016,-0.3324424,-0.24218976,-0.30248415,-0.33245957,-0.33236408,-0.3323328,-0.24221155,-0.3023628,-0.33246782,-0.33236378,-0.33239093,-0.24199109,-0.27598393,-0.3331306,-0.33235043,-0.30223274,-0.24215814,-0.30257475,-0.33239228,-0.3323761,-0.32943356,-0.24216574,-0.30270946,-0.3324098,-0.33246776,-0.3323539,-0.24227297,-0.31196946,-0.30249324,-0.33007872,-0.3025305
k__Bacteria|p__Firmicutes|c__Clostridia|o__Clostridiales|f__Veillonellaceae|g__Phascolarctobacterium|s__unclassified,-0.24180037,-0.3015082,-0.33159742,-0.33137733,-0.3322257,-0.24163608,-0.30205804,-0.3327108,-0.3005737,-0.3299546,-0.24169251,-0.30210018,-0.33145052,-0.33156604,-0.33155173,-0.241869,-0.301771,-0.33128655,-0.33172977,-0.331358,-0.2417193,-0.30173966,-0.33117163,-0.33176702,-0.33130878,-0.24176186,-0.3020851,-0.33130765,-0.3313055,-0.33121005,-0.2416425,-0.30175257,-0.33126014,-0.331636,-0.331007,-0.24169032,-0.30171138,-0.30097878,-0.3328914,-0.33250862,-0.24197784,-0.30590335,-0.3311315,-0.33094293,-0.30021724,-0.24169804,-0.30178505,-0.33122852,-0.33113167,-0.33150294,-0.2415319,-0.30170137,-0.3314786,-0.33202568,-0.33487758,-0.24181959,-0.301737,-0.33141002,-0.33183718,-0.3316922,-0.24181557,-0.30171537,-0.33171362,-0.33150953,-0.3319189,-0.24178074,-0.3017906,-0.3311355,-0.33154166,-0.33176476,-0.2403987,-0.27598393,-0.32948342,-0.33237758,-0.3002385,-0.24179165,-0.30152535,-0.33139664,-0.33144164,-0.32943356,-0.24158454,-0.301582,-0.33169937,-0.33143258,-0.33131242,-0.24190944,-0.31196946,-0.3015532,-0.33007872,-0.30209154
k__Bacteria|p__Firmicutes|c__Bacilli|o__Lactobacillales|f__Lactobacillaceae|g__Pediococcus|s__unclassified,-0.24159667,-0.3018391,-0.33166707,-0.3315013,-0.3322257,-0.24147037,-0.3018318,-0.3327108,-0.30123806,-0.33046502,-0.2415469,-0.30208296,-0.3316779,-0.3318094,-0.33164388,-0.24153788,-0.30189246,-0.3315568,-0.33192995,-0.33171272,-0.24147782,-0.3018633,-0.3314841,-0.33181992,-0.33156115,-0.241572,-0.30212134,-0.33153597,-0.33164358,-0.3313915,-0.2414732,-0.3019187,-0.33129293,-0.3318436,-0.33146217,-0.24147739,-0.3019352,-0.30149478,-0.3328914,-0.3322546,-0.24170502,-0.30590335,-0.33178574,-0.33168787,-0.3007132,-0.24149485,-0.30180764,-0.33142123,-0.33144608,-0.331585,-0.24149826,-0.3018437,-0.33150974,-0.33165234,-0.33487758,-0.24156691,-0.3018149,-0.3316737,-0.33188567,-0.33174682,-0.24152708,-0.30180752,-0.33178756,-0.3315269,-0.3317818,-0.24155408,-0.30191404,-0.33152688,-0.33168608,-0.33200747,-0.24070212,-0.27598393,-0.33125025,-0.3319565,-0.3008294,-0.24162082,-0.30185163,-0.33135086,-0.3316564,-0.32943356,-0.24158132,-0.30179727,-0.3317578,-0.3315453,-0.3314702,-0.24169177,-0.31196946,-0.3016253,-0.33007872,-0.30207622
k__Bacteria|p__Firmicutes|c__Bacilli|o__Lactobacillales|f__Enterococcaceae|g__unclassified|s__unclassified,-0.24209774,-0.30218768,-0.33230197,-0.3318113,-0.3322257,-0.24197668,-0.30215952,-0.3327108,-0.3019834,-0.3312899,-0.24189153,-0.30245984,-0.33218253,-0.33213943,-0.3320459,-0.24192426,-0.30221906,-0.33195347,-0.33222234,-0.33202487,-0.24188027,-0.30223882,-0.3320172,-0.33225024,-0.33195204,-0.24190904,-0.30253178,-0.3321568,-0.33208266,-0.33184925,-0.24191456,-0.30226177,-0.33185482,-0.33210015,-0.33193073,-0.2419396,-0.3021267,-0.30210015,-0.3328914,-0.3324851,-0.24201688,-0.30590335,-0.33234724,-0.3320877,-0.30146778,-0.24193084,-0.30217063,-0.3319401,-0.33184767,-0.33198106,-0.24188903,-0.30219132,-0.33210477,-0.3318729,-0.33487758,-0.24201079,-0.30224574,-0.33219892,-0.3322566,-0.33206704,-0.24197167,-0.30214387,-0.33215338,-0.33190006,-0.3320353,-0.24199969,-0.30228865,-0.33197305,-0.3321436,-0.33224007,-0.2420097,-0.27598393,-0.33102968,-0.33274734,-0.3019847,-0.24210268,-0.3022983,-0.33193982,-0.3320374,-0.32943356,-0.24190563,-0.30222803,-0.33230865,-0.33201113,-0.33191973,-0.2420904,-0.31196946,-0.3020916,-0.33007872,-0.30220163
k__Bacteria|p__Firmicutes|c__Erysipelotrichi|o__Erysipelotrichales|f__[Coprobacillaceae]|g__Catenibacterium|s__unclassified,-0.24146397,-0.30139315,-0.3312471,-0.33085275,-0.3322257,-0.24131995,-0.30148378,-0.3327108,-0.30040982,-0.3292302,-0.24134648,-0.30170673,-0.33124942,-0.3312754,-0.3313256,-0.24158275,-0.30155247,-0.33122462,-0.33140814,-0.33110255,-0.2413073,-0.30162394,-0.33086902,-0.33170277,-0.33093873,-0.24141422,-0.30195928,-0.3310225,-0.33073524,-0.3308648,-0.24141267,-0.30149114,-0.33084387,-0.33121663,-0.3305096,-0.24133998,-0.3011355,-0.30080575,-0.3328914,-0.33260378,-0.24183126,-0.30590335,-0.33098334,-0.3308642,-0.29953742,-0.24140547,-0.30134013,-0.3308866,-0.33053,-0.3311371,-0.24123666,-0.30129534,-0.3309585,-0.33121374,-0.33487758,-0.24142784,-0.30169845,-0.33112952,-0.3311856,-0.3313955,-0.24151686,-0.30139014,-0.3313285,-0.33137837,-0.33186132,-0.2415359,-0.30129015,-0.33122104,-0.33165413,-0.33218068,-0.24114178,-0.27598393,-0.3263182,-0.33204398,-0.3003183,-0.2414948,-0.3014778,-0.33084482,-0.331263,-0.32943356,-0.24148661,-0.30156702,-0.3313135,-0.33109272,-0.330902,-0.24147117,-0.31196946,-0.30128482,-0.33007872,-0.3019508
k__Bacteria|p__Firmicutes|c__Clostridia|o__Coriobacteriales|f__Coriobacteriaceae|g__Collinsella|s__aerofaciens,-0.24145317,-0.30111554,-0.33105218,-0.33081537,-0.3322257,-0.2413885,-0.30146432,-0.3327108,-0.3004666,-0.32892317,-0.24139845,-0.30150568,-0.33108985,-0.33107698,-0.33127713,-0.24146527,-0.3013452,-0.33078504,-0.33114707,-0.33079356,-0.24137035,-0.3014203,-0.33071855,-0.33141154,-0.3306604,-0.24149624,-0.30168438,-0.33094478,-0.33078307,-0.33065253,-0.24148846,-0.30130842,-0.33088833,-0.33100212,-0.330433,-0.24145852,-0.3012799,-0.30055228,-0.3328914,-0.33225134,-0.24165094,-0.30590335,-0.33074543,-0.33067456,-0.29926443,-0.24144429,-0.30136004,-0.3307699,-0.33065546,-0.33098763,-0.2413254,-0.30130073,-0.33070266,-0.33083344,-0.33487758,-0.24151252,-0.30160218,-0.33082065,-0.3310486,-0.33095947,-0.24158153,-0.30112255,-0.330889,-0.33116204,-0.33153847,-0.24166614,-0.30138797,-0.33082327,-0.33148187,-0.33144423,-0.24246347,-0.27598393,-0.32637143,-0.33213228,-0.29992634,-0.24162951,-0.3011698,-0.3310008,-0.33122194,-0.32943356,-0.24140453,-0.3013532,-0.33102915,-0.33105403,-0.33073717,-0.24149576,-0.31196946,-0.30119646,-0.33007872,-0.30165917
k__Bacteria|p__Firmicutes|c__Clostridia|o__Clostridiales|f__Ruminococcaceae|g__Ruminococcus|s__bromii,-0.24174112,-0.30204284,-0.3313446,-0.3316211,-0.3322257,-0.24178687,-0.3020574,-0.3327108,-0.30036235,-0.32878244,-0.2418094,-0.3021294,-0.33138412,-0.33171844,-0.3315035,-0.24181595,-0.30185485,-0.3313939,-0.33191872,-0.3314737,-0.24168496,-0.301983,-0.3312232,-0.331907,-0.33127415,-0.24185714,-0.30219135,-0.3314386,-0.33158144,-0.33139965,-0.2418118,-0.3020267,-0.3313438,-0.3316878,-0.33110285,-0.24169117,-0.3018968,-0.30099374,-0.3328914,-0.3329321,-0.24182001,-0.30590335,-0.33110452,-0.33152997,-0.2994318,-0.24175683,-0.30187583,-0.33118576,-0.3313595,-0.33154055,-0.24173427,-0.3018734,-0.33156678,-0.3316276,-0.33487758,-0.24178648,-0.30185175,-0.3314036,-0.33176303,-0.33183652,-0.24168053,-0.30196488,-0.33155534,-0.33181056,-0.33200657,-0.24177667,-0.30182177,-0.3313704,-0.3318472,-0.3318116,-0.24102107,-0.27598393,-0.3290081,-0.33226514,-0.30017805,-0.24176882,-0.30187747,-0.3312807,-0.331576,-0.32943356,-0.24179824,-0.30190736,-0.33155167,-0.3318069,-0.33121514,-0.24186274,-0.31196946,-0.3018914,-0.33007872,-0.30251807
k__Bacteria|p__Firmicutes|c__Bacilli|o__Lactobacillales|f__Lactobacillaceae|g__Lactobacillus|s__zeae,-0.2413669,-0.30151486,-0.3312536,-0.33118135,-0.3322257,-0.24147204,-0.3014391,-0.3327108,-0.300507,-0.32845712,-0.24153456,-0.30152678,-0.33123916,-0.33145648,-0.33129746,-0.24145475,-0.30164468,-0.33123899,-0.33153892,-0.3310796,-0.24132639,-0.30169314,-0.33096728,-0.3317829,-0.33094746,-0.24164318,-0.30180085,-0.3312117,-0.33115166,-0.33107018,-0.24158765,-0.30158168,-0.3307985,-0.33133072,-0.3305642,-0.24143146,-0.3012588,-0.30087852,-0.3328914,-0.33268756,-0.24161974,-0.30590335,-0.33066252,-0.33113772,-0.2989178,-0.24155417,-0.30140972,-0.33098835,-0.3309576,-0.33110356,-0.2413982,-0.30150074,-0.33089072,-0.33186424,-0.33487758,-0.2414147,-0.30178863,-0.3309183,-0.3314271,-0.33129525,-0.24149944,-0.30145755,-0.33112538,-0.33172494,-0.33157468,-0.24148417,-0.30136675,-0.33104998,-0.33183843,-0.33201727,-0.24143903,1.4177644,-0.3287971,-0.33214498,-0.30012923,-0.24136682,-0.30171454,-0.3309508,-0.3314734,-0.32943356,-0.2415236,-0.30183202,-0.33134598,-0.33145794,-0.3310688,-0.24125084,-0.31196946,-0.30155098,-0.33007872,-0.30208248
k__Bacteria|p__Firmicutes|c__Bacilli|o__Gemellales|f__Gemellaceae|g__unclassified|s__unclassified,-0.24184242,-0.3020873,-0.33216262,-0.3318259,-0.3322257,-0.24188311,-0.30219817,-0.3327108,-0.3014589,-0.3311373,-0.24175784,-0.30210453,-0.3319729,-0.3319553,-0.33196428,-0.24201117,-0.30224138,-0.33189332,-0.3321516,-0.33197272,-0.2418409,-0.30220813,-0.33184996,-0.3321065,-0.3319062,-0.24184205,-0.30235487,-0.33198255,-0.3318125,-0.3318642,-0.24182332,-0.3021954,-0.3318287,-0.33193094,-0.33167946,-0.24180679,-0.30192947,-0.3017059,-0.3328914,-0.33273286,-0.24187681,-0.30590335,-0.33202964,-0.33168805,-0.30124706,-0.24177718,-0.30214086,-0.33186027,-0.33164153,-0.33197546,-0.24183089,-0.30216855,-0.3320325,-0.33200583,-0.33487758,-0.24188598,-0.30209044,-0.3318965,-0.33209944,-0.33210683,-0.24195236,-0.3022157,-0.33209574,-0.33211756,-0.33233026,-0.2418566,-0.30214322,-0.33180925,-0.33213058,-0.33241242,-0.24213836,-0.27598393,-0.3298627,-0.33248758,-0.30147272,-0.24196249,-0.30209774,-0.3318308,-0.33200696,-0.32943356,-0.24184304,-0.30204076,-0.33216292,-0.33194798,-0.3318255,-0.24192944,-0.31196946,-0.30212665,-0.33007872,-0.30236948
k__Bacteria|p__Firmicutes|c__Clostridia|o__Clostridiales|f__Veillonellaceae|g__Veillonella|s__unclassified,-0.2416941,-0.30115023,-0.3311035,-0.33077663,-0.3322257,-0.24143772,-0.30167562,0.8218438,-0.30009252,-0.32805008,-0.24144478,-0.30183554,-0.33065322,-0.33094853,-0.33089864,-0.24149744,-0.30151844,-0.33052987,-0.3313001,-0.33063358,-0.24155773,-0.30157116,-0.33046848,-0.3314539,-0.33049828,-0.24140391,-0.30189413,-0.33069423,-0.33079964,-0.33056664,-0.24139798,-0.30157816,-0.33081484,-0.33105505,-0.33017278,-0.24155852,-0.3014028,-0.3002606,-0.3328914,-0.33253103,-0.24166748,-0.30590335,-0.33002478,-0.3300995,-0.29853553,-0.2414934,-0.30159461,-0.33058786,-0.33057642,-0.3310147,-0.2414274,-0.30148017,-0.33090398,-0.33094823,-0.33487758,-0.24175128,-0.30161634,-0.33077997,-0.33125886,-0.33121413,-0.2416442,-0.3014285,-0.33117503,-0.3313481,-0.33153886,-0.24151024,-0.30154312,-0.33047098,-0.33154017,-0.33149344,-0.24119005,-0.27598393,-0.32613268,-0.3323828,-0.29853716,-0.24163073,-0.30119267,-0.3308851,-0.3311484,-0.32943356,-0.24139324,-0.30143195,-0.33126348,-0.33106172,-0.33078712,-0.24167764,-0.31196946,-0.30110025,-0.33007872,-0.30211964
k__Bacteria|p__Firmicutes|c__Bacilli|o__Lactobacillales|f__Lactobacillaceae|g__Lactobacillus|s__unclassified,-0.24151775,-0.3015148,-0.33144718,-0.33127928,-0.3322257,-0.2415441,-0.30182725,0.595375,-0.30084002,-0.3309031,-0.24141186,-0.3017074,-0.33137253,-0.3313501,-0.33140296,-0.24174717,-0.30151942,-0.33142477,-0.33142626,-0.33143842,-0.2415126,-0.30162984,-0.33120936,-0.33153647,-0.33113784,-0.24160951,-0.3019688,-0.331389,-0.33101496,-0.3312408,-0.24157225,-0.30157268,-0.33128285,-0.33126462,-0.33099645,-0.24135481,-0.30128336,-0.30113626,-0.3328914,-0.33198088,-0.24170424,-0.30590335,-0.3312228,-0.33135417,-0.30074716,-0.24156281,-0.30151546,-0.3311128,-0.33084595,-0.3313535,-0.24135956,-0.30156225,-0.33135632,-0.3312205,-0.33487758,-0.24156341,-0.3015513,-0.33141166,-0.3314268,-0.33158946,-0.24166402,-0.30161512,-0.33151838,-0.33133835,-0.33171785,-0.2416128,-0.30139062,-0.33142692,-0.33139485,-0.3316191,-0.2412218,-0.27598393,-0.3295943,-0.33152658,-0.3012666,-0.2415902,-0.30150062,-0.33123454,-0.33127603,-0.32943356,-0.24139696,-0.30165568,-0.33143502,-0.33125287,-0.3309862,-0.24172504,-0.31196946,-0.30157894,-0.33007872,-0.30171305
k__Bacteria|p__Firmicutes|c__Clostridia|o__Coriobacteriales|f__Coriobacteriaceae|g__Slackia|s__unclassified,-0.24165049,-0.3013698,-0.33105344,-0.33042946,0.55627286,-0.24143788,-0.3012426,-0.3327108,-0.2996789,-0.32790443,-0.24153697,-0.30179614,-0.33129045,-0.33109453,-0.33093965,-0.24165133,-0.30106133,-0.33091,-0.33113694,-0.3305739,-0.24128777,-0.30130094,-0.3304832,-0.33157218,-0.33034688,-0.24152222,-0.30178207,-0.3308771,-0.33051693,-0.33029372,-0.24162102,-0.30121028,-0.3304432,-0.33083624,-0.33004653,-0.24140492,-0.30078417,-0.30051732,-0.3328914,-0.3323241,-0.24205907,-0.30590335,-0.3306505,-0.33058968,-0.29840466,-0.2416282,-0.30099136,-0.33053455,-0.33021215,-0.3306901,-0.24126282,-0.3010412,-0.33050483,-0.3307913,-0.33487758,-0.24142434,-0.30145615,-0.33106035,-0.3310346,-0.3307869,-0.24155517,-0.3010013,-0.33083013,-0.33078998,-0.3312292,-0.2417092,-0.3009919,-0.33081943,-0.3311549,-0.33146074,-0.24120629,-0.27598393,-0.32664713,-0.33107036,-0.3000254,-0.241665,-0.30132803,-0.33057746,-0.33077317,-0.32943356,-0.2414755,-0.30140632,-0.33108178,-0.33091366,-0.3303222,-0.24168113,-0.31196946,-0.3011779,-0.33007872,-0.30148536
k__Bacteria|p__Firmicutes|c__Clostridia|o__Clostridiales|f__Lachnospiraceae|g__Blautia|s__producta,-0.24132712,-0.301104,-0.33126402,-0.3313534,-0.3322257,-0.24126126,-0.30168507,0.5661277,-0.30149144,-0.3312205,-0.24128062,-0.3014934,-0.33115762,-0.33122376,-0.33147728,-0.24123934,-0.30141452,-0.331211,-0.33123496,-0.33125967,-0.24138138,-0.30150717,-0.33128783,-0.33142912,-0.33121496,-0.2413548,-0.3015154,-0.33124563,-0.33124346,-0.33127776,-0.24128829,-0.3013761,-0.33143306,-0.33132732,-0.33108032,-0.24135277,-0.3014821,-0.30121356,-0.3328914,-0.3315705,-0.2415011,-0.30590335,-0.3309052,-0.33100533,-0.301243,-0.24130897,-0.30145326,-0.33123994,-0.3313153,-0.33144373,-0.2411756,-0.30131903,-0.33101118,-0.3318591,-0.33487758,-0.2413963,-0.3016647,-0.3310926,-0.33122516,-0.3313961,-0.24142438,-0.3013444,-0.33132482,-0.33150044,-0.3316605,-0.24134903,-0.30146593,-0.33125785,-0.3314885,-0.3315819,-0.24083135,-0.27598393,-0.33014312,-0.33187953,-0.30097997,-0.24123561,-0.3012123,-0.33147818,-0.33143276,-0.32943356,-0.24117377,-0.30150717,-0.33131352,-0.33118653,-0.33149868,-0.24118945,-0.31196946,-0.30130193,-0.33007872,-0.30161917
k__Bacteria|p__Firmicutes|c__Bacilli|o__Lactobacillales|f__Streptococcaceae|g__unclassified|s__unclassified,-0.24204177,-0.30232158,-0.33234167,-0.3321869,-0.3322257,-0.24207243,-0.30236703,-0.3327108,-0.30208576,-0.3310834,-0.24212441,-0.30243433,-0.3324045,-0.33246604,-0.33242798,-0.24203731,-0.30255193,-0.33223101,-0.3324316,-0.3322519,-0.24200076,-0.30244738,-0.33224583,-0.33246338,-0.3322723,-0.24217772,-0.3026011,-0.332281,-0.3322931,-0.33215386,-0.24217738,-0.3023969,-0.33212638,-0.33238393,-0.3321123,-0.24216995,-0.30243653,-0.30219957,-0.3328914,-0.3329215,-0.2421641,-0.30590335,-0.33243224,-0.33240667,-0.30138487,-0.2420761,-0.30241722,-0.33216822,-0.3322081,-0.3321553,-0.24212581,-0.30245674,-0.33212644,-0.3323965,-0.33487758,-0.2420786,-0.30261374,-0.3321747,-0.3323633,-0.332241,-0.24208765,-0.30232942,-0.33222103,-0.3323918,-0.3324604,-0.24222037,-0.30248904,-0.33223748,-0.33250222,-0.3325234,-0.24266385,-0.27598393,-0.33024752,-0.33307683,-0.3019187,-0.24214669,-0.3024809,-0.33218616,-0.33241096,-0.32943356,-0.24217385,-0.3025112,-0.3323175,-0.33235103,-0.33213466,-0.24208724,-0.31196946,-0.30243444,-0.33007872,-0.30255592
k__Bacteria|p__Firmicutes|c__Clostridia|o__Clostridiales|f__Veillonellaceae|g__Selenomonas|s__unclassified,-0.24198484,-0.30210814,-0.33214128,-0.33166915,-0.3322257,-0.24190518,-0.30236095,-0.3327108,-0.30129254,-0.3311492,-0.24194074,-0.30236122,-0.33186173,-0.33186293,-0.33191285,-0.24213573,-0.3023475,-0.33188197,-0.3322127,-0.3318022,-0.24193694,-0.3023673,-0.33175212,-0.33229154,-0.3318842,-0.2418418,-0.30254647,-0.33178926,-0.33149326,-0.33176303,-0.24189407,-0.30228445,-0.33199292,-0.33200616,-0.3314742,-0.24192005,-0.3018883,-0.3014996,-0.3328914,-0.33279,-0.24216822,-0.30590335,-0.33131647,-0.33124354,-0.30076915,-0.24188495,-0.3023362,-0.33181185,-0.33155352,-0.3320138,-0.24185038,-0.3019821,-0.33226365,-0.33143753,-0.33487758,-0.2419366,-0.3023361,-0.3320498,-0.33195567,-0.33215624,-0.24204823,-0.30228567,-0.3322516,-0.33217883,-0.3324042,-0.24195534,-0.30207703,-0.33178937,-0.3322819,-0.33254376,-0.24226412,-0.27598393,-0.32730305,-0.3323143,-0.300585,-0.24187237,-0.30207992,-0.33179814,-0.3319683,-0.32943356,-0.2419489,-0.30229467,-0.3320663,-0.3319406,-0.33176708,-0.24201128,-0.31196946,-0.30203545,-0.33007872,-0.30274045
k__Bacteria|p__Firmicutes|c__Clostridia|o__Clostridiales|f__Veillonellaceae|g__Megamonas|s__unclassified,-0.24122918,-0.30099267,-0.33093685,-0.33072,-0.3322257,-0.24111634,-0.30110687,-0.3327108,-0.30052152,-0.32887644,-0.24135606,-0.30143702,-0.33120364,-0.33112574,-0.33115673,-0.24118564,-0.30116826,-0.3309498,-0.33104226,-0.3305934,-0.24106166,-0.30121544,-0.33062413,-0.33149344,-0.3305837,-0.24137187,-0.30149347,-0.3308355,-0.33064258,-0.33050862,-0.24136913,-0.30105773,-0.33070913,-0.330997,-0.33023608,-0.24126518,-0.30102676,-0.30063885,-0.3328914,-0.3319453,-0.24160698,-0.30590335,-0.33045232,-0.33081624,-0.29911178,-0.2413276,-0.30106986,-0.33072203,-0.3305923,-0.3307128,-0.24104342,-0.3010429,-0.3304652,-0.3311027,-0.33487758,-0.24118054,-0.30163488,-0.33087382,-0.33100832,-0.33070275,-0.24132013,-0.30086708,-0.33070266,-0.33102393,-0.33115765,-0.24144055,-0.30099773,-0.33079678,-0.3313556,-0.33133066,-0.24187472,-0.27598393,-0.32735223,-0.33163494,-0.29996985,-0.24124296,-0.3011588,-0.3308025,-0.33101463,-0.32943356,-0.2412291,-0.3014843,-0.3309374,-0.33095646,-0.33061224,-0.24118498,-0.31196946,-0.30107355,-0.33007872,-0.3013562
k__Bacteria|p__Firmicutes|c__Clostridia|o__Clostridiales|f__Lachnospiraceae|g__Anaerostipes|s__unclassified,-0.24203366,-0.30221558,-0.3323319,-0.33167547,-0.3322257,-0.24194255,-0.3019647,-0.3327108,-0.30179718,-0.3296702,-0.24196255,-0.30255964,-0.33216673,-0.33231312,-0.33189982,-0.24193567,-0.3023088,-0.3322398,-0.33231366,-0.33202785,-0.24186496,-0.3021995,-0.331869,-0.33227587,-0.33190805,-0.24185586,-0.3026069,-0.33213836,-0.33218843,-0.33174872,-0.24199477,-0.3024001,-0.33174235,-0.3319896,-0.3317914,-0.24201776,-0.30208483,-0.30215424,0.605714,-0.3328296,-0.24221408,-0.30590335,-0.33244222,-0.33246753,-0.30140245,-0.24204665,-0.30202305,-0.33182165,-0.33187237,-0.33179447,-0.24205482,-0.3023991,-0.33210596,-0.33195648,-0.33487758,-0.24214086,-0.3021673,-0.33205968,-0.33226562,-0.33207315,-0.24198008,-0.30230582,-0.33228302,-0.33203018,-0.33226174,-0.2420049,-0.30207995,-0.3321501,-0.33199167,-0.33197224,-0.24160857,-0.27598393,-0.32913807,-0.3330808,-0.30178308,-0.242159,-0.3023523,-0.33183223,-0.33185333,-0.32943356,-0.24204192,-0.3023803,-0.33246922,-0.3320409,-0.3317388,-0.24229737,-0.31196946,-0.30237466,-0.33007872,-0.30218595
k__Bacteria|p__Firmicutes|c__Clostridia|o__Clostridiales|f__Clostridiaceae|g__unclassified|s__unclassified,-0.24069843,-0.30057973,-0.33024096,-0.32995448,-0.3322257,-0.24061158,-0.30067483,0.5557733,-0.29933736,-0.32787213,-0.24068591,-0.30085742,-0.33033544,-0.33030808,-0.33027798,-0.240764,-0.30061784,-0.3301079,-0.33053565,-0.3300172,-0.2405701,-0.30070686,-0.32987124,-0.3306622,-0.32989526,-0.24067211,-0.3010366,-0.33010712,-0.3299794,-0.3297873,-0.2406941,-0.30066732,-0.33002764,-0.33026943,-0.3295782,-0.24064451,-0.30049264,-0.2997535,-0.3328914,-0.33154976,-0.24092585,1.0146612,-0.33001623,-0.32995504,-0.29842782,-0.24059507,-0.30059665,-0.32991874,-0.32978103,-0.33012903,-0.24059477,-0.30057955,-0.33011222,-0.32992083,-0.33487758,-0.24069025,-0.3007399,-0.3302247,-0.33034605,-0.33027002,-0.24075408,-0.30055317,-0.33021963,-0.3303177,-0.3307718,-0.24081011,-0.3005716,-0.33002585,-0.33056086,-0.3306655,-0.24115257,-0.27598393,-0.32526147,-0.3308592,-0.29901642,-0.24083588,-0.30049163,-0.3299715,-0.33021972,-0.32943356,-0.24072273,-0.3006245,-0.33034462,-0.3302456,-0.3297754,-0.24084899,-0.31196946,-0.30051598,-0.33007872,-0.30103427
k__Bacteria|p__Firmicutes|c__Clostridia|o__Clostridiales|f__Lachnospiraceae|g__Lachnobacterium|s__unclassified,-0.24170429,-0.3016643,-0.33139104,-0.3310076,-0.3322257,-0.24157934,-0.30171317,-0.3327108,-0.30068588,-0.32963514,-0.24153952,-0.30197975,-0.33133212,-0.3313427,-0.33129382,-0.24172688,-0.30163777,-0.33132362,-0.3315649,-0.3312919,-0.24152997,-0.30177736,-0.33105767,-0.33169,-0.33104777,-0.24156587,-0.30217892,-0.33126718,-0.33103678,-0.33098593,-0.24159437,-0.3017584,-0.3311528,-0.3312888,-0.33079088,-0.24150623,-0.3014329,-0.3010375,-0.3328914,-0.33243817,-0.2419123,-0.30590335,-0.33128983,-0.33126342,-0.3000936,-0.24155027,-0.30154312,-0.33097962,-0.3307804,-0.3312785,-0.2414904,-0.30155453,-0.33125174,-0.3309272,-0.33487758,-0.24168447,-0.30173886,-0.33141327,-0.33135456,-0.33154142,-0.24169068,-0.30167425,-0.33148724,-0.33133423,-0.33187887,-0.24166912,-0.301489,-0.33133557,-0.33153915,-0.33191174,-0.24146378,-0.27598393,-0.32722884,-0.3318817,-0.3005835,-0.24175361,-0.3015871,-0.33099622,-0.33121938,-0.32943356,-0.2416129,-0.30174854,-0.3315062,-0.33117962,-0.33093444,-0.24185011,-0.31196946,-0.30152607,-0.33007872,-0.30201316
k__Bacteria|p__Firmicutes|c__Erysipelotrichi|o__Erysipelotrichales|f__[Coprobacillaceae]|g__Coprobacillus|s__unclassified,-0.24204706,-0.30213302,-0.33206272,-0.331863,-0.3322257,-0.24200545,-0.30220824,-0.3327108,-0.3016743,-0.33125192,-0.24200672,-0.3022975,-0.33203745,-0.3320276,-0.33195755,-0.2421096,-0.30216998,-0.33197576,-0.33205816,-0.33191374,-0.24199274,-0.3021559,-0.33185267,-0.33211035,-0.33187753,-0.24200617,-0.30232036,-0.3319317,-0.33182323,-0.33182305,-0.2420376,-0.30215123,-0.3319131,-0.33193684,-0.33173573,-0.24200895,-0.3020004,-0.3019116,-0.3328914,-0.33240074,-0.24217,-0.30590335,-0.3319083,-0.33183712,-0.30148196,-0.24204513,-0.30211115,-0.33186468,-0.3317557,-0.33190715,-0.24196568,-0.30210793,-0.33193207,-0.3319595,0.61477953,-0.24202085,-0.30218357,-0.33199364,-0.3320319,-0.3319978,-0.24204847,-0.30216974,-0.33203542,-0.33199382,-0.33212915,-0.24206263,-0.3020653,-0.33194894,-0.33199197,-0.33209562,-0.24190052,-0.27598393,-0.33044505,-0.3321563,-0.30157948,-0.24205437,-0.30213714,-0.33188128,-0.33191,-0.32943356,-0.24199572,-0.30217528,-0.3320459,-0.33194232,-0.33178228,-0.24211943,-0.31196946,-0.30215758,-0.33007872,-0.3022249
k__Bacteria|p__Firmicutes|c__Clostridia|o__Clostridiales|f__Veillonellaceae|g__Veillonella|s__parvula,-0.1486595,-0.18529853,-0.20356378,-0.20373595,-0.3322257,-0.1486232,-0.18569162,-0.3327108,-0.18471175,-0.20215315,-0.14856869,-0.18560037,-0.20354088,-0.20371687,-0.20389691,-0.14871575,-0.18552586,-0.20353837,-0.20389178,-0.20358261,-0.14868106,-0.18564375,-0.20343009,-0.20403112,-0.203448,-0.1486462,-0.1857914,-0.20357867,-0.20358002,-0.20353389,-0.14862132,-0.18554893,-0.20377547,-0.2037673,-0.20327875,-0.1486813,-0.18558046,-0.18478477,0.6026717,-0.20483316,-0.14871264,1.037157,-0.20337938,-0.20337778,-0.18415919,-0.14857951,-0.1856155,-0.2035453,-0.2035023,-0.20378944,-0.14858282,-0.18554246,-0.20375606,-0.20362663,-0.33487758,-0.1487725,-0.18560761,-0.20350304,-0.20378157,-0.20391443,-0.14878362,-0.185535,-0.2037331,-0.20403518,-0.2043502,-0.14881152,-0.18561117,-0.20359904,-0.20423234,-0.2039257,-0.1490763,1.3332514,-0.19903445,-0.205053,-0.18416318,-0.14880414,-0.1852847,-0.20377225,-0.20389456,0.6946802,-0.14866316,-0.18540627,-0.20375474,-0.20381851,-0.20354891,-0.14875136,-0.31196946,-0.18544768,-0.33007872,-0.18593194
k__Bacteria|p__Firmicutes|c__Erysipelotrichi|o__Erysipelotrichales|f__Erysipelotrichaceae|g__Holdemania|s__unclassified,-0.24230534,-0.30234635,-0.3322661,-0.33187976,-0.3322257,-0.24216413,-0.3023978,-0.3327108,-0.30151778,-0.33066255,-0.24213028,-0.30261135,-0.33223158,-0.33221152,-0.33214688,-0.24234807,-0.3023343,-0.33215123,-0.33231112,-0.33205912,-0.24217007,-0.30242252,-0.33191112,-0.33247024,-0.3318912,-0.24211727,-0.30268925,-0.33206463,-0.33187965,-0.33184507,-0.2421917,-0.3023826,-0.3319548,-0.33208448,-0.33168834,-0.2421654,-0.30206546,-0.3019253,-0.3328914,-0.3330294,-0.24252176,-0.30590335,-0.33207017,-0.33183363,-0.30107707,-0.24223968,-0.30224812,-0.33194727,-0.33170658,-0.33209842,-0.24210763,-0.30226246,-0.3320241,-0.33201304,-0.33487758,-0.24223316,-0.30239516,-0.33217946,-0.3321822,-0.33224708,-0.24227813,-0.3023529,-0.33228698,-0.33221585,-0.33253813,-0.24229683,-0.30224496,-0.3321958,-0.33234763,-0.33258307,-0.24186751,-0.27598393,-0.32869703,-0.33250248,-0.3014611,-0.24232519,-0.30234903,-0.3319702,-0.33212084,-0.32943356,-0.24221456,-0.3023517,-0.3323064,-0.33209008,-0.3318696,-0.24235734,-0.31196946,-0.3022791,0.6203224,-0.30256015
k__Bacteria|p__Firmicutes|c__Bacilli|o__Lactobacillales|f__Streptococcaceae|g__Lactococcus|s__unclassified,-0.2412307,-0.30097264,-0.33103102,-0.3305909,0.55627286,-0.24106447,-0.30119342,0.5561854,-0.30043522,-0.32957727,-0.24102888,-0.30137536,-0.33085173,-0.3308539,-0.33079702,-0.24113593,-0.301157,-0.33065763,-0.33100736,-0.33073062,-0.24107938,-0.30114257,-0.33063453,-0.3310241,-0.33063853,-0.24106039,-0.30147105,-0.33078265,-0.33075002,-0.3305421,-0.24105993,-0.30115896,-0.33064622,-0.33086175,-0.3304767,-0.24112013,-0.3010859,-0.30067676,-0.3328914,-0.33157462,-0.24122241,-0.30590335,-0.33088982,-0.33056924,-0.29997444,-0.24102873,-0.30113667,-0.33061564,-0.33049992,-0.3307634,-0.24106145,-0.30122632,-0.3307901,-0.33088368,-0.33487758,-0.24122159,-0.3011737,-0.3308701,-0.3310668,-0.330926,-0.24119502,-0.30109954,-0.33097923,-0.33079654,-0.3311036,-0.24115658,-0.3012331,-0.3305868,-0.33092812,-0.33108228,-0.24091308,-0.27598393,-0.32862905,-0.3315465,-0.30024332,-0.2413055,-0.30101794,-0.33072042,-0.33078858,-0.32943356,-0.24104771,-0.3010481,-0.3311329,-0.33074814,-0.33062768,-0.24134487,-0.31196946,-0.30100167,-0.33007872,-0.30126563
k__Bacteria|p__Firmicutes|c__Clostridia|o__Clostridiales|f__Clostridiaceae|g__Clostridium|s__unclassified,-0.24078889,-0.30031806,-0.33012322,-0.32986107,-0.3322257,-0.24069461,-0.30054125,0.5543296,-0.2997538,-0.32789782,-0.24089395,-0.30086786,-0.33016333,-0.33025515,-0.33024287,-0.24071205,-0.3006134,-0.32994628,-0.33032677,-0.329888,-0.24061932,-0.30054662,-0.32977843,-0.33048064,-0.3298669,-0.24095097,-0.30098566,-0.33000165,-0.3299689,-0.32971287,-0.24084607,-0.30056345,-0.32983524,-0.33026576,-0.3295753,-0.24078616,-0.30065316,-0.2997951,-0.3328914,-0.3311898,-0.24098608,1.0339742,-0.32982197,-0.33022505,-0.29843658,-0.24076268,-0.30054396,-0.3297372,-0.32979202,-0.32991666,-0.24066588,-0.30053002,-0.32993627,-0.32997376,-0.33487758,-0.2408892,-0.30082563,-0.3300375,-0.33032572,-0.33005285,-0.24084911,-0.3002988,-0.3300349,-0.33001247,-0.33038098,-0.24092403,-0.30048797,-0.32975936,-0.33032215,-0.33035567,-0.24126802,-0.27598393,-0.32711574,-0.33134082,-0.29909113,-0.24088754,-0.30040666,-0.3298663,-0.330093,-0.32943356,-0.24076077,-0.3007319,-0.33016968,-0.33006877,-0.32974043,-0.24094379,-0.31196946,-0.30033535,-0.33007872,-0.30084834
k__Bacteria|p__Firmicutes|c__Bacilli|o__Turicibacterales|f__Turicibacteraceae|g__Turicibacter|s__unclassified,-0.24181272,-0.30235517,-0.33187804,-0.33198068,-0.3322257,-0.2418143,-0.30209017,-0.3327108,-0.30152056,-0.3305716,-0.24190164,-0.30223745,-0.33204454,-0.33200192,-0.33192337,-0.2418125,-0.30202937,-0.33198935,-0.332206,-0.3318335,-0.24172436,-0.30221313,-0.33179268,-0.3323174,-0.33178097,-0.24178831,-0.30218226,-0.33197296,-0.3320195,-0.33181706,-0.2417419,-0.30226818,-0.33187795,-0.33201712,-0.3316423,-0.24168423,-0.30203128,-0.30164242,-0.3328914,-0.33263683,-0.24191736,-0.30590335,-0.33162415,-0.33192083,-0.30092242,-0.24177457,-0.3020239,-0.33190352,-0.33191794,-0.33204406,-0.24168783,-0.3019264,-0.33190733,-0.3318881,-0.33487758,-0.2417644,-0.30208418,-0.33199334,-0.33202016,-0.33198723,-0.2417647,-0.30211264,-0.33185557,-0.33208713,-0.3321815,-0.24169488,-0.30194613,-0.331871,-0.33219337,-0.3323189,-0.24177209,-0.27598393,-0.33093816,-0.33183435,-0.3012393,-0.24175163,-0.30214113,-0.3317603,-0.33196497,0.59280163,-0.24182144,-0.3021694,-0.3319795,-0.33207458,-0.33189794,-0.24166653,-0.31196946,-0.30201885,-0.33007872,-0.30246854
k__Bacteria|p__Firmicutes|c__Clostridia|o__Clostridiales|f__Veillonellaceae|g__Veillonella|s__dispar,0.40932882,0.51049507,0.56090426,0.56012726,0.56007797,0.4091298,0.5108087,0.5561854,0.5082046,0.5557817,0.40935856,0.51142377,0.56105256,0.560933,0.5608995,0.40936375,0.5103022,0.5606709,0.5612411,0.56015676,0.40895185,0.51077527,0.559965,0.5619749,0.5597337,0.4093282,0.51155853,0.5606872,0.5600395,0.5597719,0.409356,0.51065445,0.5603324,0.5607064,0.5591625,0.4089715,0.5099367,0.5088057,0.60861546,0.5632196,0.41007772,1.0910268,0.55932343,0.5602323,0.50541276,0.4094623,0.5103621,0.5600568,0.55977607,0.56058675,0.4087206,0.5100834,0.56032336,0.5598804,-0.33487758,0.40922987,0.51099956,0.5608372,0.5609165,0.56062925,0.40944618,0.51016617,0.5606672,0.560772,0.5614643,0.4094979,0.50999945,0.5604685,0.5614317,0.5615504,0.4096941,-0.27598393,0.55212295,0.5615805,0.5071831,0.40925872,0.51040965,0.5603498,0.5607003,0.5946137,0.40900213,0.5111309,0.5608536,0.5607933,0.5598054,0.40938818,0.39828205,0.5102401,0.6159714,0.51134366
k__Bacteria|p__Firmicutes|c__Clostridia|o__Coriobacteriales|f__Coriobacteriaceae|g__unclassified|s__unclassified,-0.24114469,-0.30099058,-0.33076507,-0.33026987,-0.3322257,-0.24099238,-0.30093604,0.63270485,-0.29999256,-0.32904747,-0.24092528,-0.30124587,-0.33075875,-0.33066,-0.33050787,-0.24115084,-0.30083892,-0.3305928,-0.33075863,-0.33046982,-0.24092466,-0.30094385,-0.33037138,-0.33091462,-0.3303215,-0.24088663,-0.30127507,-0.3305645,-0.3303519,-0.33024612,-0.24098805,-0.30093676,-0.33037898,-0.33047974,-0.33013272,-0.24094202,-0.3005345,-0.30052972,0.6062422,-0.3314405,-0.24131925,-0.30590335,-0.33065927,-0.33034807,-0.2996291,-0.24102345,-0.30073816,-0.3303699,-0.3301053,-0.33048528,-0.24087206,-0.30076182,-0.33049914,-0.33043057,-0.33487758,-0.24099973,-0.3009029,-0.33072263,-0.33065075,-0.33065614,-0.24102269,-0.30091482,-0.33070135,-0.33054447,-0.33087832,-0.24106625,-0.30075097,-0.33063227,-0.3306659,-0.33094257,-0.24057257,-0.27598393,-0.32742697,-0.33084732,-0.30022597,-0.24113286,-0.3009598,-0.33034682,-0.33043534,-0.32943356,-0.24097665,-0.3008998,-0.33079726,-0.3305151,-0.33022952,-0.24118271,-0.31196946,-0.3008659,-0.33007872,-0.30101758
k__Bacteria|p__Firmicutes|c__Clostridia|o__Coriobacteriales|f__Coriobacteriaceae|g__Eggerthella|s__lenta,-0.016322736,-0.020211749,-0.022124752,-0.022373013,-0.3322257,-0.016344318,-0.020413674,-0.3327108,-0.020194704,-0.021702314,-0.01630738,-0.020396098,-0.021936804,-0.022169335,-0.02215529,-0.016272748,-0.02024405,-0.022083487,-0.02222958,-0.022122584,-0.016366517,-0.02032321,-0.02202483,-0.022312755,-0.021970524,-0.016334698,-0.020354718,-0.02214563,-0.022158215,-0.022187717,-0.016279275,-0.02036433,-0.022336606,-0.022164207,-0.022022892,-0.016234452,-0.020299856,-0.019920342,-0.3328914,-0.022391748,-0.01623988,-0.30590335,-0.02148047,-0.022142455,-0.01949572,-0.016434116,-0.020357784,-0.022095375,-0.022204561,-0.022261772,-0.016221363,-0.020233085,-0.022226635,-0.021839358,0.61632276,-0.016414043,-0.020299926,-0.022087056,-0.022256939,-0.02225732,-0.016354593,-0.020310307,-0.02218928,-0.022348067,-0.022149108,-0.016248804,-0.020152431,-0.022108039,-0.022392808,-0.02205541,-0.016447203,1.3318449,-0.022204487,-0.022531474,-0.019074008,-0.016219236,-0.020196676,-0.02225938,-0.022297494,0.58977425,-0.016153805,-0.020444069,-0.022097815,-0.022276592,-0.022137228,-0.016302038,-0.31196946,-0.020161951,0.62050325,-0.020455077
k__Bacteria|p__Firmicutes|c__Bacilli|o__Lactobacillales|f__Carnobacteriaceae|g__Granulicatella|s__unclassified,-0.24032676,-0.3004309,-0.3300923,-0.3301224,-0.3322257,-0.24026653,-0.3003599,0.65814227,-0.29987583,-0.32970685,-0.24026045,-0.30046302,-0.32993734,-0.3301529,-0.3301192,-0.24048254,-0.3004395,-0.33027595,-0.33033758,-0.3302391,-0.24037077,-0.3005144,-0.32999668,-0.3302977,-0.33017546,-0.24023296,-0.30046195,-0.33002645,-0.32999378,-0.3302011,-0.24024276,-0.30048355,-0.33009553,-0.33023039,-0.3300259,-0.24028265,-0.30032736,-0.30020356,-0.3328914,-0.33065462,-0.2404208,1.0211403,-0.32994667,-0.3297737,-0.30013835,-0.24030854,-0.3003921,-0.33015773,-0.33003122,-0.33029237,-0.24032877,-0.30036694,-0.3303698,-0.3302948,-0.33487758,-0.24033438,-0.30030456,-0.33010095,-0.33021212,-0.33044654,-0.24036966,-0.30057654,-0.3304581,-0.33042824,-0.33054733,-0.24027008,-0.3003278,-0.33020037,-0.33037627,-0.33057228,-0.23929046,-0.27598393,-0.32868612,-0.33034372,-0.29960153,-0.24030252,-0.3003408,-0.3300919,-0.330205,-0.32943356,-0.24041694,-0.30029196,-0.33028314,-0.3301794,-0.3302822,-0.24040508,-0.31196946,-0.30038893,-0.33007872,-0.30075663
k__Bacteria|p__Firmicutes|c__Bacilli|o__Lactobacillales|f__Streptococcaceae|g__Streptococcus|s__unclassified,0.44057208,0.550026,0.6045084,0.60446036,0.5571253,0.4403717,0.5503259,0.5705037,0.549232,0.6027688,0.44060242,0.5507512,0.60472023,0.60481346,0.60475993,0.44054043,0.550192,0.6044738,0.60478103,0.60436356,0.44037253,0.5501736,0.60418403,0.6050297,0.6042981,0.44065034,0.550638,0.60435,0.6042325,0.6041174,0.4405655,0.55011046,0.60445946,0.60473144,0.60399354,0.44048503,0.55024457,0.5494679,0.6058461,0.60561174,0.4408836,1.0208712,0.6041751,0.6044935,0.5480832,0.44057405,0.55015916,0.6042441,0.604181,0.6043956,0.44025838,0.5499987,0.6042396,0.60449874,0.6149138,0.44050264,0.5505415,0.6046266,0.6047961,0.60451317,0.44053954,0.5499913,0.6045134,0.60446966,0.60481495,0.44069308,0.5500283,0.6043881,0.6047571,0.6048156,0.44032896,1.3534243,0.6018853,0.60537064,0.5480895,0.44054514,0.5500391,0.6043606,0.60452974,0.5927412,0.4404186,0.55036944,0.6045139,0.60446846,0.60412997,0.44072315,0.38967985,0.54996,0.61585027,0.5504261
k__Bacteria|p__Firmicutes|c__Clostridia|o__Clostridiales|f__Ruminococcaceae|g__unclassified|s__unclassified,0.44987535,0.5616124,0.61712587,0.6168126,0.6167582,0.44969648,0.56169426,0.5569062,0.5602087,0.61425924,0.4497738,0.56212515,0.6172542,0.61727035,0.6171864,0.4499045,0.56163895,0.6170338,0.6173953,0.61683315,0.44963962,0.56174946,0.6166117,0.61769366,0.616627,0.449818,0.5622459,0.6169621,0.61673486,0.61656827,0.4498556,0.56167454,0.6168616,0.617116,0.61627793,0.4497477,0.56149614,0.56075895,0.70496047,0.61870295,0.45012334,-0.30590335,0.61683357,0.61688304,0.5589957,0.44978952,0.5615852,0.6167184,0.6164669,0.6169133,0.44962674,0.56165475,0.61687636,0.6168645,0.81378055,0.44982582,0.56192183,0.61714697,0.6173142,0.61714435,0.44989285,0.56156456,0.61708176,0.61718047,0.61765003,0.4499876,0.56152827,0.6169294,0.61752534,0.61756563,0.4501108,-0.27598393,0.6117499,0.61806,0.55976236,0.45001268,0.561574,0.6168277,0.61706597,0.74296343,0.44979054,0.5617733,0.61727816,0.61711127,0.6165215,0.45008436,0.45337227,0.56158423,0.6321909,0.56202805
k__Bacteria|p__Firmicutes|c__Clostridia|o__Coriobacteriales|f__Coriobacteriaceae|g__Collinsella|s__unclassified,-0.2410782,-0.30086613,-0.33077508,-0.3305375,0.5576263,-0.2409508,-0.3008673,-0.3327108,-0.300728,-0.3297032,-0.24098736,-0.30108416,-0.3306948,-0.3307476,-0.3307696,-0.24096063,-0.30099458,-0.33062246,-0.3307971,-0.33059496,-0.24094751,-0.30102122,-0.33055335,-0.33096135,-0.33055854,-0.24100985,-0.30113316,-0.3306514,-0.33064482,-0.33055753,-0.24096224,-0.3009817,-0.33041653,-0.3307943,-0.33044225,-0.24099696,-0.3009194,-0.30073923,0.6347411,-0.33124334,-0.24110362,-0.30590335,-0.3305312,-0.33050644,-0.29999346,-0.24102002,-0.3009323,-0.33060816,-0.33051604,-0.3306859,-0.24092484,-0.30093813,-0.3305893,-0.33087718,-0.33487758,-0.24105689,-0.30108988,-0.33063927,-0.33082014,-0.33072287,-0.24105082,-0.30081987,-0.33073515,-0.3307551,-0.33079803,-0.24102637,-0.30099827,-0.3305624,-0.3309979,-0.33112907,-0.24078974,-0.27598393,-0.32970703,-0.3313588,-0.3004983,-0.24105355,-0.30100507,-0.33061084,-0.33083108,-0.32943356,-0.24101198,-0.30099875,-0.3308377,-0.33071446,-0.3307451,-0.24095938,-0.31196946,-0.3007736,-0.33007872,-0.30114675
k__Bacteria|p__Firmicutes|c__Clostridia|o__Clostridiales|f__Ruminococcaceae|g__Faecalibacterium|s__prausnitzii,0.46024528,0.5740891,0.63069504,0.6299464,0.6842195,0.4599758,0.57418203,0.630699,0.57205737,0.6250179,0.4601227,0.57512367,0.63073504,0.6309504,0.63072026,0.46009752,0.57411873,0.630514,0.63112175,0.63015276,0.45976388,0.5743805,0.6298103,0.63175327,0.62969714,0.46014276,0.5753646,0.63046086,0.630034,0.6296852,0.46022606,0.57432544,0.6300794,0.6306193,0.62919885,0.45994753,0.5737581,0.572662,0.8317191,0.63332754,0.46077633,-0.30590335,0.6297438,0.630648,0.5690464,0.46028018,0.5739709,0.629771,0.62958586,0.63025606,0.4597441,0.5739237,0.63027126,0.62956345,0.87499046,0.46022466,0.5746995,0.6306411,0.630805,0.63066864,0.46019086,0.5738777,0.630618,0.6306654,0.63133377,0.46040046,0.5737226,0.63051224,0.63140714,0.63137466,0.4606081,-0.27598393,0.6209742,0.6327063,0.5709411,0.4602694,0.57420695,0.6300402,0.6305839,0.5981077,0.46002746,0.57479,0.6307807,0.6306627,0.62956953,0.46045136,0.44138962,0.5738921,0.6353441,0.57491636
k__Bacteria|p__Firmicutes|c__Clostridia|o__Clostridiales|f__Lachnospiraceae|g__Dorea|s__unclassified,-0.24174093,-0.30186027,-0.33191153,-0.33167997,0.60359246,-0.2416552,-0.30199444,-0.3327108,-0.30170786,-0.33122405,-0.2416094,-0.30204237,-0.33184978,-0.33185202,-0.33192018,-0.24166362,-0.30197632,-0.33176523,-0.33192152,-0.33183473,-0.24165368,-0.30203533,-0.33179057,-0.3320071,-0.3317273,-0.2416728,-0.302211,-0.3318407,-0.33178008,-0.3317197,-0.24166587,-0.3019719,-0.33167884,-0.3318975,-0.33166307,-0.24167626,-0.30192536,-0.3017729,-0.3328914,-0.3323019,-0.24176618,-0.30590335,-0.33191007,-0.33176214,-0.3013225,-0.24163455,-0.30196714,-0.3317147,-0.33163232,-0.33184242,-0.24164113,-0.30199414,-0.3317941,-0.33183688,-0.33487758,-0.2417344,-0.3020531,-0.3318444,-0.33188775,-0.33194613,-0.24173811,-0.3018901,-0.33192176,-0.33185205,-0.3320577,-0.2417613,-0.3020659,-0.33182412,-0.3320524,-0.3321607,-0.241628,-0.27598393,-0.33006924,-0.33239788,-0.30188355,-0.24178134,-0.30196345,-0.33178645,-0.33192378,-0.32943356,-0.24168834,-0.30196995,-0.33197248,-0.3318151,-0.33177394,-0.2417309,-0.31196946,-0.30185586,-0.33007872,-0.30210465
k__Bacteria|p__Firmicutes|c__Clostridia|o__Clostridiales|f__Ruminococcaceae|g__Ruminococcus|s__unclassified,0.49375367,0.61590546,0.6767938,0.6757775,0.60114944,0.4934517,0.6162713,0.71500677,0.61274076,0.67218363,0.4933201,0.61680907,0.67672527,0.67662084,0.6763937,0.49395043,0.615726,0.67635,0.67697424,0.6761278,0.49327686,0.6160667,0.67570305,0.67746484,0.67557406,0.49351144,0.6171807,0.6763387,0.67552376,0.6755756,0.4936339,0.6158837,0.6759576,0.67633504,0.6749309,0.49325877,0.615046,0.61425,0.889641,0.6792326,0.49420035,-0.30590335,0.67595804,0.6758003,0.61110795,0.49354208,0.61567855,0.67562735,0.67490035,0.676176,0.49308908,0.61571395,0.67629707,0.6760076,0.7685834,0.49350065,0.6161425,0.67680246,0.6768428,0.6768297,0.49369785,0.61584544,0.6767505,0.6764428,0.6774112,0.49379826,0.6155012,0.67626387,0.6769229,0.6774851,0.492777,1.3640419,0.66742474,0.67744076,0.6131691,0.49381313,0.6158248,0.6758523,0.67616254,0.67310035,0.4933123,0.6160991,0.67693025,0.676362,0.67522526,0.49414217,0.4923082,0.6157727,0.6162742,0.61653674
k__Bacteria|p__Firmicutes|c__Clostridia|o__Clostridiales|f__unclassified|g__unclassified|s__unclassified,0.4455255,0.5562426,0.61078763,0.61091024,0.58275604,0.44545925,0.55646074,0.792756,0.5540756,0.60612315,0.44596827,0.5569794,0.6113085,0.6115061,0.61134624,0.44565254,0.55615914,0.61119765,0.6114761,0.6105777,0.44534272,0.5564021,0.6103772,0.61214817,0.61036307,0.44594133,0.55695724,0.6108248,0.61054635,0.6104038,0.44597653,0.5562377,0.61087877,0.6112249,0.6097453,0.44557488,0.55605006,0.55477244,0.60518557,0.61336386,0.4464023,1.1189874,0.6096016,0.61108994,0.55149794,0.44590247,0.55611503,0.610446,0.6105406,0.61079764,0.44533247,0.5559602,0.61045563,0.61093974,0.7059168,0.44553506,0.55695295,0.6109781,0.611152,0.6109859,0.44566417,0.55594885,0.61079764,0.61140186,0.61181545,0.4459561,0.5556824,0.6109875,0.6117264,0.6115762,0.44578198,-0.27598393,0.6036136,0.6118219,0.55291766,0.44547266,0.5561645,0.6107329,0.6110854,0.608993,0.44563088,0.5569949,0.61085147,0.61132854,0.61021966,0.44571376,0.46423167,0.55624974,0.73955154,0.5570904
k__Bacteria|p__Firmicutes|c__Clostridia|o__Coriobacteriales|f__unclassified|g__unclassified|s__unclassified,0.47570226,0.5938926,0.6524608,0.651952,0.65383697,0.47557557,0.5938604,-0.3327108,0.5917476,0.64751863,0.47581673,0.594421,0.6524551,0.6526625,0.65238726,0.4757672,0.5940341,0.6522663,0.6529397,0.6519251,0.47544485,0.5940881,0.651679,0.65329075,0.6517911,0.47576523,0.5946299,0.65214336,0.65195835,0.6517238,0.47579825,0.59405124,0.6518642,0.65251297,0.65116143,0.47564656,0.5936034,0.59247243,0.65957606,0.6547916,0.47611275,1.0114057,0.6514236,0.65198004,0.5893576,0.47575906,0.5938597,0.65182155,0.6516666,0.6521073,0.4755457,0.59384,0.6521879,0.65211636,0.66748816,0.47571093,0.5942904,0.65227306,0.6526978,0.6524299,0.4757592,0.5937812,0.65238434,0.65273154,0.65303385,0.4758277,0.59363914,0.6519741,0.6531093,0.6532099,0.4761006,-0.27598393,0.645064,0.65374875,0.5906558,0.4757523,0.5939307,0.6518753,0.65244687,0.6517287,0.4757633,0.5942695,0.6525824,0.65259826,0.65169024,0.47584698,0.3986316,0.59377086,0.63344145,0.5947689
k__Bacteria|p__Firmicutes|c__Erysipelotrichi|o__Erysipelotrichales|f__Erysipelotrichaceae|g__[Eubacterium]|s__dolichum,0.38901338,0.48520747,0.5327809,0.5324868,-0.3322257,0.3887096,0.485318,0.58482015,0.48273683,0.52753675,0.38889247,0.4860779,0.5329106,0.53325033,0.53292555,0.38891894,0.4852423,0.53267336,0.5335044,0.53247964,0.38864607,0.48545453,0.53210294,0.53387105,0.5321559,0.3888785,0.48612177,0.5325494,0.53249955,0.5320518,0.3889342,0.48533577,0.5324017,0.5330504,0.5315952,0.3888595,0.48509032,0.48378134,0.6047891,0.53561795,0.38945895,1.0299813,0.53222525,0.5323932,0.48048383,0.38889128,0.48511535,0.5322108,0.5321295,0.53261817,0.3886552,0.48511308,0.5324104,0.53290486,0.6153837,0.38888285,0.48566914,0.53277,0.53323805,0.53303754,0.38889477,0.4851703,0.53291225,0.5332124,0.5337533,0.38909724,0.48510414,0.532593,0.5336382,0.5337477,0.38810855,-0.27598393,0.5247435,0.5345801,0.4813944,0.389043,0.48518348,0.5323751,0.53291005,-0.32943356,0.38891572,0.48545542,0.5331251,0.5329711,0.53213865,0.38919747,0.394078,0.48508495,0.6142136,0.48612756
k__Bacteria|p__Firmicutes|c__Clostridia|o__Clostridiales|f__Lachnospiraceae|g__Roseburia|s__faecis,0.23466963,0.29309103,0.32209516,0.32200426,-0.3322257,0.23465978,0.2932739,0.5597843,0.2923191,0.32055974,0.23472685,0.29338208,0.32214636,0.32216173,0.32212347,0.23478237,0.29309082,0.32211927,0.32220238,0.32196844,0.23461537,0.29314294,0.32184154,0.322373,0.32184806,0.23474538,0.29340944,0.3220387,0.3218707,0.32184535,0.23474988,0.29315534,0.3220899,0.32201493,0.32161427,0.2346172,0.29296178,0.29253617,0.60914207,0.3229089,0.23495857,1.0363623,0.32173356,0.32208547,0.2917443,0.23474394,0.293037,0.32184082,0.32178932,0.32202286,0.23454577,0.29301202,0.32191974,0.32196316,0.6177297,0.23472321,0.29323828,0.3220545,0.32210982,0.32212394,0.23474166,0.29309565,0.32207143,0.3221462,0.32246545,0.23474863,0.29286435,0.32205042,0.32215282,0.322245,0.2347565,-0.27598393,0.3194323,0.32241508,0.29197976,0.23469913,0.2930054,0.32194895,0.32198387,0.61474645,0.2346049,0.29328477,0.32208472,0.32205373,0.32173765,0.23480679,-0.31196946,0.2931236,-0.33007872,0.293342
k__Bacteria|p__Firmicutes|c__Clostridia|o__unclassified|f__unclassified|g__unclassified|s__unclassified,0.4666389,0.58282465,0.6404228,0.6401079,0.65751565,0.46653444,0.58287394,0.7181655,0.5813923,0.63791466,0.4666208,0.5831324,0.64062035,0.6405424,0.6404327,0.4667545,0.58274364,0.64037895,0.6406189,0.640153,0.46644777,0.5828334,0.64000034,0.6408917,0.6399816,0.46663976,0.58326757,0.64026684,0.64001805,0.6399223,0.46668315,0.5827819,0.6400985,0.64036393,0.63964665,0.46651977,0.58247507,0.58199173,0.6408804,0.64171225,0.46697834,1.0424395,0.6401144,0.64022946,0.5804287,0.4666329,0.582664,0.6400236,0.6397734,0.6401942,0.4664287,0.5826912,0.6401639,0.6401913,0.75221354,0.4665683,0.58294153,0.640454,0.6404913,0.6404094,0.46664783,0.5826849,0.64034915,0.6403973,0.640827,0.46676773,0.5825764,0.6403179,0.6406308,0.64079756,0.46666503,-0.27598393,0.6358432,0.64079267,0.5815041,0.4667158,0.5827857,0.64006174,0.64028835,0.6266227,0.46660778,0.5829067,0.6404589,0.6404034,0.6397815,0.4667753,0.40403396,0.58273727,0.61748433,0.5830919
k__Bacteria|p__Firmicutes|c__Clostridia|o__Clostridiales|f__Lachnospiraceae|g__Lachnospira|s__unclassified,0.33219838,0.4145878,0.45528495,0.45491952,0.6065544,0.33216208,0.41455302,0.56958944,0.41293088,0.44996345,0.33246595,0.4150731,0.45543447,0.45561314,0.455347,0.3322057,0.41469717,0.45543137,0.45583826,0.454858,0.33202678,0.4148853,0.45469415,0.45633304,0.45461985,0.33229262,0.41532055,0.45516646,0.45505005,0.45458615,0.33240172,0.41485864,0.45500016,0.45530555,0.45398432,0.33223647,0.4142649,0.41329986,0.6166165,0.45769906,0.3329382,-0.30590335,0.45426023,0.45529968,0.4104355,0.33238363,0.41442338,0.45476574,0.45483458,0.4550503,0.33210778,0.4144403,0.45481807,0.45497862,0.7637931,0.33231845,0.41509303,0.45505726,0.45532846,0.4552607,0.33236217,0.4145369,0.45518926,0.45584553,0.45619988,0.33239672,0.41415605,0.45524508,0.4560946,0.4560532,0.3330711,-0.27598393,0.44628823,0.4566146,0.4115223,0.33222347,0.41463438,0.4548543,0.455365,0.7280776,0.33236146,0.41526067,0.45543796,0.4554677,0.45462498,0.33224496,0.39284846,0.41461635,-0.33007872,0.4154789
k__Bacteria|p__Firmicutes|c__Clostridia|o__Clostridiales|f__Veillonellaceae|g__unclassified|s__unclassified,-0.24088684,-0.30025363,-0.32959706,-0.32924968,-0.3322257,-0.24059394,-0.3002442,0.56449455,-0.2987624,-0.32666266,-0.2407952,-0.30088538,-0.32976562,-0.32974637,-0.32957903,-0.24074408,-0.29997677,-0.32956445,-0.32992786,-0.32925063,-0.24054004,-0.30025172,-0.32909805,-0.33029786,-0.32903227,-0.24066705,-0.30076027,-0.32946834,-0.32930502,-0.32899487,-0.24071068,-0.30026478,-0.3293523,-0.32967156,-0.328789,-0.24058484,-0.2999877,-0.29925776,-0.3328914,-0.33092093,-0.24119459,-0.30590335,-0.32895193,-0.32939136,-0.29740843,-0.24078456,-0.3000549,-0.32919073,-0.32908082,-0.32948756,-0.24044135,-0.29995602,-0.32947063,-0.32905632,0.66205883,-0.24074155,-0.30035716,-0.32984257,-0.3297838,-0.3296174,-0.24073657,-0.29999766,-0.32963353,-0.3294779,-0.32994515,-0.24082085,-0.29991126,-0.32946643,-0.3298933,-0.3299023,-0.24021146,-0.27598393,-0.3251,-0.329975,-0.2982421,-0.24079601,-0.3000993,-0.32930544,-0.32944185,-0.32943356,-0.24063763,-0.3003964,-0.3297389,-0.32962412,-0.32905132,-0.24095866,0.39985406,-0.2999348,-0.33007872,-0.30057883
k__Bacteria|p__Firmicutes|c__Clostridia|o__Clostridiales|f__Lachnospiraceae|g__[Ruminococcus]|s__unclassified,0.43503442,0.542874,0.59623045,0.59586436,0.5619751,0.43492746,0.5428821,0.60198945,0.540604,0.5911819,0.43538022,0.54350585,0.5965834,0.59669876,0.5966155,0.43522352,0.5427767,0.59652877,0.5969576,0.595855,0.43480277,0.5432236,0.5956118,0.597699,0.5956218,0.43533957,0.54357266,0.5961504,0.59571457,0.5955841,0.43525538,0.5429375,0.5956111,0.5965687,0.594774,0.43492058,0.5423121,0.541443,0.6325577,0.59902394,0.43611366,-0.30590335,0.59481263,0.595647,0.5379884,0.43535662,0.54254574,0.59584016,0.59565485,0.5962326,0.43463498,0.5422459,0.59562266,0.59695584,0.6747239,0.43489555,0.5434564,0.59607273,0.59649694,0.5962632,0.43524683,0.5425289,0.59623724,0.5968104,0.5972125,0.4352889,0.5422857,0.5961187,0.59727925,0.59787244,0.433926,-0.27598393,0.5892532,0.59713066,0.5394989,0.43482894,0.542923,0.5958109,0.596503,0.59364766,0.43513405,0.5434863,0.5963863,0.5964472,0.5959347,0.4348259,0.38826838,0.5426542,0.6299837,0.54402757
k__Bacteria|p__Firmicutes|c__Clostridia|o__Clostridiales|f__Lachnospiraceae|g__unclassified|s__unclassified,0.7386376,0.92129874,1.012266,1.0108879,0.81075156,0.7381892,0.9218967,0.76329935,0.91674685,1.0009377,0.7383115,0.9227566,1.0120246,1.0124431,1.0122323,0.7385545,0.92184377,1.0113192,1.013217,1.011206,0.7380558,0.9221499,1.0105382,1.0139248,1.0104816,0.738359,0.9235321,1.0115042,1.0111752,1.0103617,0.7384819,0.92199147,1.0109417,1.012157,1.0092957,0.73837197,0.921087,0.9181636,1.0387291,1.0178959,0.73943233,1.188498,1.0106525,1.0107942,0.9115449,0.738361,0.92159605,1.0105917,1.0102243,1.011677,0.7381362,0.9216102,1.0112628,1.01109,0.96615964,0.73873013,0.9223913,1.0115812,1.0124967,1.0123993,0.73873454,0.92134714,1.0121717,1.01281,1.0142146,0.73891526,0.92157394,1.0112853,1.0138545,1.014236,0.7396009,1.3336025,0.991868,1.0160378,0.9145024,0.7390104,0.9214039,1.0110822,1.0124283,1.5095416,0.73852366,0.9219804,1.0126098,1.0122522,1.0104944,0.7389544,0.56664634,0.92109156,1.0210327,0.9236292
k__Bacteria|p__Firmicutes|c__Clostridia|o__Clostridiales|f__Ruminococcaceae|g__Oscillospira|s__unclassified,0.4845857,0.6051067,0.6642989,0.66420156,0.6261576,0.4842872,0.60485476,0.7518455,0.6024364,0.65966284,0.4847191,0.6057327,0.6648154,0.66493523,0.66441846,0.484499,0.60484815,0.6643326,0.66511333,0.6640067,0.48416847,0.6049363,0.66368514,0.6653539,0.66380435,0.48464304,0.6056353,0.66413116,0.66419536,0.6635895,0.48460954,0.6049535,0.6638876,0.664797,0.6633342,0.48441523,0.6049671,0.6035255,0.792176,0.6666261,0.4849192,1.1303906,0.663916,0.66443765,0.60027146,0.48447394,0.60481906,0.663839,0.66379607,0.6640321,0.4843132,0.60494715,0.66404825,0.6643187,0.67282486,0.4843886,0.60524476,0.66470313,0.6650567,0.664395,0.48441178,0.60473,0.66429156,0.6643928,0.6648034,0.4846645,0.60475326,0.6639873,0.66486967,0.66488636,0.48403764,-0.27598393,0.659785,0.66493875,0.6014813,0.48466033,0.6049149,0.6638043,0.6643027,0.5969644,0.4845783,0.60513544,0.6646162,0.66461957,0.6634933,0.48489976,0.41938373,0.60473216,0.66645586,0.60551983
k__Bacteria|p__Firmicutes|c__Clostridia|o__Clostridiales|f__Lachnospiraceae|g__[Ruminococcus]|s__gnavus,0.43112236,0.53808606,0.59141254,0.59074193,0.5784969,0.43082774,0.53813064,0.56377923,0.53666854,0.5881424,0.43099844,0.5386845,0.5916312,0.5914774,0.591446,0.43108577,0.5381063,0.59131736,0.59161466,0.5910437,0.43078285,0.5382633,0.5908606,0.59199226,0.5908527,0.430996,0.53881884,0.5911828,0.59094214,0.590639,0.43102983,0.5381645,0.5907947,0.59136677,0.5903889,0.4309499,0.5379162,0.53733706,0.6022742,0.59303474,0.431615,-0.30590335,0.59131324,0.5910374,0.53555804,0.43093893,0.53793985,0.59087807,0.59057134,0.5911242,0.4307809,0.53806037,0.5908643,0.5914544,0.61645687,0.4310168,0.53845966,0.5913805,0.59144694,0.59133196,0.43110877,0.5379243,0.5913463,0.5912471,0.59204435,0.43121195,0.53804547,0.59118044,0.5916528,0.5921801,0.43057156,1.3371086,0.5853903,0.5921378,0.5368947,0.43124714,0.53809416,0.5909117,0.59120774,0.58941036,0.43105564,0.5382431,0.59161454,0.5911609,0.5908179,0.4312263,0.3949553,0.53798795,0.6493823,0.5385585
k__Bacteria|p__Firmicutes|c__Clostridia|o__Clostridiales|f__Lachnospiraceae|g__Roseburia|s__unclassified,0.05133584,0.063962094,0.06997949,0.06980881,0.66963637,0.05122687,0.063773036,0.5492599,0.062942326,0.06767219,0.051290907,0.06405787,0.07011571,0.07014376,0.06994605,0.05129301,0.06382838,0.069955796,0.0702081,0.069792904,0.051175576,0.06389335,0.06971066,0.07037276,0.069680214,0.05119074,0.064073615,0.06987035,0.06991887,0.06965266,0.051271018,0.063914225,0.06972091,0.06998201,0.06950919,0.051262096,0.06365499,0.06335172,-0.3328914,0.07097475,0.05151125,1.0089571,0.06982533,0.06985621,0.062073793,0.05130092,0.06372689,0.06977965,0.06970958,0.06986232,0.05122769,0.06378841,0.069784656,0.069864936,0.79903376,0.05126494,0.06388926,0.069964655,0.07003904,0.06998583,0.05123248,0.063811645,0.06993808,0.07012017,0.0702601,0.0513267,0.0637521,0.06998971,0.07027081,0.070295885,0.051194705,-0.27598393,0.06668809,0.07033078,0.06277981,0.05135575,0.06394304,0.06973562,0.06999921,0.7718336,0.051362135,0.06387746,0.070064336,0.07009615,0.069666535,0.051303342,-0.31196946,0.06379194,-0.33007872,0.06410279
k__Bacteria|p__Firmicutes|c__Clostridia|o__Clostridiales|f__Lachnospiraceae|g__Blautia|s__unclassified,0.8096515,1.010317,1.1101102,1.108902,1.3494792,0.8093779,1.0106299,0.7061797,1.0059551,1.1001529,0.8096237,1.0116398,1.1103364,1.1103712,1.1098981,0.80970484,1.0105038,1.1095314,1.1107255,1.1088874,0.8089738,1.0106738,1.1085223,1.1115822,1.1084291,0.8096981,1.0122136,1.1095631,1.1089625,1.1082768,0.8098693,1.0105562,1.10903,1.1097813,1.1072464,0.8094525,1.0096878,1.0075716,0.98750126,1.1147575,0.81046486,1.5129863,1.1087356,1.1095132,1.0015411,0.8095609,1.0101914,1.108501,1.1080564,1.1090727,0.80911607,1.0103912,1.1091329,1.1092427,1.099188,0.8096168,1.0112855,1.1098131,1.1103832,1.1098576,0.8096976,1.0101314,1.1096094,1.1101773,1.111303,0.8100194,1.0099181,1.109189,1.1109426,1.1110446,0.81117487,1.3758955,1.0933516,1.1128628,1.0050713,0.80996037,1.0103868,1.1088645,1.1096299,1.1051027,0.8094717,1.011132,1.1103286,1.1100419,1.1078917,0.81014013,0.7610869,1.0103797,1.390195,1.0116332
k__Bacteria|p__Firmicutes|c__Clostridia|o__Clostridiales|f__Peptostreptococcaceae|g__unclassified|s__unclassified,-0.04325819,-0.05374133,-0.059398856,-0.05912515,-0.3322257,-0.04321689,-0.054002378,0.56908107,-0.0537467,-0.059056323,-0.04311346,-0.05397229,-0.059093766,-0.059158377,-0.05920899,-0.043238603,-0.054021865,-0.059043042,-0.059316196,-0.059214395,-0.043262534,-0.053977016,-0.05914239,-0.05921792,-0.059173577,-0.043191917,-0.054098986,-0.059225682,-0.059180003,-0.05914794,-0.043156683,-0.05397363,-0.05919174,-0.059240185,-0.059119966,-0.043235034,-0.053993642,-0.053716324,-0.3328914,-0.059501898,-0.04311685,-0.30590335,-0.05922599,-0.05892424,-0.05359991,-0.04314686,-0.05406134,-0.05916845,-0.05909945,-0.059247024,-0.043234587,-0.054090474,-0.059341826,-0.05920753,0.6125611,-0.0433212,-0.05393626,-0.059167054,-0.059419557,-0.05929531,-0.043337785,-0.053981535,-0.05937584,-0.059263818,-0.059337128,-0.043222614,-0.054114692,-0.05896145,-0.059316833,-0.05931343,-0.043429878,-0.27598393,-0.0584699,-0.059843387,-0.05330024,-0.043344997,-0.05380688,-0.059281684,-0.059287682,0.5946137,-0.04313759,-0.053839445,-0.0594379,-0.059168253,-0.059232075,-0.043369062,-0.31196946,-0.053873956,0.6236333,-0.054025117
k__Bacteria|p__Firmicutes|c__Clostridia|o__Clostridiales|f__Ruminococcaceae|g__Faecalibacterium|s__unclassified,0.44465977,0.5551269,0.609837,0.60965264,0.64634705,0.44457477,0.5551693,0.6803135,0.5538088,0.6063489,0.44476515,0.5555393,0.6099965,0.610126,0.60999846,0.44463384,0.55517966,0.60985017,0.61024785,0.60955703,0.44446018,0.5553237,0.60945386,0.61065656,0.6094368,0.44472694,0.5556474,0.60973847,0.60963994,0.609409,0.44472665,0.55522156,0.60955524,0.60998243,0.608966,0.44461685,0.55489284,0.5542002,-0.3328914,0.6116627,0.44510993,-0.30590335,0.6091634,0.6096851,0.55196035,0.44472808,0.5550077,0.60950184,0.60946596,0.6097317,0.4444347,0.55488837,0.6094825,0.61000776,0.86578584,0.44461808,0.5555335,0.60972375,0.6099777,0.6098912,0.44466603,0.55499697,0.6097652,0.6102079,0.61042935,0.44476378,0.5548905,0.60975903,0.61049795,0.610631,0.4446389,-0.27598393,0.6045083,0.61097735,0.552991,0.44458926,0.5552074,0.6095344,0.6099832,0.5943723,0.444678,0.5554998,0.6099298,0.61000097,0.6094861,0.4445563,0.5537117,0.5550195,0.67013425,0.5557899
k__Bacteria|p__Firmicutes|c__Clostridia|o__Clostridiales|f__Lachnospiraceae|g__Coprococcus|s__unclassified,0.4355862,0.5439137,0.5966754,0.5969613,0.5992772,0.4355148,0.5435499,0.55133224,0.5409694,0.5908562,0.43606123,0.54456663,0.59750664,0.5977619,0.5972612,0.43564683,0.5435858,0.5972184,0.5977401,0.59649205,0.4351831,0.5437717,0.5962055,0.5983679,0.5963152,0.4360434,0.5445238,0.59684366,0.59668624,0.59624636,0.43604717,0.5436655,0.596691,0.59735847,0.59563255,0.43559843,0.5435667,0.5420689,0.6026717,0.59997755,0.43625012,-0.30590335,0.5960678,0.59759635,0.5379361,0.43583062,0.5434147,0.59635985,0.5964244,0.596521,0.435369,0.54344314,0.5965229,0.59694517,0.6814053,0.4354759,0.5443833,0.5971473,0.59749615,0.59692985,0.4355442,0.5433969,0.59658444,0.5973269,0.5976536,0.4359834,0.543049,0.5968472,0.5978503,0.5975317,0.43622327,1.331493,0.5895866,0.5984231,0.5398118,0.4356394,0.5437719,0.5963907,0.59695226,0.58977425,0.4357825,0.544398,0.5969622,0.5974562,0.5958931,0.43589532,0.38667804,0.5437459,0.6549312,0.5444624
k__Bacteria|p__Firmicutes|c__Erysipelotrichi|o__Erysipelotrichales|f__[Coprobacillaceae]|g__unclassified|s__unclassified,0.50694937,0.63267004,0.6949434,0.6945958,0.7201989,0.5066178,0.6328581,0.81311834,0.6303754,0.69026655,0.5068953,0.6336285,0.69529486,0.6953608,0.6950917,0.5068575,0.63259816,0.694877,0.69551754,0.69455105,0.50653565,0.6327985,0.6942606,0.6959785,0.69424653,0.50684786,0.6336147,0.6947151,0.6945123,0.6940614,0.50690675,0.6327174,0.6946929,0.695107,0.693704,0.5067353,0.6325085,0.63123214,0.60914207,0.69738877,0.50749934,-0.30590335,0.6943817,0.6947931,0.6282197,0.5068368,0.63253725,0.69431424,0.69417226,0.69467664,0.5064838,0.6324853,0.69445544,0.6946078,0.7024781,0.50679106,0.6331731,0.6951426,0.6952864,0.6950021,0.50683445,0.63250285,0.69491786,0.6950299,0.6957491,0.5070759,0.6324028,0.69479394,0.6955056,0.6955979,0.50666785,1.3328999,0.68708706,0.6960932,0.6291965,0.506979,0.63255614,0.69449526,0.694857,0.6154559,0.5067539,0.6330167,0.69513416,0.69497514,0.6940186,0.5072023,0.40975296,0.63248706,0.8575011,0.63331175
k__Bacteria|p__Bacteroidetes|c__Bacteroidia|o__Bacteroidales|f__[Odoribacteraceae]|g__Butyricimonas|s__unclassified,-0.24163185,-0.30144307,-0.33074966,-0.33075297,-0.3322257,-0.2414221,-0.3015894,-0.3327108,-0.29977986,-0.32789236,-0.24154314,-0.3019036,-0.330936,-0.33100656,-0.33088464,-0.24150744,-0.3012315,-0.33075124,-0.3312486,-0.33058095,-0.2414012,-0.30153275,-0.33043897,-0.33158302,-0.33032513,-0.24145819,-0.30191952,-0.3306935,-0.3306266,-0.33037955,-0.24152988,-0.3014428,-0.33084726,-0.33096513,-0.3300246,-0.24144003,-0.30122554,-0.30028266,-0.3328914,-0.3324691,-0.24187607,-0.30590335,-0.33015478,-0.3305747,-0.29832062,-0.24148478,-0.30133498,-0.3304665,-0.3304303,-0.33084145,-0.24131148,-0.30119586,-0.3306319,-0.3305149,-0.33487758,-0.24149847,-0.3016513,-0.3310101,-0.33097875,-0.33105016,-0.2415033,-0.30132437,-0.33084613,-0.33110976,-0.33148962,-0.24160561,-0.3012113,-0.33080164,-0.33142,-0.33137792,-0.24134484,-0.27598393,-0.32518706,-0.33131832,-0.2990058,-0.24154729,-0.30126154,-0.33062357,-0.3308852,-0.32943356,-0.2414701,-0.30158067,-0.33094814,-0.33099747,-0.3303452,-0.24165261,-0.31196946,-0.301193,-0.33007872,-0.30198163
k__Bacteria|p__Bacteroidetes|c__Bacteroidia|o__Bacteroidales|f__Bacteroidaceae|g__Bacteroides|s__caccae,-0.24225177,-0.30269557,-0.33254582,-0.33267868,-0.3322257,-0.24231511,-0.30265796,-0.3327108,-0.30250537,-0.33222702,-0.24236697,-0.3026563,-0.33268702,-0.33269167,-0.33265767,-0.2423219,-0.30267176,-0.3326648,-0.33264327,-0.33258125,-0.24227488,-0.3026537,-0.33257943,-0.33266962,-0.3325936,-0.24237218,-0.30266827,-0.3326154,-0.33261323,-0.33258688,-0.2423809,-0.30264747,-0.33265918,-0.33261615,-0.33254996,-0.24232632,-0.30268106,-0.3025764,-0.3328914,-0.3327743,-0.24232712,-0.30590335,-0.3325932,-0.33276087,-0.3023842,-0.24232742,-0.30265182,-0.33259732,-0.33263326,-0.3325507,-0.2423208,-0.302678,-0.33256784,-0.33260506,-0.33487758,-0.24227671,-0.30271393,-0.33259052,-0.33261865,-0.33256096,-0.24229817,-0.3026657,-0.33251247,-0.33266318,-0.33266002,-0.24236205,-0.30260614,-0.3326342,-0.33264142,-0.33251768,-0.2426745,-0.27598393,-0.33204108,-0.33266136,-0.302474,-0.24230736,-0.30266863,-0.33259842,-0.3326032,-0.32943356,-0.24234414,-0.30272287,-0.33254635,-0.33267808,-0.33249068,-0.24231869,-0.31196946,-0.30276152,-0.33007872,-0.30267355
k__Bacteria|p__Bacteroidetes|c__Bacteroidia|o__Bacteroidales|f__S24-7|g__unclassified|s__unclassified,-0.24147075,-0.30145356,-0.3313806,-0.33102867,-0.3322257,-0.24140236,-0.3014993,-0.3327108,-0.30054286,-0.3293863,-0.24134436,-0.30169615,-0.33143312,-0.3314166,-0.3312199,-0.2415357,-0.30151194,-0.3311824,-0.33138746,-0.33102095,-0.24131048,-0.3014747,-0.3309738,-0.33158904,-0.3309383,-0.24135643,-0.30182013,-0.33114058,-0.3309583,-0.3308829,-0.24145809,-0.30142274,-0.3310153,-0.33113798,-0.33070555,-0.24141327,-0.30107725,-0.30103862,-0.3328914,-0.3322004,-0.24162972,-0.30590335,-0.33115554,-0.33102548,-0.29979768,-0.24148396,-0.30136847,-0.33101213,-0.33075,-0.3309791,-0.24128924,-0.3013897,-0.33111146,-0.33113667,-0.33487758,-0.24136314,-0.30155894,-0.3312371,-0.33134776,-0.33120155,-0.24141021,-0.30146664,-0.331214,-0.3313231,-0.3313892,-0.24155615,-0.3013404,-0.3312505,-0.3314547,-0.33138406,-0.24160971,-0.27598393,-0.32742268,-0.33195788,-0.3005127,-0.24149379,-0.30160528,-0.33102128,-0.33118725,-0.32943356,-0.2413952,-0.30152786,-0.3313299,-0.33128995,-0.33072588,-0.24151218,0.41130704,-0.3015039,-0.33007872,-0.3015284
k__Bacteria|p__Bacteroidetes|c__Bacteroidia|o__Bacteroidales|f__Prevotellaceae|g__Prevotella|s__stercorea,-0.24201223,-0.30196625,-0.3318966,-0.3318575,-0.3322257,-0.24187475,-0.3021423,-0.3327108,-0.30162418,-0.33053595,-0.24198014,-0.30228493,-0.33180428,-0.33196133,-0.33191407,-0.24187282,-0.3022066,-0.33171624,-0.3321113,-0.33169067,-0.2419395,-0.30222666,-0.3316399,-0.3322472,-0.33166373,-0.24196044,-0.30232745,-0.3317173,-0.33181137,-0.33166486,-0.24190061,-0.30215713,-0.33172998,-0.33206683,-0.33145314,-0.24198289,-0.30216935,-0.30161637,-0.3328914,-0.33263725,-0.24202666,-0.30590335,-0.33131534,-0.33148697,-0.3005473,-0.24194364,-0.30221605,-0.33176035,-0.33175328,-0.33186108,-0.24187915,-0.3021337,-0.33174694,-0.332088,-0.33487758,-0.24198717,-0.30234247,-0.33180162,-0.33211547,-0.3319267,-0.24201068,-0.3020681,-0.33190984,-0.332133,-0.33202937,-0.24195302,-0.3022044,-0.33160815,-0.33233845,-0.33227548,-0.24182868,-0.27598393,-0.33012348,-0.3325526,-0.30052412,-0.2419288,-0.30208462,-0.3318087,-0.33208048,-0.32943356,-0.24193479,-0.30222172,-0.33201152,-0.3319605,-0.3318535,-0.2419086,-0.31196946,-0.3019082,-0.33007872,-0.30248952
k__Bacteria|p__Bacteroidetes|c__Bacteroidia|o__Bacteroidales|f__[Paraprevotellaceae]|g__[Prevotella]|s__unclassified,-0.24179056,-0.30163053,-0.33107275,-0.3310377,-0.3322257,-0.24165529,-0.30187666,-0.3327108,-0.30007532,-0.32850254,-0.24174319,-0.3021056,-0.3313408,-0.3313324,-0.3311702,-0.2417647,-0.30145627,-0.33100903,-0.33133653,-0.3308915,-0.24150227,-0.30156067,-0.33073118,-0.33170912,-0.33062017,-0.24182005,-0.30220234,-0.33097398,-0.33079267,-0.33065972,-0.24177894,-0.30156058,-0.3309237,-0.33115274,-0.33033746,-0.24152431,-0.30128407,-0.30052167,-0.3328914,-0.33252665,-0.24206671,-0.30590335,-0.33059636,-0.3313399,-0.29856557,-0.24175736,-0.3014362,-0.33056796,-0.33044177,-0.33091637,-0.24136636,-0.30133975,-0.3308133,-0.33076245,-0.33487758,-0.24170238,-0.30178773,-0.33130324,-0.33125445,-0.3312692,-0.24163455,-0.30139428,-0.33100381,-0.33101428,-0.33145842,-0.24182379,-0.30123693,-0.3311005,-0.33132365,-0.33143583,-0.24148929,-0.27598393,-0.32746297,-0.33166236,-0.30004138,-0.2417144,-0.30158478,-0.3306919,-0.33097404,-0.32943356,-0.24155076,-0.30185115,-0.3310396,-0.33114767,-0.33031088,-0.24185318,-0.31196946,-0.30133852,-0.33007872,-0.30189854
k__Bacteria|p__Bacteroidetes|c__Bacteroidia|o__Bacteroidales|f__[Barnesiellaceae]|g__unclassified|s__unclassified,-0.2403569,-0.29980814,-0.3297965,-0.3295822,0.7033674,-0.24034676,-0.30033264,-0.3327108,-0.29885998,-0.32753372,-0.24026813,-0.30017778,-0.32955015,-0.32970643,-0.3297292,-0.24056867,-0.30011314,-0.32971072,-0.32995456,-0.32947737,-0.24046102,-0.30032402,-0.32934004,-0.3302392,-0.32928276,-0.24031231,-0.300405,-0.32957554,-0.32932758,-0.3294265,-0.24038681,-0.30009753,-0.3296318,-0.32959598,-0.32880098,-0.240397,-0.29962137,-0.2993309,-0.3328914,-0.33116755,-0.24075884,-0.30590335,-0.32884753,-0.32872015,-0.29827484,-0.24045214,-0.3000359,-0.32953668,-0.32930127,-0.32974273,-0.24023324,-0.29999763,-0.32947725,-0.33046436,-0.33487758,-0.24038658,-0.3002526,-0.32934082,-0.329794,-0.3298922,-0.24062037,-0.3002513,-0.32987994,-0.33040398,-0.3304981,-0.24045286,-0.29995066,-0.329596,-0.33029652,-0.33034799,-0.23965499,-0.27598393,-0.3240289,-0.33057824,-0.2981239,-0.24031512,-0.29993594,-0.32973886,-0.3298545,-0.32943356,-0.24029225,-0.30017537,-0.32998508,-0.3297503,-0.32958943,-0.24032187,0.38985616,-0.30019265,-0.33007872,-0.30064636
k__Bacteria|p__Bacteroidetes|c__Bacteroidia|o__Bacteroidales|f__[Paraprevotellaceae]|g__Paraprevotella|s__unclassified,-0.24114832,-0.30098066,-0.33079487,-0.33049017,-0.3322257,-0.24098215,-0.30110776,-0.3327108,-0.30000493,-0.32858962,-0.24112576,-0.30135974,-0.33094847,-0.33101058,-0.3309096,-0.24117658,-0.30116713,-0.33073205,-0.33116585,-0.33063543,-0.24099767,-0.30120963,-0.33046824,-0.33130622,-0.3305313,-0.24112344,-0.30153334,-0.33057892,-0.33055866,-0.330324,-0.24106196,-0.30111036,-0.3302758,-0.33102167,-0.33017886,-0.24108526,-0.30095983,-0.3004831,-0.3328914,-0.33203292,-0.24150911,-0.30590335,-0.33063567,-0.33043706,-0.29913443,-0.2410753,-0.3010372,-0.33052278,-0.33036077,-0.3306449,-0.24095184,-0.3009829,-0.33059847,-0.33105212,-0.33487758,-0.24105725,-0.30121407,-0.330732,-0.3310219,-0.33084875,-0.24116331,-0.30100077,-0.33089465,-0.3308578,-0.33118314,-0.241269,-0.30114275,-0.3306656,-0.33117023,-0.33139956,-0.24029335,-0.27598393,-0.32682168,-0.33162826,-0.29975766,-0.24116072,-0.30114055,-0.330459,-0.33086333,-0.32943356,-0.24120899,-0.30108935,-0.33094123,-0.33075958,-0.33047414,-0.24114314,0.39179337,-0.30089426,-0.33007872,-0.30152053
k__Bacteria|p__Bacteroidetes|c__Bacteroidia|o__Bacteroidales|f__Bacteroidaceae|g__Bacteroides|s__plebeius,-0.2421054,-0.30215472,-0.331978,-0.33169526,-0.3322257,-0.24193445,-0.30212176,-0.3327108,-0.3012515,-0.3303339,-0.24191138,-0.30247223,-0.33191568,-0.33194345,-0.33177817,-0.24201527,-0.30201876,-0.33176866,-0.33210725,-0.33173883,-0.24190494,-0.30213273,-0.3316087,-0.3321764,-0.33159447,-0.24187073,-0.30239925,-0.33183205,-0.33179492,-0.33156392,-0.24189241,-0.30217433,-0.33170483,-0.3318827,-0.33149606,-0.24189645,-0.30198455,-0.30163813,-0.3328914,-0.3326472,-0.24211079,-0.30590335,-0.3317685,-0.33161622,-0.30071265,-0.24195427,-0.3020342,-0.3316875,-0.33157796,-0.33183235,-0.24184895,-0.30205,-0.3318571,-0.331741,-0.33487758,-0.24200031,-0.30206978,-0.33198193,-0.3321036,-0.33193934,-0.24197556,-0.30210668,-0.33197165,-0.3318401,-0.33204234,-0.24195904,-0.3020598,-0.33171543,-0.33199835,-0.33207136,-0.24145596,-0.27598393,-0.33010375,-0.3322389,-0.30089784,-0.2420888,-0.3020689,-0.33171406,-0.33179268,-0.32943356,-0.24189147,-0.30204818,-0.33209813,-0.3318671,-0.33163932,-0.24215761,-0.31196946,-0.30198538,-0.33007872,-0.30227277
k__Bacteria|p__Bacteroidetes|c__Bacteroidia|o__Bacteroidales|f__Prevotellaceae|g__Prevotella|s__copri,-0.24151301,-0.30149734,-0.33134097,-0.33064318,-0.3322257,-0.24135128,-0.3012526,-0.3327108,-0.29984957,-0.32811522,-0.24130069,-0.3016857,-0.33122787,-0.33130646,-0.33106768,-0.24162742,-0.3016441,-0.33114022,-0.33147854,-0.33105314,-0.24127144,-0.3015648,-0.33077717,-0.33154103,-0.33095944,-0.24135715,-0.30197078,-0.3310089,-0.33088356,-0.3307847,-0.24147393,-0.3015147,-0.33056784,-0.33113754,-0.3304783,-0.24148552,-0.30115694,-0.300883,-0.3328914,-0.33294034,-0.24168974,-0.30590335,-0.3315985,-0.33081132,-0.29930013,-0.24129352,-0.3012848,-0.33079314,-0.3304188,-0.3309099,-0.2414957,-0.30164456,-0.33101076,-0.33162367,-0.33487758,-0.24146618,-0.3015724,-0.3310656,-0.33135912,-0.33139974,-0.24146983,-0.30153996,-0.33135843,-0.33138496,-0.33189976,-0.24152973,-0.30147278,-0.33099172,-0.3314804,-0.33210567,-0.2409147,-0.27598393,-0.32583272,-0.33232862,-0.30048835,-0.24175096,-0.30156687,-0.3306757,-0.33107233,-0.32943356,-0.24165225,-0.3013346,-0.33162203,-0.3311292,-0.33078444,-0.24173671,0.4043815,-0.30155694,-0.33007872,-0.30188847
k__Bacteria|p__Bacteroidetes|c__Bacteroidia|o__Bacteroidales|f__Bacteroidaceae|g__Bacteroides|s__ovatus,-0.24188387,-0.30200276,-0.33207536,-0.3318994,-0.3322257,-0.24181719,-0.30219203,-0.3327108,-0.30151802,-0.3312229,-0.24178258,-0.30224735,-0.3320194,-0.3321002,-0.33209416,-0.241965,-0.30212405,-0.33199036,-0.3321417,-0.33201396,-0.24185365,-0.30215973,-0.33187956,-0.3321913,-0.33190465,-0.24186322,-0.30231994,-0.33195597,-0.33185273,-0.3318767,-0.24186078,-0.30207795,-0.33183914,-0.33205974,-0.3317752,-0.24185298,-0.30200243,-0.30187237,0.630756,-0.3326035,-0.24202642,-0.30590335,-0.33199567,-0.33171567,-0.30137068,-0.24188241,-0.30208883,-0.33191022,-0.33177736,-0.33199942,-0.2417952,-0.3021078,-0.33196032,-0.33228022,-0.33487758,-0.2418553,-0.3021369,-0.33194733,-0.33214512,-0.33211845,-0.24192888,-0.30211413,-0.33215934,-0.33210045,-0.3322735,-0.24196427,-0.30215108,-0.33198833,-0.33216318,-0.33227703,-0.24121207,-0.27598393,-0.33031574,-0.33250198,-0.30151933,-0.24192354,-0.3020826,-0.33198535,-0.33206743,-0.32943356,-0.24184957,-0.3020435,-0.33214045,-0.33199817,-0.3319204,-0.24196264,-0.31196946,-0.30210084,-0.33007872,-0.30226427
k__Bacteria|p__Bacteroidetes|c__Bacteroidia|o__Bacteroidales|f__Prevotellaceae|g__Prevotella|s__unclassified,-0.24118516,-0.30090335,-0.33078408,-0.33035645,-0.3322257,-0.24107036,-0.30077773,-0.3327108,-0.30052584,-0.32890868,-0.24119583,-0.30136925,-0.3308621,-0.33082482,-0.33083633,-0.24116316,-0.30097437,-0.33089238,-0.3310145,-0.3305025,-0.24100196,-0.30115476,-0.33040157,-0.33127403,-0.33044863,-0.24113065,-0.30145264,-0.33078223,-0.330531,-0.33030933,-0.2411484,-0.30110246,-0.33059174,-0.33077458,-0.33017433,-0.24111968,-0.30093873,-0.3006184,-0.3328914,-0.33173198,-0.2414451,-0.30590335,-0.3306043,-0.33070537,-0.29984882,-0.2411336,-0.30090174,-0.33060712,-0.3304478,-0.33061862,-0.24099578,-0.30091572,-0.33080631,-0.33041614,-0.33487758,-0.24119826,-0.3012199,-0.3307866,-0.33089262,-0.3306303,-0.2413176,-0.30092216,-0.330761,-0.33074534,-0.33111244,-0.241283,-0.30083245,-0.33062023,-0.33111733,-0.33099353,-0.24176556,-0.27598393,-0.32615584,-0.3318587,-0.29994518,-0.24129078,-0.30091262,-0.3306107,-0.33065557,-0.32943356,-0.241182,-0.30120695,-0.33100492,-0.3306707,-0.3305114,-0.24132502,0.40055192,-0.3009922,-0.33007872,-0.30122417
k__Bacteria|p__Bacteroidetes|c__Bacteroidia|o__Bacteroidales|f__Porphyromonadaceae|g__Dysgonomonas|s__unclassified,-0.24158035,-0.30120105,-0.33136532,-0.33087325,-0.3322257,-0.24134597,-0.3015988,-0.3327108,-0.30089918,-0.32986343,-0.24143429,-0.3019076,-0.33148384,-0.3313092,-0.33143854,-0.24152482,-0.30152822,-0.3311608,-0.33127815,-0.33107084,-0.24133798,-0.30144256,-0.33094072,-0.3315524,-0.33096132,-0.24152449,-0.30209544,-0.33111912,-0.33086377,-0.33073416,-0.24149796,-0.3014334,-0.33111387,-0.3312139,-0.3306796,-0.24145478,-0.30145735,-0.30087948,-0.3328914,-0.3321705,-0.24183238,-0.30590335,-0.33140922,-0.33140868,-0.30016682,-0.24140409,-0.30143744,-0.33085233,-0.33058977,-0.3310218,-0.24126658,-0.30149183,-0.3309902,-0.33078793,-0.33487758,-0.24163595,-0.30178607,-0.33137885,-0.33130044,-0.3312279,-0.2416155,-0.30125523,-0.33123708,-0.33093292,-0.33169493,-0.24171786,-0.30140364,-0.33116388,-0.33130252,-0.3314746,-0.24226654,-0.27598393,-0.32671863,-0.33235648,-0.30079108,-0.24176577,-0.3012854,-0.33101684,-0.33108234,-0.32943356,-0.2414017,-0.3015893,-0.33134702,-0.3309582,-0.33066198,-0.24183041,-0.31196946,-0.3012585,-0.33007872,-0.30148602
k__Bacteria|p__Bacteroidetes|c__Bacteroidia|o__Bacteroidales|f__Bacteroidaceae|g__Bacteroides|s__uniformis,-0.23812173,-0.29730368,-0.3263198,-0.32599267,0.91523975,-0.2380688,-0.2972498,-0.3327108,-0.29530764,-0.32305968,-0.23811737,-0.2975405,-0.32660407,-0.3264339,-0.3262895,-0.23825446,-0.29698586,-0.3262858,-0.32662222,-0.32602978,-0.23786838,-0.29718673,-0.325863,-0.32690102,-0.32578367,-0.23811795,-0.29771227,-0.32627928,-0.3259939,-0.32574397,-0.23817763,-0.29719746,-0.3260653,-0.32620037,-0.32541582,-0.2379331,-0.29675683,-0.29604417,0.84760654,-0.328005,-0.23847464,-0.30590335,-0.32611772,-0.32632667,-0.29423156,-0.23804307,-0.29692268,-0.325831,-0.3256107,-0.3261149,-0.23787826,-0.29698336,-0.3260828,-0.32588103,-0.33487758,-0.23806277,-0.29721797,-0.3264296,-0.3263934,-0.32635188,-0.23810779,-0.29704523,-0.32617298,-0.32627606,-0.32694107,-0.23822019,-0.29681224,-0.3261999,-0.32651287,-0.3267296,-0.23852518,-0.27598393,-0.3206847,-0.32669002,-0.29568923,-0.23826736,-0.297075,-0.32586566,-0.32607436,-0.32943356,-0.23806387,-0.29724795,-0.32641065,-0.32633367,-0.32550824,-0.2383152,0.41147956,-0.29712588,0.85864204,-0.2975155
k__Bacteria|p__Bacteroidetes|c__Bacteroidia|o__Bacteroidales|f__Porphyromonadaceae|g__Parabacteroides|s__distasonis,-0.16176324,-0.20121352,-0.22108069,-0.2207291,0.735872,-0.16145639,-0.20153537,-0.3327108,-0.19974415,-0.21882601,-0.16150567,-0.20212747,-0.2212683,-0.22124149,-0.22124396,-0.16180336,-0.20122248,-0.22115457,-0.2212561,-0.22097477,-0.1613909,-0.20138697,-0.22064427,-0.22163291,-0.2206929,-0.16169044,-0.20217878,-0.22098336,-0.22059008,-0.22055818,-0.16170557,-0.2012605,-0.22094509,-0.22107744,-0.22029491,-0.16151685,-0.20121711,-0.20056826,-0.3328914,-0.222718,-0.16215031,-0.30590335,-0.2212854,-0.22113955,-0.19927755,-0.16152246,-0.20112877,-0.22056684,-0.22022742,-0.22089185,-0.1612855,-0.20127907,-0.22080222,-0.22123873,0.8141657,-0.16167271,-0.20169365,-0.2212992,-0.2212793,-0.2213448,-0.16170938,-0.20124178,-0.22121872,-0.22089458,-0.22191682,-0.16187143,-0.201116,-0.22106469,-0.22118399,-0.22159666,-0.1607356,-0.27598393,-0.21591388,-0.22229466,-0.20013975,-0.16191378,-0.20111161,-0.22078806,-0.2207487,-0.32943356,-0.16150036,-0.20143947,-0.22136912,-0.22080967,-0.22043711,-0.16217509,0.4029906,-0.20133369,0.71198606,-0.20157275
k__Bacteria|p__Bacteroidetes|c__Bacteroidia|o__Bacteroidales|f__Porphyromonadaceae|g__Parabacteroides|s__unclassified,0.29937905,0.37375015,0.4103098,0.40985703,-0.3322257,0.29920065,0.3733722,-0.3327108,0.37198257,0.40667415,0.2993164,0.37418804,0.41074723,0.41072905,0.41013527,0.2993005,0.3733642,0.41042686,0.41063768,0.4100952,0.2989619,0.37347275,0.40987998,0.41086504,0.40975034,0.29927328,0.37418324,0.41023076,0.41011325,0.40954256,0.2994031,0.37351727,0.40972602,0.41022766,0.409522,0.29916486,0.37312472,0.37302548,-0.3328914,0.41166756,0.2998451,-0.30590335,0.41060716,0.4107908,0.37084842,0.29936415,0.37308627,0.4097334,0.40963754,0.40975928,0.299081,0.37337297,0.40977526,0.4101157,0.8467991,0.29915288,0.37360984,0.4104933,0.4104933,0.4101664,0.29913548,0.3734336,0.41018558,0.4100114,0.4104284,0.29944897,0.37315738,0.41045275,0.41023323,0.41041523,0.2983737,1.8767433,0.40641743,0.4106118,0.3723244,0.29941455,0.37377435,0.409643,0.40989518,0.60958767,0.2993058,0.3737831,0.4104529,0.4101881,0.4093188,0.29960987,0.4036863,0.3735928,0.7456345,0.37352306
k__Bacteria|p__Bacteroidetes|c__Bacteroidia|o__Bacteroidales|f__Bacteroidaceae|g__unclassified|s__unclassified,-0.021638777,-0.027077593,-0.028948978,-0.029650357,0.58275604,-0.021746151,-0.02680796,-0.3327108,-0.0264763,-0.027586287,-0.02206766,-0.027272914,-0.02947063,-0.029820457,-0.029512595,-0.021660093,-0.026611984,-0.02964639,-0.029466815,-0.029312436,-0.021568906,-0.026769774,-0.02913817,-0.02976877,-0.029064875,-0.022084935,-0.0269681,-0.029356953,-0.029370889,-0.029269487,-0.022004697,-0.02683448,-0.029261865,-0.029516283,-0.029211435,-0.021590475,-0.026884317,-0.026607033,1.0596657,-0.029627556,-0.02203413,-0.30590335,-0.028540466,-0.030317076,-0.025135025,-0.022195987,-0.0266455,-0.029122056,-0.029505331,-0.02917724,-0.02155647,-0.026550893,-0.02914027,-0.028915051,-0.33487758,-0.02165318,-0.02697977,-0.029380586,-0.029421179,-0.029200014,-0.021586426,-0.026608078,-0.029084869,-0.029234417,-0.028978856,-0.021895338,-0.026292162,-0.029676042,-0.029415457,-0.028847039,-0.021150894,1.338857,-0.030723844,-0.029246263,-0.02583592,-0.021460045,-0.027046576,-0.029218007,-0.029341675,-0.32943356,-0.021718394,-0.027431015,-0.028858414,-0.029643543,-0.02893062,-0.021720404,-0.31196946,-0.026864087,0.6194175,-0.026913472
k__Bacteria|p__Bacteroidetes|c__Bacteroidia|o__Bacteroidales|f__Bacteroidaceae|g__Bacteroides|s__unclassified,0.92616856,1.1555946,1.2690134,1.267832,1.4842178,0.92583,1.155771,1.3182436,1.1489484,1.2547166,0.9263512,1.1571242,1.2693624,1.2696536,1.268853,0.9262404,1.1556294,1.2684013,1.2705562,1.2674831,0.92536765,1.1560895,1.2669387,1.2715535,1.2668703,0.9262012,1.1577649,1.2683762,1.267941,1.2667139,0.92635155,1.1559541,1.2677411,1.2691358,1.2652438,0.92590773,1.1547353,1.1512176,1.1409109,1.2758911,0.9272748,-0.30590335,1.2665502,1.2678764,1.1424456,0.9260595,1.1553984,1.2672331,1.2669016,1.2680786,0.92554283,1.155406,1.2681634,1.2680326,1.3330204,0.92606443,1.1565189,1.2687511,1.2698455,1.2689481,0.92625993,1.1553154,1.2686305,1.2697601,1.270896,0.9265499,1.1549873,1.2677393,1.2708393,1.2706683,0.92771715,2.0193076,1.2465038,1.2725022,1.146343,0.92643034,1.1554706,1.267559,1.2688694,1.5649502,0.92611206,1.1564165,1.2695415,1.2694799,1.2665048,0.9266324,0.79621696,1.1553638,1.5206151,1.1578169
k__Bacteria|p__Bacteroidetes|c__Bacteroidia|o__Bacteroidales|f__Rikenellaceae|g__unclassified|s__unclassified,0.17746401,0.22132367,0.24293399,0.2426203,0.6732129,0.17740415,0.22113869,-0.3327108,0.22001359,0.2388368,0.17767935,0.22168148,0.24316671,0.24316955,0.24286374,0.17739731,0.22115397,0.24294086,0.24311166,0.2424645,0.17719376,0.22124434,0.24234821,0.24361086,0.24217585,0.17764074,0.22175701,0.24284053,0.24269038,0.24228187,0.17764631,0.22134727,0.24241024,0.24282226,0.24189247,0.17731339,0.22091952,0.2202517,1.1748962,0.24433148,0.17789915,-0.30590335,0.24199133,0.24328247,0.21761516,0.17771836,0.22100937,0.24236178,0.24235652,0.24253117,0.17725694,0.22119224,0.24235512,0.24240963,0.6956889,0.17753023,0.2215351,0.24286407,0.24303673,0.2426568,0.17749812,0.22092298,0.24259794,0.24286856,0.24300171,0.17756024,0.22075345,0.24273047,0.24320886,0.24311616,0.17817771,-0.27598393,0.23953633,0.24326824,0.21946484,0.17748524,0.22137246,0.2424516,0.24281973,-0.32943356,0.17740601,0.22182313,0.24288017,0.24303612,0.24211839,0.1775144,0.45452964,0.22112392,0.7381054,0.22154132
k__Bacteria|p__Bacteroidetes|c__Bacteroidia|o__Bacteroidales|f__Bacteroidaceae|g__Bacteroides|s__fragilis,0.40302676,0.50280005,0.55227125,0.5519496,0.76430225,0.40287548,0.50308186,-0.3327108,0.5006468,0.54692227,0.4029073,0.5033618,0.55229914,0.5525239,0.55242527,0.4031033,0.50296724,0.55224365,0.55282867,0.5518217,0.40284848,0.50327724,0.5515549,0.5534633,0.5514122,0.40286437,0.50379753,0.5520232,0.5517508,0.55158067,0.40303892,0.50307333,0.5520159,0.55225325,0.5507743,0.40294296,0.5023562,0.50131273,1.2084874,0.5552374,0.40357777,-0.30590335,0.55113935,0.5516438,0.49823076,0.40306193,0.5028405,0.5517266,0.5514272,0.5521545,0.40275207,0.5027969,0.55197835,0.55192244,0.7225133,0.40305126,0.50334895,0.5520527,0.552345,0.55256087,0.40315273,0.50293165,0.55233777,0.5530871,0.5535157,0.40323842,0.5026417,0.55232877,0.5535228,0.55330276,0.4035731,-0.27598393,0.5403141,0.554183,0.49959633,0.40308344,0.5029117,0.55196744,0.5525582,0.7368577,0.40304828,0.5032881,0.5525035,0.55257666,0.55151683,0.40304056,0.5372666,0.502848,0.7215681,0.5039253
k__Bacteria|p__Proteobacteria|c__Gammaproteobacteria|o__Enterobacteriales|f__Enterobacteriaceae|g__Trabulsiella|s__unclassified,-0.24191478,-0.30211294,-0.33224428,-0.33197963,-0.3322257,-0.24190426,-0.30235946,-0.3327108,-0.30167714,-0.3314089,-0.24184804,-0.3022638,-0.33207953,-0.33211917,-0.33210605,-0.2419983,-0.30230224,-0.3319763,-0.33224183,-0.33212218,-0.24192029,-0.30225214,-0.3319848,-0.33216244,-0.3319944,-0.24194556,-0.30246758,-0.3320663,-0.33199516,-0.33196172,-0.24189715,-0.30226797,-0.33190507,-0.33213758,-0.3318931,-0.24187142,-0.30217475,-0.30184925,-0.3328914,-0.33258843,-0.24194911,-0.30590335,-0.33207893,-0.3319379,-0.30139464,-0.24188375,-0.30229515,-0.3319293,-0.3318381,-0.33207405,-0.24190567,-0.30235475,-0.3321268,-0.3320559,-0.33487758,-0.24198166,-0.30217707,-0.33205825,-0.3322736,-0.33221185,-0.24200578,-0.30224133,-0.33224845,-0.33209267,-0.33228993,-0.24196318,-0.30232567,-0.33193618,-0.33214587,-0.3322807,-0.24182776,-0.27598393,-0.3309473,-0.33245343,-0.3016663,-0.24201828,-0.30217117,-0.33200794,-0.33213723,-0.32943356,-0.24187727,-0.3021683,-0.33223343,-0.3320685,-0.33190626,-0.24205823,-0.31196946,-0.30215752,-0.33007872,-0.30239052
k__Bacteria|p__Proteobacteria|c__Gammaproteobacteria|o__Enterobacteriales|f__Enterobacteriaceae|g__Klebsiella|s__unclassified,-0.24077298,-0.30037346,-0.33039084,-0.32978556,-0.3322257,-0.24062802,-0.30056524,-0.3327108,-0.2997759,-0.32843035,-0.24054268,-0.30069512,-0.33019906,-0.33015478,-0.33025303,-0.2407195,-0.30058742,-0.33007202,-0.33034614,-0.33005324,-0.24060985,-0.3006935,-0.32997012,-0.3305792,-0.3298926,-0.24060464,-0.30100417,-0.33015853,-0.32993838,-0.32988116,-0.24064735,-0.30058748,-0.32988563,-0.3301544,-0.32961124,-0.2406578,-0.30027336,-0.2999987,-0.3328914,-0.33134726,-0.24091163,-0.30590335,-0.33010563,-0.32979783,-0.2989387,-0.24060659,-0.30048993,-0.32992557,-0.32965982,-0.3301626,-0.24058037,-0.30054015,-0.33005092,-0.33018053,-0.33487758,-0.24077216,-0.30072454,-0.33012375,-0.33022067,-0.33033916,-0.24081561,-0.3004462,-0.3303209,-0.33033517,-0.33073923,-0.2407744,-0.3005762,-0.33008206,-0.33061934,-0.3309381,-0.2408314,-0.27598393,-0.32557783,-0.33119538,-0.2999153,-0.24084994,-0.30051342,-0.33002257,-0.33028162,-0.32943356,-0.24067535,-0.3005817,-0.33048016,-0.33012652,-0.33000585,-0.24074547,0.41561127,-0.30039072,-0.33007872,-0.30089107
k__Bacteria|p__Proteobacteria|c__Gammaproteobacteria|o__Pseudomonadales|f__Moraxellaceae|g__Acinetobacter|s__unclassified,-0.241974,-0.30240473,-0.33240277,-0.3324126,-0.3322257,-0.24197829,-0.3025035,-0.3327108,-0.30218723,-0.3320037,-0.24201153,-0.302451,-0.33243048,-0.3324502,-0.3324521,-0.24204056,-0.30245546,-0.33243927,-0.33244264,-0.33240828,-0.24199566,-0.30244344,-0.33235398,-0.3324845,-0.33235896,-0.2420347,-0.30251315,-0.33236963,-0.33234113,-0.33237046,-0.24202982,-0.30243587,-0.3323768,-0.33242372,-0.33228487,-0.2419883,-0.3023967,-0.3022626,-0.3328914,-0.33265182,-0.24208643,-0.30590335,-0.3322957,-0.33241552,-0.302049,-0.24202092,-0.30243623,-0.3323388,-0.33231604,-0.33239836,-0.24198472,-0.30245957,-0.33235967,-0.33244336,-0.33487758,-0.24201502,-0.30246478,-0.33238408,-0.33241624,-0.33246416,-0.24202672,-0.3024302,-0.3324369,-0.33246523,-0.33255985,-0.24204047,-0.30239612,-0.3324363,-0.3324562,-0.33248714,-0.24193151,-0.27598393,-0.33156973,-0.33246547,-0.3022269,-0.2420016,-0.3024149,-0.33237863,-0.3324266,-0.32943356,-0.2420097,-0.30247545,-0.33239913,-0.33242792,-0.33230817,-0.24202591,-0.31196946,-0.30243877,-0.33007872,-0.3025244
k__Bacteria|p__Proteobacteria|c__Gammaproteobacteria|o__Aeromonadales|f__unclassified|g__unclassified|s__unclassified,-0.24135402,-0.30088252,-0.3312197,-0.33038586,-0.3322257,-0.24119858,-0.30137426,-0.3327108,-0.30025178,-0.3292601,-0.24111876,-0.3013879,-0.33094603,-0.3308922,-0.33090568,-0.24137348,-0.30135512,-0.33070326,-0.3310871,-0.3307982,-0.24123684,-0.3012675,-0.33068457,-0.33108097,-0.33067152,-0.24120483,-0.30180272,-0.3308123,-0.3306417,-0.3304815,-0.24125813,-0.30123788,-0.330546,-0.33089572,-0.33038408,-0.24132246,-0.30104432,-0.30064273,-0.3328914,-0.3319225,-0.24150294,-0.30590335,-0.33111924,-0.330542,-0.2998944,-0.24113554,-0.30127898,-0.33053243,-0.3302969,-0.3307284,-0.24126929,-0.3014459,-0.3309441,-0.3308319,-0.33487758,-0.24143068,-0.30127233,-0.3308835,-0.33107594,-0.3310637,-0.24145135,-0.30119556,-0.33119273,-0.33083412,-0.33143407,-0.24146932,-0.3014307,-0.3306836,-0.33099717,-0.33121425,-0.24128515,-0.27598393,-0.3257153,-0.33205283,-0.3007214,-0.24156731,-0.30109054,-0.3307333,-0.33082473,-0.32943356,-0.24127066,-0.30112338,-0.33129305,-0.3307474,-0.33046514,-0.24162108,0.3900324,-0.30114776,-0.33007872,-0.30141705
k__Bacteria|p__Proteobacteria|c__Gammaproteobacteria|o__Enterobacteriales|f__Enterobacteriaceae|g__Erwinia|s__unclassified,-0.24099554,-0.30095,-0.32988027,-0.3303981,-0.3322257,-0.2409044,-0.30072656,-0.3327108,-0.29957017,-0.32758123,-0.2413224,-0.30132234,-0.33060893,-0.33066976,-0.3305401,-0.24091777,-0.30046177,-0.33042273,-0.33046648,-0.32992226,-0.24070498,-0.3007298,-0.32991666,-0.33108938,-0.32987022,-0.24125873,-0.30100012,-0.3301624,-0.3300414,-0.32994375,-0.24124724,-0.30059457,-0.3302744,-0.330473,-0.32962525,-0.24091381,-0.30063415,-0.29996336,-0.3328914,-0.33144778,-0.24146041,-0.30590335,-0.32934922,-0.33064583,-0.29768848,-0.24122868,-0.300497,-0.32998988,-0.33011127,-0.33011562,-0.24066412,-0.3002131,-0.3298031,-0.3301192,-0.33487758,-0.24078748,-0.3012449,-0.33044505,-0.33028033,-0.33011505,-0.24082106,-0.30034024,-0.32983223,-0.33032748,-0.33039194,-0.24118778,-0.30017912,-0.3303852,-0.3307248,-0.33051258,-0.24103707,-0.27598393,-0.32774886,-0.3303973,-0.2989025,-0.2407772,-0.30079144,-0.33003682,-0.33027148,-0.32943356,-0.24098897,-0.30125356,-0.3298896,-0.3305511,-0.32979444,-0.24088547,0.39179337,-0.3006029,-0.33007872,-0.30107847
k__Bacteria|p__Proteobacteria|c__Gammaproteobacteria|o__Enterobacteriales|f__Enterobacteriaceae|g__Citrobacter|s__unclassified,-0.24053103,-0.2998544,-0.32945782,-0.32909754,0.56670225,-0.24030039,-0.3002333,-0.3327108,-0.29815376,-0.32622772,-0.24040145,-0.30036777,-0.3294569,-0.32945102,-0.32954574,-0.2404949,-0.2998643,-0.32908893,-0.3296565,-0.32901737,-0.24034926,-0.30008966,-0.32890946,-0.3300411,-0.3288154,-0.24041381,-0.3004362,-0.32919514,-0.32900214,-0.3289039,-0.24048135,-0.29993728,-0.329144,-0.32945368,-0.32847446,-0.2404071,-0.29975525,-0.29873812,-0.3328914,-0.331115,-0.24078274,-0.30590335,-0.32854617,-0.32852995,-0.29650104,-0.24046043,-0.3000185,-0.32900345,-0.32881796,-0.32942224,-0.24027365,-0.29991227,-0.3290646,-0.32929105,-0.33487758,-0.24044953,-0.30027747,-0.32935384,-0.32951856,-0.32948226,-0.240533,-0.29972103,-0.32939234,-0.3296445,-0.33006853,-0.240621,-0.29998854,-0.3290804,-0.33000726,-0.33011955,-0.24046586,-0.27598393,-0.3235259,-0.3299343,-0.29771483,-0.24056482,-0.2997802,-0.3293158,-0.3295986,-0.32943356,-0.24036323,-0.3000037,-0.32950866,-0.32957852,-0.32901165,-0.24053621,0.39126542,-0.29972363,-0.33007872,-0.30060726
k__Bacteria|p__Proteobacteria|c__Gammaproteobacteria|o__Pasteurellales|f__Pasteurellaceae|g__Aggregatibacter|s__unclassified,-0.24175555,-0.30174378,-0.33179086,-0.33147252,-0.3322257,-0.2416793,-0.3019481,-0.3327108,-0.30114245,-0.33032227,-0.24173641,-0.30213237,-0.33184516,-0.3318526,-0.33185875,-0.24186835,-0.30188376,-0.33173537,-0.33178648,-0.3316267,-0.24165806,-0.301871,-0.3314851,-0.33199418,-0.33150983,-0.2418161,-0.30221647,-0.33162767,-0.33137345,-0.3314296,-0.24183398,-0.30180717,-0.33151,-0.33168274,-0.33128354,-0.24171814,-0.30165762,-0.30145293,-0.3328914,-0.33251435,-0.24209233,-0.30590335,-0.3315818,-0.33162165,-0.30053407,-0.24185087,-0.3017741,-0.3314634,-0.33128512,-0.3315801,-0.24161257,-0.30176628,-0.33149636,-0.3316329,-0.33487758,-0.24175763,-0.30204013,-0.33167356,-0.33173478,-0.33170742,-0.24182157,-0.30173346,-0.33175784,-0.33167636,-0.33201826,-0.24193588,-0.30170494,-0.33174643,-0.33182234,-0.33199936,-0.24166837,-0.27598393,-0.32873088,-0.3322785,-0.3010826,-0.24181658,-0.3018372,-0.33157015,-0.33169013,-0.32943356,-0.24172284,-0.3019858,-0.3317145,-0.3316393,-0.33136344,-0.24189389,-0.31196946,-0.30181676,-0.33007872,-0.30199444
k__Bacteria|p__Proteobacteria|c__Alphaproteobacteria|o__Rickettsiales|f__mitochondria|g__unclassified|s__unclassified,-0.24205321,-0.30208272,-0.3321078,-0.33182153,-0.3322257,-0.24197166,-0.3021862,-0.3327108,-0.30160892,-0.3311599,-0.24186674,-0.30228204,-0.33196032,-0.3319788,-0.33200935,-0.24209847,-0.30217278,-0.33190995,-0.33212996,-0.33197826,-0.24198315,-0.30222628,-0.33181566,-0.33215812,-0.33183908,-0.24194023,-0.30239782,-0.33196905,-0.33184582,-0.33181688,-0.24191973,-0.30220187,-0.33182603,-0.33196482,-0.33170965,-0.24193785,-0.30204836,-0.30182344,-0.3328914,-0.33266884,-0.24207902,-0.30590335,-0.33206463,-0.33168888,-0.30140907,-0.24194099,-0.30212748,-0.3318751,-0.3316748,-0.33201468,-0.2419182,-0.30217564,-0.33196563,-0.33202726,-0.33487758,-0.2420529,-0.30213147,-0.33194155,-0.33212358,-0.33210742,-0.24209398,-0.30218202,-0.33212447,-0.33204514,-0.3323111,-0.24201843,-0.30219436,-0.3318729,-0.33216214,-0.33237416,-0.2418027,-0.27598393,-0.33018643,-0.33256376,-0.3014763,-0.2421447,-0.30208495,-0.33190182,-0.3320212,-0.32943356,-0.24195564,-0.30203408,-0.3321948,-0.33190924,-0.33190495,-0.24212256,-0.31196946,-0.3020768,-0.33007872,-0.30232728
k__Bacteria|p__Proteobacteria|c__Gammaproteobacteria|o__Enterobacteriales|f__Enterobacteriaceae|g__unclassified|s__unclassified,0.5193967,0.64768434,0.711775,0.7105937,0.5670497,0.5190371,0.6482321,0.7319986,0.6443273,0.7044658,0.5190832,0.6487839,0.7115996,0.7116277,0.7114867,0.51935595,0.64801717,0.71097,0.71221364,0.71084404,0.51888883,0.6482125,0.7104615,0.7127258,0.7104006,0.5191699,0.649387,0.71115845,0.7107332,0.7102633,0.5192505,0.6480936,0.71078235,0.71148545,0.709465,0.5191053,0.64741516,0.6454686,-0.3328914,0.7154155,0.51986516,1.059417,0.7106782,0.7106339,0.6411426,0.5190134,0.6478777,0.71038747,0.70993495,0.71113527,0.51889867,0.64794236,0.71101755,0.71095014,-0.33487758,0.51938224,0.6484721,0.71143055,0.7118732,0.7117766,0.51942164,0.6477355,0.7115823,0.7117717,0.712959,0.5194883,0.6478232,0.7108029,0.7124493,0.71295786,0.51996833,1.6361685,0.69789064,0.7138995,0.6435611,0.51964515,0.6476886,0.7107183,0.711445,0.7580409,0.5191309,0.6481614,0.71202964,0.71146363,0.71019995,0.5197109,2.1575375,0.64757645,0.62980455,0.64913815
k__Bacteria|p__Proteobacteria|c__Gammaproteobacteria|o__Enterobacteriales|f__Enterobacteriaceae|g__Enterobacter|s__hormaechei,-0.23193032,-0.2893118,-0.31745476,-0.3175497,-0.3322257,-0.23190269,-0.289437,-0.3327108,-0.2872208,-0.31317347,-0.23223555,-0.28986916,-0.3179429,-0.31805843,-0.3178228,-0.2321068,-0.28920805,-0.31775007,-0.31796372,-0.31725046,-0.23175144,-0.2892987,-0.31706065,-0.31842262,-0.31709468,-0.23224355,-0.2898323,-0.3174839,-0.3173423,-0.31707513,-0.23230702,-0.2892523,-0.31749505,-0.3176664,-0.31658536,-0.23200753,-0.28911257,-0.2880691,-0.3328914,-0.3197093,-0.23259178,1.0339742,-0.31694776,-0.31781787,-0.2855613,-0.23216644,-0.2890837,-0.31712133,-0.3171661,-0.31732577,-0.23181438,-0.28917903,-0.3171368,-0.31782207,-0.33487758,-0.23197103,-0.28970754,-0.31753933,-0.31779903,-0.31758568,-0.23200777,-0.28912136,-0.31737766,-0.31787762,-0.31837106,-0.23229538,-0.28884214,-0.31755817,-0.31797433,-0.31782675,-0.23214877,1.3426929,-0.31140107,-0.3185493,-0.28682768,-0.23205675,-0.28918865,-0.31734747,-0.31750065,0.5918944,-0.23202482,-0.28967595,-0.31758165,-0.31785408,-0.31681386,-0.23223251,0.48030278,-0.28946656,-0.33007872,-0.28977546
k__Bacteria|p__Proteobacteria|c__Gammaproteobacteria|o__Pasteurellales|f__Pasteurellaceae|g__Actinobacillus|s__unclassified,-0.24220292,-0.30255312,-0.3323841,-0.33222336,-0.3322257,-0.24212477,-0.30236077,-0.3327108,-0.30221397,-0.3316598,-0.24211533,-0.30256182,-0.3324415,-0.33237976,-0.3323265,-0.24214649,-0.30240086,-0.332392,-0.33243695,-0.33228314,-0.24208608,-0.30250174,-0.33226562,-0.33255222,-0.3322087,-0.2420548,-0.30257925,-0.3323623,-0.33230114,-0.33221525,-0.24211346,-0.30249625,-0.3322628,-0.33232784,-0.33218044,-0.24209979,-0.30232126,-0.3023421,-0.3328914,-0.33267897,-0.24223074,-0.30590335,-0.33236086,-0.33232266,-0.30191106,-0.24213672,-0.30238068,-0.3323087,-0.33219904,-0.33233112,-0.24209616,-0.3024009,-0.33234048,-0.33210194,-0.33487758,-0.24212784,-0.30246526,-0.33245116,-0.3323455,-0.332358,-0.24213275,-0.3024314,-0.33235583,-0.33236092,-0.3324386,-0.24214944,-0.30239117,-0.33242184,-0.33251634,-0.33253816,-0.24226037,-0.27598393,-0.3308722,-0.33239204,-0.3022873,-0.24219778,-0.30252331,-0.3322534,-0.3323478,0.6033857,-0.2421749,-0.30248293,-0.33243245,-0.33238196,-0.33224204,-0.24215856,-0.31196946,-0.30240905,-0.33007872,-0.30251414
k__Bacteria|p__Proteobacteria|c__Gammaproteobacteria|o__Enterobacteriales|f__Enterobacteriaceae|g__Escherichia|s__unclassified,-0.23813859,-0.29682338,-0.32618898,-0.3256631,0.5767783,-0.23803112,-0.29717058,0.610416,-0.29517382,-0.32368886,-0.23779455,-0.29716253,-0.3259517,-0.32588804,-0.3259763,-0.23829518,-0.29691523,-0.32584968,-0.32630974,-0.3258575,-0.2379742,-0.2971437,-0.32559216,-0.32653642,-0.32553214,-0.23796436,-0.29763252,-0.32595742,-0.32553774,-0.32561496,-0.23799372,-0.29700625,-0.32581583,-0.32587942,-0.32506526,-0.2378985,-0.29648447,-0.29581255,-0.3328914,-0.32790628,-0.2382448,-0.30590335,-0.32581556,-0.32540956,-0.29448867,-0.23784246,-0.2968694,-0.32557827,-0.32509166,-0.32601267,-0.23784275,-0.29694754,-0.32598433,-0.32598388,-0.33487758,-0.23813292,-0.2970239,-0.3260061,-0.32616618,-0.32641774,-0.2382445,-0.29702675,-0.32620525,-0.3262905,-0.3269918,-0.23810303,-0.29685187,-0.3257728,-0.32651642,-0.32696056,-0.23813824,-0.27598393,-0.3194767,-0.32711124,-0.29547745,-0.23830235,-0.29674274,-0.32570744,-0.32595894,0.631869,-0.23794329,-0.2968634,-0.32642692,-0.32591984,-0.32551542,-0.23830351,-0.31196946,-0.29685342,0.6168189,-0.29751045
k__Bacteria|p__Proteobacteria|c__Gammaproteobacteria|o__Pasteurellales|f__Pasteurellaceae|g__Haemophilus|s__parainfluenzae,-0.24086887,-0.3007004,-0.33042473,-0.33007318,-0.3322257,-0.24075934,-0.3008193,-0.3327108,-0.29957908,-0.32870436,-0.24077311,-0.3010748,-0.33036548,-0.330353,-0.33020222,-0.24090868,-0.3005577,-0.33031195,-0.33046108,-0.3301689,-0.24068238,-0.30067524,-0.3300147,-0.33065164,-0.3299652,-0.24079329,-0.3011235,-0.33026737,-0.32999063,-0.33000186,-0.24082884,-0.30070084,-0.33015665,-0.33023906,-0.3297606,-0.24064106,-0.30034032,-0.30003113,0.60993147,-0.33115095,-0.24105968,1.0135772,-0.32989863,-0.33024505,-0.29891074,-0.24085,-0.300555,-0.32994586,-0.32977512,-0.3301964,-0.24059716,-0.30054986,-0.33029628,-0.32997614,-0.33487758,-0.24081793,-0.30071396,-0.33048478,-0.33042437,-0.3304445,-0.24081391,-0.3006242,-0.33042884,-0.33020848,-0.33054775,-0.24081603,-0.30036888,-0.33024538,-0.3303238,-0.3305105,-0.24029559,-0.27598393,-0.32777873,-0.33043948,-0.29966724,-0.2408105,-0.30062392,-0.33005074,-0.3300925,0.6039837,-0.2406502,-0.30085328,-0.33043075,-0.3302653,-0.32981318,-0.24102241,-0.31196946,-0.30058002,-0.33007872,-0.30087373
k__Bacteria|p__Proteobacteria|c__Betaproteobacteria|o__Burkholderiales|f__Alcaligenaceae|g__Sutterella|s__unclassified,0.49951285,0.62348306,0.6850209,0.6845492,0.83567923,0.49933928,0.6235979,0.8392248,0.6213236,0.6802527,0.4994167,0.6240606,0.6853006,0.6851714,0.68500173,0.49944925,0.6234554,0.68476593,0.68549323,0.6844108,0.49912435,0.62370276,0.6842951,0.68596435,0.6841409,0.49944007,0.62443125,0.6848715,0.68464684,0.68408644,0.4994665,0.62360156,0.68453634,0.68500316,0.6835886,0.49932438,0.6232009,0.6220459,0.66220075,0.6874796,0.49978966,-0.30590335,0.6845341,0.68475056,0.6192254,0.49927354,0.62340546,0.684369,0.68408024,0.684619,0.49911717,0.62351334,0.6846664,0.68476236,0.8729177,0.49942327,0.62386584,0.68503344,0.68534267,0.6849668,0.4995231,0.62337834,0.6847491,0.6851152,0.6857089,0.49963456,0.62340677,0.6845591,0.6856872,0.6855651,0.50036395,-0.27598393,0.67642784,0.6865597,0.6211246,0.49969417,0.6234822,0.68447876,0.68487275,0.6816002,0.49937424,0.6237314,0.68532246,0.6850753,0.6840023,0.4996338,0.5071543,0.6234329,1.2099097,0.6241094
k__Bacteria|p__Proteobacteria|c__Gammaproteobacteria|o__Pasteurellales|f__Pasteurellaceae|g__Haemophilus|s__unclassified,0.43989572,0.5487055,0.60247743,0.6019604,0.5680913,0.43968183,0.5489813,-0.3327108,0.54550445,0.59625757,0.43980625,0.5494948,0.60282767,0.6026989,0.6026554,0.43993852,0.5484911,0.60235256,0.60310036,0.6018513,0.43946576,0.5489724,0.6016759,0.60383517,0.6014923,0.43975896,0.5497904,0.60236025,0.6019,0.6014948,0.43993968,0.5487684,0.6023152,0.6024201,0.60070795,0.43969083,0.54813194,0.54660565,0.60399556,0.60595894,0.4405527,1.1294252,0.60163045,0.6019624,0.5429984,0.439699,0.5484731,0.60172784,0.6014184,0.60230374,0.43940276,0.548375,0.60203314,0.60203594,0.64317954,0.43977708,0.54923624,0.602546,0.60258937,0.60264945,0.4399057,0.54850817,0.60231227,0.6029165,0.6039719,0.44011354,0.5482951,0.6022805,0.6034595,0.60354924,0.44077075,-0.27598393,0.5892397,0.60414565,0.5451449,0.44003984,0.54845667,0.6020282,0.60240424,0.7539841,0.43974105,0.5490149,0.6027615,0.6026683,0.60138583,0.44005436,0.3868549,0.54863065,0.63141596,0.5496973
k__Bacteria|p__Proteobacteria|c__Alphaproteobacteria|o__RF32|f__unclassified|g__unclassified|s__unclassified,0.025907718,0.032428592,0.035838973,0.03557317,0.7575573,0.026005113,0.03240591,-0.3327108,0.03263466,0.03560349,0.026197696,0.032480035,0.035812456,0.035782285,0.035765693,0.025996115,0.03257787,0.035850294,0.03582389,0.035693698,0.025968416,0.032497797,0.035792723,0.03575944,0.035909593,0.026086267,0.032426648,0.035793595,0.035742193,0.03570213,0.026066232,0.032528624,0.03569846,0.035802566,0.03574446,0.026059426,0.032474745,0.0325381,0.9252892,0.03562906,0.02618851,-0.30590335,0.03557918,0.03572151,0.03258109,0.026069522,0.0324748,0.03579679,0.03593969,0.03571,0.026033124,0.03232323,0.03578812,0.035801373,0.70824355,0.02596298,0.032555617,0.03566148,0.03571018,0.035539612,0.026039151,0.032429527,0.035760943,0.035705358,0.03568878,0.02600771,0.03237143,0.035632044,0.03559476,0.035742138,0.026171109,-0.27598393,0.03565862,0.03567245,0.032255128,0.025854617,0.032465756,0.035722427,0.035681233,-0.32943356,0.026050981,0.032654468,0.035714276,0.03569451,0.035852566,0.025905995,0.39758262,0.032532506,0.65958023,0.032570045
k__Bacteria|p__Actinobacteria|c__Actinobacteria|o__Actinomycetales|f__Actinomycetaceae|g__Actinomyces|s__unclassified,-0.24168263,-0.30174387,-0.33193675,-0.33153355,-0.3322257,-0.24163234,-0.3018915,-0.3327108,-0.30170208,-0.33110565,-0.2415734,-0.3019836,-0.33174837,-0.33177114,-0.33182225,-0.24167371,-0.30196577,-0.33169776,-0.33185124,-0.33177274,-0.24162516,-0.30193585,-0.3316843,-0.33186477,-0.33169514,-0.24162929,-0.30214083,-0.33178383,-0.33167148,-0.33162278,-0.24161641,-0.30194324,-0.3316066,-0.33175594,-0.33160257,-0.24163607,-0.30183047,-0.30169058,-0.3328914,-0.33221248,-0.2417419,1.0222162,-0.33186948,-0.33168536,-0.30136952,-0.24163437,-0.3018918,-0.33164033,-0.3315473,-0.33174855,-0.24161854,-0.30191708,-0.3317763,-0.3316061,-0.33487758,-0.24174851,-0.30192763,-0.3317086,-0.3318267,-0.3318149,-0.24174303,-0.30184472,-0.3318999,-0.33173525,-0.33197334,-0.24170887,-0.3019336,-0.33169717,-0.3318668,-0.3320157,-0.24183726,-0.27598393,-0.33000165,-0.33248562,-0.30156663,-0.24176753,-0.30185133,-0.33170575,-0.3318069,-0.32943356,-0.24162634,-0.30189353,-0.33191583,-0.33167565,-0.33168936,-0.24175516,-0.31196946,-0.30179787,-0.33007872,-0.3019904
k__Bacteria|p__Actinobacteria|c__Actinobacteria|o__Actinomycetales|f__Actinomycetaceae|g__Parascardovia|s__unclassified,-0.24238026,-0.30263218,-0.33237958,-0.33215475,-0.3322257,-0.24231035,-0.3024106,-0.3327108,-0.30216205,-0.33130503,-0.24235338,-0.30271006,-0.3324021,-0.33230585,-0.33215314,-0.24224842,-0.30237034,-0.3322933,-0.33239228,-0.33215484,-0.24218181,-0.3024612,-0.33217102,-0.33250022,-0.33209196,-0.2422699,-0.30265975,-0.33236703,-0.33233428,-0.3321114,-0.24227242,-0.30258206,-0.33217007,-0.33226484,-0.33207712,-0.24218543,-0.30235875,-0.30222,-0.3328914,-0.3325671,-0.24235547,-0.30590335,-0.33214396,-0.33250532,-0.3015923,-0.24230297,-0.30237642,-0.3321432,-0.3321373,-0.3322227,-0.24219242,-0.30240357,-0.3323322,-0.3319227,-0.33487758,-0.24233335,-0.30244708,-0.3324855,-0.33238515,-0.33226076,-0.2422498,-0.30239838,-0.33224684,-0.3321116,-0.33220422,-0.24221313,-0.3023004,-0.33219698,-0.33225846,-0.33229446,-0.24238071,-0.27598393,-0.33208835,-0.33222437,-0.30226237,-0.24232,-0.30253613,-0.33209813,-0.33212656,-0.32943356,-0.2422248,-0.3026157,-0.33239692,-0.3323136,-0.33207348,-0.24234906,-0.31196946,-0.30237627,-0.33007872,-0.30250934
k__Bacteria|p__Actinobacteria|c__Actinobacteria|o__Actinomycetales|f__Corynebacteriaceae|g__Corynebacterium|s__unclassified,-0.24202698,-0.30236787,-0.3323517,-0.33230117,-0.3322257,-0.24197817,-0.30236498,-0.3327108,-0.30232072,-0.33204374,-0.24194497,-0.30244794,-0.33236948,-0.33238164,-0.33238566,-0.24196422,-0.3023396,-0.33234805,-0.3323813,-0.33234575,-0.24197236,-0.3024148,-0.33233416,-0.33245355,-0.33227465,-0.24195263,-0.30245876,-0.33236462,-0.33234984,-0.33229,-0.241972,-0.3023744,-0.33230054,-0.33235395,-0.33228585,-0.2419815,-0.30233636,-0.30237365,-0.3328914,-0.3325261,-0.24205256,-0.30590335,-0.33240056,-0.33232215,-0.30216962,-0.24199425,-0.3023333,-0.33232588,-0.3323025,-0.33235604,-0.24194717,-0.3023358,-0.33228403,-0.3323726,-0.33487758,-0.24198397,-0.30241036,-0.33234948,-0.3323473,-0.33237034,-0.24198857,-0.30235246,-0.33236158,-0.33237356,-0.3324145,-0.24202114,-0.3023942,-0.33241892,-0.33246368,-0.33245987,-0.24181762,-0.27598393,-0.3316399,-0.3325659,-0.30233818,-0.24201289,-0.30240852,-0.3323483,-0.33239067,-0.32943356,-0.2419839,-0.30238402,-0.33239436,-0.33234763,-0.33234614,-0.24197939,-0.31196946,-0.3023504,-0.33007872,-0.30240023
k__Bacteria|p__Actinobacteria|c__Actinobacteria|o__Actinomycetales|f__Micrococcaceae|g__Rothia|s__mucilaginosa,-0.24200302,-0.30220783,-0.33228898,-0.33193952,-0.3322257,-0.24197596,-0.30213857,-0.3327108,-0.30206805,-0.33168206,-0.24198946,-0.30242068,-0.3322967,-0.33216685,-0.33207113,-0.24195614,-0.30218375,-0.33213615,-0.332115,-0.3320523,-0.24184334,-0.30210316,-0.33209243,-0.33212876,-0.3321154,-0.24199049,-0.30237013,-0.33223718,-0.33212334,-0.33197644,-0.24201933,-0.30219263,-0.33211595,-0.33203286,-0.33205688,-0.2419619,-0.30216238,-0.302175,-0.3328914,-0.33224458,-0.24200973,-0.30590335,-0.33245414,-0.33242482,-0.302002,-0.24193844,-0.30210137,-0.3320112,-0.33198696,-0.33195758,-0.24191812,-0.30219734,-0.33212727,-0.33198315,-0.33487758,-0.24199787,-0.30225363,-0.3322624,-0.33220565,-0.33200443,-0.24194136,-0.30213234,-0.33207148,-0.33185267,-0.3320682,-0.24198358,-0.30208433,-0.33202207,-0.33185923,-0.33194423,-0.24238813,-0.27598393,-0.33186805,-0.33241996,-0.30231142,-0.24207461,-0.30217886,-0.3320236,-0.3318671,-0.32943356,-0.24188536,-0.30227163,-0.33224595,-0.332016,-0.33189854,-0.24215707,0.3884449,-0.3022684,-0.33007872,-0.3019963
k__Bacteria|p__Actinobacteria|c__Actinobacteria|o__Bifidobacteriales|f__Bifidobacteriaceae|g__Bifidobacterium|s__longum,0.51476556,0.64258957,0.7061046,0.7056352,0.56595737,0.51449054,0.64272726,0.85041636,0.6412207,0.70366013,0.514601,0.6432662,0.7062366,0.7061889,0.70617247,0.51473445,0.6424339,0.7060623,0.7063695,0.70589536,0.5144447,0.64271975,0.70563483,0.70672786,0.7055917,0.5146233,0.6432788,0.7059622,0.705619,0.7054903,0.5145999,0.64263594,0.70572424,0.7061282,0.7052705,0.5144325,0.64233375,0.6417535,0.6324291,0.7074921,0.5152042,1.417218,0.70572734,0.70581675,0.6401316,0.5146506,0.6424093,0.7056291,0.7053741,0.7060127,0.5142724,0.64228433,0.70578635,0.70577013,0.64030355,0.5146166,0.64281094,0.7062386,0.7061887,0.7061764,0.51470006,0.64240044,0.7061881,0.7059071,0.70661414,0.5147638,0.642341,0.7060211,0.70634145,0.70679706,0.51374185,1.8303907,0.701656,0.706584,0.6409563,0.5147152,0.64249873,0.70570993,0.7059482,0.6033259,0.5145221,0.6427644,0.70621127,0.7058904,0.70559084,0.5148472,0.73434216,0.64230657,0.706801,0.6430311
k__Bacteria|p__Actinobacteria|c__Actinobacteria|o__Bifidobacteriales|f__Bifidobacteriaceae|g__Bifidobacterium|s__adolescentis,-0.2406047,-0.3003462,-0.33003217,-0.32976773,-0.3322257,-0.2404828,-0.30030146,1.4467334,-0.29987872,-0.32917228,-0.2404215,-0.30053952,-0.32990837,-0.32995993,-0.3297701,-0.2404433,-0.30031863,-0.32974017,-0.3300895,-0.32986593,-0.2404181,-0.30031556,-0.3297974,-0.33002418,-0.32977432,-0.2404353,-0.300597,-0.3298939,-0.32993045,-0.32972687,-0.24041638,-0.30037472,-0.32969582,-0.32999337,-0.32977808,-0.24043213,-0.3003027,-0.3000877,0.6408804,-0.33026257,-0.24041522,-0.30590335,-0.33000958,-0.3299257,-0.29940647,-0.24041352,-0.30033535,-0.32972455,-0.32968265,-0.32980263,-0.24044344,-0.30037907,-0.33003002,-0.32968116,-0.33487758,-0.24051945,-0.30026996,-0.33007473,-0.33016527,-0.32999933,-0.24043824,-0.3003205,-0.3300112,-0.32975417,-0.32979727,-0.24045128,-0.30040634,-0.329732,-0.3299415,-0.32996398,-0.24019474,-0.27598393,-0.32962435,-0.33029854,-0.29981673,-0.24058077,-0.30038494,-0.32970965,-0.3298375,-0.32943356,-0.24043138,-0.30029413,-0.33010477,-0.32990068,-0.32968354,-0.24065529,0.39038485,-0.30017346,-0.33007872,-0.30037415
k__Bacteria|p__Actinobacteria|c__Actinobacteria|o__Bifidobacteriales|f__Bifidobacteriaceae|g__Bifidobacterium|s__unclassified,0.43433863,0.5418223,0.5952046,0.5944819,0.59629357,0.43405795,0.54192036,0.5592709,0.5393443,0.5909135,0.43411705,0.5426833,0.59531003,0.59526885,0.59503484,0.434382,0.541696,0.594975,0.5954636,0.5947254,0.43382603,0.5418672,0.59430254,0.5959398,0.59428984,0.43430722,0.54296625,0.5949179,0.59433055,0.59423447,0.4342996,0.5418192,0.59451616,0.59502757,0.59372735,0.43391266,0.5413351,0.5403295,-0.3328914,0.59748435,0.43468046,2.016435,0.5946797,0.5951206,0.53736377,0.43416536,0.5415648,0.59420264,0.59370446,0.5946625,0.43377525,0.54170334,0.5947729,0.59447384,0.7848596,0.43422565,0.5421652,0.5953674,0.5954312,0.59526527,0.4342603,0.5415867,0.59509945,0.5948256,0.59572864,0.4343766,0.54134935,0.594774,0.5954066,0.59588647,0.4341067,1.3318449,0.58838403,0.5962533,0.53941786,0.4344539,0.541748,0.59432995,0.5947281,0.7555266,0.43401802,0.54215497,0.5953529,0.5949131,0.59388065,0.43474063,0.39740768,0.54156923,-0.33007872,0.5423016
k__Bacteria|p__Cyanobacteria|c__4C0d-2|o__YS2|f__unclassified|g__unclassified|s__unclassified,-0.24171233,-0.3017488,-0.33154002,-0.3307097,-0.3322257,-0.24163166,-0.30149576,-0.3327108,-0.30007288,-0.32708877,-0.24156466,-0.30190903,-0.33164918,-0.33143777,-0.33116105,-0.24157417,-0.30172098,-0.33099762,-0.33160758,-0.33095312,-0.24131241,-0.30168158,-0.33089715,-0.33176485,-0.33076602,-0.24160519,-0.30231345,-0.33131713,-0.3312599,-0.33057895,-0.24168137,-0.30176577,-0.3306546,-0.33113134,-0.33038515,-0.24159648,-0.3013509,-0.30070978,-0.3328914,-0.33322915,-0.24180341,-0.30590335,-0.3318218,-0.3314993,-0.29837298,-0.24142075,-0.30141222,-0.33069992,-0.33051634,-0.33085364,-0.24158275,-0.3017921,-0.33078817,-0.331101,-0.33487758,-0.24169108,-0.3018163,-0.33124235,-0.33146662,-0.3311804,-0.24159488,-0.30149376,-0.33101082,-0.33119768,-0.33178425,-0.24171665,-0.3016526,-0.33093083,-0.3315258,-0.33193153,-0.24294277,-0.27598393,-0.32560974,-0.33254126,-0.30066687,-0.24203297,-0.3017942,-0.33063722,-0.33111596,-0.32943356,-0.24168283,-0.30169755,-0.3316453,-0.33124602,-0.33046973,-0.241817,-0.31196946,-0.30162072,0.63771725,-0.3019054
k__Bacteria|p__Cyanobacteria|c__Chloroplast|o__Streptophyta|f__unclassified|g__unclassified|s__unclassified,-0.24139643,-0.30115753,-0.3312692,-0.3310309,-0.3322257,-0.24131772,-0.30142325,-0.3327108,-0.30070454,-0.33008197,-0.24124256,-0.3015645,-0.33100352,-0.331153,-0.33113414,-0.24143738,-0.30144468,-0.33096963,-0.33127183,-0.33101422,-0.24133031,-0.30140758,-0.33085036,-0.33134362,-0.3309464,-0.24136367,-0.30163702,-0.33104235,-0.33090472,-0.33094728,-0.24130583,-0.3013592,-0.33099997,-0.3311265,-0.3307183,-0.24132621,-0.30126828,-0.30089134,-0.3328914,-0.33194846,-0.24137264,-0.30590335,-0.3308668,-0.33070356,-0.3001418,-0.24134651,-0.30138683,-0.33097056,-0.33078372,-0.33107302,-0.2412281,-0.301387,-0.3310969,-0.33137274,0.6349874,-0.24141537,-0.30146548,-0.33100057,-0.3314011,-0.3312153,-0.24146068,-0.30138317,-0.33123943,-0.33127546,-0.3313441,-0.24136126,-0.30135274,-0.33082128,-0.33136094,-0.3314361,-0.24118286,-0.27598393,-0.3295761,-0.33213493,-0.29993758,-0.24142884,-0.3012541,-0.33106622,-0.33117262,-0.32943356,-0.24122024,-0.30133575,-0.33133674,-0.33107495,-0.33101606,-0.24148828,-0.31196946,-0.3012783,-0.33007872,-0.3015622
k__Bacteria|p__Fusobacteria|c__Fusobacteria|o__Fusobacteriales|f__Fusobacteriaceae|g__Fusobacterium|s__unclassified,-0.24151804,-0.3014936,-0.33159703,-0.33091822,-0.3322257,-0.24142274,-0.30145597,-0.3327108,-0.30079785,-0.33031666,-0.24125952,-0.30174613,-0.33119994,-0.3312244,-0.33100465,-0.24155673,-0.3015015,-0.3313154,-0.33146462,-0.33126268,-0.24137042,-0.301563,-0.33108395,-0.33144528,-0.33109426,-0.24127597,-0.30187377,-0.33132523,-0.33106506,-0.33106726,-0.24133432,-0.30160838,-0.33103353,-0.33113515,-0.33089283,-0.24129584,-0.30110478,-0.30125389,-0.3328914,-0.3319056,-0.24154654,1.0286467,-0.33129817,-0.33099997,-0.30075422,-0.24138565,-0.30135682,-0.33106858,-0.33079845,-0.3311935,-0.24132478,-0.3014937,-0.3314203,-0.33128107,-0.33487758,-0.24147215,-0.3013805,-0.33136398,-0.33147395,-0.33146363,-0.24149498,-0.3016555,-0.33160535,-0.33127403,-0.33147773,-0.24130046,-0.30132538,-0.33115417,-0.33123767,-0.3316399,-0.2405701,-0.27598393,-0.32969826,-0.33160925,-0.3008773,-0.24148968,-0.30151367,-0.3310277,-0.33104968,-0.32943356,-0.24130058,-0.3015234,-0.33170614,-0.33110714,-0.3310758,-0.2416524,-0.31196946,-0.3015039,-0.33007872,-0.30161616
k__Bacteria|p__Fusobacteria|c__Fusobacteria|o__Fusobacteriales|f__Fusobacteriaceae|g__unclassified|s__unclassified,-0.24178182,-0.3019151,-0.33183175,-0.33153784,-0.3322257,-0.24165598,-0.30184725,-0.3327108,-0.30172533,-0.33069676,-0.24165764,-0.3021477,-0.3319444,-0.33182096,-0.3318597,-0.24165455,-0.30182654,-0.33184317,-0.33183932,-0.33167958,-0.24157014,-0.30196673,-0.3316868,-0.3321164,-0.33158588,-0.24161246,-0.30219394,-0.33182618,-0.33169866,-0.33153677,-0.2416471,-0.301949,-0.33166784,-0.33172643,-0.33147478,-0.24162558,-0.30171463,-0.30172047,-0.3328914,-0.33236372,-0.2419655,-0.30590335,-0.33186966,-0.3319089,-0.3012113,-0.24167562,-0.3017251,-0.3316424,-0.33152288,-0.33174676,-0.24150729,-0.30168954,-0.33162534,-0.33156848,-0.33487758,-0.24172217,-0.3020284,-0.33185768,-0.33168608,-0.33178377,-0.24169281,-0.3017739,-0.33174786,-0.3317089,-0.3320462,-0.24174115,-0.3017462,-0.33193052,-0.33196497,-0.33212334,-0.24180302,-0.27598393,-0.32905146,-0.33236128,-0.30189607,-0.24175586,-0.30194768,-0.3316263,-0.3317242,-0.32943356,-0.2416697,-0.30202296,-0.331868,-0.33169055,-0.33162636,-0.24166693,-0.31196946,-0.3017774,-0.33007872,-0.3019709
k__Bacteria|p__Tenericutes|c__Mollicutes|o__RF39|f__unclassified|g__unclassified|s__unclassified,-0.24187553,-0.3020895,-0.3321012,-0.33187163,-0.3322257,-0.24193934,-0.30216098,-0.3327108,-0.30165985,-0.33119005,-0.24181882,-0.30216986,-0.33197892,-0.33203465,-0.33199143,-0.241994,-0.3021407,-0.33189797,-0.33208436,-0.33197713,-0.24183643,-0.30212292,-0.33185643,-0.3320896,-0.33185583,-0.24193302,-0.30232567,-0.33201557,-0.3318497,-0.33187407,-0.24188013,-0.30214918,-0.33176434,-0.33192992,-0.33179075,-0.24178684,-0.3019076,-0.30181432,-0.3328914,-0.33248132,-0.2419059,-0.30590335,-0.33194894,-0.33196127,-0.3012405,-0.24194396,-0.30206978,-0.33182675,-0.33170187,-0.33191603,-0.24179001,-0.30204692,-0.3320373,-0.33179435,-0.33487758,-0.2419088,-0.3020238,-0.3318982,-0.33209687,-0.33201557,-0.24192372,-0.30209514,-0.33202273,-0.33193928,-0.33201575,-0.24192417,-0.30203235,-0.3319025,-0.33203778,-0.33210403,-0.2419784,-0.27598393,-0.3311754,-0.3325587,-0.30167738,-0.2419272,-0.3021706,-0.3318377,-0.3319887,-0.32943356,-0.24181366,-0.30211037,-0.33200622,-0.3319801,-0.33175713,-0.24193116,-0.31196946,-0.3020649,-0.33007872,-0.30219743
k__Bacteria|p__Verrucomicrobia|c__Verrucomicrobiae|o__Verrucomicrobiales|f__Verrucomicrobiaceae|g__Akkermansia|s__muciniphila,0.441077,0.55061454,0.60479605,0.6041627,-0.3322257,0.4409117,0.5506201,-0.3327108,0.54847896,0.6004343,0.44098392,0.55113214,0.60479426,0.6049115,0.6046336,0.44113678,0.5505086,0.60460824,0.60519457,0.60440207,0.44077244,0.55070126,0.6040696,0.6055131,0.6040139,0.44094646,0.55138695,0.60450333,0.60418653,0.60397303,0.4410088,0.55070984,0.6041527,0.60469115,0.6035829,0.4407891,0.5500247,0.5492184,0.7370884,0.60680366,0.44153783,-0.30590335,0.6039934,0.60445815,0.546489,0.4410872,0.5503798,0.6040404,0.60379946,0.60446817,0.44073847,0.55030036,0.60453343,0.6038227,0.64520085,0.44101548,0.55067134,0.60474396,0.6048416,0.6048415,0.44103298,0.55043995,0.6048268,0.60475904,0.60529655,0.4411318,0.55017906,0.6046157,0.6051972,0.6054336,0.44083792,-0.27598393,0.5974437,0.60559064,0.54791903,0.44107044,0.55060416,0.60409474,0.60463244,0.60170937,0.4409813,0.55083746,0.60481805,0.6047343,0.60381436,0.4412225,0.5839266,0.55028737,0.6137281,0.5512373
