#OTU ID,E002338.0,E002338.1,E002338.2,E002338.3,E002338.4,E002473.0,E002473.1,E002473.2,E002473.3,E002473.4,E004934.0,E004934.1,E004934.2,E004934.3,E004934.4,E005804.0,E005804.1,E005804.2,E005804.3,E005804.4,E008437.0,E008437.1,E008437.2,E008437.3,E008437.4,E008643.0,E008643.1,E008643.2,E008643.3,E008643.4,E012393.0,E012393.1,E012393.2,E012393.3,E012393.4,E012678.0,E012678.1,E012678.2,E012678.3,E012678.4,E016148.0,E016148.1,E016148.2,E016148.3,E016148.4,E017049.0,E017049.1,E017049.2,E017049.3,E017049.4,E018421.0,E018421.1,E018421.2,E018421.3,E018421.4,E019187.0,E019187.1,E019187.2,E019187.3,E019187.4,E019349.0,E019349.1,E019349.2,E019349.3,E019349.4,E022960.0,E022960.1,E022960.2,E022960.3,E022960.4,E023535.0,E023535.1,E023535.2,E023535.3,E023535.4,E023681.0,E023681.1,E023681.2,E023681.3,E023681.4,E025921.0,E025921.1,E025921.2,E025921.3,E025921.4,E030828.0,E030828.1,E030828.2,E030828.3,E030828.4
k__Bacteria|p__Firmicutes|c__Clostridia|o__Clostridiales|f__Veillonellaceae|g__Megasphaera|s__micronuciformis,-0.2646252,-0.3242484,-0.3261127,-0.32706067,-0.32807505,-0.2646276,-0.3258366,-0.3248819,-0.32703653,-0.32499093,-0.2646271,-0.32424915,-0.32610726,-0.32706228,-0.32806587,-0.26469326,-0.32424644,-0.32610813,-0.3270558,-0.32806772,-0.26466507,-0.32424748,-0.32612175,-0.3270542,-0.3280583,-0.26467043,-0.3242551,-0.32611367,-0.32705683,-0.3280607,-0.26466614,-0.32425278,-0.32611609,-0.32705802,-0.32807928,-0.2646679,-0.32432246,-0.32488847,-0.3270351,-0.32502726,-0.2646437,-0.32423896,-0.32611704,-0.32705373,-0.32807016,-0.26467735,-0.31692833,-0.3248967,-0.3270225,-0.3255994,-0.26469144,-0.32425076,-0.32986963,-0.32436597,-0.32595938,-0.2646018,-0.32424647,-0.32612064,-0.32707685,-0.33141193,-0.2646492,-0.3242395,-0.32636124,-0.32440108,-0.32587597,-0.26466003,-0.3242656,-0.27669096,-0.32439244,-0.32587424,-0.2646612,-0.32424957,-0.3261084,-0.32706422,-0.32806015,-0.2645892,-0.32421735,-0.32498956,-0.30701396,-0.32632056,-0.2646146,-0.32423568,-0.32611158,-0.32706356,-0.32806093,-0.2646205,-0.32425195,-0.3261149,-0.3270396,-0.3280785
k__Bacteria|p__Firmicutes|c__Clostridia|o__Clostridiales|f__Veillonellaceae|g__Megasphaera|s__geminatus,-0.265731,-0.32515067,-0.32702166,-0.327982,-0.32900566,-0.26573652,-0.3258366,-0.32580072,-0.3279581,-0.32588738,-0.2657204,-0.32515132,-0.32701635,-0.32798344,-0.32899445,-0.26579553,-0.32514885,-0.3270172,-0.32797712,-0.3289978,-0.2657795,-0.32514995,-0.3270306,-0.32797557,-0.32898688,-0.26578212,-0.32515734,-0.32702258,-0.32797813,-0.3289935,-0.26577377,-0.325155,-0.32702506,-0.32797927,-0.3290112,-0.26578015,-0.32432246,-0.32580712,-0.3279567,-0.32592067,-0.26575232,-0.32514137,-0.32702595,-0.3279752,-0.3289968,-0.26578817,-0.31692833,-0.32581526,-0.32794428,-0.3255994,-0.26579258,-0.325153,-0.32986963,-0.3252662,-0.32680488,-0.26570594,-0.32514876,-0.32702947,-0.32799774,-0.33141193,-0.26575887,-0.32514203,-0.32636124,-0.32530117,-0.32678014,-0.26576567,-0.32516772,-0.27669096,-0.3252913,-0.32668942,-0.2657597,-0.32515186,-0.3270175,-0.32798547,-0.32899022,-0.26569512,-0.3251201,-0.32588884,-0.30701396,-0.32724202,-0.2657168,-0.325138,-0.3270206,-0.32798475,-0.3289881,-0.26573047,-0.32515424,-0.3270238,-0.32796094,-0.32898426
k__Bacteria|p__Firmicutes|c__Bacilli|o__unclassified|f__unclassified|g__unclassified|s__unclassified,-0.266215,-0.32524034,-0.32686025,-0.32817352,-0.32937294,-0.26621267,-0.3258366,-0.327152,-0.3282211,-0.32590526,-0.26619428,-0.3252387,-0.3268708,-0.32817054,-0.32939008,-0.266087,-0.3252442,-0.3268692,-0.3281833,-0.3293867,-0.26613247,-0.32524216,-0.32684237,-0.32818618,-0.3294049,-0.26612592,-0.32522702,-0.32685828,-0.32818118,-0.32939577,-0.26612774,-0.32523164,-0.32685348,-0.3281788,-0.32936496,-0.2661346,-0.32432246,-0.32713908,-0.328224,-0.32583296,-0.26616716,-0.32525873,-0.32685167,-0.3281865,-0.32936403,-0.26610988,-0.31692833,-0.32712287,-0.32824874,-0.3255994,-0.2660837,-0.32523584,-0.32986963,-0.3250065,-0.32712144,-0.26623836,-0.325244,-0.32684445,-0.32814124,-0.33141193,-0.26615533,-0.32525778,-0.32636124,-0.3249389,-0.32729542,-0.26614198,-0.32520628,-0.27669096,-0.3249519,-0.32711703,-0.2661422,-0.325238,-0.32686865,-0.3281663,-0.32938474,-0.26625407,-0.3253014,-0.3259138,-0.30701396,-0.32748955,-0.266208,-0.32526535,-0.32686237,-0.32816786,-0.32939962,-0.26620078,-0.32523316,-0.3268556,-0.32821432,-0.3293586
k__Bacteria|p__Firmicutes|c__Bacilli|o__Lactobacillales|f__Enterococcaceae|g__Enterococcus|s__unclassified,-0.26543063,-0.32442594,-0.32624364,-0.32727787,-0.32834297,-0.26543945,-0.3258366,-0.32533425,-0.3272685,-0.3251443,-0.2654306,-0.324426,-0.3262416,-0.3272785,-0.32833987,-0.26546937,-0.32442522,-0.3262419,-0.327276,-0.32833567,-0.26545691,-0.32442558,-0.32624716,-0.3272754,-0.32833356,-0.26546067,-0.32442853,-0.32624406,-0.3272764,-0.32833427,-0.26545718,-0.32442766,-0.32624495,-0.3272769,-0.3283412,-0.2654576,-0.32432246,-0.32533672,-0.32726803,-0.3251568,-0.26544446,-0.32442218,-0.3262453,-0.3272754,-0.3283382,-0.26546228,-0.31692833,-0.3253399,-0.32726312,-0.3255994,-0.26546708,-0.32442686,-0.32986963,-0.32447135,-0.32621628,-0.26541287,-0.32442522,-0.32624674,-0.32728425,-0.33141193,-0.26543993,-0.3244225,-0.32636124,-0.32448506,-0.32617003,-0.26544654,-0.32443258,-0.27669096,-0.32448202,-0.32610613,-0.26544803,-0.32442635,-0.3262419,-0.32727927,-0.32833856,-0.26540622,-0.32441375,-0.32514635,-0.30701396,-0.32655507,-0.26541892,-0.3244208,-0.32624325,-0.32727906,-0.32833385,-0.26543272,-0.32442713,-0.32624468,-0.32727006,-0.32833952
k__Bacteria|p__Firmicutes|c__Clostridia|o__Clostridiales|f__Clostridiaceae|g__Clostridium|s__perfringens,-0.26531345,-0.32443196,-0.32606488,-0.32734445,-0.32851893,-0.2653124,-0.3258366,-0.32624087,-0.32738665,-0.32509923,-0.26529798,-0.32443044,-0.32607424,-0.32734174,-0.32853103,-0.26520377,-0.3244353,-0.3260728,-0.32735312,-0.32853174,-0.2652454,-0.32443354,-0.3260491,-0.3273557,-0.3285453,-0.26523837,-0.32442015,-0.3260632,-0.32735115,-0.32853827,-0.2652437,-0.3244242,-0.32605892,-0.32734913,-0.3285122,-0.26524448,-0.32432246,-0.3262294,-0.32738918,-0.32503325,-0.2652751,-0.32444823,-0.32605726,-0.32735562,-0.32849574,-0.26522407,-0.31692833,-0.3262151,-0.32741112,-0.3255994,-0.26520053,-0.32442784,-0.32986963,-0.32422423,-0.32621458,-0.26533523,-0.32443517,-0.32605088,-0.3273157,-0.33141193,-0.26526496,-0.3244474,-0.32636124,-0.32416457,-0.32641435,-0.26524973,-0.32440174,-0.27669096,-0.32417428,-0.32609499,-0.26525292,-0.32442984,-0.3260724,-0.3273379,-0.3285133,-0.2653517,-0.32448596,-0.3251111,-0.30701396,-0.32665,-0.26530412,-0.324454,-0.3260668,-0.32733938,-0.3285405,-0.26530847,-0.32442552,-0.3260607,-0.3273802,-0.32848436
k__Bacteria|p__Firmicutes|c__Clostridia|o__Clostridiales|f__Clostridiaceae|g__Peptoniphilus|s__asaccharolyticus,-0.26530528,-0.32447362,-0.326257,-0.3273332,-0.32841513,-0.2653208,-0.3258366,-0.3255431,-0.32733327,-0.3251863,-0.26530105,-0.32447335,-0.32625696,-0.3273332,-0.32841533,-0.2653239,-0.3244736,-0.326257,-0.32733327,-0.32841456,-0.26532042,-0.32447356,-0.32625696,-0.32733318,-0.328414,-0.26532212,-0.3244736,-0.326257,-0.3273332,-0.32841295,-0.26531738,-0.32447356,-0.32625693,-0.3273332,-0.32841498,-0.2653209,-0.32432246,-0.3255431,-0.3273333,-0.32518765,-0.2653118,-0.32447344,-0.32625693,-0.3273328,-0.32840735,-0.26532027,-0.31692833,-0.32554305,-0.32733327,-0.3255994,-0.2653218,-0.32447362,-0.32986963,-0.3244727,-0.32624874,-0.2652934,-0.3244735,-0.32625693,-0.32733285,-0.33141193,-0.26531133,-0.32447362,-0.32636124,-0.32447308,-0.32624766,-0.26531732,-0.3244735,-0.27669096,-0.32447165,-0.3261431,-0.26531094,-0.32447356,-0.32625693,-0.32733297,-0.32841048,-0.26529363,-0.32447344,-0.32518834,-0.30701396,-0.3266146,-0.26529267,-0.3244735,-0.32625693,-0.3273332,-0.32841492,-0.2653047,-0.32447332,-0.32625687,-0.3273327,-0.32841414
k__Bacteria|p__Firmicutes|c__Bacilli|o__Bacillales|f__Staphylococcaceae|g__Staphylococcus|s__unclassified,-0.26549408,-0.3242125,-0.3257287,-0.3271749,-0.3284406,-0.2654919,-0.3258366,-0.3266101,-0.32725036,-0.32484943,-0.26546863,-0.32421005,-0.32574552,-0.32717025,-0.3284703,-0.26529428,-0.3242185,-0.3257429,-0.3271904,-0.3284635,-0.26536936,-0.3242151,-0.32570046,-0.3271951,-0.32849258,-0.26535636,-0.32419145,-0.32572567,-0.3271871,-0.32847872,-0.2653625,-0.32419866,-0.32571805,-0.32718337,-0.32842797,-0.26537037,-0.32432246,-0.32658964,-0.32725495,-0.32473755,-0.26542294,-0.32424167,-0.32571518,-0.32719582,-0.3284362,-0.2653307,-0.31692833,-0.32656395,-0.3272941,-0.3255994,-0.26529422,-0.32420522,-0.32986963,-0.32384354,-0.32620776,-0.26553726,-0.32421836,-0.32570392,-0.32712412,-0.33141193,-0.2654056,-0.32424003,-0.32636124,-0.32373554,-0.32643646,-0.26538602,-0.32415855,-0.27669096,-0.32375896,-0.32629907,-0.26538432,-0.3242088,-0.32574207,-0.3271637,-0.3284673,-0.26557335,-0.32430917,-0.32485875,-0.30701396,-0.3265167,-0.26549566,-0.3242522,-0.32573217,-0.32716608,-0.32848626,-0.26548326,-0.3242011,-0.32572162,-0.32724023,-0.32843676
k__Bacteria|p__Firmicutes|c__Bacilli|o__Lactobacillales|f__unclassified|g__unclassified|s__unclassified,-0.2654339,-0.32405853,-0.325553,-0.32702863,-0.32830733,-0.26543096,-0.3258366,-0.32656133,-0.32711,-0.3246879,-0.26540512,-0.32405603,-0.32557124,-0.32702345,-0.32833767,-0.26521218,-0.32406506,-0.32556838,-0.3270452,-0.32833177,-0.2652948,-0.32406154,-0.32552257,-0.3270504,-0.32836193,-0.26528004,-0.32403582,-0.32554972,-0.3270417,-0.32834947,-0.2652871,-0.32404366,-0.32554156,-0.32703766,-0.32829338,-0.26529622,-0.32432246,-0.32653925,-0.3271149,-0.32456467,-0.26535624,-0.32409006,-0.32553846,-0.3270511,-0.3282948,-0.26525405,-0.31692833,-0.32651153,-0.32715717,-0.3255994,-0.26521215,-0.3240506,-0.32986963,-0.32366002,-0.32599178,-0.26549038,-0.32406482,-0.32552624,-0.32697356,-0.33141193,-0.2653399,-0.32408834,-0.32636124,-0.32354367,-0.3262922,-0.26531455,-0.32400042,-0.27669096,-0.3235678,-0.32606757,-0.26531345,-0.32405454,-0.32556742,-0.32701635,-0.32832557,-0.26552212,-0.32416302,-0.3246989,-0.30701396,-0.3263748,-0.265439,-0.32410136,-0.32555676,-0.32701895,-0.32835516,-0.26541984,-0.32404637,-0.3255453,-0.3270986,-0.32828104
k__Bacteria|p__Firmicutes|c__Bacilli|o__Lactobacillales|f__Leuconostocaceae|g__Leuconostoc|s__unclassified,-0.26551118,-0.32449472,-0.32621336,-0.3273821,-0.3285104,-0.26550978,-0.3258366,-0.32589242,-0.32740068,-0.32518685,-0.2655065,-0.32449412,-0.32621747,-0.32738093,-0.32851663,-0.26546308,-0.3244962,-0.32621688,-0.3273859,-0.32851285,-0.26547703,-0.32449538,-0.32620645,-0.32738706,-0.3285215,-0.26547718,-0.32448956,-0.32621264,-0.32738516,-0.32851678,-0.2654778,-0.32449138,-0.32621074,-0.32738417,-0.32850468,-0.2654795,-0.32432246,-0.32588738,-0.3274019,-0.3251565,-0.2654942,-0.32450187,-0.32621,-0.32738715,-0.3285014,-0.26547086,-0.31692833,-0.32588106,-0.32741147,-0.3255994,-0.26546043,-0.32449293,-0.32986963,-0.32440376,-0.3263171,-0.26551986,-0.32449627,-0.32620728,-0.32736966,-0.33141193,-0.2654855,-0.3245015,-0.32636124,-0.32437724,-0.32638115,-0.26547688,-0.3244815,-0.27669096,-0.32438225,-0.3262668,-0.26548368,-0.32449383,-0.32621658,-0.32737923,-0.32850873,-0.26552048,-0.32451856,-0.32519203,-0.30701396,-0.32667893,-0.26550645,-0.32450444,-0.3262142,-0.3273799,-0.32851973,-0.26550573,-0.32449198,-0.32621163,-0.3273983,-0.32850108
k__Bacteria|p__Firmicutes|c__Clostridia|o__Clostridiales|f__Lachnospiraceae|g__Blautia|s__obeum,-0.26578617,-0.32531255,-0.32721847,-0.32813042,-0.329134,-0.26578644,-0.3258366,-0.32578993,-0.3280968,-0.3260638,-0.26579916,-0.32531345,-0.3272109,-0.32813245,-0.32912254,-0.2658772,-0.32530993,-0.3272122,-0.3281235,-0.32911983,-0.26584056,-0.32531136,-0.3272311,-0.32812136,-0.32910728,-0.26584905,-0.3253219,-0.32721984,-0.328125,-0.32911444,-0.2658443,-0.32531863,-0.3272233,-0.32812667,-0.32913724,-0.26584128,-0.32432246,-0.32579905,-0.32809472,-0.32611105,-0.26581788,-0.3252995,-0.3272245,-0.32812113,-0.32913363,-0.2658603,-0.31692833,-0.3258105,-0.3280773,-0.3255994,-0.26587442,-0.32531577,-0.32986963,-0.32547694,-0.32701528,-0.26576278,-0.32530993,-0.32722953,-0.32815307,-0.33141193,-0.2658223,-0.32530028,-0.32636124,-0.32552522,-0.32689902,-0.26582876,-0.32533652,-0.27669096,-0.32551318,-0.32688957,-0.26583356,-0.32531416,-0.3272125,-0.3281353,-0.32911807,-0.26574105,-0.32526934,-0.32606035,-0.30701396,-0.32738644,-0.26577973,-0.3252948,-0.32721698,-0.3281343,-0.32911083,-0.26578894,-0.32531756,-0.32722163,-0.3281014,-0.3291313
k__Bacteria|p__Firmicutes|c__Clostridia|o__Clostridiales|f__Lachnospiraceae|g__Coprococcus|s__eutactus,-0.26609784,-0.32504943,-0.32684544,-0.32791942,-0.32900727,-0.26609784,-0.3258366,-0.3260903,-0.32791746,-0.32576498,-0.26609585,-0.32504946,-0.32684502,-0.32791957,-0.32900956,-0.2661031,-0.32504928,-0.32684505,-0.32791907,-0.32900476,-0.2661,-0.3250494,-0.32684618,-0.32791886,-0.32900405,-0.2661014,-0.32505,-0.32684553,-0.3279192,-0.32900614,-0.26609957,-0.32504982,-0.3268457,-0.32791924,-0.3290071,-0.26610118,-0.32432246,-0.32609087,-0.32791722,-0.32576668,-0.26609835,-0.32504863,-0.32684585,-0.32791895,-0.32900804,-0.2661021,-0.31692833,-0.32609153,-0.32791626,-0.3255994,-0.2661008,-0.32504964,-0.32986963,-0.32505926,-0.32682744,-0.26609278,-0.32504925,-0.32684615,-0.32792076,-0.33141193,-0.26609677,-0.32504874,-0.32636124,-0.32506227,-0.3268205,-0.26609784,-0.3250509,-0.27669096,-0.32506073,-0.32679325,-0.26609635,-0.32504946,-0.32684505,-0.3279198,-0.32900405,-0.26608717,-0.3250469,-0.32576358,-0.30701396,-0.32720584,-0.26609308,-0.32504827,-0.32684535,-0.3279196,-0.32900482,-0.2660934,-0.3250497,-0.32684565,-0.3279177,-0.3290022
k__Bacteria|p__Firmicutes|c__Bacilli|o__Lactobacillales|f__Lactobacillaceae|g__unclassified|s__unclassified,-0.26542524,-0.32395947,-0.32544702,-0.32693315,-0.32821864,-0.26542026,-0.3258366,-0.32649773,-0.3270165,-0.32458818,-0.26540318,-0.3239568,-0.32546556,-0.32692796,-0.32825172,-0.26520053,-0.3239661,-0.3254627,-0.32695025,-0.3282447,-0.26528388,-0.32396245,-0.32541585,-0.32695544,-0.32827604,-0.2652709,-0.32393622,-0.32544366,-0.3269466,-0.32826173,-0.26527905,-0.32394427,-0.32543522,-0.32694244,-0.32820588,-0.2652834,-0.32432246,-0.32647517,-0.32702148,-0.324464,-0.2653489,-0.32399178,-0.32543203,-0.3269562,-0.32821754,-0.26524353,-0.31692833,-0.32644677,-0.3270648,-0.3255994,-0.26519927,-0.32395136,-0.32986963,-0.32355225,-0.32597518,-0.26547605,-0.32396597,-0.3254196,-0.326877,-0.33141193,-0.26532778,-0.32398993,-0.32636124,-0.32343256,-0.3262237,-0.26530096,-0.32389998,-0.27669096,-0.3234582,-0.32601193,-0.2652987,-0.3239553,-0.3254618,-0.3269208,-0.32824934,-0.26551074,-0.32406634,-0.32459697,-0.30701396,-0.32628354,-0.2654287,-0.32400328,-0.32545078,-0.32692325,-0.3282694,-0.265414,-0.32394698,-0.32543918,-0.32700527,-0.32821608
k__Bacteria|p__Firmicutes|c__Erysipelotrichi|o__Erysipelotrichales|f__Erysipelotrichaceae|g__[Eubacterium]|s__biforme,-0.26579046,-0.32447284,-0.32597637,-0.3274445,-0.3287211,-0.26578757,-0.3258366,-0.32694447,-0.327524,-0.32510692,-0.26577464,-0.32447028,-0.32599413,-0.32743955,-0.32875216,-0.2655772,-0.3244791,-0.32599127,-0.32746083,-0.32874623,-0.26565218,-0.32447568,-0.3259466,-0.32746577,-0.32877558,-0.26563987,-0.3244506,-0.32597315,-0.3274573,-0.32876158,-0.2656499,-0.32445836,-0.32596505,-0.32745332,-0.32870784,-0.2656523,-0.32432246,-0.32692292,-0.32752883,-0.32498816,-0.2657176,-0.32450366,-0.3259621,-0.32746643,-0.32871372,-0.26561475,-0.31692833,-0.32689583,-0.3275702,-0.3255994,-0.26557767,-0.3244651,-0.32986963,-0.32408416,-0.32645383,-0.26584682,-0.32447898,-0.32595018,-0.32739085,-0.33141193,-0.2656999,-0.32450196,-0.32636124,-0.32397002,-0.32670307,-0.26567423,-0.32441607,-0.27669096,-0.32399422,-0.32648927,-0.26567692,-0.3244689,-0.3259904,-0.32743257,-0.32874203,-0.2658767,-0.32457483,-0.3251155,-0.30701396,-0.32679015,-0.26579785,-0.32451475,-0.32597998,-0.32743514,-0.3287701,-0.26577836,-0.32446098,-0.32596883,-0.3275131,-0.32871383
k__Bacteria|p__Firmicutes|c__Clostridia|o__Clostridiales|f__Veillonellaceae|g__Dialister|s__invisus,-0.26525897,-0.3236393,-0.3250875,-0.32662648,-0.32793504,-0.26525337,-0.3258366,-0.32636717,-0.32672057,-0.32425147,-0.2652362,-0.32363623,-0.32510844,-0.32662058,-0.3279692,-0.26500696,-0.32364684,-0.32510525,-0.3266458,-0.32796222,-0.2650982,-0.3236427,-0.32505244,-0.32665163,-0.3279979,-0.26508382,-0.32361302,-0.3250838,-0.32664162,-0.3279807,-0.26509228,-0.32362217,-0.3250742,-0.32663694,-0.32791853,-0.26509854,-0.32432246,-0.3263417,-0.32672626,-0.32410967,-0.265172,-0.32367572,-0.32507068,-0.32665217,-0.32791907,-0.26505205,-0.31692833,-0.32630956,-0.3267752,-0.3255994,-0.2650057,-0.3236301,-0.32986963,-0.32317942,-0.32563692,-0.265318,-0.32364666,-0.3250566,-0.32656306,-0.33141193,-0.26514924,-0.32367378,-0.32636124,-0.32304415,-0.3259452,-0.26511827,-0.3235721,-0.27669096,-0.32307228,-0.32563835,-0.26512277,-0.3236347,-0.32510412,-0.32661235,-0.327956,-0.26535374,-0.32375997,-0.32426584,-0.30701396,-0.32598162,-0.2652601,-0.32368886,-0.32509172,-0.32661536,-0.32799026,-0.2652437,-0.3236252,-0.32507867,-0.3267077,-0.32791954
k__Bacteria|p__Firmicutes|c__Clostridia|o__Clostridiales|f__Veillonellaceae|g__Phascolarctobacterium|s__unclassified,-0.26602978,-0.3249469,-0.3265491,-0.32788432,-0.32909203,-0.2660295,-0.3258366,-0.32693884,-0.32793665,-0.32560596,-0.26601362,-0.32494515,-0.32656074,-0.32788116,-0.3291095,-0.26589003,-0.32495108,-0.32655895,-0.32789516,-0.32911032,-0.26593813,-0.32494876,-0.32652962,-0.32789832,-0.32912785,-0.26592997,-0.32493237,-0.32654703,-0.32789278,-0.3291187,-0.26593453,-0.32493734,-0.32654175,-0.32789022,-0.32908475,-0.26594085,-0.32432246,-0.32692468,-0.32793975,-0.3255279,-0.2659793,-0.3249671,-0.32653975,-0.32789856,-0.3290797,-0.26591313,-0.31692833,-0.3269069,-0.32796693,-0.3255994,-0.2658888,-0.32494184,-0.32986963,-0.32469124,-0.32679853,-0.2660637,-0.32495093,-0.32653195,-0.327849,-0.33141193,-0.26596847,-0.32496598,-0.32636124,-0.32461637,-0.327012,-0.26595443,-0.32490948,-0.27669096,-0.32463127,-0.32676053,-0.26595134,-0.32494426,-0.3265584,-0.3278765,-0.32910016,-0.26608524,-0.32501394,-0.32561523,-0.30701396,-0.32720354,-0.26603186,-0.32497433,-0.3265515,-0.3278781,-0.32912302,-0.26601756,-0.32493904,-0.3265441,-0.32792914,-0.3290739
k__Bacteria|p__Firmicutes|c__Bacilli|o__Lactobacillales|f__Lactobacillaceae|g__Pediococcus|s__unclassified,-0.2662785,-0.32446566,-0.32601964,-0.32743448,-0.32868713,-0.26627433,-0.3258366,-0.32671738,-0.32750094,-0.3251022,-0.26626283,-0.3244636,-0.32603443,-0.32743037,-0.32870865,-0.26609582,-0.32447097,-0.3260321,-0.32744813,-0.3287095,-0.26616105,-0.32446808,-0.3259948,-0.32745227,-0.32873267,-0.26615018,-0.32444713,-0.32601696,-0.32744515,-0.32872117,-0.26615816,-0.32445356,-0.32601017,-0.3274419,-0.328677,-0.26616177,-0.32432246,-0.32669938,-0.32750493,-0.32500288,-0.26621497,-0.32449138,-0.32600766,-0.32745278,-0.32867414,-0.26612866,-0.31692833,-0.3266768,-0.32753944,-0.3255994,-0.2660975,-0.32445925,-0.32986963,-0.32414126,-0.3263833,-0.26632616,-0.32447082,-0.32599777,-0.32738978,-0.33141193,-0.2662021,-0.32448995,-0.32636124,-0.32404578,-0.32662407,-0.26618072,-0.32441825,-0.27669096,-0.32406607,-0.32635224,-0.26618198,-0.3244624,-0.32603136,-0.3274246,-0.32870245,-0.26635268,-0.32455087,-0.32511318,-0.30701396,-0.32677412,-0.2662856,-0.32450068,-0.32602262,-0.32742667,-0.3287269,-0.26626733,-0.3244558,-0.32601342,-0.32749188,-0.32867253
k__Bacteria|p__Firmicutes|c__Bacilli|o__Lactobacillales|f__Enterococcaceae|g__unclassified|s__unclassified,-0.26614365,-0.32490954,-0.32644767,-0.3278739,-0.32913166,-0.26614007,-0.3258366,-0.32722455,-0.32794434,-0.32555157,-0.2661275,-0.32490724,-0.3264634,-0.32786942,-0.32915765,-0.2659541,-0.3249151,-0.32646096,-0.32788834,-0.3291518,-0.26602238,-0.32491216,-0.32642126,-0.32789275,-0.32917857,-0.26601142,-0.3248899,-0.3264448,-0.3278852,-0.32916743,-0.26602012,-0.3248967,-0.3264377,-0.32788175,-0.3291184,-0.26602215,-0.32432246,-0.32720545,-0.3279486,-0.3254441,-0.26608002,-0.32493687,-0.32643497,-0.3278936,-0.32912627,-0.26598996,-0.31692833,-0.3271815,-0.32798523,-0.3255994,-0.26595396,-0.32490274,-0.32986963,-0.3245647,-0.3268608,-0.26619476,-0.32491505,-0.32642448,-0.32782644,-0.33141193,-0.26606262,-0.32493535,-0.32636124,-0.32446384,-0.32710642,-0.26603907,-0.32485926,-0.27669096,-0.32448536,-0.32691473,-0.26604253,-0.32490605,-0.32646018,-0.3278634,-0.32915455,-0.26622024,-0.325,-0.3255607,-0.30701396,-0.3272121,-0.26615083,-0.32494664,-0.32645088,-0.32786554,-0.32917115,-0.26613662,-0.32489905,-0.3264411,-0.32793492,-0.3291132
k__Bacteria|p__Firmicutes|c__Erysipelotrichi|o__Erysipelotrichales|f__[Coprobacillaceae]|g__Catenibacterium|s__unclassified,-0.26568365,-0.32453036,-0.3260413,-0.32749516,-0.32876483,-0.26567748,-0.3258366,-0.32695812,-0.32757235,-0.32516855,-0.26566437,-0.32452804,-0.32605857,-0.32749045,-0.32879293,-0.26547045,-0.32453656,-0.32605585,-0.327511,-0.32878816,-0.2655474,-0.32453316,-0.32601246,-0.3275159,-0.32881707,-0.2655337,-0.32450885,-0.32603818,-0.32750767,-0.32880628,-0.26554313,-0.3245163,-0.3260304,-0.3275038,-0.32875136,-0.26554853,-0.32432246,-0.3269372,-0.327577,-0.32505152,-0.26561123,-0.32456034,-0.32602757,-0.32751715,-0.32876253,-0.2655106,-0.31692833,-0.32691097,-0.32761717,-0.3255994,-0.2654725,-0.32452288,-0.32986963,-0.32415366,-0.32647598,-0.26574388,-0.32453647,-0.32601598,-0.32744336,-0.33141193,-0.26559302,-0.32455868,-0.32636124,-0.32404262,-0.32676712,-0.26557007,-0.3244753,-0.27669096,-0.32406747,-0.32654032,-0.26556766,-0.32452655,-0.32605496,-0.32748395,-0.32879287,-0.26577482,-0.32462955,-0.32517713,-0.30701396,-0.32683855,-0.26570064,-0.32457107,-0.3260449,-0.32748604,-0.32880828,-0.2656751,-0.32451898,-0.3260342,-0.3275624,-0.32874152
k__Bacteria|p__Firmicutes|c__Clostridia|o__Coriobacteriales|f__Coriobacteriaceae|g__Collinsella|s__aerofaciens,-0.26465413,-0.32430685,-0.32608864,-0.3271479,-0.32821888,-0.26465458,-0.3258366,-0.32534626,-0.3271469,-0.32503188,-0.26464733,-0.32430694,-0.32608843,-0.32714802,-0.3282205,-0.26465288,-0.3243068,-0.32608843,-0.32714772,-0.3282189,-0.26465547,-0.32430685,-0.32608902,-0.32714766,-0.328219,-0.26465538,-0.32430714,-0.3260887,-0.32714778,-0.3282205,-0.2646527,-0.32430702,-0.3260888,-0.32714778,-0.3282199,-0.26465666,-0.32432246,-0.32534653,-0.3271469,-0.3250333,-0.26465404,-0.32430652,-0.32608885,-0.32714775,-0.32822394,-0.26465607,-0.31692833,-0.32534686,-0.32714638,-0.3255994,-0.26465195,-0.32430696,-0.32986963,-0.32431155,-0.3260859,-0.26465365,-0.32430676,-0.32608905,-0.3271485,-0.33141193,-0.2646554,-0.32430646,-0.32636124,-0.3243131,-0.3260824,-0.26465434,-0.32430756,-0.27669096,-0.3243128,-0.32612932,-0.2646494,-0.32430694,-0.32608846,-0.32714808,-0.32822192,-0.26465005,-0.3243057,-0.3250292,-0.30701396,-0.32642898,-0.26465338,-0.32430634,-0.32608864,-0.32714808,-0.32821977,-0.2646512,-0.32430708,-0.3260887,-0.32714698,-0.32822037
k__Bacteria|p__Firmicutes|c__Clostridia|o__Clostridiales|f__Ruminococcaceae|g__Ruminococcus|s__bromii,-0.26517323,-0.3240164,-0.3258145,-0.3268718,-0.32794297,-0.26517618,-0.3258366,-0.3250104,-0.32686746,-0.3247284,-0.26516208,-0.32401633,-0.32581344,-0.32687217,-0.3279403,-0.26518404,-0.32401597,-0.32581365,-0.32687092,-0.32794383,-0.26518387,-0.32401612,-0.32581615,-0.32687068,-0.32793957,-0.2651832,-0.32401752,-0.32581466,-0.32687116,-0.32794064,-0.26517928,-0.32401705,-0.32581502,-0.32687134,-0.32794568,-0.26518482,-0.32432246,-0.32501155,-0.32686722,-0.32473683,-0.26517296,-0.32401454,-0.3258152,-0.32687008,-0.32793295,-0.2651835,0.95677024,-0.32501304,-0.32686493,-0.3255994,-0.26518047,-0.32401678,-0.32986963,-0.32403687,-0.32575202,-0.26515982,-0.3240158,-0.32581592,-0.32687455,-0.33141193,-0.26517704,-0.32401463,-0.32636124,-0.32404378,-0.32574782,-0.2651803,-0.3240193,-0.27669096,-0.32404017,-0.32564485,-0.26517075,-0.3240165,-0.3258137,-0.32687226,-0.32793313,-0.2651577,-0.3240106,-0.32473117,-0.30701396,-0.32615322,-0.26515827,-0.32401392,-0.3258143,-0.3268724,-0.3279421,-0.26516435,-0.3240168,-0.32581466,-0.32686737,-0.3279395
k__Bacteria|p__Firmicutes|c__Bacilli|o__Lactobacillales|f__Lactobacillaceae|g__Lactobacillus|s__zeae,-0.26565856,-0.32464564,-0.32643402,-0.32751203,-0.32859808,-0.2656726,-0.3258366,-0.32570845,-0.32751137,-0.3253563,-0.26565096,-0.32464546,-0.32643387,-0.32751206,-0.3285978,-0.26567668,-0.32464564,-0.32643384,-0.32751197,-0.32859704,-0.26567447,-0.32464564,-0.32643425,-0.3275118,-0.32859668,-0.265677,-0.32464576,-0.326434,-0.3275119,-0.32859486,-0.26567155,-0.32464576,-0.32643402,-0.3275119,-0.32859844,-0.26567537,-0.32432246,-0.32570857,-0.32751143,-0.32535806,-0.26566446,-0.32464528,-0.32643408,-0.3275115,-0.32859346,-0.26567462,-0.31692833,-0.3257088,-0.32751098,-0.3255994,-0.26567444,-0.3246457,-0.32986963,-0.32464814,-0.32646388,-0.2656429,-0.32464558,-0.32643414,-0.32751223,-0.33141193,-0.2656625,-0.3246454,-0.32636124,-0.32464945,-0.32643157,-0.2656668,-0.3246461,-0.27669096,-0.32464796,-0.32636946,-0.26566452,-0.3246457,-0.3264339,-0.327512,-0.3285973,-0.26564112,-0.32464465,-0.32535857,-0.30701396,-0.32679534,-0.2656419,-0.32464516,-0.3264339,-0.3275122,-0.32859755,-0.26565608,-0.32464552,-0.3264341,-0.3275113,-0.3286049
k__Bacteria|p__Firmicutes|c__Bacilli|o__Gemellales|f__Gemellaceae|g__unclassified|s__unclassified,-0.26553562,-0.3245148,-0.3263317,-0.32736772,-0.32843128,-0.26553768,-0.3258366,-0.3254292,-0.32735875,-0.32523337,-0.26553085,-0.32451499,-0.3263297,-0.32736826,-0.32842648,-0.26555818,-0.3245141,-0.32633007,-0.32736588,-0.32842728,-0.26554933,-0.32451448,-0.32633507,-0.3273653,-0.3284225,-0.26555103,-0.3245173,-0.32633203,-0.3273663,-0.3284267,-0.2655475,-0.32451636,-0.32633305,-0.32736677,-0.32843214,-0.2655517,-0.32432246,-0.32543164,-0.3273582,-0.3252449,-0.26554006,-0.3245113,-0.32633328,-0.32736504,-0.32842156,-0.2655549,-0.31692833,-0.32543468,-0.32735354,-0.3255994,-0.26555538,-0.3245157,-0.32986963,-0.3245578,-0.32619363,-0.2655297,-0.32451397,-0.3263347,-0.3273735,-0.33141193,-0.2655444,-0.3245115,-0.32636124,-0.32457122,-0.32622343,-0.26554805,-0.32452112,-0.27669096,-0.324566,-0.32615227,-0.26554376,-0.3245152,-0.3263301,-0.327369,-0.32841802,-0.26552045,-0.32450327,-0.32523525,-0.30701396,-0.3266455,-0.26552898,-0.32451,-0.32633135,-0.32736868,-0.32842293,-0.26553005,-0.3245161,-0.32633242,-0.32735938,-0.32840788
k__Bacteria|p__Firmicutes|c__Clostridia|o__Clostridiales|f__Veillonellaceae|g__Veillonella|s__unclassified,-0.26553524,-0.3245492,-0.32630813,-0.3274222,-0.32851946,-0.26553392,1.0593824,-0.32574874,-0.32742953,-0.3252494,-0.2655343,-0.3245489,-0.3263097,-0.32742172,-0.32851714,-0.26551896,-0.3245498,-0.3263095,-0.32742375,-0.328521,-0.26552162,-0.32454944,-0.32630545,-0.32742417,-0.3285231,-0.26552197,-0.32454717,-0.32630786,-0.32742336,-0.32851985,-0.26552376,-0.32454792,-0.32630712,-0.32742304,-0.32851732,-0.2655225,-0.32432246,-0.32574677,-0.32742998,-0.3252353,-0.2655297,-0.32455203,-0.32630682,-0.32742387,-0.3284986,-0.26551923,-0.31692833,-0.32574427,-0.32743376,-0.3255994,-0.26551703,-0.32454848,-0.32986963,-0.32451284,-0.32625774,-0.2655383,-0.3245498,-0.32630572,-0.32741714,-0.33141193,-0.26552624,-0.32455188,-0.32636124,-0.32450283,-0.32634103,-0.26552084,-0.324544,-0.27669096,-0.32450327,-0.3260894,-0.26552913,-0.3245489,-0.32630938,-0.32742095,-0.32850206,-0.2655362,-0.3245585,-0.3252564,-0.30701396,-0.32670662,-0.2655295,-0.32455304,-0.32630843,-0.32742137,-0.32852072,-0.26553464,-0.32454807,-0.3263073,-0.3274281,-0.328494
k__Bacteria|p__Firmicutes|c__Bacilli|o__Lactobacillales|f__Lactobacillaceae|g__Lactobacillus|s__unclassified,-0.26588243,-0.32465422,-0.32633245,-0.3275649,-0.3287233,-0.26588148,-0.3258366,-0.32626912,-0.3275956,-0.32532918,-0.26586455,-0.32465327,-0.3263393,-0.327563,-0.3287319,-0.26579976,-0.32465672,-0.32633826,-0.32757118,-0.3287312,-0.26583076,-0.3246554,-0.326321,-0.32757312,-0.3287422,-0.26582527,-0.3246457,-0.32633126,-0.32756984,-0.32873765,-0.26582712,-0.32464865,-0.32632822,-0.32756835,-0.32871705,-0.26583302,-0.32432246,-0.3262608,-0.32759744,-0.3252803,-0.26585224,-0.32466608,-0.326327,-0.32757324,-0.32870406,-0.26581517,-0.31692833,-0.32625037,-0.32761338,-0.3255994,-0.2657969,-0.32465127,-0.32986963,-0.3245033,-0.32641554,-0.26589897,-0.32465655,-0.3263224,-0.32754403,-0.33141193,-0.2658438,-0.3246655,-0.32636124,-0.32446003,-0.326589,-0.2658338,-0.3246323,-0.27669096,-0.3244676,-0.32635438,-0.26583382,-0.3246528,-0.32633793,-0.32756025,-0.3287172,-0.26590896,-0.32469353,-0.32533875,-0.30701396,-0.32686913,-0.26587698,-0.32467028,-0.32633388,-0.32756126,-0.32873824,-0.26587516,-0.32464963,-0.32632947,-0.327591,-0.3286878
k__Bacteria|p__Firmicutes|c__Clostridia|o__Coriobacteriales|f__Coriobacteriaceae|g__Slackia|s__unclassified,-0.26551276,-0.32492417,-0.3267091,-0.3277822,-0.32886526,-0.2655154,-0.3258366,-0.3259885,-0.3277821,-0.3256443,-0.26551092,-0.32492414,-0.32670906,-0.32778227,-0.32886612,-0.26551732,-0.32492417,-0.3267091,-0.32778233,-0.328865,-0.26551673,-0.3249242,-0.32670915,-0.32778218,-0.3288656,-0.26551786,-0.32492423,-0.32670915,-0.32778227,-0.32886407,-0.2655145,-0.32492423,-0.32670915,-0.3277822,-0.32886577,-0.26551732,-0.32432246,-0.32598853,-0.32778215,-0.32564446,-0.26551536,-0.32492417,-0.32670924,-0.32778233,-0.3288731,-0.26551718,-0.31692833,-0.3259886,-0.32778203,-0.3255994,-0.26551703,-0.32492426,-0.32986963,-0.32492492,-0.3267738,-0.26550853,-0.3249243,-0.3267092,-0.32778245,-0.33141193,-0.26551387,-0.32492414,-0.32636124,-0.3249252,-0.32672787,-0.26551345,-0.32492435,-0.27669096,-0.32492566,-0.3267455,-0.2655153,-0.3249242,-0.32670903,-0.32778233,-0.3288735,-0.2655081,-0.32492408,-0.3256424,-0.30701396,-0.3270658,-0.26551127,-0.32492417,-0.32670906,-0.3277824,-0.3288656,-0.26551354,-0.32492423,-0.3267092,-0.32778257,-0.32888073
k__Bacteria|p__Firmicutes|c__Clostridia|o__Clostridiales|f__Lachnospiraceae|g__Blautia|s__producta,-0.26438555,-0.32422504,-0.32568818,-0.32717103,-0.32844096,-0.26438186,-0.3258366,-0.32681757,-0.32725894,-0.32486576,-0.2643709,-0.32422227,-0.32570782,-0.32716554,-0.32847327,-0.26414728,-0.32423204,-0.3257047,-0.32718906,-0.32847038,-0.2642349,-0.3242282,-0.32565528,-0.32719457,-0.32850158,-0.2642195,-0.3242005,-0.32568467,-0.32718518,-0.32848802,-0.26423225,-0.324209,-0.32567573,-0.32718086,-0.3284273,-0.26423338,-0.32432246,-0.3267938,-0.32726413,-0.32473522,-0.26430756,-0.32425904,-0.3256724,-0.32719553,-0.32843837,-0.26419234,-0.31692833,-0.32676387,-0.3273099,-0.3255994,-0.26415044,-0.32421649,-0.32986963,-0.3237965,-0.3262198,-0.26445258,-0.32423183,-0.32565928,-0.32711196,-0.33141193,-0.2642881,-0.32425717,-0.32636124,-0.32366973,-0.32650855,-0.26426005,-0.32416224,-0.27669096,-0.3236981,-0.32624018,-0.26425686,-0.32422072,-0.32570368,-0.32715803,-0.3284732,-0.2644921,-0.32433772,-0.3248753,0.96581656,-0.3265087,-0.26440352,-0.32427132,-0.32569218,-0.32716066,-0.32849425,-0.26438013,-0.324212,-0.32568008,-0.32724726,-0.32843214
k__Bacteria|p__Firmicutes|c__Bacilli|o__Lactobacillales|f__Streptococcaceae|g__unclassified|s__unclassified,-0.26519883,-0.32453313,-0.32633805,-0.32738012,-0.3284394,-0.26520076,-0.3258366,-0.32548738,-0.32737374,-0.32525018,-0.2651917,-0.32453322,-0.32633662,-0.32738042,-0.32843372,-0.2652197,-0.32453263,-0.32633692,-0.3273788,-0.32843712,-0.26521137,-0.32453293,-0.3263404,-0.32737836,-0.32843304,-0.2652135,-0.32453483,-0.3263383,-0.32737905,-0.3284337,-0.26521158,-0.3245342,-0.32633898,-0.32737938,-0.32844108,-0.26521206,-0.32432246,-0.3254891,-0.32737333,-0.32525834,-0.2652006,-0.32453054,-0.32633907,-0.32737768,-0.3284207,-0.26521498,-0.31692833,-0.32549125,-0.32737005,-0.3255994,-0.26521406,-0.32453376,-0.32986963,-0.3245623,-0.3262035,-0.26518315,-0.3245325,-0.32634008,-0.3273839,-0.33141193,-0.26520222,-0.32453072,-0.32636124,-0.32457253,-0.32623804,-0.26520663,-0.32453755,-0.27669096,-0.32456648,-0.32607925,-0.2652056,-0.32453334,-0.32633692,-0.3273807,-0.32841992,-0.26517266,-0.32452488,-0.32525557,-0.30701396,-0.32665056,-0.265177,-0.32452965,-0.3263378,-0.32738072,-0.32843232,-0.2651893,-0.3245339,-0.32633835,-0.32737362,-0.32841593
k__Bacteria|p__Firmicutes|c__Clostridia|o__Clostridiales|f__Veillonellaceae|g__Selenomonas|s__unclassified,-0.2654665,-0.32479715,-0.32667297,-0.32762402,-0.32864535,-0.2654727,-0.3258366,-0.32541478,-0.32759833,-0.32553607,-0.26547387,-0.32479793,-0.3266672,-0.32762554,-0.32863468,-0.26554364,-0.32479522,-0.32666814,-0.32761872,-0.32863444,-0.26551586,-0.32479626,-0.32668263,-0.3276171,-0.32862508,-0.2655231,-0.32480434,-0.32667398,-0.32761982,-0.32862914,-0.26551774,-0.32480192,-0.3266766,-0.3276211,-0.32864785,-0.2655168,-0.32432246,-0.32542175,-0.32759678,-0.32557243,-0.2654941,-0.3247872,-0.32667756,-0.32761675,-0.32864082,-0.26553047,-0.31692833,-0.3254305,-0.32758343,-0.3255994,-0.2655418,-0.32479966,-0.32986963,-0.3249225,-0.3265198,-0.26544368,-0.32479525,-0.32668138,-0.3276412,0.6458147,-0.26549694,-0.3247878,-0.32636124,-0.3249594,-0.32643095,-0.26550326,-0.32481557,-0.27669096,-0.3249502,-0.32639453,-0.2655065,-0.32479846,-0.32666832,-0.32762772,-0.32863203,-0.26542968,-0.3247642,-0.3255357,-0.30701396,-0.326886,-0.26545733,-0.32478362,-0.32667178,-0.327627,-0.32862753,-0.2654717,-0.32480097,-0.32667536,-0.32760188,-0.32864347
k__Bacteria|p__Firmicutes|c__Clostridia|o__Clostridiales|f__Veillonellaceae|g__Megamonas|s__unclassified,-0.26508674,-0.32472515,-0.32650405,-0.32757568,-0.3286528,-0.26509932,-0.3258366,-0.32579973,-0.32757658,-0.32544476,-0.26509076,-0.32472497,-0.32650417,-0.3275758,-0.32865253,-0.2651031,-0.32472527,-0.32650417,-0.32757604,-0.3286515,-0.2650953,-0.3247251,-0.3265037,-0.32757592,-0.3286535,-0.26509973,-0.32472503,-0.326504,-0.3275758,-0.32865024,-0.26509848,-0.32472503,-0.32650387,-0.32757586,-0.3286507,-0.26509646,-0.32432246,-0.32579952,-0.3275767,-0.32544252,-0.26509777,-0.32472527,-0.3265038,-0.32757586,-0.32864955,-0.26510018,-0.31692833,-0.32579926,-0.32757705,-0.3255994,-0.26509994,-0.3247251,-0.32986963,-0.32472092,-0.32651764,-0.26508376,-0.3247252,-0.32650363,-0.327575,-0.33141193,-0.26509112,-0.32472545,-0.32636124,-0.3247202,-0.32651344,-0.26509,-0.32472458,-0.27669096,-0.32472014,-0.32641143,-0.26509225,-0.32472515,-0.32650405,-0.32757547,-0.32864994,-0.26507542,-0.32472602,-0.3254453,-0.30701396,-0.32685435,-0.26508078,-0.3247255,-0.326504,-0.32757574,-0.3286528,-0.2650912,-0.32472497,-0.32650387,-0.32757622,-0.32865328
k__Bacteria|p__Firmicutes|c__Clostridia|o__Clostridiales|f__Lachnospiraceae|g__Anaerostipes|s__unclassified,-0.2651392,-0.3248431,-0.3266149,-0.32769537,-0.32877254,-0.2651434,-0.3258366,-0.32595164,-0.32769817,-0.32555854,-0.26513457,-0.32484287,-0.32661554,-0.3276952,-0.32877094,-0.2651384,-0.3248433,-0.32661542,-0.3276959,-0.32877392,-0.2651442,-0.32484317,-0.32661384,-0.3276962,-0.32877326,-0.2651413,-0.32484233,-0.3266148,-0.32769585,-0.32877403,-0.2651431,-0.32484257,-0.3266145,-0.3276957,-0.3287723,-0.2651425,-0.32432246,-0.32595086,-0.32769835,-0.32555205,-0.26514363,-0.32484406,-0.32661438,-0.32769608,-0.32876158,-0.265141,-0.31692833,-0.32594997,-0.32769975,-0.3255994,-0.2651369,-0.32484284,-0.32986963,-0.32482877,-0.3265561,-0.26514152,-0.32484323,-0.32661396,-0.32769328,-0.33141193,-0.26514125,-0.32484412,-0.32636124,-0.32482535,-0.3266216,-0.2651385,-0.32484105,-0.27669096,-0.32482558,-0.32646018,-0.26513678,-0.324843,-0.32661545,-0.32769495,-0.32876313,-0.26514485,-0.32484657,-0.32556257,-0.30701396,-0.32697064,-0.26513723,-0.32484442,-0.32661504,-0.32769507,-0.3287713,-0.26514792,-0.32484263,-0.32661456,-0.32769758,-0.32874715
k__Bacteria|p__Firmicutes|c__Clostridia|o__Clostridiales|f__Clostridiaceae|g__unclassified|s__unclassified,-0.24936956,-0.30559814,-0.3074314,-0.30822194,-0.30912602,-0.24938127,0.7905633,-0.30582058,-0.30817783,-0.306314,-0.24937329,-0.3055994,-0.30742145,-0.30822468,-0.30910638,-0.24950601,-0.30559462,-0.30742306,-0.30821288,-0.3091098,-0.24945752,-0.30559647,-0.30744788,-0.30821005,-0.3090937,-0.24946721,-0.30561048,-0.30743313,-0.3082148,-0.3090989,-0.24945958,-0.3056062,-0.3074376,-0.30821705,-0.3091318,-0.24945892,-0.32432246,-0.3058326,-0.30817512,-0.30637836,-0.24941503,-0.30558085,-0.30743924,-0.30820924,-0.30911297,-0.24948102,-0.31692833,-0.3058476,-0.3081521,-0.3255994,-0.24949923,-0.30560237,0.6818866,-0.30581242,-0.3071069,-0.24932551,-0.30559462,-0.30744585,-0.3082512,0.64977413,-0.24941987,-0.3055819,-0.32636124,-0.30587682,-0.3069984,-0.24943735,-0.30562955,-0.27669096,-0.30586034,-0.3069354,-0.24943563,-0.30560026,-0.30742353,-0.30822825,-0.30909777,-0.24930045,-0.30554122,-0.3063145,-0.30701396,-0.3075046,-0.24934494,-0.30557472,-0.3074293,-0.30822712,-0.30909556,-0.24937318,-0.30560452,-0.3074353,-0.30818313,-0.3091119
k__Bacteria|p__Firmicutes|c__Clostridia|o__Clostridiales|f__Lachnospiraceae|g__Lachnobacterium|s__unclassified,-0.265566,-0.3249383,-0.32668817,-0.32780954,-0.32891017,-0.26556373,-0.3258366,-0.32617676,-0.32781935,-0.32564327,-0.2655554,-0.32493782,-0.32669026,-0.3278089,-0.32891184,-0.2655343,-0.32493907,-0.32668996,-0.3278115,-0.32891464,-0.2655507,-0.32493865,-0.32668447,-0.3278122,-0.32891497,-0.26554617,-0.32493553,-0.32668775,-0.32781115,-0.32891586,-0.26554662,-0.32493645,-0.32668677,-0.32781062,-0.32891065,-0.26554996,-0.32432246,-0.3261741,-0.3278199,-0.325629,-0.26555157,-0.324942,-0.32668638,-0.3278121,-0.3289018,-0.2655418,-0.31692833,-0.32617077,-0.327825,-0.3255994,-0.26553443,-0.32493722,-0.32986963,-0.32489035,-0.3267069,-0.265566,-0.32493895,-0.3266849,-0.32780287,-0.33141193,-0.26555178,-0.3249418,-0.32636124,-0.32487637,-0.32676345,-0.2655519,-0.32493126,-0.27669096,-0.3248781,-0.32658654,-0.2655443,-0.3249377,-0.3266899,-0.32780808,-0.3289088,-0.26557484,-0.3249507,-0.32564783,-0.30701396,-0.32709405,-0.26556107,-0.3249433,-0.3266886,-0.32780838,-0.32891437,-0.26556084,-0.32493675,-0.32668722,-0.32781792,-0.32889706
k__Bacteria|p__Firmicutes|c__Erysipelotrichi|o__Erysipelotrichales|f__[Coprobacillaceae]|g__Coprobacillus|s__unclassified,-0.26516077,-0.32381892,-0.32545727,-0.3267335,-0.32791162,-0.26515996,-0.3258366,-0.3256029,-0.32677406,-0.32448614,-0.26514542,-0.3238175,-0.32546616,-0.326731,-0.32792592,-0.26505363,-0.32382214,-0.3254648,-0.3267419,-0.32792574,-0.26509538,-0.3238204,-0.32544214,-0.32674432,-0.3279385,-0.26508904,-0.3238076,-0.32545555,-0.32674003,-0.32793128,-0.26509053,-0.32381147,-0.32545143,-0.326738,-0.32790756,-0.26509506,-0.32432246,-0.32559192,-0.3267765,-0.3244256,-0.265122,-0.3238346,-0.32544988,-0.32674414,-0.32789975,-0.26507363,-0.31692833,-0.3255781,-0.32679752,-0.3255994,-0.265052,-0.32381496,-0.32986963,-0.32362023,-0.32566848,-0.26517865,-0.32382202,-0.32544383,-0.32670596,0.6489053,-0.26511562,-0.32383373,-0.32636124,-0.32356244,-0.32580262,-0.26510143,-0.3237899,-0.27669096,-0.32357225,-0.3256024,-0.26510134,-0.32381696,-0.32546443,-0.32672733,-0.32791513,-0.26519933,-0.32387084,-0.32449383,-0.30701396,-0.32604736,-0.26515326,-0.32384014,-0.325459,-0.32672864,-0.32793656,-0.26515338,-0.32381278,-0.3254532,-0.32676798,-0.32790458
k__Bacteria|p__Firmicutes|c__Clostridia|o__Clostridiales|f__Veillonellaceae|g__Veillonella|s__parvula,0.13978286,0.17075324,0.1716564,0.17227511,0.17287391,0.13978434,-0.3258366,0.17149821,0.17228536,0.1711185,0.13978925,0.17075281,0.1716587,0.17227444,0.17287788,0.13975993,0.170754,0.17165837,0.17227718,0.17287508,0.13976675,0.17075351,0.1716526,0.17227781,0.17287973,0.13976657,0.17075032,0.17165598,0.17227674,0.17287713,0.1397676,0.17075133,0.17165492,0.17227624,0.1728703,0.1397656,0.849815,0.17149545,0.172286,0.17110322,0.1397774,0.17075714,0.17165458,0.17227794,0.17287523,0.13976374,1.1499583,0.17149192,0.1722913,0.7138668,0.13976021,0.17075217,0.67966527,0.17070371,0.1717655,0.13979265,0.17075409,0.17165302,0.17226838,-0.33141193,0.13977385,0.17075697,0.67949194,0.17068863,0.17176172,0.13976936,0.17074594,-0.27669096,0.17069232,0.17174497,0.1397734,0.17075267,0.17165811,0.17227355,0.1728795,0.13979176,0.1707663,0.17111883,-0.30701396,0.1719093,0.13978465,0.17075868,0.17165683,0.17227395,0.1728795,0.13978305,0.17075163,0.17165549,0.1722842,0.17288318
k__Bacteria|p__Firmicutes|c__Erysipelotrichi|o__Erysipelotrichales|f__Erysipelotrichaceae|g__Holdemania|s__unclassified,-0.26478183,-0.32443297,-0.32617283,-0.32729125,-0.32838547,-0.2647838,-0.3258366,-0.3256848,-0.32730228,-0.3251409,-0.26477283,-0.3244326,-0.3261753,-0.3272906,-0.32838655,-0.2647541,-0.32443386,-0.32617489,-0.32729355,-0.3283907,-0.26476532,-0.32443345,-0.3261687,-0.32729423,-0.32839376,-0.26476336,-0.3244299,-0.32617238,-0.32729304,-0.32839113,-0.26476333,-0.324431,-0.32617125,-0.32729244,-0.32838523,-0.26476577,-0.32432246,-0.32568175,-0.327303,-0.32512334,-0.26477256,-0.32443726,-0.32617086,-0.32729417,-0.32837445,-0.26475912,-0.31692833,-0.32567802,-0.3273087,-0.3255994,-0.26475322,-0.32443196,-0.32986963,-0.32437813,-0.32616627,-0.26478642,-0.32443377,-0.32616916,-0.32728356,-0.33141193,-0.26477134,-0.32443705,-0.32636124,-0.32436287,-0.32625484,-0.2647673,-0.32442516,-0.27669096,-0.32436508,-0.3260916,-0.26476714,-0.3244325,-0.3261748,-0.32728946,-0.32838047,-0.26478997,-0.32444718,-0.32514513,-0.30701396,-0.32657385,-0.26477817,-0.32443878,-0.32617337,-0.32729,-0.3283913,-0.26477984,-0.32443136,-0.3261717,-0.3273003,-0.32836816
k__Bacteria|p__Firmicutes|c__Bacilli|o__Lactobacillales|f__Streptococcaceae|g__Lactococcus|s__unclassified,-0.2663462,-0.32465374,-0.32648894,-0.32752362,-0.32859117,-0.26634902,-0.3258366,-0.32552385,-0.32751125,-0.32536393,-0.26633632,-0.32465404,-0.3264861,-0.32752436,-0.3285831,-0.26638272,-0.3246528,-0.3264866,-0.3275211,-0.32858753,-0.2663702,-0.3246533,-0.32649353,-0.32752025,-0.3285811,-0.26637208,-0.32465717,-0.3264894,-0.32752162,-0.32858238,-0.26636934,-0.32465595,-0.3264907,-0.32752222,-0.32859367,-0.26637185,-0.32432246,-0.32552722,-0.32751054,-0.3253814,-0.26635256,-0.32464892,-0.3264911,-0.3275196,-0.32857162,-0.26637563,-0.31692833,-0.32553142,-0.3275041,0.7087677,-0.26637787,-0.32465497,-0.32986963,-0.32471216,-0.3263211,-0.26632676,-0.32465264,-0.3264929,-0.32753146,-0.33141193,-0.2663567,-0.32464916,-0.32636124,-0.3247313,-0.32633102,-0.26636332,-0.32466248,-0.27669096,-0.32472366,-0.32618326,-0.26636106,-0.32465428,-0.3264867,-0.32752514,-0.3285678,-0.26631683,-0.32463774,-0.3253684,0.96454024,-0.3268034,-0.26632556,-0.3246471,-0.32648838,-0.32752508,-0.3285818,-0.26633847,-0.32465547,-0.32648975,-0.32751197,-0.32856873
k__Bacteria|p__Firmicutes|c__Clostridia|o__Clostridiales|f__Clostridiaceae|g__Clostridium|s__unclassified,0.09467499,0.115091726,0.115380146,0.11624399,0.11686906,0.094668746,0.80186635,0.11719604,0.1163418,0.115250036,0.09466343,0.115088746,0.11540192,0.11623795,0.11690673,0.094411954,0.11509946,0.11539851,0.11626412,0.11690244,0.094505124,0.11509521,0.115343556,0.11627017,0.11693944,0.09448958,0.11506445,0.11537619,0.116259724,0.11692102,0.09450492,0.115073964,0.115366235,0.116254926,0.116854236,0.094503835,0.8002947,0.117169544,0.116347685,0.11510527,0.09459014,0.115129665,0.1153626,0.11627141,0.11687658,0.094459824,1.1004746,0.117136255,0.1163985,-0.3255994,0.09441571,0.11508229,0.67966527,0.11461502,0.116035625,0.094751716,0.115099475,0.11534798,0.11617832,-0.33141193,0.09456653,0.115127504,0.68123853,0.11447381,0.11630958,0.09453355,0.115021974,-0.27669096,0.1145068,0.11615303,0.09453702,0.11508691,0.11539747,0.116229594,0.11691163,0.09479457,0.11521732,0.11525652,-0.30701396,0.11606996,0.09469841,0.115143396,0.11538455,0.116232514,0.11693096,0.09467113,0.115077324,0.115371116,0.11632915,0.11687987
k__Bacteria|p__Firmicutes|c__Bacilli|o__Turicibacterales|f__Turicibacteraceae|g__Turicibacter|s__unclassified,-0.2640136,-0.32386875,-0.32564655,-0.32669863,-0.32775432,-0.2640184,-0.3258366,-0.32489976,-0.32669753,-0.324587,-0.26400366,-0.32386863,-0.3256462,-0.32669866,-0.32775056,-0.2640224,-0.3238687,-0.32564628,-0.32669848,-0.32775542,-0.2640223,-0.32386875,-0.32564694,-0.32669824,-0.32775128,-0.264022,-0.32386905,-0.32564652,-0.32669842,-0.32775164,-0.2640198,-0.32386887,-0.32564664,-0.32669848,-0.32775664,-0.2640229,-0.32432246,-0.32490006,-0.32669747,-0.32458848,-0.2640112,-0.3238682,-0.32564664,-0.32669777,-0.3277372,-0.26402062,-0.31692833,-0.32490042,-0.32669687,-0.3255994,-0.2640195,-0.32386887,0.7010377,-0.32387286,-0.32557374,-0.26399967,-0.3238685,-0.32564676,-0.326699,-0.33141193,-0.26401326,-0.32386833,-0.32636124,-0.3238752,-0.32560125,-0.26401788,-0.3238694,-0.27669096,-0.32387155,-0.32540724,-0.26401412,-0.32386875,-0.32564634,-0.3266986,-0.3277396,-0.2640016,-0.32386714,-0.3245933,-0.30701396,-0.3259651,-0.26399615,-0.32386798,-0.32564646,-0.32669866,-0.32775146,-0.2640077,-0.3238687,-0.32564643,-0.32669708,-0.32773775
k__Bacteria|p__Firmicutes|c__Clostridia|o__Clostridiales|f__Veillonellaceae|g__Veillonella|s__dispar,0.59080666,0.7219546,0.7259606,0.72831583,0.73070776,0.5908036,0.77353555,0.7241696,0.72830606,0.72354686,0.5908082,0.7219548,0.7259584,0.7283164,0.7307013,0.5908295,0.7219538,0.7259587,0.7283138,0.73070645,0.5908225,0.7219542,0.7259642,0.7283132,0.73070014,0.5908229,0.7219573,0.7259611,0.7283143,0.7307037,0.59082305,0.7219564,0.725962,0.7283149,0.7307111,0.5908219,1.0503712,0.72417223,0.7283054,0.7235598,0.5908166,0.72195077,0.7259624,0.7283132,0.7307006,0.5908268,1.483774,0.7241756,0.72830045,0.7230188,0.5908276,0.7219555,0.7084732,0.7220023,0.72582626,0.59080034,0.72195375,0.72596383,0.72832227,-0.33141193,0.59081745,0.721951,0.75658876,0.7220162,0.72584736,0.5908179,0.7219615,-0.27669096,0.72201264,0.7256372,0.5908132,0.72195506,0.7259588,0.7283174,0.7306962,0.5907962,0.72194207,0.7235481,-0.30701396,0.7267202,0.59080654,0.72194934,0.72596014,0.728317,0.7306998,0.5908108,0.7219561,0.72596145,0.72830737,0.73068905
k__Bacteria|p__Firmicutes|c__Clostridia|o__Coriobacteriales|f__Coriobacteriaceae|g__unclassified|s__unclassified,-0.2660758,-0.32431614,-0.32618123,-0.3271726,-0.3282267,-0.2660852,0.7745552,-0.32503015,-0.32715136,-0.32504022,-0.26608062,-0.3243167,-0.32617652,-0.3271739,-0.32821977,-0.2661449,-0.32431448,-0.3261773,-0.32716823,-0.32821864,-0.26612332,-0.32431537,-0.3261892,-0.32716691,-0.328211,-0.26612696,-0.3243221,-0.32618213,-0.32716918,-0.32821488,-0.26612347,-0.32432002,-0.32618427,-0.32717025,-0.328229,-0.26612306,-0.32432246,-0.32503593,-0.3271501,-0.32507217,-0.26610053,-0.32430783,-0.32618505,-0.3271668,-0.32822973,-0.26613334,-0.31692833,-0.32504314,-0.32713902,-0.3255994,-0.26614574,-0.32431823,-0.32986963,-0.32441974,-0.32608524,-0.2660585,-0.32431448,-0.3261882,-0.32718682,-0.33141193,-0.26610523,-0.3243084,-0.32636124,-0.3244504,-0.3259962,-0.26611567,-0.32433128,-0.27669096,-0.3244439,-0.32607257,-0.26611394,-0.3243172,-0.32617748,-0.32717574,-0.32822305,-0.26605332,-0.32428885,-0.3250372,-0.30701396,-0.32645518,-0.2660722,-0.32430494,-0.3261803,-0.3271752,-0.32821304,-0.2660849,-0.32431918,-0.32618332,-0.3271544,-0.3282326
k__Bacteria|p__Firmicutes|c__Clostridia|o__Coriobacteriales|f__Coriobacteriaceae|g__Eggerthella|s__lenta,-0.26562554,-0.32415432,-0.32558608,-0.32714993,-0.3284689,-0.26561162,-0.3258366,-0.32697344,-0.32724923,-0.3247651,-0.2656057,-0.3241512,-0.3256082,-0.32714376,-0.328503,-0.26534733,-0.3241622,-0.32560468,-0.32717028,-0.32850194,-0.26544553,-0.3241579,-0.3255489,-0.32717657,-0.32853726,-0.26542848,-0.32412654,-0.32558206,-0.32716587,-0.3285203,-0.26544443,-0.3241362,-0.325572,-0.327161,-0.32845363,-0.26544398,-0.32432246,-0.3269465,-0.3272552,-0.32461476,-0.265531,-0.32419285,-0.3255682,-0.3271773,-0.32845312,-0.26539794,0.93264526,-0.32691273,-0.32730693,-0.3255994,-0.2653481,-0.32414472,-0.32986963,-0.32366866,-0.3261221,-0.265701,-0.324162,-0.32555336,-0.32708302,-0.33141193,-0.2655102,-0.32419065,0.6786848,-0.32352626,-0.32648003,-0.26547253,-0.32408348,-0.27669096,-0.32355604,-0.32611823,-0.26547983,-0.32414943,-0.3256036,-0.32713506,-0.32848987,-0.26573786,-0.3242818,-0.32477885,-0.30701396,-0.32650852,-0.26563737,-0.32420668,-0.32559058,-0.32713822,-0.32852823,-0.26561248,-0.32413957,-0.32557666,-0.32723564,-0.32844412
k__Bacteria|p__Firmicutes|c__Bacilli|o__Lactobacillales|f__Carnobacteriaceae|g__Granulicatella|s__unclassified,0.039382204,0.04862769,0.04883898,0.04906414,0.049249157,0.0393815,0.7955657,0.049041055,0.049079012,0.048721224,0.039381966,0.04862725,0.048842303,0.04906322,0.049250275,0.03934574,0.04862886,0.048841797,0.04906714,0.049252935,0.03935294,0.048628185,0.048833407,0.04906812,0.04925912,0.03935211,0.048623547,0.048838392,0.04906655,0.04925509,0.039357245,0.048625,0.048836924,0.04906581,0.049244847,0.039353587,0.7704195,0.049037002,0.049079895,0.048697744,0.039368406,0.048633374,0.048836254,0.04906811,0.0492314,0.039349172,0.9306689,0.04903193,0.049087718,0.7230188,0.03934291,0.048626274,-0.32986963,0.04855422,0.048815027,0.03939327,0.04862877,0.048834085,0.04905386,-0.33141193,0.039361864,0.048633076,0.6780116,0.04853323,0.048947815,0.039360054,0.04861706,-0.27669096,0.048536837,0.04873024,0.039360642,0.048626922,0.04884158,0.04906176,0.04923814,0.039388992,0.04864677,0.04872722,-0.30701396,0.04895798,0.039378755,0.048635546,0.04883968,0.049062304,0.049254686,0.039375804,0.048625395,0.048837446,0.04907632,0.04921861
k__Bacteria|p__Firmicutes|c__Bacilli|o__Lactobacillales|f__Streptococcaceae|g__Streptococcus|s__unclassified,0.5912678,0.723142,0.726912,0.7295846,0.7321333,0.59127206,0.7679086,0.7265271,0.7296419,0.7246853,0.59126127,0.72314024,0.7269248,0.729581,0.73215663,0.59112084,0.7231466,0.72692275,0.7295964,0.7321521,0.5911748,0.7231441,0.72689056,0.72959995,0.73217326,0.59116805,0.7231261,0.72690964,0.72959375,0.73216474,0.5911733,0.72313166,0.7269038,0.72959095,0.73212516,0.5911748,0.78164035,0.7265115,0.72964525,0.7246003,0.5912223,0.7231642,0.72690165,0.7296008,0.7321435,0.59115016,0.93429595,0.726492,0.72967505,0.7245683,0.59112287,0.72313654,0.72984946,0.7228632,0.72731066,0.5913098,0.72314656,0.7268932,0.72954607,-0.33141193,0.5912074,0.72316307,0.6952353,0.7227801,0.72747105,0.5911905,0.7231012,-0.27669096,0.72279936,0.7273395,0.5911863,0.72313917,0.72692215,0.72957623,0.732166,0.59133404,0.7232157,0.7246882,-0.30701396,0.72803366,0.5912812,0.7231723,0.72691464,0.72957766,0.73216784,0.59126717,0.72313356,0.7269069,0.72963464,0.73213995
k__Bacteria|p__Firmicutes|c__Clostridia|o__Clostridiales|f__Ruminococcaceae|g__unclassified|s__unclassified,0.6528535,0.7979572,0.80204684,0.8051033,0.80795944,0.6528503,-0.3258366,0.80206144,0.8051872,0.7996217,0.65282226,0.79795426,0.80206543,0.80509806,0.80798686,0.65263045,0.79796386,0.8020625,0.8051206,0.80798346,0.65271497,0.79796016,0.8020155,0.8051257,0.8080126,0.65270126,0.79793376,0.80204344,0.8051168,0.80799973,0.6527083,0.7979418,0.80203485,0.80511266,0.8079454,0.65271485,0.79204684,0.8020388,0.80519223,0.7994925,0.6527767,0.7979894,0.8020317,0.80512595,0.8079264,0.65267384,0.93594396,0.8020102,0.80523586,0.80056834,0.65262246,0.79794884,0.8673841,0.7975459,0.80240357,0.6528982,0.79796344,0.8020192,0.8050464,0.74583966,0.6527536,0.7979878,0.69284976,0.79742634,0.8027656,0.6527245,0.7978971,1.4607452,0.7974479,0.80219746,0.65272063,0.7979529,0.8020617,0.80509055,0.8079597,0.65292287,0.7980645,0.7996407,0.9703415,0.8033954,0.6528384,0.79800105,0.8020505,0.8050934,0.8080042,0.6528362,0.7979445,0.80203855,0.8051749,0.80790603
k__Bacteria|p__Firmicutes|c__Clostridia|o__Coriobacteriales|f__Coriobacteriaceae|g__Collinsella|s__unclassified,-0.2649451,-0.32416755,-0.3257745,-0.32708216,-0.32827604,-0.2649485,-0.3258366,-0.3260887,-0.32713097,-0.32483652,-0.26492798,-0.32416594,-0.32578534,-0.32707912,-0.32829627,-0.2648208,-0.32417148,-0.32578364,-0.32709217,-0.32828948,-0.26486892,-0.32416934,-0.3257562,-0.3270952,-0.32830864,-0.26486212,-0.32415396,-0.32577252,-0.32709,-0.32829988,-0.26486337,-0.32415867,-0.32576752,-0.32708758,-0.3282674,-0.2648697,-0.32432246,-0.32607546,-0.32713395,-0.32476354,-0.26490247,-0.3241865,-0.32576573,-0.32709566,-0.32827377,-0.2648447,-0.31692833,-0.32605883,-0.32715935,-0.3255994,-0.26481986,-0.32416287,-0.32986963,-0.3239287,-0.32609653,-0.2649694,-0.32417142,-0.3257584,-0.32704923,-0.33141193,-0.26488996,-0.32418546,-0.32636124,-0.32385883,-0.3262343,-0.2648763,-0.32413274,-0.27669096,-0.32387346,-0.3261211,-0.26487488,-0.32416517,-0.3257831,-0.32707483,-0.32829404,-0.26499125,-0.32423013,-0.3248424,-0.30701396,-0.3263993,-0.26494285,-0.32419318,-0.32577667,-0.3270764,-0.32830518,-0.2649389,-0.32416016,-0.3257699,-0.32712436,-0.32827482
k__Bacteria|p__Firmicutes|c__Clostridia|o__Clostridiales|f__Ruminococcaceae|g__Faecalibacterium|s__prausnitzii,0.13316944,0.16296872,0.16384496,0.16440868,0.1649651,0.13317207,-0.3258366,0.16359591,0.16441399,0.16332707,0.13316964,0.16296849,0.16384615,0.16440849,0.1649698,0.13315983,0.16296904,0.16384587,0.16440988,0.16496782,0.1331596,0.16296884,0.16384289,0.16441014,0.16497096,0.13316105,0.16296728,0.16384476,0.16440964,0.1649678,0.13316186,0.1629678,0.16384414,0.16440931,0.16496448,0.13316098,-0.32432246,0.16359448,0.16441429,0.16332059,0.13316697,0.16297074,0.16384397,0.16441023,0.16497391,0.13316067,-0.31692833,0.1635927,0.16441709,0.7095539,0.1331571,0.16296828,0.73767424,0.16294283,0.16393226,0.13317083,0.16296911,0.16384321,0.16440511,0.6912411,0.13316183,0.16297054,0.6811043,0.16293547,0.16390926,0.13316096,0.16296491,1.3805553,0.16293783,0.16395691,0.13315992,0.16296844,0.16384587,0.16440794,0.16497381,0.13316718,0.16297549,0.16332455,-0.30701396,0.16405505,0.13316697,0.1629715,0.1638452,0.16440816,0.16497079,0.13316518,0.1629679,0.16384445,0.16441336,0.16498137
k__Bacteria|p__Firmicutes|c__Clostridia|o__Clostridiales|f__Lachnospiraceae|g__Dorea|s__unclassified,-0.2658574,-0.32486305,-0.32648116,-0.32779092,-0.32898676,-0.2658545,-0.3258366,-0.32676852,-0.32783833,-0.32552838,-0.26584235,-0.3248616,-0.32649168,-0.327788,-0.32900247,-0.26572752,-0.32486686,-0.32649,-0.3278007,-0.3290027,-0.26577544,-0.32486477,-0.32646346,-0.3278036,-0.32901877,-0.26576766,-0.32484978,-0.32647923,-0.32779855,-0.3290097,-0.26577154,-0.32485437,-0.32647437,-0.3277962,-0.3289802,-0.26577574,-0.32432246,-0.3267557,-0.32784125,-0.32545778,-0.26581043,-0.3248815,-0.32647264,-0.32780376,-0.3289778,-0.26575148,-0.31692833,-0.3267395,-0.32786584,-0.3255994,-0.2657273,-0.3248585,-0.32986963,-0.32463095,-0.32677293,-0.26588604,-0.32486677,-0.32646555,-0.32775897,-0.33141193,-0.2658022,-0.32488036,0.7467049,-0.3245631,-0.32691258,-0.2657863,-0.32482922,-0.27669096,-0.32457662,-0.32674274,-0.26578867,-0.32486072,-0.32648954,-0.32778382,-0.32899827,-0.26590455,-0.32492393,-0.32553655,-0.30701396,-0.3271075,-0.26585466,-0.32488805,-0.3264833,-0.32778537,-0.32901567,-0.2658462,-0.32485598,-0.3264767,-0.32783192,-0.32898495
k__Bacteria|p__Firmicutes|c__Clostridia|o__Clostridiales|f__Ruminococcaceae|g__Ruminococcus|s__unclassified,0.63252455,0.77373564,0.7779159,0.7805736,0.78319615,0.6325279,-0.3258366,0.7766298,0.7805935,0.775422,0.63252205,0.7737349,0.77792025,0.7805723,0.7832025,0.6324766,0.7737374,0.77791965,0.78057766,0.7832024,0.63249683,0.7737364,0.77790844,0.780579,0.78320813,0.6324949,0.77373016,0.777915,0.78057677,0.7832067,0.6324971,0.77373207,0.777913,0.78057575,0.7831933,0.63249624,0.7731193,0.7766244,0.7805948,0.77538836,0.6325159,0.7737434,0.77791226,0.78057915,0.78318906,0.632489,1.309148,0.77661765,0.7806052,0.7128882,0.6324754,0.77373374,0.7069287,0.773638,0.77798164,0.63254154,0.7737372,0.7779093,0.78056,0.80607766,0.6325088,0.77374303,0.681507,0.7736095,0.77808404,0.63249457,0.7737215,1.3684645,0.7736146,0.7778665,0.6324971,0.77373475,0.7779194,0.7805706,0.78319454,0.63254935,0.7737613,0.77542603,0.9921121,0.77887714,0.6325284,0.77374613,0.77791667,0.7805712,0.783206,0.6325339,0.7737328,0.77791405,0.7805908,0.7831755
k__Bacteria|p__Firmicutes|c__Clostridia|o__Clostridiales|f__unclassified|g__unclassified|s__unclassified,0.5915189,0.7229427,0.7268444,0.7293495,0.7318169,0.59152174,1.0523307,0.7256978,0.7293705,0.72450924,0.59150827,0.7229419,0.726849,0.7293483,0.73182607,0.5914705,0.7229445,0.7268483,0.72935396,0.731822,0.5914904,0.7229434,0.72683656,0.72935516,0.7318293,0.5914888,0.7229369,0.72684354,0.72935295,0.7318261,0.5914892,0.72293895,0.7268414,0.72935194,0.73181343,0.5914916,0.7786721,0.72569215,0.7293717,0.7244749,0.59150475,0.7229508,0.7268406,0.7293552,0.73181087,0.5914818,0.939592,0.725685,0.7293825,0.7243748,0.59146553,0.7229408,0.8276344,0.7228396,0.72695196,0.59152466,0.7229443,0.72683746,0.7293352,0.6503819,0.5914948,0.72295034,0.69059145,0.72281027,0.7270238,0.59148455,0.7229277,-0.27669096,0.72281456,0.7268503,0.59148496,0.72294176,0.7268481,0.7293464,0.73181593,0.5915311,0.7229694,0.72451353,-0.30701396,0.7277717,0.59150994,0.7229537,0.7268454,0.72934705,0.7318276,0.59151953,0.7229396,0.7268423,0.7293676,0.731804
k__Bacteria|p__Firmicutes|c__Clostridia|o__Coriobacteriales|f__unclassified|g__unclassified|s__unclassified,0.61391747,0.75163925,0.7560774,0.75813305,0.76041496,0.6139289,0.7915658,0.7525643,0.7580455,0.7533761,0.6139169,0.75164163,0.75605774,0.75813854,0.76037616,0.61416304,0.75163245,0.75606096,0.75811505,0.7603843,0.6140813,0.75163615,0.75611013,0.7581096,0.7603482,0.6140951,0.75166386,0.756081,0.758119,0.7603657,0.6140796,0.75165534,0.75608987,0.75812334,0.7604283,0.61408246,-0.32432246,0.75258803,0.7580402,0.7535018,0.6139989,0.7516052,0.7560931,0.75810814,0.76038563,0.6141225,0.96896774,0.75261796,0.75799465,0.7083744,0.61415225,0.75164783,0.754912,0.75206465,0.75535536,0.61383915,0.7516322,0.75610614,0.75819135,0.69622785,0.61401653,0.75160724,0.6841875,0.7521925,0.75519335,0.6140433,0.7517017,1.3464568,0.7521587,0.7549634,0.6140344,0.75164354,0.7560618,0.7581458,0.7603541,0.61379564,0.7515265,0.75337744,1.0312324,0.75639355,0.6138792,0.7515929,0.75607336,0.7581433,0.76035404,0.61392397,0.75165206,0.75608504,0.7580559,0.7603643
k__Bacteria|p__Firmicutes|c__Erysipelotrichi|o__Erysipelotrichales|f__Erysipelotrichaceae|g__[Eubacterium]|s__dolichum,-0.22565511,-0.27569106,-0.27724326,-0.2781145,-0.27901372,-0.22566092,0.8311838,-0.27643067,-0.2781046,-0.27630082,-0.22564924,-0.2756912,-0.27724105,-0.27811503,-0.27900916,-0.22568733,-0.2756903,-0.2772414,-0.2781124,-0.27900803,-0.22567844,-0.27569073,-0.27724692,-0.27811182,-0.27900386,-0.22568062,-0.27569377,-0.2772436,-0.27811283,-0.2790063,-0.22567692,-0.27569276,-0.27724466,-0.27811334,-0.27901375,-0.22567873,0.7770387,-0.27643332,-0.27810407,-0.27631348,-0.22566494,-0.27568716,-0.277245,-0.27811128,-0.27899903,-0.22568336,0.9435058,-0.2764367,-0.27809888,-0.3255994,-0.22568318,-0.275692,-0.32986963,-0.27573776,-0.27712306,-0.22564152,-0.27569014,-0.27724642,-0.27812082,-0.33141193,-0.2256674,-0.27568746,0.6941758,-0.27575296,-0.2771213,-0.22566926,-0.27569804,-0.27669096,-0.2757467,-0.277039,-0.22566912,-0.2756915,-0.27724144,-0.27811566,-0.27899563,-0.2256313,-0.27567825,-0.27630383,-0.30701396,-0.27749816,-0.22563875,-0.27568573,-0.27724278,-0.27811563,-0.27900547,-0.22565264,-0.27569234,-0.27724394,-0.2781052,-0.27899426
k__Bacteria|p__Firmicutes|c__Clostridia|o__Clostridiales|f__Lachnospiraceae|g__Roseburia|s__faecis,0.23025079,0.28208375,0.28367335,0.28454208,0.28544784,0.23024249,0.77353555,0.28279442,0.28453016,0.2827236,0.23025197,0.28208417,0.28367066,0.28454286,0.28544492,0.23027481,0.28208286,0.2836711,0.28453964,0.2854433,0.23026702,0.28208333,0.28367776,0.28453898,0.28543907,0.2302684,0.2820872,0.28367382,0.28454024,0.2854437,0.23026864,0.28208598,0.28367507,0.28454083,0.28545004,0.23026687,-0.32432246,0.28279763,0.28452933,0.28273785,0.23026201,0.28207916,0.2836755,0.2845392,0.28545398,0.23027392,-0.31692833,0.28280175,0.28452325,-0.3255994,0.23027235,0.28208494,0.68410295,0.28214183,0.28357017,0.23024705,0.28208283,0.28367734,0.28455013,0.6381121,0.23026225,0.28207934,-0.32636124,0.28215927,0.28355712,0.23025818,0.28209227,1.3375822,0.2821549,0.28360426,0.23025978,0.28208435,0.28367138,0.28454408,0.28544378,0.23024322,0.2820685,0.28272074,-0.30701396,0.2839083,0.23025428,0.28207743,0.2836728,0.28454342,0.28543893,0.23025951,0.28208575,0.28367442,0.2845319,0.28543615
k__Bacteria|p__Firmicutes|c__Clostridia|o__unclassified|f__unclassified|g__unclassified|s__unclassified,0.6464883,0.7903001,0.7947277,0.7972435,0.7998252,0.6465118,0.88004935,0.7925073,0.7972206,0.7920498,0.6464703,0.7903005,0.79472256,0.7972449,0.79981184,0.64657366,0.7902984,0.7947234,0.7972389,0.79981756,0.6465539,0.79029936,0.79473627,0.7972374,0.7998054,0.646558,0.7903065,0.7947286,0.7972398,0.7998104,0.64654756,0.7903043,0.7947309,0.7972409,0.7998301,0.6465548,0.7898013,0.7925135,0.7972194,0.7920803,0.6465199,0.7902911,0.79473174,0.79723614,0.7997933,0.6465638,1.1928929,0.79252124,0.79720736,0.74506515,0.6465647,0.7903024,0.78852093,0.7904086,0.79441226,0.6464551,0.79029804,0.7947351,0.7972579,0.6965594,0.646525,0.7902918,0.7906133,0.7904438,0.79444623,0.6465318,0.79031634,1.3959332,0.79043037,0.79413766,0.64652324,0.7903012,0.7947236,0.79724646,0.7997868,0.64643866,0.7902705,0.79205704,0.9837948,0.79547644,0.6464542,0.79028773,0.7947266,0.7972462,0.7998067,0.6464906,0.7903033,0.7947294,0.797222,0.7997772
k__Bacteria|p__Firmicutes|c__Clostridia|o__Clostridiales|f__Lachnospiraceae|g__Lachnospira|s__unclassified,0.5999108,0.73342955,0.73754954,0.7398666,0.74226016,0.5999142,-0.3258366,0.7354182,0.7398421,0.7350632,0.5999117,0.73343015,0.737544,0.73986816,0.7422512,0.59998226,0.73342764,0.7375449,0.7398616,0.7422484,0.59995884,0.7334287,0.7375587,0.73986006,0.7422391,0.599965,0.73343647,0.7375505,0.7398627,0.7422451,0.599959,0.733434,0.737553,0.7398639,0.7422626,0.5999596,-0.32432246,0.7354249,0.7398406,0.73509586,0.5999361,0.73341995,0.73755395,0.7398598,0.7422538,0.59997165,1.4277068,0.7354332,0.7398279,0.73477346,0.5999782,0.73343194,0.7370745,0.7335491,0.7373743,0.59988403,0.73342764,0.73755753,0.73988307,0.6521163,0.5999367,0.7334206,-0.32636124,0.73358476,0.7373116,0.5999419,0.7334471,1.4217573,0.733575,0.73721105,0.5999432,0.73343074,0.73754513,0.7398703,0.74224466,0.59987044,0.73339796,0.7350638,0.96850574,0.73823106,0.5998974,0.7334165,0.7375484,0.7398695,0.74224067,0.59991527,0.7334331,0.7375518,0.7398455,0.74224484
k__Bacteria|p__Firmicutes|c__Clostridia|o__Clostridiales|f__Veillonellaceae|g__unclassified|s__unclassified,-0.25950283,-0.317069,-0.31883776,-0.31986034,-0.32090747,-0.25950256,-0.3258366,-0.31799716,-0.31985343,-0.31777304,-0.25950503,-0.3170691,-0.3188362,-0.31986076,-0.32090616,-0.25952035,-0.31706846,-0.31883645,-0.3198589,-0.32090437,-0.25951558,-0.31706876,-0.31884032,-0.3198585,-0.3209015,-0.25951695,-0.31707096,-0.31883806,-0.3198592,-0.3209055,-0.2595165,-0.31707028,-0.31883872,-0.3198595,-0.32090843,-0.25951457,0.7691845,-0.317999,-0.319853,-0.31777948,-0.25951514,-0.3170663,-0.318839,-0.31985852,-0.320907,-0.2595209,-0.31692833,-0.31800136,-0.3198495,0.7303576,-0.25951806,-0.3170696,-0.32986963,-0.31710202,-0.3187378,-0.25950474,-0.31706834,-0.31884003,-0.31986475,-0.33141193,-0.25951555,-0.3170665,-0.32636124,-0.31711227,-0.3187546,-0.25950906,-0.31707394,-0.27669096,-0.31710884,-0.31869847,-0.25951013,-0.31706935,-0.31883657,-0.31986135,-0.32089883,-0.25949737,-0.31706026,-0.31777066,1.1337224,-0.3191608,-0.2595053,-0.3170653,-0.31883746,-0.31986105,-0.3209018,-0.25951132,-0.31707013,-0.3188383,-0.3198541,-0.32088965
k__Bacteria|p__Firmicutes|c__Clostridia|o__Clostridiales|f__Lachnospiraceae|g__[Ruminococcus]|s__unclassified,0.5990542,0.73208857,0.7365086,0.73841274,0.74060893,0.59906733,0.771493,0.73257387,0.73830247,0.73379976,0.59907436,0.7320918,0.73648393,0.73841965,0.74056923,0.5993572,0.7320799,0.73648787,0.7383901,0.74057126,0.5992518,0.7320847,0.73654985,0.73838323,0.7405279,0.59927005,0.73211944,0.73651314,0.738395,0.74055153,0.5992537,0.7321087,0.7365243,0.7384006,0.74062526,0.59925336,-0.32432246,0.7326038,0.7382958,0.7339623,0.5991595,0.73204565,0.7365284,0.73838234,0.74061203,0.59930557,0.9732716,0.73264134,0.73823845,0.7179663,0.5993533,0.73209924,0.73587394,0.73262763,0.73582745,0.59897256,0.73207986,0.73654485,0.738487,-0.33141193,0.599181,0.73204833,0.68298215,0.7327863,0.73548234,0.5992162,0.73216736,1.3438355,0.7327507,0.7355515,0.5992061,0.73209405,0.736489,0.7384293,0.74057,0.5989251,0.7319468,0.73378867,0.97779125,0.73672616,0.59903806,0.7320302,0.73650354,0.73842585,0.7405387,0.59906936,0.7321049,0.73651904,0.73831755,0.74060386
k__Bacteria|p__Firmicutes|c__Clostridia|o__Clostridiales|f__Lachnospiraceae|g__unclassified|s__unclassified,0.8624587,1.0546901,1.060493,1.0639819,1.0674937,0.86246324,1.17348,1.0581335,1.0639802,1.0570093,0.86244583,1.0546899,1.0604925,1.063982,1.0674912,0.8624657,1.05469,1.0604928,1.0639815,1.067491,0.8624673,1.05469,1.0604937,1.0639813,1.0674874,0.8624675,1.0546906,1.060493,1.0639815,1.0674913,0.86246157,1.0546904,1.0604932,1.0639818,1.0674942,0.8624692,1.053653,1.058134,1.0639801,1.0570092,0.8624579,1.0546892,1.0604932,1.063981,1.0674734,0.86246705,0.950457,1.0581346,1.0639791,1.2473217,0.86246014,1.0546901,1.0307536,1.0546974,1.060374,0.8624463,1.0546896,1.0604935,1.0639827,0.8331909,0.8624588,1.0546894,0.97182393,1.0547004,1.0604314,0.86246026,1.0546912,1.4566504,1.0546958,1.0601475,0.86245155,1.0546901,1.0604925,1.063982,1.0674733,0.8624389,1.0546877,1.0570152,1.0806992,1.0616488,0.8624405,1.0546889,1.0604928,1.063982,1.0674881,0.86245,1.0546901,1.0604929,1.0639797,1.0674608
k__Bacteria|p__Firmicutes|c__Clostridia|o__Clostridiales|f__Ruminococcaceae|g__Oscillospira|s__unclassified,0.6459498,0.79056823,0.79519117,0.7974216,0.7998641,0.6459685,0.7900617,0.79177654,0.79734254,0.79238874,0.64596075,0.7905704,0.79517347,0.79742646,0.7998342,0.64617765,0.79056203,0.7951763,0.7974055,0.799839,0.6460993,0.79056543,0.79522073,0.79740036,0.799806,0.64611477,0.7905903,0.7951943,0.7974088,0.7998216,0.6460998,0.79058266,0.7952024,0.79741275,0.7998785,0.64610016,0.7880705,0.7917979,0.7973378,0.7925054,0.6460281,0.7905374,0.79520524,0.79739916,0.79985774,0.6461388,1.0225657,0.7918248,0.79729664,0.7550643,0.64617294,0.79057586,-0.32986963,0.7909531,0.7946659,0.6458838,0.7905619,0.79521704,0.7974743,0.7332162,0.64604676,0.79053926,0.8050685,0.79106754,0.7944274,0.64607245,0.7906246,1.3365914,0.7910389,0.7943884,0.64606583,0.790572,0.7951771,0.797433,0.7998277,0.6458467,0.79046667,0.7923825,0.97245556,0.7956133,0.6459247,0.7905264,0.7951875,0.7974309,0.79981416,0.6459578,0.7905798,0.7951983,0.79735255,0.7998582
k__Bacteria|p__Firmicutes|c__Clostridia|o__Clostridiales|f__Lachnospiraceae|g__[Ruminococcus]|s__gnavus,-0.22459057,-0.2749051,-0.27642703,-0.277318,-0.27822262,-0.22460201,0.811571,-0.27574596,-0.27731454,-0.27551427,-0.22458817,-0.27490506,-0.27642626,-0.27731815,-0.27822262,-0.22461036,-0.27490485,-0.27642637,-0.27731735,-0.27821982,-0.22460559,-0.27490503,-0.2764283,-0.2773171,-0.27821738,-0.22460757,-0.274906,-0.27642715,-0.27731746,-0.27821943,-0.22460353,-0.2749057,-0.27642745,-0.27731758,-0.2782222,-0.22460711,-0.32432246,-0.27574688,-0.2773144,-0.27551782,-0.22459875,-0.2749037,-0.27642763,-0.27731684,-0.27821425,-0.22460699,-0.31692833,-0.275748,-0.27731252,0.72030145,-0.2246105,-0.27490544,-0.32986963,-0.27492172,-0.2763886,-0.22458473,-0.2749048,-0.27642816,-0.27732015,0.6461634,-0.22459993,-0.27490386,0.6865938,-0.27492687,-0.27638286,-0.22460118,-0.27490756,-0.27669096,-0.27492446,-0.27632052,-0.22460213,-0.27490532,-0.2764264,-0.27731842,-0.27821293,-0.22458345,-0.27490056,-0.27551603,-0.30701396,-0.27670392,-0.22458485,-0.27490318,-0.27642682,-0.27731848,-0.2782197,-0.22459227,-0.2749055,-0.27642736,-0.27731484,-0.2782142
k__Bacteria|p__Firmicutes|c__Clostridia|o__Clostridiales|f__Lachnospiraceae|g__Roseburia|s__unclassified,0.010566297,0.012483379,0.012489054,0.012626395,0.012716712,0.010563438,0.76636845,0.012854738,0.0126448255,0.012488181,0.010567615,0.012482792,0.012493145,0.012625275,0.012721885,0.010517662,0.012484806,0.012492511,0.01263025,0.012722757,0.010530318,0.0124840345,0.01248214,0.012631327,0.012729857,0.010529052,0.012478215,0.012488257,0.0126293525,0.01272528,0.010533713,0.012480015,0.012486433,0.012628449,0.012713246,0.010530811,-0.32432246,0.012849744,0.012645958,0.012458635,0.010550561,0.012490545,0.012485724,0.012631487,0.012711025,0.010524206,-0.31692833,0.012843476,0.012655569,-0.3255994,0.01051801,0.012481613,0.8700137,0.012392856,0.012560636,0.010584587,0.012484811,0.012482931,0.012613947,0.8043677,0.010546186,0.012490114,-0.32636124,0.012366714,0.012647158,0.01053711,0.0124702165,1.3513532,0.012371818,0.012562485,0.010545754,0.012482458,0.012492325,0.012623624,0.0127161,0.0105900485,0.012507044,0.012491057,0.98309857,0.012615084,0.010571876,0.012493117,0.012489904,0.012624217,0.012726901,0.010567506,0.012480697,0.012487229,0.0126421545,0.012705964
k__Bacteria|p__Firmicutes|c__Clostridia|o__Clostridiales|f__Lachnospiraceae|g__Blautia|s__unclassified,1.0756956,1.3157275,1.322896,1.3273373,1.3317578,1.0756986,1.2036812,1.320359,1.3273546,1.3186047,1.0756763,1.3157266,1.3228997,1.3273362,1.3317598,1.0756528,1.3157289,1.3228992,1.327341,1.3317614,1.0756714,1.3157282,1.3228894,1.3273419,1.3317642,1.0756706,1.3157227,1.3228953,1.3273401,1.3317641,1.0756667,1.3157244,1.3228935,1.3273393,1.3317556,1.0756742,0.77896345,1.3203545,1.3273556,1.3185736,1.0756793,1.3157341,1.3228928,1.3273419,1.3317354,1.075665,1.3152405,1.3203485,1.3273646,1.4647808,1.0756446,1.3157258,1.645816,1.3156414,1.3228632,1.075695,1.3157287,1.3228903,1.3273253,0.8270997,1.075673,1.3157339,1.4236041,1.3156179,1.3230071,1.0756642,1.3157151,1.540924,1.3156178,1.3225676,1.0756589,1.3157266,1.322899,1.3273345,1.3317428,1.075693,1.3157495,1.3186146,1.1657933,1.3244374,1.0756769,1.3157363,1.3228967,1.3273352,1.3317611,1.075688,1.3157248,1.3228941,1.3273516,1.331712
k__Bacteria|p__Firmicutes|c__Clostridia|o__Clostridiales|f__Peptostreptococcaceae|g__unclassified|s__unclassified,0.5503753,0.67309713,0.67671734,0.67905545,0.68135047,0.55038077,1.0144377,0.67570233,0.6790777,0.6745567,0.55036426,0.6730963,0.6767223,0.6790541,0.681358,0.5503233,0.6730989,0.6767216,0.67906,0.681357,0.5503445,0.67309797,0.67670906,0.6790613,0.68136346,0.5503409,0.67309093,0.67671645,0.679059,0.6813609,0.550341,0.6730931,0.6767142,0.67905796,0.6813472,0.550345,0.7794878,0.67569625,0.67907894,0.6745222,0.5503572,0.6731056,0.67671335,0.6790613,0.6813378,0.5503338,-0.31692833,0.6756887,0.6790905,-0.3255994,0.55032,0.673095,0.7813725,0.6729877,0.67678463,0.55038536,0.6730988,0.67671,0.67904013,-0.33141193,0.5503524,0.67310524,0.6767988,0.6729565,0.67689323,0.5503466,0.67308116,-0.27669096,0.6729609,0.67668283,0.5503423,0.673096,0.6767212,0.679052,0.6813452,0.55039144,0.6731255,0.67456186,0.9635464,0.67758286,0.55036736,0.6731087,0.67671835,0.6790527,0.6813617,0.5503708,0.6730937,0.6767151,0.67907405,0.6813296
k__Bacteria|p__Firmicutes|c__Clostridia|o__Clostridiales|f__Ruminococcaceae|g__Faecalibacterium|s__unclassified,-0.25931728,-0.31716412,-0.31885254,-0.31997722,-0.32106814,-0.25932252,-0.3258366,-0.31847668,-0.3199926,-0.31784692,-0.2593179,-0.31716353,-0.318856,-0.31997627,-0.3210724,-0.25928277,-0.31716532,-0.3188554,-0.31998044,-0.32107377,-0.2592977,-0.31716472,-0.3188468,-0.3199814,-0.3210779,-0.259296,-0.3171599,-0.31885195,-0.31997967,-0.3210761,-0.25929874,-0.31716138,-0.31885034,-0.31997895,-0.3210659,-0.25929677,-0.32432246,-0.31847245,-0.3199935,-0.31782168,-0.2593132,-0.31717002,-0.31884974,-0.31998152,-0.32106304,-0.25929156,-0.31692833,-0.31846726,-0.32000145,-0.3255994,-0.2592829,-0.3171627,0.7622514,-0.31708947,-0.31892157,-0.25933224,-0.31716532,-0.3188475,-0.3199669,0.82629925,-0.2593072,-0.3171698,-0.32636124,-0.31706735,-0.31899,-0.2592963,-0.31715325,1.4951726,-0.31707224,-0.31883252,-0.25929934,-0.3171634,-0.3188553,-0.319975,-0.3210688,-0.25933847,-0.31718373,-0.31785053,-0.30701396,-0.3192858,-0.25932193,-0.31717214,-0.31885323,-0.31997544,-0.32107627,-0.25932592,-0.3171619,-0.31885123,-0.3199907,-0.32105708
k__Bacteria|p__Firmicutes|c__Clostridia|o__Clostridiales|f__Lachnospiraceae|g__Coprococcus|s__unclassified,0.5807873,0.71066034,0.71471375,0.7168601,0.71912163,0.5807915,0.7833493,0.7122556,0.71681803,0.7122652,0.58079153,0.71066153,0.71470433,0.7168627,0.719101,0.58090353,0.710657,0.7147058,0.7168515,0.71910876,0.58086157,0.7106589,0.7147295,0.71684873,0.71909,0.58086944,0.71067214,0.7147154,0.7168533,0.7190987,0.58086324,0.7106681,0.7147198,0.7168554,0.7191297,0.5808627,0.8270289,0.71226704,0.7168155,0.71232414,0.580827,0.71064395,0.7147212,0.7168481,0.71910435,0.58088326,-0.31692833,0.71228135,0.71679354,0.7115166,0.58089966,0.71066445,0.7041426,0.71086484,0.71432257,0.58075625,0.710657,0.7147275,0.71688807,0.6479487,0.58083725,0.71064496,0.68029845,0.7109262,0.71427405,0.580847,0.7106904,1.3412073,0.7109095,0.7140806,0.5808473,0.7106624,0.7147063,0.7168662,0.71908706,0.5807328,0.7106063,0.71226573,0.9714696,0.7152536,0.5807743,0.71063805,0.71471184,0.71686494,0.71909195,0.580792,0.71066666,0.71471745,0.716823,0.71908975
k__Bacteria|p__Firmicutes|c__Erysipelotrichi|o__Erysipelotrichales|f__[Coprobacillaceae]|g__unclassified|s__unclassified,0.6379796,0.7797764,0.7841645,0.78662324,0.78916067,0.6379957,0.79340106,0.78186345,0.78659546,0.78150606,0.63797903,0.77977693,0.7841582,0.7866249,0.7891441,0.63807946,0.7797742,0.7841593,0.7866175,0.789148,0.6380503,0.7797754,0.78417486,0.7866157,0.7891356,0.63805676,0.7797842,0.78416556,0.78661865,0.78914094,0.6380495,0.77978146,0.7841685,0.78662014,0.7891632,0.6380491,0.7798372,0.78187096,0.7865938,0.78154147,0.6380198,0.7797654,0.7841693,0.78661466,0.7891284,0.63806605,1.029868,0.7818805,0.78657925,0.73553944,0.6380695,0.77977896,-0.32986963,0.77990973,0.78381383,0.63795125,0.779774,0.7841735,0.78664124,0.65497154,0.6380234,0.7797662,0.7400187,0.7799517,0.78383243,0.6380254,0.7797961,1.3630078,0.7799363,0.78353035,0.63802624,0.7797777,0.7841594,0.78662694,0.78911716,0.63793075,0.77974045,0.7815131,0.9659583,0.7848774,0.6379516,0.77976155,0.7841631,0.78662646,0.78913605,0.63799334,0.7797804,0.7841666,0.7865976,0.7891095
k__Bacteria|p__Bacteroidetes|c__Bacteroidia|o__Bacteroidales|f__[Odoribacteraceae]|g__Butyricimonas|s__unclassified,-0.26486108,-0.3248666,-0.32644388,-0.32777864,-0.32898086,-0.2648568,-0.3258366,-0.32691568,-0.32783532,-0.32553858,-0.26485687,-0.3248648,-0.3264566,-0.32777506,-0.3290036,-0.26471442,-0.32487112,-0.32645458,-0.32779026,-0.32899493,-0.26476294,-0.32486862,-0.3264227,-0.32779378,-0.32901925,-0.26475668,-0.3248507,-0.32644165,-0.3277877,-0.32900667,-0.26476544,-0.32485625,-0.32643586,-0.3277849,-0.32896823,-0.26476252,-0.32432246,-0.32690036,-0.32783884,-0.32545167,-0.26481298,-0.3248886,-0.32643372,-0.3277945,-0.32897735,-0.2647382,-0.31692833,-0.326881,-0.3278683,-0.3255994,-0.26471496,-0.3248611,-0.32986963,-0.32458955,-0.32683364,-0.2648988,-0.32487112,-0.3264252,-0.32774052,-0.33141193,-0.264794,-0.3248874,-0.32636124,-0.3245079,-0.3269837,-0.26477447,-0.32482624,-0.27669096,-0.3245265,-0.3268521,-0.26478785,-0.32486382,-0.3264539,-0.32777017,-0.32899818,-0.26491693,-0.32493943,-0.32554466,-0.30701396,-0.3270927,-0.2648659,-0.32489657,-0.3264465,-0.32777196,-0.32901347,-0.2648577,-0.32485816,-0.32643872,-0.3278281,-0.32898074
k__Bacteria|p__Bacteroidetes|c__Bacteroidia|o__Bacteroidales|f__Bacteroidaceae|g__Bacteroides|s__caccae,-0.26543045,-0.32418984,-0.32564327,-0.32717252,-0.32847255,-0.26542455,-0.3258366,-0.32689273,-0.32726544,-0.32480597,-0.2653963,-0.32418686,-0.32566395,-0.32716674,-0.32850415,-0.2651806,-0.3241973,-0.32566074,-0.3271916,-0.32850122,-0.26527607,-0.32419318,-0.3256085,-0.32719746,-0.32853568,-0.26525825,-0.32416397,-0.3256395,-0.32718748,-0.32851985,-0.26526856,-0.3241729,-0.32563013,-0.32718295,-0.3284569,-0.2652761,-0.32432246,-0.32686752,-0.327271,-0.3246646,-0.26534516,-0.32422584,-0.3256266,-0.3271982,-0.32845408,-0.26522887,-0.31692833,-0.32683593,-0.32731932,-0.3255994,-0.2651778,-0.32418093,-0.32986963,-0.3237344,-0.32611674,-0.26549014,-0.32419702,-0.32561266,-0.3271097,-0.33141193,-0.26532266,-0.32422382,-0.32636124,-0.32360208,-0.32648516,-0.26529217,-0.32412344,-0.27669096,-0.3236295,-0.32615256,-0.26529133,-0.32418525,-0.3256598,-0.32715863,-0.32849187,-0.26553065,-0.32430893,-0.32482213,-0.30701396,-0.32652086,-0.26543224,-0.32423866,-0.32564753,-0.32716155,-0.32852513,-0.2654218,-0.32417595,-0.32563436,-0.32725245,-0.32843363
k__Bacteria|p__Bacteroidetes|c__Bacteroidia|o__Bacteroidales|f__S24-7|g__unclassified|s__unclassified,-0.2657125,-0.3246596,-0.32622647,-0.32760298,-0.32883134,-0.26570252,-0.3258366,-0.3268105,-0.3276645,-0.32531464,-0.2657056,-0.32465768,-0.32624012,-0.32759923,-0.32885283,-0.26553923,-0.32466447,-0.32623798,-0.32761568,-0.32885423,-0.26559663,-0.3246618,-0.3262034,-0.3276195,-0.32887548,-0.26558658,-0.32464245,-0.32622394,-0.32761288,-0.32886505,-0.26559827,-0.32464844,-0.3262177,-0.3276099,-0.3288232,-0.26559708,-0.32432246,-0.32679385,-0.3276682,-0.32522157,-0.26565522,-0.3246835,-0.3262154,-0.32762027,-0.32882845,-0.26556882,-0.31692833,-0.32677293,-0.32770023,-0.3255994,-0.2655413,-0.32465369,-0.32986963,-0.32435948,-0.326559,-0.26576653,-0.3246644,-0.32620624,-0.32756168,-0.33141193,-0.26564234,-0.32468206,-0.32636124,-0.32427096,-0.32678813,-0.26561844,-0.32461572,-0.27669096,-0.32429063,-0.32658908,-0.26562384,-0.3246566,-0.32623744,-0.32759398,-0.32884884,-0.26579213,-0.32473865,-0.32532102,-0.30701396,-0.3269331,-0.26573062,-0.32469207,-0.32622927,-0.3275957,-0.32886896,-0.2657084,-0.3246506,-0.3262207,-0.32765633,-0.32881993
k__Bacteria|p__Bacteroidetes|c__Bacteroidia|o__Bacteroidales|f__Prevotellaceae|g__Prevotella|s__stercorea,-0.26548272,-0.32449093,-0.32627064,-0.32735524,-0.3284368,-0.2654817,-0.3258366,-0.32558522,-0.32735658,-0.3251978,-0.26548356,-0.32449085,-0.32627094,-0.32735515,-0.32843208,-0.26547515,-0.3244911,-0.32627088,-0.32735556,-0.3284391,-0.26547936,-0.32449108,-0.3262701,-0.32735565,-0.3284356,-0.2654772,-0.32449067,-0.32627052,-0.32735536,-0.3284389,-0.2654814,-0.3244908,-0.3262704,-0.32735538,-0.32843786,-0.2654776,-0.32432246,-0.32558483,-0.32735664,-0.32519192,-0.26548374,-0.32449147,-0.32627034,-0.32735538,-0.32841507,-0.2654775,-0.31692833,-0.32558438,-0.3273574,-0.3255994,-0.26547644,-0.3244908,-0.32986963,-0.32448387,-0.32611427,-0.26549298,-0.32449096,-0.32627013,-0.32735407,-0.33141193,-0.26548675,-0.32449156,-0.32636124,-0.32448232,-0.32623205,-0.26548055,-0.32449007,-0.27669096,-0.32448065,-0.3259581,-0.2654831,-0.32449093,-0.32627088,-0.32735494,-0.32841495,-0.2654926,-0.3244927,-0.3252034,-0.30701396,-0.32663608,-0.2654864,-0.32449156,-0.32627076,-0.327355,-0.32843408,-0.26548868,-0.32449082,-0.3262704,-0.32735577,-0.32839358
k__Bacteria|p__Bacteroidetes|c__Bacteroidia|o__Bacteroidales|f__[Paraprevotellaceae]|g__[Prevotella]|s__unclassified,-0.26507413,-0.3248394,-0.32659888,-0.32769394,-0.3287814,-0.26507515,-0.3258366,-0.32600448,-0.32770002,-0.32555583,-0.26507434,-0.3248393,-0.3266003,-0.32769355,-0.32878435,-0.26506057,-0.32483995,-0.32660007,-0.3276952,-0.32878107,-0.26506266,-0.32483965,-0.32659665,-0.32769552,-0.3287844,-0.26506323,-0.32483774,-0.3265987,-0.32769495,-0.32878405,-0.2650643,-0.32483834,-0.3265981,-0.32769465,-0.3287786,-0.26506424,-0.32432246,-0.32600284,-0.32770038,-0.32554498,-0.26507002,-0.32484168,-0.3265978,-0.32769585,-0.32877713,-0.26506197,-0.31692833,-0.32600075,-0.32770348,-0.3255994,-0.26505938,-0.32483882,-0.32986963,-0.32480997,-0.326603,-0.26507866,-0.32483998,-0.32659698,-0.32768983,-0.33141193,-0.2650645,-0.32484168,-0.32636124,-0.3248011,-0.32665128,-0.26506397,-0.32483512,-0.27669096,-0.32480323,-0.32656533,-0.2650641,-0.32483917,-0.32659996,-0.32769305,-0.3287779,-0.26507515,-0.32484722,-0.325557,-0.30701396,-0.32697463,-0.2650746,-0.32484257,-0.32659918,-0.32769316,-0.32878292,-0.26507187,-0.32483855,-0.3265984,-0.3276993,-0.32876745
k__Bacteria|p__Bacteroidetes|c__Bacteroidia|o__Bacteroidales|f__[Barnesiellaceae]|g__unclassified|s__unclassified,-0.26534933,-0.32482266,-0.32656848,-0.32769126,-0.3287968,-0.26535878,-0.3258366,-0.32607275,-0.32770187,-0.3255337,-0.26535448,-0.32482225,-0.32657075,-0.32769066,-0.3288032,-0.26533568,-0.32482353,-0.32657045,-0.32769352,-0.32880044,-0.26534128,-0.32482302,-0.3265645,-0.32769412,-0.3288036,-0.26534128,-0.32481977,-0.32656795,-0.327693,-0.328802,-0.2653443,-0.3248208,-0.32656693,-0.3276925,-0.32879496,-0.2653407,-0.32432246,-0.32606986,-0.32770246,-0.32551795,-0.2653494,-0.32482678,-0.32656646,-0.32769418,-0.32880095,-0.26533914,-0.31692833,-0.32606626,-0.327708,-0.3255994,-0.26533526,-0.32482165,-0.32986963,-0.32477108,-0.32666934,-0.26535863,-0.32482344,-0.32656494,-0.32768402,-0.33141193,-0.26534465,-0.32482654,-0.32636124,-0.32475588,-0.32666934,-0.26534143,-0.3248151,-0.27669096,-0.32475883,-0.32666165,-0.26534125,-0.32482207,-0.32657033,-0.3276897,-0.3288015,-0.26536328,-0.32483616,-0.32553256,-0.30701396,-0.3269807,-0.26535052,-0.32482827,-0.3265689,-0.32769006,-0.32880387,-0.265357,-0.3248211,-0.32656753,-0.3277005,-0.3288043
k__Bacteria|p__Bacteroidetes|c__Bacteroidia|o__Bacteroidales|f__[Paraprevotellaceae]|g__Paraprevotella|s__unclassified,-0.26522413,-0.32444578,-0.32618797,-0.3273166,-0.32842508,-0.26522273,-0.3258366,-0.32571134,-0.32732797,-0.32515168,-0.26522627,-0.32444537,-0.32619047,-0.32731587,-0.32842794,-0.2651945,-0.32444668,-0.32619008,-0.32731885,-0.32842857,-0.26520628,-0.32444617,-0.32618368,-0.32731962,-0.328433,-0.26520503,-0.32444263,-0.3261875,-0.32731843,-0.32843134,-0.2652068,-0.32444373,-0.32618633,-0.3273179,-0.32842356,-0.2652046,-0.32432246,-0.32570827,-0.32732856,-0.32513487,-0.26521677,-0.32445014,-0.32618588,-0.32732004,-0.32842964,-0.2652017,-0.31692833,-0.3257044,-0.3273345,-0.3255994,-0.26519525,-0.32444465,-0.32986963,-0.32439113,-0.32627326,-0.26523176,-0.3244467,-0.3261842,-0.32730913,-0.33141193,-0.26521182,-0.32444993,-0.32636124,-0.32437438,-0.32630965,-0.26520872,-0.3244377,-0.27669096,-0.32437915,-0.32621038,-0.26520616,-0.3244452,-0.32618994,-0.32731503,-0.3284368,-0.26523632,-0.32446033,-0.32515222,-0.30701396,-0.3266098,-0.26522937,-0.32445174,-0.32618845,-0.32731524,-0.32843018,-0.2652274,-0.32444412,-0.32618698,-0.32732677,-0.32842612
k__Bacteria|p__Bacteroidetes|c__Bacteroidia|o__Bacteroidales|f__Bacteroidaceae|g__Bacteroides|s__plebeius,-0.26536596,-0.3246274,-0.32649094,-0.3274579,-0.3284865,-0.26537725,-0.3258366,-0.32530218,-0.32743546,-0.32536212,-0.26536107,-0.324628,-0.3264859,-0.32745922,-0.32847807,-0.26543415,-0.32462567,-0.32648677,-0.3274533,-0.32847738,-0.26541305,-0.32462662,-0.32649934,-0.32745188,-0.32846808,-0.2654178,-0.3246337,-0.32649183,-0.3274542,-0.32847434,-0.26541054,-0.32463142,-0.32649416,-0.3274554,-0.32848883,-0.26541543,-0.32432246,-0.32530826,-0.32743418,-0.32539326,-0.2653886,-0.32461858,-0.32649493,-0.32745144,-0.32847682,-0.2654246,-0.31692833,-0.32531592,-0.3274225,-0.3255994,-0.26543224,-0.32462955,-0.32986963,-0.32473534,-0.32629004,-0.26534778,-0.3246255,-0.32649824,-0.32747263,-0.33141193,-0.26539692,-0.32461923,-0.32636124,-0.32476866,-0.32626048,-0.2654034,-0.3246433,-0.27669096,-0.3247585,-0.32625133,-0.2654006,-0.32462847,-0.326487,-0.32746103,-0.32846874,-0.26533794,-0.32459855,-0.32536238,-0.30701396,-0.32672313,-0.265356,-0.32461548,-0.32648996,-0.32746053,-0.32847115,-0.2653699,-0.32463065,-0.32649288,-0.32743782,-0.32846683
k__Bacteria|p__Bacteroidetes|c__Bacteroidia|o__Bacteroidales|f__Prevotellaceae|g__Prevotella|s__copri,-0.26584005,-0.3248484,-0.32664418,-0.32771415,-0.32879654,-0.26584482,-0.3258366,-0.32588062,-0.32771182,-0.32556048,-0.26583108,-0.32484835,-0.3266436,-0.32771432,-0.32879674,-0.2658513,-0.32484823,-0.3266437,-0.3277137,-0.32879275,-0.26584834,-0.32484835,-0.32664502,-0.32771346,-0.3287922,-0.26585016,-0.32484913,-0.3266443,-0.3277138,-0.3287928,-0.26584557,-0.32484883,-0.32664454,-0.32771397,-0.32879496,-0.2658519,-0.32432246,-0.32588124,-0.32771164,-0.32556295,-0.26584032,-0.32484734,-0.3266446,-0.32771355,-0.32879084,-0.26584855,-0.31692833,-0.32588208,-0.32771036,-0.3255994,-0.26585025,-0.3248486,-0.32986963,-0.32485992,-0.3266349,-0.2658253,-0.32484812,-0.3266449,-0.32771572,-0.33141193,-0.26583713,-0.32484758,-0.32636124,-0.3248636,-0.3266254,-0.26584217,-0.32485005,-0.27669096,-0.3248622,-0.32652172,-0.26583993,-0.32484853,-0.32664368,-0.32771456,-0.32879272,-0.26582792,-0.3248451,-0.32556337,-0.30701396,-0.3269954,-0.2658324,-0.32484692,-0.326644,-0.3277145,-0.32879335,-0.26583707,-0.3248486,-0.32664436,-0.3277123,-0.3287897
k__Bacteria|p__Bacteroidetes|c__Bacteroidia|o__Bacteroidales|f__Bacteroidaceae|g__Bacteroides|s__ovatus,-0.259032,-0.31719875,-0.31887817,-0.32000542,-0.32109523,-0.2590313,-0.3258366,-0.3185374,-0.32002258,-0.31788436,-0.25902542,-0.3171982,-0.318882,-0.32000428,-0.32110083,-0.25898352,-0.31720012,-0.3188814,-0.3200089,-0.32110083,-0.2590008,-0.3171994,-0.31887174,-0.32000995,-0.32110614,-0.25899804,-0.31719396,-0.31887746,-0.32000816,-0.3211047,-0.25899988,-0.3171956,-0.31887573,-0.32000732,-0.3210929,-0.25900126,0.7730607,-0.31853276,-0.32002354,-0.31785846,-0.25901392,-0.31720537,-0.318875,-0.32001013,-0.32109058,-0.25899303,-0.31692833,-0.3185269,-0.32003254,-0.3255994,-0.2589824,-0.31719708,-0.32986963,-0.31711465,-0.31894326,-0.2590425,-0.31720003,-0.3188725,-0.31999373,-0.33141193,-0.2590099,-0.31720504,0.6823119,-0.31708997,-0.31902894,-0.2590063,-0.31718644,-0.27669096,-0.31709456,-0.31890678,-0.25900173,-0.31719786,-0.3188812,-0.32000282,-0.3210982,-0.2590467,-0.3172208,-0.3178877,-0.30701396,-0.31931219,-0.25903082,-0.31720775,-0.31887895,-0.3200033,-0.32110408,-0.2590253,-0.31719616,-0.3188765,-0.32002005,-0.32108226
k__Bacteria|p__Bacteroidetes|c__Bacteroidia|o__Bacteroidales|f__Prevotellaceae|g__Prevotella|s__unclassified,-0.26534435,-0.3240867,-0.32562816,-0.3270371,-0.3282842,-0.2653435,-0.3258366,-0.32635295,-0.32710516,-0.324732,-0.26532978,-0.32408452,-0.32564336,-0.32703286,-0.3283111,-0.2651641,-0.3240921,-0.32564098,-0.32705104,-0.32830483,-0.26522994,-0.3240891,-0.3256027,-0.32705534,-0.32833105,-0.26521894,-0.32406774,-0.32562542,-0.32704806,-0.3283189,-0.26522732,-0.32407424,-0.3256185,-0.32704473,-0.32827172,-0.26523015,-0.32432246,-0.32633454,-0.32710928,-0.32463115,-0.26528394,-0.324113,-0.32561594,-0.32705602,-0.32828134,-0.2651971,-0.31692833,-0.32631135,-0.32714456,-0.3255994,-0.26516518,-0.32408008,-0.32986963,-0.32375467,-0.32607394,-0.2653903,-0.32409197,-0.32560575,-0.3269914,-0.33141193,-0.2652666,-0.32411152,-0.32636124,-0.32365674,-0.32627177,-0.2652467,-0.3240381,-0.27669096,-0.32367897,-0.32612264,-0.26524618,-0.32408333,-0.3256402,-0.32702696,-0.32830882,-0.26541924,-0.32417387,-0.32473966,-0.30701396,-0.3263747,-0.2653519,-0.32412255,-0.32563126,-0.32702917,-0.3283261,-0.26533726,-0.32407647,-0.3256219,-0.3270962,-0.32828343
k__Bacteria|p__Bacteroidetes|c__Bacteroidia|o__Bacteroidales|f__Porphyromonadaceae|g__Dysgonomonas|s__unclassified,-0.26540253,-0.324755,-0.32655403,-0.3276072,-0.32867998,-0.26540327,-0.3258366,-0.3257469,-0.3276029,-0.32547796,-0.2654022,-0.32475513,-0.32655305,-0.32760745,-0.32867956,-0.265418,-0.32475474,-0.32655323,-0.32760632,-0.32867777,-0.26541376,-0.3247549,-0.3265556,-0.32760602,-0.3286767,-0.2654155,-0.3247563,-0.32655415,-0.3276065,-0.32867762,-0.2654133,-0.32475582,-0.32655466,-0.32760674,-0.32868087,-0.26541394,-0.32432246,-0.32574803,-0.32760262,-0.32548252,-0.26541018,-0.32475343,-0.32655478,-0.3276062,-0.328687,-0.26541704,-0.31692833,-0.32574952,-0.32760042,-0.3255994,-0.2654163,-0.32475552,-0.32986963,-0.32477564,-0.3265481,-0.26539737,-0.32475477,-0.3265554,-0.32761002,-0.33141193,-0.26540846,-0.32475352,-0.32636124,-0.32478204,-0.32652462,-0.26540747,-0.3247581,-0.27669096,-0.32478043,-0.3265422,-0.26540872,-0.32475525,-0.3265533,-0.32760793,-0.32868385,-0.2653968,-0.32474965,-0.32547608,-0.30701396,-0.3268878,-0.26540187,-0.3247528,-0.32655385,-0.32760766,-0.32867593,-0.26540896,-0.32475573,-0.32655442,-0.3276037,-0.3286816
k__Bacteria|p__Bacteroidetes|c__Bacteroidia|o__Bacteroidales|f__Bacteroidaceae|g__Bacteroides|s__uniformis,-0.2585462,-0.31643802,-0.31813592,-0.31923535,-0.320311,-0.2585547,-0.3258366,-0.317673,-0.3192466,-0.3171235,-0.25853154,-0.31643754,-0.31813842,-0.31923467,-0.3203147,-0.25852928,-0.31643894,-0.31813803,-0.3192377,-0.32031402,-0.2585398,-0.31643844,-0.31813172,-0.31923836,-0.32031766,-0.2585379,-0.31643492,-0.3181355,-0.31923717,-0.32031545,-0.25853658,-0.316436,-0.3181343,-0.31923664,-0.32030976,-0.25854018,-0.32432246,-0.31766993,-0.31924725,-0.31710565,-0.25854024,-0.31644222,-0.3181339,-0.31923813,-0.32029924,-0.2585339,-0.31692833,-0.3176661,-0.3192531,-0.3255994,-0.2585236,-0.31643698,-0.32986963,-0.31638175,-0.31813464,-0.2585406,-0.3164388,-0.31813216,-0.3192273,1.2703136,-0.25853363,-0.31644213,0.6770685,-0.3163667,-0.318215,-0.25853404,-0.31642997,-0.27669096,-0.31636792,-0.31804103,-0.2585275,-0.31643742,-0.31813794,-0.31923354,-0.3203035,-0.2585422,-0.3164522,-0.31712815,1.194277,-0.31853777,-0.2585298,-0.31644374,-0.31813645,-0.319234,-0.32031518,-0.2585429,-0.3164362,-0.31813467,-0.31924438,-0.32028854
k__Bacteria|p__Bacteroidetes|c__Bacteroidia|o__Bacteroidales|f__Porphyromonadaceae|g__Parabacteroides|s__distasonis,-0.2594444,-0.31695545,-0.3187617,-0.31973422,-0.32075042,-0.2594505,-0.3258366,-0.3176993,-0.31971675,-0.31765932,-0.25945064,-0.3169558,-0.31875777,-0.31973523,-0.32073885,-0.25950006,-0.31695405,-0.31875843,-0.31973064,-0.3207441,-0.25948104,-0.31695482,-0.31876823,-0.3197295,-0.32073498,-0.25948524,-0.31696028,-0.3187624,-0.31973132,-0.3207385,-0.25948456,-0.3169586,-0.31876415,-0.31973225,-0.3207525,-0.25948006,-0.32432246,-0.31770408,-0.31971574,-0.31768227,-0.25946584,-0.31694853,-0.31876475,-0.319729,-0.32073015,-0.2594904,-0.31692833,-0.31770998,-0.31970668,-0.3255994,-0.25949782,-0.31695706,0.6777574,-0.3170399,-0.31856298,-0.25942943,-0.31695396,-0.31876737,-0.31974578,0.89139587,-0.2594678,-0.3169491,-0.32636124,-0.31706536,-0.31856453,-0.2594704,-0.3169678,2.015938,-0.3170573,-0.31834096,-0.25947425,-0.31695628,-0.3187586,-0.3197366,-0.3207258,-0.25941983,-0.31693286,-0.31766486,-0.30701396,-0.31901783,-0.25943366,-0.3169461,-0.31876087,-0.31973618,-0.32073548,-0.25945145,-0.3169579,-0.31876326,-0.31971872,-0.32072365
k__Bacteria|p__Bacteroidetes|c__Bacteroidia|o__Bacteroidales|f__Porphyromonadaceae|g__Parabacteroides|s__unclassified,-0.2651499,-0.3246222,-0.32639205,-0.32747895,-0.32856244,-0.26515424,-0.3258366,-0.32574537,-0.32748234,-0.3253358,-0.265148,-0.32462204,-0.32639283,-0.3274787,-0.32856262,-0.2651477,-0.32462254,-0.32639268,-0.32747963,-0.32856277,-0.26515114,-0.32462236,-0.32639077,-0.32747984,-0.328564,-0.26515192,-0.3246213,-0.32639194,-0.32747942,-0.32856292,-0.26515192,-0.32462168,-0.32639155,-0.3274793,-0.32856166,-0.26515013,-0.32432246,-0.32574445,-0.32748255,-0.32532966,-0.26515186,-0.3246235,-0.3263914,-0.32747966,-0.32855427,-0.2651499,-0.31692833,-0.32574332,-0.3274843,-0.3255994,-0.265146,-0.32462192,0.68378663,-0.32460517,-0.3263861,-0.26514593,-0.32462245,-0.32639092,-0.32747647,-0.33141193,-0.2651486,-0.32462347,-0.32636124,-0.32460052,-0.32641077,-0.26514602,-0.32461986,-0.27669096,-0.32460046,-0.32627532,-0.2651459,-0.32462212,-0.3263926,-0.32747823,-0.32855684,-0.26514506,-0.3246265,-0.3253383,-0.30701396,-0.32675943,-0.26514235,-0.32462397,-0.32639217,-0.32747853,-0.3285635,-0.26515278,-0.32462168,-0.3263917,-0.32748163,-0.32855392
k__Bacteria|p__Bacteroidetes|c__Bacteroidia|o__Bacteroidales|f__Bacteroidaceae|g__unclassified|s__unclassified,-0.22501704,-0.2752613,-0.27671283,-0.27770656,-0.2786635,-0.22501636,-0.3258366,-0.2764662,-0.2777236,-0.27585176,-0.22501056,-0.27526072,-0.27671665,-0.27770543,-0.27866971,-0.22497399,-0.27526265,-0.27671605,-0.27771008,-0.2786677,-0.22498867,-0.27526197,-0.2767064,-0.27771103,-0.27867448,-0.22498816,-0.2752565,-0.27671212,-0.2777093,-0.27866995,-0.22498822,-0.27525818,-0.2767104,-0.2777084,-0.27866066,-0.22498909,1.5476712,-0.27646154,-0.27772462,-0.27582532,-0.22500116,-0.27526793,-0.27670968,-0.27771103,-0.27866066,-0.22498256,-0.31692833,-0.27645576,-0.2777335,0.7152352,-0.22497037,-0.27525967,-0.32986963,-0.2751772,-0.27683038,-0.22502139,-0.2752626,-0.2767071,-0.27769488,0.65440977,-0.22499481,-0.27526748,-0.32636124,-0.27515316,-0.27686518,-0.22498803,-0.27524906,-0.27669096,-0.2751568,-0.27676928,-0.22499046,-0.27526042,-0.27671582,-0.27770394,-0.2786665,-0.22502114,-0.27528322,-0.27585432,1.0852373,-0.27710986,-0.22500727,-0.27527028,-0.2767136,-0.27770448,-0.27867293,-0.22501017,-0.27525875,-0.2767111,-0.27772117,-0.27866447
k__Bacteria|p__Bacteroidetes|c__Bacteroidia|o__Bacteroidales|f__Bacteroidaceae|g__Bacteroides|s__unclassified,1.2371087,1.5132141,1.5215143,1.526546,1.5315936,1.2371216,-0.3258366,1.518265,1.5265503,1.5165392,1.2370929,1.5132134,1.5215151,1.5265458,1.5315921,1.2371131,1.5132146,1.5215151,1.526547,1.5315924,1.2371193,1.5132143,1.5215127,1.5265472,1.5315893,1.2371193,1.5132132,1.5215142,1.5265466,1.5315931,1.237112,1.5132134,1.5215137,1.5265465,1.5315936,1.2371206,1.3316351,1.5182638,1.5265505,1.5165273,1.2371125,1.5132154,1.5215135,1.5265467,1.5315675,1.2371173,-0.31692833,1.5182624,1.5265527,1.7191882,1.2371047,1.5132136,0.86421937,1.513192,1.5213754,1.2370968,1.5132141,1.5215127,1.5265427,1.5310156,1.2371082,1.5132155,1.7953147,1.5131872,1.5214922,1.2371056,1.513211,1.9546217,1.513183,1.5210027,1.2370958,1.5132139,1.5215151,1.5265453,1.5315689,1.2370932,1.5132192,1.5165482,2.2175343,1.5231987,1.2370876,1.5132159,1.5215144,1.5265454,1.531588,1.2371094,1.5132132,1.5215135,1.5265486,1.5315406
k__Bacteria|p__Bacteroidetes|c__Bacteroidia|o__Bacteroidales|f__Rikenellaceae|g__unclassified|s__unclassified,0.01872485,0.023007426,0.023256946,0.023165423,0.023162246,0.018734168,-0.3258366,0.022475347,0.023130823,0.023091251,0.018721526,0.023008522,0.023249082,0.023167534,0.023151552,0.0188307,0.023004767,0.02325042,0.023158342,0.023149073,0.018798523,0.023006141,0.023269918,0.023156118,0.02313682,0.018804217,0.023017108,0.023258265,0.023159878,0.023141917,0.018793538,0.023013733,0.023261793,0.023161542,0.023168065,0.018799204,-0.32432246,0.022484727,0.02312877,0.02314318,0.018758863,0.02299399,0.023263074,0.023155347,0.023163328,0.01881329,-0.31692833,0.0224965,0.023110641,1.0773845,0.018825857,0.023010798,-0.32986963,0.023175538,0.023076061,0.018686652,0.023004789,0.023268271,0.023188358,1.0935965,0.018766278,0.022994755,0.7922965,0.02322594,0.022927806,0.018779635,0.023032067,1.3748462,0.023212988,0.023078067,0.018776206,0.023009103,0.023250762,0.023170378,0.023148239,0.018673278,0.02296298,0.023087706,1.0043234,0.023088029,0.018703531,0.022989165,0.023255255,0.023169432,0.023141097,0.018726865,0.023012485,0.023259996,0.023135066,0.023172012
k__Bacteria|p__Bacteroidetes|c__Bacteroidia|o__Bacteroidales|f__Bacteroidaceae|g__Bacteroides|s__fragilis,0.107035086,0.1311619,0.1317821,0.13234667,0.13284889,0.10703825,-0.3258366,0.13207714,0.13237451,0.13143069,0.107029356,0.13116105,0.13178833,0.13234498,0.13286272,0.10696365,0.13116413,0.13178733,0.13235238,0.13285735,0.106991395,0.13116291,0.13177171,0.13235411,0.13286817,0.10698672,0.13115415,0.13178098,0.13235119,0.13286406,0.106987685,0.13115683,0.13177814,0.13234979,0.13284436,0.106991984,1.4842417,0.13206959,0.13237616,0.13139074,0.10701168,0.13117269,0.13177714,0.13235468,0.13286008,0.1069776,-0.31692833,0.13206014,0.13239063,0.958683,0.10696548,0.13115923,-0.32986963,0.13102683,0.13203073,0.10705486,0.13116416,0.131773,0.13232812,0.7885807,0.107005164,0.13117209,1.1317037,0.13098635,0.13206792,0.10699911,0.13114205,-0.27669096,0.13099651,0.13212332,0.10699569,0.13116056,0.131787,0.1323427,0.13287035,0.107069485,0.13119763,0.13143024,1.0169262,0.13207814,0.10704242,0.13117659,0.13178335,0.13234341,0.13286722,0.107032776,0.13115777,0.1317797,0.13237126,0.13286518
k__Bacteria|p__Proteobacteria|c__Gammaproteobacteria|o__Enterobacteriales|f__Enterobacteriaceae|g__Trabulsiella|s__unclassified,-0.26607242,-0.3250234,-0.32668233,-0.32794112,-0.32911748,-0.26606804,-0.3258366,-0.32673758,-0.32797754,-0.32570207,-0.26605806,-0.32502222,-0.32669047,-0.3279389,-0.3291341,-0.26596975,-0.32502633,-0.32668915,-0.32794863,-0.3291282,-0.26600534,-0.32502472,-0.3266687,-0.32795084,-0.32914165,-0.2660002,-0.32501328,-0.3266808,-0.32794702,-0.32913595,-0.26600337,-0.3250168,-0.3266772,-0.32794523,-0.32911137,-0.26600778,-0.32432246,-0.32672775,-0.32797968,-0.32564718,-0.2660336,-0.32503757,-0.32667574,-0.3279512,-0.3291192,-0.26598895,-0.31692833,-0.32671535,-0.32799858,-0.3255994,-0.2659676,-0.3250199,-0.32986963,-0.32484528,-0.32694125,-0.26609343,-0.32502627,-0.32667035,-0.32791662,-0.33141193,-0.26602393,-0.3250367,-0.32636124,-0.32479316,-0.3270247,-0.26601225,-0.32499743,-0.27669096,-0.32480383,-0.32699135,-0.26601267,-0.3250216,-0.32668877,-0.3279357,-0.3291308,-0.26610535,-0.32507008,-0.3257054,-0.30701396,-0.32725418,-0.26606998,-0.32504255,-0.32668403,-0.32793683,-0.32914007,-0.26606005,-0.32501793,-0.32667893,-0.3279728,-0.32911992
k__Bacteria|p__Proteobacteria|c__Gammaproteobacteria|o__Enterobacteriales|f__Enterobacteriaceae|g__Klebsiella|s__unclassified,-0.2667621,-0.32491428,-0.32680568,-0.32777345,-0.3288163,-0.26677018,-0.3258366,-0.3255277,-0.32774615,-0.32564244,-0.26677042,-0.32491502,-0.32679957,-0.32777515,-0.32880628,-0.26684362,-0.32491213,-0.32680053,-0.32776788,-0.3288073,-0.26681653,-0.3249133,-0.3268159,-0.32776615,-0.328797,-0.26682273,-0.32492194,-0.32680678,-0.32776904,-0.3288023,-0.26681754,-0.32491928,-0.3268095,-0.3277704,-0.3288209,-0.26681626,-0.32432246,-0.32553506,-0.32774454,-0.32568198,-0.2667955,-0.3249036,-0.32681057,-0.32776588,-0.3288166,-0.26683077,-0.31692833,-0.32554436,-0.32773033,-0.3255994,-0.266843,-0.32491687,-0.32986963,-0.32504782,-0.32662755,-0.26674262,-0.32491213,-0.32681468,-0.3277918,-0.33141193,-0.26679984,-0.3249043,-0.32636124,-0.3250869,-0.32654935,-0.266805,-0.32493377,-0.27669096,-0.3250783,-0.32654464,-0.26680464,-0.32491568,-0.32680085,-0.3277775,-0.32880569,-0.26673138,-0.3248792,-0.32563946,-0.30701396,-0.32705128,-0.26675978,-0.32489982,-0.3268044,-0.32777664,-0.3287995,-0.2667728,-0.3249184,-0.32680827,-0.32774985,-0.32881522
k__Bacteria|p__Proteobacteria|c__Gammaproteobacteria|o__Pseudomonadales|f__Moraxellaceae|g__Acinetobacter|s__unclassified,-0.26589268,-0.32513154,-0.32684326,-0.3280234,-0.32915542,-0.2658884,-0.3258366,-0.3265732,-0.3280446,-0.32582566,-0.2658881,-0.32513088,-0.32684788,-0.328022,-0.32916114,-0.26583272,-0.32513326,-0.32684723,-0.32802773,-0.32916227,-0.26585528,-0.3251323,-0.32683533,-0.32802904,-0.32916844,-0.26585153,-0.32512563,-0.32684237,-0.32802677,-0.32916677,-0.2658553,-0.32512766,-0.32684025,-0.32802576,-0.32915288,-0.2658543,-0.32432246,-0.32656747,-0.3280458,-0.32579225,-0.26587254,-0.3251397,-0.3268394,-0.32802916,-0.32914588,-0.26584536,-0.31692833,-0.3265603,-0.32805687,-0.3255994,-0.26583174,-0.3251294,-0.32986963,-0.32502794,-0.32689887,-0.26590842,-0.32513312,-0.3268363,-0.328009,-0.33141193,-0.26586837,-0.32513925,-0.32636124,-0.32499763,-0.32701248,-0.26585937,-0.3251164,-0.27669096,-0.3250025,-0.32681847,-0.26585826,-0.32513046,-0.32684696,-0.32802022,-0.32915258,-0.26591516,-0.32515866,-0.32582998,-0.30701396,-0.32731915,-0.2658931,-0.32514262,-0.32684416,-0.3280208,-0.32916582,-0.26589137,-0.32512838,-0.32684112,-0.3280414,-0.32913437
k__Bacteria|p__Proteobacteria|c__Gammaproteobacteria|o__Aeromonadales|f__unclassified|g__unclassified|s__unclassified,-0.2655493,-0.3243404,-0.3259522,-0.32726806,-0.32846734,-0.2655435,-0.3258366,-0.32626674,-0.32731664,-0.32500196,-0.26554075,-0.32433888,-0.32596308,-0.32726502,-0.32848138,-0.2654124,-0.32434422,-0.32596138,-0.32727802,-0.32848305,-0.26545966,-0.32434213,-0.325934,-0.32728112,-0.32850045,-0.26545185,-0.3243268,-0.32595024,-0.3272759,-0.328492,-0.26545942,-0.32433152,-0.32594532,-0.3272735,-0.32845902,-0.2654599,-0.32432246,-0.32625353,-0.3273196,-0.32492858,-0.26550215,-0.32435918,-0.32594347,-0.3272817,-0.32845792,-0.26543683,-0.31692833,-0.326237,-0.3273449,-0.3255994,-0.26541454,-0.32433566,-0.32986963,-0.32410342,-0.32621884,-0.2655871,-0.32434422,-0.32593626,-0.32723552,-0.33141193,-0.26549107,-0.32435817,-0.32636124,-0.32403326,-0.32640404,-0.26547554,-0.3243057,-0.27669096,-0.324049,-0.3261569,-0.265478,-0.324338,-0.32596076,-0.32726085,-0.32848057,-0.26560295,-0.32440275,-0.32501042,-0.30701396,-0.3265891,-0.26555783,-0.32436603,-0.32595444,-0.3272624,-0.3284948,-0.26554072,-0.32433316,-0.32594776,-0.32731044,-0.32845324
k__Bacteria|p__Proteobacteria|c__Gammaproteobacteria|o__Enterobacteriales|f__Enterobacteriaceae|g__Erwinia|s__unclassified,-0.26554888,-0.32443857,-0.3260957,-0.32734933,-0.32852125,-0.26554784,-0.3258366,-0.32614136,-0.32738525,-0.32511705,-0.26554132,-0.32443744,-0.3261037,-0.32734716,-0.32853377,-0.26545233,-0.32444143,-0.32610244,-0.32735673,-0.32853398,-0.265486,-0.32443982,-0.32608226,-0.32735896,-0.32854766,-0.2654817,-0.32442856,-0.32609427,-0.32735515,-0.32853943,-0.2654859,-0.32443208,-0.32609057,-0.32735336,-0.3285161,-0.26548693,-0.32432246,-0.32613158,-0.32738742,-0.3250649,-0.26551616,-0.32445246,-0.32608926,-0.3273595,-0.32852533,-0.26547065,-0.31692833,-0.32611936,-0.32740605,-0.3255994,-0.26545244,-0.32443514,-0.32986963,-0.3242637,-0.3263716,-0.26557153,-0.32444143,-0.32608396,-0.3273253,-0.33141193,-0.26550543,-0.32445163,-0.32636124,-0.32421184,-0.32645065,-0.26549506,-0.324413,-0.27669096,-0.32422426,-0.32635087,-0.26549408,-0.32443678,-0.32610208,-0.3273441,-0.32854155,-0.26558283,-0.32448462,-0.3251203,-0.30701396,-0.3266639,-0.2655518,-0.3244576,-0.32609737,-0.32734516,-0.32854432,-0.26554158,-0.32443333,-0.32609248,-0.3273809,-0.32853362
k__Bacteria|p__Proteobacteria|c__Gammaproteobacteria|o__Enterobacteriales|f__Enterobacteriaceae|g__Citrobacter|s__unclassified,-0.26578405,-0.32456654,-0.3261549,-0.3275064,-0.32872468,-0.26577696,-0.3258366,-0.32661822,-0.32756203,-0.32522306,-0.2657701,-0.32456487,-0.32616735,-0.32750285,-0.3287441,-0.26562613,-0.324571,-0.32616538,-0.32751775,-0.32874233,-0.26568463,-0.3245686,-0.3261341,-0.32752132,-0.32876176,-0.2656737,-0.32455105,-0.3261526,-0.3275153,-0.3287549,-0.2656816,-0.3245564,-0.32614702,-0.32751256,-0.32871565,-0.2656838,-0.32432246,-0.32660314,-0.32756537,-0.32513773,-0.26573104,-0.32458818,-0.32614487,-0.3275218,-0.32871497,-0.26565695,0.9349394,-0.32658422,-0.32759434,-0.3255994,-0.26562774,-0.32456118,-0.32986963,-0.3242942,-0.32642838,-0.26583132,-0.32457083,-0.32613656,-0.32746887,-0.33141193,-0.26572245,-0.324587,-0.32636124,-0.32421452,-0.3266524,-0.26570022,-0.32452685,-0.27669096,-0.3242309,-0.32648468,-0.26570296,-0.32456386,-0.32616478,-0.32749805,-0.32873517,-0.26585382,-0.32463807,-0.32523066,-0.30701396,-0.32683364,-0.26579452,-0.3245959,-0.32615745,-0.3274998,-0.32875687,-0.2657795,-0.32455838,-0.32614964,-0.3275543,-0.32870048
k__Bacteria|p__Proteobacteria|c__Gammaproteobacteria|o__Pasteurellales|f__Pasteurellaceae|g__Aggregatibacter|s__unclassified,-0.2654329,-0.32424498,-0.3258958,-0.32715702,-0.3283359,-0.26542896,-0.3258366,-0.32597506,-0.32719445,-0.32492453,-0.26542866,-0.32424384,-0.32590416,-0.32715476,-0.32835138,-0.26533023,-0.32424793,-0.32590282,-0.32716474,-0.32834902,-0.26536804,-0.3242463,-0.32588178,-0.32716706,-0.32836384,-0.2653615,-0.32423452,-0.3258943,-0.32716307,-0.3283571,-0.26536536,-0.32423818,-0.32589048,-0.3271612,-0.32833117,-0.2653678,-0.32432246,-0.3259649,-0.32719678,-0.3248694,-0.26540068,-0.3242595,-0.32588917,-0.32716793,-0.3283487,-0.2653492,-0.31692833,-0.32595217,-0.32721615,-0.3255994,-0.26533446,-0.3242414,-0.32986963,-0.32406312,-0.3261906,-0.26546365,-0.32424802,-0.32588354,-0.3271321,-0.33141193,-0.26539263,-0.32425866,-0.32636124,-0.32400858,-0.32627553,-0.26538038,-0.32421827,-0.27669096,-0.32402295,-0.32627785,-0.2653817,-0.3242432,-0.32590246,-0.32715172,-0.32836297,-0.2654855,-0.32429314,-0.32492453,-0.30701396,-0.32647723,-0.26545015,-0.32426482,-0.3258975,-0.32715267,-0.32836002,-0.26543522,-0.32423952,-0.3258925,-0.32719022,-0.32835126
k__Bacteria|p__Proteobacteria|c__Alphaproteobacteria|o__Rickettsiales|f__mitochondria|g__unclassified|s__unclassified,-0.26501355,-0.3244654,-0.32629198,-0.32730016,-0.32834446,-0.26501924,-0.3258366,-0.32530385,-0.32728744,-0.32519203,-0.26501477,-0.3244657,-0.32628918,-0.3273009,-0.32833683,-0.2650536,-0.32446444,-0.32628965,-0.32729754,-0.32833964,-0.2650442,-0.32446504,-0.3262968,-0.32729673,-0.32833278,-0.26504585,-0.324469,-0.3262925,-0.3272981,-0.32833734,-0.26504374,-0.3244677,-0.32629383,-0.32729876,-0.3283467,-0.26504278,-0.32432246,-0.32530734,-0.32728657,-0.32520962,-0.26502955,-0.32446027,-0.32629424,-0.32729664,-0.32833767,-0.26504958,-0.31692833,-0.32531166,-0.32727993,-0.3255994,-0.2650526,-0.32446662,-0.32986963,-0.32452792,-0.32617134,-0.26500064,-0.32446438,-0.32629615,-0.32730874,-0.33141193,-0.26503032,-0.32446074,-0.32636124,-0.32454628,-0.32616636,-0.26503527,-0.32447448,-0.27669096,-0.32454133,-0.32602,-0.2650302,-0.32446605,-0.3262897,-0.32730213,-0.32833657,-0.26499686,-0.32444888,-0.32519466,-0.30701396,-0.32656765,-0.26500797,-0.32445857,-0.32629144,-0.3273016,-0.3283325,-0.26501974,-0.3244672,-0.32629323,-0.3272892,-0.32832733
k__Bacteria|p__Proteobacteria|c__Gammaproteobacteria|o__Enterobacteriales|f__Enterobacteriaceae|g__unclassified|s__unclassified,0.5665638,0.69318545,0.697155,0.6992297,0.70142794,0.56656855,1.0470415,0.6946681,0.6991844,0.6947512,0.5665606,0.69318664,0.69714475,0.6992324,0.7014084,0.56669205,0.6931819,0.6971465,0.6992204,0.7014104,0.5666506,0.69318384,0.6971719,0.69921744,0.70139086,0.5666585,0.6931981,0.6971568,0.6992224,0.70140076,0.56664795,0.6931937,0.69716144,0.69922465,0.70143497,0.56665194,0.89243096,0.69468045,0.69918156,0.69481516,0.5666034,0.6931677,0.69716305,0.69921684,0.7014127,0.566671,0.9795583,0.6946959,0.699158,0.71621144,0.56668574,0.69318974,0.69604987,0.6934056,0.6968068,0.56651485,0.69318175,0.6971698,0.69926,0.64441866,0.56661147,0.69316876,0.68029845,0.6934718,0.69670147,0.5666264,0.69321764,-0.27669096,0.6934533,0.6965519,0.56662357,0.69318753,0.6971469,0.6992364,0.7013976,0.56649643,0.69312704,0.69475377,-0.30701396,0.69765764,0.5665381,0.69316125,0.69715285,0.69923496,0.701394,0.56656647,0.693192,0.69715905,0.69919014,0.701403
k__Bacteria|p__Proteobacteria|c__Gammaproteobacteria|o__Enterobacteriales|f__Enterobacteriaceae|g__Enterobacter|s__hormaechei,-0.2252958,-0.2749621,-0.2765412,-0.2773755,-0.27826184,-0.22529684,0.7723446,-0.2755607,-0.27735743,-0.27557766,-0.2252953,-0.27496266,-0.27653712,-0.2773765,-0.27825433,-0.22534642,-0.2749607,-0.27653784,-0.27737167,-0.27825356,-0.22533053,-0.2749614,-0.27654797,-0.27737057,-0.2782473,-0.22533473,-0.27496713,-0.2765419,-0.27737254,-0.27825063,-0.22532988,-0.27496538,-0.2765438,-0.2773735,-0.27826378,-0.22533126,0.7710657,-0.27556562,-0.2773563,-0.27560374,-0.22531083,-0.2749551,-0.27654442,-0.27737042,-0.27826345,-0.22534007,1.0458269,-0.27557176,-0.2773469,-0.3255994,-0.22534388,-0.27496386,0.7004156,-0.27505004,-0.27646017,-0.22527587,-0.27496076,-0.27654716,-0.27738762,-0.33141193,-0.22531304,-0.27495545,-0.32636124,-0.27507612,-0.27638173,-0.2253195,-0.27497494,-0.27669096,-0.27506936,-0.27641627,-0.22531804,-0.27496296,-0.27653795,-0.27737817,-0.2782585,-0.22526653,-0.27493888,-0.27557707,-0.30701396,-0.27676183,-0.22528516,-0.2749526,-0.2765404,-0.27737758,-0.27824846,-0.22529641,-0.27496475,-0.2765429,-0.27736008,-0.27826452
k__Bacteria|p__Proteobacteria|c__Gammaproteobacteria|o__Pasteurellales|f__Pasteurellaceae|g__Actinobacillus|s__unclassified,-0.25945815,-0.31694084,-0.3185561,-0.31978673,-0.32093346,-0.2594564,0.8136967,-0.3186242,-0.3198229,-0.3176028,-0.259458,-0.3169397,-0.31856412,-0.31978455,-0.32094595,-0.25936288,-0.3169437,-0.31856287,-0.3197942,-0.32094646,-0.2593949,-0.31694216,-0.31854254,-0.31979638,-0.32095966,-0.25939038,-0.3169307,-0.31855467,-0.31979257,-0.32095215,-0.25939596,-0.31693435,-0.3185509,-0.31979072,-0.32092887,-0.2593933,-0.32432246,-0.31861436,-0.3198251,-0.3175484,-0.25943053,-0.31695485,-0.31854963,-0.31979668,-0.32093132,-0.2593798,-0.31692833,-0.31860206,-0.31984395,0.71347547,-0.25936222,-0.31693727,-0.32986963,-0.3167646,-0.31876028,-0.25948742,-0.31694373,-0.3185442,-0.31976235,-0.33141193,-0.25942063,-0.3169541,-0.32636124,-0.31671232,-0.3188821,-0.259405,-0.3169151,-0.27669096,-0.31672382,-0.31869745,-0.2594077,-0.31693906,-0.31856245,-0.3197813,-0.3209427,-0.25949565,-0.31698737,-0.31760544,-0.30701396,-0.31911755,-0.2594642,-0.31695998,-0.31855768,-0.3197825,-0.3209558,-0.25945586,-0.31693557,-0.31855264,-0.31981796,-0.32093167
k__Bacteria|p__Proteobacteria|c__Gammaproteobacteria|o__Enterobacteriales|f__Enterobacteriaceae|g__Escherichia|s__unclassified,0.5532876,0.6767425,0.680459,0.6827042,0.68495584,0.5532927,0.77642196,0.6789807,0.68270487,0.6782248,0.55328137,0.6767423,0.6804592,0.68270415,0.6849492,0.5532947,0.67674255,0.6804592,0.6827043,0.68495405,0.5532932,0.6767425,0.6804589,0.6827043,0.6849526,0.55329406,0.6767423,0.680459,0.68270427,0.68495166,0.55329037,0.67674243,0.68045896,0.68270427,0.68495464,0.5532948,0.81265306,0.67898047,0.6827049,0.6782203,0.55328923,0.6767426,0.680459,0.682704,0.68493164,0.55329263,0.9533424,0.67898023,0.6827053,-0.3255994,0.5532914,0.67674243,0.6844192,0.6767384,0.68035847,0.5532807,0.6767425,0.6804588,0.6827035,0.63815606,0.5532873,0.6767428,0.68029845,0.676738,0.6804329,0.5532872,0.6767419,-0.27669096,0.67673564,0.68012637,0.5532901,0.67674243,0.68045914,0.68270385,0.6849364,0.5532763,0.6767431,0.6782341,-0.30701396,0.6812018,0.55327517,0.6767427,0.680459,0.6827041,0.68495005,0.5532861,0.6767422,0.6804589,0.6827043,0.6849232
k__Bacteria|p__Proteobacteria|c__Gammaproteobacteria|o__Pasteurellales|f__Pasteurellaceae|g__Haemophilus|s__parainfluenzae,-0.19110562,-0.23427776,-0.23590139,-0.2362106,-0.23676026,-0.19112344,-0.3258366,-0.23337156,-0.23611544,-0.2348861,-0.19112712,-0.23428051,-0.23588008,-0.23621653,-0.23672226,-0.19138125,-0.23427024,-0.23588347,-0.23619112,-0.23672837,-0.191284,-0.2342743,-0.23593703,-0.23618509,-0.23669195,-0.19130225,-0.23430435,-0.23590523,-0.23619527,-0.23670772,-0.1912877,-0.23429513,-0.23591486,-0.23620002,-0.23677476,-0.19128469,0.78407824,-0.23339735,-0.23610972,-0.23502636,-0.1912029,-0.23424071,-0.23591843,-0.23618385,-0.23675424,-0.1913319,0.93742883,-0.23342976,-0.23606017,0.7152352,-0.1913771,-0.23428696,0.69885856,-0.23474222,-0.23528594,-0.19103251,-0.23427027,-0.23593265,-0.23627442,-0.33141193,-0.19122158,-0.23424292,-0.32636124,-0.23487946,-0.23499875,-0.19125144,-0.23434567,-0.27669096,-0.23484762,-0.23505574,-0.19125044,-0.23428242,-0.23588446,-0.23622462,-0.23671836,-0.1909909,-0.2341554,-0.23487905,-0.30701396,-0.23561732,-0.19108507,-0.2342275,-0.23589697,-0.23622184,-0.23669979,-0.19112332,-0.23429182,-0.23591018,-0.23612787,-0.2367568
k__Bacteria|p__Proteobacteria|c__Betaproteobacteria|o__Burkholderiales|f__Alcaligenaceae|g__Sutterella|s__unclassified,0.6586705,0.8068074,0.81151664,0.8137885,0.81626916,0.65868986,1.4410965,0.808053,0.8137092,0.80866426,0.6586727,0.8068096,0.8114989,0.8137934,0.8162354,0.6589067,0.8068012,0.81150174,0.8137722,0.81624115,0.65882784,0.80680466,0.8115463,0.8137672,0.81620944,0.6588425,0.80682963,0.81151974,0.81377566,0.81622374,0.65882707,0.8068219,0.81152785,0.81377965,0.81628156,0.65882885,-0.32432246,0.8080745,0.8137044,0.8087779,0.65875185,0.80677646,0.8115308,0.81376576,0.8162449,0.6588663,-0.31692833,0.80810153,0.8136631,0.8540029,0.6588969,0.80681515,0.7084732,0.80719244,0.81088334,0.65859616,0.8068011,0.81154263,0.8138411,0.9149545,0.6587655,0.80677843,0.8118062,0.8073082,0.8107241,0.65879166,0.8068639,-0.27669096,0.8072779,0.8105451,0.6587866,0.8068113,0.8115026,0.81379986,0.8162161,0.65855676,0.8067054,0.80866444,1.1510648,0.81192994,0.65863323,0.8067653,0.81151295,0.8137977,0.8162139,0.6586808,0.80681896,0.8115237,0.8137186,0.81622887
k__Bacteria|p__Proteobacteria|c__Gammaproteobacteria|o__Pasteurellales|f__Pasteurellaceae|g__Haemophilus|s__unclassified,0.16221896,0.1992478,0.20011789,0.20106125,0.20185298,0.16221853,0.7880527,0.20097047,0.20112288,0.19963357,0.16220485,0.1992459,0.20013165,0.20105737,0.20187342,0.16205725,0.1992527,0.20012945,0.2010739,0.20187275,0.16211516,0.19924998,0.20009482,0.2010777,0.20189548,0.16210552,0.19923055,0.20011535,0.20107114,0.20188272,0.16211262,0.19923651,0.20010912,0.2010681,0.2018428,0.16211599,1.0372256,0.20095375,0.20112664,0.19954257,0.16216114,0.19927159,0.20010677,0.20107818,0.2018436,0.16208461,1.1040795,0.20093274,0.20115861,0.9499157,0.16205896,0.19924185,1.2923373,0.19894674,0.20050758,0.16225755,0.19925267,0.20009759,0.20101982,-0.33141193,0.16214713,0.19927034,-0.32636124,0.19885805,0.20069617,0.1621322,0.1992037,-0.27669096,0.19887759,0.20051442,0.16213493,0.19924474,0.20012882,0.20105204,0.20187187,0.16228384,0.19932683,0.19964391,-0.30701396,0.20065272,0.16222107,0.19928029,0.20012069,0.201054,0.20188965,0.16220841,0.19923854,0.20011222,0.20111474,0.20185125
k__Bacteria|p__Proteobacteria|c__Alphaproteobacteria|o__RF32|f__unclassified|g__unclassified|s__unclassified,-0.25845188,-0.31688553,-0.31847242,-0.31971166,-0.32085013,-0.25844985,-0.3258366,-0.3186515,-0.3197536,-0.31754816,-0.2584348,-0.3168841,-0.31848174,-0.31970894,-0.32086363,-0.25833696,-0.3168889,-0.3184803,-0.31972024,-0.32086205,-0.25838238,-0.31688708,-0.31845665,-0.3197229,-0.3208761,-0.25837392,-0.3168738,-0.31847066,-0.31971836,-0.32087135,-0.25837678,-0.31687778,-0.31846648,-0.31971633,-0.3208428,-0.2583822,-0.32432246,-0.3186401,-0.31975615,-0.31748366,-0.25841087,-0.31690174,-0.31846482,-0.3197232,-0.32083762,-0.25836027,-0.31692833,-0.3186258,-0.319778,0.7101431,-0.2583362,-0.31688142,-0.32986963,-0.31667957,-0.31866217,-0.25847873,-0.3168887,-0.31845853,-0.3196832,0.8015362,-0.2584036,-0.3169009,-0.32636124,-0.31661975,-0.31884414,-0.25839052,-0.31685546,-0.27669096,-0.3166309,-0.31863576,-0.25838774,-0.3168834,-0.31847984,-0.31970537,-0.32085633,-0.2584975,-0.31693935,-0.31755704,1.0683681,-0.3190299,-0.25845146,-0.31690755,-0.31847435,-0.31970662,-0.32087195,-0.25844607,-0.31687915,-0.31846833,-0.31974763,-0.32082367
k__Bacteria|p__Actinobacteria|c__Actinobacteria|o__Actinomycetales|f__Actinomycetaceae|g__Actinomyces|s__unclassified,-0.26573548,-0.3243558,-0.32593268,-0.32730108,-0.32853043,-0.26573056,-0.3258366,-0.3264644,-0.3273599,-0.32501113,-0.26573038,-0.3243541,-0.3259458,-0.3272974,-0.3285517,-0.26557088,-0.3243605,-0.3259437,-0.32731315,-0.32855192,-0.2656293,-0.3243579,-0.32591075,-0.32731682,-0.32857227,-0.26562017,-0.3243394,-0.32593024,-0.3273105,-0.32856303,-0.2656289,-0.32434514,-0.32592428,-0.32730764,-0.3285233,-0.26562837,-0.32432246,-0.32644844,-0.3273635,-0.32492468,-0.26568162,-0.32437858,-0.32592207,-0.3273175,-0.32853264,-0.26560175,-0.31692833,-0.32642835,-0.32739404,-0.3255994,-0.26557505,-0.32435003,-0.32986963,-0.32406995,-0.32630748,-0.26578394,-0.3243605,-0.32591346,-0.3272617,-0.33141193,-0.26567057,-0.3243773,-0.32636124,-0.32398432,-0.3264831,-0.26565027,-0.32431388,-0.27669096,-0.32400396,-0.32630986,-0.26564923,-0.32435292,-0.32594302,-0.32729244,-0.32855466,-0.2658071,-0.32443142,-0.32501525,-0.30701396,-0.32663596,-0.2657514,-0.3243869,-0.32593533,-0.32729414,-0.32856804,-0.26572868,-0.3243472,-0.32592732,-0.32735237,-0.32853597
k__Bacteria|p__Actinobacteria|c__Actinobacteria|o__Actinomycetales|f__Actinomycetaceae|g__Parascardovia|s__unclassified,-0.26525128,-0.32455856,-0.32610595,-0.32749718,-0.32873368,-0.26525015,-0.3258366,-0.32678187,-0.32756317,-0.32521537,-0.26523724,-0.3245564,-0.32612073,-0.32749307,-0.3287611,-0.26507485,-0.32456374,-0.32611835,-0.3275107,-0.32875383,-0.26514062,-0.32456088,-0.32608122,-0.3275149,-0.32877994,-0.2651298,-0.3245401,-0.32610333,-0.32750782,-0.32876825,-0.26513606,-0.32454652,-0.3260966,-0.32750452,-0.32872224,-0.26514018,-0.32432246,-0.326764,-0.32756722,-0.3251176,-0.26519364,-0.32458413,-0.32609415,-0.32751566,-0.32873872,-0.2651079,-0.31692833,-0.32674152,-0.32760155,-0.3255994,-0.26507753,-0.32455218,-0.32986963,-0.32423648,-0.3265714,-0.26529744,-0.32456374,-0.32608432,-0.3274529,-0.33141193,-0.2651784,-0.32458267,-0.32636124,-0.3241413,-0.32674417,-0.26515728,-0.32451147,-0.27669096,-0.32416356,-0.3266775,-0.2651582,-0.32455534,-0.3261177,-0.3274874,-0.32876533,-0.26532802,-0.32464325,-0.3252203,-0.30701396,-0.32682937,-0.26526323,-0.3245933,-0.326109,-0.3274895,-0.3287753,-0.26524693,-0.3245487,-0.32609993,-0.3275547,-0.32874253
k__Bacteria|p__Actinobacteria|c__Actinobacteria|o__Actinomycetales|f__Corynebacteriaceae|g__Corynebacterium|s__unclassified,-0.26591462,-0.32445657,-0.3260013,-0.32741782,-0.32866997,-0.26591116,-0.3258366,-0.32673332,-0.32748607,-0.3250985,-0.26590353,-0.32445443,-0.32601652,-0.32741356,-0.32869595,-0.2657332,-0.324462,-0.32601413,-0.3274318,-0.3286904,-0.26579636,-0.32445908,-0.32597578,-0.32743612,-0.32871646,-0.2657862,-0.32443756,-0.3259985,-0.32742876,-0.32870498,-0.26579684,-0.32444417,-0.32599163,-0.32742542,-0.3286575,-0.26579607,-0.32432246,-0.3267148,-0.3274902,-0.32499373,-0.2658564,-0.32448304,-0.32598904,-0.32743675,-0.32865793,-0.26576537,-0.31692833,-0.32669157,-0.32752568,-0.3255994,-0.2657331,-0.32445,-0.32986963,-0.32412273,-0.3263516,-0.2659675,-0.32446185,-0.32597882,-0.32737172,-0.33141193,-0.26583928,-0.3244816,-0.32636124,-0.32402498,-0.3266133,-0.26581332,-0.32440788,-0.27669096,-0.32404566,-0.32638806,-0.26582015,-0.32445326,-0.32601345,-0.3274076,-0.32868046,-0.26599157,-0.3245442,-0.325107,-0.30701396,-0.32675618,-0.2659238,-0.3244925,-0.3260044,-0.32740974,-0.32871002,-0.2659112,-0.3244465,-0.32599485,-0.32747653,-0.3286456
k__Bacteria|p__Actinobacteria|c__Actinobacteria|o__Actinomycetales|f__Micrococcaceae|g__Rothia|s__mucilaginosa,-0.26505584,-0.3241874,-0.32571304,-0.32713264,-0.32838064,-0.26504713,-0.3258366,-0.32651207,-0.32720435,-0.3248346,-0.26503956,-0.32418522,-0.32572907,-0.32712814,-0.32840788,-0.26485857,-0.32419315,-0.3257266,-0.32714733,-0.3284019,-0.26492953,-0.32419002,-0.32568622,-0.32715183,-0.3284302,-0.26491797,-0.32416737,-0.32571018,-0.32714418,-0.32841814,-0.26492745,-0.32417434,-0.32570294,-0.3271406,-0.32836795,-0.2649293,-0.32432246,-0.32649264,-0.32720873,-0.32472453,-0.26499143,-0.32421526,-0.32570022,-0.32715267,-0.3283763,-0.26489606,-0.31692833,-0.32646823,-0.32724604,-0.3255994,-0.26485825,-0.32418045,-0.32986963,-0.3238364,-0.3261196,-0.26511055,-0.32419306,-0.3256895,-0.32708427,-0.33141193,-0.26497367,-0.32421368,-0.32636124,-0.32373357,-0.3263751,-0.26494515,-0.3241362,-0.27669096,-0.3237558,-0.32622173,-0.26495117,-0.32418394,-0.32572582,-0.32712197,-0.3284012,-0.26513767,-0.3242796,-0.32484233,-0.30701396,-0.32646835,-0.2650667,-0.32422525,-0.32571638,-0.32712415,-0.32842284,-0.26505175,-0.32417685,-0.3257063,-0.3271947,-0.32836288
k__Bacteria|p__Actinobacteria|c__Actinobacteria|o__Bifidobacteriales|f__Bifidobacteriaceae|g__Bifidobacterium|s__longum,0.5604149,0.68550324,0.68916816,0.6915764,0.6939248,0.56042695,0.98954165,0.6882601,0.6916051,0.6869848,0.5604069,0.6855023,0.6891745,0.6915746,0.6939316,0.5603539,0.68550557,0.68917346,0.6915823,0.69393516,0.5603792,0.68550426,0.6891574,0.69158405,0.69394374,0.56037676,0.6854953,0.6891669,0.6915809,0.69393855,0.56037796,0.68549806,0.68916404,0.6915796,0.6939214,0.560379,1.1820736,0.68825233,0.69160676,0.6869409,0.56039846,0.6855142,0.68916285,0.6915839,0.6939119,0.5603683,-0.31692833,0.68824255,0.69162166,0.7218551,0.56035095,0.6855005,0.7799367,0.6853622,0.6892742,0.56043327,0.6855054,0.6891586,0.6915567,0.6591531,0.5603927,0.68551373,0.68926066,0.68532187,0.6894083,0.56038225,0.68548274,-0.27669096,0.68532825,0.68917865,0.5603793,0.6855018,0.68917316,0.69157183,0.6939242,0.5604397,0.6855399,0.6869912,-0.30701396,0.69007975,0.56040835,0.68551826,0.6891694,0.69157296,0.6939404,0.56041634,0.68549895,0.68916523,0.69160044,0.6939069
k__Bacteria|p__Actinobacteria|c__Actinobacteria|o__Bifidobacteriales|f__Bifidobacteriaceae|g__Bifidobacterium|s__adolescentis,-0.25011402,-0.30543786,-0.30720317,-0.30810922,-0.3090798,-0.25011423,1.4460559,-0.30603763,-0.30808568,-0.306127,-0.25011894,-0.3054387,-0.30719793,-0.30811074,-0.3090687,-0.25017425,-0.30543602,-0.3071987,-0.30810446,-0.30907127,-0.25014764,-0.30543706,-0.307212,-0.30810294,-0.3090624,-0.25015312,-0.30544448,-0.3072041,-0.30810553,-0.3090669,-0.25014883,-0.3054422,-0.30720648,-0.3081066,-0.30908275,-0.25015154,0.77429086,-0.306044,-0.30808425,-0.30615985,-0.2501332,-0.30542874,-0.30720747,-0.30810297,-0.30907488,-0.25016114,-0.31692833,-0.30605203,-0.3080721,-0.3255994,-0.2501741,-0.3054401,0.8920909,-0.30555332,-0.30701214,-0.25010145,-0.30543613,-0.30721098,-0.3081251,-0.33141193,-0.25013703,-0.30542925,-0.32636124,-0.30558693,-0.30697778,-0.25014424,-0.30545467,-0.27669096,-0.30557963,-0.3069107,-0.25014603,-0.3054391,-0.30719894,-0.30811286,-0.30906516,-0.25008574,-0.30540776,-0.30612636,-0.30701396,-0.30742222,-0.25011542,-0.30542552,-0.30720204,-0.30811203,-0.3090633,-0.25011197,-0.30544144,-0.3072054,-0.30808914,-0.30906713
k__Bacteria|p__Actinobacteria|c__Actinobacteria|o__Bifidobacteriales|f__Bifidobacteriaceae|g__Bifidobacterium|s__unclassified,0.6351495,0.7771343,0.78139687,0.7839762,0.7865659,0.63515913,0.7702996,0.7797196,0.78397804,0.77884316,0.6351419,0.77713394,0.7813972,0.7839761,0.78656524,0.6351607,0.77713454,0.7813972,0.78397655,0.78656083,0.6351588,0.7771344,0.78139627,0.7839766,0.7865627,0.63516164,0.77713394,0.78139687,0.78397655,0.78656125,0.63515806,0.77713406,0.7813966,0.7839764,0.7865616,0.63515985,0.7784972,0.7797191,0.78397816,0.7788358,0.6351563,0.7771349,0.7813966,0.78397644,0.7865505,0.6351614,1.1198413,0.7797185,0.7839792,0.7105357,0.6351524,0.7771342,0.89619267,0.77712405,0.781374,0.6351384,0.7771343,0.78139627,0.7839747,0.7372429,0.63514644,0.777135,0.8644689,0.7771225,0.78139824,0.6351433,0.7771331,-0.27669096,0.7771204,0.7811613,0.6351456,0.77713406,0.781397,0.7839757,0.7865522,0.6351248,0.7771363,0.7788489,0.9661,0.78225434,0.6351284,0.777135,0.781397,0.783976,0.78656125,0.6351483,0.7771338,0.7813965,0.7839775,0.78654176
k__Bacteria|p__Cyanobacteria|c__4C0d-2|o__YS2|f__unclassified|g__unclassified|s__unclassified,-0.2639667,-0.32364774,-0.3257633,-0.32636088,-0.32719886,-0.26398253,-0.3258366,-0.3230191,-0.326265,-0.32445323,-0.26398903,-0.32365048,-0.3257419,-0.32636678,-0.32715768,-0.2642426,-0.32364017,-0.32574528,-0.32634124,-0.32716635,-0.26414436,-0.32364434,-0.32579917,-0.32633516,-0.32712877,-0.26416326,-0.3236746,-0.32576716,-0.32634532,-0.32714564,-0.26415083,-0.32366532,-0.32577693,-0.32635018,-0.32721287,-0.26414406,-0.32432246,-0.32304513,-0.3262592,-0.32459176,-0.26406634,-0.32361042,-0.32578045,-0.32633385,-0.32718354,-0.26419476,-0.31692833,-0.3230778,-0.32620937,-0.3255994,-0.2642357,-0.32365707,-0.32986963,-0.32411492,-0.32506382,-0.26389545,-0.32364017,-0.32579476,-0.32642502,0.65570563,-0.26408333,-0.3236127,-0.32636124,-0.3242537,-0.32483393,-0.264109,-0.32371622,-0.27669096,-0.3242201,-0.32474136,-0.26410952,-0.32365245,-0.3257463,-0.32637495,-0.32714784,-0.2638484,-0.3235245,-0.32444942,-0.30701396,-0.32556388,-0.26394373,-0.32359707,-0.32575893,-0.3263721,-0.32713467,-0.26398686,-0.32366192,-0.32577205,-0.32627714,-0.3271708
k__Bacteria|p__Cyanobacteria|c__Chloroplast|o__Streptophyta|f__unclassified|g__unclassified|s__unclassified,-0.26511943,-0.32428044,-0.32598603,-0.32716405,-0.32829583,-0.26512825,-0.3258366,-0.32572427,-0.32718554,-0.3249737,-0.26511008,-0.3242796,-0.3259908,-0.32716268,-0.3283059,-0.26507154,-0.32428217,-0.32599002,-0.3271685,-0.3283008,-0.26509354,-0.32428122,-0.32597798,-0.3271698,-0.32830805,-0.26509076,-0.32427445,-0.3259852,-0.32716754,-0.32830548,-0.2650909,-0.32427645,-0.325983,-0.32716644,-0.32829094,-0.2650939,-0.32432246,-0.3257184,-0.32718682,-0.3249412,-0.2651044,-0.32428867,-0.32598212,-0.3271699,-0.3282925,-0.26508328,-0.31692833,-0.32571113,-0.32719797,-0.3255994,-0.2650704,-0.3242784,-0.32986963,-0.32417503,-0.3261458,-0.2651278,-0.32428205,-0.3259789,-0.3271494,-0.33141193,-0.26509798,-0.3242883,-0.32636124,-0.32414454,-0.3261873,-0.26509207,-0.32426506,-0.27669096,-0.3241502,-0.32610732,-0.26508927,-0.32427937,-0.32598978,-0.3271608,-0.32830173,-0.2651386,-0.3243078,-0.32497728,-0.30701396,-0.3264621,-0.26511416,-0.32429162,-0.32598698,-0.32716155,-0.32830846,-0.26511955,-0.32427704,-0.325984,-0.3271827,-0.328294
k__Bacteria|p__Fusobacteria|c__Fusobacteria|o__Fusobacteriales|f__Fusobacteriaceae|g__Fusobacterium|s__unclassified,-0.26537457,-0.32476664,-0.3264565,-0.3276568,-0.32879823,-0.26537916,-0.3258366,-0.32629454,-0.3276831,-0.32545623,-0.26535666,-0.32476562,-0.3264624,-0.3276552,-0.32880846,-0.2653123,-0.32476866,-0.32646137,-0.3276622,-0.32880342,-0.2653361,-0.32476753,-0.32644653,-0.32766378,-0.32881445,-0.26533338,-0.32475922,-0.32645535,-0.32766107,-0.32880956,-0.26533276,-0.3247617,-0.32645273,-0.32765976,-0.3287921,-0.2653386,-0.32432246,-0.3262874,-0.32768467,-0.32541573,-0.26534933,-0.3247767,-0.32645172,-0.32766414,-0.32879138,-0.26532453,-0.31692833,-0.32627845,-0.32769838,-0.3255994,-0.2653082,-0.32476413,-0.32986963,-0.3246367,-0.3265966,-0.26537874,-0.3247686,-0.3264477,-0.3276388,-0.33141193,-0.26533893,-0.3247761,-0.32636124,-0.3245998,-0.32670137,-0.2653367,-0.32474768,-0.27669096,-0.32460633,-0.32655817,-0.26533228,-0.32476518,-0.32646114,-0.32765284,-0.3288045,-0.26538676,-0.3248002,-0.3254622,-0.30701396,-0.32695383,-0.26536295,-0.32478032,-0.32645774,-0.32765365,-0.32881066,-0.26536608,-0.3247624,-0.32645386,-0.32767934,-0.3287815
k__Bacteria|p__Fusobacteria|c__Fusobacteria|o__Fusobacteriales|f__Fusobacteriaceae|g__unclassified|s__unclassified,-0.26589417,-0.32501215,-0.3265543,-0.32796538,-0.32920763,-0.26588753,-0.3258366,-0.32729006,-0.3280341,-0.32565707,-0.26587403,-0.32501012,-0.32656968,-0.3279611,-0.32922828,-0.26570404,-0.32501763,-0.32656723,-0.32797945,-0.3292309,-0.26577097,-0.3250146,-0.32652858,-0.32798386,-0.32925597,-0.26575807,-0.32499298,-0.32655156,-0.32797644,-0.3292438,-0.26576746,-0.32499963,-0.32654458,-0.327973,-0.32919675,-0.26577303,-0.32432246,-0.3272714,-0.3280383,-0.3255532,-0.265827,-0.32503885,-0.326542,-0.32798448,-0.32919025,-0.2657366,-0.31692833,-0.32724804,-0.3280741,-0.3255994,-0.26570594,-0.32500553,-0.32986963,-0.3246758,-0.32686698,-0.26594695,-0.3250175,-0.32653174,-0.32791895,0.63771665,-0.26581377,-0.32503733,-0.32636124,-0.32457712,-0.32717425,-0.26579383,-0.32496303,-0.27669096,-0.32459873,-0.32690224,-0.26579484,-0.32500887,-0.32656658,-0.32795513,-0.32921916,-0.265976,-0.32510048,-0.3256694,-0.30701396,-0.3272943,-0.26590565,-0.32504845,-0.32655746,-0.32795727,-0.3292473,-0.26588404,-0.32500196,-0.32654786,-0.32802457,-0.32917553
k__Bacteria|p__Tenericutes|c__Mollicutes|o__RF39|f__unclassified|g__unclassified|s__unclassified,-0.26521233,-0.32455522,-0.3261879,-0.32746178,-0.32863656,-0.26520425,-0.3258366,-0.32635504,-0.3275038,-0.32523286,-0.26520553,-0.3245539,-0.32619727,-0.32745928,-0.32865036,-0.26509362,-0.32455844,-0.32619578,-0.32747042,-0.32865223,-0.26513064,-0.32455665,-0.32617217,-0.32747304,-0.328667,-0.2651246,-0.32454345,-0.32618627,-0.32746857,-0.32865778,-0.26513243,-0.32454753,-0.32618195,-0.3274665,-0.32863086,-0.26513156,-0.32432246,-0.32634372,-0.32750624,-0.32517123,-0.2651685,-0.32457146,-0.3261804,-0.3274734,-0.32863337,-0.2651127,-0.31692833,-0.32632947,-0.32752812,-0.3255994,-0.26509273,-0.3245511,-0.32986963,-0.32435018,-0.3264399,-0.26524225,-0.32455844,-0.32617408,-0.32743365,-0.33141193,-0.26515853,-0.32457045,-0.32636124,-0.32428998,-0.3265714,-0.26514617,-0.32452524,-0.27669096,-0.3243029,-0.32640338,-0.2651473,-0.3245531,-0.3261953,-0.32745558,-0.32864892,-0.26525465,-0.32460898,-0.32523772,-0.30701396,-0.32677293,-0.2652158,-0.32457736,-0.32618982,-0.3274569,-0.3286628,-0.2652001,-0.32454896,-0.32618394,-0.32749814,-0.32863706
k__Bacteria|p__Verrucomicrobia|c__Verrucomicrobiae|o__Verrucomicrobiales|f__Verrucomicrobiaceae|g__Akkermansia|s__muciniphila,-0.22566158,-0.27585298,-0.27729326,-0.27831268,-0.27928585,-0.2256536,-0.3258366,-0.27713883,-0.27833414,-0.27643937,-0.22564939,-0.27585232,-0.27729806,-0.27831143,-0.27929395,-0.22559509,-0.27585468,-0.27729726,-0.27831712,-0.2792917,-0.2256189,-0.27585375,-0.27728522,-0.27831846,-0.27930114,-0.2256138,-0.27584696,-0.27729243,-0.27831626,-0.27929768,-0.22561556,-0.275849,-0.27729023,-0.27831513,-0.2792819,-0.2256203,0.8103969,-0.277133,-0.27833542,-0.2764062,-0.22563674,-0.27586126,-0.2772895,-0.27831912,-0.27928686,-0.22560686,-0.31692833,-0.27712578,-0.2783466,-0.3255994,-0.22559536,-0.2758509,-0.32986963,-0.2757483,-0.27741656,-0.22567478,-0.2758547,-0.27728623,-0.27829844,0.76903933,-0.22562984,-0.2758608,0.80589837,-0.2757176,-0.27750647,-0.22562456,-0.2758377,-0.27669096,-0.27572566,-0.27744663,-0.22562402,-0.27585194,-0.27729708,-0.27830967,-0.27929658,-0.22568339,-0.27588052,-0.27644187,1.2225202,-0.27772164,-0.22566643,-0.27586424,-0.27729428,-0.27831027,-0.27929723,-0.22565502,-0.27584976,-0.27729133,-0.2783317,-0.27927652
