"#OTU ID","E002338.0","E002338.1","E002338.2","E002338.3","E002338.4","E002473.0","E002473.1","E002473.2","E002473.3","E002473.4","E004934.0","E004934.1","E004934.2","E004934.3","E004934.4","E005804.0","E005804.1","E005804.2","E005804.3","E005804.4","E008437.0","E008437.1","E008437.2","E008437.3","E008437.4","E008643.0","E008643.1","E008643.2","E008643.3","E008643.4","E012393.0","E012393.1","E012393.2","E012393.3","E012393.4","E012678.0","E012678.1","E012678.2","E012678.3","E012678.4","E016148.0","E016148.1","E016148.2","E016148.3","E016148.4","E017049.0","E017049.1","E017049.2","E017049.3","E017049.4","E018421.0","E018421.1","E018421.2","E018421.3","E018421.4","E019187.0","E019187.1","E019187.2","E019187.3","E019187.4","E019349.0","E019349.1","E019349.2","E019349.3","E019349.4","E022960.0","E022960.1","E022960.2","E022960.3","E022960.4","E023535.0","E023535.1","E023535.2","E023535.3","E023535.4","E023681.0","E023681.1","E023681.2","E023681.3","E023681.4","E025921.0","E025921.1","E025921.2","E025921.3","E025921.4","E030828.0","E030828.1","E030828.2","E030828.3","E030828.4"
"k__Bacteria|p__Firmicutes|c__Clostridia|o__Clostridiales|f__Veillonellaceae|g__Megasphaera|s__micronuciformis",-0.282711343561262,-0.0267288471109595,-0.370513146043298,0.201069343599447,0.171346328589243,-0.293221895414971,-0.325836589437209,-0.332710799618895,-0.10976828432978,0.0955420155174258,-0.178570515018021,-0.325393662327074,-0.163810176304958,-0.207249015029462,0.347347896961298,-0.305192264663514,-0.330301318828395,-0.138897209795273,-0.329466595819601,0.0485024785043132,-0.320817009792382,-0.312233273660566,-0.138974669796224,-0.32986238389245,-0.320719804356935,-0.264375642506567,0.743726614139561,-0.243790639793731,-0.0453121629565793,-0.183106054813628,-0.238757338291164,0.0743281121397139,-0.322855413761574,0.264117594523481,-0.171434784169631,-0.247188070427473,-0.324322470233261,-0.220468382116575,-0.198216625829304,0.356633324428981,-0.244345401027377,0.0896526852714437,-0.321406875685297,0.289241235452596,-0.268050797984272,-0.28515818147756,-0.128105252731169,-0.317158282493748,0.00333950353743125,-0.388917965891542,0.30207603770649,0.217098361512443,0.234068319197013,0.0975902743235789,0.379406558506188,-0.262698411901585,-0.262864035420862,-0.0829654525773483,-0.322778745391521,-0.30692608350917,-0.25623399946991,-0.235873694700267,-0.337958292387046,-0.0304573474136518,0.325630956590965,-0.285009580606586,-0.319034888903579,-0.135442970270891,-0.278024978298867,0.165795801833297,-0.311618420882743,-0.27933652625904,-0.207848587899618,-0.19021610115054,0.111575471432633,-0.194599276806805,-0.0178467886787916,-0.33200969542817,0.1720611719274,-0.0152690184600716,0.149433985569268,-0.206586745627415,-0.330483647743229,0.176133238439606,1.35085666048575,-0.1236872119874,-0.31196947064837,-0.115129168508169,-0.173762635329879,0.327654561234877
"k__Bacteria|p__Firmicutes|c__Clostridia|o__Clostridiales|f__Veillonellaceae|g__Megasphaera|s__geminatus",-0.282711343561262,-0.0116416749796531,-0.386564125301495,0.257233535037521,0.227775323671859,-0.293221895414971,-0.325836589437209,-0.332710799618895,-0.114929313592263,0.185586099754079,-0.140937548792964,-0.325393662327074,-0.155843594706122,-0.219093707819259,0.534829661839893,-0.305192264663514,-0.330301318828395,-0.132544212048046,-0.329466595819601,0.130292936464018,-0.340667376769655,-0.312233273660566,-0.122786470714082,-0.32986238389245,-0.320719804356935,-0.264965225750509,0.940815612328055,-0.247406628581086,-0.0116863312807033,-0.235550780407601,-0.238757338291164,0.126099619842684,-0.344306681866198,0.342031828262731,-0.342871753021994,-0.247188070427473,-0.324322470233261,-0.215113369654742,-0.2196907308116,0.573555796101648,-0.244345401027377,0.141692820382722,-0.336844302336211,0.362824628882151,-0.374503372364839,-0.28515818147756,-0.102315482956529,-0.317158282493748,0.06029257582566,-0.58952381746384,0.303649809136051,0.14071154522481,0.239969327801409,0.0169541423497841,0.443808632907236,-0.2827642193395,-0.262864035420862,-0.072847967127445,-0.322778745391521,-0.373973094478113,-0.25623399946991,-0.235873694700267,-0.331927741126915,-0.00804428930451549,0.55930304216138,-0.285009580606586,-0.342488160438841,-0.149956969805387,-0.302055785042318,0.308703735904354,-0.311618420882743,-0.287917633677594,-0.209526178934787,-0.202335996995614,0.225853263130605,-0.194599276806805,0.00950914905177269,-0.343753808105665,0.260808082307861,-0.120215557044738,0.246219939437928,-0.206586745627415,-0.330483647743229,0.20078745740834,1.90296314892655,-0.12528696043542,-0.31196947064837,-0.101249768567872,-0.182559912985376,0.420324773050435
"k__Bacteria|p__Firmicutes|c__Bacilli|o__unclassified|f__unclassified|g__unclassified|s__unclassified",1.2880857807665,0.201396517232298,-0.438085301553893,0.537142129430325,0.450189446972788,-0.293221895414971,-0.325836589437209,-0.332710799618895,-0.0398499381405113,0.289237875272461,-0.0895600799811939,-0.325393662327074,-0.100161971882841,-0.237662707168727,0.745373236877094,-0.305192264663514,-0.330301318828395,-0.0546813654632691,-0.329466595819601,0.175864706184032,-0.32788610356456,-0.312233273660566,-0.0353402683547317,-0.32986238389245,-0.320719804356935,-0.186553974807246,0.73590135681464,-0.229612932295579,0.0824859392449748,-0.209044757112831,-0.238757338291164,0.31774184085799,-0.413279805245179,0.639763052701092,-0.340628586296936,-0.247188070427473,-0.324322470233261,-0.15923141987677,-0.202066802999707,0.773939243633065,-0.244345401027377,0.35913560442932,-0.411881085254261,0.665598546641923,-0.4302993588602,-0.28515818147756,0.0430259622465226,-0.317158282493748,0.223047059316589,-0.73592189039168,0.287314045019665,0.107838388084637,0.179553227299087,0.0270075802009338,0.64144390478523,-0.263670010935097,-0.262864035420862,0.0109212506081787,-0.322778745391521,-0.432692785366254,-0.25623399946991,-0.235873694700267,-0.340729438817058,0.152483775790883,0.792611772919604,-0.285009580606586,-0.368553391335219,-0.0467137930817095,-0.365761204986445,0.386674507717599,-0.311618420882743,-0.249426412913313,-0.147500838692873,-0.188207391140561,0.340367043427451,-0.194599276806805,0.20537780025544,-0.39056577288085,0.494129069286452,-0.0432609653057402,0.449286183285192,-0.206586745627415,-0.330483647743229,0.396572390388199,2.68342656574013,-0.0500652073304757,-0.31196947064837,-0.0569920311657374,-0.173615501155095,0.616810988597983
"k__Bacteria|p__Firmicutes|c__Bacilli|o__Lactobacillales|f__Enterococcaceae|g__Enterococcus|s__unclassified",-0.282711343561262,-0.0488585922295489,-0.154947535884212,0.0382433886423593,-0.0834869880549856,-0.293221895414971,-0.325836589437209,0.620125905093027,-0.0682833212576912,0.151358760224413,-0.0239959693460235,-0.325393662327074,-0.0805997726211088,-0.106801278257854,0.565139206418042,-0.305192264663514,-0.330301318828395,-0.0897207298416962,-0.329466595819601,0.311169429604979,-0.168409150087486,-0.312233273660566,-0.0802474621445278,-0.32986238389245,-0.320719804356935,-0.143196111876035,0.749108450455041,-0.110419344538204,-0.0296603713393498,-0.16168951606873,-0.238757338291164,0.00543528110258215,-0.120316818856872,0.0697489706209735,-0.576135161564505,-0.247188070427473,-0.324322470233261,-0.1104037926776,-0.0992975396326684,0.54612228292625,-0.244345401027377,0.00730331253856624,-0.125445457918056,0.0581754532650408,-0.604581810923959,-0.28515818147756,-0.0566110603893607,0.852310302455799,-0.0274521729721316,-0.654243151605969,0.144897947183455,0.0806861045780301,0.129291100839786,-0.00254749059459807,0.227580710827485,-0.168276855685428,1.47232674190334,-0.0606808062579985,-0.322778745391521,-0.410997529990122,-0.25623399946991,-0.235873694700267,-0.144761485806168,-0.0504047917451304,0.446285066241015,-0.285009580606586,-0.168136000269115,-0.07073811444276,-0.117205187805927,0.460472555304444,-0.311618420882743,-0.162131099743719,-0.12123974626979,-0.0876020876282894,0.320934425961658,-0.194599276806805,-0.0405711668630172,-0.135685641377069,0.0186998121538349,-0.354755218922181,0.220391885395448,-0.206586745627415,-0.330483647743229,0.00699710333643155,1.58443884376262,-0.00974192540431663,-0.31196947064837,-0.0696029562659749,-0.0793291382600397,0.392330468105876
"k__Bacteria|p__Firmicutes|c__Clostridia|o__Clostridiales|f__Clostridiaceae|g__Clostridium|s__perfringens",1.31094683883345,0.826430748054731,-0.503638570658555,1.43219036926077,1.95245974430316,1.18135425165703,-0.325836589437209,-0.332710799618895,0.223857298737326,-0.340259971311887,-0.501038983595089,-0.325393662327074,0.160515020960831,-0.214875985510517,-2.5596316854482,-0.305192264663514,-0.330301318828395,0.23277543216902,-0.329466595819601,-1.68580519336576,-0.2017047873675,-0.312233273660566,0.303077155075543,-0.32986238389245,-0.320719804356935,0.350883727421106,-0.326964773804027,-0.10606326299218,0.42659155877632,1.14187038352033,1.7735542797477,0.796091030776699,-0.569136847270929,1.5142715947635,3.69454200251415,-0.247188070427473,-0.324322470233261,0.107745188426687,-0.0574035978532964,-2.14473023000309,1.63326596443287,0.83987862510784,-0.612947794329215,1.59544481037817,4.03760072108024,1.25659294440189,0.31383620872998,-0.317158282493748,0.666713165665666,2.80193300113785,-0.442784723397701,-0.10865558065349,0.0399919355084257,-0.264035483232286,-1.66927081257879,-0.0880936695487113,-0.262864035420862,0.242164926859488,-0.322778745391521,-0.0267696754778746,-0.25623399946991,-0.235873694700267,-0.189154194217354,0.694224561742307,-0.648294307797711,-0.285009580606586,-0.166724584135356,0.259539277028975,-0.484079299579286,-2.26493674153994,-0.311618420882743,0.0416151838471412,0.105743918475065,-0.0892532044796661,-1.2439199570131,-0.194599276806805,0.718784524823954,-0.451229129945212,1.27730359701182,2.51939423062678,-0.408048601927888,2.0459185318149,-0.330483647743229,1.19689196974394,-3.83889265827724,-0.367628736077496,-0.31196947064837,0.135719481433156,-0.233445106240037,-1.80337768877115
"k__Bacteria|p__Firmicutes|c__Clostridia|o__Clostridiales|f__Clostridiaceae|g__Peptoniphilus|s__asaccharolyticus",1.31496372489115,0.110296519032167,-0.444069301954976,0.44185497217158,0.44773534009745,-0.293221895414971,-0.325836589437209,-0.332710799618895,-0.0626478298718725,0.161217658663235,-0.195916714159308,-0.325393662327074,-0.125161792187208,-0.25975781774159,0.353152088207779,-0.305192264663514,-0.330301318828395,-0.118560331144275,-0.329466595819601,0.0265697994786707,-0.342393223234697,-0.312233273660566,-0.0717435091218131,-0.32986238389245,-0.320719804356935,-0.202808284563021,-0.326964773804027,-0.258906936604112,0.0425497267484688,-0.12401441908739,-0.238757338291164,0.227577793459915,-0.393201969090911,0.53528808807928,-0.0543243806652212,-0.247188070427473,-0.324322470233261,-0.19520345303224,-0.21643735218458,0.460450927521016,-0.244345401027377,0.2538735234776,-0.398282729209676,0.56399123842317,-0.140737501326324,-0.28515818147756,-0.0379367798024084,-0.317158282493748,0.150176577875858,-0.440966298424211,0.252543259296571,0.153177851979512,0.232340248383094,9.63228425097772e-05,0.267426359924025,-0.268000186810586,-0.262864035420862,-0.0365665375133377,-0.322778745391521,-0.39522490342843,-0.25623399946991,-0.235873694700267,-0.356431609979198,0.0976560911894194,0.555348227602544,-0.285009580606586,-0.352775224754694,-0.0988486232804572,-0.356960325012858,0.172778674758509,-0.311618420882743,-0.284045681710394,-0.179833003546565,-0.211920825349544,0.165777603932869,-0.194599276806805,0.116338521268817,-0.380417174147818,0.408997232070059,0.106475927215718,0.267759496971337,-0.206586745627415,-0.330483647743229,0.308179024768169,1.84465420681514,-0.157652167449528,-0.31196947064837,-0.0964217108787986,-0.19864253258739,0.210433073510318
"k__Bacteria|p__Firmicutes|c__Bacilli|o__Bacillales|f__Staphylococcaceae|g__Staphylococcus|s__unclassified",-0.282711343561262,-0.0210921297041424,-0.319352171165487,0.216583020790327,0.35295512835072,-0.293221895414971,-0.325836589437209,-0.332710799618895,-0.0676332929591505,-0.165370849278848,-0.309994914238996,-0.325393662327074,-0.127612896780099,-0.177631976810354,-0.591132308979532,-0.305192264663514,-0.330301318828395,-0.106253124789073,-0.329466595819601,-0.418056764008112,-0.275805236549853,-0.312233273660566,-0.0899300015728098,-0.32986238389245,-0.320719804356935,-0.13744700843278,-0.326964773804027,-0.206417362860981,-0.0140446614890562,0.216840204107297,-0.238757338291164,0.0686695259008207,-0.272036360236887,0.291155218663037,0.807740170379295,-0.247188070427473,-0.324322470233261,-0.173547748779378,-0.177450083791185,-0.53688346527541,1.60467370473529,0.0573300187935097,-0.297059067246494,0.324843475644407,0.864300485060675,-0.28515818147756,-0.120785652919845,-0.317158282493748,0.032726303534352,0.565271679037217,0.13268705231634,0.172838482911851,0.175012290999424,0.0678103070233787,-0.248869454611486,-0.16166441945039,1.46675849736251,-0.0465762157750284,-0.322778745391521,-0.0483086030370041,-0.25623399946991,-0.235873694700267,-0.27519090582309,0.00310058321587673,-0.206121396058111,-0.285009580606586,-0.236641711210967,-0.10638848462333,-0.253977781757807,-0.564081965862095,-0.311618420882743,-0.208320666364903,-0.179048374646146,-0.145988776968048,-0.35472354348524,-0.194599276806805,-0.0142265602367325,-0.274112416700656,0.214389640839823,0.533429092649167,-0.21604830282762,-0.206586745627415,-0.330483647743229,0.205978577887701,-0.872144267836235,-0.247793724536786,-0.31196947064837,-0.0834352846302759,-0.146312698871624,-0.51298963867811
"k__Bacteria|p__Firmicutes|c__Bacilli|o__Lactobacillales|f__unclassified|g__unclassified|s__unclassified",-0.282711343561262,-0.133713642482544,-0.382376834589311,0.114121977278293,0.114112315018015,-0.293221895414971,-0.325836589437209,-0.332710799618895,-0.146965525864913,0.0264563849368674,-0.219731505741808,-0.325393662327074,-0.200303184734052,-0.224425453910446,0.372651633696026,-0.305192264663514,-0.330301318828395,-0.189698394717714,-0.329466595819601,-0.0103381441857269,-0.363762405821428,-0.312233273660566,-0.173818945918051,-0.32986238389245,-0.320719804356935,-0.310459624984278,-0.326964773804027,-0.268623851546023,-0.0557256812008658,-0.207406860780416,-0.238757338291164,-0.0319829306857377,-0.325927683584072,0.219190203101003,-0.163309880629401,-0.247188070427473,-0.324322470233261,-0.260950808423084,-0.243685740400156,0.265087085181899,-0.244345401027377,0.0128804330823663,-0.312346594094397,0.218865712736457,-0.252243758202927,-0.28515818147756,-0.192907415734796,-0.317158282493748,-0.0184369781054579,-0.38427520113794,0.350558020848845,0.226892193127786,0.260042220345213,0.11067131142046,0.368757811107168,-0.25272962938637,-0.262864035420862,-0.121188215613941,-0.322778745391521,-0.139639074651398,-0.25623399946991,-0.235873694700267,-0.377024623560126,-0.0859716894967868,0.256018783147283,-0.285009580606586,-0.343226941835137,-0.20153361965362,-0.279780134654629,0.0797200799763504,-0.311618420882743,-0.34203025796832,-0.265131154847242,-0.220780037946492,0.0542698861882379,-0.194599276806805,-0.0797285479295582,-0.339648208360761,0.11509797902063,-0.0910185246117434,0.0777268123907036,-0.206586745627415,-0.330483647743229,0.0895475069450374,1.21730440259223,-0.184918299550649,-0.31196947064837,-0.151029077480028,-0.181466409948805,0.210206719977832
"k__Bacteria|p__Firmicutes|c__Bacilli|o__Lactobacillales|f__Leuconostocaceae|g__Leuconostoc|s__unclassified",-0.282711343561262,-0.120142842608735,-0.382777432266312,0.131777131572232,0.106364539537808,-0.293221895414971,-0.325836589437209,-0.332710799618895,-0.144736180490043,0.0633788101798831,-0.185504506079372,-0.325393662327074,-0.191357051910839,-0.227820646621073,0.490079917722674,-0.305192264663514,-0.330301318828395,-0.191834909676688,-0.329466595819601,0.0828602375428804,-0.34384072309015,-0.312233273660566,-0.183729710775392,-0.32986238389245,-0.320719804356935,-0.316009617058806,-0.326964773804027,-0.267444121767516,-0.079745170990439,-0.255185993072418,-0.238757338291164,-0.0117737647838423,-0.320907584431976,0.176487783345973,-0.238705969038386,-0.247188070427473,-0.324322470233261,-0.256311672422259,-0.229533421699379,0.341542915613009,-0.244345401027377,0.0218449262775695,-0.306138438080753,0.208950309409437,-0.317177879047096,-0.28515818147756,-0.18387840291175,-0.317158282493748,-0.0244134421896527,-0.458717262201258,0.338297136145993,0.210371705306026,0.265012696464538,0.0890807463319007,0.324496035037003,-0.264019179157736,-0.262864035420862,-0.105193154359234,-0.322778745391521,-0.238084148160062,-0.25623399946991,-0.235873694700267,-0.366891582370677,-0.0807834255787586,0.327000718110872,-0.285009580606586,-0.35406198086843,-0.177521813093593,-0.291375202554592,0.198848116909456,-0.311618420882743,-0.308630905161451,-0.244656562516528,-0.205614324707139,0.107003794955555,-0.194599276806805,-0.0989947379169861,-0.32735594217539,0.109412476289179,-0.122393751174884,0.107353585391345,-0.206586745627415,-0.330483647743229,0.082531218157015,1.39688118841439,-0.181676038997845,-0.31196947064837,-0.152936073349102,-0.169845336113854,0.210812077494251
"k__Bacteria|p__Firmicutes|c__Clostridia|o__Clostridiales|f__Lachnospiraceae|g__Blautia|s__obeum",-0.282711343561262,-0.159455870406037,-0.359181472701389,0.0738801447725842,0.108068539230507,-0.293221895414971,-0.325836589437209,-0.332710799618895,-0.144291424018106,-0.0115291554878896,-0.276598640077795,-0.325393662327074,-0.186445078624948,-0.190182087757752,-0.0152671473915896,-0.305192264663514,-0.330301318828395,-0.195218126670229,-0.329466595819601,-0.0982321402898415,-0.340109023201297,-0.312233273660566,-0.181404721071154,-0.32986238389245,-0.320719804356935,-0.27999062925091,-0.326964773804027,-0.26082345401065,-0.102197179243357,-0.0757368694188702,-0.238757338291164,-0.0434545942239999,-0.29696228284607,0.127589988062861,0.00511037121591269,-0.247188070427473,-0.324322470233261,-0.258501288359766,-0.220799060095942,-0.00652105923289,-0.244345401027377,-0.0494905913935858,-0.299087924796018,0.146673985469762,0.0436997069042678,-0.28515818147756,-0.233819369748668,-0.317158282493748,-0.050139949350959,-0.13404517114962,0.269228910683336,0.249733037998367,0.273570143152539,0.11027085988585,0.0622074087560256,-0.262083240957307,-0.262864035420862,-0.110358476109108,-0.322778745391521,-0.216315638905105,-0.25623399946991,-0.235873694700267,-0.368023668125781,-0.107863376462658,0.055542919238435,-0.285009580606586,-0.324037100578947,-0.201972683619254,-0.269941872718487,-0.056277359315777,-0.311618420882743,-0.321633008745342,-0.245873755233735,-0.203606677641635,-0.0417542007033245,-0.194599276806805,-0.146284804366327,-0.310665760883254,0.0731907162205956,0.0487558786032443,-0.0866719636938791,-0.206586745627415,-0.330483647743229,0.051285461113458,0.40724020497945,-0.226617542138775,-0.31196947064837,-0.16125081490031,-0.16992023552065,-0.108974974937874
"k__Bacteria|p__Firmicutes|c__Clostridia|o__Clostridiales|f__Lachnospiraceae|g__Coprococcus|s__eutactus",-0.282711343561262,-0.0809143985669103,-0.384556633898167,0.157076862082807,0.0829204342536529,-0.293221895414971,-0.325836589437209,-0.332710799618895,-0.134756008329296,0.156023927846303,-0.155946078918203,-0.325393662327074,-0.174660592675283,-0.241585404674008,0.633460552681389,-0.305192264663514,-0.330301318828395,-0.169848723296098,-0.329466595819601,0.195122555039765,-0.364923153211973,-0.312233273660566,-0.172561696194892,-0.32986238389245,-0.320719804356935,-0.305518067824455,-0.326964773804027,-0.275801103082743,-0.0449205502636214,-0.246378859580377,-0.238757338291164,0.0208615355424771,-0.32736962278012,0.238513527257385,-0.436680989374135,-0.247188070427473,-0.324322470233261,-0.277760476858234,-0.227426140701182,0.589430911365027,-0.244345401027377,0.0511139140737659,-0.33791257345113,0.26904200911457,-0.528030920575347,-0.28515818147756,-0.166380359251099,-0.317158282493748,-0.00058417258099384,-0.677586080007354,0.339247528085983,0.210447073121695,0.278297344711663,0.0851964624288319,0.459677724566736,-0.285199384161004,-0.262864035420862,-0.112257173472336,-0.322778745391521,-0.409795520416897,-0.25623399946991,-0.235873694700267,-0.366749172104275,-0.0612442559137542,0.512370761511306,-0.285009580606586,-0.3720696613933,-0.191007328970619,-0.314729575230895,0.376274757648242,-0.311618420882743,-0.33736497261928,-0.23709382800308,-0.21934098592211,0.248318378894542,-0.194599276806805,-0.0702832985247672,-0.340786078251816,0.150202636525971,-0.196964142283854,0.223219914089429,-0.206586745627415,-0.330483647743229,0.129472762896855,1.99504989383709,-0.134839834884724,-0.31196947064837,-0.155729985071325,-0.198022718278944,0.405193936935219
"k__Bacteria|p__Firmicutes|c__Bacilli|o__Lactobacillales|f__Lactobacillaceae|g__unclassified|s__unclassified",-0.282711343561262,-0.141723711364932,-0.379447685159752,0.101884661673761,0.0681193935906127,-0.293221895414971,-0.325836589437209,-0.332710799618895,-0.144401576566144,0.00169166611791904,-0.207990380018461,-0.325393662327074,-0.202338517475979,-0.23272744481347,0.343363883892803,-0.305192264663514,-0.330301318828395,-0.188120764062102,-0.329466595819601,0.0808071133572045,-0.351599939937201,-0.312233273660566,-0.177471803432593,-0.32986238389245,-0.320719804356935,-0.274023537901528,-0.326964773804027,-0.274971369585166,-0.076396332032227,-0.0317066527609133,-0.238757338291164,-0.0234431165627719,-0.322512876767459,0.184942370806702,-0.181056991049687,-0.247188070427473,-0.324322470233261,-0.251833370637676,-0.221805025335889,0.258557164331961,-0.244345401027377,-0.0087799030339327,-0.312437708412132,0.192904405633669,-0.229186734224524,-0.28515818147756,-0.187991209373445,-0.317158282493748,-0.029225192689357,-0.382024884677997,0.311335494152098,0.223327273864385,0.280409326930513,0.0879488353004681,0.132461641569978,-0.248619324025179,-0.262864035420862,-0.113968422760663,-0.322778745391521,-0.180571015651928,-0.25623399946991,-0.235873694700267,-0.36046099002557,-0.0946139941237485,0.251691974473086,-0.285009580606586,-0.35778608597246,-0.195574810375233,-0.28293977501955,0.1571593446955,-0.311618420882743,-0.312327752300931,-0.264382039666795,-0.212848105148619,0.0300982539736033,-0.194599276806805,-0.0949406561589559,-0.34541849298634,0.11065141221119,-0.0639702774523273,0.0535336552338447,-0.206586745627415,-0.330483647743229,0.0693608779422683,1.17874512682452,-0.19594543261992,-0.31196947064837,-0.150297163776016,-0.17477477816702,0.0435578198748861
"k__Bacteria|p__Firmicutes|c__Erysipelotrichi|o__Erysipelotrichales|f__Erysipelotrichaceae|g__[Eubacterium]|s__biforme",-0.282711343561262,-0.0918208708486829,-0.390193222356056,0.141742963835897,0.107758824808029,-0.293221895414971,-0.325836589437209,-0.332710799618895,-0.130951413820447,0.0911980054827323,-0.194071150947842,-0.325393662327074,-0.172301689345522,-0.237180237958915,0.430091130280112,-0.305192264663514,-0.330301318828395,-0.176822702247996,-0.329466595819601,0.114166308634907,-0.369291617069786,-0.312233273660566,-0.161860949164584,-0.32986238389245,-0.320719804356935,-0.28264081300675,-0.326964773804027,-0.264503661020477,-0.0665877179230716,-0.111635114557411,-0.238757338291164,0.0337111291170569,-0.338535937003571,0.223805158814246,-0.337319594495786,-0.247188070427473,-0.324322470233261,-0.256184591627854,-0.218100618264003,0.45662628644562,-0.244345401027377,0.0380321432860867,-0.345598205206001,0.261276087697083,-0.417603597972874,-0.28515818147756,-0.156703218791096,-0.317158282493748,0.00050100588037578,-0.543596519645563,0.3372952432178,0.230203183923098,0.258012582614437,0.098266064024131,0.349313716876113,-0.274961088086836,-0.262864035420862,-0.107359573487274,-0.322778745391521,-0.284092927566159,-0.25623399946991,-0.235873694700267,-0.372805538013472,-0.0525485379951794,0.418219962112058,-0.285009580606586,-0.368360871803001,-0.172360593248995,-0.296319018703936,0.270481951070321,-0.311618420882743,-0.315945401786879,-0.257265820218697,-0.211070538648915,0.15673801311695,-0.194599276806805,-0.0580756296074821,-0.354817799475681,0.151817006134609,-0.153945276493996,0.168876008194857,-0.206586745627415,-0.330483647743229,0.121446100478338,1.61492388643997,-0.161022737954082,-0.31196947064837,-0.129553417415813,-0.185110822098731,0.304333366503414
"k__Bacteria|p__Firmicutes|c__Clostridia|o__Clostridiales|f__Veillonellaceae|g__Dialister|s__invisus",-0.282711343561262,-0.0938862573243804,-0.38790078239295,0.157650193339934,0.0698308744146985,-0.293221895414971,-0.325836589437209,-0.332710799618895,-0.124754463435721,0.112524015870903,-0.209473901501602,-0.325393662327074,-0.192707170132718,-0.212196583998287,0.440448796642398,-0.305192264663514,-0.330301318828395,-0.168916382773807,-0.329466595819601,0.138184570210622,-0.369939767673876,-0.312233273660566,-0.171171446026958,-0.32986238389245,-0.320719804356935,-0.285767476134266,-0.326964773804027,-0.262348840057201,-0.0579317186416865,-0.190251477924951,-0.238757338291164,0.027942471606112,-0.322831335593461,0.222102780501294,-0.40557975418137,-0.247188070427473,-0.324322470233261,-0.254932876937649,-0.217765073899893,0.495832740962914,-0.244345401027377,0.0544176317819164,-0.332509920641221,0.25511250297414,-0.524221418476425,-0.28515818147756,-0.158022824124849,-0.317158282493748,-0.0179727279377454,-0.604711186860049,0.332375193694212,0.214096329274521,0.251703705485556,0.0871712372933118,0.397691198072464,-0.282560705753192,-0.262864035420862,-0.0985143163587623,-0.322778745391521,-0.344314711583174,-0.25623399946991,-0.235873694700267,-0.368088822507361,-0.0630372153276398,0.414771563862402,-0.285009580606586,-0.373679329554081,-0.174774056571407,-0.291134796196659,0.291342146174777,-0.311618420882743,-0.319949903969104,-0.253153744815468,-0.210081343407792,0.198176825419148,-0.194599276806805,-0.0603340988397049,-0.343003725611787,0.138013672563402,-0.177646622689961,0.179727203882725,-0.206586745627415,-0.330483647743229,0.131219115654854,1.77210930983274,-0.152710248244775,-0.31196947064837,-0.142526871171479,-0.147026274547608,0.329678445628054
"k__Bacteria|p__Firmicutes|c__Clostridia|o__Clostridiales|f__Veillonellaceae|g__Phascolarctobacterium|s__unclassified",-0.282711343561262,-0.117778301103465,-0.378997755535211,0.133211480600145,0.125313568989512,-0.293221895414971,-0.325836589437209,-0.332710799618895,-0.122043804072168,0.0827126892939118,-0.211944111258598,-0.325393662327074,-0.189355853828857,-0.225146250889671,0.316580219315381,-0.305192264663514,-0.330301318828395,-0.194116792706769,-0.329466595819601,0.0321118739095295,-0.342963878613947,-0.312233273660566,-0.175105469136853,-0.32986238389245,-0.320719804356935,-0.298346831161567,-0.326964773804027,-0.26659224654897,-0.0768028825102967,-0.140071255881875,-0.238757338291164,-0.0128181086217556,-0.307957979373003,0.201346954495111,-0.24134883715441,-0.247188070427473,-0.324322470233261,-0.259211500108663,-0.223860499155638,0.304862886127233,-0.244345401027377,0.0105349413195982,-0.306695356234156,0.234388190481842,-0.243750351893929,-0.28515818147756,-0.181169346636761,-0.317158282493748,-0.0224059879706438,-0.452284408269555,0.362560327933485,0.234497391486697,0.282060754145588,0.134278665996356,0.388198487889578,-0.282324042679606,-0.262864035420862,-0.105504255279475,-0.322778745391521,-0.275228458138322,-0.25623399946991,-0.235873694700267,-0.368489274146246,-0.0853332064730292,0.255029527061498,-0.285009580606586,-0.370341437738789,-0.197735526258709,-0.274982476054203,0.11520114773741,-0.311618420882743,-0.322673140076842,-0.242259305908709,-0.215979518016835,0.0985627346702741,-0.194599276806805,-0.0987841766455148,-0.32994847129362,0.109408894431531,-0.0809207520421768,0.0701388689428702,-0.206586745627415,-0.330483647743229,0.108185740748329,1.23553439002209,-0.150837591082378,-0.31196947064837,-0.144424801025467,-0.17391676587111,0.256458915134458
"k__Bacteria|p__Firmicutes|c__Bacilli|o__Lactobacillales|f__Lactobacillaceae|g__Pediococcus|s__unclassified",-0.282711343561262,-0.0774487156557574,-0.408649162083158,0.152946225837749,0.135745174324129,-0.293221895414971,-0.325836589437209,-0.332710799618895,-0.135850569461476,0.0776898362194914,-0.20736722910698,-0.325393662327074,-0.193425314033667,-0.221871050585639,0.356838373549004,-0.305192264663514,-0.330301318828395,-0.177235206137377,-0.329466595819601,0.0777107103407785,-0.363689237445221,-0.312233273660566,-0.175227269232441,-0.32986238389245,-0.320719804356935,-0.325647833444466,-0.326964773804027,-0.266019866441597,-0.0704713592223313,-0.291511132187795,-0.238757338291164,0.00302095870147712,-0.329428761634382,0.229148582068725,-0.211341343554927,-0.247188070427473,-0.324322470233261,-0.264564267667491,-0.226835121709148,0.334714753510323,-0.244345401027377,0.0261752470195741,-0.348873898406721,0.270182695740451,-0.238864755151923,-0.28515818147756,-0.198542063573672,-0.317158282493748,-0.0210571578198864,-0.432500073366473,0.344626862024971,0.214612103209508,0.277741191870812,0.0905649117833918,0.416768640285236,-0.279841751145277,-0.262864035420862,-0.0924753239046944,-0.322778745391521,-0.334842072558491,-0.25623399946991,-0.235873694700267,-0.375677123858229,-0.0743843023566856,0.332699304500837,-0.285009580606586,-0.356157069897669,-0.194542309156076,-0.29360590193551,0.15189959600156,-0.311618420882743,-0.336657597938038,-0.245018167483338,-0.227810565109783,0.132449777296236,-0.194599276806805,-0.0924234564703119,-0.361195243418626,0.139663292934264,-0.0492013463917767,0.101641553356347,-0.206586745627415,-0.330483647743229,0.126600161056142,1.28270942547869,-0.175131483839972,-0.31196947064837,-0.150367211300131,-0.170592478231752,0.219129902501371
"k__Bacteria|p__Firmicutes|c__Bacilli|o__Lactobacillales|f__Enterococcaceae|g__unclassified|s__unclassified",-0.282711343561262,-0.0994749296934224,-0.393471256115929,0.12728442545515,0.106422938917865,-0.293221895414971,-0.325836589437209,-0.332710799618895,-0.139008862165353,0.0681327210795057,-0.236560278978412,-0.325393662327074,-0.195067835744042,-0.222183503034775,0.262801721772304,-0.305192264663514,-0.330301318828395,-0.183194244468781,-0.329466595819601,0.084856476497166,-0.348767943966999,-0.312233273660566,-0.167265848580312,-0.32986238389245,-0.320719804356935,-0.287720704730666,-0.326964773804027,-0.265390574778564,-0.0597930586686237,-0.168117295703895,-0.238757338291164,0.0152961864791896,-0.341573437863638,0.217119496956251,-0.207696577126657,-0.247188070427473,-0.324322470233261,-0.251692741815355,-0.228824617138567,0.330365622526711,-0.244345401027377,0.00424976197001365,-0.32348520844989,0.249295935502201,-0.326608747947426,-0.28515818147756,-0.173684848091462,-0.317158282493748,-0.0314073783274074,-0.416044741103434,0.309942315091757,0.245261627114821,0.274418069664184,0.0839063783117871,0.25168163925154,-0.302216196728862,-0.262864035420862,-0.0935140746829785,-0.322778745391521,-0.355261538098414,-0.25623399946991,-0.235873694700267,-0.353102964078147,-0.0848269995565634,0.31993878890084,-0.285009580606586,-0.350611501560715,-0.180681894086153,-0.303146241229823,0.17723710258646,-0.311618420882743,-0.333404212023223,-0.247037447013547,-0.213796732960236,0.120652042249891,-0.194599276806805,-0.0799471958265285,-0.341779007254022,0.124104228595874,-0.0984334072654316,0.0688274513509823,-0.206586745627415,-0.330483647743229,0.113280847547525,1.26598687512578,-0.169004957847763,-0.31196947064837,-0.131808002811524,-0.165839047777457,0.236982226978625
"k__Bacteria|p__Firmicutes|c__Erysipelotrichi|o__Erysipelotrichales|f__[Coprobacillaceae]|g__Catenibacterium|s__unclassified",-0.282711343561262,-0.109577069340859,-0.367109365060672,0.0939907446461784,0.167053093951283,-0.293221895414971,-0.325836589437209,-0.332710799618895,-0.128928826828034,-0.00335057441882076,-0.287923811120764,-0.325393662327074,-0.200181723939979,-0.198179582274155,-0.0620149009900573,-0.305192264663514,-0.330301318828395,-0.189372053170824,-0.329466595819601,-0.121118309685008,-0.344963170762669,-0.312233273660566,-0.189805791085872,-0.32986238389245,-0.320719804356935,-0.25671771978796,-0.326964773804027,-0.269574631075914,-0.0771417166668057,-0.0172963433364959,-0.238757338291164,-0.0324148113926453,-0.297283361572563,0.154494578243189,0.0547069186330331,-0.247188070427473,-0.324322470233261,-0.2612162619261,-0.212364677987114,0.0116925663178057,-0.244345401027377,-0.0333323671351486,-0.317101462673909,0.183995494001724,0.032977555635984,-0.28515818147756,-0.225193423470014,-0.317158282493748,-0.0524239534636364,-0.12592261241477,0.287067584997423,0.225869837300345,0.261208141302495,0.0912907952940342,0.0197961862273326,-0.285850280116916,-0.262864035420862,-0.122392642648315,-0.322778745391521,-0.304515906230615,-0.25623399946991,-0.235873694700267,-0.36347597940212,-0.0971894578407078,0.116562852381418,-0.285009580606586,-0.338410134667522,-0.183014576600775,-0.276311909911313,-0.079877095889276,-0.311618420882743,-0.312105243741178,-0.257190769938124,-0.196588478718504,-0.0845155059572999,-0.194599276806805,-0.107005117675112,-0.337822908855284,0.0893100193908451,0.0211032204994542,-0.0542497753588701,-0.206586745627415,-0.330483647743229,0.111499404404279,0.526737408055115,-0.203260102635476,-0.31196947064837,-0.143518865210283,-0.16586682064415,0.040404113802928
"k__Bacteria|p__Firmicutes|c__Clostridia|o__Coriobacteriales|f__Coriobacteriaceae|g__Collinsella|s__aerofaciens",-0.282711343561262,-0.153904713339767,-0.374600567963567,0.123882300139856,0.184540575874352,-0.293221895414971,-0.325836589437209,-0.332710799618895,-0.144659327645439,-0.0126768460135028,-0.241398105672245,-0.325393662327074,-0.209378090488185,-0.217643643817965,0.257864334470201,-0.305192264663514,-0.330301318828395,-0.182184534593567,-0.329466595819601,-0.0604099711654848,-0.349043111165392,-0.312233273660566,-0.184300832998634,-0.32986238389245,-0.320719804356935,-0.292104904855131,-0.326964773804027,-0.259582200616013,-0.0811146579406304,-0.115376529961307,-0.238757338291164,-0.0146782265097258,-0.307451613087423,0.207350587443635,-0.0737517422078199,-0.247188070427473,-0.324322470233261,-0.273535566785169,-0.223967309322624,0.166457737893894,-0.244345401027377,-0.00776475936309965,-0.320727848282357,0.231045407860458,-0.111810846199301,-0.28515818147756,-0.190985234741887,-0.317158282493748,-0.0189443858360231,-0.29472080477855,0.344586949792037,0.239267285660102,0.251762855564439,0.116224490296092,0.30421210367121,-0.25343297406551,-0.262864035420862,-0.109358817029843,-0.322778745391521,-0.196908134268829,-0.25623399946991,-0.235873694700267,-0.34631433305811,-0.090062407377223,0.212151802221731,-0.285009580606586,-0.343810680647071,-0.182197140152847,-0.277146670247999,-0.0149817606029649,-0.311618420882743,-0.331446179742451,-0.253006838157873,-0.216469179556742,0.0132230009676665,-0.194599276806805,-0.104820825103252,-0.345142372039315,0.103205912593222,-0.0254312357207877,0.0342724201280827,-0.206586745627415,-0.330483647743229,0.113161822608358,0.941392490240925,-0.179942825809132,-0.31196947064837,-0.146598226384787,-0.160337066879599,0.180547103563671
"k__Bacteria|p__Firmicutes|c__Clostridia|o__Clostridiales|f__Ruminococcaceae|g__Ruminococcus|s__bromii",-0.282711343561262,-0.121532942376954,-0.394082433945616,0.142014192386629,0.113498822002627,-0.293221895414971,-0.325836589437209,-0.332710799618895,-0.136073810469794,0.114959959473104,-0.219934688962016,-0.325393662327074,-0.183625405408255,-0.204859766471966,0.333781849342053,-0.305192264663514,-0.330301318828395,-0.189692574616192,-0.329466595819601,0.0758393144345048,-0.365750407219265,-0.312233273660566,-0.167341812730929,-0.32986238389245,-0.320719804356935,-0.296741933343055,-0.326964773804027,-0.27350320006197,-0.0772795246576908,-0.189390112728106,-0.238757338291164,0.0038522348811218,-0.327721998241358,0.219728654700312,-0.262723583367064,-0.247188070427473,-0.324322470233261,-0.264416477651768,-0.220004787836963,0.384905222733695,-0.244345401027377,0.0136370772547415,-0.329950125284305,0.233260348628509,-0.340337146632093,-0.28515818147756,-0.180164609927333,-0.317158282493748,-0.0339091968330923,-0.48773114435648,0.355527433136127,0.223856778243828,0.271970275448451,0.112733961866214,0.463283434782011,-0.3065620518847,-0.262864035420862,-0.104174826089228,-0.322778745391521,-0.405497794039162,-0.25623399946991,-0.235873694700267,-0.366578996476151,-0.0820516995891942,0.363498304075429,-0.285009580606586,-0.371344353876122,-0.186310290864574,-0.294293166911447,0.209897771236442,-0.311618420882743,-0.323353479043226,-0.248351754925683,-0.202427367060482,0.148930012201264,-0.194599276806805,-0.0868965823014529,-0.345921563007124,0.134687947207957,-0.125565532004836,0.114990051269987,-0.206586745627415,-0.330483647743229,0.128836652892334,1.39829903650525,-0.142255688499763,-0.31196947064837,-0.148791726124638,-0.153352876178814,0.335345642539406
"k__Bacteria|p__Firmicutes|c__Bacilli|o__Lactobacillales|f__Lactobacillaceae|g__Lactobacillus|s__zeae",1.30286433409995,0.742649944490504,-0.0135754173314872,0.877166275764057,-0.0383584455226932,1.18057747789216,-0.325836589437209,-0.332710799618895,0.267847082252611,1.38142080437606,1.02510644628266,-0.325393662327074,0.293065185211931,-0.0768463916313089,4.3015807705706,1.02369334277657,-0.330301318828395,0.351877811281515,-0.329466595819601,2.23249940573457,0.138839072119807,-0.312233273660566,0.370732635137661,-0.32986238389245,-0.320719804356935,0.173416832562401,0.747317721329752,0.172990192536083,0.398647972368308,-0.945893451113327,-0.238757338291164,0.888503300641788,-0.0778441382135203,0.924643543439048,-3.36781363598204,1.63144912192847,-0.324322470233261,0.301212140201872,0.0725695648666022,4.11037120944397,-0.244345401027377,0.929383965776936,-0.102089685858689,0.949992468988656,-3.77431949838271,-0.28515818147756,0.727981430025174,-0.317158282493748,0.57936421706941,-3.68219887130854,0.0973209137973553,-0.492411544689108,-0.215081331054907,-0.352084659155546,2.2884953523785,-0.119185416601448,1.49670611563538,0.290054612366445,-0.322778745391521,-1.39395192515967,1.59420634776783,-0.235873694700267,0.210587993370611,0.501764888728964,3.14714960114409,1.21629135370887,-0.0660431711054192,0.362524014047878,-0.1352040376451,3.23777649417593,0.964008303777767,0.140200115177981,0.309091836187533,0.0801418875830804,2.25184310020152,-0.194599276806805,0.771233605532395,0.0141226284662663,0.819969759669738,-1.69689456286212,2.21165460937236,-0.206586745627415,-0.330483647743229,0.496652856577636,10.39040054432,0.747063951709411,-0.31196947064837,0.223013658696546,-0.0145555533791312,3.13960706779941
"k__Bacteria|p__Firmicutes|c__Bacilli|o__Gemellales|f__Gemellaceae|g__unclassified|s__unclassified",-0.282711343561262,-0.0865808467033,-0.231887107070418,0.0552288328773762,-0.0936192318447989,-0.293221895414971,-0.325836589437209,-0.332710799618895,-0.091084938847566,0.194439463872438,-0.0199974631127752,-0.325393662327074,-0.122653045705191,-0.143004015627614,0.785930011997273,-0.305192264663514,-0.330301318828395,-0.117995761602152,-0.329466595819601,0.388152984469898,-0.221001520142323,-0.312233273660566,-0.118728304598647,-0.32986238389245,-0.320719804356935,-0.229945214568876,-0.326964773804027,-0.160312605743962,-0.0454153063768365,-0.319887801054575,-0.238757338291164,0.00848455721088179,-0.187618361082527,0.0948484955315658,-0.801890366064079,-0.247188070427473,-0.324322470233261,-0.153471142239883,-0.146584282887114,0.763516183383348,-0.244345401027377,0.0422429665983428,-0.199237587068768,0.113844807874447,-0.885939723291369,-0.28515818147756,-0.0867427029945478,-0.317158282493748,-0.0212064137130354,-0.895287630804222,0.291378201025844,0.130694887561613,0.145891542920272,0.06718959670087,0.583805177410539,-0.205718801075559,1.46675849736251,-0.0768752318848527,-0.322778745391521,-0.382468080968177,-0.25623399946991,-0.235873694700267,-0.2308671177103,-0.0534242853047938,0.576075549564968,-0.285009580606586,-0.240122239073881,-0.137179766956108,-0.17750797066627,0.605586053246713,0.933372262668187,-0.221786884704465,-0.163970037362913,-0.13548909314818,0.42915030612894,-0.194599276806805,-0.0590664363444323,-0.217298436392544,0.0548967457108589,-0.413023647816439,0.308365459844071,-0.206586745627415,-0.330483647743229,0.045863999774438,2.20446203552595,-0.0103407244871794,-0.31196947064837,-0.101149852508373,-0.0967151654915574,0.664555032413358
"k__Bacteria|p__Firmicutes|c__Clostridia|o__Clostridiales|f__Veillonellaceae|g__Veillonella|s__unclassified",-0.282711343561262,0.400192117515642,-0.2636046744437,0.688619055736443,0.562346149682033,1.91427959936329,1.05938238306119,0.821843775851306,0.111537797072118,0.295362048571034,0.0496953832995448,-0.325393662327074,0.0754746455330817,-0.151431477431075,0.444378821494744,-0.305192264663514,-0.330301318828395,0.110612844194119,-0.329466595819601,0.131836584660722,-0.13665588554091,-0.312233273660566,0.1434820403187,-0.32986238389245,-0.320719804356935,0.0718357031455877,-0.326964773804027,-0.0700772087768348,0.203605514071154,0.0524501099252791,-0.238757338291164,0.466160250570958,-0.28472048766541,0.737899156069581,0.101180882340853,-0.247188070427473,-0.324322470233261,0.0416089268446487,-0.0634226156606192,0.561452633191518,-0.244345401027377,0.488048070556845,-0.297928534944037,0.790803548673969,0.105232619036424,-0.28515818147756,0.239838894187101,-0.317158282493748,0.339751299177687,-0.298415707028199,-0.0310238686000073,-0.103303214460497,0.0454070319298548,-0.167693013237055,0.15291829023755,-0.167252715282774,-0.262864035420862,0.112847501265971,-0.322778745391521,-0.610828204501125,-0.25623399946991,-0.235873694700267,-0.102335125601145,0.317994794279629,0.753075869291728,-0.285009580606586,-0.165803510462177,0.123015971739465,-0.268417861943612,0.280560769438403,0.93647844886074,-0.0494932787986949,0.0299793417180875,-0.0638008707698834,0.284696851722886,-0.194599276806805,0.381318764958605,-0.225711726849085,0.61963134793908,0.247607481476087,0.509512222986152,2.23691066316597,-0.330483647743229,0.514162050371122,1.998981834015,0.0548945957662941,-0.31196947064837,0.0678789434436539,-0.130343293869179,0.43521884358893
"k__Bacteria|p__Firmicutes|c__Bacilli|o__Lactobacillales|f__Lactobacillaceae|g__Lactobacillus|s__unclassified",1.2975440774452,0.274767973469279,-0.0955401500735305,0.395805584926283,0.0454649607769811,1.17058111350509,-0.325836589437209,0.595374986981565,0.0902611453862544,0.526582365361626,0.304430589560697,-0.325393662327074,0.0706957460838339,-0.0910738533463085,1.54850315293859,1.02225597086593,-0.330301318828395,0.11031837289826,-0.329466595819601,0.818761288637716,-0.0213155031914626,-0.312233273660566,0.119158027361332,-0.32986238389245,-0.320719804356935,0.0288761877719617,0.743526729556132,0.0138866587401883,0.14695389842329,-0.348637254192042,-0.238757338291164,0.341011740648083,-0.111772756401437,0.424102880141851,-1.23043714411189,-0.247188070427473,-0.324322470233261,0.0664463127146713,-0.0144209575946189,1.53072199135773,-0.244345401027377,0.360731835250419,-0.126789837042958,0.450719285276301,-1.37191870581701,-0.28515818147756,0.249986601930817,-0.317158282493748,0.228919960275671,-1.36528715700501,0.0635614725700182,-0.14787203266246,-0.00604904362293467,-0.156613124702956,0.755711197541478,-0.0931557458884873,-0.262864035420862,0.0832854348198515,-0.322778745391521,-0.558049284805072,-0.25623399946991,-0.235873694700267,-0.0203510931514698,0.190040369720661,1.21888410154667,1.21528275763484,-0.0887739217501779,0.102102771641117,-0.120874994455964,1.20459754717373,-0.311618420882743,-0.0139743426794073,0.068520146088558,-0.0187313027272493,0.842354738412694,-0.194599276806805,0.266929625250517,-0.0781272871967937,0.368446111908187,-0.566289608132364,0.802274310276121,-0.206586745627415,0.642693438029653,0.213059599633238,3.95665926377461,0.212113243105329,-0.31196947064837,0.0640691785353884,-0.0410561848160273,1.04987314658406
"k__Bacteria|p__Firmicutes|c__Clostridia|o__Coriobacteriales|f__Coriobacteriaceae|g__Slackia|s__unclassified",-0.282711343561262,-0.0970628809683564,-0.384466833317284,0.134533472075209,0.0773101282346717,-0.293221895414971,-0.325836589437209,-0.332710799618895,-0.13044831005506,0.0936318313674977,-0.200073562105766,-0.325393662327074,-0.186772668109245,-0.24130149369213,0.424121274187097,-0.305192264663514,-0.330301318828395,-0.183690221910952,-0.329466595819601,0.10495284539802,-0.355545629551118,-0.312233273660566,-0.154974803319642,-0.32986238389245,-0.320719804356935,-0.263616768463385,-0.326964773804027,-0.252145558561004,-0.0633190361707199,-0.123005747091994,-0.238757338291164,0.0191127589934143,-0.34385053923409,0.23249559942402,-0.309613186703314,-0.247188070427473,-0.324322470233261,-0.246991777427032,-0.219309079349751,0.381211165901598,-0.244345401027377,0.0385137994504214,-0.330449838567092,0.247250578129513,-0.336102760675768,-0.28515818147756,-0.170525353803776,-0.317158282493748,-0.0139679292516514,-0.497792725054911,0.308669697499544,0.221354642212516,0.275476074446362,0.078906595413695,0.247259960249027,-0.305532127300505,-0.262864035420862,-0.100660663559204,-0.322778745391521,-0.411852047741214,-0.25623399946991,-0.235873694700267,-0.350698882816459,-0.0722369483284527,0.39025527254001,-0.285009580606586,-0.364424511593719,-0.18124578492614,-0.274027677845255,0.266872667967326,-0.311618420882743,-0.326723387724748,-0.241523971733436,-0.224344069999453,0.130224446860011,-0.194599276806805,-0.0640153752532107,-0.331689415954116,0.121838178958514,-0.151463264856371,0.123314644877292,-0.206586745627415,-0.330483647743229,0.130798711816856,1.45796252721014,-0.163566950479192,-0.31196947064837,-0.135610688876334,-0.189457430059277,0.233312936614359
"k__Bacteria|p__Firmicutes|c__Clostridia|o__Clostridiales|f__Lachnospiraceae|g__Blautia|s__producta",-0.282711343561262,-0.165118114214033,-0.252750450197925,-0.00939687863990988,-0.0383460505200298,-0.293221895414971,-0.325836589437209,0.566127743576407,-0.144366435880077,-0.0234182330226187,-0.178554907793738,-0.325393662327074,-0.151556847717042,-0.148681097716417,0.220740061013576,-0.305192264663514,-0.330301318828395,-0.163694696130349,-0.329466595819601,-0.00873225143084864,-0.240842409898937,-0.312233273660566,-0.160866976542388,-0.32986238389245,-0.320719804356935,-0.236206096308884,-0.326964773804027,-0.204189108927618,-0.109545375557926,-0.0755565103407365,-0.238757338291164,-0.0967423887885612,-0.190337577912971,0.029829319122599,-0.13181790481019,-0.247188070427473,-0.324322470233261,-0.208406613940742,-0.175351352149379,0.0884912595626816,-0.244345401027377,-0.0801138323870028,-0.209580294836925,0.0341364562233947,-0.140077729467129,-0.28515818147756,-0.192315282956191,-0.317158282493748,-0.0913170484824129,-0.214355463138285,0.267128366715871,0.218234084986948,0.187538281821276,0.136252630712459,0.189585491434883,-0.16099759742057,-0.262864035420862,-0.105581008372286,-0.322778745391521,0.0155365051627492,-0.25623399946991,-0.235873694700267,-0.262583130249381,-0.116784723989539,0.0197902989050762,-0.285009580606586,-0.233438954605036,-0.168635850346996,-0.177292296204135,0.0530681616918394,-0.311618420882743,-0.244062944695035,-0.203207712419781,-0.161399824031694,-0.0464187170757735,-0.194599276806805,-0.147494095720396,-0.228688393426414,-0.0286363421275453,-0.0663762799594163,-0.0358878069962173,-0.206586745627415,0.642820370720027,-0.0246277183137736,0.535814576835411,-0.163348667352285,-0.31196947064837,-0.124738296544647,-0.117100949836313,-0.0349533736566382
"k__Bacteria|p__Firmicutes|c__Bacilli|o__Lactobacillales|f__Streptococcaceae|g__unclassified|s__unclassified",-0.282711343561262,-0.21906874748256,-0.211011081373077,-0.140557693169445,-0.0399593612007082,-0.293221895414971,-0.325836589437209,-0.332710799618895,-0.123283846658526,-0.0917230767907955,-0.230833362900632,0.74274191756189,-0.158725964180238,-0.0949016663786992,-0.153499361940871,-0.305192264663514,-0.330301318828395,-0.17915870568093,0.713449675992856,-0.131296094403996,-0.238121562039999,-0.312233273660566,-0.165110760740727,-0.32986238389245,-0.320719804356935,-0.228700895772132,-0.326964773804027,-0.197967297043808,-0.123090036789839,-0.0515314361313131,-0.238757338291164,-0.165310668007904,-0.144405120350506,-0.0909608362406096,0.026656341197819,-0.247188070427473,-0.324322470233261,-0.217697998021385,-0.135091153744008,-0.151907480437746,-0.244345401027377,-0.160350469868069,-0.153616600652902,-0.10361554787801,-0.00318428186692998,-0.28515818147756,-0.22612071876923,-0.317158282493748,-0.150505145496785,0.0107921771950057,0.237077533498598,0.229648249311097,0.191329632816211,0.144913628857482,0.00391830812474585,-0.170700798628058,-0.262864035420862,-0.109186816333401,-0.322778745391521,-0.0403298110815662,-0.25623399946991,-0.235873694700267,-0.238983234672986,-0.163226039860472,-0.129628775544036,-0.285009580606586,-0.194269236008112,-0.169805792118346,-0.115702889588554,-0.130302480536923,-0.311618420882743,-0.22847172870364,-0.200542599974192,-0.149126850189027,-0.142563745048978,-0.194599276806805,-0.208696100557292,-0.185088381640885,-0.123933147831644,-0.0283369810724703,-0.150333473656175,-0.206586745627415,-0.330483647743229,-0.065808225293098,-0.140246625879629,-0.166301026400202,-0.31196947064837,-0.108347973318961,-0.0836784106040509,-0.0696177629636442
"k__Bacteria|p__Firmicutes|c__Clostridia|o__Clostridiales|f__Veillonellaceae|g__Selenomonas|s__unclassified",-0.282711343561262,-0.105531744854955,-0.385422203221639,0.15271495526953,0.0931913297531795,-0.293221895414971,-0.325836589437209,-0.332710799618895,-0.129002612952504,0.099706687283822,-0.190909844887018,-0.325393662327074,-0.18671412842967,-0.240605416701081,0.517328298513388,-0.305192264663514,-0.330301318828395,-0.180309167133006,-0.329466595819601,0.148093834918777,-0.371744150091272,-0.312233273660566,-0.178873169517541,-0.32986238389245,-0.320719804356935,-0.277474165177226,-0.326964773804027,-0.291241349684151,-0.0562599497401418,-0.113915857016307,-0.238757338291164,0.0283793777823734,-0.326987463777483,0.242496626027365,-0.397767200166536,-0.247188070427473,-0.324322470233261,-0.262837812295816,-0.228306540521779,0.462483992655675,-0.244345401027377,0.0357782000385288,-0.339642636397159,0.26846087265912,-0.426582965407307,-0.28515818147756,-0.164156395245201,-0.317158282493748,-0.00473749332669765,-0.580873062906149,0.352809567972348,0.233936246774133,0.268395748740595,0.109858758400142,0.377733375155583,-0.277156210612985,-0.262864035420862,-0.109790246606986,-0.322778745391521,-0.322427870467889,-0.25623399946991,-0.235873694700267,-0.366861886473344,-0.0643495323347145,0.424952806330983,-0.285009580606586,-0.370530521347687,-0.182909249507659,-0.297128215217987,0.300459213821247,-0.311618420882743,-0.322060974241385,-0.257182026595354,-0.222382432158257,0.175932457616391,-0.194599276806805,-0.0797293383303992,-0.339495166229526,0.153470574940672,-0.175960675372653,0.15253816368071,-0.206586745627415,-0.330483647743229,0.0933170005874035,1.63451716904759,-0.159969806322935,-0.31196947064837,-0.135666375299334,-0.187152112984916,0.264872926331175
"k__Bacteria|p__Firmicutes|c__Clostridia|o__Clostridiales|f__Veillonellaceae|g__Megamonas|s__unclassified",-0.282711343561262,-0.203412674726319,-0.258246810868227,-0.062676466411736,-0.0705010718418428,-0.293221895414971,-0.325836589437209,-0.332710799618895,-0.146119319012089,-0.013332885513098,-0.18440297583698,-0.325393662327074,-0.182227286967139,-0.166955713183318,0.192955193363867,-0.305192264663514,-0.330301318828395,-0.181634475560286,-0.329466595819601,0.0509869978641358,-0.285469890068436,-0.312233273660566,-0.182078431476158,-0.32986238389245,-0.320719804356935,-0.25282522003361,-0.326964773804027,-0.20451208435621,-0.116405634571568,-0.089910662817874,-0.238757338291164,-0.120189995798012,-0.202769559377678,-0.0139051135710779,-0.242877095425384,-0.247188070427473,-0.324322470233261,-0.231740327413451,-0.169819863980054,0.151343942753705,-0.244345401027377,-0.104182843360734,-0.207557781270866,-0.00999131818551499,-0.179259828625789,-0.28515818147756,-0.220949398748766,-0.317158282493748,-0.110741600999092,-0.296829558830516,0.298997041899041,0.235817094806905,0.223190036811818,0.122341529767099,0.209473651778596,-0.20789837971928,-0.262864035420862,-0.122844525364553,-0.322778745391521,-0.170011035585421,-0.25623399946991,-0.235873694700267,-0.278083569748352,-0.146824579310876,0.078798578696156,-0.285009580606586,-0.257646334661651,-0.195163545604241,-0.190578814926694,0.070489712048985,-0.311618420882743,-0.265459503280046,-0.223683298747749,-0.177802614109078,0.0514944619319953,-0.194599276806805,-0.168518669390254,-0.220851685027831,-0.0309298586785602,-0.15434907850957,-0.0324341245822804,-0.206586745627415,0.979612001094232,-0.043662675644749,0.586790397137004,-0.168451480876629,-0.31196947064837,-0.131826898606494,-0.120261064376126,0.0532008297430824
"k__Bacteria|p__Firmicutes|c__Clostridia|o__Clostridiales|f__Lachnospiraceae|g__Anaerostipes|s__unclassified",-0.282711343561262,-0.176035308345868,-0.282180702142863,-0.0410433166351079,-0.00516518982889861,-0.293221895414971,-0.325836589437209,-0.332710799618895,-0.155418797374362,-0.0262422736940197,-0.225398426450219,-0.325393662327074,-0.184352943947632,-0.173866922522063,0.181298786693411,-0.305192264663514,-0.330301318828395,-0.180620693455165,0.717928235413261,-0.0251360431775847,-0.294925256555765,-0.312233273660566,-0.184885127497724,-0.32986238389245,-0.320719804356935,-0.261112672096656,-0.326964773804027,-0.234445054600293,-0.117855004762586,-0.0412972524613834,-0.238757338291164,-0.0799022398124301,-0.231631726425057,0.0203830631596039,-0.218512932522923,-0.247188070427473,-0.324322470233261,-0.245898420619749,-0.178767024379998,0.154361198057643,-0.244345401027377,-0.0962471988327264,-0.230702483872152,0.0333920310714412,-0.253012194680917,-0.28515818147756,-0.197113127993502,-0.317158282493748,-0.0934293083761547,-0.341407067064896,0.30977465467277,0.237990303255039,0.222690093530881,0.165590747219185,0.261544241066389,-0.202806308406623,-0.262864035420862,-0.128438132387253,-0.322778745391521,-0.0899251473691112,-0.25623399946991,-0.235873694700267,-0.31865466563413,-0.136534948263253,0.0933410596696403,-0.285009580606586,-0.300051083718548,-0.197334985696454,-0.215914347502144,0.040216498567302,-0.311618420882743,-0.287843604269257,-0.232831142569329,-0.185333968764284,-0.0324541229511362,-0.194599276806805,-0.16450987489152,-0.253411417224224,-0.016129919143396,-0.159334601193623,-0.0259826357822729,-0.206586745627415,-0.330483647743229,-0.000626057740357964,0.7562286305938,-0.151629529168486,-0.31196947064837,-0.13044878889754,-0.127588571351365,0.177790609565555
"k__Bacteria|p__Firmicutes|c__Clostridia|o__Clostridiales|f__Clostridiaceae|g__unclassified|s__unclassified",1.3053582237255,0.994127014977291,-0.425597211639225,1.56962966659529,2.26301477120993,-0.293221895414971,0.790563302381917,0.555773312121354,0.31945285751469,-0.577488350044107,-0.552709550076691,0.756169998623636,0.249924650675274,-0.136731451838916,-3.54309407139634,-0.305192264663514,-0.330301318828395,0.343217375222334,-0.329466595819601,-2.21413364398949,-0.0631522699241336,-0.312233273660566,0.39860777526918,-0.32986238389245,-0.320719804356935,0.525654671409991,-0.326964773804027,-0.0195443583744974,0.510662045391249,1.35664949845498,1.79775488347535,0.872025416798201,-0.522075596970813,1.64733497517507,4.88688332399167,-0.247188070427473,-0.324322470233261,0.232341042535833,0.0361989765881714,-3.06469215041894,1.74597789356737,0.890394042046026,-0.561227146552561,1.70178804625472,5.28143666957772,1.20227415335581,0.387337108829137,-0.317158282493748,0.770823140958554,3.91128632744998,-0.663446589773682,-0.180865166545101,-0.0807379205592276,-0.311238191619353,-2.18921221225774,0.0521879006582755,-0.262864035420862,0.325001463107082,-0.322778745391521,0.364860623999741,-0.25623399946991,-0.235873694700267,-0.0816105320428669,0.807734397002776,-1.21405066041175,-0.285009580606586,-0.0291573461612526,0.382109201043298,-0.44131216073467,-3.09283813725557,-0.311618420882743,0.181033009827777,0.232153429730399,-0.0288751190649824,-1.74190055811205,2.13722331015246,0.840768592200297,-0.405345004179309,1.42186177696868,3.28794155846645,-0.725731284282481,1.99106259628522,-0.330483647743229,1.31932977394488,-6.14914808923323,-0.41635805299306,-0.31196947064837,0.227762594063448,-0.212230801016948,-2.5873183201197
"k__Bacteria|p__Firmicutes|c__Clostridia|o__Clostridiales|f__Lachnospiraceae|g__Lachnobacterium|s__unclassified",-0.282711343561262,-0.102522879190286,-0.400673236760843,0.143435506719319,0.112501545922457,-0.293221895414971,-0.325836589437209,-0.332710799618895,-0.138143862702452,0.0883122224471458,-0.17764817360689,-0.325393662327074,-0.176255628526527,-0.230054530646044,0.541573260209983,-0.305192264663514,-0.330301318828395,-0.188226860818439,-0.329466595819601,0.119972007058337,-0.351673269499006,-0.312233273660566,-0.16933937632397,-0.32986238389245,-0.320719804356935,-0.297255694932696,-0.326964773804027,-0.264592703775433,-0.0588001600695056,-0.255490944109956,-0.238757338291164,0.0262510807097792,-0.328443691796935,0.243565719445504,-0.291921654653474,-0.247188070427473,-0.324322470233261,-0.261100764296489,-0.22632887880585,0.435584050894426,-0.244345401027377,0.0425053672665547,-0.344829757791571,0.276044447485067,-0.390445872347826,-0.28515818147756,-0.155066104634814,-0.317158282493748,-0.0107414416914837,-0.529893515770095,0.388797724732994,0.224938246384058,0.247345345457426,0.110973879707036,0.594982765146011,-0.28054136550228,-0.262864035420862,-0.0962311211192412,-0.322778745391521,-0.357359825120059,-0.25623399946991,-0.235873694700267,-0.364594094686552,-0.0683996356927726,0.370531188607838,-0.285009580606586,-0.361338372646049,-0.192758133621698,-0.307406810968235,0.222900257693461,-0.311618420882743,-0.330565412728878,-0.241149475596627,-0.206309142295135,0.173100877735831,-0.194599276806805,-0.0644254428521757,-0.369456611941442,0.147222654926578,-0.124496030300723,0.165947967928882,-0.206586745627415,-0.330483647743229,0.120933994977392,1.62455267250835,-0.149697640299301,-0.31196947064837,-0.142433861851701,-0.173460490820639,0.424935869843271
"k__Bacteria|p__Firmicutes|c__Erysipelotrichi|o__Erysipelotrichales|f__[Coprobacillaceae]|g__Coprobacillus|s__unclassified",-0.282711343561262,-0.14277171313558,-0.312436539187931,0.040780253416806,0.070027681678628,-0.293221895414971,-0.325836589437209,-0.332710799618895,-0.130016767864624,0.00336488225361568,-0.22002800069031,-0.325393662327074,-0.177800646905286,-0.181501145025111,0.116553576985688,-0.305192264663514,-0.330301318828395,-0.16945955944215,-0.329466595819601,-0.0478718937453324,-0.302974309663372,-0.312233273660566,-0.170461139758106,-0.32986238389245,-0.320719804356935,-0.255757862949893,-0.326964773804027,-0.232916778288797,-0.0866271701161918,-0.0444819892385557,-0.238757338291164,-0.0566444222063554,-0.244925592650658,0.0984902943221672,-0.116521121807247,-0.247188070427473,-0.324322470233261,-0.244379906871375,-0.189006827875137,0.124465582663385,-0.244345401027377,-0.0457537277198915,-0.255270011705787,0.119225256337977,-0.11830072871198,-0.28515818147756,-0.199656306045935,-0.317158282493748,-0.0642809279856195,-0.251934573871077,0.283794727996968,0.236150889264713,0.217795888000656,0.115016239464102,0.147891153494018,-0.203209021148678,-0.262864035420862,-0.132461675972919,-0.322778745391521,-0.107168400416581,-0.25623399946991,-0.235873694700267,-0.307885027323219,-0.112109753051679,0.113167039096041,-0.285009580606586,-0.290102234119728,-0.184263944514943,-0.225798089466886,0.0189611142677664,-0.311618420882743,-0.274092125485135,-0.235651220193167,-0.18965702448887,0.0103661265444618,-0.194599276806805,-0.112473480756775,-0.250726789502868,0.0343399264063484,-0.0557467153211328,-0.0406845467477374,-0.206586745627415,0.64826329041597,0.00409750213440672,0.642384601530426,-0.182099699706566,-0.31196947064837,-0.133963664772487,-0.127341395390097,0.0243522277663097
"k__Bacteria|p__Firmicutes|c__Clostridia|o__Clostridiales|f__Veillonellaceae|g__Veillonella|s__parvula",1.73706083149598,1.23965885279547,-0.0112169590381556,1.56366311854959,1.6127249338735,1.16838102431478,-0.325836589437209,-0.332710799618895,0.510430692984317,0.251738304107151,0.283578447000163,0.780449942412254,0.50896929681997,0.0439755833321726,-0.71069881726407,-0.305192264663514,-0.330301318828395,0.594163766917128,-0.329466595819601,-0.545228925481898,0.317256560500516,0.935473698777874,0.655796649464792,-0.32986238389245,-0.320719804356935,0.746451670664797,0.752680317190194,0.284461838047232,0.65932503493324,0.765480376250645,-0.238757338291164,1.15235591744515,-0.174959819778192,1.56299260087313,2.00658914995603,-0.247188070427473,0.849815026710123,0.551781828270225,0.236760789362553,-0.389539617801245,1.76941863844906,1.17065759958516,-0.207491147310009,1.63536660392187,2.17861829373483,1.34224650017278,0.850353012803121,1.02937133228244,0.915926790468791,1.33442510941696,-0.755576460997446,-0.632337053973368,-0.372847411628061,-0.560036998312353,-0.796281442936922,0.217930768947189,-0.262864035420862,0.486634393379497,-0.322778745391521,-0.168065303346059,1.5826417054168,1.8200446024975,0.353743903605588,0.954322716846325,0.488498529854356,-0.285009580606586,0.237829616396674,0.640188424900092,-0.166174473424607,-0.731360967877662,1.06494239185654,0.494824429893738,0.535260941273375,0.212280857850127,-0.174127414200048,2.23539023563059,1.11185628377657,-0.019652397285248,1.42274898940349,1.68847928256468,0.561472287125313,-0.206586745627415,-0.330483647743229,1.16847455142112,-0.193756903297806,0.200015550526225,-0.31196947064837,0.41304149871357,-0.0253681901082958,-0.672831150933539
"k__Bacteria|p__Firmicutes|c__Erysipelotrichi|o__Erysipelotrichales|f__Erysipelotrichaceae|g__Holdemania|s__unclassified",-0.282711343561262,-0.264331489307833,-0.224145152019111,-0.136334252229428,-0.0790284588869642,-0.293221895414971,-0.325836589437209,-0.332710799618895,-0.167561639804142,-0.0648481702912001,-0.250299791295366,-0.325393662327074,-0.203860025228198,-0.139125198502495,-0.082342222710406,-0.305192264663514,-0.330301318828395,-0.224900490204007,-0.329466595819601,-0.0363891535242441,-0.273799147517144,-0.312233273660566,-0.212443577884393,-0.32986238389245,0.848744144528741,-0.282971827863268,-0.326964773804027,-0.221714388736714,-0.142647970974402,-0.0965509628786204,-0.238757338291164,-0.189809172015728,-0.171587789683365,-0.102640047438374,-0.121740037098629,-0.247188070427473,-0.324322470233261,-0.248304544194629,-0.172678078539305,-0.0385094611028819,-0.244345401027377,-0.166651061923129,-0.171326765514683,-0.101155563354532,-0.091546808839097,-0.28515818147756,-0.258376588006195,-0.317158282493748,-0.155004654814433,-0.160635367434426,0.308758047000256,0.247919394063643,0.218240031292703,0.166959029872798,0.164552617946944,-0.211175663203609,-0.262864035420862,-0.136617946699931,-0.322778745391521,-0.172313952880563,-0.25623399946991,-0.235873694700267,-0.289506093466627,-0.178213832259163,-0.0547254787001099,-0.285009580606586,-0.251094330620625,-0.225302511350144,-0.158796738128707,-0.0769512923076711,-0.311618420882743,-0.273144427790522,-0.236929105159656,-0.163878798674937,-0.0466576910594982,-0.194599276806805,-0.223407160138931,-0.204018579938836,-0.112327844247747,-0.0977292440595464,-0.15351273310393,-0.206586745627415,-0.330483647743229,-0.0840304907860255,0.0663849807011812,-0.181842850256943,-0.31196947064837,-0.150955013219398,-0.0922929639307249,-0.0255197017732162
"k__Bacteria|p__Firmicutes|c__Bacilli|o__Lactobacillales|f__Streptococcaceae|g__Lactococcus|s__unclassified",-0.282711343561262,-0.0809831095665624,-0.346030516153153,0.145312748213266,0.0926404756598022,-0.293221895414971,-0.325836589437209,0.556185434081852,-0.119621696125267,0.140466309931828,-0.124960314088107,-0.325393662327074,-0.161674419335476,-0.194232947522633,0.615944125826693,-0.305192264663514,-0.330301318828395,-0.158013653947511,-0.329466595819601,0.154240015813363,-0.305344537936908,-0.312233273660566,-0.137863919312473,-0.32986238389245,-0.320719804356935,-0.287404730804283,-0.326964773804027,-0.242768978174255,-0.0584277079938896,-0.284323561693161,-0.238757338291164,0.0426553870795846,-0.29615103183588,0.203650170353308,-0.397607980623906,-0.247188070427473,-0.324322470233261,-0.236132403560707,-0.185434520144198,0.50683506740761,-0.244345401027377,0.0390858723976594,-0.306879957393646,0.223666727206858,-0.477967715673941,-0.28515818147756,-0.145436002291214,-0.317158282493748,-0.0206865725021743,-0.609563555492095,0.34287706299749,0.188091770021931,0.2386854643609,0.097119728459449,0.525625232322776,-0.264610184023639,-0.262864035420862,-0.0876175973030122,-0.322778745391521,-0.340668280574462,-0.25623399946991,-0.235873694700267,-0.326671847277664,-0.0507014100464087,0.469796493771074,-0.285009580606586,-0.314926522708185,-0.160323568004352,-0.246261867595942,0.335112705722838,-0.311618420882743,-0.295564640113203,-0.228723233570047,-0.187183140515576,0.201315109479199,-0.194599276806805,-0.0690088111871408,-0.306035899621925,0.138447516009873,-0.191210365811944,0.204480623942082,-0.206586745627415,-0.330483647743229,0.102750500330324,1.7679697065366,-0.0917537395663842,-0.31196947064837,-0.127699361007018,-0.156005238078191,0.463523292770188
"k__Bacteria|p__Firmicutes|c__Clostridia|o__Clostridiales|f__Clostridiaceae|g__Clostridium|s__unclassified",-0.282711343561262,0.240649030661207,-0.203275493622529,0.459241647239858,0.512426039089129,1.17214964754642,0.801866363700506,0.554329546262344,0.0667726757925879,0.0195257295767658,-0.102172855466197,0.765390089438649,0.0373900811392455,-0.100200674266933,-0.343315804376243,-0.305192264663514,-0.330301318828395,0.0526650559562763,-0.329466595819601,-0.270452573668162,-0.0941231757628594,-0.312233273660566,0.0952771789890002,-0.32986238389245,-0.320719804356935,0.0646081012318166,-0.326964773804027,-0.0677765958123653,0.12394489008723,0.24474441637954,-0.238757338291164,0.266015270477941,-0.208209113656742,0.49709628026691,0.739694968625114,-0.247188070427473,0.800294726503573,-0.00850639257573215,-0.0410001236135267,-0.284390361595424,-0.244345401027377,0.278677097380077,-0.22310623740398,0.51551214776922,0.856778258827659,-0.28515818147756,0.101278068598922,-0.317158282493748,0.20737863036086,0.45451970771387,-0.0848572155641201,-0.00610096252190838,0.0490398554469664,-0.0675354527816533,-0.343604646134343,-0.0995156729088511,-0.262864035420862,0.0832324782042792,-0.322778745391521,-0.26832304367,-0.25623399946991,-0.235873694700267,-0.122614547071229,0.207199505792779,0.107625501644097,-0.285009580606586,-0.107115117359555,0.0629486235209583,-0.185447701233755,-0.359259601366693,-0.311618420882743,-0.0308777404070059,0.00631025355364877,-0.0656976006064664,-0.158306778153586,-0.194599276806805,0.224307294772501,-0.189138454397271,0.404280606789006,0.539993537237943,0.0523612837531791,2.22241765586299,-0.330483647743229,0.372614783121054,-0.23209740828661,-0.0993116490586557,-0.31196947064837,0.0369036253303014,-0.0939990901543406,-0.323412412605458
"k__Bacteria|p__Firmicutes|c__Bacilli|o__Turicibacterales|f__Turicibacteraceae|g__Turicibacter|s__unclassified",-0.282711343561262,-0.153504635071316,-0.29900994865153,0.0291666625180817,0.0118756512779649,-0.293221895414971,-0.325836589437209,-0.332710799618895,-0.13474723013191,0.00660682276106408,-0.167800079330353,-0.325393662327074,-0.187578213647173,-0.202728446619782,0.377310730793118,-0.305192264663514,0.714802721377292,-0.164911049534459,-0.329466595819601,0.0707247463824982,-0.289890055538378,-0.312233273660566,-0.167596646938078,-0.32986238389245,-0.320719804356935,-0.237671322354121,-0.326964773804027,-0.224747368249309,-0.0869956889275562,-0.0860980559845249,-0.238757338291164,-0.0569878438464211,-0.238582052062062,0.111459926764944,-0.271778865161442,-0.247188070427473,-0.324322470233261,-0.222086246245994,-0.202869379839901,0.252835799863158,-0.244345401027377,-0.0460671066740285,-0.259221122113161,0.129806255421686,-0.29286589454603,-0.28515818147756,-0.163101327140032,-0.317158282493748,-0.0440035492130754,-0.401362976580245,0.307237007030113,0.205660016524194,0.210839435206419,0.111145525764192,0.31472153749448,-0.211370137277809,-0.262864035420862,-0.0943401416771893,-0.322778745391521,-0.140171226664234,-0.25623399946991,-0.235873694700267,-0.282217981120896,-0.0959441475550286,0.184409982508879,-0.285009580606586,-0.29118612493106,-0.167773171513759,-0.231499658380403,0.143625721089841,-0.311618420882743,-0.284823300718171,-0.214049199555045,-0.18892648305031,0.0683409888811786,-0.194599276806805,-0.1001463744109,-0.268730300558852,0.0337829889818939,-0.158031345013754,0.0478676495220366,-0.206586745627415,-0.330483647743229,0.0154761951954342,0.97362262376489,-0.156284277345375,-0.31196947064837,-0.147167320397897,-0.135405278175639,0.124601733834143
"k__Bacteria|p__Firmicutes|c__Clostridia|o__Clostridiales|f__Veillonellaceae|g__Veillonella|s__dispar",2.10125867317314,1.59559333787238,0.670530265307583,1.48557927553615,1.31257664554327,1.17120882238835,0.773535540435017,0.556185434081852,0.807398579474097,0.553988820084911,0.996808992603273,0.777190041528605,0.920401826879425,0.427614036851033,0.135835631603907,1.02942225870081,0.776603729765694,0.985935167974209,0.71450892387016,0.0409754591253769,0.971956482685447,1.04859723804982,1.02991516944954,-0.32986238389245,-0.320719804356935,1.23532176713284,0.952886774783235,0.797445164954568,0.851231136401646,0.569309300031709,2.13661945664429,1.3387676800452,0.397129486358102,1.39685557863972,1.24114802348331,2.07082782306952,1.05037122240857,1.09009235492147,0.647052781819885,0.355720233946967,1.80862509811206,1.36171988620868,0.361368751439918,1.41897818391712,1.2959475704372,1.54554674085461,1.35425026684773,1.36958604681966,1.07344711055412,0.849214535837835,-1.26499459123566,-1.1399601896876,-0.866550315564004,-0.815554266808343,-0.54485950264425,0.69427172231354,-0.262864035420862,0.733829636344313,0.788051104331658,0.139237331521365,1.60466395941135,2.03213461191622,1.03786185470945,1.1950829025419,0.845909534528884,1.21830549917932,0.833841407341503,1.04869667125882,0.322371099467027,0.0260324861667443,0.992561409129051,1.07924733389619,1.04278987289412,0.623725345587707,0.303967697640802,2.23275841775374,1.42076443105756,0.590212558392008,1.34782143900133,1.18306111212571,1.05511848042811,-0.206586745627415,0.642693438029653,1.05403215095786,0.862305194237891,0.729157991669927,0.398282065165638,0.70681453164378,0.299790182949355,-0.000418179952808522
"k__Bacteria|p__Firmicutes|c__Clostridia|o__Coriobacteriales|f__Coriobacteriaceae|g__unclassified|s__unclassified",-0.282711343561262,-0.397322851417647,0.0439453860498442,-0.552696445262954,-0.35946715814793,-0.293221895414971,0.774555231896786,0.632704850523978,-0.142957968202393,-0.36558804065453,-0.246387969102162,-0.325393662327074,-0.133790218699518,0.0427572466027107,-0.830318198374246,-0.305192264663514,-0.330301318828395,-0.155201178005329,0.737167724622498,-0.356184302919007,-0.027527465320894,-0.312233273660566,-0.189526273292401,0.705397575801548,0.856096305168431,-0.147794675114682,-0.326964773804027,-0.0480046568165007,-0.224596627419573,0.0935590439463116,-0.238757338291164,-0.437298267320383,0.103962290016821,-0.575393211244572,0.298614703312467,-0.247188070427473,-0.324322470233261,-0.118695415865591,-0.0250300802347321,-0.796378601938123,-0.244345401027377,-0.459730502954469,0.129786930244565,-0.608430645977596,0.363411186791861,-0.28515818147756,-0.315491478152866,-0.317158282493748,-0.332359310280011,0.555634538276292,0.0873156466064752,0.19323375703223,0.0890864235041638,0.17675773394234,-0.349923243557118,0.023072950362264,-0.262864035420862,-0.137733973044421,-0.322778745391521,0.405324563371339,-0.25623399946991,-0.235873694700267,-0.0532905655311448,-0.299599557846455,-0.794739276982603,-0.285009580606586,0.0302339324716867,-0.183748973899865,0.130646670817729,-0.547765225197937,-0.311618420882743,-0.0864740139389733,-0.13337404131003,-0.0248408115165951,-0.454389082847244,-0.194599276806805,-0.390327159208544,0.0444397937445392,-0.493411960218344,-0.00112124668584999,-0.571033422384602,-0.206586745627415,-0.330483647743229,-0.363878250710377,-2.3021479142027,-0.155722137391662,-0.31196947064837,-0.115657485113384,0.0411966362650789,-0.50544069404278
"k__Bacteria|p__Firmicutes|c__Clostridia|o__Coriobacteriales|f__Coriobacteriaceae|g__Eggerthella|s__lenta",-0.282711343561262,-0.253282217520266,0.30976505524943,-0.553225401079842,-0.793970409160882,-0.293221895414971,-0.325836589437209,-0.332710799618895,-0.0407966565255291,0.182080096472282,0.291826335105718,-0.325393662327074,-0.00340205733681066,0.139705129743547,1.06730209616842,1.02122801024914,-0.330301318828395,-0.027173992249907,0.718362583006729,0.780433433465178,0.17906262101332,-0.312233273660566,-0.0515747757700503,-0.32986238389245,0.84911303918527,-0.0423830041250201,0.747317721329752,0.125926268297285,-0.128407803878225,-0.371365832399754,-0.238757338291164,-0.25820879560466,0.303253862991735,-0.614901363472482,-1.60227300930255,1.63334385057061,-0.324322470233261,0.0408654258826536,0.107022618925148,0.973379687018462,-0.244345401027377,-0.267667982357638,0.32536187284192,-0.652614745003079,-1.73151375911929,-0.28515818147756,-0.0378541501690227,0.861970638749297,-0.233752708401795,-1.2175192199221,0.107557851418607,-0.0485740334961325,-0.0941500873217747,0.0752393876525863,0.708548731603519,0.0959926267333025,1.61470237759955,-0.0563678817768074,-0.322778745391521,-0.0900101319368178,-0.25623399946991,-0.235873694700267,0.190913425682284,-0.224588093039901,0.364322335639117,-0.285009580606586,0.15010805357048,-0.0466860188258159,0.277882315577744,1.02393396105172,-0.311618420882743,0.0806195150284287,0.0289740066544337,0.124371396452302,0.579400062847992,-0.194599276806805,-0.202366787238521,0.282393095190004,-0.498682537201923,-1.10032861091208,0.278410633828782,-0.206586745627415,0.643391368526174,-0.461560608392555,1.78576119870722,0.249349917107099,-0.31196947064837,-0.00818638955323904,0.158263172508867,0.875859490046
"k__Bacteria|p__Firmicutes|c__Bacilli|o__Lactobacillales|f__Carnobacteriaceae|g__Granulicatella|s__unclassified",1.28998461039253,1.1417111777993,0.304203618187111,1.19666676043368,0.759924957424889,1.17886644874647,0.795565702844379,0.658142250071634,0.528425342920174,0.782208875432038,0.82847680327426,0.747860870637221,0.577829471951659,0.175236541878307,1.44922591866084,-0.305192264663514,-0.330301318828395,0.64332818362365,0.720964714194159,0.740133649212424,0.520222973312223,-0.312233273660566,0.680665034710156,-0.32986238389245,-0.320719804356935,0.723288388250445,0.741525683180755,0.457165796988966,0.605299215758409,-0.00955641855230811,1.76446025296973,1.08074585050873,0.114450098005831,1.17452259455634,-0.359972566430542,1.6362518256588,0.770419465069179,0.662345900980331,0.353032242805593,1.60210878586938,-0.244345401027377,1.10296446546436,0.090446810116231,1.18124166359322,-0.573803651679096,1.20128392681005,0.967355739118652,0.872686301843536,0.801942996205111,-0.76396945558255,-0.650379934708019,-0.77364751022162,-0.489180850910255,-0.572627459239998,0.482874355192647,0.283885240182386,1.56871254288156,0.496952428267737,-0.322778745391521,-0.525778709888857,1.58297398652966,-0.235873694700267,0.572267141150902,0.84608561595026,1.5890547831476,1.21592470918954,0.37912028627109,0.679019223174948,0.0918404624044379,1.1137352366401,0.940810963731665,0.586968275421247,0.663089601932051,0.353363326876024,0.93543616554927,2.1383331273521,1.07762812110441,0.258750278557605,1.06859367303805,0.127623865583944,1.350878281681,-0.206586745627415,-0.330483647743229,0.815350102694678,4.12919555696941,0.628025056396907,-0.31196947064837,0.459323591226005,0.133072646239559,1.11572786544022
"k__Bacteria|p__Firmicutes|c__Bacilli|o__Lactobacillales|f__Streptococcaceae|g__Streptococcus|s__unclassified",1.50609446395537,0.706549352619763,0.824072068395019,0.302021677153666,0.267522497228721,1.17120882238835,0.767908575338144,0.570503732989363,0.493553005982263,0.128527567983587,0.655610012765389,0.747238009191694,0.616975975452136,0.500172089869576,-0.569758456626916,1.02697102675148,0.707919841869573,0.61694864482384,1.15064448748118,-0.0735934140597477,0.895339431536366,0.928552295313823,0.612620911213615,0.70476214011455,0.862095402804546,0.867616861769769,0.802522719284568,0.68746754592395,0.403208954919303,0.458306548105036,-0.238757338291164,0.435069723760742,0.62301971973284,0.13045721269426,0.767166012127912,1.6375576606459,0.78164036930903,0.776239686893298,0.588598291541271,-0.415813607526941,1.75862633491676,0.42391162580693,0.646705984280608,0.114050528507838,0.965100376952498,1.20996445124668,0.726752941674955,0.853334150542163,0.390307094816398,0.993646508367089,-0.962919528457032,-0.751397513065857,-0.707512002703767,-0.444411840870505,-0.7006716157201,0.63595418186093,1.46923710131929,0.428180208037002,-0.322778745391521,0.326100618526753,1.5852968679457,-0.235873694700267,0.932603489618319,0.525905677092912,-0.210752058542569,-0.285009580606586,0.84152363516775,0.641397289413596,0.558756592527674,-0.280193691103667,0.991387832519992,0.861344260428146,0.753607342273474,0.560366816405842,-0.0277715991259139,-0.194599276806805,0.594552949040247,0.747936376887003,0.246732457713935,0.542437742599082,0.210227143435879,2.26554032702022,0.655683596305321,0.224835104474409,-1.86626954291168,0.51170943281898,0.389679861583469,0.451413531974406,0.363660607806004,-0.436570094601931
"k__Bacteria|p__Firmicutes|c__Clostridia|o__Clostridiales|f__Ruminococcaceae|g__unclassified|s__unclassified",-0.282711343561262,-0.645034201248975,0.605584959856252,-1.20706937159488,-0.875421583732282,-0.293221895414971,-0.325836589437209,0.556906239076845,-0.101253642901097,-0.702842026237348,-0.145687070502437,0.794097998178357,-0.00979926856377624,0.357385184622478,-1.77375088961611,-0.305192264663514,0.880620368848877,-0.0867557099037404,0.838516551373275,-0.630140220506431,0.39612682500405,-0.312233273660566,-0.151751126999053,0.732562628888483,1.0250112933962,0.0657912707944283,0.743526729556132,0.228607936153364,-0.304324750528524,0.258340336290307,-0.238757338291164,-0.845572036391335,0.64594942562825,-1.38067233231872,0.575238606176432,-0.247188070427473,0.792046831919377,0.053744065633648,0.229701950230752,-1.74188323382504,-0.244345401027377,-0.872483782475374,0.653689071767906,-1.44534726621778,0.738929192574454,-0.28515818147756,-0.329406354803116,0.883619342978977,-0.559019855114482,1.35125829435434,-0.238545017726686,0.0664970443888849,-0.157210353919663,0.162955657272679,-1.03858105670252,0.378088703987308,-0.262864035420862,-0.119045588720292,0.805347739691194,1.02030591492679,-0.25623399946991,-0.235873694700267,0.363818108690502,-0.475396981842326,-1.7926314633968,-0.285009580606586,0.484887270346104,-0.123298438801717,0.608668215943661,-1.07563328948773,-0.311618420882743,0.241146044103736,0.0467192439634074,0.233516539904169,-0.836749797144198,-0.194599276806805,-0.635566422343625,0.558467189140759,-1.12148266177571,-0.0445739169505095,-1.1489038086172,-0.206586745627415,0.653676745040764,-0.869980896221891,-5.59401932488832,-0.0433584041849019,0.453372276203665,-0.0241743509215831,0.294762374437608,-1.11663179441851
"k__Bacteria|p__Firmicutes|c__Clostridia|o__Coriobacteriales|f__Coriobacteriaceae|g__Collinsella|s__unclassified",-0.282711343561262,-0.352545119053789,-0.0882689377622855,-0.385104877277439,-0.298119394837884,-0.293221895414971,-0.325836589437209,-0.332710799618895,-0.153219476601442,-0.122505581843282,-0.195838683099426,-0.325393662327074,-0.168612662982312,-0.0476808731382261,-0.169449892765401,-0.305192264663514,-0.330301318828395,-0.200134411246103,0.9501583142971,-0.0150431448351626,-0.162841013976206,-0.312233273660566,-0.215378691400876,-0.32986238389245,-0.320719804356935,-0.221651686722415,-0.326964773804027,-0.145526462482287,-0.201624959555998,-0.0644048930377086,-0.238757338291164,-0.316968085510637,-0.0187966904326592,-0.378420835978714,-0.260930533799138,-0.247188070427473,-0.324322470233261,-0.219205049347472,-0.110575284571441,-0.157740490842104,-0.244345401027377,-0.327687054764312,-0.0158990914219555,-0.383757075620603,-0.206907334037832,-0.28515818147756,-0.294005129409811,-0.317158282493748,-0.240762037021798,-0.0936794928788348,0.222703488598588,0.218758680333707,0.15565614073143,0.152182384847164,0.0563071033567416,-0.119444824248535,-0.262864035420862,-0.145560021891423,0.7770528624775,-0.0654879398400356,-0.25623399946991,-0.235873694700267,-0.19160886244636,-0.268330098210009,-0.259832306151895,-0.285009580606586,-0.131064041752931,-0.211683082566689,-0.0195229451081849,-0.0151199395412369,-0.311618420882743,-0.190419624047065,-0.201758140842731,-0.0943052711430596,-0.101092877916402,-0.194599276806805,-0.31811454237666,-0.0763753392662228,-0.339795689471905,-0.26674082576513,-0.286822897522387,-0.206586745627415,0.66124406634684,-0.268108448706038,-0.545012041907747,-0.171256507571187,-0.31196947064837,-0.137175981485491,-0.0483990093989897,-0.125813430828268
"k__Bacteria|p__Firmicutes|c__Clostridia|o__Clostridiales|f__Ruminococcaceae|g__Faecalibacterium|s__prausnitzii",-0.282711343561262,-0.627244291450863,0.347840209311478,-1.00156600711614,-0.767186318423453,-0.293221895414971,-0.325836589437209,0.630698997512712,-0.174191387486939,-0.541521082730492,-0.239894246524492,0.786818267380745,-0.110627887170208,0.191739021493221,-1.32845972841523,-0.305192264663514,0.847253892907875,-0.166139174409192,0.71910674024425,-0.410687857496517,0.140894208261363,-0.312233273660566,-0.228424898137958,0.766596603959476,0.849797768433594,-0.0934666318133479,-0.326964773804027,0.0724696403174718,-0.321434323397639,0.197369323483529,-0.238757338291164,-0.730081056878982,0.401007201111065,-1.11667975266407,0.267444337703551,-0.247188070427473,-0.324322470233261,-0.0732720469275516,0.0573001433103505,-1.29253810698437,-0.244345401027377,-0.769789798632359,0.401414052699012,-1.17604654427271,0.422498054382412,-0.28515818147756,-0.398421771931831,-0.317158282493748,-0.517549202459165,0.863754206139075,-0.0488740018574472,0.17921666268398,-0.0144819965671315,0.203177632653522,-0.811788562326059,0.194324062376962,-0.262864035420862,-0.171458325259212,0.882920739631668,0.674521004734343,-0.25623399946991,-0.235873694700267,0.144568617503736,-0.478401814040274,-1.35397420274413,-0.285009580606586,0.243350456061921,-0.188119813337506,0.373586523285001,-0.757887769723068,-0.311618420882743,0.0394228751887695,-0.0786556239791508,0.0831317150307678,-0.643001099545555,-0.194599276806805,-0.587090195746753,0.310815231498868,-0.941263212812191,-0.165675628308657,-0.936467511366781,-0.206586745627415,-0.330483647743229,-0.723577336556987,-4.10709890146023,-0.148133061125323,0.441389607345727,-0.0919340927202572,0.161281890865149,-0.968574664960331
"k__Bacteria|p__Firmicutes|c__Clostridia|o__Clostridiales|f__Lachnospiraceae|g__Dorea|s__unclassified",-0.282711343561262,-0.471501983033196,0.104277946946287,-0.663962264613474,-0.430075941185138,-0.293221895414971,-0.325836589437209,-0.332710799618895,-0.146699652077104,-0.356258666734817,-0.269728171674807,0.766246309614501,-0.134841210807156,0.077290052728009,-0.93752019917899,-0.305192264663514,-0.330301318828395,-0.191487676703316,-0.329466595819601,-0.353491673152764,-0.0183523220053827,-0.312233273660566,-0.206160570036474,0.706540343506631,0.853634102274695,-0.119780904578104,-0.326964773804027,-0.0343634734995067,-0.245807801665955,0.183355418702988,-0.238757338291164,-0.490140775446845,0.16223529040711,-0.705030332016789,0.100913848206052,-0.247188070427473,-0.324322470233261,-0.142455842386702,-0.0223345516205237,-0.825617564867862,-0.244345401027377,-0.523345369330004,0.183255498704308,-0.721046724572122,0.221967540430882,-0.28515818147756,-0.338319168694879,0.879118001900516,-0.36999636048609,0.457004683104173,0.058554313936738,0.208943569044132,0.0778724348723252,0.170196684821887,-0.543878446837802,0.0317515613885393,-0.262864035420862,-0.152893194185338,-0.322778745391521,0.408873382376887,-0.25623399946991,-0.235873694700267,-0.0190254814563334,-0.34480139078612,-0.904782391765738,-0.285009580606586,0.0482947833507749,-0.208043194360158,0.15356272104602,-0.542197417687395,-0.311618420882743,-0.0642743569891119,-0.130418806439384,-0.0146982341429726,-0.454741121932947,-0.194599276806805,-0.437015380760826,0.0999387383798062,-0.597102072645659,-0.13746430239402,-0.656508969818563,-0.206586745627415,0.65179165718642,-0.456807519263628,-2.54436363291961,-0.162096559960084,-0.31196947064837,-0.122888214384826,0.0614745144603187,-0.566870019714468
"k__Bacteria|p__Firmicutes|c__Clostridia|o__Clostridiales|f__Ruminococcaceae|g__Ruminococcus|s__unclassified",-0.282711343561262,-0.678433472031456,0.66900949694667,-1.30285261666488,-0.830318407916623,-0.293221895414971,-0.325836589437209,0.715006741753751,-0.106355041141275,-0.954209697301362,-0.248362241798253,0.741489407327558,0.00524889248460883,0.426147330046281,-2.47537661511991,-0.305192264663514,0.714802721377292,-0.0846575441011199,0.781408699388831,-1.02132466328923,0.43552876850097,0.976025289679171,-0.142744118493234,0.81448798905724,1.05186895352708,0.128908028508813,-0.326964773804027,0.263186956715718,-0.33717257558006,0.524791839625115,-0.238757338291164,-0.925210998528144,0.697512140947188,-1.5036800234403,1.36802297387307,-0.247188070427473,0.773119298263164,0.095736229460095,0.26034277501636,-2.53822804070661,-0.244345401027377,-0.982686638081505,0.718409983788673,-1.56249616501886,1.56604148787236,1.20760449853029,-0.390331857903551,-0.317158282493748,-0.614398342337997,2.16875408693056,-0.360699913637777,0.0777854754532818,-0.195498237303063,0.201328357845329,-1.53501935394303,0.489811855521633,-0.262864035420862,-0.13032781733657,0.769971837193584,1.44773939604844,-0.25623399946991,-0.235873694700267,0.402379359711529,-0.49097154724308,-2.40170923083511,-0.285009580606586,0.559772601623195,-0.114356900547411,0.661267061193016,-1.65801328558694,-0.311618420882743,0.317983665409607,0.0720297392789697,0.247995910784699,-1.30132404035995,-0.194599276806805,-0.685669278554553,0.617036657823504,-1.19973205906781,0.403285074754048,-1.52244749345915,-0.206586745627415,0.647884511675794,-0.908056796066815,-7.57034355953488,-0.193943393587222,0.492308213486684,-0.0141478667720244,0.325245765012228,-1.90108820825301
"k__Bacteria|p__Firmicutes|c__Clostridia|o__Clostridiales|f__unclassified|g__unclassified|s__unclassified",-0.282711343561262,-0.36369144789114,0.797823920464266,-0.977122523244296,-0.418110659765827,1.18831819639595,1.05233074030329,0.792756036992795,0.0660126203574228,-0.983918284083858,-0.202744858366184,0.781654621375031,0.170522701741611,0.513608874619729,-3.23688769219976,-0.305192264663514,0.973272960110275,0.10050903051323,0.744930220296516,-1.35188613033831,0.616300982766874,0.936803048047126,0.0721847578977157,0.725894690513173,0.856253261413463,0.403967322369109,-0.326964773804027,0.423279326783144,-0.168731782859021,0.835337755264777,-0.238757338291164,-0.689575316802918,0.755377111601387,-1.1885458252574,2.2447582456927,-0.247188070427473,0.778672075468716,0.286772078405423,0.41571754528822,-3.08663211595708,1.60793801908225,-0.737696180307491,0.778655541452712,-1.26429062067263,2.60850056009123,1.20266996958352,-0.154212312093755,0.913977813625417,-0.380176121704003,2.963539605997,-0.672438681822754,-0.119514651839837,-0.392454330317502,0.0288709136729487,-2.03775912758775,0.590452852497183,-0.262864035420862,0.00548602677496795,0.777595485530566,1.32657683381596,-0.25623399946991,-0.235873694700267,0.586971981213291,-0.242520480299713,-2.52767171734543,-0.285009580606586,0.748136329058068,0.0942529528961608,0.702348838827963,-2.17741686164161,-0.311618420882743,0.53540180880575,0.273483178304406,0.363826147673143,-1.51638623144016,-0.194599276806805,-0.414867751863247,0.718999112466169,-0.902795001291909,0.969466817454694,-1.55137513058962,-0.206586745627415,0.670052300961874,-0.617349283773179,-8.87375997435698,-0.11047738040768,0.464231664725725,0.117010230167324,0.374166296778089,-2.26553370449587
"k__Bacteria|p__Firmicutes|c__Clostridia|o__Coriobacteriales|f__unclassified|g__unclassified|s__unclassified",-0.282711343561262,-0.588069747900085,0.692555760652366,-1.21548599592075,-1.1874193983042,-0.293221895414971,0.791565786398287,-0.332710799618895,-0.0572427744121252,-0.356603128033241,0.146529815337537,0.788134928349338,0.0293321659315371,0.395473390099005,-0.440329412722788,-0.305192264663514,0.730018801330137,-0.0498625719413563,0.771928083247018,0.0787951112520003,0.458193318383429,-0.312233273660566,-0.102451254389603,0.755722513546515,0.992128823272828,0.0736983089479189,0.736304145154798,0.290579594520092,-0.291113396648522,-0.0947515376876531,-0.238757338291164,-0.72496767005697,0.689613629094484,-1.4007294497264,-0.583710623711439,-0.247188070427473,-0.324322470233261,0.124502108837243,0.258456519035956,-0.580404692011167,-0.244345401027377,-0.784229806659423,0.723900267337921,-1.47171509239284,-0.574590658860056,-0.28515818147756,-0.236379882152282,0.853821329057506,-0.553857272775616,0.236671949266078,-0.17573803245293,-0.0236843586972408,-0.232529410635055,0.133705461902189,-0.347986936568807,0.39066372348797,1.63483217499936,-0.0872337440784863,0.769014781570332,0.787430428378438,-0.25623399946991,-0.235873694700267,0.438308309617556,-0.456100157081347,-1.04081091231204,1.21491574306483,0.506284414628578,-0.0577540445727524,0.636555853722395,-0.0289163237264188,-0.311618420882743,0.284524147194798,0.108124755264993,0.257646059887304,-0.230186440520453,-0.194599276806805,-0.553014874368405,0.62683336492482,-1.12276628989655,-0.727056245012803,-0.634881244656977,-0.206586745627415,0.645988462881291,-0.921775606536035,-2.90746331440704,0.122398806929465,0.398631608578099,0.00247964748394463,0.334264449532987,-0.316041284245492
"k__Bacteria|p__Firmicutes|c__Erysipelotrichi|o__Erysipelotrichales|f__Erysipelotrichaceae|g__[Eubacterium]|s__dolichum",-0.282711343561262,-0.060698086920903,0.159111494133549,-0.187882938054584,-0.0994186614070717,1.16190992055168,0.831183787722718,0.58482013181847,0.0192655597950944,-0.0652514571932323,-0.00182135397747984,0.751589914149492,0.0298180908384608,0.0914829244590652,-0.392366691792425,-0.305192264663514,-0.330301318828395,0.0172948106875447,-0.329466595819601,-0.0853029017598648,0.110509493261084,-0.312233273660566,0.0151909238578873,-0.32986238389245,0.855886991846181,0.0844167145406954,0.788861271181746,0.0721015535306686,-0.0417360784234939,0.207683050284706,-0.238757338291164,-0.106533876376332,0.139011194241557,-0.225657769270051,0.0698463563074923,-0.247188070427473,0.777038669630115,0.0618962599336726,0.0703984946896106,-0.302837408787745,-0.244345401027377,-0.112361633979659,0.13662531581277,-0.239981394474398,0.144600975332342,-0.28515818147756,3.69549466025933e-05,0.87659789405649,-0.0758855845653844,0.223954916965491,-0.0997815136341838,-0.0173834125263538,-0.0913433364482834,0.0399956113924994,-0.238736206667527,0.0910308453883968,-0.262864035420862,-0.00186709902916596,-0.322778745391521,0.132462183939213,-0.25623399946991,-0.235873694700267,0.118132027533422,-0.0545555225989411,-0.317197406285379,-0.285009580606586,0.122196973185509,0.0115363015692971,0.135554547562072,-0.179820893115283,-0.311618420882743,0.0837451795823324,0.055840591598567,0.0833244065475297,-0.147199645258279,-0.194599276806805,-0.0661175784923633,0.146396998244177,-0.172043648198395,-0.0285516245960243,-0.188598547901306,-0.206586745627415,-0.330483647743229,-0.126806008900309,-1.04819026135729,0.0424650538620601,0.394077986278457,0.0134878812015092,0.0869093434291671,-0.125091036837236
"k__Bacteria|p__Firmicutes|c__Clostridia|o__Clostridiales|f__Lachnospiraceae|g__Roseburia|s__faecis",-0.282711343561262,-0.219277847468602,-0.0181526257011398,-0.253482580232793,-0.275259549371475,-0.293221895414971,0.773535540435017,0.559784274666296,-0.103004665729938,-0.0698764055196182,-0.0754053628001761,-0.325393662327074,-0.0995054950409176,-0.0371809013874262,0.139952475026884,-0.305192264663514,-0.330301318828395,-0.123676599338078,0.713075555755617,0.0559744011503716,-0.0839585646246733,1.00028256464822,-0.124926422290277,-0.32986238389245,-0.320719804356935,-0.138082105265153,-0.326964773804027,-0.057143807367589,-0.140635952733665,-0.104973868404364,-0.238757338291164,-0.200893430853692,-0.00352378952235006,-0.26206683817401,-0.290454242775831,-0.247188070427473,-0.324322470233261,-0.10939586240145,-0.0541113126613063,0.0396815458654217,-0.244345401027377,-0.212814873105246,0.000758557664302481,-0.261272119578008,-0.390879262195178,-0.28515818147756,-0.161342411617235,-0.317158282493748,-0.166171403318742,-0.226199760266169,0.14476801892329,0.127612790041126,0.081418875353345,0.115854015134466,0.0652445684989586,-0.0352493893582578,-0.262864035420862,-0.0857394979838827,-0.322778745391521,0.0884845666551813,-0.25623399946991,-0.235873694700267,-0.102197420913369,-0.160642241185182,-0.113666279540243,-0.285009580606586,-0.0633675666069982,-0.116561462199875,-0.0165460808027841,0.133850797143739,-0.311618420882743,-0.109365869049756,-0.0943808425113932,-0.0583795509297885,0.00394733759024005,-0.194599276806805,-0.204377239217229,-0.0186365231828731,-0.23143635662495,-0.273059641694095,-0.0833623114063365,-0.206586745627415,0.648515729892154,-0.204138766178959,0.0472676990417545,-0.075798589595838,-0.31196947064837,-0.0746251186655567,-0.0232737623744933,-0.029774060276996
"k__Bacteria|p__Firmicutes|c__Clostridia|o__unclassified|f__unclassified|g__unclassified|s__unclassified",-0.282711343561262,-0.494711716136873,0.922448241979787,-1.24790048567607,-0.909219794839513,1.24278807801229,0.88004936336897,0.718165507814332,0.0311260412731641,-0.694265201301724,0.0714967069698659,1.0821971154002,0.182586956052295,0.564248923247786,-1.88871231618124,-0.305192264663514,0.739904578472834,0.0855730800795795,1.04280527976731,-0.662793682125414,0.684131835576885,0.928899505616116,0.0367917533955673,0.775341852766907,0.920873170546823,0.332804565381346,-0.326964773804027,0.464542863565086,-0.223584731103488,0.357687280414241,-0.238757338291164,-0.7626399321181,0.893422461809474,-1.48243531230422,0.756255177869078,-0.247188070427473,0.789801270276488,0.308961405538174,0.415032245123335,-1.91570166376908,-0.244345401027377,-0.821842989878194,0.922549362605234,-1.56334042991767,0.901720402547006,1.36890636906447,-0.13405806995925,0.900077063985985,-0.496745904884005,1.66838472285645,-0.552674464467792,-0.167989603636211,-0.4178179075856,0.0655810626917142,-1.22088086884052,0.620087561397795,-0.262864035420862,-0.00965580590880209,0.781115376528198,1.27606978610845,-0.25623399946991,-0.235873694700267,0.689809664327332,-0.387690653679875,-1.9757449875444,-0.285009580606586,0.774005616742476,0.0858945559209007,0.820492419699173,-1.13413976878365,0.938337539872024,0.545115596617332,0.297478272654044,0.401000647422358,-0.930570452737563,-0.194599276806805,-0.493023577835395,0.826791414696554,-1.16878503148401,0.0761212097748924,-1.15856146637452,-0.206586745627415,0.649776972271597,-0.879882779915531,-6.3547713427066,0.0828368586822448,0.40403396563713,0.116259123151515,0.438947945589426,-1.30319863122241
"k__Bacteria|p__Firmicutes|c__Clostridia|o__Clostridiales|f__Lachnospiraceae|g__Lachnospira|s__unclassified",-0.282711343561262,-0.37679351008105,0.296547253568078,-0.655677914475592,-0.511442692876507,-0.293221895414971,-0.325836589437209,0.569589411438739,-0.0747655930267116,-0.323984186234163,-0.0855659340348933,-0.325393662327074,-0.0234243486916969,0.170910116934644,-0.819944881024082,-0.305192264663514,1.3546231798868,-0.064212654075293,0.71432207928539,-0.267891801168592,0.179843806621856,-0.312233273660566,-0.0824950913299268,0.781865674578445,-0.320719804356935,0.0269528478750891,-0.326964773804027,0.0955721792808767,-0.188253344476943,0.243224284563268,-0.238757338291164,-0.434173671318848,0.305607179462601,-0.723785500144335,0.123093010254294,-0.247188070427473,-0.324322470233261,0.016249568746076,0.0817931129810654,-0.773489872880107,-0.244345401027377,-0.467176999101941,0.318024146237346,-0.762032660186844,0.17847251074984,1.21290658170475,-0.193478234575518,-0.317158282493748,-0.314581272171703,0.569823897924941,-0.11011509769473,0.0651895227220428,-0.0960399316423052,0.120057467014256,-0.554948436209294,0.181363077706173,-0.262864035420862,-0.0593753265398404,0.772155959498903,0.488109371924556,-0.25623399946991,-0.235873694700267,0.158725309065704,-0.278332304578202,-0.865762700945166,1.22086310373395,0.22316397681047,-0.0620404516534002,0.288817247427065,-0.449556824435057,-0.311618420882743,0.0929236531913668,0.00096357547390294,0.0930342113978724,-0.409955601922118,-0.194599276806805,-0.334049324174708,0.269973931481883,-0.605576366798117,-0.173517379537051,-0.584734435665831,-0.206586745627415,-0.330483647743229,-0.458881065276513,-2.65638757155616,-0.0318792717644924,0.392848459930337,-0.0152257552622194,0.147943884987661,-0.458917683079209
"k__Bacteria|p__Firmicutes|c__Clostridia|o__Clostridiales|f__Veillonellaceae|g__unclassified|s__unclassified",-0.282711343561262,-0.60499421028036,0.636185203833143,-1.20135298269231,-1.07616766542887,-0.293221895414971,-0.325836589437209,0.5644945676802,-0.0772716632933975,-0.42135802841272,0.0422788094904473,-0.325393662327074,-0.00383090650429889,0.356868294005412,-0.793572070981298,1.03674010820805,0.715609366157089,-0.0741565568618764,0.830452269941081,-0.0796923661748754,0.388839729987315,0.965514742832841,-0.128411869947323,0.813547736847244,1.03087147505088,0.04411909565677,1.02164843469186,0.25743619526495,-0.292360588669037,-0.044554239787835,-0.238757338291164,-0.757585790718524,0.646459393171277,-1.35251205407911,-0.274317889237565,-0.247188070427473,0.769184504960187,0.0826015732407038,0.22727409790487,-0.854087597911609,-0.244345401027377,-0.804007659657392,0.659535970801095,-1.42924651615321,-0.246218687245896,-0.28515818147756,-0.272543412012716,-0.317158282493748,-0.536001888745303,0.472103261538605,-0.174813252818111,0.012561143900621,-0.189661159244272,0.128062203882768,-0.470938824338235,0.357869098399583,-0.262864035420862,-0.11329257690335,0.954622954965562,0.743967211178366,-0.25623399946991,-0.235873694700267,0.386461073507636,-0.46862709430907,-1.22076951418867,-0.285009580606586,0.457840736119243,-0.0750330032902388,0.582436708468729,-0.315939983429772,-0.311618420882743,0.254699273740576,0.0679405107033443,0.229854670316286,-0.37751993307997,-0.194599276806805,-0.580918433101481,0.57183495913329,-1.08238145756571,-0.519594095609218,-0.769602067092959,-0.206586745627415,0.648326406259553,-0.898588707688135,-3.45332098641121,0.0658339155143618,0.39985404924543,-0.0130043792577616,0.308240900750175,-0.471696069165443
"k__Bacteria|p__Firmicutes|c__Clostridia|o__Clostridiales|f__Lachnospiraceae|g__[Ruminococcus]|s__unclassified",-0.282711343561262,-0.215559264304782,0.598560498345343,-0.716071718194467,-0.915499675750945,-0.293221895414971,0.771493032888201,0.601989443580532,0.0631085015793345,0.119729554302646,0.447258055508109,-0.325393662327074,0.139084255046638,0.292404594250055,0.779140775694973,-0.305192264663514,0.733192895473503,0.113739811948645,0.736741470401091,0.679926981371616,0.44837708669611,-0.312233273660566,0.0718157783404883,0.709391562402953,0.857142215102613,0.151576495987824,0.832046462792316,0.331957500276619,-0.0878270791136294,-0.317284226191987,-0.238757338291164,-0.335687967886841,0.579419185368726,-0.847965440763046,-1.32362852946484,-0.247188070427473,-0.324322470233261,0.238071514857214,0.246730977943027,0.638197709564393,-0.244345401027377,-0.343920928801395,0.586688702636512,-0.878110885317047,-1.41179447506461,-0.28515818147756,0.0680043864116666,0.876121688993573,-0.25435788887877,-0.755535320236218,-0.173404749672059,-0.208057074388669,-0.290126686785424,-0.0152746999388833,0.399220423070361,0.310133983627625,-0.262864035420862,0.0346794961661425,0.790129173414326,0.253923474090856,1.58164419909972,-0.235873694700267,0.460505831863646,-0.200326460942335,0.0152504472065383,1.23750942275191,0.428990761341501,0.0962238513466785,0.512572865805906,0.841362548796654,0.93647844886074,0.323617226369837,0.2203402847726,0.27100876956786,0.429686548778486,-0.194599276806805,-0.178456373599177,0.538817566335153,-0.649327339306173,-0.99226978655978,0.118279499474015,-0.206586745627415,0.656247298331871,-0.571625719885543,0.446923911595651,0.337521845470234,0.388268366487927,0.0988464046759974,0.282467206307831,0.537472425974457
"k__Bacteria|p__Firmicutes|c__Clostridia|o__Clostridiales|f__Lachnospiraceae|g__unclassified|s__unclassified",1.29061675321135,-0.34974275124614,1.36192545065729,-1.40430053134789,-1.29774604961622,1.23310260307233,1.17348007451087,0.763299348389233,0.186019382261889,-0.402500028084286,0.532642111297849,1.43263132821798,0.371496739489354,0.770891582466804,-1.09684197993908,1.03268124926208,0.897903625312088,0.286004614533778,0.868965375158292,0.0628517747471009,1.0735999182883,1.17607050391692,0.221941491056205,1.05622270592125,1.21756131463453,0.59938236269726,-0.326964773804027,0.759697026024341,-0.145828276861645,0.216440390853136,-0.238757338291164,-0.711743745176927,1.28079110343033,-1.721115516895,-0.331044478401027,-0.247188070427473,1.05365295278426,0.580842810195242,0.655983897229539,-1.02229737391662,-0.244345401027377,-0.772717968798146,1.30362224441444,-1.81307834715081,-0.206498397984399,1.20128392681005,0.133058384731503,1.0292078625196,-0.468359130604197,0.911094283230347,-0.774352099778953,-0.446521645166747,-0.690209617396555,-0.0650684363885188,-0.845997067288896,0.828809216399447,1.72743009022493,0.117027311431755,1.04026432466063,1.0724363378055,-0.25623399946991,-0.235873694700267,1.09079696818916,-0.308912870824352,-1.44556967458949,1.29206880399437,1.12488322112167,0.274414683431555,1.14516173037578,-0.232628176638897,0.939575016529848,0.866567666955125,0.556560817967708,0.650114451326698,-0.272569398586674,-0.194599276806805,-0.359878823707897,1.22291763770459,-1.29494887285603,-0.608456546981705,-0.707607898208271,-0.206586745627415,0.828917332459599,-1.0584517330802,-4.91836152888441,0.456082338236255,0.566646308099783,0.276126798856308,0.624821064266673,-0.653059167275284
"k__Bacteria|p__Firmicutes|c__Clostridia|o__Clostridiales|f__Ruminococcaceae|g__Oscillospira|s__unclassified",1.35870675820565,0.124508897766737,0.655250234099809,-0.290621718084671,0.0684015365731199,1.16159318324492,0.790061683256364,0.751845496726939,0.224770348749635,-0.511651859513254,0.0327615084769934,0.835100867678484,0.311693085914723,0.418557475646836,-2.28283361103071,-0.305192264663514,0.731210267595042,0.278481681984357,-0.329466595819601,-0.948481640132736,0.619930813486189,0.930881255120032,0.268008706442961,0.761234414861492,0.913045094175289,0.560744588509439,0.995889569622011,0.449417783737326,0.0761378844672171,0.762879088425608,-0.238757338291164,-0.148396572049941,0.571313744263714,-0.474311572789003,1.73611991806453,-0.247188070427473,0.788070477314485,0.427660589726568,0.399282308263293,-1.99098233222997,-0.244345401027377,-0.14638277231188,0.574169706315091,-0.500175643606308,1.95474200212906,1.25019815879278,0.189663177687381,0.877359350787166,0.00191344820748824,2.18914896028356,-0.744454939503036,-0.318711168600556,-0.430805009981653,-0.157540374907599,-1.54240440421718,0.512577686319965,-0.262864035420862,0.159227926223508,0.77372285607045,0.788393986414311,-0.25623399946991,-0.235873694700267,0.606364552225043,0.113293023938982,-1.53307346149477,-0.285009580606586,0.677324776997456,0.305027121350427,0.541867145282114,-1.46973167568352,0.941428364967113,0.603750314490235,0.407790369791611,0.378675816998164,-0.943319971455689,-0.194599276806805,0.0505538833026726,0.586521247425645,-0.301370050439077,0.890324131263357,-0.834465100459016,1.99259464186539,0.753943242676886,-0.172848016169035,-5.83184930303163,0.0801718156225932,0.419383725903947,0.236632508645699,0.301614958020649,-1.47572216411499
"k__Bacteria|p__Firmicutes|c__Clostridia|o__Clostridiales|f__Lachnospiraceae|g__[Ruminococcus]|s__gnavus",-0.282711343561262,0.0100394416000279,0.59561697371134,-0.434472783342338,-0.673614846303687,-0.293221895414971,0.811570972484211,0.563779213639255,0.136386692685917,0.227732384519969,0.551056263703352,-0.325393662327074,0.241307566180838,0.335279253684609,0.852667071957876,1.02246143624572,0.72683460022418,0.203034097534726,0.824612147107926,0.740786171892289,0.489320892154401,0.957739397457142,0.181002383105827,-0.32986238389245,0.848427840761527,0.262314277080066,-0.326964773804027,0.367085697021858,0.019386345739108,-0.325454167770057,-0.238757338291164,-0.10126244622701,0.536850830056355,-0.540330642667853,-1.31497096312286,-0.247188070427473,-0.324322470233261,0.334402035283246,0.287989637463975,0.863998935470428,-0.244345401027377,-0.103871744843386,0.556535714718736,-0.568903720262815,-1.41481310323433,-0.28515818147756,0.233910343571944,0.885319834304357,-0.0808435232582001,-0.857324728178956,-0.253353386251095,-0.3213010679829,-0.366893520641153,-0.119580785218998,0.420870382344644,0.314006993838798,1.59470508903765,0.122260168601771,-0.322778745391521,0.0428440866781639,1.80465467435214,1.73781822628815,0.516148997279591,-0.0174576298072393,0.33519271895397,-0.285009580606586,0.469602424296302,0.205474083717582,0.473807566203758,0.90627623391177,0.946353900038567,0.40173555471656,0.315979003613192,0.308653716076346,0.612209032223872,-0.194599276806805,0.0237168342123144,0.545576071546601,-0.390618365309044,-0.870247319482718,0.366499568051904,-0.206586745627415,0.660059592712364,-0.359962814050931,1.12837121779326,0.437713692285914,0.394955294752454,0.155295196317927,0.277403647256151,0.825273900750824
"k__Bacteria|p__Firmicutes|c__Clostridia|o__Clostridiales|f__Lachnospiraceae|g__Roseburia|s__unclassified",-0.282711343561262,-0.329224191519138,0.0630320908496478,-0.442061343552801,-0.333134703820307,-0.293221895414971,0.766368437333982,0.549259887161983,-0.121880597704863,-0.175258635676899,-0.131096914748929,0.773191232323185,-0.113203417621371,0.0397679285861481,-0.373900711356877,-0.305192264663514,-0.330301318828395,-0.136502700568127,0.716126782893697,-0.113070503423428,-0.0175650140256747,-0.312233273660566,-0.139934000448551,0.725147596411689,-0.320719804356935,-0.14141940213671,-0.326964773804027,-0.0209680629449462,-0.162545124097752,-0.103234598284251,-0.238757338291164,-0.32862085394912,0.112366927831095,-0.466755133396504,-0.0962056181242593,-0.247188070427473,-0.324322470233261,-0.107902436181661,-0.0231065137530734,-0.324330499804185,-0.244345401027377,-0.342481629009373,0.111869291351497,-0.465109716111983,-0.125771065188998,-0.28515818147756,-0.21695077873888,-0.317158282493748,-0.235103176747451,0.109544454387834,0.0887323883696109,0.125687380044574,0.0518839123895618,0.111876893776844,-0.0770287868775287,0.00287961128224503,-0.262864035420862,-0.104544646294274,0.771064494644905,0.175514382509317,-0.25623399946991,-0.235873694700267,-0.0211234976618149,-0.243699635006231,-0.433618650882375,-0.285009580606586,0.00815244613954381,-0.136780046462082,0.104640720572355,-0.198220725647132,-0.311618420882743,-0.0573653197733898,-0.103918641721182,-0.0157738854130718,-0.153789388086972,-0.194599276806805,-0.309904144162854,0.0835199784477865,-0.412305554405,-0.180879630576768,-0.332558651992538,-0.206586745627415,-0.330483647743229,-0.316193489944907,-1.08805498256237,-0.0924738568368404,-0.31196947064837,-0.0903102008811021,0.0415616944119785,-0.166087935512816
"k__Bacteria|p__Firmicutes|c__Clostridia|o__Clostridiales|f__Lachnospiraceae|g__Blautia|s__unclassified",-0.282711343561262,0.143860748066646,1.53556660588598,-0.927303843700417,-0.911947257559114,1.24991861591811,1.20368118809821,0.70617967474415,0.420176421225112,-0.257699335309402,0.794071886214518,1.65961069906939,0.631688352962835,0.90291462478424,-1.12671848485159,1.02410364127446,1.44606842570785,0.567850103900191,1.55491944798121,0.0209008348665481,1.33784825389249,1.01148655022174,0.527652405453072,1.19373953836727,1.4180987421267,0.940848525010875,1.42051296654657,0.979250694353912,0.109261987725304,0.381672873442152,1.76981969082826,-0.289009502999685,1.36377046886979,-1.25110503755539,0.177991244304414,-0.247188070427473,0.778963474535975,0.90094504944861,0.83998305642165,-0.962707620037559,-0.244345401027377,-0.353500726043304,1.36232482515655,-1.36717586396783,0.268369149226,1.26555182175898,0.522390843678662,1.05713762146741,-0.13608698334674,1.22215816448799,-1.1499481045719,-0.797847668802617,-0.933471902380704,-0.317474140856192,-0.968428779811725,1.00690535576398,2.17290775842742,0.329627675277174,0.86965044929958,1.02736178439853,2.11066652747083,1.83459686867619,1.35004822780215,0.0809544189543748,-1.20399726160662,1.34340138992326,1.35101804199399,0.584255721057152,1.2191344180594,-0.307781955456342,0.965214436645037,1.18148708960343,0.869387656622243,0.821375006946088,-0.208975059323183,-0.194599276806805,0.0698917545955193,1.38988413053089,-0.881433744652124,-0.187176566942014,-0.419221462121513,-0.206586745627415,0.789368610803663,-0.694963544251935,-4.70998342587725,0.692075522011032,0.761086852467884,0.459014167149771,0.697618775939746,-0.485295177884076
"k__Bacteria|p__Firmicutes|c__Clostridia|o__Clostridiales|f__Peptostreptococcaceae|g__unclassified|s__unclassified",-0.282711343561262,-0.0501087506591908,0.140722920190612,-0.153204727172638,-0.188257399899286,1.17886644874647,1.01443765243894,0.56908109356154,0.00982613323810399,0.0500965309243495,0.0707489447095914,0.774404682192209,0.042673586849943,0.0950254518610106,-0.00106694845704999,-0.305192264663514,0.7324003159573,0.0409489484970088,-0.329466595819601,0.116113933178139,0.102675757925069,-0.312233273660566,0.0247781435982674,-0.32986238389245,-0.320719804356935,0.0474926114325169,-0.326964773804027,0.0696192786544042,-0.00343687889257077,-0.0879082488720573,-0.238757338291164,-0.0614071655394556,0.129958383298832,-0.176218409698084,-0.254255555099681,-0.247188070427473,0.779487778970794,0.0539323883224333,0.0549784618669326,0.0960669320287931,-0.244345401027377,-0.0825823806281328,0.130472585396556,-0.185278081274196,-0.312291497821596,-0.28515818147756,0.0236586549776741,-0.317158282493748,-0.0681264521821161,-0.147265706303704,-0.0644458661892886,-0.072282372244777,-0.0499652345190441,-0.0393067204458154,-0.00490317102596156,0.0499792802204364,-0.262864035420862,0.0123982504347472,0.77976303812942,-0.0822140524254651,-0.25623399946991,-0.235873694700267,0.102060483444678,-0.0283567806094066,0.00752634849742935,-0.285009580606586,0.0979800643035228,0.0126645837577636,0.118774351437845,0.138204139469066,0.944509666291188,0.0924691744185676,0.0453357675888426,0.0715329321530771,0.155463423521111,-0.194599276806805,-0.0377826132619258,0.109730784124416,-0.127681533448597,-0.192915827252981,0.0223064851136409,-0.206586745627415,-0.330483647743229,-0.100837014143955,0.0220239675111407,0.0773330480126722,-0.31196947064837,0.0323711075330524,0.04719877780608,0.140906261175355
"k__Bacteria|p__Firmicutes|c__Clostridia|o__Clostridiales|f__Ruminococcaceae|g__Faecalibacterium|s__unclassified",-0.282711343561262,-0.43522286418775,0.143545283071109,-0.641303135433356,-0.556845874697482,-0.293221895414971,-0.325836589437209,0.680313527225692,-0.145245571891691,-0.26254988152021,-0.100158646418543,-0.325393662327074,-0.125925844102091,0.072841456403091,-0.281156814981439,-0.305192264663514,0.895885736893304,-0.157898219653106,0.716748340069747,-0.0814644661997561,0.0392395127167884,-0.312233273660566,-0.182307014747118,0.990579510616059,-0.320719804356935,-0.165808878775985,-0.326964773804027,0.00498918467853288,-0.211037695274924,-0.134263683300235,-0.238757338291164,-0.468326581343421,0.188645177843172,-0.663126478119384,-0.179759792372637,-0.247188070427473,-0.324322470233261,-0.110123056084471,-0.0129571860797146,-0.435481672770739,-0.244345401027377,-0.49304977167447,0.192799543603327,-0.711954753455471,-0.163100805008289,-0.28515818147756,-0.283380685907213,-0.317158282493748,-0.330906772766628,0.159686469471057,0.123343176919069,0.133120677186152,0.036985594364027,0.162077976169148,-0.0768989426112216,0.0596991146296813,-0.262864035420862,-0.140451885119667,0.831322887870337,0.403049216585377,-0.25623399946991,-0.235873694700267,0.0147697454397559,-0.332326245439065,-0.617124756571268,-0.285009580606586,0.0628394770645268,-0.168502113591644,0.182561986724482,-0.170614171377226,-0.311618420882743,-0.0353862452989915,-0.0980055715691164,-0.0155258712842395,-0.246184818704307,-0.194599276806805,-0.411002544669312,0.145812701194283,-0.578052517229069,-0.292413089286638,-0.482499631954969,-0.206586745627415,-0.330483647743229,-0.500303207488887,-1.61746580048448,-0.078986704199073,0.553711728959607,-0.0942299818340296,0.0875492772533365,-0.251257644281258
"k__Bacteria|p__Firmicutes|c__Clostridia|o__Clostridiales|f__Lachnospiraceae|g__Coprococcus|s__unclassified",-0.282711343561262,0.127775339278906,0.581407238731645,-0.284927279259523,-0.487951265213082,1.17340270576874,0.783349272583409,0.551332241032537,0.196143361049382,0.285596952037958,0.542862058560948,0.769298268090415,0.260493563177814,0.321037682110201,0.808466423797534,-0.305192264663514,0.72683460022418,0.244278702617788,0.905329922371412,0.694387854046786,0.520367033733329,0.929147439186458,0.225741741931234,0.71188761671632,-0.320719804356935,0.307138952376348,-0.326964773804027,0.390431619142838,0.0831830839189581,-0.358242347666083,-0.238757338291164,0.0116895931351664,0.517930858034853,-0.414075449038319,-1.18724214248126,-0.247188070427473,0.827028869342616,0.372347477240372,0.321102146669273,0.891399718766389,-0.244345401027377,-0.00718535560700516,0.533504282568279,-0.410009402365645,-1.31761290851919,-0.28515818147756,0.316474233885324,-0.317158282493748,0.0124621365311035,-0.818277835060198,-0.324327992144027,-0.375456041672104,-0.378833421080549,-0.177524117853792,0.432509140509058,0.313342040968172,1.47786415270747,0.155138031857024,0.776238375423572,-0.0894267853175368,1.59715862152101,1.69433445544211,0.531494805616474,0.0837591619364412,0.424044177600914,-0.285009580606586,0.477645135577008,0.255835716734101,0.450510491399174,0.887548390681331,0.937718226813277,0.43029208240237,0.34769169477359,0.320088265766943,0.669434278442263,-0.194599276806805,0.112351051935541,0.540627772029311,-0.244102752390534,-0.779530349569745,0.431860844525092,-0.206586745627415,-0.330483647743229,-0.244048923083324,1.34759814839011,0.486034570570129,0.386678049414758,0.192780470217177,0.252566342737352,0.875861072846085
"k__Bacteria|p__Firmicutes|c__Erysipelotrichi|o__Erysipelotrichales|f__[Coprobacillaceae]|g__unclassified|s__unclassified",-0.282711343561262,-0.433773975675982,0.92555082746169,-1.14161704343958,-0.658160847821796,-0.293221895414971,0.793401067683584,0.813118315630499,0.0716464586469685,-1.04961235197608,-0.153324606608127,0.840450624057455,0.192437971548623,0.561852448561101,-3.19395364243554,1.02081652994298,0.797993665434467,0.128021275514671,0.922775227935658,-1.288577511786,0.714465527633885,0.933303558213866,0.0650484354376948,0.830618752222598,0.861887341544615,0.478184859255499,-0.326964773804027,0.477426152884293,-0.182543842095531,0.979627319345903,1.88481512796314,-0.750363479801473,0.845055372169142,-1.37754032955805,2.13329654832852,-0.247188070427473,0.779837162603402,0.334303147441973,0.436827302975002,-3.07946381769237,-0.244345401027377,-0.839322819191462,0.883859510630675,-1.4580211872525,2.37306405996396,1.62203071724854,-0.150561308126719,0.934989795667455,-0.445379967471365,2.94590621934159,-0.76682992385093,-0.131049763193406,-0.437702191409157,0.0449087942431775,-2.21741094631287,0.676975399660066,1.88785683891759,0.0158613746674972,-0.322778745391521,1.49180550192112,-0.25623399946991,-0.235873694700267,0.684586279669009,-0.300224784111194,-2.69675621049823,-0.285009580606586,0.831821979736426,0.118497378100282,0.814425369174053,-2.06535448652626,-0.311618420882743,0.583815142349759,0.32302191455954,0.40723476143678,-1.51299180223007,-0.194599276806805,-0.470120394554705,0.82304007093433,-1.07510123564035,0.849254240703934,-1.5969224540836,-0.206586745627415,0.703036576344087,-0.770545312542378,-9.14050866249719,-0.0959394504595905,0.40975297086955,0.152578162128481,0.407012198197338,-2.38002783394614
"k__Bacteria|p__Bacteroidetes|c__Bacteroidia|o__Bacteroidales|f__[Odoribacteraceae]|g__Butyricimonas|s__unclassified",-0.282711343561262,-0.100085740475248,-0.368347740260668,0.149583144877602,0.155695704322342,-0.293221895414971,-0.325836589437209,-0.332710799618895,-0.130866612207709,0.0420379709951628,-0.194549395522564,-0.325393662327074,-0.190207243602478,-0.232188604739021,0.40777704529861,-0.305192264663514,-0.330301318828395,-0.183188074403552,-0.329466595819601,0.0484388808645327,-0.344666254355564,-0.312233273660566,-0.162693697745898,-0.32986238389245,-0.320719804356935,-0.279115244037338,-0.326964773804027,-0.267526312934505,-0.0582648163263589,-0.17677158717883,-0.238757338291164,0.0188861982439809,-0.323235011675027,0.230541651362878,-0.157897622481179,-0.247188070427473,-0.324322470233261,-0.244656070275884,-0.218543516436018,0.311359497181947,-0.244345401027377,0.022162905955967,-0.332774791453528,0.265290806036149,-0.198960641062205,-0.28515818147756,-0.166045342706972,-0.317158282493748,-0.00344226996992965,-0.412488346871276,0.363776982987252,0.235071856207312,0.232766222662399,0.135558040558498,0.496777446531455,-0.273897415102976,-0.262864035420862,-0.108877563721816,-0.322778745391521,-0.315853557894673,-0.25623399946991,-0.235873694700267,-0.357571959957042,-0.0624647839811441,0.310182900482475,-0.285009580606586,-0.351015150847798,-0.190325463287119,-0.291045516636826,0.145531939046305,-0.311618420882743,-0.332663003604569,-0.249608811227692,-0.223209998362188,0.0904450262362645,-0.194599276806805,-0.0790224844686483,-0.328112729881128,0.14954494477638,-0.0505183737841032,0.0941428757141841,-0.206586745627415,-0.330483647743229,0.112619043039934,1.30080514117573,-0.158846519960987,-0.31196947064837,-0.133362473595979,-0.166955698662095,0.331033818443429
"k__Bacteria|p__Bacteroidetes|c__Bacteroidia|o__Bacteroidales|f__Bacteroidaceae|g__Bacteroides|s__caccae",-0.282711343561262,-0.0367146081752194,-0.33384073157666,0.195836595110788,-0.0224109754131573,-0.293221895414971,-0.325836589437209,-0.332710799618895,-0.104534344445682,0.357757739765009,0.0113383850957342,-0.325393662327074,-0.14381438895345,-0.209277432157484,1.31429913934311,-0.305192264663514,-0.330301318828395,-0.129545320857281,-0.329466595819601,0.583520551407896,-0.299316904666029,-0.312233273660566,-0.105089484560995,-0.32986238389245,-0.320719804356935,-0.266554186129563,-0.326964773804027,-0.227499135616127,-0.0203275585042989,-0.452468427455078,-0.238757338291164,0.0940367713683591,-0.295632590183592,0.260879168202504,-1.10224720521832,-0.247188070427473,-0.324322470233261,-0.199948084563336,-0.209440676253747,1.23035375634842,-0.244345401027377,0.135946681609209,-0.29190907450727,0.290953244535667,-1.26587718125579,-0.28515818147756,-0.064052548663844,-0.317158282493748,0.0193587328850516,-1.35158487593287,0.383043677745131,0.143961550727401,0.208966312646635,0.0669838410037846,0.916488244999388,-0.296037433751778,-0.262864035420862,-0.0870238883232097,-0.322778745391521,-0.62499937097329,-0.25623399946991,-0.235873694700267,-0.306821781562851,-0.0215135440459735,0.951768923637987,1.2155579301927,-0.33594192882788,-0.154981678498138,-0.239201844984135,0.928913682452308,-0.311618420882743,-0.274466226161436,-0.205281927876655,-0.196525493581424,0.634954853501616,-0.194599276806805,0.00018929972607894,-0.292681697287066,0.181962724173939,-0.598041481147043,0.555731496893556,-0.206586745627415,-0.330483647743229,0.1228069212584,3.56808029374738,0.010442786720681,-0.31196947064837,-0.127692515493163,-0.146107632876671,1.01185172807029
"k__Bacteria|p__Bacteroidetes|c__Bacteroidia|o__Bacteroidales|f__S24-7|g__unclassified|s__unclassified",-0.282711343561262,-0.100731139632275,-0.344139725810172,0.114908674289235,0.14833455220241,-0.293221895414971,-0.325836589437209,-0.332710799618895,-0.134660402275763,0.0183004857372558,-0.221300682608998,-0.325393662327074,-0.181767405370802,-0.20728395601439,0.183807850705269,-0.305192264663514,-0.330301318828395,-0.180376967168298,-0.329466595819601,-0.0182278656615271,-0.334908611987366,-0.312233273660566,-0.151625963903159,-0.32986238389245,-0.320719804356935,-0.248578446269607,-0.326964773804027,-0.248603464319325,-0.0740010151965218,-0.0914439901315728,-0.238757338291164,-0.00555278658809397,-0.300902644199712,0.194078925832778,-0.0861537100461685,-0.247188070427473,-0.324322470233261,-0.25115819579775,-0.191770772136034,0.18463149936412,-0.244345401027377,0.0208721266969566,-0.325643221278198,0.22673012472879,-0.148345324206798,-0.28515818147756,-0.164950117183633,-0.317158282493748,-0.028844935688261,-0.318567591498882,0.297372241767785,0.23777795287284,0.232957384000288,0.125707013206891,0.197720426646662,-0.252229018559506,-0.262864035420862,-0.120712077189117,-0.322778745391521,-0.345604085144008,-0.25623399946991,-0.235873694700267,-0.343336033271222,-0.0682283463857833,0.212694648066768,-0.285009580606586,-0.322073945124113,-0.191885507791986,-0.270523108769751,0.060119989798366,-0.311618420882743,-0.310824013684056,-0.234655455122715,-0.226837438305461,0.0642056710219984,-0.194599276806805,-0.0638596886917084,-0.304390763063449,0.123696385679561,-0.012000423612462,0.040103903203839,-0.206586745627415,-0.330483647743229,0.131151528014033,0.975349263599449,-0.181481706052853,0.411307039820271,-0.132319987042048,-0.145993139039466,0.111774608540215
"k__Bacteria|p__Bacteroidetes|c__Bacteroidia|o__Bacteroidales|f__Prevotellaceae|g__Prevotella|s__stercorea",-0.282711343561262,-0.0674272749392487,-0.408494839238477,0.205302613680974,0.0952370579030679,-0.293221895414971,-0.325836589437209,-0.332710799618895,-0.134403864000282,0.172590381256706,-0.172174323166836,-0.325393662327074,-0.192576878912076,-0.243675948559342,0.582591252045636,-0.305192264663514,-0.330301318828395,-0.178837756668242,-0.329466595819601,0.195650520024491,-0.375116396760928,-0.312233273660566,-0.156106847528534,-0.32986238389245,-0.320719804356935,-0.295124889933948,-0.326964773804027,-0.286141791940705,-0.0473028126915448,-0.195994018706963,-0.238757338291164,0.0702177582900176,-0.353191612585334,0.295829669583574,-0.480275571961353,-0.247188070427473,-0.324322470233261,-0.257662644247717,-0.234052747634371,0.605795091998568,-0.244345401027377,0.0893673300307905,-0.346392491367204,0.327654211796773,-0.536555019419716,-0.28515818147756,-0.146275757419695,-0.317158282493748,0.0181595552409893,-0.698817412043777,0.374443086354406,0.228567609068383,0.297758994383903,0.0696330211682339,0.552777084124276,-0.310985437976011,-0.262864035420862,-0.112714505318968,-0.322778745391521,-0.478552108662386,-0.25623399946991,-0.235873694700267,-0.379617326208807,-0.0511466687906534,0.529177098606869,-0.285009580606586,-0.373686137101452,-0.1761882276339,-0.322250195637028,0.382020824888822,-0.311618420882743,-0.34255994051148,-0.268955708165222,-0.227442916805302,0.296355234664884,-0.194599276806805,-0.0298567573492588,-0.375799921219551,0.1861191219299,-0.205034579666616,0.231645331374829,-0.206586745627415,-0.330483647743229,0.139097979367924,1.98048586496962,-0.140130218672519,-0.31196947064837,-0.139269243225726,-0.183845743955268,0.453356706118701
"k__Bacteria|p__Bacteroidetes|c__Bacteroidia|o__Bacteroidales|f__[Paraprevotellaceae]|g__[Prevotella]|s__unclassified",-0.282711343561262,-0.0881482506135135,-0.384149988099176,0.170637958952571,0.095783861371861,-0.293221895414971,-0.325836589437209,-0.332710799618895,-0.138344931605031,0.0739894279009229,-0.178191052922076,-0.325393662327074,-0.187056449425217,-0.238641207849336,0.477515298529793,-0.305192264663514,-0.330301318828395,-0.192405022083289,-0.329466595819601,0.113759913671734,-0.367142728357658,-0.312233273660566,-0.161313331366278,-0.32986238389245,-0.320719804356935,-0.299243850969776,-0.326964773804027,-0.255159451781636,-0.0728040776313115,-0.239847915917515,-0.238757338291164,0.0228778580028479,-0.347717422510973,0.232207294024749,-0.23632572110256,-0.247188070427473,-0.324322470233261,-0.261019747715302,-0.228711456236214,0.397476957320141,-0.244345401027377,0.0364714800103684,-0.34108114830438,0.249969106234922,-0.353142310792757,-0.28515818147756,-0.16976685491682,-0.317158282493748,-0.0104733553481221,-0.507757741328084,0.354876275872208,0.219462009519635,0.259002607886022,0.101687506148948,0.443886661702625,-0.273737755810927,-0.262864035420862,-0.105244316782556,-0.322778745391521,-0.333367957356066,-0.25623399946991,-0.235873694700267,-0.371535005756259,-0.0663815486639401,0.385841848462876,-0.285009580606586,-0.370211621000509,-0.182565838764013,-0.294100034714897,0.220040603903969,-0.311618420882743,-0.340209785725458,-0.238686937600478,-0.21423771758806,0.148497142856999,-0.194599276806805,-0.0646102930597132,-0.336874103736464,0.169178760488405,-0.108846201166116,0.154808943921881,-0.206586745627415,-0.330483647743229,0.126035021123839,1.5752324579328,-0.160577195515837,-0.31196947064837,-0.143707633825112,-0.170477362467523,0.318455071454138
"k__Bacteria|p__Bacteroidetes|c__Bacteroidia|o__Bacteroidales|f__[Barnesiellaceae]|g__unclassified|s__unclassified",-0.282711343561262,-0.265608521048536,-0.219516006226577,-0.192748362709071,-0.125245824565894,-0.293221895414971,-0.325836589437209,-0.332710799618895,-0.156710545010416,-0.137137177401775,-0.230418527784151,-0.325393662327074,-0.191268883620013,-0.117879779552149,-0.109395741271177,-0.305192264663514,-0.330301318828395,-0.203403887443039,-0.329466595819601,-0.120035853546294,-0.241847533760113,-0.312233273660566,-0.204072182238383,-0.32986238389245,0.850534645199867,-0.250399964259218,-0.326964773804027,-0.194234506561074,-0.155745418064162,-0.044113825579547,-0.238757338291164,-0.205296653438369,-0.155986411243208,-0.146676004667475,-0.00699577323134159,-0.247188070427473,-0.324322470233261,-0.223705212582537,-0.161606020002888,-0.186716486884715,-0.244345401027377,-0.223716544693895,-0.133989280571533,-0.143620095453251,-0.0161142297993389,-0.28515818147756,-0.262189176490962,-0.317158282493748,-0.167116865024225,-0.0491178645299417,0.258934959016714,0.23569366731024,0.187496160575991,0.141576200095799,0.000188823757055713,-0.165548504358129,-0.262864035420862,-0.1399607268564,-0.322778745391521,0.0423842499990465,-0.25623399946991,-0.235873694700267,-0.269121218567083,-0.190792763584333,-0.196901490714837,-0.285009580606586,-0.205574565134832,-0.21122193664642,-0.120580904670692,-0.150598553292356,-0.311618420882743,-0.260163782184576,-0.2167804158277,-0.143854439987624,-0.175877621229565,-0.194599276806805,-0.242431669649229,-0.193029139289422,-0.159027856570185,-0.0857327812088281,-0.203595128756916,-0.206586745627415,-0.330483647743229,-0.12436808201505,-0.241990272093398,-0.195513769944131,0.389856158467866,-0.142268206920376,-0.0975594181719217,-0.0827221137341012
"k__Bacteria|p__Bacteroidetes|c__Bacteroidia|o__Bacteroidales|f__[Paraprevotellaceae]|g__Paraprevotella|s__unclassified",-0.282711343561262,-0.190806582031736,-0.235874886745894,-0.0516766709249051,-0.0441314816549189,-0.293221895414971,-0.325836589437209,-0.332710799618895,-0.126826851546255,-0.0137959106626457,-0.159871659629703,-0.325393662327074,-0.167151252255928,-0.148609947431103,0.211931420298798,-0.305192264663514,-0.330301318828395,-0.160721849814087,-0.329466595819601,-0.00476654962814293,-0.260880739554852,-0.312233273660566,-0.171551148816089,-0.32986238389245,-0.320719804356935,-0.23758162712175,-0.326964773804027,-0.195159647740864,-0.107089816639923,-0.11902874871017,-0.238757338291164,-0.107539035104547,-0.186990945151458,-0.0134289817723333,-0.218976558267343,-0.247188070427473,-0.324322470233261,-0.214005927619625,-0.180435809194946,0.120302902675527,-0.244345401027377,-0.120822535237899,-0.185968641068943,-0.00523828828698103,-0.201031067743556,-0.28515818147756,-0.201618146748158,-0.317158282493748,-0.0912807147871092,-0.284944443042607,0.275847304237097,0.235056938865168,0.195359164429918,0.135092261678816,0.193696068427329,-0.16874650820653,-0.262864035420862,-0.108212957026565,-0.322778745391521,-0.0350480357833542,-0.25623399946991,-0.235873694700267,-0.249142444224768,-0.143833324547872,0.0750009484975959,-0.285009580606586,-0.238044258207295,-0.184234177805696,-0.159876916550706,0.0448746246367535,-0.311618420882743,-0.252053822563664,-0.219547124701877,-0.163050457624247,0.0373931920171957,-0.194599276806805,-0.16039293753538,-0.241482176440157,-0.0504884751311727,-0.140890394854297,-0.034465090260708,-0.206586745627415,0.792269403230606,-0.0424362632822744,0.564148542952692,-0.154094158444138,0.391793375645594,-0.154093091647985,-0.109939204950649,0.0496349289669132
"k__Bacteria|p__Bacteroidetes|c__Bacteroidia|o__Bacteroidales|f__Bacteroidaceae|g__Bacteroides|s__plebeius",-0.282711343561262,-0.194363774822149,-0.254895151366001,-0.059937884021564,-0.0119675885405897,-0.293221895414971,-0.325836589437209,-0.332710799618895,-0.135738233156702,-0.0146638658315701,-0.21552708408498,-0.325393662327074,-0.177950100315494,-0.160942273012576,0.110376742492275,-0.305192264663514,-0.330301318828395,-0.189180933790457,-0.329466595819601,-0.00489891519356428,-0.28225165863868,-0.312233273660566,-0.169068497305143,-0.32986238389245,-0.320719804356935,-0.256033738723044,-0.326964773804027,-0.212310904244382,-0.11535680126236,-0.122310540537695,-0.238757338291164,-0.116791532375474,-0.19949950269638,-0.00937763042414356,-0.244122703817877,-0.247188070427473,-0.324322470233261,-0.239980813252,-0.181685281487547,0.110708427827243,-0.244345401027377,-0.096203570543435,-0.195073519148207,-0.0106394957251905,-0.219391971087394,-0.28515818147756,-0.217821149872934,-0.317158282493748,-0.119548962451051,-0.288747123343546,0.279407150069424,0.214512716300083,0.234701205841993,0.0905298741327274,0.126517725063317,-0.186740372511897,-0.262864035420862,-0.136668884004973,-0.322778745391521,-0.107576445223141,-0.25623399946991,-0.235873694700267,-0.289506141622911,-0.145700464884827,0.06033698124472,-0.285009580606586,-0.260268263779421,-0.193504474926613,-0.179534338541263,0.0417213931214599,-0.311618420882743,-0.269894814680728,-0.22519483675152,-0.164053996125814,0.00270073862366361,-0.194599276806805,-0.17653447773724,-0.235489795669856,-0.0402982896165197,-0.161436636897618,-0.0574082465525025,-0.206586745627415,1.14615784607645,-0.029713678310614,0.509959896377256,-0.148160493853125,-0.31196947064837,-0.136382028926192,-0.0942251928267077,0.117259446968185
"k__Bacteria|p__Bacteroidetes|c__Bacteroidia|o__Bacteroidales|f__Prevotellaceae|g__Prevotella|s__copri",-0.282711343561262,-0.181779517793746,-0.256311780220107,-0.0392083813333442,-0.0645748378179082,-0.293221895414971,-0.325836589437209,-0.332710799618895,-0.136341670782748,0.0183764817550399,-0.158005704979639,-0.325393662327074,-0.169779117062629,-0.158404497008435,0.312585835165579,-0.305192264663514,-0.330301318828395,-0.182271159955266,0.902082852509165,0.0954131146620874,-0.264827632759019,-0.312233273660566,-0.158158531200451,-0.32986238389245,-0.320719804356935,-0.284900125974773,-0.326964773804027,-0.195481315421993,-0.115973050047553,-0.191764829066733,-0.238757338291164,-0.0751213671512277,-0.199323143832121,0.00540876717452667,-0.340244891110951,-0.247188070427473,-0.324322470233261,-0.220931110228229,-0.173253359083739,0.267730989429909,-0.244345401027377,-0.0910900535332927,-0.196727575922393,0.00928701644650015,-0.395811456145033,-0.28515818147756,-0.19280085740859,-0.317158282493748,-0.0933508114778883,-0.422384275118593,0.336414874088535,0.209041858563332,0.2053522856217,0.138701573546712,0.418751303692536,-0.214611352495833,-0.262864035420862,-0.120724911235238,-0.322778745391521,-0.186446954529466,-0.25623399946991,-0.235873694700267,-0.271472275241061,-0.14751942380182,0.192235444724767,-0.285009580606586,-0.263698344245272,-0.175154737693604,-0.183032322635513,0.174515779556502,-0.311618420882743,-0.254142089329632,-0.217946088783364,-0.162933912440127,0.120933293236131,-0.194599276806805,-0.13572373155308,-0.229798043979934,-0.0227973629857915,-0.204027751938676,0.0429936424832734,-0.206586745627415,-0.330483647743229,-0.0324673561146586,0.920902100041158,-0.120018733129671,0.404381504630139,-0.127252774260017,-0.103761729285715,0.281041127192103
"k__Bacteria|p__Bacteroidetes|c__Bacteroidia|o__Bacteroidales|f__Bacteroidaceae|g__Bacteroides|s__ovatus",-0.282711343561262,0.0792865901483999,-0.189568578045764,0.194505810977233,-0.148468697943896,-0.293221895414971,-0.325836589437209,-0.332710799618895,-0.0455440910747991,0.450989484710443,0.241577271119943,-0.325393662327074,-0.0497835737146588,-0.150146891712244,1.84399893597778,1.02615261238359,-0.330301318828395,-0.03272421054685,-0.329466595819601,0.839506601809335,-0.160772614050682,-0.312233273660566,-0.018845162067045,-0.32986238389245,-0.320719804356935,-0.16513343567991,-0.326964773804027,-0.0906686156756692,0.014337232381306,-0.504988290031506,-0.238757338291164,0.189587609396249,-0.178099004536092,0.259916137281325,-1.47181805545316,1.63261553357487,0.773060683677493,-0.0712545833054547,-0.0972392520701527,1.63371326347419,-0.244345401027377,0.22350421010068,-0.166966557969906,0.289042054649154,-1.65783190460268,-0.28515818147756,0.0733532674179204,-0.317158282493748,0.0720335399760771,-1.60055259795025,0.312332998867635,0.0285662164326122,0.0717797377282379,0.0416515480396983,1.21791410122986,-0.159888949158808,-0.262864035420862,-0.00463476699632614,-0.322778745391521,-0.42022640048685,-0.25623399946991,-0.235873694700267,-0.135865581165984,0.0284338964706815,1.15613341343258,-0.285009580606586,-0.229028231930497,-0.0174140628914141,-0.160775079164894,1.28373940890852,-0.311618420882743,-0.148549293181323,-0.0718951842107978,-0.0970766375249022,0.787019744650781,-0.194599276806805,0.109492001408367,-0.16209419196767,0.194756414535893,-0.771993252258524,0.727868978295413,-0.206586745627415,-0.330483647743229,0.0807818398346365,4.23523080247512,0.148431261246779,-0.31196947064837,-0.031185362254531,-0.0997063855283365,1.21234925408063
"k__Bacteria|p__Bacteroidetes|c__Bacteroidia|o__Bacteroidales|f__Prevotellaceae|g__Prevotella|s__unclassified",-0.282711343561262,-0.0413017368337547,-0.283377443355648,0.157870032554842,0.28920543162407,-0.293221895414971,-0.325836589437209,-0.332710799618895,-0.0856560817131887,-0.148270941933113,-0.291912364137039,-0.325393662327074,-0.113677956965661,-0.147424490235555,-0.630815553626683,-0.305192264663514,-0.330301318828395,-0.110860711681662,0.717493699079979,-0.402959391919285,-0.24310876162647,-0.312233273660566,-0.0940003399660386,-0.32986238389245,-0.320719804356935,-0.131957398603353,-0.326964773804027,-0.191197610112484,-0.0447511107304845,0.206869697615043,-0.238757338291164,-0.00453329417922362,-0.259020194279543,0.186103544969921,0.783719596237054,-0.247188070427473,-0.324322470233261,-0.153911121428564,-0.148322540979484,-0.597240745581634,1.60351283349933,-0.00230977314412234,-0.251424597467667,0.195974227799311,0.902086315656722,-0.28515818147756,-0.151019628029502,-0.317158282493748,-0.0213221219101785,0.576641550075008,0.129975690431657,0.183011995541382,0.180426126238686,0.0835464376160632,-0.304010591546161,-0.166651089478107,-0.262864035420862,-0.05362195249761,-0.322778745391521,-0.057896637570024,-0.25623399946991,-0.235873694700267,-0.262444234397766,-0.0222021340676294,-0.25893379070036,-0.285009580606586,-0.223053084695587,-0.107650443034808,-0.199321739327497,-0.558485558167833,-0.311618420882743,-0.191623891850619,-0.15567548142304,-0.131032301427756,-0.379465978731367,-0.194599276806805,-0.0597017778425693,-0.248980584825291,0.141354807791637,0.470189115199291,-0.24351007316996,-0.206586745627415,-0.330483647743229,0.158311485724744,-1.04703058479089,-0.222268440681412,0.400551916417256,-0.081608824317843,-0.110046172682001,-0.440602157075489
"k__Bacteria|p__Bacteroidetes|c__Bacteroidia|o__Bacteroidales|f__Porphyromonadaceae|g__Dysgonomonas|s__unclassified",-0.282711343561262,0.02771744691609,-0.36593280973369,0.302435698109401,0.148657874073174,-0.293221895414971,-0.325836589437209,-0.332710799618895,-0.0930981772707613,0.307631056599075,-0.0239120860511182,-0.325393662327074,-0.131430870753073,-0.238811260621406,1.18544595910871,-0.305192264663514,-0.330301318828395,-0.0975805993425315,-0.329466595819601,0.431028079528823,-0.332469801061959,-0.312233273660566,-0.0892587778617887,-0.32986238389245,-0.320719804356935,-0.258315386803506,1.44845981289131,-0.233001894141575,0.00862132580006966,-0.40815257107049,-0.238757338291164,0.180354644241695,-0.347281088283259,0.419443765838892,-0.75837398794703,-0.247188070427473,-0.324322470233261,-0.20377331121608,-0.219420623800082,1.06703404193333,-0.244345401027377,0.203941289836551,-0.350181388467783,0.428270954204826,-0.911041519518644,-0.28515818147756,-0.0367779962514294,-0.317158282493748,0.0848632378383559,-1.05472993838647,0.348700891700586,0.150126352190835,0.187022614765867,0.0777058594557144,0.8533067751924,-0.261342422572491,-0.262864035420862,-0.0569968127783775,-0.322778745391521,-0.364074888072883,-0.25623399946991,-0.235873694700267,-0.320429887455608,0.0105795378708256,0.882539064983097,-0.285009580606586,-0.377478380624335,-0.104009181716785,-0.331441836515553,0.697582001639914,-0.311618420882743,-0.287725287745263,-0.193552434878275,-0.18981664357618,0.487736520755264,-0.194599276806805,0.0600847346871731,-0.349975956219641,0.284896753794355,-0.348182494850818,0.512366806619554,-0.206586745627415,-0.330483647743229,0.187441058413473,3.23212216758827,-0.0335271404959464,-0.31196947064837,-0.0975760912931041,-0.186290632086075,0.853690765064473
"k__Bacteria|p__Bacteroidetes|c__Bacteroidia|o__Bacteroidales|f__Bacteroidaceae|g__Bacteroides|s__uniformis",-0.282711343561262,-0.327930857780629,0.406549105870054,-0.707289103311863,-0.618734136050079,-0.293221895414971,-0.325836589437209,-0.332710799618895,-0.0319103146478297,-0.342705471978797,-0.0147276102469721,-0.325393662327074,0.0266030096970799,0.231541251219343,-0.787899090262891,1.13595519706989,0.76937085541695,-0.0356860651921144,-0.329466595819601,-0.182891904761388,0.297243720067443,-0.312233273660566,-0.0570889456530777,1.21302325601004,1.13408970622186,0.0762417483567589,-0.326964773804027,0.168716942840022,-0.164351053439747,0.166727462241253,-0.238757338291164,-0.452683920892982,0.411984814741575,-0.809532752900001,0.146307710540294,-0.247188070427473,-0.324322470233261,0.0683904505094504,0.153161839812866,-0.806695347579489,-0.244345401027377,-0.46911672953338,0.435219327682792,-0.846699597765727,0.220703862026863,-0.28515818147756,-0.148083063397326,-0.317158282493748,-0.322215850220122,0.641482546559027,-0.145885335332644,-0.00486584392618074,-0.149747385644532,0.108283897310162,-0.404296951916574,0.253313916425894,-0.262864035420862,-0.0625182872457102,0.869279304561257,0.549876572878883,-0.25623399946991,-0.235873694700267,0.268165473444263,-0.264653631111132,-0.925594450607111,1.26677441319252,0.328642495153132,-0.0327770176532896,0.38561829221612,-0.398050078197238,-0.311618420882743,0.176113983048537,0.067220656798108,0.143117191197036,-0.392044261368324,2.37547874452079,-0.304694933831592,0.358745147701938,-0.637738917848516,-0.0988364473645945,-0.592616094369597,-0.206586745627415,0.650406997437833,-0.542356184837924,-2.87901548255298,0.0362348522745799,0.411479565160346,0.009024203047801,0.196630742801949,-0.514982120046281
"k__Bacteria|p__Bacteroidetes|c__Bacteroidia|o__Bacteroidales|f__Porphyromonadaceae|g__Parabacteroides|s__distasonis",-0.282711343561262,-0.54338535607262,0.4931974093679,-1.02765715274027,-1.11793669620643,-0.293221895414971,-0.325836589437209,-0.332710799618895,-0.110669139470014,-0.107684562661981,0.183443575861066,-0.325393662327074,-0.0311575931806976,0.266349228524608,0.287845823945937,1.31068265453723,0.766692869477779,-0.0895461357624345,-0.329466595819601,0.493171308785561,0.290202196793249,1.14455441309319,-0.130981062079456,0.89681196589383,0.95623653419063,-0.0543435629485196,-0.326964773804027,0.175431789618259,-0.267544607406748,-0.281763484589913,-0.238757338291164,-0.603956589843474,0.527005941346101,-1.12617375111248,-1.28065652798815,-0.247188070427473,-0.324322470233261,0.0194811951824908,0.14488407093532,0.230109624477463,-0.244345401027377,-0.636608211124689,0.541104352020142,-1.19836223272267,-1.34884078878603,-0.28515818147756,-0.196586797495325,-0.317158282493748,-0.460428496286575,-0.594479311460282,0.000989441294167038,-0.0037121032060712,-0.107689648868768,0.123297389663906,0.194059571043247,0.21727594898759,-0.262864035420862,-0.114196020256575,0.811855910995861,0.358006327437119,-0.25623399946991,-0.235873694700267,0.270691876022255,-0.431433928669181,-0.383035728330472,1.30582168375692,0.311333823473649,-0.116474699198869,0.460148480314754,0.528690214435849,-0.311618420882743,0.133435222816592,0.0361732944385387,0.148019928433515,0.194352704986917,-0.194599276806805,-0.492405277286967,0.452641607997138,-0.936173724041296,-1.04349474162223,-0.237871390255879,-0.206586745627415,0.801896429207365,-0.791226057524651,-0.642395134366804,0.172655322664981,0.402990623369783,-0.0440531518071859,0.245660266960674,0.318872640046733
"k__Bacteria|p__Bacteroidetes|c__Bacteroidia|o__Bacteroidales|f__Porphyromonadaceae|g__Parabacteroides|s__unclassified",-0.282711343561262,-0.287943925468739,0.0566898151101261,-0.421158914431984,-0.513749477118828,-0.293221895414971,-0.325836589437209,-0.332710799618895,-0.126729363968923,0.0660752390303092,0.00150854754308408,-0.325393662327074,-0.0958984271450819,0.018787858839882,0.461080727008916,-0.305192264663514,-0.330301318828395,-0.124470634415885,-0.329466595819601,0.391442294599374,-0.0388732325991743,-0.312233273660566,-0.1435423995772,0.756779054623969,-0.320719804356935,-0.156299593782184,-0.326964773804027,-0.0388733828053304,-0.140889854436879,-0.223992172159694,-0.238757338291164,-0.275896818131222,0.105012129000775,-0.435392784116181,-0.946551077091298,-0.247188070427473,-0.324322470233261,-0.0972042677212473,-0.0500699036342623,0.475343397998764,-0.244345401027377,-0.283793448836509,0.0989447373921714,-0.448618720242302,-1.01313776406809,-0.28515818147756,-0.167075805614985,-0.317158282493748,-0.221547311235342,-0.747814918748933,0.162996986053914,0.0945654727435965,0.0863101232207107,0.0948191987415654,0.259115320582543,-0.0569286219575223,-0.262864035420862,-0.107566747387608,0.794139016254874,-0.0884669555972463,-0.25623399946991,-0.235873694700267,-0.0366251614633052,-0.250516433231939,0.103724323398756,-0.285009580606586,-0.0483365460166182,-0.139648453321886,0.0745915459757622,0.512155631320097,1.3505504774007,-0.0999543151595478,-0.115316471856126,-0.0294377649127211,0.29148530130174,-0.194599276806805,-0.253382382803644,0.0370985785211732,-0.37593141719686,-0.662445732289618,0.00369269425539662,-0.206586745627415,1.06641043802372,-0.339935948897536,0.889298060762383,0.00269590480838332,0.403686305818777,-0.08842452869103,0.0248862843886517,0.257407418156687
"k__Bacteria|p__Bacteroidetes|c__Bacteroidia|o__Bacteroidales|f__Bacteroidaceae|g__unclassified|s__unclassified",-0.282711343561262,-0.245643527244852,0.63974593215321,-0.762147336527462,-1.19826483823382,-0.293221895414971,-0.325836589437209,-0.332710799618895,0.0338892916820862,0.383017213296723,0.661531156231047,-0.325393662327074,0.139939226451445,0.293759420744154,1.89683693210621,1.0502184856571,0.819662538006486,0.0826734658689325,-0.329466595819601,1.30957130177187,0.462736976728936,0.935375158126929,0.0546194333737177,0.743506661081621,0.868575598927793,0.0860047631273604,-0.326964773804027,0.334409424771351,-0.10325148359246,-0.721670874243076,-0.238757338291164,-0.296841619817767,0.600053199286796,-0.877253780236043,-2.46075060225122,2.13588538846431,1.54767123311227,0.238969858857398,0.252481125964436,1.67339693541,-0.244345401027377,-0.309183422926863,0.642986266666531,-0.914222682858219,-2.66099450673045,-0.28515818147756,0.119822904872003,-0.317158282493748,-0.259005177793868,-1.80093908418488,-0.0323360650363516,-0.26326463966879,-0.298500757148205,-0.0324851003236947,1.09527034410322,0.28908800590543,-0.262864035420862,0.00694441433878756,0.786573721447763,0.0346729588942868,-0.25623399946991,-0.235873694700267,0.483978066362408,-0.234181893868715,0.636224558604545,1.25132025862438,0.412437531547217,0.0733622390777036,0.525877132223099,1.72041675876222,0.942045385253461,0.306057276958982,0.2277113905037,0.263035741973543,1.01779886372334,-0.194599276806805,-0.190562305459906,0.580720366474954,-0.691536635434371,-1.59432384905712,0.54415423544271,-0.206586745627415,0.656998407080942,-0.68745254040118,2.80540058843615,0.468510772559834,-0.31196947064837,0.0795449698873657,0.290242335928761,1.25942985285324
"k__Bacteria|p__Bacteroidetes|c__Bacteroidia|o__Bacteroidales|f__Bacteroidaceae|g__Bacteroides|s__unclassified",-0.282711343561262,-0.354234360819533,1.49892567578829,-1.51887425512561,-1.89349164544524,-0.293221895414971,-0.325836589437209,1.31824363215365,0.200398555899057,0.072249262141507,0.992949570199066,-0.325393662327074,0.417601335358528,0.79303103685148,1.04765096499155,1.26724887466628,1.11805883231064,0.329378308529787,0.725101767508491,1.14540188631708,1.15935757379833,2.05679511884646,0.245187995486747,1.5054331815061,1.71647543790248,0.504392509810157,-0.326964773804027,0.835055515612394,-0.134957901701471,-0.561408042129723,-0.238757338291164,-0.672558577158295,1.39902373491359,-1.84866393674581,-2.19402829001124,1.90946918230069,1.33163507147647,0.642249460670442,0.678926314964159,0.732968176543164,-0.244345401027377,-0.73361088595108,1.41396722190299,-1.95161393944018,-2.30074375002944,-0.28515818147756,0.236679335491242,0.853187950693666,-0.48006808346889,-0.926604026605616,-0.602701354702575,-0.574232744648398,-0.773132162721399,-0.101340256819865,0.428195504837807,0.831555261650624,-0.262864035420862,0.128123012900425,1.86022690051894,0.811274688860754,-0.25623399946991,-0.235873694700267,1.18754010242691,-0.351846757879032,-0.39260974863712,2.37401903759315,1.15668459924006,0.317577008898251,1.23012249094577,1.29479077425255,2.07910157318421,0.900936233475996,0.616363984828947,0.705499697555041,0.687069650498861,2.5330618885083,-0.340369115858635,1.35405377075406,-1.38014072275031,-1.6958422390295,0.0405832837448159,-0.206586745627415,1.54939048638997,-1.2378757037669,-0.794363185410557,0.777769612557866,0.796216962138958,0.284636022933179,0.687962922571515,0.859419970075793
"k__Bacteria|p__Bacteroidetes|c__Bacteroidia|o__Bacteroidales|f__Rikenellaceae|g__unclassified|s__unclassified",-0.282711343561262,-0.493166314451943,0.193996585687121,-0.7247514058161,-0.684163231233936,-0.293221895414971,-0.325836589437209,-0.332710799618895,-0.155779154053575,-0.231303082180292,-0.0996013867157262,-0.325393662327074,-0.120013389599509,0.0859081977685972,-0.29568077363488,1.03511854101385,0.712378875619507,-0.164220131875929,-0.329466595819601,0.05367420002551,0.0346609108348123,-0.312233273660566,-0.185506041105424,0.867076999184487,0.952537411900571,-0.144557266664024,-0.326964773804027,0.00398597386050373,-0.258990167088264,-0.0155588778808168,-0.238757338291164,-0.507215103864232,0.245813932944711,-0.786273196428936,-0.439239219471036,-0.247188070427473,-0.324322470233261,-0.10192272634191,0.0124312646448609,-0.306151806621746,-0.244345401027377,-0.533646494619873,0.228062755414729,-0.820290778718572,-0.405299541233572,-0.28515818147756,-0.304093874192266,-0.317158282493748,-0.381681797230961,-0.0280801260734926,0.0989726758936487,0.164808409953853,0.0388211537935235,0.197340435900395,-0.145848562953003,0.0551444494863748,-0.262864035420862,-0.153148459396282,0.90220243607706,0.31885601268525,-0.25623399946991,-0.235873694700267,0.014536464987713,-0.379802715916188,-0.594757884470167,-0.285009580606586,0.0841038102874012,-0.183325830880664,0.211679846117143,-0.0115242127855352,-0.311618420882743,-0.0291562525769497,-0.0952373013392314,0.0258509278987712,-0.182745384251997,-0.194599276806805,-0.448910609409221,0.153975429227872,-0.670328347358294,-0.463944129200216,-0.458698843904574,-0.206586745627415,-0.330483647743229,-0.54565374450169,-1.41198197909745,-0.0828153109773577,0.454529635899611,-0.105008920666704,0.0908275733094746,-0.244577099567187
"k__Bacteria|p__Bacteroidetes|c__Bacteroidia|o__Bacteroidales|f__Bacteroidaceae|g__Bacteroides|s__fragilis",-0.282711343561262,-0.473478754677875,0.933177589484105,-1.24427249406387,-1.48823935749419,-0.293221895414971,-0.325836589437209,-0.332710799618895,0.0282833995005809,0.0311618462160081,0.60237838914597,-0.325393662327074,0.17129987186796,0.484131877226021,0.961807471730303,2.10401412198483,0.765159365720804,0.0907190955174327,-0.329466595819601,0.910525894696082,0.663090855321057,1.28658772856419,0.0425220495815657,0.736418995749227,0.868007023765483,0.180132057420901,-0.326964773804027,0.497395917834323,-0.215075817287633,-0.436679136032076,-0.238757338291164,-0.6057828107607,0.915036192161175,-1.43540131433198,-2.00428496444653,1.63217828862745,1.48424170407598,0.299336722614293,0.361206690178937,0.737832245618747,-0.244345401027377,-0.659197531795077,0.920200718994929,-1.50877574177442,-2.11313059158714,-0.28515818147756,0.0161478609882943,2.02631965484713,-0.473876335046033,-1.01723065256594,-0.200201692700166,-0.217517560795483,-0.409491166625583,0.0715596965491703,0.50674125972014,0.490706696393787,-0.262864035420862,-0.0154216862784312,0.971745117874886,0.601535408906716,-0.25623399946991,-0.235873694700267,0.672951778868249,-0.415194033697946,-0.265662628652296,1.27233541372963,0.666905746399449,0.0630612001246841,0.794276305071708,1.08989988578935,-0.311618420882743,0.462013140988535,0.304589304213758,0.381752841043356,0.520702535448986,-0.194599276806805,-0.412506597796607,0.851915622252391,-1.14300566320083,-1.50006062914054,-0.0308108088076964,-0.206586745627415,0.916049957324041,-1.01190520865731,-0.0422129853476243,0.436118090037915,0.537266595402154,0.104441007150376,0.419633084151552,0.656405232690669
"k__Bacteria|p__Proteobacteria|c__Gammaproteobacteria|o__Enterobacteriales|f__Enterobacteriaceae|g__Trabulsiella|s__unclassified",-0.282711343561262,0.411969288349521,-0.465328256532821,0.858498644289341,1.28865549067027,-0.293221895414971,-0.325836589437209,-0.332710799618895,0.052898227187177,-0.415700561016581,-0.526279677699517,-0.325393662327074,0.00505236227321003,-0.188286254488784,-2.14481994376497,-0.305192264663514,-0.330301318828395,0.0318127003864968,-0.329466595819601,-1.38611142418595,-0.261533250850528,-0.312233273660566,0.0787054346920585,-0.32986238389245,-0.320719804356935,0.0846883222602741,-0.326964773804027,-0.189293851681246,0.188010511569428,0.699907830959986,1.76571336008161,0.39047049335241,-0.479631784065632,0.925657677230381,2.92095044998782,-0.247188070427473,-0.324322470233261,-0.0637511796984848,-0.118876918134685,-1.93561742889394,1.60930376020895,0.40657662254861,-0.509892079834718,0.963555218775791,3.149249196682,-0.28515818147756,0.0397662975186717,-0.317158282493748,0.345022503337358,2.26303104509766,-0.174142137082729,0.0702776375207511,0.135019785915253,-0.0723369844756191,-1.21350358724963,-0.151529782505376,1.48824077654395,0.0764893857294157,-0.322778745391521,0.00475076639893024,-0.25623399946991,-0.235873694700267,-0.270215977923892,0.362241578484446,-0.762956596470409,-0.285009580606586,-0.210671650909195,0.0646915803476976,-0.389692756629031,-1.92406444432848,-0.311618420882743,-0.107701016187146,-0.0462690660460122,-0.153497313466152,-1.07481732747951,-0.194599276806805,0.329520232787279,-0.429713702589194,0.757050709197756,1.89910901048553,-0.569343754623843,1.99089222402141,-0.330483647743229,0.768166982921884,-3.70373325882339,-0.380024607266333,-0.31196947064837,0.00597543168263322,-0.205066444648292,-1.46174694532826
"k__Bacteria|p__Proteobacteria|c__Gammaproteobacteria|o__Enterobacteriales|f__Enterobacteriaceae|g__Klebsiella|s__unclassified",1.29061675321135,1.1804206933903,-0.523687524089287,1.86907687782192,2.48700137360723,-0.293221895414971,-0.325836589437209,-0.332710799618895,0.353678378388,-0.460160731817577,-0.515314155957663,-0.325393662327074,0.294102643831761,-0.153610081828823,-3.31525797713274,-0.305192264663514,-0.330301318828395,0.409551084538951,-0.329466595819601,-2.15675872032523,-0.114951540886847,-0.312233273660566,0.468844109814404,-0.32986238389245,-0.320719804356935,0.579909468107777,0.737511537658497,-0.0183948741760927,0.591321291050508,1.41353292544766,1.7651765064439,1.08936410843457,-0.621372589452409,1.95974896196172,4.90464044597852,-0.247188070427473,-0.324322470233261,0.258461503141959,0.021375290263868,-2.84219462865716,1.60793801908225,1.12014708816093,-0.677518636114835,2.03465289292732,5.3015976834883,1.21993257741021,0.510378893277026,-0.317158282493748,0.906978162721526,3.75482163846559,-0.67247479376085,-0.238888805231246,-0.0832287676637626,-0.321196660560505,-2.07959408214789,-0.000586855684299686,-0.262864035420862,0.362571442046629,-0.322778745391521,0.121457557863902,-0.25623399946991,1.69908352189226,-0.0996241499367401,0.963070287888976,-0.915079470883098,-0.285009580606586,-0.0780312864946025,0.429266225878909,-0.539083907456185,-2.96975881292901,-0.311618420882743,0.187659791979521,0.245205578285464,-0.0264250090756838,-1.60112153638486,2.13974943704223,0.996183413889251,-0.487689892363497,1.68369473557204,3.35648982759746,-0.516365389574706,1.99157353898562,-0.330483647743229,1.53687684873557,-5.29635024809393,-0.370190646150201,0.415611268907384,0.234280456731745,-0.223401491256733,-2.35482144166786
"k__Bacteria|p__Proteobacteria|c__Gammaproteobacteria|o__Pseudomonadales|f__Moraxellaceae|g__Acinetobacter|s__unclassified",-0.282711343561262,-0.077939302569301,-0.400153199413475,0.176435191247063,0.0808824392984269,-0.293221895414971,-0.325836589437209,-0.332710799618895,-0.124690037479247,0.123056284939675,-0.183359160960685,-0.325393662327074,-0.199864670639587,-0.229462778256665,0.483544500272907,-0.305192264663514,-0.330301318828395,-0.169200127445236,-0.329466595819601,0.11564905172835,-0.360297720985554,-0.312233273660566,-0.161920615127124,-0.32986238389245,-0.320719804356935,-0.295161895399717,-0.326964773804027,-0.264694636497732,-0.0703023725440616,-0.194118014663825,-0.238757338291164,0.0400963610396842,-0.34742592123897,0.254192740296634,-0.346957777378472,-0.247188070427473,-0.324322470233261,-0.245222563840325,-0.2312683548842,0.454603242311979,-0.244345401027377,0.0531327836047452,-0.338831631059028,0.295622067195057,-0.382842528643965,-0.28515818147756,-0.165808319033431,-0.317158282493748,0.00596537667942666,-0.568959220498584,0.3660687466747,0.226620564569707,0.265770657207903,0.101616739282927,0.463498155889942,-0.310809865645186,-0.262864035420862,-0.097302813623231,-0.322778745391521,-0.498007970153306,-0.25623399946991,-0.235873694700267,-0.38258400292093,-0.0421178594841387,0.442594898305072,-0.285009580606586,-0.367636428710604,-0.186312936780105,-0.30725556754764,0.263802696229237,-0.311618420882743,-0.324154754457633,-0.246923614899353,-0.22751842626246,0.237557846181331,-0.194599276806805,-0.0540182783196033,-0.353977233091718,0.166983559028905,-0.141910442390812,0.177178362900488,-0.206586745627415,-0.330483647743229,0.145018155209306,1.6893473362176,-0.149567404085337,-0.31196947064837,-0.145456575606312,-0.177079736801953,0.368675669303656
"k__Bacteria|p__Proteobacteria|c__Gammaproteobacteria|o__Aeromonadales|f__unclassified|g__unclassified|s__unclassified",-0.282711343561262,0.121136609180343,-0.286413564033158,0.347518932804806,0.495637411404121,-0.293221895414971,-0.325836589437209,-0.332710799618895,-0.0241763908094937,-0.0886132561495308,-0.23780246145355,-0.325393662327074,-0.0608730904065844,-0.140952403020712,-0.559306633624086,-0.305192264663514,-0.330301318828395,-0.0451008100034216,-0.329466595819601,-0.392649518731354,-0.187735238787,-0.312233273660566,-0.0239292297604134,-0.32986238389245,-0.320719804356935,-0.04303539667655,-0.326964773804027,-0.135186661898336,0.0610291888924145,0.25194996164886,-0.238757338291164,0.152947098670963,-0.264277818514649,0.406349136909838,0.75338545415539,-0.247188070427473,-0.324322470233261,-0.111032776957205,-0.112818346440302,-0.466640959660124,-0.244345401027377,0.166725416034288,-0.270250895097882,0.42376146442895,0.82910614635302,1.20108576378067,-0.0226219227518465,-0.317158282493748,0.127503861822705,0.514729217529818,0.0301701106372287,0.113239307861716,0.12394634844574,0.0238675275279547,-0.353598498009314,-0.137951088321642,-0.262864035420862,-0.0156812423044778,-0.322778745391521,-0.102399506910215,-0.25623399946991,1.6906207294987,-0.212583963285124,0.108349797265187,-0.102538105390014,-0.285009580606586,-0.182444376967695,-0.027576617682989,-0.21773985263651,-0.514412976420374,-0.311618420882743,-0.130978329850578,-0.0892213852549075,-0.103654981573806,-0.286227834872934,-0.194599276806805,0.104692452025829,-0.253222259516867,0.317711835181735,0.545774309580513,-0.111319613318816,-0.206586745627415,-0.330483647743229,0.275796866538397,-0.551911006144678,-0.200064724910015,0.390032424277149,-0.0399480333507039,-0.104484382121497,-0.495237097663706
"k__Bacteria|p__Proteobacteria|c__Gammaproteobacteria|o__Enterobacteriales|f__Enterobacteriaceae|g__Erwinia|s__unclassified",-0.282711343561262,0.167511213703178,-0.258476160075034,0.409912673098936,0.495989283852876,-0.293221895414971,-0.325836589437209,-0.332710799618895,0.00684231615498566,-0.101693247069977,-0.179037267771517,-0.325393662327074,-0.0224698802913023,-0.145575747406872,-0.418051639464081,-0.305192264663514,-0.330301318828395,-0.00934236045834703,-0.329466595819601,-0.414332199672011,-0.158215657185833,-0.312233273660566,0.0132933105443167,-0.32986238389245,-0.320719804356935,0.00646786888361764,0.736102771264523,-0.140804805139769,0.0866759262970748,0.283498174265525,-0.238757338291164,0.208671321572244,-0.266217619205788,0.464857946458988,0.847248760159625,-0.247188070427473,-0.324322470233261,-0.0576146339253001,-0.118445679857688,-0.402055004749076,-0.244345401027377,0.203386926270852,-0.263471862184242,0.489491780436028,0.887477624210048,1.20148205057863,0.012254245840427,-0.317158282493748,0.171144046241517,0.588331044081032,0.00397055937122637,0.0703444567486443,0.107330757310246,-0.011007293891081,-0.357854787781239,-0.0786591992332647,-0.262864035420862,0.00842350089137004,-0.322778745391521,0.0630165447980276,-0.25623399946991,1.68987632642588,-0.198807556425997,0.141939353005367,-0.0836549911676988,-0.285009580606586,-0.160621009725134,0.00277731283056134,-0.2301914311165,-0.491539402367957,-0.311618420882743,-0.100716559914848,-0.0590035119595876,-0.0987657611422879,-0.305240316379277,-0.194599276806805,0.150771444955817,-0.247129570699435,0.384022771607447,0.604120426897236,-0.0561785701394184,-0.206586745627415,-0.330483647743229,0.303694041994447,-0.492865784993827,-0.18666753473778,0.391793375645594,-0.00897469973098262,-0.118315000781797,-0.512842043824671
"k__Bacteria|p__Proteobacteria|c__Gammaproteobacteria|o__Enterobacteriales|f__Enterobacteriaceae|g__Citrobacter|s__unclassified",-0.282711343561262,0.130569469003804,-0.229309987838971,0.312476590217752,0.291204942509554,-0.293221895414971,-0.325836589437209,-0.332710799618895,-0.0164584014382231,0.0784984955051593,-0.0729823580338547,-0.325393662327074,-0.0417402867904669,-0.13630064102577,0.210191971579274,-0.305192264663514,-0.330301318828395,-0.022002538019342,-0.329466595819601,-0.0547400796669785,-0.179405272462815,-0.312233273660566,-0.0311595384844647,-0.32986238389245,-0.320719804356935,-0.0745805529328523,0.745523779740147,-0.112575245040961,0.0605585910888569,-0.0476615313554658,-0.238757338291164,0.179992664093412,-0.212615620148363,0.351497930200077,0.104499987697205,-0.247188070427473,-0.324322470233261,-0.0762421494932726,-0.100838382669772,0.188372834294023,-0.244345401027377,0.181260057578386,-0.235382622554324,0.403076271849034,0.0724986916520398,-0.28515818147756,0.0149598057834549,0.852212738420606,0.117711505719329,-0.148625317065813,0.0993383950663174,0.0533451489754925,0.0948853276442924,-0.0172127093369983,0.136388410459894,-0.140810361277653,-0.262864035420862,-0.00252243597334989,-0.322778745391521,-0.22879362237945,-0.25623399946991,1.68999390059948,-0.160022493793287,0.113305931008081,0.306944506312008,-0.285009580606586,-0.177623399955938,-0.0318545181680578,-0.185889953899316,0.0271534810518119,-0.311618420882743,-0.116269517000108,-0.0841797725724825,-0.0906346884415543,0.0613599397719924,-0.194599276806805,0.11963028119188,-0.20741738516588,0.307467892908759,0.170074725576143,0.178249413776713,-0.206586745627415,-0.330483647743229,0.239801878707153,0.997262792544659,-0.0637182413430148,0.391265415758313,-0.0345088698484687,-0.0998088744909696,0.119093290724162
"k__Bacteria|p__Proteobacteria|c__Gammaproteobacteria|o__Pasteurellales|f__Pasteurellaceae|g__Aggregatibacter|s__unclassified",-0.282711343561262,-0.0994066704869764,-0.379015228405504,0.128548251343667,0.0854713874326604,-0.293221895414971,-0.325836589437209,-0.332710799618895,-0.145947468750126,0.119907686946348,-0.195161094505622,-0.325393662327074,-0.19530842660234,-0.228676320963957,0.455516998478231,-0.305192264663514,-0.330301318828395,-0.183287353219379,-0.329466595819601,0.150461828000295,-0.366461936170565,-0.312233273660566,-0.163607714123775,-0.32986238389245,-0.320719804356935,-0.309728933608687,-0.326964773804027,-0.277364899783877,-0.064897263374922,-0.236189767345102,-0.238757338291164,0.0306906803552385,-0.323181305465528,0.213994634839748,-0.356042268611275,-0.247188070427473,-0.324322470233261,-0.268088474981917,-0.230583482320571,0.488901694586358,-0.244345401027377,0.0249464807534205,-0.327736271961786,0.231300050582687,-0.443601451937616,-0.28515818147756,-0.189772359010934,-0.317158282493748,-0.0246662706087417,-0.542700128745297,0.362607611419062,0.222183918037682,0.285657208885769,0.107172845654472,0.405247986750261,-0.28111979474794,-0.262864035420862,-0.10483321594726,-0.322778745391521,-0.328920766136126,-0.25623399946991,-0.235873694700267,-0.381717572868093,-0.0830207484557167,0.390867998629534,-0.285009580606586,-0.378156601485122,-0.189444579682227,-0.297175460855203,0.297666072725863,-0.311618420882743,-0.340522328081128,-0.246007502549564,-0.213134122235565,0.166088857815918,-0.194599276806805,-0.0789918295382969,-0.351899216702371,0.125911674483507,-0.14188424749593,0.149948376332725,-0.206586745627415,-0.330483647743229,0.102271944830766,1.63489272426423,-0.155011205863253,-0.31196947064837,-0.136744172737372,-0.188138140668974,0.336037530588723
"k__Bacteria|p__Proteobacteria|c__Alphaproteobacteria|o__Rickettsiales|f__mitochondria|g__unclassified|s__unclassified",-0.282711343561262,-0.111481668030668,-0.391320766637139,0.135070040097627,0.103134256650773,-0.293221895414971,-0.325836589437209,-0.332710799618895,-0.153273978283973,0.0620625092792519,-0.242428564157278,-0.325393662327074,-0.180922363116024,-0.221175380760675,0.265177403734484,-0.305192264663514,-0.330301318828395,-0.194042875630163,-0.329466595819601,0.0498391278530842,-0.360362471963093,-0.312233273660566,-0.174543945199716,-0.32986238389245,-0.320719804356935,-0.281242617890712,-0.326964773804027,-0.269126757151949,-0.0712555132125784,-0.13344490969839,-0.238757338291164,-0.00964002239324076,-0.323047945980221,0.204373983538412,-0.266085683521897,-0.247188070427473,-0.324322470233261,-0.271999995290652,-0.209703736797407,0.340992658298491,-0.244345401027377,0.0217189922263179,-0.338164983782615,0.246792641064703,-0.305050892983863,-0.28515818147756,-0.17500400846817,-0.317158282493748,-0.0247580929114614,-0.434111851429235,0.337286719952221,0.249675786081653,0.262253334392914,0.105888043434947,0.34416132673558,-0.296167885099524,-0.262864035420862,-0.109036246308633,-0.322778745391521,-0.355708905778422,-0.25623399946991,-0.235873694700267,-0.369271620801421,-0.0737321448792976,0.34574507879131,-0.285009580606586,-0.364831805204124,-0.188765020227748,-0.287748684854814,0.176602257866207,-0.311618420882743,-0.335233719110214,-0.261462292654458,-0.226797879311323,0.112266455117643,-0.194599276806805,-0.0896888571309146,-0.344684068428922,0.129856969434644,-0.103606971561992,0.0757306856705296,-0.206586745627415,-0.330483647743229,0.119608975480625,1.259975453308,-0.167803962746136,-0.31196947064837,-0.150133468699857,-0.17891925620148,0.334193043955288
"k__Bacteria|p__Proteobacteria|c__Gammaproteobacteria|o__Enterobacteriales|f__Enterobacteriaceae|g__unclassified|s__unclassified",1.45916003952998,2.04908288667993,0.486262771765557,2.18118786631658,2.08491991037272,1.77374558354157,1.04704152010657,0.731998593617652,0.952101690021289,0.595818570853265,0.943865546742393,0.747860870637221,1.02053025373471,0.353759194030315,-0.392940318282845,1.14671779639701,0.829424334672421,1.14967371049967,-0.329466595819601,-0.379830138668161,0.933545480907827,0.973135209055833,1.20831597714888,-0.32986238389245,-0.320719804356935,1.41107207897542,1.38736208467582,0.791321448757762,1.10429958768822,0.77033729055662,1.78905405488502,1.79730405661797,0.150046847978953,2.11724922187466,2.39067262521245,1.71710231132958,0.89243096082742,1.18347134811288,0.651407726560656,0.00413981673708319,1.65184962645693,1.8190299805834,0.0914249649613012,2.17467462149039,2.44496956349288,2.31635778910566,1.58260434011287,0.95974006822723,1.43059167726476,1.56819580671913,-1.42298941902905,-1.21507283224706,-0.912715855341413,-0.89513597468871,-0.80013266338111,0.618939113952396,-0.262864035420862,0.878810270126987,-0.322778745391521,-0.178130139417035,1.79220054618879,2.56442962282401,1.01039861403348,1.54693734899794,0.99816629375125,1.27889918554083,0.7784451255755,1.22519737407473,0.107759929352805,-0.498808888802259,1.12681150136701,1.14564214053076,1.15116094239726,0.612602393604958,0.138160667888853,2.29934528379899,1.81528839509746,0.414343431903169,1.96828196173921,2.03562960931454,1.19029557735662,2.08451259883961,-0.330483647743229,1.63652072239705,0.569610833547933,0.694700776803121,2.15753742383449,0.800262526329998,0.204323396060098,-0.265357646195717
"k__Bacteria|p__Proteobacteria|c__Gammaproteobacteria|o__Enterobacteriales|f__Enterobacteriaceae|g__Enterobacter|s__hormaechei",1.29911179920702,1.36516737892097,-0.357426968611463,2.01433524984777,2.88050514023078,-0.293221895414971,0.772344584750912,-0.332710799618895,0.501818875026026,-0.778312563573241,-0.591328166550817,-0.325393662327074,0.430472265313487,-0.0733329478604543,-4.67563566038946,-0.305192264663514,-0.330301318828395,0.553219867428672,-0.329466595819601,-2.90564184167042,0.0941785402585513,-0.312233273660566,0.616567796701255,-0.32986238389245,-0.320719804356935,0.841591866598856,0.760179286056875,0.0997977465228275,0.69524598978119,1.91051772724159,2.11704549402298,1.16019755804446,-0.517596158497926,2.05577469342987,6.47419633642327,-0.247188070427473,0.771065740781143,0.439847055494074,0.150283688053775,-4.15010332207852,2.56931826551322,1.18222831647628,-0.563158548810974,2.15040372478821,7.01573002001746,1.28833080386541,0.640225705151797,0.852895486857854,1.04078970714832,5.24836094779816,-1.01828119695317,-0.36095286349089,-0.233987261722035,-0.447306436526915,-2.99514303309859,0.21227193869282,-0.262864035420862,0.464520419033005,-0.322778745391521,0.597189536717211,-0.25623399946991,1.74039268092565,0.100528159181492,1.11977855534032,-1.74895485279735,-0.285009580606586,0.145119147119921,0.603559764646912,-0.408180798140306,-4.06102935332194,-0.311618420882743,0.405917554616201,0.402616460922873,0.0962884295994912,-2.24970561124616,2.14698434314862,1.12939741738467,-0.333427619165993,1.82265106281158,4.32291487304604,-0.935163262472505,2.45701202176246,-0.330483647743229,1.67993440929513,-8.49657057728233,-0.439483366169004,0.480302786969722,0.361453033353508,-0.173187772855413,-3.43301908101349
"k__Bacteria|p__Proteobacteria|c__Gammaproteobacteria|o__Pasteurellales|f__Pasteurellaceae|g__Actinobacillus|s__unclassified",-0.282711343561262,-0.212939894484576,0.0294573640932858,-0.267148784007824,-0.103188789642673,-0.293221895414971,0.81369667299414,-0.332710799618895,-0.0883516427778039,-0.18976924188597,-0.166762478876507,0.825237234757872,-0.0650441745485023,0.0211232204005998,-0.671989492323928,-0.305192264663514,0.76898872479526,-0.079797937330394,-0.329466595819601,-0.249656524308499,-0.0260894074984213,0.927311273469073,-0.107590287949706,-0.32986238389245,-0.320719804356935,-0.0859617999464373,-0.326964773804027,-0.0415863279828444,-0.102343653778942,0.0824263784725064,-0.238757338291164,-0.239924120465624,0.0383030042640964,-0.281743309638951,0.321367215420325,-0.247188070427473,-0.324322470233261,-0.068603956119618,-0.015420050326568,-0.575164188855766,-0.244345401027377,-0.250403592497463,0.0494177528535901,-0.303827598070376,0.383401349692469,-0.28515818147756,-0.181614237164319,0.8525054019746,-0.150571000031013,0.4223295144039,0.0170523095895949,0.0868605961823988,0.0605089575089976,0.0309896832442724,-0.355768247134299,-0.0123141570451638,-0.262864035420862,-0.0720995955367672,-0.322778745391521,0.0994332898012527,-0.25623399946991,-0.235873694700267,-0.0362926627526189,-0.12836651921855,-0.481697542911734,-0.285009580606586,0.00294832393935063,-0.0933596079395747,0.0320346221505734,-0.437400795982336,-0.311618420882743,-0.0484357853802452,-0.0734943788392514,-0.0171885406056183,-0.295136338011562,-0.194599276806805,-0.187447996341844,0.0256493045671551,-0.242517748310599,0.107681419989013,-0.377534759480373,-0.206586745627415,-0.330483647743229,-0.147039025573805,-1.60537473311972,-0.0932900929582204,-0.31196947064837,-0.0583166038371271,0.0156695601547609,-0.322143125683699
"k__Bacteria|p__Proteobacteria|c__Gammaproteobacteria|o__Enterobacteriales|f__Enterobacteriaceae|g__Escherichia|s__unclassified",-0.282711343561262,0.82772964979803,0.472274408161446,0.63878194883491,-0.357120262522451,1.52800702000053,0.77642197000386,0.610416020849558,0.435540494540431,1.39527495058861,1.38103300608198,0.742366329186175,0.517354947601461,0.181737707603328,4.40398623335573,1.28668087895598,0.753194297575958,0.549115718426439,-0.329466595819601,2.34274499621127,0.564222829585784,0.950000241497961,0.570327652116576,-0.32986238389245,-0.320719804356935,0.46788143096309,1.00100198621122,0.494631626034309,0.442741356456418,-1.04837053759767,-0.238757338291164,0.847038589291595,0.316630949502869,0.602636037875072,-3.54078117359029,1.77851714624415,0.812653090377738,0.616695304316516,0.338826109244629,4.08379186700559,-0.244345401027377,0.88115274950617,0.306935452841846,0.617936169379864,-3.97363802455904,-0.28515818147756,0.923149250073837,0.85216395283325,0.569692657639773,-3.56120800924369,-0.238543429967455,-0.76742061102176,-0.528150359660219,-0.463148400534902,2.28518243684155,0.224163984741464,-0.262864035420862,0.409344533156972,-0.322778745391521,-1.02405413058629,1.70847906827487,1.69857854607707,0.640344306607028,0.560974976863783,2.95254705323242,1.26485565456361,0.349439097333914,0.574448058630173,0.215792182490155,3.34712326907991,1.32816326757792,0.520989294715927,0.600028121427698,0.362326865500769,2.31233355143502,-0.194599276806805,0.842881593522668,0.435049191624926,0.578101160008856,-1.86717670753631,2.24324861355496,-0.206586745627415,-0.330483647743229,0.284451215784532,9.63567840979702,1.01989871005027,-0.31196947064837,0.385871562650901,0.193237818381266,3.15334239357301
"k__Bacteria|p__Proteobacteria|c__Gammaproteobacteria|o__Pasteurellales|f__Pasteurellaceae|g__Haemophilus|s__parainfluenzae",-0.282711343561262,-0.0425704920015679,0.178176571197342,-0.136788681492445,-0.1079422081846,-0.293221895414971,-0.325836589437209,-0.332710799618895,0.0359911533479706,-0.103614723203866,0.0128130501819453,0.746864106020217,0.0568581242170511,0.110009404553921,-0.478053567591465,1.0216393213089,-0.330301318828395,0.0485099028082619,-0.329466595819601,-0.0692512211497625,0.15569532334768,0.929989953818313,0.0370815767303158,-0.32986238389245,-0.320719804356935,0.128005780234758,0.74811399685742,0.103408097600506,0.0110387795548449,0.124273027387319,-0.238757338291164,-0.0908782969178915,0.168321043223844,-0.219245001814563,0.16324990743661,-0.247188070427473,0.784078248169853,0.0769236373514828,0.0918945472892763,-0.346515743320059,-0.244345401027377,-0.108806465090617,0.156135902233777,-0.211423265344662,0.211831424359638,1.20346113233733,0.0267872851981428,-0.317158282493748,-0.0420850344527646,0.33745985570566,-0.202324695018303,-0.0852531419181869,-0.0790998735566264,-0.064946303843009,-0.404404594368106,0.116267041722151,1.48398108121218,0.0227495733097457,-0.322778745391521,0.0619514701031537,-0.25623399946991,-0.235873694700267,0.154476026202016,-0.00625871860152446,-0.300090890328663,-0.285009580606586,0.159856427358547,0.0340040099208434,0.140489103154814,-0.185543018195403,0.938337539872024,0.134339702853192,0.0896880835899131,0.111103776238786,-0.0988096994270684,-0.194599276806805,-0.0450153273063735,0.167633839177964,-0.153183104266222,0.0635517224821946,-0.172077244203091,-0.206586745627415,-0.330483647743229,-0.0948000766844349,-1.12591314126224,0.0450393440747052,-0.31196947064837,0.0389026281727756,0.0866979506368823,-0.219615186535598
"k__Bacteria|p__Proteobacteria|c__Betaproteobacteria|o__Burkholderiales|f__Alcaligenaceae|g__Sutterella|s__unclassified",-0.282711343561262,-0.521152443686096,0.461567318923399,-0.960449246735393,-0.709477515066105,-0.293221895414971,1.44109659917447,0.839224809094009,-0.0962640739576023,-0.544319014170604,-0.125404728537576,1.36671032513719,-0.0224825900176708,0.290116863912471,-1.30826821310824,-0.305192264663514,-0.330301318828395,-0.0881350742465278,-0.329466595819601,-0.469651830703637,0.29552627802208,1.27237247194314,-0.125435646740653,1.01569462757835,-0.320719804356935,0.0510412100845757,-0.326964773804027,0.168339952838736,-0.258469067263279,0.230158504976958,-0.238757338291164,-0.663601343355176,0.480147661799981,-1.07283090406175,0.418206786342873,-0.247188070427473,-0.324322470233261,0.0133044952686535,0.16822190617305,-1.34954578379033,-0.244345401027377,-0.711882189646769,0.499070810884073,-1.13443352031058,0.559202204699154,-0.28515818147756,-0.281675698676843,-0.317158282493748,-0.448275836446896,1.02512082167549,-0.187381341024396,0.0735466267992762,-0.124408160478092,0.13957099187463,-0.876377964981533,0.279936765246771,-0.262864035420862,-0.101438800389843,1.32141740159698,0.800866572672663,-0.25623399946991,-0.235873694700267,0.260888514165254,-0.393484679286375,-1.41536699185969,-0.285009580606586,0.362800787911124,-0.093858424236369,0.451176434781507,-0.799988205846374,-0.311618420882743,0.163613425934404,0.0256895945196847,0.142240354171001,-0.645298717835048,-0.194599276806805,-0.509358799137856,0.424376003997705,-0.879813992539089,-0.020183829341034,-0.889885148922759,-0.206586745627415,1.209085280285,-0.690180547729246,-4.31311040002255,-0.0946715111055331,0.507154302878298,-0.0337608253366551,0.237346560914931,-1.01655515352894
"k__Bacteria|p__Proteobacteria|c__Gammaproteobacteria|o__Pasteurellales|f__Pasteurellaceae|g__Haemophilus|s__unclassified",-0.282711343561262,-0.0192693692743836,0.712481825024435,-0.519773173062847,-0.490781412694075,-0.293221895414971,0.788052686743739,-0.332710799618895,0.17556931755707,-0.233192728418135,0.331199246926476,0.954278257348015,0.285819051734714,0.403954841210622,-0.677787308935017,1.0666675287481,0.875136031484245,0.235865913272699,-0.329466595819601,-0.107560782665191,0.622458531325923,1.06383591605984,0.199351432898495,0.736511366058011,0.853686552741797,0.416656011738229,0.928430810986516,0.450125447949504,0.0237879046792017,0.211049728821294,-0.238757338291164,-0.231606504093654,0.644799068774152,-0.680073343830586,0.264957527917475,-0.247188070427473,1.03722555197544,0.389863424385691,0.379205466399601,-0.72750374506632,1.60593857465242,-0.264289193802229,0.649437755352228,-0.716703266883748,0.406989090437913,-0.28515818147756,0.176391719632112,0.855524587210488,-0.113125364069792,0.775957967125624,-0.50959212221181,-0.330942410097439,-0.441438192384664,-0.109234190638202,-0.530393321912153,0.474047788438976,1.47479159968904,0.135790671950393,-0.322778745391521,0.586139855846542,1.5927269359751,-0.235873694700267,0.629455936600543,-0.031283643052828,-0.781378797802801,-0.285009580606586,0.640903762896402,0.252553214860638,0.571842832947355,-0.319999606290266,1.02260076983615,0.513985230682052,0.380637908649116,0.377037523083232,-0.220346034830577,-0.194599276806805,-0.028990300167468,0.657175072738623,-0.476869360131136,0.00810172798255122,-0.331959182239826,-0.206586745627415,0.643898648564933,-0.405343215431483,-2.86847104718756,0.238907730792458,0.386854876257526,0.20126702851302,0.336842071449517,-0.522619269245165
"k__Bacteria|p__Proteobacteria|c__Alphaproteobacteria|o__RF32|f__unclassified|g__unclassified|s__unclassified",-0.282711343561262,-0.293612454985661,-0.176909418212427,-0.240854502959512,-0.109851102103593,-0.293221895414971,-0.325836589437209,-0.332710799618895,-0.160338281204217,-0.170484175913817,-0.267100047964663,-0.325393662327074,-0.195134007436468,-0.0915107637637914,-0.263593707741439,-0.305192264663514,-0.330301318828395,-0.198783987096278,-0.329466595819601,-0.186735207323554,-0.231862033797521,-0.312233273660566,-0.203999981900572,-0.32986238389245,1.09250317969513,-0.235409869777663,-0.326964773804027,-0.184399014749341,-0.155255711790049,0.0551204612994258,-0.238757338291164,-0.250829814358087,-0.117879178996189,-0.188043815753925,0.0413678833925169,-0.247188070427473,-0.324322470233261,-0.233794597408353,-0.151516757065465,-0.281265252586182,-0.244345401027377,-0.254370551460035,-0.113198804304077,-0.187763985372943,0.0762210515168367,-0.28515818147756,-0.273805842739066,-0.317158282493748,-0.19576011507466,0.0835298497074443,0.208498084401393,0.264565806531418,0.201292074268571,0.168260032694849,-0.196908985983607,-0.119362547585329,-0.262864035420862,-0.151597234879373,-0.322778745391521,0.149956521304661,-0.25623399946991,-0.235873694700267,-0.238544428029558,-0.21299918240858,-0.325770294212127,-0.285009580606586,-0.181833895718813,-0.218377622459214,-0.108623059101875,-0.227760238601999,-0.311618420882743,-0.23641347360881,-0.223137210135266,-0.153066497899869,-0.206547491746726,-0.194599276806805,-0.264735493587593,-0.163003967799197,-0.198016672815643,-0.0519619609970202,-0.30485426973081,-0.206586745627415,-0.330483647743229,-0.171713560051687,-0.657948081748923,-0.223286885685005,0.397582611585248,-0.14199215453572,-0.0665683420525216,-0.299486337219765
"k__Bacteria|p__Actinobacteria|c__Actinobacteria|o__Actinomycetales|f__Actinomycetaceae|g__Actinomyces|s__unclassified",1.42577241636808,0.460206832179867,-0.425678890173053,0.876143420237708,1.17748506730507,-0.293221895414971,-0.325836589437209,-0.332710799618895,0.105379691523398,-0.184160636920816,-0.329500375838256,-0.325393662327074,0.0433983642347711,-0.182688344968679,-1.27802235510856,-0.305192264663514,-0.330301318828395,0.0805565092799949,0.716064605922474,-0.96785928943963,-0.242487830365383,-0.312233273660566,0.113279209785238,-0.32986238389245,-0.320719804356935,0.0963692528990982,0.742726791444202,-0.14882449539562,0.241906977348684,0.548962748888286,1.76857172204375,0.484343976616204,-0.430626502332168,0.968787827331455,2.11086790624597,-0.247188070427473,-0.324322470233261,-0.0151753540481522,-0.110277398823881,-1.14136281870873,1.61380796900158,0.48775315504502,-0.452679403050635,1.00014670788937,2.28588142230879,-0.28515818147756,0.131279037481392,-0.317158282493748,0.390537830358577,1.46021064905213,-0.135490815400819,-0.0149149193589281,0.10745379770326,-0.116826109233151,-0.79075271926123,-0.126265030280395,-0.262864035420862,0.109060599577047,-0.322778745391521,-0.0275795357616661,-0.25623399946991,-0.235873694700267,-0.228623040261774,0.375646638558637,-0.298037826306212,-0.285009580606586,-0.202072248155787,0.0956067171997561,-0.366092894233275,-1.28233172619007,-0.311618420882743,-0.0665430465762305,-0.012313496695229,-0.108876559992575,-0.679463804432616,-0.194599276806805,0.39646772717287,-0.384446540071418,0.804592696006914,1.45897884324221,-0.190444934537148,-0.206586745627415,-0.330483647743229,0.729285223471568,-1.78372058039808,-0.273326827204373,-0.31196947064837,0.0357580117446182,-0.190542402181404,-1.03602121543534
"k__Bacteria|p__Actinobacteria|c__Actinobacteria|o__Actinomycetales|f__Actinomycetaceae|g__Parascardovia|s__unclassified",-0.282711343561262,0.0703985612008657,-0.42177297090654,0.402597106198067,0.573299339861655,-0.293221895414971,-0.325836589437209,-0.332710799618895,-0.0713702896509156,-0.188154426886718,-0.377043751468526,-0.325393662327074,-0.137578268454567,-0.229346901042637,-0.742188775836496,-0.305192264663514,-0.330301318828395,-0.104936246463477,-0.329466595819601,-0.595620498235938,-0.334398661547298,-0.312233273660566,-0.0798191039483092,-0.32986238389245,-0.320719804356935,-0.153780695273234,-0.326964773804027,-0.269654858219978,0.00854325924422517,0.262385835177636,1.77868874704095,0.149546299257681,-0.405572405389686,0.490648310184017,1.15321896519232,-0.247188070427473,-0.324322470233261,-0.188515919061574,-0.204792817022418,-0.665918011869296,-0.244345401027377,0.159403660582666,-0.420415880363735,0.513095791090767,1.15490923822226,-0.28515818147756,-0.122595725243002,-0.317158282493748,0.117088565598151,0.734975501085973,0.119562264133211,0.208372521153794,0.214713444018411,0.0500080847874525,-0.448271677066306,-0.215148556684949,-0.262864035420862,-0.0441924064062416,-0.322778745391521,-0.00191998465527798,-0.25623399946991,-0.235873694700267,-0.351151981276929,0.0748359829119392,-0.241397228399401,-0.285009580606586,-0.305249139086861,-0.099093793409624,-0.356964775257079,-0.749000585392265,-0.311618420882743,-0.259552336621863,-0.192876808354405,-0.207089440801989,-0.439191017347147,-0.194599276806805,0.0556747008243699,-0.386101506085383,0.366861982807131,0.783347307201366,-0.202090495162438,-0.206586745627415,-0.330483647743229,0.335003745811122,-0.789505694500325,-0.329053773666969,-0.31196947064837,-0.0826264984347657,-0.210952679387592,-0.720053592262968
"k__Bacteria|p__Actinobacteria|c__Actinobacteria|o__Actinomycetales|f__Corynebacteriaceae|g__Corynebacterium|s__unclassified",-0.282711343561262,-0.097943998874708,-0.378683092608694,0.148355735330193,0.129842014892449,-0.293221895414971,-0.325836589437209,-0.332710799618895,-0.127150032526262,0.107747687971294,-0.181367901177954,-0.325393662327074,-0.186166211464212,-0.22948411366974,0.552351671783403,-0.305192264663514,-0.330301318828395,-0.189931859477554,-0.329466595819601,0.174476424217327,-0.359028615917837,-0.312233273660566,-0.178624263664959,-0.32986238389245,-0.320719804356935,-0.272524138300288,-0.326964773804027,-0.261394691393618,-0.0733902537759431,-0.0733981725610787,-0.238757338291164,0.0417862226369155,-0.341156410820183,0.250655870186404,-0.431836829533924,-0.247188070427473,-0.324322470233261,-0.257259764649011,-0.226614980869442,0.506595725278819,-0.244345401027377,0.0482896921251801,-0.324019486239812,0.267055590908467,-0.509266734218653,-0.28515818147756,-0.156248820067756,-0.317158282493748,-0.00992549616857736,-0.67410475878172,0.327289745590087,0.214071808800058,0.248915333984757,0.0897683733014018,0.340868012440897,-0.262145354556562,-0.262864035420862,-0.112234971668905,-0.322778745391521,-0.288446585317342,-0.25623399946991,-0.235873694700267,-0.367184993012218,-0.057790852183721,0.401175636278692,-0.285009580606586,-0.361993260422429,-0.195206697474653,-0.294318248308967,0.294372968132021,-0.311618420882743,-0.334791797162309,-0.249233075676368,-0.224141596246038,0.140185930035549,-0.194599276806805,-0.0409262200880011,-0.366043864198462,0.171666600589625,-0.213851881666942,0.189591575253768,-0.206586745627415,-0.330483647743229,0.113797910528317,1.815861308337,-0.138432261753884,-0.31196947064837,-0.14643632069811,-0.174718403895223,0.396998286463798
"k__Bacteria|p__Actinobacteria|c__Actinobacteria|o__Actinomycetales|f__Micrococcaceae|g__Rothia|s__mucilaginosa",-0.282711343561262,0.174268406451822,-0.409264144524299,0.477265483703403,0.531572842780607,-0.293221895414971,-0.325836589437209,-0.332710799618895,-0.033520430841143,-0.0521662948797999,-0.223187447413441,-0.325393662327074,-0.0884644005317383,-0.21241377296563,-0.190666711414349,-0.305192264663514,-0.330301318828395,-0.0715845158264706,-0.329466595819601,-0.398435234583847,-0.291488324301068,-0.312233273660566,-0.0284601237100865,-0.32986238389245,-0.320719804356935,-0.143112955191857,0.738315656867061,-0.210234257125586,0.0752321206241981,0.00895913764826331,1.76446025296973,0.232247953516615,-0.374383501494525,0.59459199290711,0.838946160273523,-0.247188070427473,-0.324322470233261,-0.155047366930775,-0.168415706104635,-0.279432128676791,-0.244345401027377,0.257179268444635,-0.399611321478117,0.601860462842062,0.778956313573241,-0.28515818147756,-0.0293318644520614,-0.317158282493748,0.157179716204789,0.383876554389011,0.159670630962996,0.128478537611069,0.176071381215108,0.0272982415658552,0.0355213118301673,-0.193908620162086,-0.262864035420862,-0.00817199836833045,-0.322778745391521,-0.115218226288837,-0.25623399946991,-0.235873694700267,-0.298062961771921,0.136139581240881,0.0848489560715453,-0.285009580606586,-0.293914064785558,-0.0685402802444619,-0.346076724267951,-0.444638943398909,-0.311618420882743,-0.226154838376991,-0.152500742211132,-0.185108386112226,-0.211365274636361,-0.194599276806805,0.146580572704341,-0.369897452463384,0.447558136102737,0.609363730967436,0.00975365122464409,-0.206586745627415,-0.330483647743229,0.392475638960591,0.154778539523763,-0.197879973040328,0.388444912368234,-0.0559294374402181,-0.184997317434566,-0.176304473741851
"k__Bacteria|p__Actinobacteria|c__Actinobacteria|o__Bifidobacteriales|f__Bifidobacteriaceae|g__Bifidobacterium|s__longum",1.37886907259409,0.671593171498202,0.993312066647892,0.0831380243562094,-0.744588034528152,1.61250463038031,0.989541672978967,0.850416336574572,0.48465362012695,1.08000768711651,1.46607180099776,0.77839865165729,0.64625468400475,0.509093279780482,3.38702721070322,1.38657653279568,0.94579094747099,0.648713700466383,0.748548251061708,2.0631906910507,0.981607093046882,0.943716639068818,0.630798463244919,0.754483429743218,-0.320719804356935,0.719623895977343,0.854123265032371,0.790688098038525,0.384998229937953,-0.770232928122583,-0.238757338291164,0.551478318609534,0.809787593243836,-0.0787571915883916,-3.18126106341064,1.78391771557376,1.18207359276819,0.820925431636325,0.603398798879011,3.16720375212015,-0.244345401027377,0.534174534964308,0.820395367798792,-0.107262096339985,-3.5256291286348,-0.28515818147756,0.937951072529572,1.18055580393399,0.349844469055992,-2.72121358232386,-0.576610865350863,-0.894902052829202,-0.784224250945219,-0.445396406589566,1.71191701226854,0.567637826893339,-0.262864035420862,0.441452746662854,0.783679791964833,-0.381222021739841,1.73536707142767,1.69546537696355,1.04282389421067,0.431412171559202,2.0482021759555,1.40125564538109,0.798216497760066,0.667019518477243,0.660242369127574,2.8332313341446,1.10294144753158,0.871169323275967,0.790064155916581,0.602103169400783,1.94538805297056,-0.194599276806805,0.658018936526156,0.884999408269048,0.0740392044569255,-1.79658054187723,1.69417344628261,-0.206586745627415,0.904783536079719,-0.121635821372619,6.52562831899327,1.11841949244243,0.734342182974617,0.485941804997092,0.445982037388319,2.56658008169588
"k__Bacteria|p__Actinobacteria|c__Actinobacteria|o__Bifidobacteriales|f__Bifidobacteriaceae|g__Bifidobacterium|s__adolescentis",-0.282711343561262,0.340937902657972,0.368097918107651,0.137296297846309,-0.640995974944292,-0.293221895414971,1.44605587664318,1.44673330980357,0.208271736317382,0.997051820175719,0.937508009342945,-0.325393662327074,0.261838674922913,0.128035772168117,3.45050903051744,1.02328287586472,-0.330301318828395,0.2685528323323,0.79137712375547,1.96417448038737,0.339243977435503,-0.312233273660566,0.283964922014091,0.748234446241195,-0.320719804356935,0.17469851826142,-0.326964773804027,0.299519586157646,0.188646084483605,-0.88583214674296,-0.238757338291164,0.407309816405836,0.270751863103522,0.11423939169262,-3.27808254148489,1.63552562428237,0.774290869063405,0.332786337155572,0.192058573159565,3.2547777279623,-0.244345401027377,0.425330835015055,0.286005207073518,0.115881797887949,-3.65021956600198,-0.28515818147756,0.520434071880195,-0.317158282493748,0.220672089624158,-3.07404952968769,0.00756232635518821,-0.404052539038273,-0.279216196123688,-0.192711299341875,1.92051694528399,0.0755188291989378,-0.262864035420862,0.193667408583122,-0.322778745391521,-0.834827062207243,1.58164419909972,-0.235873694700267,0.383858463081089,0.194309530079696,2.19632317008025,1.47953466477416,0.194269579138549,0.28031491042331,0.198872444890828,2.78638670312477,0.93647844886074,0.270967540192641,0.324589222217927,0.20605231067845,1.87613429457371,-0.194599276806805,0.396174494218962,0.320724112183152,0.13246875882397,-1.84999763547743,1.60088119722474,-0.206586745627415,-0.330483647743229,-0.0398532226145135,7.5427187268605,0.73506793915642,0.390384862714189,0.185991634544937,0.155714896471703,2.59702162378602
"k__Bacteria|p__Actinobacteria|c__Actinobacteria|o__Bifidobacteriales|f__Bifidobacteriaceae|g__Bifidobacterium|s__unclassified",1.29093267483217,0.401101751029375,0.786656311560724,-0.0989897196857321,-0.80160514324128,1.16365018474255,0.770299640728649,0.559270946861951,0.332208448705494,0.961256222598936,1.1681195297929,0.754315735181784,0.444399405547757,0.390168287214933,3.02114275003511,1.04078255939243,0.786792857623425,0.449746740046585,1.26017710945415,1.89643329571987,0.740878936966258,-0.312233273660566,0.42668748126624,0.765221353941485,-0.320719804356935,0.455802442784699,0.787140392307285,0.604486069085013,0.231771239935074,-0.889363458302396,-0.238757338291164,0.334653004324997,0.664356232879569,-0.234119428826319,-3.05804184169661,1.63697750004946,0.778497195261208,0.59880041252909,0.434035673766281,2.91566905018453,-0.244345401027377,0.322817187493043,0.667755357163721,-0.250506774534911,-3.41873511650822,-0.28515818147756,0.6707430362021,0.866741994932476,0.202082105527711,-2.65074135820512,-0.299998133029136,-0.65042848718277,-0.587758202326766,-0.28937898048429,1.7369930084146,0.387299044450064,-0.262864035420862,0.293925705628691,1.26468774407076,-0.495409553945037,1.65660723757006,-0.235873694700267,0.778141742569361,0.226238575661228,1.79713193652096,1.22095432588275,0.576441240832778,0.450709761075047,0.538908839307765,2.60344271003039,0.976600721095474,0.616976340227849,0.588646218507755,0.454425295692436,1.76195114642756,-0.194599276806805,0.405796454269903,0.721291682004915,-0.0945434823010763,-1.75532495894369,1.44528393922358,-0.206586745627415,0.646873733048749,-0.213975930535077,6.05392534433358,0.930445528739658,0.397407671720393,0.321346992158972,0.362438691840018,2.46564316673094
"k__Bacteria|p__Cyanobacteria|c__4C0d-2|o__YS2|f__unclassified|g__unclassified|s__unclassified",-0.282711343561262,-0.0842874570999081,-0.379835249594245,0.152362476575741,0.0582104817759408,-0.293221895414971,-0.325836589437209,-0.332710799618895,-0.151162793421736,0.162816608829904,-0.159031983235284,-0.325393662327074,-0.177496471744529,-0.244303569632202,0.618388589660696,-0.305192264663514,-0.330301318828395,-0.173096833470097,-0.329466595819601,0.24976661671162,-0.370093946084092,-0.312233273660566,-0.165878884508021,-0.32986238389245,-0.320719804356935,-0.306987871113927,-0.326964773804027,-0.26061601652073,-0.0726137479167684,-0.207704133721786,-0.238757338291164,0.0461915001591016,-0.327092314684251,0.221898805986647,-0.566901733280264,-0.247188070427473,-0.324322470233261,-0.270498151674582,-0.229172268913793,0.631546938240226,-0.244345401027377,0.0547521263966824,-0.323137883577973,0.251881659290108,-0.62761627786613,-0.28515818147756,-0.146839828667435,-0.317158282493748,-0.0209033609644598,-0.752775743331731,0.34193335224293,0.211804332613402,0.268850449696589,0.079242969021551,0.386869292333039,-0.295016310854784,-0.262864035420862,-0.112931242391646,-0.322778745391521,-0.415601110530055,-0.25623399946991,-0.235873694700267,-0.355840676337155,-0.0782094672821532,0.520642238751015,-0.285009580606586,-0.367918603011331,-0.189710171468451,-0.296948741630977,0.414741468501474,-0.311618420882743,-0.32952538732009,-0.25505515763497,-0.203007466258827,0.266296990153789,-0.194599276806805,-0.0568509492642104,-0.328500572318755,0.129102456579149,-0.299954708853983,0.225964287964213,-0.206586745627415,-0.330483647743229,0.0823030148041023,2.01890788570376,-0.142277883636773,-0.31196947064837,-0.146419003743465,-0.184509519310083,0.334113342232795
"k__Bacteria|p__Cyanobacteria|c__Chloroplast|o__Streptophyta|f__unclassified|g__unclassified|s__unclassified",-0.282711343561262,-0.138174006570524,-0.374740420364514,0.0989446515323032,0.0674256823748516,-0.293221895414971,-0.325836589437209,-0.332710799618895,-0.133737575327284,0.041117671036586,-0.214229509777443,-0.325393662327074,-0.193203510121685,-0.228305940726841,0.363325121756848,-0.305192264663514,-0.330301318828395,-0.188513863162857,-0.329466595819601,0.00353843260445617,-0.352958969103008,-0.312233273660566,-0.178821492735446,-0.32986238389245,-0.320719804356935,-0.308504448555975,-0.326964773804027,-0.250928332878351,-0.0776368107974998,-0.246705358801675,-0.238757338291164,-0.021981388009219,-0.310519223167567,0.172959199238749,-0.108962290647819,-0.247188070427473,-0.324322470233261,-0.259630057281749,-0.215670434742684,0.252900708977293,-0.244345401027377,0.00834352438600823,-0.310989392863777,0.199719701130263,-0.19067037768767,-0.28515818147756,-0.194807939675174,-0.317158282493748,-0.03494735166557,-0.302893718918002,0.340011020103124,0.225980403495734,0.247333250057598,0.103352962183648,0.410815831383214,-0.262409341648501,-0.262864035420862,-0.110163894231993,-0.322778745391521,-0.226423524929983,-0.25623399946991,-0.235873694700267,-0.359813803754559,-0.0998878681419832,0.283807590180427,-0.285009580606586,-0.343522308187196,-0.185863650431579,-0.280650986381587,0.123417567444956,-0.311618420882743,-0.327607607683195,-0.260645585839293,-0.204822857255172,0.0912302122324335,-0.194599276806805,-0.110846665887858,-0.325394967706414,0.103400134387911,-0.0423051490230695,0.0670921518742483,-0.206586745627415,-0.330483647743229,0.0765883771861403,1.1026263898743,-0.165536625752469,-0.31196947064837,-0.132946608165265,-0.174567476566345,0.316846314372291
"k__Bacteria|p__Fusobacteria|c__Fusobacteria|o__Fusobacteriales|f__Fusobacteriaceae|g__Fusobacterium|s__unclassified",1.32691846882022,0.00866657364503387,-0.177553013432395,0.113920158193973,0.137922883287904,-0.293221895414971,-0.325836589437209,-0.332710799618895,-0.0466482688364048,0.0656740070904611,-0.117454101943744,0.872291668096039,-0.0776207006391178,-0.0885166022642492,0.049189795176915,-0.305192264663514,-0.330301318828395,-0.0641566972312888,-0.329466595819601,-0.0351578816290028,-0.140585969624368,-0.312233273660566,-0.0439678118880079,-0.32986238389245,-0.320719804356935,-0.0987579465008453,-0.326964773804027,-0.103529530086178,-0.00493202690983612,-0.107434505572668,-0.238757338291164,0.0614422026008774,-0.174275567840528,0.141723879714196,-0.0427199926689667,-0.247188070427473,-0.324322470233261,-0.0926442703594366,-0.0916693550560054,0.151633458495686,-0.244345401027377,0.0735393702681021,-0.1521816142629,0.176377396715252,-0.176894208788078,-0.28515818147756,-0.0309768230154564,-0.317158282493748,0.0128212223853355,-0.205445325128564,0.101073796876341,0.0634114528821869,0.0838429862448419,0.00554657342432153,0.0873264318455602,-0.133769954513655,-0.262864035420862,-0.0129043582012383,0.766412432510343,-0.235675677569395,-0.25623399946991,-0.235873694700267,-0.142155872884248,0.0194694424062158,0.198376598015228,-0.285009580606586,-0.171154948640552,-0.0454852830228196,-0.138751196645297,0.0489517356009994,0.93399427225765,-0.118937659707985,-0.0867968889083338,-0.0904224184719633,0.0741936590010652,-0.194599276806805,0.0177262513487205,-0.168506695002358,0.106389497728376,-0.0280762322916105,0.112532110479059,-0.206586745627415,-0.330483647743229,0.115646093324965,0.741916430054834,-0.0704137144959007,-0.31196947064837,-0.0337620796178749,-0.0782242717353594,0.201029582149722
"k__Bacteria|p__Fusobacteria|c__Fusobacteria|o__Fusobacteriales|f__Fusobacteriaceae|g__unclassified|s__unclassified",-0.282711343561262,-0.078717087528471,-0.401625133572394,0.181323409596978,0.123185140843917,-0.293221895414971,-0.325836589437209,-0.332710799618895,-0.126821718492241,0.116175724212081,-0.206617966021777,-0.325393662327074,-0.17513480498677,-0.222227756703731,0.490170226322855,-0.305192264663514,-0.330301318828395,-0.171793962119708,-0.329466595819601,0.101473416872161,-0.354268390232862,-0.312233273660566,-0.158274335429073,-0.32986238389245,-0.320719804356935,-0.29431615127208,-0.326964773804027,-0.266458560581057,-0.0719537421531387,-0.251251995989254,-0.238757338291164,0.0491201712776015,-0.33102400666518,0.247109703564406,-0.319851858872225,-0.247188070427473,-0.324322470233261,-0.245841582728617,-0.217816891138257,0.473937258911625,-0.244345401027377,0.0565563294727106,-0.345097150730448,0.256804899784741,-0.457229801816675,-0.28515818147756,-0.153776037288426,-0.317158282493748,-0.0187734142885911,-0.562213263323271,0.357623934319234,0.233352570865792,0.250748187661906,0.0987852035513447,0.47307458877623,-0.266954344620768,-0.262864035420862,-0.0913616216459777,-0.322778745391521,-0.264977850748582,-0.25623399946991,-0.235873694700267,-0.360314576891867,-0.0522180476396744,0.443559664841667,-0.285009580606586,-0.367201488287535,-0.168883003427507,-0.298430615558388,0.233510982987539,-0.311618420882743,-0.328028166067069,-0.242484834595615,-0.22422609022678,0.189345120991503,-0.194599276806805,-0.045953833796279,-0.340431990113449,0.163983109234565,-0.146155426730388,0.166503748736033,-0.206586745627415,-0.330483647743229,0.131546207402265,1.72090637856268,-0.122163922409322,-0.31196947064837,-0.13140437932948,-0.173619537851361,0.500717090794961
"k__Bacteria|p__Tenericutes|c__Mollicutes|o__RF39|f__unclassified|g__unclassified|s__unclassified",-0.282711343561262,-0.103716676208137,-0.385610203973934,0.152290028032737,0.146380386195008,-0.293221895414971,-0.325836589437209,-0.332710799618895,-0.129928695952117,0.132442378521897,-0.182151203991888,-0.325393662327074,-0.183473917836043,-0.229906922080649,0.476761939163145,-0.305192264663514,-0.330301318828395,-0.179696492568547,-0.329466595819601,0.139528671510275,-0.343187953491046,-0.312233273660566,-0.160138582798532,-0.32986238389245,-0.320719804356935,-0.311735459387254,-0.326964773804027,-0.252824405168515,-0.0739245992255591,-0.288601117605695,-0.238757338291164,0.0168230287524617,-0.335483579307579,0.216121968177575,-0.417830056768396,-0.247188070427473,-0.324322470233261,-0.259761746708134,-0.210356190800677,0.524798956225472,-0.244345401027377,0.0471126932638477,-0.322692514046813,0.249625322557252,-0.460987992241916,-0.28515818147756,-0.155671514836492,-0.317158282493748,-0.01830165362789,-0.662546719815545,0.390530311627153,0.220944105235465,0.252141677775705,0.133245185906073,0.543168719764708,-0.288984700393637,-0.262864035420862,-0.102411534234372,-0.322778745391521,-0.409063762218729,-0.25623399946991,-0.235873694700267,-0.365212581675454,-0.0556150265257204,0.461992807501669,-0.285009580606586,-0.35029026493566,-0.193650785675858,-0.282224417670965,0.270327350509606,-0.311618420882743,-0.336697204663874,-0.240039955599408,-0.211094588334691,0.228156154612937,-0.194599276806805,-0.0817597800442959,-0.348913093014717,0.150869070761492,-0.184631865208546,0.195465625005853,-0.206586745627415,-0.330483647743229,0.116445865480461,1.79667798731559,-0.14622406650365,-0.31196947064837,-0.121921467669604,-0.175594760293497,0.409404868310428
"k__Bacteria|p__Verrucomicrobia|c__Verrucomicrobiae|o__Verrucomicrobiales|f__Verrucomicrobiaceae|g__Akkermansia|s__muciniphila",-0.282711343561262,-0.398734958439825,0.0798704081866311,-0.539234515098404,-0.393862826859863,-0.293221895414971,-0.325836589437209,-0.332710799618895,-0.135382284799546,-0.287295166497275,-0.148372979536976,-0.325393662327074,-0.135408911936947,0.0282980664790761,-0.414560189377971,-0.305192264663514,-0.330301318828395,-0.155623598751793,-0.329466595819601,-0.196463423967312,-0.0298751330556244,1.02184359784439,-0.175438541986418,0.718116310577042,-0.320719804356935,-0.120363665185418,-0.326964773804027,-0.0495466411658232,-0.185132094681978,0.141448507528154,-0.238757338291164,-0.391099251809443,0.101130006551979,-0.538699357260839,-0.0444169574378866,-0.247188070427473,0.810396911724081,-0.132353675506587,-0.0262796148962755,-0.508890185359686,-0.244345401027377,-0.419659695161507,0.132829307297697,-0.570601470207534,0.0111811699993926,-0.28515818147756,-0.27076520691092,-0.317158282493748,-0.287087427730657,0.250809582079205,0.0962964732170256,0.165744647783051,0.0569828601346528,0.171363384746112,-0.292350960616331,0.0320286573638588,-0.262864035420862,-0.137209687537006,0.94841164869023,0.433058527524188,-0.25623399946991,-0.235873694700267,-0.0485805129833809,-0.311384885988549,-0.630706780948783,-0.285009580606586,0.00458591895531464,-0.17245483447888,0.104745710704211,-0.289705045927817,-0.311618420882743,-0.0810182191319587,-0.127229148570066,-0.0258876291805467,-0.34795167948621,-0.194599276806805,-0.33819491440896,0.078386260829485,-0.477937501992822,-0.214235919520796,-0.466561821438002,-0.206586745627415,-0.330483647743229,-0.410888746890371,-1.60909777588572,-0.134241659848297,0.583926620939418,-0.103964894925313,0.0454468481126024,-0.440456027825214
