#OTU ID,T000272.0,T000272.1,T000272.2,T000272.3,T000272.4,T000461.0,T000461.1,T000461.2,T000461.3,T000461.4,T002534.0,T002534.1,T002534.2,T002534.3,T002534.4,T003950.0,T003950.1,T003950.2,T003950.3,T003950.4,T005999.0,T005999.1,T005999.2,T005999.3,T005999.4,T007748.0,T007748.1,T007748.2,T007748.3,T007748.4,T008025.0,T008025.1,T008025.2,T008025.3,T008025.4,T008631.0,T008631.1,T008631.2,T008631.3,T008631.4,T009280.0,T009280.1,T009280.2,T009280.3,T009280.4,T009909.0,T009909.1,T009909.2,T009909.3,T009909.4,T010520.0,T010520.1,T010520.2,T010520.3,T010520.4,T010532.0,T010532.1,T010532.2,T010532.3,T010532.4,T012138.0,T012138.1,T012138.2,T012138.3,T012138.4,T012374.0,T012374.1,T012374.2,T012374.3,T012374.4,T012389.0,T012389.1,T012389.2,T012389.3,T012389.4,T013832.0,T013832.1,T013832.2,T013832.3,T013832.4,T014827.0,T014827.1,T014827.2,T014827.3,T014827.4,T017394.0,T017394.1,T017394.2,T017394.3,T017394.4,T018343.0,T018343.1,T018343.2,T018343.3,T018343.4,T019021.0,T019021.1,T019021.2,T019021.3,T019021.4,T019031.0,T019031.1,T019031.2,T019031.3,T019031.4,T019850.0,T019850.1,T019850.2,T019850.3,T019850.4,T020231.0,T020231.1,T020231.2,T020231.3,T020231.4,T021076.0,T021076.1,T021076.2,T021076.3,T021076.4,T021613.0,T021613.1,T021613.2,T021613.3,T021613.4,T023390.0,T023390.1,T023390.2,T023390.3,T023390.4,T023909.0,T023909.1,T023909.2,T023909.3,T023909.4,T024121.0,T024121.1,T024121.2,T024121.3,T024121.4,T028183.0,T028183.1,T028183.2,T028183.3,T028183.4
k__Bacteria|p__Firmicutes|c__Bacilli|o__Lactobacillales|f__Enterococcaceae|g__unclassified|s__unclassified,0.0,0.0,0.0,0.0,0.0,0.0,0.0,0.0,0.0,0.0,0.0,0.0,0.0,0.0,0.0,0.0,0.0,0.0,0.0,0.0,0.0,0.0,0.0,0.0,0.0,0.0,0.0,0.0,0.0,0.0,0.0,0.0,0.0,0.0,0.0,0.0,0.0,0.0,0.0,0.0,0.0,0.0,0.0,0.0,0.0,0.0,0.0,0.0,0.0,0.0,0.0,0.0,0.0,0.0,0.0,0.0,0.0,0.0,0.0,0.0,0.0,0.0,0.0,0.0,0.0,0.0,0.0,0.0,0.0,0.0,0.0,0.0,0.0,0.0,0.0,0.0,0.0,0.0,0.0,0.0,0.0,0.0,0.0,0.0,0.0,0.0,0.0,0.0,0.0,0.0,0.0,0.0,0.0,0.0,0.0,0.0,0.0,0.0,0.0,0.0,0.0,0.0,0.0,0.0,0.0,0.0,0.0,0.0,0.0,0.0,0.0,0.0,0.0,0.0,0.0,0.0,0.0,0.0,0.0,0.0,0.0,0.0,0.0,0.0,0.0,0.0,0.0,0.0,0.0,0.0,0.0,0.0,0.024156857,0.0,0.0,0.0,0.0,0.0,0.0,0.0,0.0,0.0,0.0,0.0,0.0
k__Bacteria|p__Firmicutes|c__Clostridia|o__Clostridiales|f__Clostridiaceae|g__Peptoniphilus|s__asaccharolyticus,0.0,0.0,0.0,0.0,0.0,0.0,0.0,0.0,0.0,0.0,0.0,0.0,0.0,0.0,0.0,0.0,0.0,0.0,0.0,0.0,0.0,0.0,0.0,0.0,0.0,0.034112122,0.0,0.0,0.0,0.0,0.0,0.0,0.0,0.0,0.0,0.0,0.0,0.0,0.0,0.0,0.0,0.0,0.0,0.0,0.0,0.0,0.0,0.0,0.0,0.0,0.0,0.0,0.0,0.0,0.0,0.0,0.0,0.0,0.0,0.0,0.0,0.0,0.0,0.0,0.0,0.0,0.0,0.0,0.0,0.0,0.0,0.0,0.0,0.0,0.0,0.0,0.0,0.0,0.0,0.0,0.0,0.0,0.0,0.0,0.0,0.0,0.0,0.0,0.0,0.0,0.0,0.0,0.0,0.0,0.0,0.0,0.0,0.0,0.0,0.0,0.0,0.0,0.0,0.0,0.0,0.0,0.0,0.0,0.0,0.0,0.0,0.0,0.0,0.0,0.0,0.0,0.0,0.0,0.0,0.0,0.0,0.0,0.0,0.0,0.0,0.0,0.0,0.0,0.0,0.0,0.0,0.0,0.0,0.0,0.0,0.0,0.0,0.0,0.0,0.0,0.0,0.0,0.0,0.0,0.0
k__Bacteria|p__Firmicutes|c__Bacilli|o__Lactobacillales|f__Streptococcaceae|g__unclassified|s__unclassified,0.0,0.0,0.0,0.0,0.0,0.0,0.0,0.0,0.0,0.0,0.0,0.0,0.0,0.0,0.0,0.0,0.0,0.039022543,0.0,0.0,0.0,0.0,0.0,0.0,0.0,0.0,0.0,0.02997278,0.0,0.0,0.0,0.0,0.0,0.0,0.0,0.0,0.0,0.0,0.0,0.0,0.0,0.0,0.0,0.0,0.0,0.0,0.0,0.0,0.0,0.0,0.0,0.0,0.0,0.0,0.0,0.0,0.0,0.0,0.0,0.0,0.0,0.0,0.0,0.0,0.0,0.0,0.0,0.0,0.0,0.0,0.0,0.0,0.0,0.0,0.0,0.0,0.0,0.0,0.0,0.0,0.0,0.0,0.0,0.0,0.0,0.0,0.0,0.0,0.0,0.0,0.0,0.0,0.0,0.0,0.0,0.0,0.0,0.0,0.0,0.0,0.0,0.0,0.0,0.0,0.0,0.0,0.0,0.0,0.0,0.0,0.0,0.0,0.0,0.0,0.0,0.0,0.0,0.0,0.0,0.0,0.0,0.0,0.0,0.0,0.0,0.0,0.0,0.0,0.0,0.0,0.0,0.0,0.0,0.0,0.0,0.0,0.0,0.0,0.0,0.0,0.0,0.0,0.0,0.0,0.0
k__Bacteria|p__Firmicutes|c__Clostridia|o__Coriobacteriales|f__Coriobacteriaceae|g__Collinsella|s__aerofaciens,0.0,0.0,0.0,0.0,0.0,0.0,0.0,0.0,0.0,0.0,0.0,0.0,0.0,0.0,0.0,0.0,0.0,0.0,0.0,0.0,0.0,0.0,0.0,0.0,0.0,0.0,0.0,0.0,0.0,0.0,0.0,0.0,0.0,0.0,0.0,0.0,0.0,0.0,0.0,0.0,0.0,0.0,0.0,0.0,0.0,0.0,0.0,0.0,0.0,0.0,0.0,0.0,0.0,0.0,0.0,0.0,0.0,0.0,0.0,0.0,0.0,0.03725224,0.0,0.0,0.0,0.0,0.0,0.0,0.0,0.0,0.0,0.0,0.0,0.0,0.0,0.0,0.0,0.0,0.0,0.0,0.0,0.0,0.0,0.0,0.0,0.0,0.0,0.0,0.0,0.0,0.0,0.0,0.0,0.0,0.0,0.0,0.0,0.0,0.0,0.0,0.0,0.0,0.0,0.0,0.0,0.0,0.0,0.0,0.0,0.0,0.0,0.0,0.0,0.0,0.0,0.0,0.0,0.0,0.0,0.0,0.030679166,0.0,0.0,0.0,0.0,0.0,0.0,0.0,0.0,0.0,0.0,0.0,0.024122993,0.0,0.0,0.0,0.0,0.0,0.0,0.0,0.0,0.0,0.0,0.0,0.0
k__Bacteria|p__Firmicutes|c__Clostridia|o__Clostridiales|f__Lachnospiraceae|g__Blautia|s__producta,0.0,0.0,0.0,0.0,0.0,0.0,0.0,0.0,0.0,0.0,0.0,0.0,0.0,0.0,0.0,0.0,0.0,0.0,0.0,0.0,0.0,0.0,0.0,0.0,0.0,0.0,0.0,0.0,0.0,0.0,0.0,0.0,0.0,0.0,0.0,0.0,0.0,0.0,0.0,0.0,0.0,0.0,0.0,0.0,0.0,0.0,0.0,0.0,0.0,0.0,0.0,0.0,0.0,0.0,0.0,0.0,0.0,0.0,0.0,0.0,0.0,0.0,0.0,0.0,0.0,0.0,0.0,0.0,0.0,0.0,0.0,0.0,0.0,0.0,0.0,0.0,0.0,0.0,0.0,0.0,0.0,0.0,0.0,0.0,0.0,0.0,0.0,0.0,0.0,0.0,0.0,0.0,0.0,0.0,0.0,0.0,0.0,0.0,0.0,0.0,0.0,0.0,0.0,0.0,0.0,0.0,0.0,0.0,0.0,0.0,0.0,0.0,0.0,0.0,0.0,0.0,0.0,0.0,0.0,0.0,0.0,0.0,0.0,0.0,0.0,0.0,0.0,0.0,0.0,0.0,0.0,0.0,0.024138624,0.0,0.0,0.0,0.0,0.0,0.0,0.0,0.0,0.0,0.0,0.0,0.0
k__Bacteria|p__Firmicutes|c__Bacilli|o__Gemellales|f__Gemellaceae|g__unclassified|s__unclassified,0.0,0.0,0.0,0.0,0.0,0.0,0.0,0.0,0.0,0.0,0.0357249,0.0,0.0,0.0,0.0,0.0,0.0,0.039210796,0.0,0.0,0.0,0.0,0.0,0.0,0.0,0.0,0.0,0.0,0.0,0.0,0.0,0.0,0.0,0.0,0.0,0.0,0.0,0.0,0.0,0.0,0.0,0.0,0.0,0.0,0.0,0.0,0.0,0.0,0.0,0.0,0.0,0.0,0.0,0.0,0.0,0.0,0.0,0.0,0.0,0.0,0.0,0.0,0.0,0.0,0.0,0.0,0.0,0.0,0.0,0.0,0.0,0.0,0.0,0.0,0.0,0.0,0.0,0.0,0.0,0.0,0.0,0.0,0.0,0.0,0.0,0.06604887,0.0,0.0,0.0,0.0,0.0,0.0,0.0,0.0,0.0,0.04407246,0.0,0.0,0.0,0.0,0.0,0.0,0.0,0.0,0.0,0.0,0.0,0.0,0.0,0.0,0.0,0.0,0.0,0.0,0.0,0.0,0.042920087,0.0,0.0,0.0,0.0,0.0,0.0,0.0,0.0,0.0,0.0,0.0,0.0,0.0,0.0,0.0,0.0,0.0,0.0,0.0,0.0,0.0,0.0,0.0,0.0,0.0,0.0,0.0,0.0
k__Bacteria|p__Firmicutes|c__Bacilli|o__unclassified|f__unclassified|g__unclassified|s__unclassified,0.05110224,0.0,0.0,0.0,0.0,0.0,0.0,0.0,0.0,0.0,0.03590458,0.0,0.0,0.0,0.0,0.0,0.0,0.0,0.0,0.0,0.0,0.0,0.0,0.0,0.0,0.0,0.0,0.029996706,0.0,0.0,0.0,0.0,0.0,0.0,0.0,0.0,0.0,0.0,0.0,0.0,0.0,0.0,0.0,0.0,0.0,0.0,0.0,0.0,0.0,0.0,0.0,0.0,0.0,0.0,0.0,0.0,0.0,0.0,0.0,0.0,0.0,0.0,0.0,0.0,0.0,0.0,0.0,0.0,0.0,0.0,0.0,0.0,0.0,0.0,0.0,0.0,0.0,0.0,0.0,0.0,0.0,0.0,0.0,0.0,0.0,0.0,0.0,0.0,0.0,0.0,0.0,0.0,0.0,0.0,0.0,0.0,0.0,0.0,0.0,0.0,0.0,0.0,0.0,0.0,0.0,0.0,0.0,0.0,0.0,0.0,0.0,0.023547841,0.0,0.0,0.0,0.0,0.0,0.0,0.0,0.0,0.0,0.0,0.0,0.0,0.0,0.0,0.0,0.0,0.0,0.0,0.0,0.0,0.024233712,0.0,0.0,0.0,0.0,0.0,0.0,0.0,0.0,0.0,0.0,0.0,0.0
k__Bacteria|p__Firmicutes|c__Bacilli|o__Lactobacillales|f__Lactobacillaceae|g__Pediococcus|s__unclassified,0.0,0.0,0.0,0.0,0.0,0.0,0.0,0.0,0.0,0.0,0.0,0.0,0.0,0.0,0.0,0.0,0.0,0.0,0.0,0.0,0.0,0.0,0.0,0.0,0.0,0.0,0.0,0.0,0.0,0.0,0.0,0.0,0.0,0.0,0.0,0.0,0.0,0.0,0.0,0.0,0.0,0.0,0.0,0.0,0.0,0.0,0.05146348,0.0,0.0,0.0,0.0,0.0,0.0,0.0,0.0,0.0,0.0,0.0,0.0,0.0,0.0,0.0,0.0,0.0,0.0,0.0,0.0,0.0,0.0,0.0,0.0,0.0,0.0,0.0,0.0,0.0,0.0,0.0,0.0,0.0,0.0,0.0,0.0,0.0,0.0,0.0,0.0,0.0,0.0,0.0,0.0,0.0,0.0,0.0,0.0,0.0,0.0,0.0,0.0,0.0,0.0,0.0,0.0,0.0,0.0,0.0,0.0,0.0,0.0,0.0,0.0,0.0,0.0,0.0,0.0,0.0,0.0,0.0,0.0,0.0,0.0,0.0,0.0,0.0,0.0,0.0,0.0,0.0,0.0,0.0,0.0,0.0,0.0,0.0,0.0,0.0,0.0,0.0,0.0,0.0,0.0,0.0,0.0,0.0,0.0
k__Bacteria|p__Firmicutes|c__Bacilli|o__Bacillales|f__Staphylococcaceae|g__Staphylococcus|s__unclassified,0.0,0.0,0.0,0.0,0.0,0.0,0.0,0.0,0.0,0.0,0.0,0.0,0.0,0.0,0.0,0.045184437,0.0,0.0,0.0,0.0,0.0,0.0,0.0,0.0,0.0,0.0,0.0,0.030032596,0.0,0.0,0.0,0.0,0.0,0.0,0.0,0.0,0.0,0.0,0.0,0.0,0.0,0.0,0.0,0.0,0.0,0.067473195,0.0,0.0,0.0,0.0,0.0,0.0,0.0,0.0,0.0,0.0,0.0,0.0,0.0,0.0,0.0,0.0,0.0,0.0,0.0,0.0,0.0,0.0,0.0,0.0,0.0,0.0,0.0,0.0,0.0,0.0,0.0,0.0,0.0,0.0,0.0,0.0,0.0,0.0,0.0,0.0,0.0,0.0,0.0,0.0,0.0,0.0,0.0,0.0,0.0,0.0,0.0,0.0,0.0,0.0,0.0,0.0,0.0,0.0,0.0,0.0,0.0,0.0,0.0,0.0,0.0,0.0,0.0,0.0,0.0,0.0,0.0,0.0,0.0,0.0,0.030611333,0.0,0.0,0.0,0.0,0.0,0.0,0.0,0.0,0.0,0.0,0.0,0.0,0.0,0.0,0.0,0.0,0.0,0.0,0.0,0.0,0.0,0.0,0.0,0.0
k__Bacteria|p__Firmicutes|c__Bacilli|o__Lactobacillales|f__Lactobacillaceae|g__unclassified|s__unclassified,0.0,0.0,0.0,0.0,0.0,0.0,0.0,0.0,0.0,0.0,0.0,0.0,0.0,0.0,0.0,0.0,0.0,0.0,0.0,0.0,0.0,0.0,0.0,0.0,0.0,0.0,0.0,0.0,0.0,0.0,0.0,0.0,0.0,0.0,0.0,0.0,0.0,0.0,0.0,0.0,0.0,0.0,0.0,0.0,0.0,0.0,0.0,0.0,0.0,0.0,0.0,0.0,0.0,0.0,0.0,0.0,0.0,0.0,0.0,0.0,0.0,0.0,0.0,0.0,0.0,0.0,0.0,0.0,0.0,0.0,0.0,0.0,0.0,0.0,0.0,0.0,0.0,0.0,0.0,0.0,0.0,0.0,0.0,0.0,0.0,0.0,0.0,0.0,0.0,0.0,0.0,0.0,0.0,0.0,0.0,0.0,0.0,0.0,0.0,0.0,0.0,0.0,0.0,0.0,0.0,0.0,0.0,0.0,0.0,0.0,0.0,0.0,0.0,0.0,0.0,0.0,0.0,0.0,0.0,0.0,0.0,0.0,0.0,0.0,0.0,0.0,0.0,0.0,0.0,0.0,0.0,0.0,0.0,0.0,0.0,0.0,0.0,0.0,0.0,0.0,0.0,0.0,0.0,0.0,0.0
k__Bacteria|p__Firmicutes|c__Bacilli|o__Lactobacillales|f__unclassified|g__unclassified|s__unclassified,0.0,0.0,0.0,0.0,0.0,0.0,0.0,0.0,0.0,0.0,0.0,0.0,0.0,0.0,0.0,0.0,0.0,0.0,0.0,0.0,0.0,0.0,0.0,0.0,0.0,0.0,0.0,0.0,0.0,0.0,0.0,0.0,0.0,0.0,0.0,0.0,0.0,0.0,0.0,0.0,0.0,0.0,0.0,0.0,0.0,0.0,0.0,0.0,0.0,0.0,0.0,0.0,0.0,0.0,0.0,0.0,0.0,0.0,0.0,0.0,0.0,0.0,0.0,0.0,0.0,0.0,0.0,0.0,0.0,0.0,0.0,0.0,0.0,0.0,0.0,0.0,0.0,0.0,0.0,0.0,0.0,0.0,0.0,0.0,0.0,0.0,0.0,0.0,0.0,0.0,0.0,0.0,0.0,0.0,0.0,0.0,0.0,0.0,0.0,0.0,0.0,0.0,0.0,0.0,0.0,0.0,0.0,0.0,0.0,0.0,0.0,0.0,0.0,0.0,0.0,0.0,0.0,0.0,0.0,0.0,0.0,0.0,0.0,0.0,0.0,0.0,0.0,0.0,0.0,0.0,0.0,0.0,0.0,0.0,0.0,0.0,0.0,0.0,0.0,0.0,0.0,0.0,0.0,0.0,0.0
k__Bacteria|p__Firmicutes|c__Clostridia|o__Clostridiales|f__Veillonellaceae|g__Megasphaera|s__micronuciformis,0.0,0.038614407,0.0,0.0,0.0,0.0,0.0,0.0,0.0,0.0,0.0,0.0,0.0,0.0,0.0,0.0,0.0,0.0,0.0,0.0,0.0,0.0,0.0,0.0,0.0,0.0,0.0,0.0,0.0,0.0,0.0,0.0,0.0,0.0,0.0,0.0,0.0,0.0,0.0,0.0,0.0,0.0,0.0,0.0,0.0,0.0,0.0,0.0,0.0,0.0,0.0,0.0,0.0,0.0,0.0,0.0,0.0,0.0,0.0,0.0,0.0,0.037227217,0.0,0.0,0.0,0.0,0.0,0.0,0.0,0.0,0.0,0.0,0.0,0.0,0.0,0.0,0.0,0.0,0.0,0.0,0.0,0.0,0.0,0.0,0.0,0.0,0.0,0.0,0.0,0.0,0.0,0.0,0.0,0.0,0.0,0.0,0.0,0.0,0.0,0.0,0.0,0.04424437,0.0,0.0,0.0,0.0,0.0,0.0,0.0,0.0,0.0,0.0,0.0,0.0,0.0,0.0,0.0,0.0,0.0,0.0,0.0,0.0,0.0,0.0,0.0,0.0,0.0,0.0,0.0,0.0,0.0,0.0,0.0,0.0,0.0,0.0,0.0,0.0,0.0,0.0,0.0,0.0,0.0,0.0,0.0
k__Bacteria|p__Firmicutes|c__Bacilli|o__Lactobacillales|f__Lactobacillaceae|g__Lactobacillus|s__unclassified,0.0,0.0,0.0,0.0,0.0,0.041906793,0.0,0.024901077,0.0,0.0,0.035748336,0.0,0.0,0.0,0.0,0.045476668,0.0,0.0,0.0,0.0,0.0,0.0,0.0,0.0,0.0,0.0,0.0,0.0,0.0,0.0,0.0,0.0,0.0,0.0,0.0,0.0,0.0,0.0,0.0,0.0,0.0,0.0,0.0,0.0,0.0,0.0,0.051633555,0.0,0.0,0.0,0.0,0.0,0.0,0.0,0.0,0.0,0.0,0.0,0.0,0.0,0.0,0.0,0.0,0.0,0.0,0.0,0.052088264,0.0,0.0,0.0,0.0,0.0,0.0,0.0,0.0,0.0,0.0,0.0,0.0,0.0,0.0,0.0,0.0,0.0,0.0,0.0,0.0,0.0,0.0,0.0,0.0,0.0,0.0,0.0,0.0,0.04407246,0.0,0.0,0.0,0.0,0.0,0.0,0.0,0.0,0.0,0.0,0.0,0.0,0.0,0.0,0.029729018,0.0,0.0,0.0,0.0,0.0,0.0,0.0,0.0,0.0,0.0,0.0,0.0,0.0,0.0,0.0,0.0,0.0,0.0,0.0,0.0,0.0,0.0,0.0,0.0,0.0,0.04034691,0.0,0.0,0.0,0.0,0.0,0.0,0.0,0.0
k__Bacteria|p__Firmicutes|c__Clostridia|o__Clostridiales|f__Clostridiaceae|g__Clostridium|s__perfringens,0.061905675,0.039429832,0.0,0.0,0.0,0.0,0.0,0.0,0.0,0.0,0.0,0.0,0.0,0.0,0.0,0.0,0.0,0.03907633,0.0,0.0,0.0,0.0,0.0,0.0,0.0,0.035172094,0.0,0.03030774,0.0,0.0,0.0,0.0,0.0,0.0,0.0,0.0,0.03295926,0.0,0.0,0.0,0.0,0.0,0.0,0.0,0.0,0.0,0.0,0.0,0.0,0.0,0.0,0.0,0.0,0.0,0.0,0.0,0.0,0.0,0.0,0.0,0.0,0.0,0.0,0.0,0.0,0.0,0.05114288,0.0,0.0,0.0,0.0,0.0,0.0,0.0,0.0,0.0,0.0613027,0.0,0.0,0.0,0.0,0.035906162,0.0,0.0,0.0,0.0,0.0,0.0,0.0,0.0,0.0,0.0,0.0,0.0,0.0,0.0,0.0,0.0,0.0,0.0,0.0,0.0,0.0,0.0,0.0,0.0,0.0,0.0,0.0,0.0,0.0,0.0,0.0,0.0,0.0,0.0,0.04578726,0.0,0.0,0.0,0.0,0.0,0.0,0.0,0.0,0.0,0.0,0.0,0.0,0.0,0.0,0.0,0.0,0.0,0.0,0.0,0.0,0.0,0.0,0.0,0.0,0.0,0.0,0.0,0.0
k__Bacteria|p__Firmicutes|c__Clostridia|o__Clostridiales|f__Lachnospiraceae|g__Blautia|s__obeum,0.0,0.0,0.0,0.0,0.0,0.0,0.0,0.0,0.0,0.0,0.0,0.0,0.0,0.0,0.0,0.0,0.0,0.0,0.0,0.0,0.0,0.0,0.0,0.0,0.0,0.0,0.0,0.0,0.0,0.0,0.0,0.0,0.0,0.0,0.0,0.0,0.0,0.0,0.0,0.0,0.0,0.0,0.0,0.0,0.0,0.0,0.0,0.0,0.0,0.0,0.0,0.0,0.0,0.0,0.0,0.0,0.0,0.0,0.0,0.0,0.0,0.0,0.0,0.0,0.0,0.0,0.0,0.0,0.0,0.0,0.0,0.0,0.0,0.0,0.0,0.0,0.0,0.0,0.0,0.0,0.0,0.0,0.0,0.0,0.0,0.0,0.0,0.0,0.0,0.0,0.0,0.0,0.0,0.0,0.0,0.0,0.0,0.0,0.0,0.0,0.0,0.0,0.0,0.0,0.0,0.0,0.0,0.0,0.0,0.0,0.0,0.0,0.0,0.0,0.0,0.0,0.0,0.0,0.0,0.0,0.0,0.0,0.0,0.0,0.0,0.0,0.0,0.0,0.0,0.0,0.0,0.0,0.0,0.0,0.0,0.0,0.0,0.0,0.0,0.0,0.0,0.0,0.0,0.0,0.0
k__Bacteria|p__Firmicutes|c__Bacilli|o__Lactobacillales|f__Lactobacillaceae|g__Lactobacillus|s__zeae,0.0,0.0,0.0,0.0,0.0,0.042064697,0.0,0.025342807,0.0,0.0,0.035857707,0.0,0.0,0.0,0.0,0.0,0.0,0.0,0.0,0.0,0.0,0.0,0.0,0.0,0.0,0.03494566,0.0,0.0,0.0,0.0,0.0,0.0,0.0,0.0,0.0,0.0,0.0,0.0,0.0,0.0,0.0,0.0,0.0,0.0,0.0,0.067099094,0.0,0.0,0.0,0.0,0.0,0.0,0.0,0.0,0.0,0.0,0.0,0.0,0.0,0.0,0.0,0.0,0.0,0.0,0.0,0.0,0.052783664,0.0,0.0,0.0,0.0,0.0,0.0,0.0,0.0,0.0,0.0,0.0,0.0,0.0,0.0,0.0,0.0,0.0,0.0,0.06608943,0.0,0.0,0.0,0.0,0.0,0.0,0.0,0.0,0.0,0.0441885,0.0,0.0,0.0,0.0,0.0,0.0,0.0,0.0,0.0,0.0,0.0,0.0,0.0,0.0,0.03149078,0.0,0.0,0.0,0.0,0.0,0.0,0.0,0.0,0.0,0.0,0.0,0.0,0.0,0.0,0.0,0.0,0.0,0.0,0.0,0.0,0.0,0.0,0.0,0.0,0.0,0.0,0.0,0.0,0.0,0.0,0.0,0.0,0.0,0.0
k__Bacteria|p__Firmicutes|c__Bacilli|o__Lactobacillales|f__Leuconostocaceae|g__Leuconostoc|s__unclassified,0.0,0.0,0.0,0.0,0.0,0.0,0.0,0.0,0.0,0.0,0.0,0.0,0.0,0.0,0.0,0.0,0.0,0.0,0.0,0.0,0.0,0.0,0.0,0.0,0.0,0.0,0.0,0.033047225,0.0,0.0,0.0,0.0,0.0,0.0,0.0,0.0,0.0,0.0,0.0,0.0,0.0,0.032081533,0.0,0.0,0.0,0.0,0.0,0.0,0.0,0.0,0.0,0.0,0.0,0.0,0.0,0.0,0.0,0.0,0.0,0.0,0.0,0.0,0.0,0.0,0.0,0.0,0.0,0.0,0.0,0.0,0.0,0.029910315,0.0,0.0,0.0,0.0,0.0,0.0,0.0,0.0,0.0,0.0,0.0,0.0,0.0,0.0,0.0,0.0,0.0,0.0,0.0,0.0,0.0,0.0,0.0,0.0,0.0,0.0,0.0,0.0,0.0,0.0,0.0,0.0,0.0,0.0,0.0,0.0,0.0,0.0,0.0,0.0,0.0,0.0,0.0,0.0,0.0,0.0,0.0,0.0,0.0,0.0,0.0,0.0,0.0,0.0,0.0,0.0,0.0,0.0,0.0,0.0,0.025308324,0.0,0.0,0.0,0.0,0.0,0.0,0.0,0.0,0.0,0.0,0.0,0.0
k__Bacteria|p__Firmicutes|c__Clostridia|o__Clostridiales|f__Veillonellaceae|g__Selenomonas|s__unclassified,0.0,0.0,0.0,0.0,0.0,0.0,0.0,0.0,0.0,0.0,0.0,0.0,0.0,0.0,0.0,0.0,0.0,0.0,0.0,0.0,0.0,0.0,0.0,0.0,0.0,0.0,0.0,0.0,0.0,0.0,0.0,0.0,0.0,0.0,0.0,0.0,0.0,0.0,0.0,0.0,0.0,0.0,0.0,0.0,0.0,0.0,0.0,0.0,0.0,0.0,0.0,0.0,0.0,0.0,0.0,0.0,0.0,0.0,0.0,0.0,0.0,0.0,0.0,0.0,0.0,0.0,0.0,0.0,0.0,0.0,0.0,0.0,0.0,0.0,0.0,0.0,0.0,0.0,0.0,0.0,0.0,0.0,0.0,0.0,0.0,0.0,0.0,0.0,0.0,0.0,0.0,0.0,0.0,0.0,0.0,0.0,0.0,0.0,0.0,0.0,0.0,0.0,0.0,0.0,0.0,0.0,0.0,0.0,0.0,0.0,0.0,0.0,0.0,0.0,0.0,0.0,0.0,0.0,0.0,0.0,0.0,0.0,0.0,0.0,0.0,0.0,0.0,0.0,0.0,0.0,0.0,0.0,0.0,0.0,0.0,0.0,0.0,0.0,0.0,0.0,0.0,0.0,0.0,0.0,0.0
k__Bacteria|p__Firmicutes|c__Clostridia|o__Clostridiales|f__Veillonellaceae|g__Dialister|s__invisus,0.0,0.0,0.0,0.0,0.0,0.0,0.0,0.0,0.0,0.0,0.0,0.0,0.0,0.0,0.0,0.0,0.0,0.0,0.0,0.0,0.0,0.0,0.0,0.0,0.0,0.0,0.0,0.0,0.0,0.0,0.0,0.0,0.0,0.0,0.0,0.0,0.0,0.0,0.0,0.0,0.0,0.0,0.0,0.0,0.0,0.0,0.0,0.0,0.0,0.0,0.0,0.0,0.0,0.0,0.0,0.0,0.0,0.0,0.0,0.0,0.0,0.0,0.0,0.0,0.0,0.0,0.0,0.0,0.0,0.0,0.0,0.0,0.0,0.0,0.0,0.0,0.0,0.0,0.0,0.0,0.0,0.0,0.0,0.0,0.0,0.0,0.0,0.025531376,0.0,0.0,0.0,0.0,0.0,0.0,0.0,0.0,0.0,0.0,0.0,0.0,0.0,0.0,0.0,0.0,0.0,0.0,0.0,0.0,0.0,0.0,0.0,0.0,0.0,0.0,0.0,0.0,0.0,0.0,0.0,0.0,0.0,0.0,0.0,0.0,0.0,0.0,0.0,0.0,0.0,0.0,0.0,0.0,0.0,0.0,0.0,0.0,0.0,0.0,0.0,0.0,0.0,0.0,0.0,0.0,0.0
k__Bacteria|p__Firmicutes|c__Clostridia|o__Clostridiales|f__Ruminococcaceae|g__Ruminococcus|s__bromii,0.0,0.0,0.0,0.0,0.0,0.0,0.0,0.0,0.0,0.0,0.0,0.0,0.0,0.0,0.0,0.0,0.0,0.0,0.0,0.0,0.0,0.0,0.0,0.0,0.0,0.0,0.028852161,0.0,0.0,0.0,0.0,0.0,0.0,0.0,0.0,0.0,0.0,0.0,0.0,0.0,0.0,0.0,0.0,0.0,0.0,0.0,0.0,0.0,0.0,0.0,0.0,0.0,0.0,0.0,0.0,0.0,0.0,0.0,0.0,0.0,0.0,0.0,0.0,0.0,0.0,0.0,0.0,0.0,0.0,0.0,0.0,0.0,0.0,0.0,0.0,0.0,0.0,0.0,0.0,0.0,0.0,0.0,0.0,0.0,0.0,0.0,0.0,0.0,0.0,0.0,0.0,0.0,0.0,0.0,0.0,0.0,0.0,0.0,0.0,0.0,0.0,0.0,0.0,0.0,0.0,0.0,0.0,0.0,0.0,0.0,0.0,0.0,0.0,0.0,0.0,0.0,0.0,0.0,0.0,0.0,0.0,0.0,0.0,0.0,0.0,0.0,0.0,0.0,0.0,0.0,0.0,0.0,0.0,0.0,0.0,0.0,0.0,0.0,0.0,0.0,0.0,0.0,0.0,0.0,0.0
k__Bacteria|p__Firmicutes|c__Clostridia|o__Clostridiales|f__Veillonellaceae|g__Megamonas|s__unclassified,0.0,0.0,0.0,0.0,0.0,0.0,0.0,0.0,0.0,0.0,0.0,0.0,0.0,0.0,0.0,0.0,0.0,0.0,0.0,0.0,0.0,0.0,0.0,0.0,0.0,0.0,0.0,0.0,0.0,0.0,0.0,0.0,0.0,0.0,0.0,0.0,0.0,0.0,0.0,0.0,0.0,0.0,0.0,0.0,0.0,0.0,0.0,0.0,0.0,0.0,0.0,0.0,0.0,0.0,0.0,0.0,0.0,0.0,0.0,0.0,0.0,0.0,0.0,0.0,0.0,0.0,0.0,0.0,0.0,0.0,0.0,0.031714737,0.0,0.0,0.0,0.0,0.0,0.0,0.0,0.0,0.0,0.0,0.0,0.0,0.0,0.0,0.0,0.0,0.0,0.0,0.0,0.0,0.0,0.0,0.0,0.0,0.0,0.0,0.0,0.0,0.0,0.0,0.0,0.0,0.0,0.0,0.0,0.0,0.0,0.0,0.0,0.0,0.0,0.0,0.0,0.0,0.0,0.0,0.0,0.0,0.0,0.0,0.0,0.0,0.0,0.0,0.0,0.0,0.0,0.0,0.0,0.0,0.0,0.0,0.0,0.0,0.0,0.0,0.0,0.0,0.0,0.0,0.0,0.0,0.0
k__Bacteria|p__Firmicutes|c__Clostridia|o__Clostridiales|f__Veillonellaceae|g__Megasphaera|s__geminatus,0.0,0.0,0.0,0.0,0.0,0.0,0.0,0.0,0.0,0.0,0.0,0.0,0.0,0.0,0.0,0.0,0.0,0.0,0.0,0.0,0.0,0.0,0.0,0.0,0.0,0.0,0.0,0.0,0.0,0.0,0.0,0.0,0.0,0.0,0.0,0.0,0.0,0.0,0.0,0.0,0.0,0.0,0.0,0.0,0.0,0.0,0.0,0.0,0.0,0.0,0.0,0.0,0.0,0.0,0.0,0.0,0.0,0.0,0.0,0.0,0.0,0.0,0.0,0.0,0.0,0.0,0.0,0.0,0.0,0.0,0.0,0.0,0.0,0.0,0.0,0.0,0.0,0.0,0.0,0.0,0.0,0.0,0.0,0.0,0.0,0.0,0.0,0.0,0.0,0.0,0.0,0.0,0.0,0.0,0.0,0.0,0.0,0.0,0.0,0.0,0.0,0.0,0.0,0.0,0.0,0.0,0.0,0.0,0.0,0.0,0.031886447,0.0,0.0,0.0,0.0,0.0,0.0,0.0,0.0,0.0,0.0,0.0,0.0,0.0,0.0,0.0,0.0,0.0,0.0,0.0,0.0,0.0,0.0,0.0,0.0,0.0,0.0,0.0,0.0,0.0,0.0,0.0,0.0,0.0,0.0
k__Bacteria|p__Firmicutes|c__Bacilli|o__Lactobacillales|f__Carnobacteriaceae|g__Granulicatella|s__unclassified,0.052468292,0.03852491,0.0,0.0,0.0,0.0,0.0,0.0,0.0,0.0,0.036943592,0.0,0.0,0.0,0.0,0.0,0.0,0.0,0.0,0.0,0.0,0.0,0.0,0.0,0.0,0.0,0.0,0.030259889,0.0,0.0,0.0,0.0,0.0,0.0,0.0,0.0,0.034385376,0.0,0.0,0.0,0.0,0.0,0.0,0.0,0.0,0.0,0.051556244,0.0,0.0,0.0,0.0,0.0,0.0,0.0,0.0,0.0,0.0,0.0,0.0,0.0,0.0,0.037276726,0.0,0.0,0.0,0.0,0.0,0.0,0.0,0.0,0.0,0.0,0.0,0.0,0.0,0.0,0.061790437,0.0,0.0,0.0,0.0,0.036238506,0.0,0.0,0.0,0.0,0.0,0.0,0.0,0.0,0.0,0.0,0.0,0.0,0.0,0.04407246,0.0,0.0,0.0,0.0,0.0,0.044263616,0.0,0.0,0.0,0.0,0.0,0.0,0.0,0.0,0.029654048,0.023658358,0.0,0.0,0.0,0.0,0.043015487,0.0,0.0,0.0,0.030756686,0.0,0.0,0.0,0.0,0.0,0.0,0.0,0.0,0.0,0.0,0.0,0.032788943,0.0,0.0,0.0,0.040206682,0.0,0.0,0.0,0.0,0.0,0.0,0.0,0.0
k__Bacteria|p__Firmicutes|c__Clostridia|o__Clostridiales|f__Veillonellaceae|g__Veillonella|s__unclassified,0.051182598,0.038569655,0.0,0.0,0.0,0.0,0.0,0.0,0.0,0.0,0.0,0.0,0.0,0.0,0.0,0.04569022,0.0,0.039667975,0.0,0.0,0.0,0.0,0.0,0.0,0.0,0.0,0.0,0.03238927,0.0,0.0,0.0,0.0,0.0,0.0,0.0,0.0,0.0,0.0,0.0,0.0,0.0,0.0,0.0,0.0,0.0,0.07388693,0.0,0.0,0.0,0.0,0.0,0.0,0.0,0.0,0.0,0.0,0.0,0.0,0.0,0.0,0.0,0.0,0.0,0.0,0.0,0.0,0.0,0.0,0.0,0.0,0.0,0.0,0.0,0.0,0.0,0.0,0.0,0.0,0.0,0.0,0.0,0.035948012,0.0,0.0,0.0,0.06637337,0.0,0.0,0.0,0.0,0.0,0.0,0.0,0.0,0.0,0.0,0.0,0.0,0.0,0.0,0.0,0.0,0.0,0.0,0.0,0.061405137,0.0,0.0,0.0,0.0,0.0,0.02372293,0.0,0.0,0.0,0.0,0.0,0.0,0.0,0.0,0.03086328,0.0,0.0,0.0,0.0,0.0,0.0,0.0,0.0,0.0,0.0,0.0,0.0,0.0,0.0,0.0,0.0,0.0,0.0,0.0,0.09872971,0.09872971,0.0,0.0,0.0
k__Bacteria|p__Firmicutes|c__Bacilli|o__Lactobacillales|f__Enterococcaceae|g__Enterococcus|s__unclassified,0.05100403,0.0,0.0,0.0,0.0,0.0,0.0,0.0,0.0,0.0,0.03593583,0.0,0.0,0.0,0.0,0.0,0.0,0.0,0.0,0.0,0.0,0.024217665,0.0,0.0,0.0,0.0,0.0,0.03002063,0.0,0.0,0.0,0.0,0.0,0.0,0.0,0.0,0.033095647,0.0,0.0,0.0,0.0,0.0,0.0,0.0,0.0,0.0,0.0,0.0,0.0,0.0,0.0,0.0,0.0,0.0,0.0,0.0,0.0,0.0,0.0,0.0,0.0,0.0,0.0,0.0,0.0,0.0,0.0,0.0,0.0,0.0,0.0,0.0,0.0,0.0,0.0,0.0,0.06129703,0.0,0.0,0.0,0.0,0.036169574,0.0,0.0,0.0,0.0,0.0,0.0,0.0,0.0,0.0,0.0,0.0,0.0,0.0,0.0,0.0,0.0,0.0,0.0,0.0,0.0,0.0,0.0,0.0,0.0,0.0,0.0,0.0,0.0,0.0,0.023601236,0.0,0.0,0.0,0.0,0.0,0.0,0.0,0.0,0.0,0.0,0.0,0.0,0.0,0.0,0.0,0.0,0.0,0.0,0.0,0.0,0.026638241,0.0,0.0,0.0,0.0,0.0,0.0,0.0,0.0,0.0,0.0,0.0,0.0
k__Bacteria|p__Firmicutes|c__Clostridia|o__Coriobacteriales|f__Coriobacteriaceae|g__Slackia|s__unclassified,0.0,0.0,0.0,0.0,0.0,0.0,0.0,0.025036177,0.0,0.0,0.0,0.0,0.0,0.0,0.0,0.0,0.0,0.0,0.0,0.0,0.0,0.0,0.0,0.0,0.0,0.0,0.0,0.0,0.0,0.0,0.0,0.0,0.0,0.0,0.0,0.066362485,0.0,0.0,0.0,0.0,0.0,0.0,0.0,0.0,0.0,0.0,0.0,0.0,0.0,0.0,0.0,0.0,0.0,0.0,0.0,0.0,0.0,0.0,0.0,0.0,0.0,0.0,0.0,0.0,0.0,0.0,0.0,0.0,0.0,0.0,0.0,0.0,0.0,0.0,0.0,0.0,0.0,0.0,0.0,0.0,0.0,0.0,0.0,0.0,0.0,0.0,0.0,0.0,0.0,0.0,0.0,0.0,0.0,0.0,0.0,0.0,0.0,0.0,0.0,0.0,0.0,0.0,0.0,0.0,0.0,0.0,0.0,0.0,0.0,0.0,0.0,0.0,0.0,0.0,0.0,0.0,0.0,0.0,0.0,0.0,0.030640405,0.0,0.0,0.0,0.0,0.0,0.0,0.0,0.0,0.0,0.0,0.0,0.024831586,0.0,0.0,0.0,0.0,0.0,0.0,0.0,0.0,0.0,0.0,0.0,0.0
k__Bacteria|p__Firmicutes|c__Erysipelotrichi|o__Erysipelotrichales|f__Erysipelotrichaceae|g__[Eubacterium]|s__dolichum,0.0,0.03974805,0.0,0.0,0.0,0.0,0.0,0.025102966,0.0,0.0,0.0,0.0,0.0,0.0,0.0,0.0,0.0,0.0,0.0,0.0,0.055882428,0.0,0.0,0.024817014,0.031677227,0.03690152,0.0,0.0,0.0,0.0,0.0,0.04449103,0.0,0.0,0.0,0.0,0.0,0.0,0.0,0.0,0.0,0.0,0.0,0.0,0.0,0.0,0.0,0.0,0.0,0.0,0.0,0.0,0.0,0.0,0.0,0.04211154,0.0,0.0,0.0,0.0,0.0,0.0,0.0,0.0,0.0,0.0,0.05125878,0.0,0.0,0.0,0.0,0.0,0.0,0.0,0.0,0.0,0.0,0.0,0.0,0.0,0.0,0.036430527,0.0,0.0,0.0,0.0,0.0,0.0,0.0,0.0,0.0,0.0,0.025510004,0.0,0.0,0.0,0.0,0.044104498,0.0,0.0,0.0,0.0,0.0,0.0,0.0,0.0,0.0,0.0,0.0,0.0,0.0,0.0,0.0,0.0,0.0,0.0,0.0,0.0,0.0,0.0,0.0,0.0,0.0,0.0,0.0,0.0,0.0,0.0,0.0,0.0,0.05463196,0.0,0.0244317,0.0,0.0,0.0,0.0,0.0,0.0,0.0,0.0,0.0,0.0,0.0,0.0
k__Bacteria|p__Firmicutes|c__Bacilli|o__Lactobacillales|f__Streptococcaceae|g__Streptococcus|s__unclassified,0.050896887,0.038544796,0.027862007,0.051142287,0.026361434,0.041966755,0.053822447,0.028656559,0.051204164,0.052570336,0.0364983,0.054083873,0.0,0.0,0.05245784,0.04963308,0.054764535,0.04172083,0.051908374,0.05254002,0.0,0.02409111,0.05274691,0.026342532,0.03169838,0.034354966,0.028863609,0.032616563,0.052436862,0.05261063,0.06213267,0.0,0.05308964,0.05004976,0.05273022,0.06638841,0.0337924,0.052652672,0.05022703,0.05284325,0.06211588,0.03180791,0.051786035,0.050012253,0.05290652,0.08251714,0.052561227,0.054683074,0.027264988,0.05182513,0.0,0.0,0.053478677,0.050246183,0.05271967,0.042586245,0.053369004,0.052562226,0.05011088,0.050053798,0.062007055,0.03741034,0.052177686,0.050080866,0.052650604,0.06224625,0.05095198,0.053361796,0.05015278,0.05267752,0.061872113,0.030698005,0.052361898,0.05022812,0.053111836,0.062246554,0.061353747,0.0537568,0.050181836,0.052626047,0.062363,0.0,0.05244939,0.05012958,0.05253236,0.06654577,0.057800055,0.0,0.051509127,0.05305661,0.06157362,0.053708423,0.025542945,0.0,0.052093215,0.04517484,0.05474232,0.044440117,0.051255766,0.052330006,0.057960257,0.044302113,0.052053913,0.050079867,0.052238423,0.061816577,0.05396653,0.052262295,0.05007033,0.050075106,0.02962906,0.026736666,0.052208677,0.050043955,0.05236129,0.115814835,0.04353758,0.031830847,0.053265672,0.052440703,0.032471865,0.05363516,0.052266773,0.050106406,0.052692577,0.061849102,0.054202598,0.021969331,0.051454935,0.0,0.054936945,0.054577462,0.02759172,0.023707168,0.05277347,0.06266963,0.073318265,0.052088328,0.0,0.052572515,0.066800006,0.066800006,0.022782706,0.05272986,0.05266192
k__Bacteria|p__Firmicutes|c__Bacilli|o__Lactobacillales|f__Streptococcaceae|g__Lactococcus|s__unclassified,0.0,0.0,0.0,0.0,0.0,0.0,0.0,0.024840357,0.0,0.0,0.0,0.0,0.0,0.0,0.0,0.0,0.0,0.0,0.0,0.0,0.0,0.0,0.0,0.0,0.0,0.0,0.0,0.030259889,0.0,0.0,0.0,0.0,0.0,0.0,0.0,0.0,0.0,0.0,0.0,0.0,0.0,0.032139752,0.0,0.0,0.0,0.0,0.0,0.0,0.028321456,0.0,0.0,0.0,0.0,0.0,0.0,0.0,0.0,0.0,0.0,0.0,0.0,0.0,0.0,0.0,0.0,0.0,0.0,0.0,0.0,0.0,0.0,0.0,0.0,0.0,0.0,0.0,0.0,0.0,0.0,0.0,0.0,0.0,0.0,0.0,0.0,0.0,0.0,0.0,0.0,0.0,0.0,0.0,0.025897061,0.0,0.0,0.0,0.0,0.0,0.0,0.0,0.0,0.0,0.0,0.0,0.0,0.0,0.0,0.0,0.0,0.0,0.0,0.0,0.0,0.0,0.0,0.0,0.0,0.0,0.0,0.0,0.0,0.0,0.0,0.0,0.0,0.0,0.0,0.0,0.0,0.0,0.0,0.0,0.0,0.0,0.0,0.0,0.0,0.0,0.0,0.0,0.0,0.0,0.0,0.0,0.0
k__Bacteria|p__Firmicutes|c__Clostridia|o__Clostridiales|f__Lachnospiraceae|g__Coprococcus|s__eutactus,0.0,0.0,0.0,0.0,0.0,0.0,0.0,0.0,0.0,0.0,0.0,0.0,0.0,0.0,0.0,0.0,0.0,0.0,0.0,0.0,0.0,0.0,0.0,0.0,0.0,0.0,0.0,0.0,0.0,0.0,0.0,0.0,0.0,0.0,0.0,0.0,0.0,0.0,0.0,0.0,0.0,0.0,0.0,0.0,0.0,0.0,0.0,0.0,0.02863097,0.0,0.0,0.0,0.0,0.0,0.0,0.0,0.0,0.0,0.0,0.0,0.0,0.0,0.0,0.0,0.0,0.0,0.0,0.0,0.0,0.0,0.0,0.0,0.0,0.0,0.0,0.0,0.0,0.0,0.0,0.0,0.0,0.0,0.0,0.0,0.0,0.0,0.0,0.0,0.0,0.0,0.0,0.0,0.0,0.0,0.0,0.0,0.0,0.0,0.0,0.0,0.0,0.0,0.0,0.0,0.0,0.0,0.0,0.0,0.0,0.0,0.0,0.0,0.0,0.0,0.0,0.0,0.0,0.0,0.0,0.0,0.0,0.0,0.0,0.0,0.0,0.0,0.0,0.0,0.0,0.0,0.0,0.0,0.0,0.023533834,0.0,0.0,0.0,0.0,0.0,0.0,0.0,0.0,0.0,0.0,0.0
k__Bacteria|p__Firmicutes|c__Clostridia|o__Clostridiales|f__Clostridiaceae|g__Clostridium|s__unclassified,0.0,0.0,0.0,0.0,0.0,0.0,0.0,0.024975458,0.0,0.0,0.0,0.0,0.0,0.0,0.0,0.0,0.0,0.0,0.0,0.0,0.0,0.0,0.0,0.024684263,0.0,0.03500473,0.0,0.0,0.0,0.0,0.0,0.0,0.0,0.0,0.0,0.0,0.03527781,0.0,0.0,0.0,0.0,0.0,0.0,0.0,0.0,0.0,0.0,0.0,0.0,0.0,0.054471675,0.0,0.0,0.0,0.0,0.0,0.0,0.0,0.0,0.0,0.0,0.0,0.0,0.0,0.0,0.0,0.0,0.0,0.0,0.0,0.0,0.0,0.0,0.0,0.0,0.0,0.0,0.0,0.0,0.0,0.0,0.04062056,0.0,0.0,0.0,0.0,0.0,0.0,0.0,0.0,0.0,0.0,0.025559416,0.0,0.0,0.0,0.0,0.0,0.0,0.0,0.0,0.04440797,0.0,0.0,0.0,0.065821536,0.0,0.0,0.0,0.0,0.0,0.023683192,0.0,0.0,0.0,0.0,0.0,0.03206247,0.0,0.0,0.0,0.0,0.0,0.0,0.0,0.0,0.0,0.0,0.0,0.0,0.0,0.0,0.0,0.0,0.0,0.0,0.0,0.0,0.0,0.0,0.0,0.0,0.0,0.0,0.0
k__Bacteria|p__Firmicutes|c__Erysipelotrichi|o__Erysipelotrichales|f__[Coprobacillaceae]|g__Coprobacillus|s__unclassified,0.0,0.0,0.0,0.0,0.0,0.0,0.0,0.0,0.0,0.0,0.0,0.0,0.0,0.0,0.0,0.0,0.0,0.0,0.0,0.0,0.0,0.0,0.0,0.024853013,0.0,0.0,0.0,0.0,0.0,0.0,0.0,0.0,0.0,0.0,0.0,0.0,0.0,0.0,0.0,0.0,0.0,0.0,0.0,0.0,0.0,0.0,0.0,0.0,0.027252426,0.0,0.0,0.0,0.0,0.0,0.0,0.0,0.0,0.0,0.0,0.0,0.0,0.0,0.0,0.0,0.0,0.0,0.0,0.0,0.0,0.0,0.0,0.0,0.0,0.0,0.0,0.0,0.0,0.0,0.0,0.0,0.0,0.0,0.0,0.0,0.0,0.0,0.0,0.0,0.0,0.0,0.0,0.0,0.0,0.0,0.0,0.0,0.0,0.0,0.0,0.0,0.0,0.0,0.0,0.0,0.0,0.0,0.0,0.0,0.0,0.0,0.029758172,0.0,0.0,0.0,0.0,0.0,0.0,0.0,0.0,0.0,0.0,0.0,0.0,0.0,0.0,0.0,0.0,0.021926692,0.0,0.0,0.0,0.0,0.0,0.0,0.0,0.0,0.0,0.0,0.0,0.0,0.0,0.0,0.0,0.0,0.0
k__Bacteria|p__Firmicutes|c__Erysipelotrichi|o__Erysipelotrichales|f__[Coprobacillaceae]|g__Catenibacterium|s__unclassified,0.0,0.0,0.0,0.0,0.0,0.0,0.0,0.0,0.0,0.0,0.0,0.0,0.0,0.0,0.0,0.0,0.0,0.0,0.0,0.0,0.0,0.0,0.0,0.0,0.0,0.0,0.0,0.0,0.0,0.0,0.0,0.0,0.0,0.0,0.0,0.0,0.0,0.0,0.0,0.0,0.0,0.0,0.0,0.0,0.0,0.0,0.0,0.0,0.0,0.0,0.0,0.0,0.0,0.0,0.0,0.0,0.0,0.0,0.0,0.0,0.0,0.0,0.0,0.0,0.0,0.0,0.0,0.0,0.0,0.0,0.0,0.035125267,0.0,0.0,0.0,0.0,0.0,0.0,0.0,0.0,0.0,0.0,0.0,0.0,0.0,0.0,0.0,0.0,0.0,0.0,0.0,0.0,0.0,0.0,0.0,0.0,0.0,0.0,0.0,0.0,0.0,0.0,0.0,0.0,0.0,0.0,0.0,0.0,0.0,0.0,0.0,0.0,0.0,0.0,0.0,0.0,0.0,0.0,0.0,0.0,0.0,0.0,0.0,0.0,0.0,0.0,0.0,0.024885766,0.0,0.0,0.0,0.0,0.0,0.024208324,0.0,0.0,0.0,0.0,0.0,0.0,0.0,0.0,0.0,0.0,0.0
k__Bacteria|p__Firmicutes|c__Clostridia|o__Clostridiales|f__Veillonellaceae|g__Veillonella|s__parvula,0.051271882,0.051173992,0.0,0.04709443,0.0,0.0,0.047573168,0.0,0.04710545,0.049519848,0.036818597,0.047623612,0.0,0.0,0.04790421,0.04525862,0.047710504,0.039623156,0.047235366,0.04954047,0.0,0.0,0.047431078,0.024835013,0.0,0.034144938,0.028863609,0.029996706,0.04739589,0.04911214,0.04862697,0.044308797,0.047972158,0.049002163,0.049666204,0.0,0.032911822,0.047887594,0.049046617,0.049696907,0.048062753,0.0,0.047707852,0.048994724,0.04970778,0.06904743,0.053066295,0.047754265,0.0,0.047191385,0.062701,0.061059903,0.04802592,0.04905279,0.04972623,0.04370857,0.047506057,0.04950827,0.04929356,0.04977215,0.048211865,0.0395482,0.047820713,0.049016584,0.04968579,0.049361728,0.0,0.0480515,0.04903532,0.049677934,0.047879666,0.0,0.047850467,0.04904121,0.04974994,0.04936609,0.0,0.04807097,0.04903819,0.04965735,0.047943395,0.05007399,0.04783342,0.04902329,0.049647123,0.06606915,0.05026008,0.0,0.047153465,0.04962418,0.04793143,0.04754399,0.0,0.0,0.047789577,0.044111136,0.047804505,0.0,0.047101244,0.04947202,0.0,0.0,0.047781464,0.04901501,0.049596988,0.061340027,0.047575038,0.049458776,0.049279995,0.049774967,0.029654048,0.0236894,0.04778794,0.04900244,0.049628038,0.0,0.043901827,0.03192349,0.04748499,0.049103208,0.0,0.047523305,0.049461607,0.049290054,0.052365907,0.04843121,0.047689024,0.021898754,0.047134344,0.0,0.054897845,0.047714982,0.0,0.0,0.047945682,0.04804546,0.040226392,0.047301244,0.0,0.04731052,0.0,0.0,0.021993387,0.047376677,0.049112666
k__Bacteria|p__Firmicutes|c__Erysipelotrichi|o__Erysipelotrichales|f__Erysipelotrichaceae|g__Holdemania|s__unclassified,0.0,0.0,0.0,0.0,0.0,0.0,0.0,0.0,0.0,0.0,0.0,0.0,0.02877281,0.0,0.0,0.0,0.0,0.0,0.0,0.0,0.0,0.0,0.0,0.024643762,0.031919338,0.0,0.028869333,0.0,0.0,0.0,0.0,0.0,0.0,0.0,0.0,0.0,0.0,0.0,0.0,0.0,0.0,0.0,0.0,0.0,0.0,0.0,0.0,0.0,0.0,0.0,0.0,0.0,0.0,0.0,0.0,0.0,0.0,0.0,0.0,0.0,0.0,0.0,0.0,0.0,0.0,0.0,0.0,0.0,0.0,0.0,0.0,0.0,0.0,0.0,0.0,0.0,0.0,0.0,0.0,0.0,0.0,0.0,0.0,0.0,0.0,0.0,0.0,0.025609316,0.0,0.0,0.0,0.0,0.0,0.0,0.0,0.0,0.0,0.0,0.0,0.0,0.0,0.0,0.0,0.0,0.0,0.0,0.0,0.0,0.0,0.0,0.0,0.0,0.0,0.0,0.0,0.0,0.0,0.0,0.0,0.0,0.0,0.0,0.0,0.0,0.0,0.0,0.0,0.0,0.0,0.0,0.0,0.0,0.0,0.0,0.0,0.0,0.0,0.0,0.0,0.0,0.0,0.0,0.0,0.0,0.0
k__Bacteria|p__Firmicutes|c__Clostridia|o__Clostridiales|f__Veillonellaceae|g__Veillonella|s__dispar,0.051655807,0.05169606,0.02792771,0.05709,0.026543945,0.0,0.05672734,0.0,0.057086427,0.05522428,0.040091865,0.056672353,0.02877281,0.0,0.05652319,0.04588579,0.056592576,0.042312477,0.05699507,0.055223763,0.063766934,0.0,0.056872047,0.0,0.0,0.04341558,0.029945452,0.049783207,0.05689656,0.055551372,0.059855048,0.044526823,0.05643673,0.05117713,0.05510179,0.0,0.03710419,0.056493036,0.0511603,0.055086922,0.059867006,0.0,0.05661221,0.051179025,0.05508034,0.07639317,0.06721849,0.056615032,0.027186183,0.057021808,0.06651816,0.068020895,0.05637585,0.051159073,0.055097677,0.061540946,0.056793068,0.055217322,0.050860707,0.05029446,0.059905507,0.04465595,0.056560326,0.05117249,0.05510602,0.059867688,0.050940618,0.0564036,0.051167503,0.055106737,0.059883017,0.0,0.056530952,0.051161654,0.055057533,0.059826955,0.06151254,0.05636093,0.05116507,0.05510844,0.059809916,0.05147969,0.0565259,0.05116902,0.055123813,0.07510462,0.05870389,0.0,0.057052843,0.055166047,0.060048297,0.056748327,0.025595445,0.031854585,0.05657817,0.04426586,0.05654594,0.0,0.05708292,0.055250615,0.0,0.048026446,0.056577582,0.051172502,0.055153374,0.06206178,0.056709252,0.055253137,0.05086412,0.05029344,0.031086782,0.025892273,0.05655971,0.051176358,0.055141136,0.0,0.047396902,0.032241147,0.05678975,0.055567663,0.031619124,0.05675165,0.055254653,0.05086114,0.05287475,0.0600334,0.056659214,0.021916399,0.057055626,0.0,0.054983865,0.056586564,0.0,0.023597892,0.056492887,0.05973007,0.042191047,0.056969568,0.0,0.056917176,0.066768125,0.066768125,0.022232408,0.05688227,0.055541348
k__Bacteria|p__Firmicutes|c__Erysipelotrichi|o__Erysipelotrichales|f__Erysipelotrichaceae|g__[Eubacterium]|s__biforme,0.0,0.0,0.0,0.0,0.0,0.0,0.0,0.0,0.0,0.0,0.0,0.0,0.0,0.0,0.0,0.0,0.0,0.0,0.0,0.0,0.0,0.0,0.0,0.0,0.0,0.0,0.0,0.0,0.0,0.0,0.0,0.0,0.0,0.0,0.0,0.0,0.0,0.0,0.0,0.0,0.0,0.0,0.0,0.0,0.0,0.0,0.0,0.0,0.0,0.0,0.0,0.0,0.0,0.0,0.0,0.0,0.0,0.0,0.0,0.0,0.0,0.0,0.0,0.0,0.0,0.0,0.0,0.0,0.0,0.0,0.0,0.0,0.0,0.0,0.0,0.0,0.0,0.0,0.0,0.0,0.0,0.0,0.0,0.0,0.0,0.0,0.0,0.0,0.0,0.0,0.0,0.0,0.0,0.0,0.0,0.0,0.0,0.0,0.0,0.0,0.0,0.0,0.0,0.0,0.0,0.0,0.0,0.0,0.0,0.0,0.0,0.0,0.0,0.0,0.0,0.0,0.0,0.0,0.0,0.0,0.0,0.0,0.0,0.0,0.0,0.0,0.0,0.022178123,0.0,0.0,0.0,0.0,0.0,0.0,0.0,0.0,0.0,0.0,0.0,0.0,0.0,0.0,0.0,0.0,0.0
k__Bacteria|p__Firmicutes|c__Bacilli|o__Turicibacterales|f__Turicibacteraceae|g__Turicibacter|s__unclassified,0.0,0.0,0.0,0.0,0.0,0.0,0.0,0.024945097,0.0,0.0,0.0,0.0,0.0,0.029828299,0.0,0.0,0.0,0.0,0.0,0.0,0.0,0.0,0.0,0.0,0.0,0.0,0.0,0.030355591,0.0,0.0,0.0,0.0,0.0,0.0,0.0,0.0,0.0,0.0,0.0,0.0,0.0,0.0,0.0,0.0,0.0,0.0,0.0,0.0,0.0,0.0,0.0,0.0,0.0,0.0,0.0,0.0,0.0,0.0,0.0,0.0,0.0,0.0,0.0,0.0,0.0,0.0,0.0,0.0,0.0,0.0,0.0,0.0,0.0,0.0,0.0,0.0,0.0,0.0,0.0,0.0,0.0,0.0,0.0,0.0,0.0,0.0,0.0,0.0,0.0,0.0,0.0,0.0,0.0,0.0,0.0,0.0,0.0,0.0,0.0,0.0,0.0,0.0,0.0,0.0,0.0,0.0,0.0,0.0,0.0,0.0,0.0,0.0,0.0,0.0,0.0,0.0,0.0,0.0,0.0,0.0,0.0,0.0,0.0,0.0,0.0,0.0,0.0,0.0,0.0,0.0,0.0,0.0,0.0,0.0,0.0,0.0,0.0,0.0,0.0,0.0,0.0,0.0,0.0218711,0.0,0.0
k__Bacteria|p__Firmicutes|c__Clostridia|o__Clostridiales|f__Veillonellaceae|g__Phascolarctobacterium|s__unclassified,0.0,0.0,0.0,0.0,0.0,0.042450458,0.0,0.024863126,0.0,0.0,0.0,0.0,0.0,0.0,0.0,0.0,0.0,0.0,0.0,0.0,0.0,0.0,0.0,0.0,0.0,0.0,0.0,0.0,0.0,0.0,0.0,0.0,0.0,0.0,0.0,0.0,0.0,0.0,0.0,0.0,0.0,0.0,0.0,0.0,0.0,0.0,0.0,0.0,0.0,0.0,0.0,0.0,0.0,0.0,0.0,0.0,0.0,0.0,0.0,0.0,0.0,0.0,0.0,0.0,0.0,0.0,0.0,0.0,0.0,0.0,0.0,0.0,0.0,0.0,0.0,0.0,0.0,0.0,0.0,0.0,0.0,0.0,0.0,0.0,0.0,0.0,0.0,0.0,0.0,0.0,0.0,0.0,0.0,0.0,0.0,0.0,0.0,0.0,0.0,0.0,0.0,0.0,0.0,0.0,0.0,0.0,0.0,0.0,0.0,0.0,0.0,0.0,0.0,0.0,0.0,0.0,0.0,0.0,0.0,0.0,0.0,0.0,0.0,0.0,0.0,0.0,0.0,0.0,0.0,0.0,0.0,0.0,0.0,0.0,0.0,0.0,0.0,0.0,0.0,0.0,0.0,0.0,0.0,0.0,0.0
k__Bacteria|p__Firmicutes|c__Clostridia|o__Clostridiales|f__Ruminococcaceae|g__unclassified|s__unclassified,0.0,0.0,0.029504621,0.0,0.028391086,0.0,0.0,0.02489045,0.0,0.0,0.0,0.0,0.028879758,0.029964754,0.0,0.0,0.0,0.0,0.0,0.0,0.0,0.046364535,0.0,0.031274587,0.03494457,0.0,0.029579114,0.0,0.0,0.0,0.0,0.0,0.0,0.0,0.0,0.0,0.0,0.0,0.0,0.0,0.0,0.036033515,0.0,0.0,0.0,0.0,0.0,0.0,0.03329655,0.0,0.0,0.0,0.0,0.0,0.0,0.0,0.0,0.0,0.0,0.0,0.0,0.0,0.0,0.0,0.0,0.0,0.0,0.0,0.0,0.0,0.0,0.03008908,0.0,0.0,0.0,0.0,0.0,0.0,0.0,0.0,0.0,0.0,0.0,0.0,0.0,0.0,0.0,0.029202443,0.0,0.0,0.0,0.0,0.027343372,0.033920363,0.0,0.0,0.0,0.04495665,0.0,0.0,0.0,0.0,0.0,0.0,0.0,0.0,0.0,0.0,0.0,0.0,0.0,0.0,0.0,0.0,0.0,0.0,0.0,0.03187386,0.0,0.0,0.0,0.0,0.0,0.0,0.0,0.0,0.0,0.029365918,0.0,0.03793877,0.0,0.0,0.024176396,0.025679769,0.0,0.0,0.0,0.0,0.034033287,0.0,0.0,0.0,0.026117858,0.0,0.0
k__Bacteria|p__Firmicutes|c__Clostridia|o__Clostridiales|f__Lachnospiraceae|g__Roseburia|s__unclassified,0.0,0.0,0.030052157,0.0,0.026423927,0.0,0.0,0.024849465,0.0,0.0,0.0,0.0,0.028760927,0.0,0.0,0.0,0.0,0.0,0.0,0.0,0.0,0.024976986,0.0,0.027208794,0.038443457,0.0,0.0,0.0,0.0,0.0,0.0,0.0,0.0,0.0,0.0,0.0,0.0,0.0,0.0,0.0,0.0,0.03575116,0.0,0.0,0.0,0.0,0.0,0.0,0.029628618,0.0,0.0,0.0,0.0,0.0,0.0,0.0,0.0,0.0,0.0,0.0,0.0,0.0,0.0,0.0,0.0,0.0,0.0,0.0,0.0,0.0,0.0,0.0,0.0,0.0,0.0,0.0,0.0,0.0,0.0,0.0,0.0,0.0,0.0,0.0,0.0,0.0,0.0,0.026751984,0.0,0.0,0.0,0.0,0.029383646,0.035112612,0.0,0.0,0.0,0.0,0.0,0.0,0.0,0.0,0.0,0.0,0.0,0.0,0.0,0.0,0.0,0.0,0.029608235,0.026485832,0.0,0.0,0.0,0.0,0.0,0.0,0.0,0.0,0.0,0.0,0.0,0.0,0.0,0.0,0.0,0.024281453,0.0,0.04511421,0.0,0.0,0.024133412,0.025261508,0.0,0.0,0.0,0.0,0.0337719,0.0,0.0,0.0,0.022682652,0.0,0.0
k__Bacteria|p__Firmicutes|c__Clostridia|o__Coriobacteriales|f__Coriobacteriaceae|g__unclassified|s__unclassified,0.0,0.0,0.0,0.0,0.0,0.04407547,0.0,0.025171278,0.0,0.0,0.0,0.0,0.0,0.0,0.0,0.046031907,0.0,0.0,0.0,0.0,0.0,0.0,0.0,0.0,0.0,0.0,0.0,0.0,0.0,0.0,0.0,0.0,0.0,0.0,0.0,0.0,0.0,0.0,0.0,0.0,0.0,0.0,0.0,0.0,0.0,0.06727642,0.05166448,0.0,0.0,0.0,0.054581523,0.0,0.0,0.0,0.0,0.0,0.0,0.0,0.0,0.0,0.0,0.037463576,0.0,0.0,0.0,0.0,0.05109061,0.0,0.0,0.0,0.0,0.0,0.0,0.0,0.0,0.0,0.0,0.0,0.0,0.0,0.0,0.0,0.0,0.0,0.0,0.0,0.0,0.025540626,0.0,0.0,0.0,0.0,0.0,0.0,0.0,0.04749564,0.0,0.0,0.0,0.0,0.0,0.0,0.0,0.0,0.0,0.0,0.0,0.0,0.0,0.0,0.0,0.0,0.0,0.0,0.0,0.0,0.0,0.0,0.0,0.0,0.03122182,0.0,0.0,0.0,0.0,0.0,0.0,0.022063434,0.0,0.0,0.0,0.0,0.02567174,0.0,0.0,0.0,0.040186968,0.0,0.0,0.0,0.0,0.0,0.0,0.0,0.0
k__Bacteria|p__Firmicutes|c__Clostridia|o__Coriobacteriales|f__Coriobacteriaceae|g__Eggerthella|s__lenta,0.0,0.0,0.0,0.0,0.0,0.0,0.0,0.025057428,0.0,0.0,0.035818644,0.0,0.0,0.0,0.0,0.0,0.0,0.0,0.0,0.0,0.0,0.024402628,0.0,0.024688762,0.0,0.03424667,0.0,0.030164186,0.0,0.0,0.0,0.0,0.0,0.0,0.0,0.0,0.0,0.0,0.0,0.0,0.0,0.031782687,0.0,0.0,0.0,0.0,0.0,0.0,0.0,0.0,0.0,0.0,0.0,0.0,0.0,0.0,0.0,0.0,0.0,0.0,0.0,0.0,0.0,0.0,0.0,0.0,0.0,0.0,0.0,0.0,0.0,0.0,0.0,0.0,0.0,0.0,0.0,0.0,0.0,0.0,0.0,0.035780605,0.0,0.0,0.0,0.0,0.0,0.0,0.0,0.0,0.0,0.0,0.025510004,0.031827945,0.0,0.0,0.0,0.045432545,0.0,0.0,0.0,0.044273242,0.0,0.0,0.0,0.0,0.0,0.0,0.0,0.0,0.0,0.0,0.0,0.0,0.0,0.0,0.0,0.0,0.0,0.0,0.0,0.0,0.0,0.0,0.0,0.0,0.0,0.0,0.0,0.0,0.0,0.0,0.024517668,0.0,0.0,0.0,0.0,0.0,0.0,0.0,0.0,0.0,0.0,0.0,0.0
k__Bacteria|p__Firmicutes|c__Clostridia|o__Clostridiales|f__Ruminococcaceae|g__Faecalibacterium|s__prausnitzii,0.0,0.0,0.029000886,0.0,0.026955843,0.042854212,0.0,0.025376204,0.0,0.0,0.0,0.0,0.0,0.03234066,0.0,0.0,0.0,0.0,0.0,0.0,0.0,0.024305278,0.0,0.025892528,0.031730115,0.0,0.035904184,0.0,0.0,0.0,0.0,0.0,0.0,0.0,0.0,0.0,0.03288514,0.0,0.0,0.0,0.0,0.032790814,0.0,0.0,0.0,0.0,0.0,0.0,0.04328043,0.0,0.0,0.0,0.0,0.0,0.0,0.0,0.0,0.0,0.0,0.0,0.0,0.0,0.0,0.0,0.0,0.0,0.0,0.0,0.0,0.0,0.0,0.029949421,0.0,0.0,0.0,0.0,0.0,0.0,0.0,0.0,0.0,0.0,0.0,0.0,0.0,0.0,0.0,0.026778404,0.0,0.0,0.0,0.0,0.026590878,0.0,0.0,0.0,0.0,0.0,0.0,0.0,0.0,0.0,0.0,0.0,0.0,0.0,0.0,0.0,0.0,0.0,0.0,0.024998209,0.0,0.0,0.0,0.0,0.0,0.03181099,0.0,0.0,0.0,0.0,0.0,0.0,0.0,0.0,0.0,0.021917133,0.0,0.037431322,0.0,0.0,0.02415165,0.03225228,0.0,0.0,0.0,0.0,0.035092853,0.0,0.0,0.0,0.024339112,0.0,0.0
k__Bacteria|p__Firmicutes|c__Clostridia|o__Coriobacteriales|f__unclassified|g__unclassified|s__unclassified,0.0,0.03895251,0.029855045,0.0,0.02790107,0.0,0.0,0.025218334,0.0,0.0,0.0,0.0,0.028951053,0.02963566,0.0,0.0,0.0,0.0,0.0,0.0,0.0,0.024052171,0.0,0.02713454,0.034229986,0.0,0.02892085,0.0,0.0,0.0,0.0,0.044328317,0.0,0.0465875,0.0,0.0,0.03284363,0.0,0.046548147,0.0,0.0,0.032285295,0.0,0.04659586,0.0,0.0,0.0,0.0,0.02841111,0.0,0.0,0.0,0.0,0.046552338,0.0,0.0,0.0,0.0,0.04741817,0.04907457,0.0,0.0,0.0,0.046578504,0.0,0.0,0.0,0.0,0.046564706,0.0,0.0,0.02990752,0.0,0.046549447,0.0,0.0,0.0,0.0,0.046559963,0.0,0.0,0.0,0.0,0.046568483,0.0,0.0,0.0,0.026399277,0.0,0.0,0.0,0.0,0.026115295,0.032555424,0.0,0.0,0.0,0.04574456,0.0,0.0,0.0,0.0,0.0,0.046578925,0.0,0.0,0.0,0.0,0.047428366,0.049069326,0.02966238,0.023740312,0.0,0.046587925,0.0,0.0,0.0,0.031830847,0.0,0.0,0.030776067,0.0,0.0,0.047418866,0.0,0.0,0.0,0.022195766,0.0,0.03792794,0.0,0.0,0.0,0.02461057,0.0,0.0,0.0,0.0,0.033935267,0.0,0.0,0.0,0.02237971,0.0,0.0
k__Bacteria|p__Firmicutes|c__Clostridia|o__Clostridiales|f__Ruminococcaceae|g__Ruminococcus|s__unclassified,0.0509326,0.0,0.030840613,0.0,0.027528236,0.041962758,0.0,0.026872931,0.0,0.0,0.0,0.0,0.029687786,0.030012915,0.0,0.0,0.0,0.0,0.0,0.0,0.0,0.031888757,0.0,0.025703525,0.03329562,0.0,0.030071381,0.0,0.0,0.0,0.0,0.044354357,0.0,0.0,0.0,0.0,0.0,0.0,0.0,0.0,0.0,0.03311101,0.0,0.0,0.0,0.0,0.0,0.0,0.029884452,0.0,0.0,0.0,0.0,0.0,0.0,0.0,0.0,0.0,0.0,0.0,0.0,0.0,0.0,0.0,0.0,0.0,0.0,0.0,0.0,0.0,0.0,0.0,0.0,0.0,0.0,0.0,0.0,0.0,0.0,0.0,0.0,0.0,0.0,0.0,0.0,0.0,0.0,0.029123181,0.0,0.0,0.0,0.0,0.026666025,0.033112973,0.0,0.0,0.0,0.046938885,0.0,0.0,0.0,0.0,0.0,0.0,0.0,0.0,0.0,0.0,0.0,0.0,0.0,0.023484513,0.0,0.0,0.0,0.0,0.0,0.0,0.0,0.0,0.030621022,0.0,0.0,0.0,0.0,0.0,0.0,0.028704993,0.0,0.039679255,0.0,0.0,0.0,0.026708461,0.0,0.0,0.0,0.0,0.034182653,0.0,0.0,0.0,0.02465595,0.0,0.0
k__Bacteria|p__Firmicutes|c__Clostridia|o__Clostridiales|f__Clostridiaceae|g__unclassified|s__unclassified,0.050941527,0.0,0.0,0.0,0.0,0.0,0.0,0.0,0.0,0.0,0.0,0.0,0.028760927,0.0,0.0,0.0,0.0,0.0,0.0,0.0,0.0,0.0,0.0,0.024810264,0.0,0.0,0.0,0.0,0.0,0.0,0.0,0.044308797,0.0,0.0,0.0,0.0,0.032929614,0.0,0.0,0.0,0.0,0.031847693,0.0,0.0,0.0,0.0,0.0,0.0,0.0,0.0,0.054471675,0.0,0.0,0.0,0.0,0.0,0.0,0.0,0.0,0.0,0.0,0.0,0.0,0.0,0.0,0.0,0.0,0.0,0.0,0.0,0.0,0.0,0.0,0.0,0.0,0.0,0.0,0.0,0.0,0.0,0.0,0.0,0.0,0.0,0.0,0.0,0.0,0.0,0.0,0.0,0.0,0.0,0.0,0.0,0.0,0.0,0.0,0.0,0.0,0.0,0.0,0.044234745,0.0,0.0,0.0,0.0,0.0,0.0,0.0,0.0,0.029633224,0.023488235,0.0,0.0,0.0,0.0,0.042953044,0.0,0.0,0.0,0.0,0.0,0.0,0.0,0.0,0.0,0.0,0.02187817,0.0,0.0,0.0,0.0,0.0,0.023495212,0.0,0.0,0.0,0.0,0.0,0.0,0.0,0.0,0.0,0.0,0.0
k__Bacteria|p__Firmicutes|c__Clostridia|o__Clostridiales|f__Ruminococcaceae|g__Faecalibacterium|s__unclassified,0.0,0.0,0.02834384,0.0,0.026997741,0.042840224,0.0,0.027105182,0.0,0.0,0.0,0.0,0.0,0.031939328,0.0,0.0,0.0,0.0,0.0,0.0,0.0,0.024743348,0.0,0.029177565,0.0,0.0,0.035789706,0.0,0.0,0.0,0.0,0.0,0.0,0.0,0.0,0.0,0.0,0.0,0.0,0.0,0.0,0.032423075,0.0,0.0,0.0,0.0,0.0,0.0,0.028381417,0.0,0.0,0.0,0.0,0.0,0.0,0.0,0.0,0.0,0.0,0.0,0.0,0.0,0.0,0.0,0.0,0.0,0.0,0.0,0.0,0.0,0.0,0.029890765,0.0,0.0,0.0,0.0,0.0,0.0,0.0,0.0,0.0,0.0,0.0,0.0,0.0,0.0,0.0,0.026717637,0.0,0.0,0.0,0.0,0.03184186,0.0,0.0,0.0,0.0,0.044122852,0.0,0.0,0.0,0.0,0.0,0.0,0.0,0.0,0.0,0.0,0.0,0.0,0.0,0.0,0.0,0.0,0.0,0.0,0.0,0.0,0.0,0.0,0.0,0.0,0.0,0.0,0.0,0.0,0.0,0.0,0.0,0.037333857,0.0,0.0,0.0,0.025792811,0.0,0.0,0.0,0.0,0.034112636,0.0,0.0,0.0,0.02402505,0.0,0.0
k__Bacteria|p__Firmicutes|c__Clostridia|o__Clostridiales|f__Lachnospiraceae|g__Lachnospira|s__unclassified,0.0,0.0,0.028540954,0.0,0.027094325,0.0,0.0,0.0,0.0,0.0,0.0,0.0,0.030234393,0.031273108,0.0,0.0,0.0,0.0,0.0,0.0,0.0,0.024305278,0.0,0.026938789,0.03387387,0.0,0.031634048,0.03285582,0.0,0.0,0.0,0.0,0.0,0.0,0.0,0.0,0.0,0.0,0.0,0.0,0.0,0.0,0.0,0.0,0.0,0.0,0.0,0.0,0.027724693,0.0,0.0,0.0,0.0,0.0,0.0,0.0,0.0,0.0,0.0,0.0,0.0,0.0,0.0,0.0,0.0,0.0,0.0,0.0,0.0,0.0,0.0,0.030072324,0.0,0.0,0.0,0.0,0.0,0.0,0.0,0.0,0.0,0.0,0.0,0.0,0.0,0.0,0.0,0.025635738,0.0,0.0,0.0,0.0,0.02841498,0.031765487,0.0,0.0,0.0,0.0,0.0,0.0,0.0,0.0,0.0,0.0,0.0,0.0,0.0,0.0,0.0,0.0,0.0,0.023916643,0.0,0.0,0.0,0.0,0.0,0.0,0.0,0.0,0.0,0.0,0.0,0.0,0.0,0.0,0.0,0.022097988,0.0,0.0,0.0,0.0,0.0,0.027830413,0.0,0.0,0.0,0.0,0.03431802,0.0,0.0,0.0,0.022007285,0.0,0.0
k__Bacteria|p__Firmicutes|c__Clostridia|o__unclassified|f__unclassified|g__unclassified|s__unclassified,0.0,0.0,0.028716166,0.04956827,0.027308794,0.0,0.047746632,0.031416245,0.049510777,0.050406348,0.035951454,0.047536027,0.029521424,0.02968382,0.049056947,0.0,0.047125332,0.039058402,0.049011428,0.050418977,0.0,0.026982374,0.048447784,0.026342532,0.032908946,0.0,0.030203035,0.0,0.048649378,0.050024115,0.04504053,0.0,0.048645727,0.049535885,0.05040318,0.0,0.032888103,0.04897149,0.049407315,0.05030349,0.044383906,0.03588215,0.04958444,0.04956506,0.050257593,0.0,0.0,0.04714942,0.029134648,0.049060084,0.0,0.05809813,0.048381943,0.049381617,0.050367787,0.0,0.048044972,0.050415814,0.04962725,0.04987783,0.04471528,0.0,0.049279403,0.049513217,0.050439656,0.045797568,0.0,0.04843135,0.049453747,0.050430663,0.04440889,0.030438235,0.049154256,0.049405444,0.050100952,0.045836926,0.0,0.04820396,0.04943516,0.05047195,0.04411115,0.035829842,0.049115382,0.049479846,0.050537117,0.06626183,0.048985116,0.02673613,0.049292665,0.05004277,0.04466403,0.04781534,0.026454996,0.032364372,0.049332604,0.0,0.047164597,0.044795394,0.04948339,0.05058928,0.058201298,0.0,0.04936905,0.04951623,0.050754968,0.0,0.047665372,0.050636116,0.04966086,0.04986087,0.02974151,0.026182845,0.049284663,0.049543086,0.050659835,0.0,0.0,0.032095555,0.048071254,0.05013022,0.030621022,0.047872532,0.050634746,0.0496322,0.05241167,0.045085087,0.0475273,0.022942701,0.04934827,0.037715986,0.0,0.047253314,0.024679188,0.024565352,0.04885263,0.044276804,0.0,0.048861355,0.033874586,0.048555505,0.0,0.0,0.02229355,0.048464306,0.049990274
k__Bacteria|p__Firmicutes|c__Clostridia|o__Clostridiales|f__Lachnospiraceae|g__Anaerostipes|s__unclassified,0.0,0.0,0.0,0.0,0.0,0.0,0.0,0.0,0.0,0.0,0.0,0.0,0.028891638,0.029723955,0.0,0.0,0.0,0.0,0.0,0.0,0.0,0.0,0.0,0.0,0.0,0.0,0.0,0.0,0.0,0.0,0.0,0.0,0.0,0.0,0.0,0.0,0.0,0.0,0.0,0.0,0.0,0.0,0.0,0.0,0.0,0.0,0.0,0.0,0.0,0.0,0.0,0.0,0.0,0.0,0.0,0.0,0.0,0.0,0.0,0.0,0.0,0.0,0.0,0.0,0.0,0.0,0.0,0.0,0.0,0.0,0.0,0.0,0.0,0.0,0.0,0.0,0.0,0.0,0.0,0.0,0.0,0.0,0.0,0.0,0.0,0.0,0.0,0.0,0.0,0.0,0.0,0.0,0.0,0.0,0.0,0.0,0.0,0.0,0.0,0.0,0.0,0.0,0.0,0.0,0.0,0.0,0.0,0.0,0.0,0.0,0.0,0.0,0.0,0.0,0.0,0.0,0.0,0.0,0.0,0.0,0.0,0.0,0.0,0.0,0.0,0.0,0.0,0.021942865,0.0,0.0,0.0,0.0,0.0,0.0,0.0,0.0,0.0,0.0,0.0,0.0,0.0,0.0,0.0,0.0,0.0
k__Bacteria|p__Firmicutes|c__Clostridia|o__Clostridiales|f__Lachnospiraceae|g__Lachnobacterium|s__unclassified,0.0,0.0,0.0,0.0,0.026710836,0.0,0.0,0.0,0.0,0.0,0.0,0.0,0.0,0.029916596,0.0,0.0,0.0,0.0,0.0,0.0,0.0,0.0,0.0,0.0,0.0,0.0,0.0,0.0,0.0,0.0,0.0,0.0,0.0,0.0,0.0,0.0,0.0,0.0,0.0,0.0,0.0,0.0,0.0,0.0,0.0,0.0,0.0,0.0,0.027423745,0.0,0.0,0.0,0.0,0.0,0.0,0.0,0.0,0.0,0.0,0.0,0.0,0.0,0.0,0.0,0.0,0.0,0.0,0.0,0.0,0.0,0.0,0.0,0.0,0.0,0.0,0.0,0.0,0.0,0.0,0.0,0.0,0.0,0.0,0.0,0.0,0.0,0.0,0.025868231,0.0,0.0,0.0,0.0,0.0,0.0,0.0,0.0,0.0,0.0,0.0,0.0,0.0,0.0,0.0,0.0,0.0,0.0,0.0,0.0,0.0,0.0,0.0,0.0,0.0,0.0,0.0,0.0,0.0,0.0,0.0,0.0,0.0,0.0,0.0,0.0,0.0,0.0,0.0,0.0,0.0,0.0,0.0,0.0,0.0,0.025365131,0.0,0.0,0.0,0.0,0.0,0.0,0.0,0.0,0.0,0.0,0.0
k__Bacteria|p__Firmicutes|c__Clostridia|o__Clostridiales|f__Lachnospiraceae|g__[Ruminococcus]|s__unclassified,0.0,0.03881329,0.027949613,0.0,0.0,0.0,0.0,0.027202332,0.0,0.0,0.036154564,0.0,0.029283771,0.029756062,0.0,0.0,0.0,0.0,0.0,0.0,0.0,0.024830965,0.0,0.025759773,0.031936966,0.0,0.028886506,0.0,0.0,0.0,0.0,0.044313677,0.0,0.0,0.0,0.0,0.0,0.0,0.0,0.0,0.0,0.032620043,0.0,0.0,0.0,0.0,0.0,0.0,0.027814353,0.0,0.0,0.0,0.0,0.0,0.0,0.0,0.0,0.0,0.0,0.0,0.0,0.0,0.0,0.0,0.0,0.0,0.0,0.0,0.0,0.0,0.0,0.0,0.0,0.0,0.0,0.0,0.0,0.0,0.0,0.0,0.0,0.0,0.0,0.0,0.0,0.0,0.0,0.02549571,0.0,0.0,0.0,0.0,0.025770444,0.031752627,0.0,0.0,0.0,0.044378497,0.0,0.0,0.0,0.0,0.0,0.0,0.0,0.0,0.0,0.0,0.0,0.0,0.0,0.023499414,0.0,0.0,0.0,0.0,0.0,0.03187386,0.0,0.0,0.0,0.0,0.0,0.0,0.0,0.0,0.0,0.022256784,0.0,0.037137374,0.0,0.0,0.025472447,0.024045354,0.0,0.0,0.0,0.0,0.033795234,0.0,0.0,0.0,0.021859983,0.0,0.0
k__Bacteria|p__Firmicutes|c__Clostridia|o__Clostridiales|f__Lachnospiraceae|g__Roseburia|s__faecis,0.0,0.0,0.027862007,0.0,0.026203066,0.0,0.0,0.0,0.0,0.0,0.0,0.0,0.0,0.0,0.0,0.0,0.0,0.0,0.0,0.0,0.0,0.0,0.0,0.024668513,0.0,0.0,0.028852161,0.0,0.0,0.0,0.0,0.0,0.0,0.0,0.0,0.0,0.0,0.0,0.0,0.0,0.0,0.0,0.0,0.0,0.0,0.0,0.0,0.0,0.027266132,0.0,0.0,0.0,0.0,0.0,0.0,0.0,0.0,0.0,0.0,0.0,0.0,0.0,0.0,0.0,0.0,0.0,0.0,0.0,0.0,0.0,0.0,0.0,0.0,0.0,0.0,0.0,0.0,0.0,0.0,0.0,0.0,0.0,0.0,0.0,0.0,0.0,0.0,0.0,0.0,0.0,0.0,0.0,0.025521329,0.0,0.0,0.0,0.0,0.0,0.0,0.0,0.0,0.0,0.0,0.0,0.0,0.0,0.0,0.0,0.0,0.0,0.029941427,0.0,0.0,0.0,0.0,0.0,0.0,0.0,0.0,0.0,0.0,0.0,0.0,0.0,0.0,0.0,0.0,0.0,0.0,0.0,0.0,0.0,0.0,0.023495212,0.0,0.0,0.0,0.0,0.0,0.0,0.0,0.0,0.021737693,0.0,0.0
k__Bacteria|p__Firmicutes|c__Clostridia|o__Coriobacteriales|f__Coriobacteriaceae|g__Collinsella|s__unclassified,0.0,0.0,0.028278137,0.0,0.026210167,0.045352694,0.0,0.027244836,0.0,0.0,0.0,0.0,0.0,0.029643688,0.0,0.04611058,0.0,0.03915701,0.0,0.0,0.0,0.024052171,0.0,0.0,0.0,0.0,0.03366036,0.0,0.0,0.0,0.0,0.0,0.0,0.0,0.0,0.072203584,0.0,0.0,0.0,0.0,0.0,0.035547398,0.0,0.0,0.0,0.06818031,0.0,0.0,0.0,0.0,0.055469442,0.0,0.0,0.0,0.0,0.0,0.0,0.0,0.0,0.0,0.0,0.04261178,0.0,0.0,0.0,0.0,0.0,0.0,0.0,0.0,0.0,0.029929869,0.0,0.0,0.0,0.0,0.0,0.0,0.0,0.0,0.0,0.0,0.0,0.0,0.0,0.0,0.0,0.02605846,0.0,0.0,0.0,0.0,0.026342792,0.03446689,0.0,0.0,0.0,0.0,0.0,0.0,0.06135676,0.0,0.0,0.0,0.0,0.0,0.0,0.0,0.0,0.0,0.0,0.0,0.0,0.0,0.0,0.0,0.0,0.0,0.0,0.0,0.03973958,0.0,0.0,0.0,0.0,0.0,0.0,0.022721414,0.0,0.0,0.05547653,0.0,0.044997867,0.023512168,0.0,0.0,0.040963978,0.0,0.0,0.0,0.0,0.0,0.021693224,0.0,0.0
k__Bacteria|p__Firmicutes|c__Clostridia|o__Clostridiales|f__Ruminococcaceae|g__Oscillospira|s__unclassified,0.0,0.038698934,0.02878187,0.041477438,0.027742706,0.0,0.040951468,0.026097244,0.041468725,0.045396756,0.0,0.04101908,0.0311969,0.030430304,0.042189296,0.0,0.040888973,0.0,0.041305948,0.045405187,0.05667252,0.024811493,0.041087884,0.029058313,0.033877395,0.040150348,0.030042762,0.0,0.041151453,0.044603765,0.0,0.047322147,0.04202821,0.047313467,0.04564224,0.0,0.0,0.042098105,0.04723743,0.045608938,0.0,0.03639737,0.04231771,0.0473289,0.045591746,0.0,0.0,0.040945098,0.027287832,0.04137305,0.0,0.0,0.041997068,0.047230035,0.045680583,0.04399099,0.041012503,0.045395743,0.047968067,0.049282406,0.0,0.0,0.042210124,0.047294885,0.04563828,0.0,0.0,0.04203195,0.047262885,0.04564513,0.0,0.0,0.042169675,0.047239948,0.045567542,0.0,0.0,0.04196758,0.04725482,0.045657285,0.0,0.03613265,0.042161852,0.04727802,0.045684237,0.0,0.0,0.026637055,0.04139981,0.045275122,0.0,0.041031424,0.026631026,0.03459181,0.04224824,0.0,0.041106507,0.0,0.041460894,0.045468915,0.0,0.0,0.04224246,0.047296464,0.04575887,0.0,0.040911376,0.045488175,0.04798975,0.049272656,0.030874372,0.02375149,0.042199712,0.04731499,0.045721572,0.0,0.0,0.031953275,0.04109711,0.044634435,0.0,0.040993445,0.045480862,0.047971405,0.05183866,0.0,0.041170456,0.023754334,0.04141525,0.03723948,0.0,0.04104608,0.024146438,0.02405289,0.042117342,0.0,0.0,0.04126463,0.033939935,0.041263834,0.06687971,0.06687971,0.021815514,0.04112456,0.044552732
k__Bacteria|p__Firmicutes|c__Clostridia|o__Clostridiales|f__Lachnospiraceae|g__[Ruminococcus]|s__gnavus,0.0,0.039658554,0.027949613,0.051257454,0.026288286,0.0,0.051491156,0.0,0.051253427,0.052012023,0.037834167,0.051588107,0.02903423,0.029892514,0.051598832,0.0,0.051582973,0.0,0.05130701,0.052032735,0.063832775,0.0,0.051367987,0.024819264,0.032416493,0.03550026,0.02927574,0.030475218,0.05138955,0.051929332,0.054308344,0.05295997,0.05159214,0.049986128,0.052047435,0.0,0.033223137,0.05151239,0.05000115,0.05207795,0.0538855,0.03196219,0.05143592,0.049984742,0.052087277,0.0,0.0,0.051619492,0.027278125,0.05131125,0.0,0.05890132,0.05162914,0.050012805,0.052137665,0.04356035,0.051418614,0.051989496,0.050012328,0.05001856,0.05403221,0.037255965,0.05149822,0.049993232,0.05207528,0.054536507,0.05268822,0.051677294,0.050004255,0.052065652,0.05378118,0.02984328,0.05151011,0.049999975,0.05213302,0.054736048,0.0,0.051638443,0.050003294,0.052047852,0.053903535,0.038269516,0.051477216,0.049992543,0.052047275,0.0,0.05418579,0.02575727,0.051274616,0.052071307,0.053879302,0.051500574,0.02553574,0.03186285,0.051513545,0.044111136,0.051715262,0.04694282,0.0512544,0.051982105,0.0,0.044465713,0.05149617,0.049993433,0.052023273,0.06284587,0.05146173,0.051970985,0.050004683,0.05002088,0.030099697,0.025354594,0.05147608,0.049986143,0.05204074,0.0,0.0,0.032677922,0.051452227,0.05193601,0.031580362,0.051435206,0.0519699,0.050009865,0.052610736,0.054138727,0.05164857,0.02218327,0.05125659,0.03707858,0.0,0.051660813,0.024416069,0.023548907,0.05159437,0.054017395,0.040870987,0.051340766,0.0,0.051352285,0.06686377,0.06686377,0.021693224,0.05136001,0.051914755
k__Bacteria|p__Firmicutes|c__Erysipelotrichi|o__Erysipelotrichales|f__[Coprobacillaceae]|g__unclassified|s__unclassified,0.062173527,0.039539218,0.028562853,0.051746406,0.026257748,0.041950762,0.051344678,0.03350195,0.05174565,0.0521126,0.0,0.05149953,0.02971155,0.029691847,0.05174927,0.0,0.05138397,0.0,0.051601235,0.052132584,0.0,0.024422098,0.05141348,0.025951028,0.033837434,0.0,0.029458908,0.02997278,0.051475525,0.052086327,0.05800989,0.044966135,0.05157553,0.050077032,0.052151706,0.06815395,0.0,0.051588234,0.050038874,0.052144382,0.055998866,0.032076683,0.05176035,0.050083637,0.052140325,0.0,0.0,0.05150786,0.027519684,0.051678944,0.0,0.058399327,0.05158578,0.050047915,0.05224676,0.042263765,0.051369604,0.052098166,0.05006001,0.050032362,0.056780845,0.0,0.0517003,0.050067194,0.05215329,0.060548358,0.07515018,0.051659655,0.050057903,0.052159913,0.05574999,0.0,0.051663294,0.05004077,0.052162673,0.0606235,0.0,0.05158368,0.050052073,0.05215436,0.05576108,0.0,0.051636145,0.050057046,0.052171186,0.0,0.05423767,0.025609316,0.05168335,0.052070808,0.055863455,0.051439222,0.026256321,0.032047477,0.051740684,0.0,0.051718876,0.045106106,0.051730916,0.052147582,0.0,0.0,0.051720843,0.05006685,0.05219903,0.0,0.051288582,0.052156493,0.05006659,0.050030194,0.03513092,0.029430032,0.051658027,0.05007544,0.052185494,0.0,0.05910496,0.032830134,0.051491365,0.052110024,0.031347796,0.05136361,0.05214838,0.050059922,0.05261411,0.057492726,0.051697556,0.0,0.051683553,0.037191518,0.058244847,0.0515865,0.028962014,0.0237505,0.051681988,0.05657856,0.04567587,0.051588714,0.0,0.051602293,0.06681595,0.06681595,0.021707121,0.05143692,0.052026667
k__Bacteria|p__Firmicutes|c__Clostridia|o__Clostridiales|f__unclassified|g__unclassified|s__unclassified,0.051164743,0.038793404,0.028102923,0.04913639,0.026410436,0.0,0.04728764,0.027593972,0.04907709,0.050132066,0.0,0.04715668,0.029402599,0.029659739,0.048721362,0.0,0.046722062,0.039031506,0.048549052,0.05017103,0.0,0.028160295,0.047969937,0.025084766,0.031752445,0.0,0.02906395,0.033274516,0.048212647,0.049740743,0.045601804,0.0443934,0.048231825,0.049418848,0.050134107,0.0,0.034895338,0.048513673,0.04928092,0.050051685,0.044674307,0.032149453,0.049135193,0.04945129,0.050008226,0.0,0.0,0.04680271,0.027278125,0.048609797,0.054544907,0.0,0.04797389,0.049267787,0.05018541,0.0,0.047557242,0.05012137,0.04954273,0.04985202,0.045112032,0.0,0.04886292,0.049399123,0.050202094,0.046513524,0.052792754,0.048090108,0.04934225,0.050184414,0.044627022,0.029826516,0.048728235,0.04927741,0.049880203,0.046643652,0.0,0.04779223,0.04931717,0.050210137,0.044457465,0.035805225,0.048645288,0.049357504,0.050286166,0.0,0.04883863,0.028581573,0.048838355,0.04978487,0.044960067,0.047367312,0.026569262,0.03235243,0.048932333,0.0,0.046867363,0.044154316,0.04903502,0.050310444,0.0,0.044273242,0.048950005,0.04940048,0.050508313,0.0,0.047165126,0.05035564,0.049573552,0.04983413,0.0,0.025225451,0.048823204,0.049425833,0.050418165,0.0,0.04299988,0.031992983,0.047635376,0.04987484,0.0,0.04737965,0.05035304,0.04954516,0.052389063,0.04552971,0.047184225,0.022615548,0.048879262,0.036911495,0.0,0.046909753,0.0,0.026868606,0.04847747,0.04463618,0.0,0.048420887,0.0,0.048078492,0.0,0.0,0.021884996,0.047969375,0.04968928
k__Bacteria|p__Firmicutes|c__Clostridia|o__Clostridiales|f__Lachnospiraceae|g__Coprococcus|s__unclassified,0.0,0.03855474,0.028015317,0.050491896,0.027348563,0.0,0.05021561,0.0,0.05048959,0.05141173,0.0357249,0.050191436,0.02901047,0.029699875,0.05062753,0.0,0.05010114,0.0,0.050428253,0.051415045,0.056129333,0.02824791,0.050346643,0.024776513,0.032150876,0.034112122,0.029934006,0.03002063,0.050382838,0.05121361,0.049954817,0.045016576,0.05057246,0.04980694,0.05145154,0.0,0.032968156,0.050622318,0.049795415,0.05144247,0.049815077,0.032958675,0.05070114,0.049809895,0.051434312,0.0,0.0,0.050097115,0.028893087,0.05043013,0.0,0.058231995,0.050530978,0.04979178,0.051445305,0.04206547,0.050273962,0.05142175,0.049868014,0.04996506,0.0499159,0.0,0.05066573,0.049806148,0.051461104,0.050129276,0.05096562,0.05053048,0.049799286,0.051453862,0.04986427,0.029929869,0.050649714,0.0497944,0.051401727,0.050146602,0.0,0.050486185,0.04979751,0.051465444,0.049770337,0.03588154,0.050642993,0.049802568,0.051472306,0.0,0.052255258,0.02651024,0.050460115,0.051361363,0.049917277,0.050229385,0.025768386,0.032267004,0.05066745,0.0,0.05010508,0.058254167,0.050481167,0.051437166,0.0,0.0,0.05067417,0.049805533,0.05150355,0.061459165,0.050202537,0.051448904,0.049870927,0.049962953,0.029849801,0.023752728,0.05066098,0.049808044,0.051490493,0.0,0.0,0.031834155,0.05029883,0.05123158,0.0,0.050244473,0.051448442,0.04986857,0.052540794,0.049991593,0.050170526,0.022660395,0.050466925,0.037386455,0.0,0.050123733,0.02446296,0.023714704,0.050593834,0.049839243,0.0,0.050415095,0.0,0.05036508,0.0,0.0,0.022007285,0.05034908,0.05120866
k__Bacteria|p__Firmicutes|c__Clostridia|o__Clostridiales|f__Lachnospiraceae|g__Blautia|s__unclassified,0.0,0.04474503,0.03679783,0.05894828,0.03029859,0.042222597,0.057319943,0.05132759,0.05890621,0.05594482,0.037896667,0.057095777,0.029818494,0.030823613,0.057615034,0.045101263,0.05672093,0.039058402,0.05848404,0.055955835,0.06104275,0.025765514,0.057985265,0.0322781,0.05533846,0.03628129,0.03358022,0.031109247,0.05816785,0.05630424,0.05637479,0.053864624,0.057268355,0.051486086,0.05571874,0.0,0.038138937,0.057538528,0.05140538,0.055653915,0.05696986,0.045233775,0.058042333,0.051502235,0.055616282,0.0,0.0,0.056707695,0.03490466,0.058513008,0.0,0.058432795,0.05702105,0.05139464,0.055689674,0.043804042,0.057598688,0.05595367,0.051063538,0.050356667,0.056845106,0.03741833,0.057814732,0.05147253,0.0557669,0.05556745,0.056799278,0.057077833,0.051441155,0.05574869,0.05720559,0.044113856,0.05770401,0.05140472,0.055487223,0.055512015,0.0,0.05685204,0.05142652,0.055779334,0.056962445,0.042764813,0.057648584,0.05144947,0.0558336,0.0,0.05832873,0.031063735,0.05872694,0.055668157,0.057371113,0.057359856,0.029402176,0.033487737,0.057857983,0.044120807,0.056585703,0.056553792,0.058879577,0.05608063,0.0,0.044908397,0.057896405,0.051472846,0.056003604,0.07140298,0.057248536,0.05611746,0.05108102,0.050347812,0.032432053,0.030735115,0.057806958,0.05148858,0.05593362,0.0,0.0,0.047180843,0.057626348,0.056407697,0.033256784,0.057426915,0.056117896,0.051065538,0.05291434,0.056712497,0.056931127,0.024747554,0.058751803,0.04585682,0.0,0.056752067,0.026141966,0.02812715,0.05743376,0.056518294,0.043703407,0.058369674,0.034215327,0.058037292,0.07760797,0.07760797,0.02583159,0.057989802,0.056299336
k__Bacteria|p__Firmicutes|c__Clostridia|o__Clostridiales|f__Lachnospiraceae|g__unclassified|s__unclassified,0.0,0.046589687,0.039469812,0.058296397,0.032414887,0.0,0.056347825,0.027557539,0.0582516,0.055489793,0.035928015,0.056015152,0.047179256,0.035735957,0.056784064,0.04506979,0.055642284,0.0,0.057743948,0.05546298,0.058944054,0.025200889,0.05715148,0.031225089,0.039248537,0.0,0.03452469,0.030846065,0.05729119,0.055754967,0.053730946,0.04908427,0.056444105,0.051371735,0.055294715,0.06734779,0.033291332,0.05683697,0.051272783,0.05517764,0.054474205,0.03638379,0.05747831,0.0513913,0.0551212,0.0,0.0,0.05559833,0.03163133,0.05778688,0.0,0.05809813,0.05614548,0.051240332,0.05513109,0.045230158,0.056719065,0.05552653,0.050970618,0.05032182,0.054297395,0.0,0.05711842,0.05134712,0.055279754,0.052973308,0.05253141,0.056126673,0.05129664,0.055289518,0.05476575,0.030636555,0.05700458,0.051274925,0.054955434,0.052937314,0.0,0.055976585,0.051286753,0.05534551,0.054366667,0.038510777,0.057014965,0.051328357,0.05539886,0.0,0.05694347,0.02937946,0.05803927,0.0551212,0.054848973,0.056392405,0.03362787,0.03865447,0.057155337,0.0,0.055389114,0.045718342,0.05823522,0.05567134,0.0,0.0,0.057205535,0.05134954,0.05560126,0.06382806,0.056320734,0.05572128,0.05100058,0.050311547,0.0412367,0.033361424,0.057165083,0.051375523,0.055500563,0.0,0.0,0.034362156,0.05668751,0.055830177,0.03186138,0.056548633,0.055717442,0.05097671,0.052868184,0.054114703,0.055818573,0.023346312,0.05811446,0.038594738,0.058510732,0.055630088,0.026393361,0.031443078,0.05661178,0.054116797,0.0,0.057557493,0.03467276,0.057270113,0.06702317,0.06702317,0.027832681,0.057186075,0.05576176
k__Bacteria|p__Firmicutes|c__Clostridia|o__Clostridiales|f__Peptostreptococcaceae|g__unclassified|s__unclassified,0.051021885,0.0,0.0,0.0,0.0,0.0,0.0,0.026652824,0.0,0.0,0.0,0.0,0.028891638,0.029675795,0.0,0.0,0.0,0.0,0.0,0.0,0.0,0.0,0.0,0.024643762,0.0,0.043796256,0.0,0.030546995,0.0,0.0,0.0,0.04482946,0.0,0.0,0.0,0.0,0.032962225,0.0,0.0,0.0,0.0,0.0,0.0,0.0,0.0,0.0,0.0,0.0,0.0,0.0,0.0,0.05841606,0.0,0.0,0.0,0.043549,0.0,0.0,0.0,0.0,0.0,0.0,0.0,0.0,0.0,0.0,0.0,0.0,0.0,0.0,0.0,0.0,0.0,0.0,0.0,0.0,0.0,0.0,0.0,0.0,0.0,0.0,0.0,0.0,0.0,0.0,0.0,0.025577612,0.0,0.0,0.0,0.0,0.025600592,0.0,0.0,0.0,0.0,0.044099253,0.0,0.0,0.0,0.0,0.0,0.0,0.0,0.0,0.0,0.0,0.0,0.0,0.02964572,0.023762664,0.0,0.0,0.0,0.0,0.0,0.0,0.0,0.0,0.0,0.0,0.0,0.0,0.0,0.0,0.0,0.022003885,0.0,0.0,0.0,0.0,0.024687003,0.023585647,0.0,0.0,0.0,0.0,0.0,0.0,0.0,0.0,0.021729356,0.0,0.0
k__Bacteria|p__Firmicutes|c__Clostridia|o__Clostridiales|f__Lachnospiraceae|g__Dorea|s__unclassified,0.0,0.0,0.027971514,0.0,0.02629326,0.0,0.0,0.024847947,0.0,0.0,0.0,0.0,0.0,0.0,0.0,0.04506979,0.0,0.03923769,0.0,0.0,0.05607172,0.0,0.0,0.024697762,0.03180886,0.038932856,0.0,0.0,0.0,0.0,0.0,0.051715255,0.0,0.0,0.0,0.0,0.0,0.0,0.0,0.0,0.0,0.0,0.0,0.0,0.0,0.0,0.0,0.0,0.0,0.0,0.0,0.0,0.0,0.0,0.0,0.0,0.0,0.0,0.0,0.0,0.0,0.03744494,0.0,0.0,0.0,0.0,0.0,0.0,0.0,0.0,0.0,0.03005277,0.0,0.0,0.0,0.0,0.0,0.0,0.0,0.0,0.0,0.0,0.0,0.0,0.0,0.0,0.0,0.02549439,0.0,0.0,0.0,0.0,0.0,0.0,0.0,0.0,0.0,0.04451091,0.0,0.0,0.0,0.0,0.0,0.0,0.0,0.0,0.0,0.0,0.0,0.0,0.0,0.023567708,0.0,0.0,0.0,0.0,0.0,0.032191515,0.0,0.0,0.0,0.0,0.0,0.0,0.0,0.0,0.0,0.021904636,0.0,0.036981117,0.0,0.0,0.024171187,0.0,0.0,0.0,0.040279586,0.0,0.0,0.0,0.0,0.0,0.0,0.0,0.0
k__Bacteria|p__Firmicutes|c__Clostridia|o__Clostridiales|f__Veillonellaceae|g__unclassified|s__unclassified,0.0,0.04464559,0.028387642,0.0,0.026700182,0.0,0.0,0.0,0.0,0.0,0.0,0.0,0.0,0.0,0.0,0.0,0.0,0.0,0.0,0.0,0.0,0.024276074,0.0,0.025640523,0.03299709,0.0,0.02957339,0.0,0.0,0.0,0.0,0.0,0.0,0.0,0.0,0.06652513,0.0,0.0,0.0,0.0,0.0,0.0,0.0,0.0,0.0,0.0,0.0,0.0,0.04001224,0.0,0.0,0.0,0.0,0.0,0.0,0.0,0.0,0.0,0.0,0.0,0.0,0.037933096,0.0,0.0,0.0,0.0,0.0,0.0,0.0,0.0,0.0,0.030505272,0.0,0.0,0.0,0.0,0.0,0.0,0.0,0.0,0.0,0.0,0.0,0.0,0.0,0.0,0.0,0.05456436,0.0,0.0,0.0,0.0,0.026940875,0.0,0.0,0.04431421,0.0,0.0,0.0,0.0,0.0,0.044744793,0.0,0.0,0.0,0.0,0.0,0.0,0.0,0.0,0.032248795,0.02358882,0.0,0.0,0.0,0.0,0.0,0.0,0.0,0.0,0.03397386,0.0,0.0,0.0,0.0,0.0,0.0,0.025767239,0.0,0.040378544,0.0,0.0,0.0,0.0,0.0,0.0,0.0,0.0,0.033893254,0.0,0.0,0.0,0.022857748,0.0,0.0
k__Bacteria|p__Bacteroidetes|c__Bacteroidia|o__Bacteroidales|f__Bacteroidaceae|g__Bacteroides|s__caccae,0.0,0.0,0.0,0.0,0.0,0.0,0.0,0.0,0.0,0.0,0.0,0.0,0.0,0.0,0.0,0.0,0.0,0.0,0.0,0.0,0.0,0.0,0.0,0.0,0.0,0.0,0.0,0.0,0.0,0.0,0.0,0.0,0.0,0.0,0.0,0.0,0.0,0.0,0.0,0.0,0.0,0.0,0.0,0.0,0.0,0.0,0.0,0.0,0.0,0.0,0.0,0.0,0.0,0.0,0.0,0.0,0.0,0.0,0.0,0.0,0.0,0.0,0.0,0.0,0.0,0.0,0.0,0.0,0.0,0.0,0.0,0.0,0.0,0.0,0.0,0.0,0.0,0.0,0.0,0.0,0.0,0.0,0.0,0.0,0.0,0.0,0.0,0.0,0.0,0.0,0.0,0.0,0.0,0.0,0.0,0.0,0.0,0.0,0.0,0.0,0.0,0.0,0.0,0.0,0.0,0.0,0.0,0.0,0.0,0.0,0.0,0.0,0.0,0.0,0.0,0.0,0.0,0.0,0.0,0.0,0.0,0.0,0.0,0.0,0.0,0.0,0.0,0.0,0.0,0.0,0.0,0.0,0.0,0.0,0.0,0.0,0.0,0.0,0.0,0.0,0.0,0.0,0.0,0.0,0.0
k__Bacteria|p__Bacteroidetes|c__Bacteroidia|o__Bacteroidales|f__Porphyromonadaceae|g__Dysgonomonas|s__unclassified,0.0,0.0,0.0,0.0,0.0,0.0,0.0,0.0,0.0,0.0,0.0,0.0,0.0,0.0,0.0,0.0,0.0,0.0,0.0,0.0,0.0,0.0,0.0,0.0,0.0,0.0,0.0,0.0,0.0,0.0,0.0,0.0,0.0,0.0,0.0,0.0,0.0,0.0,0.0,0.0,0.0,0.0,0.0,0.0,0.0,0.0,0.0,0.0,0.0,0.0,0.0,0.0,0.0,0.0,0.0,0.0,0.0,0.0,0.0,0.0,0.0,0.0,0.0,0.0,0.0,0.0,0.0,0.0,0.0,0.0,0.0,0.0,0.0,0.0,0.0,0.0,0.0,0.0,0.0,0.0,0.0,0.0,0.0,0.0,0.0,0.0,0.0,0.0,0.0,0.0,0.0,0.0,0.0,0.0,0.0,0.0,0.0,0.0,0.0,0.0,0.0,0.0,0.0,0.0,0.0,0.0,0.0,0.0,0.0,0.0,0.0,0.0,0.0,0.0,0.0,0.0,0.0,0.0,0.0,0.0,0.0,0.0,0.0,0.0,0.0,0.0,0.0,0.0,0.0,0.0,0.0,0.0,0.0,0.0,0.0,0.0,0.0,0.0,0.0,0.0,0.0,0.0,0.0,0.0,0.0
k__Bacteria|p__Bacteroidetes|c__Bacteroidia|o__Bacteroidales|f__Prevotellaceae|g__Prevotella|s__stercorea,0.0,0.0,0.0,0.0,0.0,0.0,0.0,0.0,0.0,0.0,0.0,0.0,0.0,0.0,0.0,0.0,0.0,0.0,0.0,0.0,0.0,0.0,0.0,0.0,0.0,0.0,0.0,0.0,0.0,0.0,0.0,0.0,0.0,0.0,0.0,0.0,0.0,0.0,0.0,0.0,0.0,0.0,0.0,0.0,0.0,0.0,0.0,0.0,0.0,0.0,0.0,0.0,0.0,0.0,0.0,0.0,0.0,0.0,0.0,0.0,0.0,0.0,0.0,0.0,0.0,0.0,0.0,0.0,0.0,0.0,0.0,0.0,0.0,0.0,0.0,0.0,0.0,0.0,0.0,0.0,0.0,0.0,0.0,0.0,0.0,0.0,0.0,0.0,0.0,0.0,0.0,0.0,0.0,0.0,0.0,0.0,0.0,0.0,0.0,0.0,0.0,0.0,0.0,0.0,0.0,0.0,0.0,0.0,0.0,0.0,0.0,0.0,0.0,0.0,0.0,0.0,0.0,0.0,0.0,0.0,0.0,0.0,0.0,0.0,0.0,0.0,0.0,0.0,0.0,0.0,0.0,0.0,0.0,0.0,0.0,0.0,0.0,0.0,0.0,0.0,0.0,0.0,0.0,0.0,0.0
k__Bacteria|p__Bacteroidetes|c__Bacteroidia|o__Bacteroidales|f__[Paraprevotellaceae]|g__[Prevotella]|s__unclassified,0.0,0.0,0.0,0.0,0.0,0.0,0.0,0.0,0.0,0.0,0.0,0.0,0.0,0.0,0.0,0.0,0.0,0.0,0.0,0.0,0.0,0.0,0.0,0.0,0.0,0.0,0.0,0.0,0.0,0.0,0.0,0.0,0.0,0.0,0.0,0.0,0.0,0.0,0.0,0.0,0.0,0.0,0.0,0.0,0.0,0.0,0.0,0.0,0.0,0.0,0.0,0.0,0.0,0.0,0.0,0.0,0.0,0.0,0.0,0.0,0.0,0.0,0.0,0.0,0.0,0.0,0.0,0.0,0.0,0.0,0.0,0.0,0.0,0.0,0.0,0.0,0.0,0.0,0.0,0.0,0.0,0.0,0.0,0.0,0.0,0.0,0.0,0.0,0.0,0.0,0.0,0.0,0.0,0.0,0.0,0.0,0.0,0.0,0.0,0.0,0.0,0.0,0.0,0.0,0.0,0.0,0.0,0.0,0.0,0.0,0.0,0.0,0.0,0.0,0.0,0.0,0.0,0.0,0.0,0.0,0.0,0.0,0.0,0.0,0.0,0.0,0.0,0.0,0.0,0.0,0.0,0.0,0.0,0.0,0.0,0.0,0.0,0.0,0.0,0.0,0.0,0.0,0.0,0.0,0.0
k__Bacteria|p__Bacteroidetes|c__Bacteroidia|o__Bacteroidales|f__[Odoribacteraceae]|g__Butyricimonas|s__unclassified,0.0,0.0,0.02865046,0.0,0.029423667,0.0,0.0,0.0,0.0,0.0,0.0,0.0,0.0,0.0,0.0,0.0,0.0,0.0,0.0,0.0,0.0,0.0,0.0,0.0,0.0,0.0,0.0,0.0,0.0,0.0,0.0,0.0,0.0,0.0,0.0,0.0,0.0,0.0,0.0,0.0,0.0,0.0,0.0,0.0,0.0,0.0,0.0,0.0,0.0,0.0,0.0,0.0,0.0,0.0,0.0,0.0,0.0,0.0,0.0,0.0,0.0,0.0,0.0,0.0,0.0,0.0,0.0,0.0,0.0,0.0,0.0,0.0,0.0,0.0,0.0,0.0,0.0,0.0,0.0,0.0,0.0,0.0,0.0,0.0,0.0,0.0,0.0,0.0,0.0,0.0,0.0,0.0,0.0,0.0,0.0,0.0,0.0,0.0,0.0,0.0,0.0,0.0,0.0,0.0,0.0,0.0,0.0,0.0,0.0,0.0,0.0,0.0,0.0,0.0,0.0,0.0,0.0,0.0,0.0,0.0,0.0,0.0,0.0,0.0,0.0,0.0,0.0,0.0,0.0,0.0,0.0,0.0,0.0,0.023617676,0.0,0.0,0.0,0.0,0.033860583,0.0,0.0,0.0,0.0,0.0,0.0
k__Bacteria|p__Bacteroidetes|c__Bacteroidia|o__Bacteroidales|f__Bacteroidaceae|g__Bacteroides|s__plebeius,0.0,0.0,0.04731056,0.0,0.031012306,0.0,0.0,0.0,0.0,0.0,0.0,0.0,0.0,0.0,0.0,0.0,0.0,0.0,0.0,0.0,0.0,0.0,0.0,0.0,0.0,0.0,0.0,0.0,0.0,0.0,0.0,0.0,0.0,0.0,0.0,0.0,0.0,0.0,0.0,0.0,0.0,0.0,0.0,0.0,0.0,0.07040543,0.0,0.0,0.0,0.0,0.0,0.0,0.0,0.0,0.0,0.0,0.0,0.0,0.0,0.0,0.0,0.0,0.0,0.0,0.0,0.0,0.0,0.0,0.0,0.0,0.0,0.030454993,0.0,0.0,0.0,0.0,0.0,0.0,0.0,0.0,0.0,0.0,0.0,0.0,0.0,0.0,0.0,0.03058421,0.0,0.0,0.0,0.0,0.0,0.0,0.0,0.0,0.0,0.0,0.0,0.0,0.0,0.0,0.0,0.0,0.0,0.0,0.0,0.0,0.0,0.0,0.0,0.0,0.0,0.0,0.0,0.0,0.0,0.0,0.0,0.0,0.0,0.0,0.0,0.0,0.0,0.0,0.0,0.0,0.0,0.0,0.0,0.0,0.02441737,0.0,0.0,0.0,0.0,0.0,0.0,0.0,0.0,0.0,0.0,0.0,0.0
k__Bacteria|p__Bacteroidetes|c__Bacteroidia|o__Bacteroidales|f__S24-7|g__unclassified|s__unclassified,0.0,0.0,0.0,0.0,0.0,0.0,0.0,0.0,0.0,0.0,0.0,0.0,0.0,0.0,0.0,0.0,0.0,0.0,0.0,0.0,0.0,0.025200889,0.0,0.0,0.0,0.0,0.0,0.0,0.0,0.0,0.0,0.0,0.0,0.0,0.0,0.0,0.0,0.0,0.0,0.0,0.0,0.0,0.0,0.0,0.0,0.0,0.0,0.0,0.0,0.0,0.0,0.0,0.0,0.0,0.0,0.0,0.0,0.0,0.0,0.0,0.0,0.0,0.0,0.0,0.0,0.0,0.0,0.0,0.0,0.0,0.0,0.0,0.0,0.0,0.0,0.0,0.0,0.0,0.0,0.0,0.0,0.0,0.0,0.0,0.0,0.0,0.0,0.0,0.0,0.0,0.0,0.0,0.0,0.0,0.0,0.0,0.0,0.0,0.0,0.0,0.0,0.0,0.0,0.0,0.0,0.0,0.0,0.0,0.0,0.0,0.0,0.0,0.0,0.0,0.0,0.0,0.0,0.0,0.0,0.0,0.0,0.0,0.0,0.0,0.0,0.0,0.0,0.0,0.0,0.0,0.0,0.0,0.0,0.0,0.0,0.0,0.0,0.0,0.0,0.0,0.0,0.0,0.0,0.0,0.0
k__Bacteria|p__Bacteroidetes|c__Bacteroidia|o__Bacteroidales|f__Bacteroidaceae|g__Bacteroides|s__ovatus,0.0,0.0,0.0,0.0,0.0,0.0,0.0,0.0,0.0,0.0,0.0,0.0,0.028760927,0.0,0.0,0.0,0.0,0.0,0.0,0.0,0.0,0.0,0.0,0.0,0.0,0.0,0.0,0.0,0.0,0.0,0.0,0.0,0.0,0.0,0.0,0.0,0.0,0.0,0.0,0.0,0.0,0.0,0.0,0.0,0.0,0.0,0.0,0.0,0.0,0.0,0.0,0.0,0.0,0.0,0.0,0.0,0.0,0.0,0.0,0.0,0.0,0.037239995,0.0,0.0,0.0,0.0,0.0,0.0,0.0,0.0,0.0,0.0,0.0,0.0,0.0,0.0,0.0,0.0,0.0,0.0,0.0,0.0,0.0,0.0,0.0,0.0,0.0,0.0,0.0,0.0,0.0,0.0,0.0,0.0,0.0,0.044120807,0.0,0.0,0.0,0.0,0.0,0.0,0.0,0.0,0.0,0.0,0.0,0.0,0.0,0.0,0.0,0.0,0.0,0.0,0.0,0.0,0.0,0.032042615,0.0,0.0,0.0,0.0,0.0,0.0,0.0,0.0,0.0,0.022119308,0.0,0.0,0.0,0.0,0.0,0.0,0.0,0.0,0.0,0.0,0.0,0.0,0.0,0.0,0.021857202,0.0,0.0
k__Bacteria|p__Bacteroidetes|c__Bacteroidia|o__Bacteroidales|f__[Paraprevotellaceae]|g__Paraprevotella|s__unclassified,0.0,0.0,0.0,0.0,0.0,0.0,0.0,0.0,0.0,0.0,0.0,0.0,0.0,0.0,0.0,0.0,0.0,0.0,0.0,0.0,0.0,0.02436369,0.0,0.0,0.0,0.0,0.0,0.0,0.0,0.0,0.0,0.0,0.0,0.0,0.0,0.0,0.0,0.0,0.0,0.0,0.0,0.0,0.0,0.0,0.0,0.0,0.0,0.0,0.0,0.0,0.0,0.0,0.0,0.0,0.0,0.0,0.0,0.0,0.0,0.0,0.0,0.0,0.0,0.0,0.0,0.0,0.0,0.0,0.0,0.0,0.0,0.0,0.0,0.0,0.0,0.0,0.0,0.0,0.0,0.0,0.0,0.0,0.0,0.0,0.0,0.0,0.0,0.0,0.0,0.0,0.0,0.0,0.0,0.0,0.0,0.0,0.0,0.0,0.0,0.0,0.0,0.0,0.0,0.0,0.0,0.0,0.0,0.0,0.0,0.0,0.0,0.0,0.0,0.0,0.0,0.0,0.0,0.0,0.0,0.0,0.0,0.0,0.0,0.0,0.0,0.0,0.0,0.0,0.0,0.0,0.0,0.0,0.0,0.0,0.0,0.0,0.0,0.0,0.03417799,0.0,0.0,0.0,0.0,0.0,0.0
k__Bacteria|p__Bacteroidetes|c__Bacteroidia|o__Bacteroidales|f__[Barnesiellaceae]|g__unclassified|s__unclassified,0.0,0.0,0.0,0.0,0.0,0.0,0.0,0.0,0.0,0.0,0.0,0.0,0.0,0.0,0.0,0.0,0.0,0.0,0.0,0.0,0.0,0.0,0.0,0.0,0.0,0.0,0.0,0.0,0.0,0.0,0.0,0.0,0.0,0.0,0.0,0.0,0.0,0.0,0.0,0.0,0.0,0.0,0.0,0.0,0.0,0.0,0.0,0.0,0.0,0.0,0.0,0.0,0.0,0.0,0.0,0.04214559,0.0,0.0,0.0,0.0,0.0,0.0,0.0,0.0,0.0,0.0,0.0,0.0,0.0,0.0,0.0,0.030119807,0.0,0.0,0.0,0.0,0.0,0.0,0.0,0.0,0.0,0.0,0.0,0.0,0.0,0.0,0.0,0.0,0.0,0.0,0.0,0.0,0.0,0.0,0.0,0.0,0.0,0.0,0.0,0.0,0.0,0.0,0.0,0.0,0.0,0.0,0.0,0.0,0.0,0.0,0.0,0.0,0.0,0.0,0.0,0.0,0.0,0.0,0.0,0.0,0.0,0.0,0.0,0.0,0.0,0.0,0.0,0.0,0.0,0.0,0.0,0.0,0.024116479,0.026001941,0.0,0.0,0.0,0.0,0.0,0.0,0.0,0.0,0.0,0.0,0.0
k__Bacteria|p__Bacteroidetes|c__Bacteroidia|o__Bacteroidales|f__Bacteroidaceae|g__Bacteroides|s__uniformis,0.0,0.0,0.028212432,0.0,0.02626059,0.0,0.0,0.0,0.0,0.0,0.0,0.0,0.0,0.0,0.0,0.0,0.0,0.0,0.0,0.0,0.0,0.0,0.0,0.0,0.0,0.0,0.04061507,0.0,0.0,0.0,0.0,0.0,0.0,0.0,0.0,0.06707671,0.034216378,0.0,0.0,0.0,0.0,0.04596731,0.0,0.0,0.0,0.0,0.0,0.0,0.03263012,0.0,0.0,0.0,0.0,0.0,0.0,0.043992326,0.0,0.0,0.0,0.0,0.0,0.0,0.0,0.0,0.0,0.0,0.0,0.0,0.0,0.0,0.0,0.0,0.0,0.0,0.0,0.0,0.0,0.0,0.0,0.0,0.0,0.0,0.0,0.0,0.0,0.0,0.0,0.0,0.0,0.0,0.0,0.0,0.0,0.034225315,0.0,0.044101465,0.0,0.0,0.0,0.0,0.05940651,0.04422512,0.0,0.0,0.0,0.0,0.0,0.0,0.0,0.0,0.0,0.0,0.0,0.0,0.0,0.0,0.0,0.0,0.0,0.0,0.030853588,0.0,0.0,0.0,0.0,0.0,0.0,0.024755644,0.0,0.0478665,0.056016117,0.0,0.0,0.025484769,0.0,0.0,0.0,0.0,0.0,0.0,0.0,0.0,0.0,0.0,0.0
k__Bacteria|p__Bacteroidetes|c__Bacteroidia|o__Bacteroidales|f__Bacteroidaceae|g__unclassified|s__unclassified,0.0,0.0,0.0,0.0,0.02621443,0.042098675,0.0,0.02511511,0.0,0.0,0.0,0.0,0.028760927,0.0,0.0,0.0,0.0,0.0,0.0,0.0,0.0,0.0,0.0,0.0,0.0,0.0,0.0,0.0,0.0,0.0,0.0,0.0,0.0,0.0,0.0,0.06632477,0.0,0.0,0.0,0.0,0.0,0.0,0.0,0.0,0.0,0.0,0.0,0.0,0.027316956,0.0,0.054645598,0.058014464,0.0,0.0,0.0,0.04210019,0.0,0.0,0.0,0.0,0.0,0.0,0.0,0.0,0.0,0.0,0.0,0.0,0.0,0.0,0.0,0.0,0.0,0.0,0.0,0.0,0.0,0.0,0.0,0.0,0.0,0.0,0.0,0.0,0.0,0.0,0.0,0.0,0.0,0.0,0.0,0.0,0.030082613,0.036313135,0.0,0.0,0.0,0.0,0.0,0.0,0.057894517,0.0,0.0,0.0,0.0,0.0,0.0,0.0,0.0,0.0,0.0,0.0,0.0,0.0,0.0,0.0,0.0,0.031794447,0.0,0.0,0.03152222,0.0,0.0,0.0,0.0,0.0,0.0,0.021998739,0.0,0.0370167,0.05456158,0.0,0.0,0.023495212,0.0,0.0,0.0,0.0,0.034126643,0.0,0.0,0.0,0.021843307,0.0,0.0
k__Bacteria|p__Bacteroidetes|c__Bacteroidia|o__Bacteroidales|f__Prevotellaceae|g__Prevotella|s__copri,0.0,0.0,0.0,0.0,0.0,0.0,0.0,0.0,0.0,0.0,0.0,0.0,0.0,0.0,0.0,0.0,0.0,0.0,0.0,0.0,0.0,0.0,0.0,0.0,0.0,0.0,0.0,0.0,0.0,0.0,0.0,0.0,0.0,0.0,0.0,0.0,0.0,0.0,0.0,0.0,0.0,0.0,0.0,0.0,0.0,0.0,0.0,0.0,0.0,0.0,0.0,0.0,0.0,0.0,0.0,0.0,0.0,0.0,0.0,0.0,0.0,0.0,0.0,0.0,0.0,0.0,0.0,0.0,0.0,0.0,0.0,0.033697926,0.0,0.0,0.0,0.0,0.0,0.0,0.0,0.0,0.0,0.0,0.0,0.0,0.0,0.0,0.0,0.025804825,0.0,0.0,0.0,0.0,0.0,0.0,0.0,0.0,0.0,0.0,0.0,0.0,0.057971213,0.0,0.0,0.0,0.0,0.0,0.0,0.0,0.0,0.0,0.0,0.0,0.0,0.0,0.0,0.0,0.0,0.0,0.0,0.0,0.0,0.0,0.0,0.0,0.0,0.0,0.0,0.0,0.0,0.0,0.0,0.0,0.0,0.0,0.0,0.0,0.0,0.0,0.042103734,0.0,0.0,0.0,0.0,0.0,0.0
k__Bacteria|p__Bacteroidetes|c__Bacteroidia|o__Bacteroidales|f__Prevotellaceae|g__Prevotella|s__unclassified,0.0,0.038539823,0.031081531,0.0,0.027608484,0.0,0.0,0.0,0.0,0.0,0.0,0.0,0.0,0.0,0.0,0.0,0.0,0.0,0.0,0.0,0.0,0.0,0.0,0.024679763,0.0,0.034148224,0.0,0.0,0.0,0.0,0.0,0.0,0.0,0.0,0.0,0.0,0.0,0.0,0.0,0.0,0.0,0.0,0.0,0.0,0.0,0.0,0.051458325,0.0,0.0,0.0,0.0,0.0,0.0,0.0,0.0,0.0,0.0,0.0,0.0,0.0,0.0,0.037497647,0.0,0.0,0.0,0.0,0.0,0.0,0.0,0.0,0.0,0.06283683,0.0,0.0,0.0,0.0,0.0,0.0,0.0,0.0,0.0,0.035847075,0.0,0.0,0.0,0.0,0.0,0.027769156,0.0,0.0,0.0,0.0,0.0,0.0,0.0,0.044111136,0.0,0.0,0.0,0.0,0.058212254,0.0,0.0,0.0,0.0,0.0,0.0,0.0,0.0,0.0,0.0,0.02487031,0.0,0.0,0.0,0.0,0.04295825,0.0,0.0,0.0,0.0,0.0,0.0,0.0,0.0,0.0,0.0,0.0,0.0,0.0,0.0,0.0,0.0,0.0,0.0,0.0,0.0,0.0,0.090526424,0.0,0.0,0.0,0.0,0.0,0.0
k__Bacteria|p__Bacteroidetes|c__Bacteroidia|o__Bacteroidales|f__Porphyromonadaceae|g__Parabacteroides|s__unclassified,0.0,0.0,0.030249272,0.0,0.027624108,0.044027504,0.0,0.02488286,0.0,0.0,0.0,0.0,0.029283771,0.030446356,0.0,0.0,0.0,0.0,0.0,0.0,0.0,0.024276074,0.0,0.0,0.0,0.034072742,0.0,0.0,0.0,0.0,0.0,0.0,0.0,0.0,0.0,0.0,0.0,0.0,0.0,0.0,0.0,0.0,0.0,0.0,0.0,0.0,0.0,0.0,0.0,0.0,0.0,0.0,0.0,0.0,0.0,0.0,0.0,0.0,0.0,0.0,0.0,0.03861182,0.0,0.0,0.0,0.0,0.0,0.0,0.0,0.0,0.0,0.03076504,0.0,0.0,0.0,0.0,0.0,0.0,0.0,0.0,0.0,0.0,0.0,0.0,0.0,0.0,0.0,0.0,0.0,0.0,0.0,0.0,0.0,0.0,0.0,0.0,0.0,0.0,0.0,0.0,0.0,0.0,0.0,0.0,0.0,0.0,0.0,0.0,0.0,0.0,0.02960407,0.023485754,0.0,0.0,0.0,0.0,0.0,0.0,0.0,0.0,0.03352811,0.0,0.0,0.0,0.0,0.0,0.0,0.023997676,0.0,0.03689757,0.0,0.0,0.0,0.02450883,0.0,0.0,0.0,0.0,0.033790566,0.0,0.0,0.0,0.0,0.0,0.0
k__Bacteria|p__Bacteroidetes|c__Bacteroidia|o__Bacteroidales|f__Bacteroidaceae|g__Bacteroides|s__unclassified,0.0,0.0,0.038199525,0.06525356,0.046136707,0.07900024,0.06439134,0.03139044,0.06520716,0.059543505,0.0357249,0.06413006,0.0588838,0.064937115,0.06363778,0.0,0.06391709,0.040313415,0.06497581,0.05957756,0.05593181,0.025784984,0.06483841,0.0,0.0,0.0,0.04724924,0.0,0.06496853,0.060435526,0.064518325,0.04432019,0.06335602,0.05256912,0.0591655,0.1145527,0.06088859,0.063474104,0.05254437,0.059140936,0.067007124,0.033096455,0.06368773,0.052577212,0.05912418,0.07141961,0.0,0.06397986,0.029777663,0.064915195,0.09171874,0.10657412,0.063106894,0.052544456,0.059178855,0.058449708,0.064536095,0.059501015,0.051854957,0.050610535,0.06583336,0.04002517,0.06365163,0.052575357,0.059241243,0.061236255,0.0,0.063253745,0.05256864,0.059222363,0.06713036,0.03351916,0.06358373,0.05253894,0.059077926,0.061388183,0.061353747,0.06299799,0.052555338,0.059203,0.06724327,0.0,0.0634759,0.052559756,0.059246667,0.0,0.06553119,0.033997677,0.06509069,0.05942269,0.067233756,0.064300455,0.04393837,0.056724735,0.06367234,0.057958573,0.06361081,0.0441163,0.065172344,0.05958503,0.08674291,0.08705018,0.06366755,0.05257438,0.059327353,0.0,0.06430124,0.059580892,0.051854547,0.05060752,0.029845636,0.023479544,0.06359687,0.052572135,0.05930994,0.0,0.0,0.06338454,0.06441832,0.060522743,0.04189082,0.06435554,0.059592064,0.05185207,0.053187095,0.064986154,0.06380329,0.039220188,0.06509125,0.06255466,0.10051244,0.06379129,0.025977843,0.040907603,0.063510366,0.0655039,0.04723435,0.064943805,0.04929199,0.064533226,0.0,0.0,0.043224398,0.06472668,0.06046783
k__Bacteria|p__Bacteroidetes|c__Bacteroidia|o__Bacteroidales|f__Rikenellaceae|g__unclassified|s__unclassified,0.0,0.0,0.028190529,0.0,0.03227001,0.0,0.0,0.0,0.0,0.0,0.0,0.0,0.029378831,0.030301876,0.0,0.0,0.0,0.0,0.0,0.0,0.07043338,0.024081375,0.0,0.04274072,0.05116613,0.0,0.0,0.0,0.0,0.0,0.0,0.0,0.0,0.0,0.0,0.0,0.0,0.0,0.0,0.0,0.0,0.0,0.0,0.0,0.0,0.0,0.0,0.0,0.0,0.0,0.0,0.0,0.0,0.0,0.0,0.0,0.0,0.0,0.0,0.0,0.0,0.0,0.0,0.0,0.0,0.0,0.0,0.0,0.0,0.0,0.0,0.0,0.0,0.0,0.0,0.0,0.0,0.0,0.0,0.0,0.0,0.0,0.0,0.0,0.0,0.0,0.0,0.0,0.0,0.0,0.0,0.0,0.025652062,0.03328841,0.0,0.0,0.0,0.0,0.0,0.0,0.0,0.0,0.0,0.0,0.0,0.0,0.0,0.0,0.0,0.0,0.0,0.0,0.0,0.0,0.0,0.0,0.0,0.0,0.0,0.0,0.0,0.0,0.0,0.0,0.0,0.0,0.0,0.02539671,0.0,0.042344905,0.0,0.0,0.0,0.027403675,0.0,0.0,0.0,0.0,0.03400528,0.0,0.0,0.0,0.029416878,0.0,0.0
k__Bacteria|p__Bacteroidetes|c__Bacteroidia|o__Bacteroidales|f__Porphyromonadaceae|g__Parabacteroides|s__distasonis,0.0,0.0,0.02849715,0.0,0.02970063,0.05149896,0.0,0.02540201,0.0,0.0,0.0,0.0,0.0,0.0,0.0,0.0,0.0,0.0,0.0,0.0,0.0,0.024061907,0.0,0.0,0.0,0.0,0.0,0.0,0.0,0.0,0.0,0.0,0.0,0.0,0.0,0.0,0.0,0.0,0.0,0.0,0.0,0.032017495,0.0,0.0,0.0,0.0,0.0,0.0,0.02717362,0.0,0.0,0.0,0.0,0.0,0.0,0.0,0.0,0.0,0.0,0.0,0.0,0.045140903,0.0,0.0,0.0,0.0,0.0,0.0,0.0,0.0,0.0,0.0,0.0,0.0,0.0,0.0,0.0,0.0,0.0,0.0,0.0,0.0,0.0,0.0,0.0,0.0,0.0,0.0,0.0,0.0,0.0,0.0,0.0,0.034961056,0.0,0.0,0.0,0.0,0.0,0.0,0.06176763,0.0,0.0,0.0,0.0,0.0,0.0,0.0,0.0,0.0,0.05976645,0.047301356,0.0,0.0,0.0,0.0,0.0,0.0,0.0,0.0,0.033295542,0.0,0.0,0.0,0.0,0.0,0.0,0.022377353,0.0,0.038964495,0.0,0.0,0.0,0.02506651,0.0,0.0,0.0,0.0,0.03409397,0.0,0.0,0.0,0.0,0.0,0.0
k__Bacteria|p__Bacteroidetes|c__Bacteroidia|o__Bacteroidales|f__Bacteroidaceae|g__Bacteroides|s__fragilis,0.0,0.0,0.0,0.0,0.028550874,0.0,0.0,0.0,0.0,0.0,0.0,0.0,0.038790002,0.041378733,0.0,0.04525862,0.0,0.0,0.0,0.0,0.0,0.024052171,0.0,0.0,0.0,0.0,0.0,0.03002063,0.0,0.0,0.0,0.07190566,0.0,0.0,0.0,0.0,0.0,0.0,0.0,0.0,0.0,0.0,0.0,0.0,0.0,0.0,0.0,0.0,0.027962828,0.0,0.0,0.0,0.0,0.0,0.0,0.04718037,0.0,0.0,0.0,0.0,0.0,0.052813444,0.0,0.0,0.0,0.0,0.0,0.0,0.0,0.0,0.0,0.03001087,0.0,0.0,0.0,0.0,0.0,0.0,0.0,0.0,0.0,0.0,0.0,0.0,0.0,0.0,0.0,0.026375499,0.0,0.0,0.0,0.0,0.033623755,0.040553078,0.0,0.047418278,0.0,0.0,0.0,0.0,0.0,0.0,0.0,0.0,0.0,0.0,0.0,0.0,0.0,0.0,0.0,0.023632282,0.0,0.0,0.0,0.17966557,0.04711938,0.045420513,0.0,0.0,0.03659993,0.0,0.0,0.0,0.0,0.0,0.0,0.022821398,0.0,0.0,0.0627414,0.0,0.024322284,0.0,0.0,0.0,0.0,0.0,0.03459808,0.0,0.0,0.0,0.0278299,0.0,0.0
k__Bacteria|p__Proteobacteria|c__Gammaproteobacteria|o__Pseudomonadales|f__Moraxellaceae|g__Acinetobacter|s__unclassified,0.0,0.0,0.0,0.0,0.0,0.0,0.0,0.0,0.0,0.0,0.0,0.0,0.0,0.0,0.0,0.04508103,0.0,0.0,0.0,0.0,0.0,0.0,0.0,0.0,0.0,0.0,0.0,0.0,0.0,0.0,0.0,0.0,0.0,0.0,0.0,0.0,0.0,0.0,0.0,0.0,0.0,0.0,0.0,0.0,0.0,0.0,0.0,0.0,0.0,0.0,0.0,0.0,0.0,0.0,0.0,0.0,0.0,0.0,0.0,0.0,0.0,0.0,0.0,0.0,0.0,0.0,0.0,0.0,0.0,0.0,0.0,0.0,0.0,0.0,0.0,0.0,0.0,0.0,0.0,0.0,0.0,0.0,0.0,0.0,0.0,0.0,0.0,0.0,0.0,0.0,0.0,0.0,0.0,0.0,0.0,0.0,0.0,0.0,0.0,0.0,0.0,0.0,0.0,0.0,0.0,0.0,0.0,0.0,0.0,0.0,0.0,0.0,0.0,0.0,0.0,0.0,0.0,0.0,0.0,0.0,0.0,0.0,0.0,0.0,0.0,0.0,0.0,0.0,0.0,0.0,0.0,0.0,0.0,0.0,0.0,0.0,0.04019701,0.0,0.0,0.0,0.0,0.0,0.0,0.0,0.0
k__Bacteria|p__Proteobacteria|c__Gammaproteobacteria|o__Enterobacteriales|f__Enterobacteriaceae|g__Erwinia|s__unclassified,0.0,0.0,0.0,0.0,0.0,0.0,0.0,0.0,0.0,0.0,0.0,0.0,0.0,0.0,0.0,0.0,0.0,0.0,0.0,0.0,0.0,0.0,0.0,0.0,0.0,0.0,0.0,0.0,0.0,0.0,0.0,0.0,0.0,0.0,0.0,0.0,0.0,0.0,0.0,0.0,0.0,0.0,0.0,0.0,0.0,0.0,0.0,0.0,0.0,0.0,0.0,0.0,0.0,0.0,0.0,0.041991364,0.0,0.0,0.0,0.0,0.0,0.0,0.0,0.0,0.0,0.0,0.0,0.0,0.0,0.0,0.0,0.0,0.0,0.0,0.0,0.0,0.06154657,0.0,0.0,0.0,0.0,0.0,0.0,0.0,0.0,0.0,0.0,0.0,0.0,0.0,0.0,0.0,0.0,0.0,0.0,0.0,0.0,0.0,0.0,0.0,0.0,0.0,0.0,0.0,0.0,0.0,0.0,0.0,0.0,0.0,0.0,0.0,0.0,0.0,0.0,0.0,0.0,0.03179114,0.0,0.0,0.0,0.0,0.0,0.0,0.0,0.0,0.0,0.0,0.0,0.0,0.0,0.0,0.0,0.0,0.0,0.0,0.0,0.0,0.0,0.0,0.0,0.0,0.0,0.0,0.0
k__Bacteria|p__Proteobacteria|c__Gammaproteobacteria|o__Aeromonadales|f__unclassified|g__unclassified|s__unclassified,0.0,0.0,0.0,0.0,0.0,0.0,0.0,0.0,0.0,0.0,0.0,0.0,0.0,0.0,0.0,0.0,0.0,0.03913908,0.0,0.0,0.0,0.0,0.0,0.0,0.0,0.0,0.0,0.0,0.0,0.0,0.0,0.0,0.0,0.0,0.0,0.0,0.0,0.0,0.0,0.0,0.0,0.0,0.0,0.0,0.0,0.0,0.0,0.0,0.0,0.0,0.0,0.0,0.0,0.0,0.0,0.0,0.0,0.0,0.0,0.0,0.0,0.0,0.0,0.0,0.0,0.0,0.0,0.0,0.0,0.0,0.0,0.0,0.0,0.0,0.0,0.0,0.061382096,0.0,0.0,0.0,0.0,0.0,0.0,0.0,0.0,0.0,0.0,0.0,0.0,0.0,0.0,0.0,0.0,0.0,0.0,0.0,0.0,0.0,0.0,0.0,0.0,0.0,0.0,0.0,0.0,0.0,0.0,0.0,0.0,0.0,0.0,0.0,0.0,0.0,0.0,0.0,0.0,0.0,0.0,0.0,0.0,0.0,0.0,0.0,0.0,0.0,0.0,0.0,0.0,0.0,0.0,0.0,0.0,0.0,0.0,0.0,0.0,0.0,0.0,0.0,0.0,0.0,0.0,0.0,0.0
k__Bacteria|p__Proteobacteria|c__Gammaproteobacteria|o__Pasteurellales|f__Pasteurellaceae|g__Aggregatibacter|s__unclassified,0.0,0.0,0.0,0.0,0.0,0.0,0.0,0.0,0.0,0.0,0.0,0.0,0.0,0.0,0.0,0.0,0.0,0.0,0.0,0.0,0.0,0.0,0.0,0.0,0.0,0.0,0.0,0.0,0.0,0.0,0.0,0.0,0.0,0.0,0.0,0.0,0.0,0.0,0.0,0.0,0.0,0.0,0.0,0.0,0.0,0.0,0.0,0.0,0.0,0.0,0.0,0.0,0.0,0.0,0.0,0.0,0.0,0.0,0.0,0.0,0.0,0.0,0.0,0.0,0.0,0.0,0.0,0.0,0.0,0.0,0.0,0.0,0.0,0.0,0.0,0.0,0.0,0.0,0.0,0.0,0.0,0.0,0.0,0.0,0.0,0.0,0.0,0.0,0.0,0.0,0.0,0.0,0.0,0.0,0.0,0.0,0.0,0.0,0.0,0.0,0.0,0.0,0.0,0.0,0.0,0.0,0.0,0.0,0.0,0.0,0.0,0.0,0.0,0.0,0.0,0.0,0.0,0.0,0.0,0.0,0.0,0.0,0.0,0.0,0.0,0.0,0.0,0.0,0.0,0.0,0.0,0.0,0.0,0.0,0.0,0.0,0.0,0.0,0.0,0.0,0.0,0.0,0.02167377,0.0,0.0
k__Bacteria|p__Proteobacteria|c__Gammaproteobacteria|o__Enterobacteriales|f__Enterobacteriaceae|g__Trabulsiella|s__unclassified,0.05088796,0.0,0.0,0.0,0.0,0.0,0.0,0.0,0.0,0.0,0.0,0.0,0.0,0.0,0.0,0.0,0.0,0.0,0.0,0.0,0.0,0.0,0.0,0.0,0.0,0.0,0.0,0.0,0.0,0.0,0.0,0.0,0.0,0.0,0.0,0.0,0.0,0.0,0.0,0.0,0.0,0.0,0.0,0.0,0.0,0.0,0.051607784,0.0,0.0,0.0,0.0,0.0,0.0,0.0,0.0,0.0,0.0,0.0,0.0,0.0,0.0,0.0,0.0,0.0,0.0,0.0,0.0,0.0,0.0,0.0,0.0,0.0,0.0,0.0,0.0,0.0,0.0,0.0,0.0,0.0,0.0,0.0,0.0,0.0,0.0,0.0,0.0,0.0,0.0,0.0,0.0,0.0,0.0,0.0,0.0,0.0,0.0,0.0,0.0,0.0,0.0,0.0,0.0,0.0,0.0,0.0,0.0,0.0,0.0,0.0,0.0,0.0,0.0,0.0,0.0,0.0,0.0,0.0,0.0,0.0,0.0,0.0,0.0,0.0,0.0,0.0,0.0,0.0,0.0,0.0,0.0,0.0,0.0,0.0,0.0,0.0,0.0,0.0,0.0,0.0,0.0,0.0,0.0,0.0,0.0
k__Bacteria|p__Proteobacteria|c__Gammaproteobacteria|o__Enterobacteriales|f__Enterobacteriaceae|g__Klebsiella|s__unclassified,0.0,0.0,0.0,0.0,0.0,0.0,0.0,0.0,0.0,0.0,0.0,0.0,0.0,0.0,0.0,0.0,0.0,0.0,0.0,0.0,0.0,0.0,0.0,0.0,0.0,0.0,0.0,0.0,0.0,0.0,0.0,0.0,0.0,0.0,0.0,0.0,0.0,0.0,0.0,0.0,0.0,0.0,0.0,0.0,0.0,0.0,0.05148925,0.0,0.0,0.0,0.0,0.0,0.0,0.0,0.0,0.042181645,0.0,0.0,0.0,0.0,0.0,0.0,0.0,0.0,0.0,0.0,0.0,0.0,0.0,0.0,0.0,0.0,0.0,0.0,0.0,0.0,0.06177342,0.0,0.0,0.0,0.0,0.035778143,0.0,0.0,0.0,0.0,0.0,0.0,0.0,0.0,0.0,0.0,0.0,0.0,0.0,0.0,0.0,0.0,0.0,0.0,0.0,0.0,0.0,0.0,0.0,0.0,0.0,0.0,0.0,0.0,0.0,0.0,0.0,0.0,0.0,0.0,0.0,0.0,0.0,0.0,0.0,0.0,0.0,0.0,0.0,0.0,0.0,0.0,0.0,0.0,0.0,0.0,0.0,0.0,0.0,0.0,0.0,0.0,0.0,0.0,0.0,0.0,0.0,0.0,0.0
k__Bacteria|p__Proteobacteria|c__Gammaproteobacteria|o__Enterobacteriales|f__Enterobacteriaceae|g__Citrobacter|s__unclassified,0.0,0.0,0.0,0.0,0.0,0.0,0.0,0.0,0.0,0.0,0.0,0.0,0.0,0.0,0.0,0.0,0.0,0.0,0.0,0.0,0.0,0.0,0.0,0.0,0.031750094,0.0,0.0,0.0,0.0,0.0,0.0,0.0,0.0,0.0,0.0,0.0,0.033113435,0.0,0.0,0.0,0.0,0.0,0.0,0.0,0.0,0.0,0.07538719,0.0,0.0,0.0,0.0,0.0,0.0,0.0,0.0,0.0,0.0,0.0,0.0,0.0,0.0,0.0,0.0,0.0,0.0,0.0,0.0,0.0,0.0,0.0,0.0,0.0,0.0,0.0,0.0,0.0,0.061319713,0.0,0.0,0.0,0.0,0.0,0.0,0.0,0.0,0.0,0.0,0.0,0.0,0.0,0.0,0.0,0.0,0.031748034,0.0,0.0,0.0,0.0,0.0,0.0,0.0,0.044667806,0.0,0.0,0.0,0.0,0.0,0.0,0.0,0.0,0.0,0.023965072,0.0,0.0,0.0,0.0,0.043487273,0.0,0.0,0.0,0.0,0.0,0.0,0.0,0.0,0.0,0.0,0.0,0.0,0.0,0.0,0.0,0.0,0.0,0.0,0.0,0.040458865,0.0,0.0,0.0,0.0,0.0,0.0,0.0,0.0
k__Bacteria|p__Proteobacteria|c__Gammaproteobacteria|o__Enterobacteriales|f__Enterobacteriaceae|g__unclassified|s__unclassified,0.069985926,0.043815248,0.0,0.053828638,0.0,0.04513883,0.056599464,0.025298785,0.05389986,0.05415792,0.042490184,0.056961734,0.029022349,0.034363393,0.05496475,0.04879011,0.057609685,0.04324477,0.05462493,0.054147437,0.06058185,0.025512407,0.05550398,0.03392737,0.031885255,0.04147941,0.029132638,0.030499142,0.055224914,0.05441163,0.06642789,0.0,0.055605702,0.050615292,0.054224536,0.07161428,0.035515003,0.055105086,0.05078703,0.05437279,0.067024246,0.034147274,0.05418585,0.050578877,0.054442678,0.0,0.055957552,0.057584234,0.0299427,0.054521088,0.055075828,0.058349125,0.056019157,0.050818745,0.054284286,0.058484428,0.05611137,0.054151453,0.05052292,0.05019192,0.0665241,0.037789367,0.054642763,0.050649792,0.05419951,0.06580331,0.075484246,0.05592971,0.05072695,0.0541956,0.066818826,0.0,0.054829188,0.050786547,0.05464506,0.0655536,0.117732674,0.056268245,0.050749786,0.054146145,0.06745136,0.04267865,0.054869685,0.050691523,0.054046903,0.08115869,0.06075246,0.0,0.054207385,0.054671954,0.06613133,0.056480058,0.025523387,0.03190051,0.054552633,0.050493337,0.057631522,0.0,0.053934015,0.053900734,0.06550378,0.046149846,0.054512057,0.050646216,0.053756222,0.09669198,0.056728583,0.05384106,0.050477736,0.05021215,0.029887283,0.024378575,0.054629486,0.050607953,0.05388685,0.11893515,0.04455401,0.036397133,0.056081228,0.054267965,0.03359594,0.05638362,0.053844415,0.050516367,0.052830122,0.06599914,0.05698351,0.022159008,0.05412742,0.0,0.054717984,0.057429608,0.024130808,0.0,0.055264726,0.067416914,0.04347726,0.054857146,0.0,0.055262417,0.070849,0.070849,0.022465868,0.05545566,0.054468904
k__Bacteria|p__Proteobacteria|c__Alphaproteobacteria|o__Rickettsiales|f__mitochondria|g__unclassified|s__unclassified,0.0,0.0,0.0,0.0,0.0,0.0,0.0,0.0,0.0,0.0,0.0,0.0,0.0,0.0,0.0,0.0,0.0,0.0,0.0,0.0,0.0,0.024071643,0.0,0.0,0.0,0.0,0.0,0.0,0.0,0.0,0.0,0.0,0.0,0.0,0.0,0.0,0.0,0.0,0.0,0.0,0.0,0.0,0.0,0.0,0.0,0.0,0.0,0.0,0.0,0.0,0.0,0.0,0.0,0.0,0.0,0.0,0.0,0.0,0.0,0.0,0.0,0.0,0.0,0.0,0.0,0.0,0.0,0.0,0.0,0.0,0.0,0.0,0.0,0.0,0.0,0.0,0.0,0.0,0.0,0.0,0.0,0.0,0.0,0.0,0.0,0.0,0.0,0.0,0.0,0.0,0.0,0.0,0.0,0.0,0.0,0.0,0.0,0.0,0.0,0.0,0.0,0.0,0.0,0.0,0.0,0.0,0.0,0.0,0.0,0.0,0.0,0.0,0.0,0.0,0.0,0.0,0.0,0.0,0.0,0.0,0.0,0.0,0.0,0.0,0.0,0.0,0.0,0.0,0.0,0.0,0.0,0.0,0.0,0.0,0.0,0.0,0.0,0.0,0.0,0.0,0.0,0.0,0.0,0.0,0.0
k__Bacteria|p__Proteobacteria|c__Gammaproteobacteria|o__Enterobacteriales|f__Enterobacteriaceae|g__Enterobacter|s__hormaechei,0.051021885,0.03892765,0.0,0.0,0.0,0.0,0.0,0.026546566,0.0,0.0,0.0,0.0,0.0,0.0,0.0,0.0,0.0,0.0,0.0,0.0,0.058647763,0.0,0.0,0.0,0.0,0.034269642,0.029058227,0.030678587,0.0,0.0,0.0,0.0,0.0,0.0,0.0,0.0,0.03298891,0.0,0.0,0.0,0.0,0.03189524,0.0,0.0,0.0,0.0,0.054019738,0.0,0.027225586,0.0,0.0,0.0,0.0,0.0,0.0,0.04306896,0.0,0.0,0.0,0.0,0.0,0.0,0.0,0.0,0.0,0.0,0.0,0.0,0.0,0.0,0.0,0.0,0.0,0.0,0.0,0.0,0.0769443,0.0,0.0,0.0,0.0,0.036223736,0.0,0.0,0.0,0.0,0.0,0.0,0.0,0.0,0.0,0.0,0.0,0.0,0.0,0.0,0.0,0.0,0.0,0.0,0.0,0.044388723,0.0,0.0,0.0,0.06133864,0.0,0.0,0.0,0.0,0.031045133,0.026146835,0.0,0.0,0.0,0.0,0.042921823,0.032036,0.0,0.0,0.0,0.0,0.0,0.0,0.0,0.0,0.0,0.0,0.0,0.0,0.0,0.0,0.0,0.0,0.0,0.0,0.042016603,0.0,0.0,0.0,0.0,0.0,0.0,0.0,0.0
k__Bacteria|p__Proteobacteria|c__Gammaproteobacteria|o__Pasteurellales|f__Pasteurellaceae|g__Actinobacillus|s__unclassified,0.0,0.0,0.0,0.0,0.0,0.0,0.0,0.0,0.0,0.0,0.0,0.0,0.0,0.0,0.0,0.0,0.0,0.039058402,0.0,0.0,0.0,0.024081375,0.0,0.024655012,0.031797107,0.0,0.0,0.0,0.0,0.0,0.0,0.0,0.0,0.0,0.0,0.0,0.0,0.0,0.0,0.0,0.0,0.0,0.0,0.0,0.0,0.0,0.0,0.0,0.0,0.0,0.0,0.0,0.0,0.0,0.0,0.0,0.0,0.0,0.0,0.0,0.0,0.0,0.0,0.0,0.0,0.0,0.0,0.0,0.0,0.0,0.0,0.0,0.0,0.0,0.0,0.0,0.0,0.0,0.0,0.0,0.0,0.0,0.0,0.0,0.0,0.0,0.0,0.0,0.0,0.0,0.0,0.0,0.02558618,0.0,0.0,0.0,0.0,0.0,0.0,0.0,0.0,0.0,0.0,0.0,0.0,0.0,0.0,0.0,0.0,0.0,0.0,0.0,0.0,0.0,0.0,0.0,0.043979883,0.0,0.0,0.0,0.0,0.0,0.0,0.0,0.0,0.0,0.0,0.0,0.0,0.0,0.0,0.0,0.0,0.0,0.0,0.0,0.040222302,0.0,0.0,0.0,0.0,0.0,0.021679329,0.0,0.0
k__Bacteria|p__Proteobacteria|c__Gammaproteobacteria|o__Enterobacteriales|f__Enterobacteriaceae|g__Escherichia|s__unclassified,0.08940532,0.051089462,0.0,0.05713387,0.0,0.044115447,0.057616964,0.024878308,0.05716043,0.055460103,0.05039602,0.05749644,0.029390715,0.036458362,0.056773473,0.051098723,0.057646886,0.041111246,0.05734209,0.055395152,0.066030234,0.024373421,0.057460006,0.026522534,0.03191111,0.051097907,0.029561942,0.030331664,0.05732509,0.055803794,0.059154816,0.0,0.057041228,0.051231284,0.055381957,0.06909446,0.034257885,0.057056114,0.051270664,0.055370253,0.060166758,0.03253854,0.056908727,0.051220085,0.055377435,0.0,0.056813076,0.057466336,0.027560227,0.057337433,0.055570137,0.05853319,0.057097055,0.0512545,0.055203896,0.04379937,0.057598688,0.055500083,0.050912544,0.05030658,0.059912387,0.037533313,0.056890994,0.051228818,0.055302616,0.05822865,0.06367149,0.056915246,0.05123395,0.055326227,0.060534883,0.0,0.056942128,0.051276635,0.055358928,0.05810073,0.06540308,0.057128895,0.051249646,0.05535036,0.060164787,0.036046486,0.057065025,0.051250905,0.055313487,0.10096372,0.059345976,0.0,0.057256762,0.0554946,0.060357746,0.057581108,0.0,0.0,0.056860782,0.05835504,0.057337895,0.0,0.05719783,0.055425644,0.07470174,0.04546657,0.056880195,0.051230162,0.055255093,0.06915323,0.05772637,0.055420864,0.05091164,0.05031235,0.0,0.0,0.05700202,0.051229697,0.05526263,0.12095757,0.0448246,0.0324827,0.057511497,0.055718962,0.037559267,0.057678502,0.055422958,0.050916515,0.052894387,0.05962742,0.057398766,0.021899492,0.057281483,0.0,0.055062067,0.05747746,0.0,0.0,0.056892637,0.06023361,0.040995594,0.05731282,0.0,0.057532124,0.073479265,0.073479265,0.021876657,0.057541084,0.05584933
k__Bacteria|p__Proteobacteria|c__Gammaproteobacteria|o__Pasteurellales|f__Pasteurellaceae|g__Haemophilus|s__parainfluenzae,0.0,0.0,0.02790581,0.0,0.0,0.0,0.0,0.0,0.0,0.0,0.035779584,0.0,0.028784692,0.029651716,0.0,0.0,0.0,0.039067365,0.0,0.0,0.0,0.0,0.0,0.024756264,0.031770077,0.034696255,0.0,0.033095077,0.0,0.0,0.0,0.0,0.0,0.0,0.0,0.0,0.0,0.0,0.0,0.0,0.0,0.0,0.0,0.0,0.0,0.0,0.0,0.0,0.0,0.0,0.05448083,0.058047928,0.0,0.0,0.0,0.0,0.0,0.0,0.0,0.0,0.0,0.0,0.0,0.0,0.0,0.0,0.0,0.0,0.0,0.0,0.0,0.0,0.0,0.0,0.0,0.0,0.062005945,0.0,0.0,0.0,0.0,0.035832305,0.0,0.0,0.0,0.0,0.0,0.0,0.0,0.0,0.0,0.0,0.0,0.0,0.0,0.0,0.0,0.0,0.0,0.0,0.058020514,0.0,0.0,0.0,0.0,0.0,0.0,0.0,0.0,0.0,0.0,0.0,0.0,0.0,0.0,0.0,0.043310355,0.031883787,0.0,0.0,0.0,0.0,0.0,0.0,0.0,0.0,0.0,0.0,0.0,0.0,0.0,0.0,0.0,0.0,0.0,0.0,0.040241648,0.0,0.0,0.0,0.0,0.0,0.022132354,0.0,0.0
k__Bacteria|p__Proteobacteria|c__Alphaproteobacteria|o__RF32|f__unclassified|g__unclassified|s__unclassified,0.0,0.0,0.0,0.0,0.0,0.0,0.0,0.0,0.0,0.0,0.0,0.0,0.0,0.029900543,0.0,0.0,0.0,0.0,0.0,0.0,0.0,0.0,0.0,0.0,0.0,0.0,0.0,0.0,0.0,0.0,0.0,0.0,0.0,0.0,0.0,0.0,0.0,0.0,0.0,0.0,0.0,0.0,0.0,0.0,0.0,0.0,0.0,0.0,0.0,0.0,0.0,0.0,0.0,0.0,0.0,0.0,0.0,0.0,0.0,0.0,0.0,0.0,0.0,0.0,0.0,0.0,0.0,0.0,0.0,0.0,0.0,0.0,0.0,0.0,0.0,0.0,0.0,0.0,0.0,0.0,0.0,0.0,0.0,0.0,0.0,0.0,0.0,0.0,0.0,0.0,0.0,0.0,0.0,0.0,0.0,0.0,0.0,0.0,0.0,0.0,0.0,0.0,0.0,0.0,0.0,0.0,0.0,0.0,0.0,0.0,0.0,0.0,0.0,0.0,0.0,0.0,0.0,0.0,0.0,0.0,0.030756686,0.0,0.0,0.0,0.0,0.0,0.0,0.0,0.0,0.0,0.0,0.0,0.0,0.028192151,0.0,0.0,0.0,0.0,0.0,0.0,0.0,0.0,0.025942761,0.0,0.0
k__Bacteria|p__Proteobacteria|c__Gammaproteobacteria|o__Pasteurellales|f__Pasteurellaceae|g__Haemophilus|s__unclassified,0.05097724,0.0,0.028978983,0.052150246,0.0,0.042448465,0.053674404,0.0,0.052188955,0.052869305,0.037381068,0.053790774,0.029414479,0.03046241,0.05289538,0.045373265,0.05416138,0.041075394,0.052607406,0.05285503,0.05596473,0.024568122,0.05310427,0.026695786,0.0354476,0.041108586,0.029115466,0.033549666,0.052931305,0.052901365,0.05837389,0.044707432,0.05325607,0.05023366,0.05295103,0.06678914,0.03290293,0.053020075,0.0503399,0.05301513,0.05845661,0.0,0.052507706,0.050211012,0.053052943,0.0,0.051649015,0.054116894,0.0,0.052539174,0.055533525,0.058131594,0.05347276,0.050350893,0.052937843,0.0,0.053439863,0.05287249,0.05021943,0.050087478,0.058365673,0.03746677,0.052747175,0.0502536,0.052911397,0.05824494,0.05096562,0.053404912,0.050297137,0.052922174,0.058348898,0.029837692,0.05285187,0.050339084,0.053153433,0.05818466,0.063282005,0.053619534,0.05031302,0.052894678,0.05854031,0.03769591,0.052897774,0.050281625,0.052837398,0.06647478,0.056787275,0.025746701,0.052369196,0.05314934,0.05820109,0.053598795,0.026533231,0.031804066,0.05268267,0.0,0.0541355,0.0,0.052214716,0.05273089,0.059044946,0.0,0.05266935,0.050252207,0.052666035,0.06133172,0.053754833,0.052695014,0.05019412,0.05009935,0.029841471,0.024217147,0.05275551,0.050230287,0.052739877,0.0,0.05079484,0.033118006,0.053379774,0.052809063,0.0,0.05357434,0.052698836,0.05021657,0.052701447,0.058247313,0.053838346,0.0,0.052333027,0.0,0.0,0.05403796,0.0,0.024347747,0.053074483,0.058519814,0.04095133,0.05271792,0.0,0.052970268,0.066975355,0.066975355,0.026201237,0.05307888,0.052939206
k__Bacteria|p__Proteobacteria|c__Betaproteobacteria|o__Burkholderiales|f__Alcaligenaceae|g__Sutterella|s__unclassified,0.0,0.0,0.033950634,0.05094171,0.036722038,0.042290557,0.05050522,0.0,0.050933704,0.05163488,0.05865342,0.050513692,0.03694817,0.033111226,0.05095292,0.045299083,0.050383087,0.04573688,0.050816007,0.05163545,0.0,0.024646001,0.050652526,0.0,0.0,0.0,0.029882489,0.0,0.050699927,0.051487274,0.05164793,0.04980344,0.05085536,0.049904827,0.05166509,0.0,0.03691147,0.050920583,0.049874745,0.051647052,0.051088817,0.0,0.051076762,0.049910855,0.051638037,0.0,0.0,0.050411794,0.0,0.05085657,0.06266438,0.06469099,0.05081226,0.049870998,0.051674012,0.042195,0.050572142,0.051637813,0.04993354,0.049986992,0.05133653,0.047851555,0.050995365,0.049897164,0.051667597,0.052365053,0.0,0.05081942,0.049883947,0.051666055,0.05108034,0.029932663,0.050966732,0.04987624,0.051606674,0.052340224,0.0,0.050774306,0.049881525,0.051679753,0.050946634,0.0,0.05096563,0.049891174,0.0516922,0.0,0.05266308,0.025516847,0.05088568,0.05155328,0.051148403,0.050556332,0.032834202,0.038464338,0.05102055,0.0,0.050465476,0.0,0.050929703,0.05167671,0.0,0.0,0.05102128,0.049898144,0.051738624,0.0,0.050485067,0.05168905,0.04994178,0.049984124,0.0,0.024003565,0.050998528,0.049905412,0.05171588,0.1159304,0.052307352,0.035152983,0.050617468,0.0515049,0.045350254,0.050546173,0.051685676,0.04993518,0.052560918,0.051616482,0.050552264,0.026197316,0.050899584,0.039507527,0.0,0.05045958,0.024263669,0.027239762,0.05090721,0.051219873,0.051615953,0.050780963,0.03417799,0.05075548,0.07663557,0.07663557,0.02681268,0.050679594,0.051462635
k__Bacteria|p__Actinobacteria|c__Actinobacteria|o__Actinomycetales|f__Actinomycetaceae|g__Parascardovia|s__unclassified,0.0,0.0,0.0,0.0,0.0,0.0,0.0,0.0,0.0,0.0,0.0,0.0,0.0,0.0,0.0,0.0,0.0,0.0,0.0,0.0,0.0,0.0,0.0,0.0,0.0,0.0,0.0,0.0,0.0,0.0,0.0,0.0,0.0,0.0,0.0,0.0,0.0,0.0,0.0,0.0,0.0,0.0,0.0,0.0,0.0,0.0,0.0,0.0,0.0,0.0,0.0,0.0,0.0,0.0,0.0,0.0,0.0,0.0,0.0,0.0,0.0,0.0,0.0,0.0,0.0,0.0,0.0,0.0,0.0,0.0,0.0,0.0,0.0,0.0,0.0,0.0,0.0,0.0,0.0,0.0,0.0,0.0,0.0,0.0,0.0,0.0,0.0,0.0,0.0,0.0,0.0,0.0,0.0,0.0,0.0,0.0,0.0,0.0,0.0,0.0,0.0,0.0,0.0,0.0,0.0,0.0,0.0,0.0,0.0,0.0,0.0,0.0,0.0,0.0,0.0,0.0,0.0,0.0,0.0,0.0,0.0,0.0,0.0,0.0,0.0,0.0,0.0,0.0,0.0,0.0,0.05442864,0.0,0.0,0.0,0.0,0.0,0.0,0.0,0.0,0.0,0.0,0.0,0.0,0.0,0.0
k__Bacteria|p__Actinobacteria|c__Actinobacteria|o__Actinomycetales|f__Corynebacteriaceae|g__Corynebacterium|s__unclassified,0.0,0.0,0.0,0.0,0.0,0.0,0.0,0.0,0.0,0.0,0.0,0.0,0.0,0.0,0.0,0.0,0.0,0.0,0.0,0.0,0.0,0.0,0.0,0.0,0.0,0.0,0.0,0.0,0.0,0.0,0.0,0.0,0.0,0.0,0.0,0.0,0.0,0.0,0.0,0.0,0.0,0.0,0.0,0.0,0.0,0.0,0.0,0.0,0.0,0.0,0.0,0.0,0.0,0.0,0.0,0.0,0.0,0.0,0.0,0.0,0.0,0.0,0.0,0.0,0.0,0.0,0.0,0.0,0.0,0.0,0.0,0.0,0.0,0.0,0.0,0.0,0.0,0.0,0.0,0.0,0.0,0.0,0.0,0.0,0.0,0.0,0.0,0.0,0.0,0.0,0.0,0.0,0.0,0.0,0.0,0.0,0.0,0.0,0.0,0.0,0.0,0.0,0.0,0.0,0.0,0.0,0.0,0.0,0.0,0.0,0.0,0.0,0.0,0.0,0.0,0.0,0.0,0.0,0.0,0.0,0.0,0.0,0.0,0.0,0.0,0.0,0.0,0.0,0.0,0.0,0.0,0.0,0.0,0.0,0.0,0.0,0.0,0.0,0.0,0.0,0.0,0.0,0.0,0.0,0.0
k__Bacteria|p__Actinobacteria|c__Actinobacteria|o__Actinomycetales|f__Micrococcaceae|g__Rothia|s__mucilaginosa,0.0,0.0,0.0,0.0,0.0,0.0,0.0,0.0,0.0,0.0,0.0,0.0,0.0,0.0,0.0,0.045074288,0.0,0.039022543,0.0,0.0,0.0,0.0,0.0,0.0,0.0,0.0,0.0,0.0,0.0,0.0,0.0,0.0,0.0,0.0,0.0,0.0,0.0,0.0,0.0,0.0,0.0,0.0,0.0,0.0,0.0,0.0,0.0,0.0,0.0,0.0,0.0,0.0,0.0,0.0,0.0,0.0,0.0,0.0,0.0,0.0,0.0,0.0,0.0,0.0,0.0,0.0,0.0,0.0,0.0,0.0,0.0,0.0,0.0,0.0,0.0,0.0,0.0,0.0,0.0,0.0,0.0,0.0,0.0,0.0,0.0,0.0,0.0,0.0,0.0,0.0,0.0,0.0,0.0,0.0,0.0,0.0,0.0,0.0,0.0,0.0,0.0,0.0,0.0,0.0,0.0,0.0,0.0,0.0,0.0,0.0,0.0,0.0,0.0,0.0,0.0,0.0,0.0,0.0,0.0,0.0,0.0,0.0,0.0,0.0,0.0,0.0,0.0,0.0,0.0,0.0,0.0,0.0,0.0,0.0,0.0,0.0,0.0,0.0,0.0,0.0,0.0,0.0,0.0,0.0,0.0
k__Bacteria|p__Actinobacteria|c__Actinobacteria|o__Actinomycetales|f__Actinomycetaceae|g__Actinomyces|s__unclassified,0.0,0.0,0.0,0.0,0.0,0.0,0.0,0.0,0.0,0.0,0.0,0.0,0.0,0.0,0.0,0.0,0.0,0.0,0.0,0.0,0.0,0.0,0.0,0.0,0.0,0.034092434,0.0,0.0,0.0,0.0,0.0,0.0,0.0,0.0,0.0,0.0,0.0,0.0,0.0,0.0,0.0,0.0,0.0,0.0,0.0,0.06730669,0.0,0.0,0.0,0.0,0.0,0.0,0.0,0.0,0.0,0.0,0.0,0.0,0.0,0.0,0.0,0.0,0.0,0.0,0.0,0.0,0.052942745,0.0,0.0,0.0,0.0,0.0,0.0,0.0,0.0,0.0,0.0,0.0,0.0,0.0,0.0,0.0,0.0,0.0,0.0,0.0,0.0,0.0,0.0,0.0,0.0,0.0,0.0,0.0,0.0,0.0,0.0,0.0,0.0,0.0,0.0,0.044253994,0.0,0.0,0.0,0.0,0.0,0.0,0.0,0.0,0.029670708,0.0,0.0,0.0,0.0,0.0,0.04297039,0.0,0.0,0.0,0.0,0.0,0.0,0.0,0.0,0.0,0.0,0.0,0.0,0.0,0.0,0.0,0.024500737,0.0,0.0,0.0,0.0,0.0,0.0,0.0,0.0,0.0,0.0,0.0,0.0
k__Bacteria|p__Actinobacteria|c__Actinobacteria|o__Bifidobacteriales|f__Bifidobacteriaceae|g__Bifidobacterium|s__longum,0.0,0.03850502,0.0,0.057867266,0.026700893,0.054717004,0.05918062,0.028648969,0.05790625,0.056072813,0.047052443,0.05924845,0.028820341,0.0,0.057932958,0.076279975,0.059557784,0.077139184,0.058282707,0.056058504,0.05589066,0.04769821,0.05870797,0.026320029,0.032122668,0.040245514,0.030065658,0.041756153,0.058562517,0.056538306,0.06442859,0.044479642,0.05826165,0.051369186,0.055975914,0.06677264,0.056444205,0.05805115,0.05145346,0.05604092,0.06551342,0.032970317,0.057599213,0.051350683,0.056070857,0.083606996,0.068744004,0.05947953,0.027526535,0.058219865,0.05522229,0.0,0.058421537,0.05146424,0.05596255,0.0,0.058977764,0.056072738,0.051031817,0.050352145,0.06511896,0.047033884,0.057817407,0.051385924,0.055962253,0.06305884,0.055751625,0.058359586,0.05142196,0.055960856,0.06563099,0.033340394,0.057907388,0.05145374,0.056150362,0.06302475,0.0,0.058524266,0.05143359,0.055938505,0.06584336,0.04632462,0.057940524,0.051407423,0.05589504,0.07983025,0.061858345,0.027173383,0.058069598,0.056299236,0.06549288,0.0590947,0.02593103,0.03350243,0.057767373,0.07346925,0.05937659,0.04478753,0.057926748,0.055950258,0.06518057,0.062606215,0.057754442,0.0513838,0.055758927,0.077973545,0.05925072,0.055920362,0.051010553,0.05036177,0.029770665,0.023878148,0.057830073,0.0513658,0.055820286,0.116854936,0.0,0.031930115,0.058921352,0.056470342,0.03459404,0.059090428,0.05592599,0.051029105,0.05295974,0.06462987,0.059169527,0.02693543,0.05803096,0.0,0.061075717,0.05938545,0.024636202,0.023553617,0.0580819,0.06548903,0.0,0.05838502,0.0,0.058567233,0.06774052,0.06774052,0.024597585,0.05869228,0.056584727
k__Bacteria|p__Actinobacteria|c__Actinobacteria|o__Bifidobacteriales|f__Bifidobacteriaceae|g__Bifidobacterium|s__adolescentis,0.0,0.0,0.0,0.042221025,0.0,0.042816237,0.042657938,0.02632646,0.042232502,0.046243276,0.035787396,0.042840727,0.0,0.0,0.043375254,0.046681553,0.042904098,0.039416976,0.042334493,0.046264887,0.0,0.024529181,0.042440098,0.0,0.0,0.034112122,0.0,0.03030774,0.042429484,0.045547854,0.044608623,0.0,0.04341597,0.047597382,0.046511248,0.0,0.033068962,0.043298285,0.047624905,0.046550397,0.043207012,0.0,0.0431633,0.04759227,0.046565633,0.06754672,0.051633555,0.04296861,0.0,0.042348377,0.05616514,0.0,0.043525234,0.047642052,0.046619877,0.0,0.0425557,0.046230733,0.048228547,0.0493881,0.043753654,0.039342716,0.043251906,0.047604572,0.046522994,0.04626772,0.0,0.04355989,0.047623146,0.046518534,0.04298188,0.0,0.043277748,0.04762388,0.046631053,0.04633733,0.0,0.04357849,0.047624316,0.046499874,0.043147024,0.035802763,0.043259736,0.0476078,0.046488475,0.06636323,0.04580776,0.027018825,0.04227477,0.04635231,0.043053582,0.04269095,0.0,0.0,0.043253656,0.04452695,0.04315877,0.07604317,0.042233907,0.04620052,0.058206778,0.044571575,0.04323469,0.04760387,0.046437487,0.0,0.042643316,0.046191156,0.04821769,0.049391463,0.029649884,0.032377955,0.043217253,0.047595423,0.046464123,0.11583409,0.042914882,0.0,0.042630956,0.045539103,0.03219085,0.04260846,0.046186216,0.04822567,0.05198526,0.04417235,0.043002952,0.02860354,0.042251054,0.0,0.05448338,0.043015927,0.024387412,0.0,0.04339765,0.043710075,0.0,0.042386487,0.0,0.04248389,0.06683189,0.06683189,0.021740472,0.042437833,0.045521833
k__Bacteria|p__Actinobacteria|c__Actinobacteria|o__Bifidobacteriales|f__Bifidobacteriaceae|g__Bifidobacterium|s__unclassified,0.0,0.043830164,0.0,0.054354433,0.031390116,0.04220061,0.054546155,0.024863126,0.054372035,0.05379763,0.03608426,0.05453646,0.028998582,0.029659739,0.054239936,0.046551175,0.054584727,0.03949765,0.054446813,0.053767383,0.0,0.030418789,0.054472197,0.031751595,0.0320639,0.034817677,0.030970057,0.041457087,0.054408498,0.053943,0.05720411,0.0,0.05435112,0.050666556,0.053782843,0.07079399,0.033140123,0.054359596,0.050683573,0.053774975,0.05728868,0.04410145,0.054309245,0.05066008,0.05377661,0.06784081,0.05207678,0.05451265,0.027176473,0.054460835,0.05616514,0.0,0.054399353,0.05067682,0.053710822,0.0,0.054545593,0.05382333,0.050500374,0.050174538,0.057332132,0.03815508,0.054294188,0.050662883,0.05373362,0.05725353,0.0,0.054315254,0.050665837,0.05374817,0.057436347,0.033066656,0.054314014,0.050686907,0.0537685,0.057194874,0.0,0.05441889,0.050674424,0.053763982,0.057214297,0.035928316,0.054374598,0.050674047,0.05374579,0.06666745,0.05671525,0.026326623,0.05441535,0.053814154,0.05732362,0.05456132,0.029902466,0.0,0.054280844,0.0454456,0.054538213,0.04479933,0.054390214,0.05379013,0.059828334,0.044475336,0.05429285,0.050663546,0.0537186,0.06152982,0.054595035,0.053792324,0.050501175,0.05017738,0.04792557,0.025405506,0.05433922,0.05066498,0.053719454,0.11600744,0.046239972,0.0,0.05453899,0.05390039,0.03562121,0.054588385,0.053790104,0.050502684,0.05276022,0.057342507,0.05455219,0.02293241,0.054424144,0.0,0.054717984,0.054561343,0.037717845,0.023846585,0.0542958,0.057478353,0.041684076,0.05443812,0.0,0.05457027,0.0,0.0,0.021762708,0.05451907,0.05394615
k__Bacteria|p__Cyanobacteria|c__4C0d-2|o__YS2|f__unclassified|g__unclassified|s__unclassified,0.0,0.0,0.0,0.0,0.0,0.0,0.0,0.0,0.0,0.0,0.0,0.0,0.0,0.0,0.0,0.0,0.0,0.0,0.0,0.0,0.0,0.0,0.0,0.0,0.0,0.0,0.0,0.0,0.0,0.0,0.0,0.0,0.0,0.0,0.0,0.0,0.0,0.0,0.0,0.0,0.0,0.0,0.0,0.0,0.0,0.0,0.0,0.0,0.0,0.0,0.0,0.0,0.0,0.0,0.0,0.0,0.0,0.0,0.0,0.0,0.0,0.0,0.0,0.0,0.0,0.0,0.0,0.0,0.0,0.0,0.0,0.0,0.0,0.0,0.0,0.0,0.0,0.0,0.0,0.0,0.0,0.0,0.0,0.0,0.0,0.0,0.0,0.02553402,0.0,0.0,0.0,0.0,0.0,0.0,0.0,0.0,0.0,0.0,0.0,0.0,0.0,0.0,0.0,0.0,0.0,0.0,0.0,0.0,0.0,0.0,0.0,0.0,0.0,0.0,0.0,0.0,0.0,0.0,0.0,0.0,0.0,0.0,0.0,0.0,0.0,0.0,0.0,0.0,0.0,0.0,0.0,0.0,0.0,0.0,0.0,0.0,0.0,0.0,0.0337859,0.0,0.0,0.0,0.0,0.0,0.0
k__Bacteria|p__Cyanobacteria|c__Chloroplast|o__Streptophyta|f__unclassified|g__unclassified|s__unclassified,0.0,0.0,0.0,0.0,0.0,0.0,0.0,0.0,0.0,0.0,0.0,0.0,0.0,0.0,0.0,0.0,0.0,0.0,0.0,0.0,0.0,0.024120316,0.0,0.0,0.0,0.0,0.0,0.0,0.0,0.0,0.0,0.0,0.0,0.0,0.0,0.0,0.0,0.0,0.0,0.0,0.0,0.0,0.0,0.0,0.0,0.0,0.0,0.0,0.0,0.0,0.0,0.0,0.0,0.0,0.0,0.0,0.0,0.0,0.0,0.0,0.0,0.0,0.0,0.0,0.0,0.0,0.0,0.0,0.0,0.0,0.0,0.0,0.0,0.0,0.0,0.0,0.0,0.0,0.0,0.0,0.0,0.0,0.0,0.0,0.0,0.0,0.0,0.0,0.0,0.0,0.0,0.0,0.0,0.0,0.0,0.0,0.0,0.0,0.0,0.0,0.0,0.0,0.0,0.0,0.0,0.0,0.0,0.0,0.0,0.0,0.0,0.0,0.0,0.0,0.0,0.0,0.0,0.0,0.0,0.0,0.0,0.0,0.0,0.0,0.0,0.0,0.0,0.0,0.0,0.0,0.0,0.0,0.024136018,0.0,0.0,0.0,0.0,0.0,0.0,0.0,0.0,0.0,0.02167377,0.0,0.0
k__Bacteria|p__Fusobacteria|c__Fusobacteria|o__Fusobacteriales|f__Fusobacteriaceae|g__Fusobacterium|s__unclassified,0.0,0.0,0.0,0.0,0.0,0.0,0.0,0.0,0.0,0.0,0.035818644,0.0,0.0,0.0,0.0,0.0,0.0,0.0,0.0,0.0,0.0,0.024061907,0.0,0.0,0.0,0.03478814,0.0,0.0,0.0,0.0,0.0,0.0,0.0,0.0,0.0,0.0,0.0,0.0,0.0,0.0,0.0,0.0,0.0,0.0,0.0,0.0,0.0,0.0,0.0,0.0,0.0,0.0,0.0,0.0,0.0,0.0,0.0,0.0,0.0,0.0,0.0,0.0,0.0,0.0,0.0,0.0,0.0,0.0,0.0,0.0,0.0,0.0,0.0,0.0,0.0,0.0,0.0,0.0,0.0,0.0,0.0,0.0,0.0,0.0,0.0,0.06604887,0.0,0.0,0.0,0.0,0.0,0.0,0.0,0.0,0.0,0.0,0.0,0.0,0.0,0.0,0.0,0.0,0.0,0.0,0.0,0.0,0.0,0.0,0.0,0.0,0.0,0.0,0.0,0.0,0.0,0.0,0.0,0.0,0.0,0.0,0.0,0.0,0.0,0.0,0.0,0.0,0.0,0.0,0.0,0.0,0.0,0.0,0.0,0.0,0.0,0.0,0.0,0.0,0.0,0.0,0.0,0.0,0.0,0.0,0.0
k__Bacteria|p__Fusobacteria|c__Fusobacteria|o__Fusobacteriales|f__Fusobacteriaceae|g__unclassified|s__unclassified,0.0,0.0,0.0,0.0,0.0,0.0,0.0,0.0,0.0,0.0,0.0,0.0,0.0,0.0,0.0,0.0,0.0,0.0,0.0,0.0,0.0,0.0,0.0,0.0,0.0,0.0,0.0,0.0,0.0,0.0,0.0,0.0,0.0,0.0,0.0,0.0,0.0,0.0,0.0,0.0,0.0,0.0,0.0,0.0,0.0,0.0,0.0,0.0,0.0,0.0,0.0,0.0,0.0,0.0,0.0,0.0,0.0,0.0,0.0,0.0,0.0,0.0,0.0,0.0,0.0,0.0,0.0,0.0,0.0,0.0,0.0,0.029904729,0.0,0.0,0.0,0.0,0.0,0.0,0.0,0.0,0.0,0.0,0.0,0.0,0.0,0.0,0.0,0.0,0.0,0.0,0.0,0.0,0.0,0.0,0.0,0.0,0.0,0.0,0.0,0.0,0.0,0.0,0.0,0.0,0.0,0.0,0.0,0.0,0.0,0.0,0.0,0.0,0.0,0.0,0.0,0.0,0.0,0.0,0.0,0.0,0.0,0.0,0.0,0.0,0.0,0.0,0.0,0.0,0.0,0.03695017,0.0,0.0,0.0,0.0,0.0,0.0,0.042934954,0.0,0.0,0.0,0.0,0.0,0.0,0.0,0.0
k__Bacteria|p__Tenericutes|c__Mollicutes|o__RF39|f__unclassified|g__unclassified|s__unclassified,0.0,0.0,0.0,0.0,0.0,0.0,0.0,0.0,0.0,0.0,0.0,0.0,0.0,0.0,0.0,0.0,0.0,0.0,0.0,0.0,0.0,0.0,0.0,0.0,0.0,0.0,0.0,0.0,0.0,0.0,0.0,0.0,0.0,0.0,0.0,0.0,0.0,0.0,0.0,0.0,0.0,0.0,0.0,0.0,0.0,0.0,0.0,0.0,0.0,0.0,0.0,0.0,0.0,0.0,0.0,0.0,0.0,0.0,0.0,0.0,0.0,0.0,0.0,0.0,0.0,0.0,0.0,0.0,0.0,0.0,0.0,0.0,0.0,0.0,0.0,0.0,0.0,0.0,0.0,0.0,0.0,0.0,0.0,0.0,0.0,0.0,0.0,0.0,0.0,0.0,0.0,0.0,0.0,0.0,0.0,0.0,0.0,0.0,0.0,0.0,0.0,0.0,0.0,0.0,0.0,0.0,0.0,0.0,0.0,0.0,0.0,0.0,0.0,0.0,0.0,0.0,0.0,0.0,0.0,0.0,0.0,0.0,0.0,0.0,0.0,0.0,0.0,0.0,0.0,0.0,0.0,0.0,0.0,0.0,0.0,0.0,0.0,0.0,0.033781234,0.0,0.0,0.0,0.0,0.0,0.0
k__Bacteria|p__Verrucomicrobia|c__Verrucomicrobiae|o__Verrucomicrobiales|f__Verrucomicrobiaceae|g__Akkermansia|s__muciniphila,0.0,0.0,0.0,0.0,0.0,0.0,0.0,0.0,0.0,0.0,0.0,0.0,0.0,0.0,0.0,0.0,0.0,0.0,0.0,0.0,0.10417708,0.0,0.0,0.0,0.0,0.0,0.0,0.0,0.0,0.0,0.0,0.0,0.0,0.0,0.0,0.0,0.0,0.0,0.0,0.0,0.0,0.0,0.0,0.0,0.0,0.0,0.0,0.0,0.0,0.0,0.0,0.0,0.0,0.0,0.0,0.0,0.0,0.0,0.0,0.0,0.0,0.0,0.0,0.0,0.0,0.0,0.0,0.0,0.0,0.0,0.0,0.02987959,0.0,0.0,0.0,0.0,0.0,0.0,0.0,0.0,0.0,0.0,0.0,0.0,0.0,0.0,0.0,0.027528733,0.0,0.0,0.0,0.0,0.0,0.032517765,0.0,0.0,0.0,0.0,0.0,0.0,0.0,0.0,0.0,0.0,0.0,0.0,0.0,0.0,0.0,0.0,0.0,0.0,0.0,0.0,0.0,0.0,0.0,0.0,0.0,0.0,0.0,0.0,0.0,0.0,0.0,0.0,0.0,0.022458958,0.0,0.0,0.0,0.0,0.03796924,0.023580937,0.0,0.0,0.0,0.0,0.03384191,0.0,0.0,0.0,0.02723791,0.0,0.0
