#OTU ID,T000272.0,T000272.1,T000272.2,T000272.3,T000272.4,T000461.0,T000461.1,T000461.2,T000461.3,T000461.4,T002534.0,T002534.1,T002534.2,T002534.3,T002534.4,T003950.0,T003950.1,T003950.2,T003950.3,T003950.4,T005999.0,T005999.1,T005999.2,T005999.3,T005999.4,T007748.0,T007748.1,T007748.2,T007748.3,T007748.4,T008025.0,T008025.1,T008025.2,T008025.3,T008025.4,T008631.0,T008631.1,T008631.2,T008631.3,T008631.4,T009280.0,T009280.1,T009280.2,T009280.3,T009280.4,T009909.0,T009909.1,T009909.2,T009909.3,T009909.4,T010520.0,T010520.1,T010520.2,T010520.3,T010520.4,T010532.0,T010532.1,T010532.2,T010532.3,T010532.4,T012138.0,T012138.1,T012138.2,T012138.3,T012138.4,T012374.0,T012374.1,T012374.2,T012374.3,T012374.4,T012389.0,T012389.1,T012389.2,T012389.3,T012389.4,T013832.0,T013832.1,T013832.2,T013832.3,T013832.4,T014827.0,T014827.1,T014827.2,T014827.3,T014827.4,T017394.0,T017394.1,T017394.2,T017394.3,T017394.4,T018343.0,T018343.1,T018343.2,T018343.3,T018343.4,T019021.0,T019021.1,T019021.2,T019021.3,T019021.4,T019031.0,T019031.1,T019031.2,T019031.3,T019031.4,T019850.0,T019850.1,T019850.2,T019850.3,T019850.4,T020231.0,T020231.1,T020231.2,T020231.3,T020231.4,T021076.0,T021076.1,T021076.2,T021076.3,T021076.4,T021613.0,T021613.1,T021613.2,T021613.3,T021613.4,T023390.0,T023390.1,T023390.2,T023390.3,T023390.4,T023909.0,T023909.1,T023909.2,T023909.3,T023909.4,T024121.0,T024121.1,T024121.2,T024121.3,T024121.4,T028183.0,T028183.1,T028183.2,T028183.3,T028183.4
k__Bacteria|p__Firmicutes|c__Bacilli|o__Lactobacillales|f__Enterococcaceae|g__unclassified|s__unclassified,-0.28574407,-0.32097793,-0.3081897,-0.29755703,-0.35537535,-0.31121662,-0.34851393,-0.35552558,-0.45792162,-0.29279548,-0.3313659,-0.3274101,-0.2795183,-0.26639175,-0.25301886,-0.3220655,-0.34493965,-0.24651025,-0.23604824,-0.23886529,-0.3155272,-0.35307166,-0.41232753,-0.35720402,-0.4148094,-0.3366719,-0.32957304,-0.27818307,-0.35797155,-0.3921899,-0.31815568,-0.30771792,-0.369201,-0.32276306,-0.25904477,-0.25396472,-0.33594304,-0.38859847,-0.3509197,-0.345838,-0.26324958,-0.34146312,-0.32008535,-0.3421979,-0.4362288,-0.2953034,-0.28815714,-0.34594566,-0.4334342,-0.35713702,-0.3130018,-0.3262418,-0.25855958,-0.24621786,-0.23723751,-0.3133456,-0.35644954,-0.29656377,-0.34445426,-0.41874674,-0.32914695,-0.32914695,-0.35751456,-0.42008576,-0.2871699,-0.2859781,-0.28761852,-0.3465716,-0.40793216,-0.29424807,-0.264517,-0.35901082,-0.3103547,-0.35305658,-0.34904224,-0.26304597,-0.30710363,-0.25958246,-0.34404397,-0.40172756,-0.31283143,-0.3326372,-0.41205955,-0.35933927,-0.43847084,-0.28475708,-0.24514951,-0.35424852,-0.41513884,-0.30552816,-0.30227664,-0.2645283,-0.3770485,-0.3372497,-0.28710592,-0.3065683,-0.3262408,-0.2788153,-0.27197185,-0.2529564,-0.27306527,-0.304123,-0.38477123,-0.33709,-0.42159042,-0.26381022,-0.3555616,-0.35609764,-0.43134934,-0.3166676,-0.32991198,-0.35637724,-0.39286554,-0.32340086,-0.27390108,-0.18443729,-0.3065469,-0.24789613,-0.24769883,-0.2383178,-0.34652692,-0.35169965,-0.38463002,-0.30998904,-0.24820362,-0.32128388,-0.3174648,-0.36461428,-0.3033964,-0.26677492,-0.2788417,-0.3442507,-0.37347305,-0.32139966,-0.24558237,-0.3179646,-0.34382823,-0.3511923,-0.4194283,-0.29249373,-0.2555955,-0.33041978,-0.35720906,-0.42954564,-0.28198656
k__Bacteria|p__Firmicutes|c__Clostridia|o__Clostridiales|f__Clostridiaceae|g__Peptoniphilus|s__asaccharolyticus,-0.28574407,-0.32042426,-0.30164257,-0.29185155,-0.35537535,-0.31121662,-0.3463863,-0.35552558,-0.44774804,-0.28736895,-0.3313659,-0.32634246,-0.2772529,-0.26203826,-0.24712615,-0.32310498,-0.34257743,-0.24687015,-0.23317792,-0.23287874,-0.30582657,-0.35307166,-0.40267217,-0.35720402,-0.40552232,0.9384766,-0.32758784,-0.274146,-0.35797155,-0.3821063,1.1321146,-0.30771792,-0.36687613,-0.3127985,-0.2502322,-0.25396472,-0.33594304,-0.38412687,-0.3509197,-0.345838,-0.26324958,-0.3396874,-0.3123386,-0.3421979,-0.42267323,-0.289398,-0.28815714,-0.34594566,-0.4261109,-0.35713702,-0.3112327,-0.3243006,-0.2574499,-0.24125347,-0.2324039,-0.3133456,-0.3536676,-0.29130873,-0.34445426,-0.4104296,-0.32914695,-0.32914695,-0.35751456,-0.4118387,-0.28173622,-0.2859781,-0.28761852,-0.3465716,-0.4012102,-0.2881562,-0.264517,-0.3541324,-0.30352032,-0.35305658,-0.34904224,-0.26304597,-0.30443615,-0.25958246,-0.34404397,-0.39152005,-0.31283143,-0.3326372,-0.40659517,-0.35933927,-0.424527,-0.2768626,-0.24514951,-0.35424852,-0.4027536,-0.29462314,-0.29536438,-0.2645283,-0.3726467,-0.3292478,-0.27805483,-0.3065683,-0.32534647,-0.27626684,-0.26544502,-0.24720816,-0.27306527,-0.304123,-0.37989601,-0.33709,-0.41047317,-0.26381022,-0.3555616,-0.35609764,-0.4242903,-0.30948877,-0.32542413,-0.35637724,-0.39050224,-0.31693155,-0.265516,-0.18443729,-0.3038892,-0.24775024,-0.24319279,-0.2320493,-0.34652692,-0.35169965,-0.3780113,-0.30191398,-0.24240823,-0.32128388,-0.3174648,-0.3628329,-0.29818308,-0.26034644,-0.2788417,-0.3442507,-0.36737567,-0.31243366,-0.24128094,-0.3152506,-0.3389143,-0.3511923,-0.40608138,-0.28090763,-0.2555955,-0.32739902,-0.35720906,-0.41711667,-0.27856392
k__Bacteria|p__Firmicutes|c__Bacilli|o__Lactobacillales|f__Streptococcaceae|g__unclassified|s__unclassified,-0.28574407,-0.31954777,-0.30793,-0.2971508,-0.35537535,-0.31121662,-0.34575874,-0.35552558,-0.4575667,-0.29424793,-0.3313659,-0.32666862,-0.2762903,-0.265183,-0.2543771,-0.3337819,-0.3445999,-0.24362035,-0.2351594,-0.24029452,-0.31800196,-0.35307166,-0.41049284,-0.35720402,-0.41861552,-0.3366719,-0.3281451,-0.27600694,-0.35797155,-0.3891083,-0.31815568,-0.30771792,-0.36519182,-0.32493058,-0.25934556,-0.25396472,-0.33594304,-0.38647687,-0.3509197,-0.345838,-0.26324958,-0.3389291,-0.32007852,-0.3421979,-0.4375025,-0.30089113,-0.28815714,-0.34594566,-0.4304027,-0.35713702,-0.3232636,-0.32706755,-0.25629845,-0.24740149,-0.23849507,-0.3133456,-0.353702,-0.29614097,-0.34445426,-0.42158985,-0.32914695,-0.32914695,-0.35751456,-0.41993165,-0.29087186,-0.2859781,-0.28761852,-0.3465716,-0.40642002,-0.29621676,-0.264517,-0.35767362,-0.31009752,-0.35305658,-0.34904224,-0.26304597,-0.30585945,-0.25958246,-0.34404397,-0.40411133,-0.31283143,-0.3326372,-0.40833187,-0.35933927,-0.442195,-0.28653708,-0.24514951,-0.35424852,-0.41936284,-0.3094377,-0.30630192,-0.2645283,-0.3729812,-0.33640686,-0.2894879,-0.3065683,-0.32286495,-0.27546787,-0.27207643,-0.25547212,-0.27306527,-0.304123,-0.38083982,-0.33709,-0.4213742,-0.26381022,-0.3555616,-0.35609764,-0.42840993,-0.3193558,-0.33682308,-0.35637724,-0.3873636,-0.3228233,-0.27654374,-0.18443729,-0.30540216,-0.24427782,-0.2467464,-0.23889567,-0.34652692,-0.35169965,-0.38357785,-0.31144485,-0.24936856,-0.32128388,-0.3174648,-0.36044988,-0.3018861,-0.2694322,-0.2788417,-0.3442507,-0.37295225,-0.32355797,-0.24666938,-0.32630295,-0.3442556,-0.3511923,-0.42441207,-0.29432464,-0.2555955,-0.3283257,-0.35720906,-0.43258405,-0.2872839
k__Bacteria|p__Firmicutes|c__Clostridia|o__Coriobacteriales|f__Coriobacteriaceae|g__Collinsella|s__aerofaciens,-0.28574407,-0.31875116,-0.30896172,-0.29429582,-0.35537535,-0.31121662,-0.34813464,-0.35552558,-0.45417485,-0.2924002,-0.3313659,-0.32480776,-0.28130785,-0.26753083,-0.2521894,-0.3225394,-0.3460415,-0.24671224,-0.23622718,-0.23694861,-0.30588654,-0.35307166,-0.4147104,-0.35720402,-0.41471097,-0.3366719,-0.3288447,-0.27724323,-0.35797155,-0.39096573,-0.31815568,-0.30771792,-0.36957029,-0.31990814,-0.25741634,-0.25396472,-0.33594304,-0.38888144,-0.3509197,-0.345838,-0.26324958,-0.34122312,-0.31928885,-0.3421979,-0.4327089,-0.2899194,-0.28815714,-0.34594566,-0.43593812,-0.35713702,-0.31011215,-0.32193863,-0.25890937,-0.24434616,-0.23583353,-0.3133456,-0.35736847,-0.29653433,-0.34445426,-0.41671985,1.0424414,1.0424414,-0.35751456,-0.4199498,-0.2871552,-0.2859781,-0.28761852,-0.3465716,-0.41008657,-0.29450914,-0.264517,-0.35759145,-0.30891222,-0.35305658,-0.34904224,-0.26304597,-0.30333334,-0.25958246,-0.34404397,-0.40112385,-0.31283143,-0.3326372,-0.41460818,-0.35933927,-0.43294984,-0.27708668,-0.24514951,-0.35424852,-0.41074032,-0.30372635,-0.2958873,-0.2645283,-0.3773387,-0.33435005,-0.2833895,-0.3065683,-0.32461488,-0.2808252,-0.27304345,-0.25309443,-0.27306527,-0.304123,-0.38717526,-0.33709,-0.41847157,-0.26381022,-0.3555616,-0.35609764,-0.43249914,-0.3151314,-0.32442492,-0.35637724,-0.39626318,-0.32312813,-0.27178407,-0.18443729,-0.3039087,-0.24698462,-0.24831901,-0.2357794,0.82439363,-0.35169965,-0.38409692,-0.30962783,-0.24739431,-0.32128388,-0.3174648,-0.3647732,-0.303571,-0.26573008,-0.2788417,-0.3442507,-0.37250668,-0.32078978,-0.24554378,-0.31172922,-0.34061557,-0.3511923,-0.41473696,-0.28882447,-0.2555955,-0.32959104,-0.35720906,-0.42737836,-0.2841174
k__Bacteria|p__Firmicutes|c__Clostridia|o__Clostridiales|f__Lachnospiraceae|g__Blautia|s__producta,-0.28574407,-0.31922406,-0.3106229,-0.2965816,-0.35537535,-0.31121662,-0.34817752,-0.35552558,-0.4565258,-0.29456472,-0.3313659,-0.32543212,-0.28148952,-0.26852417,-0.25433564,-0.32667062,-0.34665644,-0.24688978,-0.23737958,-0.23960021,-0.31317526,-0.35307166,-0.41594768,-0.35720402,-0.41797405,-0.3366719,-0.32969537,-0.278242,-0.35797155,-0.39499032,-0.31815568,-0.30771792,-0.36965176,-0.32337034,-0.2616817,-0.25396472,-0.33594304,-0.38953668,-0.3509197,-0.345838,-0.26324958,-0.34152818,-0.32129103,-0.3421979,-0.4383759,-0.2963545,-0.28815714,-0.34594566,-0.43651882,-0.35713702,-0.31523377,-0.3230802,-0.2594345,-0.24646442,-0.23825164,-0.3133456,-0.35776252,-0.2977521,-0.34445426,-0.42050856,-0.32914695,-0.32914695,-0.35751456,-0.42166117,-0.29078305,-0.2859781,-0.28761852,-0.3465716,-0.41111723,-0.2969153,-0.264517,-0.35902518,-0.3106074,-0.35305658,-0.34904224,-0.26304597,-0.30482104,-0.25958246,-0.34404397,-0.4054258,1.2276524,-0.3326372,-0.41465586,-0.35933927,-0.43898934,-0.28373927,-0.24514951,-0.35424852,-0.41568735,-0.3104411,-0.301727,-0.2645283,-0.37761164,-0.3368609,-0.2873627,-0.3065683,-0.32491344,-0.28108874,-0.27471012,-0.2552922,-0.27306527,-0.304123,-0.38739455,-0.33709,-0.4217115,-0.26381022,-0.3555616,-0.35609764,-0.43332118,-0.31832597,-0.32922715,-0.35637724,-0.39544496,-0.3248241,-0.2755298,-0.18443729,-0.30516425,-0.24716127,-0.24962401,-0.23873316,-0.34652692,-0.35169965,-0.3858197,-0.31221476,-0.25050145,-0.32128388,-0.3174648,-0.36456296,-0.30474854,-0.26862785,-0.2788417,-0.3442507,-0.37471795,-0.32358807,-0.2480773,-0.31624162,-0.34279114,-0.3511923,-0.4203655,-0.29591563,-0.2555955,-0.33071542,-0.35720906,-0.43138757,-0.28717843
k__Bacteria|p__Firmicutes|c__Bacilli|o__Gemellales|f__Gemellaceae|g__unclassified|s__unclassified,-0.28574407,-0.31923664,-0.3096162,-0.29687017,-0.35537535,-0.31121662,-0.34790555,-0.35552558,-0.45732313,-0.29225352,0.9967171,-0.32561523,-0.2809294,-0.26786333,-0.25260127,-0.3208375,-0.34557065,-0.24662386,-0.23663713,-0.23707019,-0.30601045,-0.35307166,-0.41381878,-0.35720402,-0.41460976,-0.3366719,-0.32856393,-0.2780318,-0.35797155,-0.38790673,-0.31815568,-0.30771792,-0.3696438,-0.32203168,-0.25570598,-0.25396472,-0.33594304,-0.3890752,-0.3509197,-0.345838,-0.26324958,-0.3407771,-0.3208835,-0.3421979,-0.4328751,-0.2890593,-0.28815714,-0.34594566,-0.43594152,-0.35713702,-0.30912268,-0.32354894,-0.25910708,-0.24568151,-0.23562095,-0.3133456,-0.35687596,-0.2973956,-0.34445426,-0.4172891,-0.32914695,-0.32914695,-0.35751456,-0.42070657,-0.28653732,-0.2859781,-0.28761852,-0.3465716,-0.4098456,-0.29403138,-0.264517,-0.35765275,-0.31026897,-0.35305658,-0.34904224,-0.26304597,-0.30385172,-0.25958246,-0.34404397,-0.3998832,-0.31283143,-0.3326372,-0.41434616,-0.35933927,-0.43446714,-0.27593544,1.7589206,-0.35424852,-0.41216433,-0.30241323,-0.29567456,-0.2645283,-0.37739372,-0.33691165,-0.28523216,1.2244824,-0.32530212,-0.28014943,-0.27372158,-0.25336948,-0.27306527,-0.304123,-0.3863782,-0.33709,-0.41893658,-0.26381022,-0.3555616,-0.35609764,-0.43313584,-0.3162932,-0.32388163,-0.35637724,-0.39496383,-0.32439566,-0.27243233,-0.18443729,-0.30424663,-0.24713954,-0.248558,-0.23558718,-0.34652692,-0.35169965,-0.3842821,-0.3108412,-0.24648932,-0.32128388,1.1202046,-0.36487442,-0.304256,-0.26579824,-0.2788417,-0.3442507,-0.3732435,-0.32195312,-0.24445847,-0.31299728,-0.3417733,-0.3511923,-0.4162017,-0.28739467,-0.2555955,-0.32909852,-0.35720906,-0.42884558,-0.28246796
k__Bacteria|p__Firmicutes|c__Bacilli|o__unclassified|f__unclassified|g__unclassified|s__unclassified,1.384919,-0.32416576,-0.30667308,-0.2936332,-0.35537535,-0.31121662,-0.35083413,-0.35552558,-0.45054162,-0.28850734,1.0061615,-0.32976633,-0.28250748,-0.26677307,-0.2485887,-0.32449222,-0.3480792,-0.251077,-0.23750488,-0.23252645,-0.29986417,-0.35307166,-0.4084055,-0.35720402,-0.40662476,-0.3366719,-0.33131608,-0.27816036,-0.35797155,-0.37636763,-0.31815568,-0.30771792,-0.3721287,-0.31489515,-0.24578007,-0.25396472,-0.33594304,-0.38887495,-0.3509197,-0.345838,-0.26324958,-0.34396356,-0.3166343,-0.3421979,-0.41840833,-0.28810894,-0.28815714,-0.34594566,-0.43285462,-0.35713702,-0.3101818,-0.32678938,-0.26216054,-0.24406487,-0.23199165,-0.3133456,-0.3591131,-0.29596573,-0.34445426,-0.40932572,-0.32914695,-0.32914695,-0.35751456,-0.41622072,-0.28140247,-0.2859781,-0.28761852,-0.3465716,-0.40753472,-0.28947866,-0.264517,-0.3572519,-0.306984,-0.35305658,-0.34904224,1.5920879,-0.306636,-0.25958246,-0.34404397,-0.3904641,-0.31283143,-0.3326372,-0.41350728,-0.35933927,-0.41978946,-0.27329528,-0.24514951,-0.35424852,-0.40190053,-0.28890663,-0.29417408,-0.2645283,-0.37810743,-0.33184665,-0.27737528,-0.3065683,-0.33024222,-0.28135672,-0.27054486,-0.24960844,-0.27306527,-0.304123,-0.38644135,-0.33709,-0.4095108,-0.26381022,-0.3555616,-0.35609764,-0.43017554,-0.31066287,-0.3221922,0.5557113,-0.39687485,-0.32108575,-0.26495805,-0.18443729,-0.30784768,-0.2511526,-0.24766149,-0.22995365,-0.34652692,-0.35169965,-0.3815313,-0.30611086,-0.24129407,-0.32128388,-0.3174648,-0.3680409,-0.30257678,-0.2603561,-0.2788417,-0.3442507,-0.37159467,-0.31576937,-0.2409224,-0.31503868,-0.34152585,-0.3511923,-0.4037749,-0.27199158,-0.2555955,-0.3311399,-0.35720906,-0.41897643,-0.27846408
k__Bacteria|p__Firmicutes|c__Bacilli|o__Lactobacillales|f__Lactobacillaceae|g__Pediococcus|s__unclassified,-0.28574407,-0.32124022,-0.30598053,-0.2954097,-0.35537535,-0.31121662,-0.34713176,-0.35552558,-0.45217383,-0.29116714,-0.3313659,-0.32749796,-0.27895376,-0.26537898,-0.2512197,-0.3309008,-0.34512544,-0.2476983,-0.2362907,-0.23696032,-0.31248856,-0.35307166,-0.40620697,-0.35720402,-0.41169006,-0.3366719,-0.32914668,-0.27622625,-0.35797155,-0.3849684,-0.31815568,-0.30771792,-0.3677929,-0.31900305,-0.25514218,-0.25396472,-0.33594304,-0.38591272,-0.3509197,-0.345838,-0.26324958,-0.340689,-0.31682932,-0.3421979,-0.42899466,-0.2965113,1.3964955,-0.34594566,-0.42861563,-0.35713702,-0.31929573,-0.3265947,-0.259322,-0.24541533,-0.23593634,-0.3133456,-0.35515076,-0.29446316,-0.34445426,-0.41544494,-0.32914695,-0.32914695,-0.35751456,-0.41557163,-0.28732786,-0.2859781,-0.28761852,-0.3465716,-0.4042723,-0.29264194,-0.264517,-0.3567159,-0.30690393,-0.35305658,-0.34904224,-0.26304597,-0.30618176,-0.25958246,-0.34404397,-0.3970009,-0.31283143,-0.3326372,-0.40863684,-0.35933927,-0.43226027,-0.28264385,-0.24514951,-0.35424852,-0.40935326,-0.3031071,-0.30209684,-0.2645283,-0.3742159,-0.3337485,-0.28390515,-0.3065683,-0.32601362,-0.27797723,-0.2704616,-0.25195107,-0.27306527,-0.304123,-0.38157517,-0.33709,-0.41468555,-0.26381022,-0.3555616,-0.35609764,-0.42712784,-0.31470272,-0.3319851,-0.35637724,-0.39039153,-0.32092795,-0.27123204,-0.18443729,-0.30615097,-0.24811926,-0.24682175,-0.23580764,-0.34652692,-0.35169965,-0.38103586,-0.30781406,-0.24666789,-0.32128388,-0.3174648,-0.36314663,-0.301461,-0.264968,-0.2788417,-0.3442507,-0.37111646,-0.3183104,-0.24477297,-0.32233858,-0.34234706,-0.3511923,-0.41404516,-0.28926408,-0.2555955,-0.32890207,-0.35720906,-0.42424256,-0.2843802
k__Bacteria|p__Firmicutes|c__Bacilli|o__Bacillales|f__Staphylococcaceae|g__Staphylococcus|s__unclassified,-0.28574407,-0.3153141,-0.30614582,-0.2973016,-0.35537535,-0.31121662,-0.34340784,-0.35552558,-0.45689896,-0.29145458,-0.3313659,-0.32197654,-0.27622223,-0.2643989,-0.2517261,-0.31946528,-0.3401538,-0.24232069,-0.23318426,-0.23780422,-0.3105635,-0.35307166,-0.408794,-0.35720402,-0.4140985,-0.3366719,-0.32434678,-0.27434936,-0.35797155,-0.39222044,1.1335293,-0.30771792,-0.36477047,-0.32201347,-0.2599811,-0.25396472,-0.33594304,-0.38505578,-0.3509197,-0.345838,-0.26324958,-0.33649975,-0.317855,-0.3421979,-0.43756336,-0.28981054,-0.28815714,-0.34594566,-0.43065578,-0.35713702,-0.3095193,-0.32093507,-0.2548501,-0.24383952,-0.23629624,-0.3133456,-0.3518222,-0.29339525,-0.34445426,-0.41873163,-0.32914695,-0.32914695,-0.35751456,-0.417803,-0.28734976,-0.2859781,-0.28761852,-0.3465716,-0.4049702,-0.29323775,-0.264517,-0.35512537,-0.30788305,-0.35305658,-0.34904224,1.587588,-0.3011775,-0.25958246,-0.34404397,-0.4017257,-0.31283143,-0.3326372,-0.40854222,-0.35933927,-0.43990964,-0.27806222,1.7702605,-0.35424852,-0.4151559,-0.30879155,-0.2957515,-0.2645283,-0.3724341,-0.33655322,-0.28719684,-0.3065683,-0.31990096,-0.27578336,-0.2700461,-0.25181705,-0.27306527,-0.304123,-0.38041222,-0.33709,-0.42039,-0.26381022,-0.3555616,-0.35609764,-0.42900094,-0.31625178,-0.3260718,-0.35637724,-0.38904062,-0.322105,-0.27386117,-0.18443729,-0.30011562,-0.2435303,-0.24513347,-0.23750879,0.82027733,-0.35169965,-0.38127673,-0.30850503,-0.24784867,1.0843626,-0.3174648,-0.35972577,-0.30114686,-0.2664298,-0.2788417,-0.3442507,-0.36983767,-0.32046503,-0.24491146,-0.31243476,-0.33913302,-0.3511923,-0.41996092,-0.2952047,-0.2555955,-0.32517785,-0.35720906,-0.42866617,-0.28287563
k__Bacteria|p__Firmicutes|c__Bacilli|o__Lactobacillales|f__Lactobacillaceae|g__unclassified|s__unclassified,-0.28574407,-0.3181466,-0.30771762,-0.29352126,-0.35537535,-0.31121662,-0.34660238,-0.35552558,-0.45063752,-0.29109544,-0.3313659,-0.32387042,-0.2800393,-0.26637796,-0.25136292,-0.3214513,-0.34406972,-0.24623586,-0.23600611,-0.2368307,-0.30917704,-0.35307166,-0.4122824,-0.35720402,-0.41150993,-0.3366719,-0.3279125,-0.27676174,-0.35797155,-0.3895106,-0.31815568,-0.30771792,-0.36735952,-0.31896147,-0.2570596,-0.25396472,-0.33594304,-0.3866672,-0.3509197,-0.345838,-0.26324958,-0.33984667,-0.31790155,-0.3421979,-0.4305752,-0.2926466,-0.28815714,0.8563247,-0.4328349,-0.35713702,-0.3100635,-0.32066852,-0.25826418,-0.24434349,-0.23549014,-0.3133456,-0.35580897,-0.2954639,-0.34445426,-0.4141701,-0.32914695,-0.32914695,-0.35751456,-0.41728893,-0.28609413,-0.2859781,-0.28761852,-0.3465716,-0.40774828,-0.2930737,-0.264517,-0.35622132,-0.30785778,-0.35305658,-0.34904224,-0.26304597,-0.30340365,-0.25958246,-0.34404397,-0.39940366,-0.31283143,-0.3326372,-0.41141787,-0.35933927,-0.43040597,-0.28080606,-0.24514951,-0.35424852,-0.40950006,-0.30298513,-0.29820713,-0.2645283,-0.37515765,-0.3327989,-0.28272027,-0.3065683,-0.32377505,-0.2797221,-0.27165866,-0.25201038,-0.27306527,-0.304123,-0.38507086,-0.33709,-0.41597652,-0.26381022,0.5076186,-0.35609764,-0.42919964,-0.31371203,-0.32468647,-0.35637724,-0.39326763,-0.3214925,-0.27117568,-0.18443729,-0.3036514,-0.2467689,-0.2478196,-0.23572528,-0.34652692,-0.35169965,-0.38235256,-0.30822197,-0.24692893,-0.32128388,-0.3174648,-0.36269313,-0.3021608,-0.26491806,-0.2788417,-0.3442507,-0.37131342,-0.31932554,-0.24511759,-0.31211424,-0.34001204,-0.3511923,-0.41290963,-0.2888104,-0.2555955,-0.32922447,-0.35720906,-0.42474246,-0.28222883
k__Bacteria|p__Firmicutes|c__Bacilli|o__Lactobacillales|f__unclassified|g__unclassified|s__unclassified,-0.28574407,-0.3144955,-0.3167899,-0.30016938,-0.35537535,-0.31121662,-0.3476587,-0.35552558,-0.46179193,-0.29946047,-0.3313659,-0.32063472,-0.28460672,-0.27308843,-0.25929165,-0.3153244,-0.3456421,-0.24516314,-0.23874047,-0.24454519,-0.31391877,-0.35307166,-0.42857966,-0.35720402,-0.42471153,-0.3366719,-0.32882786,-0.28118467,-0.35797155,-0.41415703,-0.31815568,-0.30771792,-0.37055865,-0.3299637,-0.27478755,-0.25396472,-0.33594304,-0.39319295,-0.3509197,-0.345838,-0.26324958,-0.34070355,-0.32731915,-0.3421979,-0.45479688,-0.29445112,-0.28815714,-0.34594566,-0.44663417,-0.35713702,-0.30417088,-0.31508988,-0.25888374,-0.24790448,-0.24279538,-0.3133456,-0.3595302,-0.3019234,-0.34445426,-0.42810777,-0.32914695,-0.32914695,-0.35751456,-0.4288836,-0.2960732,-0.2859781,-0.28761852,-0.3465716,-0.41926324,-0.30272025,-0.264517,-0.36035407,-0.31614566,-0.35305658,-0.34904224,-0.26304597,-0.30144313,-0.25958246,-0.34404397,-0.41750187,-0.31283143,-0.3326372,-0.4208302,-0.35933927,-0.4489658,-0.28358743,-0.24514951,-0.35424852,-0.4249587,-0.32414132,-0.29885268,-0.2645283,-0.3803776,-0.342339,-0.29405138,-0.3065683,-0.3215991,-0.28546193,-0.2802324,-0.260061,-0.27306527,-0.304123,-0.39393255,-0.33709,-0.43167496,-0.26381022,-0.3555616,-0.35609764,-0.440567,-0.32389116,-0.32184476,-0.35637724,-0.40086812,-0.3305615,-0.283265,-0.18443729,-0.30112773,-0.24554247,-0.25362274,-0.24479875,-0.34652692,-0.35169965,-0.39179528,-0.31776667,-0.25777543,-0.32128388,-0.3174648,-0.3648976,-0.30901837,-0.27508175,-0.2788417,-0.3442507,-0.37867102,-0.33084816,-0.25448197,-0.30221203,-0.34114444,-0.3511923,-0.42959172,-0.3087396,-0.2555955,-0.3323393,-0.35720906,-0.44043422,-0.29069975
k__Bacteria|p__Firmicutes|c__Clostridia|o__Clostridiales|f__Veillonellaceae|g__Megasphaera|s__micronuciformis,-0.28574407,-0.31707972,-0.30966365,-0.29663226,-0.35537535,-0.31121662,-0.3463223,-0.35552558,-0.4556772,-0.29264838,-0.3313659,-0.32316002,-0.28005508,-0.26750913,-0.25299639,-0.3187704,-0.34349677,-0.24492936,-0.2360447,-0.23836258,-0.3096942,-0.35307166,-0.4150421,-0.35720402,-0.41486645,-0.3366719,-0.32725602,-0.2773757,-0.35797155,-0.39341575,-0.31815568,-0.30771792,-0.36761144,-0.32264405,-0.25983763,-0.25396472,-0.33594304,-0.38799584,-0.3509197,-0.345838,-0.26324958,-0.3392979,-0.32047984,-0.3421979,-0.43648303,-0.29117638,-0.28815714,-0.34594566,-0.4357342,-0.35713702,-0.30797842,-0.32018015,-0.2576463,-0.24536595,-0.23668146,-0.3133456,-0.3557763,-0.29672033,-0.34445426,-0.41798222,1.0411692,1.0411692,-0.35751456,-0.42038798,-0.28766584,-0.2859781,-0.28761852,-0.3465716,-0.40989912,-0.29472908,-0.264517,-0.3569979,-0.310119,-0.35305658,-0.34904224,-0.26304597,-0.30259475,-0.25958246,-0.34404397,-0.40278596,-0.31283143,-0.3326372,-0.41315025,-0.35933927,-0.43638617,-0.27930492,-0.24514951,-0.35424852,-0.41421527,-0.30691344,-0.29709494,-0.2645283,-0.3759731,-0.33649272,-0.28624657,-0.3065683,-0.3226989,-0.27986857,-0.27332765,-0.25349814,-0.27306527,1.2344959,-0.38601893,-0.33709,-0.4202639,-0.26381022,-0.3555616,-0.35609764,-0.4321475,-0.31645283,-0.32399276,-0.35637724,-0.39375833,-0.32408202,-0.27402544,-0.18443729,-0.30244493,-0.24571078,-0.24849643,-0.23740739,-0.34652692,-0.35169965,-0.3842408,-0.31071538,-0.24840724,-0.32128388,-0.3174648,-0.36269087,-0.30372638,-0.26699704,-0.2788417,-0.3442507,-0.37280342,-0.32241523,-0.24609965,-0.31042683,-0.3405457,-0.3511923,-0.41825253,-0.29268473,-0.2555955,-0.3288066,-0.35720906,-0.42948866,-0.2831183
k__Bacteria|p__Firmicutes|c__Bacilli|o__Lactobacillales|f__Lactobacillaceae|g__Lactobacillus|s__unclassified,-0.28574407,-0.3071511,-0.3003229,-0.29055926,-0.35537535,1.1665778,-0.33576864,0.6132845,-0.44525903,-0.28429776,0.9979541,-0.31351945,-0.27247897,-0.26036713,-0.24594684,-0.30817255,-0.33368367,-0.23873368,-0.22894436,-0.2300169,-0.2854852,-0.35307166,-0.3999933,-0.35720402,-0.40284574,-0.3366719,-0.31582314,-0.2691223,-0.35797155,-0.37439656,1.2218671,-0.30771792,-0.35768014,-0.3121136,-0.24781585,-0.25396472,-0.33594304,-0.37702337,-0.3509197,-0.345838,-0.26324958,-0.32885763,-0.31178007,-0.3421979,-0.41929924,-0.27146494,1.4030144,0.9109649,-0.4237665,-0.35713702,-0.29462188,-0.31160963,-0.25066876,-0.2379564,-0.22937705,-0.3133456,-0.34447914,-0.28881195,-0.34445426,-0.4060887,-0.32914695,-0.32914695,-0.35751456,-0.40828276,-0.27945405,1.4014848,1.4207765,-0.3465716,-0.39729935,-0.2859352,1.5917623,-0.3448413,-0.3015073,-0.35305658,0.65093726,-0.26304597,-0.29017842,-0.25958246,-0.34404397,-0.38764983,-0.31283143,-0.3326372,-0.40246826,-0.35933927,-0.42158097,-0.25717354,-0.24514951,-0.35424852,-0.39887673,-0.29391268,-0.27689457,-0.2645283,-0.36471662,-0.32803893,-0.27779338,1.2244824,-0.31240106,-0.2713316,-0.26529664,-0.2468821,-0.27306527,-0.304123,-0.37351122,-0.33709,-0.4059567,-0.26381022,0.5983158,-0.35609764,-0.42098027,-0.30870977,-0.30756098,-0.35637724,-0.38374385,-0.3157433,-0.26493785,-0.18443729,-0.2912403,-0.23911723,-0.24026294,-0.2286559,-0.34652692,0.68338215,-0.37104744,-0.3011982,-0.23958115,1.0860271,-0.3174648,-0.35301083,-0.2954658,-0.25910378,-0.2788417,0.94437426,-0.35997808,-0.31256214,-0.2382628,-0.29731286,-0.32853705,-0.3511923,-0.40234292,-0.27776253,-0.2555955,-0.31597322,-0.35720906,-0.41516596,-0.27605587
k__Bacteria|p__Firmicutes|c__Clostridia|o__Clostridiales|f__Clostridiaceae|g__Clostridium|s__perfringens,1.7364974,-0.31338787,-0.3069823,-0.2938228,-0.35537535,-0.31121662,-0.3432085,-0.35552558,-0.45317638,-0.28985065,-0.3313659,-0.31965032,-0.27803472,-0.26537865,-0.25037786,-0.3154535,-0.34141147,-0.2427005,-0.2332578,-0.23443994,-0.29760292,-0.35307166,-0.41157597,-0.35720402,-0.4120627,0.9955423,-0.32343614,-0.27448964,-0.35797155,-0.3859645,-0.31815568,-0.30771792,-0.365298,-0.31867284,-0.25454438,-0.25396472,0.90738493,-0.38525745,-0.3509197,-0.345838,-0.26324958,-0.3362099,-0.3181268,-0.3421979,-0.43018648,-0.28238213,-0.28815714,-0.34594566,-0.43369794,-0.35713702,-0.3026659,-0.31703895,-0.25523683,-0.24210663,-0.2333312,-0.3133456,-0.35273057,-0.29456046,-0.34445426,-0.4143733,-0.32914695,-0.32914695,-0.35751456,-0.41750216,-0.28497216,1.3903203,1.3846283,-0.3465716,-0.4071101,-0.29199737,-0.264517,-0.35304865,-0.30732596,-0.35305658,-0.34904224,1.6500276,-0.29740474,-0.25958246,-0.34404397,-0.3980044,-0.31283143,1.0049728,-0.41164708,-0.35933927,-0.43105593,-0.26909137,-0.24514951,-0.35424852,-0.40846813,-0.3017649,-0.28809768,-0.2645283,-0.37327144,-0.3335201,-0.2826395,-0.3065683,-0.3193858,-0.27728975,-0.2712062,-0.25141504,-0.27306527,-0.304123,-0.38320675,-0.33709,-0.41563937,-0.26381022,0.49916658,-0.35609764,-0.43014312,-0.3141005,-0.31659174,-0.35637724,-0.39231342,-0.32165042,-0.27034864,-0.18443729,-0.2984979,-0.24298272,-0.24553962,-0.23316279,-0.34652692,-0.35169965,-0.38030803,-0.30789953,-0.24472204,-0.32128388,1.1357447,-0.36038047,-0.30129778,-0.26391125,-0.2788417,-0.3442507,-0.36889002,-0.31940383,-0.2429219,-0.30481738,-0.3361907,-0.3511923,-0.41216046,-0.28606108,-0.2555955,-0.32430568,-0.35720906,-0.42531514,-0.2811858
k__Bacteria|p__Firmicutes|c__Clostridia|o__Clostridiales|f__Lachnospiraceae|g__Blautia|s__obeum,-0.28574407,-0.32373214,-0.30413556,-0.29386538,-0.35537535,-0.31121662,-0.34914982,-0.35552558,-0.45134664,-0.28993493,-0.3313659,-0.32986617,-0.2789519,-0.26398572,-0.24961622,-0.32998037,-0.34624496,-0.24893482,-0.23555171,-0.23521622,-0.31044117,-0.35307166,-0.40508717,-0.35720402,-0.40980846,-0.3366719,-0.33058992,-0.27639005,-0.35797155,-0.38195378,-0.31815568,-0.30771792,-0.3692031,-0.31607345,-0.25110903,-0.25396472,-0.33594304,-0.38652375,-0.3509197,-0.345838,-0.26324958,-0.34252012,-0.31522828,-0.3421979,-0.4247902,-0.2948205,-0.28815714,-0.34594566,-0.42816174,-0.35713702,-0.3185124,-0.32912302,-0.25977582,-0.24432066,-0.23454705,-0.3133456,-0.35621324,-0.29396155,-0.34445426,-0.4135087,-0.32914695,-0.32914695,-0.35751456,-0.4148069,-0.28456873,-0.2859781,-0.28761852,-0.3465716,-0.40358752,-0.29086974,-0.264517,-0.35727143,-0.30605623,-0.35305658,-0.34904224,-0.26304597,-0.30795807,-0.25958246,-0.34404397,-0.39398727,-0.31283143,-0.3326372,-0.40905452,-0.35933927,-0.42867774,-0.28163096,-0.24514951,-0.35424852,-0.40621865,-0.2966277,-0.30123156,-0.2645283,-0.37533823,-0.33172774,-0.28086832,-0.3065683,-0.32829958,-0.27762192,-0.2681174,-0.2500015,-0.27306527,-0.304123,-0.38196653,-0.33709,-0.4133752,-0.26381022,-0.3555616,-0.35609764,-0.42667246,-0.31246206,-0.33156815,-0.35637724,-0.39166924,-0.3192076,-0.26804608,-0.18443729,-0.30810982,-0.24971813,-0.2453806,-0.23400828,-0.34652692,-0.35169965,-0.3806212,-0.30523917,-0.24423926,-0.32128388,-0.3174648,-0.3650987,-0.3004893,-0.26267967,-0.2788417,-0.3442507,-0.37048352,-0.31553474,-0.24292001,-0.32298332,-0.343076,-0.3511923,-0.41035664,-0.28293535,-0.2555955,-0.32992148,-0.35720906,-0.42143863,-0.28154764
k__Bacteria|p__Firmicutes|c__Bacilli|o__Lactobacillales|f__Lactobacillaceae|g__Lactobacillus|s__zeae,-0.28574407,-0.30193588,-0.31150252,-0.3014787,-0.35537535,1.1738749,-0.3358222,0.6443654,-0.4625863,-0.2943855,1.0037062,-0.3094499,-0.27667663,-0.26865914,-0.25556028,-0.30152705,-0.33419,-0.2358302,-0.23175675,-0.23884025,-0.28346586,-0.35307166,-0.41644484,-0.35720402,-0.4199052,0.9836223,-0.31486395,-0.272861,-0.35797155,-0.3977319,1.1413002,-0.30771792,-0.36048144,-0.3268127,-0.26508296,-0.25396472,-0.33594304,-0.38498017,-0.3509197,-0.345838,1.5981854,-0.32800204,-0.32348013,-0.3421979,-0.44608673,-0.2645136,-0.28815714,-0.34594566,-0.4398682,-0.35713702,-0.28688937,-0.3056455,-0.2504287,-0.24274035,-0.23739272,-0.3133456,-0.34719482,-0.29624116,-0.34445426,-0.42447948,-0.32914695,-0.32914695,-0.35751456,-0.42319396,-0.2916489,1.4167874,1.4465562,-0.3465716,-0.41072124,-0.29746485,1.5954472,-0.34857997,-0.31157783,-0.35305658,-0.34904224,-0.26304597,-0.28505707,-0.25958246,-0.34404397,-0.40700227,-0.31283143,-0.3326372,-0.41309255,-0.35933927,-0.4450292,-0.24845439,1.7600356,-0.35424852,-0.41822058,-0.3166753,-0.26906684,-0.2645283,-0.3691866,-0.34150803,-0.29186773,1.2295973,-0.30759925,-0.27681348,-0.2756023,-0.25686643,-0.27306527,-0.304123,-0.38175607,-0.33709,-0.42409194,-0.26381022,-0.3555616,-0.35609764,-0.43555278,-0.32200265,-0.30308554,-0.35637724,-0.3916521,-0.32817277,-0.27910915,-0.18443729,-0.28423366,-0.23589395,-0.24647126,-0.23816347,-0.34652692,-0.35169965,-0.3813017,-0.3132541,-0.2504458,-0.32128388,1.1478032,-0.35464105,-0.30408132,-0.27124625,-0.2788417,0.9762064,-0.36759686,-0.32745278,-0.24801552,-0.28571114,-0.32937303,-0.3511923,-0.42336014,-0.29973808,-0.2555955,-0.31621376,-0.35720906,-0.43474373,-0.28778577
k__Bacteria|p__Firmicutes|c__Bacilli|o__Lactobacillales|f__Leuconostocaceae|g__Leuconostoc|s__unclassified,-0.28574407,-0.29339215,-0.18459696,-0.1537907,-0.35537535,-0.31121662,-0.2832145,-0.35552558,-0.23950632,-0.18488503,-0.3313659,-0.29021403,-0.19919702,-0.16374637,-0.14959615,-0.34717035,-0.2814712,-0.21255413,-0.17537232,-0.1525617,-0.34075552,-0.35307166,-0.25146914,-0.35720402,-0.24432787,-0.3366719,-0.28642607,-0.19824514,-0.35797155,-0.24022539,-0.31815568,-0.30771792,-0.27676913,-0.17404562,-0.14600456,-0.25396472,-0.33594304,-0.26706922,-0.3509197,-0.345838,-0.26324958,-0.28473133,-0.18024153,-0.3421979,-0.22552374,-0.3501703,-0.28815714,0.8756952,-0.2502716,-0.35713702,-0.34847033,-0.2897749,-0.20730633,-0.16938749,-0.15346026,-0.3133456,-0.2791568,-0.1903789,-0.34445426,-0.24224585,-0.32914695,-0.32914695,-0.35751456,-0.25132033,-0.18064418,-0.2859781,-0.28761852,-0.3465716,-0.25797114,-0.18232808,-0.264517,-0.2745175,-0.1838705,-0.35305658,-0.34904224,-0.26304597,-0.29325587,-0.25958246,-0.34404397,-0.2429556,-0.31283143,-0.3326372,-0.26081246,-0.35933927,-0.2271589,-0.353615,-0.24514951,-0.35424852,-0.24038237,-0.1589394,-0.35068256,-0.2645283,-0.27279985,-0.1744554,-0.14676459,-0.3065683,-0.2924073,-0.19825919,-0.1587297,-0.14898819,-0.27306527,-0.304123,-0.26868713,-0.33709,-0.24191713,-0.26381022,-0.3555616,-0.35609764,-0.25189692,-0.17549136,-0.3426292,-0.35637724,-0.2691632,-0.18002787,-0.14931355,-0.18443729,-0.29486936,-0.21267466,-0.1691119,-0.15055943,-0.34652692,-0.35169965,-0.2627296,-0.18042354,-0.15768504,-0.32128388,-0.3174648,-0.27925977,-0.18844254,-0.15408885,-0.2788417,-0.3442507,-0.26768923,-0.17488563,-0.16105184,-0.35343277,-0.2797267,-0.3511923,-0.23615125,-0.16226238,-0.2555955,-0.2847702,-0.35720906,-0.23896044,-0.1828649
k__Bacteria|p__Firmicutes|c__Clostridia|o__Clostridiales|f__Veillonellaceae|g__Selenomonas|s__unclassified,-0.28574407,-0.3193908,-0.30553573,-0.29316196,-0.35537535,-0.31121662,-0.34611148,-0.35552558,-0.45224223,-0.29189938,-0.3313659,-0.32574436,-0.27622265,-0.2633589,-0.25138354,-0.33396214,-0.3448004,-0.24389431,-0.23374686,-0.23726578,-0.3107863,-0.35307166,-0.40943074,-0.35720402,-0.41555995,-0.3366719,-0.32777095,-0.27439025,-0.35797155,-0.38544112,-0.31815568,-0.30771792,-0.36510435,-0.31939152,-0.25524372,-0.25396472,-0.33594304,-0.3855746,-0.3509197,-0.345838,-0.26324958,-0.33948764,-0.31672227,-0.3421979,-0.43062776,-0.29654968,-0.28815714,-0.34594566,-0.42990834,-0.35713702,-0.32137084,-0.32512128,-0.2559362,-0.24451926,-0.23601465,-0.3133456,-0.35402,-0.29423976,-0.34445426,-0.41750506,-0.32914695,-0.32914695,0.45545968,-0.41726196,-0.28815788,-0.2859781,-0.28761852,-0.3465716,-0.40560663,-0.29375264,-0.264517,-0.35623702,-0.30696845,-0.35305658,-0.34904224,-0.26304597,-0.30400503,-0.25958246,-0.34404397,-0.40039852,-0.31283143,-0.3326372,-0.40871233,-0.35933927,-0.4345843,-0.28147858,-0.24514951,-0.35424852,-0.4126316,-0.30374995,-0.30166328,-0.2645283,-0.37280035,-0.331608,-0.2839581,-0.3065683,-0.32245198,-0.27524692,-0.269021,-0.2524799,-0.27306527,-0.304123,-0.38136178,-0.33709,-0.4165453,-0.26381022,-0.3555616,-0.35609764,-0.42685613,-0.31542626,-0.33359432,-0.35637724,-0.38884726,-0.3197524,-0.2719442,-0.18443729,-0.3046131,-0.24441548,-0.24473853,-0.23582909,-0.34652692,-0.35169965,-0.3812895,-0.30750057,-0.24643016,-0.32128388,-0.3174648,-0.3606255,-0.29989046,-0.26617032,-0.2788417,-0.3442507,-0.37052274,-0.31929806,-0.24471696,-0.32314956,-0.3419708,-0.3511923,-0.41698068,-0.2889039,-0.2555955,-0.3279032,-0.35720906,-0.4270157,-0.28616846
k__Bacteria|p__Firmicutes|c__Clostridia|o__Clostridiales|f__Veillonellaceae|g__Dialister|s__invisus,-0.28574407,-0.3218569,-0.3108037,-0.29725304,-0.35537535,-0.31121662,-0.35099548,-0.35552558,-0.45699114,-0.29269898,-0.3313659,-0.32761177,-0.28407168,-0.26968026,-0.253,-0.31826738,-0.3474113,-0.24969532,-0.23856577,-0.23785566,-0.31117606,-0.35307166,-0.41638446,-0.35720402,-0.41342586,-0.3366719,-0.33150986,-0.2802971,-0.35797155,-0.39286885,-0.31815568,-0.30771792,-0.37312484,-0.32184982,-0.2582548,-0.25396472,-0.33594304,-0.3912801,-0.3509197,-0.345838,-0.26324958,-0.34401596,-0.3212394,-0.3421979,-0.43428695,-0.29232886,-0.28815714,-0.34594566,-0.43822584,-0.35713702,-0.30778918,-0.32434738,-0.26184413,-0.24602357,-0.23655981,-0.3133456,-0.3602537,-0.2982294,-0.34445426,-0.41633365,-0.32914695,-0.32914695,-0.35751456,-0.42152113,-0.28591532,-0.2859781,-0.28761852,-0.3465716,-0.41186392,-0.29444224,-0.264517,-0.36043084,-0.3110748,-0.35305658,-0.34904224,-0.26304597,-0.30727914,-0.25958246,-0.34404397,-0.4010756,-0.31283143,-0.3326372,-0.4170153,-0.35933927,-0.43354413,-0.28172213,-0.24514951,0.6368486,-0.41180402,-0.3027996,-0.29936028,-0.2645283,-0.38097817,-0.3377826,-0.28475422,-0.3065683,-0.3289498,-0.2837483,-0.27487528,-0.2531881,-0.27306527,-0.304123,-0.39013615,-0.33709,-0.42044258,-0.26381022,-0.3555616,-0.35609764,-0.4352035,-0.31536102,-0.32435715,-0.35637724,-0.39906952,-0.32536918,-0.27224806,-0.18443729,-0.30738437,-0.25050116,-0.25067866,-0.2368968,-0.34652692,-0.35169965,-0.38653487,-0.31123236,-0.24801534,-0.32128388,-0.3174648,-0.36836392,-0.30601656,-0.2655895,-0.2788417,-0.3442507,-0.37523526,-0.32178575,-0.24563865,-0.31166553,-0.3431278,-0.3511923,-0.41527832,-0.28820184,-0.2555955,-0.3328429,-0.35720906,-0.42828315,-0.2808936
k__Bacteria|p__Firmicutes|c__Clostridia|o__Clostridiales|f__Ruminococcaceae|g__Ruminococcus|s__bromii,-0.28574407,-0.32194704,-0.30558363,-0.29297173,-0.35537535,-0.31121662,-0.34875935,-0.35552558,-0.45038372,-0.29001802,-0.3313659,-0.32760987,-0.27968684,-0.26467818,-0.24942695,-0.32948855,-0.34652412,-0.24813649,-0.23559092,-0.23490164,-0.31116956,-0.35307166,-0.40858936,-0.35720402,-0.41059464,-0.3366719,-0.33017266,-0.2761953,-0.35797155,-0.3852985,-0.31815568,-0.30771792,-0.36935645,-0.31652924,-0.25270036,-0.25396472,-0.33594304,-0.38728505,-0.3509197,-0.345838,-0.26324958,-0.34248132,-0.31577992,-0.3421979,-0.426982,-0.2973537,-0.28815714,-0.34594566,-0.43069518,-0.35713702,-0.31734154,-0.32556057,-0.2593888,-0.24372336,-0.23419805,-0.3133456,-0.35723805,-0.29418108,-0.34445426,-0.41355932,-0.32914695,-0.32914695,-0.35751456,-0.41625756,-0.28526807,-0.2859781,-0.28761852,-0.3465716,-0.4064024,-0.29157972,-0.264517,-0.35772547,-0.3061029,-0.35305658,-0.34904224,-0.26304597,-0.30648154,-0.25958246,-0.34404397,-0.39775485,-0.31283143,-0.3326372,-0.41109166,-0.35933927,-0.4286188,-0.284954,-0.24514951,-0.35424852,-0.40807682,-0.29943165,-0.30211404,-0.2645283,-0.37598255,-0.331415,-0.28055152,-0.3065683,-0.32681268,-0.27882698,-0.2691163,-0.2501594,-0.27306527,-0.304123,-0.38431448,-0.33709,-0.41418952,-0.26381022,-0.3555616,-0.35609764,-0.42838416,-0.31259945,-0.32970616,-0.35637724,-0.3938688,-0.31986237,-0.268429,-0.18443729,-0.30728304,-0.24860933,-0.24610959,-0.23353876,-0.34652692,-0.35169965,-0.3816681,-0.3062352,-0.24492598,-0.32128388,-0.3174648,-0.36479425,-0.30108818,-0.26288038,-0.2788417,-0.3442507,-0.37148315,-0.31672385,-0.24345182,-0.31913722,-0.3420043,-0.3511923,-0.41102308,-0.28407183,-0.2555955,-0.3306536,-0.35720906,-0.42259264,-0.28201202
k__Bacteria|p__Firmicutes|c__Clostridia|o__Clostridiales|f__Veillonellaceae|g__Megamonas|s__unclassified,-0.28574407,-0.31779447,-0.3098373,-0.29584998,-0.35537535,-0.31121662,-0.34717125,-0.35552558,-0.45629436,-0.29412287,-0.3313659,-0.32395774,-0.28024623,-0.2673959,-0.25371176,-0.32474482,-0.34532005,-0.24521407,-0.23596822,-0.23929887,-0.31422573,-0.35307166,-0.41629362,-0.35720402,-0.41810733,-0.3366719,-0.32858098,-0.27725393,-0.35797155,-0.39728534,-0.31815568,-0.30771792,-0.36853263,-0.32306683,-0.2628119,-0.25396472,-0.33594304,-0.38884994,-0.3509197,-0.345838,-0.26324958,-0.34051758,-0.32059655,-0.3421979,-0.44015673,-0.29640725,-0.28815714,-0.34594566,-0.43633988,-0.35713702,-0.31390405,-0.32143956,-0.25782147,-0.24535623,-0.23787157,-0.3133456,-0.35682064,-0.2968045,-0.34445426,-0.42087263,-0.32914695,-0.32914695,-0.35751456,-0.4214869,-0.2904907,-0.2859781,-0.28761852,-0.3465716,-0.41080666,-0.2965561,-0.264517,-0.3584558,-0.3100371,-0.35305658,-0.34904224,-0.26304597,-0.3037873,-0.25958246,-0.34404397,-0.4066071,-0.31283143,-0.3326372,-0.41405046,-0.35933927,-0.44029614,-0.28471234,-0.24514951,-0.35424852,-0.41658524,-0.31181648,-0.3016663,-0.2645283,-0.37683302,-0.33628273,-0.2872837,-0.3065683,-0.3233294,-0.28001642,-0.273591,-0.2544641,-0.27306527,-0.304123,-0.38687927,-0.33709,-0.4226498,-0.26381022,-0.3555616,-0.35609764,-0.43289036,-0.31793377,-0.3287207,-0.35637724,-0.39474076,-0.32406557,-0.27554,-0.18443729,-0.30397436,-0.24572012,-0.2484944,-0.23878938,-0.34652692,-0.35169965,-0.38553214,-0.31142756,-0.2504975,-0.32128388,-0.3174648,-0.36338446,-0.3038303,-0.2684185,-0.2788417,-0.3442507,-0.37412542,-0.32315814,-0.2478793,-0.31456292,-0.34190312,-0.3511923,-0.42125666,-0.29766935,-0.2555955,-0.33003193,-0.35720906,-0.4317068,-0.2865187
k__Bacteria|p__Firmicutes|c__Clostridia|o__Clostridiales|f__Veillonellaceae|g__Megasphaera|s__geminatus,-0.28574407,-0.3272326,-0.3026885,-0.29520702,-0.35537535,-0.31121662,-0.35047972,-0.35552558,-0.45213097,-0.28863588,-0.3313659,-0.33344293,-0.27819556,-0.262863,-0.24835934,-0.33569956,-0.3473994,-0.25042355,-0.23585224,-0.23371865,-0.3086314,-0.35307166,-0.40068865,-0.35720402,-0.4084921,-0.3366719,-0.33170646,-0.27644876,-0.35797155,-0.37214786,-0.31815568,-0.30771792,-0.3696794,-0.31502616,-0.24385622,-0.25396472,-0.33594304,-0.3863005,-0.3509197,-0.345838,-0.26324958,-0.34379202,-0.31455052,-0.3421979,-0.4183095,-0.294178,-0.28815714,-0.34594566,-0.42571282,-0.35713702,-0.32358775,-0.33441865,-0.26094323,-0.2453443,-0.23310544,-0.3133456,-0.3562171,-0.29378393,-0.34445426,-0.41208166,-0.32914695,-0.32914695,-0.35751456,-0.41340265,-0.28254712,-0.2859781,-0.28761852,-0.3465716,-0.4013376,-0.2887428,-0.264517,-0.3575518,-0.3054964,-0.35305658,-0.34904224,-0.26304597,-0.30998382,-0.25958246,-0.34404397,-0.38865697,-0.31283143,-0.3326372,-0.40780354,-0.35933927,-0.42587972,-0.2787223,-0.24514951,-0.35424852,-0.4035949,-0.28928423,-0.3014984,-0.2645283,-0.37526262,-0.3316893,-0.2795932,-0.3065683,-0.33076656,-0.2759393,-0.26637033,-0.24866337,-0.27306527,-0.304123,-0.3799708,-0.33709,-0.40995163,-0.26381022,-0.3555616,-0.35609764,-0.42518455,-0.3116681,-0.33526948,-0.35637724,-0.3895766,-0.31836125,-0.26542798,-0.18443729,-0.31052595,-0.25142443,-0.24413106,-0.23172168,-0.34652692,-0.35169965,-0.37905145,-0.30396384,-0.24060303,-0.32128388,-0.3174648,-0.366,-0.29986212,-0.2606923,-0.2788417,-0.3442507,-0.36994803,-0.31371576,-0.23995587,-0.330701,-0.34541973,-0.3511923,-0.408021,-0.27601138,-0.2555955,-0.32975185,-0.35720906,-0.4194302,-0.28040668
k__Bacteria|p__Firmicutes|c__Bacilli|o__Lactobacillales|f__Carnobacteriaceae|g__Granulicatella|s__unclassified,1.4368215,-0.27401215,-0.3063824,-0.29916826,-0.35537535,-0.31121662,-0.31388205,-0.35552558,-0.45906544,-0.29040205,1.0590913,-0.28238216,-0.26401573,-0.2620682,-0.25374103,-0.26792204,-0.3123966,-0.21608374,-0.2196755,-0.23706159,-0.26258376,-0.35307166,-0.41337037,-0.35720402,-0.41804639,-0.3366719,-0.29155377,-0.26107168,-0.35797155,-0.40524217,1.1281747,-0.30771792,-0.34061575,-0.32697317,-0.27417105,-0.25396472,0.98541397,-0.37080872,-0.3509197,-0.345838,-0.26324958,-0.30568326,-0.31987008,-0.3421979,-0.45721608,-0.23806164,1.4000565,0.8578728,-0.43467334,-0.35713702,-0.25458997,-0.2775982,-0.233029,-0.23393345,-0.23521133,-0.3133456,-0.3277822,-0.28791708,-0.34445426,-0.4232995,1.043685,1.043685,-0.35751456,-0.4171656,-0.28994942,-0.2859781,-0.28761852,-0.3465716,-0.40245894,-0.29501048,1.5927463,-0.33195955,-0.30690613,-0.35305658,-0.34904224,1.6457814,-0.25873423,-0.25958246,-0.34404397,-0.41052377,-0.31283143,1.0222087,-0.40221468,-0.35933927,-0.45282507,-0.224044,-0.24514951,-0.35424852,-0.42032975,-0.32949185,-0.24128759,-0.2645283,-0.35232484,-0.33962864,-0.29551184,1.2244824,-0.2794154,-0.26527646,-0.27114502,-0.2549581,-0.27306527,1.2353396,-0.3684074,-0.33709,-0.42535686,-0.26381022,-0.3555616,0.4387596,-0.42822433,-0.32152942,-0.2749435,0.5639476,-0.377185,-0.3242915,-0.28255048,-0.18443729,-0.25716668,-0.21664655,-0.2379407,-0.23822369,0.82907724,-0.35169965,-0.37033677,-0.3095679,-0.25096965,-0.32128388,1.152198,-0.33343658,-0.29649773,-0.2723455,-0.2788417,-0.3442507,-0.35360456,-0.32739833,-0.24643594,-0.24848428,-0.3089804,-0.3511923,-0.42706054,-0.3106282,-0.2555955,-0.29539543,-0.35720906,-0.43532327,-0.28441903
k__Bacteria|p__Firmicutes|c__Clostridia|o__Clostridiales|f__Veillonellaceae|g__Veillonella|s__unclassified,1.3880478,-0.310439,-0.31036535,-0.29567143,-0.35537535,-0.31121662,-0.34140077,-0.35552558,-0.4566175,-0.29340082,-0.3313659,-0.3174405,-0.2782491,-0.26761067,-0.25450078,-0.3152782,-0.34103844,-0.24087706,-0.23421775,-0.23849276,-0.30397573,-0.35307166,-0.41598618,-0.35720402,-0.41797844,-0.3366719,-0.3229362,-0.27532896,-0.35797155,-0.393611,-0.31815568,-0.30771792,-0.36419296,-0.3245607,-0.2622167,-0.25396472,-0.33594304,-0.38577104,-0.3509197,-0.345838,-0.26324958,-0.33425453,-0.32207823,-0.3421979,-0.44023487,-0.28577733,-0.28815714,-0.34594566,-0.43586287,-0.35713702,-0.30427223,-0.3151034,-0.25456855,-0.24437532,-0.23675989,-0.3133456,-0.3520612,-0.2966199,-0.34445426,-0.41965312,-0.32914695,-0.32914695,-0.35751456,-0.4207062,-0.28949007,-0.2859781,-0.28761852,-0.3465716,-0.40932265,-0.29635075,-0.264517,-0.35364476,-0.31017467,-0.35305658,-0.34904224,-0.26304597,-0.29653186,-0.25958246,-0.34404397,-0.40456343,-0.31283143,1.0071597,-0.41234955,-0.35933927,-0.4405557,-0.27276608,1.7587966,-0.35424852,-0.4151038,-0.311564,-0.2920307,-0.2645283,-0.37306273,-0.33715945,-0.28881717,-0.3065683,-0.3173826,-0.27785817,-0.27568614,-0.25589615,-0.27306527,-0.304123,-0.3839696,-0.33709,-0.42158604,1.5893793,-0.3555616,-0.35609764,-0.43216658,-0.31865656,-0.31890672,0.5687286,-0.39133707,-0.32468414,-0.27660733,-0.18443729,-0.29672462,-0.24079263,-0.24796958,-0.23761404,0.8354817,-0.35169965,-0.38310906,-0.31283876,-0.24951951,-0.32128388,1.1264201,-0.35877025,-0.30334038,-0.26866317,-0.2788417,-0.3442507,-0.37119734,-0.3250147,-0.24627689,-0.30516392,-0.33717003,-0.3511923,-0.42115206,-0.2960853,2.3683562,-0.32381928,-0.35720906,-0.43272144,-0.28518316
k__Bacteria|p__Firmicutes|c__Bacilli|o__Lactobacillales|f__Enterococcaceae|g__Enterococcus|s__unclassified,1.3810816,-0.30712754,-0.31051672,-0.29632384,-0.35537535,-0.31121662,-0.3392378,-0.35552558,-0.45830482,-0.29551837,1.0077949,-0.31417656,-0.27649328,-0.2670462,-0.25557834,-0.31718925,-0.3386203,-0.2375709,-0.23261021,-0.24098414,-0.30743963,0.58782315,-0.41825807,-0.35720402,-0.422382,-0.3366719,-0.32072437,-0.27338213,-0.35797155,-0.40494305,-0.31815568,-0.30771792,-0.3617915,-0.3265297,-0.27050665,-0.25396472,0.9151161,-0.38525498,-0.3509197,-0.345838,-0.26324958,-0.33230346,-0.3216019,-0.3421979,-0.45023477,-0.2874708,-0.28815714,-0.34594566,-0.43708467,-0.35713702,-0.30546644,-0.31122103,-0.25174215,-0.24351017,-0.23917665,-0.3133456,-0.3503632,-0.29536188,-0.34445426,-0.42549488,-0.32914695,-0.32914695,-0.35751456,-0.4224037,-0.2942489,-0.2859781,-0.28761852,-0.3465716,-0.4103591,-0.29910755,-0.264517,-0.35321045,-0.31010514,-0.35305658,-0.34904224,1.6736556,-0.2938397,-0.25958246,-0.34404397,-0.41226876,1.1754986,1.0186582,-0.41153306,-0.35933927,-0.4488045,-0.2740217,-0.24514951,-0.35424852,-0.4218819,-0.3233165,-0.29178035,-0.2645283,-0.37111408,-0.33793768,-0.29168063,-0.3065683,-0.312595,-0.2770205,-0.27500486,-0.2568965,-0.27306527,-0.304123,-0.3832158,-0.33709,-0.42654338,-0.26381022,-0.3555616,0.43809485,-0.43271175,-0.3211799,-0.32120094,0.5596991,-0.39033073,-0.32523552,-0.28048775,-0.18443729,-0.2930651,-0.2375964,-0.2472286,-0.24107984,-0.34652692,-0.35169965,-0.384074,-0.31343308,-0.2538066,-0.32128388,-0.3174648,-0.35587487,-0.3027717,-0.27211988,-0.2788417,-0.3442507,-0.37114072,-0.32687855,-0.25020945,-0.30280006,-0.3352871,-0.3511923,-0.4280544,-0.30846423,-0.2555955,-0.32276332,-0.35720906,-0.4368434,-0.29066664
k__Bacteria|p__Firmicutes|c__Clostridia|o__Coriobacteriales|f__Coriobacteriaceae|g__Slackia|s__unclassified,-0.28574407,-0.31887776,-0.30046415,-0.28813246,-0.35537535,-0.31121662,-0.34521973,0.62289333,-0.44474566,-0.28454822,-0.3313659,-0.32460123,-0.27584234,-0.26044267,-0.24528472,-0.31874904,-0.3421116,-0.24534228,-0.23210709,-0.23033512,-0.3041662,-0.35307166,-0.40255436,-0.35720402,-0.40308964,-0.3366719,-0.32599527,-0.27339342,0.4630008,-0.37375924,-0.31815568,-0.30771792,-0.3649363,-0.31099173,-0.24444728,1.6849114,-0.33594304,-0.38166994,-0.3509197,-0.345838,-0.26324958,-0.33846542,-0.311718,-0.3421979,-0.4158584,-0.2887842,-0.28815714,-0.34594566,-0.4242583,-0.35713702,-0.30897018,-0.32389832,-0.2561926,-0.2403631,-0.2294436,-0.3133456,-0.35233057,-0.29066157,-0.34445426,-0.40425166,-0.32914695,-0.32914695,-0.35751456,-0.40958837,-0.2767798,-0.2859781,-0.28761852,-0.3465716,-0.39938343,-0.28543636,-0.264517,-0.35291797,-0.30230492,-0.35305658,-0.34904224,-0.26304597,-0.3036468,-0.25958246,-0.34404397,-0.3867752,-0.31283143,-0.3326372,-0.40599918,-0.35933927,-0.41967842,-0.27824804,-0.24514951,-0.35424852,-0.39825308,-0.28659627,-0.29677996,-0.2645283,-0.37234706,-0.32645375,-0.27517402,-0.3065683,-0.32434857,-0.27424893,-0.26501358,-0.24556111,-0.27306527,-0.304123,-0.3791183,-0.33709,-0.4074955,-0.26381022,-0.3555616,-0.35609764,-0.4221056,-0.30616307,-0.32292005,-0.35637724,-0.38792843,-0.31452715,-0.2622708,-0.18443729,-0.30528915,-0.24644732,-0.24218133,-0.22877936,0.82204354,0.6640484,-0.37555435,-0.3010445,-0.23839054,1.0990397,-0.3174648,-0.36092186,-0.29679364,-0.25698185,-0.2788417,-0.3442507,-0.36535987,-0.310894,-0.2368462,-0.31498227,-0.33830768,-0.3511923,-0.40226635,-0.2724809,-0.2555955,-0.32577938,-0.35720906,-0.41539934,-0.27295563
k__Bacteria|p__Firmicutes|c__Erysipelotrichi|o__Erysipelotrichales|f__Erysipelotrichaceae|g__[Eubacterium]|s__dolichum,-0.28574407,-0.30965653,-0.30067,-0.28601962,-0.35537535,-0.31121662,-0.33775938,0.6276098,-0.43943876,-0.2849377,-0.3313659,-0.31542218,-0.27375358,-0.2605165,-0.24587774,-0.31676632,-0.33635217,-0.2404751,-0.23055108,-0.23145375,-0.30007434,-0.35307166,-0.40238914,0.6055802,-0.40301538,1.0821788,-0.31990683,-0.2696804,-0.35797155,-0.3814557,-0.31815568,1.2416608,-0.35860693,-0.31118274,-0.2523192,-0.25396472,-0.33594304,-0.37735543,-0.3509197,-0.345838,-0.26324958,-0.33135632,-0.3103318,-0.3421979,-0.42150438,-0.28522843,-0.28815714,-0.34594566,-0.42265418,-0.35713702,-0.30430222,-0.31220332,-0.25225332,-0.238322,-0.2303789,1.1739006,-0.34717035,-0.28840208,0.7951902,-0.40563494,-0.32914695,-0.32914695,-0.35751456,-0.40734798,-0.28126925,1.429463,1.3891308,1.0594252,-0.39816618,-0.28717086,-0.264517,-0.34714645,-0.3000526,-0.35305658,-0.34904224,-0.26304597,-0.294979,1.6043719,-0.34404397,-0.39093655,-0.31283143,1.0320334,-0.40179372,-0.35933927,-0.42102116,-0.27234384,-0.24514951,-0.35424852,-0.3994313,-0.2987372,-0.2899722,-0.2645283,-0.365772,-0.32458037,-0.27625698,-0.3065683,-0.3154295,-0.2734335,-0.2659443,-0.24694444,-0.27306527,-0.304123,-0.37580913,-0.33709,-0.40590483,-0.26381022,0.5135486,-0.35609764,-0.4191477,-0.30713397,-0.3170458,-0.35637724,-0.38438737,-0.31405145,-0.26549715,-0.18443729,-0.29529262,-0.24042661,-0.24219908,-0.23046884,-0.34652692,-0.35169965,-0.37317804,-0.30135742,-0.2421445,-0.32128388,-0.3174648,-0.35385388,-0.29508016,-0.2594775,1.4673542,-0.3442507,-0.3623976,-0.3121424,-0.24043402,-0.30452406,-0.33117765,-0.3511923,-0.40328258,-0.28472683,-0.2555955,-0.3207772,-0.35720906,-0.4149357,-0.27855882
k__Bacteria|p__Firmicutes|c__Bacilli|o__Lactobacillales|f__Streptococcaceae|g__Streptococcus|s__unclassified,1.3768784,0.9577465,0.47557107,0.33471775,0.66994816,1.1693552,0.87221307,0.85103256,0.54594815,0.511634,1.0367492,0.93891215,0.56438774,0.4252839,0.39647081,1.2648406,0.87773806,0.66603804,0.51799226,0.43553287,1.2965245,0.5785292,0.6682975,0.70965356,0.65117794,0.95184106,0.9253862,0.5711772,0.45695516,0.6965647,1.3374761,-0.30771792,0.8108463,0.43097574,0.41522676,1.6856992,0.95370555,0.7482172,0.490133,-0.345838,-0.26324958,0.89069366,0.44272503,-0.3421979,0.5748497,1.3496015,1.4378436,0.8828871,0.61062837,0.55094445,1.2970337,0.94549465,0.6301629,0.4867342,0.43850544,1.195476,0.844849,0.5131025,0.8451519,0.63684237,1.0504436,1.0504436,0.6077044,0.6497053,0.5146574,1.435443,1.3771678,0.76428133,0.684902,0.5039452,1.596305,0.83621514,0.4718128,0.57016057,0.75313646,1.5904831,0.99775344,-0.25958246,0.7933759,0.67787075,1.1637563,-0.3326372,0.67827404,0.54948926,0.57551104,1.3832631,1.8106166,-0.35424852,0.6515372,0.43864024,1.3395975,-0.2645283,0.78770614,0.39390314,0.3538122,1.272049,0.9457494,0.56454945,0.40834895,0.39509836,1.5300552,1.2370251,0.7584683,-0.33709,0.6364479,1.6028498,0.56475747,0.4583491,0.62048566,0.44003242,1.2534211,0.76971805,0.7334269,0.43167424,0.3872449,2.3039227,0.99960744,0.6637764,0.48134446,0.4332407,0.92745894,0.6774144,0.75573957,0.46925277,0.45882303,1.0957509,1.1534911,0.82606316,0.49294257,0.4086644,1.4783747,0.8838073,0.7909327,0.43173945,0.4668863,1.302375,0.8850666,0.7328226,0.63732195,0.47701734,1.6964929,0.92046106,0.5532984,0.61519754,0.5263087
k__Bacteria|p__Firmicutes|c__Bacilli|o__Lactobacillales|f__Streptococcaceae|g__Lactococcus|s__unclassified,-0.28574407,-0.31756508,-0.29457554,-0.28331646,-0.35537535,-0.31121662,-0.34107053,0.6089357,-0.43395573,-0.28123024,-0.3313659,-0.32287043,-0.27162975,-0.25582525,-0.2414356,-0.32725078,-0.3379918,-0.24383809,-0.2297269,-0.22878239,-0.31249857,-0.35307166,-0.39266336,-0.35720402,-0.3960542,-0.3366719,-0.32427108,-0.26874286,0.43941897,-0.37430608,-0.31815568,-0.30771792,-0.3598116,-0.30534363,-0.24564187,-0.25396472,-0.33594304,-0.37568313,-0.3509197,-0.345838,-0.26324958,-0.3352027,-0.30403662,-0.3421979,-0.41228837,-0.29734775,-0.28815714,0.8563247,-0.41374332,-0.35713702,-0.31674832,-0.32123804,-0.25379467,-0.23730363,-0.22813654,-0.3133456,-0.34809273,-0.28443998,-0.34445426,-0.40030175,-0.32914695,-0.32914695,-0.35751456,-0.40129584,-0.27668074,-0.2859781,-0.28761852,-0.3465716,-0.39163208,-0.28214216,-0.264517,-0.34897745,-0.2956665,0.6016092,-0.34904224,-0.26304597,-0.30347693,-0.25958246,-0.34404397,-0.38402867,-0.31283143,-0.3326372,-0.3960572,-0.35933927,-0.41425765,-0.28604636,-0.24514951,-0.35424852,-0.394532,-0.28979164,-0.3022844,-0.2645283,-0.36516896,-0.31977352,-0.27116218,-0.3065683,-0.3218491,-0.27086657,-0.25925383,-0.24162364,-0.27306527,-0.304123,-0.3718312,-0.33709,-0.40026775,-0.26381022,-0.3555616,0.45150858,-0.41243583,-0.30173758,-0.3291269,-0.35637724,-0.38102177,-0.30835584,-0.2596412,-0.18443729,-0.30299708,-0.24456863,-0.23889671,-0.22788838,-0.34652692,-0.35169965,-0.3704289,-0.29520348,-0.23825617,-0.32128388,-0.3174648,-0.35581684,-0.2911394,-0.25456628,-0.2788417,-0.3442507,-0.3611741,-0.30473727,-0.23688667,-0.3195549,-0.33519644,-0.3511923,-0.39770785,-0.27705002,-0.2555955,-0.32428825,-0.35720906,-0.4070665,-0.27389193
k__Bacteria|p__Firmicutes|c__Clostridia|o__Clostridiales|f__Lachnospiraceae|g__Coprococcus|s__eutactus,-0.28574407,-0.32140595,-0.3031198,-0.2915954,-0.35537535,-0.31121662,-0.34699416,-0.35552558,-0.44802794,-0.28810936,-0.3313659,-0.32747713,-0.27768517,-0.26306504,-0.24850766,-0.32749218,-0.34433165,-0.24718882,-0.23459819,-0.23425795,-0.31281245,-0.35307166,-0.40359282,-0.35720402,-0.4072277,-0.3366719,-0.32900333,-0.2749186,-0.35797155,-0.38085496,-0.31815568,-0.30771792,-0.36711872,-0.31518728,-0.25094253,-0.25396472,-0.33594304,-0.3840909,-0.3509197,-0.345838,-0.26324958,-0.34041172,-0.31395003,0.8018351,-0.42302474,-0.29555786,-0.28815714,-0.34594566,-0.42531198,-0.35713702,-0.31743485,-0.32677472,-0.2583616,-0.24315119,-0.23311915,-0.3133456,-0.3543771,-0.29224867,-0.34445426,-0.4100629,-0.32914695,-0.32914695,-0.35751456,-0.41223997,-0.28239405,-0.2859781,-0.28761852,-0.3465716,-0.4013021,-0.28933275,-0.264517,-0.35573262,-0.30425346,-0.35305658,-0.34904224,-0.26304597,-0.30691594,-0.25958246,0.8306636,-0.39203465,-0.31283143,-0.3326372,-0.40669996,-0.35933927,-0.42658323,-0.28381866,-0.24514951,-0.35424852,-0.40397793,-0.29600826,-0.3026367,-0.2645283,-0.37361932,-0.33014697,-0.27975675,-0.3065683,-0.32674223,-0.27655163,-0.2680225,-0.24880622,-0.27306527,-0.304123,-0.38026932,-0.33709,-0.4113841,-0.26381022,-0.3555616,-0.35609764,-0.4241675,-0.31020635,-0.33119768,-0.35637724,-0.38925827,-0.31763402,-0.26705578,-0.18443729,-0.30681965,-0.24795213,-0.24494101,-0.23315449,-0.34652692,-0.35169965,-0.37887204,-0.3045409,-0.2431233,-0.32128388,-0.3174648,-0.3628307,-0.2992583,-0.2610512,-0.2788417,-0.3442507,-0.36879385,-0.31450853,-0.24110037,-0.3219356,-0.34158176,-0.3511923,-0.4086269,-0.283367,-0.2555955,-0.32843542,-0.35720906,-0.41960633,-0.2790789
k__Bacteria|p__Firmicutes|c__Clostridia|o__Clostridiales|f__Clostridiaceae|g__Clostridium|s__unclassified,-0.28574407,-0.31176913,-0.29640585,-0.2834746,-0.35537535,-0.31121662,-0.3380833,0.6185862,-0.43678513,-0.2812938,-0.3313659,-0.31725803,-0.27082622,-0.2564218,-0.24234465,-0.3143863,-0.33501405,-0.23975536,-0.22801845,-0.22870308,-0.3046109,-0.35307166,-0.39800662,0.59598976,-0.39757618,0.9867456,-0.32012647,-0.26847404,-0.35797155,-0.37719482,-0.31815568,-0.30771792,-0.35764593,-0.30762994,-0.2478401,-0.25396472,1.0313166,-0.3754124,-0.3509197,-0.345838,-0.26324958,-0.3316781,-0.30674228,-0.3421979,-0.41599894,-0.28859046,-0.28815714,-0.34594566,-0.4179989,-0.35713702,-0.30431804,-0.31481,-0.25067687,-0.23628038,-0.22755797,-0.3133456,-0.34609845,-0.28562912,-0.34445426,-0.4009493,-0.32914695,-0.32914695,-0.35751456,-0.40390417,-0.27619845,-0.2859781,-0.28761852,0.7609691,-0.39415014,-0.28283373,-0.264517,-0.34692174,-0.29764348,-0.35305658,-0.34904224,-0.26304597,-0.29789972,-0.25958246,-0.34404397,-0.38637495,1.2303234,1.2254033,-0.39821362,0.5880488,-0.41651434,-0.2786545,-0.24514951,-0.35424852,-0.3967259,-0.291784,-0.2940551,-0.2645283,-0.36473072,-0.32147053,-0.27281475,-0.3065683,-0.31705964,-0.2702556,-0.26106483,-0.2425249,-0.27306527,1.2416456,-0.3730517,-0.33709,-0.40324846,1.725283,-0.3555616,-0.35609764,-0.41517633,-0.3029314,-0.31889248,0.56578916,-0.38143283,-0.30998406,-0.26131225,-0.18443729,-0.29807106,-0.24070561,-0.23884115,-0.22802034,-0.34652692,-0.35169965,-0.37094802,-0.29696834,-0.23842606,-0.32128388,-0.3174648,-0.35346112,-0.29181108,-0.25532553,-0.2788417,-0.3442507,-0.3605556,-0.3074348,-0.23667549,-0.3077203,-0.3318634,-0.3511923,-0.399172,-0.27884722,-0.2555955,-0.32132146,-0.35720906,-0.41028738,-0.2715516
k__Bacteria|p__Firmicutes|c__Erysipelotrichi|o__Erysipelotrichales|f__[Coprobacillaceae]|g__Coprobacillus|s__unclassified,-0.28574407,-0.31950152,-0.3068556,-0.29493767,-0.35537535,-0.31121662,-0.34683272,-0.35552558,-0.45531017,-0.29124233,-0.3313659,-0.32609066,-0.2783039,-0.26525065,-0.25192913,-0.322271,-0.3442827,-0.24550602,-0.2350501,-0.23707737,-0.31351316,-0.35307166,-0.41077673,0.6081652,-0.41312578,-0.3366719,-0.32827228,-0.27710995,-0.35797155,-0.3872869,-0.31815568,-0.30771792,-0.3674429,-0.3210705,-0.25603935,-0.25396472,-0.33594304,-0.38657033,-0.3509197,-0.345838,-0.26324958,-0.33982483,-0.31913942,-0.3421979,-0.432485,-0.29466927,-0.28815714,-0.34594566,-0.43120372,-0.35713702,-0.312944,-0.3254605,-0.2575286,-0.24516137,-0.23547457,-0.3133456,-0.3547403,-0.29577172,0.8112144,-0.41591373,-0.32914695,-0.32914695,-0.35751456,-0.41794235,-0.2853372,-0.2859781,-0.28761852,0.8090157,-0.40575975,-0.29276085,-0.264517,-0.3572011,-0.3090248,-0.35305658,-0.34904224,-0.26304597,-0.30584306,-0.25958246,-0.34404397,-0.3989506,-0.31283143,-0.3326372,-0.4101718,-0.35933927,-0.4353341,-0.28363678,-0.24514951,-0.35424852,-0.4123196,-0.30229822,-0.30199835,-0.2645283,-0.37542278,-0.33509186,-0.28534853,-0.3065683,-0.32537776,-0.277219,-0.2715774,-0.25227606,-0.27306527,-0.304123,-0.38297397,-0.33709,-0.4187282,-0.26381022,-0.3555616,-0.35609764,-0.42897317,-0.3151691,-0.3288499,-0.35637724,-0.3905385,-0.3215861,-0.27219084,-0.18443729,-0.3059516,-0.24653755,-0.24670458,-0.23621187,-0.34652692,-0.35169965,-0.38277674,-0.30900413,-0.24619469,-0.32128388,-0.3174648,-0.3629442,-0.3018942,-0.26514733,-0.2788417,-0.3442507,-0.37184834,-0.32008165,-0.24350145,-0.318465,-0.34260237,-0.3511923,-0.4166493,-0.2885982,-0.2555955,-0.32883322,-0.35720906,-0.42762285,-0.28043428
k__Bacteria|p__Firmicutes|c__Erysipelotrichi|o__Erysipelotrichales|f__[Coprobacillaceae]|g__Catenibacterium|s__unclassified,-0.28574407,-0.31976202,-0.30565208,-0.29340273,-0.35537535,-0.31121662,-0.346524,-0.35552558,-0.45257908,-0.29154932,-0.3313659,-0.32622707,-0.27759418,-0.26424015,-0.25135535,-0.32964635,-0.3447203,-0.24543755,-0.23459771,-0.23728351,-0.31597877,-0.35307166,-0.40874848,-0.35720402,-0.41370857,-0.3366719,-0.32873982,-0.2753608,-0.35797155,-0.38940924,-0.31815568,-0.30771792,-0.36686584,-0.31956244,-0.25771457,-0.25396472,-0.33594304,-0.38587335,-0.3509197,-0.345838,-0.26324958,-0.3399803,-0.3167634,-0.3421979,-0.4328931,-0.298748,-0.28815714,-0.34594566,-0.42923582,0.83101285,-0.31924692,-0.32536924,-0.25726795,-0.24432848,-0.23606098,-0.3133456,-0.35471028,-0.29397058,-0.34445426,-0.41677594,-0.32914695,-0.32914695,-0.35751456,-0.4166917,-0.28757814,-0.2859781,-0.28761852,-0.3465716,-0.40496284,-0.2934234,-0.264517,-0.35706657,-0.30688405,-0.35305658,-0.34904224,-0.26304597,-0.3059506,-0.25958246,-0.34404397,-0.4003903,-0.31283143,-0.3326372,-0.40870112,-0.35933927,-0.43550736,-0.28647596,-0.24514951,-0.35424852,-0.4122011,-0.30568406,-0.3045131,-0.2645283,-0.37403205,-0.33291274,-0.2843812,-0.3065683,-0.32460934,-0.2768611,-0.27012414,-0.25205734,-0.27306527,-0.304123,-0.3819017,-0.33709,-0.4177383,-0.26381022,-0.3555616,-0.35609764,-0.42734668,-0.31482732,-0.33311608,-0.35637724,-0.39012566,-0.32020777,-0.27213588,-0.18443729,-0.30570155,-0.24599716,-0.24592094,-0.23654088,-0.34652692,-0.35169965,-0.382049,-0.3079163,-0.2475276,-0.32128388,-0.3174648,-0.3621722,-0.3006673,-0.2655052,-0.2788417,1.0770235,-0.37133083,-0.31897888,-0.24499725,-0.3216657,-0.3422462,-0.3511923,-0.41703445,-0.29182518,-0.2555955,-0.32893974,-0.35720906,-0.426588,-0.28407094
k__Bacteria|p__Firmicutes|c__Clostridia|o__Clostridiales|f__Veillonellaceae|g__Veillonella|s__parvula,1.3915129,-0.23613374,-0.27974308,-0.2813684,-0.35537535,-0.31121662,-0.27651557,-0.35552558,-0.4301387,-0.26335332,1.05287,-0.2452077,-0.23735751,-0.23947631,-0.2319463,-0.21638384,-0.27403963,-0.18928298,-0.19579971,-0.2137124,-0.20330697,-0.35307166,-0.3739531,0.6068735,-0.38193446,0.94029313,-0.2518733,-0.23457582,-0.35797155,-0.3602726,1.1443088,1.2337224,-0.30487168,-0.3013634,-0.24548435,-0.25396472,0.9046818,-0.33495298,-0.3509197,-0.345838,-0.26324958,-0.26761454,-0.2953114,-0.3421979,-0.41811576,-0.17717496,1.4563081,0.8580661,-0.39987308,-0.35713702,-0.20172638,-0.24220473,-0.20634271,-0.21096663,-0.21216565,1.2447082,-0.28932154,-0.26213276,-0.34445426,-0.38794193,1.1527952,1.1527952,-0.35751456,-0.38183475,-0.26124993,-0.2859781,-0.28761852,0.76754385,-0.36497986,-0.26702848,1.732598,-0.29382533,-0.28177658,-0.35305658,-0.34904224,1.7016366,-0.21798697,-0.25958246,-0.34404397,-0.36915916,1.4975803,1.5595059,-0.36754465,0.5514009,-0.41762632,-0.16118287,-0.24514951,-0.35424852,-0.38181275,-0.29717135,-0.18258183,-0.2645283,-0.31620425,-0.31767252,-0.27392277,1.2261902,-0.24177209,-0.23740262,-0.2479907,-0.23269743,-0.27306527,-0.304123,-0.33024275,-0.33709,-0.38882953,1.5872308,1.0783712,0.43044403,-0.39480558,-0.29657415,-0.22293052,0.566249,-0.3411524,-0.30006,-0.25841966,-0.18443729,-0.21663699,-0.19031605,-0.21337108,-0.21473733,-0.34652692,-0.35169965,-0.3321612,-0.2830356,-0.22453724,-0.32128388,-0.3174648,-0.29783505,-0.2712148,-0.24841177,1.4769686,-0.3442507,-0.31509823,-0.3010177,-0.22035883,-0.19936605,-0.27100265,-0.3511923,-0.38906592,-0.27856344,-0.2555955,-0.25414684,0.4933272,-0.3990372,-0.2561531
k__Bacteria|p__Firmicutes|c__Erysipelotrichi|o__Erysipelotrichales|f__Erysipelotrichaceae|g__Holdemania|s__unclassified,-0.28574407,-0.31656206,-0.30646706,-0.29107133,-0.35537535,-0.31121662,-0.34504038,-0.35552558,-0.45045087,-0.29092705,-0.3313659,-0.32257634,-0.27731138,-0.26421088,-0.25097215,-0.32412404,-0.34340262,-0.24326253,-0.23387018,-0.23681132,-0.3144575,-0.35307166,-0.4128254,0.5930455,-0.4137136,-0.3366719,-0.3268977,-0.27498952,-0.35797155,-0.39141724,-0.31815568,-0.30771792,-0.36507884,-0.31938767,-0.25875366,-0.25396472,-0.33594304,-0.3850696,-0.3509197,-0.345838,-0.26324958,-0.33842704,-0.31714866,-0.3421979,-0.43345553,-0.29759416,-0.28815714,-0.34594566,-0.43132162,-0.35713702,-0.31414425,-0.32053912,-0.25561377,-0.24332848,-0.2352117,-0.3133456,-0.35416156,-0.2941698,0.7970134,-0.4151827,-0.32914695,-0.32914695,-0.35751456,-0.41707373,-0.28666395,-0.2859781,-0.28761852,0.7584679,-0.40664545,-0.2933439,-0.264517,-0.35595417,-0.3069728,-0.35305658,-0.34904224,-0.26304597,-0.30325678,-0.25958246,-0.34404397,-0.40174764,-0.31283143,-0.3326372,-0.40971798,-0.35933927,-0.43422037,-0.28651416,-0.24514951,0.64230984,-0.41207087,-0.30605108,-0.3033371,-0.2645283,-0.37376037,-0.33141786,-0.2833458,-0.3065683,-0.32178614,-0.2769711,-0.27066898,-0.25181767,-0.27306527,-0.304123,-0.38347203,-0.33709,-0.41791704,-0.26381022,-0.3555616,-0.35609764,-0.42762488,-0.31379884,-0.3287595,-0.35637724,-0.3902142,-0.3198123,-0.27200317,-0.18443729,-0.30394873,-0.24384797,-0.24613933,-0.23599286,-0.34652692,-0.35169965,-0.38206962,-0.3081754,-0.2473531,-0.32128388,-0.3174648,-0.36023325,-0.30038685,-0.26514065,-0.2788417,-0.3442507,-0.3709338,-0.31955445,-0.24477208,-0.31577957,-0.34022942,-0.3511923,-0.41652513,-0.29208177,-0.2555955,-0.32837287,-0.35720906,-0.42721346,-0.28255185
k__Bacteria|p__Firmicutes|c__Clostridia|o__Clostridiales|f__Veillonellaceae|g__Veillonella|s__dispar,1.4062771,1.0098996,0.51444566,0.36861455,0.6823289,-0.31121662,0.92396474,-0.35552558,0.59950286,0.5522014,1.2042395,0.9913194,0.60161483,0.45861596,0.430455,1.3306874,0.92985845,0.70315355,0.5514115,0.4707541,1.3719628,-0.35307166,0.72195214,-0.35720402,0.7066541,1.3541806,0.97847974,0.6095711,-0.35797155,0.7580426,1.1949058,1.2432127,0.86221886,0.47271377,0.45691878,-0.25396472,1.1191599,0.80028033,0.51524556,-0.345838,1.605107,0.94281745,0.48179442,0.79531425,0.6358775,1.4224892,1.870163,1.4880996,0.6618092,0.56061846,1.3653803,0.9984907,0.66754067,0.52130747,0.47337928,1.8118911,0.8968319,0.55129695,-0.34445426,0.6930843,1.3617907,1.3617907,0.48296624,0.7031342,0.55711424,1.4413874,1.376722,1.0017248,0.7371377,0.5451358,1.8052512,0.8902986,0.51106983,0.5533946,-0.34904224,1.8424302,1.0526891,-0.25958246,-0.34404397,0.73694617,1.5339559,1.6008716,0.72881234,0.5565959,0.63593507,1.458504,1.8158998,-0.35424852,0.7109307,0.48752958,1.4116149,-0.2645283,0.8394547,0.43366355,0.391615,1.2329928,0.99768,0.6023346,0.4427815,0.42891592,-0.27306527,1.3879687,0.81004244,-0.33709,0.6939398,1.6107923,0.8559272,0.49162453,0.67215395,0.48103714,1.3229275,0.71735567,0.78374153,0.47043586,0.4253875,-0.18443729,1.0535969,0.7010894,0.51552427,0.46946853,0.87975514,0.8563066,0.81003284,0.5096422,0.4971641,-0.32128388,1.2539542,0.87710035,0.5313132,0.44549042,1.4800595,0.8321873,0.8451278,0.47256657,0.50389975,1.3694897,0.93931687,0.7917806,0.6970465,0.5268216,1.695536,0.9743988,0.5118701,0.6718762,0.5673713
k__Bacteria|p__Firmicutes|c__Erysipelotrichi|o__Erysipelotrichales|f__Erysipelotrichaceae|g__[Eubacterium]|s__biforme,-0.28574407,-0.3136379,-0.2990155,-0.283811,-0.35537535,-0.31121662,-0.34027427,-0.35552558,-0.4369028,-0.28587025,-0.3313659,-0.31909823,-0.27287486,-0.25855917,-0.24574041,-0.3249445,-0.33826947,-0.24136662,-0.23015544,-0.23305279,-0.31300658,-0.35307166,-0.4028834,-0.35720402,-0.4037109,-0.3366719,-0.32355946,-0.26993626,0.42908034,-0.3886521,-0.31815568,-0.30771792,-0.35912114,-0.31021306,-0.2562112,-0.25396472,-0.33594304,-0.3779513,0.5467991,0.6462941,-0.26324958,-0.33428442,-0.30826044,-0.3421979,-0.42454052,-0.2983966,-0.28815714,-0.34594566,-0.42074916,0.55798936,-0.31371373,-0.315683,-0.25230554,-0.23836678,-0.23209862,-0.3133456,-0.34894592,-0.2875685,-0.34445426,-0.40727875,-0.32914695,-0.32914695,-0.35751456,-0.4070844,-0.2830272,-0.2859781,-0.28761852,-0.3465716,-0.39787358,-0.2880432,-0.264517,-0.34984177,-0.2994364,-0.35305658,-0.34904224,-0.26304597,-0.30051285,-0.25958246,-0.34404397,-0.39495623,-0.31283143,-0.3326372,-0.40008807,-0.35933927,-0.42275923,-0.28722644,-0.24514951,-0.35424852,-0.4027755,-0.30229563,-0.30181706,-0.2645283,-0.36613846,-0.32194763,-0.27600724,-0.3065683,-0.3179866,-0.27298197,-0.2633632,-0.24640977,-0.27306527,-0.304123,-0.37603694,-0.33709,-0.4079884,-0.26381022,-0.3555616,-0.35609764,-0.41691366,-0.30672672,-0.32713544,-0.35637724,-0.38391808,-0.3117853,-0.26622623,-0.18443729,-0.3001644,-0.24177244,-0.24142964,-0.23280753,-0.34652692,-0.35169965,-0.37483686,-0.29971933,-0.24462344,-0.32128388,-0.3174648,-0.354721,-0.29353446,-0.26046517,-0.2788417,-0.3442507,-0.36390918,-0.31082326,-0.24283974,-0.31283423,-0.33425426,0.74106205,-0.40592024,-0.2890168,-0.2555955,-0.3251873,-0.35720906,-0.4150173,-0.27981567
k__Bacteria|p__Firmicutes|c__Bacilli|o__Turicibacterales|f__Turicibacteraceae|g__Turicibacter|s__unclassified,-0.28574407,-0.31550497,-0.30217355,-0.28516224,-0.35537535,-0.31121662,-0.3428216,0.61642563,-0.44042557,-0.28587633,-0.3313659,-0.32097775,-0.27590844,-0.26139683,-0.24622919,-0.32412142,-0.34175634,-0.2434579,-0.2323344,-0.23164621,-0.30763084,-0.35307166,-0.40610224,-0.35720402,-0.40486932,-0.3366719,-0.3252684,-0.27226692,-0.35797155,-0.38123292,-0.31815568,-0.30771792,-0.36274925,-0.31175798,-0.25095415,-0.25396472,-0.33594304,-0.38090268,-0.3509197,-0.345838,-0.26324958,-0.33652252,-0.3117276,-0.3421979,-0.42052287,-0.29471338,-0.28815714,-0.34594566,-0.4252797,-0.35713702,-0.31218123,-0.317926,-0.25495887,-0.23982099,-0.23050442,-0.3133456,-0.35198438,-0.29063416,-0.34445426,-0.40617436,-0.32914695,-0.32914695,-0.35751456,-0.4099896,-0.2815325,-0.2859781,-0.28761852,-0.3465716,-0.4015187,-0.28808382,-0.264517,-0.35161713,-0.3016581,-0.35305658,-0.34904224,-0.26304597,-0.3012001,-0.25958246,-0.34404397,-0.39247262,-0.31283143,-0.3326372,-0.40519303,0.60891813,-0.42041934,-0.2824841,-0.24514951,-0.35424852,-0.40106028,-0.29646948,-0.29969084,-0.2645283,-0.37018043,-0.32443598,-0.27558905,-0.3065683,-0.3213678,-0.2754065,-0.2670173,-0.24748677,-0.27306527,-0.304123,-0.38007182,-0.33709,-0.4073137,-0.26381022,-0.3555616,0.49215773,-0.42141914,-0.3073999,-0.3242061,-0.35637724,-0.38776022,-0.31464496,-0.26512992,-0.18443729,-0.3024295,-0.24336666,-0.24372706,-0.23021041,-0.34652692,-0.35169965,-0.37670508,-0.30271924,-0.24212192,-0.32128388,-0.3174648,-0.35825962,-0.29648414,-0.2593716,-0.2788417,0.85625464,-0.3664789,-0.31298485,-0.24060354,-0.3135219,-0.33630452,-0.3511923,-0.4041946,-0.28205663,-0.2555955,-0.3263098,0.4837055,-0.41678524,-0.27839512
k__Bacteria|p__Firmicutes|c__Clostridia|o__Clostridiales|f__Veillonellaceae|g__Phascolarctobacterium|s__unclassified,-0.28574407,-0.3168137,-0.2958982,-0.28364503,-0.35537535,1.191481,-0.34079513,0.61056876,-0.4357511,-0.28280365,-0.3313659,-0.32231832,-0.27149186,-0.25644082,-0.24294533,-0.3298443,-0.3386574,-0.24289341,-0.22989632,-0.23019496,-0.31384832,-0.35307166,-0.3951401,-0.35720402,-0.3996298,-0.3366719,-0.3241067,-0.26895893,0.45249835,-0.37660673,-0.31815568,-0.30771792,-0.35933286,-0.30746153,-0.24826546,-0.25396472,-0.33594304,-0.37601647,0.54091096,0.63713735,-0.26324958,-0.33496875,-0.30570927,-0.3421979,-0.41562587,-0.29921287,-0.28815714,-0.34594566,-0.41520396,-0.35713702,-0.31937307,-0.3212585,-0.25331026,-0.2381798,-0.22934324,-0.3133456,-0.34803623,-0.28552917,-0.34445426,-0.402968,-0.32914695,-0.32914695,-0.35751456,-0.4030164,-0.27930528,-0.2859781,-0.28761852,-0.3465716,-0.39293534,-0.28415686,-0.264517,-0.34948438,-0.2968764,0.7548815,0.72508246,-0.26304597,-0.3030508,-0.25958246,-0.34404397,-0.38701057,-0.31283143,-0.3326372,-0.39696762,-0.35933927,-0.4182589,-0.2874095,-0.24514951,-0.35424852,-0.39743948,-0.29412374,-0.30410206,-0.2645283,-0.36542267,-0.3208058,-0.27334088,-0.3065683,-0.32089347,-0.2706516,-0.26077443,-0.24345276,-0.27306527,-0.304123,-0.37239087,-0.33709,-0.40266025,-0.26381022,-0.3555616,-0.35609764,-0.4134894,-0.30392942,-0.3313034,-0.35637724,-0.3805631,-0.30938438,-0.26206744,-0.18443729,-0.30319327,-0.2434678,-0.2395145,-0.22940348,-0.34652692,-0.35169965,-0.37152177,-0.2972243,-0.24005204,1.0837377,-0.3174648,-0.35513553,-0.29181975,-0.256547,-0.2788417,-0.3442507,-0.36220443,-0.3070157,-0.23843549,-0.32169297,-0.33597028,-0.3511923,-0.4013669,-0.2818433,-0.2555955,-0.32422817,-0.35720906,-0.41056788,-0.27667198
k__Bacteria|p__Firmicutes|c__Clostridia|o__Clostridiales|f__Ruminococcaceae|g__unclassified|s__unclassified,-0.28574407,0.06290577,0.35632646,0.42502752,0.79969263,-0.31121662,0.18038094,0.61252487,0.63162535,0.3018992,-0.3313659,0.0890778,0.23548207,0.2986702,0.28963608,-0.12338273,0.17116506,0.09583635,0.1708656,0.2334717,-0.17406742,1.5505828,0.45610082,0.986949,0.47719505,-0.3366719,0.104950696,0.22536509,0.7648829,0.40012717,-0.31815568,-0.30771792,0.2662142,0.415729,0.29447228,-0.25396472,-0.33594304,0.35091364,0.5501386,0.6932629,-0.26324958,0.15366487,0.40211403,0.9325393,0.5738786,-0.24823555,-0.28815714,-0.34594566,0.5405547,0.56774056,-0.1689158,0.08059855,0.14563315,0.21293594,0.22912826,-0.3133456,0.21720472,0.30512184,0.8123445,0.49543613,-0.32914695,-0.32914695,0.52635735,0.48469782,0.2917006,-0.2859781,-0.28761852,0.8442854,0.4365244,0.31092206,-0.264517,0.22713408,0.3614158,0.6072794,0.6633913,-0.26304597,0.0044257417,1.6260396,0.9659919,0.43228436,1.1763034,-0.3326372,0.44879156,0.7550567,0.5763096,-0.2977609,-0.24514951,0.86632174,0.4731728,0.38440043,-0.2300695,-0.2645283,0.2975701,0.47072163,0.39107338,-0.3065683,0.08072846,0.23423544,0.3211794,0.2914384,-0.27306527,-0.304123,0.33620843,0.9963097,0.49652347,-0.26381022,0.518223,0.6562991,0.52822703,0.40062594,-0.108207986,-0.35637724,0.37187886,0.41797286,0.34226578,-0.18443729,0.0020570504,0.09905798,0.22022083,0.23417428,-0.34652692,0.66647184,0.3370524,0.36379308,0.2410546,-0.32128388,-0.3174648,0.2457284,0.3336554,0.31389356,-0.2788417,0.8245906,0.2891341,0.41426182,0.23085687,-0.1697766,0.16055796,0.7275277,0.49332196,0.32922238,-0.2555955,0.109552264,0.7731974,0.5284079,0.2767005
k__Bacteria|p__Firmicutes|c__Clostridia|o__Clostridiales|f__Lachnospiraceae|g__Roseburia|s__unclassified,-0.28574407,-0.16098416,-0.029768333,0.006983753,0.67420477,-0.31121662,-0.12729564,0.6095893,-0.00037881953,-0.043664634,-0.3313659,-0.15390652,-0.06449619,-0.030267155,-0.025432386,-0.24633913,-0.13060449,-0.104124576,-0.0663364,-0.040351387,-0.25672323,0.6418431,-0.046988443,0.7642615,-0.041479364,-0.3366719,-0.1484125,-0.06655637,0.5728662,-0.056940548,-0.31815568,-0.30771792,-0.10385251,-0.012516809,-0.026478263,-0.25396472,-0.33594304,-0.07868545,0.5634531,0.62741566,-0.26324958,-0.13464075,-0.016765743,0.79463726,-0.010724742,-0.2772963,-0.28815714,-0.34594566,-0.024252303,0.6743171,-0.25851572,-0.15733144,-0.090306886,-0.05360982,-0.04136285,-0.3133456,-0.11664845,-0.044053543,-0.34445426,-0.035289507,-0.32914695,-0.32914695,0.62554795,-0.04023391,-0.04597491,-0.2859781,-0.28761852,0.7671172,-0.05352348,-0.041147675,-0.264517,-0.11369677,-0.027587533,0.59844506,0.71066195,-0.26304597,-0.17727071,1.6287153,0.82655287,-0.05142677,-0.31283143,-0.3326372,-0.0510801,0.605141,-0.012111856,-0.2900491,-0.24514951,0.71913105,-0.041621573,-0.017592786,-0.27345395,-0.2645283,-0.09452362,0.0022438483,-0.0017185002,-0.3065683,-0.15713337,-0.06455586,-0.024654137,-0.025401749,-0.27306527,-0.304123,-0.082480885,0.97731465,-0.03490996,-0.26381022,0.51811194,0.5406349,-0.028936345,-0.015975399,-0.24059547,0.7544476,-0.07268938,-0.012530146,-0.015220004,-0.18443729,-0.17813459,-0.1026409,-0.052384116,-0.039405826,-0.34652692,0.69124836,-0.08210424,-0.028288111,-0.04325112,-0.32128388,-0.3174648,-0.10954348,-0.03650662,-0.023166165,-0.2788417,-0.3442507,-0.09622972,-0.012990863,-0.0460162,-0.26095384,-0.13291398,-0.3511923,-0.035644196,-0.03307137,-0.2555955,-0.14628504,0.54589254,-0.027419623,-0.051034164
k__Bacteria|p__Firmicutes|c__Clostridia|o__Coriobacteriales|f__Coriobacteriaceae|g__unclassified|s__unclassified,-0.28574407,-0.29877937,-0.3038548,-0.29365435,-0.35537535,1.2624199,-0.33059198,0.63241065,-0.44904447,-0.2881523,-0.3313659,-0.30551964,-0.27081835,-0.26207498,-0.25056106,-0.29788634,-0.3278882,-0.23248966,-0.22782475,-0.23607907,-0.29582536,-0.35307166,-0.40731686,-0.35720402,-0.40915024,-0.3366719,-0.31136394,-0.26843777,-0.35797155,-0.39392605,-0.31815568,-0.30771792,-0.3531111,-0.32004088,-0.26355267,-0.25396472,-0.33594304,-0.37589926,-0.3509197,-0.345838,1.6164038,-0.32345384,-0.3154908,-0.3421979,-0.43846053,-0.27352646,1.4041952,0.8751252,-0.42695302,0.5264175,-0.28806004,-0.30237252,-0.24627548,-0.23879966,-0.2342427,-0.3133456,-0.34110177,-0.28923467,-0.34445426,-0.41319287,1.0531236,1.0531236,0.457765,-0.4119767,-0.2844868,-0.2859781,1.3825911,-0.3465716,-0.39986104,-0.29097757,-0.264517,-0.34408757,-0.30459955,-0.35305658,-0.34904224,-0.26304597,-0.2855907,-0.25958246,-0.34404397,-0.39992714,-0.31283143,-0.3326372,-0.40192336,-0.35933927,-0.4367227,-0.26272938,-0.24514951,0.63749814,-0.41060168,-0.31206477,-0.2788638,-0.2645283,-0.36245972,-0.33307618,-0.28664494,1.3653532,-0.30443406,-0.27122885,-0.2690692,-0.2508837,-0.27306527,-0.304123,-0.3736902,-0.33709,-0.4165303,-0.26381022,-0.3555616,-0.35609764,-0.42301267,-0.31359857,-0.3062802,-0.35637724,-0.3813313,-0.31924057,-0.27416712,-0.18443729,-0.28436163,-0.23348422,-0.24208143,-0.23636569,0.8567277,0.69841397,-0.3739596,-0.30601442,-0.24727648,1.0878965,-0.3174648,-0.3475082,-0.29702783,-0.26577473,-0.2788417,-0.3442507,-0.36090752,-0.31944486,-0.24355502,-0.28769028,-0.3259095,-0.3511923,-0.41601336,-0.29733983,-0.2555955,-0.31371957,-0.35720906,-0.4248484,-0.27922747
k__Bacteria|p__Firmicutes|c__Clostridia|o__Coriobacteriales|f__Coriobacteriaceae|g__Eggerthella|s__lenta,-0.28574407,-0.31093055,-0.2876212,-0.2767251,-0.35537535,-0.31121662,-0.33344874,0.62439644,-0.42489415,-0.27543566,1.0016557,-0.31664714,-0.2651615,-0.24968398,-0.23636623,-0.324782,-0.3321653,-0.23879631,-0.22434177,-0.22270857,-0.29717854,0.60125315,-0.3829776,0.5963164,-0.3893073,0.9459033,-0.31699634,-0.26276737,0.4733941,-0.360134,-0.31815568,-0.30771792,-0.35151768,-0.29757744,-0.23580985,-0.25396472,-0.33594304,-0.3671581,-0.3509197,-0.345838,-0.26324958,-0.32769483,-0.29798707,-0.3421979,-0.39979437,-0.28736296,-0.28815714,-0.34594566,-0.4045443,-0.35713702,-0.31233093,-0.31630558,-0.24826047,-0.23244685,-0.22256592,-0.3133456,-0.33980566,-0.27929842,0.7966085,-0.3924935,-0.32914695,-0.32914695,-0.35751456,-0.39246222,-0.2713676,-0.2859781,-0.28761852,0.75975835,-0.38245076,-0.27613652,-0.264517,-0.33992767,-0.28939766,-0.35305658,-0.34904224,-0.26304597,-0.29533535,-0.25958246,0.7928781,-0.37313387,-0.31283143,0.9983834,-0.38771093,-0.35933927,-0.40404838,-0.27284682,-0.24514951,-0.35424852,-0.3832764,-0.27979493,-0.29218793,-0.2645283,-0.3564652,-0.31175798,-0.2647028,-0.3065683,-0.31460804,-0.26336542,-0.2532677,-0.23723012,-0.27306527,1.2357613,-0.36253935,-0.33709,-0.38964352,-0.26381022,0.50266874,-0.35609764,-0.40293264,-0.2962665,-0.32108527,-0.35637724,-0.37181807,-0.301118,-0.25312316,-0.18443729,-0.29646474,-0.23903841,-0.23255458,-0.22124735,-0.34652692,-0.35169965,-0.3610796,-0.2885063,-0.2314487,1.0872738,1.1430988,-0.34791288,-0.28426293,-0.2488987,-0.2788417,0.82744616,-0.35239655,-0.29778144,-0.2309894,-0.31510794,-0.3280097,-0.3511923,-0.38758552,-0.26631165,-0.2555955,-0.3155463,-0.35720906,-0.3981716,-0.26964223
k__Bacteria|p__Firmicutes|c__Clostridia|o__Clostridiales|f__Ruminococcaceae|g__Faecalibacterium|s__prausnitzii,-0.28574407,-0.113538206,0.04777668,0.091608085,0.70971906,1.2095821,-0.064709835,0.6466763,0.12856369,0.025512999,-0.3313659,-0.102259025,-0.00440527,0.036003653,0.037791003,-0.21414758,-0.068268284,-0.062950574,-0.017710393,0.014476394,-0.23568277,0.5942072,0.051140837,0.6800635,0.06318064,-0.3366719,-0.096197486,-0.007877704,0.5977552,0.029383602,-0.31815568,-0.30771792,-0.028550748,0.07471254,0.03609677,-0.25396472,0.903158,0.007492464,0.5651301,0.73064125,-0.26324958,-0.075807214,0.06768111,0.81629825,0.10481222,-0.2674808,-0.28815714,1.5308275,0.08708623,0.7475972,-0.23279585,-0.10473307,-0.04166592,0.0011702465,0.012501099,-0.3133456,-0.049345553,0.026017101,0.79383755,0.071425736,-0.32914695,-0.32914695,1.0805345,0.06475158,0.022514092,-0.2859781,-0.28761852,-0.3465716,0.043355945,0.029350137,-0.264517,-0.04408225,0.05025972,0.55780506,-0.34904224,-0.26304597,-0.13795042,-0.25958246,0.9282479,0.043676913,-0.31283143,-0.3326372,0.0482482,0.64986604,0.107384205,-0.28889367,-0.24514951,0.7208393,0.062186375,0.0633896,-0.25998873,-0.2645283,-0.015290303,0.0976964,0.07793558,-0.3065683,-0.1066134,-0.0051232227,0.045849357,0.038516134,-0.27306527,-0.304123,0.000249426,0.9201127,0.070838585,-0.26381022,0.4997323,0.5152468,0.08253254,0.06834193,-0.20762719,0.6587517,0.014704207,0.07429035,0.056703966,-0.18443729,-0.13899024,-0.061465416,0.002895564,0.014992791,-0.34652692,-0.35169965,0.0020500424,0.051877268,0.013158611,-0.32128388,-0.3174648,-0.03738717,0.038154405,0.04410106,-0.2788417,-0.3442507,-0.017644227,0.0732865,0.008525916,-0.23301879,-0.07121954,1.3042765,0.07161711,0.040914416,-0.2555955,-0.09449703,0.66195285,0.08512394,0.016012317
k__Bacteria|p__Firmicutes|c__Clostridia|o__Coriobacteriales|f__unclassified|g__unclassified|s__unclassified,-0.28574407,0.09777333,0.38022035,0.4426474,0.7698756,-0.31121662,0.21456559,0.63570446,0.66190034,0.32600835,-0.3313659,0.12350091,0.2590187,0.3183826,0.3093276,-0.07684496,0.20703685,0.12018471,0.19193485,0.25354502,-0.12638745,0.575652,0.49071643,0.7596959,0.511482,-0.3366719,0.14013253,0.24972498,0.5630982,0.43304506,-0.31815568,1.234576,0.29931337,0.43939504,0.3161727,-0.25396472,0.9007831,0.3836518,0.50283945,0.64802134,-0.26324958,0.18851298,0.42617795,0.821586,0.6060017,-0.19752693,-0.28815714,-0.34594566,0.57270384,0.539762,-0.12098867,0.11587319,0.16986766,0.23443697,0.24901332,-0.3133456,0.25165746,0.32953975,0.8151972,0.5277802,-0.32914695,-0.32914695,0.5179007,0.5174029,0.31758645,-0.2859781,-0.28761852,0.77295786,0.4698989,0.33563083,-0.264517,0.26185986,0.38489324,0.60528797,0.6992866,-0.26304597,0.040574852,1.6118733,0.866251,0.4672101,-0.31283143,-0.3326372,0.4819659,0.57846296,0.6093811,-0.24513438,-0.24514951,0.69604206,0.50663495,0.41113308,-0.17993197,-0.2645283,0.331577,0.4922561,0.4116894,-0.3065683,0.11563608,0.2573815,0.34197283,0.31150472,-0.27306527,-0.304123,0.37022302,0.9203583,0.5292775,-0.26381022,0.50447154,0.5705156,0.55990404,0.42473763,-0.062331498,0.5700119,0.40398777,0.4402432,0.36362857,-0.18443729,0.040106602,0.12327686,0.24108042,0.25444764,0.8302448,0.66526085,0.37061995,0.38830075,0.2628003,-0.32128388,-0.3174648,0.278766,0.3568976,0.3347527,-0.2788417,0.8293453,0.32384998,0.43822783,0.25240707,-0.12223235,0.19663313,0.71988904,0.52663875,0.3574575,-0.2555955,0.1452242,0.5231288,0.5621504,0.3018907
k__Bacteria|p__Firmicutes|c__Clostridia|o__Clostridiales|f__Ruminococcaceae|g__Ruminococcus|s__unclassified,1.3782815,0.033548202,0.22157137,0.2676983,0.74657774,1.1691703,0.10936797,0.74512017,0.3951993,0.18038213,-0.3313659,0.04956671,0.1481937,0.18718809,0.1749539,-0.10566158,0.10156393,0.059079405,0.10523708,0.1360009,-0.14857295,1.032989,0.27963698,0.6673697,0.28603387,-0.3366719,0.057659462,0.13949156,0.5882284,0.2246597,-0.31815568,1.235713,0.16625953,0.25374782,0.16335508,-0.25396472,-0.33594304,0.21741596,0.49316272,0.65084124,-0.26324958,0.09137589,0.25073913,0.86058885,0.33729613,-0.19274624,-0.28815714,-0.34594566,0.33993125,0.58247685,-0.13743642,0.0432362,0.09057495,0.12918952,0.133507,-0.3133456,0.1325168,0.18976355,1.0349594,0.29623628,-0.32914695,-0.32914695,0.5535757,0.2993857,0.16811804,-0.2859781,-0.28761852,0.9048976,0.27109745,0.18470308,-0.264517,0.13452408,0.22395259,0.6776231,0.66151035,-0.26304597,-0.00881522,1.6260396,1.2350993,0.25047892,-0.31283143,-0.3326372,0.283748,0.8245329,0.34052998,-0.22578849,-0.24514951,0.86188483,0.27795324,0.21340808,-0.1779989,-0.2645283,0.18556914,0.29474947,0.23572977,-0.3065683,0.04695718,0.14619505,0.19949062,0.17586349,-0.27306527,-0.304123,0.20933978,0.91880184,0.29782593,-0.26381022,0.5272867,0.73138005,0.33256498,0.2430861,-0.09913012,0.5509609,0.23524007,0.2617188,0.20242967,-0.18443729,-0.008211706,0.06127458,0.13536887,0.13417152,0.8208664,0.66658187,0.20323682,0.22326572,0.13674971,-0.32128388,-0.3174648,0.15372002,0.20883599,0.18600744,-0.2788417,0.8245906,0.1734907,0.25367793,0.132322,-0.13217878,0.09124628,0.7182829,0.2888683,0.17652333,-0.2555955,0.05916007,0.68269587,0.31918573,0.15862332
k__Bacteria|p__Firmicutes|c__Clostridia|o__Clostridiales|f__Clostridiaceae|g__unclassified|s__unclassified,1.378632,-0.27893597,-0.20557213,-0.18485858,-0.35537535,-0.31121662,-0.2798739,-0.35552558,-0.28561404,-0.20369816,-0.3313659,-0.27916524,-0.20667592,-0.18050432,-0.16881292,-0.32317883,-0.27923754,-0.20640945,-0.17923835,-0.16660759,-0.3069465,-0.35307166,-0.27709746,0.60509473,-0.27909523,-0.3366719,-0.2771098,-0.20517021,-0.35797155,-0.26896936,-0.31815568,1.2337224,-0.28207868,-0.20384553,-0.16935329,-0.25396472,0.90569633,-0.28147805,0.4756517,0.6253315,-0.26324958,-0.27941167,-0.20649865,-0.3421979,-0.27345377,-0.31000555,-0.28815714,-0.34594566,-0.28348398,-0.35713702,-0.31928483,-0.2796303,-0.20642507,-0.17879221,-0.1674879,-0.3133456,-0.2795586,-0.2060188,0.79390526,-0.27956724,-0.32914695,-0.32914695,-0.35751456,-0.2809774,-0.2018908,-0.2859781,-0.28761852,-0.3465716,-0.2807921,-0.2025753,-0.264517,-0.27770516,-0.20573598,0.5532841,0.6500183,-0.26304597,-0.27397594,-0.25958246,-0.34404397,-0.27297798,1.1710608,-0.3326372,-0.2841523,-0.35933927,-0.2760213,-0.3056517,-0.24514951,-0.35424852,-0.27397263,-0.19483611,-0.31092733,-0.2645283,-0.28110182,-0.20873992,-0.17792916,-0.3065683,-0.27880025,-0.20542853,-0.17877425,-0.16885611,-0.27306527,1.2340736,-0.28013462,-0.33709,-0.27659565,-0.26381022,-0.3555616,-0.35609764,-0.28429103,-0.20549318,-0.31751812,0.5512409,-0.2833848,-0.20779705,-0.17554921,-0.18443729,-0.2753047,-0.20636936,-0.17793514,-0.16554867,-0.34652692,-0.35169965,-0.27750948,-0.20433886,-0.17384295,-0.32128388,1.1213173,-0.2820517,-0.20691797,-0.17676902,-0.2788417,-0.3442507,-0.27766812,-0.20415887,-0.17529285,-0.32077548,-0.27698806,-0.3511923,-0.2747945,-0.19258033,-0.2555955,-0.27522987,-0.35720906,-0.2779513,-0.20360285
k__Bacteria|p__Firmicutes|c__Clostridia|o__Clostridiales|f__Ruminococcaceae|g__Faecalibacterium|s__unclassified,-0.28574407,-0.24993224,-0.17747945,-0.15078917,0.71246374,1.2089603,-0.24741927,0.7595633,-0.24024636,-0.17791495,-0.3313659,-0.25004873,-0.17821592,-0.15452474,-0.14741732,-0.29756877,-0.24826132,-0.18061714,-0.15686423,-0.14761169,-0.29893038,0.6255302,-0.24423249,0.87828726,-0.24273357,-0.3366719,-0.2490654,-0.1800425,0.80134994,-0.23879191,-0.31815568,-0.30771792,-0.2449134,-0.1771612,-0.1520832,-0.25396472,-0.33594304,-0.24428114,0.5090263,0.7251373,-0.26324958,-0.2472874,-0.17759906,0.8952736,-0.238211,-0.30062586,-0.28815714,-0.34594566,-0.24109255,0.5451837,-0.29902738,-0.2509637,-0.18003094,-0.15709607,-0.14717785,-0.3133456,-0.24627358,-0.17939799,-0.34445426,-0.2408539,-0.32914695,-0.32914695,0.91936445,-0.24292505,-0.1766802,-0.2859781,-0.28761852,-0.3465716,-0.24303386,-0.17777097,-0.264517,-0.24644122,-0.17839211,-0.35305658,-0.34904224,-0.26304597,-0.2515989,-0.25958246,0.83257973,-0.24127343,-0.31283143,-0.3326372,-0.24205552,0.69056344,-0.2394046,-0.3008033,-0.24514951,0.716906,-0.24303387,-0.17202742,-0.3017305,-0.2645283,-0.24509633,-0.17442954,-0.15301463,-0.3065683,-0.24991441,-0.17798388,-0.15546985,-0.1478706,-0.27306527,-0.304123,-0.24437904,0.96924037,-0.24181482,-0.26381022,0.5226546,0.50391257,-0.24069251,-0.17627847,-0.29835236,-0.35637724,-0.24195066,-0.17569944,-0.15391138,-0.18443729,-0.25188887,-0.18042026,-0.15640207,-0.1467588,-0.34652692,-0.35169965,-0.24535288,-0.17802998,-0.15434335,-0.32128388,-0.3174648,-0.2457158,-0.17712344,-0.15436384,-0.2788417,-0.3442507,-0.24607691,-0.17724623,-0.15449375,-0.30197197,-0.24907368,0.87042046,-0.24251184,-0.17204882,-0.2555955,-0.24876541,0.64095825,-0.242933,-0.17628223
k__Bacteria|p__Firmicutes|c__Clostridia|o__Clostridiales|f__Lachnospiraceae|g__Lachnospira|s__unclassified,-0.28574407,-0.11410164,0.05186011,0.09950413,0.71876186,-0.31121662,-0.06274545,-0.35552558,0.13912806,0.02910256,-0.3313659,-0.10234568,-0.00060627685,0.040312268,0.0414129,-0.22090736,-0.06654933,-0.06103605,-0.016235605,0.015747238,-0.25414494,0.5942072,0.054837205,0.7475585,0.068359286,-0.3366719,-0.09732787,-0.005172716,0.6258028,0.027809925,-0.31815568,-0.30771792,-0.02418986,0.07825539,0.03559411,-0.25396472,-0.33594304,0.012613558,0.58049446,0.67220044,-0.26324958,-0.07431554,0.073346175,0.82400024,0.10730083,-0.28389317,-0.28815714,1.1762685,0.09535903,0.6061003,-0.24293102,-0.10443396,-0.039685663,0.0029787528,0.014684834,-0.3133456,-0.047380395,0.030472096,-0.34445426,0.077067465,-0.32914695,-0.32914695,0.514099,0.0711422,0.025326889,-0.2859781,-0.28761852,-0.3465716,0.048652112,0.032575525,-0.264517,-0.04276243,0.055199444,0.5887855,0.77950215,-0.26304597,-0.14224052,-0.25958246,0.83263296,0.046326675,-0.31283143,-0.3326372,0.056098342,0.689959,0.11161336,-0.3067636,-0.24514951,0.64415437,0.064687036,0.06369479,-0.27650303,-0.2645283,-0.011319523,0.10483478,0.08230157,-0.3065683,-0.10700552,-0.0022945555,0.049365588,0.04221382,-0.27306527,-0.304123,0.0040061874,0.97514725,0.07531118,-0.26381022,-0.3555616,0.53140527,0.091197856,0.074271835,-0.21825513,0.58293605,0.022181202,0.08056661,0.05944044,-0.18443729,-0.1421061,-0.05950869,0.0043637063,0.016172808,-0.34652692,0.89249957,0.0042788433,0.05523068,0.01419351,-0.32128388,-0.3174648,-0.03315844,0.043052062,0.047561835,-0.2788417,-0.3442507,-0.016459938,0.07755492,0.010373946,-0.24272175,-0.07199512,-0.3511923,0.072724834,0.038758468,-0.2555955,-0.09633012,0.49441475,0.08891444,0.019493489
k__Bacteria|p__Firmicutes|c__Clostridia|o__unclassified|f__unclassified|g__unclassified|s__unclassified,-0.28574407,0.15973112,0.47156543,0.5393861,0.7326072,-0.31121662,0.29344243,0.99555844,0.8058028,0.41119534,1.0086106,0.1892385,0.3331688,0.3972191,0.38514745,-0.026788056,0.2841875,0.1736513,0.2517828,0.32250047,-0.082036465,0.771891,0.6104049,0.70965356,0.6354568,-0.3366719,0.2093991,0.32097477,0.99314547,0.55615556,-0.31815568,-0.30771792,0.39111522,0.539691,0.40123174,-0.25396472,0.90332747,0.48824286,0.50526184,0.64219975,-0.26324958,0.263815,0.5222741,0.80541474,0.75092363,-0.16601548,-0.28815714,-0.34594566,0.704581,0.5598158,-0.07909086,0.17824668,0.23056014,0.29926908,0.31769058,-0.3133456,0.33673716,0.41188002,0.8454091,0.6575408,-0.32914695,-0.32914695,0.63266164,0.6413866,0.40383348,-0.2859781,-0.28761852,0.77499986,0.5872507,0.42259118,-0.264517,0.34830552,0.4760005,0.65111935,0.6990365,-0.26304597,0.094792604,1.6070087,0.81687695,0.5889974,1.4598312,1.0009726,0.5987067,0.68495846,0.7506849,-0.22268578,-0.24514951,0.7181047,0.6329693,0.5162569,-0.14826801,-0.2645283,0.4266308,0.60025537,0.5041028,-0.3065683,0.1797441,0.33277678,0.4232386,0.38767222,1.5383341,-0.304123,0.4723069,0.93126744,0.65705276,-0.26381022,0.5116504,0.46190175,0.68968666,0.52350116,-0.01123634,0.7356856,0.51198894,0.54098237,0.4504574,-0.18443729,0.09128009,0.17661795,0.30863568,0.32420254,0.8208664,0.67436254,0.47463048,0.4806575,0.33704928,-0.32128388,-0.3174648,0.36732566,0.44465172,0.41752312,-0.2788417,0.85694706,0.42022032,0.5383817,0.32507238,-0.084680825,0.27197084,0.730708,0.6557837,0.45417294,-0.2555955,0.21583897,0.51655895,0.69325197,0.38690385
k__Bacteria|p__Firmicutes|c__Clostridia|o__Clostridiales|f__Lachnospiraceae|g__Anaerostipes|s__unclassified,-0.28574407,-0.31802285,-0.30472288,-0.2908118,-0.35537535,-0.31121662,-0.3449958,-0.35552558,-0.4495842,-0.29041368,-0.3313659,-0.3243696,-0.27675247,-0.26346406,-0.25028566,-0.33004382,-0.34396994,-0.24431801,-0.23373596,-0.23590799,-0.31200236,-0.35307166,-0.4077366,-0.35720402,-0.4122849,-0.3366719,-0.32718062,-0.27391204,0.42949596,-0.38620704,-0.31815568,-0.30771792,-0.36520147,-0.3175672,-0.25623348,-0.25396472,-0.33594304,-0.38428527,-0.3509197,-0.345838,-0.26324958,-0.33850187,-0.31537572,-0.3421979,-0.42921162,-0.29657245,-0.28815714,-0.34594566,-0.42800266,-0.35713702,-0.31850433,-0.32323945,-0.25616708,-0.24299426,-0.23474656,-0.3133456,-0.35343122,-0.29300493,-0.34445426,-0.41456217,-0.32914695,-0.32914695,-0.35751456,-0.41502994,-0.2872122,-0.2859781,-0.28761852,-0.3465716,-0.40391833,-0.2926445,-0.264517,-0.35520273,-0.30530617,-0.35305658,-0.34904224,-0.26304597,-0.30375195,-0.25958246,0.7983407,-0.39860103,-0.31283143,-0.3326372,-0.40749013,-0.35933927,-0.43194556,-0.28353405,-0.24514951,-0.35424852,-0.4095834,-0.30455077,-0.3018591,-0.2645283,-0.3723598,-0.33038703,-0.28213713,-0.3065683,-0.32288426,-0.27604237,-0.26952168,-0.25145182,-0.27306527,-0.304123,-0.38081777,0.8911214,-0.41477758,-0.26381022,-0.3555616,0.44263703,-0.42566907,-0.31345692,-0.3311183,-0.35637724,-0.38906753,-0.3187357,-0.2706997,-0.18443729,-0.30404228,-0.24443287,-0.24516645,-0.2349131,-0.34652692,-0.35169965,-0.3803332,-0.30681533,-0.24645948,-0.32128388,-0.3174648,-0.36051524,-0.29937676,-0.26438102,-0.2788417,-0.3442507,-0.3697155,-0.31775165,-0.24435294,-0.3203286,-0.34029257,-0.3511923,-0.4137504,-0.29073167,-0.2555955,-0.3274119,-0.35720906,-0.42423612,-0.28436726
k__Bacteria|p__Firmicutes|c__Clostridia|o__Clostridiales|f__Lachnospiraceae|g__Lachnobacterium|s__unclassified,-0.28574407,-0.31430918,-0.29778954,-0.28236187,0.6935172,-0.31121662,-0.34007853,-0.35552558,-0.43472856,-0.28378657,-0.3313659,-0.3197059,-0.27252358,-0.25780022,-0.24406396,-0.32573932,-0.33840144,-0.24194874,-0.23018277,-0.23100479,-0.3121783,-0.35307166,-0.39985296,-0.35720402,-0.40084946,-0.3366719,-0.32352722,-0.26942268,-0.35797155,-0.3814584,-0.31815568,-0.30771792,-0.35890576,-0.30833304,-0.2513511,-0.25396472,-0.33594304,-0.3766202,-0.3509197,-0.345838,-0.26324958,-0.33411455,-0.30701602,0.85656536,-0.41860986,-0.2979637,-0.28815714,-0.34594566,-0.41823548,-0.35713702,-0.3148449,-0.31700093,-0.25279382,-0.23795362,-0.22998351,-0.3133456,-0.3484745,-0.28666237,-0.34445426,-0.40344456,-0.32914695,-0.32914695,-0.35751456,-0.40465757,-0.2801495,-0.2859781,-0.28761852,-0.3465716,-0.39569744,-0.28573152,-0.264517,-0.34906602,-0.29789105,0.58279455,-0.34904224,-0.26304597,-0.30102974,-0.25958246,0.7999901,-0.3900659,-0.31283143,-0.3326372,-0.39876258,0.9889962,-0.41838157,-0.28650647,-0.24514951,0.66024107,-0.3985783,-0.29660058,-0.30236956,-0.2645283,-0.36571372,-0.3204624,-0.27360514,-0.3065683,-0.3191239,-0.27224573,-0.2627452,-0.24487026,-0.27306527,-0.304123,-0.37476897,-0.33709,-0.40417224,-0.26381022,0.50165325,0.48958606,-0.41501456,-0.30439237,-0.32728744,-0.35637724,-0.38243377,-0.31033283,-0.26342484,-0.18443729,-0.30117,-0.24219772,-0.24092907,-0.23020585,-0.34652692,-0.35169965,-0.3729658,-0.2985967,-0.24166283,-0.32128388,-0.3174648,-0.3545816,-0.29266027,-0.25780484,-0.2788417,-0.3442507,-0.36282972,-0.30886525,-0.2399379,-0.3153779,-0.33437264,-0.3511923,-0.40215486,-0.28342158,-0.2555955,-0.3244893,-0.35720906,-0.41215605,-0.27724853
k__Bacteria|p__Firmicutes|c__Clostridia|o__Clostridiales|f__Lachnospiraceae|g__[Ruminococcus]|s__unclassified,-0.28574407,0.007643125,0.2557124,0.31324646,-0.35537535,-0.31121662,0.1025599,0.7655435,0.4642015,0.21154125,1.0191547,0.028500913,0.15866068,0.21320556,0.20724271,-0.14990866,0.09563731,0.04601977,0.11038126,0.1619134,-0.1885286,0.63167876,0.32551152,0.6711645,0.34096542,-0.3366719,0.042033095,0.15036426,0.5513963,0.2795724,-0.31815568,1.233936,0.1716631,0.3030257,0.21036635,-0.25396472,-0.33594304,0.2395379,0.49107173,0.6387221,-0.26324958,0.08126442,0.29246432,0.7962162,0.4187411,-0.24768257,-0.28815714,-0.34594566,0.3923891,0.5307853,-0.18604144,0.021615881,0.08608525,0.1438821,0.1583867,-0.3133456,0.13254252,0.21444993,0.79647356,0.35468024,-0.32914695,-0.32914695,0.6165841,0.34713596,0.20331582,-0.2859781,-0.28761852,0.7957967,0.30883366,0.21911529,-0.264517,0.14049008,0.25946265,-0.35305658,-0.34904224,-0.26304597,-0.038685046,-0.25958246,0.80009997,0.30586502,1.175901,-0.3326372,0.31883967,0.56176406,0.42021304,-0.2862002,-0.24514951,0.6343394,0.3377664,0.27861857,-0.23314662,-0.2645283,0.1973118,0.34674767,0.28702062,-0.3065683,0.022601344,0.1576621,0.23182933,0.20879076,-0.27306527,-0.304123,0.22865073,0.9151057,0.35678267,-0.26381022,0.5007497,0.44852638,0.3822096,0.29069346,-0.13735013,0.5520807,0.2569779,0.3046905,0.24809797,-0.18443729,-0.039992902,0.048521932,0.15039474,0.16259539,-0.34652692,-0.35169965,0.22873758,0.26179066,0.16703764,1.0963683,-0.3174648,0.15509808,0.23728454,0.22508365,-0.2788417,-0.3442507,0.1902329,0.30216628,0.15850502,-0.18705907,0.08658076,0.81814826,0.3534404,0.23407774,-0.2555955,0.04617788,0.48282617,0.38225982,0.19080803
k__Bacteria|p__Firmicutes|c__Clostridia|o__Clostridiales|f__Lachnospiraceae|g__Roseburia|s__faecis,-0.28574407,-0.31175423,-0.29160556,-0.2741626,0.6590797,-0.31121662,-0.3360865,-0.35552558,-0.4229946,-0.2778724,-0.3313659,-0.31660283,-0.2683691,-0.25249895,-0.23824073,-0.32649767,-0.33496183,-0.23964739,-0.22680208,-0.2257362,-0.31093147,-0.35307166,-0.39254448,0.5948458,-0.3924444,-0.3366719,-0.32060787,-0.2649523,-0.35797155,-0.37331384,-0.31815568,-0.30771792,-0.35370356,-0.30021152,-0.2446935,-0.25396472,-0.33594304,-0.37011218,0.4785794,-0.345838,-0.26324958,-0.33057845,-0.29981458,-0.3421979,-0.40756908,-0.2993642,-0.28815714,-0.34594566,-0.40972516,0.530184,-0.31546444,-0.31360126,-0.24979155,-0.23344915,-0.22489375,-0.3133456,-0.34427607,-0.2812029,-0.34445426,-0.39420015,-0.32914695,-0.32914695,0.4589157,-0.39606965,-0.27445096,-0.2859781,-0.28761852,0.8196358,-0.38856876,-0.2797492,-0.264517,-0.34395534,-0.29112566,-0.35305658,-0.34904224,-0.26304597,-0.29882988,1.6034914,-0.34404397,-0.38174242,-0.31283143,-0.3326372,-0.39154837,-0.35933927,-0.40686733,-0.28771126,-0.24514951,-0.35424852,-0.38883263,-0.28852007,-0.30331594,-0.2645283,-0.3601679,-0.31151515,-0.26556832,-0.3065683,-0.31641072,-0.26807892,-0.2570366,-0.23929742,-0.27306527,-0.304123,-0.36922908,-0.33709,-0.39437538,-0.26381022,-0.3555616,0.43378884,-0.40608737,-0.29682037,-0.3260795,-0.35637724,-0.37618494,-0.30284092,-0.25644222,-0.18443729,-0.29961395,-0.23958078,-0.2367588,-0.22463502,-0.34652692,-0.35169965,-0.3664766,-0.2919547,-0.23640554,-0.32128388,-0.3174648,-0.349644,-0.2865769,-0.25152636,-0.2788417,-0.3442507,-0.35720044,-0.30130258,-0.23516425,-0.3154039,-0.33013076,-0.3511923,-0.3923763,-0.27562967,-0.2555955,-0.32150555,0.4731024,-0.40261856,-0.2722295
k__Bacteria|p__Firmicutes|c__Clostridia|o__Coriobacteriales|f__Coriobacteriaceae|g__Collinsella|s__unclassified,-0.28574407,-0.2626366,-0.22947615,-0.21412188,0.6595696,1.3148462,-0.27650353,0.7681487,-0.3297892,-0.22186674,-0.3313659,-0.26577175,-0.21564305,-0.19942774,-0.18902816,-0.284228,-0.27519408,-0.19910644,-0.18432058,-0.18195173,-0.27756035,0.575652,-0.3081421,-0.35720402,-0.31007105,-0.3366719,-0.2674861,-0.21399626,0.46741116,-0.2990524,1.296869,-0.30771792,-0.2871486,-0.23583877,-0.19544308,1.8483573,-0.33594304,-0.296689,-0.3509197,-0.345838,1.6653353,-0.27308115,-0.23482998,-0.3421979,-0.3202836,-0.26774833,-0.28815714,0.9131628,-0.31903386,0.57632124,-0.27876315,-0.26462752,-0.2051284,-0.18880773,-0.18126036,-0.3133456,-0.28087693,-0.22329456,-0.34445426,-0.31212026,1.2833103,1.2833103,0.5481559,-0.31190562,-0.21970885,-0.2859781,-0.28761852,-0.3465716,-0.30647027,-0.22269966,1.6090853,-0.2814557,-0.2296079,0.5538365,-0.34904224,-0.26304597,-0.2552061,-0.25958246,-0.34404397,-0.30310145,-0.31283143,-0.3326372,-0.30852112,-0.35933927,-0.3209396,-0.26127976,-0.24514951,0.6732131,-0.3084365,-0.22876617,-0.27095833,1.6025628,-0.29062665,-0.24313034,-0.2086994,-0.3065683,-0.26543295,-0.21535496,-0.20205165,-0.18916744,1.6408294,-0.304123,-0.29502383,-0.33709,-0.31203282,-0.26381022,0.50930053,-0.35609764,-0.31790388,-0.2334013,-0.28617966,-0.35637724,-0.2994607,-0.23685604,-0.20253578,-0.18443729,-0.2545855,-0.1993974,-0.190007,-0.18167107,1.2618014,0.7418935,-0.29452702,-0.23005001,-0.1901498,1.4097918,-0.3174648,-0.28479153,-0.22700559,-0.19921997,1.4975802,1.023207,-0.28900898,-0.23560421,-0.18909031,-0.27977267,-0.27393615,1.306461,-0.31135276,-0.22292064,-0.2555955,-0.267439,0.4695429,-0.3163911,-0.21822472
k__Bacteria|p__Firmicutes|c__Clostridia|o__Clostridiales|f__Ruminococcaceae|g__Oscillospira|s__unclassified,-0.28574407,-0.17309448,-0.08166413,-0.050075643,0.76004577,-0.31121662,-0.15701652,0.69531184,-0.08251782,-0.086815014,-0.3313659,-0.1681755,-0.102663904,-0.07439259,-0.06610696,-0.22791404,-0.15827659,-0.122618884,-0.09335699,-0.07392003,-0.2400426,0.63031566,-0.11727188,0.8717384,-0.105953425,1.227059,-0.1683848,-0.10182505,0.45331016,-0.124705,-0.31815568,1.3575217,-0.14558156,-0.0682329,-0.072342604,-0.25396472,-0.33594304,-0.13106918,0.48825282,0.63204926,-0.26324958,-0.16135523,-0.07297967,0.8244386,-0.09318063,-0.2529523,-0.28815714,-0.34594566,-0.10407646,0.53131115,-0.23384345,-0.16636598,-0.11474444,-0.08358428,-0.07483159,1.2567242,-0.15309817,-0.08865118,0.82920945,-0.10301834,-0.32914695,-0.32914695,0.46445873,-0.10892046,-0.08737886,-0.2859781,-0.28761852,0.951261,-0.11948493,-0.08577048,-0.264517,-0.14871547,-0.07880224,0.6045533,0.65211755,-0.26304597,-0.18219082,-0.25958246,0.93455833,-0.11641906,1.2547909,1.0167509,-0.11822136,0.6031646,-0.08763409,-0.26241082,-0.24514951,0.7116661,-0.10628719,-0.07335463,-0.2492967,-0.2645283,-0.1406377,-0.061075136,-0.05381758,-0.3065683,-0.1730232,-0.10349516,-0.07051689,-0.06593046,-0.27306527,-0.304123,-0.13678387,0.8923849,-0.104818426,-0.26381022,0.51955456,0.6665277,-0.104681924,-0.0702633,-0.22472024,0.57083607,-0.1323462,-0.07106078,-0.062562,-0.18443729,-0.18315576,-0.121579476,-0.08654907,-0.07374216,-0.34652692,-0.35169965,-0.13284037,-0.078638926,-0.080100745,-0.32128388,-0.3174648,-0.14850852,-0.08498071,-0.06713025,-0.2788417,-0.3442507,-0.14008953,-0.06998009,-0.08192529,-0.23234145,-0.15643641,0.7292958,-0.101119846,-0.080473624,1.6988811,-0.16905478,0.47930118,-0.098759964,-0.08884487
k__Bacteria|p__Firmicutes|c__Clostridia|o__Clostridiales|f__Lachnospiraceae|g__[Ruminococcus]|s__gnavus,-0.28574407,0.5784693,0.5505696,0.5253726,0.66494286,-0.31121662,0.62674785,-0.35552558,0.80920017,0.5246137,1.1023315,0.5888725,0.50190073,0.47595525,0.4517654,0.5934068,0.622337,0.44446334,0.42387298,0.42766926,0.5763155,-0.35307166,0.7391321,0.605742,0.7421693,1.0125692,0.59516555,0.49756265,0.5054828,0.70597965,-0.31815568,1.5546157,0.6621565,0.5730148,0.46573612,-0.25396472,0.9222893,0.6959439,0.4778483,0.62949544,-0.26324958,0.61527383,0.5690409,-0.3421979,0.7782129,0.54550433,-0.28815714,0.9135287,0.7739353,0.53138626,0.575524,0.5848657,0.46507415,0.4399063,0.42540824,1.2383436,0.64197683,0.5296728,0.85264605,0.7477543,1.0426308,1.0426308,0.5773523,0.749648,0.5169334,-0.2859781,1.443057,-0.3465716,0.7311655,0.5279919,-0.264517,0.6448641,0.55213815,0.5759034,0.6769076,-0.26304597,0.5544094,-0.25958246,0.79663336,0.7223382,1.1851132,1.1215361,0.73698705,0.62372404,0.7792421,0.5262315,-0.24514951,0.6525956,0.7407785,0.5495467,0.5549526,1.6029913,0.67546844,0.5961178,0.5090852,1.2261902,0.58731633,0.5013003,0.48543322,0.45254546,-0.27306527,1.2441568,0.6913392,0.90118486,0.751068,1.635775,0.5013145,0.48622808,0.7687652,0.5642463,0.6014695,0.68252516,0.70537865,0.57508963,0.48861876,-0.18443729,0.55393153,0.44580185,0.44417274,0.42662966,0.87753177,0.67468995,0.6894514,0.55281353,0.44657332,-0.32128388,1.1358178,0.6540195,0.54130673,0.47723445,-0.2788417,0.8371415,0.6701904,0.57255006,0.44251266,0.57871974,0.61749977,0.95973253,0.7476448,0.5255415,1.698404,0.5971948,0.4695429,0.76510453,0.5098458
k__Bacteria|p__Firmicutes|c__Erysipelotrichi|o__Erysipelotrichales|f__[Coprobacillaceae]|g__unclassified|s__unclassified,1.74382,0.70792294,0.5476632,0.4913039,0.66284585,1.1686152,0.7179177,1.0924155,0.76558936,0.5426449,-0.3313659,0.7115555,0.53426623,0.4764337,0.45490167,0.8172873,0.7178526,0.5219128,0.4646218,0.44809732,0.80793095,0.6026564,0.7432283,0.6839601,0.74926305,-0.3366719,0.7111683,0.5354461,0.5800408,0.72975075,-0.31815568,1.2620656,0.7254119,0.5557842,0.46885198,1.7379383,-0.33594304,0.7346031,0.5274997,0.6509977,1.6366578,0.71462834,0.554394,0.79463726,0.7536422,0.8001516,-0.28815714,0.86423326,0.75172985,-0.35713702,0.81385076,0.7133497,0.5271844,0.47120127,0.44734892,1.1808702,0.72036797,0.5442131,0.8555135,0.749292,-0.32914695,-0.32914695,0.46235982,0.74848163,0.5389273,-0.2859781,2.0446053,0.95055085,0.74151695,0.5427743,1.6069059,0.72250533,0.54982394,0.61862797,0.7277595,-0.26304597,0.70177245,1.6039807,0.7960268,0.7386389,1.199364,-0.3326372,0.7432518,0.6587942,0.7582545,0.7927393,-0.24514951,0.64230984,0.7465502,0.5413137,0.8048027,-0.2645283,0.7288092,0.560441,0.48781222,-0.3065683,0.7092389,0.53281385,0.47985834,0.4552622,-0.27306527,-0.304123,0.7308898,0.9064279,0.7488085,-0.26381022,0.50559664,0.72533417,0.7513145,0.5531773,0.81934154,0.9204829,0.73296183,0.5540422,0.48080868,-0.18443729,0.70122427,0.52238417,0.468548,0.44690955,0.8640867,0.68359846,0.73294353,0.54959613,0.46785897,1.1339251,-0.3174648,0.7240335,0.5455483,0.47827065,1.5906987,0.8759153,0.7283349,0.5546788,0.4666257,0.8171548,0.71914256,0.92388344,0.75113165,0.5350058,1.696971,0.7092656,0.4706566,0.75465995,0.53791255
k__Bacteria|p__Firmicutes|c__Clostridia|o__Clostridiales|f__unclassified|g__unclassified|s__unclassified,1.3873534,0.23582493,0.57846135,0.6528096,0.6732873,-0.31121662,0.39038914,0.78929514,0.97676647,0.5015698,-0.3313659,0.26923627,0.4231668,0.4900374,0.46805757,0.002064634,0.37639254,0.2400172,0.32264912,0.39259622,-0.06150087,0.8410708,0.7492707,0.62464815,0.7668905,-0.3366719,0.2895736,0.40884125,0.48171052,0.6625778,-0.31815568,1.2374159,0.5038683,0.6517454,0.4709877,-0.25396472,1.0119015,0.6127044,0.5224062,0.64077854,-0.26324958,0.35473228,0.6378905,0.80964893,0.88884187,-0.157568,-0.28815714,0.8694074,0.8620179,0.55293083,-0.057917308,0.25626487,0.30489206,0.3749518,0.38676572,-0.3133456,0.43875152,0.51198465,0.83149326,0.78965986,-0.32914695,-0.32914695,0.63153327,0.78519964,0.48320892,-0.2859781,1.4468888,0.81487626,0.72466755,0.5126179,-0.264517,0.44875973,0.58461,-0.35305658,-0.34904224,-0.26304597,0.15762144,1.6034914,0.9062131,0.70704603,1.1746932,0.99967885,0.74296534,0.8185697,0.8906266,-0.22055486,-0.24514951,0.8310274,0.7615875,0.5960516,-0.13184267,-0.2645283,0.5449413,0.72684574,0.60224944,-0.3065683,0.2615701,0.42132625,0.5184339,0.4700681,-0.27306527,1.2357613,0.5957096,0.89440316,0.7946975,-0.26381022,0.59080595,0.45518616,0.845472,0.62969935,0.023294456,0.6739755,0.6435925,0.65876466,0.5376054,-0.18443729,0.15562662,0.24448556,0.38705957,0.39199507,-0.34652692,0.66448945,0.59200525,0.58577067,0.40517822,-0.32128388,1.1225029,0.4775555,0.5495593,0.5012913,-0.2788417,0.93673474,0.5296155,0.65043294,0.39284843,-0.05415816,0.36028612,0.74298066,0.7843777,0.52201456,-0.2555955,0.29615983,0.48480353,0.8360214,0.4616866
k__Bacteria|p__Firmicutes|c__Clostridia|o__Clostridiales|f__Lachnospiraceae|g__Coprococcus|s__unclassified,-0.28574407,0.17545676,0.47536826,0.5422949,0.73515356,-0.31121662,0.30705073,-0.35552558,0.80997497,0.41070533,0.9967171,0.20430422,0.34189433,0.40198988,0.384972,-0.024415415,0.29577345,0.18570472,0.25904933,0.3205885,-0.08376629,0.8460301,0.61355007,0.60266405,0.63165665,0.9384766,0.22122303,0.32990387,0.6096242,0.5404548,-0.31815568,1.2642077,0.40390462,0.5388842,0.38670024,-0.25396472,0.907891,0.4974664,0.49632692,0.63729596,-0.26324958,0.2766692,0.5264282,0.804968,0.7353697,-0.16490217,-0.28815714,-0.34594566,0.7103672,0.5594508,-0.076665446,0.19379729,0.24124882,0.3044876,0.31572524,1.1717818,0.3482713,0.41864356,0.82035124,0.65154266,-0.32914695,-0.32914695,0.5162732,0.6454749,0.3963448,-0.2859781,1.3777026,0.7657586,0.59306926,0.4201657,-0.264517,0.35719526,0.4807608,0.55802506,0.6701079,-0.26304597,0.108117424,-0.25958246,0.800045,0.5794382,-0.31283143,1.0036842,0.6083002,0.5651947,0.7378861,-0.22072607,-0.24514951,0.70336366,0.6264828,0.49314898,-0.1434768,-0.2645283,0.43872103,0.60272855,0.4995885,-0.3065683,0.19672896,0.3401327,0.42635912,0.3869809,-0.27306527,-0.304123,0.48194999,0.9107349,0.6536989,1.5911585,0.50311977,0.46035215,0.69636196,0.5209491,-0.008509051,0.57092756,0.5227563,0.5443052,0.44426706,-0.18443729,0.10634588,0.18928924,0.31379995,0.3200585,-0.34652692,0.66647184,0.47986567,0.48213956,0.3306435,-0.32128388,-0.3174648,0.38135952,0.4504858,0.4132723,-0.2788417,-0.3442507,0.42675024,0.5376612,0.3202763,-0.074142344,0.28231284,0.72256035,0.6467326,0.42989278,-0.2555955,0.2263518,0.49441475,0.69003725,0.37883714
k__Bacteria|p__Firmicutes|c__Clostridia|o__Clostridiales|f__Lachnospiraceae|g__Blautia|s__unclassified,-0.28574407,0.9748431,0.81082684,0.7459806,0.9079704,1.1811191,1.0130193,1.674056,1.1517215,0.7838538,1.1052969,0.9820701,0.77860075,0.7072238,0.6633254,1.059212,1.0063239,0.7344338,0.6665302,0.64198166,1.0402582,0.69501346,1.0926559,1.035047,1.0866854,1.051964,0.98508835,0.77213204,0.99856985,1.0524896,-0.31815568,1.582916,1.0436006,0.8221707,0.6783356,-0.25396472,1.1657047,1.0657736,0.7322603,0.75151056,-0.26324958,1.0033029,0.8244971,0.98651564,1.1085908,1.0170233,-0.28815714,0.9685025,1.1269296,0.9240539,1.0425445,0.97710305,0.74980974,0.6747768,0.6406961,1.2487864,1.0245392,0.7949639,1.2984098,1.0915612,1.0508461,1.0508461,0.94950444,1.1026804,0.77124065,-0.2859781,1.5836737,0.8318911,1.0910343,0.7845247,-0.264517,1.0222926,0.8109666,1.5483267,0.85787445,1.605151,0.9515749,1.6608325,0.8869102,1.0666001,1.2413137,1.3115605,1.1007442,1.0359604,1.10867,1.0010381,-0.24514951,0.9652279,1.0821612,0.7843509,1.0273292,1.6153282,1.0523629,0.8478616,0.72125745,1.2266167,0.98454845,0.7773397,0.7116029,0.66311985,-0.27306527,1.2632031,1.063401,1.2205387,1.0955169,1.8742163,0.69262713,0.8387467,1.1240909,0.81378233,1.0640006,0.986096,1.0784757,0.83138895,0.702848,-0.18443729,0.9519962,0.7357664,0.6807992,0.63929206,0.96944344,0.80582124,1.0553182,0.8090161,0.6700696,1.1094509,1.1369133,1.0376695,0.8062232,0.6956694,-0.2788417,1.3870246,1.0409921,0.82212913,0.66863304,1.050542,0.9990779,0.98234314,1.0854268,0.76356316,1.9773284,0.98553395,0.7561087,1.1059303,0.765864
k__Bacteria|p__Firmicutes|c__Clostridia|o__Clostridiales|f__Lachnospiraceae|g__unclassified|s__unclassified,-0.28574407,0.74634516,0.75978494,0.74336106,1.0157968,-0.31121662,0.8259672,0.7871093,1.142694,0.7220322,1.0073867,0.76570064,0.6737509,0.65392673,0.6275388,0.7434354,0.8202007,0.5782231,0.5662031,0.58772755,0.7136241,0.65723044,1.0152266,0.98451555,1.0334309,-0.3366719,0.7743494,0.669984,0.8771827,0.9679245,-0.31815568,1.4233961,0.8840362,0.80485415,0.64596796,1.7144234,0.9261052,0.94307387,0.936193,0.90951025,-0.26324958,0.8066951,0.7942332,0.908455,1.0960048,0.65858173,-0.28815714,0.8567119,1.0720812,0.782025,0.71631265,0.763955,0.6133873,0.59835124,0.583701,1.3078046,0.84975934,0.72572625,1.1337212,1.0429741,-0.32914695,-0.32914695,0.7886678,1.0370016,0.71146774,1.9798034,1.4372814,1.4301804,1.0004814,0.7277367,-0.264517,0.85947,0.76544404,0.9275299,0.81230676,-0.26304597,0.70765865,1.6668217,1.0452685,0.9963657,1.2851881,1.1327053,1.009692,1.3645091,1.1037363,0.6250857,-0.24514951,0.8761604,1.0303254,0.7712206,0.6756593,-0.2645283,0.9070265,0.8412822,0.7217589,-0.3065683,0.7587837,0.67164445,0.671968,0.62872046,-0.27306527,-0.304123,0.93086463,1.0231827,1.046547,1.6662139,0.65663993,0.7752667,1.0652336,0.79123735,0.7597554,1.1063643,0.95278263,0.8025794,0.68548304,-0.18443729,0.706025,0.58106613,0.6001613,0.58721244,0.8935403,0.806204,0.9343039,0.76735103,0.61176556,-0.32128388,-0.3174648,0.8702816,0.7442227,0.66497713,1.5992023,0.8324238,0.90141857,0.8020837,0.6033146,0.7215313,0.81687415,0.7849533,1.0471694,0.73328793,1.7031658,0.7756429,0.86986715,1.0710472,0.7001251
k__Bacteria|p__Firmicutes|c__Clostridia|o__Clostridiales|f__Peptostreptococcaceae|g__unclassified|s__unclassified,1.3817804,-0.17977548,-0.08905022,-0.058778275,-0.35537535,-0.31121662,-0.16322091,0.73123693,-0.0970854,-0.098541886,-0.3313659,-0.1759689,-0.10447555,-0.0786969,-0.07627587,-0.24796933,-0.16552243,-0.123707466,-0.09721442,-0.08583289,-0.26307002,-0.35307166,-0.1282284,0.5930455,-0.12572163,1.3680016,-0.1757671,-0.10656816,-0.35797155,-0.14384201,-0.31815568,1.2562383,-0.14960629,-0.08213053,-0.088411696,-0.25396472,0.9075536,-0.13879888,0.47506514,0.6246894,-0.26324958,-0.16750848,-0.08174464,0.79328185,-0.116328165,-0.27278873,-0.28815714,-0.34594566,-0.11187145,0.5472555,-0.2565606,-0.17689323,-0.11701929,-0.09197769,-0.08605423,1.2378546,-0.15869805,-0.09535211,0.79539293,-0.12229322,-0.32914695,-0.32914695,0.6618733,-0.121232405,-0.10190408,-0.2859781,-0.28761852,-0.3465716,-0.12827496,-0.09820838,-0.264517,-0.15862557,-0.08780338,-0.35305658,-0.34904224,-0.26304597,-0.19099708,-0.25958246,-0.34404397,-0.13572368,-0.31283143,-0.3326372,-0.12408239,0.59605044,-0.11404553,-0.28140152,-0.24514951,0.6400919,-0.12816665,-0.0947348,-0.269018,-0.2645283,-0.14620669,-0.07069823,-0.0686433,-0.3065683,-0.17643145,-0.105542324,-0.076670505,-0.076222144,-0.27306527,-0.304123,-0.14201675,-0.33709,-0.12331308,-0.26381022,0.5197763,0.46255088,-0.11267738,-0.0836117,-0.24815623,0.57165945,-0.1345393,-0.07887525,-0.077139385,-0.18443729,-0.19094196,-0.123171225,-0.09117372,-0.08643944,-0.34652692,-0.35169965,-0.14353779,-0.08898839,-0.09248217,-0.32128388,1.1855663,-0.15217514,-0.090993255,-0.08036898,-0.2788417,0.8684167,-0.15001664,-0.082390614,-0.092868656,-0.25321913,-0.16808182,-0.3511923,-0.12672706,-0.10311708,-0.2555955,-0.17617613,0.47243595,-0.1187147,-0.10370239
k__Bacteria|p__Firmicutes|c__Clostridia|o__Clostridiales|f__Lachnospiraceae|g__Dorea|s__unclassified,-0.28574407,-0.117594786,0.016424485,0.05703406,0.66528386,-0.31121662,-0.07875668,0.6094804,0.07753062,-0.0018170001,-0.3313659,-0.108161494,-0.023379643,0.010720226,0.011656478,-0.20745713,-0.08159756,-0.069090314,-0.032548305,-0.009069949,-0.23813806,-0.35307166,0.008784825,0.59696925,0.020465339,1.1751932,-0.105813086,-0.026763733,0.43032664,-0.016929414,-0.31815568,1.5143203,-0.04878918,0.036332507,0.0012000147,-0.25396472,-0.33594304,-0.021270294,-0.3509197,0.62485,-0.26324958,-0.08802067,0.0336045,0.79711735,0.04659148,-0.2602606,-0.28815714,-0.34594566,0.041846998,0.5237725,-0.2247003,-0.10874187,-0.052731454,-0.017757677,-0.009822664,-0.3133456,-0.06761089,0.00076640723,0.8394781,0.026787497,1.0521864,1.0521864,0.4792169,0.02320169,-0.0059186528,-0.2859781,-0.28761852,0.787887,0.005415665,0.00035452712,-0.264517,-0.06463073,0.019396923,0.55162495,0.6526417,-0.26304597,-0.14049521,-0.25958246,-0.34404397,-0.00066987704,-0.31283143,-0.3326372,0.012497073,0.5531356,0.052232012,-0.27947447,-0.24514951,0.63424635,0.015078731,0.019052964,-0.2530631,-0.2645283,-0.039319184,0.058078762,0.04168161,-0.3065683,-0.111909404,-0.025347497,0.01757041,0.012406777,-0.27306527,-0.304123,-0.028694507,-0.33709,0.02465301,-0.26381022,0.5036832,0.44872886,0.039380826,0.033284254,-0.2065857,0.55719703,-0.014200341,0.03905239,0.023130052,-0.18443729,-0.13992353,-0.067993075,-0.0173632,-0.009481153,-0.34652692,0.67184865,-0.028859429,0.01909131,-0.012542867,-0.32128388,-0.3174648,-0.05545491,0.010232359,0.014317059,-0.2788417,-0.3442507,-0.044336833,0.0356925,-0.014984222,-0.22224772,-0.08596438,0.7736952,0.02235812,-0.00020170669,-0.2555955,-0.10641509,-0.35720906,0.03624555,-0.010170466
k__Bacteria|p__Firmicutes|c__Clostridia|o__Clostridiales|f__Veillonellaceae|g__unclassified|s__unclassified,-0.28574407,-0.2175104,-0.14350288,-0.12114974,0.6928068,-0.31121662,-0.21163763,-0.35552558,-0.19150075,-0.14777675,-0.3313659,-0.21656618,-0.1488443,-0.12575343,-0.12057259,-0.2674262,-0.21173851,-0.15585472,-0.1316962,-0.12350008,-0.26745376,0.5920837,-0.19750449,0.6631024,-0.19876641,-0.3366719,-0.21488877,-0.14981468,0.43488315,-0.20131403,-0.31815568,-0.30771792,-0.20694944,-0.14171718,-0.12760349,1.6898434,-0.33594304,-0.20372848,0.50319606,-0.345838,-0.26324958,-0.2127018,-0.14171651,-0.3421979,-0.19345304,-0.2705266,-0.28815714,0.9253464,-0.1937579,-0.35713702,-0.26932037,-0.21750592,-0.15325661,-0.13063799,-0.12384734,-0.3133456,-0.2091672,-0.1464089,0.82737863,-0.19840002,1.0764551,1.0764551,0.63104934,-0.19767994,-0.14851141,-0.2859781,-0.28761852,0.89538854,-0.1989238,-0.14724,-0.264517,-0.20955287,-0.14421213,-0.35305658,-0.34904224,-0.26304597,-0.21987316,-0.25958246,1.016487,-0.20078368,-0.31283143,-0.3326372,-0.1980019,0.6338474,-0.19456457,-0.27279308,-0.24514951,1.7486802,-0.19961475,-0.14381713,-0.26943204,-0.2645283,-0.20513996,-0.1387959,-0.123068675,1.2351091,-0.21553895,-0.14883855,-0.12437201,-0.12039971,-0.27306527,1.2562064,-0.20290503,-0.33709,-0.19779435,-0.26381022,-0.3555616,0.50472647,-0.19475031,-0.14319709,-0.26681376,0.55877316,-0.20196977,-0.14112458,-0.12536374,-0.18443729,-0.21934925,-0.15590858,-0.12919429,-0.123651534,1.0063174,0.69028187,-0.20409955,-0.14331913,-0.13000952,1.1901795,-0.3174648,-0.20814557,-0.14479822,-0.12708975,-0.2788417,-0.3442507,-0.20581895,-0.14162122,-0.1306908,-0.26954442,-0.21278086,-0.3511923,-0.19804996,-0.14658302,-0.2555955,-0.21436787,0.5588171,-0.19538483,-0.14968054
k__Bacteria|p__Bacteroidetes|c__Bacteroidia|o__Bacteroidales|f__Bacteroidaceae|g__Bacteroides|s__caccae,-0.28574407,-0.32184395,-0.30300564,-0.29358298,-0.35537535,-0.31121662,-0.34713688,-0.35552558,-0.4501508,-0.2895415,-0.3313659,-0.32817233,-0.27729377,-0.26293403,-0.24953209,-0.3283386,-0.3439312,-0.24718247,-0.23431286,-0.23560674,-0.31249428,-0.35307166,-0.40333414,-0.35720402,-0.40876132,-0.3366719,-0.3290664,-0.2751217,-0.35797155,-0.38395,-0.31815568,-0.30771792,-0.36712912,-0.3161135,-0.2530564,-0.25396472,-0.33594304,-0.38484904,-0.3509197,-0.345838,-0.26324958,-0.34047067,-0.31428808,-0.3421979,-0.42627698,-0.2949258,-0.28815714,-0.34594566,-0.42571673,-0.35713702,-0.31762838,-0.32739925,-0.25806445,-0.24362986,-0.23473777,-0.3133456,-0.35411122,-0.29259196,-0.34445426,-0.41334412,-0.32914695,-0.32914695,-0.35751456,-0.41335762,-0.28440422,-0.2859781,-0.28761852,-0.3465716,-0.401524,-0.29049116,-0.264517,-0.35595375,-0.3051867,-0.35305658,-0.34904224,-0.26304597,-0.3069114,-0.25958246,-0.34404397,-0.39433682,-0.31283143,-0.3326372,-0.40636647,-0.35933927,-0.42965144,-0.28256735,-0.24514951,-0.35424852,-0.40682322,-0.29875225,-0.30120042,-0.2645283,-0.37310073,-0.33133554,-0.28163043,-0.3065683,-0.3263705,-0.27618104,-0.26728547,-0.24963042,-0.27306527,-0.304123,-0.37963888,-0.33709,-0.41341662,-0.26381022,-0.3555616,-0.35609764,-0.42462733,-0.31216437,-0.33185408,-0.35637724,-0.3893634,-0.3183025,-0.26874042,-0.18443729,-0.3059783,-0.24815139,-0.2444413,-0.23488049,-0.34652692,-0.35169965,-0.3795655,-0.3044111,-0.24472103,-0.32128388,-0.3174648,-0.36300915,-0.29933032,-0.26295367,-0.2788417,-0.3442507,-0.3690586,-0.31510046,-0.24294695,-0.321859,-0.3418183,-0.3511923,-0.4110226,-0.28586042,-0.2555955,-0.32849354,-0.35720906,-0.42072174,-0.2811356
k__Bacteria|p__Bacteroidetes|c__Bacteroidia|o__Bacteroidales|f__Porphyromonadaceae|g__Dysgonomonas|s__unclassified,-0.28574407,-0.31918916,-0.30877835,-0.29684457,-0.35537535,-0.31121662,-0.34724832,-0.35552558,-0.45816585,-0.29424793,-0.3313659,-0.32577264,-0.2781394,-0.26586184,-0.2539254,-0.3266541,-0.34500468,-0.2443121,-0.23518364,-0.23977186,-0.3158473,-0.35307166,-0.41466302,-0.35720402,-0.41911513,-0.3366719,-0.32859883,-0.27711648,-0.35797155,-0.39393386,-0.31815568,-0.30771792,-0.36720845,-0.32402968,-0.260544,-0.25396472,-0.33594304,-0.3882735,-0.3509197,-0.345838,-0.26324958,-0.34029964,-0.3206691,-0.3421979,-0.4394007,-0.29758102,-0.28815714,-0.34594566,-0.43454492,-0.35713702,-0.3169143,-0.32485408,-0.2568551,-0.24638487,-0.23815544,-0.3133456,-0.3556616,-0.2968635,-0.34445426,-0.4217279,-0.32914695,-0.32914695,-0.35751456,-0.4215325,-0.2898356,-0.2859781,-0.28761852,-0.3465716,-0.40929335,-0.29617694,-0.264517,-0.3586347,-0.31073448,-0.35305658,-0.34904224,-0.26304597,-0.30518556,-0.25958246,0.7941498,-0.40549278,-0.31283143,-0.3326372,-0.41222948,-0.35933927,-0.44216862,-0.28538182,-0.24514951,-0.35424852,-0.41833383,-0.3089282,-0.30373645,-0.2645283,-0.37581533,-0.3365645,-0.28840274,-0.3065683,-0.32329914,-0.27746445,-0.27210143,-0.254525,-0.27306527,-0.304123,-0.38465518,-0.33709,-0.42340976,-0.26381022,-0.3555616,-0.35609764,-0.4314354,-0.31854618,-0.332176,-0.35637724,-0.39153233,-0.3234164,-0.2757539,-0.18443729,-0.30532473,-0.24535523,-0.24711925,-0.2389273,-0.34652692,-0.35169965,-0.3850304,-0.31106493,-0.24947989,-0.32128388,-0.3174648,-0.36242884,-0.30291212,-0.26875374,-0.2788417,-0.3442507,-0.3737315,-0.32321256,-0.2469175,-0.31975606,-0.3436886,-0.3511923,-0.4236875,-0.29467154,-0.2555955,-0.32951045,-0.35720906,-0.43302432,-0.28560907
k__Bacteria|p__Bacteroidetes|c__Bacteroidia|o__Bacteroidales|f__Prevotellaceae|g__Prevotella|s__stercorea,-0.28574407,-0.31829387,-0.30475056,-0.29995847,-0.35537535,-0.31121662,-0.34480387,-0.35552558,-0.46123615,-0.2940035,-0.3313659,-0.32537723,-0.27434817,-0.26267034,-0.25383806,-0.32700622,-0.34128398,-0.24253017,-0.23231345,-0.24053104,-0.31815276,-0.35307166,-0.4072039,-0.35720402,-0.4190989,-0.3366719,-0.3257371,-0.27484414,-0.35797155,-0.3924713,-0.31815568,-0.30771792,-0.36473933,-0.32392526,-0.26163313,-0.25396472,-0.33594304,-0.38538727,-0.3509197,-0.345838,-0.26324958,-0.33803892,-0.31871238,-0.3421979,-0.44188845,-0.29525608,-0.28815714,-0.34594566,-0.42925048,-0.35713702,-0.31893235,-0.32732236,-0.25450176,-0.24559052,-0.23936367,-0.3133456,-0.35139763,-0.29397213,-0.34445426,-0.4240399,-0.32914695,-0.32914695,0.74758905,-0.41875273,-0.2904109,-0.2859781,-0.28761852,-0.3465716,-0.40312234,-0.2951823,-0.264517,-0.357281,-0.30932122,-0.35305658,-0.34904224,-0.26304597,-0.30440086,-0.25958246,-0.34404397,-0.40469524,-0.31283143,-0.3326372,-0.4074297,-0.35933927,-0.44863117,-0.28418678,-0.24514951,-0.35424852,-0.41972905,-0.3120679,-0.30226398,-0.2645283,-0.37277395,-0.3383174,-0.29146022,-0.3065683,-0.3213368,-0.27285755,-0.26825038,-0.2533684,-0.27306527,-0.304123,-0.37838686,-0.33709,-0.4249192,-0.26381022,-0.3555616,-0.35609764,-0.42822713,-0.31985724,-0.33554804,-0.35637724,-0.38634217,-0.32177842,-0.27673453,-0.18443729,-0.30347428,-0.2445946,-0.24318217,-0.24113654,-0.34652692,-0.35169965,-0.38191855,-0.30844343,-0.24975502,-0.32128388,-0.3174648,-0.36010677,-0.30061895,-0.2693445,-0.2788417,-0.3442507,-0.37058592,-0.321052,-0.2464397,-0.32359052,-0.34338233,-0.3511923,-0.4258564,-0.30004576,-0.2555955,-0.32582793,-0.35720906,-0.43217438,-0.28610793
k__Bacteria|p__Bacteroidetes|c__Bacteroidia|o__Bacteroidales|f__[Paraprevotellaceae]|g__[Prevotella]|s__unclassified,-0.28574407,-0.31922722,-0.30775765,-0.29297644,-0.35537535,-0.31121662,-0.3477896,-0.35552558,-0.45179117,-0.2924641,-0.3313659,-0.32503653,-0.2800934,-0.26605722,-0.25183755,-0.32758206,-0.3461206,-0.24647242,-0.23571074,-0.23745686,-0.3121362,-0.35307166,-0.41357097,-0.35720402,-0.4148258,-0.3366719,-0.329243,-0.27661693,-0.35797155,-0.3928298,-0.31815568,-0.30771792,-0.36846083,-0.31919026,-0.25925684,-0.25396472,-0.33594304,-0.38778892,1.1639266,1.1752369,-0.26324958,-0.34138405,-0.31798175,-0.3421979,-0.43363252,-0.2972399,-0.28815714,-0.34594566,-0.43373787,-0.35713702,-0.31574816,-0.3224142,-0.25831917,-0.24424563,-0.23644227,-0.3133456,-0.35699248,-0.29561368,-0.34445426,-0.4171416,-0.32914695,-0.32914695,-0.35751456,-0.4186926,-0.2887192,-0.2859781,-0.28761852,-0.3465716,-0.40888363,-0.29470304,-0.264517,-0.35778576,-0.30788937,-0.35305658,-0.34904224,-0.26304597,-0.3045619,-0.25958246,-0.34404397,-0.4030299,-0.31283143,-0.3326372,-0.41267943,-0.35933927,-0.43392357,-0.2853145,-0.24514951,-0.35424852,-0.41191673,-0.30701703,-0.30194774,-0.2645283,-0.37619,-0.33258727,-0.28352168,-0.3065683,-0.32438603,-0.27964425,-0.27149677,-0.25274605,-0.27306527,-0.304123,-0.38598472,-0.33709,-0.41832635,-0.26381022,-0.3555616,-0.35609764,-0.43022978,-0.31520736,-0.32905835,-0.35637724,-0.39451465,-0.32147968,-0.2723554,-0.18443729,-0.30545348,-0.24681503,-0.24747013,-0.23669046,-0.34652692,-0.35169965,-0.38357455,-0.30869904,-0.24859956,-0.32128388,-0.3174648,-0.3636071,-0.30221474,-0.2661782,-0.2788417,-0.3442507,-0.37253648,-0.31991774,-0.2466892,-0.31615657,-0.34137094,-0.3511923,-0.4156848,-0.29255506,-0.2555955,-0.33045194,-0.35720906,-0.4269225,-0.2854533
k__Bacteria|p__Bacteroidetes|c__Bacteroidia|o__Bacteroidales|f__[Odoribacteraceae]|g__Butyricimonas|s__unclassified,-0.28574407,-0.31718686,-0.30491656,-0.28947973,0.85975665,-0.31121662,-0.3445236,-0.35552558,-0.44584522,-0.2898616,-0.3313659,-0.32308,-0.27739558,-0.26373935,-0.24995436,-0.3273429,-0.34316713,-0.24469326,-0.23437256,-0.2360363,-0.31353348,-0.35307166,-0.40891737,-0.35720402,-0.4102115,-0.3366719,-0.32722697,-0.2743678,-0.35797155,-0.38868833,-0.31815568,-0.30771792,-0.36444902,-0.31664145,-0.25715473,-0.25396472,-0.33594304,-0.3835007,-0.3509197,-0.345838,-0.26324958,-0.33814925,-0.31483778,0.79373384,-0.42906815,-0.29819614,-0.28815714,-0.34594566,-0.42784938,-0.35713702,-0.31605703,-0.3205245,-0.25648805,-0.2429176,-0.23473078,-0.3133456,-0.35353762,-0.29292315,0.9110205,-0.41249406,-0.32914695,-0.32914695,-0.35751456,-0.413795,-0.286076,-0.2859781,-0.28761852,-0.3465716,-0.40403196,-0.29208302,-0.264517,-0.35448143,-0.3049137,-0.35305658,-0.34904224,-0.26304597,-0.30354452,-0.25958246,-0.34404397,-0.3984056,-0.31283143,-0.3326372,-0.40698212,-0.35933927,-0.42911738,-0.28578034,-0.24514951,-0.35424852,-0.4079737,-0.30401754,-0.3031335,-0.2645283,-0.37194693,-0.3288902,-0.2810538,-0.3065683,-0.32243824,-0.27711183,-0.26959282,-0.25097838,-0.27306527,-0.304123,-0.38156894,-0.33709,-0.4134444,-0.26381022,-0.3555616,-0.35609764,-0.42443627,-0.31193686,-0.32924902,-0.35637724,-0.38902926,-0.31804264,-0.27024993,-0.18443729,-0.3037109,-0.2448481,-0.24601436,-0.23506004,-0.34652692,-0.35169965,-0.38010827,-0.3062307,-0.24670854,-0.32128388,-0.3174648,-0.35978246,-0.29915735,-0.26399624,-0.2788417,-0.3442507,-0.36940742,-0.31711552,-0.2446015,-0.31684077,-0.3392008,-0.3511923,-0.41213733,-0.28996682,-0.2555955,-0.32821488,-0.35720906,-0.42268005,-0.2829688
k__Bacteria|p__Bacteroidetes|c__Bacteroidia|o__Bacteroidales|f__Bacteroidaceae|g__Bacteroides|s__plebeius,-0.28574407,-0.31564742,-0.3065421,-0.29420993,0.9456488,-0.31121662,-0.3435874,-0.35552558,-0.45229983,-0.29343447,-0.3313659,-0.32202446,-0.27656484,-0.2645955,-0.25333503,-0.32885993,-0.34217227,-0.2429676,-0.2342292,-0.24007097,-0.31847513,-0.35307166,-0.41036528,-0.35720402,-0.4168152,-0.3366719,-0.3259254,-0.27437237,-0.35797155,-0.39553818,-0.31815568,-0.30771792,-0.3637277,-0.3218044,-0.26424608,-0.25396472,-0.33594304,-0.38421392,-0.3509197,0.6503718,-0.26324958,-0.33728415,-0.31745335,-0.3421979,-0.43904608,-0.29974562,-0.28815714,-0.34594566,-0.42935073,1.4406241,-0.31920305,-0.3210811,-0.25538585,-0.2447712,-0.23867838,-0.3133456,-0.35248035,-0.29373667,-0.34445426,-0.41950512,-0.32914695,-0.32914695,-0.35751456,-0.4169643,-0.2911924,-0.2859781,-0.28761852,-0.3465716,-0.4050359,-0.29593784,-0.264517,-0.35595173,-0.307338,-0.35305658,-0.34904224,-0.26304597,-0.30270258,-0.25958246,-0.34404397,-0.40539268,-0.31283143,-0.3326372,-0.40764648,-0.35933927,-0.44117984,-0.2881896,-0.24514951,0.94066715,-0.4159664,-0.31434622,-0.30473512,-0.2645283,-0.3719129,-0.33367616,-0.2877079,-0.3065683,-0.31976587,-0.27626798,-0.2710152,-0.25407663,-0.27306527,-0.304123,-0.38084662,-0.33709,-0.42060155,-0.26381022,-0.3555616,-0.35609764,-0.4267701,-0.31712902,-0.33343533,-0.35637724,-0.38801384,-0.32085505,-0.2760253,-0.18443729,-0.3024633,-0.24360324,-0.24628505,-0.23999004,-0.34652692,-0.35169965,-0.381705,-0.30932817,-0.25128406,-0.32128388,-0.3174648,-0.35853946,-0.3007247,-0.26878574,-0.2788417,-0.3442507,-0.37054074,-0.32121485,-0.24816194,-0.31908417,-0.34043136,-0.3511923,-0.42182037,-0.3011408,-0.2555955,-0.3269586,-0.35720906,-0.42951524,-0.28797796
k__Bacteria|p__Bacteroidetes|c__Bacteroidia|o__Bacteroidales|f__S24-7|g__unclassified|s__unclassified,-0.28574407,-0.31766987,-0.3007726,-0.2873316,-0.35537535,-0.31121662,-0.34376377,-0.35552558,-0.44249642,-0.28635234,-0.3313659,-0.32328504,-0.27520475,-0.2603808,-0.24626741,-0.32639933,-0.34157884,-0.24437255,-0.23209958,-0.23260477,-0.3117398,0.65723044,-0.40310785,-0.35720402,-0.4051769,-0.3366719,-0.3261565,-0.2723032,-0.35797155,-0.38303715,-0.31815568,-0.30771792,-0.3634172,-0.31195864,-0.25201547,-0.25396472,-0.33594304,-0.3811285,0.53187466,0.65614617,-0.26324958,-0.33758008,-0.31085896,0.9216637,-0.42254037,-0.2968275,-0.28815714,-0.34594566,-0.4234124,-0.35713702,-0.31547117,-0.32125384,-0.25533164,-0.2403106,-0.23169012,-0.3133456,-0.35189098,-0.28979856,-0.34445426,-0.40826687,-0.32914695,-0.32914695,-0.35751456,-0.40963924,-0.282291,-0.2859781,-0.28761852,-0.3465716,-0.39982247,-0.28801227,-0.264517,-0.35274267,-0.30151483,-0.35305658,-0.34904224,-0.26304597,-0.30343366,-0.25958246,-0.34404397,-0.39300764,-0.31283143,-0.3326372,-0.40390587,-0.35933927,-0.42379212,-0.285343,-0.24514951,-0.35424852,-0.40276963,-0.29802227,-0.3018403,-0.2645283,-0.37017158,-0.32564187,-0.2769804,-0.3065683,-0.32257634,-0.2745219,-0.26509634,-0.2468407,-0.27306527,-0.304123,-0.3784433,-0.33709,-0.40897375,-0.26381022,-0.3555616,-0.35609764,-0.42082536,-0.3081175,-0.32837456,-0.35637724,-0.3869753,-0.31437942,-0.26566556,-0.18443729,-0.3038244,-0.24490903,-0.24268158,-0.2318178,-0.34652692,-0.35169965,-0.3766015,-0.30167943,-0.24292742,-0.32128388,-0.3174648,-0.359038,-0.2961363,-0.25987,-0.2788417,-0.3442507,-0.3664676,-0.3120447,-0.24126242,-0.3174657,-0.3379074,-0.3511923,-0.4063085,-0.28479904,-0.2555955,-0.32679665,-0.35720906,-0.41686615,-0.2788974
k__Bacteria|p__Bacteroidetes|c__Bacteroidia|o__Bacteroidales|f__Bacteroidaceae|g__Bacteroides|s__ovatus,-0.28574407,-0.3153268,-0.3053685,-0.29662445,-0.35537535,-0.31121662,-0.34422633,-0.35552558,-0.45438027,-0.28996032,-0.3313659,-0.32144898,-0.27758607,-0.26438743,-0.25045374,-0.31027988,-0.33935142,-0.24373466,-0.23304999,-0.23622644,-0.3043279,-0.35307166,-0.40924174,-0.35720402,-0.40978345,-0.3366719,-0.3242321,-0.27540004,-0.35797155,-0.39184624,-0.31815568,-0.30771792,-0.3658057,-0.3188596,-0.25770628,-0.25396472,-0.33594304,-0.3853684,-0.3509197,-0.345838,-0.26324958,-0.33711532,-0.31701255,-0.3421979,-0.43386912,-0.28385693,-0.28815714,-0.34594566,-0.4318021,-0.35713702,-0.30007416,-0.3186962,-0.25546783,-0.24251828,-0.23510236,-0.3133456,-0.352528,-0.29357392,-0.34445426,-0.4152943,1.0418191,1.0418191,-0.35751456,-0.41665423,-0.28380844,-0.2859781,-0.28761852,-0.3465716,-0.40514013,-0.29114914,-0.264517,-0.35413647,-0.3077032,-0.35305658,-0.34904224,-0.26304597,-0.3003353,-0.25958246,0.7947575,-0.39867282,-0.31283143,-0.3326372,-0.40970826,-0.35933927,-0.43373996,-0.2738373,-0.24514951,-0.35424852,-0.41041067,-0.30283108,-0.2900092,-0.2645283,-0.37334198,-0.33504757,-0.28428283,1.2266167,-0.3206886,-0.27715304,-0.26863682,-0.24992813,-0.27306527,-0.304123,-0.38195145,-0.33709,-0.41824698,-0.26381022,-0.3555616,-0.35609764,-0.42907616,-0.31371754,-0.3180421,-0.35637724,-0.39182228,-0.3212778,-0.2710389,-0.18443729,-0.2994236,-0.24540937,-0.24481459,-0.23614518,-0.34652692,-0.35169965,-0.38053742,-0.30586,-0.2460267,1.1137066,-0.3174648,-0.36122906,-0.30097,-0.26440576,-0.2788417,-0.3442507,-0.3685637,-0.317848,-0.24382694,-0.30375743,-0.33712435,-0.3511923,-0.413661,-0.28888705,-0.2555955,-0.32568544,0.48260623,-0.42414063,-0.2784305
k__Bacteria|p__Bacteroidetes|c__Bacteroidia|o__Bacteroidales|f__[Paraprevotellaceae]|g__Paraprevotella|s__unclassified,-0.28574407,-0.31498653,-0.2787202,-0.261848,-0.35537535,-0.31121662,-0.3341567,-0.35552558,-0.40041164,-0.26511097,-0.3313659,-0.31811145,-0.26352853,-0.24318646,-0.22585374,-0.3281414,-0.3311425,-0.241595,-0.22291292,-0.21507202,-0.30841354,0.5984407,-0.37287962,-0.35720402,-0.3688954,-0.3366719,-0.3197387,-0.25899485,0.43777198,-0.35089612,-0.31815568,-0.30771792,-0.34951013,-0.28216338,-0.22693928,-0.25396472,-0.33594304,-0.36067832,0.51855147,0.6259733,-0.26324958,-0.32955062,-0.28441572,-0.3421979,-0.3771885,-0.30162632,-0.28815714,-0.34594566,-0.3914705,0.5695493,-0.3162815,-0.31415898,-0.24887127,-0.22612861,-0.21500355,-0.3133456,-0.34040064,-0.27074867,-0.34445426,-0.37184608,-0.32914695,-0.32914695,-0.35751456,-0.37817955,-0.25975943,-0.2859781,-0.28761852,-0.3465716,-0.37388504,-0.2654919,-0.264517,-0.33753252,-0.27794316,-0.35305658,1.209135,-0.26304597,-0.30129978,-0.25958246,-0.34404397,-0.35974404,-0.31283143,-0.3326372,-0.3784102,-0.35933927,-0.37599134,-0.29152533,-0.24514951,-0.35424852,-0.3658616,-0.26409936,-0.30445194,-0.2645283,-0.35292903,-0.29535154,-0.24773078,-0.3065683,-0.31904712,-0.26307052,-0.24415962,-0.22622867,-0.27306527,-0.304123,-0.3596676,-0.33709,-0.37141365,-0.26381022,-0.3555616,-0.35609764,-0.38936388,-0.27978855,-0.32445544,-0.35637724,-0.36878437,-0.28878,-0.23943979,-0.18443729,-0.3020299,-0.24175373,-0.22959046,-0.21324126,-0.34652692,-0.35169965,-0.35400778,-0.27653897,-0.2240577,-0.32128388,-0.3174648,-0.3466233,-0.27625158,-0.23703687,-0.2788417,-0.3442507,-0.34707093,-0.28328288,-0.22456461,-0.31808412,-0.32503968,0.7166741,-0.3652559,-0.25172895,-0.2555955,-0.32016557,-0.35720906,-0.3767295,-0.258325
k__Bacteria|p__Bacteroidetes|c__Bacteroidia|o__Bacteroidales|f__[Barnesiellaceae]|g__unclassified|s__unclassified,-0.28574407,-0.31377462,-0.29961807,-0.28518498,-0.35537535,-0.31121662,-0.34007406,-0.35552558,-0.43947494,-0.28574347,-0.3313659,-0.31956947,-0.27314878,-0.25930288,-0.24617831,-0.32625413,-0.33904284,-0.24185556,-0.2309034,-0.23268346,-0.3113498,-0.35307166,-0.40136093,-0.35720402,-0.40473735,-0.3366719,-0.32311893,-0.27028504,0.45168588,-0.3829105,-0.31815568,-0.30771792,-0.35962045,-0.3114357,-0.2538374,-0.25396472,-0.33594304,-0.3775636,0.5039801,0.64645123,-0.26324958,-0.33411527,-0.3097244,-0.3421979,-0.4227473,-0.2966903,-0.28815714,-0.34594566,-0.42034805,0.53498447,-0.31555507,-0.3180796,-0.25315845,-0.23942025,-0.23159844,1.1754638,-0.34850568,-0.28826606,-0.34445426,-0.4070753,-0.32914695,-0.32914695,-0.35751456,-0.407002,-0.28302696,-0.2859781,-0.28761852,-0.3465716,-0.39692897,-0.28792512,-0.264517,-0.34982544,-0.2998891,0.6921563,0.7383966,-0.26304597,-0.300412,-0.25958246,-0.34404397,-0.392449,-0.31283143,-0.3326372,-0.40063435,-0.35933927,-0.42417786,-0.28487167,-0.24514951,-0.35424852,-0.40152746,-0.30128917,-0.30155775,1.7510012,-0.366843,-0.32391822,-0.2771878,-0.3065683,-0.31878543,-0.2725131,-0.26499563,-0.24709393,-0.27306527,-0.304123,-0.37529278,-0.33709,-0.40750584,-0.26381022,-0.3555616,0.44857702,-0.41757107,-0.3077141,-0.3276924,-0.35637724,-0.3828367,-0.31276685,-0.26638803,-0.18443729,-0.3011883,-0.24208935,-0.24191001,-0.23215112,-0.34652692,-0.35169965,-0.37409735,-0.3013744,-0.24359013,-0.32128388,-0.3174648,-0.35497925,-0.29445022,-0.2600818,-0.2788417,-0.3442507,-0.3640501,-0.3117075,-0.24146944,-0.31639293,-0.33533823,-0.3511923,-0.4061746,-0.28874412,-0.2555955,-0.32376635,-0.35720906,-0.41627538,-0.2799691
k__Bacteria|p__Bacteroidetes|c__Bacteroidia|o__Bacteroidales|f__Bacteroidaceae|g__Bacteroides|s__uniformis,-0.28574407,-0.3044377,-0.281286,-0.26614186,0.6630411,-0.31121662,-0.32747465,-0.35552558,-0.40976727,-0.2642577,-0.3313659,-0.3089115,-0.2617262,-0.24492197,-0.22715586,-0.3049143,-0.3245962,-0.23499265,-0.22028686,-0.2131317,-0.28644198,-0.35307166,-0.37551552,-0.35720402,-0.37100992,-0.3366719,-0.31038886,-0.25757217,0.43322864,-0.3440221,-0.31815568,-0.30771792,-0.34565735,-0.28684247,-0.22306679,1.7063906,0.97647905,-0.35932475,0.4752118,-0.345838,1.6382291,-0.3213967,-0.28940982,1.3656262,-0.37903273,-0.2758147,-0.28815714,-0.34594566,-0.39627305,0.7079843,-0.29344565,-0.30596092,-0.24427572,-0.22504407,-0.21246299,1.2567807,-0.33453605,-0.27222535,-0.34445426,-0.3722675,-0.32914695,-0.32914695,-0.35751456,-0.38156047,-0.25623953,-0.2859781,-0.28761852,-0.3465716,-0.37500048,-0.26495123,-0.264517,-0.33234417,-0.28111932,0.5735236,0.6721655,-0.26304597,-0.28947943,1.6029041,-0.34404397,-0.35726926,-0.31283143,-0.3326372,-0.38074577,-0.35933927,-0.38020363,-0.26497382,-0.24514951,-0.35424852,-0.36693317,-0.25986725,-0.2818706,1.6212237,-0.3508286,-0.30155566,-0.2510285,1.2257636,-0.31030107,-0.2607255,-0.2479888,-0.22781792,1.5787312,1.2336513,-0.35797277,-0.33709,-0.37436765,-0.26381022,0.51030827,-0.35609764,-0.3942204,-0.2821364,-0.30442953,-0.35637724,-0.36732,-0.2930426,-0.24042124,-0.18443729,-0.2905878,-0.23521486,-0.22889993,-0.21047999,0.83490115,0.6640484,-0.3523059,-0.28003,-0.2204785,1.0934836,-0.3174648,-0.34233695,-0.278076,-0.2367991,1.5164236,0.92710257,-0.34379312,-0.28781828,-0.22026175,-0.29874367,-0.31857246,-0.3511923,-0.36745065,-0.24552147,-0.2555955,-0.31025982,-0.35720906,-0.38185316,-0.25328666
k__Bacteria|p__Bacteroidetes|c__Bacteroidia|o__Bacteroidales|f__Bacteroidaceae|g__unclassified|s__unclassified,-0.28574407,-0.29411423,-0.27624768,-0.2624008,0.6598635,1.1754382,-0.3173979,0.628465,-0.40371472,-0.26399213,-0.3313659,-0.29896253,-0.25360006,-0.23926963,-0.22653982,-0.3064788,-0.3155878,-0.2260848,-0.21426097,-0.2150007,-0.29433993,-0.35307166,-0.3707863,-0.35720402,-0.3725587,-0.3366719,-0.30230114,-0.25057063,0.43281457,-0.35640317,-0.31815568,-0.30771792,-0.3347153,-0.2860318,-0.23451243,1.6837642,-0.33594304,-0.35066313,-0.3509197,-0.345838,1.5981854,-0.31211305,-0.28447276,0.93783516,-0.38972914,-0.2810669,-0.28815714,-0.34594566,-0.3880552,0.53146136,-0.2965324,-0.2964656,-0.23579136,-0.22124083,-0.21423024,1.173379,-0.32500264,-0.26597226,-0.34445426,-0.375682,-0.32914695,-0.32914695,-0.35751456,-0.3759372,-0.26121116,-0.2859781,-0.28761852,-0.3465716,-0.36766207,-0.26572028,1.5927463,-0.3257258,-0.27634987,0.55162495,0.6524452,-0.26304597,-0.28195554,-0.25958246,0.83475757,-0.36352092,-0.31283143,-0.3326372,-0.3704803,-0.35933927,-0.38944894,-0.27089667,-0.24514951,-0.35424852,-0.37108335,-0.2770648,-0.2845827,1.6216804,-0.34054706,-0.29750282,-0.25404721,-0.3065683,-0.2982314,-0.25343618,-0.24334629,-0.22711511,1.5277853,-0.304123,-0.34856853,0.91040426,-0.37600774,-0.26381022,-0.3555616,0.48393428,-0.38552254,-0.28280014,-0.30787486,-0.35637724,-0.35613877,-0.28801143,-0.24472935,-0.18443729,-0.28179377,-0.22639357,-0.22384931,-0.21453772,0.8741874,0.85885143,-0.3471577,-0.27695563,-0.22534022,1.0843626,1.122651,-0.3306973,-0.27187163,-0.23961332,1.4647936,0.83336914,-0.33797592,-0.28631842,-0.22376938,-0.2964558,-0.3120762,-0.3511923,-0.37420207,-0.26531187,-0.2555955,-0.3032095,0.48150575,-0.38263363,-0.25858203
k__Bacteria|p__Bacteroidetes|c__Bacteroidia|o__Bacteroidales|f__Prevotellaceae|g__Prevotella|s__copri,-0.28574407,-0.3135444,-0.2966052,-0.28108686,-0.35537535,-0.31121662,-0.33904707,-0.35552558,-0.4341333,-0.2818605,-0.3313659,-0.31887168,-0.27093238,-0.25622758,-0.24239562,-0.32314032,-0.33715034,-0.24050109,-0.22892724,-0.22934973,-0.31283775,-0.35307166,-0.39891362,-0.35720402,-0.39910394,-0.3366719,-0.3223792,-0.26859206,0.46219683,-0.37815154,-0.31815568,-0.30771792,-0.3576585,-0.30758744,-0.24880396,-0.25396472,-0.33594304,-0.3753107,1.8080583,2.0588584,-0.26324958,-0.3329991,-0.30622447,-0.3421979,-0.41647685,-0.29790312,-0.28815714,-0.34594566,-0.41700092,-0.35713702,-0.31334573,-0.31657812,-0.25147283,-0.23703617,-0.22802433,-0.3133456,-0.34729856,-0.2856739,-0.34445426,-0.40127537,-0.32914695,-0.32914695,0.50003433,-0.40351886,-0.27765742,-0.2859781,-0.28761852,-0.3465716,-0.3944255,-0.28368694,-0.264517,-0.3482193,-0.29702258,1.6318133,1.9394289,-0.26304597,-0.30067194,-0.25958246,-0.34404397,-0.3879633,-0.31283143,-0.3326372,-0.39754784,-0.35933927,-0.41698635,-0.28730002,-0.24514951,0.6558794,-0.3976307,-0.29367295,-0.30300808,-0.2645283,-0.3649568,-0.31954885,-0.27237073,-0.3065683,-0.31859094,-0.2705146,-0.26147977,-0.24307565,1.5304329,-0.304123,-0.37367108,1.5289309,-0.40291756,-0.26381022,-0.3555616,-0.35609764,-0.41378433,-0.30276975,-0.3263551,-0.35637724,-0.3804373,-0.30898607,-0.2617929,-0.18443729,-0.30116934,-0.24099934,-0.2396491,-0.22840147,-0.34652692,-0.35169965,-0.37185138,-0.29759943,-0.23941675,-0.32128388,-0.3174648,-0.35336396,-0.29138628,-0.25582537,-0.2788417,-0.3442507,-0.3621025,-0.3076867,-0.23751631,-0.31553793,-0.33408117,1.1323545,-0.4010774,-0.28079718,-0.2555955,-0.32360345,-0.35720906,-0.4113786,-0.27396816
k__Bacteria|p__Bacteroidetes|c__Bacteroidia|o__Bacteroidales|f__Prevotellaceae|g__Prevotella|s__unclassified,-0.28574407,-0.21348819,-0.1300864,-0.10486922,0.75163835,-0.31121662,-0.20357934,-0.35552558,-0.16590679,-0.13339011,-0.3313659,-0.21123052,-0.14072333,-0.115015,-0.10764919,-0.2639354,-0.20360312,-0.15260364,-0.12584648,-0.11192418,-0.26790893,-0.35307166,-0.17919073,0.5956631,-0.17619029,0.94047457,-0.20916277,-0.14156784,0.8932521,-0.17959961,-0.31815568,-0.30771792,-0.19650456,-0.12455621,-0.11094791,-0.25396472,-0.33594304,-0.18901724,1.0382384,1.378192,-0.26324958,-0.20549135,-0.12639584,-0.3421979,-0.16613883,-0.27357453,1.3962972,-0.34594566,-0.17319338,-0.35713702,-0.26780662,-0.2120395,-0.1484433,-0.122057185,-0.112186536,-0.3133456,-0.20015796,-0.13462396,-0.34445426,-0.17427674,1.0548351,1.0548351,1.369983,-0.17727163,-0.13250063,-0.2859781,-0.28761852,0.7657197,-0.18144286,-0.13218312,-0.264517,-0.19893438,-0.1298387,0.54840946,0.6504122,-0.26304597,-0.21764186,-0.25958246,-0.34404397,-0.17827831,1.1629413,1.0018773,-0.18122542,0.7159198,-0.16670224,-0.27753597,-0.24514951,0.7828788,-0.17610288,-0.12168682,-0.2732193,-0.2645283,-0.19393492,-0.12096048,-0.10564509,1.2261902,-0.21221738,-0.14059691,-0.11276297,-0.1073182,1.5387088,-0.304123,-0.190251,1.7412603,-0.17483413,-0.26381022,-0.3555616,-0.35609764,-0.17442441,-0.12499712,-0.26337913,0.6500801,-0.1874296,-0.1251592,-0.10904758,-0.18443729,-0.21798134,-0.15255156,-0.121391825,-0.111315586,-0.34652692,-0.35169965,-0.18930703,-0.12900978,-0.11700798,-0.32128388,-0.3174648,-0.19838479,-0.13237104,-0.11171817,-0.2788417,-0.3442507,-0.1934214,-0.12448051,-0.11811379,-0.2698441,-0.20457986,0.78311366,-0.17426303,-0.125961,-0.2555955,-0.20848885,-0.35720906,-0.17247029,-0.13370208
k__Bacteria|p__Bacteroidetes|c__Bacteroidia|o__Bacteroidales|f__Porphyromonadaceae|g__Parabacteroides|s__unclassified,-0.28574407,-0.2997039,-0.2806307,-0.27036428,0.75262064,1.2603964,-0.32242548,0.61198187,-0.4141036,-0.26938587,-0.3313659,-0.30518782,-0.25670105,-0.24310267,-0.2316544,-0.31190762,-0.3198281,-0.22944593,-0.2177037,-0.22015266,-0.2998969,0.5920837,-0.37472337,-0.35720402,-0.38019255,0.9362925,-0.30691707,-0.25490165,-0.35797155,-0.3612789,1.3021466,-0.30771792,-0.33967042,-0.2930458,-0.23852193,-0.25396472,-0.33594304,-0.35631615,0.5065419,0.6491189,-0.26324958,-0.3167537,-0.29017597,1.0680654,-0.3980484,-0.2839743,-0.28815714,-0.34594566,-0.3932318,-0.35713702,-0.30268455,-0.30415475,-0.23941493,-0.22641523,-0.21923636,-0.3133456,-0.32908404,-0.27064714,-0.34445426,-0.38426596,1.1092488,1.1092488,-0.35751456,-0.38256332,-0.2660239,-0.2859781,-0.28761852,-0.3465716,-0.37221336,-0.2705826,-0.264517,-0.33127964,-0.28217295,0.56329095,0.67703545,-0.26304597,-0.28720427,-0.25958246,-0.34404397,-0.3690561,-0.31283143,-0.3326372,-0.37528366,0.5524421,-0.4000578,-0.27295846,-0.24514951,-0.35424852,-0.37940004,-0.28187293,-0.28863916,1.6664301,-0.3454668,-0.30522013,-0.26141,-0.3065683,-0.3029837,-0.25615686,-0.24717069,-0.23181045,-0.27306527,-0.304123,-0.35211128,-0.33709,-0.3840803,-0.26381022,-0.3555616,0.44898188,-0.39167422,-0.28941768,-0.31533414,0.55105424,-0.35972866,-0.2938127,-0.25055063,-0.18443729,-0.28617766,-0.23030391,-0.22703072,-0.21980508,0.9835561,0.6768701,-0.35267335,-0.28214067,-0.22942913,1.0953391,-0.3174648,-0.33574602,-0.27671218,-0.24512374,-0.2788417,-0.3442507,-0.34320924,-0.29210013,-0.22754605,-0.30441242,-0.31849715,-0.3511923,-0.3838095,-0.27053764,-0.2555955,-0.3070175,-0.35720906,-0.39084122,-0.2634137
k__Bacteria|p__Bacteroidetes|c__Bacteroidia|o__Bacteroidales|f__Bacteroidaceae|g__Bacteroides|s__unclassified,-0.28574407,1.1464343,0.8809762,0.78415364,1.5242763,2.1673663,1.1620283,0.99429935,1.2236907,0.86947393,0.9967171,1.1502775,0.8650677,0.7679172,0.72705185,1.3182373,1.1602821,0.84615123,0.7508342,0.7179195,1.3147388,0.6962912,1.1971943,-0.35720402,1.1971587,-0.3366719,1.1513145,0.8636564,1.1493671,1.1779833,1.2365689,1.2342205,1.1745301,0.88822615,0.75605077,2.5870707,1.8587868,1.1844944,0.61907876,0.7144782,2.4880807,1.1575615,0.88755655,2.0612717,1.205809,1.3020849,-0.28815714,-0.34594566,1.2099365,1.077219,1.3138261,1.1499722,0.8535417,0.7557866,0.7165961,1.7338868,1.1667559,0.8739506,1.8736503,1.1973648,1.1742686,1.1742686,0.47091857,1.2016032,0.86350626,-0.2859781,-0.28761852,1.872729,1.1953173,0.86996293,2.2813098,1.1673262,0.881153,0.82878065,1.0590876,-0.26304597,1.1383612,2.7666643,1.9816055,1.185834,-0.31283143,-0.3326372,1.1987987,1.0158685,1.2082752,1.2950778,-0.24514951,1.1036352,1.1948818,0.8695078,1.3086991,2.2193108,1.1790979,0.89708245,0.7765167,1.7029812,1.1508954,0.8643765,0.77179706,0.7273369,2.2195408,2.2913818,1.1830748,1.5893369,1.200066,-0.26381022,0.60749745,1.5340911,1.2093706,0.8825774,1.3232276,0.55058736,1.1870618,0.8892962,0.7681659,-0.18443729,1.1381927,0.84656715,0.75738364,0.71632457,1.3425705,1.7531493,1.1816282,0.88200676,0.7524671,1.445396,1.9433451,1.1718694,0.87833184,0.764135,2.4483337,1.0975469,1.1758424,0.8874595,0.7507276,1.3189461,1.1593883,0.81328744,1.1992426,0.8610568,-0.2555955,1.1506125,1.4725741,1.206867,0.86116564
k__Bacteria|p__Bacteroidetes|c__Bacteroidia|o__Bacteroidales|f__Rikenellaceae|g__unclassified|s__unclassified,-0.28574407,-0.30114266,-0.27172342,-0.25374058,1.0087748,-0.31121662,-0.320839,-0.35552558,-0.3913511,-0.25983664,-0.3313659,-0.30512038,-0.25398946,-0.23644614,-0.22183996,-0.3199898,-0.3195727,-0.2306638,-0.21522437,-0.2113466,-0.3063556,0.57781065,-0.36492807,1.433556,-0.36412352,-0.3366719,-0.30813026,-0.2502454,0.4463887,-0.35037977,-0.31815568,-0.30771792,-0.3361957,-0.2779465,-0.2286867,-0.25396472,-0.33594304,-0.34859705,0.49783358,0.62901586,-0.26324958,-0.31633383,-0.278016,0.94679374,-0.37730664,-0.2965419,-0.28815714,-0.34594566,-0.38019443,0.5995278,-0.3100265,-0.30214036,-0.23874146,-0.21953033,-0.21077566,-0.3133456,-0.32755274,-0.26297292,-0.34445426,-0.36682087,-0.32914695,-0.32914695,0.4614043,-0.36872685,-0.25713238,-0.2859781,-0.28761852,-0.3465716,-0.36278456,-0.26127562,-0.264517,-0.3266983,-0.2708701,0.64901257,0.676396,-0.26304597,-0.29028243,-0.25958246,1.0232772,-0.35591722,-0.31283143,-0.3326372,-0.36568886,-0.35933927,-0.37589264,-0.2867266,-0.24514951,-0.35424852,-0.3617518,-0.2687101,-0.29948586,1.6009326,-0.3404914,-0.28861788,-0.24521963,-0.3065683,-0.3057736,-0.25389925,-0.23975165,-0.22261558,-0.27306527,-0.304123,-0.3475387,0.9011014,-0.36650145,-0.26381022,-0.3555616,0.61653316,-0.37796867,-0.27525932,-0.31896147,-0.35637724,-0.35456753,-0.28141528,-0.2377677,-0.18443729,-0.29026973,-0.23038048,-0.22335248,-0.21052311,-0.34652692,-0.35169965,-0.34511107,-0.27172354,-0.22194147,1.0897623,-0.3174648,-0.3328483,-0.26815403,-0.23374592,-0.2788417,0.8592515,-0.337586,-0.2788595,-0.22107708,-0.3102798,-0.3148451,-0.3511923,-0.36370918,-0.2585015,-0.2555955,-0.3087259,0.95156246,-0.37260187,-0.25534728
k__Bacteria|p__Bacteroidetes|c__Bacteroidia|o__Bacteroidales|f__Porphyromonadaceae|g__Parabacteroides|s__distasonis,-0.28574407,-0.19782051,-0.11478673,-0.08830431,0.87527204,1.5346131,-0.1860148,0.64845836,-0.14099063,-0.120488524,-0.3313659,-0.19542147,-0.12624365,-0.10151727,-0.09629156,-0.2563586,-0.18764436,-0.1399689,-0.11415177,-0.10178,-0.2594536,0.5763721,-0.15938511,-0.35720402,-0.15798855,-0.3366719,-0.19409066,-0.12722485,0.4520922,-0.16494662,1.2171108,-0.30771792,-0.17726144,-0.10910244,-0.10232188,-0.25396472,-0.33594304,-0.169241,0.47403783,-0.345838,1.9095272,-0.18867964,-0.110089004,0.80071384,-0.14807746,-0.26754382,-0.28815714,-0.34594566,-0.15032403,0.59460515,-0.26040536,-0.19628283,-0.13521262,-0.11016503,-0.102178924,-0.3133456,-0.18252954,-0.11971482,1.3477198,-0.1557779,1.379539,1.379539,0.45545968,-0.15628943,-0.121791765,-0.2859781,-0.28761852,-0.3465716,-0.16103676,-0.11976403,-0.264517,-0.18158087,-0.11402713,0.5867569,0.7241072,-0.26304597,-0.2038552,-0.25958246,-0.34404397,-0.16214564,-0.31283143,-0.3326372,-0.15919057,0.7540648,-0.14765564,-0.2712897,-0.24514951,-0.35424852,-0.15804648,-0.112639256,-0.2655005,1.8031154,-0.17411071,-0.1027655,-0.09262309,-0.3065683,-0.19589862,-0.12645298,-0.09973381,-0.096490026,1.6534343,-0.304123,-0.17062363,0.9332896,-0.15504605,-0.26381022,0.50492173,-0.35609764,-0.1513497,-0.11061637,-0.25364608,1.577284,-0.16661388,-0.10838361,-0.09777482,-0.18443729,-0.20392141,-0.1393077,-0.10942162,-0.10146436,0.9714718,0.7086979,-0.17107499,-0.11436878,-0.107664816,1.2032075,-0.3174648,-0.17927258,-0.116621256,-0.100660436,-0.2788417,-0.3442507,-0.17577437,-0.109482914,-0.10859734,-0.2596919,-0.18846728,-0.3511923,-0.15656978,-0.117348425,-0.2555955,-0.1934088,-0.35720906,-0.15272807,-0.123908594
k__Bacteria|p__Bacteroidetes|c__Bacteroidia|o__Bacteroidales|f__Bacteroidaceae|g__Bacteroides|s__fragilis,-0.28574407,-0.12355645,-0.002765452,0.029590672,0.8092265,-0.31121662,-0.09027448,-0.35552558,0.036788613,-0.020104278,-0.3313659,-0.116412,-0.036611956,-0.0058351997,-0.004880752,-0.20969057,-0.09395093,-0.07622509,-0.04186161,-0.020956585,-0.21552804,0.575652,-0.012508284,-0.35720402,-0.010308482,-0.3366719,-0.11203269,-0.038864598,0.5771771,-0.031381942,2.0131845,2.0253327,-0.065812126,0.013856595,-0.009350307,-0.25396472,-0.33594304,-0.042574838,-0.3509197,-0.345838,-0.26324958,-0.09807056,0.010509182,-0.3421979,0.017672893,-0.23857641,-0.28815714,-0.34594566,0.011085143,0.5487327,-0.22054729,-0.11894809,-0.062099107,-0.030281885,-0.022658562,1.3832574,-0.079959616,-0.017124176,-0.34445426,-0.005406702,1.6250864,1.6250864,0.45872402,-0.0052182833,-0.02488536,-0.2859781,-0.28761852,-0.3465716,-0.01857585,-0.017763847,-0.264517,-0.07718725,-0.0010307205,0.6141664,0.7814043,-0.26304597,-0.13925059,-0.25958246,-0.34404397,-0.022356346,-0.31283143,-0.3326372,-0.014557328,-0.35933927,0.018110156,-0.24983455,-0.24514951,0.6944661,-0.009564963,0.00056445587,-0.23211187,2.1645715,-0.056409698,0.029975988,0.019141488,1.3623793,-0.11734679,-0.036959678,0.00072786596,-0.0048997705,-0.27306527,-0.304123,-0.04592602,0.95376474,-0.0022243601,-0.26381022,0.6570266,0.6929596,0.0077731498,0.007674413,-0.20126492,0.56201035,-0.036352724,0.014497423,0.0047290213,3.0704327,-0.1398358,-0.07478631,-0.027660968,-0.020839408,1.1308146,0.9085198,-0.046493683,-0.00093206734,-0.024297118,2.1167486,-0.3174648,-0.07147337,-0.008947531,-0.0038406411,1.7255995,1.7076843,-0.05984079,0.012865567,-0.027545625,-0.21794921,-0.09603166,-0.3511923,-0.0049856044,-0.014430888,-0.2555955,-0.11010252,0.8697178,0.006159294,-0.031090671
k__Bacteria|p__Proteobacteria|c__Gammaproteobacteria|o__Pseudomonadales|f__Moraxellaceae|g__Acinetobacter|s__unclassified,-0.28574407,-0.3192904,-0.31492138,-0.29912046,-0.35537535,-0.31121662,-0.3500469,-0.35552558,-0.46017793,-0.29548338,-0.3313659,-0.32527065,-0.28508928,-0.27252352,-0.25590533,-0.31827492,-0.3475232,-0.24802081,-0.23990062,-0.2405108,-0.31114164,-0.35307166,-0.42188036,-0.35720402,-0.4185035,-0.3366719,-0.33067036,-0.28098083,-0.35797155,-0.39731747,1.1568165,-0.30771792,-0.3726269,-0.32662633,-0.26277447,-0.25396472,-0.33594304,-0.3927166,-0.3509197,-0.345838,-0.26324958,-0.3428191,-0.32487077,-0.3421979,-0.4406434,-0.29172003,-0.28815714,-0.34594566,-0.44270024,-0.35713702,-0.3071702,-0.3212523,-0.26147026,-0.2478708,-0.23855111,-0.3133456,-0.36065477,-0.30058718,-0.34445426,-0.42055738,-0.32914695,-0.32914695,-0.35751456,-0.42555326,-0.28976023,-0.2859781,-0.28761852,-0.3465716,-0.41616148,-0.29807904,-0.264517,-0.3607781,-0.31377342,-0.35305658,-0.34904224,-0.26304597,-0.30497938,-0.25958246,-0.34404397,-0.4063731,-0.31283143,-0.3326372,-0.41959274,-0.35933927,-0.43908256,-0.2796954,-0.24514951,-0.35424852,-0.4171785,-0.30954042,-0.2983179,-0.2645283,-0.38140035,-0.34073383,-0.28840578,-0.3065683,-0.32648158,-0.28538665,-0.2790066,-0.25674683,-0.27306527,-0.304123,-0.39253193,-0.33709,-0.42424726,-0.26381022,-0.3555616,-0.35609764,-0.4386838,-0.31898463,-0.3234552,-0.35637724,-0.4001485,-0.32894686,-0.2765872,-0.18443729,-0.30492058,-0.24830888,-0.25334466,-0.23909532,-0.34652692,-0.35169965,-0.3891845,-0.31575608,-0.25095433,-0.32128388,-0.3174648,-0.36735818,-0.30847344,-0.2692314,-0.2788417,-0.3442507,-0.3775781,-0.3270267,-0.24832036,-0.30927956,-0.3431071,-0.3511923,-0.42121494,-0.29441708,-0.2555955,-0.33253992,-0.35720906,-0.4343227,-0.285102
k__Bacteria|p__Proteobacteria|c__Gammaproteobacteria|o__Enterobacteriales|f__Enterobacteriaceae|g__Erwinia|s__unclassified,-0.28574407,-0.31846774,-0.3072082,-0.2954741,-0.35537535,-0.31121662,-0.34648418,-0.35552558,-0.4549567,-0.29164279,-0.3313659,-0.32475084,-0.27888376,-0.26576954,-0.25203413,-0.32258993,-0.3442176,-0.24554628,-0.23511112,-0.23717174,-0.30903986,-0.35307166,-0.4106599,-0.35720402,-0.413477,-0.3366719,-0.32732004,-0.27648804,-0.35797155,-0.38793176,-0.31815568,-0.30771792,-0.36759162,-0.32048768,-0.25720686,-0.25396472,-0.33594304,-0.38671848,-0.3509197,-0.345838,-0.26324958,-0.33974594,-0.31877697,-0.3421979,-0.4320891,-0.29214203,-0.28815714,-0.34594566,-0.43219084,-0.35713702,-0.31189647,-0.32362956,-0.25758418,-0.2446697,-0.23595303,1.1683638,-0.3549196,-0.29548472,-0.34445426,-0.4162624,-0.32914695,-0.32914695,-0.35751456,-0.41811568,-0.28706783,1.3834356,-0.28761852,-0.3465716,-0.40662652,-0.29352823,-0.264517,-0.35676935,-0.30855048,-0.35305658,-0.34904224,-0.26304597,-0.30375254,-0.25958246,-0.34404397,-0.39985088,-0.31283143,-0.3326372,-0.41128945,-0.35933927,-0.43476355,-0.28066295,-0.24514951,-0.35424852,-0.41164213,-0.30465138,-0.29824647,-0.2645283,-0.3753304,-0.33502495,-0.28511876,-0.3065683,-0.3238526,-0.27794874,-0.27152824,-0.252582,-0.27306527,-0.304123,-0.3834507,-0.33709,-0.41819,-0.26381022,0.50492173,-0.35609764,-0.42989096,-0.31566435,-0.32642624,-0.35637724,-0.39214778,-0.32208443,-0.27241054,-0.18443729,-0.30446276,-0.24634911,-0.24673206,-0.23640545,-0.34652692,-0.35169965,-0.38215473,-0.30895746,-0.24718419,-0.32128388,-0.3174648,-0.3628301,-0.30225873,-0.2656444,-0.2788417,-0.3442507,-0.37127298,-0.3201057,-0.24488433,-0.31540516,-0.3410756,-0.3511923,-0.4154445,-0.29066896,-0.2555955,-0.3280118,-0.35720906,-0.42684525,-0.28267783
k__Bacteria|p__Proteobacteria|c__Gammaproteobacteria|o__Aeromonadales|f__unclassified|g__unclassified|s__unclassified,-0.28574407,-0.32196996,-0.3034027,-0.29215673,-0.35537535,-0.31121662,-0.3478331,-0.35552558,-0.45040298,-0.287966,-0.3313659,-0.32811242,-0.27673522,-0.26222327,-0.2480027,-0.32447052,-0.3443084,-0.24605583,-0.2337454,-0.23343554,-0.3078493,-0.35307166,-0.406039,-0.35720402,-0.40847504,-0.3366719,-0.32871956,-0.27525142,-0.35797155,-0.37691522,-0.31815568,-0.30771792,-0.36677888,-0.31567597,-0.24630843,-0.25396472,-0.33594304,-0.38554597,-0.3509197,-0.345838,-0.26324958,-0.34059584,-0.31479245,-0.3421979,-0.42127886,-0.29136288,-0.28815714,-0.34594566,-0.42784446,-0.35713702,-0.31395745,-0.3272791,-0.25732127,-0.2434873,-0.23217276,-0.3133456,-0.3546936,-0.2933581,-0.34445426,-0.41047782,-0.32914695,-0.32914695,-0.35751456,-0.41462103,-0.27998298,1.3856313,-0.28761852,-0.3465716,-0.40350723,-0.28858688,-0.264517,-0.35610473,-0.3057909,-0.35305658,-0.34904224,-0.26304597,-0.30622,-0.25958246,-0.34404397,-0.39179978,-0.31283143,-0.3326372,-0.4082597,0.56776,-0.42566597,-0.27869195,-0.24514951,-0.35424852,-0.4058326,-0.2890904,-0.29899096,-0.2645283,-0.37400645,-0.330011,-0.27900898,-0.3065683,-0.32595968,-0.2754008,-0.266701,-0.24836984,-0.27306527,-0.304123,-0.38128328,-0.33709,-0.4121637,-0.26381022,-0.3555616,-0.35609764,-0.42564553,-0.310178,-0.32855523,-0.35637724,-0.3896278,-0.31786665,-0.26582968,-0.18443729,-0.30639482,-0.24725206,-0.24382538,-0.23129933,-0.34652692,-0.35169965,-0.37963486,-0.30409402,-0.24046777,-0.32128388,-0.3174648,-0.3629042,-0.29910335,-0.2607526,-0.2788417,-0.3442507,-0.3690363,-0.31501988,-0.23918562,-0.32020688,-0.342133,-0.3511923,-0.40973857,-0.27403644,-0.2555955,-0.32832447,-0.35720906,-0.42118758,-0.27690524
k__Bacteria|p__Proteobacteria|c__Gammaproteobacteria|o__Pasteurellales|f__Pasteurellaceae|g__Aggregatibacter|s__unclassified,-0.28574407,-0.31914067,-0.30343282,-0.29045945,-0.35537535,-0.31121662,-0.3459408,-0.35552558,-0.44832096,-0.28832912,-0.3313659,-0.32500595,-0.27700445,-0.2624898,-0.24837904,-0.3247943,-0.3436484,-0.24541605,-0.2334233,-0.23399393,-0.31055015,-0.35307166,-0.4066463,-0.35720402,-0.40865356,-0.3366719,-0.32742578,-0.27448732,-0.35797155,-0.38315803,-0.31815568,-0.30771792,-0.3660822,-0.31527376,-0.25247517,-0.25396472,-0.33594304,-0.3841895,-0.3509197,-0.345838,-0.26324958,-0.33945364,-0.31433272,-0.3421979,-0.42515087,-0.29504144,-0.28815714,0.8580661,-0.42760715,-0.35713702,-0.31425807,-0.32363978,-0.2567057,-0.24219668,-0.2329939,-0.3133456,-0.3539955,-0.2925185,-0.34445426,-0.41107595,-0.32914695,-0.32914695,-0.35751456,-0.41366786,-0.2833646,-0.2859781,-0.28761852,-0.3465716,-0.40315008,-0.2899579,-0.264517,-0.35524142,-0.30469298,-0.35305658,-0.34904224,-0.26304597,-0.30456236,-0.25958246,-0.34404397,-0.39527792,-0.31283143,-0.3326372,-0.40787166,-0.35933927,-0.4276701,-0.28396648,-0.24514951,-0.35424852,-0.40621233,-0.29835793,-0.30095935,-0.2645283,-0.37334818,-0.32943958,-0.27975848,-0.3065683,-0.3243158,-0.2760192,-0.26761663,-0.24893114,-0.27306527,-0.304123,-0.38127738,-0.33709,-0.41286767,-0.26381022,-0.3555616,-0.35609764,-0.4252159,-0.31091776,-0.32780582,-0.35637724,-0.38990998,-0.3175055,-0.267656,-0.18443729,-0.3054294,-0.24614972,-0.24426235,-0.23302089,-0.34652692,-0.35169965,-0.37931013,-0.30462095,-0.24381569,-0.32128388,-0.3174648,-0.3616538,-0.29883415,-0.26163167,-0.2788417,-0.3442507,-0.36895084,-0.3151777,-0.24194036,-0.31772396,-0.34016123,-0.3511923,-0.4096142,-0.2844638,-0.2555955,-0.32798213,0.46798164,-0.42104614,-0.27936548
k__Bacteria|p__Proteobacteria|c__Gammaproteobacteria|o__Enterobacteriales|f__Enterobacteriaceae|g__Trabulsiella|s__unclassified,1.3765274,-0.3143379,-0.3067512,-0.29716945,-0.35537535,-0.31121662,-0.3441955,-0.35552558,-0.4557516,-0.29037133,-0.3313659,-0.3205631,-0.2782521,-0.26542395,-0.25100705,-0.30739868,-0.3394966,-0.24325603,-0.23321702,-0.23602697,-0.2992798,-0.35307166,-0.41140008,-0.35720402,-0.4108151,-0.3366719,-0.3236739,-0.27570263,-0.35797155,-0.39070383,1.1265415,-0.30771792,-0.36610764,-0.3196894,-0.2566465,-0.25396472,-0.33594304,-0.38642222,-0.3509197,-0.345838,-0.26324958,-0.33673513,-0.3183815,-0.3421979,-0.43346536,-0.2792365,1.4020294,0.8678771,-0.4342422,-0.35713702,-0.29647145,-0.31731105,-0.25536105,-0.24265519,-0.23483549,-0.3133456,-0.35289478,-0.29466832,-0.34445426,-0.4155888,-0.32914695,-0.32914695,-0.35751456,-0.41833863,-0.2835665,-0.2859781,-0.28761852,-0.3465716,-0.40713382,-0.2916904,-0.264517,-0.35397235,-0.30875868,-0.35305658,-0.34904224,1.5956094,-0.29859915,-0.25958246,-0.34404397,-0.39882714,1.2017194,-0.3326372,-0.41162893,-0.35933927,-0.43322057,-0.2685127,-0.24514951,-0.35424852,-0.410587,-0.3011772,-0.28569162,-0.2645283,-0.37391087,-0.3358183,-0.28434348,-0.3065683,-0.319889,-0.2778315,-0.2698938,-0.25074705,-0.27306527,-0.304123,-0.38334006,-0.33709,-0.41863889,-0.26381022,-0.3555616,-0.35609764,-0.43104833,-0.31427857,-0.3144791,-0.35637724,-0.3933801,-0.32257122,-0.27113312,-0.18443729,-0.29779577,-0.24473464,-0.24537344,-0.23548228,-0.34652692,-0.35169965,-0.38122743,-0.30688906,-0.2454862,-0.32128388,-0.3174648,-0.3615378,-0.30193663,-0.26469296,-0.2788417,0.82673305,-0.36883414,-0.3191793,-0.24353719,-0.30025482,-0.33649534,-0.3511923,-0.41365513,-0.28638947,-0.2555955,-0.32502955,-0.35720906,-0.42520472,-0.27840957
k__Bacteria|p__Proteobacteria|c__Gammaproteobacteria|o__Enterobacteriales|f__Enterobacteriaceae|g__Klebsiella|s__unclassified,-0.28574407,-0.30897456,-0.30934668,-0.297882,-0.35537535,-0.31121662,-0.34091675,-0.35552558,-0.45798403,-0.29227588,-0.3313659,-0.3155125,-0.2778807,-0.2669205,-0.2531155,-0.30494046,-0.33753413,-0.23999745,-0.23296887,-0.23799823,-0.29934186,-0.35307166,-0.41568026,-0.35720402,-0.41530508,-0.3366719,-0.32072902,-0.27485335,-0.35797155,-0.39716846,1.1271213,-0.30771792,-0.3638934,-0.32358813,-0.26266244,-0.25396472,-0.33594304,-0.38596424,-0.3509197,-0.345838,-0.26324958,-0.3334805,-0.32076445,-0.3421979,-0.44172895,-0.27803665,1.3974859,0.8567119,-0.4370951,-0.35713702,-0.29389206,-0.31178585,-0.2534014,-0.24289995,-0.23636277,1.1771163,-0.35123682,-0.29527372,-0.34445426,-0.41931835,-0.32914695,-0.32914695,-0.35751456,-0.42080656,-0.28696096,1.4189112,-0.28761852,-0.3465716,-0.40945888,-0.29459703,-0.264517,-0.35288614,-0.3100031,-0.35305658,-0.34904224,1.5917672,-0.29426086,-0.25958246,-0.34404397,-0.40471107,1.1637563,0.99825376,-0.41260278,-0.35933927,-0.44004986,-0.26671094,-0.24514951,-0.35424852,-0.4156578,-0.31016356,-0.28392407,-0.2645283,-0.37276673,-0.3381195,-0.28802213,-0.3065683,-0.31511015,-0.27803898,-0.2730251,-0.25338513,-0.27306527,-0.304123,-0.38392764,-0.33709,-0.4226275,-0.26381022,0.5076186,-0.35609764,-0.43316722,-0.317246,-0.31205586,-0.35637724,-0.392762,-0.3248386,-0.2753171,-0.18443729,-0.29332343,-0.2409775,-0.24666257,-0.23764478,-0.34652692,-0.35169965,-0.38246083,-0.31039667,-0.2486597,-0.32128388,-0.3174648,-0.358558,-0.30307063,-0.26775908,-0.2788417,-0.3442507,-0.36949545,-0.32337835,-0.24573733,-0.29502654,-0.33436823,-0.3511923,-0.41990456,-0.2946901,-0.2555955,-0.32277697,-0.35720906,-0.4308241,-0.2819503
k__Bacteria|p__Proteobacteria|c__Gammaproteobacteria|o__Enterobacteriales|f__Enterobacteriaceae|g__Citrobacter|s__unclassified,-0.28574407,-0.310722,-0.31285155,-0.29838902,-0.35537535,-0.31121662,-0.34344003,-0.35552558,-0.45739815,-0.2949823,-0.3313659,-0.31662685,-0.28103548,-0.26991564,-0.2553585,-0.30838943,-0.34017348,-0.2419303,-0.23560974,-0.2407104,-0.30386794,-0.35307166,-0.42166758,-0.35720402,-0.41737753,-0.3366719,-0.32363296,-0.27725357,-0.35797155,-0.40478045,-0.31815568,-0.30771792,-0.36615855,-0.32559806,-0.2683366,-0.25396472,0.9161201,-0.38902777,-0.3509197,-0.345838,-0.26324958,-0.33620492,-0.3228648,-0.3421979,-0.44580552,-0.28409386,2.0488245,-0.34594566,-0.4416169,-0.35713702,-0.29588598,-0.3105312,-0.25548127,-0.24461512,-0.2389421,-0.3133456,-0.35489577,-0.2978863,-0.34445426,-0.42185122,-0.32914695,-0.32914695,0.4552673,-0.42399517,-0.29100975,1.3846909,-0.28761852,-0.3465716,-0.4144796,-0.29789332,-0.264517,-0.3554319,-0.31225994,-0.35305658,-0.34904224,1.9266677,-0.29625937,-0.25958246,-0.34404397,-0.41050386,-0.31283143,-0.3326372,-0.41578627,-0.35933927,-0.44053173,-0.27274507,-0.24514951,-0.35424852,-0.4195011,-0.31650752,-0.28791827,-0.2645283,-0.3752169,-0.338866,-0.2893363,-0.3065683,-0.31692502,-0.28207937,-0.27584323,-0.25593215,-0.27306527,1.2528969,-0.3886914,-0.33709,-0.4247309,-0.26381022,-0.3555616,0.57992554,-0.4360084,-0.3193717,-0.31394833,0.58645654,-0.39697957,-0.32725236,-0.2783419,-0.18443729,-0.29511,-0.24252057,-0.2500357,-0.2403989,-0.34652692,-0.35169965,-0.38630372,-0.31293595,-0.25267437,-0.32128388,-0.3174648,-0.3607394,-0.3054515,-0.27089536,-0.2788417,-0.3442507,-0.37314397,-0.32628235,-0.25020206,-0.29475647,-0.33580664,-0.3511923,-0.42163277,-0.3007047,-0.2555955,-0.32724696,-0.35720906,-0.432858,-0.28604817
k__Bacteria|p__Proteobacteria|c__Gammaproteobacteria|o__Enterobacteriales|f__Enterobacteriaceae|g__unclassified|s__unclassified,1.9367449,1.0469279,0.41615355,0.23827176,-0.35537535,1.3062568,0.9135775,0.64131093,0.40895098,0.4798155,1.3022023,1.0180652,0.55052465,0.3770989,0.3542602,1.4572341,0.92191243,0.708306,0.5213517,0.41946873,1.5249417,0.6782525,0.6029311,1.1093918,0.5813605,1.2807662,0.99906564,0.56412905,-0.35797155,0.67383397,1.1687654,-0.30771792,0.8154464,0.3534455,0.38877487,1.8330277,1.0431705,0.721536,-0.3509197,-0.345838,1.6636146,0.9431777,0.36514172,0.79418564,0.47819865,1.6025014,1.5559095,1.0503975,0.5062511,-0.35713702,1.5111558,1.028318,0.65241754,0.47609457,0.423734,1.7347976,0.870865,0.473672,0.79633856,0.5627098,1.0693705,1.0693705,0.46617275,0.572087,0.4905064,2.3227286,2.0513058,0.83014435,0.6239903,0.46924812,1.6948018,0.8624301,0.41239917,-0.35305658,0.64916414,1.6777853,1.1147966,1.6112908,0.7953096,0.6335969,1.570954,1.3082378,0.60832834,0.56553715,0.47534433,1.6592808,2.2985573,-0.35424852,0.59105647,0.3898247,1.582937,1.6601024,0.78041196,0.29020318,0.2783174,1.4742672,1.0252697,0.5526111,0.35175377,0.3513131,1.761302,1.3147581,0.73591554,-0.33709,0.5630776,2.3609273,1.333355,0.90960735,0.5208668,0.36840475,1.4472232,0.6160222,0.69456756,0.34766662,0.33272552,2.3587031,1.1147032,0.7057195,0.46609983,0.4194031,0.98705333,0.74830097,0.7388389,0.40882447,0.4460974,1.1327354,1.5725411,0.8387372,0.4418117,0.3640254,1.4704748,1.0020802,0.79166186,0.35313153,0.45650482,1.5135987,0.9378313,1.0131363,0.5692607,0.4529332,1.8111322,0.9941454,0.5296558,0.5256666,0.5066486
k__Bacteria|p__Proteobacteria|c__Alphaproteobacteria|o__Rickettsiales|f__mitochondria|g__unclassified|s__unclassified,-0.28574407,-0.31404594,-0.30982563,-0.2962358,-0.35537535,-0.31121662,-0.34470636,-0.35552558,-0.45521617,-0.2939128,-0.3313659,-0.31996664,-0.28007108,-0.26775685,-0.25427058,-0.31609315,-0.34193987,-0.2437125,-0.23533353,-0.24027309,-0.31491673,0.57709163,-0.4169227,-0.35720402,-0.41610062,-0.3366719,-0.32592222,-0.27685064,0.4282486,-0.40265045,-0.31815568,-0.30771792,-0.36683765,-0.32357702,-0.26775816,-0.25396472,-0.33594304,-0.38732773,-0.3509197,-0.345838,-0.26324958,-0.33816588,-0.32041526,-0.3421979,-0.44371003,-0.29444024,-0.28815714,-0.34594566,-0.43613338,-0.35713702,-0.3063563,-0.31641585,-0.25647873,-0.2443583,-0.23880832,-0.3133456,-0.3550205,-0.29590747,-0.34445426,-0.41973102,-0.32914695,-0.32914695,0.47356644,-0.42054242,-0.29018646,-0.2859781,-0.28761852,-0.3465716,-0.40999886,-0.29664028,-0.264517,-0.35710263,-0.31000283,-0.35305658,-0.34904224,-0.26304597,-0.3013614,-0.25958246,-0.34404397,-0.40853608,-0.31283143,-0.3326372,-0.41293204,-0.35933927,-0.44116727,-0.2854041,-0.24514951,-0.35424852,-0.4174848,-0.31615445,-0.2992921,-0.2645283,-0.3756101,-0.33707324,-0.28861332,-0.3065683,-0.32042477,-0.2804542,-0.27402896,-0.2545097,-0.27306527,-0.304123,-0.38628358,-0.33709,-0.42390013,-0.26381022,-0.3555616,-0.35609764,-0.4323647,-0.31767893,-0.32361847,-0.35637724,-0.3942859,-0.3242535,-0.27699625,-0.18443729,-0.3008903,-0.24456808,-0.24880263,-0.24067591,-0.34652692,-0.35169965,-0.38489643,-0.31130692,-0.25253844,-0.32128388,-0.3174648,-0.36142746,-0.30376798,-0.26918417,-0.2788417,-0.3442507,-0.37271935,-0.32340404,-0.24905774,-0.30619067,-0.33873534,-0.3511923,-0.42115784,-0.3018548,-0.2555955,-0.32871854,-0.35720906,-0.43098825,-0.28486463
k__Bacteria|p__Proteobacteria|c__Gammaproteobacteria|o__Enterobacteriales|f__Enterobacteriaceae|g__Enterobacter|s__hormaechei,1.3817804,-0.2837619,-0.29550752,-0.28760728,-0.35537535,-0.31121662,-0.31623638,0.72446513,-0.44040066,-0.27893427,-0.3313659,-0.29085064,-0.26060525,-0.25412315,-0.24283771,-0.27892208,-0.31351137,-0.2212405,-0.21905664,-0.22779296,-0.27149904,-0.35307166,-0.39549273,-0.35720402,-0.39818275,0.9471658,-0.29598644,-0.25859547,-0.35797155,-0.37871146,1.4246769,-0.30771792,-0.33919817,-0.31235057,-0.25338614,-0.25396472,0.90907073,-0.36355263,-0.3509197,-0.345838,-0.26324958,-0.30861974,-0.3076213,-0.3421979,-0.42636493,-0.24981019,1.4902619,0.8638489,-0.4167381,-0.35713702,-0.2674427,-0.2876765,-0.23562796,-0.23086776,-0.22578175,1.2169486,-0.32692263,-0.2806518,-0.34445426,-0.40266752,-0.32914695,-0.32914695,-0.35751456,-0.40139562,-0.27559814,1.4780461,-0.28761852,-0.3465716,-0.38865188,-0.28171825,-0.264517,-0.3298126,-0.29645655,-0.35305658,-0.34904224,2.489838,-0.2689327,1.6155546,-0.34404397,-0.38709083,1.2099203,1.021449,-0.390249,-0.35933927,-0.42560035,-0.23652628,-0.24514951,-0.35424852,-0.39972395,-0.3020102,-0.2550137,-0.2645283,-0.34876624,-0.3256789,-0.27932385,-0.3065683,-0.2887986,-0.26089805,-0.26109198,-0.24342804,-0.27306527,1.240807,-0.36052564,-0.33709,-0.40437567,1.587185,0.5718335,0.43594417,-0.41244665,-0.30586275,-0.2856319,0.73343205,-0.36820367,-0.31153134,-0.26637974,-0.18443729,-0.26780158,-0.22217657,-0.23338223,-0.22748879,-0.34652692,0.66801107,-0.361093,-0.29764158,-0.23792242,-0.32128388,1.1259774,-0.33352584,-0.28814882,-0.2580006,-0.2788417,-0.3442507,-0.3478823,-0.3116805,-0.2348163,-0.2678912,-0.31170464,0.7250471,-0.40487328,-0.2866963,-0.2555955,-0.29822972,-0.35720906,-0.4144014,-0.27050334
k__Bacteria|p__Proteobacteria|c__Gammaproteobacteria|o__Pasteurellales|f__Pasteurellaceae|g__Actinobacillus|s__unclassified,-0.28574407,-0.31208175,-0.29100305,-0.28076887,-0.35537535,-0.31121662,-0.33566302,-0.35552558,-0.43244934,-0.28149527,-0.3313659,-0.31815493,-0.26542062,-0.25130925,-0.24164152,-0.32667089,-0.3332103,-0.23740163,-0.22476043,-0.229674,-0.3132888,0.57781065,-0.3910607,0.5938642,-0.39869392,-0.3366719,-0.31953573,-0.26482958,-0.35797155,-0.37864426,-0.31815568,-0.30771792,-0.3527792,-0.3050992,-0.24949646,-0.25396472,-0.33594304,-0.37102574,0.47777516,-0.345838,-0.26324958,-0.32972193,-0.3019901,-0.3421979,-0.41737336,-0.29763883,-0.28815714,0.87436473,-0.40955752,-0.35713702,-0.31739795,-0.31783554,-0.2474561,-0.23514855,-0.22904767,-0.3133456,-0.34199566,-0.2817783,-0.34445426,-0.40298867,-0.32914695,-0.32914695,0.4568051,-0.39931703,-0.27836418,-0.2859781,-0.28761852,-0.3465716,-0.38744968,-0.28269506,-0.264517,-0.34506375,-0.294218,-0.35305658,-0.34904224,-0.26304597,-0.2991745,-0.25958246,-0.34404397,-0.3869108,-0.31283143,-0.3326372,-0.3903675,-0.35933927,-0.420183,-0.28633472,-0.24514951,-0.35424852,-0.39759114,-0.29501256,-0.3022691,-0.2645283,-0.35912138,-0.3169636,-0.2731628,-0.3065683,-0.31460392,-0.26454467,-0.25565025,-0.24182926,-0.27306527,-0.304123,-0.36586246,-0.33709,-0.40262455,-0.26381022,0.50559664,-0.35609764,-0.4074164,-0.3026887,-0.33042866,-0.35637724,-0.37360442,-0.30490538,-0.2618528,-0.18443729,-0.29842693,-0.23853406,-0.23441096,-0.22971655,-0.34652692,-0.35169965,-0.3676359,-0.293013,-0.23971549,-0.32128388,-0.3174648,-0.34897196,-0.28685543,-0.2564259,-0.2788417,-0.3442507,-0.3572701,-0.30416235,-0.23780875,-0.31904644,-0.33223212,0.72841215,-0.40248322,-0.28268573,-0.2555955,-0.31956714,0.46842796,-0.40893394,-0.2753284
k__Bacteria|p__Proteobacteria|c__Gammaproteobacteria|o__Enterobacteriales|f__Enterobacteriaceae|g__Escherichia|s__unclassified,2.2986996,0.9392728,0.2898274,0.10856621,-0.35537535,1.2641032,0.7885316,0.61165595,0.2143483,0.36118564,1.5704057,0.9065565,0.44280156,0.2684111,0.24960668,1.3653042,0.80052423,0.6218521,0.43195248,0.32150415,1.4291253,0.5991446,0.43486786,0.72124875,0.41258168,1.6017104,0.88472813,0.45698267,-0.35797155,0.50259423,-0.31815568,-0.30771792,0.6774827,0.21649387,0.2734081,1.7646911,0.97868097,0.5701645,-0.3509197,-0.345838,1.7537591,0.8222349,0.23232296,-0.3421979,0.28529483,1.5215782,1.5835751,0.9795205,0.32616493,-0.35713702,1.4252667,0.9200094,0.55848527,0.38025814,0.32682472,1.2485873,0.74018633,0.35575792,0.79748553,0.38687706,1.0566236,1.0566236,0.47281063,0.40012956,0.3723094,-0.2859781,1.781936,0.7621394,0.45967695,0.34931555,1.6673423,0.7297553,0.28459468,-0.35305658,-0.34904224,1.6079959,1.0144553,-0.25958246,-0.34404397,0.4665441,-0.31283143,1.0122864,0.44417554,0.54844505,0.28655392,1.5847157,2.070397,-0.35424852,0.41689876,0.25171965,1.5005524,1.6314132,0.63802207,0.1447296,0.1535632,1.7137805,0.91507614,0.44390425,0.24049541,0.24743937,1.9858333,1.2867123,0.58718663,-0.33709,0.38665086,1.8168253,0.68316275,0.59455484,0.34298164,0.23490626,1.3479626,-0.35637724,0.54075515,0.21136382,0.21498671,2.3926704,1.0173014,0.6180592,0.3686942,0.3200771,1.1726888,0.68780774,0.58796453,0.28161353,0.3426821,1.1978308,1.6910244,0.703768,0.31896606,0.25155655,1.4828612,0.86796045,0.6487858,0.21772578,0.35495582,1.427954,0.81590945,-0.3511923,0.39320463,0.3209629,1.8791276,0.8775848,0.48414484,0.34672278,0.39294225
k__Bacteria|p__Proteobacteria|c__Gammaproteobacteria|o__Pasteurellales|f__Pasteurellaceae|g__Haemophilus|s__parainfluenzae,-0.28574407,-0.2999764,-0.2547849,-0.23401365,-0.35537535,-0.31121662,-0.3145414,-0.35552558,-0.36291522,-0.24441081,0.99960095,-0.30247408,-0.24307755,-0.2217563,-0.20741706,-0.3156475,-0.31142825,-0.226414,-0.20672792,-0.19948249,-0.3110513,-0.35307166,-0.34540188,0.6012028,-0.33954158,0.97032654,-0.30389512,-0.24118455,-0.35797155,-0.32753026,-0.31815568,-0.30771792,-0.32487023,-0.25775218,-0.21042405,-0.25396472,-0.33594304,-0.3334968,0.47543177,-0.345838,-0.26324958,-0.31046876,-0.25969702,-0.3421979,-0.34616092,-0.30253693,-0.28815714,0.86883384,-0.35679784,0.5458501,-0.30991787,-0.29964632,-0.23187873,-0.20957674,-0.19880036,-0.3133456,-0.31856245,-0.24965356,-0.34445426,-0.34056455,-0.32914695,-0.32914695,0.45872402,-0.34691504,-0.23822775,-0.2859781,-0.28761852,-0.3465716,-0.34346986,-0.24456722,-0.264517,-0.3168928,-0.25531107,-0.35305658,-0.34904224,-0.26304597,-0.29137138,-0.25958246,-0.34404397,-0.33201137,-0.31283143,1.001102,-0.34665602,0.5522686,-0.34517825,-0.2975288,-0.24514951,-0.35424852,-0.3374657,-0.24081388,-0.3071583,-0.2645283,-0.32868826,-0.26635313,-0.22524758,-0.3065683,-0.3036952,-0.24282336,-0.22324854,-0.20728195,1.5321313,-0.304123,-0.3337304,-0.33709,-0.3433992,-0.26381022,-0.3555616,-0.35609764,-0.35441428,-0.25428888,-0.31901717,-0.35637724,-0.33870235,-0.2615146,-0.2192727,-0.18443729,-0.2916343,-0.22708927,-0.21235704,-0.19826563,-0.34652692,-0.35169965,-0.32974422,-0.2532185,-0.20744945,-0.32128388,1.1560009,-0.3231591,-0.25267753,-0.21711814,-0.2788417,-0.3442507,-0.32390243,-0.25834584,-0.20741141,-0.31423175,-0.3083411,0.72113657,-0.3378808,-0.23320821,-0.2555955,-0.3045189,0.50414973,-0.34667993,-0.23573966
k__Bacteria|p__Proteobacteria|c__Alphaproteobacteria|o__RF32|f__unclassified|g__unclassified|s__unclassified,-0.28574407,-0.31802613,-0.3027662,-0.28970632,-0.35537535,-0.31121662,-0.34485132,-0.35552558,-0.4460261,-0.2877843,-0.3313659,-0.3236422,-0.27664644,-0.26212454,-0.24762051,-0.3248605,-0.34230992,-0.24492046,-0.23313421,-0.23372297,-0.31013936,-0.35307166,-0.40597755,-0.35720402,-0.40754452,-0.3366719,-0.3265569,-0.2736168,-0.35797155,-0.38510874,-0.31815568,-0.30771792,-0.36486205,-0.31406972,-0.25345787,-0.25396472,-0.33594304,-0.3829869,-0.3509197,-0.345838,-0.26324958,-0.33848834,-0.31296203,-0.3421979,-0.42539757,-0.2946031,-0.28815714,-0.34594566,-0.42686126,0.58247685,-0.31356904,-0.32143193,-0.25621542,-0.24136996,-0.23276736,-0.3133456,-0.35313606,-0.29145753,-0.34445426,-0.41065335,-0.32914695,-0.32914695,-0.35751456,-0.41225702,-0.28360015,-0.2859781,-0.28761852,-0.3465716,-0.40235984,-0.28947255,-0.264517,-0.3539251,-0.3035193,-0.35305658,-0.34904224,-0.26304597,-0.3033155,-0.25958246,-0.34404397,-0.39491415,-0.31283143,-0.3326372,-0.40659463,-0.35933927,-0.42652726,-0.28261968,-0.24514951,-0.35424852,-0.40503392,-0.2997458,-0.29992002,-0.2645283,-0.3720398,-0.3282795,-0.27874953,-0.3065683,-0.32297176,-0.27601954,-0.26678354,-0.24816142,-0.27306527,-0.304123,-0.3805812,-0.33709,-0.41150105,-0.26381022,-0.3555616,-0.35609764,-0.4238885,-0.3099882,-0.32715002,-0.35637724,-0.3889997,-0.31671342,-0.2672331,-0.18443729,-0.30385464,-0.24553858,-0.24397762,-0.23291059,0.82907724,-0.35169965,-0.37840766,-0.30357945,-0.24406347,-0.32128388,-0.3174648,-0.3603837,-0.29800826,-0.26134324,-0.2788417,-0.3442507,-0.3680004,-0.31413972,-0.24245103,-0.3159102,-0.33854744,-0.3511923,-0.40864262,-0.2863946,-0.2555955,-0.32744503,0.76277983,-0.41966128,-0.28018707
k__Bacteria|p__Proteobacteria|c__Gammaproteobacteria|o__Pasteurellales|f__Pasteurellaceae|g__Haemophilus|s__unclassified,1.3800324,0.7911876,0.63001615,0.56790674,-0.35537535,1.1913906,0.8110921,-0.35552558,0.8801348,0.6156198,1.0805658,0.7946731,0.6135564,0.5498526,0.5173486,0.8864138,0.80747193,0.59042495,0.5290008,0.5067431,0.87846124,0.61311847,0.8532094,0.7322835,0.84782577,1.266069,0.79708123,0.60976267,0.43115664,0.8334253,1.1284904,1.2510065,0.8266407,0.63487977,0.5357909,1.6977977,0.9041741,0.838371,0.6296912,-0.345838,-0.26324958,0.8060076,0.6360684,-0.3421979,0.8600147,0.8663775,1.403605,1.0266725,0.8699925,0.6699462,0.8774689,0.7907064,0.59833866,0.5325353,0.50590235,-0.3133456,0.8175088,0.62137896,0.7966085,0.8506259,1.0532842,1.0532842,0.59707713,0.857074,0.60927427,1.3875095,1.3777026,0.7818656,0.8521062,0.6161724,-0.264517,0.81567556,0.62934285,0.58547354,0.654474,-0.26304597,0.779508,-0.25958246,0.81314284,0.8392158,-0.31283143,1.0944688,0.85600555,0.8458401,0.85810006,0.8583143,1.7849818,0.6518644,0.8465103,0.6164619,0.87104404,-0.2645283,0.83101964,0.64729977,0.5554614,-0.3065683,0.7963468,0.6135026,0.5519558,0.5173667,1.5667825,-0.304123,0.8379016,0.89120567,0.8527054,1.5869563,0.5058215,0.43044403,0.8679054,0.6301934,0.8889204,0.60458386,0.84551805,0.6399189,0.5470293,-0.18443729,0.77906775,0.5908823,0.5367024,0.50523245,-0.34652692,0.7056344,0.8333725,0.62846303,0.53086805,-0.32128388,1.3351127,0.82362133,0.62713844,0.5434999,-0.2788417,-0.3442507,0.82579285,0.63529855,0.5303872,0.8807852,0.8032734,0.8727188,0.84732175,0.6058085,1.7017395,0.7978813,0.7781203,0.85788476,0.60661316
k__Bacteria|p__Proteobacteria|c__Betaproteobacteria|o__Burkholderiales|f__Alcaligenaceae|g__Sutterella|s__unclassified,-0.28574407,0.27089524,0.5881019,0.6543393,1.2047915,1.1842207,0.4194728,-0.35552558,0.9822531,0.5172758,1.7901102,0.3029923,0.43756384,0.49806154,0.47894773,0.06077184,0.40657014,0.2616633,0.3375606,0.40777358,0.0060331067,0.61865383,0.7671182,-0.35720402,0.7859205,-0.3366719,0.32366914,0.4250906,0.5012375,0.6910843,-0.31815568,1.449082,0.5269354,0.6605774,0.48868302,-0.25396472,1.1102465,0.63282645,0.6947612,0.71183234,1.6000222,0.38569146,0.64560634,0.85231256,0.90670043,-0.08721189,-0.28815714,-0.34594566,0.87186867,1.2394792,0.005078595,0.29114923,0.32386473,0.38935605,0.40209967,1.1777277,0.46581012,0.5244303,0.9389192,0.8075272,1.4733286,1.4733286,0.48819178,0.799929,0.50145644,-0.2859781,-0.28761852,-0.3465716,0.74088126,0.528466,1.9551556,0.47744024,0.59479946,0.77942127,1.1452223,-0.26304597,0.19802666,-0.25958246,1.0657765,0.731907,-0.31283143,-0.3326372,0.75697654,0.71385574,0.907876,-0.1450581,-0.24514951,0.6358271,0.78270066,0.6150944,-0.06365149,-0.2645283,0.56737673,0.729967,0.610416,-0.3065683,0.29448587,0.43601403,0.5260981,0.48073447,-0.27306527,-0.304123,0.6164899,1.1010219,0.813349,-0.26381022,0.53321093,0.6054313,0.8553631,0.64012474,0.08378987,0.5892461,0.6610755,0.66453725,0.54918915,2.306006,0.1959269,0.26633006,0.3998778,0.4083483,1.4601568,1.3659396,0.6149582,0.59603703,0.42248368,-0.32128388,-0.3174648,0.5016073,0.55974376,0.5138518,-0.2788417,-0.3442507,0.5543614,0.6591338,0.40983263,0.0062611746,0.39258116,0.8070963,0.80477923,0.54520047,1.9550531,0.3309378,0.8134993,0.8515389,0.4805025
k__Bacteria|p__Actinobacteria|c__Actinobacteria|o__Actinomycetales|f__Actinomycetaceae|g__Parascardovia|s__unclassified,-0.28574407,-0.3164932,-0.30672562,-0.29622373,-0.35537535,-0.31121662,-0.3443738,-0.35552558,-0.454098,-0.29334813,-0.3313659,-0.32303217,-0.2771643,-0.26507467,-0.25306916,-0.32620865,-0.34191924,-0.24357505,-0.23426697,-0.23954515,-0.31219208,-0.35307166,-0.4102444,-0.35720402,-0.41571796,-0.3366719,-0.32618988,-0.2749064,-0.35797155,-0.39616787,-0.31815568,-0.30771792,-0.36484987,-0.32157856,-0.26278582,-0.25396472,-0.33594304,-0.38556778,-0.3509197,-0.345838,-0.26324958,-0.33772486,-0.3177183,-0.3421979,-0.43875998,-0.2942263,-0.28815714,-0.34594566,-0.43085116,-0.35713702,-0.31457797,-0.3211199,-0.2557779,-0.24467544,-0.23830763,-0.3133456,-0.35295346,-0.29423416,-0.34445426,-0.4204225,-0.32914695,-0.32914695,-0.35751456,-0.41794413,-0.29044664,1.530089,-0.28761852,-0.3465716,-0.40592176,-0.29533204,-0.264517,-0.3555536,-0.30805475,-0.35305658,-0.34904224,-0.26304597,-0.30217478,-0.25958246,-0.34404397,-0.40417057,-0.31283143,-0.3326372,-0.40849426,-0.35933927,-0.43948734,-0.2808684,-0.24514951,-0.35424852,-0.4155616,-0.3119957,-0.2986982,-0.2645283,-0.37219644,-0.33484182,-0.2873624,-0.3065683,-0.32035267,-0.27694434,-0.2704812,-0.25357226,-0.27306527,-0.304123,-0.38127077,-0.33709,-0.42020905,-0.26381022,-0.3555616,-0.35609764,-0.42816514,-0.31727892,-0.3296188,-0.35637724,-0.38974673,-0.32188627,-0.27533865,-0.18443729,-0.3010683,-0.24433503,-0.2461195,-0.23929793,-0.34652692,-0.35169965,-0.38216496,-0.30867666,-0.2503647,-0.32128388,-0.3174648,-0.35996342,-0.30122885,-0.26859415,1.459939,-0.3442507,-0.37050396,-0.32093412,-0.24797778,-0.314964,-0.3396765,-0.3511923,-0.4204124,-0.29812455,-0.2555955,-0.3270489,-0.35720906,-0.4286058,-0.28730398
k__Bacteria|p__Actinobacteria|c__Actinobacteria|o__Actinomycetales|f__Corynebacteriaceae|g__Corynebacterium|s__unclassified,-0.28574407,-0.32100254,-0.3176085,-0.3038074,-0.35537535,-0.31121662,-0.3525432,-0.35552558,-0.466726,-0.2993247,-0.3313659,-0.3273486,-0.28796592,-0.27545848,-0.25903645,-0.32177085,-0.35021606,-0.25047594,-0.2416689,-0.24317676,-0.3092971,-0.35307166,-0.42436174,-0.35720402,-0.4235854,-0.3366719,-0.33240354,-0.28320372,-0.35797155,-0.40358132,-0.31815568,-0.30771792,-0.37647069,-0.3296619,-0.2677081,-0.25396472,-0.33594304,-0.3966782,-0.3509197,-0.345838,-0.26324958,-0.34545484,-0.32823437,-0.3421979,-0.44728583,-0.2904731,-0.28815714,-0.34594566,-0.44692618,-0.35713702,-0.30873394,-0.32360774,-0.26363754,-0.24973576,-0.24172716,-0.3133456,-0.36305773,-0.30336428,-0.34445426,-0.427466,-0.32914695,-0.32914695,-0.35751456,-0.4299361,-0.29524505,-0.2859781,-0.28761852,-0.3465716,-0.41947168,-0.30192557,-0.264517,-0.3634756,-0.3167884,-0.35305658,-0.34904224,-0.26304597,-0.305628,-0.25958246,-0.34404397,-0.41222757,-0.31283143,-0.3326372,-0.42369586,-0.35933927,-0.44588625,-0.27807695,-0.24514951,-0.35424852,-0.42218426,-0.3174846,-0.29572296,-0.2645283,-0.38435584,-0.34539273,-0.2927125,-0.3065683,-0.32826605,-0.28795815,-0.28157863,-0.25982136,-0.27306527,-0.304123,-0.39506242,-0.33709,-0.42933434,-0.26381022,-0.3555616,-0.35609764,-0.4437132,-0.32420412,-0.32469186,-0.35637724,-0.40504712,-0.3329155,-0.28062364,-0.18443729,-0.30548638,-0.25065705,-0.25514328,-0.24254744,-0.34652692,-0.35169965,-0.3923852,-0.3185326,-0.2548516,-0.32128388,-0.3174648,-0.37096196,-0.31172615,-0.27321878,-0.2788417,-0.3442507,-0.3802963,-0.33024687,-0.2524345,-0.3096825,-0.344828,-0.3511923,-0.42529586,-0.30277428,-0.2555955,-0.3340974,-0.35720906,-0.43817228,-0.29112622
k__Bacteria|p__Actinobacteria|c__Actinobacteria|o__Actinomycetales|f__Micrococcaceae|g__Rothia|s__mucilaginosa,-0.28574407,-0.31667918,-0.3057418,-0.29524702,-0.35537535,-0.31121662,-0.3442104,-0.35552558,-0.4538169,-0.29197848,-0.3313659,-0.32310826,-0.27621162,-0.263845,-0.2517866,-0.32440633,-0.34156796,-0.24311967,-0.23348115,-0.23793143,-0.3105933,-0.35307166,-0.4094442,-0.35720402,-0.41465124,-0.3366719,-0.3256091,-0.27462015,-0.35797155,-0.3909102,1.1275954,-0.30771792,-0.36425602,-0.32042477,-0.25883588,-0.25396472,-0.33594304,-0.38501537,-0.3509197,-0.345838,-0.26324958,-0.3373724,-0.3172018,-0.3421979,-0.43509775,-0.2925765,-0.28815714,-0.34594566,-0.43041044,-0.35713702,-0.31347793,-0.32164067,-0.2552235,-0.24416186,-0.23668133,-0.3133456,-0.3524593,-0.2939956,-0.34445426,-0.41860652,-0.32914695,-0.32914695,-0.35751456,-0.41729924,-0.2883801,-0.2859781,-0.28761852,-0.3465716,-0.4052608,-0.29373595,-0.264517,-0.35506508,-0.30766594,-0.35305658,-0.34904224,-0.26304597,-0.3019237,-0.25958246,-0.34404397,-0.40162522,-0.31283143,-0.3326372,-0.40814897,-0.35933927,-0.43742156,-0.2795704,1.7599118,-0.35424852,-0.41398185,-0.307194,-0.2979226,-0.2645283,-0.37198728,-0.33374107,-0.28569686,-0.3065683,-0.32047322,-0.2756194,-0.26916465,-0.25228673,-0.27306527,-0.304123,-0.38078022,-0.33709,-0.41870338,-0.26381022,-0.3555616,-0.35609764,-0.42747313,-0.31604257,-0.32841632,-0.35637724,-0.38869673,-0.32075638,-0.27331915,-0.18443729,-0.3014125,-0.24405304,-0.24493052,-0.23731817,-0.34652692,-0.35169965,-0.38124365,-0.307553,-0.2479348,-0.32128388,-0.3174648,-0.35961562,-0.30029565,-0.26679546,-0.2788417,0.8283962,-0.36995468,-0.3196672,-0.24588348,-0.31577724,-0.33993173,-0.3511923,-0.41861778,-0.2934476,-0.2555955,-0.32640216,-0.35720906,-0.42753613,-0.2847999
k__Bacteria|p__Actinobacteria|c__Actinobacteria|o__Actinomycetales|f__Actinomycetaceae|g__Actinomyces|s__unclassified,-0.28574407,-0.31340295,-0.30621043,-0.29516652,-0.35537535,-0.31121662,-0.3428415,-0.35552558,-0.45297664,-0.2911517,-0.3313659,-0.3192976,-0.2764588,-0.26402026,-0.25110838,-0.31522578,-0.33922517,-0.24158975,-0.23256016,-0.23728524,-0.30707425,-0.35307166,-0.41225046,-0.35720402,-0.41315836,0.9373852,-0.32335973,-0.27439198,-0.35797155,-0.3949089,-0.31815568,-0.30771792,-0.3635245,-0.31995755,-0.26051083,-0.25396472,-0.33594304,-0.384817,-0.3509197,-0.345838,-0.26324958,-0.33600342,-0.31727797,-0.3421979,-0.43700582,-0.28857738,-0.28815714,-0.34594566,-0.43288386,-0.35713702,-0.30430317,-0.31607082,-0.25387666,-0.24263968,-0.2360165,-0.3133456,-0.35201272,-0.293713,-0.34445426,-0.41746876,-0.32914695,-0.32914695,-0.35751456,-0.41770846,-0.28690675,1.3856313,1.4523612,-0.3465716,-0.40682095,-0.29304862,-0.264517,-0.35389253,-0.30777153,-0.35305658,-0.34904224,-0.26304597,-0.29868656,-0.25958246,-0.34404397,-0.4032036,-0.31283143,-0.3326372,-0.40955335,-0.35933927,-0.43630144,-0.2774404,-0.24514951,-0.35424852,-0.4139033,-0.3079564,-0.29325104,-0.2645283,-0.37199903,-0.3337418,-0.28513294,-0.3065683,-0.3177231,-0.27637166,-0.2689068,-0.25124782,-0.27306527,1.2349179,-0.38232434,-0.33709,-0.4193719,-0.26381022,-0.3555616,-0.35609764,-0.4287092,-0.3151362,-0.32086882,-0.35637724,-0.3904431,-0.3210543,-0.27301735,-0.18443729,-0.2984275,-0.24286419,-0.2447748,-0.23701856,-0.34652692,-0.35169965,-0.3811218,-0.3069396,-0.24789272,-0.32128388,-0.3174648,-0.3586769,-0.300398,-0.26634046,-0.2788417,-0.3442507,-0.3691821,-0.31956157,-0.2457884,-0.3054753,-0.33682382,-0.3511923,-0.41729224,-0.29336438,-0.2555955,-0.32563615,-0.35720906,-0.42694226,-0.28229815
k__Bacteria|p__Actinobacteria|c__Actinobacteria|o__Bifidobacteriales|f__Bifidobacteriaceae|g__Bifidobacterium|s__longum,-0.28574407,1.2282748,0.64871895,0.48200428,0.69285417,1.6329176,1.1341383,0.8506048,0.77848375,0.6889398,1.4656093,1.2079868,0.74812174,0.5783956,0.5408043,1.5904155,1.1387818,0.8608897,0.67996955,0.5829969,1.6239872,1.5871322,0.90482587,0.7081947,0.88852847,1.231002,1.1908777,0.7554432,0.52001107,0.9337575,1.2248821,1.2411665,1.0676798,0.6001333,0.56335384,1.6973023,1.7560076,0.9974272,0.4760914,0.6259733,1.716894,1.1540589,0.6138389,-0.3421979,0.8024243,1.6800814,1.9060429,1.2063292,0.84473324,0.633392,1.6266482,1.2169542,0.8208633,0.6457167,0.5868094,-0.3133456,1.1026645,0.69096076,-0.34445426,0.87308705,1.4459518,1.4459518,0.45699716,0.8880117,0.68985426,1.6065477,1.5496732,0.7582331,0.92515945,0.6795541,1.962572,1.09373,0.64610875,0.5510713,0.6772272,-0.26304597,1.270922,-0.25958246,0.80710644,0.9148433,-0.31283143,1.4399942,0.92080736,0.62243116,0.8063835,1.7182707,2.396374,0.74603564,0.88740957,0.60296,1.6712385,1.6575323,1.0414783,0.5625727,0.4999451,2.0569968,1.2152678,0.7474652,0.55882543,0.53860897,1.7524166,1.8252349,1.0068215,0.91197383,0.87387383,2.025129,1.4608041,0.5127339,0.85764015,0.6105228,1.579814,0.5801288,0.9819458,0.60236955,0.53474975,2.322518,1.2729473,0.85905206,0.6388819,0.5806377,1.0371473,1.0808916,1.003527,0.6417728,0.61301386,1.3371298,1.4188033,1.0845888,0.6697808,0.55874217,1.6777236,1.3621397,1.0419166,0.6002744,0.62178075,1.6354351,1.1470406,0.71846145,0.87229943,0.6448983,1.7243174,1.1840495,0.678907,0.84855473,0.70261544
k__Bacteria|p__Actinobacteria|c__Actinobacteria|o__Bifidobacteriales|f__Bifidobacteriaceae|g__Bifidobacterium|s__adolescentis,-0.28574407,0.8154428,0.48986,0.3885708,-0.35537535,1.2078934,0.7756859,0.71029013,0.61803806,0.5026231,1.0000122,0.80589306,0.5342689,0.4334715,0.40387696,1.0148454,0.77741176,0.5821467,0.47714418,0.4204189,1.0256741,0.6103393,0.676927,-0.35720402,0.6623118,0.9384766,0.7988022,0.53611577,-0.35797155,0.6775194,1.1283852,-0.30771792,0.74767935,0.46462047,0.41653067,-0.25396472,0.91360813,0.71639764,0.47631118,0.6272555,1.6028728,0.78395855,0.47387916,-0.3421979,0.61985457,1.0536692,1.4030144,0.8965596,0.6522654,0.79560935,1.0285296,0.8078661,0.5648673,0.46011198,0.4219945,-0.3133456,0.7628449,0.50818396,-0.34445426,0.65411246,1.1434003,1.1434003,-0.35751456,0.66763896,0.50062644,-0.2859781,-0.28761852,0.8478344,0.6864201,0.49839813,-0.264517,0.75603396,0.48741266,0.5480763,0.6844865,-0.26304597,0.8319883,-0.25958246,-0.34404397,0.6727297,-0.31283143,0.9995494,0.68552494,0.5786319,0.6201761,1.0698793,1.7647299,0.73625165,0.6606363,0.45658064,1.0501245,-0.2645283,0.7365033,0.44981107,0.3922764,1.244368,0.81130147,0.5338919,0.4244613,0.4033468,1.5385215,1.2487445,0.72280085,-0.33709,0.6555121,-0.26381022,0.5734108,-0.35609764,0.6567067,0.4681801,1.0076029,1.0630039,0.7125149,0.46887332,0.40757057,2.30427,0.8345096,0.5809732,0.4593634,0.4178473,0.9119884,0.7649902,0.71715945,0.4848497,0.44137335,-0.32128388,1.134721,0.7551962,0.49872488,0.41878688,1.4619408,0.9262418,0.734316,0.4659723,0.4464459,1.0344107,0.77809167,0.74141115,0.6511718,0.47267753,1.697449,0.79647213,0.47332445,0.6458075,0.50566995
k__Bacteria|p__Actinobacteria|c__Actinobacteria|o__Bifidobacteriales|f__Bifidobacteriaceae|g__Bifidobacterium|s__unclassified,-0.28574407,0.95516646,0.571712,0.44809708,0.96503377,1.1801134,0.906971,0.61056876,0.71553916,0.5880452,1.0155174,0.9439156,0.62347007,0.5053877,0.47255537,1.198174,0.91055703,0.68064344,0.5586273,0.49398056,1.2235892,0.96165717,0.7918576,1.0101005,0.77466375,0.9768216,0.9377018,0.6263649,0.73011667,0.8001474,1.5211788,-0.30771792,0.8725177,0.543548,0.49369925,1.8112901,0.91762424,0.8351724,0.5809564,0.67250663,1.7055825,0.91739064,0.5518241,-0.3421979,0.72942114,1.2539059,1.4198065,0.88495934,0.75716984,0.56010777,1.2179168,0.94656634,0.66056716,0.5385813,0.49499425,-0.3133456,0.8923976,0.5923717,0.80921704,0.76376677,1.0872993,1.0872993,0.5945699,0.7777028,0.5870975,1.3900083,-0.28761852,0.767156,0.8000711,0.58400154,1.638638,0.8858675,0.56765103,0.6214193,0.82523227,-0.26304597,0.97949946,-0.25958246,-0.34404397,0.7902659,2.006043,1.0061312,0.79673123,-0.35933927,0.72789013,1.2751747,1.7654691,0.6912189,0.77486134,0.541324,1.2497655,1.7055794,0.86003053,0.5218668,0.45882052,1.2833939,0.95098984,0.62390846,0.49690598,0.4721174,1.5924932,1.2445747,0.8441216,1.0267217,0.76740134,1.5934805,0.5580579,0.46344897,0.7624004,0.545633,1.1935337,0.68587565,0.82850885,0.54483354,0.47849372,2.3073924,0.9813583,0.67889893,0.53850293,0.4916057,1.086207,0.9334278,0.83981097,0.5675888,0.5197356,1.1207594,1.1366214,0.8811009,0.5811224,0.4903675,1.4704748,-0.3442507,0.8604746,0.54467964,0.5238287,1.2226648,0.9132619,-0.3511923,0.7658813,0.56216323,-0.2555955,0.9355088,0.47509906,0.75648403,0.59260774
k__Bacteria|p__Cyanobacteria|c__4C0d-2|o__YS2|f__unclassified|g__unclassified|s__unclassified,-0.28574407,-0.31546232,-0.30735376,-0.29057282,-0.35537535,-0.31121662,-0.3442847,-0.35552558,-0.44865388,-0.2913031,-0.3313659,-0.32135728,-0.2781559,-0.26523298,-0.25132325,-0.32445803,-0.3430211,-0.2434427,-0.23466052,-0.23736995,-0.3154952,-0.35307166,-0.4136223,-0.35720402,-0.4132828,-0.3366719,-0.32689288,-0.2749471,0.4492445,-0.39479655,-0.31815568,-0.30771792,-0.36486375,-0.31961468,-0.26129407,-0.25396472,-0.33594304,-0.38498157,-0.3509197,0.76973325,-0.26324958,-0.33780137,-0.31706244,0.7986924,-0.43523034,-0.2986497,-0.28815714,-0.34594566,-0.43168086,-0.35713702,-0.31366616,-0.3179717,-0.2560044,-0.24329874,-0.23570497,-0.3133456,-0.35432732,-0.29410824,-0.34445426,-0.41540986,-0.32914695,-0.32914695,-0.35751456,-0.4169227,-0.28795618,-0.2859781,-0.28761852,-0.3465716,-0.4073833,-0.29408917,-0.264517,-0.35543096,-0.30667228,0.56874686,-0.34904224,-0.26304597,-0.30253112,-0.25958246,-0.34404397,-0.4031213,-0.31283143,-0.3326372,-0.40945622,-0.35933927,-0.43372265,-0.28690028,-0.24514951,0.63703424,-0.41230983,-0.30927834,-0.30339792,-0.2645283,-0.37317902,-0.33119175,-0.28334832,-0.3065683,-0.32124144,-0.2783985,-0.27181247,-0.2524079,-0.27306527,-0.304123,-0.38406503,-0.33709,-0.41743088,-0.26381022,-0.3555616,-0.35609764,-0.42760345,-0.31386092,-0.32801333,-0.35637724,-0.3908072,-0.3202854,-0.2728363,-0.18443729,-0.30246818,-0.24354035,-0.24738708,-0.23659362,-0.34652692,-0.35169965,-0.38257104,-0.30882278,-0.24882509,-0.32128388,-0.3174648,-0.3598146,-0.30074134,-0.26580736,-0.2788417,-0.3442507,-0.3713866,-0.3201596,-0.246196,-0.31349373,-0.3391651,-0.3511923,-0.41657627,-0.29514334,-0.2555955,-0.32873684,-0.35720906,-0.42700762,-0.28411373
k__Bacteria|p__Cyanobacteria|c__Chloroplast|o__Streptophyta|f__unclassified|g__unclassified|s__unclassified,-0.28574407,-0.30004865,-0.22481482,-0.20211954,-0.35537535,-0.31121662,-0.3041314,-0.35552558,-0.31222075,-0.21798296,-0.3313659,-0.2996262,-0.22671928,-0.19798313,-0.1818577,-0.32166925,-0.29914308,-0.22336718,-0.19426405,-0.17847632,-0.3205665,0.5806816,-0.30538672,-0.35720402,-0.29532003,-0.3366719,-0.2979261,-0.2248374,0.43405622,-0.28971893,-0.31815568,-0.30771792,-0.30791363,-0.2208795,-0.18115638,-0.25396472,-0.33594304,-0.3074034,-0.3509197,-0.345838,-0.26324958,-0.3022427,-0.2256896,-0.3421979,-0.29212362,-0.31837425,-0.28815714,-0.34594566,-0.31347814,-0.35713702,-0.3191362,-0.29695776,-0.22363353,-0.19210534,-0.178904,-0.3133456,-0.30415517,-0.22480112,-0.34445426,-0.29629728,-0.32914695,-0.32914695,0.4818429,-0.30664474,-0.2104018,-0.2859781,-0.28761852,-0.3465716,-0.3079763,-0.21623299,-0.264517,-0.30059752,-0.22571932,-0.35305658,-0.34904224,-0.26304597,-0.29425162,-0.25958246,-0.34404397,-0.29147306,-0.31283143,-0.3326372,-0.31252158,0.5498371,-0.29103947,-0.31865954,-0.24514951,-0.35424852,-0.2941055,-0.20061237,-0.32194576,-0.2645283,-0.30803668,-0.22894168,-0.19036698,-0.3065683,-0.30228114,-0.22622155,-0.19504464,-0.18064763,-0.27306527,-0.304123,-0.30837518,-0.33709,-0.299891,-0.26381022,-0.3555616,-0.35609764,-0.3130858,-0.21905404,-0.32444555,-0.35637724,-0.31299317,-0.22772598,-0.18719077,-0.18443729,-0.2948526,-0.22451003,-0.19440237,-0.1771601,-0.34652692,0.66614175,-0.301968,-0.22092436,-0.18501563,-0.32128388,-0.3174648,-0.30829585,-0.22658749,-0.18846147,-0.2788417,-0.3442507,-0.3003805,-0.22111227,-0.1866706,-0.3261807,-0.2962808,-0.3511923,-0.29066646,-0.19699617,-0.2555955,-0.29813474,0.46798164,-0.29803413,-0.2086931
k__Bacteria|p__Fusobacteria|c__Fusobacteria|o__Fusobacteriales|f__Fusobacteriaceae|g__Fusobacterium|s__unclassified,-0.28574407,-0.31599852,-0.30621433,-0.2932847,-0.35537535,-0.31121662,-0.34449738,-0.35552558,-0.4511187,-0.29092166,1.0016557,-0.3220771,-0.27783155,-0.2647327,-0.25108424,-0.32096314,-0.34206802,-0.2439365,-0.23399733,-0.23686533,-0.3102384,0.5763721,-0.4106475,-0.35720402,-0.41216725,0.9752456,-0.32604223,-0.27496734,-0.35797155,-0.3919235,-0.31815568,-0.30771792,-0.36544764,-0.3190217,-0.25903413,-0.25396472,-0.33594304,-0.38512152,-0.3509197,-0.345838,-0.26324958,-0.33782598,-0.31690973,-0.3421979,-0.43357247,-0.2925621,-0.28815714,-0.34594566,-0.43103203,-0.35713702,-0.3101304,-0.3194951,-0.25601998,-0.24313647,-0.23557813,-0.3133456,-0.353573,-0.29384091,-0.34445426,-0.41555566,-0.32914695,-0.32914695,-0.35751456,-0.4165237,-0.28671938,-0.2859781,-0.28761852,-0.3465716,-0.40589508,-0.2930055,-0.264517,-0.354984,-0.30686814,-0.35305658,-0.34904224,-0.26304597,-0.3018432,-0.25958246,-0.34404397,-0.40072718,-0.31283143,-0.3326372,-0.40938142,-0.35933927,-0.43369445,-0.28113288,-0.24514951,-0.35424852,-0.4109445,-0.30629605,-0.2978811,-0.2645283,-0.37315857,-0.33268607,-0.28379163,-0.3065683,-0.32137513,-0.2775274,-0.2703047,-0.25158814,-0.27306527,-0.304123,-0.3826427,-0.33709,-0.41727382,-0.26381022,-0.3555616,-0.35609764,-0.42791823,-0.3141155,-0.32514966,-0.35637724,-0.3910779,-0.32054523,-0.27198768,-0.18443729,-0.30160743,-0.24460754,-0.24601685,-0.23635352,-0.34652692,-0.35169965,-0.38132375,-0.30744022,-0.24751967,-0.32128388,-0.3174648,-0.36063534,-0.30075324,-0.2652846,-0.2788417,-0.3442507,-0.36998218,-0.31896085,-0.24519011,-0.3115215,-0.33876282,0.71452504,-0.41497403,-0.29243466,-0.2555955,-0.3272413,-0.35720906,-0.42542297,-0.28266022
k__Bacteria|p__Fusobacteria|c__Fusobacteria|o__Fusobacteriales|f__Fusobacteriaceae|g__unclassified|s__unclassified,-0.28574407,-0.31962168,-0.3011384,-0.2879597,-0.35537535,-0.31121662,-0.3452354,-0.35552558,-0.44435555,-0.28565264,-0.3313659,-0.3253018,-0.2760147,-0.26083073,-0.24566431,-0.3277775,-0.34320652,-0.24559858,-0.23278347,-0.23149027,-0.31189838,-0.35307166,-0.40250236,-0.35720402,-0.40497163,-0.3366719,-0.3274256,-0.27298215,-0.35797155,-0.3790515,-0.31815568,-0.30771792,-0.3653735,-0.31214806,-0.24898751,-0.25396472,-0.33594304,-0.3820719,-0.3509197,-0.345838,-0.26324958,-0.3390027,-0.31155598,-0.3421979,-0.4202869,-0.29672784,-0.28815714,-0.34594566,-0.42382944,-0.35713702,-0.31711954,-0.32412684,-0.2566519,-0.24074572,-0.23043229,-0.3133456,-0.35310647,-0.2902783,-0.34445426,-0.40758374,-0.32914695,-0.32914695,-0.35751456,-0.41000217,-0.28112096,-0.2859781,-0.28761852,-0.3465716,-0.40000418,-0.28712705,-0.264517,-0.35384136,-0.30165824,0.80414754,0.76719505,-0.26304597,-0.30509776,-0.25958246,-0.34404397,-0.39067876,-0.31283143,-0.3326372,-0.40521258,-0.35933927,-0.4231825,-0.28503576,-0.24514951,-0.35424852,-0.4014622,-0.29524827,-0.30284038,-0.2645283,-0.37199938,-0.32678482,-0.27651578,-0.3065683,-0.3252142,-0.27490023,-0.26580176,-0.24624527,-0.27306527,-0.304123,-0.3792391,-0.33709,-0.40828222,-0.26381022,-0.3555616,-0.35609764,-0.42205963,-0.30781347,-0.32963663,-0.35637724,-0.3877998,-0.31497458,-0.26449704,-0.18443729,-0.30594695,-0.24608254,-0.24304758,-0.23040205,-0.34652692,-0.35169965,-0.37698507,-0.30231944,-0.24116047,-0.32128388,-0.3174648,-0.36095756,-0.29691777,-0.25847152,-0.2788417,-0.3442507,-0.36751056,-0.31194696,-0.23944685,-0.32091475,-0.33968842,1.527185,-0.40541822,-0.28275976,-0.2555955,-0.32745707,-0.35720906,-0.41704077,-0.2777355
k__Bacteria|p__Tenericutes|c__Mollicutes|o__RF39|f__unclassified|g__unclassified|s__unclassified,-0.28574407,-0.3170037,-0.2336517,-0.21186055,-0.35537535,-0.31121662,-0.31798798,-0.35552558,-0.32521197,-0.22868332,-0.3313659,-0.31710517,-0.23525073,-0.20560353,-0.19021693,-0.3576901,-0.31569073,-0.23492625,-0.20397428,-0.1866407,-0.33673728,-0.35307166,-0.3122668,-0.35720402,-0.31170422,-0.3366719,-0.31312263,-0.2335181,-0.35797155,-0.2927516,-0.31815568,-0.30771792,-0.32076472,-0.23054251,-0.18337438,-0.25396472,-0.33594304,-0.320014,-0.3509197,-0.345838,-0.26324958,-0.31663325,-0.234971,-0.3421979,-0.3005055,-0.33937725,-0.28815714,-0.34594566,-0.32221028,-0.35713702,-0.3524915,-0.31730667,-0.23502675,-0.2032795,-0.18728313,-0.3133456,-0.31709367,-0.23452464,-0.34445426,-0.31206712,-0.32914695,-0.32914695,-0.35751456,-0.31847435,-0.22349812,-0.2859781,-0.28761852,-0.3465716,-0.31857488,-0.22661383,-0.264517,-0.31401688,-0.23405881,-0.35305658,-0.34904224,-0.26304597,-0.30924505,-0.25958246,-0.34404397,-0.30223224,-0.31283143,-0.3326372,-0.32333827,-0.35933927,-0.30512494,-0.33412084,-0.24514951,-0.35424852,-0.30631432,-0.20882596,-0.34197712,-0.2645283,-0.31936502,-0.23787335,-0.19938228,-0.3065683,-0.31708792,-0.23346666,-0.20279193,-0.18996345,-0.27306527,-0.304123,-0.31788224,-0.33709,-0.30923468,-0.26381022,-0.3555616,-0.35609764,-0.3235922,-0.23094317,-0.3516205,-0.35637724,-0.32263362,-0.23674053,-0.19542903,-0.18443729,-0.3104871,-0.23526156,-0.20199017,-0.18414108,-0.34652692,-0.35169965,-0.31329516,-0.23094209,-0.19185315,-0.32128388,-0.3174648,-0.3211982,-0.23565659,-0.19752383,-0.2788417,-0.3442507,-0.31361353,-0.23061657,-0.19443639,-0.35822743,-0.3133713,-0.3511923,-0.30492967,-0.20570147,-0.2555955,-0.31058496,-0.35720906,-0.3112298,-0.22525997
k__Bacteria|p__Verrucomicrobia|c__Verrucomicrobiae|o__Verrucomicrobiales|f__Verrucomicrobiaceae|g__Akkermansia|s__muciniphila,-0.28574407,-0.288297,-0.23185341,-0.2135098,-0.35537535,-0.31121662,-0.2963513,-0.35552558,-0.3292975,-0.22937888,-0.3313659,-0.29009482,-0.22358252,-0.2016544,-0.19255318,-0.32400936,-0.2939962,-0.21416108,-0.19255412,-0.18920119,-0.31970215,-0.35307166,-0.31483907,-0.35720402,-0.3171382,-0.3366719,-0.29045075,-0.2232181,0.42908034,-0.31387752,-0.31815568,-0.30771792,-0.30199254,-0.23656219,-0.20246314,-0.25396472,-0.33594304,-0.30883527,-0.3509197,-0.345838,-0.26324958,-0.29419106,-0.23511675,-0.3421979,-0.32554802,-0.3132378,-0.28815714,-0.34594566,-0.32223034,-0.35713702,-0.3199733,-0.28868157,-0.21731122,-0.19600922,-0.1892825,-0.3133456,-0.2984119,-0.22863252,0.95339006,-0.3204568,-0.32914695,-0.32914695,-0.35751456,-0.31811613,-0.22823362,-0.2859781,-0.28761852,0.8978083,-0.31436393,-0.22937283,-0.264517,-0.2991707,-0.2333858,0.587398,-0.34904224,-0.26304597,-0.28297487,-0.25958246,-0.34404397,-0.31451952,-0.31283143,-0.3326372,-0.31472164,0.6715001,-0.3249892,-0.30870214,-0.24514951,0.7681738,-0.31804597,-0.23403893,-0.314116,-0.2645283,-0.30371094,-0.24137205,-0.20928141,-0.3065683,-0.2882541,-0.22369768,-0.20167668,-0.19217226,-0.27306527,-0.304123,-0.30663502,-0.33709,-0.31936175,-0.26381022,-0.3555616,0.4631497,-0.32096565,-0.23626441,-0.32559204,-0.35637724,-0.31001052,-0.23719981,-0.20550162,-0.18443729,-0.28153586,-0.2148696,-0.1955407,-0.18948819,-0.34652692,-0.35169965,-0.3072679,-0.23156276,-0.19857123,-0.32128388,-0.3174648,-0.3008906,-0.2306641,-0.20424789,-0.2788417,0.8406652,-0.30319166,-0.23602122,-0.198446,-0.3199278,-0.29404432,-0.3511923,-0.31912223,-0.2296057,-0.2555955,-0.29085746,0.837386,-0.3202483,-0.2275792
