#OTU ID,T000272.0,T000272.1,T000272.2,T000272.3,T000272.4,T000461.0,T000461.1,T000461.2,T000461.3,T000461.4,T002534.0,T002534.1,T002534.2,T002534.3,T002534.4,T003950.0,T003950.1,T003950.2,T003950.3,T003950.4,T005999.0,T005999.1,T005999.2,T005999.3,T005999.4,T007748.0,T007748.1,T007748.2,T007748.3,T007748.4,T008025.0,T008025.1,T008025.2,T008025.3,T008025.4,T008631.0,T008631.1,T008631.2,T008631.3,T008631.4,T009280.0,T009280.1,T009280.2,T009280.3,T009280.4,T009909.0,T009909.1,T009909.2,T009909.3,T009909.4,T010520.0,T010520.1,T010520.2,T010520.3,T010520.4,T010532.0,T010532.1,T010532.2,T010532.3,T010532.4,T012138.0,T012138.1,T012138.2,T012138.3,T012138.4,T012374.0,T012374.1,T012374.2,T012374.3,T012374.4,T012389.0,T012389.1,T012389.2,T012389.3,T012389.4,T013832.0,T013832.1,T013832.2,T013832.3,T013832.4,T014827.0,T014827.1,T014827.2,T014827.3,T014827.4,T017394.0,T017394.1,T017394.2,T017394.3,T017394.4,T018343.0,T018343.1,T018343.2,T018343.3,T018343.4,T019021.0,T019021.1,T019021.2,T019021.3,T019021.4,T019031.0,T019031.1,T019031.2,T019031.3,T019031.4,T019850.0,T019850.1,T019850.2,T019850.3,T019850.4,T020231.0,T020231.1,T020231.2,T020231.3,T020231.4,T021076.0,T021076.1,T021076.2,T021076.3,T021076.4,T021613.0,T021613.1,T021613.2,T021613.3,T021613.4,T023390.0,T023390.1,T023390.2,T023390.3,T023390.4,T023909.0,T023909.1,T023909.2,T023909.3,T023909.4,T024121.0,T024121.1,T024121.2,T024121.3,T024121.4,T028183.0,T028183.1,T028183.2,T028183.3,T028183.4
k__Bacteria|p__Firmicutes|c__Bacilli|o__Lactobacillales|f__Enterococcaceae|g__unclassified|s__unclassified,0.0,0.0,0.0,0.0,0.0,0.0,0.0,0.0,0.0,0.0,0.0,0.0,0.0,0.0,0.0,0.0,0.0,0.0,0.0,0.0,0.0,0.0,0.0,0.0,0.0,0.0,0.0,0.0,0.0,0.0,0.0,0.0,0.0,0.0,0.0,0.0,0.0,0.0,0.0,0.0,0.0,0.0,0.0,0.0,0.0,0.0,0.0,0.0,0.0,0.0,0.0,0.0,0.0,0.0,0.0,0.0,0.0,0.0,0.0,0.0,0.0,0.0,0.0,0.0,0.0,0.0,0.0,0.0,0.0,0.0,0.0,0.0,0.0,0.0,0.0,0.0,0.0,0.0,0.0,0.0,0.0,0.0,0.0,0.0,0.0,0.0,0.0,0.0,0.0,0.0,0.0,0.0,0.0,0.0,0.0,0.0,0.0,0.0,0.0,0.0,0.0,0.0,0.0,0.0,0.0,0.0,0.0,0.0,0.0,0.0,0.0,0.0,0.0,0.0,0.0,0.0,0.0,0.0,0.0,0.0,0.0,0.0,0.0,0.0,0.0,0.0,0.0,0.0,0.0,0.0,0.0,0.0,0.0,0.0,0.0,0.0,0.0,0.0,0.0,0.0,0.0,0.0,0.0,0.0,0.048009813
k__Bacteria|p__Firmicutes|c__Clostridia|o__Clostridiales|f__Clostridiaceae|g__Peptoniphilus|s__asaccharolyticus,0.0,0.0,0.0,0.0,0.0,0.0,0.0,0.0,0.0,0.0,0.0,0.0,0.0,0.0,0.0,0.0,0.0,0.0,0.0,0.0,0.0,0.0,0.0,0.0,0.0,0.034112122,0.0,0.0,0.0,0.0,0.0404218,0.0,0.0,0.0,0.0,0.0,0.0,0.0,0.0,0.0,0.0,0.0,0.0,0.0,0.0,0.0,0.0,0.0,0.0,0.0,0.0,0.0,0.0,0.0,0.0,0.0,0.0,0.0,0.0,0.0,0.0,0.0,0.0,0.0,0.0,0.0,0.0,0.0,0.0,0.0,0.0,0.0,0.0,0.0,0.0,0.0,0.0,0.0,0.0,0.0,0.0,0.0,0.0,0.0,0.0,0.0,0.0,0.0,0.0,0.0,0.0,0.0,0.0,0.0,0.0,0.0,0.0,0.0,0.0,0.0,0.0,0.0,0.0,0.0,0.0,0.0,0.0,0.0,0.0,0.0,0.0,0.0,0.0,0.0,0.0,0.0,0.0,0.0,0.0,0.0,0.0,0.0,0.0,0.0,0.0,0.0,0.0,0.0,0.0,0.0,0.0,0.0,0.0,0.0,0.0,0.0,0.0,0.0,0.0,0.0,0.0,0.0,0.0,0.0,0.0
k__Bacteria|p__Firmicutes|c__Bacilli|o__Lactobacillales|f__Streptococcaceae|g__unclassified|s__unclassified,0.0,0.0,0.0,0.0,0.0,0.0,0.0,0.0,0.0,0.0,0.0,0.0,0.0,0.0,0.0,0.0,0.0,0.0,0.0,0.0,0.0,0.0,0.0,0.0,0.0,0.0,0.0,0.0,0.0,0.0,0.0,0.0,0.0,0.0,0.0,0.0,0.0,0.0,0.0,0.0,0.0,0.0,0.0,0.0,0.0,0.0,0.0,0.0,0.0,0.0,0.0,0.0,0.0,0.0,0.0,0.0,0.0,0.0,0.0,0.0,0.0,0.0,0.0,0.0,0.0,0.0,0.0,0.0,0.0,0.0,0.0,0.0,0.0,0.0,0.0,0.0,0.0,0.0,0.0,0.0,0.0,0.0,0.0,0.0,0.0,0.0,0.0,0.0,0.0,0.0,0.0,0.0,0.0,0.0,0.0,0.0,0.0,0.0,0.0,0.0,0.0,0.0,0.0,0.0,0.0,0.0,0.0,0.0,0.0,0.0,0.0,0.0,0.0,0.0,0.0,0.0,0.0,0.0,0.0,0.0,0.0,0.0,0.0,0.0,0.0,0.0,0.0,0.0,0.0,0.0,0.0,0.0,0.0,0.0,0.0,0.0,0.0,0.0,0.0,0.0,0.0,0.0,0.0,0.0,0.0488847
k__Bacteria|p__Firmicutes|c__Clostridia|o__Coriobacteriales|f__Coriobacteriaceae|g__Collinsella|s__aerofaciens,0.0,0.0,0.0,0.0,0.0,0.0,0.0,0.0,0.0,0.0,0.0,0.0,0.0,0.0,0.0,0.0,0.0,0.0,0.0,0.0,0.0,0.0,0.0,0.0,0.0,0.0,0.0,0.0,0.0,0.0,0.0,0.0,0.0,0.0,0.0,0.0,0.0,0.0,0.0,0.0,0.0,0.0,0.0,0.0,0.0,0.0,0.0,0.0,0.0,0.0,0.0,0.0,0.0,0.0,0.0,0.0,0.0,0.0,0.0,0.0,0.03725224,0.0,0.0,0.0,0.0,0.0,0.0,0.0,0.0,0.0,0.0,0.0,0.0,0.0,0.0,0.0,0.0,0.0,0.0,0.0,0.0,0.0,0.0,0.0,0.0,0.0,0.0,0.0,0.0,0.0,0.0,0.0,0.0,0.0,0.0,0.0,0.0,0.0,0.0,0.0,0.0,0.0,0.0,0.0,0.0,0.0,0.0,0.0,0.0,0.0,0.0,0.0,0.0,0.0,0.0,0.0,0.0,0.0,0.0,0.0,0.0,0.0,0.0,0.0,0.0,0.0,0.0,0.0,0.0,0.0,0.0,0.0,0.0,0.0,0.0,0.0,0.0,0.0,0.0,0.0,0.0,0.0,0.0,0.0,0.0
k__Bacteria|p__Firmicutes|c__Clostridia|o__Clostridiales|f__Lachnospiraceae|g__Blautia|s__producta,0.0,0.0,0.0,0.0,0.0,0.0,0.0,0.0,0.0,0.0,0.0,0.0,0.0,0.0,0.0,0.0,0.0,0.0,0.0,0.0,0.0,0.0,0.0,0.0,0.0,0.0,0.0,0.0,0.0,0.0,0.0,0.0,0.0,0.0,0.0,0.0,0.0,0.0,0.0,0.0,0.0,0.0,0.0,0.0,0.0,0.0,0.0,0.0,0.0,0.0,0.0,0.0,0.0,0.0,0.0,0.0,0.0,0.0,0.0,0.0,0.0,0.0,0.0,0.0,0.0,0.0,0.0,0.0,0.0,0.0,0.0,0.0,0.0,0.0,0.0,0.0,0.0,0.0,0.0,0.0,0.0,0.0,0.0,0.0,0.0,0.0,0.0,0.0,0.0,0.0,0.0,0.0,0.0,0.0,0.0,0.0,0.0,0.0,0.0,0.0,0.0,0.0,0.0,0.0,0.0,0.0,0.0,0.0,0.0,0.0,0.0,0.0,0.0,0.0,0.0,0.0,0.0,0.0,0.0,0.0,0.0,0.0,0.0,0.0,0.0,0.0,0.0,0.0,0.0,0.0,0.0,0.0,0.0,0.0,0.0,0.0,0.0,0.0,0.0,0.0,0.0,0.0,0.0,0.0,0.0
k__Bacteria|p__Firmicutes|c__Bacilli|o__Gemellales|f__Gemellaceae|g__unclassified|s__unclassified,0.0,0.0,0.0,0.0,0.0,0.0,0.0,0.0,0.0,0.0,0.0357249,0.0,0.0,0.0,0.0,0.0,0.0,0.0,0.0,0.0,0.0,0.0,0.0,0.0,0.0,0.0,0.0,0.0,0.0,0.026180824,0.0,0.0,0.0,0.0,0.0,0.0,0.0,0.0,0.0,0.0,0.0,0.0,0.0,0.0,0.0,0.0,0.0,0.0,0.0,0.0,0.0,0.0,0.0,0.0,0.0,0.0,0.0,0.0,0.0,0.0,0.0,0.0,0.0,0.0,0.0,0.0,0.0,0.0,0.0,0.0,0.0,0.0,0.0,0.0,0.0,0.0,0.0,0.0,0.0,0.0,0.0,0.0,0.0,0.0,0.0,0.06604887,0.07118009,0.0,0.0,0.0,0.0,0.0,0.0,0.0,0.0,0.04407246,0.0,0.0,0.0,0.0,0.0,0.0,0.0,0.0,0.0,0.0,0.0,0.0,0.0,0.0,0.0,0.0,0.0,0.0,0.0,0.0,0.042920087,0.0,0.0,0.0,0.0,0.0,0.0,0.0,0.0,0.0,0.0,0.0,0.0,0.0,0.0,0.0,0.0,0.0,0.0,0.0,0.0,0.0,0.0,0.0,0.0,0.0,0.0,0.0,0.047991734
k__Bacteria|p__Firmicutes|c__Bacilli|o__unclassified|f__unclassified|g__unclassified|s__unclassified,0.0,0.0,0.0,0.0,0.0,0.0,0.0,0.0,0.0,0.0,0.03590458,0.0,0.0,0.0,0.0,0.0,0.0,0.0,0.0,0.0,0.0,0.0,0.0,0.0,0.0,0.0,0.0,0.0,0.0,0.0,0.0,0.0,0.0,0.0,0.0,0.0,0.0,0.0,0.0,0.0,0.0,0.0,0.0,0.0,0.0,0.0,0.0,0.0,0.0,0.0,0.0,0.0,0.0,0.0,0.0,0.0,0.0,0.0,0.0,0.0,0.0,0.0,0.0,0.0,0.0,0.0,0.0,0.0,0.0,0.0,0.0,0.0,0.0,0.0,0.0,0.061464168,0.0,0.0,0.0,0.0,0.0,0.0,0.0,0.0,0.0,0.0,0.0,0.0,0.0,0.0,0.0,0.0,0.0,0.0,0.0,0.0,0.0,0.0,0.0,0.0,0.0,0.0,0.0,0.0,0.0,0.0,0.0,0.0,0.0,0.0,0.0,0.023547841,0.0,0.0,0.0,0.0,0.0,0.0,0.0,0.0,0.0,0.0,0.0,0.0,0.0,0.0,0.0,0.0,0.0,0.0,0.0,0.0,0.0,0.0,0.0,0.0,0.0,0.0,0.0,0.0,0.0,0.0,0.0,0.0,0.04881601
k__Bacteria|p__Firmicutes|c__Bacilli|o__Lactobacillales|f__Lactobacillaceae|g__Pediococcus|s__unclassified,0.0,0.0,0.0,0.0,0.0,0.0,0.0,0.0,0.0,0.0,0.0,0.0,0.0,0.0,0.0,0.0,0.0,0.0,0.0,0.0,0.0,0.0,0.0,0.0,0.0,0.0,0.0,0.0,0.0,0.0,0.0,0.0,0.0,0.0,0.0,0.0,0.0,0.0,0.0,0.0,0.0,0.0,0.0,0.0,0.0,0.0,0.05146348,0.0,0.0,0.0,0.0,0.0,0.0,0.0,0.0,0.0,0.0,0.0,0.0,0.0,0.0,0.0,0.0,0.0,0.0,0.0,0.0,0.0,0.0,0.0,0.0,0.0,0.0,0.0,0.0,0.0,0.0,0.0,0.0,0.0,0.0,0.0,0.0,0.0,0.0,0.0,0.0,0.0,0.0,0.0,0.0,0.0,0.0,0.0,0.0,0.0,0.0,0.0,0.0,0.0,0.0,0.0,0.0,0.0,0.0,0.0,0.0,0.0,0.0,0.0,0.0,0.0,0.0,0.0,0.0,0.0,0.0,0.0,0.0,0.0,0.0,0.0,0.0,0.0,0.0,0.0,0.0,0.0,0.0,0.0,0.0,0.0,0.0,0.0,0.0,0.0,0.0,0.0,0.0,0.0,0.0,0.0,0.0,0.0,0.0
k__Bacteria|p__Firmicutes|c__Bacilli|o__Bacillales|f__Staphylococcaceae|g__Staphylococcus|s__unclassified,0.0,0.0,0.0,0.0,0.0,0.0,0.0,0.0,0.0,0.0,0.0,0.0,0.0,0.0,0.0,0.045184437,0.0,0.0,0.0,0.0,0.0,0.0,0.0,0.0,0.0,0.0,0.0,0.0,0.0,0.0,0.04045164,0.0,0.0,0.0,0.0,0.0,0.0,0.0,0.0,0.0,0.0,0.0,0.0,0.0,0.0,0.0,0.0,0.0,0.0,0.0,0.0,0.0,0.0,0.0,0.0,0.0,0.0,0.0,0.0,0.0,0.0,0.0,0.0,0.0,0.0,0.0,0.0,0.0,0.0,0.0,0.0,0.0,0.0,0.0,0.0,0.061327692,0.0,0.0,0.0,0.0,0.0,0.0,0.0,0.0,0.0,0.0,0.07157864,0.0,0.0,0.0,0.0,0.0,0.0,0.0,0.0,0.0,0.0,0.0,0.0,0.0,0.0,0.0,0.0,0.0,0.0,0.0,0.0,0.0,0.0,0.0,0.0,0.0,0.0,0.0,0.0,0.0,0.0,0.0,0.0,0.0,0.0,0.0,0.0,0.0,0.0,0.0,0.0,0.0,0.0,0.0,0.0,0.0,0.0,0.0,0.0,0.0,0.0,0.0,0.0,0.0,0.0,0.0,0.0,0.0,0.0
k__Bacteria|p__Firmicutes|c__Bacilli|o__Lactobacillales|f__Lactobacillaceae|g__unclassified|s__unclassified,0.0,0.0,0.0,0.0,0.0,0.0,0.0,0.0,0.0,0.0,0.0,0.0,0.0,0.0,0.0,0.0,0.029408686,0.0,0.0,0.0,0.0,0.0,0.0,0.0,0.0,0.0,0.0,0.0,0.0,0.0,0.0,0.0,0.0,0.0,0.0,0.0,0.0,0.0,0.0,0.0,0.0,0.0,0.0,0.0,0.0,0.0,0.0,0.031205043,0.0,0.0,0.0,0.0,0.0,0.0,0.0,0.0,0.0,0.0,0.0,0.0,0.0,0.0,0.0,0.0,0.0,0.0,0.0,0.0,0.0,0.0,0.0,0.0,0.0,0.0,0.0,0.0,0.0,0.0,0.0,0.0,0.0,0.0,0.0,0.0,0.0,0.0,0.0,0.0,0.0,0.0,0.0,0.0,0.0,0.0,0.0,0.0,0.0,0.0,0.0,0.0,0.0,0.0,0.0,0.0,0.0,0.0,0.022155887,0.0,0.0,0.0,0.0,0.0,0.0,0.0,0.0,0.0,0.0,0.0,0.0,0.0,0.0,0.0,0.0,0.0,0.0,0.0,0.0,0.0,0.0,0.0,0.0,0.0,0.0,0.0,0.0,0.0,0.0,0.0,0.0,0.0,0.0,0.0,0.0,0.0,0.0
k__Bacteria|p__Firmicutes|c__Bacilli|o__Lactobacillales|f__unclassified|g__unclassified|s__unclassified,0.0,0.0,0.0,0.0,0.0,0.0,0.0,0.0,0.0,0.0,0.0,0.0,0.0,0.0,0.0,0.0,0.0,0.0,0.0,0.0,0.0,0.0,0.0,0.0,0.0,0.0,0.0,0.0,0.0,0.0,0.0,0.0,0.0,0.0,0.0,0.0,0.0,0.0,0.0,0.0,0.0,0.0,0.0,0.0,0.0,0.0,0.0,0.0,0.0,0.0,0.0,0.0,0.0,0.0,0.0,0.0,0.0,0.0,0.0,0.0,0.0,0.0,0.0,0.0,0.0,0.0,0.0,0.0,0.0,0.0,0.0,0.0,0.0,0.0,0.0,0.0,0.0,0.0,0.0,0.0,0.0,0.0,0.0,0.0,0.0,0.0,0.0,0.0,0.0,0.0,0.0,0.0,0.0,0.0,0.0,0.0,0.0,0.0,0.0,0.0,0.0,0.0,0.0,0.0,0.0,0.0,0.0,0.0,0.0,0.0,0.0,0.0,0.0,0.0,0.0,0.0,0.0,0.0,0.0,0.0,0.0,0.0,0.0,0.0,0.0,0.0,0.0,0.0,0.0,0.0,0.0,0.0,0.0,0.0,0.0,0.0,0.0,0.0,0.0,0.0,0.0,0.0,0.0,0.0,0.048035122
k__Bacteria|p__Firmicutes|c__Clostridia|o__Clostridiales|f__Veillonellaceae|g__Megasphaera|s__micronuciformis,0.0,0.0,0.0,0.0,0.0,0.0,0.0,0.0,0.0,0.0,0.0,0.0,0.0,0.0,0.0,0.0,0.0,0.0,0.0,0.0,0.0,0.0,0.0,0.0,0.0,0.0,0.0,0.0,0.0,0.0,0.0,0.0,0.0,0.0,0.0,0.0,0.0,0.0,0.0,0.0,0.0,0.0,0.0,0.0,0.0,0.0,0.0,0.0,0.0,0.0,0.0,0.0,0.0,0.0,0.0,0.0,0.0,0.0,0.0,0.0,0.037227217,0.0,0.0,0.0,0.0,0.0,0.0,0.0,0.0,0.0,0.0,0.0,0.0,0.0,0.0,0.0,0.0,0.0,0.0,0.0,0.0,0.0,0.0,0.0,0.0,0.0,0.0,0.0,0.0,0.0,0.0,0.0,0.0,0.0,0.0,0.0,0.0,0.0,0.0,0.0,0.0,0.04424437,0.0,0.0,0.0,0.0,0.0,0.0,0.0,0.0,0.0,0.0,0.0,0.0,0.0,0.0,0.0,0.0,0.0,0.0,0.0,0.0,0.0,0.0,0.0,0.0,0.0,0.0,0.0,0.0,0.0,0.0,0.0,0.0,0.0,0.0,0.0,0.0,0.0,0.0,0.0,0.0,0.0,0.0,0.0
k__Bacteria|p__Firmicutes|c__Bacilli|o__Lactobacillales|f__Lactobacillaceae|g__Lactobacillus|s__unclassified,0.0,0.0,0.0,0.0,0.0,0.041906793,0.0,0.024901077,0.0,0.0,0.035748336,0.0,0.0,0.0,0.0,0.045476668,0.0,0.0,0.0,0.0,0.0,0.0,0.0,0.0,0.0,0.0,0.0,0.0,0.0,0.0,0.042401187,0.0,0.0,0.0,0.0,0.0,0.0,0.0,0.0,0.0,0.0,0.0,0.0,0.0,0.0,0.0,0.051633555,0.03216195,0.0,0.0,0.0,0.0,0.0,0.0,0.0,0.0,0.0,0.0,0.0,0.0,0.0,0.0,0.0,0.0,0.0,0.0,0.0,0.0,0.0,0.0,0.06149901,0.0,0.0,0.0,0.0,0.0,0.0,0.0,0.0,0.0,0.0,0.0,0.0,0.0,0.0,0.0,0.0,0.0,0.0,0.0,0.0,0.0,0.0,0.0,0.0,0.04407246,0.0,0.0,0.0,0.0,0.0,0.0,0.0,0.0,0.0,0.0,0.023383752,0.0,0.0,0.0,0.0,0.0,0.0,0.0,0.0,0.0,0.0,0.0,0.034463536,0.0,0.0,0.026505098,0.0,0.0,0.0,0.0,0.0,0.0,0.0,0.0,0.0,0.0,0.0,0.0,0.0,0.0,0.0,0.0,0.0,0.0,0.0,0.0,0.0,0.0,0.0
k__Bacteria|p__Firmicutes|c__Clostridia|o__Clostridiales|f__Clostridiaceae|g__Clostridium|s__perfringens,0.0,0.0,0.0,0.0,0.0,0.0,0.0,0.0,0.0,0.0,0.0,0.0,0.0,0.0,0.0,0.0,0.0,0.0,0.0,0.0,0.0,0.0,0.0,0.0,0.0,0.035172094,0.0,0.0,0.0,0.0,0.0,0.0,0.0,0.0,0.0,0.0,0.03295926,0.0,0.0,0.0,0.0,0.0,0.0,0.0,0.0,0.0,0.0,0.0,0.0,0.0,0.0,0.0,0.0,0.0,0.0,0.0,0.0,0.0,0.0,0.0,0.0,0.0,0.0,0.0,0.0,0.0,0.0,0.0,0.0,0.0,0.0,0.0,0.0,0.0,0.0,0.06327741,0.0613027,0.0,0.0,0.0,0.0,0.035906162,0.02902872,0.0,0.0,0.0,0.0,0.0,0.0,0.0,0.0,0.0,0.0,0.0,0.0,0.0,0.0,0.0,0.0,0.0,0.0,0.0,0.0,0.0,0.0,0.0,0.022047035,0.0,0.0,0.0,0.0,0.0,0.0,0.0,0.0,0.0,0.04578726,0.0,0.0,0.0,0.0,0.0,0.0,0.0,0.0,0.0,0.0,0.0,0.0,0.0,0.0,0.0,0.0,0.0,0.0,0.0,0.0,0.0,0.0,0.0,0.0,0.0,0.0,0.0,0.0
k__Bacteria|p__Firmicutes|c__Clostridia|o__Clostridiales|f__Lachnospiraceae|g__Blautia|s__obeum,0.0,0.0,0.0,0.0,0.0,0.0,0.0,0.0,0.0,0.0,0.0,0.0,0.0,0.0,0.0,0.0,0.0,0.0,0.0,0.0,0.0,0.0,0.0,0.0,0.0,0.0,0.0,0.0,0.0,0.0,0.0,0.0,0.0,0.0,0.0,0.0,0.0,0.0,0.0,0.0,0.0,0.0,0.0,0.0,0.0,0.0,0.0,0.0,0.0,0.0,0.0,0.0,0.0,0.0,0.0,0.0,0.0,0.0,0.0,0.0,0.0,0.0,0.0,0.0,0.0,0.0,0.0,0.0,0.0,0.0,0.0,0.0,0.0,0.0,0.0,0.0,0.0,0.0,0.0,0.0,0.0,0.0,0.0,0.0,0.0,0.0,0.0,0.0,0.0,0.0,0.0,0.0,0.0,0.0,0.0,0.0,0.0,0.0,0.021925395,0.0,0.0,0.0,0.0,0.0,0.0,0.0,0.0,0.0,0.0,0.0,0.0,0.0,0.0,0.0,0.0,0.0,0.0,0.0,0.0,0.0,0.0,0.0,0.0,0.0,0.0,0.0,0.0,0.0,0.0,0.0,0.0,0.0,0.0,0.0,0.0,0.0,0.0,0.0,0.0,0.018941943,0.0,0.0,0.0,0.0,0.0
k__Bacteria|p__Firmicutes|c__Bacilli|o__Lactobacillales|f__Lactobacillaceae|g__Lactobacillus|s__zeae,0.0,0.0,0.0,0.0,0.0,0.042064697,0.0,0.025342807,0.0,0.0,0.035857707,0.0,0.0,0.0,0.0,0.0,0.0,0.0,0.0,0.0,0.0,0.0,0.0,0.0,0.0,0.03494566,0.0,0.0,0.0,0.0,0.04061631,0.0,0.0,0.0,0.0,0.0,0.0,0.0,0.0,0.0,0.0,0.0,0.0,0.0,0.0,0.0,0.0,0.0,0.0,0.0,0.0,0.0,0.0,0.0,0.0,0.0,0.0,0.0,0.0,0.0,0.0,0.0,0.0,0.0,0.0,0.0,0.0,0.0,0.0,0.0,0.061611358,0.0,0.0,0.0,0.0,0.0,0.0,0.0,0.0,0.0,0.0,0.0,0.0,0.0,0.0,0.06608943,0.07121908,0.0,0.0,0.0,0.0,0.0,0.0,0.0,0.0,0.0441885,0.0,0.0,0.0,0.0,0.0,0.0,0.0,0.0,0.0,0.0,0.0,0.0,0.0,0.0,0.0,0.0,0.0,0.028802358,0.024285294,0.0,0.0,0.0,0.035292562,0.0,0.0,0.0,0.0,0.0,0.0,0.0,0.0,0.0,0.0,0.0,0.0,0.0,0.0,0.0,0.0,0.0,0.0,0.0,0.0,0.0,0.0,0.0,0.0,0.0,0.0
k__Bacteria|p__Firmicutes|c__Bacilli|o__Lactobacillales|f__Leuconostocaceae|g__Leuconostoc|s__unclassified,0.0,0.0,0.0,0.0,0.0,0.0,0.0,0.0,0.0,0.0,0.0,0.0,0.0,0.0,0.0,0.0,0.0,0.0,0.0,0.0,0.0,0.0,0.0,0.0,0.0,0.0,0.0,0.0,0.0,0.0,0.0,0.0,0.0,0.0,0.0,0.0,0.0,0.0,0.0,0.0,0.0,0.0,0.032081533,0.0,0.0,0.0,0.0,0.031538308,0.0,0.0,0.0,0.0,0.0,0.0,0.0,0.0,0.0,0.0,0.0,0.0,0.0,0.0,0.0,0.0,0.0,0.0,0.0,0.0,0.0,0.0,0.0,0.029910315,0.0,0.0,0.0,0.0,0.0,0.0,0.0,0.0,0.0,0.0,0.0,0.0,0.0,0.0,0.0,0.0,0.0,0.0,0.0,0.0,0.0,0.0,0.0,0.0,0.0,0.0,0.0,0.0,0.0,0.0,0.0,0.0,0.0,0.0,0.0,0.0,0.0,0.0,0.0,0.0,0.0,0.0,0.0,0.0,0.0,0.0,0.0,0.0,0.0,0.0,0.0,0.0,0.0,0.0,0.0,0.0,0.0,0.0,0.0,0.0,0.0,0.0,0.0,0.0,0.0,0.0,0.0,0.0,0.0,0.0,0.0,0.0,0.0
k__Bacteria|p__Firmicutes|c__Clostridia|o__Clostridiales|f__Veillonellaceae|g__Selenomonas|s__unclassified,0.0,0.0,0.0,0.0,0.0,0.0,0.0,0.0,0.0,0.0,0.0,0.0,0.0,0.0,0.0,0.0,0.0,0.0,0.0,0.0,0.0,0.0,0.0,0.0,0.0,0.0,0.0,0.0,0.0,0.0,0.0,0.0,0.0,0.0,0.0,0.0,0.0,0.0,0.0,0.0,0.0,0.0,0.0,0.0,0.0,0.0,0.0,0.0,0.0,0.0,0.0,0.0,0.0,0.0,0.0,0.0,0.0,0.0,0.0,0.0,0.0,0.0,0.021297425,0.0,0.0,0.0,0.0,0.0,0.0,0.0,0.0,0.0,0.0,0.0,0.0,0.0,0.0,0.0,0.0,0.0,0.0,0.0,0.0,0.0,0.0,0.0,0.0,0.0,0.0,0.0,0.0,0.0,0.0,0.0,0.0,0.0,0.0,0.0,0.0,0.0,0.0,0.0,0.0,0.0,0.031085618,0.0,0.0,0.0,0.0,0.0,0.0,0.0,0.0,0.0,0.0,0.0,0.0,0.0,0.0,0.0,0.0,0.0,0.0,0.0,0.0,0.0,0.0,0.0,0.0,0.0,0.0,0.0,0.0,0.0,0.0,0.0,0.0,0.0,0.0,0.0,0.0,0.0,0.0,0.0,0.0
k__Bacteria|p__Firmicutes|c__Clostridia|o__Clostridiales|f__Veillonellaceae|g__Dialister|s__invisus,0.0,0.0,0.0,0.0,0.0,0.0,0.0,0.0,0.0,0.0,0.0,0.0,0.0,0.0,0.0,0.0,0.0,0.0,0.0,0.0,0.0,0.0,0.0,0.0,0.0,0.0,0.0,0.0,0.0,0.0,0.0,0.0,0.0,0.0,0.0,0.0,0.0,0.0,0.0,0.0,0.0,0.0,0.0,0.0,0.0,0.0,0.0,0.0,0.0,0.0,0.0,0.0,0.0,0.0,0.0,0.0,0.0,0.0,0.0,0.0,0.0,0.0,0.0,0.0,0.0,0.0,0.0,0.0,0.0,0.0,0.0,0.0,0.0,0.0,0.0,0.0,0.0,0.0,0.0,0.0,0.0,0.0,0.0,0.0,0.0,0.0,0.0,0.025531376,0.0,0.0,0.0,0.0,0.0,0.0,0.0,0.0,0.0,0.0,0.0,0.0,0.0,0.0,0.0,0.0,0.0,0.0,0.0,0.0,0.0,0.0,0.0,0.0,0.0,0.0,0.0,0.0,0.0,0.0,0.0,0.0,0.0,0.0,0.0,0.0,0.0,0.0,0.0,0.0,0.0,0.0,0.0,0.0,0.0,0.0,0.0,0.0,0.0,0.0,0.0,0.0,0.0,0.0,0.0,0.0,0.0
k__Bacteria|p__Firmicutes|c__Clostridia|o__Clostridiales|f__Ruminococcaceae|g__Ruminococcus|s__bromii,0.0,0.0,0.0,0.0,0.0,0.0,0.0,0.0,0.0,0.0,0.0,0.0,0.0,0.0,0.0,0.0,0.0,0.0,0.0,0.0,0.0,0.0,0.0,0.0,0.0,0.0,0.0,0.0,0.0,0.0,0.0,0.0,0.0,0.0,0.0,0.0,0.0,0.0,0.0,0.0,0.0,0.0,0.0,0.0,0.0,0.0,0.0,0.0,0.0,0.0,0.0,0.0,0.0,0.0,0.0,0.0,0.0,0.0,0.0,0.0,0.0,0.0,0.0,0.0,0.0,0.0,0.0,0.0,0.0,0.0,0.0,0.0,0.0,0.0,0.0,0.0,0.0,0.0,0.0,0.0,0.0,0.0,0.0,0.0,0.0,0.0,0.0,0.0,0.0,0.0,0.0,0.0,0.0,0.0,0.0,0.0,0.0,0.0,0.0,0.0,0.0,0.0,0.0,0.0,0.0,0.0,0.0,0.0,0.0,0.0,0.0,0.0,0.0,0.0,0.0,0.0,0.0,0.0,0.0,0.0,0.0,0.0,0.0,0.0,0.0,0.0,0.0,0.0,0.0,0.0,0.0,0.0,0.0,0.0,0.0,0.0,0.0,0.0,0.0,0.0,0.0,0.0,0.0,0.0,0.0
k__Bacteria|p__Firmicutes|c__Clostridia|o__Clostridiales|f__Veillonellaceae|g__Megamonas|s__unclassified,0.0,0.0,0.0,0.0,0.0,0.0,0.0,0.0,0.0,0.0,0.0,0.0,0.0,0.0,0.0,0.0,0.0,0.0,0.037751995,0.0,0.0,0.0,0.0,0.0,0.0,0.0,0.0,0.0,0.0,0.0,0.0,0.0,0.0,0.0,0.0,0.0,0.0,0.0,0.0,0.0,0.0,0.0,0.0,0.0,0.0,0.0,0.0,0.0,0.0,0.0,0.0,0.0,0.0,0.0,0.0,0.0,0.028201012,0.021578463,0.0,0.0,0.0,0.0,0.0,0.0,0.0,0.0,0.0,0.0,0.0,0.0,0.0,0.031714737,0.0,0.0,0.0,0.0,0.0,0.0,0.0,0.0,0.0,0.0,0.0,0.0,0.0,0.0,0.0,0.0,0.0,0.0,0.0,0.0,0.0,0.0,0.0,0.0,0.0,0.0,0.0,0.0,0.0,0.0,0.0,0.0,0.0,0.0,0.0,0.0,0.0,0.0,0.0,0.0,0.0,0.0,0.0,0.0,0.0,0.0,0.0,0.0,0.0,0.0,0.0,0.0,0.0,0.0,0.0,0.0,0.0,0.0,0.0,0.0,0.0,0.0,0.0,0.0,0.0,0.0,0.0,0.0,0.0,0.0,0.0,0.0,0.0
k__Bacteria|p__Firmicutes|c__Clostridia|o__Clostridiales|f__Veillonellaceae|g__Megasphaera|s__geminatus,0.0,0.0,0.0,0.0,0.0,0.0,0.0,0.0,0.0,0.0,0.0,0.0,0.0,0.0,0.0,0.0,0.0,0.0,0.0,0.0,0.0,0.0,0.0,0.0,0.0,0.0,0.0,0.0,0.0,0.0,0.0,0.0,0.0,0.0,0.0,0.0,0.0,0.0,0.0,0.0,0.0,0.0,0.0,0.0,0.0,0.0,0.0,0.0,0.0,0.0,0.0,0.0,0.0,0.0,0.0,0.0,0.0,0.0,0.0,0.0,0.0,0.0,0.0,0.0,0.0,0.0,0.0,0.0,0.0,0.0,0.0,0.0,0.0,0.0,0.0,0.0,0.0,0.0,0.0,0.0,0.0,0.0,0.0,0.0,0.0,0.0,0.0,0.0,0.0,0.0,0.0,0.0,0.0,0.0,0.0,0.0,0.0,0.0,0.0,0.0,0.0,0.0,0.0,0.0,0.0,0.0,0.0,0.0,0.0,0.0,0.0,0.0,0.0,0.0,0.0,0.0,0.0,0.0,0.0,0.0,0.0,0.0,0.0,0.0,0.0,0.0,0.0,0.0,0.0,0.0,0.0,0.0,0.0,0.0,0.0,0.0,0.0,0.0,0.0,0.0,0.0,0.0,0.0,0.0,0.0
k__Bacteria|p__Firmicutes|c__Bacilli|o__Lactobacillales|f__Carnobacteriaceae|g__Granulicatella|s__unclassified,0.0,0.0,0.0,0.0,0.0,0.0,0.0,0.0,0.0,0.0,0.036943592,0.0,0.0,0.0,0.0,0.0,0.0,0.0,0.0,0.0,0.0,0.0,0.0,0.0,0.0,0.0,0.0,0.0,0.0,0.0,0.04033891,0.0,0.0,0.0,0.0,0.0,0.034385376,0.0,0.0,0.0,0.0,0.0,0.0,0.0,0.0,0.0,0.051556244,0.031231442,0.0,0.0,0.0,0.0,0.0,0.0,0.0,0.0,0.0,0.0,0.0,0.0,0.037276726,0.0,0.0,0.0,0.0,0.0,0.0,0.0,0.0,0.0,0.06152897,0.0,0.0,0.0,0.0,0.06314093,0.061790437,0.0,0.0,0.0,0.0,0.036238506,0.0,0.0,0.0,0.0,0.0,0.0,0.0,0.0,0.0,0.0,0.0,0.0,0.0,0.04407246,0.0,0.0,0.02233975,0.0,0.0,0.044263616,0.0,0.0,0.0,0.0,0.0,0.020862198,0.026411345,0.0,0.0,0.023658358,0.0,0.0,0.0,0.0,0.043015487,0.0,0.034062527,0.0,0.0,0.0,0.0,0.0,0.0,0.0,0.0,0.0,0.0,0.0,0.0,0.0,0.0,0.0,0.0,0.0,0.0,0.0,0.0,0.0,0.0,0.0,0.0,0.0,0.07865252
k__Bacteria|p__Firmicutes|c__Clostridia|o__Clostridiales|f__Veillonellaceae|g__Veillonella|s__unclassified,0.0,0.0,0.0,0.0,0.0,0.0,0.0,0.0,0.0,0.0,0.0,0.0,0.0,0.0,0.0,0.04569022,0.0,0.0,0.03512797,0.0,0.0,0.0,0.0,0.0,0.0,0.0,0.0,0.0,0.0,0.0,0.0,0.0,0.0,0.0,0.0,0.0,0.0,0.0,0.0,0.0,0.0,0.0,0.0,0.0,0.0,0.0,0.0,0.0,0.0,0.0,0.0,0.0,0.0,0.0,0.0,0.0,0.0,0.0,0.0,0.0,0.0,0.0,0.0,0.0,0.0,0.0,0.0,0.0,0.0,0.0,0.0,0.0,0.0,0.0,0.0,0.0,0.0,0.0,0.0,0.0,0.0,0.035948012,0.028121402,0.0,0.0,0.06637337,0.071175754,0.0,0.0,0.0,0.0,0.0,0.0,0.0,0.0,0.0,0.0,0.0,0.0,0.0,0.0,0.0,0.0,0.0,0.0,0.061405137,0.0,0.0,0.0,0.0,0.0,0.02372293,0.0,0.0,0.0,0.0,0.0,0.0,0.0,0.0,0.0,0.0,0.0,0.0,0.0,0.0,0.0,0.0,0.0,0.0,0.0,0.0,0.0,0.0,0.0,0.0,0.0,0.0,0.0,0.0,0.09872971,0.09872971,0.0,0.0,0.048212267
k__Bacteria|p__Firmicutes|c__Bacilli|o__Lactobacillales|f__Enterococcaceae|g__Enterococcus|s__unclassified,0.0,0.0,0.0,0.0,0.0,0.0,0.0,0.0,0.0,0.0,0.03593583,0.0,0.0,0.0,0.0,0.0,0.029422648,0.0,0.0,0.0,0.0,0.0,0.0,0.0,0.0,0.0,0.0,0.0,0.0,0.0,0.0,0.0,0.0,0.0,0.0,0.0,0.033095647,0.0,0.0,0.0,0.0,0.0,0.0,0.0,0.0,0.0,0.0,0.0,0.0,0.0,0.0,0.0,0.0,0.0,0.0,0.0,0.0,0.0,0.0,0.0,0.0,0.0,0.0,0.0,0.0,0.0,0.0,0.0,0.0,0.0,0.0,0.0,0.0,0.0,0.0,0.064047545,0.06129703,0.0,0.0,0.0,0.0,0.036169574,0.0,0.0,0.0,0.0,0.0,0.0,0.0,0.0,0.0,0.0,0.0,0.0,0.0,0.0,0.0,0.0,0.0,0.0,0.0,0.0,0.0,0.0,0.0,0.0,0.0,0.020854082,0.02448193,0.0,0.0,0.023601236,0.0,0.0,0.0,0.0,0.0,0.0,0.0,0.0,0.0,0.0,0.0,0.0,0.0,0.0,0.0,0.0,0.0,0.0,0.0,0.0,0.0,0.0,0.0,0.0,0.0,0.0,0.0,0.0,0.0,0.0,0.0,0.0,0.05052601
k__Bacteria|p__Firmicutes|c__Clostridia|o__Coriobacteriales|f__Coriobacteriaceae|g__Slackia|s__unclassified,0.0,0.0,0.0,0.0,0.0,0.0,0.0,0.025036177,0.0,0.023679655,0.0,0.0,0.0,0.0,0.0,0.0,0.0,0.0,0.0,0.0,0.0,0.0,0.0,0.0,0.0,0.0,0.0,0.0,0.0,0.026853416,0.0,0.0,0.0,0.0,0.0,0.066362485,0.0,0.0,0.0,0.0,0.0,0.0,0.0,0.0,0.0,0.0,0.0,0.0,0.0,0.0,0.0,0.0,0.0,0.0,0.0,0.0,0.0,0.0,0.0,0.0,0.0,0.0,0.0,0.0,0.0,0.0,0.0,0.0,0.0,0.0,0.0,0.0,0.0,0.0,0.0,0.0,0.0,0.0,0.0,0.0,0.0,0.0,0.0,0.0,0.0,0.0,0.0,0.0,0.0,0.0,0.0,0.0,0.0,0.0,0.0,0.0,0.0,0.0,0.0,0.0,0.0,0.0,0.0,0.0,0.0,0.0,0.0,0.0,0.0,0.0,0.0,0.0,0.0,0.0,0.0,0.0,0.0,0.0,0.0,0.0,0.0,0.02622182,0.0,0.0,0.0,0.0,0.0,0.0,0.0,0.0,0.0,0.0,0.0,0.0,0.0,0.0,0.0,0.0,0.0,0.019153764,0.0,0.0,0.0,0.0,0.0
k__Bacteria|p__Firmicutes|c__Erysipelotrichi|o__Erysipelotrichales|f__Erysipelotrichaceae|g__[Eubacterium]|s__dolichum,0.0,0.0,0.0,0.0,0.0,0.0,0.0238002,0.025102966,0.0,0.023646573,0.0,0.0,0.0,0.0,0.0,0.0,0.0,0.0,0.0,0.0,0.0,0.0,0.02995745,0.0,0.0,0.03690152,0.0,0.0,0.0,0.026240759,0.0,0.04449103,0.0,0.0,0.0,0.0,0.0,0.0,0.0,0.0,0.0,0.0,0.0,0.0,0.0,0.0,0.0,0.0,0.0,0.0,0.0,0.0,0.0,0.0,0.0,0.04211154,0.0,0.0,0.029700626,0.0,0.0,0.0,0.0,0.0,0.0,0.0,0.0,0.0,0.030614406,0.0,0.0,0.0,0.0,0.0,0.0,0.0,0.0,0.0,0.0,0.0,0.0,0.036430527,0.0,0.0,0.0,0.0,0.0,0.0,0.0,0.0,0.0,0.0,0.0,0.0,0.0,0.0,0.0,0.044104498,0.0,0.0,0.0,0.0,0.031923488,0.0,0.0,0.0,0.02223281,0.0,0.0,0.0,0.0,0.0,0.0,0.0,0.0,0.0,0.0,0.0,0.0,0.0,0.0,0.0,0.0,0.0,0.0,0.0,0.0,0.0,0.0,0.0,0.0,0.0,0.0,0.0,0.0,0.0,0.0,0.0,0.0,0.0,0.0,0.0,0.0,0.0,0.0
k__Bacteria|p__Firmicutes|c__Bacilli|o__Lactobacillales|f__Streptococcaceae|g__Streptococcus|s__unclassified,0.092239395,0.057835694,0.027862007,0.027862007,0.026361434,0.041966755,0.0,0.028656559,0.027084475,0.023552047,0.0364983,0.039137945,0.0,0.0,0.029788423,0.04963308,0.03009842,0.08574863,0.036484253,0.0,0.07501167,0.031305622,0.029653883,0.030664697,0.028821422,0.034354966,0.042158812,0.03990751,0.028406985,0.0273229,0.045227148,0.0,0.03196589,0.026453242,0.02861951,0.06638841,0.0337924,0.030024229,0.021872846,0.028679432,0.090904,0.036019325,0.03180791,0.0,0.028666422,0.07775029,0.052561227,0.031663697,0.029932572,0.028203446,0.0,0.082441896,0.090889014,0.030321755,0.027623788,0.042586245,0.0,0.021126015,0.030524766,0.01916323,0.03741034,0.075468026,0.023331216,0.021437626,0.03040595,0.09164595,0.06313761,0.030421467,0.0,0.02855936,0.061637573,0.030698005,0.0,0.0301865,0.029894283,0.061415426,0.061353747,0.03409049,0.029194355,0.0,0.085874036,0.0,0.030746968,0.023504354,0.024932992,0.06654577,0.07303422,0.0,0.028840985,0.0,0.08465186,0.0,0.029023003,0.02839255,0.030213263,0.04517484,0.039459635,0.044440117,0.024806539,0.022907525,0.057960257,0.044302113,0.0319961,0.028414132,0.0,0.061816577,0.022916408,0.021103794,0.025251526,0.023572229,0.07463243,0.026736666,0.030133508,0.028874751,0.024226138,0.091561876,0.04353758,0.031830847,0.034044802,0.0,0.07525446,0.026417073,0.028719448,0.02887892,0.0,0.08521525,0.08535001,0.030411538,0.0,0.0,0.08585029,0.039400376,0.03203165,0.023707168,0.02875694,0.09215665,0.08787101,0.030242246,0.0,0.01945561,0.066800006,0.066800006,0.03193081,0.02587918,0.048194192
k__Bacteria|p__Firmicutes|c__Bacilli|o__Lactobacillales|f__Streptococcaceae|g__Lactococcus|s__unclassified,0.0,0.0,0.0,0.0,0.0,0.0,0.0,0.024840357,0.0,0.0,0.0,0.0,0.0,0.0,0.0,0.0,0.0,0.0,0.0,0.0,0.0,0.0,0.0,0.0,0.0,0.0,0.0,0.0,0.0,0.0,0.0,0.0,0.0,0.0,0.0,0.0,0.0,0.0,0.0,0.0,0.0,0.0,0.032139752,0.0,0.0,0.0,0.0,0.031205043,0.0,0.0,0.0,0.0,0.0,0.0,0.0,0.0,0.0,0.0,0.0,0.0,0.0,0.0,0.0,0.0,0.0,0.0,0.0,0.0,0.0,0.0,0.0,0.0,0.0,0.0,0.0,0.0,0.0,0.0,0.0,0.0,0.0,0.0,0.0,0.0,0.0,0.0,0.0,0.0,0.0,0.0,0.0,0.0,0.0,0.0,0.0,0.0,0.0,0.0,0.0,0.0,0.0,0.0,0.0,0.0,0.0,0.0,0.0,0.021018893,0.024210943,0.0,0.0,0.0,0.0,0.0,0.0,0.0,0.0,0.0,0.03411487,0.0,0.0,0.0,0.0,0.0,0.0,0.0,0.0,0.0,0.0,0.0,0.0,0.0,0.0,0.0,0.0,0.0,0.0,0.0,0.0,0.0,0.0,0.0,0.0,0.0,0.048244804
k__Bacteria|p__Firmicutes|c__Clostridia|o__Clostridiales|f__Lachnospiraceae|g__Coprococcus|s__eutactus,0.0,0.0,0.0,0.0,0.0,0.0,0.0,0.0,0.0,0.0,0.0,0.0,0.0,0.0,0.0,0.0,0.0,0.0,0.0,0.0,0.0,0.0,0.0,0.0,0.0,0.0,0.0,0.0,0.0,0.0,0.0,0.0,0.0,0.0,0.0,0.0,0.0,0.0,0.0,0.0,0.0,0.0,0.0,0.029771376,0.0,0.0,0.0,0.0,0.0,0.0,0.0,0.0,0.0,0.0,0.0,0.0,0.0,0.0,0.0,0.0,0.0,0.0,0.0,0.021303698,0.0,0.0,0.0,0.0,0.0,0.0,0.0,0.0,0.0,0.0,0.0,0.0,0.0,0.0,0.0,0.0,0.0,0.0,0.0,0.0,0.0,0.0,0.0,0.0,0.0,0.0,0.0,0.0,0.0,0.0,0.0,0.0,0.0,0.0,0.0,0.0,0.0,0.0,0.0,0.0,0.030766148,0.0,0.0,0.0,0.0,0.0,0.0,0.0,0.0,0.0,0.0,0.0,0.0,0.0,0.0,0.0,0.0,0.0,0.0,0.0,0.019835971,0.0,0.0,0.0,0.0,0.0,0.0,0.0,0.0,0.023533834,0.0,0.0,0.0,0.0,0.0,0.0,0.0,0.0,0.0,0.0,0.0
k__Bacteria|p__Firmicutes|c__Clostridia|o__Clostridiales|f__Clostridiaceae|g__Clostridium|s__unclassified,0.0,0.0,0.0,0.0,0.0,0.0,0.0,0.024975458,0.0,0.0,0.0,0.0,0.0,0.0,0.0,0.0,0.02941846,0.0,0.0,0.0,0.0,0.0,0.030481417,0.0,0.0,0.03500473,0.0,0.0,0.0,0.0,0.0,0.0,0.0,0.0,0.0,0.0,0.03527781,0.0,0.0,0.0,0.0,0.0,0.0,0.0,0.0,0.0,0.0,0.0,0.0,0.0,0.054471675,0.0,0.0,0.0,0.0,0.0,0.0,0.0,0.0,0.0,0.0,0.0,0.0,0.0,0.0,0.0,0.0,0.0,0.0,0.0,0.0,0.0,0.0,0.0,0.0,0.0,0.0,0.0,0.0,0.0,0.0,0.04062056,0.029839654,0.024027977,0.025139723,0.0,0.0,0.0,0.0,0.0,0.0,0.0,0.0,0.0,0.0,0.0,0.0,0.0,0.022055225,0.022891978,0.0,0.04440797,0.0,0.0,0.0,0.065821536,0.0,0.0,0.0,0.0,0.0,0.023683192,0.0,0.0,0.024199024,0.0,0.0,0.03206247,0.03412669,0.0,0.0,0.0,0.0,0.0,0.0,0.0,0.0,0.0,0.0,0.0,0.0,0.0,0.0,0.0,0.0,0.0,0.0,0.0,0.0,0.0,0.0,0.0,0.0,0.025515294,0.04827734
k__Bacteria|p__Firmicutes|c__Erysipelotrichi|o__Erysipelotrichales|f__[Coprobacillaceae]|g__Coprobacillus|s__unclassified,0.0,0.0,0.0,0.0,0.0,0.0,0.0,0.0,0.0,0.023589183,0.0,0.0,0.0,0.0,0.0,0.0,0.0,0.0,0.0,0.0,0.0,0.0,0.0,0.0,0.0,0.0,0.0,0.0,0.0,0.0,0.0,0.0,0.0,0.0,0.0,0.0,0.0,0.0,0.0,0.0,0.0,0.0,0.0,0.0,0.0,0.0,0.0,0.0,0.0,0.0,0.0,0.0,0.0,0.0,0.0,0.0,0.0,0.0,0.029960481,0.0,0.0,0.0,0.0,0.0,0.0,0.0,0.0,0.0,0.03066872,0.02857073,0.0,0.0,0.0,0.0,0.0,0.0,0.0,0.0,0.0,0.0,0.0,0.0,0.0,0.0,0.0,0.0,0.0,0.0,0.0,0.0,0.0,0.0,0.0,0.0,0.0,0.0,0.0,0.0,0.0,0.0,0.0,0.0,0.0,0.0,0.0,0.0,0.0,0.0,0.0,0.0,0.0,0.0,0.0,0.0,0.0,0.0,0.0,0.0,0.0,0.0,0.0,0.0,0.0,0.0,0.0,0.0,0.0,0.0,0.0,0.0,0.0,0.0,0.0,0.0,0.0,0.0,0.0,0.0,0.0,0.0,0.0,0.0,0.0,0.0,0.0
k__Bacteria|p__Firmicutes|c__Erysipelotrichi|o__Erysipelotrichales|f__[Coprobacillaceae]|g__Catenibacterium|s__unclassified,0.0,0.0,0.0,0.0,0.0,0.0,0.0,0.0,0.0,0.0,0.0,0.0,0.0,0.0,0.0,0.0,0.0,0.0,0.0,0.027642248,0.0,0.0,0.0,0.0,0.0,0.0,0.0,0.0,0.0,0.0,0.0,0.0,0.0,0.0,0.0,0.0,0.0,0.0,0.0,0.0,0.0,0.0,0.0,0.0,0.0,0.0,0.0,0.0,0.0,0.0,0.0,0.0,0.0,0.0,0.0,0.0,0.0,0.02246489,0.0,0.02027736,0.0,0.0,0.0,0.0,0.0,0.0,0.0,0.0,0.0,0.0,0.0,0.035125267,0.0,0.0,0.0,0.0,0.0,0.0,0.0,0.0,0.0,0.0,0.0,0.0,0.0,0.0,0.0,0.0,0.0,0.023630247,0.0,0.0,0.0,0.0,0.0,0.0,0.0,0.0,0.0,0.0,0.0,0.0,0.0,0.0,0.0,0.0,0.0,0.0,0.0,0.0,0.0,0.0,0.0,0.0,0.0,0.0,0.0,0.0,0.03516593,0.0,0.0,0.0,0.0,0.0,0.019372556,0.0,0.0,0.0,0.02643904,0.0,0.0,0.0,0.0,0.024208324,0.0,0.0,0.0,0.0,0.0,0.019810412,0.0,0.0,0.0,0.0,0.0
k__Bacteria|p__Firmicutes|c__Clostridia|o__Clostridiales|f__Veillonellaceae|g__Veillonella|s__parvula,0.08552932,0.05009768,0.0,0.0,0.0,0.0,0.023510832,0.0,0.0,0.0,0.036818597,0.029383425,0.0,0.0,0.0,0.04525862,0.0,0.07913382,0.0,0.0,0.06870855,0.0,0.02987844,0.0,0.0,0.034144938,0.031091876,0.031727277,0.0,0.0,0.040680412,0.044308797,0.0,0.026184425,0.0,0.0,0.032911822,0.0,0.0,0.0,0.08519484,0.026076388,0.0,0.0,0.0,0.07297023,0.053066295,0.031234741,0.0,0.0,0.062701,0.073218696,0.08549508,0.0,0.0,0.04370857,0.02500287,0.0,0.0,0.0,0.0395482,0.06824564,0.0,0.0,0.0,0.08530525,0.054767616,0.0,0.03053417,0.028920935,0.06610144,0.0,0.0,0.0,0.0,0.06498341,0.0,0.024778858,0.0,0.0,0.07904811,0.05007399,0.028732926,0.023529839,0.025024688,0.06606915,0.0,0.0,0.0,0.0,0.07889435,0.0,0.0,0.0,0.0,0.044111136,0.030245107,0.0,0.0220497,0.0,0.0,0.0,0.031845137,0.0,0.0,0.061340027,0.032109424,0.020761063,0.0,0.0,0.06826572,0.0236894,0.0,0.0,0.024174375,0.08563788,0.043901827,0.03192349,0.03434534,0.029487448,0.06861225,0.0,0.0,0.0,0.019027865,0.07839085,0.07901786,0.0,0.026313668,0.0,0.07916162,0.03064073,0.0,0.0,0.0,0.085330546,0.07866848,0.0,0.0,0.0,0.0,0.0,0.0,0.0,0.0
k__Bacteria|p__Firmicutes|c__Erysipelotrichi|o__Erysipelotrichales|f__Erysipelotrichaceae|g__Holdemania|s__unclassified,0.0,0.0,0.0,0.0,0.0,0.0,0.0,0.0,0.0,0.0,0.0,0.0,0.02877281,0.0,0.0,0.0,0.0,0.0,0.0,0.0,0.0,0.0,0.030206956,0.0,0.0,0.0,0.0,0.0,0.0,0.0,0.0,0.0,0.0,0.0,0.0,0.0,0.0,0.0,0.0,0.0,0.0,0.0,0.0,0.0,0.0,0.0,0.0,0.0,0.0,0.0,0.0,0.0,0.0,0.0,0.0,0.0,0.0,0.0,0.029729981,0.0,0.0,0.0,0.0,0.0,0.0,0.0,0.0,0.0,0.030608233,0.028554812,0.0,0.0,0.0,0.0,0.0,0.0,0.0,0.0,0.0,0.0,0.0,0.0,0.0,0.0,0.0,0.0,0.0,0.025609316,0.0,0.0,0.0,0.0,0.0,0.0,0.0,0.0,0.0,0.0,0.0,0.0,0.0,0.0,0.0,0.0,0.0,0.0,0.0,0.0,0.0,0.0,0.0,0.0,0.0,0.0,0.024184234,0.0,0.0,0.0,0.0,0.0,0.0,0.0,0.0,0.0,0.0,0.0,0.0,0.0,0.0,0.0,0.0,0.0,0.0,0.0,0.0,0.0,0.0,0.0,0.0,0.0,0.0,0.0,0.0,0.025477488,0.0
k__Bacteria|p__Firmicutes|c__Clostridia|o__Clostridiales|f__Veillonellaceae|g__Veillonella|s__dispar,0.09414263,0.05994737,0.02792771,0.02792771,0.026543945,0.0,0.023691686,0.0,0.0,0.0,0.040091865,0.037905827,0.02877281,0.0,0.028924283,0.04588579,0.029493855,0.08823439,0.03595428,0.0,0.07993963,0.030478511,0.029918637,0.028977592,0.027141668,0.04341558,0.03901235,0.041529607,0.027186628,0.0,0.041787807,0.044526823,0.030706685,0.026178015,0.02704008,0.0,0.03710419,0.028487941,0.022194551,0.027761407,0.09501608,0.033884145,0.0,0.029666362,0.027379833,0.086167395,0.06721849,0.04621527,0.02863155,0.026592083,0.06651816,0.081322215,0.09464352,0.029110596,0.0,0.061540946,0.025011057,0.0,0.0,0.0,0.04465595,0.078138344,0.021642338,0.021380227,0.029927764,0.09469522,0.06414439,0.02919345,0.0,0.028627582,0.068741575,0.0,0.0,0.029282045,0.029160898,0.07011118,0.06151254,0.03281431,0.027663777,0.0,0.08878893,0.05147969,0.029061953,0.023599349,0.031066585,0.07510462,0.07322916,0.0,0.027321728,0.023445563,0.08971192,0.0,0.027699955,0.02686894,0.030634422,0.04426586,0.039234336,0.0,0.023980593,0.022889152,0.0,0.048026446,0.03252927,0.026963178,0.0,0.06206178,0.027544849,0.021525182,0.025706783,0.023558045,0.07978035,0.025892273,0.028991487,0.0,0.024290225,0.0949315,0.047396902,0.032241147,0.034509122,0.0,0.07965244,0.0292979,0.027393162,0.027519371,0.019295957,0.088759035,0.08841066,0.02917641,0.0,0.0,0.08865809,0.040010452,0.03158142,0.023597892,0.027166214,0.09447166,0.08693476,0.028989945,0.0,0.019757455,0.066768125,0.066768125,0.03126677,0.026054038,0.0
k__Bacteria|p__Firmicutes|c__Erysipelotrichi|o__Erysipelotrichales|f__Erysipelotrichaceae|g__[Eubacterium]|s__biforme,0.0,0.0,0.0,0.0,0.0,0.0,0.0,0.0,0.0,0.0,0.0,0.0,0.0,0.0,0.0,0.0,0.0,0.0,0.0,0.027803939,0.0,0.0,0.0,0.0,0.0,0.0,0.0,0.0,0.0,0.0,0.0,0.0,0.0,0.0,0.0,0.0,0.0,0.0,0.022610396,0.0,0.0,0.0,0.0,0.0,0.0,0.0,0.0,0.0,0.0,0.0,0.0,0.0,0.0,0.0,0.0,0.0,0.0,0.021480355,0.0,0.02016573,0.0,0.0,0.0,0.0,0.0,0.0,0.0,0.0,0.0,0.0,0.0,0.0,0.0,0.0,0.0,0.0,0.0,0.0,0.0,0.0,0.0,0.0,0.0,0.0,0.0,0.0,0.0,0.0,0.0,0.023484444,0.0,0.0,0.0,0.0,0.0,0.0,0.0,0.0,0.0,0.023535043,0.0,0.0,0.0,0.0,0.0,0.0,0.0,0.0,0.0,0.0,0.0,0.0,0.0,0.0,0.0,0.0,0.0,0.0,0.0,0.0,0.0,0.0,0.0,0.0,0.019054674,0.0,0.0,0.0,0.0,0.0,0.0,0.0,0.0,0.0,0.0,0.0,0.0,0.0,0.0,0.021113114,0.0,0.0,0.0,0.0,0.0
k__Bacteria|p__Firmicutes|c__Bacilli|o__Turicibacterales|f__Turicibacteraceae|g__Turicibacter|s__unclassified,0.0,0.0,0.0,0.0,0.0,0.0,0.0,0.024945097,0.02702783,0.0,0.0,0.0,0.0,0.029828299,0.0,0.0,0.03015427,0.0,0.03501362,0.0,0.0,0.0,0.029681604,0.0,0.0,0.0,0.0,0.0,0.0,0.026577054,0.0,0.0,0.0,0.0,0.0,0.0,0.0,0.0,0.0,0.0,0.0,0.0,0.0,0.0,0.0,0.0,0.0,0.0,0.0,0.0,0.0,0.0,0.0,0.0,0.0,0.0,0.0,0.0,0.0,0.0,0.0,0.0,0.0,0.0,0.0,0.0,0.0,0.0,0.0,0.0,0.0,0.0,0.0,0.0,0.0,0.0,0.0,0.0,0.0,0.0,0.0,0.0,0.02803499,0.02431991,0.025043026,0.0,0.0,0.0,0.0,0.0,0.0,0.0,0.0,0.0,0.0,0.0,0.0,0.0,0.021933682,0.0,0.0,0.0,0.0,0.0,0.0,0.0,0.0,0.021532048,0.025056418,0.0,0.0,0.0,0.0,0.0,0.0,0.0,0.0,0.0,0.0,0.0,0.0,0.0,0.0,0.0,0.019073825,0.0,0.0,0.0,0.026270779,0.0,0.0,0.0,0.0,0.0,0.0,0.0,0.0,0.0,0.0,0.0,0.0,0.0,0.0,0.025462128,0.0
k__Bacteria|p__Firmicutes|c__Clostridia|o__Clostridiales|f__Veillonellaceae|g__Phascolarctobacterium|s__unclassified,0.0,0.0,0.0,0.0,0.0,0.042450458,0.028661584,0.024863126,0.027323272,0.023840342,0.0,0.0,0.0,0.0,0.0,0.0,0.0,0.0,0.0,0.028454421,0.0,0.0,0.0,0.0,0.0,0.0,0.0,0.0,0.0,0.0,0.0,0.0,0.0,0.0,0.0,0.0,0.0,0.0,0.022531794,0.0,0.0,0.0,0.0,0.0,0.0,0.0,0.0,0.0,0.0,0.0,0.0,0.0,0.0,0.0,0.02783763,0.0,0.0,0.0,0.0,0.020399937,0.0,0.0,0.0,0.0,0.0,0.0,0.0,0.0,0.0,0.0,0.0,0.0,0.0,0.0,0.0,0.0,0.0,0.0,0.0,0.0,0.0,0.0,0.0,0.0,0.02495633,0.0,0.0,0.0,0.0,0.0,0.0,0.0,0.0,0.0,0.0,0.0,0.0,0.0,0.021939207,0.02349406,0.0,0.0,0.0,0.0,0.0,0.0,0.0,0.0,0.0,0.0,0.0,0.0,0.0,0.0,0.0,0.0,0.0,0.0,0.034092076,0.0,0.0,0.0,0.0,0.0,0.021383239,0.0,0.0,0.0,0.0,0.0,0.0,0.0,0.0,0.0,0.0,0.0,0.0,0.0,0.0,0.0,0.0,0.0,0.0,0.0,0.0
k__Bacteria|p__Firmicutes|c__Clostridia|o__Clostridiales|f__Ruminococcaceae|g__unclassified|s__unclassified,0.0,0.040154353,0.029504621,0.029504621,0.028391086,0.0,0.024205314,0.02489045,0.027174441,0.023836289,0.0,0.02708646,0.028879758,0.029964754,0.032448377,0.0,0.0,0.0,0.035161175,0.030411443,0.0,0.030739594,0.030460624,0.032443628,0.033291243,0.0,0.026394391,0.025647853,0.033263408,0.032503862,0.0,0.0,0.0328099,0.031799555,0.033347055,0.0,0.0,0.032667942,0.022655178,0.03297297,0.0,0.028983908,0.036033515,0.032027468,0.033152964,0.0,0.0,0.0,0.032606006,0.033568885,0.0,0.0,0.0,0.032385774,0.02760734,0.0,0.025528902,0.023623709,0.029978964,0.021790413,0.0,0.0,0.022206089,0.030821908,0.03200315,0.0,0.0,0.032360286,0.032294422,0.02951674,0.0,0.03008908,0.037515268,0.03228496,0.032345638,0.0,0.0,0.028511632,0.033049215,0.032853685,0.0,0.0,0.029726654,0.026544146,0.029722828,0.0,0.0,0.029202443,0.033222724,0.033024848,0.0,0.0,0.033028618,0.033430867,0.03127752,0.0,0.026543438,0.04495665,0.023055201,0.023413498,0.0,0.0,0.031862333,0.033383783,0.034142826,0.0,0.022293769,0.023830019,0.0,0.027707584,0.0,0.0,0.032452263,0.030248296,0.030289788,0.0,0.0,0.03187386,0.0,0.030680137,0.0,0.026257027,0.03318126,0.03311342,0.023838188,0.0,0.0,0.032363616,0.02767958,0.03793877,0.0,0.026259152,0.032440256,0.025679769,0.033298373,0.0,0.0,0.03243673,0.034033287,0.022209292,0.0,0.0,0.032570314,0.025711415,0.0
k__Bacteria|p__Firmicutes|c__Clostridia|o__Clostridiales|f__Lachnospiraceae|g__Roseburia|s__unclassified,0.0,0.0,0.030052157,0.030052157,0.026423927,0.0,0.023641048,0.024849465,0.029152581,0.026772559,0.0,0.026221896,0.028760927,0.0,0.030964866,0.0,0.0,0.0,0.0,0.028036254,0.0,0.029402077,0.0,0.030695535,0.031332992,0.0,0.025417775,0.025305852,0.031459525,0.026353966,0.0,0.0,0.03125935,0.028316539,0.031386442,0.0,0.0,0.030913206,0.022835223,0.031376444,0.0,0.027708996,0.03575116,0.029655496,0.031393778,0.0,0.0,0.0,0.030915257,0.031549305,0.0,0.0,0.0,0.030786565,0.027771832,0.0,0.0,0.02181969,0.0,0.019523846,0.0,0.0,0.023590492,0.025502127,0.030762825,0.0,0.0,0.030737456,0.03453609,0.04195132,0.0,0.0,0.03516525,0.030818528,0.030921448,0.0,0.0,0.027344374,0.03118437,0.027012719,0.0,0.0,0.028619926,0.024266617,0.0,0.0,0.0,0.026751984,0.031309567,0.024913318,0.0,0.0,0.031233393,0.031466525,0.040552508,0.0,0.025877124,0.0,0.022486154,0.023037551,0.0,0.0,0.037908696,0.03144879,0.03424696,0.0,0.022292316,0.022171933,0.024265138,0.023772996,0.0,0.026485832,0.03082816,0.030345455,0.029367916,0.0,0.0,0.0,0.0,0.029461715,0.0,0.026621932,0.03133925,0.03129183,0.019407023,0.0,0.0,0.03075216,0.028042505,0.04511421,0.0,0.025731117,0.031199392,0.025261508,0.03134331,0.0,0.0,0.03080988,0.0337719,0.020647107,0.0,0.0,0.031241113,0.026412016,0.0
k__Bacteria|p__Firmicutes|c__Clostridia|o__Coriobacteriales|f__Coriobacteriaceae|g__unclassified|s__unclassified,0.0,0.0,0.0,0.0,0.0,0.04407547,0.0235253,0.025171278,0.0,0.024566136,0.0,0.0,0.0,0.0,0.0,0.046031907,0.029563665,0.0,0.035782132,0.0,0.0,0.0,0.0,0.0,0.0,0.0,0.0,0.0,0.0,0.02683011,0.0,0.0,0.0,0.0,0.0,0.0,0.0,0.0,0.0,0.0,0.0,0.0,0.0,0.0,0.0,0.0,0.05166448,0.03152841,0.0,0.0,0.054581523,0.0,0.0,0.0,0.0,0.0,0.024890298,0.021157179,0.0,0.018973349,0.037463576,0.0,0.021325968,0.021297323,0.0,0.0,0.0,0.0,0.0,0.0,0.0,0.0,0.0,0.0,0.0,0.0,0.0,0.0,0.0,0.0,0.0,0.0,0.0,0.0,0.0,0.0,0.0,0.025540626,0.0,0.023508744,0.0,0.0,0.0,0.0,0.0,0.04749564,0.0,0.0,0.0,0.0,0.0,0.0,0.0,0.0,0.0,0.0,0.0,0.0,0.0,0.0,0.0,0.0,0.0,0.0,0.0,0.0,0.0,0.0,0.034666993,0.0,0.0,0.026729163,0.0,0.0,0.019035527,0.0,0.0,0.0,0.0,0.0,0.0,0.0,0.0,0.0,0.0,0.0,0.0,0.0,0.0,0.019805115,0.0,0.0,0.0,0.0,0.0
k__Bacteria|p__Firmicutes|c__Clostridia|o__Coriobacteriales|f__Coriobacteriaceae|g__Eggerthella|s__lenta,0.0,0.0,0.0,0.0,0.0,0.0,0.0,0.025057428,0.0,0.024801094,0.035818644,0.0,0.0,0.0,0.0,0.0,0.0,0.0,0.0,0.0,0.0,0.0,0.0,0.0,0.0,0.03424667,0.0,0.0,0.0,0.026467176,0.0,0.0,0.0,0.0,0.0,0.0,0.0,0.0,0.0,0.0,0.0,0.0,0.031782687,0.0,0.0,0.0,0.0,0.0,0.0,0.0,0.0,0.0,0.0,0.0,0.0,0.0,0.0,0.0,0.029723454,0.0,0.0,0.0,0.0,0.0,0.0,0.0,0.0,0.0,0.0,0.028588923,0.0,0.0,0.0,0.0,0.0,0.0,0.0,0.0,0.0,0.0,0.0,0.035780605,0.0,0.0,0.0,0.0,0.0,0.0,0.0,0.0,0.0,0.0,0.0,0.0,0.0,0.0,0.0,0.045432545,0.021939207,0.0,0.0,0.044273242,0.031906288,0.0,0.0,0.0,0.022092028,0.0,0.0,0.0,0.0,0.0,0.0,0.0,0.0,0.0,0.0,0.0,0.0,0.0,0.0,0.0,0.0,0.0,0.0,0.0,0.0,0.0,0.0,0.0,0.0,0.0,0.0,0.0,0.0,0.0,0.0,0.0,0.0,0.0,0.0,0.0,0.0,0.0,0.0
k__Bacteria|p__Firmicutes|c__Clostridia|o__Clostridiales|f__Ruminococcaceae|g__Faecalibacterium|s__prausnitzii,0.0,0.040254008,0.029000886,0.029000886,0.026955843,0.042854212,0.02652026,0.025376204,0.028186282,0.024811896,0.0,0.026798576,0.0,0.03234066,0.03166844,0.0,0.029810797,0.0,0.0,0.02954537,0.0,0.030169789,0.02977725,0.03150949,0.03217089,0.0,0.025980301,0.025688304,0.0322999,0.026577054,0.0,0.0,0.032059688,0.02799564,0.032239705,0.0,0.03288514,0.031700976,0.02285807,0.03204623,0.0,0.02840581,0.032790814,0.030006764,0.032110535,0.0,0.0,0.047614336,0.03172649,0.032378703,0.0,0.0,0.0,0.031573497,0.028150165,0.0,0.025194248,0.022084003,0.02967888,0.020074345,0.0,0.0,0.03203725,0.021906361,0.031318203,0.0,0.044589657,0.031559244,0.0,0.0,0.0,0.029949421,0.0,0.031557806,0.0315885,0.0,0.0,0.028009877,0.032052413,0.027684607,0.0,0.0,0.02801505,0.024910722,0.027157024,0.0,0.0,0.026778404,0.03215587,0.026594914,0.0,0.0,0.03208822,0.032368854,0.031140288,0.0,0.026383912,0.0,0.022323174,0.023078538,0.0,0.0,0.031774428,0.03235596,0.03109674,0.0,0.02205429,0.021832949,0.029912481,0.029527579,0.0,0.024998209,0.031662747,0.032020003,0.02439375,0.0,0.0,0.03181099,0.0,0.029927235,0.0,0.0,0.032198444,0.032132454,0.026071005,0.0,0.0,0.031547282,0.028167875,0.037431322,0.0,0.026181864,0.03189599,0.03225228,0.032185346,0.0,0.0,0.03157082,0.035092853,0.02067888,0.0,0.0,0.03194177,0.025899267,0.0
k__Bacteria|p__Firmicutes|c__Clostridia|o__Coriobacteriales|f__unclassified|g__unclassified|s__unclassified,0.0,0.0,0.029855045,0.029855045,0.02790107,0.0,0.02357594,0.025218334,0.027480992,0.024844302,0.0,0.026677161,0.028951053,0.02963566,0.03167159,0.0,0.029417064,0.0,0.0,0.028136613,0.0,0.030026732,0.030931916,0.031551637,0.032292888,0.0,0.025978588,0.025508026,0.032307692,0.026949976,0.0,0.044328317,0.032001916,0.027277725,0.032336332,0.0,0.03284363,0.03176827,0.022034612,0.0321412,0.0,0.028382624,0.032285295,0.030093677,0.0322595,0.0,0.0,0.0,0.031715717,0.032527246,0.0,0.0,0.0,0.03154861,0.027755383,0.0,0.025349805,0.021540374,0.030025715,0.021063711,0.0,0.0,0.022094289,0.023495384,0.031357415,0.0,0.0,0.03149917,0.031632785,0.029660005,0.0,0.02990752,0.0352085,0.03152684,0.03160613,0.0,0.0,0.027940884,0.03207891,0.027684607,0.0,0.0,0.029155012,0.023895912,0.025199741,0.0,0.0,0.026399277,0.03222099,0.024796672,0.0,0.0,0.032081246,0.032394774,0.030607922,0.0,0.026233308,0.04574456,0.026853448,0.023980245,0.0,0.0,0.032384034,0.03235805,0.031178629,0.0,0.02211525,0.022582086,0.024731234,0.024746278,0.0,0.023740312,0.031575933,0.029951109,0.024950817,0.0,0.0,0.031830847,0.0,0.029875774,0.0,0.026239421,0.03220094,0.032157123,0.020303214,0.0,0.0,0.031512953,0.027138494,0.03792794,0.0,0.026021034,0.03177181,0.02461057,0.032278292,0.0,0.0,0.031604588,0.033935267,0.021192547,0.0,0.0,0.031873263,0.02608239,0.0
k__Bacteria|p__Firmicutes|c__Clostridia|o__Clostridiales|f__Ruminococcaceae|g__Ruminococcus|s__unclassified,0.0,0.04020184,0.030840613,0.030840613,0.027528236,0.041962758,0.02357594,0.026872931,0.0,0.023895029,0.0,0.027017267,0.029687786,0.030012915,0.032430522,0.0,0.029489668,0.0,0.0,0.03296319,0.0,0.030745957,0.02960398,0.03234605,0.03318426,0.0,0.026244687,0.02572109,0.0332307,0.034261923,0.0,0.044354357,0.03276883,0.028858583,0.033249643,0.0,0.0,0.032586653,0.021911232,0.03294724,0.0,0.028875066,0.03311101,0.030749137,0.033094242,0.0,0.0,0.0,0.03253708,0.033450518,0.0,0.0,0.0,0.03234284,0.028429806,0.0,0.024868803,0.021592313,0.03405944,0.021419948,0.0,0.0,0.02257241,0.022820447,0.032008518,0.0,0.0,0.03231488,0.032309238,0.030542344,0.0,0.0,0.03538872,0.032308765,0.032341078,0.0,0.0,0.028452083,0.03297309,0.02968154,0.0,0.0,0.029307893,0.027721142,0.025733242,0.0,0.0,0.029123181,0.033132628,0.027768632,0.0,0.0,0.03297873,0.033346746,0.03338001,0.0,0.026523666,0.046938885,0.025961204,0.022938618,0.0,0.0,0.032733742,0.03331166,0.032202754,0.0,0.022412783,0.025013654,0.024232622,0.024162527,0.0,0.023484513,0.032411374,0.030707415,0.027230848,0.0,0.0,0.0,0.0,0.03018612,0.0,0.026258627,0.033121854,0.033051424,0.023972234,0.0,0.0,0.03231144,0.027907234,0.039679255,0.0,0.026283566,0.032473348,0.026708461,0.033183735,0.0,0.0,0.03237494,0.034182653,0.022881825,0.0,0.0,0.032569252,0.025712596,0.0
k__Bacteria|p__Firmicutes|c__Clostridia|o__Clostridiales|f__Clostridiaceae|g__unclassified|s__unclassified,0.0,0.0,0.0,0.0,0.0,0.0,0.02366275,0.0,0.0,0.0,0.0,0.0,0.028760927,0.0,0.0,0.0,0.0,0.0,0.0,0.0,0.0,0.0,0.0,0.0,0.0,0.0,0.0,0.0,0.0,0.0,0.0,0.044308797,0.0,0.0,0.0,0.0,0.032929614,0.0,0.021690974,0.0,0.0,0.0,0.031847693,0.0,0.0,0.0,0.0,0.0,0.0,0.0,0.054471675,0.0,0.0,0.0,0.0,0.0,0.0,0.0,0.029679969,0.019389777,0.0,0.0,0.0,0.0,0.0,0.0,0.0,0.0,0.0,0.0,0.0,0.0,0.0,0.0,0.0,0.0,0.0,0.0,0.0,0.0,0.0,0.0,0.02827096,0.0,0.024912983,0.0,0.0,0.0,0.0,0.02423533,0.0,0.0,0.0,0.0,0.02975188,0.0,0.0,0.0,0.0,0.0,0.0,0.044234745,0.0,0.0,0.0,0.0,0.0,0.0,0.0,0.0,0.0,0.023488235,0.0,0.0,0.0,0.0,0.042953044,0.0,0.0,0.0,0.0,0.0,0.0,0.0,0.019027865,0.0,0.0,0.0,0.0,0.0,0.0,0.0,0.0,0.023495212,0.0,0.0,0.0,0.0,0.0,0.0,0.0,0.0,0.0,0.0,0.0
k__Bacteria|p__Firmicutes|c__Clostridia|o__Clostridiales|f__Ruminococcaceae|g__Faecalibacterium|s__unclassified,0.0,0.0,0.02834384,0.02834384,0.026997741,0.042840224,0.02623089,0.027105182,0.032646812,0.028924966,0.0,0.026307996,0.0,0.031939328,0.031476043,0.0,0.030366495,0.0,0.0,0.028184935,0.0,0.029724179,0.0,0.030963289,0.031709205,0.0,0.025377125,0.025510142,0.031912286,0.027559306,0.0,0.0,0.03156926,0.02982809,0.03178367,0.0,0.0,0.031237774,0.022114126,0.03191349,0.0,0.02778822,0.032423075,0.0313539,0.031855524,0.0,0.0,0.0,0.0312908,0.031952433,0.0,0.0,0.0,0.031144185,0.028742341,0.0,0.026499089,0.02178391,0.0,0.019610304,0.0,0.0,0.028597657,0.022017965,0.03129763,0.0,0.0,0.031083697,0.0,0.0,0.0,0.029890765,0.0,0.031229002,0.031441897,0.0,0.0,0.027546713,0.03153732,0.0276214,0.0,0.0,0.0,0.025522387,0.025196407,0.0,0.0,0.026717637,0.03167038,0.025416339,0.0,0.0,0.031623077,0.03184934,0.03670954,0.0,0.026010152,0.044122852,0.022513777,0.023537872,0.0,0.0,0.0,0.031847,0.032633435,0.0,0.022351824,0.021684371,0.032644015,0.031872403,0.0,0.0,0.031195765,0.032435305,0.024176838,0.0,0.0,0.0,0.0,0.030613238,0.0,0.0,0.031738505,0.031691954,0.025772275,0.0,0.0,0.031096473,0.027234176,0.037333857,0.0,0.025904449,0.031639386,0.025792811,0.031727284,0.0,0.0,0.03121946,0.034112636,0.020493535,0.0,0.0,0.03169178,0.027738791,0.0
k__Bacteria|p__Firmicutes|c__Clostridia|o__Clostridiales|f__Lachnospiraceae|g__Lachnospira|s__unclassified,0.0,0.0,0.028540954,0.028540954,0.027094325,0.0,0.02550747,0.0,0.02886047,0.025602508,0.0,0.026274448,0.030234393,0.031273108,0.030484285,0.0,0.0,0.0,0.0,0.027694285,0.0,0.028911661,0.0,0.030615546,0.031258434,0.0,0.025984855,0.024935436,0.031033041,0.0,0.0,0.0,0.03094115,0.02937098,0.031231493,0.0,0.0,0.030779505,0.02306919,0.03092514,0.0,0.027944244,0.0,0.030133512,0.031168373,0.0,0.0,0.03762951,0.030588372,0.03143859,0.0,0.0,0.0,0.030440986,0.027541542,0.0,0.0,0.021136403,0.0,0.019077865,0.0,0.0,0.022044338,0.0,0.030233925,0.0,0.0,0.030364837,0.03392383,0.029161986,0.0,0.030072324,0.035237335,0.030348275,0.030430853,0.0,0.0,0.027277548,0.030956492,0.026832458,0.0,0.0,0.03630719,0.02551312,0.024842963,0.0,0.0,0.025635738,0.031095486,0.023610808,0.0,0.0,0.030865094,0.031185912,0.030046219,0.0,0.025756957,0.0,0.021983406,0.022852406,0.0,0.0,0.034226224,0.031109635,0.03232205,0.0,0.0,0.022047704,0.02592357,0.02544787,0.0,0.023916643,0.030369215,0.030246392,0.025579367,0.0,0.0,0.0,0.0,0.030551089,0.0,0.029946085,0.030965624,0.030966057,0.020981103,0.0,0.0,0.030406587,0.0266403,0.0,0.0,0.025480906,0.030551614,0.027830413,0.031189898,0.0,0.0,0.030540979,0.03431802,0.019302038,0.0,0.0,0.030715864,0.027262663,0.0
k__Bacteria|p__Firmicutes|c__Clostridia|o__unclassified|f__unclassified|g__unclassified|s__unclassified,0.0,0.04035254,0.028716166,0.028716166,0.027308794,0.0,0.024451278,0.031416245,0.028423967,0.0266274,0.035951454,0.026901348,0.029521424,0.02968382,0.03184344,0.0,0.029425442,0.0,0.034959514,0.02818122,0.0,0.030295864,0.033178873,0.03168799,0.032355558,0.0,0.026074354,0.02579586,0.03244356,0.029673642,0.0,0.0,0.03220536,0.02703775,0.032418422,0.0,0.032888103,0.03188294,0.022065688,0.03227,0.0,0.0285258,0.03588215,0.02982932,0.032332964,0.0,0.0,0.0,0.031898916,0.032588266,0.0,0.0,0.0,0.03173533,0.027722485,0.0,0.025605656,0.022194806,0.030529117,0.020202393,0.0,0.0,0.023695156,0.0262047,0.031545244,0.0,0.04467201,0.03170611,0.031304434,0.029243853,0.0,0.030438235,0.035309423,0.03171152,0.031777874,0.0,0.0,0.028140808,0.032203585,0.02707593,0.0,0.035829842,0.031617723,0.025436662,0.025003012,0.06626183,0.0,0.02673613,0.03234212,0.024446746,0.0,0.0,0.032238103,0.032515157,0.03123635,0.0,0.02649223,0.044795394,0.023847999,0.023561899,0.058201298,0.0,0.036244225,0.03249347,0.031474847,0.0,0.022208136,0.021148117,0.024492769,0.024423307,0.0,0.026182845,0.03180577,0.029800609,0.02588748,0.0,0.0,0.032095555,0.0,0.030110909,0.0,0.02637226,0.032360166,0.03229844,0.0203913,0.0,0.0,0.031713188,0.02687455,0.037715986,0.0,0.026300956,0.0320483,0.024565352,0.032381438,0.0,0.0,0.03174679,0.033874586,0.020043416,0.0,0.0,0.032105334,0.026356488,0.0
k__Bacteria|p__Firmicutes|c__Clostridia|o__Clostridiales|f__Lachnospiraceae|g__Anaerostipes|s__unclassified,0.0,0.0,0.0,0.0,0.0,0.0,0.0,0.0,0.0,0.0,0.0,0.0,0.028891638,0.029723955,0.0,0.0,0.0,0.0,0.0,0.0,0.0,0.0,0.0,0.0,0.0,0.0,0.0,0.0,0.0,0.026297363,0.0,0.0,0.0,0.0,0.0,0.0,0.0,0.0,0.0,0.0,0.0,0.0,0.0,0.0,0.0,0.0,0.0,0.0,0.0,0.0,0.0,0.0,0.0,0.0,0.027492195,0.0,0.0,0.0,0.0,0.018933399,0.0,0.0,0.0,0.0,0.0,0.0,0.0,0.0,0.0,0.0,0.0,0.0,0.0,0.0,0.0,0.0,0.0,0.0,0.0,0.026818411,0.0,0.0,0.0,0.0,0.025009682,0.0,0.0,0.0,0.0,0.0,0.0,0.0,0.0,0.0,0.029755192,0.0,0.0,0.0,0.021881197,0.0,0.0,0.0,0.0,0.0,0.030612478,0.0,0.0,0.020909643,0.0,0.023694435,0.0,0.0,0.0,0.02880807,0.0,0.0,0.0,0.0,0.0,0.0,0.0,0.0,0.0,0.0,0.019066166,0.0,0.0,0.0,0.0,0.0,0.0,0.0,0.0,0.0,0.0,0.0,0.0,0.0,0.0,0.01895783,0.0,0.0,0.0,0.0,0.0
k__Bacteria|p__Firmicutes|c__Clostridia|o__Clostridiales|f__Lachnospiraceae|g__Lachnobacterium|s__unclassified,0.0,0.0,0.0,0.0,0.026710836,0.0,0.0,0.0,0.0,0.0,0.0,0.0,0.0,0.029916596,0.0,0.0,0.0,0.0,0.0,0.0,0.0,0.0,0.0,0.0,0.0,0.0,0.0,0.0,0.0,0.0,0.0,0.0,0.0,0.027270915,0.0,0.0,0.0,0.0,0.0,0.0,0.0,0.0,0.0,0.030680332,0.0,0.0,0.0,0.0,0.0,0.0,0.0,0.0,0.0,0.0,0.0,0.0,0.0,0.021136403,0.0,0.019231085,0.0,0.0,0.0,0.021327082,0.0,0.0,0.0,0.0,0.0,0.0,0.0,0.0,0.0,0.0,0.0,0.0,0.0,0.0,0.0,0.026940148,0.0,0.0,0.0,0.030855931,0.025181403,0.0,0.0,0.025868231,0.0,0.0,0.0,0.0,0.0,0.0,0.031131772,0.0,0.0,0.0,0.0,0.0,0.0,0.0,0.0,0.0,0.030668082,0.0,0.022078965,0.021498961,0.0,0.0,0.0,0.0,0.0,0.0,0.0,0.0,0.0,0.0,0.0,0.02946607,0.0,0.0,0.0,0.0,0.019131273,0.0,0.0,0.0,0.0,0.0,0.0,0.0,0.0,0.025365131,0.0,0.0,0.0,0.0,0.0,0.020069892,0.0,0.0,0.0,0.0,0.0
k__Bacteria|p__Firmicutes|c__Clostridia|o__Clostridiales|f__Lachnospiraceae|g__[Ruminococcus]|s__unclassified,0.0,0.0,0.027949613,0.027949613,0.0,0.0,0.023669984,0.027202332,0.029679049,0.025347972,0.036154564,0.026333295,0.029283771,0.029756062,0.030839775,0.0,0.029431026,0.0,0.034965664,0.02776677,0.0,0.02932577,0.030464781,0.030615509,0.03122065,0.0,0.025616772,0.0253774,0.031294882,0.02801214,0.0,0.044313677,0.031179152,0.026579037,0.03126148,0.0,0.0,0.030822268,0.021884726,0.031217944,0.0,0.027797198,0.032620043,0.029680848,0.031251185,0.0,0.0,0.0,0.030800635,0.031417042,0.0,0.0,0.0,0.030678982,0.027525093,0.0,0.0,0.021137556,0.029721282,0.0202013,0.0,0.0,0.023459664,0.024706021,0.030628894,0.0,0.0,0.030634593,0.031002007,0.02887318,0.0,0.0,0.0,0.030689865,0.030796556,0.0,0.0,0.027392562,0.031059256,0.027462207,0.0,0.0,0.028586693,0.023668855,0.02488631,0.0,0.0,0.02549571,0.031175302,0.023802781,0.0,0.0,0.031087363,0.031307615,0.03009638,0.0,0.025972147,0.044378497,0.02330105,0.02319726,0.0,0.0,0.032542646,0.031286485,0.031038102,0.0,0.022067351,0.020982059,0.0,0.02493177,0.0,0.023499414,0.030703448,0.029509135,0.02437403,0.0,0.0,0.03187386,0.0,0.02960818,0.0,0.0,0.031182386,0.03114582,0.019261489,0.0,0.0,0.03064471,0.02643904,0.037137374,0.0,0.025811711,0.03108688,0.024045354,0.031219678,0.0,0.0,0.030737208,0.033795234,0.019344402,0.0,0.0,0.03115501,0.025583819,0.0
k__Bacteria|p__Firmicutes|c__Clostridia|o__Clostridiales|f__Lachnospiraceae|g__Roseburia|s__faecis,0.0,0.0,0.027862007,0.027862007,0.026203066,0.0,0.023518065,0.0,0.027132235,0.023632392,0.0,0.0,0.0,0.0,0.0,0.0,0.0,0.0,0.0,0.0,0.0,0.0,0.0,0.0,0.0,0.0,0.0,0.0,0.0,0.0,0.0,0.0,0.0,0.0,0.0,0.0,0.0,0.0,0.02172753,0.0,0.0,0.0,0.0,0.0,0.0,0.0,0.0,0.0,0.0,0.0,0.0,0.0,0.0,0.0,0.0,0.0,0.0,0.0,0.0,0.0,0.0,0.0,0.021340244,0.021277128,0.0,0.0,0.0,0.0,0.030572437,0.028579826,0.0,0.0,0.0,0.0,0.0,0.0,0.0,0.0,0.0,0.0,0.0,0.0,0.0,0.0,0.0,0.0,0.0,0.0,0.0,0.0,0.0,0.0,0.0,0.0,0.0,0.0,0.0,0.0,0.0,0.0,0.0,0.0,0.0,0.0,0.0,0.0,0.0,0.020801643,0.0,0.0,0.0,0.0,0.0,0.0,0.0,0.0,0.0,0.0,0.0,0.02947953,0.0,0.0,0.0,0.0,0.019119784,0.0,0.0,0.0,0.02653142,0.0,0.0,0.0,0.0,0.023495212,0.0,0.0,0.0,0.0,0.0,0.0,0.0,0.0,0.0,0.02544913,0.0
k__Bacteria|p__Firmicutes|c__Clostridia|o__Coriobacteriales|f__Coriobacteriaceae|g__Collinsella|s__unclassified,0.0,0.0,0.028278137,0.028278137,0.026210167,0.045352694,0.02418361,0.027244836,0.027090028,0.0,0.0,0.0,0.0,0.029643688,0.0,0.04611058,0.032061514,0.0,0.036582623,0.0,0.0,0.0,0.0,0.0,0.0,0.0,0.0,0.0,0.0,0.030516047,0.044197116,0.0,0.0,0.026474876,0.0,0.072203584,0.0,0.0,0.0,0.0,0.0,0.0,0.035547398,0.0,0.0,0.0,0.0,0.032201547,0.0,0.0,0.055469442,0.0,0.0,0.0,0.0,0.0,0.026546165,0.02208054,0.0,0.019517278,0.04261178,0.0,0.02249867,0.022190152,0.0,0.0,0.0,0.0,0.0,0.0,0.062030785,0.029929869,0.0,0.0,0.0,0.0,0.0,0.0,0.0,0.0,0.0,0.0,0.0,0.0,0.0,0.0,0.0,0.02605846,0.0,0.023554914,0.0,0.061829824,0.0,0.0,0.0,0.0,0.0,0.0,0.0268424,0.0,0.06135676,0.0,0.0,0.0,0.0,0.0,0.022177659,0.0,0.0,0.023857012,0.0,0.0,0.0,0.0,0.0,0.0,0.0,0.0,0.035524726,0.0,0.0,0.027396556,0.0,0.0,0.0,0.0,0.0,0.0,0.0,0.0,0.0,0.0,0.0,0.023512168,0.0,0.0,0.0,0.0,0.0,0.019429132,0.0,0.0,0.0,0.025517657,0.0
k__Bacteria|p__Firmicutes|c__Clostridia|o__Clostridiales|f__Ruminococcaceae|g__Oscillospira|s__unclassified,0.0,0.0,0.02878187,0.02878187,0.027742706,0.0,0.025022779,0.026097244,0.02736215,0.024510099,0.0,0.026799409,0.0311969,0.030430304,0.031185843,0.0,0.02959997,0.0,0.0,0.028051121,0.0,0.029796548,0.030841816,0.031399567,0.031986132,0.040150348,0.026284218,0.025413642,0.03185554,0.026627,0.0,0.047322147,0.03178659,0.026343472,0.03201593,0.0,0.0,0.031519797,0.021849085,0.031604297,0.0,0.028511003,0.03639737,0.030140754,0.031827882,0.0,0.0,0.0,0.03142334,0.03218463,0.0,0.0,0.0,0.031258307,0.027969223,0.04399099,0.02538767,0.021960502,0.030257301,0.020797215,0.0,0.0,0.021409223,0.021640636,0.03084343,0.0,0.0,0.031240318,0.03187596,0.029559948,0.0,0.0,0.035258964,0.03114237,0.03113075,0.0,0.0,0.027906504,0.03178909,0.039879233,0.0,0.03613265,0.028759515,0.024238816,0.025146391,0.0,0.0,0.026637055,0.031938866,0.03153765,0.0,0.0,0.031727202,0.032048382,0.0318468,0.0,0.026279429,0.0,0.022698857,0.023723017,0.0,0.0,0.03211076,0.0319925,0.031108871,0.0,0.022311185,0.023986088,0.024232622,0.024225814,0.0,0.02375149,0.03128302,0.029088117,0.024622986,0.0,0.0,0.031953275,0.0,0.03139623,0.0,0.0,0.031850897,0.03180457,0.023259878,0.0,0.0,0.03125076,0.026326865,0.03723948,0.0,0.026005391,0.031379372,0.02405289,0.031986754,0.0,0.0,0.031268865,0.033939935,0.01969391,0.06687971,0.06687971,0.031485382,0.026080027,0.0
k__Bacteria|p__Firmicutes|c__Clostridia|o__Clostridiales|f__Lachnospiraceae|g__[Ruminococcus]|s__gnavus,0.0,0.041449524,0.027949613,0.027949613,0.026288286,0.0,0.024118504,0.0,0.0,0.0,0.037834167,0.02722793,0.02903423,0.029892514,0.030836906,0.0,0.029618122,0.0,0.03503329,0.027694285,0.056135856,0.029693272,0.034714732,0.030419048,0.030691676,0.03550026,0.026294198,0.026735788,0.030947704,0.02624742,0.0,0.05295997,0.031260103,0.0,0.030755246,0.0,0.033223137,0.030555524,0.02171839,0.030965962,0.0,0.028221423,0.03196219,0.0,0.030818608,0.060285114,0.0,0.032208145,0.0306786,0.030787928,0.0,0.0,0.0,0.030638963,0.0,0.04356035,0.02495784,0.02127029,0.030651975,0.019233275,0.037255965,0.057171308,0.022900669,0.022496266,0.030788653,0.0,0.04564515,0.030629102,0.0,0.0,0.0,0.02984328,0.03515083,0.030730361,0.03083323,0.0,0.0,0.027937189,0.03071023,0.02685587,0.0,0.038269516,0.029407598,0.024530748,0.025001345,0.0,0.0,0.02575727,0.030742766,0.023598658,0.0,0.06184301,0.030813027,0.030836072,0.0,0.044111136,0.027056396,0.04694282,0.02329,0.023349896,0.0,0.044465713,0.032074455,0.030865928,0.030731775,0.06284587,0.02207461,0.021455888,0.026443865,0.024797563,0.0567731,0.025354594,0.030712387,0.028918566,0.024425795,0.0,0.0,0.032677922,0.0,0.029511593,0.056255925,0.026377063,0.030852523,0.030814968,0.01915425,0.0,0.0,0.030617021,0.026336763,0.03707858,0.0,0.02701633,0.0314725,0.023548907,0.03073521,0.0,0.0,0.03063829,0.0,0.019296743,0.06686377,0.06686377,0.03143122,0.02552947,0.048002586
k__Bacteria|p__Firmicutes|c__Erysipelotrichi|o__Erysipelotrichales|f__[Coprobacillaceae]|g__unclassified|s__unclassified,0.0,0.04032483,0.028562853,0.028562853,0.026257748,0.041950762,0.025225336,0.03350195,0.027164444,0.02546545,0.0,0.026927866,0.02971155,0.029691847,0.031676285,0.0,0.029683743,0.0,0.03500747,0.0,0.0,0.030098025,0.032667384,0.031570844,0.0322411,0.0,0.026261218,0.025764836,0.032243997,0.03119863,0.0,0.044966135,0.03204144,0.029348945,0.032278642,0.06815395,0.0,0.03177139,0.022354493,0.03210922,0.0,0.02857024,0.032076683,0.029655496,0.032214478,0.0,0.0,0.03134033,0.03171699,0.032459214,0.0,0.0,0.0,0.03156288,0.0,0.042263765,0.024962958,0.021212582,0.030700902,0.019943014,0.0,0.0,0.021383058,0.0225239,0.03139998,0.0,0.04469811,0.031516,0.031226669,0.029525835,0.061963376,0.0,0.035453595,0.03153141,0.03161974,0.0,0.0,0.028110214,0.03204193,0.026954195,0.0,0.0,0.032744396,0.025042785,0.02505803,0.0,0.0,0.025609316,0.032176077,0.0,0.0,0.0,0.032042086,0.03232549,0.030987913,0.0,0.026489973,0.045106106,0.024870072,0.024904564,0.0,0.0,0.032103118,0.032290235,0.031280737,0.0,0.022129763,0.024915017,0.025468316,0.024712455,0.0,0.029430032,0.03158438,0.02969964,0.025493097,0.0,0.05910496,0.032830134,0.0,0.03012516,0.0,0.026508301,0.03215208,0.032111794,0.019104464,0.0,0.0,0.03153211,0.026293874,0.037191518,0.0,0.02627605,0.03182608,0.0237505,0.032232102,0.0,0.0,0.031621113,0.0,0.0,0.06681595,0.06681595,0.031926177,0.027442245,0.0
k__Bacteria|p__Firmicutes|c__Clostridia|o__Clostridiales|f__unclassified|g__unclassified|s__unclassified,0.0,0.04070098,0.028102923,0.028102923,0.026410436,0.0,0.023655515,0.027593972,0.027742006,0.024018582,0.0,0.027063958,0.029402599,0.029659739,0.031998046,0.0,0.0354278,0.0,0.03548948,0.027900582,0.0,0.030571204,0.031372715,0.03171636,0.032317482,0.0,0.026051074,0.026155036,0.03256172,0.03097221,0.0,0.0443934,0.03237102,0.033776626,0.03241317,0.0,0.034895338,0.031901173,0.022287773,0.032344975,0.0,0.028578838,0.032149453,0.029898128,0.032322593,0.0,0.0,0.03142942,0.032005794,0.032522045,0.054544907,0.0,0.0,0.0318712,0.0,0.0,0.025031526,0.021843929,0.030295357,0.02104018,0.0,0.0,0.023678504,0.021864906,0.031696416,0.0,0.044955317,0.031868234,0.03054775,0.028588923,0.0,0.029826516,0.0,0.031912845,0.031939022,0.0,0.0,0.028288703,0.032269172,0.027019745,0.0,0.035805225,0.031787224,0.02761688,0.032643747,0.0,0.0,0.028581573,0.032361247,0.024830697,0.0,0.0,0.032356497,0.03257706,0.029780746,0.0,0.026730787,0.044154316,0.030510817,0.02352515,0.0,0.044273242,0.032527357,0.032587916,0.030700434,0.0,0.023277802,0.021064464,0.02695332,0.024377478,0.0,0.025225451,0.031997092,0.02909002,0.024985326,0.0,0.04299988,0.031992983,0.034216177,0.029639056,0.0,0.026228221,0.032460343,0.03238088,0.021865804,0.0,0.0,0.03184747,0.02653802,0.036911495,0.0,0.026592903,0.032342188,0.026868606,0.032359663,0.0,0.0,0.03183681,0.0,0.019423837,0.0,0.0,0.032332066,0.026806625,0.0
k__Bacteria|p__Firmicutes|c__Clostridia|o__Clostridiales|f__Lachnospiraceae|g__Coprococcus|s__unclassified,0.0,0.0,0.028015317,0.028015317,0.027348563,0.0,0.0,0.0,0.0,0.0,0.0357249,0.02659634,0.02901047,0.029699875,0.030684698,0.0,0.029507818,0.0,0.0,0.02776677,0.0,0.029305864,0.029814675,0.030827014,0.031357832,0.034112122,0.02614031,0.02530381,0.031232784,0.02802213,0.0,0.045016576,0.031254016,0.026419189,0.03137187,0.0,0.032968156,0.030941447,0.021951444,0.031045625,0.0,0.028181927,0.032958675,0.029822078,0.031234432,0.0,0.0,0.0,0.030851606,0.031525843,0.0,0.0,0.0,0.030707702,0.027623788,0.04206547,0.025056086,0.02170658,0.030110521,0.019246407,0.0,0.0,0.022072881,0.023741975,0.03039734,0.0,0.0,0.030674705,0.03076624,0.028748106,0.0,0.029929869,0.03515083,0.030604735,0.030633211,0.0,0.0,0.027572257,0.031166082,0.02690269,0.0,0.03588154,0.028380636,0.023715192,0.024871305,0.0,0.0,0.02651024,0.03128417,0.02372988,0.0,0.0,0.031108696,0.03139081,0.030256798,0.0,0.02611264,0.058254167,0.023176745,0.022976778,0.0,0.0,0.031940684,0.031339325,0.033132855,0.061459165,0.022097833,0.021128766,0.024135066,0.023759903,0.0,0.023752728,0.03070787,0.029366255,0.024667354,0.0,0.0,0.031834155,0.0,0.029740792,0.0,0.026257027,0.031207018,0.031181911,0.019881928,0.0,0.0,0.030691836,0.026340064,0.037386455,0.0,0.025853263,0.03091232,0.023714704,0.03133992,0.0,0.0,0.030743185,0.0,0.019821003,0.0,0.0,0.031026442,0.025670065,0.0
k__Bacteria|p__Firmicutes|c__Clostridia|o__Clostridiales|f__Lachnospiraceae|g__Blautia|s__unclassified,0.082637936,0.055802412,0.03679783,0.03679783,0.03029859,0.042222597,0.026686646,0.05132759,0.03133953,0.03343908,0.037896667,0.039863143,0.029818494,0.030823613,0.037472837,0.045101263,0.030959893,0.07868158,0.035143957,0.029140215,0.07098619,0.037925705,0.055045463,0.03763228,0.03658744,0.03628129,0.039893117,0.040073205,0.036564123,0.036312997,0.0,0.053864624,0.038867947,0.03278108,0.036534272,0.0,0.038138937,0.03733456,0.025338497,0.036796764,0.083036,0.03909985,0.045233775,0.033048682,0.036626294,0.07476503,0.0,0.033227745,0.03742735,0.036240116,0.0,0.07583596,0.082596704,0.037622638,0.033956766,0.043804042,0.02688082,0.023270523,0.04022201,0.022649541,0.03741833,0.07200463,0.029199468,0.035629373,0.03785471,0.08300762,0.060176287,0.037708856,0.035601377,0.03215465,0.0,0.044113856,0.041703485,0.03768049,0.037514746,0.061863862,0.0,0.038258266,0.03690081,0.03409913,0.07854043,0.042764813,0.052482676,0.031849883,0.042356804,0.0,0.0,0.031063735,0.03670325,0.025132023,0.078437425,0.062225044,0.036923055,0.03645286,0.03208814,0.044120807,0.039984003,0.056553792,0.026585499,0.029335365,0.0,0.044908397,0.043903455,0.036524303,0.037546802,0.07140298,0.02478433,0.026868388,0.027657881,0.025968336,0.07148215,0.030735115,0.03762819,0.038699135,0.035446357,0.08193782,0.0,0.047180843,0.0,0.03809319,0.07113792,0.02843205,0.036745373,0.036790226,0.022041976,0.07980154,0.07876459,0.037686605,0.029480997,0.04585682,0.078352615,0.040028546,0.03917222,0.02812715,0.036618963,0.08296479,0.07980151,0.037553445,0.034215327,0.022537615,0.07760797,0.07760797,0.039043583,0.031069307,0.048042353
k__Bacteria|p__Firmicutes|c__Clostridia|o__Clostridiales|f__Lachnospiraceae|g__unclassified|s__unclassified,0.0,0.041816242,0.039469812,0.039469812,0.032414887,0.0,0.02429936,0.027557539,0.037373915,0.027338343,0.035928015,0.029220497,0.047179256,0.035735957,0.037480682,0.04506979,0.03214249,0.0,0.035780903,0.029394833,0.055951405,0.034872025,0.03401611,0.03690307,0.038434144,0.0,0.027976004,0.027734717,0.038656726,0.03186789,0.0,0.04908427,0.037171286,0.039507136,0.0385751,0.06734779,0.033291332,0.037394814,0.028984196,0.038389675,0.0,0.031733405,0.03638379,0.031589285,0.038482666,0.0,0.0,0.031211643,0.03740091,0.038933437,0.0,0.060690746,0.0,0.037038676,0.028166616,0.045230158,0.029025879,0.024343932,0.036181767,0.025812998,0.0,0.057202403,0.026188033,0.026049517,0.03687887,0.0,0.046074938,0.036959596,0.04101792,0.032964222,0.0,0.030636555,0.035785194,0.037094664,0.037312895,0.0,0.0,0.03163488,0.038051274,0.0305173,0.0,0.038510777,0.03494123,0.04027651,0.0459496,0.0,0.0,0.02937946,0.03833331,0.025664203,0.0,0.0,0.03815245,0.03873819,0.0365884,0.0,0.028655319,0.045718342,0.03174283,0.03584942,0.0,0.0,0.0393018,0.038714353,0.03593732,0.06382806,0.024234261,0.025747806,0.04184669,0.03535636,0.056668453,0.033361424,0.03717704,0.033199236,0.029693285,0.0,0.0,0.034362156,0.034175657,0.034730855,0.056132864,0.028438453,0.03839452,0.038274445,0.030306846,0.0,0.0,0.03697356,0.03196207,0.038594738,0.0,0.028405866,0.0369365,0.031443078,0.03845016,0.0,0.0,0.03716382,0.03467276,0.023596723,0.06702317,0.06702317,0.03710723,0.034903128,0.048089348
k__Bacteria|p__Firmicutes|c__Clostridia|o__Clostridiales|f__Peptostreptococcaceae|g__unclassified|s__unclassified,0.0,0.0,0.0,0.0,0.0,0.0,0.0,0.026652824,0.0,0.0,0.0,0.0,0.028891638,0.029675795,0.024592465,0.0,0.03266608,0.0,0.0,0.0,0.0,0.024097143,0.029921409,0.024674213,0.024411365,0.043796256,0.0,0.0,0.024366915,0.026190812,0.0,0.04482946,0.025522701,0.0,0.024372559,0.0,0.032962225,0.024604369,0.02168366,0.024447035,0.0,0.0,0.0,0.029633768,0.024423867,0.0,0.0,0.0,0.024579633,0.024322607,0.0,0.0,0.0,0.024666946,0.0,0.043549,0.0,0.021126015,0.029703887,0.018966233,0.0,0.0,0.024132837,0.021493956,0.024735225,0.0,0.0,0.024657413,0.0,0.0,0.0,0.0,0.0,0.02463666,0.02464977,0.0,0.0,0.023503445,0.024467729,0.026862893,0.0,0.0,0.028280929,0.024139188,0.02597832,0.0,0.0,0.025577612,0.024414454,0.023576787,0.0,0.0,0.024434209,0.024329022,0.0,0.0,0.0,0.044099253,0.022342512,0.022886327,0.0,0.0,0.03183176,0.02431976,0.0,0.0,0.022314087,0.021156233,0.02443857,0.023537314,0.0,0.023762664,0.024601653,0.0,0.024203954,0.0,0.0,0.0,0.0,0.0,0.0,0.0,0.024389746,0.02442966,0.0,0.0,0.0,0.02466436,0.0,0.0,0.0,0.0,0.025573682,0.023585647,0.024396874,0.0,0.0,0.024651196,0.0,0.0,0.0,0.0,0.025552597,0.02564998,0.050388638
k__Bacteria|p__Firmicutes|c__Clostridia|o__Clostridiales|f__Lachnospiraceae|g__Dorea|s__unclassified,0.0,0.0,0.027971514,0.027971514,0.02629326,0.0,0.023908712,0.024847947,0.027031163,0.023656698,0.0,0.025635581,0.0,0.0,0.028611511,0.04506979,0.030013252,0.0,0.035362832,0.0,0.0,0.027525805,0.03128816,0.028550938,0.028796986,0.038932856,0.025172569,0.024824377,0.028798118,0.02662034,0.0,0.051715255,0.029218618,0.0,0.02880155,0.0,0.0,0.02863404,0.0,0.028764315,0.0,0.026690584,0.0,0.02969533,0.028791038,0.0,0.0,0.0,0.028607927,0.028868929,0.0,0.0,0.0,0.028567247,0.0,0.0,0.0,0.0,0.030429084,0.018950364,0.03744494,0.0,0.021594765,0.021879787,0.028519578,0.0,0.0,0.028541539,0.0,0.0,0.0,0.03005277,0.0,0.02854376,0.028605726,0.0,0.0,0.026138447,0.028721405,0.027047837,0.0,0.0,0.02940095,0.02355301,0.024864636,0.0,0.0,0.02549439,0.028763397,0.0,0.0,0.0,0.028713476,0.028806292,0.029802512,0.0,0.025334561,0.04451091,0.022439193,0.02285382,0.0,0.0,0.0,0.028787833,0.0,0.0,0.02210509,0.020984557,0.0,0.0,0.0,0.023567708,0.028554726,0.028891895,0.024411006,0.0,0.0,0.032191515,0.0,0.0,0.0,0.026335452,0.028749593,0.028746411,0.019100634,0.0,0.0,0.028547194,0.0,0.036981117,0.0,0.025187166,0.029151479,0.0,0.028786873,0.0,0.0,0.028601555,0.0,0.019471498,0.0,0.0,0.029193899,0.0,0.0
k__Bacteria|p__Firmicutes|c__Clostridia|o__Clostridiales|f__Veillonellaceae|g__unclassified|s__unclassified,0.0,0.0,0.028387642,0.028387642,0.026700182,0.0,0.0,0.0,0.0,0.0,0.0,0.0260925,0.0,0.0,0.02979961,0.0,0.0,0.0,0.0353284,0.030208865,0.0,0.02856664,0.0,0.029652974,0.030033804,0.0,0.025427923,0.025246272,0.03012513,0.0,0.0,0.0,0.030304907,0.026165595,0.030071078,0.06652513,0.0,0.029778758,0.022039182,0.030027619,0.0,0.027315913,0.0,0.0,0.030043088,0.0,0.0,0.032422625,0.029793067,0.0301545,0.0,0.0,0.0,0.029717121,0.0,0.0,0.024840148,0.025131095,0.030226858,0.0,0.037933096,0.0,0.023671368,0.023380592,0.029642943,0.0,0.0,0.02969348,0.03190435,0.034135364,0.0,0.030505272,0.0,0.029721882,0.029771397,0.0,0.0,0.026858011,0.02996349,0.03168315,0.0,0.0,0.02811143,0.024676714,0.029862875,0.0,0.0,0.05456436,0.030027382,0.0418338,0.0,0.0,0.029988956,0.030133374,0.030070825,0.04431421,0.025780631,0.0,0.0,0.0,0.0,0.044744793,0.031833667,0.030123511,0.0,0.0,0.0,0.021694986,0.02422178,0.02462189,0.0,0.02358882,0.029750181,0.02889761,0.024509601,0.0,0.0,0.0,0.03790712,0.030017883,0.0,0.026607526,0.030052368,0.030023403,0.020873867,0.0,0.0,0.029694999,0.026567718,0.040378544,0.0,0.02563687,0.030256828,0.0,0.030042227,0.0,0.0,0.02971457,0.033893254,0.019153764,0.0,0.0,0.030278241,0.025985511,0.0
k__Bacteria|p__Bacteroidetes|c__Bacteroidia|o__Bacteroidales|f__Bacteroidaceae|g__Bacteroides|s__caccae,0.0,0.0,0.0,0.0,0.0,0.0,0.0,0.0,0.0,0.0,0.0,0.0,0.0,0.0,0.0,0.0,0.0,0.0,0.0,0.0,0.0,0.0,0.0,0.0,0.0,0.0,0.0,0.0,0.0,0.0,0.0,0.0,0.0,0.0,0.0,0.0,0.0,0.0,0.0,0.0,0.0,0.0,0.0,0.0,0.0,0.0,0.0,0.0,0.0,0.0,0.0,0.0,0.0,0.0,0.0,0.0,0.0,0.0,0.0,0.0,0.0,0.0,0.0,0.0,0.0,0.0,0.0,0.0,0.0,0.0,0.0,0.0,0.0,0.0,0.0,0.0,0.0,0.0,0.0,0.0,0.0,0.0,0.0,0.0,0.0,0.0,0.0,0.0,0.0,0.0,0.0,0.0,0.0,0.0,0.0,0.0,0.0,0.0,0.0,0.0,0.0,0.0,0.0,0.0,0.0,0.0,0.0,0.0,0.0,0.0,0.0,0.0,0.0,0.0,0.0,0.0,0.0,0.0,0.0,0.0,0.0,0.0,0.0,0.0,0.0,0.0,0.0,0.0,0.0,0.0,0.0,0.0,0.0,0.0,0.0,0.0,0.0,0.0,0.0,0.0,0.0,0.0,0.0,0.0,0.0
k__Bacteria|p__Bacteroidetes|c__Bacteroidia|o__Bacteroidales|f__Porphyromonadaceae|g__Dysgonomonas|s__unclassified,0.0,0.0,0.0,0.0,0.0,0.0,0.0,0.0,0.0,0.0,0.0,0.0,0.0,0.0,0.0,0.0,0.0,0.0,0.0,0.0,0.0,0.0,0.0,0.0,0.0,0.0,0.0,0.0,0.0,0.0,0.0,0.0,0.0,0.0,0.0,0.0,0.0,0.0,0.0,0.0,0.0,0.0,0.0,0.0,0.0,0.0,0.0,0.0,0.0,0.0,0.0,0.0,0.0,0.0,0.0,0.0,0.0,0.0,0.0,0.0,0.0,0.0,0.0,0.0,0.0,0.0,0.0,0.0,0.0,0.0,0.0,0.0,0.0,0.0,0.0,0.0,0.0,0.0,0.0,0.026944831,0.0,0.0,0.0,0.0,0.0,0.0,0.0,0.0,0.0,0.0,0.0,0.0,0.0,0.0,0.0,0.0,0.0,0.0,0.0,0.0,0.0,0.0,0.0,0.0,0.0,0.0,0.0,0.0,0.0,0.0,0.0,0.0,0.0,0.0,0.0,0.0,0.0,0.0,0.0,0.0,0.0,0.0,0.0,0.0,0.0,0.0,0.0,0.0,0.0,0.0,0.0,0.0,0.0,0.0,0.0,0.0,0.0,0.0,0.0,0.0,0.0,0.0,0.0,0.0,0.0
k__Bacteria|p__Bacteroidetes|c__Bacteroidia|o__Bacteroidales|f__Prevotellaceae|g__Prevotella|s__stercorea,0.0,0.0,0.0,0.0,0.0,0.0,0.0,0.0,0.0,0.0,0.0,0.0,0.0,0.0,0.0,0.0,0.0,0.0,0.0,0.0,0.0,0.0,0.0,0.0,0.0,0.0,0.0,0.0,0.0,0.0,0.0,0.0,0.0,0.0,0.0,0.0,0.0,0.0,0.0,0.0,0.0,0.0,0.0,0.0,0.0,0.0,0.0,0.0,0.0,0.0,0.0,0.0,0.0,0.0,0.0,0.0,0.0,0.0,0.0,0.0,0.0,0.0,0.025493452,0.022020089,0.0,0.0,0.0,0.0,0.0,0.0,0.0,0.0,0.0,0.0,0.0,0.0,0.0,0.0,0.0,0.0,0.0,0.0,0.0,0.0,0.0,0.0,0.0,0.0,0.0,0.0,0.0,0.0,0.0,0.0,0.0,0.0,0.0,0.0,0.0,0.0,0.0,0.0,0.0,0.0,0.0,0.0,0.0,0.0,0.0,0.0,0.0,0.0,0.0,0.0,0.0,0.0,0.0,0.0,0.0,0.0,0.0,0.0,0.0,0.0,0.0,0.0,0.0,0.0,0.0,0.0,0.0,0.0,0.0,0.0,0.0,0.0,0.0,0.0,0.0,0.0,0.0,0.0,0.0,0.0,0.0
k__Bacteria|p__Bacteroidetes|c__Bacteroidia|o__Bacteroidales|f__[Paraprevotellaceae]|g__[Prevotella]|s__unclassified,0.0,0.0,0.0,0.0,0.0,0.0,0.0,0.0,0.0,0.0,0.0,0.0,0.0,0.0,0.0,0.0,0.0,0.0,0.0,0.0,0.0,0.0,0.0,0.0,0.0,0.0,0.0,0.0,0.0,0.0,0.0,0.0,0.0,0.0,0.0,0.0,0.0,0.0,0.03403827,0.0,0.0,0.0,0.0,0.0,0.0,0.0,0.0,0.0,0.0,0.0,0.0,0.0,0.0,0.0,0.0,0.0,0.0,0.02117449,0.0,0.0,0.0,0.0,0.0,0.0,0.0,0.0,0.0,0.0,0.0,0.0,0.0,0.0,0.0,0.0,0.0,0.0,0.0,0.0,0.0,0.0,0.0,0.0,0.0,0.0,0.0,0.0,0.0,0.0,0.0,0.023749322,0.0,0.0,0.0,0.0,0.0,0.0,0.0,0.0,0.0,0.0,0.0,0.0,0.0,0.0,0.0,0.0,0.0,0.0,0.0,0.039498262,0.0,0.0,0.0,0.0,0.0,0.0,0.0,0.0,0.0,0.0,0.0,0.0,0.0,0.0,0.0,0.0,0.0,0.0,0.0,0.0,0.0,0.0,0.0,0.0,0.0,0.0,0.0,0.0,0.0,0.0,0.0,0.0,0.0,0.0,0.0
k__Bacteria|p__Bacteroidetes|c__Bacteroidia|o__Bacteroidales|f__[Odoribacteraceae]|g__Butyricimonas|s__unclassified,0.0,0.0,0.02865046,0.02865046,0.029423667,0.0,0.0,0.0,0.0,0.0,0.0,0.0,0.0,0.0,0.0,0.0,0.0,0.0,0.0,0.027908016,0.0,0.0,0.0,0.0,0.0,0.0,0.0,0.0,0.0,0.0,0.0,0.0,0.0,0.0,0.0,0.0,0.0,0.0,0.0,0.0,0.0,0.0,0.0,0.02964101,0.0,0.0,0.0,0.0,0.0,0.0,0.0,0.0,0.0,0.0,0.027557991,0.0,0.0,0.0,0.031676173,0.01971756,0.0,0.0,0.0,0.021352595,0.0,0.0,0.0,0.0,0.0,0.0,0.0,0.0,0.0,0.0,0.0,0.0,0.0,0.0,0.0,0.0,0.0,0.0,0.0,0.0,0.0,0.0,0.0,0.0,0.0,0.0,0.0,0.0,0.0,0.0,0.0,0.0,0.0,0.0,0.0,0.0,0.0,0.0,0.0,0.0,0.0,0.0,0.0,0.0,0.0,0.0,0.0,0.0,0.0,0.02903668,0.025271256,0.0,0.0,0.0,0.0,0.0,0.0,0.0,0.0,0.0,0.0,0.0,0.0,0.0,0.0,0.0,0.0,0.0,0.0,0.023617676,0.0,0.0,0.0,0.0,0.033860583,0.019243788,0.0,0.0,0.0,0.0,0.0
k__Bacteria|p__Bacteroidetes|c__Bacteroidia|o__Bacteroidales|f__Bacteroidaceae|g__Bacteroides|s__plebeius,0.0,0.0,0.04731056,0.04731056,0.031012306,0.0,0.0,0.0,0.0,0.0,0.0,0.0,0.0,0.0,0.0,0.0,0.0,0.0,0.0,0.0,0.0,0.0,0.0,0.0,0.0,0.0,0.0,0.0,0.0,0.0,0.0,0.0,0.0,0.0,0.0,0.0,0.0,0.0,0.0,0.0,0.0,0.0,0.0,0.0,0.0,0.0,0.0,0.0,0.0,0.0,0.0,0.0,0.0,0.0,0.0,0.0,0.0,0.0,0.0,0.0,0.0,0.0,0.0,0.022830015,0.0,0.0,0.0,0.0,0.0,0.0,0.0,0.030454993,0.0,0.0,0.0,0.0,0.0,0.0,0.0,0.0,0.0,0.0,0.0,0.0,0.0,0.0,0.0,0.03058421,0.0,0.0,0.0,0.0,0.0,0.0,0.0,0.0,0.0,0.0,0.0,0.0,0.0,0.0,0.0,0.0,0.0,0.0,0.0,0.0,0.0,0.0,0.0,0.0,0.0,0.0,0.0,0.0,0.0,0.0,0.0,0.0,0.0,0.0,0.0,0.0,0.0,0.0,0.0,0.0,0.0,0.0,0.0,0.0,0.0,0.0,0.0,0.0,0.0,0.0,0.0,0.0,0.0,0.0,0.0,0.0,0.0
k__Bacteria|p__Bacteroidetes|c__Bacteroidia|o__Bacteroidales|f__S24-7|g__unclassified|s__unclassified,0.0,0.0,0.0,0.0,0.0,0.0,0.0,0.0,0.0,0.0,0.0,0.0,0.0,0.0,0.0,0.0,0.0,0.0,0.0,0.0,0.0,0.0,0.0,0.0,0.0,0.0,0.0,0.0,0.0,0.0,0.0,0.0,0.0,0.0,0.0,0.0,0.0,0.0,0.022412071,0.0,0.0,0.0,0.0,0.031828295,0.0,0.0,0.0,0.0,0.0,0.0,0.0,0.0,0.0,0.0,0.0,0.0,0.0,0.0,0.0,0.0,0.0,0.0,0.0,0.0,0.0,0.0,0.0,0.0,0.0,0.0,0.0,0.0,0.0,0.0,0.0,0.0,0.0,0.0,0.0,0.0,0.0,0.0,0.0,0.0,0.0,0.0,0.0,0.0,0.0,0.027921727,0.0,0.0,0.0,0.0,0.0,0.0,0.0,0.0,0.0,0.0,0.0,0.0,0.0,0.0,0.0,0.0,0.0,0.0,0.0,0.024424396,0.0,0.0,0.0,0.0,0.0,0.0,0.0,0.0,0.0,0.0,0.0,0.0,0.0,0.0,0.0,0.0,0.0,0.0,0.0,0.0,0.0,0.0,0.0,0.0,0.0,0.0,0.0,0.0,0.0,0.0,0.0,0.0,0.0,0.0,0.0
k__Bacteria|p__Bacteroidetes|c__Bacteroidia|o__Bacteroidales|f__Bacteroidaceae|g__Bacteroides|s__ovatus,0.0,0.0,0.0,0.0,0.0,0.0,0.023568707,0.0,0.02704338,0.023572303,0.0,0.0,0.028760927,0.0,0.0,0.0,0.0,0.0,0.0,0.0,0.0,0.0,0.0,0.0,0.0,0.0,0.0,0.0,0.0,0.0,0.0,0.0,0.0,0.0,0.0,0.0,0.0,0.0,0.0,0.0,0.0,0.0,0.0,0.0,0.0,0.0,0.0,0.0,0.0,0.0,0.0,0.0,0.0,0.0,0.0,0.0,0.0,0.0,0.0,0.0,0.037239995,0.0,0.0,0.0,0.0,0.0,0.0,0.0,0.0,0.0,0.0,0.0,0.0,0.0,0.0,0.0,0.0,0.0,0.0,0.0,0.0,0.0,0.0,0.0,0.0,0.0,0.0,0.0,0.0,0.0,0.0,0.0,0.0,0.0,0.0,0.044120807,0.0,0.0,0.0,0.0,0.0,0.0,0.0,0.0,0.0,0.0,0.0,0.0,0.0,0.0,0.0,0.0,0.0,0.0,0.0,0.0,0.0,0.032042615,0.0,0.029493386,0.0,0.0,0.0,0.0,0.0,0.0,0.0,0.0,0.026534721,0.0,0.0,0.0,0.0,0.0,0.0,0.0,0.0,0.0,0.0,0.0,0.0,0.0,0.0,0.025491664,0.0
k__Bacteria|p__Bacteroidetes|c__Bacteroidia|o__Bacteroidales|f__[Paraprevotellaceae]|g__Paraprevotella|s__unclassified,0.0,0.0,0.0,0.0,0.0,0.0,0.0,0.0,0.0,0.0,0.0,0.0,0.0,0.0,0.0,0.0,0.0,0.0,0.0,0.0,0.0,0.0,0.0,0.0,0.0,0.0,0.0,0.0,0.0,0.0,0.0,0.0,0.0,0.0,0.0,0.0,0.0,0.0,0.022237508,0.0,0.0,0.0,0.0,0.0,0.0,0.0,0.0,0.0,0.0,0.0,0.0,0.0,0.0,0.0,0.028429806,0.0,0.0,0.0,0.0,0.020447545,0.0,0.0,0.0,0.0,0.0,0.0,0.0,0.0,0.0,0.0,0.0,0.0,0.0,0.0,0.0,0.0,0.0,0.0,0.0,0.0,0.0,0.0,0.0,0.0,0.0,0.0,0.0,0.0,0.0,0.023457713,0.0,0.0,0.0,0.0,0.0,0.0,0.0,0.0,0.0,0.023030484,0.0,0.0,0.0,0.0,0.0,0.0,0.0,0.0,0.0,0.0,0.0,0.0,0.0,0.0,0.0,0.0,0.0,0.0,0.0,0.0,0.0,0.0,0.0,0.0,0.020215128,0.0,0.0,0.0,0.0,0.0,0.0,0.0,0.0,0.0,0.0,0.0,0.0,0.0,0.03417799,0.02281828,0.0,0.0,0.0,0.0,0.0
k__Bacteria|p__Bacteroidetes|c__Bacteroidia|o__Bacteroidales|f__[Barnesiellaceae]|g__unclassified|s__unclassified,0.0,0.0,0.0,0.0,0.0,0.0,0.0,0.0,0.0,0.0,0.0,0.0,0.0,0.0,0.0,0.0,0.0,0.0,0.0,0.029155083,0.0,0.0,0.0,0.0,0.0,0.0,0.0,0.0,0.0,0.0,0.0,0.0,0.0,0.027818967,0.0,0.0,0.0,0.0,0.022049237,0.0,0.0,0.0,0.0,0.0,0.0,0.0,0.0,0.0,0.0,0.0,0.0,0.0,0.0,0.0,0.028824585,0.04214559,0.025392788,0.02231369,0.0,0.020659318,0.0,0.0,0.0,0.0,0.0,0.0,0.0,0.0,0.0,0.0,0.0,0.030119807,0.03675836,0.0,0.0,0.0,0.0,0.0,0.0,0.0,0.0,0.0,0.0,0.0,0.0,0.0,0.0,0.0,0.0,0.023533044,0.0,0.06675257,0.0,0.0,0.0,0.0,0.0,0.0,0.02229279,0.023454485,0.0,0.0,0.0,0.0,0.0,0.0,0.0,0.020982683,0.0,0.024731003,0.0,0.0,0.0,0.0,0.024886731,0.0,0.0,0.0,0.0,0.0,0.0,0.0,0.0,0.0,0.020253427,0.0,0.0,0.0,0.0,0.0,0.0,0.0,0.0,0.026001941,0.0,0.0,0.0,0.0,0.0,0.0,0.0,0.0,0.0,0.0,0.0
k__Bacteria|p__Bacteroidetes|c__Bacteroidia|o__Bacteroidales|f__Bacteroidaceae|g__Bacteroides|s__uniformis,0.0,0.0,0.028212432,0.028212432,0.02626059,0.0,0.024892565,0.0,0.027168887,0.023814684,0.0,0.0,0.0,0.0,0.0,0.0,0.0,0.0,0.0,0.027729597,0.0,0.0,0.0,0.0,0.0,0.0,0.0,0.0,0.0,0.0,0.0,0.0,0.0,0.0,0.0,0.06707671,0.034216378,0.0,0.021685489,0.0,0.0,0.0,0.04596731,0.042007845,0.0,0.0,0.0,0.0,0.0,0.0,0.0,0.0,0.0,0.0,0.027640238,0.043992326,0.025457261,0.0,0.0,0.019577472,0.0,0.0,0.0,0.021474825,0.0,0.0,0.0,0.0,0.0,0.0,0.0,0.0,0.03528059,0.0,0.0,0.0,0.0,0.0,0.0,0.0,0.0,0.0,0.0,0.0,0.0,0.0,0.0,0.0,0.0,0.0,0.0,0.06240928,0.0,0.0,0.030425735,0.044101465,0.0,0.0,0.022748578,0.023723017,0.05940651,0.04422512,0.0,0.0,0.0,0.0,0.02219072,0.0,0.02442773,0.025091073,0.0,0.0,0.0,0.0,0.0,0.0,0.0,0.0,0.034067594,0.0,0.0,0.02622182,0.0,0.0,0.0,0.0,0.0,0.0,0.03219302,0.0478665,0.0,0.0,0.0,0.025484769,0.0,0.0,0.0,0.0,0.0,0.018941943,0.0,0.0,0.0,0.0,0.0
k__Bacteria|p__Bacteroidetes|c__Bacteroidia|o__Bacteroidales|f__Bacteroidaceae|g__unclassified|s__unclassified,0.0,0.0,0.0,0.0,0.02621443,0.042098675,0.024306593,0.02511511,0.027973028,0.024676189,0.0,0.0,0.028760927,0.0,0.024023756,0.0,0.029433817,0.0,0.0,0.02767756,0.0,0.0,0.0,0.024061311,0.02375043,0.0,0.0,0.0,0.023716044,0.0,0.0,0.0,0.0,0.0,0.023705993,0.06632477,0.0,0.023989435,0.0,0.023841653,0.0,0.0,0.0,0.032125242,0.0237867,0.0,0.0,0.0,0.02397028,0.023646869,0.054645598,0.0,0.0,0.024075544,0.028035022,0.04210019,0.025171733,0.021189496,0.0,0.019079506,0.0,0.0,0.0,0.02129307,0.02421178,0.0,0.0,0.024064865,0.0,0.0,0.06152897,0.0,0.035749152,0.024054013,0.024091046,0.0,0.0,0.0,0.023817055,0.027115727,0.0,0.0,0.0,0.0,0.0,0.0,0.0,0.0,0.023752596,0.0,0.0,0.062423598,0.023789529,0.023650132,0.03249794,0.0,0.0,0.0,0.0,0.02305451,0.057894517,0.0,0.0,0.023645032,0.0,0.0,0.0,0.021426545,0.025457477,0.024415668,0.0,0.0,0.024001721,0.0,0.0,0.0,0.0,0.031794447,0.034715116,0.029512385,0.0,0.029342711,0.023733389,0.02378034,0.019016376,0.0,0.0,0.024071705,0.026666693,0.0370167,0.0,0.0,0.0,0.023495212,0.023735942,0.0,0.0,0.024074387,0.034126643,0.019339107,0.0,0.0,0.0,0.02777069,0.0
k__Bacteria|p__Bacteroidetes|c__Bacteroidia|o__Bacteroidales|f__Prevotellaceae|g__Prevotella|s__copri,0.0,0.0,0.0,0.0,0.0,0.0,0.0,0.0,0.0,0.0,0.0,0.0,0.0,0.0,0.0,0.0,0.0,0.0,0.035471037,0.06269767,0.0,0.0,0.0,0.0,0.0,0.0,0.0,0.0,0.0,0.0,0.0,0.0,0.0,0.0,0.0,0.0,0.0,0.0,0.056480017,0.0,0.0,0.0,0.0,0.0,0.0,0.0,0.0,0.0,0.0,0.0,0.0,0.0,0.0,0.0,0.053185984,0.0,0.024841173,0.039503224,0.0,0.031332213,0.0,0.0,0.021861177,0.023375278,0.0,0.0,0.0,0.0,0.0,0.0,0.0,0.033697926,0.0770907,0.0,0.0,0.0,0.0,0.0,0.0,0.02808961,0.0,0.0,0.0,0.0,0.0,0.0,0.0,0.025804825,0.0,0.03290091,0.0,0.0,0.0,0.0,0.0,0.0,0.0,0.0,0.0,0.027758084,0.057971213,0.0,0.0,0.0,0.037291024,0.0,0.0,0.0,0.0,0.0,0.0,0.0,0.0,0.0,0.0,0.0,0.0,0.0,0.0,0.0,0.0,0.0,0.0,0.0,0.028211907,0.0,0.0,0.0,0.0,0.0,0.0,0.0,0.0,0.0,0.0,0.0,0.0,0.0,0.042103734,0.020959543,0.0,0.0,0.0,0.0,0.0
k__Bacteria|p__Bacteroidetes|c__Bacteroidia|o__Bacteroidales|f__Prevotellaceae|g__Prevotella|s__unclassified,0.0,0.0,0.031081531,0.031081531,0.027608484,0.0,0.0,0.0,0.027013391,0.0,0.0,0.0,0.0,0.0,0.0,0.0,0.0,0.0,0.037218336,0.030132666,0.0,0.0,0.0,0.0,0.0,0.034148224,0.0,0.0,0.0,0.0,0.0,0.0,0.0,0.02650412,0.0,0.0,0.0,0.0,0.031107273,0.0,0.0,0.0,0.0,0.0,0.0,0.0,0.051458325,0.0,0.0,0.0,0.0,0.0,0.0,0.0,0.058466204,0.0,0.0,0.032777686,0.0,0.02330675,0.037497647,0.0,0.039794195,0.028276278,0.0,0.0,0.0,0.0,0.0,0.0,0.0,0.06283683,0.03569869,0.0,0.0,0.0,0.0,0.0,0.0,0.02808493,0.0,0.035847075,0.0,0.025916263,0.024871305,0.0,0.0,0.027769156,0.0,0.031270344,0.0,0.0,0.0,0.0,0.0,0.044111136,0.0,0.0,0.0,0.028716322,0.058212254,0.0,0.0,0.0,0.040521108,0.0,0.0,0.0,0.0,0.0,0.0,0.02487031,0.0,0.0,0.0,0.0,0.04295825,0.0,0.0,0.0,0.0,0.0,0.0,0.0,0.023447542,0.0,0.0,0.0,0.0,0.0,0.0,0.0,0.0,0.0,0.0,0.0,0.0,0.0,0.090526424,0.034908008,0.0,0.0,0.0,0.0,0.0
k__Bacteria|p__Bacteroidetes|c__Bacteroidia|o__Bacteroidales|f__Porphyromonadaceae|g__Parabacteroides|s__unclassified,0.0,0.0,0.030249272,0.030249272,0.027624108,0.044027504,0.024357233,0.02488286,0.028536148,0.02407192,0.0,0.025592105,0.029283771,0.030446356,0.028663192,0.0,0.0,0.0,0.0,0.027731458,0.0,0.027639015,0.0,0.028421655,0.02861646,0.034072742,0.024874851,0.025051653,0.028790075,0.0,0.04432863,0.0,0.029221643,0.0,0.028653782,0.0,0.0,0.028509941,0.022082139,0.028767798,0.0,0.02650501,0.0,0.034700006,0.028683519,0.0,0.0,0.0,0.028583657,0.028684702,0.0,0.0,0.0,0.028563742,0.027936324,0.0,0.024933279,0.021460734,0.0,0.019690199,0.03861182,0.0,0.0,0.021923367,0.028616022,0.0,0.0,0.028552476,0.05102766,0.042110503,0.0,0.03076504,0.035785194,0.028607272,0.028661245,0.0,0.0,0.026089644,0.028633859,0.0,0.0,0.0,0.0,0.02354374,0.0,0.0,0.0,0.0,0.028651703,0.023953445,0.0,0.06385867,0.028693061,0.028729998,0.0,0.0,0.025397513,0.0,0.021953018,0.023209978,0.0,0.0,0.0,0.028741553,0.0,0.0,0.0,0.020987676,0.0,0.0,0.0,0.023485754,0.028607398,0.0,0.02419163,0.0,0.0,0.0,0.036970872,0.0,0.0,0.026409071,0.028721426,0.028698958,0.019322766,0.0,0.0,0.028545067,0.027567405,0.03689757,0.0,0.02532583,0.029331127,0.02450883,0.028638642,0.0,0.0,0.028543487,0.033790566,0.018963125,0.0,0.0,0.029297153,0.0,0.0
k__Bacteria|p__Bacteroidetes|c__Bacteroidia|o__Bacteroidales|f__Bacteroidaceae|g__Bacteroides|s__unclassified,0.081254736,0.056763776,0.038199525,0.038199525,0.046136707,0.07900024,0.07018591,0.03139044,0.05567477,0.04928305,0.0357249,0.04415745,0.0588838,0.064937115,0.04661329,0.0,0.04847271,0.07777666,0.035731718,0.03482729,0.07016641,0.045980323,0.0,0.047168113,0.04703257,0.0,0.043929014,0.04227357,0.04673872,0.026999922,0.042742692,0.04432019,0.04773577,0.031703003,0.047010366,0.1145527,0.06088859,0.04701119,0.023613898,0.04650837,0.08134966,0.045737147,0.033096455,0.0705439,0.04675729,0.07313515,0.0,0.0,0.04694121,0.046900064,0.09171874,0.07667779,0.080819175,0.046809837,0.038628362,0.058449708,0.06256492,0.03693859,0.060911432,0.040274266,0.04002517,0.07217269,0.0214901,0.0253969,0.04631131,0.08148015,0.061380606,0.04688835,0.041988157,0.03993195,0.091712534,0.03351916,0.047924545,0.046748206,0.046450716,0.0,0.061353747,0.044828895,0.047031518,0.04254571,0.07749594,0.0,0.0,0.03141894,0.029107634,0.0,0.0,0.033997677,0.046993054,0.024655731,0.07694407,0.08806738,0.04695527,0.047001235,0.047223877,0.057958573,0.043476444,0.0441163,0.03271242,0.054458775,0.08674291,0.08705018,0.060886387,0.047017794,0.0475909,0.0,0.023514375,0.045167252,0.02916456,0.033765502,0.07084514,0.023479544,0.04690309,0.057519216,0.040353972,0.08007029,0.0,0.06338454,0.07453455,0.060886923,0.07053754,0.054831617,0.046923593,0.046897035,0.029717049,0.079088375,0.077753454,0.046870686,0.06930687,0.06255466,0.07724031,0.043044172,0.047237962,0.040907603,0.04700227,0.08159793,0.080131814,0.046794847,0.04929199,0.04214172,0.0,0.0,0.047340285,0.05187944,0.048703935
k__Bacteria|p__Bacteroidetes|c__Bacteroidia|o__Bacteroidales|f__Rikenellaceae|g__unclassified|s__unclassified,0.0,0.0,0.028190529,0.028190529,0.03227001,0.0,0.0,0.0,0.0271911,0.024369664,0.0,0.02622015,0.029378831,0.030301876,0.030544842,0.0,0.0,0.0,0.0,0.040213283,0.0,0.02897413,0.044729706,0.030580256,0.03122286,0.0,0.025811216,0.024972815,0.031084158,0.026240759,0.0,0.0,0.030967217,0.03035531,0.031223655,0.0,0.0,0.030759435,0.021970637,0.030978104,0.0,0.027843447,0.0,0.032291822,0.031165624,0.0,0.0,0.0,0.030615594,0.031416535,0.0,0.0,0.0,0.03046958,0.028528502,0.0,0.024851406,0.022322923,0.0,0.021828718,0.0,0.0,0.021371165,0.024608234,0.030298658,0.0,0.0,0.03040274,0.040792022,0.048461962,0.0,0.0,0.037962206,0.03040177,0.030498408,0.0,0.0,0.027249524,0.03096224,0.045141958,0.0,0.0,0.0,0.0,0.025294771,0.0,0.0,0.0,0.031099563,0.02416486,0.0,0.06177972,0.030902853,0.031205589,0.030894218,0.0,0.02574263,0.0,0.022488916,0.023482751,0.0,0.0,0.03299937,0.03114485,0.03256064,0.0,0.0,0.023238203,0.0,0.023883201,0.0,0.0,0.030428126,0.029909197,0.027400926,0.0,0.0,0.0,0.0,0.035226453,0.0,0.0,0.031005034,0.030995097,0.01979384,0.0,0.0,0.030435473,0.027319955,0.042344905,0.0,0.025494603,0.030647827,0.027403675,0.031177297,0.0,0.0,0.030556135,0.03400528,0.020165212,0.0,0.0,0.030793142,0.030558921,0.0
k__Bacteria|p__Bacteroidetes|c__Bacteroidia|o__Bacteroidales|f__Porphyromonadaceae|g__Parabacteroides|s__distasonis,0.0,0.0,0.02849715,0.02849715,0.02970063,0.05149896,0.02411127,0.02540201,0.029897856,0.026744876,0.0,0.026108058,0.0,0.0,0.03013406,0.0,0.0,0.0,0.0,0.027859695,0.0,0.028837664,0.0,0.029819397,0.030245773,0.0,0.025274439,0.025422608,0.030435052,0.026164176,0.042291775,0.0,0.030535402,0.0,0.030304624,0.0,0.0,0.029975705,0.021670867,0.03037553,0.0,0.027312286,0.032017495,0.029753271,0.03032161,0.0,0.0,0.0,0.030045379,0.03038248,0.0,0.0,0.0,0.029970294,0.027640238,0.0,0.027080383,0.021757364,0.04156695,0.019293467,0.045140903,0.0,0.021297425,0.021356845,0.029997112,0.0,0.0,0.029947521,0.0,0.0,0.0,0.0,0.037226923,0.030034611,0.030117799,0.0,0.0,0.026967851,0.030195896,0.0,0.0,0.0,0.0,0.02652793,0.025018016,0.0,0.0,0.0,0.030259084,0.0,0.0,0.068661615,0.030264061,0.030386906,0.03008786,0.0,0.025855858,0.0,0.022207156,0.024674192,0.06176763,0.0,0.0,0.030394265,0.033085342,0.0,0.022121053,0.0,0.025934411,0.02490231,0.0,0.047301356,0.030028049,0.032119066,0.031578936,0.0,0.0,0.0,0.03467966,0.0,0.0,0.026884409,0.030331155,0.030292254,0.019610008,0.0,0.0,0.029941114,0.02667329,0.038964495,0.0,0.02576495,0.030602524,0.02506651,0.030266281,0.0,0.0,0.029973801,0.03409397,0.020339964,0.0,0.0,0.03059662,0.0,0.0
k__Bacteria|p__Bacteroidetes|c__Bacteroidia|o__Bacteroidales|f__Bacteroidaceae|g__Bacteroides|s__fragilis,0.0,0.0,0.0,0.0,0.028550874,0.0,0.0235253,0.0,0.0,0.0,0.0,0.02539953,0.038790002,0.041378733,0.027822912,0.04525862,0.0,0.0,0.0,0.0,0.0,0.026877299,0.0,0.027827382,0.027950708,0.0,0.02504951,0.024628539,0.027922718,0.0,0.07021652,0.07190566,0.028519439,0.031299975,0.027942445,0.0,0.0,0.02787514,0.0,0.027911875,0.0,0.026308758,0.0,0.0,0.027941521,0.0,0.0,0.0,0.027831754,0.027985789,0.0,0.0,0.0,0.02782062,0.027870527,0.04718037,0.024958864,0.021126015,0.0,0.0,0.052813444,0.0,0.021337863,0.021605562,0.027786843,0.0,0.0,0.027797911,0.0,0.0,0.0,0.03001087,0.041725114,0.0277856,0.027833425,0.0,0.0,0.025693012,0.027899653,0.0,0.0,0.0,0.0,0.0,0.0,0.0,0.0,0.026375499,0.027924791,0.0,0.0,0.08503108,0.027877554,0.027928881,0.034354355,0.047418278,0.025115496,0.0,0.024022026,0.024131471,0.0,0.0,0.0,0.027908618,0.03279822,0.0,0.024240065,0.024396867,0.025435798,0.024314193,0.0,0.023632282,0.027790187,0.03689695,0.029542925,0.0,0.04711938,0.045420513,0.0,0.03363633,0.0,0.030240571,0.027896928,0.027903471,0.01923468,0.0,0.0,0.027806345,0.028451614,0.0,0.0,0.024969272,0.028455263,0.0,0.027939871,0.0,0.0,0.027841091,0.03459808,0.020572968,0.0,0.0,0.028488005,0.028101496,0.0
k__Bacteria|p__Proteobacteria|c__Gammaproteobacteria|o__Pseudomonadales|f__Moraxellaceae|g__Acinetobacter|s__unclassified,0.0,0.0,0.0,0.0,0.0,0.0,0.0,0.0,0.0,0.0,0.0,0.0,0.0,0.0,0.0,0.04508103,0.0,0.0,0.0,0.0,0.0,0.0,0.0,0.0,0.0,0.0,0.0,0.0,0.0,0.0,0.040948972,0.0,0.0,0.0,0.0,0.0,0.0,0.0,0.0,0.0,0.0,0.0,0.0,0.0,0.0,0.0,0.0,0.0,0.0,0.0,0.0,0.0,0.0,0.0,0.0,0.0,0.0,0.0,0.0,0.0,0.0,0.0,0.0,0.0,0.0,0.0,0.0,0.0,0.0,0.0,0.0,0.0,0.0,0.0,0.0,0.0,0.0,0.0,0.0,0.0,0.0,0.0,0.0,0.0,0.0,0.0,0.0,0.0,0.0,0.0,0.0,0.0,0.0,0.0,0.0,0.0,0.0,0.0,0.0,0.0,0.0,0.0,0.0,0.0,0.0,0.0,0.0,0.0,0.0,0.0,0.0,0.0,0.0,0.0,0.0,0.0,0.0,0.0,0.0,0.0,0.0,0.0,0.0,0.0,0.0,0.0,0.0,0.0,0.0,0.0,0.0,0.0,0.0,0.0,0.0,0.0,0.0,0.0,0.0,0.0,0.0,0.0,0.0,0.0,0.0
k__Bacteria|p__Proteobacteria|c__Gammaproteobacteria|o__Enterobacteriales|f__Enterobacteriaceae|g__Erwinia|s__unclassified,0.0,0.0,0.0,0.0,0.0,0.0,0.0,0.0,0.0,0.0,0.0,0.0,0.0,0.0,0.0,0.0,0.0,0.0,0.0,0.0,0.0,0.0,0.0,0.0,0.0,0.0,0.0,0.0,0.0,0.0,0.0,0.0,0.0,0.0,0.0,0.0,0.0,0.0,0.0,0.0,0.0,0.0,0.0,0.0,0.0,0.0,0.0,0.0,0.0,0.0,0.0,0.0,0.0,0.0,0.0,0.041991364,0.0,0.0,0.0,0.0,0.0,0.0,0.0,0.0,0.0,0.0,0.0,0.0,0.0,0.0,0.0,0.0,0.0,0.0,0.0,0.0,0.06154657,0.0,0.0,0.0,0.0,0.0,0.0,0.0,0.0,0.0,0.0,0.0,0.0,0.0,0.0,0.0,0.0,0.0,0.0,0.0,0.0,0.0,0.0,0.0,0.0,0.0,0.0,0.0,0.0,0.0,0.022121053,0.0,0.0,0.0,0.0,0.0,0.0,0.0,0.0,0.0,0.0,0.03179114,0.0,0.0,0.0,0.0,0.0,0.0,0.0,0.0,0.0,0.0,0.0,0.0,0.0,0.0,0.0,0.0,0.0,0.0,0.0,0.0,0.0,0.0,0.0,0.0,0.0,0.0,0.0
k__Bacteria|p__Proteobacteria|c__Gammaproteobacteria|o__Aeromonadales|f__unclassified|g__unclassified|s__unclassified,0.0,0.0,0.0,0.0,0.0,0.0,0.02356147,0.0,0.0,0.0,0.0,0.0,0.0,0.0,0.0,0.0,0.0,0.0,0.0,0.0,0.0,0.0,0.0,0.0,0.0,0.0,0.0,0.0,0.0,0.0,0.0,0.0,0.0,0.0,0.0,0.0,0.0,0.0,0.0,0.0,0.0,0.0,0.0,0.0,0.0,0.0,0.0,0.0,0.0,0.0,0.0,0.0,0.0,0.0,0.0,0.0,0.0,0.0,0.0,0.0,0.0,0.0,0.0,0.0,0.0,0.0,0.0,0.0,0.0,0.0,0.0,0.0,0.0,0.0,0.0,0.0,0.061382096,0.0,0.0,0.0,0.0,0.0,0.0,0.023749948,0.0,0.0,0.0,0.0,0.0,0.0,0.0,0.0,0.0,0.0,0.0,0.0,0.0,0.0,0.0,0.0,0.0,0.0,0.0,0.0,0.0,0.0,0.0,0.0,0.0,0.0,0.0,0.0,0.0,0.0,0.0,0.0,0.0,0.0,0.0,0.0,0.0,0.0,0.0,0.0,0.0,0.0,0.0,0.0,0.0,0.0,0.0,0.0,0.0,0.0,0.0,0.0,0.0,0.0,0.0,0.0,0.0,0.0,0.0,0.0,0.0
k__Bacteria|p__Proteobacteria|c__Gammaproteobacteria|o__Pasteurellales|f__Pasteurellaceae|g__Aggregatibacter|s__unclassified,0.0,0.0,0.0,0.0,0.0,0.0,0.0,0.0,0.02702894,0.023526391,0.0,0.0,0.0,0.0,0.0,0.0,0.0,0.0,0.0,0.0,0.0,0.0,0.029677445,0.0,0.0,0.0,0.0,0.0,0.0,0.0,0.0,0.0,0.0,0.0,0.0,0.0,0.0,0.0,0.0,0.0,0.0,0.0,0.0,0.0,0.0,0.0,0.0,0.031234741,0.0,0.0,0.0,0.0,0.0,0.0,0.0,0.0,0.0,0.0,0.0,0.0,0.0,0.0,0.0,0.0,0.0,0.0,0.0,0.0,0.0,0.0,0.0,0.0,0.0,0.0,0.0,0.0,0.0,0.0,0.0,0.0,0.0,0.0,0.0,0.0,0.0,0.0,0.0,0.0,0.0,0.0,0.0,0.0,0.0,0.0,0.0,0.0,0.0,0.0,0.0,0.0,0.0,0.0,0.0,0.0,0.0,0.0,0.0,0.0,0.0,0.0,0.0,0.0,0.0,0.0,0.0,0.0,0.0,0.0,0.0,0.0,0.0,0.0,0.0,0.0,0.0,0.0,0.0,0.0,0.0,0.0,0.0,0.0,0.0,0.0,0.0,0.0,0.0,0.0,0.0,0.0,0.0,0.0,0.0,0.0,0.0
k__Bacteria|p__Proteobacteria|c__Gammaproteobacteria|o__Enterobacteriales|f__Enterobacteriaceae|g__Trabulsiella|s__unclassified,0.0,0.0,0.0,0.0,0.0,0.0,0.0,0.0,0.0,0.0,0.0,0.0,0.0,0.0,0.0,0.0,0.0,0.0,0.0,0.0,0.0,0.0,0.0,0.0,0.0,0.0,0.0,0.0,0.0,0.0,0.040304646,0.0,0.0,0.0,0.0,0.0,0.0,0.0,0.0,0.0,0.0,0.0,0.0,0.0,0.0,0.0,0.051607784,0.031403024,0.0,0.0,0.0,0.0,0.0,0.0,0.0,0.0,0.0,0.0,0.0,0.0,0.0,0.0,0.0,0.0,0.0,0.0,0.0,0.0,0.0,0.0,0.0,0.0,0.0,0.0,0.0,0.061571404,0.0,0.0,0.0,0.0,0.0,0.0,0.0,0.0,0.0,0.0,0.0,0.0,0.0,0.0,0.0,0.0,0.0,0.0,0.0,0.0,0.0,0.0,0.0,0.0,0.0,0.0,0.0,0.0,0.0,0.0,0.0,0.0,0.0,0.0,0.0,0.0,0.0,0.0,0.0,0.0,0.0,0.0,0.0,0.0,0.0,0.0,0.0,0.0,0.0,0.0,0.0,0.0,0.0,0.0,0.0,0.0,0.0,0.0,0.0,0.0,0.0,0.0,0.0,0.0,0.0,0.0,0.0,0.0,0.0
k__Bacteria|p__Proteobacteria|c__Gammaproteobacteria|o__Enterobacteriales|f__Enterobacteriaceae|g__Klebsiella|s__unclassified,0.0,0.0,0.0,0.0,0.0,0.0,0.0,0.0,0.0,0.0,0.0,0.0,0.0,0.0,0.0,0.0,0.0,0.0,0.0,0.0,0.0,0.0,0.0,0.0,0.0,0.0,0.0,0.0,0.0,0.0,0.040316805,0.0,0.0,0.0,0.0,0.0,0.0,0.0,0.0,0.0,0.0,0.0,0.0,0.0,0.0,0.0,0.05148925,0.031211643,0.0,0.0,0.0,0.0,0.0,0.0,0.0,0.042181645,0.0,0.0,0.0,0.0,0.0,0.0,0.0,0.0,0.0,0.0,0.0,0.0,0.0,0.0,0.0,0.0,0.0,0.0,0.0,0.061454423,0.06177342,0.0,0.0,0.0,0.0,0.035778143,0.0,0.0,0.0,0.0,0.0,0.0,0.0,0.0,0.0,0.0,0.0,0.0,0.0,0.0,0.0,0.0,0.0,0.0,0.0,0.0,0.0,0.0,0.0,0.0,0.022155887,0.0,0.0,0.0,0.0,0.0,0.0,0.0,0.0,0.0,0.0,0.0,0.0,0.0,0.0,0.0,0.0,0.0,0.0,0.0,0.0,0.0,0.0,0.0,0.0,0.0,0.0,0.0,0.0,0.0,0.0,0.0,0.0,0.0,0.0,0.0,0.0,0.0,0.0
k__Bacteria|p__Proteobacteria|c__Gammaproteobacteria|o__Enterobacteriales|f__Enterobacteriaceae|g__Citrobacter|s__unclassified,0.0,0.0,0.0,0.0,0.0,0.0,0.0,0.0,0.027295507,0.025154877,0.0,0.0,0.0,0.0,0.0,0.0,0.0,0.0,0.0,0.0,0.0,0.0,0.0,0.0,0.0,0.0,0.0,0.0,0.0,0.0,0.0,0.0,0.0,0.0,0.0,0.0,0.033113435,0.0,0.0,0.0,0.0,0.0,0.0,0.0,0.0,0.0,0.07538719,0.0,0.0,0.0,0.0,0.0,0.0,0.0,0.0,0.0,0.0,0.0,0.0,0.0,0.0,0.0,0.021295046,0.0,0.0,0.0,0.0,0.0,0.0,0.0,0.0,0.0,0.0,0.0,0.0,0.07354268,0.061319713,0.0,0.0,0.0,0.0,0.0,0.0,0.0,0.0,0.0,0.0,0.0,0.0,0.0,0.0,0.0,0.0,0.0,0.0,0.0,0.0,0.0,0.0,0.0,0.0,0.044667806,0.0,0.0,0.0,0.0,0.0,0.022713808,0.024341015,0.0,0.0,0.023965072,0.0,0.0,0.0,0.0,0.043487273,0.0,0.0,0.0,0.0,0.0,0.0,0.0,0.0,0.0,0.0,0.0,0.0,0.0,0.0,0.0,0.0,0.0,0.0,0.0,0.0,0.0,0.0,0.0,0.0,0.0,0.0,0.0,0.0
k__Bacteria|p__Proteobacteria|c__Gammaproteobacteria|o__Enterobacteriales|f__Enterobacteriaceae|g__unclassified|s__unclassified,0.09908178,0.06205023,0.0,0.0,0.0,0.04513883,0.024248721,0.025298785,0.027229976,0.02389368,0.042490184,0.039598398,0.029022349,0.034363393,0.028434906,0.04879011,0.03032461,0.092370644,0.038418453,0.0,0.08108874,0.030452522,0.032158665,0.028956532,0.026872091,0.04147941,0.041799862,0.042767763,0.026753193,0.0,0.041208692,0.0,0.030652115,0.0,0.026734496,0.07161428,0.035515003,0.028288765,0.0,0.027143061,0.09861563,0.034974832,0.034147274,0.029648254,0.026900267,0.08509487,0.055957552,0.034854487,0.028402826,0.02623199,0.055075828,0.08583206,0.09906795,0.028897747,0.0,0.058484428,0.025150241,0.021837004,0.029719109,0.02048421,0.037789367,0.08067287,0.021430632,0.0,0.029296793,0.0986657,0.06678002,0.02903659,0.031226669,0.028741285,0.06480198,0.0,0.0,0.02893241,0.02863769,0.064184025,0.117732674,0.03341388,0.02743787,0.027738452,0.092016354,0.04267865,0.029444158,0.023719827,0.027737206,0.08115869,0.09618044,0.0,0.027038977,0.0,0.09192634,0.06365184,0.027390193,0.026568849,0.0,0.050493337,0.040796716,0.0,0.022234779,0.022910351,0.06550378,0.046149846,0.03189291,0.02664788,0.0,0.09669198,0.038756732,0.028206218,0.025880214,0.023850465,0.08057436,0.024378575,0.02878486,0.028874751,0.0,0.09917722,0.04455401,0.036397133,0.038629774,0.0,0.08105842,0.027497383,0.02705858,0.027192535,0.019012546,0.09109391,0.092320204,0.028995384,0.026270779,0.0,0.09231211,0.04135421,0.031239023,0.0,0.02687821,0.098693065,0.09145517,0.028719906,0.0,0.020313488,0.070849,0.070849,0.030928412,0.0,0.04837857
k__Bacteria|p__Proteobacteria|c__Alphaproteobacteria|o__Rickettsiales|f__mitochondria|g__unclassified|s__unclassified,0.0,0.0,0.0,0.0,0.0,0.0,0.0,0.0,0.0,0.0,0.0,0.0,0.0,0.0,0.0,0.0,0.0,0.0,0.0,0.0,0.0,0.0,0.0,0.0,0.0,0.0,0.0,0.0,0.0,0.026673615,0.0,0.0,0.0,0.026317433,0.0,0.0,0.0,0.0,0.0,0.0,0.0,0.0,0.0,0.0,0.0,0.0,0.0,0.0,0.0,0.0,0.0,0.0,0.0,0.0,0.0,0.0,0.0,0.0,0.0,0.0,0.0,0.0,0.021523403,0.0,0.0,0.0,0.0,0.0,0.0,0.0,0.0,0.0,0.0,0.0,0.0,0.0,0.0,0.0,0.0,0.0,0.0,0.0,0.0,0.0,0.0,0.0,0.0,0.0,0.0,0.0,0.0,0.0,0.0,0.0,0.0,0.0,0.0,0.0,0.0,0.0,0.0,0.0,0.0,0.0,0.0,0.0,0.0,0.0,0.0,0.0,0.0,0.0,0.0,0.0,0.0,0.0,0.0,0.0,0.0,0.0,0.0,0.0,0.0,0.0,0.0,0.0,0.0,0.0,0.0,0.0,0.0,0.0,0.0,0.0,0.0,0.0,0.0,0.0,0.0,0.0,0.0,0.0,0.0,0.0,0.0
k__Bacteria|p__Proteobacteria|c__Gammaproteobacteria|o__Enterobacteriales|f__Enterobacteriaceae|g__Enterobacter|s__hormaechei,0.0,0.0,0.0,0.0,0.0,0.0,0.02432106,0.026546566,0.0,0.023694508,0.0,0.0,0.0,0.0,0.0,0.0,0.0,0.0,0.0,0.0,0.0,0.0,0.0,0.0,0.0,0.034269642,0.0,0.0,0.0,0.0,0.047585618,0.0,0.0,0.0,0.0,0.0,0.03298891,0.0,0.0,0.0,0.0,0.0,0.03189524,0.0,0.0,0.0,0.054019738,0.03133373,0.0,0.0,0.0,0.0,0.0,0.0,0.0,0.04306896,0.025672179,0.0,0.0,0.019007273,0.0,0.0,0.0,0.0,0.0,0.0,0.0,0.0,0.0,0.0,0.0,0.0,0.0,0.0,0.0,0.10566429,0.0769443,0.0,0.0,0.0,0.0,0.036223736,0.0,0.0,0.0,0.0,0.0,0.0,0.0,0.0,0.0,0.0,0.0,0.0,0.0,0.0,0.0,0.0,0.0,0.0,0.0,0.044388723,0.0,0.0,0.0,0.06133864,0.023013653,0.020827862,0.024232622,0.0,0.0,0.026146835,0.0,0.0,0.0,0.0,0.042921823,0.032036,0.03406422,0.0,0.0,0.026279435,0.0,0.0,0.0,0.0,0.0,0.0,0.0,0.0,0.0,0.0,0.0,0.0,0.0,0.0,0.0,0.0,0.0,0.019016078,0.0,0.0,0.0,0.0,0.0
k__Bacteria|p__Proteobacteria|c__Gammaproteobacteria|o__Pasteurellales|f__Pasteurellaceae|g__Actinobacillus|s__unclassified,0.0,0.0,0.0,0.0,0.0,0.0,0.0,0.0,0.0,0.0,0.0,0.0,0.0,0.0,0.0,0.0,0.0,0.0,0.0,0.0,0.0,0.0,0.031701233,0.0,0.0,0.0,0.0,0.0,0.0,0.0,0.0,0.0,0.0,0.0,0.0,0.0,0.0,0.0,0.021717476,0.0,0.0,0.0,0.0,0.0,0.0,0.0,0.0,0.031515215,0.0,0.0,0.0,0.0,0.0,0.0,0.0,0.0,0.0,0.0,0.0,0.0,0.0,0.0,0.021314077,0.0,0.0,0.0,0.0,0.0,0.030561328,0.0,0.0,0.0,0.0,0.0,0.0,0.0,0.0,0.0,0.0,0.0,0.0,0.0,0.0,0.0,0.0,0.0,0.0,0.0,0.0,0.0,0.0,0.0,0.0,0.0,0.0,0.0,0.0,0.0,0.0,0.0,0.0,0.0,0.0,0.0,0.0,0.0,0.022129763,0.0,0.0,0.0,0.0,0.0,0.0,0.0,0.0,0.0,0.043979883,0.0,0.0,0.0,0.0,0.0,0.0,0.0,0.0,0.0,0.0,0.0,0.0,0.0,0.0,0.0,0.0,0.0,0.0,0.0,0.0,0.0,0.0,0.0,0.0,0.0,0.0,0.0,0.0
k__Bacteria|p__Proteobacteria|c__Gammaproteobacteria|o__Enterobacteriales|f__Enterobacteriaceae|g__Escherichia|s__unclassified,0.10021062,0.057735026,0.0,0.0,0.0,0.044115447,0.024921501,0.024878308,0.0,0.0,0.05039602,0.033110935,0.029390715,0.036458362,0.0,0.051098723,0.029718647,0.09161177,0.036080934,0.0,0.07975245,0.02385836,0.030539634,0.0,0.0,0.051097907,0.035619583,0.037326623,0.0,0.0,0.0,0.0,0.0,0.0,0.0,0.06909446,0.034257885,0.0,0.0,0.0,0.09980906,0.02805676,0.03253854,0.0,0.0,0.08508626,0.056813076,0.033438925,0.0,0.0,0.055570137,0.08246531,0.100479394,0.0,0.0,0.04379937,0.02486778,0.0,0.029737592,0.0,0.037533313,0.07743958,0.021513887,0.0,0.0,0.099788286,0.06240748,0.0,0.03054775,0.028561633,0.06388823,0.0,0.0,0.0,0.0,0.0619516,0.06540308,0.026613707,0.0,0.027637785,0.09189256,0.036046486,0.030627323,0.023490451,0.025478162,0.10096372,0.08395102,0.0,0.0,0.0,0.092249155,0.062730275,0.0,0.0,0.0,0.05835504,0.03462147,0.0,0.02200274,0.022849577,0.07470174,0.04546657,0.0,0.0,0.0,0.06915323,0.02463774,0.02292107,0.024275977,0.023603871,0.07865992,0.0,0.0,0.028802358,0.0,0.101463616,0.0448246,0.0324827,0.03534406,0.0,0.07931605,0.026570719,0.0,0.0,0.0,0.089803144,0.09155919,0.0,0.026277374,0.0,0.0922511,0.035375856,0.0,0.0,0.0,0.09978363,0.08933552,0.0,0.0,0.01895783,0.073479265,0.073479265,0.0,0.0,0.048356876
k__Bacteria|p__Proteobacteria|c__Gammaproteobacteria|o__Pasteurellales|f__Pasteurellaceae|g__Haemophilus|s__parainfluenzae,0.0,0.0,0.02790581,0.02790581,0.0,0.0,0.0,0.0,0.0,0.023512213,0.035779584,0.0,0.028784692,0.029651716,0.0,0.0,0.0,0.0,0.0,0.0,0.0,0.0,0.029750912,0.0,0.0,0.034696255,0.0,0.0,0.0,0.0,0.0,0.0,0.0,0.0,0.0,0.0,0.0,0.0,0.021688232,0.0,0.0,0.0,0.0,0.0,0.0,0.0,0.0,0.031419523,0.0,0.0,0.05448083,0.0,0.0,0.0,0.0,0.0,0.0,0.0,0.0,0.0,0.0,0.0,0.021337863,0.0,0.0,0.0,0.0,0.0,0.030600829,0.0,0.0,0.0,0.0,0.0,0.0,0.0,0.062005945,0.0,0.0,0.0,0.0,0.035832305,0.0,0.023541424,0.0,0.0,0.0,0.0,0.0,0.0,0.0,0.0,0.0,0.0,0.0,0.0,0.0,0.0,0.0,0.0,0.058020514,0.0,0.0,0.0,0.0,0.0,0.0,0.0,0.024514448,0.0,0.0,0.0,0.0,0.0,0.0,0.0,0.043310355,0.031883787,0.0,0.0,0.0,0.0,0.0,0.0,0.0,0.0,0.0,0.0,0.0,0.0,0.0,0.0,0.0,0.0,0.0,0.0,0.0,0.0,0.0,0.0,0.0,0.0,0.0,0.02556964,0.0
k__Bacteria|p__Proteobacteria|c__Alphaproteobacteria|o__RF32|f__unclassified|g__unclassified|s__unclassified,0.0,0.0,0.0,0.0,0.0,0.0,0.0,0.0,0.0,0.0,0.0,0.0,0.0,0.029900543,0.0,0.0,0.0,0.0,0.0,0.0,0.0,0.0,0.0,0.0,0.0,0.0,0.0,0.0,0.0,0.0,0.0,0.0,0.0,0.029602941,0.0,0.0,0.0,0.0,0.0,0.0,0.0,0.0,0.0,0.0,0.0,0.0,0.0,0.0,0.0,0.0,0.0,0.0,0.0,0.0,0.0,0.0,0.0,0.0,0.0,0.0,0.0,0.0,0.0,0.0,0.0,0.0,0.0,0.0,0.035049602,0.02986922,0.0,0.0,0.0,0.0,0.0,0.0,0.0,0.0,0.0,0.0,0.0,0.0,0.0,0.0,0.0,0.0,0.0,0.0,0.0,0.0,0.0,0.0,0.0,0.0,0.0,0.0,0.0,0.0,0.0,0.022969713,0.0,0.0,0.0,0.0,0.0,0.0,0.0,0.0,0.024200104,0.0,0.0,0.0,0.0,0.0,0.0,0.0,0.0,0.0,0.0,0.041348644,0.0,0.0,0.0,0.0,0.019027865,0.0,0.0,0.0,0.0,0.0,0.0,0.0,0.0,0.028192151,0.0,0.0,0.0,0.0,0.0,0.0,0.0,0.0,0.0,0.0,0.0
k__Bacteria|p__Proteobacteria|c__Gammaproteobacteria|o__Pasteurellales|f__Pasteurellaceae|g__Haemophilus|s__unclassified,0.08833474,0.05629325,0.028978983,0.028978983,0.0,0.042448465,0.023633812,0.0,0.027613161,0.023801183,0.037381068,0.037792627,0.029414479,0.03046241,0.030575499,0.045373265,0.0,0.082617424,0.03571819,0.02836707,0.07417292,0.031709038,0.037244465,0.031066375,0.029450655,0.041108586,0.03960004,0.03907246,0.02918315,0.0,0.040345542,0.044707432,0.032391265,0.026635926,0.029303234,0.06678914,0.03290293,0.030577742,0.02376744,0.029638305,0.08810596,0.03525546,0.0,0.0,0.029518083,0.078641005,0.051649015,0.03436943,0.030521749,0.02893756,0.055533525,0.07873353,0.08752904,0.030891636,0.0,0.0,0.0,0.021301454,0.029723454,0.019285807,0.03746677,0.073595755,0.023178978,0.021343026,0.03133452,0.08854013,0.061091553,0.030944988,0.032125313,0.028641228,0.0,0.029837692,0.0,0.030905602,0.030758861,0.0,0.063282005,0.033814732,0.0297895,0.0,0.08334053,0.03769591,0.02842052,0.028098801,0.026638526,0.06647478,0.07210282,0.025746701,0.029512435,0.0,0.08294327,0.0,0.029697126,0.02905688,0.030677486,0.0,0.03830109,0.0,0.024392184,0.0,0.059044946,0.0,0.03251398,0.029093286,0.0,0.06133172,0.022132667,0.020761063,0.037543435,0.024374206,0.07404399,0.024217147,0.030701786,0.029966349,0.026242426,0.08826521,0.05079484,0.033118006,0.0,0.02957295,0.07426156,0.026837993,0.029432852,0.029574476,0.019261489,0.0834168,0.08240113,0.030957107,0.0,0.0,0.08297136,0.038502023,0.03270485,0.024347747,0.029417176,0.08875072,0.083982386,0.030847766,0.0,0.01895783,0.066975355,0.066975355,0.032587934,0.03436084,0.048194192
k__Bacteria|p__Proteobacteria|c__Betaproteobacteria|o__Burkholderiales|f__Alcaligenaceae|g__Sutterella|s__unclassified,0.0,0.04243005,0.033950634,0.033950634,0.036722038,0.042290557,0.02584748,0.0,0.04016397,0.028159335,0.05865342,0.028914152,0.03694817,0.033111226,0.032840453,0.045299083,0.036692783,0.063969105,0.04482604,0.035384845,0.057008334,0.031492706,0.0,0.032745395,0.033165865,0.0,0.028324476,0.02783223,0.033145174,0.02624742,0.0,0.04980344,0.033311255,0.030738706,0.033188418,0.0,0.03691147,0.032895297,0.024745353,0.03312174,0.0,0.030338574,0.0,0.030607907,0.03318289,0.06093833,0.0,0.0,0.032838047,0.033302147,0.06266438,0.061892837,0.0,0.032733046,0.027541542,0.042195,0.026676137,0.026773527,0.032187182,0.022623824,0.047851555,0.05808479,0.021708941,0.02138873,0.032694697,0.0,0.0468027,0.032692723,0.0,0.0,0.07483445,0.029932663,0.040622193,0.032720264,0.03281054,0.0,0.0,0.02984047,0.03302168,0.027354516,0.06404546,0.0,0.028001755,0.02588383,0.0,0.0,0.0,0.025516847,0.033120982,0.023462573,0.063833244,0.0,0.03302137,0.033178475,0.035261504,0.0,0.028516948,0.0,0.0,0.03090275,0.0,0.0,0.0,0.033157185,0.039693113,0.0,0.022491155,0.02307714,0.02443857,0.025409682,0.05758845,0.024003565,0.03273061,0.030650266,0.02696464,0.0,0.052307352,0.035152983,0.04193237,0.033131626,0.057183236,0.040987644,0.0330894,0.033070415,0.019315107,0.065567255,0.06397133,0.032713305,0.031529862,0.039507527,0.06367825,0.028322939,0.033180587,0.027239762,0.033163764,0.0,0.06565436,0.032796167,0.03417799,0.018984307,0.07663557,0.07663557,0.03327262,0.031944763,0.04799897
k__Bacteria|p__Actinobacteria|c__Actinobacteria|o__Actinomycetales|f__Actinomycetaceae|g__Parascardovia|s__unclassified,0.0,0.0,0.0,0.0,0.0,0.0,0.0,0.0,0.0,0.0,0.0,0.0,0.0,0.0,0.0,0.0,0.0,0.0,0.0,0.0,0.0,0.0,0.0,0.0,0.0,0.0,0.0,0.0,0.0,0.0,0.0,0.0,0.0,0.0,0.0,0.0,0.0,0.0,0.0,0.0,0.0,0.0,0.0,0.0,0.0,0.0,0.0,0.0,0.0,0.0,0.0,0.0,0.0,0.0,0.0,0.0,0.0,0.0,0.0,0.0,0.0,0.0,0.0,0.0,0.0,0.0,0.0,0.0,0.0,0.0,0.0,0.0,0.0,0.0,0.0,0.0,0.0,0.0,0.0,0.0,0.0,0.0,0.0,0.0,0.0,0.0,0.0,0.0,0.0,0.0,0.0,0.0,0.0,0.0,0.0,0.0,0.0,0.0,0.0,0.0,0.0,0.0,0.0,0.0,0.0,0.0,0.0,0.0,0.0,0.0,0.0,0.0,0.0,0.0,0.0,0.0,0.0,0.0,0.0,0.0,0.0,0.0,0.0,0.0,0.0,0.0,0.0,0.0,0.0,0.0,0.0,0.0,0.0,0.0,0.0,0.0,0.0,0.0,0.0,0.0,0.0,0.0,0.0,0.0,0.0
k__Bacteria|p__Actinobacteria|c__Actinobacteria|o__Actinomycetales|f__Corynebacteriaceae|g__Corynebacterium|s__unclassified,0.0,0.0,0.0,0.0,0.0,0.0,0.0,0.0,0.0,0.0,0.0,0.0,0.0,0.0,0.0,0.0,0.0,0.0,0.0,0.0,0.0,0.0,0.0,0.0,0.0,0.0,0.0,0.0,0.0,0.0,0.0,0.0,0.0,0.0,0.0,0.0,0.0,0.0,0.0,0.0,0.0,0.0,0.0,0.0,0.0,0.0,0.0,0.0,0.0,0.0,0.0,0.0,0.0,0.0,0.0,0.0,0.0,0.0,0.0,0.0,0.0,0.0,0.0,0.0,0.0,0.0,0.0,0.0,0.0,0.0,0.0,0.0,0.0,0.0,0.0,0.0,0.0,0.0,0.0,0.0,0.0,0.0,0.0,0.0,0.0,0.0,0.0,0.0,0.0,0.0,0.0,0.0,0.0,0.0,0.0,0.0,0.0,0.0,0.0,0.0,0.0,0.0,0.0,0.0,0.0,0.0,0.0,0.0,0.0,0.0,0.0,0.0,0.0,0.0,0.0,0.0,0.0,0.0,0.0,0.0,0.0,0.0,0.0,0.0,0.0,0.0,0.0,0.0,0.0,0.0,0.0,0.0,0.0,0.0,0.0,0.0,0.0,0.0,0.0,0.0,0.0,0.0,0.0,0.0,0.0
k__Bacteria|p__Actinobacteria|c__Actinobacteria|o__Actinomycetales|f__Micrococcaceae|g__Rothia|s__mucilaginosa,0.0,0.0,0.0,0.0,0.0,0.0,0.0,0.0,0.0,0.0,0.0,0.0,0.0,0.0,0.0,0.045074288,0.0,0.0,0.0,0.0,0.0,0.0,0.0,0.0,0.0,0.0,0.0,0.0,0.0,0.026180824,0.04032675,0.0,0.0,0.0,0.0,0.0,0.0,0.0,0.0,0.0,0.0,0.0,0.0,0.0,0.0,0.0,0.0,0.0,0.0,0.0,0.0,0.0,0.0,0.0,0.0,0.0,0.0,0.0,0.0,0.0,0.0,0.0,0.0,0.0,0.0,0.0,0.0,0.0,0.0,0.0,0.0,0.0,0.0,0.0,0.0,0.0,0.0,0.0,0.0,0.0,0.0,0.0,0.0,0.0,0.0,0.0,0.07121474,0.0,0.0,0.0,0.0,0.0,0.0,0.0,0.0,0.0,0.0,0.0,0.0,0.0,0.0,0.0,0.0,0.0,0.0,0.0,0.0,0.0,0.0,0.0,0.0,0.0,0.0,0.0,0.0,0.0,0.0,0.0,0.0,0.0,0.0,0.0,0.0,0.0,0.0,0.0,0.0,0.0,0.0,0.0,0.0,0.0,0.0,0.0,0.0,0.0,0.0,0.0,0.0,0.0,0.0,0.0,0.0,0.0,0.0
k__Bacteria|p__Actinobacteria|c__Actinobacteria|o__Actinomycetales|f__Actinomycetaceae|g__Actinomyces|s__unclassified,0.0,0.0,0.0,0.0,0.0,0.0,0.0,0.0,0.0,0.0,0.0,0.0,0.0,0.0,0.0,0.0,0.0,0.0,0.0,0.0,0.0,0.0,0.0,0.0,0.0,0.034092434,0.0,0.0,0.0,0.0,0.0,0.0,0.0,0.0,0.0,0.0,0.0,0.0,0.0,0.0,0.0,0.0,0.0,0.0,0.0,0.0,0.0,0.0,0.0,0.0,0.0,0.0,0.0,0.0,0.0,0.0,0.0,0.0,0.0,0.0,0.0,0.0,0.0,0.0,0.0,0.0,0.0,0.0,0.0,0.0,0.0,0.0,0.0,0.0,0.0,0.0,0.0,0.0,0.0,0.0,0.0,0.0,0.0,0.0,0.0,0.0,0.0,0.0,0.0,0.0,0.0,0.0,0.0,0.0,0.0,0.0,0.0,0.0,0.0,0.0,0.0,0.044253994,0.0,0.0,0.0,0.0,0.0,0.0,0.0,0.0,0.0,0.0,0.0,0.0,0.0,0.0,0.04297039,0.0,0.0,0.0,0.0,0.0,0.0,0.0,0.0,0.0,0.0,0.0,0.0,0.0,0.0,0.0,0.0,0.0,0.0,0.0,0.0,0.0,0.0,0.0,0.0,0.0,0.0,0.0,0.0
k__Bacteria|p__Actinobacteria|c__Actinobacteria|o__Bifidobacteriales|f__Bifidobacteriaceae|g__Bifidobacterium|s__longum,0.10308854,0.06654793,0.0,0.0,0.026700893,0.054717004,0.024501918,0.028648969,0.027889725,0.027699552,0.047052443,0.04407804,0.028820341,0.0,0.03245966,0.076279975,0.035142973,0.096306294,0.051861964,0.027696144,0.086531915,0.034541387,0.030719833,0.032877095,0.030641906,0.040245514,0.0463243,0.04747284,0.030507643,0.033932287,0.042470813,0.044479642,0.034649678,0.026153577,0.030493075,0.06677264,0.056444205,0.032223664,0.021696456,0.031081134,0.102986366,0.03932181,0.032970317,0.0,0.03077366,0.0915125,0.068744004,0.03834554,0.03230256,0.029957669,0.05522229,0.089859225,0.10279361,0.032829568,0.027525093,0.0,0.032387763,0.02398613,0.0,0.019041749,0.047033884,0.08506745,0.021316456,0.022292191,0.03349901,0.10311907,0.07121589,0.03295656,0.030579844,0.02942123,0.07516026,0.033340394,0.0,0.03293105,0.03268629,0.0,0.0,0.037805136,0.031218164,0.027071247,0.09683799,0.04632462,0.028988836,0.02451221,0.024929656,0.07983025,0.10234064,0.027173383,0.030813606,0.023698289,0.09694907,0.0635682,0.031187287,0.03025442,0.030621646,0.07346925,0.045357917,0.04478753,0.02387286,0.02308843,0.06518057,0.062606215,0.040163655,0.030348843,0.030584171,0.077973545,0.04277124,0.021799862,0.024210943,0.023643153,0.08605293,0.023878148,0.0326821,0.029570095,0.025367387,0.10357206,0.0,0.031930115,0.045882486,0.029729705,0.086398475,0.033726368,0.030822184,0.030973095,0.019050846,0.096094206,0.09622772,0.03293114,0.026297173,0.0,0.09679414,0.045997143,0.035362914,0.023553617,0.030649433,0.10315411,0.0957866,0.03271255,0.0,0.0193497,0.06774052,0.06774052,0.035077877,0.025660612,0.0
k__Bacteria|p__Actinobacteria|c__Actinobacteria|o__Bifidobacteriales|f__Bifidobacteriaceae|g__Bifidobacterium|s__adolescentis,0.08574491,0.051813357,0.0,0.0,0.0,0.042816237,0.025167463,0.02632646,0.0,0.0,0.035787396,0.029820062,0.0,0.0,0.0,0.046681553,0.033971548,0.08043575,0.035961658,0.027642248,0.07017854,0.023673208,0.0,0.0,0.0,0.034112122,0.030427847,0.03320746,0.0,0.0,0.04034333,0.0,0.0,0.0,0.0,0.0,0.033068962,0.0,0.021699198,0.0,0.0865502,0.026233627,0.0,0.0,0.0,0.074937806,0.051633555,0.031904574,0.0,0.0,0.05616514,0.07305179,0.08729619,0.0,0.0,0.0,0.027925715,0.024990283,0.0,0.018990858,0.039342716,0.07005021,0.0,0.023153134,0.0,0.08576907,0.05585997,0.0,0.0,0.028550263,0.0,0.0,0.0,0.0,0.0,0.0,0.0,0.025269415,0.0,0.026851185,0.07943042,0.035802763,0.029078571,0.023898229,0.02506303,0.06636323,0.0713837,0.027018825,0.0,0.023506314,0.08031196,0.0,0.0,0.0,0.0,0.04452695,0.031045219,0.07604317,0.021859098,0.0,0.058206778,0.044571575,0.031774428,0.0,0.0,0.0,0.023035422,0.0,0.0,0.0,0.07002042,0.032377955,0.0,0.029055731,0.024973003,0.08591299,0.042914882,0.0,0.034355476,0.0,0.06989458,0.027763058,0.0,0.0,0.019089144,0.079400375,0.08083593,0.0,0.02674258,0.0,0.07991739,0.03172967,0.0,0.0,0.0,0.08533206,0.07791435,0.0,0.0,0.020022232,0.06683189,0.06683189,0.0,0.0,0.0
k__Bacteria|p__Actinobacteria|c__Actinobacteria|o__Bifidobacteriales|f__Bifidobacteriaceae|g__Bifidobacterium|s__unclassified,0.087735415,0.057428934,0.0,0.0,0.031390116,0.04220061,0.0,0.024863126,0.027004505,0.023626992,0.03608426,0.03773562,0.028998582,0.029659739,0.031008497,0.046551175,0.029604157,0.08311389,0.043782085,0.0,0.07436743,0.032386336,0.0,0.031059228,0.029413525,0.034817677,0.03813235,0.040065404,0.029532716,0.038993377,0.050446942,0.0,0.032750424,0.026686005,0.02933672,0.07079399,0.033140123,0.030586112,0.023075588,0.02988547,0.0884322,0.03481738,0.04410145,0.0,0.029518597,0.07871605,0.05207678,0.031699996,0.03081829,0.028888432,0.05616514,0.077977926,0.08839032,0.031217566,0.027821178,0.0,0.02892149,0.026381098,0.029927861,0.020121405,0.03815508,0.07468628,0.023143297,0.026587343,0.031706598,0.08798356,0.06160067,0.031350836,0.0,0.028623033,0.062959515,0.033066656,0.0352085,0.03133594,0.031138312,0.0,0.0,0.033905707,0.029958572,0.029697927,0.08268922,0.035928316,0.02796852,0.0,0.0,0.06666745,0.071409695,0.026326623,0.029600484,0.026949704,0.083147325,0.06516791,0.030015267,0.02927378,0.0,0.0454456,0.038616933,0.04479933,0.025538564,0.022865126,0.059828334,0.044475336,0.03226555,0.0293829,0.030811641,0.06152982,0.022824973,0.021167472,0.024926344,0.023635514,0.07461256,0.025405506,0.031215848,0.0,0.024383891,0.08746952,0.046239972,0.0,0.034115713,0.031272724,0.074304305,0.030707903,0.029729957,0.029817272,0.019395534,0.083369255,0.083387956,0.031290404,0.026643597,0.0,0.082812704,0.039090645,0.03349472,0.023846585,0.029451814,0.087764844,0.08246404,0.031073442,0.0,0.0,0.0,0.0,0.03317981,0.0,0.0
k__Bacteria|p__Cyanobacteria|c__4C0d-2|o__YS2|f__unclassified|g__unclassified|s__unclassified,0.0,0.0,0.0,0.0,0.0,0.0,0.0,0.0,0.0,0.0,0.0,0.0,0.0,0.0,0.0,0.0,0.0,0.0,0.0,0.0,0.0,0.0,0.0,0.0,0.0,0.0,0.0,0.0,0.0,0.0,0.0,0.0,0.0,0.027841402,0.0,0.0,0.0,0.0,0.0,0.0,0.0,0.0,0.0,0.02972068,0.0,0.0,0.0,0.0,0.0,0.0,0.0,0.0,0.0,0.0,0.0,0.0,0.0,0.0,0.0,0.0,0.0,0.0,0.0,0.0,0.0,0.0,0.0,0.0,0.0,0.0,0.0,0.0,0.03548243,0.0,0.0,0.0,0.0,0.0,0.0,0.0,0.0,0.0,0.0,0.0,0.0,0.0,0.0,0.02553402,0.0,0.023503885,0.0,0.0,0.0,0.0,0.0,0.0,0.0,0.0,0.0,0.0,0.0,0.0,0.0,0.0,0.0,0.0,0.0,0.0,0.0,0.0,0.0,0.0,0.0,0.0,0.0,0.0,0.0,0.0,0.0,0.0,0.0,0.0,0.0,0.0,0.0,0.0,0.0,0.0,0.0,0.0,0.0,0.0,0.0,0.0,0.0,0.0,0.0,0.0,0.0337859,0.0,0.0,0.0,0.0,0.026096568,0.0
k__Bacteria|p__Cyanobacteria|c__Chloroplast|o__Streptophyta|f__unclassified|g__unclassified|s__unclassified,0.0,0.0,0.0,0.0,0.0,0.0,0.0,0.0,0.0,0.0,0.0,0.0,0.0,0.0,0.0,0.0,0.0,0.0,0.0,0.0,0.0,0.0,0.0,0.0,0.0,0.0,0.0,0.0,0.0,0.029330688,0.0,0.0,0.0,0.028178725,0.0,0.0,0.0,0.0,0.0,0.0,0.0,0.0,0.0,0.0,0.0,0.0,0.0,0.0,0.0,0.0,0.0,0.0,0.0,0.0,0.0,0.0,0.0,0.0,0.0,0.0,0.0,0.0,0.021628063,0.0,0.0,0.0,0.0,0.0,0.0,0.0,0.0,0.0,0.0,0.0,0.0,0.0,0.0,0.0,0.0,0.0,0.0,0.0,0.0,0.023508986,0.0,0.0,0.0,0.0,0.0,0.0,0.0,0.0,0.0,0.0,0.0,0.0,0.0,0.0,0.0,0.0,0.0,0.0,0.0,0.0,0.0,0.0,0.0,0.0,0.0,0.024248725,0.0,0.0,0.0,0.0,0.0,0.0,0.0,0.0,0.0,0.0,0.0,0.026252227,0.0,0.0,0.0,0.0,0.0,0.0,0.0,0.0,0.0,0.0,0.0,0.0,0.0,0.0,0.0,0.0,0.0,0.018979011,0.0,0.0,0.0,0.0,0.0
k__Bacteria|p__Fusobacteria|c__Fusobacteria|o__Fusobacteriales|f__Fusobacteriaceae|g__Fusobacterium|s__unclassified,0.0,0.0,0.0,0.0,0.0,0.0,0.0,0.0,0.0,0.0,0.035818644,0.0,0.0,0.0,0.0,0.0,0.0,0.0,0.0,0.0,0.0,0.0,0.029599821,0.0,0.0,0.03478814,0.0,0.0,0.0,0.0,0.0,0.0,0.0,0.0,0.0,0.0,0.0,0.0,0.0,0.0,0.0,0.0,0.0,0.0,0.0,0.0,0.0,0.0,0.0,0.0,0.0,0.0,0.0,0.0,0.0,0.0,0.0,0.0,0.0,0.0,0.0,0.0,0.0,0.0,0.0,0.0,0.0,0.0,0.0,0.0,0.0,0.0,0.0,0.0,0.0,0.0,0.0,0.0,0.0,0.0,0.0,0.0,0.0,0.0,0.0,0.06604887,0.0,0.0,0.0,0.0,0.0,0.0,0.0,0.0,0.0,0.0,0.0,0.0,0.0,0.0,0.0,0.0,0.0,0.0,0.0,0.0,0.0,0.0,0.0,0.0,0.0,0.0,0.0,0.0,0.0,0.0,0.0,0.0,0.0,0.0,0.0,0.0,0.0,0.0,0.0,0.0,0.0,0.0,0.0,0.0,0.0,0.0,0.0,0.0,0.0,0.0,0.0,0.0,0.0,0.0,0.0,0.0,0.0,0.0,0.0
k__Bacteria|p__Fusobacteria|c__Fusobacteria|o__Fusobacteriales|f__Fusobacteriaceae|g__unclassified|s__unclassified,0.0,0.0,0.0,0.0,0.0,0.0,0.0,0.0,0.0,0.0,0.0,0.0,0.0,0.0,0.0,0.0,0.0,0.0,0.0,0.0,0.0,0.0,0.0,0.0,0.0,0.0,0.0,0.0,0.0,0.0,0.0,0.0,0.0,0.0,0.0,0.0,0.0,0.0,0.0,0.0,0.0,0.0,0.0,0.0,0.0,0.0,0.0,0.0,0.0,0.0,0.0,0.0,0.0,0.0,0.028035022,0.0,0.025256675,0.021301454,0.0,0.018918078,0.0,0.0,0.0,0.0,0.0,0.0,0.0,0.0,0.0,0.0,0.0,0.029904729,0.035158042,0.0,0.0,0.0,0.0,0.0,0.0,0.0,0.0,0.0,0.0,0.0,0.0,0.0,0.0,0.0,0.0,0.0,0.0,0.0,0.0,0.0,0.0,0.0,0.0,0.0,0.0,0.0,0.0,0.0,0.0,0.0,0.0,0.0,0.0,0.0,0.0,0.0,0.0,0.0,0.0,0.0,0.0,0.0,0.0,0.0,0.0,0.0,0.0,0.0,0.0,0.0,0.0,0.0,0.0,0.0,0.0,0.03695017,0.0,0.0,0.0,0.0,0.0,0.0,0.0,0.0,0.0,0.0,0.0,0.0,0.0,0.0,0.0
k__Bacteria|p__Tenericutes|c__Mollicutes|o__RF39|f__unclassified|g__unclassified|s__unclassified,0.0,0.0,0.0,0.0,0.0,0.0,0.0,0.0,0.0,0.0,0.0,0.0,0.0,0.0,0.0,0.0,0.0,0.0,0.0,0.0,0.0,0.0,0.0,0.0,0.0,0.0,0.0,0.0,0.0,0.0,0.0,0.0,0.0,0.0,0.0,0.0,0.0,0.0,0.0,0.0,0.0,0.0,0.0,0.0,0.0,0.0,0.0,0.0,0.0,0.0,0.0,0.0,0.0,0.0,0.0,0.0,0.0,0.0,0.0,0.018919172,0.0,0.0,0.0,0.0,0.0,0.0,0.0,0.0,0.0,0.0,0.0,0.0,0.0,0.0,0.0,0.0,0.0,0.0,0.0,0.0,0.0,0.0,0.0,0.0,0.0,0.0,0.0,0.0,0.0,0.023462573,0.0,0.0,0.0,0.0,0.0,0.0,0.0,0.0,0.0,0.0,0.0,0.0,0.0,0.0,0.0,0.0,0.0,0.0,0.0,0.0,0.0,0.0,0.0,0.0,0.0,0.0,0.0,0.0,0.0,0.0,0.0,0.0,0.0,0.0,0.019012546,0.0,0.0,0.0,0.0,0.0,0.0,0.0,0.0,0.0,0.0,0.0,0.0,0.0,0.033781234,0.018941943,0.0,0.0,0.0,0.0,0.0
k__Bacteria|p__Verrucomicrobia|c__Verrucomicrobiae|o__Verrucomicrobiales|f__Verrucomicrobiaceae|g__Akkermansia|s__muciniphila,0.0,0.0,0.0,0.0,0.0,0.0,0.0,0.0,0.0,0.0,0.0,0.0,0.0,0.0,0.0,0.0,0.029457554,0.0,0.0,0.0,0.0,0.0,0.0,0.0,0.0,0.0,0.0,0.0,0.0,0.0,0.0,0.0,0.0,0.026196443,0.0,0.0,0.0,0.0,0.0,0.0,0.0,0.0,0.0,0.0,0.0,0.0,0.0,0.0,0.0,0.0,0.0,0.0,0.0,0.0,0.034417342,0.0,0.029049417,0.023062766,0.03245791,0.021746088,0.0,0.0,0.0,0.02133346,0.0,0.0,0.0,0.0,0.03255982,0.032059144,0.0,0.02987959,0.0,0.0,0.0,0.0,0.0,0.0,0.0,0.030236373,0.0,0.0,0.0,0.025232773,0.025119716,0.0,0.0,0.027528733,0.0,0.023671558,0.0,0.0,0.0,0.0,0.0,0.0,0.0,0.0,0.0,0.0,0.0,0.0,0.0,0.0,0.031156385,0.0,0.0,0.021163724,0.028297408,0.023577685,0.0,0.0,0.0,0.0,0.024773344,0.0,0.0,0.0,0.0,0.0334867,0.0,0.0,0.0,0.0,0.0,0.0,0.0,0.0,0.0,0.0,0.0,0.0,0.0,0.023580937,0.0,0.0,0.0,0.0,0.03384191,0.021801535,0.0,0.0,0.0,0.027314648,0.0
