#OTU ID,E002338.0,E002338.1,E002338.2,E002338.3,E002338.4,E002473.0,E002473.1,E002473.2,E002473.3,E002473.4,E004934.0,E004934.1,E004934.2,E004934.3,E004934.4,E005804.0,E005804.1,E005804.2,E005804.3,E005804.4,E008437.0,E008437.1,E008437.2,E008437.3,E008437.4,E008643.0,E008643.1,E008643.2,E008643.3,E008643.4,E012393.0,E012393.1,E012393.2,E012393.3,E012393.4,E012678.0,E012678.1,E012678.2,E012678.3,E012678.4,E016148.0,E016148.1,E016148.2,E016148.3,E016148.4,E017049.0,E017049.1,E017049.2,E017049.3,E017049.4,E018421.0,E018421.1,E018421.2,E018421.3,E018421.4,E019187.0,E019187.1,E019187.2,E019187.3,E019187.4,E019349.0,E019349.1,E019349.2,E019349.3,E019349.4,E022960.0,E022960.1,E022960.2,E022960.3,E022960.4,E023535.0,E023535.1,E023535.2,E023535.3,E023535.4,E023681.0,E023681.1,E023681.2,E023681.3,E023681.4,E025921.0,E025921.1,E025921.2,E025921.3,E025921.4,E030828.0,E030828.1,E030828.2,E030828.3,E030828.4
k__Bacteria|p__Firmicutes|c__Clostridia|o__Clostridiales|f__Veillonellaceae|g__Megasphaera|s__micronuciformis,-0.28271136,-0.31008285,-0.32328734,-0.31718764,-0.31611055,-0.2932219,-0.3258366,-0.31588158,-0.33075604,-0.32064143,-0.19440371,-0.32539368,-0.30926123,-0.32256508,-0.2811619,-0.30519226,-0.3303013,-0.323084,-0.32077375,-0.28428468,-0.27401578,-0.31223327,-0.31721753,-0.31983113,-0.2832657,-0.26755807,0.7437266,-0.31991065,-0.3159246,-0.28431344,-0.23875734,-0.32284898,-0.32284898,-0.31979084,-0.31675372,-0.24718808,-0.32432246,-0.3291557,-0.32504967,-0.32026625,-0.26123834,-0.30590335,-0.30973536,-0.31548455,-0.27935505,-0.2851582,-0.31057242,-0.31715828,-0.32080197,-0.31864887,-0.27691087,-0.3272691,-0.31836212,-0.31398514,-0.28349376,-0.20411447,-0.30821827,-0.29172873,-0.32534865,-0.3117239,-0.256234,-0.2358737,-0.3155954,-0.32880616,-0.31748205,-0.2850096,-0.30183107,-0.31667495,-0.30985528,-0.28210562,-0.31161842,-0.27598393,-0.3225469,-0.32061476,-0.28258738,-0.19459927,-0.19459927,-0.32411462,-0.31795585,-0.32943356,-0.20658675,-0.20658675,-0.33048365,-0.3162263,-0.3289357,-0.20655881,-0.31196946,-0.31430995,-0.33007872,-0.31691206
k__Bacteria|p__Firmicutes|c__Clostridia|o__Clostridiales|f__Veillonellaceae|g__Megasphaera|s__geminatus,-0.28271136,-0.30993107,-0.32328734,-0.31718764,-0.3162164,-0.2932219,-0.3258366,-0.31588784,-0.33075604,-0.32054073,-0.19440371,-0.32539368,-0.30938354,-0.3220681,-0.28094262,-0.30519226,-0.3303013,-0.32312703,-0.32059777,-0.28423637,-0.27276477,-0.31223327,-0.3170696,-0.31927842,-0.28292477,-0.26755807,0.9408156,-0.3195886,-0.31544286,-0.28424495,-0.23875734,-0.32284898,-0.32284898,-0.31979084,-0.31663194,-0.24718808,-0.32432246,-0.3291557,-0.32452053,-0.32017645,-0.26011854,-0.30590335,-0.30964538,-0.31504977,-0.27903306,-0.2851582,-0.31050715,-0.31715828,-0.32053596,-0.31856546,-0.2755592,-0.3272691,-0.31839904,-0.3133242,-0.28347427,-0.20411447,-0.30874717,-0.29172873,-0.32527632,-0.31126177,-0.256234,-0.2358737,-0.31509155,-0.32880616,-0.31747127,-0.2850096,-0.30183107,-0.31594738,-0.30985528,-0.2805184,-0.31161842,-0.27598393,-0.3226776,-0.32035652,-0.28238124,-0.19459927,-0.19459927,-0.32411462,-0.3175216,-0.32943356,-0.20658675,-0.20658675,-0.33048365,-0.31665432,-0.3289357,-0.20655881,-0.31196946,-0.31416282,-0.33007872,-0.3169349
k__Bacteria|p__Firmicutes|c__Bacilli|o__unclassified|f__unclassified|g__unclassified|s__unclassified,1.2880858,-0.30976146,0.7787418,-0.31718764,-0.3155594,-0.2932219,-0.3258366,-0.3158959,-0.33075604,-0.32024416,-0.19440371,-0.32539368,-0.3089335,-0.32194656,-0.28102434,-0.30519226,-0.3303013,-0.3237266,-0.320431,-0.284042,-0.27140832,-0.31223327,-0.31767607,-0.31962433,-0.2828101,1.433194,0.73590136,-0.31924728,-0.31581068,-0.28410608,-0.23875734,-0.32284898,-0.32284898,-0.31979084,-0.31672937,-0.24718808,-0.32432246,-0.3291557,-0.32518944,-0.32045373,-0.25998145,-0.30590335,-0.309914,-0.3152019,-0.27910572,-0.2851582,-0.3098079,-0.31715828,-0.3207143,-0.31853878,-0.27447653,-0.3272691,-0.31883225,-0.31368086,-0.2834003,-0.20411447,-0.30751836,-0.29172873,-0.32551426,-0.311612,-0.256234,-0.2358737,-0.31562567,-0.32880616,-0.3171148,-0.2850096,-0.30183107,-0.31696492,-0.30985528,-0.2809214,-0.31161842,-0.27598393,-0.32303488,-0.3205305,-0.28207397,-0.19459927,-0.19459927,-0.32411462,-0.31777897,-0.32943356,-0.20658675,-0.20658675,-0.33048365,-0.31570482,-0.3289357,-0.20655881,-0.31196946,-0.31404746,-0.33007872,-0.3170173
k__Bacteria|p__Firmicutes|c__Bacilli|o__Lactobacillales|f__Enterococcaceae|g__Enterococcus|s__unclassified,-0.28271136,-0.30840263,0.7766038,-0.31718764,-0.3155061,-0.2932219,-0.3258366,-0.31408188,-0.33075604,-0.3202144,-0.19440371,-0.32539368,-0.30773762,-0.32109857,-0.28019506,-0.30519226,-0.3303013,-0.32206994,-0.31988192,-0.28345567,-0.2711074,-0.31223327,-0.31569412,-0.3186772,-0.2824229,1.4275895,0.74910843,-0.318373,-0.31410548,-0.2836939,-0.23875734,-0.32284898,-0.32284898,-0.31979084,-0.3162261,-0.24718808,-0.32432246,-0.3291557,-0.32442576,-0.31971538,-0.25844726,-0.30590335,-0.3080687,-0.31369793,-0.2784687,-0.2851582,-0.30820364,0.8523103,-0.31980616,-0.3179711,-0.27326828,-0.3272691,-0.31718415,-0.3124134,-0.28269494,-0.20411447,-0.30731273,-0.29172873,-0.32374853,-0.3106003,-0.256234,-0.2358737,-0.3135316,-0.32880616,-0.31681216,-0.2850096,-0.30183107,-0.31499407,-0.30985528,-0.27927056,-0.31161842,-0.27598393,-0.32124138,-0.3192252,-0.28205687,-0.19459927,-0.19459927,-0.32411462,-0.31637242,-0.32943356,-0.20658675,-0.20658675,-0.33048365,-0.31520826,-0.3289357,-0.20655881,-0.31196946,-0.31220338,-0.33007872,-0.31610763
k__Bacteria|p__Firmicutes|c__Clostridia|o__Clostridiales|f__Clostridiaceae|g__Clostridium|s__perfringens,1.3109468,-0.3073067,-0.32328734,-0.31718764,-0.31494772,1.1813543,-0.3258366,-0.3145033,-0.33075604,-0.3205036,-0.19440371,-0.32539368,-0.30705768,-0.32178587,-0.28028437,-0.30519226,-0.3303013,-0.32348144,-0.32029685,-0.28347713,-0.26550782,-0.31223327,-0.31641382,-0.3187403,-0.28216475,2.4175923,-0.32696477,-0.31910527,-0.3145879,-0.283323,1.7735543,-0.32284898,-0.32284898,-0.31979084,-0.31626123,-0.24718808,-0.32432246,-0.3291557,-0.32536712,-0.32038367,-0.25325215,1.2056496,-0.30746093,-0.31436658,-0.27788258,1.256593,-0.30780506,-0.31715828,-0.31997144,-0.31829226,-0.2684181,-0.3272691,-0.31784117,-0.3124387,-0.2825483,-0.20411447,-0.30655494,-0.29172873,-0.3250426,-0.31109905,-0.256234,-0.2358737,-0.3133675,-0.32880616,-0.3168731,-0.2850096,-0.30183107,-0.3143487,-0.30985528,-0.276347,-0.31161842,-0.27598393,-0.32252496,-0.32005844,-0.28158215,-0.19459927,-0.19459927,-0.32411462,-0.3167153,-0.32943356,2.0459185,2.0459185,-0.33048365,-0.31522602,-0.3289357,-0.20655881,-0.31196946,-0.31193596,-0.33007872,-0.3163768
k__Bacteria|p__Firmicutes|c__Clostridia|o__Clostridiales|f__Clostridiaceae|g__Peptoniphilus|s__asaccharolyticus,1.3149637,-0.3096376,-0.32328734,-0.31718764,-0.3156857,-0.2932219,-0.3258366,-0.31605244,-0.33075604,-0.32008725,-0.19440371,-0.32539368,-0.30956614,-0.3219298,-0.28104523,-0.30519226,-0.3303013,-0.32317024,-0.320647,-0.2838601,-0.2741264,-0.31223327,-0.3173425,-0.31965554,-0.28293717,-0.26755807,-0.32696477,-0.31973684,-0.31612867,-0.28389922,-0.23875734,-0.32284898,-0.32284898,-0.31979084,-0.31649685,-0.24718808,-0.32432246,-0.3291557,-0.3246172,-0.32008737,-0.26252574,-0.30590335,-0.30989468,-0.31568938,-0.27931446,-0.2851582,-0.31058654,-0.31715828,-0.32053402,-0.3185165,-0.27671623,-0.3272691,-0.31862533,-0.3141302,-0.28316393,-0.20411447,-0.30766505,-0.29172873,-0.32466003,-0.31193247,-0.256234,-0.2358737,-0.3154494,-0.32880616,-0.3171416,-0.2850096,-0.30183107,-0.31637752,-0.30985528,-0.2831623,-0.31161842,-0.27598393,-0.32243872,-0.32044223,-0.28226504,-0.19459927,-0.19459927,-0.32411462,-0.31821913,-0.32943356,-0.20658675,-0.20658675,-0.33048365,-0.316531,-0.3289357,-0.20655881,-0.31196946,-0.31460482,-0.33007872,-0.3166389
k__Bacteria|p__Firmicutes|c__Bacilli|o__Bacillales|f__Staphylococcaceae|g__Staphylococcus|s__unclassified,-0.28271136,-0.3103235,-0.32328734,-0.31718764,-0.3170741,-0.2932219,-0.3258366,-0.3168605,-0.33075604,-0.32136673,-0.19440371,-0.32539368,-0.31011802,-0.32256722,-0.28137565,-0.30519226,-0.3303013,-0.32371065,-0.32098126,-0.28485656,-0.2727046,-0.31223327,-0.31792027,-0.3196913,-0.28347436,-0.26755807,-0.32696477,-0.32032716,-0.3160205,-0.2848494,-0.23875734,-0.32284898,-0.32284898,-0.31979084,-0.31707695,-0.24718808,-0.32432246,-0.3291557,-0.3245666,-0.32050723,-0.25869787,-0.30590335,-0.30989528,-0.31562752,-0.27918252,-0.2851582,-0.31188136,-0.31715828,-0.3213496,-0.31916755,-0.27610126,-0.3272691,-0.31894767,-0.31337008,-0.28370637,-0.20411447,-0.30892172,-0.29172873,-0.32615456,-0.31166446,-0.256234,-0.2358737,-0.31607452,-0.32880616,-0.31794664,-0.2850096,-0.30183107,-0.31674975,-0.30985528,-0.28075767,-0.31161842,1.331141,-0.32308006,-0.32097298,-0.28285563,-0.19459927,-0.19459927,-0.32411462,-0.31856373,-0.32943356,-0.20658675,-0.20658675,-0.33048365,-0.3174975,-0.3289357,1.989131,-0.31196946,-0.31525362,-0.33007872,-0.31716686
k__Bacteria|p__Firmicutes|c__Bacilli|o__Lactobacillales|f__unclassified|g__unclassified|s__unclassified,-0.28271136,-0.3110439,-0.32328734,-0.31718764,-0.317902,-0.2932219,-0.3258366,-0.31725404,-0.33075604,-0.32197714,-0.19440371,-0.32539368,-0.3109488,-0.32315686,-0.2815482,-0.30519226,-0.3303013,-0.32432073,-0.3216151,-0.28539234,-0.2724827,-0.31223327,-0.31796354,-0.3198226,-0.28374183,1.4110612,-0.32696477,-0.320563,-0.31606314,-0.2851199,-0.23875734,-0.32284898,-0.32284898,-0.31979084,-0.31766236,-0.24718808,-0.32432246,-0.3291557,-0.32503724,-0.32114285,-0.25798506,-0.30590335,-0.31003407,-0.31561983,-0.2791607,-0.2851582,-0.3117896,-0.31715828,-0.32161817,-0.31970626,-0.27567422,-0.3272691,-0.31931067,-0.3133986,-0.284137,-0.20411447,-0.30893987,-0.29172873,-0.32723022,-0.31142795,-0.256234,-0.2358737,-0.31568438,-0.32880616,-0.3188103,-0.2850096,-0.30183107,-0.3165974,-0.30985528,-0.2783356,-0.31161842,-0.27598393,-0.32386088,-0.32154503,-0.28315762,-0.19459927,-0.19459927,-0.32411462,-0.31816977,-0.32943356,-0.20658675,-0.20658675,-0.33048365,-0.31835914,-0.3289357,-0.20655881,-0.31196946,-0.3151546,-0.33007872,-0.3180402
k__Bacteria|p__Firmicutes|c__Bacilli|o__Lactobacillales|f__Leuconostocaceae|g__Leuconostoc|s__unclassified,-0.28271136,-0.30991778,-0.32328734,-0.31718764,-0.31781012,-0.2932219,-0.3258366,-0.3160742,-0.33075604,-0.32205266,-0.19440371,-0.32539368,-0.30946252,-0.32317853,-0.28074026,-0.30519226,-0.3303013,-0.32356083,-0.32153434,-0.28492746,-0.2691217,-0.31223327,-0.317019,-0.3196821,-0.28332007,-0.26755807,-0.32696477,-0.31991923,-0.31515074,-0.2849913,-0.23875734,-0.32284898,-0.32284898,-0.31979084,-0.31739226,-0.24718808,-0.32432246,0.67265064,-0.32516995,-0.32082918,-0.252697,-0.30590335,-0.30857152,-0.3149047,-0.27851918,-0.2851582,-0.31071806,-0.31715828,-0.32161888,-0.3193016,-0.27246284,-0.3272691,-0.3185134,-0.31263316,-0.28385943,-0.20411447,-0.3090794,-0.29172873,-0.32670236,-0.3104102,-0.256234,-0.2358737,-0.31515914,-0.32880616,-0.3185778,-0.2850096,-0.30183107,-0.31642053,-0.30985528,-0.27576083,-0.31161842,-0.27598393,-0.32319513,-0.3209859,-0.28287894,-0.19459927,-0.19459927,-0.32411462,-0.31786585,-0.32943356,-0.20658675,-0.20658675,-0.33048365,-0.3176837,-0.3289357,-0.20655881,-0.31196946,-0.3142156,-0.33007872,-0.31747752
k__Bacteria|p__Firmicutes|c__Clostridia|o__Clostridiales|f__Lachnospiraceae|g__Blautia|s__obeum,-0.28271136,-0.30997673,-0.32328734,-0.31718764,-0.315903,-0.2932219,-0.3258366,-0.3158688,-0.33075604,-0.320422,-0.19440371,-0.32539368,-0.30952144,-0.32224345,-0.28138,-0.30519226,-0.3303013,-0.3232401,-0.32087702,-0.28404903,-0.2753754,-0.31223327,-0.31751382,-0.32001078,-0.28320023,-0.26755807,-0.32696477,-0.31982148,-0.3163122,-0.2841471,-0.23875734,-0.32284898,-0.32284898,-0.31979084,-0.31694597,-0.24718808,-0.32432246,-0.3291557,-0.32522282,-0.32038993,-0.26455408,-0.30590335,-0.31016576,-0.3158815,-0.27974784,-0.2851582,-0.31045383,-0.31715828,-0.32084426,-0.31870437,-0.27774137,-0.3272691,-0.31869707,-0.31470248,-0.28350687,-0.20411447,-0.30890334,-0.29172873,-0.32455572,-0.3124398,-0.256234,-0.2358737,-0.31562167,-0.32880616,-0.3174796,-0.2850096,-0.30183107,-0.31685373,-0.30985528,-0.28444785,-0.31161842,-0.27598393,-0.32253054,-0.32056653,-0.28258353,-0.19459927,-0.19459927,-0.32411462,-0.3182206,-0.32943356,-0.20658675,-0.20658675,-0.33048365,-0.3163635,-0.3289357,-0.20655881,-0.31196946,-0.3142208,-0.33007872,-0.31697047
k__Bacteria|p__Firmicutes|c__Clostridia|o__Clostridiales|f__Lachnospiraceae|g__Coprococcus|s__eutactus,-0.28271136,-0.31192428,-0.32328734,-0.31718764,-0.31924322,-0.2932219,-0.3258366,-0.31819868,-0.33075604,-0.32311895,-0.19440371,-0.32539368,-0.3114883,-0.3227746,-0.28264868,-0.30519226,-0.3303013,-0.32538223,-0.32159457,-0.2866311,-0.27104113,-0.31223327,-0.31901032,-0.31981322,-0.28459296,-0.26755807,-0.32696477,-0.31983513,-0.31576663,-0.28646958,-0.23875734,-0.32284898,-0.32284898,-0.31979084,-0.3188676,-0.24718808,-0.32432246,-0.3291557,-0.32534206,-0.32213387,-0.2568794,-0.30590335,-0.31087443,-0.31548566,-0.27978355,-0.2851582,-0.31199634,-0.31715828,-0.3219687,-0.32099283,-0.27514496,-0.3272691,-0.3201643,-0.3126799,-0.28436828,-0.20411447,-0.30981088,-0.29172873,-0.3272882,-0.31264627,-0.256234,-0.2358737,-0.31681767,-0.32880616,-0.31959525,-0.2850096,-0.30183107,-0.31589377,-0.30985528,-0.27747616,-0.31161842,-0.27598393,-0.32468152,-0.3216759,-0.28419024,-0.19459927,-0.19459927,-0.32411462,-0.3186409,-0.32943356,-0.20658675,-0.20658675,-0.33048365,-0.31925708,-0.3289357,-0.20655881,-0.31196946,-0.31567776,-0.33007872,-0.3187477
k__Bacteria|p__Firmicutes|c__Bacilli|o__Lactobacillales|f__Lactobacillaceae|g__unclassified|s__unclassified,-0.28271136,-0.31014293,-0.32328734,-0.31718764,-0.31625092,-0.2932219,-0.3258366,-0.31646353,-0.33075604,-0.32055578,-0.19440371,-0.32539368,-0.3103835,-0.32242805,-0.2815933,-0.30519226,-0.3303013,-0.32355368,-0.32113433,-0.28420174,-0.2755807,-0.31223327,-0.31782204,-0.3201257,-0.2834136,-0.26755807,-0.32696477,-0.32044291,-0.31673864,-0.2842837,-0.23875734,-0.32284898,-0.32284898,-0.31979084,-0.31712663,-0.24718808,-0.32432246,-0.3291557,-0.32516754,-0.32057256,-0.26409134,-0.30590335,-0.31034178,-0.31631327,-0.2799076,-0.2851582,-0.3112821,-0.31715828,-0.32107884,-0.31872085,-0.27798927,-0.3272691,-0.31902486,-0.31488907,-0.28407758,-0.20411447,-0.30937082,-0.29172873,-0.32499567,-0.31243667,-0.256234,-0.2358737,-0.31578392,-0.32880616,-0.3176349,-0.2850096,-0.30183107,-0.31698608,-0.30985528,-0.28470182,-0.31161842,-0.27598393,-0.3226723,-0.32088238,-0.28267455,-0.19459927,-0.19459927,-0.32411462,-0.3188276,-0.32943356,-0.20658675,-0.20658675,-0.33048365,-0.3168682,-0.3289357,-0.20655881,-0.31196946,-0.31500462,-0.33007872,-0.3173133
k__Bacteria|p__Firmicutes|c__Erysipelotrichi|o__Erysipelotrichales|f__Erysipelotrichaceae|g__[Eubacterium]|s__biforme,-0.28271136,-0.31022066,-0.32328734,-0.31718764,-0.3163147,-0.2932219,-0.3258366,-0.31660056,-0.33075604,-0.3210964,-0.19440371,-0.32539368,-0.30957144,-0.32262802,-0.28087378,-0.30519226,-0.3303013,-0.32386047,-0.3213669,-0.2842919,-0.2721911,-0.31223327,-0.31746313,-0.32051462,-0.28344643,-0.26755807,-0.32696477,-0.32138973,-0.31620213,-0.28452706,-0.23875734,-0.32284898,-0.32284898,-0.31979084,-0.31658757,-0.24718808,-0.32432246,-0.3291557,-0.32543194,-0.32092196,-0.25754315,-0.30590335,-0.30961078,-0.31569296,-0.27936667,-0.2851582,-0.31144673,-0.31715828,-0.32157934,-0.31900337,-0.2750397,-0.3272691,-0.31873345,-0.31410763,-0.28407136,-0.20411447,-0.30824214,-0.29172873,-0.3260867,-0.31109905,-0.256234,-0.2358737,-0.31594107,-0.32880616,-0.31791544,-0.2850096,-0.30183107,-0.3168131,-0.30985528,-0.28107655,-0.31161842,-0.27598393,-0.32273638,-0.32115972,-0.28248864,-0.19459927,-0.19459927,-0.32411462,-0.31895974,-0.32943356,-0.20658675,-0.20658675,-0.33048365,-0.31697798,-0.3289357,-0.20655881,-0.31196946,-0.31584293,-0.33007872,-0.31748372
k__Bacteria|p__Firmicutes|c__Clostridia|o__Clostridiales|f__Veillonellaceae|g__Dialister|s__invisus,-0.28271136,-0.3093066,-0.32328734,-0.31718764,-0.3166538,-0.2932219,-0.3258366,-0.31542036,-0.33075604,-0.32130808,-0.19440371,-0.32539368,-0.3088284,-0.32189706,-0.28115344,-0.30519226,-0.3303013,-0.32325765,-0.32078263,-0.28440124,-0.2716285,-0.31223327,-0.31728536,-0.31977028,-0.28333187,-0.26755807,-0.32696477,-0.319602,-0.31537718,-0.28481048,-0.23875734,-0.32284898,-0.32284898,-0.31979084,-0.31721714,-0.24718808,-0.32432246,-0.3291557,-0.32515615,-0.32070583,-0.25837103,-0.30590335,-0.30921835,-0.31498238,-0.27939403,-0.2851582,-0.31008977,-0.31715828,-0.3212265,-0.31893897,-0.27423233,-0.3272691,-0.3185759,-0.31331646,-0.2838586,-0.20411447,-0.30841058,-0.29172873,-0.32513523,-0.31157124,-0.256234,-0.2358737,-0.3152042,-0.32880616,-0.317743,-0.2850096,-0.30183107,-0.31699118,-0.30985528,-0.28097102,-0.31161842,-0.27598393,-0.32211936,-0.32028377,-0.28288046,-0.19459927,-0.19459927,-0.32411462,-0.31822187,-0.32943356,-0.20658675,-0.20658675,-0.33048365,-0.31626192,-0.3289357,-0.20655881,-0.31196946,-0.3140162,-0.33007872,-0.3171274
k__Bacteria|p__Firmicutes|c__Clostridia|o__Clostridiales|f__Veillonellaceae|g__Phascolarctobacterium|s__unclassified,-0.28271136,-0.310711,-0.32328734,-0.31718764,-0.31700888,-0.2932219,-0.3258366,-0.3166008,-0.33075604,-0.32137507,-0.19440371,-0.32539368,-0.31024653,-0.32193092,-0.28174782,-0.30519226,-0.3303013,-0.324125,-0.3208698,-0.2850091,-0.27379423,-0.31223327,-0.31785005,-0.3196357,-0.28367424,-0.26755807,-0.32696477,-0.31961852,-0.3155352,-0.2850343,-0.23875734,-0.32284898,-0.32284898,-0.31979084,-0.3176399,-0.24718808,-0.32432246,-0.3291557,-0.32535392,-0.3210465,-0.26144907,-0.30590335,-0.3102981,-0.31510335,-0.2796743,-0.2851582,-0.3104806,-0.31715828,-0.32114065,-0.31946087,-0.27644998,-0.3272691,-0.31916434,-0.3137258,-0.28382507,-0.20411447,-0.30822137,-0.29172873,-0.32545295,-0.31184974,-0.256234,-0.2358737,-0.31556523,-0.32880616,-0.31813508,-0.2850096,-0.30183107,-0.3161633,-0.30985528,-0.28116196,-0.31161842,-0.27598393,-0.32319534,-0.32085353,-0.2831729,-0.19459927,-0.19459927,-0.32411462,-0.31779224,-0.32943356,-0.20658675,-0.20658675,-0.33048365,-0.3172,-0.3289357,-0.20655881,-0.31196946,-0.31445616,-0.33007872,-0.31773245
k__Bacteria|p__Firmicutes|c__Bacilli|o__Lactobacillales|f__Lactobacillaceae|g__Pediococcus|s__unclassified,-0.28271136,-0.31034794,-0.32328734,-0.31718764,-0.31664985,-0.2932219,-0.3258366,-0.31573015,-0.33075604,-0.32110217,-0.19440371,-0.32539368,-0.3091087,-0.32264057,-0.28101233,-0.30519226,-0.3303013,-0.3233692,-0.32092446,-0.28450406,-0.27151775,-0.31223327,-0.31713983,-0.31994104,-0.2833158,-0.26755807,-0.32696477,-0.3192772,-0.3154446,-0.28470597,-0.23875734,-0.32284898,-0.32284898,-0.31979084,-0.317189,-0.24718808,-0.32432246,-0.3291557,-0.32553744,-0.3206721,-0.258148,-0.30590335,-0.3094108,-0.31487986,-0.27920812,-0.2851582,-0.30973977,-0.31715828,-0.32108897,-0.31887972,-0.2745759,-0.3272691,-0.31830278,-0.31343764,-0.28371084,-0.20411447,-0.30922174,-0.29172873,-0.32535326,-0.31132457,-0.256234,-0.2358737,-0.3156637,-0.32880616,-0.31777373,-0.2850096,-0.30183107,-0.31648636,-0.30985528,-0.2793727,-0.31161842,-0.27598393,-0.3229807,-0.32049754,-0.28273028,-0.19459927,-0.19459927,-0.32411462,-0.31763187,-0.32943356,-0.20658675,-0.20658675,-0.33048365,-0.31621867,-0.3289357,-0.20655881,-0.31196946,-0.31374216,-0.33007872,-0.31714597
k__Bacteria|p__Firmicutes|c__Bacilli|o__Lactobacillales|f__Enterococcaceae|g__unclassified|s__unclassified,-0.28271136,-0.31029713,-0.32328734,-0.31718764,-0.31628904,-0.2932219,-0.3258366,-0.3162877,-0.33075604,-0.32061216,-0.19440371,-0.32539368,-0.31007415,-0.32179618,-0.28147686,-0.30519226,-0.3303013,-0.32342625,-0.32059664,-0.28439346,-0.27436468,-0.31223327,-0.31753924,-0.3195239,-0.2832107,-0.26755807,-0.32696477,-0.31993878,-0.31575894,-0.28444937,-0.23875734,-0.32284898,-0.32284898,-0.31979084,-0.31695592,-0.24718808,-0.32432246,-0.3291557,-0.3245818,-0.32057303,-0.26287043,-0.30590335,-0.31020573,-0.3153922,-0.27961096,-0.2851582,-0.3109661,-0.31715828,-0.3206311,-0.31875744,-0.27687985,-0.3272691,-0.3186739,-0.31388462,-0.28378576,-0.20411447,-0.3097086,-0.29172873,-0.32482988,-0.3120795,-0.256234,-0.2358737,-0.31551838,-0.32880616,-0.31750268,-0.2850096,-0.30183107,-0.31590623,-0.30985528,-0.28323525,-0.31161842,-0.27598393,-0.3226162,-0.3204413,-0.28262186,-0.19459927,-0.19459927,-0.32411462,-0.31808442,-0.32943356,-0.20658675,-0.20658675,-0.33048365,-0.31679067,-0.3289357,-0.20655881,-0.31196946,-0.3147824,-0.33007872,-0.3171993
k__Bacteria|p__Firmicutes|c__Erysipelotrichi|o__Erysipelotrichales|f__[Coprobacillaceae]|g__Catenibacterium|s__unclassified,-0.28271136,-0.30989727,-0.32328734,-0.31718764,-0.31621963,-0.2932219,-0.3258366,-0.31589478,-0.33075604,-0.32055032,-0.19440371,-0.32539368,-0.3095289,-0.32189497,-0.28142738,-0.30519226,-0.3303013,-0.3232357,-0.32068825,-0.28424057,-0.2745384,-0.31223327,-0.31739038,-0.319748,-0.2832803,-0.26755807,-0.32696477,-0.31947768,-0.3158591,-0.2844009,-0.23875734,-0.32284898,-0.32284898,-0.31979084,-0.31704122,-0.24718808,-0.32432246,-0.3291557,-0.32495278,-0.32043156,-0.26318997,-0.30590335,-0.31018794,-0.31544378,-0.27968106,-0.2851582,-0.31035784,-0.31715828,-0.32070053,-0.3188578,-0.2770428,-0.3272691,-0.31869018,-0.3140359,-0.2834428,-0.20411447,-0.30856496,-0.29172873,-0.3245936,-0.31226414,-0.256234,-0.2358737,-0.31550804,-0.32880616,-0.3175323,-0.2850096,-0.30183107,-0.3164634,-0.30985528,-0.28325558,-0.31161842,-0.27598393,-0.32241553,-0.32039106,-0.2827211,-0.19459927,-0.19459927,-0.32411462,-0.3180971,-0.32943356,-0.20658675,-0.20658675,-0.33048365,-0.31656715,-0.3289357,-0.20655881,-0.31196946,-0.31437185,-0.33007872,-0.31702006
k__Bacteria|p__Firmicutes|c__Clostridia|o__Coriobacteriales|f__Coriobacteriaceae|g__Collinsella|s__aerofaciens,-0.28271136,-0.31036577,-0.32328734,-0.31718764,-0.3169235,-0.2932219,-0.3258366,-0.3167156,-0.33075604,-0.32125252,-0.19440371,-0.32539368,-0.3100599,-0.32242167,-0.28161007,-0.30519226,-0.3303013,-0.32400972,-0.3211068,-0.2848282,-0.2732271,-0.31223327,-0.31795335,-0.31985438,-0.28355396,-0.26755807,-0.32696477,-0.32014441,-0.31609365,-0.284819,-0.23875734,-0.32284898,-0.32284898,-0.31979084,-0.31734878,-0.24718808,-0.32432246,-0.3291557,-0.325147,-0.3208928,-0.2604624,-0.30590335,-0.31030992,-0.3157248,-0.27953658,-0.2851582,-0.31117156,-0.31715828,-0.32120487,-0.31937554,-0.27625936,-0.3272691,-0.31924433,-0.31383085,-0.2837928,-0.20411447,-0.3083951,-0.29172873,-0.3259635,-0.31208253,-0.256234,-0.2358737,-0.31585228,-0.32880616,-0.31812847,-0.2850096,-0.30183107,-0.31658864,-0.30985528,-0.28125113,-0.31161842,-0.27598393,-0.323208,-0.32103392,-0.28293985,-0.19459927,-0.19459927,-0.32411462,-0.31843755,-0.32943356,-0.20658675,-0.20658675,-0.33048365,-0.31738448,-0.3289357,-0.20655881,-0.31196946,-0.31502444,-0.33007872,-0.31758744
k__Bacteria|p__Firmicutes|c__Clostridia|o__Clostridiales|f__Ruminococcaceae|g__Ruminococcus|s__bromii,-0.28271136,-0.3123725,-0.32328734,-0.31718764,-0.31858957,-0.2932219,-0.3258366,-0.31742126,-0.33075604,-0.32312313,-0.19440371,-0.32539368,-0.3108831,-0.32341963,-0.28270477,-0.30519226,-0.3303013,-0.3250111,-0.3219545,-0.28662145,-0.27212647,-0.31223327,-0.31854028,-0.32047373,-0.2846445,-0.26755807,-0.32696477,-0.32050177,-0.31564993,-0.2864551,-0.23875734,-0.32284898,-0.32284898,-0.31979084,-0.3186778,-0.24718808,-0.32432246,-0.3291557,-0.3260435,-0.32238412,-0.25822422,-0.30590335,-0.3104588,-0.31555375,-0.28017327,-0.2851582,-0.31190884,-0.31715828,-0.32204086,-0.32086518,-0.2754572,-0.3272691,-0.31992424,-0.3136891,-0.28473064,-0.20411447,-0.3090791,-0.29172873,-0.32743555,-0.31245267,-0.256234,-0.2358737,-0.31674656,-0.32880616,-0.31945378,-0.2850096,-0.30183107,-0.31626683,-0.30985528,-0.27892047,-0.31161842,-0.27598393,-0.32419935,-0.32186347,-0.28428823,-0.19459927,-0.19459927,-0.32411462,-0.31863612,-0.32943356,-0.20658675,-0.20658675,-0.33048365,-0.3185441,-0.3289357,-0.20655881,-0.31196946,-0.31570342,-0.33007872,-0.3188046
k__Bacteria|p__Firmicutes|c__Bacilli|o__Lactobacillales|f__Lactobacillaceae|g__Lactobacillus|s__zeae,1.3028643,-0.30575854,0.8428471,-0.31718764,-0.31228814,1.1805775,-0.3258366,-0.31227535,-0.33075604,-0.31715173,-0.19440371,-0.32539368,-0.30529955,-0.31889227,-0.2778784,1.0236933,-0.3303013,-0.31993338,-0.3173678,-0.2809231,-0.26832473,-0.31223327,-0.3137509,-0.31633535,-0.2799195,-0.26755807,0.74731773,-0.316563,-0.31241506,-0.2809366,-0.23875734,0.85876685,0.85876685,0.85339403,-0.31312627,1.6314491,-0.32432246,-0.3291557,-0.32171756,-0.31694105,-0.25606832,-0.30590335,-0.3058859,-0.31199938,-0.27598965,-0.2851582,-0.30663466,-0.31715828,-0.31730413,-0.3152704,-0.27111292,-0.3272691,-0.31496465,-0.3103632,-0.28006798,1.9704756,-0.30445218,-0.29172873,-0.32172894,-0.3084008,1.5942063,-0.2358737,-0.31174192,-0.32880616,-0.31392938,1.2162913,-0.30183107,-0.31276202,-0.30985528,-0.27779633,0.96400833,1.4177644,-0.3191846,-0.3171617,-0.27923083,-0.19459927,-0.19459927,-0.32411462,-0.31454518,-0.32943356,-0.20658675,-0.20658675,-0.33048365,-0.31282422,-0.3289357,-0.20655881,-0.31196946,-0.3106107,-0.33007872,-0.31329748
k__Bacteria|p__Firmicutes|c__Bacilli|o__Gemellales|f__Gemellaceae|g__unclassified|s__unclassified,-0.28271136,-0.30912024,-0.32328734,-0.31718764,-0.31612867,-0.2932219,-0.3258366,-0.31531772,-0.33075604,-0.32067055,-0.19440371,-0.32539368,-0.3082596,-0.3216759,-0.28127116,-0.30519226,-0.3303013,-0.3232007,-0.32045162,-0.28424147,-0.27212596,-0.31223327,-0.3173143,-0.3194919,-0.28320813,1.4101083,-0.32696477,-0.31868434,-0.3154829,-0.284532,-0.23875734,-0.32284898,-0.32284898,-0.31979084,-0.31699666,-0.24718808,-0.32432246,-0.3291557,-0.32520473,-0.3203321,-0.26079407,-0.30590335,-0.30976397,-0.31509638,-0.27947348,-0.2851582,-0.30916405,-0.31715828,-0.32059377,-0.31892464,-0.27506533,-0.3272691,-0.31852227,-0.31342658,-0.28306687,-0.20411447,-0.30832523,-0.29172873,-0.32422292,-0.31232238,-0.256234,-0.2358737,-0.3153174,-0.32880616,-0.3174945,-0.2850096,-0.30183107,-0.316148,-0.30985528,-0.28143364,0.93337226,-0.27598393,-0.3225384,-0.31996942,-0.282804,-0.19459927,-0.19459927,-0.32411462,-0.31769362,-0.32943356,-0.20658675,-0.20658675,-0.33048365,-0.31606793,-0.3289357,-0.20655881,-0.31196946,-0.3132087,-0.33007872,-0.31666446
k__Bacteria|p__Firmicutes|c__Clostridia|o__Clostridiales|f__Veillonellaceae|g__Veillonella|s__unclassified,-0.28271136,-0.31019723,-0.32328734,-0.31718764,-0.31640103,1.9142796,1.0593824,-0.3163457,-0.33075604,-0.32084242,-0.19440371,-0.32539368,-0.30989116,-0.3225574,-0.28152835,-0.30519226,-0.3303013,-0.3236304,-0.32109416,-0.28449118,-0.27400702,-0.31223327,-0.31773567,-0.3200649,-0.2834699,-0.26755807,-0.32696477,-0.32006145,-0.31632316,-0.28452885,-0.23875734,-0.32284898,-0.32284898,-0.31979084,-0.3171448,-0.24718808,-0.32432246,-0.3291557,-0.32527336,-0.32062206,-0.26195595,-0.30590335,-0.3100494,-0.31588826,-0.2796687,-0.2851582,-0.31087708,-0.31715828,-0.32114822,-0.3189614,-0.27676964,-0.3272691,-0.31889644,-0.31437188,-0.28378415,-0.20411447,-0.3089134,-0.29172873,-0.3252783,-0.3121828,-0.256234,-0.2358737,-0.31586692,-0.32880616,-0.31775066,-0.2850096,-0.30183107,-0.31684837,-0.30985528,-0.28275374,0.93647844,-0.27598393,-0.3229362,-0.32089078,-0.28279996,-0.19459927,-0.19459927,0.77508855,-0.31844324,-0.32943356,2.2369106,2.2369106,-0.33048365,-0.31684524,-0.3289357,-0.20655881,-0.31196946,-0.31464124,-0.33007872,-0.31719893
k__Bacteria|p__Firmicutes|c__Bacilli|o__Lactobacillales|f__Lactobacillaceae|g__Lactobacillus|s__unclassified,1.2975441,-0.30918485,0.8327815,-0.31718764,-0.31689855,1.1705811,-0.3258366,-0.31536382,-0.33075604,-0.32108074,-0.19440371,-0.32539368,-0.30857363,-0.32190853,-0.28076,1.022256,-0.3303013,-0.32352653,-0.3202113,-0.28438196,-0.26833028,-0.31223327,-0.31702867,-0.318852,-0.28281507,-0.26755807,0.74352676,-0.31802845,-0.31441396,-0.28436655,-0.23875734,-0.32284898,-0.32284898,-0.31979084,-0.31713948,-0.24718808,-0.32432246,-0.3291557,-0.32507038,-0.32027906,-0.25391454,-0.30590335,-0.30859038,-0.31398135,-0.27804703,-0.2851582,-0.308991,-0.31715828,-0.32053953,-0.3187814,-0.27221423,-0.3272691,-0.31838793,-0.3118306,-0.2826449,-0.20411447,-0.30647194,-0.29172873,-0.32583547,-0.31068325,-0.256234,-0.2358737,-0.3149206,-0.32880616,-0.3175019,1.2152828,-0.30183107,-0.31558555,-0.30985528,-0.2752846,-0.31161842,-0.27598393,-0.3225357,-0.32006943,-0.2822309,-0.19459927,-0.19459927,-0.32411462,-0.31727123,-0.32943356,-0.20658675,-0.20658675,0.64269346,-0.3163305,-0.3289357,-0.20655881,-0.31196946,-0.31306976,-0.33007872,-0.3167277
k__Bacteria|p__Firmicutes|c__Clostridia|o__Coriobacteriales|f__Coriobacteriaceae|g__Slackia|s__unclassified,-0.28271136,-0.3113752,-0.32328734,-0.31718764,-0.31757376,-0.2932219,-0.3258366,-0.3177482,-0.33075604,-0.32185057,-0.19440371,-0.32539368,-0.31067953,-0.32339376,-0.28146285,-0.30519226,-0.3303013,-0.3245108,-0.3216583,-0.2853254,-0.2714602,-0.31223327,-0.31813687,-0.32050225,-0.2839437,-0.26755807,-0.32696477,-0.32118654,-0.31640863,-0.2852335,-0.23875734,-0.32284898,-0.32284898,-0.31979084,-0.31726283,-0.24718808,-0.32432246,-0.3291557,-0.32521436,-0.32127357,-0.25621164,-0.30590335,-0.31032145,-0.31581402,-0.2793026,-0.2851582,-0.3123511,-0.31715828,-0.32180783,-0.3198294,-0.27527025,-0.3272691,-0.31922942,-0.31345153,-0.28402454,-0.20411447,-0.3089415,-0.29172873,-0.32734075,-0.31162566,-0.256234,-0.2358737,-0.31682962,-0.32880616,-0.31857228,-0.2850096,-0.30183107,-0.3166175,-0.30985528,-0.2786786,-0.31161842,-0.27598393,-0.32394224,-0.3217216,-0.28303075,-0.19459927,-0.19459927,-0.32411462,-0.31902856,-0.32943356,-0.20658675,-0.20658675,-0.33048365,-0.3182087,-0.3289357,-0.20655881,-0.31196946,-0.31645,-0.33007872,-0.31785482
k__Bacteria|p__Firmicutes|c__Clostridia|o__Clostridiales|f__Lachnospiraceae|g__Blautia|s__producta,-0.28271136,-0.3096063,-0.32328734,0.87802094,-0.31547883,-0.2932219,-0.3258366,-0.31551936,-0.33075604,-0.31967336,-0.19440371,-0.32539368,-0.3093906,-0.32127407,-0.28093702,-0.30519226,-0.3303013,-0.32240927,-0.31991827,-0.28372532,-0.2753923,-0.31223327,-0.31682354,-0.31892097,-0.28273937,-0.26755807,-0.32696477,-0.3189742,-0.31544417,-0.2837368,-0.23875734,-0.32284898,-0.32284898,-0.31979084,-0.31619835,-0.24718808,-0.32432246,-0.3291557,-0.32387173,-0.31950277,-0.26405,-0.30590335,-0.30954283,-0.3150456,-0.27914733,-0.2851582,-0.31028622,-0.31715828,-0.31996995,-0.31793153,-0.27801734,-0.3272691,-0.3179192,-0.3135929,-0.28302503,-0.20411447,-0.3083144,-0.29172873,-0.32391837,-0.3115253,-0.256234,-0.2358737,-0.3149878,-0.32880616,-0.31676847,-0.2850096,-0.30183107,-0.3158803,-0.30985528,-0.2837067,-0.31161842,-0.27598393,-0.32174212,-0.31977344,-0.28210163,-0.19459927,-0.19459927,-0.32411462,-0.3174339,-0.32943356,-0.20658675,-0.20658675,0.64282036,-0.31595922,-0.3289357,-0.20655881,-0.31196946,-0.31387156,-0.33007872,-0.31627128
k__Bacteria|p__Firmicutes|c__Bacilli|o__Lactobacillales|f__Streptococcaceae|g__unclassified|s__unclassified,-0.28271136,-0.31108466,-0.32328734,-0.31718764,-0.31737837,-0.2932219,-0.3258366,-0.31705767,-0.33075604,-0.32173765,-0.19440371,0.74274194,-0.3102815,-0.32256904,-0.2818318,-0.30519226,-0.3303013,-0.32428193,-0.32107818,-0.28534782,-0.2726794,-0.31223327,-0.3180871,-0.319827,-0.283859,-0.26755807,-0.32696477,-0.32022804,-0.3157853,-0.28531134,-0.23875734,-0.32284898,-0.32284898,-0.31979084,-0.31769532,-0.24718808,-0.32432246,-0.3291557,-0.32534963,-0.3213787,-0.25889635,-0.30590335,-0.31024623,-0.3155584,-0.27962857,-0.2851582,-0.31128693,-0.31715828,-0.32135862,-0.31960386,-0.2762019,-0.3272691,-0.31913304,-0.31361422,-0.28423834,-0.20411447,-0.30936193,-0.29172873,-0.32634825,-0.31195188,-0.256234,-0.2358737,-0.31623363,-0.32880616,-0.31847695,-0.2850096,-0.30183107,-0.31624418,-0.30985528,-0.28058684,-0.31161842,-0.27598393,-0.32357293,-0.32121247,-0.28319213,-0.19459927,-0.19459927,-0.32411462,-0.3183064,-0.32943356,-0.20658675,-0.20658675,-0.33048365,-0.31728303,-0.3289357,-0.20655881,-0.31196946,-0.3152007,-0.33007872,-0.3181092
k__Bacteria|p__Firmicutes|c__Clostridia|o__Clostridiales|f__Veillonellaceae|g__Selenomonas|s__unclassified,-0.28271136,-0.3101251,-0.32328734,-0.31718764,-0.3161651,-0.2932219,-0.3258366,-0.31595483,-0.33075604,-0.32040396,-0.19440371,-0.32539368,-0.30986232,-0.3218235,-0.28129917,-0.30519226,-0.3303013,-0.32307267,-0.3204339,-0.28417957,-0.27486068,-0.31223327,-0.3173715,-0.31940168,-0.28309822,-0.26755807,-0.32696477,-0.31938004,-0.31577486,-0.28419486,-0.23875734,-0.32284898,-0.32284898,-0.31979084,-0.31686103,-0.24718808,-0.32432246,-0.3291557,-0.32452548,-0.320149,-0.26329798,-0.30590335,-0.30979165,-0.31534332,-0.27937597,-0.2851582,-0.31066412,-0.31715828,-0.32061222,-0.31845573,-0.27760822,-0.3272691,-0.31841883,-0.31385398,-0.28352785,-0.20411447,-0.3092162,-0.29172873,-0.3246341,-0.31187356,-0.256234,-0.2358737,-0.31544816,-0.32880616,-0.3173581,-0.2850096,-0.30183107,-0.31638008,-0.30985528,-0.28320953,-0.31161842,-0.27598393,-0.32230836,-0.32028133,-0.28244504,-0.19459927,-0.19459927,-0.32411462,-0.31788564,-0.32943356,-0.20658675,-0.20658675,-0.33048365,-0.31642285,-0.3289357,-0.20655881,-0.31196946,-0.31415927,-0.33007872,-0.31688613
k__Bacteria|p__Firmicutes|c__Clostridia|o__Clostridiales|f__Veillonellaceae|g__Megamonas|s__unclassified,-0.28271136,-0.3091674,-0.32328734,-0.31718764,-0.3163176,-0.2932219,-0.3258366,-0.31538367,-0.33075604,-0.3207602,-0.19440371,-0.32539368,-0.30872473,-0.32137012,-0.28051043,-0.30519226,-0.3303013,-0.32302034,-0.32027543,-0.2840219,-0.2707944,-0.31223327,-0.31660473,-0.3190062,-0.28285694,-0.26755807,-0.32696477,-0.31904703,-0.3146976,-0.2841776,-0.23875734,-0.32284898,-0.32284898,-0.31979084,-0.3165937,-0.24718808,-0.32432246,-0.3291557,-0.32453373,-0.3202501,-0.2566771,-0.30590335,-0.3085786,-0.31432018,-0.27854443,-0.2851582,-0.3095686,-0.31715828,-0.32054433,-0.31855375,-0.27385038,-0.3272691,-0.31797487,-0.31245476,-0.28315356,-0.20411447,-0.30724698,-0.29172873,-0.32503307,-0.31059796,-0.256234,-0.2358737,-0.3145462,-0.32880616,-0.31753442,-0.2850096,-0.30183107,-0.3156986,-0.30985528,-0.27863756,-0.31161842,-0.27598393,-0.3219368,-0.3200029,-0.28220156,-0.19459927,-0.19459927,-0.32411462,-0.31734532,-0.32943356,-0.20658675,-0.20658675,0.979612,-0.31623304,0.42434147,-0.20655881,-0.31196946,-0.31368488,-0.33007872,-0.3169024
k__Bacteria|p__Firmicutes|c__Clostridia|o__Clostridiales|f__Lachnospiraceae|g__Anaerostipes|s__unclassified,-0.28271136,-0.3103972,-0.32328734,-0.31718764,-0.3166672,-0.2932219,-0.3258366,-0.31654578,-0.33075604,-0.32088372,-0.19440371,-0.32539368,-0.310312,-0.3223767,-0.2816514,-0.30519226,-0.3303013,-0.32381332,-0.32115573,-0.28453052,-0.27495912,-0.31223327,-0.31796387,-0.32002616,-0.28347793,-0.26755807,-0.32696477,-0.3199764,-0.3164083,-0.28457797,-0.23875734,-0.32284898,-0.32284898,-0.31979084,-0.31738123,-0.24718808,-0.32432246,-0.3291557,-0.32529682,-0.3207374,-0.26327962,-0.30590335,-0.31041956,-0.31601858,-0.27979523,-0.2851582,-0.31099612,-0.31715828,-0.3212098,-0.31909558,-0.27757382,-0.3272691,-0.31920278,-0.31457555,-0.28384268,-0.20411447,-0.30913678,-0.29172873,-0.32516286,-0.31232598,-0.256234,-0.2358737,-0.3159068,-0.32880616,-0.31795052,-0.2850096,-0.30183107,-0.31687966,-0.30985528,-0.28332844,-0.31161842,-0.27598393,-0.32304215,-0.3209188,-0.2828682,-0.19459927,-0.19459927,-0.32411462,-0.31853923,-0.32943356,-0.20658675,-0.20658675,-0.33048365,-0.3172143,-0.3289357,-0.20655881,-0.31196946,-0.31475756,-0.33007872,-0.31742895
k__Bacteria|p__Firmicutes|c__Clostridia|o__Clostridiales|f__Clostridiaceae|g__unclassified|s__unclassified,1.3053582,-0.2173934,-0.32328734,-0.31718764,-0.23901126,-0.2932219,0.7905633,-0.26180422,-0.33075604,-0.27285987,2.1539493,0.75617,-0.22199991,-0.2982751,-0.22995743,-0.30519226,-0.3303013,-0.30380297,-0.2919989,-0.2283493,-0.09167001,-0.31223327,-0.27858028,-0.2930267,-0.23263419,1.4124886,-0.32696477,-0.2964535,-0.28686732,-0.22655362,1.7977549,0.8599223,0.8599223,-0.31979084,-0.26201606,-0.24718808,-0.32432246,-0.3291557,-0.320206,-0.2841403,-0.0881548,1.0146612,-0.24451485,-0.28509068,-0.22626212,1.2022742,-0.23251301,-0.31715828,-0.286179,-0.2753738,-0.093383566,0.742485,-0.28388578,-0.28625527,-0.22956774,-0.20411447,-0.21096256,-0.29172873,-0.29706377,-0.26960543,-0.256234,-0.2358737,-0.26162174,-0.32880616,-0.26399255,-0.2850096,-0.30183107,-0.27876636,-0.30985528,-0.17962262,-0.31161842,-0.27598393,-0.29860467,-0.29347765,-0.22717229,2.1372232,2.1372232,-0.32411462,-0.2835803,-0.32943356,1.9910626,1.9910626,-0.33048365,-0.25665745,-0.3289357,-0.20655881,-0.31196946,-0.2535173,-0.33007872,-0.26374203
k__Bacteria|p__Firmicutes|c__Clostridia|o__Clostridiales|f__Lachnospiraceae|g__Lachnobacterium|s__unclassified,-0.28271136,-0.31128222,-0.32328734,-0.31718764,-0.31709188,-0.2932219,-0.3258366,-0.31652462,-0.33075604,-0.32128292,-0.19440371,-0.32539368,-0.3105135,-0.3221987,-0.28170568,-0.30519226,-0.3303013,-0.32365656,-0.32099465,-0.28503004,-0.27415004,-0.31223327,-0.31756294,-0.31969827,-0.28364027,-0.26755807,-0.32696477,-0.31931758,-0.31562328,-0.28501222,-0.23875734,-0.32284898,-0.32284898,-0.31979084,-0.31762046,-0.24718808,-0.32432246,-0.3291557,-0.32496402,-0.32103863,-0.26216364,-0.30590335,-0.3101154,-0.3152758,-0.27976796,-0.2851582,-0.31060788,-0.31715828,-0.320869,-0.31942248,-0.27687335,-0.3272691,-0.31885484,-0.3137338,-0.2839261,-0.20411447,-0.30918175,-0.29172873,-0.3250625,-0.31215036,-0.256234,-0.2358737,-0.3157677,0.6571923,-0.31814617,-0.2850096,-0.30183107,-0.31576806,-0.30985528,-0.28151157,-0.31161842,-0.27598393,-0.32317308,-0.3206621,-0.28322417,-0.19459927,-0.19459927,-0.32411462,-0.31775796,-0.32943356,-0.20658675,-0.20658675,-0.33048365,-0.3172304,-0.3289357,-0.20655881,-0.31196946,-0.3144657,-0.33007872,-0.31762132
k__Bacteria|p__Firmicutes|c__Erysipelotrichi|o__Erysipelotrichales|f__[Coprobacillaceae]|g__Coprobacillus|s__unclassified,-0.28271136,-0.3104235,-0.32328734,0.87326205,-0.31714588,-0.2932219,-0.3258366,-0.3160724,-0.33075604,-0.3212585,-0.19440371,-0.32539368,-0.3097657,-0.32274997,-0.2814916,-0.30519226,-0.3303013,-0.32339692,-0.32112318,-0.28483617,-0.27297255,-0.31223327,-0.31762493,-0.3197189,-0.2832599,-0.26755807,-0.32696477,-0.31922895,-0.31552178,-0.28492826,-0.23875734,-0.32284898,-0.32284898,-0.31979084,-0.31759906,-0.24718808,-0.32432246,-0.3291557,-0.32516062,-0.32062763,-0.2598055,-0.30590335,-0.30980796,-0.31549615,-0.27935922,-0.2851582,-0.31094813,-0.31715828,-0.32124186,-0.31911832,-0.27599937,-0.3272691,-0.31901547,-0.31388605,-0.2837165,-0.20411447,-0.3093324,-0.29172873,-0.32555234,-0.3116356,-0.256234,-0.2358737,-0.31599057,-0.32880616,-0.3180011,-0.2850096,-0.30183107,-0.3169459,-0.30985528,-0.2810474,-0.31161842,-0.27598393,-0.3230633,-0.32081023,-0.28295404,-0.19459927,-0.19459927,-0.32411462,-0.3181604,-0.32943356,-0.20658675,-0.20658675,0.6482633,-0.3172067,-0.3289357,-0.20655881,-0.31196946,-0.31444663,-0.33007872,-0.31728685
k__Bacteria|p__Firmicutes|c__Clostridia|o__Clostridiales|f__Veillonellaceae|g__Veillonella|s__parvula,1.7370608,0.57365644,-0.32328734,0.94348454,0.60705966,1.168381,-0.3258366,0.6259663,-0.33075604,0.64593875,-0.19440371,0.7804499,0.57702065,0.67139465,0.55045253,-0.30519226,-0.3303013,0.6786386,0.6624272,0.5567148,0.37820935,0.9354737,0.6430514,0.6606333,0.55750436,1.4148632,0.7526803,0.6637984,0.64629316,0.5552459,-0.23875734,0.8821903,0.8821903,0.9341074,0.62769127,-0.24718808,0.849815,0.66241264,0.6957745,0.6548077,0.34432527,1.037157,0.5955353,0.64371455,0.5426016,1.3422465,0.58835185,1.0293714,0.65785277,0.6432154,0.38681787,0.7400901,0.65025944,0.64057696,0.5561273,-0.20411447,0.56541264,-0.29172873,0.6778306,0.62121296,1.5826417,1.8200446,0.6244252,-0.32880616,0.6309184,-0.2850096,-0.30183107,0.64124775,-0.30985528,0.47286803,1.0649424,1.3332514,0.6726663,0.6633564,0.5511822,2.2353902,2.2353902,0.71403587,0.6490369,0.6946802,-0.20658675,-0.20658675,-0.33048365,0.6227758,-0.3289357,-0.20655881,-0.31196946,0.6151646,-0.33007872,0.6295229
k__Bacteria|p__Firmicutes|c__Erysipelotrichi|o__Erysipelotrichales|f__Erysipelotrichaceae|g__Holdemania|s__unclassified,-0.28271136,-0.3098697,-0.32328734,-0.31718764,-0.31580544,-0.2932219,-0.3258366,-0.3160075,-0.33075604,-0.3201083,-0.19440371,-0.32539368,-0.30969113,-0.32174438,-0.28125873,-0.30519226,-0.3303013,-0.32292336,-0.32041264,-0.2840019,-0.27519757,-0.31223327,-0.31739295,-0.3195684,-0.28308868,-0.26755807,-0.32696477,-0.3194748,-0.31600755,-0.28410542,-0.23875734,-0.32284898,-0.32284898,0.855071,-0.31662664,-0.24718808,-0.32432246,-0.3291557,-0.32443184,-0.31999815,-0.26371732,-0.30590335,-0.3098618,-0.3156355,-0.27951768,-0.2851582,-0.31079817,-0.31715828,-0.32060766,-0.3183817,-0.27795297,-0.3272691,-0.31840304,-0.31416753,-0.28335243,-0.20411447,-0.30879277,-0.29172873,-0.32425106,-0.31203395,-0.256234,-0.2358737,-0.31574398,0.6220646,-0.31712392,-0.2850096,-0.30183107,-0.3166336,-0.30985528,-0.2845343,-0.31161842,-0.27598393,-0.32217485,-0.3202881,-0.28239745,-0.19459927,-0.19459927,-0.32411462,-0.31822887,-0.32943356,-0.20658675,-0.20658675,-0.33048365,-0.31630445,-0.3289357,-0.20655881,-0.31196946,-0.31453955,0.6203224,-0.31662065
k__Bacteria|p__Firmicutes|c__Bacilli|o__Lactobacillales|f__Streptococcaceae|g__Lactococcus|s__unclassified,-0.28271136,-0.30938503,0.7942817,-0.31718764,-0.31596226,-0.2932219,-0.3258366,-0.31522128,-0.33075604,-0.3200351,-0.19440371,-0.32539368,-0.30903125,-0.3211034,-0.2803007,-0.30519226,-0.3303013,-0.32227176,-0.31967193,-0.28366345,-0.2727238,-0.31223327,-0.31639013,-0.31832087,-0.28228375,-0.26755807,-0.32696477,-0.3184399,-0.31438512,-0.28365028,-0.23875734,-0.32284898,-0.32284898,0.855769,-0.3160553,-0.24718808,-0.32432246,0.65146583,-0.3235281,-0.31925678,-0.25965607,-0.30590335,-0.30847943,-0.31406897,-0.27813685,-0.2851582,-0.3100001,-0.31715828,-0.3199823,-0.31778347,-0.2757981,-0.3272691,-0.31738633,-0.31237984,-0.2825411,-0.20411447,-0.3092792,-0.29172873,-0.3239494,-0.3103935,-0.256234,-0.2358737,-0.31458807,-0.32880616,-0.3168387,-0.2850096,-0.30183107,-0.31493938,-0.30985528,-0.28010148,-0.31161842,-0.27598393,-0.3216749,-0.31942034,-0.28173506,-0.19459927,-0.19459927,-0.32411462,-0.31681293,-0.32943356,-0.20658675,-0.20658675,-0.33048365,-0.316282,-0.3289357,-0.20655881,-0.31196946,-0.31318644,-0.33007872,-0.31594464
k__Bacteria|p__Firmicutes|c__Clostridia|o__Clostridiales|f__Clostridiaceae|g__Clostridium|s__unclassified,-0.28271136,-0.30391115,-0.32328734,0.81894237,-0.31023747,1.1721497,0.80186635,-0.3096468,0.6669486,-0.3143912,-0.19440371,0.7653901,-0.30349368,-0.31578243,-0.27577883,-0.30519226,-0.3303013,-0.31663683,-0.31428665,-0.2788735,-0.2688291,-0.31223327,-0.31086847,-0.3131007,-0.2777239,1.5553601,-0.32696477,-0.31311226,-0.30933672,-0.27884787,-0.23875734,0.8748226,0.8748226,-0.31979084,-0.31068188,-0.24718808,0.8002947,0.64950377,-0.31820324,-0.31387448,-0.2565332,1.0339742,-0.30358306,-0.30896175,-0.27381673,-0.2851582,-0.30443817,-0.31715828,-0.3143223,-0.31244564,-0.27160728,0.7458018,-0.3120908,-0.3073399,-0.2778676,-0.20411447,-0.30234638,-0.29172873,-0.31871685,-0.30552542,-0.256234,-0.2358737,-0.309029,-0.32880616,-0.31137034,-0.2850096,-0.30183107,-0.31008402,-0.30985528,-0.27610034,-0.31161842,-0.27598393,-0.31603885,-0.31410736,-0.27716327,-0.19459927,-0.19459927,0.7089929,-0.31139863,-0.32943356,2.2224176,2.2224176,-0.33048365,-0.31042224,-0.3289357,-0.20655881,-0.31196946,-0.30791825,-0.33007872,-0.31071055
k__Bacteria|p__Firmicutes|c__Bacilli|o__Turicibacterales|f__Turicibacteraceae|g__Turicibacter|s__unclassified,-0.28271136,-0.30880862,-0.32328734,-0.31718764,-0.3149724,-0.2932219,-0.3258366,-0.31475526,-0.33075604,-0.31952867,-0.19440371,-0.32539368,-0.3080126,-0.3202387,-0.2805361,-0.30519226,0.71480274,-0.3217288,-0.31884015,-0.2836505,-0.27294505,-0.31223327,-0.3160145,-0.3178051,-0.2822294,-0.26755807,-0.32696477,-0.3184771,-0.31386447,-0.2836538,-0.23875734,-0.32284898,-0.32284898,0.8566058,-0.3154807,-0.24718808,-0.32432246,-0.3291557,-0.3226987,-0.31909952,-0.26134783,-0.30590335,-0.30895215,-0.3136363,-0.278475,-0.2851582,-0.30980557,-0.31715828,-0.31902087,-0.3176854,-0.2757818,-0.3272691,-0.31702682,-0.3117965,-0.2822863,-0.20411447,-0.30801392,-0.29172873,-0.32369417,-0.31099498,-0.256234,-0.2358737,-0.31413093,-0.32880616,-0.31619644,-0.2850096,-0.30183107,-0.31432554,-0.30985528,-0.2818253,-0.31161842,-0.27598393,-0.32104856,-0.31894934,-0.28177524,-0.19459927,-0.19459927,-0.32411462,-0.31628513,0.59280163,-0.20658675,-0.20658675,-0.33048365,-0.31527865,0.4401922,-0.20655881,-0.31196946,-0.3134063,-0.33007872,-0.3157098
k__Bacteria|p__Firmicutes|c__Clostridia|o__Clostridiales|f__Veillonellaceae|g__Veillonella|s__dispar,2.1012588,1.0413237,0.99434906,1.067074,1.0186479,1.1712089,0.77353555,0.9648013,-0.33075604,0.9593899,2.3259678,0.77719,1.0293262,0.9073814,0.8673988,1.0294223,0.77660376,0.8990648,0.9155202,0.884489,1.1744475,1.0485972,0.93161476,0.9079751,0.86949503,1.4345903,0.95288676,0.9006021,0.90579295,0.88853717,2.1366196,1.1405115,1.1405115,1.1297656,0.9682652,2.0708277,1.0503712,0.7606312,0.86784124,0.93216294,1.1293414,1.0910268,0.97710073,0.90850514,0.8675097,1.5455468,1.0089815,1.369586,0.9289905,0.94505054,1.1825218,0.7662538,0.92443573,0.89895964,0.87829936,-0.20411447,1.0516653,-0.29172873,0.9225383,0.9283638,1.604664,2.0321345,0.9624691,0.6746846,0.9665624,1.2183055,1.0168926,0.9268518,-0.30985528,1.0077776,0.9925614,-0.27598393,0.908478,0.91133237,0.8794793,2.2327585,2.2327585,-0.32411462,0.92258596,0.5946137,-0.20658675,-0.20658675,0.64269346,0.9793178,0.4040953,2.0334842,0.39828205,0.97632504,0.6159714,0.9647908
k__Bacteria|p__Firmicutes|c__Clostridia|o__Coriobacteriales|f__Coriobacteriaceae|g__unclassified|s__unclassified,-0.28271136,-0.30944628,-0.32328734,0.8260522,-0.31614733,-0.2932219,0.7745552,-0.31558692,-0.33075604,-0.32085747,-0.19440371,-0.32539368,-0.30873924,-0.32225686,-0.28072512,-0.30519226,-0.3303013,-0.3223032,-0.32037073,-0.2842859,-0.27249587,-0.31223327,-0.31654721,-0.3192048,-0.28298205,-0.26755807,-0.32696477,-0.32032853,-0.31509113,-0.28431743,-0.23875734,-0.32284898,-0.32284898,-0.31979084,-0.31623632,-0.24718808,-0.32432246,-0.3291557,-0.32377607,-0.31997144,-0.2580951,-0.30590335,-0.30873477,-0.31493682,-0.27878278,-0.2851582,-0.311417,-0.31715828,-0.32071364,-0.31833914,-0.2756978,-0.3272691,-0.31741083,-0.31284416,-0.28351262,-0.20411447,-0.31002623,-0.29172873,-0.3255363,-0.31101286,-0.256234,-0.2358737,-0.31512403,-0.32880616,-0.3174718,-0.2850096,-0.30183107,-0.31645092,-0.30985528,-0.28159025,-0.31161842,-0.27598393,-0.32188734,-0.3203966,-0.28230476,-0.19459927,-0.19459927,-0.32411462,-0.31758803,-0.32943356,-0.20658675,-0.20658675,-0.33048365,-0.3161578,-0.3289357,-0.20655881,-0.31196946,-0.3145643,-0.33007872,-0.3167333
k__Bacteria|p__Firmicutes|c__Clostridia|o__Coriobacteriales|f__Coriobacteriaceae|g__Eggerthella|s__lenta,-0.28271136,-0.306854,-0.32328734,0.83724135,-0.31321067,-0.2932219,-0.3258366,-0.3131383,-0.33075604,-0.31736007,-0.19440371,-0.32539368,-0.3070994,-0.319074,-0.27821046,1.021228,-0.3303013,-0.3198657,-0.31754428,-0.281278,-0.270813,-0.31223327,-0.31405485,-0.3163433,-0.28026104,-0.26755807,0.74731773,-0.3168346,-0.31284702,-0.28125748,-0.23875734,-0.32284898,-0.32284898,-0.31979084,-0.31359568,1.6333438,-0.32432246,-0.3291557,-0.32113403,-0.31701785,-0.25772956,-0.30590335,-0.30626458,-0.31243128,-0.27628416,-0.2851582,-0.30809903,0.86197066,-0.31759518,-0.3152223,-0.2737518,-0.3272691,-0.31510085,-0.31054544,-0.28090328,-0.20411447,-0.30629683,1.1810875,-0.32197195,-0.30839053,-0.256234,-0.2358737,-0.3122734,-0.32880616,-0.31428775,-0.2850096,-0.30183107,-0.3132336,-0.30985528,-0.2792428,-0.31161842,1.3318449,-0.31919554,-0.31739533,-0.27947193,-0.19459927,-0.19459927,-0.32411462,-0.3150699,0.58977425,-0.20658675,-0.20658675,0.6433914,-0.3135533,-0.3289357,-0.20655881,-0.31196946,-0.311606,0.62050325,-0.31381148
k__Bacteria|p__Firmicutes|c__Bacilli|o__Lactobacillales|f__Carnobacteriaceae|g__Granulicatella|s__unclassified,1.2899846,-0.19054016,0.82533514,-0.31718764,-0.20659684,1.1788665,0.7955657,-0.2259551,-0.33075604,-0.234009,-0.19440371,0.74786085,-0.1943545,-0.25495997,-0.20011121,-0.30519226,-0.3303013,-0.2591433,-0.2501923,-0.19742602,-0.09816678,-0.31223327,-0.23996328,-0.25159568,-0.20165646,1.4862529,0.7415257,-0.25455058,-0.2477707,-0.19592664,1.7644602,0.85413176,0.85413176,-0.31979084,-0.22610801,1.6362518,0.7704195,-0.3291557,-0.27282962,-0.2436771,-0.100470856,1.0211403,-0.21403125,-0.2463992,-0.19780311,1.2012839,-0.20320432,0.8726863,-0.24515584,-0.23690477,-0.0983602,0.7395571,-0.24406368,-0.24806958,-0.19878542,-0.20411447,-0.18551588,1.1630398,-0.2527203,-0.2349551,1.582974,-0.2358737,-0.22612631,-0.32880616,-0.22761542,1.2159247,-0.30183107,-0.24061877,-0.30985528,-0.17004824,0.940811,-0.27598393,-0.25483638,-0.25144863,-0.19727263,2.138333,2.138333,-0.32411462,-0.24402755,-0.32943356,-0.20658675,-0.20658675,-0.33048365,-0.22139916,-0.3289357,-0.20655881,-0.31196946,-0.21959263,-0.33007872,-0.22756962
k__Bacteria|p__Firmicutes|c__Bacilli|o__Lactobacillales|f__Streptococcaceae|g__Streptococcus|s__unclassified,1.5060945,0.6855809,0.7858353,0.84463185,0.71139455,1.1712089,0.7679086,0.71796405,0.6688623,0.7345726,-0.19440371,0.747238,0.6862172,0.74800813,0.6325916,1.026971,0.70791984,0.75225335,0.7413275,0.6423194,0.5307693,0.92855227,0.7259585,0.7383057,0.6402668,1.4364489,0.8025227,0.7397955,0.72412324,0.64215434,-0.23875734,0.8633806,0.8633806,0.90092033,0.7192118,1.6375576,0.78164035,0.6531231,0.7618091,0.73706454,0.48696834,1.0208712,0.6911185,0.72219825,0.6258429,1.2099644,0.69287574,0.8533341,0.74014926,0.7286575,0.54090136,0.760658,0.7308778,0.7173848,0.64147127,-0.20411447,0.68256485,1.3240253,0.7562246,0.7039963,1.5852969,-0.2358737,0.71648276,0.6433226,0.7223061,-0.2850096,-0.30183107,0.723626,-0.30985528,0.58382297,0.99138784,1.3534243,0.7488527,0.740945,0.63608396,-0.19459927,-0.19459927,0.7089929,0.7308948,0.5927412,2.2655404,2.2655404,0.6556836,0.7180279,0.43850586,1.9962859,0.38967985,0.71108156,0.61585027,0.720484
k__Bacteria|p__Firmicutes|c__Clostridia|o__Clostridiales|f__Ruminococcaceae|g__unclassified|s__unclassified,-0.28271136,0.56291807,-0.32328734,-0.31718764,0.6046387,-0.2932219,-0.3258366,0.6362245,0.82019883,0.6588999,-0.19440371,0.794098,0.56889176,0.69651496,0.55675626,-0.30519226,0.88062036,0.7062848,0.68486017,0.56141555,0.31763032,-0.31223327,0.6604892,0.68411505,0.5647145,-0.26755807,0.74352676,0.690628,0.66851526,0.5590488,-0.23875734,0.862805,0.862805,0.8542329,0.6357951,-0.24718808,0.79204684,0.70131683,0.7298627,0.67326677,0.28484213,-0.30590335,0.598814,0.66506684,0.5478237,-0.2851582,0.5870993,0.88361937,0.6778916,0.6580602,0.32674327,0.7741387,0.6694752,0.662337,0.5619421,-0.20411447,0.5533203,1.1640407,0.7023939,0.63533974,-0.256234,-0.2358737,0.63439584,0.78087324,0.6406525,-0.2850096,1.1316053,0.6593437,0.88316476,0.45390272,-0.31161842,-0.27598393,0.69800174,0.68714184,0.5555183,-0.19459927,-0.19459927,0.97521806,0.66905,0.74296343,-0.20658675,-0.20658675,0.65367675,0.6297858,0.5502374,-0.20655881,0.45337227,0.6227132,0.6321909,0.6393487
k__Bacteria|p__Firmicutes|c__Clostridia|o__Coriobacteriales|f__Coriobacteriaceae|g__Collinsella|s__unclassified,-0.28271136,-0.30983368,-0.32328734,-0.31718764,-0.31574738,-0.2932219,-0.3258366,-0.31540686,-0.33075604,-0.32021448,-0.19440371,-0.32539368,-0.30876243,-0.32197022,-0.2803389,-0.30519226,-0.3303013,-0.32286626,-0.3202166,-0.2837808,-0.27078497,-0.31223327,-0.31626552,-0.3190372,-0.28253335,-0.26755807,-0.32696477,-0.31948525,-0.31470728,-0.28370005,-0.23875734,-0.32284898,-0.32284898,-0.31979084,-0.31606796,-0.24718808,-0.32432246,-0.3291557,-0.32453865,-0.32011205,-0.25696564,-0.30590335,-0.308762,-0.31432128,-0.27833456,-0.2851582,-0.30974385,-0.31715828,-0.3198645,-0.31813428,-0.27395478,0.78870976,-0.31762338,-0.31261465,-0.2830583,-0.20411447,-0.30787927,-0.29172873,-0.32529724,-0.31053236,-0.256234,-0.2358737,-0.31465387,0.62811947,-0.317061,-0.2850096,-0.30183107,-0.31442228,-0.30985528,-0.2781149,-0.31161842,-0.27598393,-0.3221625,-0.31997427,-0.2817257,-0.19459927,-0.19459927,-0.32411462,-0.3171296,-0.32943356,-0.20658675,-0.20658675,0.6612441,-0.31595004,0.44816363,-0.20655881,-0.31196946,-0.31397837,-0.33007872,-0.3167113
k__Bacteria|p__Firmicutes|c__Clostridia|o__Clostridiales|f__Ruminococcaceae|g__Faecalibacterium|s__prausnitzii,-0.28271136,-0.30471402,-0.32328734,-0.31718764,-0.31077176,-0.2932219,-0.3258366,-0.3101294,0.68736714,-0.3141902,-0.19440371,0.78681827,-0.30513126,-0.3158729,-0.27573663,-0.30519226,0.8472539,-0.31674206,-0.3146909,-0.27860698,-0.27029,-0.31223327,-0.31122404,-0.3132746,-0.27750686,-0.26755807,-0.32696477,-0.31283328,-0.31000736,-0.27863616,-0.23875734,-0.32284898,-0.32284898,-0.31979084,-0.31117836,-0.24718808,-0.32432246,0.6621143,-0.31804904,-0.31404358,-0.2584722,-0.30590335,-0.30394667,-0.30959514,-0.27395344,-0.2851582,-0.30494612,-0.31715828,-0.3143976,-0.3123058,-0.27271912,-0.3272691,-0.3126818,-0.30794775,-0.27842233,-0.20411447,-0.30304873,-0.29172873,-0.3184715,-0.30566788,-0.256234,-0.2358737,-0.3093146,0.6244109,-0.31144625,-0.2850096,1.0316933,-0.31042165,0.88316476,-0.27708134,-0.31161842,-0.27598393,-0.316205,-0.31410828,-0.27701584,-0.19459927,-0.19459927,0.7400651,-0.31206855,0.5981077,-0.20658675,-0.20658675,-0.33048365,-0.31101662,0.5338791,-0.20655881,0.44138962,-0.3084408,0.6353441,-0.31105348
k__Bacteria|p__Firmicutes|c__Clostridia|o__Clostridiales|f__Lachnospiraceae|g__Dorea|s__unclassified,-0.28271136,-0.30381805,-0.32328734,0.9394,-0.30961835,-0.2932219,-0.3258366,-0.30850923,0.6757505,-0.3135291,-0.19440371,0.7662463,-0.3024178,-0.31394544,-0.2746343,-0.30519226,-0.3303013,-0.31490374,-0.3124832,-0.2782246,-0.2677578,-0.31223327,-0.30935687,-0.31147158,-0.2767269,-0.26755807,-0.32696477,-0.31126976,-0.30712658,-0.27831075,-0.23875734,1.0639504,1.0639504,0.89918494,-0.3095176,-0.24718808,-0.32432246,-0.3291557,-0.31605056,-0.31282634,-0.25459528,-0.30590335,-0.30208787,-0.30692637,-0.27266616,-0.2851582,-0.3036301,0.879118,-0.31296957,-0.31130832,-0.27123886,0.74035645,-0.3100748,-0.30508178,-0.2769282,-0.20411447,-0.30363038,-0.29172873,-0.31701452,-0.30403593,-0.256234,-0.2358737,-0.30840647,0.6212048,-0.31040838,-0.2850096,1.0185306,-0.30819055,-0.30985528,-0.27493408,-0.31161842,-0.27598393,-0.31449446,-0.3123766,-0.27618214,-0.19459927,-0.19459927,-0.32411462,-0.30974534,-0.32943356,-0.20658675,-0.20658675,0.65179163,-0.30906603,0.3957632,-0.20655881,-0.31196946,-0.3069896,-0.33007872,-0.30968073
k__Bacteria|p__Firmicutes|c__Clostridia|o__Clostridiales|f__Ruminococcaceae|g__Ruminococcus|s__unclassified,-0.28271136,0.5177442,-0.32328734,0.8206198,0.5575773,-0.2932219,-0.3258366,0.5825996,0.6747276,0.60664654,-0.19440371,0.7414894,0.52227366,0.6391787,0.5114741,-0.30519226,0.71480274,0.6482894,0.62890375,0.51652575,0.28883326,0.9760253,0.6055747,0.6278069,0.51907873,-0.26755807,-0.32696477,0.6312447,0.6115578,0.5148431,-0.23875734,-0.32284898,-0.32284898,0.87182546,0.58579683,-0.24718808,0.7731193,0.7572458,0.6712899,0.6193242,0.25682476,-0.30590335,0.54874414,0.6084796,0.5031353,1.2076045,0.5359877,-0.31715828,0.62238425,0.6049695,0.29673177,0.9103081,0.6145078,0.6064918,0.5166969,-0.20411447,0.50789255,1.1643533,0.64430964,0.58254206,-0.256234,-0.2358737,0.5815542,0.64135754,0.5891735,-0.2850096,1.0258303,0.60416687,1.1788423,0.41046888,-0.31161842,1.3640419,0.6404338,0.62976,0.51143676,-0.19459927,-0.19459927,0.8286934,0.6130763,0.67310035,-0.20658675,-0.20658675,0.6478845,0.57798684,0.513537,-0.20655881,0.4923082,0.5693811,0.6162742,0.5878195
k__Bacteria|p__Firmicutes|c__Clostridia|o__Clostridiales|f__unclassified|g__unclassified|s__unclassified,-0.28271136,0.5904918,0.85479367,0.8306259,0.633248,1.1883183,1.0523307,0.6619061,0.7090737,0.68721056,-0.19440371,0.7816546,0.5950817,0.72321606,0.581143,-0.30519226,0.973273,0.73300177,0.7115197,0.5866831,0.34069484,0.93680304,0.6866323,0.7102616,0.589162,1.4224242,-0.32696477,0.71510637,0.69313335,0.584404,-0.23875734,1.0157242,1.0157242,0.94053775,0.6639368,-0.24718808,0.7786721,0.6772164,0.75719774,0.70084643,0.30610055,1.1189874,0.62451017,0.6899909,0.5715896,1.20267,0.61198366,0.9139778,0.70446086,0.6856967,0.35025287,0.85877746,0.6961268,0.68713355,0.5861432,-0.20411447,0.57912636,-0.29172873,0.72955537,0.661463,-0.256234,-0.2358737,0.6605886,0.65940255,0.6682553,-0.2850096,-0.30183107,0.684695,0.86581326,0.47407734,-0.31161842,-0.27598393,0.72465354,0.7132237,0.58058506,-0.19459927,-0.19459927,0.7276616,0.69458795,0.608993,-0.20658675,-0.20658675,0.6700523,0.65657294,0.46426108,-0.20655881,0.46423167,0.64776075,0.73955154,0.6666694
k__Bacteria|p__Firmicutes|c__Clostridia|o__Coriobacteriales|f__unclassified|g__unclassified|s__unclassified,-0.28271136,0.5128695,-0.32328734,0.85925096,0.5530817,-0.2932219,0.7915658,0.5829768,0.68157566,0.6057888,-0.19440371,0.78813493,0.51829195,0.6417878,0.51224136,-0.30519226,0.7300188,0.651393,0.6313672,0.515157,0.28296417,-0.31223327,0.60779375,0.63131744,0.51933247,-0.26755807,0.73630416,0.6357922,0.61633277,0.5132868,-0.23875734,-0.32284898,-0.32284898,0.8549314,0.58479387,-0.24718808,-0.32432246,0.6766284,0.67597973,0.62050354,0.25739825,1.0114057,0.5499558,0.61317897,0.50451326,-0.2851582,0.5347289,0.85382134,0.6237674,0.6061616,0.2899564,0.75489956,0.6170146,0.6116595,0.5155453,-0.20411447,0.5023849,-0.29172873,0.645234,0.5870037,-0.256234,-0.2358737,0.5822559,0.6422563,0.588566,1.2149158,1.0217987,0.60667956,0.9002203,0.41638488,-0.31161842,-0.27598393,0.64297795,0.63275075,0.5110156,-0.19459927,-0.19459927,0.79285544,0.6162907,0.6517287,-0.20658675,-0.20658675,0.64598846,0.57708275,0.42655012,-0.20655881,0.3986316,0.5699952,0.63344145,0.5872761
k__Bacteria|p__Firmicutes|c__Erysipelotrichi|o__Erysipelotrichales|f__Erysipelotrichaceae|g__[Eubacterium]|s__dolichum,-0.28271136,0.47863108,0.79568255,0.9209997,0.51638377,1.1619099,0.8311838,0.544969,0.66945034,0.56635475,-0.19440371,0.7515899,0.48441404,0.60065556,0.4788612,-0.30519226,-0.3303013,0.609941,0.5907106,0.48143268,0.26179665,-0.31223327,0.5688783,0.59050107,0.48517585,-0.26755807,0.7888613,0.5947061,0.57678,0.4793529,-0.23875734,0.8844464,0.8844464,0.86673194,0.5468525,-0.24718808,0.7770387,0.66791564,0.6330141,0.5804273,0.23848936,1.0299813,0.51314604,0.57387686,0.47120845,-0.2851582,0.49922708,0.8765979,0.583712,0.5665018,0.2681991,-0.3272691,0.5773636,0.57280827,0.481955,-0.20411447,0.46839875,-0.29172873,0.6038991,0.54861605,-0.256234,-0.2358737,0.54412353,0.62800556,0.55000365,-0.2850096,-0.30183107,0.568058,-0.30985528,0.38852012,-0.31161842,-0.27598393,0.601882,0.5922817,0.47729376,-0.19459927,-0.19459927,0.7103708,0.57640314,-0.32943356,-0.20658675,-0.20658675,-0.33048365,0.5390983,0.39744982,-0.20655881,0.394078,0.53204125,0.6142136,0.5489609
k__Bacteria|p__Firmicutes|c__Clostridia|o__Clostridiales|f__Lachnospiraceae|g__Roseburia|s__faecis,-0.28271136,-0.3078675,-0.32328734,-0.31718764,-0.31476805,-0.2932219,0.77353555,-0.3137016,0.67282516,-0.31867194,-0.19440371,-0.32539368,-0.30766213,-0.3187468,-0.27877828,-0.30519226,-0.3303013,-0.3204588,-0.31752348,-0.282574,-0.2701775,1.0002825,-0.31458592,-0.31594664,-0.28076786,-0.26755807,-0.32696477,-0.31644124,-0.31193465,-0.28246403,-0.23875734,-0.32284898,-0.32284898,-0.31979084,-0.31445533,-0.24718808,-0.32432246,0.67751026,-0.32082304,-0.317757,-0.25566652,1.0363623,-0.30642778,-0.31180045,-0.27629605,-0.2851582,-0.30876672,-0.31715828,-0.31808537,-0.3162486,-0.27366138,-0.3272691,-0.31563008,-0.30950066,-0.2811721,-0.20411447,-0.30625173,-0.29172873,-0.32306653,-0.30812582,-0.256234,-0.2358737,-0.31263274,-0.32880616,-0.31533366,-0.2850096,-0.30183107,-0.31323957,-0.30985528,-0.2770363,-0.31161842,-0.27598393,-0.3195903,-0.31762934,-0.2802539,-0.19459927,-0.19459927,0.7299146,-0.31487557,0.61474645,-0.20658675,-0.20658675,0.6485157,-0.31464255,-0.3289357,-0.20655881,-0.31196946,-0.3120569,-0.33007872,-0.31466714
k__Bacteria|p__Firmicutes|c__Clostridia|o__unclassified|f__unclassified|g__unclassified|s__unclassified,-0.28271136,0.58592737,0.79917604,0.83724135,0.62742937,1.2427881,0.88004935,0.65869355,0.7816694,0.6822784,-0.19440371,1.0821971,0.5918546,0.7204306,0.57970214,-0.30519226,0.7399046,0.7302322,0.70910144,0.58283126,0.3454863,0.9288995,0.6846775,0.7087506,0.58679736,-0.26755807,-0.32696477,0.7133924,0.69337785,0.58048785,-0.23875734,-0.32284898,-0.32284898,0.89530283,0.66070724,-0.24718808,0.7898013,0.7431758,0.75575954,0.6977208,0.31878427,1.0424395,0.62366295,0.6901221,0.57116455,1.3689064,0.60821223,0.90007704,0.70120645,0.6823635,0.35291785,0.77194756,0.6941663,0.6887963,0.58335257,1.9711086,0.5747094,-0.29172873,0.7242645,0.6621593,-0.256234,-0.2358737,0.6576963,0.84188426,0.6643418,-0.2850096,1.0361449,0.6836703,0.88831204,0.48378116,0.93833756,-0.27598393,0.7216712,0.7108581,0.5780411,-0.19459927,-0.19459927,0.74243855,0.69290054,0.6266227,-0.20658675,-0.20658675,0.649777,0.6522871,0.4954332,-0.20655881,0.40403396,0.6444708,0.61748433,0.66325736
k__Bacteria|p__Firmicutes|c__Clostridia|o__Clostridiales|f__Lachnospiraceae|g__Lachnospira|s__unclassified,-0.28271136,-0.27641797,-0.32328734,0.95160395,-0.28069866,-0.2932219,-0.3258366,-0.27955365,0.6957056,-0.28256452,-0.19440371,-0.32539368,-0.27578932,-0.28293145,-0.24808764,-0.30519226,1.3546232,-0.28333625,-0.2818948,-0.251271,-0.24970709,-0.31223327,-0.2795806,-0.28084508,-0.24996221,-0.26755807,-0.32696477,-0.28096014,-0.27789786,-0.25147697,-0.23875734,1.450089,1.450089,-0.31979084,-0.2794724,-0.24718808,-0.32432246,0.69642764,-0.28346682,-0.28151757,-0.2373228,-0.30590335,-0.2743294,-0.27753553,-0.24672261,1.2129066,-0.27686986,-0.31715828,-0.28251606,-0.28055808,-0.25254482,1.0764911,-0.28029042,-0.27572334,-0.25084507,-0.20411447,-0.2756542,-0.29172873,-0.2859849,-0.27404585,-0.256234,-0.2358737,-0.27920556,0.78740203,-0.28036082,1.2208631,1.1817653,-0.27938542,0.88316476,-0.25219578,-0.31161842,-0.27598393,-0.28318954,-0.281621,-0.24955381,-0.19459927,-0.19459927,0.7487894,-0.28023213,0.7280776,-0.20658675,-0.20658675,-0.33048365,-0.2803307,0.44753662,-0.20655881,0.39284846,-0.27891314,-0.33007872,-0.2797806
k__Bacteria|p__Firmicutes|c__Clostridia|o__Clostridiales|f__Veillonellaceae|g__unclassified|s__unclassified,-0.28271136,-0.30340886,-0.32328734,-0.31718764,-0.30951676,-0.2932219,-0.3258366,-0.30879694,-0.33075604,-0.31301543,-0.19440371,-0.32539368,-0.30319238,-0.31397575,-0.2746733,1.0367401,0.7156094,-0.31515655,-0.31272656,-0.2777393,-0.2689355,0.9655147,-0.3096049,-0.31142586,-0.27650765,-0.26755807,1.0216484,-0.31116575,-0.30790344,-0.2777027,-0.23875734,0.86222917,0.86222917,-0.31979084,-0.30967635,-0.24718808,0.7691845,0.6807369,-0.31618822,-0.3126382,-0.2568401,-0.30590335,-0.3025502,-0.30765525,-0.2726586,-0.2851582,-0.3035953,-0.31715828,-0.31274834,-0.31116953,-0.27212036,-0.3272691,-0.31069866,-0.3057094,-0.2767865,-0.20411447,-0.30253422,1.163165,-0.31687433,-0.3044743,-0.256234,-0.2358737,-0.3080635,0.6238392,-0.31031176,-0.2850096,-0.30183107,-0.30823222,0.86581326,-0.27566737,-0.31161842,-0.27598393,-0.31462616,-0.31253695,-0.27590916,-0.19459927,-0.19459927,-0.32411462,-0.31012446,-0.32943356,-0.20658675,-0.20658675,0.6483264,-0.3095278,0.46802342,-0.20655881,0.39985406,-0.3070203,-0.33007872,-0.30973667
k__Bacteria|p__Firmicutes|c__Clostridia|o__Clostridiales|f__Lachnospiraceae|g__[Ruminococcus]|s__unclassified,-0.28271136,0.53190684,0.79147416,0.8640769,0.5713174,-0.2932219,0.771493,0.6008297,0.7204514,0.62339723,-0.19440371,-0.32539368,0.537024,0.65948224,0.52761453,-0.30519226,0.7331929,0.6683593,0.64838564,0.5313115,0.300316,-0.31223327,0.62502855,0.6478728,0.5345515,-0.26755807,0.83204645,0.6525036,0.6327897,0.5290099,-0.23875734,0.86682695,0.86682695,0.85535026,0.60220635,-0.24718808,-0.32432246,-0.3291557,0.6920403,0.63752234,0.2727235,-0.30590335,0.5664513,0.6298639,0.519156,-0.2851582,0.55356586,0.8761217,0.6411548,0.6231069,0.30825827,0.7422192,0.63386863,0.6280298,0.531311,-0.20411447,0.52159584,-0.29172873,0.66359234,0.602888,1.5816442,-0.2358737,0.60009706,0.62389636,0.60601425,1.2375094,1.0172048,0.6239621,0.87799084,0.43152815,0.93647844,-0.27598393,0.66051185,0.6501925,0.5262191,-0.19459927,-0.19459927,0.7181431,0.63300383,0.59364766,-0.20658675,-0.20658675,0.6562473,0.59498787,0.4008876,-0.20655881,0.38826838,0.58767927,0.6299837,0.6046959
k__Bacteria|p__Firmicutes|c__Clostridia|o__Clostridiales|f__Lachnospiraceae|g__unclassified|s__unclassified,1.2906168,0.8889481,1.891148,1.2173071,0.9435401,1.2331026,1.17348,0.9802169,1.1324245,1.0126114,-0.19440371,1.4326314,0.89500296,1.0585365,0.8638567,1.0326812,0.8979036,1.0717922,1.0438733,0.87069005,0.5700382,1.1760705,1.0121696,1.042182,0.8739219,-0.26755807,-0.32696477,1.0478415,1.0203495,0.86774504,-0.23875734,0.9365854,0.9365854,1.0724552,0.9834242,-0.24718808,1.053653,1.2400278,1.1030622,1.0304897,0.5274432,1.188498,0.9329531,1.016215,0.85171145,1.2012839,0.9150561,1.0292078,1.034622,1.010954,0.5815729,1.2882103,1.0245126,1.0131922,0.86996865,-0.20411447,0.8736412,1.1646032,1.066328,0.9801487,-0.256234,-0.2358737,0.9781699,0.8796985,0.98848987,1.2920688,1.160218,1.0091708,0.9383781,0.7402655,0.939575,1.3336025,1.0611424,1.0459731,0.86313176,-0.19459927,-0.19459927,1.0166116,1.0215724,1.5095416,-0.20658675,-0.20658675,0.8289173,0.97327495,1.210424,-0.20655881,0.56664634,0.9612155,1.0210327,0.98667896
k__Bacteria|p__Firmicutes|c__Clostridia|o__Clostridiales|f__Ruminococcaceae|g__Oscillospira|s__unclassified,1.3587067,0.6102464,0.90497357,1.0448881,0.6518641,1.1615932,0.7900617,0.6814604,0.705961,0.7055032,-0.19440371,0.8351009,0.6158252,0.74292684,0.60024285,-0.30519226,0.7312103,0.7513637,0.73125327,0.6038592,0.37266445,0.93088126,0.7064344,0.7305365,0.6076445,-0.26755807,0.99588954,0.73542905,0.71511114,0.60145515,-0.23875734,0.88894343,0.88894343,0.8931545,0.68367684,-0.24718808,0.7880705,0.6935405,0.7766817,0.7198571,0.34349743,1.1303906,0.64621156,0.7121157,0.5915105,1.2501981,0.6324627,0.87735933,0.72336555,0.704944,0.38082033,-0.3272691,0.7157295,0.7101048,0.60408574,-0.20411447,0.5999162,-0.29172873,0.74673194,0.684459,-0.256234,-0.2358737,0.6804147,0.648358,0.6876887,-0.2850096,1.0412625,0.7053652,0.90359676,0.5067526,0.94142836,-0.27598393,0.74309385,0.7328299,0.59896684,-0.19459927,-0.19459927,0.7178395,0.7150601,0.5969644,1.9925946,1.9925946,0.75394326,0.6756964,0.40424085,-0.20655881,0.41938373,0.66757095,0.66645586,0.686179
k__Bacteria|p__Firmicutes|c__Clostridia|o__Clostridiales|f__Lachnospiraceae|g__[Ruminococcus]|s__gnavus,-0.28271136,0.5407735,0.806819,0.9951193,0.57895863,-0.2932219,0.811571,0.6053662,0.67677236,0.6276784,-0.19440371,-0.32539368,0.5452111,0.66096485,0.53158927,1.0224614,0.7268346,0.66918105,0.65010214,0.5364148,0.31692952,0.9577394,0.6275685,0.64876103,0.5388044,-0.26755807,-0.32696477,0.653265,0.6342038,0.534066,-0.23875734,1.1911076,1.1911076,1.0580838,0.6068754,-0.24718808,-0.32432246,0.6782445,0.6910921,0.64003336,0.28676677,-0.30590335,0.5713911,0.6313096,0.5230125,-0.2851582,0.5599929,0.8853198,0.64338326,0.6264162,0.32558173,0.74739,0.63587743,0.62862456,0.53603226,1.9708976,0.5309056,1.2737687,0.6659157,0.60535336,1.8046547,1.7378182,0.6038374,0.6225801,0.610875,-0.2850096,-0.30183107,0.6257234,-0.30985528,0.43707854,0.9463539,1.3371086,0.66224945,0.65163815,0.53102165,-0.19459927,-0.19459927,0.71098256,0.6343856,0.58941036,-0.20658675,-0.20658675,0.6600596,0.6001898,0.4221994,-0.20655881,0.3949553,0.5916787,0.6493823,0.60928047
k__Bacteria|p__Firmicutes|c__Clostridia|o__Clostridiales|f__Lachnospiraceae|g__Roseburia|s__unclassified,-0.28271136,-0.30381772,-0.32328734,-0.31718764,-0.3107953,-0.2932219,0.76636845,-0.30907837,0.68404114,-0.31466746,-0.19440371,0.7731912,-0.30374414,-0.3152504,-0.27566886,-0.30519226,-0.3303013,-0.3165788,-0.31413263,-0.27871308,-0.26746655,-0.31223327,-0.31060717,-0.312978,-0.2775149,-0.26755807,-0.32696477,-0.31240898,-0.30857515,-0.27892035,-0.23875734,-0.32284898,-0.32284898,-0.31979084,-0.31124538,-0.24718808,-0.32432246,0.6549278,-0.3183301,-0.3143602,-0.25536805,1.0089571,-0.30288616,-0.3082475,-0.27366844,-0.2851582,-0.30359784,-0.31715828,-0.3143862,-0.31223822,-0.26995808,0.95254993,-0.31163996,-0.30694896,-0.278235,-0.20411447,-0.30533108,1.1629773,-0.31778485,-0.30536038,-0.256234,-0.2358737,-0.30872157,0.7135465,-0.31149393,-0.2850096,-0.30183107,-0.3095329,1.0849816,-0.27565408,-0.31161842,-0.27598393,-0.31559315,-0.3135524,-0.2769991,-0.19459927,-0.19459927,1.0366831,-0.31130135,0.7718336,-0.20658675,-0.20658675,-0.33048365,-0.3101886,0.4093945,-0.20655881,-0.31196946,-0.3072512,-0.33007872,-0.31096068
k__Bacteria|p__Firmicutes|c__Clostridia|o__Clostridiales|f__Lachnospiraceae|g__Blautia|s__unclassified,-0.28271136,1.000482,0.80265737,1.6054738,1.056278,1.2499186,1.2036812,1.0883346,1.1986398,1.1223452,-0.19440371,1.6596107,1.0052853,1.1649072,0.95947427,1.0241036,1.4460684,1.1774706,1.1498975,0.9691603,0.67392373,1.0114865,1.1180627,1.1474111,0.9705925,-0.26755807,1.4205129,1.152204,1.1231924,0.96675146,1.7698197,1.2001874,1.2001874,1.4408143,1.0921006,-0.24718808,0.77896345,1.4598315,1.206852,1.1377513,0.6206502,1.5129863,1.0385785,1.1192998,0.9462904,1.2655518,1.0252187,1.0571376,1.1422534,1.1183317,0.68835497,1.0491922,1.130012,1.1144052,0.9677398,1.9780451,0.9875767,1.264086,1.1751208,1.0829892,2.1106665,1.8345969,1.086791,1.3445536,1.0971801,1.3434014,1.0739408,1.114816,0.9002203,0.8363237,0.96521443,1.3758955,1.1671984,1.1517252,0.9600748,-0.19459927,-0.19459927,0.98990154,1.127856,1.1051027,-0.20658675,-0.20658675,0.7893686,1.0826725,0.95555294,-0.20655881,0.7610869,1.070414,1.390195,1.0949903
k__Bacteria|p__Firmicutes|c__Clostridia|o__Clostridiales|f__Peptostreptococcaceae|g__unclassified|s__unclassified,-0.28271136,0.105090395,0.86202466,0.913009,0.12169184,1.1788665,1.0144377,0.13853964,0.66974425,0.14689949,-0.19440371,0.7744047,0.108398676,0.16614647,0.11946975,-0.30519226,0.7324003,0.16990572,0.16133751,0.119072706,0.0070320163,-0.31223327,0.15050572,0.162024,0.12204371,-0.26755807,-0.32696477,0.16484834,0.1566396,0.11780694,-0.23875734,0.89118433,0.89118433,-0.31979084,0.13811308,-0.24718808,0.7794878,0.65372497,0.18194678,0.15529102,0.00035045855,-0.30590335,0.12444475,0.15539953,0.11666016,-0.2851582,0.117032185,-0.31715828,0.15705684,0.14850625,0.008958839,0.7669025,0.15478384,0.15582068,0.120084345,-0.20411447,0.09883836,-0.29172873,0.16632956,0.14242767,-0.256234,-0.2358737,0.13848394,-0.32880616,0.14017773,-0.2850096,-0.30183107,0.15146866,-0.30985528,0.07244161,0.9445097,-0.27598393,0.16583958,0.16244696,0.117715575,-0.19459927,-0.19459927,0.7220824,0.155244,0.5946137,-0.20658675,-0.20658675,-0.33048365,0.1349498,0.39385313,-0.20655881,-0.31196946,0.13354543,0.6236333,0.13998869
k__Bacteria|p__Firmicutes|c__Clostridia|o__Clostridiales|f__Ruminococcaceae|g__Faecalibacterium|s__unclassified,-0.28271136,-0.3072659,-0.32328734,-0.31718764,-0.31331152,-0.2932219,-0.3258366,-0.31290543,0.6997063,-0.31712908,-0.19440371,-0.32539368,-0.30679578,-0.31816065,-0.2784589,-0.30519226,0.89588577,-0.3196272,-0.3170329,-0.28142095,-0.27161366,-0.31223327,-0.31399935,-0.3157968,-0.2801985,-0.26755807,-0.32696477,-0.31546843,-0.31214014,-0.28161326,-0.23875734,-0.32284898,-0.32284898,-0.31979084,-0.3138232,-0.24718808,-0.32432246,-0.3291557,-0.32093465,-0.31702918,-0.26014245,-0.30590335,-0.30693433,-0.31201386,-0.2767133,-0.2851582,-0.30718362,-0.31715828,-0.31689465,-0.31541145,-0.27452993,-0.3272691,-0.31509978,-0.3102974,-0.28061438,-0.20411447,-0.3073979,-0.29172873,-0.32033992,-0.30897245,-0.256234,-0.2358737,-0.3124333,-0.32880616,-0.31421235,-0.2850096,1.070395,-0.311723,0.92031026,-0.28013527,-0.31161842,-0.27598393,-0.31933415,-0.31657672,-0.27982605,-0.19459927,-0.19459927,0.86944336,-0.31445935,0.5943723,-0.20658675,-0.20658675,-0.33048365,-0.31350726,0.8348784,-0.20655881,0.5537117,-0.3109854,0.67013425,-0.31368655
k__Bacteria|p__Firmicutes|c__Clostridia|o__Clostridiales|f__Lachnospiraceae|g__Coprococcus|s__unclassified,-0.28271136,0.5527512,-0.32328734,0.84094346,0.5929519,1.1734027,0.7833493,0.6209725,0.74268913,0.64430624,-0.19440371,0.76929826,0.5580528,0.6787965,0.5456772,-0.30519226,0.7268346,0.68815076,0.66810715,0.5501365,0.3210191,0.9291474,0.6446098,0.6669276,0.552945,-0.26755807,-0.32696477,0.67151,0.6516216,0.5478334,-0.23875734,0.8702615,0.8702615,0.8722373,0.6230105,-0.24718808,0.8270289,-0.3291557,0.71132416,0.65779245,0.29134834,-0.30590335,0.5862624,0.64871866,0.53702104,-0.2851582,0.5731967,-0.31715828,0.66100574,0.6435422,0.3288999,0.75108594,0.6536656,0.6465679,0.5497464,-0.20411447,0.5413147,1.1631024,0.6838349,0.62199676,1.5971587,1.6943345,0.61925614,0.64623505,0.6268143,-0.2850096,1.0286118,0.6432112,0.867562,0.44859716,0.9377182,1.331493,0.68041396,0.6698028,0.54497516,-0.19459927,-0.19459927,0.73021466,0.6518444,0.58977425,-0.20658675,-0.20658675,-0.33048365,0.61558026,0.4157455,-0.20655881,0.38667804,0.60710675,0.6549312,0.62541837
k__Bacteria|p__Firmicutes|c__Erysipelotrichi|o__Erysipelotrichales|f__[Coprobacillaceae]|g__unclassified|s__unclassified,-0.28271136,0.59174407,1.0068939,0.9891187,0.6341811,-0.2932219,0.79340106,0.66231227,0.77070534,0.6870622,-0.19440371,0.84045064,0.59676564,0.7214515,0.5813863,1.0208166,0.79799366,0.73192346,0.7103871,0.58703804,0.34564972,0.93330353,0.686327,0.70895386,0.5893601,-0.26755807,-0.32696477,0.71380305,0.6921742,0.58484423,1.8848151,0.97230417,0.97230417,0.8620284,0.6640686,-0.24718808,0.7798372,0.67191225,0.755055,0.7002057,0.3109126,-0.30590335,0.62472564,0.68916124,0.5718315,1.6220307,0.61294556,0.9349898,0.703807,0.68541014,0.35527933,0.79440355,0.695461,0.68608165,0.5862647,2.016267,0.58087564,-0.29172873,0.72782886,0.661201,-0.256234,-0.2358737,0.6605926,0.6357782,0.6682297,-0.2850096,1.0188423,0.68365467,-0.30985528,0.4768917,-0.31161842,1.3328999,0.72352993,0.71213704,0.5809888,-0.19459927,-0.19459927,0.72705996,0.69395685,0.6154559,-0.20658675,-0.20658675,0.70303655,0.65707135,0.5343904,-0.20655881,0.40975296,0.648004,0.8575011,0.6665467
k__Bacteria|p__Bacteroidetes|c__Bacteroidia|o__Bacteroidales|f__[Odoribacteraceae]|g__Butyricimonas|s__unclassified,-0.28271136,-0.3094642,-0.32328734,-0.31718764,-0.31611997,-0.2932219,-0.3258366,-0.3154541,-0.33075604,-0.32074273,-0.19440371,-0.32539368,-0.308737,-0.32148778,-0.28142393,-0.30519226,-0.3303013,-0.32329547,-0.3202938,-0.2843767,-0.27295178,-0.31223327,-0.31718045,-0.31924665,-0.2832147,-0.26755807,-0.32696477,-0.31927985,-0.31516564,-0.28450692,-0.23875734,-0.32284898,-0.32284898,-0.31979084,-0.31696144,-0.24718808,-0.32432246,-0.3291557,-0.32494155,-0.3204925,-0.26172945,-0.30590335,-0.3099416,-0.3147589,-0.27947646,-0.2851582,-0.30967557,-0.31715828,-0.32039464,-0.3188701,-0.27552485,-0.3272691,-0.31846857,-0.313246,-0.28338057,-0.20411447,-0.30848598,-0.29172873,-0.3247611,-0.31208983,-0.256234,-0.2358737,-0.31484562,-0.32880616,-0.3175216,-0.2850096,-0.30183107,-0.3157088,-0.30985528,-0.28155124,-0.31161842,-0.27598393,-0.32233903,-0.32009023,-0.2827332,-0.19459927,-0.19459927,-0.32411462,-0.31738767,-0.32943356,-0.20658675,-0.20658675,-0.33048365,-0.3161646,-0.3289357,-0.20655881,-0.31196946,-0.31360465,-0.33007872,-0.31707373
k__Bacteria|p__Bacteroidetes|c__Bacteroidia|o__Bacteroidales|f__Bacteroidaceae|g__Bacteroides|s__caccae,-0.28271136,-0.30974117,-0.32328734,-0.31718764,-0.31591922,-0.2932219,-0.3258366,-0.3155657,-0.33075604,-0.32072228,-0.19440371,-0.32539368,-0.30895585,-0.3222102,-0.28088292,-0.30519226,-0.3303013,-0.32321465,-0.32075426,-0.28404057,-0.27307892,-0.31223327,-0.31683022,-0.31955546,-0.28306592,-0.26755807,-0.32696477,-0.32029074,-0.31549537,-0.28410688,-0.23875734,-0.32284898,-0.32284898,-0.31979084,-0.31664026,-0.24718808,-0.32432246,-0.3291557,-0.32531267,-0.32052687,-0.26020634,-0.30590335,-0.30930546,-0.31515044,-0.27921575,-0.2851582,-0.30994657,-0.31715828,-0.32058626,-0.31850776,-0.27552545,-0.3272691,-0.31813297,-0.313854,-0.28378534,-0.20411447,-0.30881268,-0.29172873,-0.32509166,-0.31132424,-0.256234,-0.2358737,-0.31466722,-0.32880616,-0.3175865,1.2155579,-0.30183107,-0.31552404,-0.30985528,-0.28120503,-0.31161842,-0.27598393,-0.32244956,-0.32042375,-0.2824058,-0.19459927,-0.19459927,-0.32411462,-0.31747973,-0.32943356,-0.20658675,-0.20658675,-0.33048365,-0.31605712,-0.3289357,-0.20655881,-0.31196946,-0.31376457,-0.33007872,-0.31723177
k__Bacteria|p__Bacteroidetes|c__Bacteroidia|o__Bacteroidales|f__S24-7|g__unclassified|s__unclassified,-0.28271136,-0.30958313,-0.32328734,-0.31718764,-0.31551376,-0.2932219,-0.3258366,-0.3157661,-0.33075604,-0.31987348,-0.19440371,-0.32539368,-0.30949074,-0.32165653,-0.2810889,-0.30519226,-0.3303013,-0.3228498,-0.3203279,-0.28373468,-0.2752986,-0.31223327,-0.31720823,-0.31937274,-0.28283304,-0.26755807,-0.32696477,-0.3194146,-0.31595677,-0.2837461,-0.23875734,-0.32284898,-0.32284898,-0.31979084,-0.3164486,-0.24718808,-0.32432246,-0.3291557,-0.32440516,-0.31983197,-0.26441383,-0.30590335,-0.30986845,-0.31554016,-0.279329,-0.2851582,-0.31043023,-0.31715828,-0.32030588,-0.3182444,-0.27779904,-0.3272691,-0.31836143,-0.31414548,-0.28308344,-0.20411447,-0.30824143,-0.29172873,-0.32420126,-0.31201747,-0.256234,-0.2358737,-0.31524318,-0.32880616,-0.31697702,-0.2850096,-0.30183107,-0.3163077,2.259953,-0.28423443,-0.31161842,-0.27598393,-0.3221244,-0.3201766,-0.28217852,-0.19459927,-0.19459927,-0.32411462,-0.31787774,-0.32943356,-0.20658675,-0.20658675,-0.33048365,-0.3161928,-0.3289357,-0.20655881,0.41130704,-0.31412914,-0.33007872,-0.3165013
k__Bacteria|p__Bacteroidetes|c__Bacteroidia|o__Bacteroidales|f__Prevotellaceae|g__Prevotella|s__stercorea,-0.28271136,-0.3097921,-0.32328734,-0.31718764,-0.31628296,-0.2932219,-0.3258366,-0.31597245,-0.33075604,-0.32072335,-0.19440371,-0.32539368,-0.3092194,-0.3221247,-0.2814343,-0.30519226,-0.3303013,-0.3231494,-0.3204679,-0.28445706,-0.2737671,-0.31223327,-0.31738073,-0.3194277,-0.28326792,-0.26755807,-0.32696477,-0.3195419,-0.3156994,-0.2844171,-0.23875734,-0.32284898,-0.32284898,-0.31979084,-0.31689996,-0.24718808,-0.32432246,-0.3291557,-0.32459545,-0.32023743,-0.26190037,-0.30590335,-0.30999988,-0.3153162,-0.27932465,-0.2851582,-0.31071237,-0.31715828,-0.32063848,-0.31885466,-0.27691182,-0.3272691,-0.31842703,-0.31344807,-0.2832358,-0.20411447,-0.30885774,-0.29172873,-0.32526246,-0.31222618,-0.256234,-0.2358737,-0.31551874,-0.32880616,-0.3175918,-0.2850096,-0.30183107,-0.31645817,-0.30985528,-0.28224987,-0.31161842,-0.27598393,-0.32255,-0.32051158,-0.2826325,-0.19459927,-0.19459927,-0.32411462,-0.31777853,-0.32943356,-0.20658675,-0.20658675,-0.33048365,-0.31648743,-0.3289357,-0.20655881,-0.31196946,-0.31423363,-0.33007872,-0.31694865
k__Bacteria|p__Bacteroidetes|c__Bacteroidia|o__Bacteroidales|f__[Paraprevotellaceae]|g__[Prevotella]|s__unclassified,-0.28271136,-0.3110876,-0.32328734,-0.31718764,-0.31850004,-0.2932219,-0.3258366,-0.31675225,-0.33075604,-0.32290047,-0.19440371,-0.32539368,-0.3099767,-0.32328454,-0.2815585,-0.30519226,-0.3303013,-0.32501578,-0.3218506,-0.28582168,-0.26745117,-0.31223327,-0.31768185,-0.32021376,-0.2840591,-0.26755807,-0.32696477,-0.32005328,-0.31499618,-0.28589785,-0.23875734,-0.32284898,-0.32284898,-0.31979084,-0.31842744,-0.24718808,-0.32432246,-0.3291557,-0.3265471,-0.3223478,-0.25162476,-0.30590335,-0.30941948,-0.31461665,-0.2791885,-0.2851582,-0.30993152,-0.31715828,-0.3218796,-0.32028568,-0.27089864,-0.3272691,-0.3191539,-0.312684,-0.28457117,-0.20411447,-0.30980673,-0.29172873,-0.32726496,-0.31111968,-0.256234,-0.2358737,-0.31568193,-0.32880616,-0.3192861,-0.2850096,-0.30183107,-0.31545088,-0.30985528,-0.27411875,-0.31161842,-0.27598393,-0.32431978,-0.32142752,-0.28353435,-0.19459927,-0.19459927,-0.32411462,-0.31789237,-0.32943356,-0.20658675,-0.20658675,-0.33048365,-0.31784058,-0.3289357,-0.20655881,-0.31196946,-0.31447846,-0.33007872,-0.31871074
k__Bacteria|p__Bacteroidetes|c__Bacteroidia|o__Bacteroidales|f__[Barnesiellaceae]|g__unclassified|s__unclassified,-0.28271136,-0.30839396,-0.32328734,-0.31718764,-0.3146392,-0.2932219,-0.3258366,-0.31419373,-0.33075604,-0.31919572,-0.19440371,-0.32539368,-0.30794787,-0.32071507,-0.28025728,-0.30519226,-0.3303013,-0.32170457,-0.31941923,-0.28298455,-0.27373758,-0.31223327,-0.31582576,-0.31841815,-0.2820761,-0.26755807,-0.32696477,-0.31833148,-0.31453532,-0.28308293,-0.23875734,-0.32284898,-0.32284898,-0.31979084,-0.31564653,-0.24718808,-0.32432246,-0.3291557,-0.3237608,-0.3190658,-0.26291162,-0.30590335,-0.3086552,-0.31414703,-0.27858198,-0.2851582,-0.3087677,-0.31715828,-0.31928086,-0.31739342,-0.27587193,-0.3272691,-0.31714424,-0.3129753,-0.28236097,-0.20411447,-0.30751297,-0.29172873,-0.32313696,-0.31101158,-0.256234,-0.2358737,-0.3137448,-0.32880616,-0.31618446,-0.2850096,-0.30183107,-0.31507826,0.9383781,-0.28246254,-0.31161842,-0.27598393,-0.3209581,-0.31903964,-0.2815672,-0.19459927,-0.19459927,-0.32411462,-0.31645808,-0.32943356,-0.20658675,-0.20658675,-0.33048365,-0.31495646,0.39031726,-0.20655881,0.38985616,-0.31252402,-0.33007872,-0.3156666
k__Bacteria|p__Bacteroidetes|c__Bacteroidia|o__Bacteroidales|f__[Paraprevotellaceae]|g__Paraprevotella|s__unclassified,-0.28271136,-0.31007957,-0.32328734,-0.31718764,-0.3154571,-0.2932219,-0.3258366,-0.31611058,-0.33075604,-0.31975245,-0.19440371,-0.32539368,-0.30953094,-0.32182115,-0.28075403,-0.30519226,-0.3303013,-0.32269427,-0.32021332,-0.28375757,-0.27463073,-0.31223327,-0.31711844,-0.31928328,-0.28269506,-0.26755807,-0.32696477,-0.31948322,-0.31586546,-0.28370857,-0.23875734,-0.32284898,-0.32284898,-0.31979084,-0.3160513,-0.24718808,-0.32432246,-0.3291557,-0.32395795,-0.31963763,-0.26245213,-0.30590335,-0.30963635,-0.3154989,-0.27898332,-0.2851582,-0.31098208,-0.31715828,-0.3202566,-0.3181051,-0.2777849,-0.3272691,-0.31810987,-0.31379044,-0.28298032,-0.20411447,-0.30817002,-0.29172873,-0.32455552,-0.3114676,-0.256234,-0.2358737,-0.3157323,-0.32880616,-0.31686565,-0.2850096,-0.30183107,-0.31616026,-0.30985528,-0.28331992,-0.31161842,-0.27598393,-0.32228523,-0.32022488,-0.28192204,-0.19459927,-0.19459927,-0.32411462,-0.31789082,-0.32943356,-0.20658675,-0.20658675,0.7922694,-0.31620243,0.44697893,-0.20655881,0.39179337,-0.31467885,-0.33007872,-0.3163554
k__Bacteria|p__Bacteroidetes|c__Bacteroidia|o__Bacteroidales|f__Bacteroidaceae|g__Bacteroides|s__plebeius,-0.28271136,-0.30979866,-0.32328734,-0.31718764,-0.31561407,-0.2932219,-0.3258366,-0.31539175,-0.33075604,-0.31994137,-0.19440371,-0.32539368,-0.30893984,-0.32105827,-0.28056574,-0.30519226,-0.3303013,-0.32246676,-0.31971306,-0.28386754,-0.2732737,-0.31223327,-0.31639832,-0.31845188,-0.28255713,-0.26755807,-0.32696477,-0.31881076,-0.31456423,-0.28384843,-0.23875734,-0.32284898,-0.32284898,-0.31979084,-0.31607032,-0.24718808,-0.32432246,-0.3291557,-0.32383245,-0.3197526,-0.2608498,-0.30590335,-0.30901682,-0.31432414,-0.27872115,-0.2851582,-0.30961916,-0.31715828,-0.31966275,-0.31798658,-0.2761562,-0.3272691,-0.3174584,-0.31278598,-0.28299147,-0.20411447,-0.3089562,-0.29172873,-0.32392693,-0.31085336,-0.256234,-0.2358737,-0.31456345,-0.32880616,-0.31693852,-0.2850096,-0.30183107,-0.3143942,-0.30985528,-0.2810557,-0.31161842,-0.27598393,-0.3220467,-0.31952137,-0.28201267,-0.19459927,-0.19459927,-0.32411462,-0.3166073,-0.32943356,-0.20658675,-0.20658675,1.1461579,-0.3158378,0.5252761,-0.20655881,-0.31196946,-0.31336242,-0.33007872,-0.31644997
k__Bacteria|p__Bacteroidetes|c__Bacteroidia|o__Bacteroidales|f__Prevotellaceae|g__Prevotella|s__copri,-0.28271136,-0.31036904,-0.32328734,-0.31718764,-0.31667328,-0.2932219,-0.3258366,-0.31657696,-0.33075604,-0.32098275,-0.19440371,-0.32539368,-0.3102953,-0.3222567,-0.28163016,-0.30519226,-0.3303013,-0.32372305,-0.3210013,-0.28462154,-0.27451593,-0.31223327,-0.3179012,-0.31984612,-0.28349173,-0.26755807,-0.32696477,-0.32000858,-0.31623155,-0.28463694,-0.23875734,-0.32284898,-0.32284898,-0.31979084,-0.3172933,-0.24718808,-0.32432246,-0.3291557,-0.32498634,-0.32068652,-0.26252562,-0.30590335,-0.3101525,-0.31585008,-0.27968046,-0.2851582,-0.31117865,-0.31715828,-0.32117996,-0.31906083,-0.27727854,-0.3272691,-0.3190173,-0.31422657,-0.28386295,-0.20411447,-0.30924904,-0.29172873,-0.3252303,-0.31221154,-0.256234,-0.2358737,-0.31584942,-0.32880616,-0.31789827,-0.2850096,-0.30183107,-0.31675082,-0.30985528,-0.28308237,-0.31161842,-0.27598393,-0.32293332,-0.32086593,-0.2828685,-0.19459927,-0.19459927,-0.32411462,-0.31843582,-0.32943356,-0.20658675,-0.20658675,-0.33048365,-0.31714636,-0.3289357,-0.20655881,0.4043815,-0.3147746,-0.33007872,-0.31736138
k__Bacteria|p__Bacteroidetes|c__Bacteroidia|o__Bacteroidales|f__Bacteroidaceae|g__Bacteroides|s__ovatus,-0.28271136,-0.3087749,-0.32328734,-0.31718764,-0.31588787,-0.2932219,-0.3258366,-0.3153112,0.6688623,-0.31976873,-0.19440371,-0.32539368,-0.30947804,-0.32141495,-0.27992618,1.0261526,-0.3303013,-0.32248574,-0.32011387,-0.28293473,-0.27079177,-0.31223327,-0.31616837,-0.3188197,-0.28209174,-0.26755807,-0.32696477,-0.31864607,-0.3148515,-0.28315973,-0.23875734,-0.32284898,-0.32284898,-0.31979084,-0.3162467,1.6326156,0.7730607,-0.3291557,-0.32414678,-0.31944406,-0.2572141,-0.30590335,-0.30825466,-0.31434104,-0.2779901,-0.2851582,-0.30958337,-0.31715828,-0.32003278,-0.3175522,-0.27359885,-0.3272691,-0.31748933,-0.31263334,-0.28271854,-0.20411447,-0.3093124,-0.29172873,-0.32363266,-0.31039512,-0.256234,-0.2358737,-0.31444588,-0.32880616,-0.31655368,-0.2850096,-0.30183107,-0.31469822,0.8640614,-0.27925918,-0.31161842,-0.27598393,-0.3216288,-0.31952003,-0.28133312,-0.19459927,-0.19459927,-0.32411462,-0.31755573,-0.32943356,-0.20658675,-0.20658675,-0.33048365,-0.3162711,-0.3289357,-0.20655881,-0.31196946,-0.31357312,-0.33007872,-0.31598014
k__Bacteria|p__Bacteroidetes|c__Bacteroidia|o__Bacteroidales|f__Prevotellaceae|g__Prevotella|s__unclassified,-0.28271136,-0.3098461,-0.32328734,-0.31718764,-0.31637985,-0.2932219,-0.3258366,-0.31580317,-0.33075604,-0.3210758,-0.19440371,-0.32539368,-0.3088718,-0.3220611,-0.28098884,-0.30519226,-0.3303013,-0.32298428,-0.3204445,-0.2844904,-0.27173266,-0.31223327,-0.31697774,-0.31929123,-0.28315723,-0.26755807,-0.32696477,-0.3200601,-0.3151716,-0.28452367,-0.23875734,-0.32284898,-0.32284898,-0.31979084,-0.31659168,-0.24718808,-0.32432246,-0.3291557,-0.32434505,-0.32049853,-0.25807154,-0.30590335,-0.3089562,-0.31497547,-0.27898502,-0.2851582,-0.310857,-0.31715828,-0.3207439,-0.31865934,-0.27515268,-0.3272691,-0.317805,-0.31289104,-0.2837267,-0.20411447,-0.3103083,-0.29172873,-0.32542175,-0.31141615,-0.256234,-0.2358737,-0.31531507,-0.32880616,-0.3177692,-0.2850096,-0.30183107,-0.31581047,-0.30985528,-0.28082794,-0.31161842,-0.27598393,-0.3223353,-0.3203498,-0.28244233,-0.19459927,-0.19459927,-0.32411462,-0.31769657,-0.32943356,-0.20658675,-0.20658675,-0.33048365,-0.31626803,-0.3289357,-0.20655881,0.40055192,-0.3142953,-0.33007872,-0.31713167
k__Bacteria|p__Bacteroidetes|c__Bacteroidia|o__Bacteroidales|f__Porphyromonadaceae|g__Dysgonomonas|s__unclassified,-0.28271136,-0.3095721,-0.32328734,-0.31718764,-0.3164327,-0.2932219,-0.3258366,-0.31562957,-0.33075604,-0.32084817,-0.19440371,-0.32539368,-0.30946538,-0.3221112,-0.28138104,-0.30519226,-0.3303013,-0.32346213,-0.32082182,-0.2842648,-0.27322865,-0.31223327,-0.31739658,-0.3196681,-0.28314763,-0.26755807,1.4484599,-0.3197333,-0.3156437,-0.28437585,-0.23875734,-0.32284898,-0.32284898,-0.31979084,-0.31723657,-0.24718808,-0.32432246,-0.3291557,-0.32527542,-0.32064825,-0.26123133,-0.30590335,-0.30973947,-0.315297,-0.27940518,-0.2851582,-0.31024235,-0.31715828,-0.32087702,-0.31873596,-0.2756105,-0.3272691,-0.31878725,-0.31392932,-0.28377345,-0.20411447,-0.30876142,-0.29172873,-0.32524762,-0.31183052,-0.256234,-0.2358737,-0.31504807,-0.32880616,-0.3176504,-0.2850096,-0.30183107,-0.31657207,-0.30985528,-0.28185296,-0.31161842,-0.27598393,-0.32238072,-0.32050556,-0.28259295,-0.19459927,-0.19459927,-0.32411462,-0.3180955,-0.32943356,-0.20658675,-0.20658675,-0.33048365,-0.31651592,-0.3289357,-0.20655881,-0.31196946,-0.3140769,-0.33007872,-0.31728452
k__Bacteria|p__Bacteroidetes|c__Bacteroidia|o__Bacteroidales|f__Bacteroidaceae|g__Bacteroides|s__uniformis,-0.28271136,-0.30804583,-0.32328734,-0.31718764,-0.31409958,-0.2932219,-0.3258366,-0.3139857,-0.33075604,-0.31840727,-0.19440371,-0.32539368,-0.3074925,-0.32006,-0.27907485,1.1359552,0.76937085,-0.32107353,-0.318689,-0.28229862,-0.27123135,-0.31223327,-0.31518006,-0.31761223,-0.28119963,-0.26755807,-0.32696477,-0.3176952,-0.31372106,-0.2824814,-0.23875734,-0.32284898,-0.32284898,-0.31979084,-0.31455368,-0.24718808,-0.32432246,-0.3291557,-0.32263213,-0.3181458,-0.25809953,-0.30590335,-0.3076988,-0.31329522,-0.27742457,-0.2851582,-0.30867612,-0.31715828,-0.3186806,-0.3165166,-0.2739565,-0.3272691,-0.316567,-0.3116774,-0.28174722,-0.20411447,-0.3057357,-0.29172873,-0.3230742,-0.30919796,-0.256234,-0.2358737,-0.3135105,-0.32880616,-0.3152604,1.2667744,1.0639361,-0.31436586,0.8640614,-0.27939296,-0.31161842,-0.27598393,-0.3204633,-0.31833783,-0.28063157,2.3754787,2.3754787,0.7678925,-0.3160981,-0.32943356,-0.20658675,-0.20658675,0.650407,-0.3145343,-0.3289357,-0.20655881,0.41147956,-0.31268895,0.85864204,-0.31477892
k__Bacteria|p__Bacteroidetes|c__Bacteroidia|o__Bacteroidales|f__Porphyromonadaceae|g__Parabacteroides|s__distasonis,-0.28271136,-0.30644235,-0.32328734,-0.31718764,-0.31233108,-0.2932219,-0.3258366,-0.31236356,-0.33075604,-0.31654143,-0.19440371,-0.32539368,-0.3063193,-0.317998,-0.27803087,1.3106827,0.7666929,-0.31922942,-0.31667563,-0.2807718,-0.27250245,1.1445544,-0.31368726,-0.31564403,-0.2797572,-0.26755807,-0.32696477,-0.31585023,-0.31224176,-0.2807476,-0.23875734,-0.32284898,-0.32284898,-0.31979084,-0.3130561,-0.24718808,-0.32432246,-0.3291557,-0.32057482,-0.31633985,-0.2613798,-0.30590335,-0.30635086,-0.31187195,-0.27617797,-0.2851582,-0.30725697,-0.31715828,-0.31677043,-0.31474376,-0.27511102,0.7525342,-0.31472477,-0.31038693,-0.28009656,-0.20411447,-0.30545372,-0.29172873,-0.32071796,-0.30844507,-0.256234,-0.2358737,-0.31174034,-0.32880616,-0.3136208,1.3058217,1.1381961,-0.31263664,1.1343517,-0.28090158,-0.31161842,-0.27598393,-0.31848675,-0.31658015,-0.2791163,-0.19459927,-0.19459927,-0.32411462,-0.31423745,-0.32943356,-0.20658675,-0.20658675,0.80189645,-0.31280962,0.4974242,-0.20655881,0.4029906,-0.3106782,0.71198606,-0.31314993
k__Bacteria|p__Bacteroidetes|c__Bacteroidia|o__Bacteroidales|f__Porphyromonadaceae|g__Parabacteroides|s__unclassified,-0.28271136,-0.30717146,-0.32328734,-0.31718764,-0.31325442,-0.2932219,-0.3258366,-0.31328267,-0.33075604,-0.31747368,-0.19440371,-0.32539368,-0.30695015,-0.31875104,-0.27900705,-0.30519226,-0.3303013,-0.32016736,-0.31729943,-0.28175783,-0.27313024,-0.31223327,-0.31467134,-0.3163123,-0.28065005,-0.26755807,-0.32696477,-0.31651264,-0.31294435,-0.28169295,-0.23875734,-0.32284898,-0.32284898,-0.31979084,-0.31399876,-0.24718808,-0.32432246,-0.3291557,-0.32138744,-0.3171887,-0.26203692,-0.30590335,-0.307415,-0.3125987,-0.27695894,-0.2851582,-0.30803198,-0.31715828,-0.3175481,-0.31572035,-0.27606872,0.75319177,-0.31558675,-0.31095225,-0.28071362,-0.20411447,-0.30618632,-0.29172873,-0.32174388,-0.30949652,-0.256234,-0.2358737,-0.31269184,-0.32880616,-0.31449977,-0.2850096,-0.30183107,-0.31347468,-0.30985528,-0.2815737,1.3505505,1.8767433,-0.31944686,-0.317446,-0.28000075,-0.19459927,-0.19459927,-0.32411462,-0.3149343,0.60958767,-0.20658675,-0.20658675,1.0664104,-0.31354603,0.6817533,-0.20655881,0.4036863,-0.31145245,0.7456345,-0.31403053
k__Bacteria|p__Bacteroidetes|c__Bacteroidia|o__Bacteroidales|f__Bacteroidaceae|g__unclassified|s__unclassified,-0.28271136,-0.30284607,-0.32328734,-0.31718764,-0.30869675,-0.2932219,-0.3258366,-0.3086198,-0.33075604,-0.3127694,-0.19440371,-0.32539368,-0.3025487,-0.31399035,-0.2748197,1.0502185,0.8196625,-0.3154187,-0.31272984,-0.27761015,-0.2690153,0.93537515,-0.30989623,-0.3117324,-0.27652758,-0.26755807,-0.32696477,-0.31179434,-0.30821857,-0.27762914,-0.23875734,-0.32284898,-0.32284898,-0.31979084,-0.30935615,2.1358855,1.5476712,0.86014575,-0.31669658,-0.31258473,-0.2578269,-0.30590335,-0.3028159,-0.3078826,-0.27296022,-0.2851582,-0.30339372,-0.31715828,-0.31286734,-0.31106243,-0.27170217,-0.3272691,-0.31096095,-0.3064047,-0.27673975,-0.20411447,-0.3015319,-0.29172873,-0.31684244,-0.3046586,-0.256234,-0.2358737,-0.30805156,0.6845291,-0.30987254,1.2513202,1.0520985,-0.3086759,0.87105036,-0.2770611,0.9420454,1.338857,-0.31468752,-0.3126788,-0.27593875,-0.19459927,-0.19459927,-0.32411462,-0.3103248,-0.32943356,-0.20658675,-0.20658675,0.6569984,-0.30904794,0.4137291,-0.20655881,-0.31196946,-0.3069821,0.6194175,-0.3094354
k__Bacteria|p__Bacteroidetes|c__Bacteroidia|o__Bacteroidales|f__Bacteroidaceae|g__Bacteroides|s__unclassified,-0.28271136,1.0176814,0.83480275,-0.31718764,1.0750263,-0.2932219,-0.3258366,1.1149273,1.0724747,1.1483748,-0.19440371,-0.32539368,1.024086,1.1974125,0.98300004,1.2672489,1.1180588,1.2109861,1.1816976,0.99041605,0.6797362,2.0567951,1.147887,1.1800619,0.9940524,-0.26755807,-0.32696477,1.1869379,1.1572046,0.9871972,-0.23875734,-0.32284898,-0.32284898,1.7499397,1.1168628,1.9094691,1.3316351,0.7928226,1.2435694,1.1672597,0.6333713,-0.30590335,1.0640638,1.1527929,0.970276,-0.2851582,1.0464941,0.853188,1.1717682,1.1468213,0.6925137,1.4937221,1.1607649,1.1489317,0.9895421,1.9715303,1.0008398,1.2000222,1.2058096,1.1142113,-0.256234,-0.2358737,1.1125312,1.4914026,1.1228805,2.3740191,2.3366919,1.1446087,1.4457251,0.8606068,2.0791016,2.0193076,1.1998167,1.1841662,0.98230535,2.533062,2.533062,2.005598,1.158571,1.5649502,-0.20658675,-0.20658675,1.5493904,1.1071558,0.9862736,2.3908095,0.79621696,1.0955113,1.5206151,1.120831
k__Bacteria|p__Bacteroidetes|c__Bacteroidia|o__Bacteroidales|f__Rikenellaceae|g__unclassified|s__unclassified,-0.28271136,-0.30788463,-0.32328734,-0.31718764,-0.31420824,-0.2932219,-0.3258366,-0.31386575,-0.33075604,-0.31852692,-0.19440371,-0.32539368,-0.30784076,-0.31979156,-0.27968913,1.0351186,0.71237886,-0.32125223,-0.31869167,-0.28244603,-0.2730251,-0.31223327,-0.3154593,-0.31759036,-0.28146276,-0.26755807,-0.32696477,-0.3175401,-0.31392655,-0.28258032,-0.23875734,-0.32284898,-0.32284898,-0.31979084,-0.31510395,-0.24718808,-0.32432246,-0.3291557,-0.32290396,-0.31839696,-0.26186627,-0.30590335,-0.30803338,-0.3135186,-0.2779521,-0.2851582,-0.30839807,-0.31715828,-0.31874603,-0.31665134,-0.27525774,-0.3272691,-0.3167559,-0.31221974,-0.28201354,-0.20411447,-0.30686477,-0.29172873,-0.32252362,-0.3100835,-0.256234,-0.2358737,-0.31321222,0.6945974,-0.31550014,-0.2850096,1.1858615,-0.31457394,0.9219664,-0.281659,-0.31161842,-0.27598393,-0.3203819,-0.31836197,-0.28094763,-0.19459927,-0.19459927,-0.32411462,-0.31600988,-0.32943356,-0.20658675,-0.20658675,-0.33048365,-0.3145252,0.48689365,-0.20655881,0.45452964,-0.31210127,0.7381054,-0.31510472
k__Bacteria|p__Bacteroidetes|c__Bacteroidia|o__Bacteroidales|f__Bacteroidaceae|g__Bacteroides|s__fragilis,-0.28271136,-0.051292557,-0.32328734,-0.31718764,-0.043551758,-0.2932219,-0.3258366,-0.0346597,1.3127434,-0.03091214,-0.19440371,-0.32539368,-0.04928385,-0.02128912,-0.032378875,2.1040142,0.76515937,-0.019143641,-0.023573633,-0.033770237,-0.09418088,1.2865877,-0.027916614,-0.022774795,-0.03180547,-0.26755807,-0.32696477,-0.021628646,-0.02449589,-0.034457844,-0.23875734,-0.32284898,-0.32284898,0.9464174,-0.034371395,1.6321783,1.4842417,1.5658692,-0.01286279,-0.026361072,-0.092894785,-0.30590335,-0.040097646,-0.025168145,-0.033624858,-0.2851582,-0.04532723,2.0263197,-0.025706517,-0.029594593,-0.09389353,-0.3272691,-0.026174672,-0.024464447,-0.033213645,-0.20411447,-0.05336304,-0.29172873,-0.022164509,-0.030216383,-0.256234,-0.2358737,-0.034401327,0.79011786,-0.03396243,1.2723354,1.125391,-0.027477138,0.8640614,-0.060279205,-0.31161842,-0.27598393,-0.021312512,-0.022839207,-0.03389875,-0.19459927,-0.19459927,-0.32411462,-0.026085563,0.7368577,-0.20658675,-0.20658675,0.91604996,-0.037006058,0.4093945,2.281338,0.5372666,-0.037632346,0.7215681,-0.03388861
k__Bacteria|p__Proteobacteria|c__Gammaproteobacteria|o__Enterobacteriales|f__Enterobacteriaceae|g__Trabulsiella|s__unclassified,-0.28271136,-0.31089365,0.7766038,-0.31718764,-0.31758082,-0.2932219,-0.3258366,-0.3175892,-0.33075604,-0.32180703,-0.19440371,-0.32539368,-0.31092206,-0.32341725,-0.2815712,-0.30519226,-0.3303013,-0.32466048,-0.32175452,-0.28529227,-0.27183563,-0.31223327,-0.31815153,-0.32026738,-0.2839021,-0.26755807,-0.32696477,-0.32073873,-0.31638187,-0.28506333,1.7657133,-0.32284898,-0.32284898,-0.31979084,-0.3176504,-0.24718808,-0.32432246,-0.3291557,-0.32567024,-0.32131034,-0.25670993,-0.30590335,-0.3099203,-0.31598663,-0.27924162,-0.2851582,-0.31149477,-0.31715828,-0.32179886,-0.31972933,-0.2753095,-0.3272691,-0.3193389,-0.3139881,-0.28392956,-0.20411447,-0.30819446,1.1815177,-0.3269452,-0.31152546,-0.256234,-0.2358737,-0.31628805,-0.32880616,-0.3185912,-0.2850096,-0.30183107,-0.31657627,-0.30985528,-0.27891836,-0.31161842,-0.27598393,-0.32413048,-0.32185435,-0.28311524,-0.19459927,-0.19459927,-0.32411462,-0.3186888,-0.32943356,1.9908922,1.9908922,-0.33048365,-0.31811354,-0.3289357,-0.20655881,-0.31196946,-0.3155443,-0.33007872,-0.3178882
k__Bacteria|p__Proteobacteria|c__Gammaproteobacteria|o__Enterobacteriales|f__Enterobacteriaceae|g__Klebsiella|s__unclassified,1.2906168,-0.08792594,-0.32328734,-0.31718764,-0.13277113,-0.2932219,-0.3258366,-0.19287561,-0.33075604,-0.2131392,2.162574,-0.32539368,-0.09995182,-0.27587244,-0.16423461,-0.30519226,-0.3303013,-0.28894383,-0.26201937,-0.15507275,0.17627352,-0.31223327,-0.23401135,-0.26660407,-0.16771206,1.4148632,0.7375115,-0.27573967,-0.25758854,-0.15030065,1.7651765,-0.32284898,-0.32284898,-0.31979084,-0.19129087,-0.24718808,-0.32432246,-0.3291557,-0.32784232,-0.24275337,0.1643375,-0.30590335,-0.1592509,-0.25358126,-0.15776378,1.2199326,-0.12635677,-0.31715828,-0.24706325,-0.22331315,0.17604801,-0.3272691,-0.24583255,-0.25855482,-0.159022,-0.20411447,-0.070376314,-0.29172873,-0.26946554,-0.21999726,-0.256234,1.6990836,-0.1930883,-0.32880616,-0.19531885,-0.2850096,-0.30183107,-0.23621371,-0.30985528,-0.03688033,-0.31161842,-0.27598393,-0.27677554,-0.26680472,-0.15473837,2.1397495,2.1397495,-0.32411462,-0.24514239,-0.32943356,1.9915736,1.9915736,-0.33048365,-0.17778519,-0.3289357,-0.20655881,0.41561127,-0.17448069,-0.33007872,-0.19596526
k__Bacteria|p__Proteobacteria|c__Gammaproteobacteria|o__Pseudomonadales|f__Moraxellaceae|g__Acinetobacter|s__unclassified,-0.28271136,-0.31112573,-0.32328734,-0.31718764,-0.3171926,-0.2932219,-0.3258366,-0.316216,-0.33075604,-0.3214169,-0.19440371,-0.32539368,-0.30984488,-0.32241464,-0.28147727,-0.30519226,-0.3303013,-0.3234482,-0.32105857,-0.2851727,-0.2731731,-0.31223327,-0.31742087,-0.31967854,-0.28363848,-0.26755807,-0.32696477,-0.3190589,-0.3154319,-0.28528756,-0.23875734,-0.32284898,-0.32284898,-0.31979084,-0.31756413,-0.24718808,-0.32432246,-0.3291557,-0.32511234,-0.32097894,-0.26034886,-0.30590335,-0.3099277,-0.31514594,-0.279734,-0.2851582,-0.31001097,-0.31715828,-0.32096982,-0.31941518,-0.2759775,-0.3272691,-0.3186524,-0.31361005,-0.28395456,-0.20411447,-0.30950236,-0.29172873,-0.3249903,-0.31178284,-0.256234,-0.2358737,-0.3157744,-0.32880616,-0.31822243,-0.2850096,-0.30183107,-0.31593025,-0.30985528,-0.28041157,-0.31161842,-0.27598393,-0.32350802,-0.3205054,-0.28344265,-0.19459927,-0.19459927,-0.32411462,-0.31739134,-0.32943356,-0.20658675,-0.20658675,-0.33048365,-0.31696182,-0.3289357,-0.20655881,-0.31196946,-0.31386113,-0.33007872,-0.31744647
k__Bacteria|p__Proteobacteria|c__Gammaproteobacteria|o__Aeromonadales|f__unclassified|g__unclassified|s__unclassified,-0.28271136,-0.308803,0.7928789,-0.31718764,-0.31542107,-0.2932219,-0.3258366,-0.31505215,-0.33075604,-0.32016388,-0.19440371,-0.32539368,-0.30814067,-0.32144377,-0.28040767,-0.30519226,-0.3303013,-0.32257256,-0.32003224,-0.28361565,-0.27107853,-0.31223327,-0.31632343,-0.31896418,-0.2825697,-0.26755807,-0.32696477,-0.31895745,-0.3146999,-0.2837202,-0.23875734,-0.32284898,-0.32284898,-0.31979084,-0.31610572,-0.24718808,-0.32432246,-0.3291557,-0.3244424,-0.31978965,-0.2580279,-0.30590335,-0.3083644,-0.31444657,-0.2784972,1.2010858,-0.30939162,-0.31715828,-0.3201555,-0.3181396,-0.27411437,-0.3272691,-0.31750798,-0.312837,-0.28264594,-0.20411447,-0.3077527,-0.29172873,-0.32416663,-0.31089398,-0.256234,1.6906208,-0.31463373,-0.32880616,-0.3169109,-0.2850096,-0.30183107,-0.31523532,-0.30985528,-0.2803055,-0.31161842,-0.27598393,-0.32177287,-0.3198303,-0.28189206,-0.19459927,-0.19459927,-0.32411462,-0.31717068,-0.32943356,-0.20658675,-0.20658675,-0.33048365,-0.31568682,-0.3289357,-0.20655881,0.3900324,-0.31338173,-0.33007872,-0.31621987
k__Bacteria|p__Proteobacteria|c__Gammaproteobacteria|o__Enterobacteriales|f__Enterobacteriaceae|g__Erwinia|s__unclassified,-0.28271136,-0.30908138,-0.32328734,-0.31718764,-0.31547606,-0.2932219,-0.3258366,-0.31563866,-0.33075604,-0.32031575,2.1525297,-0.32539368,-0.30897665,-0.3222835,-0.28079176,-0.30519226,-0.3303013,-0.32325423,-0.32078153,-0.28372788,-0.2721531,-0.31223327,-0.31716657,-0.31967634,-0.28275824,-0.26755807,0.73610276,-0.31990954,-0.31598777,-0.28367996,-0.23875734,-0.32284898,-0.32284898,-0.31979084,-0.31644186,-0.24718808,-0.32432246,-0.3291557,-0.32502356,-0.32014906,-0.2601812,-0.30590335,-0.30897206,-0.315572,-0.27890277,1.201482,-0.31010967,-0.31715828,-0.32076693,-0.31835145,-0.27480116,-0.3272691,-0.3183238,-0.3140733,-0.2831661,-0.20411447,-0.30807933,1.1687187,-0.3249186,-0.3115968,-0.256234,1.6898763,-0.31502905,-0.32880616,-0.31716573,-0.2850096,-0.30183107,-0.3164525,-0.30985528,-0.28184178,-0.31161842,-0.27598393,-0.32250795,-0.32057905,-0.28202602,-0.19459927,-0.19459927,-0.32411462,-0.3179569,-0.32943356,-0.20658675,-0.20658675,-0.33048365,-0.31615275,-0.3289357,-0.20655881,0.39179337,-0.31380564,-0.33007872,-0.31657004
k__Bacteria|p__Proteobacteria|c__Gammaproteobacteria|o__Enterobacteriales|f__Enterobacteriaceae|g__Citrobacter|s__unclassified,-0.28271136,-0.3106889,1.1223614,-0.31718764,-0.31735176,-0.2932219,-0.3258366,-0.31693965,-0.33075604,-0.32159406,2.1531491,-0.32539368,-0.31034416,-0.32204425,-0.28133425,-0.30519226,-0.3303013,-0.3243248,-0.3207151,-0.2851907,-0.27021945,-0.31223327,-0.3178516,-0.31905365,-0.28327474,-0.26755807,0.74552375,-0.31958467,-0.3150425,-0.28498498,-0.23875734,-0.32284898,-0.32284898,-0.31979084,-0.31736302,-0.24718808,-0.32432246,-0.3291557,-0.32460225,-0.3209775,-0.25610238,-0.30590335,-0.30956507,-0.3146897,-0.2787185,-0.2851582,-0.3110211,0.8522127,-0.3210541,-0.31936502,-0.27374804,-0.3272691,-0.31906366,-0.31245148,-0.2837117,-0.20411447,-0.30836785,1.6774412,-0.32658464,-0.31095713,-0.256234,1.6899939,-0.31550014,-0.32880616,-0.31813103,-0.2850096,-0.30183107,-0.31556568,-0.30985528,-0.2772802,-0.31161842,-0.27598393,-0.32358438,-0.320904,-0.2827215,-0.19459927,-0.19459927,-0.32411462,-0.31763577,-0.32943356,-0.20658675,-0.20658675,-0.33048365,-0.31763315,-0.3289357,-0.20655881,0.39126542,-0.3147279,-0.33007872,-0.3176652
k__Bacteria|p__Proteobacteria|c__Gammaproteobacteria|o__Pasteurellales|f__Pasteurellaceae|g__Aggregatibacter|s__unclassified,-0.28271136,-0.30931592,-0.32328734,-0.31718764,-0.31656206,-0.2932219,-0.3258366,-0.31510273,-0.33075604,-0.32152334,-0.19440371,-0.32539368,-0.30813837,-0.32238895,-0.28051597,-0.30519226,-0.3303013,-0.32349527,-0.32108206,-0.2842057,-0.26864427,-0.31223327,-0.31662577,-0.3199783,-0.28308237,-0.26755807,-0.32696477,-0.3201984,-0.31469715,-0.28456673,-0.23875734,-0.32284898,-0.32284898,-0.31979084,-0.31676626,-0.24718808,-0.32432246,-0.3291557,-0.3258754,-0.3209381,-0.25344443,-0.30590335,-0.30823666,-0.3143722,-0.2787134,-0.2851582,-0.30954695,-0.31715828,-0.3212099,-0.3188687,-0.2713722,-0.3272691,-0.31809455,-0.31298608,-0.28364947,-0.20411447,-0.30849767,-0.29172873,-0.32551143,-0.31045872,-0.256234,-0.2358737,-0.31485012,-0.32880616,-0.31783292,-0.2850096,-0.30183107,-0.31542388,-0.30985528,-0.27719975,-0.31161842,-0.27598393,-0.32218856,-0.32032508,-0.2824622,-0.19459927,-0.19459927,-0.32411462,-0.3180204,-0.32943356,-0.20658675,-0.20658675,-0.33048365,-0.31642398,0.39149728,-0.20655881,-0.31196946,-0.31390846,-0.33007872,-0.31707534
k__Bacteria|p__Proteobacteria|c__Alphaproteobacteria|o__Rickettsiales|f__mitochondria|g__unclassified|s__unclassified,-0.28271136,-0.31152013,-0.32328734,-0.31718764,-0.31830493,-0.2932219,-0.3258366,-0.31702763,-0.33075604,-0.32273418,-0.19440371,-0.32539368,-0.31075734,-0.3231946,-0.28164512,-0.30519226,-0.3303013,-0.3243999,-0.32163334,-0.28567633,-0.2698012,-0.31223327,-0.31771937,-0.3200726,-0.2838658,-0.26755807,-0.32696477,-0.32099634,-0.31526077,-0.28553802,-0.23875734,-0.32284898,-0.32284898,-0.31979084,-0.3178196,-0.24718808,-0.32432246,-0.3291557,-0.3251484,-0.32187012,-0.25451717,-0.30590335,-0.30911914,-0.31502056,-0.27908474,-0.2851582,-0.31214678,-0.31715828,-0.32173723,-0.31989518,-0.27329293,0.7411552,-0.3187877,-0.31273776,-0.2845766,-0.20411447,-0.31152275,-0.29172873,-0.3271166,-0.31147903,-0.256234,-0.2358737,-0.31602997,-0.32880616,-0.31896308,-0.2850096,-0.30183107,-0.3152473,-0.30985528,-0.2772748,-0.31161842,-0.27598393,-0.32338408,-0.32131273,-0.2831849,-0.19459927,-0.19459927,-0.32411462,-0.3186441,-0.32943356,-0.20658675,-0.20658675,-0.33048365,-0.3183502,-0.3289357,-0.20655881,-0.31196946,-0.3156407,-0.33007872,-0.3182345
k__Bacteria|p__Proteobacteria|c__Gammaproteobacteria|o__Enterobacteriales|f__Enterobacteriaceae|g__unclassified|s__unclassified,1.4591601,1.1562444,0.87503946,0.8306259,1.1196908,1.7737455,1.0470415,1.0473086,1.0308574,1.0359714,2.6101804,0.74786085,1.1400173,0.96402395,0.944283,1.1467178,0.8294243,0.9519151,0.9767263,0.9644739,1.3698936,0.97313523,1.0011032,0.9675616,0.94550526,1.7334741,1.3873621,0.958116,0.9679493,0.97011244,1.789054,0.91986865,0.91986865,0.8543726,1.0510619,1.7171023,0.89243096,0.6791249,0.90853333,0.9995711,1.3204373,1.059417,1.0701504,0.9720356,0.94664377,2.3163579,1.1121007,0.95974004,0.99443877,1.0185657,1.377667,0.7404896,0.99068815,0.9606308,0.9571078,2.7769518,1.1708002,2.1701,0.9817186,1.0024383,1.7922006,2.5644295,1.0444272,-0.32880616,1.0484846,1.2788992,-0.30183107,0.99489594,-0.30985528,1.1372273,1.1268115,1.6361685,0.9650513,0.9709077,0.9596927,2.2993453,2.2993453,0.7272104,0.98875916,0.7580409,2.0845127,2.0845127,-0.33048365,1.0666206,0.42775926,1.994032,2.1575375,1.0649331,0.62980455,1.0466487
k__Bacteria|p__Proteobacteria|c__Gammaproteobacteria|o__Enterobacteriales|f__Enterobacteriaceae|g__Enterobacter|s__hormaechei,1.2991118,-0.059634764,0.7921768,-0.31718764,-0.09739897,-0.2932219,0.7723446,-0.14597517,-0.33075604,-0.1631377,2.1915345,-0.32539368,-0.06995423,-0.21486437,-0.124230385,-0.30519226,-0.3303013,-0.22522384,-0.20342502,-0.11648619,0.15726542,-0.31223327,-0.18038505,-0.20693135,-0.12681825,1.4252449,0.7601793,-0.21369547,-0.19973439,-0.11267382,2.1170454,0.87595963,0.87595963,-0.31979084,-0.14561573,-0.24718808,0.7710657,-0.3291557,-0.25761557,-0.18724987,0.1467468,1.0339742,-0.118769825,-0.19655931,-0.118815154,1.2883308,-0.09116995,0.8528955,-0.19095898,-0.17139933,0.15725535,-0.3272691,-0.19023836,-0.20059443,-0.119713984,-0.20411447,-0.046350557,1.2500726,-0.20880663,-0.16916475,-0.256234,1.7403927,-0.1464786,-0.32880616,-0.1483888,-0.2850096,-0.30183107,-0.18223009,-0.30985528,-0.018128794,-0.31161842,1.3426929,-0.21548629,-0.20690626,-0.116501674,2.1469843,2.1469843,-0.32411462,-0.18948522,0.5918944,2.457012,2.457012,-0.33048365,-0.13413107,-0.3289357,-0.20655881,0.48030278,-0.1303799,-0.33007872,-0.1486488
k__Bacteria|p__Proteobacteria|c__Gammaproteobacteria|o__Pasteurellales|f__Pasteurellaceae|g__Actinobacillus|s__unclassified,-0.28271136,-0.30707806,-0.32328734,0.8197814,-0.31291103,-0.2932219,0.8136967,-0.31210035,-0.33075604,-0.31730336,-0.19440371,0.8252372,-0.30576465,-0.318055,-0.2782092,-0.30519226,0.7689887,-0.31913543,-0.31659025,-0.2814708,-0.27096665,0.9273113,-0.31331563,-0.315622,-0.28019187,-0.26755807,-0.32696477,-0.3156468,-0.31133944,-0.28156644,-0.23875734,-0.32284898,-0.32284898,-0.31979084,-0.3133604,-0.24718808,-0.32432246,-0.3291557,-0.32075906,-0.31689253,-0.2587059,-0.30590335,-0.30603844,-0.3110965,-0.27635145,-0.2851582,-0.30684653,0.8525054,-0.31678596,-0.31516206,-0.2739417,-0.3272691,-0.31423047,-0.30956823,-0.2804972,-0.20411447,-0.30663085,-0.29172873,-0.32090113,-0.30826953,-0.256234,-0.2358737,-0.31185246,0.6244109,-0.3140813,-0.2850096,-0.30183107,-0.31186566,-0.30985528,-0.27901256,-0.31161842,-0.27598393,-0.31853378,-0.31639373,-0.27966028,-0.19459927,-0.19459927,0.7208719,-0.3137105,0.6033857,-0.20658675,-0.20658675,-0.33048365,-0.31253922,0.39134985,-0.20655881,-0.31196946,-0.31044552,-0.33007872,-0.31356043
k__Bacteria|p__Proteobacteria|c__Gammaproteobacteria|o__Enterobacteriales|f__Enterobacteriaceae|g__Escherichia|s__unclassified,-0.28271136,0.5538385,0.83008015,0.85440165,0.59174263,1.528007,0.77642196,0.6193665,0.78834724,0.6411834,-0.19440371,0.7423663,0.5591428,0.6753154,0.5454498,1.2866809,0.7531943,0.6839186,0.6649441,0.5486118,0.33484727,0.9500002,0.64247936,0.66430986,0.55199754,-0.26755807,1.001002,0.66864496,0.6502782,0.5463686,-0.23875734,0.9769375,0.9769375,-0.31979084,0.6214402,1.7785171,0.81265306,0.64950377,0.7068037,0.65491486,0.3100751,-0.30590335,0.5870801,0.64739954,0.53748816,-0.2851582,0.57369083,0.852164,0.65774405,0.64086366,0.34202433,-0.3272691,0.6508354,0.64575577,0.54907453,2.4262984,0.54585135,-0.29172873,0.6787805,0.62243485,1.708479,1.6985786,0.6181657,-0.32880616,0.62498605,1.2648556,-0.30183107,0.64111686,-0.30985528,0.45941043,1.3281633,-0.27598393,0.6764171,0.6664525,0.54402196,-0.19459927,-0.19459927,0.7099117,0.6497826,0.631869,-0.20658675,-0.20658675,-0.33048365,0.61378276,0.4022011,-0.20655881,-0.31196946,0.60607135,0.6168189,0.6238583
k__Bacteria|p__Proteobacteria|c__Gammaproteobacteria|o__Pasteurellales|f__Pasteurellaceae|g__Haemophilus|s__parainfluenzae,-0.28271136,-0.30004013,0.7963822,-0.31718764,-0.30648905,-0.2932219,-0.3258366,-0.3053848,-0.33075604,-0.3100114,2.174886,0.7468641,-0.29988772,-0.30987507,-0.27173004,1.0216393,-0.3303013,-0.3117358,-0.30888718,-0.2751075,-0.26462182,0.92998993,-0.30616832,-0.30738866,-0.27339098,-0.26755807,0.748114,-0.30763584,-0.30352497,-0.27507305,-0.23875734,0.90231436,0.90231436,-0.31979084,-0.30629072,-0.24718808,0.78407824,0.64950377,-0.31201643,-0.30928296,-0.25221515,1.0135772,-0.29895115,-0.30339932,-0.26941025,1.2034612,-0.3005466,-0.31715828,-0.30922645,-0.3078969,-0.26765954,0.7414213,-0.30717847,-0.30132708,-0.27371275,1.9719518,-0.29982358,-0.29172873,-0.31346118,-0.30066687,-0.256234,-0.2358737,-0.30435592,-0.32880616,-0.30687603,-0.2850096,-0.30183107,-0.3040801,-0.30985528,-0.27136064,0.93833756,-0.27598393,-0.3110244,-0.30881596,-0.27303934,-0.19459927,-0.19459927,-0.32411462,-0.30631208,0.6039837,-0.20658675,-0.20658675,-0.33048365,-0.3064993,0.47760448,-0.20655881,-0.31196946,-0.30370867,-0.33007872,-0.30626386
k__Bacteria|p__Proteobacteria|c__Betaproteobacteria|o__Burkholderiales|f__Alcaligenaceae|g__Sutterella|s__unclassified,-0.28271136,-0.30463418,-0.32328734,-0.31718764,-0.31036738,-0.2932219,1.4410965,-0.30961102,1.1976002,-0.31467804,-0.19440371,1.3667103,-0.30332953,-0.3158194,-0.27598023,-0.30519226,-0.3303013,-0.31683075,-0.31449646,-0.27902526,-0.26889497,1.2723725,-0.31115896,-0.3136157,-0.27779934,-0.26755807,-0.32696477,-0.3132469,-0.30933917,-0.27918327,-0.23875734,-0.32284898,-0.32284898,1.3768593,-0.3109188,-0.24718808,-0.32432246,-0.3291557,-0.3185772,-0.31442755,-0.257284,-0.30590335,-0.30390018,-0.30911577,-0.27421957,-0.2851582,-0.3047689,-0.31715828,-0.31460124,-0.31278908,-0.27170366,-0.3272691,-0.31237108,-0.30770844,-0.27819496,-0.20411447,-0.3034442,-0.29172873,-0.31864572,-0.30597946,-0.256234,-0.2358737,-0.30977103,0.8364891,-0.31164825,-0.2850096,-0.30183107,-0.31027675,0.86581326,-0.27719593,-0.31161842,-0.27598393,-0.31603503,-0.3141237,-0.2772708,-0.19459927,-0.19459927,-0.32411462,-0.31194344,0.6816002,-0.20658675,-0.20658675,1.2090852,-0.3104568,1.0041271,2.3568556,0.5071543,-0.30847722,1.2099097,-0.3110922
k__Bacteria|p__Proteobacteria|c__Gammaproteobacteria|o__Pasteurellales|f__Pasteurellaceae|g__Haemophilus|s__unclassified,-0.28271136,0.6271748,1.0501442,0.8306259,0.6700434,-0.2932219,0.7880527,0.7005589,0.70624435,0.726061,2.293215,0.95427823,0.63227606,0.7630082,0.61647874,1.0666676,0.875136,0.77347195,0.7514231,0.6210604,0.37611693,1.0638359,0.7266567,0.7506077,0.62408686,1.4266523,0.9284308,0.7563503,0.7339512,0.6186268,-0.23875734,1.3968563,1.3968563,0.8661797,0.70247465,-0.24718808,1.0372256,0.8334814,0.79819465,0.74066734,0.3451619,1.1294252,0.66310626,0.7307355,0.60707366,-0.2851582,0.6501263,0.8555246,0.7441579,0.7248592,0.38484102,1.3210824,0.73593265,0.7283296,0.62120765,1.9702644,0.6171402,-0.29172873,0.76885194,0.70223916,1.592727,-0.2358737,0.6992847,0.69449085,0.7068695,-0.2850096,-0.30183107,0.72465706,-0.30985528,0.51586634,1.0226008,-0.27598393,0.7644272,0.7532662,0.61521196,-0.19459927,-0.19459927,0.73991656,0.7347977,0.7539841,-0.20658675,-0.20658675,0.64389867,0.69458586,0.4949681,-0.20655881,0.3868549,0.6862173,0.63141596,0.70550406
k__Bacteria|p__Proteobacteria|c__Alphaproteobacteria|o__RF32|f__unclassified|g__unclassified|s__unclassified,-0.28271136,-0.30834758,-0.32328734,-0.31718764,-0.31407374,-0.2932219,-0.3258366,-0.31430694,0.7239371,-0.31844354,-0.19440371,-0.32539368,-0.30770987,-0.31995106,-0.27978712,-0.30519226,-0.3303013,-0.32127094,-0.31866384,-0.2826301,-0.27356783,-0.31223327,-0.31558836,-0.31767118,-0.2815535,-0.26755807,-0.32696477,-0.31797525,-0.31411305,-0.28265753,-0.23875734,-0.32284898,-0.32284898,-0.31979084,-0.31477278,-0.24718808,-0.32432246,-0.3291557,-0.3226142,-0.31841105,-0.2624706,-0.30590335,-0.30858976,-0.31381586,-0.27807122,-0.2851582,-0.30906284,-0.31715828,-0.31854331,-0.31690308,-0.27625024,-0.3272691,-0.31676716,-0.31223202,-0.28177184,-0.20411447,-0.3069584,-0.29172873,-0.3227765,-0.31049818,-0.256234,-0.2358737,-0.3137802,0.894424,-0.31558466,-0.2850096,-0.30183107,-0.31413037,0.893433,-0.2822453,-0.31161842,-0.27598393,-0.32066876,-0.31850895,-0.28097206,-0.19459927,-0.19459927,-0.32411462,-0.31617045,-0.32943356,-0.20658675,-0.20658675,-0.33048365,-0.31479114,0.42541078,-0.20655881,0.39758262,-0.31287682,0.65958023,-0.31510174
k__Bacteria|p__Actinobacteria|c__Actinobacteria|o__Actinomycetales|f__Actinomycetaceae|g__Actinomyces|s__unclassified,1.4257724,-0.3083782,-0.32328734,-0.31718764,-0.3149061,-0.2932219,-0.3258366,-0.31531778,-0.33075604,-0.31977588,-0.19440371,-0.32539368,-0.30835608,-0.32205296,-0.28061938,-0.30519226,-0.3303013,-0.3226864,-0.3204311,-0.28335163,-0.2724803,-0.31223327,-0.31687522,-0.3195541,-0.28266382,-0.26755807,0.7427268,-0.31995308,-0.3161934,-0.28344256,1.7685717,-0.32284898,-0.32284898,-0.31979084,-0.31596285,-0.24718808,-0.32432246,-0.3291557,-0.32457578,-0.31970975,-0.26091528,1.0222162,-0.3092699,-0.31562513,-0.27902254,-0.2851582,-0.30986744,-0.31715828,-0.32029775,-0.31800118,-0.27504683,-0.3272691,-0.3179737,-0.31388506,-0.28300184,-0.20411447,-0.30776125,1.173375,-0.32456288,-0.31190884,-0.256234,-0.2358737,-0.3148053,-0.32880616,-0.31667608,-0.2850096,-0.30183107,-0.3165546,-0.30985528,-0.28285575,-0.31161842,-0.27598393,-0.3221326,-0.32019633,-0.28192133,-0.19459927,-0.19459927,-0.32411462,-0.31788203,-0.32943356,-0.20658675,-0.20658675,-0.33048365,-0.31546086,-0.3289357,-0.20655881,-0.31196946,-0.31374395,-0.33007872,-0.31613997
k__Bacteria|p__Actinobacteria|c__Actinobacteria|o__Actinomycetales|f__Actinomycetaceae|g__Parascardovia|s__unclassified,-0.28271136,-0.3102107,-0.32328734,-0.31718764,-0.31693113,-0.2932219,-0.3258366,-0.31635892,-0.33075604,-0.32159668,-0.19440371,-0.32539368,-0.3093853,-0.32235095,-0.28191444,-0.30519226,-0.3303013,-0.32405317,-0.3211161,-0.28520653,-0.27228236,-0.31223327,-0.31787935,-0.31990397,-0.2837943,-0.26755807,-0.32696477,-0.3200668,-0.31572226,-0.28526622,1.7786888,-0.32284898,-0.32284898,-0.31979084,-0.31745517,-0.24718808,-0.32432246,-0.3291557,-0.3253438,-0.32113716,-0.2602843,-0.30590335,-0.310346,-0.3153896,-0.2798452,-0.2851582,-0.31073338,-0.31715828,-0.32119846,-0.31972703,-0.27509654,-0.3272691,-0.31918228,-0.3135995,-0.28381836,-0.20411447,-0.30894113,-0.29172873,-0.32576573,-0.3124568,-0.256234,-0.2358737,-0.31571472,-0.32880616,-0.3182639,-0.2850096,-0.30183107,-0.3162126,-0.30985528,-0.28087616,-0.31161842,-0.27598393,-0.32329902,-0.3209033,-0.28338063,-0.19459927,-0.19459927,-0.32411462,-0.31813025,-0.32943356,-0.20658675,-0.20658675,-0.33048365,-0.31734347,-0.3289357,-0.20655881,-0.31196946,-0.31460094,-0.33007872,-0.31755716
k__Bacteria|p__Actinobacteria|c__Actinobacteria|o__Actinomycetales|f__Corynebacteriaceae|g__Corynebacterium|s__unclassified,-0.28271136,-0.31095585,-0.32328734,-0.31718764,-0.31762958,-0.2932219,-0.3258366,-0.3164565,-0.33075604,-0.32192045,-0.19440371,-0.32539368,-0.31003624,-0.3225088,-0.2816965,-0.30519226,-0.3303013,-0.32424068,-0.3211648,-0.28516382,-0.27169177,-0.31223327,-0.31787953,-0.3198142,-0.2837146,-0.26755807,-0.32696477,-0.31932497,-0.31546414,-0.28527626,-0.23875734,-0.32284898,-0.32284898,-0.31979084,-0.3180111,-0.24718808,-0.32432246,-0.3291557,-0.325772,-0.3212303,-0.2589415,-0.30590335,-0.30993035,-0.31498635,-0.27948007,-0.2851582,-0.3103547,-0.31715828,-0.3214532,-0.31960186,-0.27487478,-0.3272691,-0.31908372,-0.31330243,-0.28407875,-0.20411447,-0.31034043,-0.29172873,-0.32563153,-0.31192738,-0.256234,-0.2358737,-0.31583786,-0.32880616,-0.3184883,-0.2850096,-0.30183107,-0.3159448,-0.30985528,-0.27894783,-0.31161842,-0.27598393,-0.32353812,-0.32078806,-0.28324223,-0.19459927,-0.19459927,-0.32411462,-0.3178569,-0.32943356,-0.20658675,-0.20658675,-0.33048365,-0.31738108,-0.3289357,-0.20655881,-0.31196946,-0.31391615,-0.33007872,-0.31782198
k__Bacteria|p__Actinobacteria|c__Actinobacteria|o__Actinomycetales|f__Micrococcaceae|g__Rothia|s__mucilaginosa,-0.28271136,-0.3093969,-0.32328734,-0.31718764,-0.31508732,-0.2932219,-0.3258366,-0.31574854,-0.33075604,-0.31964493,-0.19440371,-0.32539368,-0.3091157,-0.32212102,-0.28104421,-0.30519226,-0.3303013,-0.32294247,-0.3204381,-0.283601,-0.274424,-0.31223327,-0.31723154,-0.3195419,-0.28270215,-0.26755807,0.73831564,-0.31959632,-0.3162599,-0.28344175,1.7644602,-0.32284898,-0.32284898,-0.31979084,-0.31618434,-0.24718808,-0.32432246,-0.3291557,-0.3245805,-0.31973183,-0.2639681,-0.30590335,-0.30978626,-0.3158272,-0.2791489,-0.2851582,-0.31046385,-0.31715828,-0.3202425,-0.31816384,-0.27725407,-0.3272691,-0.31833702,-0.31430882,-0.28284073,-0.20411447,-0.30809566,-0.29172873,-0.3245829,-0.31221658,-0.256234,-0.2358737,-0.31538892,-0.32880616,-0.31685728,-0.2850096,-0.30183107,-0.3163766,-0.30985528,-0.2838301,-0.31161842,-0.27598393,-0.32236528,-0.32041287,-0.28188455,-0.19459927,-0.19459927,-0.32411462,-0.31795323,-0.32943356,-0.20658675,-0.20658675,-0.33048365,-0.3160675,-0.3289357,-0.20655881,0.3884449,-0.31411526,-0.33007872,-0.31634432
k__Bacteria|p__Actinobacteria|c__Actinobacteria|o__Bifidobacteriales|f__Bifidobacteriaceae|g__Bifidobacterium|s__longum,1.378869,0.81854314,1.2331228,-0.31718764,0.855741,1.6125046,0.98954165,0.87201715,0.7149894,0.89586794,-0.19440371,0.77839863,0.82012165,0.9190306,0.7698895,1.3865765,0.94579095,0.92802995,0.9094471,0.7795448,0.59806913,0.94371665,0.8887661,0.9063633,0.7783252,1.4233654,0.8541233,0.9090309,0.88837737,0.7782304,-0.23875734,0.9784772,0.9784772,0.90212,0.874949,1.7839177,1.1820736,0.8827731,0.94475347,0.90329355,0.5529794,1.417218,0.83725834,0.8858724,0.7601393,-0.2851582,0.83118534,1.1805558,0.9057219,0.89112437,0.6097296,0.86526304,0.8966257,0.8810465,0.7771282,-0.20411447,0.80875075,1.4862119,0.9290618,0.8624389,1.7353671,1.6954653,0.8698258,0.67256236,0.8784069,1.4012556,1.0171267,0.8844782,-0.30985528,0.6921919,1.1029414,1.8303907,0.92185044,0.9104568,0.7721418,-0.19459927,-0.19459927,0.7097586,0.89380276,0.6033259,-0.20658675,-0.20658675,0.90478355,0.8696902,0.45108452,2.2011776,0.73434216,0.8598033,0.706801,0.87669075
k__Bacteria|p__Actinobacteria|c__Actinobacteria|o__Bifidobacteriales|f__Bifidobacteriaceae|g__Bifidobacterium|s__adolescentis,-0.28271136,-0.3019722,0.78087515,-0.31718764,-0.3084135,-0.2932219,1.4460559,-0.30755037,1.1419995,-0.31263393,-0.19440371,-0.32539368,-0.30139422,-0.31359398,-0.27393016,1.0232829,-0.3303013,-0.31491047,-0.31222296,-0.27710244,-0.26552263,-0.31223327,-0.30894646,-0.31108516,-0.27584705,-0.26755807,-0.32696477,-0.31077963,-0.30697381,-0.2771663,-0.23875734,1.1013774,1.1013774,0.86382943,-0.30897546,1.6355256,0.77429086,0.7444132,-0.31651622,-0.31220204,-0.25317293,-0.30590335,-0.30139735,-0.306603,-0.27189457,-0.2851582,-0.30195928,-0.31715828,-0.31244603,-0.31055456,-0.26836368,-0.3272691,-0.31012988,-0.30510372,-0.27611643,-0.20411447,-0.30071765,1.1739942,-0.31665295,-0.30340117,1.5816442,-0.2358737,-0.30705413,-0.32880616,-0.30944818,1.4795346,1.0517216,-0.3079331,-0.30985528,-0.27320263,0.93647844,-0.27598393,-0.31415343,-0.312034,-0.27531353,-0.19459927,-0.19459927,-0.32411462,-0.3092873,-0.32943356,-0.20658675,-0.20658675,-0.33048365,-0.30824625,-0.3289357,1.991396,0.39038485,-0.30565643,-0.33007872,-0.30891418
k__Bacteria|p__Actinobacteria|c__Actinobacteria|o__Bifidobacteriales|f__Bifidobacteriaceae|g__Bifidobacterium|s__unclassified,1.2909327,0.5949123,0.8019621,-0.31718764,0.6324464,1.1636502,0.7702996,0.655928,-0.33075604,0.6788194,-0.19440371,0.75431573,0.5987499,0.7092233,0.5775223,1.0407826,0.7867929,0.717734,0.69921285,0.5829853,0.37558043,-0.31223327,0.67706037,0.697733,0.5847702,-0.26755807,0.78714037,0.701393,0.6820998,0.5811279,-0.23875734,-0.32284898,-0.32284898,-0.31979084,0.6585366,1.6369776,0.7784972,0.6538754,0.73877025,0.69027066,0.34392017,2.016435,0.6228555,0.6793275,0.56910837,-0.2851582,0.612183,0.866742,0.69322824,0.6768504,0.38384867,1.1647794,0.6853478,0.6769366,0.5826094,-0.20411447,0.58629906,1.1693408,0.71470475,0.6546624,1.6566073,-0.2358737,0.65458137,0.96800953,0.66210973,1.2209543,-0.30183107,0.6751151,-0.30985528,0.48955452,0.9766007,1.3318449,0.7106766,0.7003087,0.5775299,-0.19459927,-0.19459927,0.7828026,0.6836674,0.7555266,-0.20658675,-0.20658675,0.6468737,0.6518184,0.5629851,2.0410476,0.39740768,0.64309764,-0.33007872,0.6606506
k__Bacteria|p__Cyanobacteria|c__4C0d-2|o__YS2|f__unclassified|g__unclassified|s__unclassified,-0.28271136,-0.30966252,-0.32328734,-0.31718764,-0.31626266,-0.2932219,-0.3258366,-0.31529143,-0.33075604,-0.3205692,-0.19440371,-0.32539368,-0.3094007,-0.32198507,-0.2807241,-0.30519226,-0.3303013,-0.3231038,-0.32068664,-0.28382665,-0.2718303,-0.31223327,-0.3167137,-0.31956667,-0.28284448,-0.26755807,-0.32696477,-0.31928396,-0.31524172,-0.28398484,-0.23875734,-0.32284898,-0.32284898,-0.31979084,-0.3169198,-0.24718808,-0.32432246,-0.3291557,-0.32516503,-0.320558,-0.25863796,-0.30590335,-0.3088568,-0.31480354,-0.27890676,-0.2851582,-0.3094597,-0.31715828,-0.32046443,-0.31836677,-0.274305,-0.3272691,-0.31821674,-0.3134361,-0.28359672,-0.20411447,-0.30777463,-0.29172873,-0.32488883,-0.31107882,-0.256234,-0.2358737,-0.31472838,-0.32880616,-0.31732348,-0.2850096,-0.30183107,-0.3156786,0.88316476,-0.27987924,-0.31161842,-0.27598393,-0.3219816,-0.32007837,-0.2821912,-0.19459927,-0.19459927,-0.32411462,-0.31786874,-0.32943356,-0.20658675,-0.20658675,-0.33048365,-0.3160478,-0.3289357,-0.20655881,-0.31196946,-0.31382662,0.63771725,-0.31702048
k__Bacteria|p__Cyanobacteria|c__Chloroplast|o__Streptophyta|f__unclassified|g__unclassified|s__unclassified,-0.28271136,-0.31052977,-0.32328734,-0.31718764,-0.31693882,-0.2932219,-0.3258366,-0.3167188,-0.33075604,-0.32125595,-0.19440371,-0.32539368,-0.31044453,-0.32246682,-0.28164917,-0.30519226,-0.3303013,-0.32395574,-0.3213148,-0.28469312,-0.27420568,-0.31223327,-0.31802338,-0.32012206,-0.28359124,-0.26755807,-0.32696477,-0.3203743,-0.31640232,-0.28480405,-0.23875734,-0.32284898,-0.32284898,-0.31979084,-0.3175023,-0.24718808,-0.32432246,-0.3291557,-0.32527822,-0.32100463,-0.26189882,-0.30590335,-0.31036884,-0.31600028,-0.27982596,-0.2851582,-0.31133214,-0.31715828,-0.32139888,-0.31928912,-0.27680695,-0.3272691,-0.3192975,-0.3143546,-0.2841729,-0.20411447,-0.30932537,-0.29172873,-0.3255564,-0.3122695,-0.256234,-0.2358737,-0.3159149,-0.32880616,-0.31813765,-0.2850096,-0.30183107,-0.3168829,-0.30985528,-0.28273192,-0.31161842,-0.27598393,-0.3231108,-0.32103282,-0.28300753,-0.19459927,-0.19459927,-0.32411462,-0.31871906,-0.32943356,-0.20658675,-0.20658675,-0.33048365,-0.31737733,-0.3289357,-0.20655881,-0.31196946,-0.31509876,-0.33007872,-0.317681
k__Bacteria|p__Fusobacteria|c__Fusobacteria|o__Fusobacteriales|f__Fusobacteriaceae|g__Fusobacterium|s__unclassified,1.3269185,-0.30945948,-0.32328734,-0.31718764,-0.3153907,-0.2932219,-0.3258366,-0.31538773,-0.33075604,-0.31995493,-0.19440371,0.8722917,-0.30886954,-0.32197845,-0.28056476,-0.30519226,-0.3303013,-0.32261723,-0.3204304,-0.28358072,-0.27335536,-0.31223327,-0.31670085,-0.3194647,-0.28268152,-0.26755807,-0.32696477,-0.31944558,-0.3156467,-0.28365457,-0.23875734,-0.32284898,-0.32284898,-0.31979084,-0.31616724,-0.24718808,-0.32432246,-0.3291557,-0.32458377,-0.31980205,-0.26103482,1.0286467,-0.30908948,-0.31520888,-0.2789379,-0.2851582,-0.3099621,-0.31715828,-0.32033086,-0.31807783,-0.27602482,-0.3272691,-0.31791183,-0.31378537,-0.2830753,-0.20411447,-0.3078619,-0.29172873,-0.32443887,-0.31127918,-0.256234,-0.2358737,-0.31504515,-0.32880616,-0.31692174,-0.2850096,-0.30183107,-0.3161299,-0.30985528,-0.28210157,0.9339943,-0.27598393,-0.32206416,-0.32009897,-0.28199282,-0.19459927,-0.19459927,-0.32411462,-0.31763008,-0.32943356,-0.20658675,-0.20658675,-0.33048365,-0.31579977,-0.3289357,-0.20655881,-0.31196946,-0.31382594,-0.33007872,-0.31635764
k__Bacteria|p__Fusobacteria|c__Fusobacteria|o__Fusobacteriales|f__Fusobacteriaceae|g__unclassified|s__unclassified,-0.28271136,-0.30957648,-0.32328734,-0.31718764,-0.31689444,-0.2932219,-0.3258366,-0.3155197,-0.33075604,-0.32129127,-0.19440371,-0.32539368,-0.3094636,-0.32237,-0.2814088,-0.30519226,-0.3303013,-0.32335722,-0.32103062,-0.28453892,-0.27251458,-0.31223327,-0.31698656,-0.31974852,-0.28351474,-0.26755807,-0.32696477,-0.31948483,-0.31535813,-0.28466696,-0.23875734,-0.32284898,-0.32284898,-0.31979084,-0.3175447,-0.24718808,-0.32432246,-0.3291557,-0.32557714,-0.3208441,-0.2595196,-0.30590335,-0.30914742,-0.3150347,-0.27942052,-0.2851582,-0.309627,-0.31715828,-0.32098112,-0.31897628,-0.27496466,-0.3272691,-0.31834516,-0.31368846,-0.28378958,-0.20411447,-0.30917275,-0.29172873,-0.32490385,-0.311751,-0.256234,-0.2358737,-0.3148559,-0.32880616,-0.31798133,-0.2850096,-0.30183107,-0.31599954,-0.30985528,-0.28060025,-0.31161842,-0.27598393,-0.32242894,-0.3205092,-0.28299665,-0.19459927,-0.19459927,-0.32411462,-0.31778854,-0.32943356,-0.20658675,-0.20658675,-0.33048365,-0.3166168,-0.3289357,-0.20655881,-0.31196946,-0.3135503,-0.33007872,-0.3173149
k__Bacteria|p__Tenericutes|c__Mollicutes|o__RF39|f__unclassified|g__unclassified|s__unclassified,-0.28271136,-0.31088313,-0.32328734,-0.31718764,-0.31755766,-0.2932219,-0.3258366,-0.3166831,-0.33075604,-0.32175577,-0.19440371,-0.32539368,-0.31018454,-0.3232501,-0.281429,-0.30519226,-0.3303013,-0.32430732,-0.32181662,-0.28500658,-0.27122432,-0.31223327,-0.3181005,-0.32073587,-0.28363216,-0.26755807,-0.32696477,-0.32001472,-0.31617376,-0.28518617,-0.23875734,-0.32284898,-0.32284898,-0.31979084,-0.3178057,-0.24718808,-0.32432246,-0.3291557,-0.32591197,-0.32136083,-0.2570818,-0.30590335,-0.309896,-0.3157267,-0.27942282,-0.2851582,-0.31123883,-0.31715828,-0.3221326,-0.31963247,-0.27444947,-0.3272691,-0.319501,-0.31404945,-0.2841291,-0.20411447,-0.3088568,-0.29172873,-0.32665163,-0.31150755,-0.256234,-0.2358737,-0.31666464,-0.32880616,-0.31852716,-0.2850096,-0.30183107,-0.31793672,-0.30985528,-0.27933186,-0.31161842,-0.27598393,-0.32351202,-0.3214431,-0.28296784,-0.19459927,-0.19459927,-0.32411462,-0.31909618,-0.32943356,-0.20658675,-0.20658675,-0.33048365,-0.31768668,-0.3289357,-0.20655881,-0.31196946,-0.31543213,-0.33007872,-0.31784165
k__Bacteria|p__Verrucomicrobia|c__Verrucomicrobiae|o__Verrucomicrobiales|f__Verrucomicrobiaceae|g__Akkermansia|s__muciniphila,-0.28271136,-0.3059194,-0.32328734,1.9071275,-0.31268162,-0.2932219,-0.3258366,-0.31103987,0.6971363,-0.31691438,-0.19440371,-0.32539368,-0.305082,-0.3172443,-0.27739847,-0.30519226,-0.3303013,-0.3184494,-0.31587207,-0.2810104,-0.268641,1.0218436,-0.31192297,-0.31425476,-0.27950788,-0.26755807,-0.32696477,-0.31445777,-0.309821,-0.28096166,-0.23875734,-0.32284898,-0.32284898,-0.31979084,-0.31302935,-0.24718808,0.8103969,0.64950377,-0.3200971,-0.31638592,-0.2552993,-0.30590335,-0.30500856,-0.30956173,-0.27530506,-0.2851582,-0.30496687,-0.31715828,-0.31559905,-0.31463957,-0.27118307,-0.3272691,-0.3134606,-0.3078839,-0.2798591,-0.20411447,-0.30390346,-0.29172873,-0.3208936,-0.30686218,-0.256234,-0.2358737,-0.30964047,1.4339879,-0.31364313,-0.2850096,1.0172048,-0.3102994,-0.30985528,-0.27444255,-0.31161842,-0.27598393,-0.31793296,-0.3156403,-0.27920824,-0.19459927,-0.19459927,0.94724256,-0.3118378,0.60170937,-0.20658675,-0.20658675,-0.33048365,-0.3118859,-0.3289357,-0.20655881,0.5839266,-0.3088748,0.6137281,-0.3133106
