"#OTU ID","T000272.0","T000272.1","T000272.2","T000272.3","T000272.4","T000461.0","T000461.1","T000461.2","T000461.3","T000461.4","T002534.0","T002534.1","T002534.2","T002534.3","T002534.4","T003950.0","T003950.1","T003950.2","T003950.3","T003950.4","T005999.0","T005999.1","T005999.2","T005999.3","T005999.4","T007748.0","T007748.1","T007748.2","T007748.3","T007748.4","T008025.0","T008025.1","T008025.2","T008025.3","T008025.4","T008631.0","T008631.1","T008631.2","T008631.3","T008631.4","T009280.0","T009280.1","T009280.2","T009280.3","T009280.4","T009909.0","T009909.1","T009909.2","T009909.3","T009909.4","T010520.0","T010520.1","T010520.2","T010520.3","T010520.4","T010532.0","T010532.1","T010532.2","T010532.3","T010532.4","T012138.0","T012138.1","T012138.2","T012138.3","T012138.4","T012374.0","T012374.1","T012374.2","T012374.3","T012374.4","T012389.0","T012389.1","T012389.2","T012389.3","T012389.4","T013832.0","T013832.1","T013832.2","T013832.3","T013832.4","T014827.0","T014827.1","T014827.2","T014827.3","T014827.4","T017394.0","T017394.1","T017394.2","T017394.3","T017394.4","T018343.0","T018343.1","T018343.2","T018343.3","T018343.4","T019021.0","T019021.1","T019021.2","T019021.3","T019021.4","T019031.0","T019031.1","T019031.2","T019031.3","T019031.4","T019850.0","T019850.1","T019850.2","T019850.3","T019850.4","T020231.0","T020231.1","T020231.2","T020231.3","T020231.4","T021076.0","T021076.1","T021076.2","T021076.3","T021076.4","T021613.0","T021613.1","T021613.2","T021613.3","T021613.4","T023390.0","T023390.1","T023390.2","T023390.3","T023390.4","T023909.0","T023909.1","T023909.2","T023909.3","T023909.4","T024121.0","T024121.1","T024121.2","T024121.3","T024121.4","T028183.0","T028183.1","T028183.2","T028183.3","T028183.4"
"k__Bacteria|p__Firmicutes|c__Bacilli|o__Lactobacillales|f__Enterococcaceae|g__unclassified|s__unclassified",-0.382571744346393,-0.362188890444016,-0.351458495084956,-0.351458495084956,-0.355375349330655,-0.311216608516987,-0.349561937619713,-0.355525568442928,-0.350361254137875,-0.35681970895717,-0.331365902511947,-0.348702114737249,-0.345278261562139,-0.34365991505858,-0.312155672040521,-0.307804154711102,-0.351330099278442,-0.339908667192573,-0.337589162757449,-0.347018916796674,-0.252220722915483,-0.259158878963628,-0.346214087279884,-0.257475064797597,-0.236817180877198,-0.336671901945682,-0.27062268650236,-0.272664450408438,-0.26432654700402,-0.35618744442008,-0.318155664787435,-0.307717923227852,-0.321266055911618,-0.357354462314865,-0.282583268567946,-0.25396472129649,-0.335943032935239,-0.32381022880509,-0.350919690425639,-0.287432479826757,-0.332960344928589,-0.326032311801928,-0.343314217996724,-0.342197880471567,-0.269662330424838,-0.0935029444415294,-0.288157142808552,-0.345945670954519,-0.235082271688573,-0.223538811482943,-0.27991651993603,-0.33525335726705,-0.331680156606814,-0.343879720185895,-0.34418642014992,-0.313345604792636,-0.351996073620118,-0.355333025786026,-0.344454254857012,-0.351409849881696,-0.329146961577329,-0.293948770300053,-0.357514561160159,-0.359366898756254,-0.288852119843467,-0.292782372490922,-0.301186513453588,-0.295928222007101,-0.344664907277735,-0.347962900055353,-0.264517009578276,-0.344266777192772,-0.327290150719388,-0.329694480555032,-0.308067141536758,-0.263045968448129,-0.260915334689312,-0.245917284070851,-0.227414955927287,-0.351823916863386,-0.282749582289627,-0.332637186033752,-0.351889968040456,-0.359339270216523,-0.354633140848136,-0.254798878318837,-0.245149504988087,-0.35424852139678,-0.310134812144025,-0.357484841274792,-0.31901367795315,-0.264528319172188,-0.372871202518261,-0.364361689531877,-0.348936279131231,-0.306568295580426,-0.327753771288596,-0.306491443513552,-0.360587626393857,-0.352809562475741,-0.27306528226547,-0.304123007820937,-0.34015253378494,-0.354593979876265,-0.34624660933449,-0.263810231442435,-0.355561600062418,-0.35609764219835,-0.357686648808836,-0.358276622441246,-0.349488644393178,-0.356377244456695,-0.352803958719789,-0.348335102624761,-0.358342629540304,-0.232648281222844,-0.315388828509139,-0.338458266062735,-0.331399986009218,-0.344604011789235,-0.312663667109575,-0.351699636009036,-0.310517464816374,-0.312364255195682,-0.35303076456692,-0.388730541076529,-0.379488927177391,-0.373807547157182,-0.348403927064411,-0.327560489208768,-0.330623218255761,-0.316316916269846,-0.283726203375011,-0.359253059897505,-0.240600931557526,-0.296380864492528,-0.264515124887387,-0.235370609283817,-0.325534702501331,-0.349786739499925,-0.255595499789311,-0.255595499789311,-0.266857041428543,-0.354047350024942,1.34775778342241
"k__Bacteria|p__Firmicutes|c__Clostridia|o__Clostridiales|f__Clostridiaceae|g__Peptoniphilus|s__asaccharolyticus",-0.370825739109927,-0.365614896764331,-0.351458495084956,-0.351458495084956,-0.355375349330655,-0.311216608516987,-0.349561937619713,-0.355525568442928,-0.350361254137875,-0.35681970895717,-0.331365902511947,-0.296181002278806,-0.345278261562139,-0.34365991505858,-0.348381016941573,-0.307804154711102,-0.351330099278442,-0.354153906886668,-0.337589162757449,-0.347018916796674,-0.156569261152682,-0.222675443382937,-0.346214087279884,-0.25980113251439,-0.277975518573491,0.938476641314208,-0.225827589456751,-0.278823085201932,-0.263436037906112,-0.35618744442008,1.13211467754836,-0.307717923227852,-0.334217611563657,-0.357354462314865,-0.322842204792019,-0.25396472129649,-0.335943032935239,-0.350605731896472,-0.350919690425639,-0.327003243432105,-0.311413940532982,-0.331075139272107,-0.343314217996724,-0.342197880471567,-0.309249365822227,0.142617427589255,-0.288157142808552,-0.345945670954519,-0.151234495500348,-0.220503431121876,-0.27991651993603,-0.283622238176029,-0.355409258831496,-0.359675960692665,-0.34418642014992,-0.313345604792636,-0.351996073620118,-0.355333025786026,-0.344454254857012,-0.351409849881696,-0.329146961577329,-0.267135211333135,-0.357514561160159,-0.359366898756254,-0.311971995907973,-0.213033057511548,-0.268022722325584,-0.330839731360914,-0.344664907277735,-0.347962900055353,-0.264517009578276,-0.344266777192772,-0.327290150719388,-0.357585715409463,-0.339284631105839,-0.263045968448129,-0.260915334689312,-0.228465412350656,-0.224669313446132,-0.351823916863386,-0.118403205081701,-0.332637186033752,-0.351889968040456,-0.359339270216523,-0.354633140848136,-0.254798878318837,-0.245149504988087,-0.35424852139678,-0.287421466071256,-0.357484841274792,-0.181237899885133,-0.264528319172188,-0.367135871785577,-0.366431370556128,-0.348936279131231,-0.306568295580426,-0.276205756817799,-0.306491443513552,-0.360587626393857,-0.352809562475741,-0.27306528226547,-0.304123007820937,-0.34015253378494,-0.364447380629444,-0.34624660933449,-0.263810231442435,-0.355561600062418,-0.35609764219835,-0.357686648808836,-0.358276622441246,-0.272205834156965,-0.356377244456695,-0.375082777300945,-0.348335102624761,-0.358342629540304,-0.0077381828349206,-0.315388828509139,-0.338458266062735,-0.331399986009218,-0.344604011789235,-0.218755939061158,-0.351699636009036,-0.342422493653177,-0.330329074739115,-0.35303076456692,-0.337054541949129,-0.368345327725137,-0.429873327957945,-0.348403927064411,-0.327560489208768,-0.334198359555654,-0.345871888260354,-0.34344004279255,-0.359253059897505,-0.302107857365564,-0.307599314371462,-0.299686552168009,-0.292156343276656,-0.325534702501331,-0.349786739499925,-0.255595499789311,-0.255595499789311,-0.292657617952404,-0.354047350024942,-0.302129357248267
"k__Bacteria|p__Firmicutes|c__Bacilli|o__Lactobacillales|f__Streptococcaceae|g__unclassified|s__unclassified",-0.388380553998765,-0.352291307235431,-0.351458495084956,-0.351458495084956,-0.355375349330655,-0.311216608516987,-0.349561937619713,-0.355525568442928,-0.350361254137875,-0.35681970895717,-0.331365902511947,-0.334100274545979,-0.345278261562139,-0.34365991505858,-0.304782252408278,-0.307804154711102,-0.351330099278442,-0.339970759201759,-0.337589162757449,-0.347018916796674,-0.242017675413881,-0.264211137446131,-0.346214087279884,-0.272461749128085,-0.24523024592005,-0.336671901945682,-0.277597791719682,-0.269255753639251,-0.277041696061617,-0.35618744442008,-0.318155664787435,-0.307717923227852,-0.293528104380344,-0.357354462314865,-0.277955861834588,-0.25396472129649,-0.335943032935239,-0.329292027051461,-0.350919690425639,-0.29091216002876,-0.330160946426594,-0.330432545460066,-0.343314217996724,-0.342197880471567,-0.259631130749441,-0.104064347591119,-0.288157142808552,-0.345945670954519,-0.228419714397186,-0.246522539253235,-0.27991651993603,-0.334084293915067,-0.341198570136412,-0.329190766084344,-0.34418642014992,-0.313345604792636,-0.351996073620118,-0.355333025786026,-0.344454254857012,-0.351409849881696,-0.329146961577329,-0.294680099447126,-0.357514561160159,-0.359366898756254,-0.266899954991983,-0.311594280925611,-0.321066418010225,-0.294178962637348,-0.344664907277735,-0.347962900055353,-0.264517009578276,-0.344266777192772,-0.327290150719388,-0.324350566785736,-0.289961568441111,-0.263045968448129,-0.260915334689312,-0.223155318238038,-0.233516464645863,-0.351823916863386,-0.285217608936687,-0.332637186033752,-0.351889968040456,-0.359339270216523,-0.354633140848136,-0.254798878318837,-0.245149504988087,-0.35424852139678,-0.287565132076076,-0.357484841274792,-0.311154156935071,-0.264528319172188,-0.366864288938799,-0.35547937612177,-0.348936279131231,-0.306568295580426,-0.33688727482268,-0.306491443513552,-0.360587626393857,-0.352809562475741,-0.27306528226547,-0.304123007820937,-0.34015253378494,-0.355422169126566,-0.34624660933449,-0.263810231442435,-0.355561600062418,-0.35609764219835,-0.357686648808836,-0.358276622441246,-0.362184909802308,-0.356377244456695,-0.344988277267878,-0.348335102624761,-0.358342629540304,-0.231455067385453,-0.315388828509139,-0.338458266062735,-0.331399986009218,-0.344604011789235,-0.31551850382542,-0.351699636009036,-0.316125113356528,-0.310095526710197,-0.35303076456692,-0.394299935419222,-0.392465187284025,-0.372695740470983,-0.348403927064411,-0.327560489208768,-0.342979750526175,-0.313886501292466,-0.27291682665874,-0.359253059897505,-0.234007390272064,-0.30137069421072,-0.273873436939416,-0.244857169098725,-0.325534702501331,-0.349786739499925,-0.255595499789311,-0.255595499789311,-0.268670620053871,-0.354047350024942,1.38167477862563
"k__Bacteria|p__Firmicutes|c__Clostridia|o__Coriobacteriales|f__Coriobacteriaceae|g__Collinsella|s__aerofaciens",-0.420704661886627,-0.411286854919425,-0.351458495084956,-0.351458495084956,-0.355375349330655,-0.311216608516987,-0.349561937619713,-0.355525568442928,-0.350361254137875,-0.35681970895717,-0.331365902511947,-0.356517576411632,-0.345278261562139,-0.34365991505858,-0.342963712961239,-0.307804154711102,-0.351330099278442,-0.382968038380466,-0.337589162757449,-0.347018916796674,-0.361344319287626,-0.366753532332093,-0.346214087279884,-0.338829282345424,-0.29810131431143,-0.336671901945682,-0.298696136522181,-0.311760876359459,-0.29275271896477,-0.35618744442008,-0.318155664787435,-0.307717923227852,-0.348380221621906,-0.357354462314865,-0.310964462628308,-0.25396472129649,-0.335943032935239,-0.339306046105101,-0.350919690425639,-0.303409853850766,-0.344607408821492,-0.340400072990575,-0.343314217996724,-0.342197880471567,-0.283728380786734,0.113775869048714,-0.288157142808552,-0.345945670954519,-0.207284312252668,-0.258010495832417,-0.27991651993603,-0.321512783066289,-0.365829301337022,-0.334150899945753,-0.34418642014992,-0.313345604792636,-0.351996073620118,-0.355333025786026,-0.344454254857012,-0.351409849881696,1.04244141739936,-0.294427750053425,-0.357514561160159,-0.359366898756254,-0.290441560920613,-0.355186911412019,-0.353889930985714,-0.339813593093697,-0.344664907277735,-0.347962900055353,-0.264517009578276,-0.344266777192772,-0.327290150719388,-0.313948120825339,-0.309092030106547,-0.263045968448129,-0.260915334689312,-0.279309186606225,-0.248446448714221,-0.351823916863386,-0.269914245807459,-0.332637186033752,-0.351889968040456,-0.359339270216523,-0.354633140848136,-0.254798878318837,-0.245149504988087,-0.35424852139678,-0.318176045469578,-0.357484841274792,-0.107673232367991,-0.264528319172188,-0.343256182548414,-0.317911748388764,-0.348936279131231,-0.306568295580426,-0.318750802259133,-0.306491443513552,-0.360587626393857,-0.352809562475741,-0.27306528226547,-0.304123007820937,-0.34015253378494,-0.342266197251817,-0.34624660933449,-0.263810231442435,-0.355561600062418,-0.35609764219835,-0.357686648808836,-0.358276622441246,-0.32542835938539,-0.356377244456695,-0.377659109947863,-0.348335102624761,-0.358342629540304,-0.0408719166848447,-0.315388828509139,-0.338458266062735,-0.331399986009218,-0.344604011789235,-0.218616373916201,-0.351699636009036,-0.327310186824837,-0.312024459763736,-0.35303076456692,-0.368269797794318,-0.401043397244073,-0.406122770499386,-0.348403927064411,-0.327560489208768,-0.391222391598403,-0.355177465128341,-0.316421593547187,-0.359253059897505,-0.252399300433995,-0.305879058031638,-0.290195170999606,-0.254366111496205,-0.325534702501331,-0.349786739499925,-0.255595499789311,-0.255595499789311,-0.327851422456294,-0.354047350024942,-0.302129357248267
"k__Bacteria|p__Firmicutes|c__Clostridia|o__Clostridiales|f__Lachnospiraceae|g__Blautia|s__producta",-0.410811524847539,-0.379159768036697,-0.351458495084956,-0.351458495084956,-0.355375349330655,-0.311216608516987,-0.349561937619713,-0.355525568442928,-0.350361254137875,-0.35681970895717,-0.331365902511947,-0.360384673218925,-0.345278261562139,-0.34365991505858,-0.336742647249908,-0.307804154711102,-0.351330099278442,-0.364056139087913,-0.337589162757449,-0.347018916796674,-0.303098388889797,-0.311222869819369,-0.346214087279884,-0.30085083658046,-0.265452732751121,-0.336671901945682,-0.29279975933524,-0.298023577838813,-0.285817499948223,-0.35618744442008,-0.318155664787435,-0.307717923227852,-0.332467240727158,-0.357354462314865,-0.304555491966512,-0.25396472129649,-0.335943032935239,-0.344559983168376,-0.350919690425639,-0.310595684125298,-0.354896486206711,-0.342232782459015,-0.343314217996724,-0.342197880471567,-0.301841350234044,-0.0317017685276346,-0.288157142808552,-0.345945670954519,-0.214064158607697,-0.252269997941512,-0.27991651993603,-0.341000022833201,-0.349453482881732,-0.358640478457529,-0.34418642014992,-0.313345604792636,-0.351996073620118,-0.355333025786026,-0.344454254857012,-0.351409849881696,-0.329146961577329,-0.312997258712575,-0.357514561160159,-0.359366898756254,-0.308668569287444,-0.333800769772089,-0.332323636463614,-0.326462048509641,-0.344664907277735,-0.347962900055353,-0.264517009578276,-0.344266777192772,-0.327290150719388,-0.354737534062253,-0.308029394226116,-0.263045968448129,-0.260915334689312,-0.259297880019935,-0.257423126329003,-0.351823916863386,-0.28169823614844,-0.332637186033752,-0.351889968040456,-0.359339270216523,-0.354633140848136,-0.254798878318837,-0.245149504988087,-0.35424852139678,-0.325611119718241,-0.357484841274792,-0.262874392324184,-0.264528319172188,-0.373627744497749,-0.3640868890786,-0.348936279131231,-0.306568295580426,-0.346581095247216,-0.306491443513552,-0.360587626393857,-0.352809562475741,-0.27306528226547,-0.304123007820937,-0.34015253378494,-0.371833260770498,-0.34624660933449,-0.263810231442435,-0.355561600062418,-0.35609764219835,-0.357686648808836,-0.358276622441246,-0.36296495239619,-0.356377244456695,-0.371063698665231,-0.348335102624761,-0.358342629540304,-0.16941073881519,-0.315388828509139,-0.338458266062735,-0.331399986009218,-0.344604011789235,-0.295531250018788,-0.351699636009036,-0.343678407813296,-0.318064056301732,-0.35303076456692,-0.401638040557009,-0.412674187732089,-0.398038174245702,-0.348403927064411,-0.327560489208768,-0.374729103057519,-0.334333221277132,-0.302196891562953,-0.359253059897505,-0.258805298066271,-0.316507684753258,-0.300117848820167,-0.24780965708409,-0.325534702501331,-0.349786739499925,-0.255595499789311,-0.255595499789311,-0.309643334393729,-0.354047350024942,-0.302129357248267
"k__Bacteria|p__Firmicutes|c__Bacilli|o__Gemellales|f__Gemellaceae|g__unclassified|s__unclassified",-0.247829649783531,-0.305938387478646,-0.351458495084956,-0.351458495084956,-0.355375349330655,-0.311216608516987,-0.349561937619713,-0.355525568442928,-0.350361254137875,-0.35681970895717,0.996717110148618,-0.168656082187462,-0.345278261562139,-0.34365991505858,-0.35764009455459,-0.307804154711102,-0.351330099278442,-0.319104121270312,-0.337589162757449,-0.347018916796674,0.10253272793778,-0.0600520615433709,-0.346214087279884,-0.194048906126176,-0.26058532738726,-0.336671901945682,-0.100100781123507,-0.251413068558192,-0.235369796033147,0.65673160889708,-0.318155664787435,-0.307717923227852,-0.300665637914584,-0.357354462314865,-0.333336492824287,-0.25396472129649,-0.335943032935239,-0.294255481594562,-0.350919690425639,-0.337208453045713,-0.1506768085495,-0.258611487467415,-0.343314217996724,-0.342197880471567,-0.35937795412526,0.507352305963683,-0.288157142808552,-0.345945670954519,-0.0132113185319443,-0.144985960798064,-0.27991651993603,-0.171298578804651,-0.324547370551072,-0.305877605966172,-0.34418642014992,-0.313345604792636,-0.351996073620118,-0.355333025786026,-0.344454254857012,-0.351409849881696,-0.329146961577329,-0.140425577655709,-0.357514561160159,-0.359366898756254,-0.32732730777818,0.0170956944592581,-0.143198741128484,-0.277769073056796,-0.344664907277735,-0.347962900055353,-0.264517009578276,-0.344266777192772,-0.327290150719388,-0.320433799303012,-0.35006500529524,-0.263045968448129,-0.260915334689312,-0.162850388378344,-0.142548892721296,-0.351823916863386,0.184481401232753,-0.332637186033752,-0.351889968040456,-0.359339270216523,-0.354633140848136,1.67449760227082,1.75892056340762,-0.35424852139678,-0.214771648376361,-0.357484841274792,0.0395425890947506,-0.264528319172188,-0.335855688782445,-0.321396295701678,-0.348936279131231,1.22448239203545,-0.113885287200647,-0.306491443513552,-0.360587626393857,-0.352809562475741,-0.27306528226547,-0.304123007820937,-0.34015253378494,-0.306289528162948,-0.34624660933449,-0.263810231442435,-0.355561600062418,-0.35609764219835,-0.357686648808836,-0.358276622441246,-0.061626865925376,-0.356377244456695,-0.344505433223338,-0.348335102624761,-0.358342629540304,0.328647070671646,1.20833209332425,-0.338458266062735,-0.331399986009218,-0.344604011789235,-0.0650885128288249,-0.351699636009036,-0.317441867577757,-0.301816048760804,-0.35303076456692,-0.146185115082453,-0.27371443108916,-0.39224249334243,-0.348403927064411,-0.327560489208768,-0.264159996315522,-0.310345244207724,-0.362925567807145,-0.359253059897505,-0.323981941278477,-0.289469416076306,-0.30421146359504,-0.330189400075428,-0.325534702501331,-0.349786739499925,-0.255595499789311,-0.255595499789311,-0.236121534043607,-0.354047350024942,1.34704474549428
"k__Bacteria|p__Firmicutes|c__Bacilli|o__unclassified|f__unclassified|g__unclassified|s__unclassified",-0.277735683685892,-0.320886169457362,-0.351458495084956,-0.351458495084956,-0.355375349330655,-0.311216608516987,-0.349561937619713,-0.355525568442928,-0.350361254137875,-0.35681970895717,1.00616142299142,-0.242655915226316,-0.345278261562139,-0.34365991505858,-0.329549333760662,-0.307804154711102,-0.351330099278442,-0.302952478765487,-0.337589162757449,-0.347018916796674,0.0317895330758701,-0.0720770588618955,-0.346214087279884,-0.189034077398858,-0.234260968328755,-0.336671901945682,-0.166234660775392,-0.223565889763225,-0.230725457932238,-0.35618744442008,-0.318155664787435,-0.307717923227852,-0.315387074467076,-0.357354462314865,-0.31473478534015,-0.25396472129649,-0.335943032935239,-0.317131150525467,-0.350919690425639,-0.311219479719594,-0.242321169583004,-0.269300868150951,-0.343314217996724,-0.342197880471567,-0.316207593872496,0.101610277928207,-0.288157142808552,-0.345945670954519,-0.127121773340816,-0.170709205356866,-0.27991651993603,-0.253402995018952,-0.33445537348455,-0.355055749717615,-0.34418642014992,-0.313345604792636,-0.351996073620118,-0.355333025786026,-0.344454254857012,-0.351409849881696,-0.329146961577329,-0.235407994843881,-0.357514561160159,-0.359366898756254,-0.32061050530743,-0.105012784143124,-0.166803731867736,-0.26524860784142,-0.344664907277735,-0.347962900055353,-0.264517009578276,-0.344266777192772,-0.327290150719388,-0.355770412538207,-0.345457337086945,1.59208789870968,-0.260915334689312,-0.161796384316335,-0.18319227003296,-0.351823916863386,-0.0185662508262591,-0.332637186033752,-0.351889968040456,-0.359339270216523,-0.354633140848136,-0.254798878318837,-0.245149504988087,-0.35424852139678,-0.237808660976522,-0.357484841274792,-0.273448509841264,-0.264528319172188,-0.368167281669077,-0.379202122761544,-0.348936279131231,-0.306568295580426,-0.220197230244387,-0.306491443513552,-0.360587626393857,-0.352809562475741,-0.27306528226547,-0.304123007820937,-0.34015253378494,-0.351943253663187,-0.34624660933449,-0.263810231442435,-0.355561600062418,-0.35609764219835,-0.357686648808836,-0.358276622441246,-0.193865800893643,0.555711320289451,-0.326234553044467,-0.348335102624761,-0.358342629540304,-0.0524388539869846,-0.315388828509139,-0.338458266062735,-0.331399986009218,-0.344604011789235,-0.236864383904659,-0.351699636009036,-0.32811649258879,-0.338184380463451,-0.35303076456692,-0.280407225895706,-0.332737996597455,-0.378306075101209,-0.348403927064411,-0.327560489208768,-0.272779170884807,-0.287248377682369,-0.317039667972146,-0.359253059897505,-0.30740788844084,-0.305900585836573,-0.309391480626001,-0.305844704724282,-0.325534702501331,-0.349786739499925,-0.255595499789311,-0.255595499789311,-0.22076217221053,-0.354047350024942,1.37905309303707
"k__Bacteria|p__Firmicutes|c__Bacilli|o__Lactobacillales|f__Lactobacillaceae|g__Pediococcus|s__unclassified",-0.409745187580924,-0.423013780017993,-0.351458495084956,-0.351458495084956,-0.355375349330655,-0.311216608516987,-0.349561937619713,-0.355525568442928,-0.350361254137875,-0.35681970895717,-0.331365902511947,-0.335443908083187,-0.345278261562139,-0.34365991505858,-0.35304207609958,-0.307804154711102,-0.351330099278442,-0.372049755076797,-0.337589162757449,-0.347018916796674,-0.249601270694674,-0.29445044266441,-0.346214087279884,-0.317169331919983,-0.300898079359304,-0.336671901945682,-0.272979482070819,-0.319512517040401,-0.296404011463345,-0.35618744442008,-0.318155664787435,-0.307717923227852,-0.364057823017703,-0.357354462314865,-0.335811407712782,-0.25396472129649,-0.335943032935239,-0.358427285636802,-0.350919690425639,-0.335241747316336,-0.325569882090849,-0.358927138738496,-0.343314217996724,-0.342197880471567,-0.337954613875022,0.179172777131177,1.39649540656974,-0.345945670954519,-0.170431263601044,-0.267138750065801,-0.27991651993603,-0.307679244168052,-0.374983105073758,-0.356429314815468,-0.34418642014992,-0.313345604792636,-0.351996073620118,-0.355333025786026,-0.344454254857012,-0.351409849881696,-0.329146961577329,-0.292157522357099,-0.357514561160159,-0.359366898756254,-0.316531935339467,-0.262407440180802,-0.31798879317458,-0.36327357017377,-0.344664907277735,-0.347962900055353,-0.264517009578276,-0.344266777192772,-0.327290150719388,-0.369602406441513,-0.357626601530961,-0.263045968448129,-0.260915334689312,-0.257645349107598,-0.237980278684137,-0.351823916863386,-0.188233940229026,-0.332637186033752,-0.351889968040456,-0.359339270216523,-0.354633140848136,-0.254798878318837,-0.245149504988087,-0.35424852139678,-0.31176805022677,-0.357484841274792,-0.125541558306728,-0.264528319172188,-0.370439829989208,-0.34682142848819,-0.348936279131231,-0.306568295580426,-0.28141457746532,-0.306491443513552,-0.360587626393857,-0.352809562475741,-0.27306528226547,-0.304123007820937,-0.34015253378494,-0.366310386398385,-0.34624660933449,-0.263810231442435,-0.355561600062418,-0.35609764219835,-0.357686648808836,-0.358276622441246,-0.30140814154741,-0.356377244456695,-0.385726682955615,-0.348335102624761,-0.358342629540304,0.00374702087173837,-0.315388828509139,-0.338458266062735,-0.331399986009218,-0.344604011789235,-0.202333345569832,-0.351699636009036,-0.350425234842543,-0.327996699671945,-0.35303076456692,-0.326298354482812,-0.400943758919387,-0.428961596753517,-0.348403927064411,-0.327560489208768,-0.382898738640487,-0.383559597129968,-0.348319474217855,-0.359253059897505,-0.291352558340952,-0.33070005126855,-0.318110746667211,-0.28510130668331,-0.325534702501331,-0.349786739499925,-0.255595499789311,-0.255595499789311,-0.326762724609749,-0.354047350024942,-0.302129357248267
"k__Bacteria|p__Firmicutes|c__Bacilli|o__Bacillales|f__Staphylococcaceae|g__Staphylococcus|s__unclassified",-0.304860483057708,-0.346257827043258,-0.351458495084956,-0.351458495084956,-0.355375349330655,-0.311216608516987,-0.349561937619713,-0.355525568442928,-0.350361254137875,-0.35681970895717,-0.331365902511947,-0.223048640626766,-0.345278261562139,-0.34365991505858,-0.393621094161193,1.27121725386504,-0.351330099278442,-0.34963466982132,-0.337589162757449,-0.347018916796674,0.0737665564802105,-0.0807600075843171,-0.346214087279884,-0.223922799119824,-0.281639144549339,-0.336671901945682,-0.150120917458264,-0.279162323253031,-0.27518538706098,-0.35618744442008,1.13352930631896,-0.307717923227852,-0.342006241574005,-0.357354462314865,-0.357886436334879,-0.25396472129649,-0.335943032935239,-0.346644775644995,-0.350919690425639,-0.374173313341709,-0.214283203450215,-0.297450600451375,-0.343314217996724,-0.342197880471567,-0.379380501764734,0.41919028539343,-0.288157142808552,-0.345945670954519,-0.0634062402450765,-0.1856181719668,-0.27991651993603,-0.22186660363713,-0.363079144777098,-0.358190728632108,-0.34418642014992,-0.313345604792636,-0.351996073620118,-0.355333025786026,-0.344454254857012,-0.351409849881696,-0.329146961577329,-0.217206614745287,-0.357514561160159,-0.359366898756254,-0.360393539493529,-0.0435257658424906,-0.176991368529402,-0.315945704146727,-0.344664907277735,-0.347962900055353,-0.264517009578276,-0.344266777192772,-0.327290150719388,-0.360100144465966,-0.39878297129749,1.58758792325875,-0.260915334689312,-0.190143604003285,-0.159182763560206,-0.351823916863386,0.111702419613979,-0.332637186033752,-0.351889968040456,-0.359339270216523,-0.354633140848136,-0.254798878318837,1.77026050989982,-0.35424852139678,-0.251514032574262,-0.357484841274792,-0.0671868103835764,-0.264528319172188,-0.37363200996347,-0.373072812374842,-0.348936279131231,-0.306568295580426,-0.174567994884654,-0.306491443513552,-0.360587626393857,-0.352809562475741,-0.27306528226547,-0.304123007820937,-0.34015253378494,-0.350412526319559,-0.34624660933449,-0.263810231442435,-0.355561600062418,-0.35609764219835,-0.357686648808836,-0.358276622441246,-0.125191766224551,-0.356377244456695,-0.379705498075743,-0.348335102624761,-0.358342629540304,0.235953896970817,-0.315388828509139,-0.338458266062735,-0.331399986009218,-0.344604011789235,-0.114688937590791,-0.351699636009036,-0.342437749014297,-0.35513109686601,-0.35303076456692,-0.215999984060026,-0.341910071716204,-0.446230135342752,-0.348403927064411,-0.327560489208768,-0.294423705130895,-0.348187488718713,-0.385756438589665,-0.359253059897505,-0.361233146989609,-0.325874487467956,-0.34659198837837,-0.345498624613067,-0.325534702501331,-0.349786739499925,-0.255595499789311,-0.255595499789311,-0.267040454680598,-0.354047350024942,-0.302129357248267
"k__Bacteria|p__Firmicutes|c__Bacilli|o__Lactobacillales|f__Lactobacillaceae|g__unclassified|s__unclassified",-0.315598281047751,-0.313445935144685,-0.351458495084956,-0.351458495084956,-0.355375349330655,-0.311216608516987,-0.349561937619713,-0.355525568442928,-0.350361254137875,-0.35681970895717,-0.331365902511947,-0.272963310499948,-0.345278261562139,-0.34365991505858,-0.337288529922382,-0.307804154711102,0.797162465954827,-0.336822177326758,-0.337589162757449,-0.347018916796674,-0.0212136202086777,-0.105526590139562,-0.346214087279884,-0.192854913099075,-0.224150530031958,-0.336671901945682,-0.188458520628661,-0.239430233674159,-0.251133369777849,-0.35618744442008,-0.318155664787435,-0.307717923227852,-0.316968049099273,-0.357354462314865,-0.305031250970455,-0.25396472129649,-0.335943032935239,-0.316686593537803,-0.350919690425639,-0.311649956957565,-0.280259155314694,-0.299571795882734,-0.343314217996724,-0.342197880471567,-0.32026976579249,-0.0316946008881725,-0.288157142808552,0.856324696835601,-0.18013752884721,-0.190449172342424,-0.27991651993603,-0.296107585396279,-0.328304899126685,-0.352171699020096,-0.34418642014992,-0.313345604792636,-0.351996073620118,-0.355333025786026,-0.344454254857012,-0.351409849881696,-0.329146961577329,-0.283087048981921,-0.357514561160159,-0.359366898756254,-0.301835978408405,-0.164116994471962,-0.197524478259481,-0.260809340340354,-0.344664907277735,-0.347962900055353,-0.264517009578276,-0.344266777192772,-0.327290150719388,-0.372011227547415,-0.333603456250795,-0.263045968448129,-0.260915334689312,-0.178153931178981,-0.206756060845096,-0.351823916863386,-0.131541006764149,-0.332637186033752,-0.351889968040456,-0.359339270216523,-0.354633140848136,-0.254798878318837,-0.245149504988087,-0.35424852139678,-0.267428219040942,-0.357484841274792,-0.380024484387592,-0.264528319172188,-0.375985435945688,-0.412391027119388,-0.348936279131231,-0.306568295580426,-0.27774332481809,-0.306491443513552,-0.360587626393857,-0.352809562475741,-0.27306528226547,-0.304123007820937,-0.34015253378494,-0.361014729808269,-0.34624660933449,-0.263810231442435,0.507618630035394,-0.35609764219835,-0.357686648808836,-0.358276622441246,-0.270134256002745,-0.356377244456695,-0.331643116494359,-0.348335102624761,-0.358342629540304,-0.193334729586228,-0.315388828509139,-0.338458266062735,-0.331399986009218,-0.344604011789235,-0.324809410857236,-0.351699636009036,-0.321583467054766,-0.349377900800192,-0.35303076456692,-0.344443193017896,-0.358614628627948,-0.387883119375468,-0.348403927064411,-0.327560489208768,-0.299430220594147,-0.297760826000648,-0.306429937612988,-0.359253059897505,-0.291778495713672,-0.323772566797694,-0.298712245285623,-0.298270785511635,-0.325534702501331,-0.349786739499925,-0.255595499789311,-0.255595499789311,-0.225550227814129,-0.354047350024942,-0.302129357248267
"k__Bacteria|p__Firmicutes|c__Bacilli|o__Lactobacillales|f__unclassified|g__unclassified|s__unclassified",-0.391557401350751,-0.351945683225334,-0.351458495084956,-0.351458495084956,-0.355375349330655,-0.311216608516987,-0.349561937619713,-0.355525568442928,-0.350361254137875,-0.35681970895717,-0.331365902511947,-0.340957360851117,-0.345278261562139,-0.34365991505858,-0.311804934589383,-0.307804154711102,-0.351330099278442,-0.34134981574913,-0.337589162757449,-0.347018916796674,-0.263124391581036,-0.27098853726395,-0.346214087279884,-0.28608729504403,-0.245312734110688,-0.336671901945682,-0.275302723409688,-0.270065098184465,-0.267725205619688,-0.35618744442008,-0.318155664787435,-0.307717923227852,-0.325696975636277,-0.357354462314865,-0.285561712868149,-0.25396472129649,-0.335943032935239,-0.315706177155375,-0.350919690425639,-0.292472880056038,-0.34730778387896,-0.32275166422122,-0.343314217996724,-0.342197880471567,-0.262214131936161,-0.0756488151350243,-0.288157142808552,-0.345945670954519,-0.23696572852557,-0.230693221092105,-0.27991651993603,-0.327525212463943,-0.32498511611429,-0.332020022946074,-0.34418642014992,-0.313345604792636,-0.351996073620118,-0.355333025786026,-0.344454254857012,-0.351409849881696,-0.329146961577329,-0.309986572325846,-0.357514561160159,-0.359366898756254,-0.277788844132445,-0.299221673335956,-0.296678556323181,-0.300947805265379,-0.344664907277735,-0.347962900055353,-0.264517009578276,-0.344266777192772,-0.327290150719388,-0.336896100593727,-0.302843673274111,-0.263045968448129,-0.260915334689312,-0.244141236139367,-0.223633153072075,-0.351823916863386,-0.269760832704791,-0.332637186033752,-0.351889968040456,-0.359339270216523,-0.354633140848136,-0.254798878318837,-0.245149504988087,-0.35424852139678,-0.286403219378238,-0.357484841274792,-0.313024684864098,-0.264528319172188,-0.346997382329392,-0.350016500975991,-0.348936279131231,-0.306568295580426,-0.322621362135465,-0.306491443513552,-0.360587626393857,-0.352809562475741,-0.27306528226547,-0.304123007820937,-0.34015253378494,-0.354126249817888,-0.34624660933449,-0.263810231442435,-0.355561600062418,-0.35609764219835,-0.357686648808836,-0.358276622441246,-0.346281835631117,-0.356377244456695,-0.329513527803023,-0.348335102624761,-0.358342629540304,-0.218252478524987,-0.315388828509139,-0.338458266062735,-0.331399986009218,-0.344604011789235,-0.292486227065196,-0.351699636009036,-0.332308927878315,-0.314334077732571,-0.35303076456692,-0.381526264134601,-0.389260823842134,-0.377381778072373,-0.348403927064411,-0.327560489208768,-0.345392424137527,-0.314545996248666,-0.282734595163525,-0.359253059897505,-0.232706780808274,-0.296507249666263,-0.270199392672343,-0.250627471247065,-0.325534702501331,-0.349786739499925,-0.255595499789311,-0.255595499789311,-0.280119639196822,-0.354047350024942,1.34875518314171
"k__Bacteria|p__Firmicutes|c__Clostridia|o__Clostridiales|f__Veillonellaceae|g__Megasphaera|s__micronuciformis",-0.410260095049938,-0.391131092417827,-0.351458495084956,-0.351458495084956,-0.355375349330655,-0.311216608516987,-0.349561937619713,-0.355525568442928,-0.350361254137875,-0.35681970895717,-0.331365902511947,-0.324533076358011,-0.345278261562139,-0.34365991505858,-0.322496789659475,-0.307804154711102,-0.351330099278442,-0.365186257927115,-0.337589162757449,-0.347018916796674,-0.322665839067919,-0.341233856507473,-0.346214087279884,-0.323023736958097,-0.292705980960353,-0.336671901945682,-0.285160740731627,-0.310449193131842,-0.275495325902668,-0.35618744442008,-0.318155664787435,-0.307717923227852,-0.311700745187841,-0.357354462314865,-0.300769183761854,-0.25396472129649,-0.335943032935239,-0.321305960512902,-0.350919690425639,-0.318319251157498,-0.311446643872001,-0.342665491510918,-0.343314217996724,-0.342197880471567,-0.281770765038202,0.200325174378593,-0.288157142808552,-0.345945670954519,-0.168469580846569,-0.24824105645941,-0.27991651993603,-0.279934929955593,-0.334400070633386,-0.328884662322905,-0.34418642014992,-0.313345604792636,-0.351996073620118,-0.355333025786026,-0.344454254857012,-0.351409849881696,1.04116918910155,-0.255523861971443,-0.357514561160159,-0.359366898756254,-0.304093371511396,-0.300338612912009,-0.333272727903358,-0.342611072128585,-0.344664907277735,-0.347962900055353,-0.264517009578276,-0.344266777192772,-0.327290150719388,-0.30102191268559,-0.298118781218507,-0.263045968448129,-0.260915334689312,-0.257318781523952,-0.234308541722521,-0.351823916863386,-0.201267529979343,-0.332637186033752,-0.351889968040456,-0.359339270216523,-0.354633140848136,-0.254798878318837,-0.245149504988087,-0.35424852139678,-0.28959793517577,-0.357484841274792,-0.0537466953819324,-0.264528319172188,-0.330946888036015,-0.283351559503506,-0.348936279131231,-0.306568295580426,-0.278675199510586,-0.306491443513552,-0.360587626393857,-0.352809562475741,-0.27306528226547,1.23449584625879,-0.34015253378494,-0.331895622070692,-0.34624660933449,-0.263810231442435,-0.355561600062418,-0.35609764219835,-0.357686648808836,-0.358276622441246,-0.28383919302099,-0.356377244456695,-0.361441345261234,-0.348335102624761,-0.358342629540304,0.0589646762830466,-0.315388828509139,-0.338458266062735,-0.331399986009218,-0.344604011789235,-0.158392623193788,-0.351699636009036,-0.3143110807074,-0.282887459581047,-0.35303076456692,-0.314722355795256,-0.366858313929948,-0.387197109576366,-0.348403927064411,-0.327560489208768,-0.362065800573105,-0.333384136299584,-0.312450410606378,-0.359253059897505,-0.263627767844835,-0.296902334368053,-0.270496694267014,-0.243694658585332,-0.325534702501331,-0.349786739499925,-0.255595499789311,-0.255595499789311,-0.317867700616887,-0.354047350024942,-0.302129357248267
"k__Bacteria|p__Firmicutes|c__Bacilli|o__Lactobacillales|f__Lactobacillaceae|g__Lactobacillus|s__unclassified",-0.308694767735686,-0.375633166710678,-0.351458495084956,-0.351458495084956,-0.355375349330655,1.16657782448055,-0.349561937619713,0.613284537028329,-0.350361254137875,-0.35681970895717,0.99795404714329,-0.172734396870838,-0.345278261562139,-0.34365991505858,-0.350890773044317,1.28345138465047,-0.351330099278442,-0.324368054085878,-0.337589162757449,-0.347018916796674,-0.243048752420342,-0.363787007506198,-0.346214087279884,-0.375736214723822,-0.377667527162394,-0.336671901945682,-0.171577683983055,-0.314985695250713,-0.262970027673828,-0.35618744442008,1.22186711931754,-0.307717923227852,-0.295070179592682,-0.357354462314865,-0.301527203158146,-0.25396472129649,-0.335943032935239,-0.289144924382174,-0.350919690425639,-0.306776467191725,-0.0979072701267559,-0.248531687682325,-0.343314217996724,-0.342197880471567,-0.316104226919811,1.14361790054605,1.40301444895021,0.910964910938142,0.0883406807495579,-0.206653680928963,-0.27991651993603,-0.0523541164281843,-0.303242784214264,-0.205382988656365,-0.34418642014992,-0.313345604792636,-0.351996073620118,-0.355333025786026,-0.344454254857012,-0.351409849881696,-0.329146961577329,-0.0276512055501905,-0.357514561160159,-0.359366898756254,-0.291143079823181,-0.106160732730181,-0.270997762863501,-0.382611920079242,-0.344664907277735,-0.347962900055353,1.59176229997278,-0.344266777192772,-0.327290150719388,-0.188834238680954,-0.284278796105052,-0.263045968448129,-0.260915334689312,-0.231338022656928,-0.147194826535737,-0.351823916863386,0.248569783864661,-0.332637186033752,-0.351889968040456,-0.359339270216523,-0.354633140848136,-0.254798878318837,-0.245149504988087,-0.35424852139678,-0.176485060092225,-0.357484841274792,0.792065527690758,-0.264528319172188,-0.201123170712218,-0.0610892370374204,-0.348936279131231,1.22448239203545,-0.0212460331866014,-0.306491443513552,-0.360587626393857,-0.352809562475741,-0.27306528226547,-0.304123007820937,-0.34015253378494,-0.167320674096648,-0.34624660933449,-0.263810231442435,0.598315747500595,-0.35609764219835,-0.357686648808836,-0.358276622441246,0.0354308649978096,-0.356377244456695,-0.37939435685582,-0.348335102624761,-0.358342629540304,0.983502116076994,-0.315388828509139,-0.338458266062735,0.963030458532807,-0.344604011789235,0.321368541951504,0.683382135239671,-0.255247577027644,-0.168591644524537,-0.35303076456692,0.0352917764675355,-0.215209986974936,-0.383213654710078,-0.348403927064411,-0.327560489208768,-0.330842896722815,-0.3584753546434,-0.351993875366525,-0.359253059897505,-0.300479742066794,-0.219715688734944,-0.257044465209942,-0.262187732852704,-0.325534702501331,-0.349786739499925,-0.255595499789311,-0.255595499789311,-0.33208908557092,-0.354047350024942,-0.302129357248267
"k__Bacteria|p__Firmicutes|c__Clostridia|o__Clostridiales|f__Clostridiaceae|g__Clostridium|s__perfringens",-0.0758230518375916,-0.228366529564749,-0.351458495084956,-0.351458495084956,-0.355375349330655,-0.311216608516987,-0.349561937619713,-0.355525568442928,-0.350361254137875,-0.35681970895717,-0.331365902511947,-0.0685665133911431,-0.345278261562139,-0.34365991505858,-0.370595032791239,-0.307804154711102,-0.351330099278442,-0.247303215196951,-0.337589162757449,-0.347018916796674,0.658247899284601,0.37307209483963,-0.346214087279884,0.018661639426976,-0.152767241707692,0.995542274324458,0.0688362038518934,-0.142727861428626,-0.173934980260255,-0.35618744442008,-0.318155664787435,-0.307717923227852,-0.277893958146578,-0.357354462314865,-0.364609335412852,-0.25396472129649,0.907384936507199,-0.294940407459205,-0.350919690425639,-0.382079765693752,-0.106335382626267,-0.207405627212258,-0.343314217996724,-0.342197880471567,-0.423017611291292,0.242065732859619,-0.288157142808552,-0.345945670954519,0.0113249914098127,-0.0606350128055058,-0.27991651993603,-0.165697673832716,-0.330671012613871,-0.393438601964265,-0.34418642014992,-0.313345604792636,-0.351996073620118,-0.355333025786026,-0.344454254857012,-0.351409849881696,-0.329146961577329,-0.162631611630551,-0.357514561160159,-0.359366898756254,-0.38191844714955,0.299372687019706,0.106905701233712,-0.165946132022759,-0.344664907277735,-0.347962900055353,-0.264517009578276,-0.344266777192772,-0.327290150719388,-0.453378176218073,-0.439898160348763,1.65002757650278,1.58889215961766,-0.0271937356034912,-0.0570571265988925,-0.351823916863386,0.418379770315106,1.00497281310226,0.798038452302742,-0.359339270216523,-0.354633140848136,-0.254798878318837,-0.245149504988087,-0.35424852139678,-0.169701296858513,-0.357484841274792,-0.465253512836005,-0.264528319172188,-0.437375009743569,-0.513792492599156,-0.348936279131231,-0.306568295580426,-0.0585600416989118,-0.306491443513552,-0.360587626393857,-0.352809562475741,-0.27306528226547,-0.304123007820937,-0.34015253378494,-0.374656279484968,-0.34624660933449,-0.263810231442435,0.499166583036743,-0.35609764219835,-0.357686648808836,-0.358276622441246,0.0162834185522545,-0.356377244456695,-0.319801401645602,-0.348335102624761,-0.358342629540304,0.057680318884674,1.32790252826151,-0.338458266062735,-0.331399986009218,-0.344604011789235,-0.25585857215089,-0.351699636009036,-0.356299796019973,-0.431766122063975,-0.35303076456692,-0.153069763882276,-0.233704294083742,-0.421900284318225,-0.348403927064411,-0.327560489208768,-0.140422006624137,-0.249266711200154,-0.374299941945204,-0.359253059897505,-0.420421941001779,-0.347981975796642,-0.37841740177641,-0.422991870471078,-0.325534702501331,-0.349786739499925,-0.255595499789311,-0.255595499789311,-0.107103362323417,-0.354047350024942,-0.302129357248267
"k__Bacteria|p__Firmicutes|c__Clostridia|o__Clostridiales|f__Lachnospiraceae|g__Blautia|s__obeum",-0.412268097742286,-0.385498664591017,-0.351458495084956,-0.351458495084956,-0.355375349330655,-0.311216608516987,-0.349561937619713,-0.355525568442928,-0.350361254137875,-0.35681970895717,-0.331365902511947,-0.352628667964691,-0.345278261562139,-0.34365991505858,-0.296906140940846,-0.307804154711102,-0.351330099278442,-0.342510434222231,-0.337589162757449,-0.347018916796674,-0.347808133686679,-0.332212647001235,-0.346214087279884,-0.313939511892753,-0.273637681296818,-0.336671901945682,-0.285372300440785,-0.282257059956247,-0.281501048272216,-0.35618744442008,-0.318155664787435,-0.307717923227852,-0.31584038135396,-0.357354462314865,-0.277112197068139,-0.25396472129649,-0.335943032935239,-0.321201885319006,-0.350919690425639,-0.285706480748347,-0.349598962730857,-0.333421861682541,-0.343314217996724,-0.342197880471567,-0.258553672763227,-0.0159500056773979,-0.288157142808552,-0.345945670954519,-0.218116935133831,-0.243636691242217,-0.27991651993603,-0.341651811905131,-0.331535618344031,-0.333029756395637,-0.34418642014992,-0.313345604792636,-0.351996073620118,-0.355333025786026,-0.344454254857012,-0.351409849881696,-0.329146961577329,-0.30165748561965,-0.357514561160159,-0.359366898756254,-0.282894456352582,-0.345189720585111,-0.331844965637056,-0.317525186955682,-0.344664907277735,-0.347962900055353,-0.264517009578276,-0.344266777192772,-0.327290150719388,-0.309099043425626,-0.2928434640862,-0.263045968448129,-0.260915334689312,-0.266225576488724,-0.242873109401684,-0.351823916863386,-0.301743732397955,-0.332637186033752,-0.351889968040456,-0.359339270216523,-0.354633140848136,-0.254798878318837,-0.245149504988087,-0.35424852139678,-0.295261681495952,-0.357484841274792,-0.213149659437927,-0.264528319172188,-0.333182144944276,-0.322085952301199,-0.348936279131231,-0.306568295580426,-0.318451116932275,-0.306491443513552,0.484610340825941,-0.352809562475741,-0.27306528226547,-0.304123007820937,-0.34015253378494,-0.340697747687701,-0.34624660933449,-0.263810231442435,-0.355561600062418,-0.35609764219835,-0.357686648808836,-0.358276622441246,-0.354438555384126,-0.356377244456695,-0.352312616524506,-0.348335102624761,-0.358342629540304,-0.139690986145734,-0.315388828509139,-0.338458266062735,-0.331399986009218,-0.344604011789235,-0.255629038214416,-0.351699636009036,-0.307665703921598,-0.302266371881417,-0.35303076456692,-0.374043978114401,-0.383832138966266,-0.373260348329967,-0.348403927064411,-0.327560489208768,-0.360188829318215,-0.327136029220216,-0.285494634092962,-0.359253059897505,-0.223602021229731,-0.293345695884408,-0.255368112731335,-0.223749029844607,-0.325534702501331,0.345473770818443,-0.255595499789311,-0.255595499789311,-0.300148948782277,-0.354047350024942,-0.302129357248267
"k__Bacteria|p__Firmicutes|c__Bacilli|o__Lactobacillales|f__Lactobacillaceae|g__Lactobacillus|s__zeae",-0.24658256317409,-0.327937376882722,-0.351458495084956,-0.351458495084956,-0.355375349330655,1.17387485912623,-0.349561937619713,0.64436534074138,-0.350361254137875,-0.35681970895717,1.00370627539362,-0.151352385750789,-0.345278261562139,-0.34365991505858,-0.315505180854977,-0.307804154711102,-0.351330099278442,-0.290307604083437,-0.337589162757449,-0.347018916796674,-0.127339266806392,-0.272388720698962,-0.346214087279884,-0.316109269697736,-0.321134106494465,0.983622327949977,-0.128674680976923,-0.273697611032426,-0.229252134085727,-0.35618744442008,1.14130017070191,-0.307717923227852,-0.259930809626862,-0.357354462314865,-0.280729994500319,-0.25396472129649,-0.335943032935239,-0.268892942134983,-0.350919690425639,-0.274150593581203,-0.0967300398449847,-0.220902342415636,-0.343314217996724,-0.342197880471567,-0.295597080960739,0.972326755197628,-0.288157142808552,-0.345945670954519,0.0791479816847371,-0.17047760796835,-0.27991651993603,-0.0560585038478398,-0.268405120913514,-0.20303630121188,-0.34418642014992,-0.313345604792636,-0.351996073620118,-0.355333025786026,-0.344454254857012,-0.351409849881696,-0.329146961577329,-0.0464979349540652,-0.357514561160159,-0.359366898756254,-0.271915696750834,-0.0472741877389362,-0.213856409842135,-0.333270264879341,-0.344664907277735,-0.347962900055353,1.59544717406659,-0.344266777192772,-0.327290150719388,-0.211796331770156,-0.275222472876589,-0.263045968448129,-0.260915334689312,-0.189821692076333,-0.12161015361564,-0.351823916863386,0.242486723174677,-0.332637186033752,-0.351889968040456,-0.359339270216523,-0.354633140848136,1.67574177039403,1.76003559790341,-0.35424852139678,-0.165886526062367,-0.357484841274792,0.6084900027906,-0.264528319172188,-0.184502087835241,-0.0860162876362525,-0.348936279131231,1.22959728505754,-0.0102456427462409,-0.306491443513552,-0.360587626393857,-0.352809562475741,-0.27306528226547,-0.304123007820937,-0.34015253378494,-0.180355129154559,-0.34624660933449,-0.263810231442435,-0.355561600062418,-0.35609764219835,-0.357686648808836,-0.358276622441246,0.0348925862738343,-0.356377244456695,-0.326341815564235,0.762282173605691,0.587483822791856,0.811282502672495,-0.315388828509139,-0.338458266062735,1.00709834383886,-0.344604011789235,0.240211142940228,-0.351699636009036,-0.230181365777389,-0.170594099742469,-0.35303076456692,0.00807621081326365,-0.188639414368543,-0.352672493346824,-0.348403927064411,-0.327560489208768,-0.272691759005241,-0.300222291555928,-0.332253616034224,-0.359253059897505,-0.282652625794591,-0.212585073609196,-0.239851743501603,-0.261282873401694,-0.325534702501331,-0.349786739499925,-0.255595499789311,-0.255595499789311,-0.303396721555353,-0.354047350024942,-0.302129357248267
"k__Bacteria|p__Firmicutes|c__Bacilli|o__Lactobacillales|f__Leuconostocaceae|g__Leuconostoc|s__unclassified",-0.347512328939322,-0.338013301625893,-0.351458495084956,-0.351458495084956,-0.355375349330655,-0.311216608516987,-0.349561937619713,-0.355525568442928,-0.350361254137875,-0.35681970895717,-0.331365902511947,-0.319593856530685,-0.345278261562139,-0.34365991505858,-0.301457914746759,-0.307804154711102,-0.351330099278442,-0.295224247354525,-0.337589162757449,-0.347018916796674,-0.206371017810401,-0.231197454487615,-0.346214087279884,-0.243798618945576,-0.236437893232809,-0.336671901945682,-0.231713691081869,-0.257826528729074,-0.262527906031734,-0.35618744442008,-0.318155664787435,-0.307717923227852,-0.301243220156204,-0.357354462314865,-0.272712900172741,-0.25396472129649,-0.335943032935239,-0.30941115378622,-0.350919690425639,-0.285305511732662,-0.28360881531914,-0.30509030984291,0.880766444302367,-0.342197880471567,-0.276845398577852,-0.0157540418769776,-0.288157142808552,0.87569523626613,-0.188383464239465,-0.215392564764138,-0.27991651993603,-0.296874672516993,-0.311719700609736,-0.313237468954485,-0.34418642014992,-0.313345604792636,-0.351996073620118,-0.355333025786026,-0.344454254857012,-0.351409849881696,-0.329146961577329,-0.274766699847479,-0.357514561160159,-0.359366898756254,-0.270226234972941,-0.239872116705647,-0.265301584602674,-0.279597918785595,-0.344664907277735,-0.347962900055353,-0.264517009578276,0.80832817737059,-0.327290150719388,-0.307776539386005,-0.293223961033749,-0.263045968448129,-0.260915334689312,-0.226844352523096,-0.225296573389415,-0.351823916863386,-0.216002107414193,-0.332637186033752,-0.351889968040456,-0.359339270216523,-0.354633140848136,-0.254798878318837,-0.245149504988087,-0.35424852139678,-0.258400080826399,-0.357484841274792,-0.258422542578861,-0.264528319172188,-0.335472163345412,-0.338311435365511,-0.348936279131231,-0.306568295580426,-0.292420112666569,-0.306491443513552,-0.360587626393857,-0.352809562475741,-0.27306528226547,-0.304123007820937,-0.34015253378494,-0.326178168504456,-0.34624660933449,-0.263810231442435,-0.355561600062418,-0.35609764219835,-0.357686648808836,-0.358276622441246,-0.300031100321477,-0.356377244456695,-0.314574094202038,-0.348335102624761,-0.358342629540304,-0.157645715906763,-0.315388828509139,-0.338458266062735,-0.331399986009218,-0.344604011789235,-0.269307219343585,-0.351699636009036,-0.301561300155764,-0.293473191988668,-0.35303076456692,-0.335359415567465,-0.361065180921731,-0.349537148711336,-0.348403927064411,-0.327560489208768,-0.309825537907286,-0.292106852983689,-0.275003914030084,-0.359253059897505,-0.246852088654258,-0.280011811092355,-0.266274582816172,-0.240633179929099,-0.325534702501331,-0.349786739499925,-0.255595499789311,-0.255595499789311,-0.255031753048511,-0.354047350024942,-0.302129357248267
"k__Bacteria|p__Firmicutes|c__Clostridia|o__Clostridiales|f__Veillonellaceae|g__Selenomonas|s__unclassified",-0.378182241980693,-0.364979128102424,-0.351458495084956,-0.351458495084956,-0.355375349330655,-0.311216608516987,-0.349561937619713,-0.355525568442928,-0.350361254137875,-0.35681970895717,-0.331365902511947,-0.336694664532866,-0.345278261562139,-0.34365991505858,-0.286565336245541,-0.307804154711102,-0.351330099278442,-0.331715947551801,-0.337589162757449,-0.347018916796674,-0.310552195197163,-0.302519067130741,-0.346214087279884,-0.273874992051963,-0.232409018639796,-0.336671901945682,-0.27675093208845,-0.257650643566222,-0.274739470463993,-0.35618744442008,-0.318155664787435,-0.307717923227852,-0.305029115610612,-0.357354462314865,-0.256614434088108,-0.25396472129649,-0.335943032935239,-0.309638374940427,-0.350919690425639,-0.268120906684722,-0.341221688560077,-0.317527995851797,-0.343314217996724,-0.342197880471567,-0.24385558274676,-0.0908380651490133,-0.288157142808552,-0.345945670954519,-0.227107352498175,-0.231232168303552,-0.27991651993603,-0.328972465768302,-0.337882873514755,-0.331339992076373,-0.34418642014992,-0.313345604792636,-0.351996073620118,-0.355333025786026,-0.344454254857012,-0.351409849881696,-0.329146961577329,-0.310984815566655,0.455459672348272,-0.359366898756254,-0.247798006183189,-0.315533464084081,-0.310846474722949,-0.299735257423915,-0.344664907277735,-0.347962900055353,-0.264517009578276,-0.344266777192772,-0.327290150719388,-0.314865758483601,-0.265863477648732,-0.263045968448129,-0.260915334689312,-0.246794127410191,-0.237079175418056,-0.351823916863386,-0.293779610906595,-0.332637186033752,-0.351889968040456,-0.359339270216523,-0.354633140848136,-0.254798878318837,-0.245149504988087,-0.35424852139678,-0.283330975796138,-0.357484841274792,-0.26741522501982,-0.264528319172188,-0.345506518428808,-0.330044431952643,-0.348936279131231,-0.306568295580426,-0.343375120919889,-0.306491443513552,-0.360587626393857,-0.352809562475741,-0.27306528226547,-0.304123007820937,-0.34015253378494,-0.335276966321082,0.848990217017121,-0.263810231442435,-0.355561600062418,-0.35609764219835,-0.357686648808836,-0.358276622441246,-0.328877631616083,-0.356377244456695,-0.319768133198858,-0.348335102624761,-0.358342629540304,-0.227361712615565,-0.315388828509139,-0.338458266062735,-0.331399986009218,-0.344604011789235,-0.297034192523128,-0.351699636009036,-0.297978055419707,-0.28588810152216,-0.35303076456692,-0.375914478022947,-0.36920851363508,-0.353367523586043,-0.348403927064411,-0.327560489208768,-0.327433243254862,-0.308708402620503,-0.261986868376626,-0.359253059897505,-0.225687253658944,-0.271110954492752,-0.25101259270535,-0.206100573612594,-0.325534702501331,-0.349786739499925,-0.255595499789311,-0.255595499789311,-0.270378071605858,-0.354047350024942,-0.302129357248267
"k__Bacteria|p__Firmicutes|c__Clostridia|o__Clostridiales|f__Veillonellaceae|g__Dialister|s__invisus",-0.356727242430266,-0.366672676967181,-0.351458495084956,-0.351458495084956,-0.355375349330655,-0.311216608516987,-0.349561937619713,-0.355525568442928,-0.350361254137875,-0.35681970895717,-0.331365902511947,-0.340161962328927,-0.345278261562139,-0.34365991505858,-0.310619263505142,-0.307804154711102,-0.351330099278442,-0.339224826262673,-0.337589162757449,-0.347018916796674,-0.210509122705243,-0.243366504947676,-0.346214087279884,-0.273273227729211,-0.24684349471704,-0.336671901945682,-0.24878759774073,-0.283251516220877,-0.274823088460461,-0.35618744442008,-0.318155664787435,-0.307717923227852,-0.31814724151017,-0.357354462314865,-0.29751930012519,-0.25396472129649,-0.335943032935239,-0.340459554381831,-0.350919690425639,-0.308190107071035,-0.336338887207964,-0.320634315661412,-0.343314217996724,-0.342197880471567,-0.296638823464121,-0.0627412090466546,-0.288157142808552,-0.345945670954519,-0.216608632456111,-0.228622452782832,-0.27991651993603,-0.330290216736459,-0.347395249931507,-0.343274963424539,-0.34418642014992,-0.313345604792636,-0.351996073620118,-0.355333025786026,-0.344454254857012,-0.351409849881696,-0.329146961577329,-0.30113613532071,-0.357514561160159,-0.359366898756254,-0.283582207452629,-0.270485386125661,-0.29310083902837,-0.293621045436078,-0.344664907277735,-0.347962900055353,-0.264517009578276,-0.344266777192772,-0.327290150719388,-0.332734644143755,-0.306496027089499,-0.263045968448129,-0.260915334689312,-0.226096625216779,-0.226285833187571,-0.351823916863386,-0.243434630585453,-0.332637186033752,-0.351889968040456,-0.359339270216523,-0.354633140848136,-0.254798878318837,-0.245149504988087,0.636848606791864,-0.300838053258046,-0.357484841274792,-0.334936603279297,-0.264528319172188,-0.386682869820073,-0.389465316108261,-0.348936279131231,-0.306568295580426,-0.318360866115816,-0.306491443513552,-0.360587626393857,-0.352809562475741,-0.27306528226547,-0.304123007820937,-0.34015253378494,-0.367611508668848,-0.34624660933449,-0.263810231442435,-0.355561600062418,-0.35609764219835,-0.357686648808836,-0.358276622441246,-0.333856113666954,-0.356377244456695,-0.346838137445547,-0.348335102624761,-0.358342629540304,-0.219956627894364,-0.315388828509139,-0.338458266062735,-0.331399986009218,-0.344604011789235,-0.314241829686737,-0.351699636009036,-0.311223293668088,-0.343052650283018,-0.35303076456692,-0.391433356433166,-0.385489604587823,-0.379280135478303,-0.348403927064411,-0.327560489208768,-0.337534055231662,-0.322551215525044,-0.278174794954892,-0.359253059897505,-0.25579387806877,-0.304633276067314,-0.291022509364358,-0.255440782794593,-0.325534702501331,-0.349786739499925,-0.255595499789311,-0.255595499789311,-0.278155258510281,-0.354047350024942,-0.302129357248267
"k__Bacteria|p__Firmicutes|c__Clostridia|o__Clostridiales|f__Ruminococcaceae|g__Ruminococcus|s__bromii",-0.411878260564623,-0.367783886452147,-0.351458495084956,-0.351458495084956,-0.355375349330655,-0.311216608516987,-0.349561937619713,-0.355525568442928,-0.350361254137875,-0.35681970895717,-0.331365902511947,-0.355783594396601,-0.345278261562139,-0.34365991505858,-0.320571570813136,-0.307804154711102,-0.351330099278442,-0.362840826453047,-0.337589162757449,-0.347018916796674,-0.283591586863956,-0.281196589881054,-0.346214087279884,-0.311657106558049,-0.275888114299073,-0.336671901945682,-0.288060759808094,-0.28251135698588,-0.28920896451538,-0.35618744442008,-0.318155664787435,-0.307717923227852,-0.334259709460782,-0.357354462314865,-0.306078610855789,-0.25396472129649,-0.335943032935239,-0.350338557145916,-0.350919690425639,-0.316916056857358,-0.355973101758586,-0.332662451657641,-0.343314217996724,-0.342197880471567,-0.294544658427777,-0.0198266325698296,-0.288157142808552,-0.345945670954519,-0.232538334466659,-0.262843554915899,-0.27991651993603,-0.336408337545858,-0.361110414002707,-0.358182149898194,-0.34418642014992,-0.313345604792636,-0.351996073620118,-0.355333025786026,-0.344454254857012,-0.351409849881696,-0.329146961577329,-0.308808159878099,-0.357514561160159,-0.359366898756254,-0.299778590694315,-0.295201142101438,-0.313024756421159,-0.326112333619828,-0.344664907277735,-0.347962900055353,-0.264517009578276,-0.344266777192772,-0.327290150719388,-0.346720358017552,-0.30923559297048,-0.263045968448129,-0.260915334689312,-0.248084065168803,-0.239090104300477,-0.351823916863386,-0.283217836598212,-0.332637186033752,-0.351889968040456,-0.359339270216523,-0.354633140848136,-0.254798878318837,-0.245149504988087,-0.35424852139678,-0.320255848140711,-0.357484841274792,-0.268911843425272,-0.264528319172188,-0.383592663389378,-0.374537615243596,-0.348936279131231,-0.306568295580426,-0.319026884544137,-0.306491443513552,-0.360587626393857,-0.352809562475741,-0.27306528226547,-0.304123007820937,-0.34015253378494,-0.370426291291156,-0.34624660933449,-0.263810231442435,-0.355561600062418,-0.35609764219835,-0.357686648808836,-0.358276622441246,-0.357695742793959,-0.356377244456695,-0.374885684930804,-0.348335102624761,-0.358342629540304,-0.167413937821356,-0.315388828509139,-0.338458266062735,-0.331399986009218,-0.344604011789235,-0.295499636234456,-0.351699636009036,-0.328750188341938,-0.329167286868655,-0.35303076456692,-0.392027191227444,-0.419900482379405,-0.391282542299464,-0.348403927064411,-0.327560489208768,-0.361149527784987,-0.323273773301018,-0.303131407214291,-0.359253059897505,-0.265601986860291,-0.318259423648839,-0.281846298658721,-0.246141714610952,-0.325534702501331,-0.349786739499925,-0.255595499789311,-0.255595499789311,-0.287737508161171,-0.354047350024942,-0.302129357248267
"k__Bacteria|p__Firmicutes|c__Clostridia|o__Clostridiales|f__Veillonellaceae|g__Megamonas|s__unclassified",-0.353699196690045,-0.322688984736636,-0.351458495084956,-0.351458495084956,-0.355375349330655,-0.311216608516987,-0.349561937619713,-0.355525568442928,-0.350361254137875,-0.35681970895717,-0.331365902511947,-0.310843546908062,-0.345278261562139,-0.34365991505858,-0.271691083226931,-0.307804154711102,-0.351330099278442,-0.299009722056428,1.12126267382991,-0.347018916796674,-0.299779294737869,-0.310704144976668,-0.346214087279884,-0.280276039291639,-0.236734719900725,-0.336671901945682,-0.268317939765377,-0.247909012762107,-0.235532418031141,-0.35618744442008,-0.318155664787435,-0.307717923227852,-0.278353381239716,-0.357354462314865,-0.230058321443447,-0.25396472129649,-0.335943032935239,-0.279195016489872,-0.350919690425639,-0.248113500931236,-0.299669228779603,-0.293353181412187,-0.343314217996724,-0.342197880471567,-0.21891926549716,-0.0349362908379514,-0.288157142808552,-0.345945670954519,-0.208173871901344,-0.227448795602631,-0.27991651993603,-0.283843120315073,-0.286772594785783,-0.282419810734571,-0.34418642014992,-0.313345604792636,0.828559703161009,0.480110538109888,-0.344454254857012,-0.351409849881696,-0.329146961577329,-0.260442666143119,-0.357514561160159,-0.359366898756254,-0.240704074938429,-0.325112468849285,-0.309301523777555,-0.280360575758226,-0.344664907277735,-0.347962900055353,-0.264517009578276,0.913340855492982,-0.327290150719388,-0.258892946273877,-0.254737756144119,-0.263045968448129,-0.260915334689312,-0.228171431075183,-0.203727528731815,-0.351823916863386,-0.27401828204795,-0.332637186033752,-0.351889968040456,-0.359339270216523,-0.354633140848136,-0.254798878318837,-0.245149504988087,-0.35424852139678,-0.261258091382573,-0.357484841274792,-0.183480138500417,-0.264528319172188,-0.303645612431923,-0.27966869560151,-0.348936279131231,-0.306568295580426,-0.292694445499921,-0.306491443513552,-0.360587626393857,-0.352809562475741,-0.27306528226547,-0.304123007820937,-0.34015253378494,-0.30261623655946,-0.34624660933449,-0.263810231442435,-0.355561600062418,-0.35609764219835,-0.357686648808836,-0.358276622441246,-0.303480329810463,-0.356377244456695,-0.305240852015943,-0.348335102624761,-0.358342629540304,-0.162257762462216,-0.315388828509139,-0.338458266062735,-0.331399986009218,-0.344604011789235,-0.231537458633337,-0.351699636009036,-0.258266733780779,-0.254221382800179,-0.35303076456692,-0.345627318404089,-0.346169042395474,-0.324762155780701,-0.348403927064411,-0.327560489208768,-0.307168534107207,-0.278775701490229,-0.239973308707275,-0.359253059897505,-0.208689290134765,-0.250931490216502,-0.231822306922406,-0.188448594364696,-0.325534702501331,-0.349786739499925,-0.255595499789311,-0.255595499789311,-0.253172214682997,-0.354047350024942,-0.302129357248267
"k__Bacteria|p__Firmicutes|c__Clostridia|o__Clostridiales|f__Veillonellaceae|g__Megasphaera|s__geminatus",-0.406401289507383,-0.39102381339221,-0.351458495084956,-0.351458495084956,-0.355375349330655,-0.311216608516987,-0.349561937619713,-0.355525568442928,-0.350361254137875,-0.35681970895717,-0.331365902511947,-0.360888780536076,-0.345278261562139,-0.34365991505858,-0.324898111439489,-0.307804154711102,-0.351330099278442,-0.360649820276686,-0.337589162757449,-0.347018916796674,-0.299326455502478,-0.316685893441005,-0.346214087279884,-0.307231456277251,-0.254060354332576,-0.336671901945682,-0.294271242051868,-0.285786751093372,-0.299348776814899,-0.35618744442008,-0.318155664787435,-0.307717923227852,-0.336784363131281,-0.357354462314865,-0.29980204996251,-0.25396472129649,-0.335943032935239,-0.365602439801668,-0.350919690425639,-0.311722470484715,-0.337442720032222,-0.342157424335084,-0.343314217996724,-0.342197880471567,-0.283290075806438,-0.0141126613607148,-0.288157142808552,-0.345945670954519,-0.231900146617821,-0.258690593756236,-0.27991651993603,-0.336934735261903,-0.363005379704659,-0.359763300050693,-0.34418642014992,-0.313345604792636,-0.351996073620118,-0.355333025786026,-0.344454254857012,-0.351409849881696,-0.329146961577329,-0.315034960662541,-0.357514561160159,-0.359366898756254,-0.296304218763266,-0.328823833189413,-0.328178451922064,-0.341311464471508,-0.344664907277735,-0.347962900055353,-0.264517009578276,-0.344266777192772,-0.327290150719388,-0.334576700333666,-0.312849800139642,-0.263045968448129,-0.260915334689312,-0.249193859318136,-0.268627683944841,-0.351823916863386,-0.27160286757912,-0.332637186033752,-0.351889968040456,-0.359339270216523,-0.354633140848136,-0.254798878318837,-0.245149504988087,-0.35424852139678,-0.313925391176849,-0.357484841274792,-0.248979653517628,-0.264528319172188,-0.38521682199697,-0.36814449913409,-0.348936279131231,-0.306568295580426,-0.33279195378704,-0.306491443513552,-0.360587626393857,-0.352809562475741,-0.27306528226547,-0.304123007820937,-0.34015253378494,-0.371438926632969,-0.34624660933449,-0.263810231442435,-0.355561600062418,-0.35609764219835,-0.357686648808836,-0.358276622441246,-0.358474380954582,-0.356377244456695,-0.363550174686636,-0.348335102624761,-0.358342629540304,-0.142713589853592,-0.315388828509139,-0.338458266062735,-0.331399986009218,-0.344604011789235,-0.293771795592415,-0.351699636009036,-0.340348582401749,-0.323989218592607,-0.35303076456692,-0.39304218844149,-0.39044186886769,-0.396423524601614,-0.348403927064411,-0.327560489208768,-0.37126451479517,-0.343310953414316,-0.28947996063561,-0.359253059897505,-0.251604548950678,-0.317896268041781,-0.291873944789571,-0.243809131459647,-0.325534702501331,-0.349786739499925,-0.255595499789311,-0.255595499789311,-0.311238471460898,-0.354047350024942,-0.302129357248267
"k__Bacteria|p__Firmicutes|c__Bacilli|o__Lactobacillales|f__Carnobacteriaceae|g__Granulicatella|s__unclassified",-0.0254520776659953,-0.190015846534896,-0.351458495084956,-0.351458495084956,-0.355375349330655,-0.311216608516987,-0.349561937619713,-0.355525568442928,-0.350361254137875,-0.35681970895717,1.05909127870576,0.0659638670576401,-0.345278261562139,-0.34365991505858,-0.345211008587491,-0.307804154711102,-0.351330099278442,-0.20754567612036,-0.337589162757449,-0.347018916796674,0.506333704582492,0.192699749186282,-0.346214087279884,-0.0794817612708908,-0.231554222023971,-0.336671901945682,0.123952485949226,-0.162428919513539,-0.127129836594488,-0.35618744442008,1.12817462062537,-0.307717923227852,-0.193513445877337,-0.357354462314865,-0.302731735091218,-0.25396472129649,0.985413963464953,-0.217254000399172,-0.350919690425639,-0.314944212722278,0.0950125801540825,-0.107931561932031,-0.343314217996724,-0.342197880471567,-0.367217720960137,1.16996195846158,1.40005651515474,0.857872754655168,0.256231302829512,-0.00612318911857124,-0.27991651993603,0.0934256515183614,-0.21804535573602,-0.195058005877887,-0.34418642014992,-0.313345604792636,-0.351996073620118,-0.355333025786026,-0.344454254857012,-0.351409849881696,1.0436850116981,0.0945238168544127,-0.357514561160159,-0.359366898756254,-0.302186282090775,0.373605347264599,0.0836968937589199,-0.219320337292062,-0.344664907277735,-0.347962900055353,1.59274626148093,-0.344266777192772,-0.327290150719388,-0.240861866365004,-0.35442278806378,1.64578145733836,1.60489448583259,-0.0291101156575464,0.00179235133061764,-0.351823916863386,0.735347580820802,1.02220869276836,-0.351889968040456,-0.359339270216523,-0.354633140848136,-0.254798878318837,-0.245149504988087,-0.35424852139678,-0.0367141884347052,-0.357484841274792,0.514273906286208,-0.264528319172188,-0.195320179203751,-0.169308433249929,-0.348936279131231,1.22448239203545,0.188021204739751,-0.306491443513552,0.516708465502221,-0.352809562475741,-0.27306528226547,1.23533964339571,-0.34015253378494,-0.148656827583793,-0.34624660933449,-0.263810231442435,-0.355561600062418,0.438759604998021,0.731934991350455,-0.358276622441246,0.315065970330089,0.563947619888597,-0.270165562120195,-0.348335102624761,-0.358342629540304,0.999130096045965,1.212549258882,-0.338458266062735,0.940996910744026,-0.344604011789235,0.301192868403356,-0.351699636009036,-0.233939992921041,-0.20812524548613,-0.35303076456692,0.215113636128714,-0.0585638369177723,-0.346444934905255,-0.348403927064411,-0.327560489208768,-0.103547669164547,-0.234187827010404,-0.350051577531939,-0.359253059897505,-0.390353831008804,-0.192029858159543,-0.279838426672775,-0.337567290389391,-0.325534702501331,-0.349786739499925,-0.255595499789311,-0.255595499789311,-0.145001947043755,-0.354047350024942,2.13998577998468
"k__Bacteria|p__Firmicutes|c__Clostridia|o__Clostridiales|f__Veillonellaceae|g__Veillonella|s__unclassified",0.222457589705421,-0.0071279015890416,-0.351458495084956,-0.351458495084956,-0.355375349330655,-0.311216608516987,-0.349561937619713,-0.355525568442928,-0.350361254137875,-0.35681970895717,-0.331365902511947,0.168657740413039,-0.345278261562139,-0.34365991505858,-0.346421489655929,1.29229799784341,-0.351330099278442,-0.108931407331809,0.992313444729826,-0.347018916796674,1.39855501185799,0.944867142874987,-0.346214087279884,0.3617515734833,0.0373431376479285,-0.336671901945682,0.346621111014214,0.0228481121928516,-0.0253372368642435,-0.35618744442008,-0.318155664787435,-0.307717923227852,-0.179660510137483,-0.357354462314865,-0.353426566542874,-0.25396472129649,-0.335943032935239,-0.224170491761068,-0.350919690425639,-0.381258439136143,0.0626125458243595,-0.0527272414691764,-0.343314217996724,-0.342197880471567,-0.465122868008399,0.0408691761645063,-0.288157142808552,-0.345945670954519,0.136418080906678,0.146481747020875,-0.27991651993603,-0.0826529016144089,-0.24524944786628,-0.37609895065956,-0.34418642014992,-0.313345604792636,-0.351996073620118,-0.355333025786026,-0.344454254857012,-0.351409849881696,-0.329146961577329,-0.0947912255435043,-0.357514561160159,-0.359366898756254,-0.3886084039949,0.747748159375434,0.486853238032689,0.0563716056873558,-0.344664907277735,-0.347962900055353,-0.264517009578276,-0.344266777192772,-0.327290150719388,-0.4964805609353,-0.506318519010459,-0.263045968448129,-0.260915334689312,0.193704772682841,0.0876430765616944,-0.351823916863386,0.824479180162126,1.00715967696326,0.741203937488048,-0.359339270216523,-0.354633140848136,1.68440787229348,1.75879659390395,-0.35424852139678,-0.0491694339013096,-0.357484841274792,-0.908717432559285,-0.264528319172188,-0.440360695591604,-0.654491208363166,-0.348936279131231,-0.306568295580426,0.104309833033404,-0.306491443513552,-0.360587626393857,-0.352809562475741,-0.27306528226547,-0.304123007820937,-0.34015253378494,-0.372143477151444,-0.34624660933449,1.58937927518981,-0.355561600062418,-0.35609764219835,-0.357686648808836,-0.358276622441246,0.237856199551921,0.568728629469749,-0.187818795911502,-0.348335102624761,-0.358342629540304,-0.158228157739885,-0.315388828509139,-0.338458266062735,-0.331399986009218,-0.344604011789235,-0.373372213902541,-0.351699636009036,-0.353074414818079,-0.4766768124867,-0.35303076456692,-0.0255047074672589,-0.109741179105468,-0.368740039311778,-0.348403927064411,-0.327560489208768,0.0973678724021454,-0.0994479553548256,-0.36873773732189,-0.359253059897505,-0.488036062225336,-0.308749708589984,-0.363573092777089,-0.509837020194432,-0.325534702501331,-0.349786739499925,2.3683562898907,2.3683562898907,0.097471329334178,-0.354047350024942,1.35570926474033
"k__Bacteria|p__Firmicutes|c__Bacilli|o__Lactobacillales|f__Enterococcaceae|g__Enterococcus|s__unclassified",-0.0488243670403984,-0.148786879237353,-0.351458495084956,-0.351458495084956,-0.355375349330655,-0.311216608516987,-0.349561937619713,-0.355525568442928,-0.350361254137875,-0.35681970895717,1.00779484568855,-0.0600167765821163,-0.345278261562139,-0.34365991505858,-0.318599122400516,-0.307804154711102,0.798017957460078,-0.19730640151444,-0.337589162757449,-0.347018916796674,0.58767345943969,0.355421006753316,-0.346214087279884,0.0525892420569645,-0.0970217182368021,-0.336671901945682,0.0693082347886937,-0.103493095470696,-0.133943928154925,-0.35618744442008,-0.318155664787435,-0.307717923227852,-0.240001999789757,-0.357354462314865,-0.302285409583276,-0.25396472129649,0.915116067451399,-0.254591955199443,-0.350919690425639,-0.314397771058939,-0.0930542756575295,-0.1627415361713,-0.343314217996724,-0.342197880471567,-0.356619830577969,0.0543510191534431,-0.288157142808552,-0.345945670954519,0.000381412657080055,-0.0399057093711717,-0.27991651993603,-0.17119468840746,-0.286328420226322,-0.328398901416412,-0.34418642014992,-0.313345604792636,-0.351996073620118,-0.355333025786026,-0.344454254857012,-0.351409849881696,-0.329146961577329,-0.163090316412801,-0.357514561160159,-0.359366898756254,-0.333010173860097,0.262414435685393,0.120455633593344,-0.100941967941644,-0.344664907277735,-0.347962900055353,-0.264517009578276,-0.344266777192772,-0.327290150719388,-0.389384008836189,-0.376484498498578,1.67365566830488,1.58870457168527,-0.00662835229675107,-0.0374904874096823,-0.351823916863386,0.323687383007542,1.01865817962836,-0.351889968040456,-0.359339270216523,-0.354633140848136,-0.254798878318837,-0.245149504988087,-0.35424852139678,-0.157830973656202,-0.357484841274792,-0.543242084404091,-0.264528319172188,-0.390226227721838,-0.470796768170516,-0.348936279131231,-0.306568295580426,-0.0765157288333477,-0.306491443513552,-0.360587626393857,-0.352809562475741,-0.27306528226547,-0.304123007820937,-0.34015253378494,-0.331832834329436,-0.34624660933449,-0.263810231442435,-0.355561600062418,0.438094851217133,0.602341484203868,-0.358276622441246,-0.00843620436175597,0.559699126755023,-0.246373537448831,-0.348335102624761,-0.358342629540304,-0.120497774751325,-0.315388828509139,-0.338458266062735,-0.331399986009218,-0.344604011789235,-0.289859279632109,-0.351699636009036,-0.29780276989962,-0.369495934893968,-0.35303076456692,-0.165834207914189,-0.19305424866665,-0.352075405608207,-0.348403927064411,-0.327560489208768,-0.10699968420195,-0.179195834903875,-0.321416848380713,-0.359253059897505,-0.355165305851906,-0.276214248776905,-0.298163697525843,-0.345298765505632,-0.325534702501331,-0.349786739499925,-0.255595499789311,-0.255595499789311,-0.0657818658854258,-0.354047350024942,1.44235816752594
"k__Bacteria|p__Firmicutes|c__Clostridia|o__Coriobacteriales|f__Coriobacteriaceae|g__Slackia|s__unclassified",-0.408209635088577,-0.368713329298663,-0.351458495084956,-0.351458495084956,-0.355375349330655,-0.311216608516987,-0.349561937619713,0.622893304009386,-0.350361254137875,0.565084276742742,-0.331365902511947,-0.340984015262178,-0.345278261562139,-0.34365991505858,-0.2501295658057,-0.307804154711102,-0.351330099278442,-0.302785270926817,-0.337589162757449,-0.347018916796674,-0.484078745520263,-0.431268790155763,-0.346214087279884,-0.337296418675506,-0.27373907591434,-0.336671901945682,-0.301770252456055,-0.285492677035847,-0.267309332017435,0.702165639017866,-0.318155664787435,-0.307717923227852,-0.291194460017649,-0.357354462314865,-0.228007610052244,1.68491138485515,-0.335943032935239,-0.277644870833237,-0.350919690425639,-0.245969648694076,-0.287250124274091,-0.301261982710271,-0.343314217996724,-0.342197880471567,-0.208600970798723,0.165473561846132,-0.288157142808552,-0.345945670954519,-0.187530465434613,-0.249563083446508,-0.27991651993603,-0.24889156210883,-0.284051577512791,-0.251013098067367,-0.34418642014992,-0.313345604792636,-0.351996073620118,-0.355333025786026,-0.344454254857012,-0.351409849881696,-0.329146961577329,-0.248685808670624,-0.357514561160159,-0.359366898756254,-0.231463951844921,-0.379175503688104,-0.377092068685926,-0.334717584924407,-0.344664907277735,-0.347962900055353,-0.264517009578276,-0.344266777192772,-0.327290150719388,-0.220936709851572,-0.215114173536092,-0.263045968448129,-0.260915334689312,-0.263321074587108,-0.234474541242178,-0.351823916863386,-0.307896149561735,-0.332637186033752,-0.351889968040456,-0.359339270216523,-0.354633140848136,-0.254798878318837,-0.245149504988087,-0.35424852139678,-0.26565639381569,-0.357484841274792,0.0643433566333624,-0.264528319172188,-0.240822854246395,-0.185325537265219,-0.348936279131231,-0.306568295580426,-0.274497520195055,-0.306491443513552,-0.360587626393857,-0.352809562475741,-0.27306528226547,-0.304123007820937,-0.34015253378494,-0.25716642536448,-0.34624660933449,-0.263810231442435,-0.355561600062418,-0.35609764219835,-0.357686648808836,-0.358276622441246,-0.317278882292097,-0.356377244456695,-0.309041419979533,-0.348335102624761,-0.358342629540304,0.0601556812310914,-0.315388828509139,-0.338458266062735,-0.331399986009218,-0.344604011789235,-0.104651250869103,0.66404834844624,-0.253407046599798,-0.210346361014564,-0.35303076456692,-0.303498567798241,-0.336718936407971,-0.326511010044114,-0.348403927064411,-0.327560489208768,-0.358676663532523,-0.303727299022917,-0.24008852139487,-0.359253059897505,-0.176619931510997,-0.233465451101684,-0.212772878408604,-0.154700447210788,-0.325534702501331,0.364038660443292,-0.255595499789311,-0.255595499789311,-0.313766729509494,-0.354047350024942,-0.302129357248267
"k__Bacteria|p__Firmicutes|c__Erysipelotrichi|o__Erysipelotrichales|f__Erysipelotrichaceae|g__[Eubacterium]|s__dolichum",-0.00562346425707117,-0.0602553068077228,-0.351458495084956,-0.351458495084956,-0.355375349330655,-0.311216608516987,0.58123508437928,0.627609815587683,-0.350361254137875,0.562629742491462,-0.331365902511947,-0.0540539003890948,-0.345278261562139,-0.34365991505858,-0.159421313508683,-0.307804154711102,-0.351330099278442,-0.114264028641469,-0.337589162757449,-0.347018916796674,0.405908857562687,0.278475477253629,0.809269049806259,0.078410158542867,-0.0101152201739805,1.08217885510683,0.0524587943423051,-0.0449753429512628,-0.074520698761273,0.660865011975123,-0.318155664787435,1.24166080524679,-0.111154506356856,-0.357354462314865,-0.167911708842535,-0.25396472129649,-0.335943032935239,-0.12531475039612,-0.350919690425639,-0.17532553805581,-0.0984795473171418,-0.087694550265463,-0.343314217996724,-0.342197880471567,-0.1994960415124,-0.255907987100759,-0.288157142808552,-0.345945670954519,-0.0551992536114356,-0.0277004359596283,-0.27991651993603,-0.13949991457463,-0.159174908616331,-0.226030879772006,-0.34418642014992,1.17390059985512,-0.351996073620118,-0.355333025786026,0.795190218417524,-0.351409849881696,-0.329146961577329,-0.128206577281843,-0.357514561160159,-0.359366898756254,-0.184812262660995,0.152306131796184,0.100386547019638,-0.027531165444665,0.822326052391524,-0.347962900055353,-0.264517009578276,-0.344266777192772,-0.327290150719388,-0.248597638695719,-0.216439391856908,-0.263045968448129,-0.260915334689312,0.0236704219048715,-0.0278839754877472,-0.351823916863386,0.124594079084934,1.03203344878764,-0.351889968040456,-0.359339270216523,-0.354633140848136,-0.254798878318837,-0.245149504988087,-0.35424852139678,-0.0926633557666873,-0.357484841274792,-0.591113832710906,-0.264528319172188,-0.250283641852794,-0.353057505457279,-0.348936279131231,-0.306568295580426,-0.0983013812641716,1.22597363813856,-0.360587626393857,-0.352809562475741,-0.27306528226547,-0.304123007820937,0.874764307018774,-0.233309377904286,-0.34624660933449,-0.263810231442435,0.513548622557563,-0.35609764219835,-0.357686648808836,-0.358276622441246,-0.0663729947256926,-0.356377244456695,-0.119245338385759,-0.348335102624761,-0.358342629540304,-0.353725435733693,-0.315388828509139,-0.338458266062735,-0.331399986009218,-0.344604011789235,-0.325007229965905,-0.351699636009036,-0.189364679302521,-0.256925063170373,-0.35303076456692,-0.184954359501104,-0.151532484091672,-0.180789982462944,-0.348403927064411,-0.327560489208768,-0.0512555516358507,-0.082217477504302,-0.162984318592983,-0.359253059897505,-0.197059231154516,-0.171449278056928,-0.179235387098507,-0.213648083348643,-0.325534702501331,-0.349786739499925,-0.255595499789311,-0.255595499789311,0.00980886622159368,-0.354047350024942,-0.302129357248267
"k__Bacteria|p__Firmicutes|c__Bacilli|o__Lactobacillales|f__Streptococcaceae|g__Streptococcus|s__unclassified",0.84575233692012,0.563198691342361,0.724774670144338,0.724774670144338,0.669948153503269,1.16935512479591,-0.349561937619713,0.851032530790501,0.699662364780158,0.555583406453559,1.03674920217278,0.842358336480653,-0.345278261562139,-0.34365991505858,0.233385547611026,1.4429706835852,0.838572475655094,0.481167833473369,1.06103508187694,-0.347018916796674,1.36696636936994,0.963635190485827,0.790520287000838,0.572897754457728,0.285438570975231,0.951841031149409,0.761775223620749,0.412875273530952,0.451047517245302,0.73269891457516,1.33747612693674,-0.307717923227852,0.42765861298561,0.674216232016606,0.215436578701325,1.68569928197817,0.953705536580846,0.439073745628726,0.490132988376237,0.219614645503733,0.846752064610988,0.583565478494863,0.864847674065589,-0.342197880471567,0.105167356569627,1.41474959084991,1.43784357263035,0.882887106420197,0.778906202233075,0.50959055486381,-0.27991651993603,0.7866648864511,0.448214340751862,0.448165622521336,0.716308497899924,1.19547610329447,-0.351996073620118,0.44368457312693,0.845151928467333,0.363237257034896,1.0504436026273,0.716808299389595,0.607704371421088,0.46487960269369,0.198399016546861,1.19387072709821,0.831231132498848,0.443554747920111,-0.344664907277735,0.747063266209901,1.59630502776942,0.855531299561249,-0.327290150719388,0.355513497430382,0.15861450618061,1.59048308821432,1.59057886937244,0.522880421877793,0.515996240678261,-0.351823916863386,1.52989810002185,-0.332637186033752,0.897549068340952,0.549489288069119,0.616454931017405,1.68963302633642,1.81061665257836,-0.35424852139678,0.590058301946833,-0.357484841274792,1.0552509612991,-0.264528319172188,0.498463420417485,0.465690025926722,0.822077813512414,1.27204891832019,0.914619609302859,1.24067556262589,0.689027293358258,0.530856121164907,1.53005513471242,1.23702510468794,0.878985274071244,0.534124488999764,-0.34624660933449,1.60284986444117,0.564757449878123,0.458349104377784,0.65606304408471,0.555634913067669,1.11854421693292,0.769718059855721,0.414031693194706,0.766880387046055,0.583171453530011,1.4709305985953,1.23531885339399,0.871047748910544,0.940011499785352,-0.344604011789235,0.897861322834832,0.677414392843809,0.371577715895315,0.371215701256368,-0.35303076456692,1.06038635542435,0.747371725295622,0.38656847404911,-0.348403927064411,-0.327560489208768,0.652755473174014,0.402438783523626,0.15302217867365,0.564687663340194,0.0421293221247483,0.367512378990256,0.22496362001249,0.0578127952852613,-0.325534702501331,0.389911954828408,1.69649293552477,1.69649293552477,0.454868154034225,0.66119359000345,1.35500187603616
"k__Bacteria|p__Firmicutes|c__Bacilli|o__Lactobacillales|f__Streptococcaceae|g__Lactococcus|s__unclassified",-0.259640125701648,-0.234539713932183,-0.351458495084956,-0.351458495084956,-0.355375349330655,-0.311216608516987,-0.349561937619713,0.608935733145817,-0.350361254137875,-0.35681970895717,-0.331365902511947,-0.242704108364283,-0.345278261562139,-0.34365991505858,-0.215773969763396,-0.307804154711102,-0.351330099278442,-0.238028116765868,-0.337589162757449,-0.347018916796674,-0.12158325408539,-0.133319605002913,-0.346214087279884,-0.162636736349816,-0.161820633213082,-0.336671901945682,-0.174864308830077,-0.178521109002626,-0.201134928969303,-0.35618744442008,-0.318155664787435,-0.307717923227852,-0.217868472441181,-0.357354462314865,-0.211433574052095,-0.25396472129649,-0.335943032935239,-0.241863575209543,-0.350919690425639,-0.220378184700599,-0.261688931340127,-0.224939158399707,0.884120968243245,-0.342197880471567,-0.199857889897345,-0.189447650893204,-0.288157142808552,0.856324696835601,-0.165041785294011,-0.172356269280344,-0.27991651993603,-0.249301014442314,-0.249557744157399,-0.260340104737443,-0.34418642014992,-0.313345604792636,-0.351996073620118,-0.355333025786026,-0.344454254857012,-0.351409849881696,-0.329146961577329,-0.249663037818479,-0.357514561160159,-0.359366898756254,-0.213127225698807,-0.180907811423078,-0.190275429602526,-0.197400152869289,-0.344664907277735,-0.347962900055353,-0.264517009578276,-0.344266777192772,-0.327290150719388,-0.279426210953597,-0.219358414873693,-0.263045968448129,-0.260915334689312,-0.146010554598095,-0.162631104238742,-0.351823916863386,-0.213476245222274,-0.332637186033752,-0.351889968040456,-0.359339270216523,-0.354633140848136,-0.254798878318837,-0.245149504988087,-0.35424852139678,-0.208869922334242,-0.357484841274792,-0.37553821645719,-0.264528319172188,-0.271868859457908,-0.318027637595219,-0.348936279131231,-0.306568295580426,-0.261736257471816,-0.306491443513552,-0.360587626393857,-0.352809562475741,-0.27306528226547,-0.304123007820937,-0.34015253378494,-0.286044540028391,-0.34624660933449,-0.263810231442435,-0.355561600062418,0.451508586660771,0.582716809775835,-0.358276622441246,-0.269948286076078,-0.356377244456695,-0.250096072734916,-0.348335102624761,-0.358342629540304,-0.287772699492417,-0.315388828509139,-0.338458266062735,0.943900566635192,-0.344604011789235,-0.285158717562121,-0.351699636009036,-0.247636905097712,-0.258997679471846,-0.35303076456692,-0.315421705620035,-0.299029979093344,-0.268981486354563,-0.348403927064411,-0.327560489208768,-0.238561664199391,-0.222546207677639,-0.199044112152766,-0.359253059897505,-0.174769532431037,-0.223004989216527,-0.206234914816085,-0.187257132559245,-0.325534702501331,-0.349786739499925,-0.255595499789311,-0.255595499789311,-0.18253481622625,-0.354047350024942,1.35698130476904
"k__Bacteria|p__Firmicutes|c__Clostridia|o__Clostridiales|f__Lachnospiraceae|g__Coprococcus|s__eutactus",-0.36621267095099,-0.326653575754716,-0.351458495084956,-0.351458495084956,-0.355375349330655,-0.311216608516987,-0.349561937619713,-0.355525568442928,-0.350361254137875,-0.35681970895717,-0.331365902511947,-0.342252382685423,-0.345278261562139,-0.34365991505858,-0.223150006412699,-0.307804154711102,-0.351330099278442,-0.302988867321769,-0.337589162757449,-0.347018916796674,-0.408932363640473,-0.36176619786789,-0.346214087279884,-0.287860944295809,-0.219435172105246,-0.336671901945682,-0.289911453856403,-0.232165115744294,-0.24933527378687,-0.35618744442008,-0.318155664787435,-0.307717923227852,-0.266530382268941,-0.357354462314865,-0.197188850537967,-0.25396472129649,-0.335943032935239,-0.27178199257068,-0.350919690425639,-0.220274396753711,-0.328413883962391,-0.29317896693709,-0.343314217996724,0.801835124205718,-0.175030101285811,-0.147055546270122,-0.288157142808552,-0.345945670954519,-0.248883593564076,-0.220456406856697,-0.27991651993603,-0.291741445500461,-0.266488265562301,-0.252818227014088,-0.34418642014992,-0.313345604792636,-0.351996073620118,-0.355333025786026,-0.344454254857012,-0.351409849881696,-0.329146961577329,-0.296109219914656,-0.357514561160159,0.45411456880254,-0.202085752551592,-0.363673335300871,-0.342706074991912,-0.275634680237402,-0.344664907277735,-0.347962900055353,-0.264517009578276,-0.344266777192772,-0.327290150719388,-0.235709854161583,-0.194370972272207,-0.263045968448129,-0.260915334689312,-0.245463422785989,-0.220330332806253,-0.351823916863386,-0.364375954009771,-0.332637186033752,-0.351889968040456,-0.359339270216523,-0.354633140848136,-0.254798878318837,-0.245149504988087,-0.35424852139678,-0.266224604492917,-0.357484841274792,-0.204696613358128,-0.264528319172188,-0.271522927242528,-0.239232126664445,-0.348936279131231,-0.306568295580426,-0.316349876390445,-0.306491443513552,-0.360587626393857,-0.352809562475741,-0.27306528226547,-0.304123007820937,-0.34015253378494,-0.26774801148223,0.829927734854055,-0.263810231442435,-0.355561600062418,-0.35609764219835,-0.357686648808836,-0.358276622441246,-0.363648724298072,-0.356377244456695,-0.29917056807009,-0.348335102624761,-0.358342629540304,-0.226696857474925,-0.315388828509139,-0.338458266062735,-0.331399986009218,-0.344604011789235,-0.243754810400486,-0.351699636009036,-0.232268167684799,-0.22735896761095,0.418345895352787,-0.373794091979368,-0.355201122201861,-0.282308028138437,-0.348403927064411,-0.327560489208768,-0.326390166954204,-0.258291159345089,-0.192619142899245,0.551786508740451,-0.170965294158171,-0.235087156905947,-0.20124314885962,-0.155208497737376,-0.325534702501331,-0.349786739499925,-0.255595499789311,-0.255595499789311,-0.257149515238344,-0.354047350024942,-0.302129357248267
"k__Bacteria|p__Firmicutes|c__Clostridia|o__Clostridiales|f__Clostridiaceae|g__Clostridium|s__unclassified",0.210868653401263,0.0585725577946169,-0.351458495084956,-0.351458495084956,-0.355375349330655,-0.311216608516987,-0.349561937619713,0.618586176341023,-0.350361254137875,-0.35681970895717,-0.331365902511947,0.147342952912732,-0.345278261562139,-0.34365991505858,-0.141586106808526,-0.307804154711102,0.797761386845638,-0.0045285775038313,-0.337589162757449,-0.347018916796674,0.901802981862972,0.641313423962173,0.840825275377011,0.286495090881039,0.090467428915245,0.986745603370344,0.238990378507587,0.0783356579474811,0.0208493427543846,-0.35618744442008,-0.318155664787435,-0.307717923227852,-0.0592975640621608,-0.357354462314865,-0.148637453605531,-0.25396472129649,1.0313166622782,-0.0732896239236321,-0.350919690425639,-0.178699146671845,0.0715959248408563,0.0132276213438161,-0.343314217996724,-0.342197880471567,-0.224708246759974,-0.122397484001888,-0.288157142808552,-0.345945670954519,0.089756029988859,0.112310181083625,1.46043859935061,-0.0290822239640778,-0.101381012488159,-0.185054556496545,-0.34418642014992,-0.313345604792636,-0.351996073620118,-0.355333025786026,-0.344454254857012,-0.351409849881696,-0.329146961577329,-0.0330225173982424,-0.357514561160159,-0.359366898756254,-0.179983002902842,0.476259139412333,0.339677446995991,0.107649818201915,-0.344664907277735,-0.347962900055353,-0.264517009578276,-0.344266777192772,-0.327290150719388,-0.259444317072794,-0.260541783823646,-0.263045968448129,-0.260915334689312,0.166537673078435,0.0991795836886935,-0.351823916863386,0.496121141638091,1.22540335842542,0.846238533931481,0.588048808887453,0.631088047158328,-0.254798878318837,-0.245149504988087,-0.35424852139678,0.0268600798930179,-0.357484841274792,-0.64664185264254,-0.264528319172188,-0.23236742516955,-0.367160774772477,-0.348936279131231,-0.306568295580426,0.073677945792135,-0.306491443513552,0.494779029414451,0.529664880970209,-0.27306528226547,1.24164552874503,-0.34015253378494,-0.182982999566177,-0.34624660933449,1.72528305618897,-0.355561600062418,-0.35609764219835,-0.357686648808836,-0.358276622441246,0.181176232546799,0.565789175815174,-0.0355528282608973,-0.348335102624761,0.581188718794498,-0.222161253128181,-0.315388828509139,0.884521553118998,0.944555065646485,-0.344604011789235,-0.261390556302877,-0.351699636009036,-0.150408483066997,-0.230838585797911,-0.35303076456692,0.00206236935757019,-0.0234664317912543,-0.152698366934594,-0.348403927064411,-0.327560489208768,0.148779517451092,0.0220828155321135,-0.176348575286779,-0.359253059897505,-0.25374104461926,-0.142449922566163,-0.176767796634435,-0.258405951326554,-0.325534702501331,-0.349786739499925,-0.255595499789311,-0.255595499789311,0.110038778270124,0.635919240147519,1.35825172876735
"k__Bacteria|p__Firmicutes|c__Erysipelotrichi|o__Erysipelotrichales|f__[Coprobacillaceae]|g__Coprobacillus|s__unclassified",-0.365008577432543,-0.326954816816448,-0.351458495084956,-0.351458495084956,-0.355375349330655,-0.311216608516987,-0.349561937619713,-0.355525568442928,-0.350361254137875,0.558357534237418,-0.331365902511947,-0.337172338948137,-0.345278261562139,-0.34365991505858,-0.252235359662814,-0.307804154711102,-0.351330099278442,-0.296109336091679,-0.337589162757449,-0.347018916796674,-0.316079494957636,-0.286689666032082,-0.346214087279884,-0.257185782694501,-0.22474332321254,-0.336671901945682,-0.261481989535309,-0.240227256382458,-0.239857179785537,-0.35618744442008,-0.318155664787435,-0.307717923227852,-0.265942968974873,-0.357354462314865,-0.244479180361945,-0.25396472129649,-0.335943032935239,-0.292424848636743,-0.350919690425639,-0.243896421096076,-0.312035066207343,-0.294056981928614,-0.343314217996724,-0.342197880471567,-0.214788165000092,-0.133810074181877,-0.288157142808552,-0.345945670954519,-0.230055936904621,-0.217442676999598,-0.27991651993603,-0.30828828174179,-0.302263118451845,-0.288949265032769,-0.34418642014992,-0.313345604792636,-0.351996073620118,-0.355333025786026,0.811214403488954,-0.351409849881696,-0.329146961577329,-0.294163828641691,-0.357514561160159,-0.359366898756254,-0.245541437472347,-0.293776174004737,-0.277467762698766,-0.253150978835645,0.825622725740274,0.747798252990251,-0.264517009578276,-0.344266777192772,-0.327290150719388,-0.279401144415982,-0.238837145739246,-0.263045968448129,-0.260915334689312,-0.218010651418199,-0.218679136493898,-0.351823916863386,-0.320545882366924,-0.332637186033752,-0.351889968040456,-0.359339270216523,-0.354633140848136,-0.254798878318837,-0.245149504988087,-0.35424852139678,-0.268199990503237,-0.357484841274792,-0.280630303722148,-0.264528319172188,-0.306368374891602,-0.311402076078486,-0.348936279131231,-0.306568295580426,-0.312912482915931,-0.306491443513552,-0.360587626393857,-0.352809562475741,-0.27306528226547,-0.304123007820937,-0.34015253378494,-0.314982189782007,-0.34624660933449,-0.263810231442435,-0.355561600062418,-0.35609764219835,-0.357686648808836,-0.358276622441246,-0.339506363995475,-0.356377244456695,-0.283493094482967,-0.348335102624761,-0.358342629540304,-0.241634801475267,-0.315388828509139,-0.338458266062735,-0.331399986009218,-0.344604011789235,-0.276558114712865,-0.351699636009036,-0.273164449335872,-0.26930004872552,-0.35303076456692,-0.349959984172688,-0.337605276096379,-0.31458433667433,-0.348403927064411,-0.327560489208768,-0.326421452963745,-0.267742408660732,-0.232735380740132,-0.359253059897505,-0.188454031349373,-0.251429565363633,-0.237483594792808,-0.189306961329653,-0.325534702501331,-0.349786739499925,-0.255595499789311,-0.255595499789311,-0.264744212277581,-0.354047350024942,-0.302129357248267
"k__Bacteria|p__Firmicutes|c__Erysipelotrichi|o__Erysipelotrichales|f__[Coprobacillaceae]|g__Catenibacterium|s__unclassified",-0.358805582749223,-0.266655487567599,-0.351458495084956,-0.351458495084956,-0.355375349330655,-0.311216608516987,-0.349561937619713,-0.355525568442928,-0.350361254137875,-0.35681970895717,-0.331365902511947,-0.322796823439192,-0.345278261562139,-0.34365991505858,-0.153116489813663,-0.307804154711102,-0.351330099278442,-0.242453279301952,-0.337589162757449,0.714704334913335,-0.538740411804485,-0.420083732145197,-0.346214087279884,-0.295346352964298,-0.181906178824542,-0.336671901945682,-0.28268695567568,-0.207784518475026,-0.208458699315524,-0.35618744442008,-0.318155664787435,-0.307717923227852,-0.202417755226041,-0.357354462314865,-0.129117887473927,-0.25396472129649,-0.335943032935239,-0.197162316897057,-0.350919690425639,-0.135173600662791,-0.290199567267867,-0.241626051669246,-0.343314217996724,-0.342197880471567,-0.0843485692143221,-0.101074093051659,-0.288157142808552,-0.345945670954519,-0.192075069248976,-0.217180968163081,-0.27991651993603,-0.23807775622452,-0.193527486939012,-0.1737409038455,-0.34418642014992,-0.313345604792636,-0.351996073620118,0.547844905861349,-0.344454254857012,0.455512473013661,-0.329146961577329,-0.223371622751298,-0.357514561160159,-0.359366898756254,-0.11673176551542,-0.42312530018969,-0.343611346865744,-0.25334935881346,-0.344664907277735,-0.347962900055353,-0.264517009578276,1.08596343244641,-0.327290150719388,-0.138094219058431,-0.102617424378125,-0.263045968448129,-0.260915334689312,-0.225736053509749,-0.197901406197902,-0.351823916863386,-0.427409705051545,-0.332637186033752,-0.351889968040456,-0.359339270216523,-0.354633140848136,-0.254798878318837,-0.245149504988087,-0.35424852139678,-0.222055971423336,0.560751259848438,-0.042474744146355,-0.264528319172188,-0.15534355077353,-0.118905087923699,-0.348936279131231,-0.306568295580426,-0.28388013385629,-0.306491443513552,-0.360587626393857,-0.352809562475741,-0.27306528226547,-0.304123007820937,-0.34015253378494,-0.194438757976094,-0.34624660933449,-0.263810231442435,-0.355561600062418,-0.35609764219835,-0.357686648808836,-0.358276622441246,-0.343112822268696,-0.356377244456695,-0.223442618300601,-0.348335102624761,-0.358342629540304,-0.16041279571139,-0.315388828509139,-0.338458266062735,1.00049138203122,-0.344604011789235,-0.153524674804242,-0.351699636009036,-0.163515766485084,-0.147476912756249,0.379615116518147,-0.311425364585524,-0.263682488850994,-0.188374811432148,0.682202872384666,-0.327560489208768,-0.274970677929467,-0.219701414013489,-0.118871064267824,0.601078975343421,-0.0620872789666006,-0.163872230146618,-0.132712279055227,-0.0752592185228403,-0.325534702501331,0.419492509047498,-0.255595499789311,-0.255595499789311,-0.241554828676421,-0.354047350024942,-0.302129357248267
"k__Bacteria|p__Firmicutes|c__Clostridia|o__Clostridiales|f__Veillonellaceae|g__Veillonella|s__parvula",0.470809500907676,0.130795491191956,-0.351458495084956,-0.351458495084956,-0.355375349330655,-0.311216608516987,0.55975286859281,-0.355525568442928,-0.350361254137875,-0.35681970895717,1.05287004670035,0.49336871606882,-0.345278261562139,-0.34365991505858,-0.201623578910542,1.27433704408772,-0.351330099278442,0.0917036991765002,-0.337589162757449,-0.347018916796674,1.38867703222112,0.89431760262253,0.804422972233398,0.332157201403531,-0.00370759338664171,0.940293111135485,0.551134818287427,0.104349478234691,0.124111910077947,-0.35618744442008,1.14430881775054,1.23372246091145,0.0221334592550296,0.655813590465442,-0.190831002068417,-0.25396472129649,0.904681775543824,0.0182378823239709,-0.350919690425639,-0.196258337588978,0.502105975567711,0.201766548240156,-0.343314217996724,-0.342197880471567,-0.305282284368172,1.43160123979996,1.45630814779926,0.858066093488526,0.575497904924596,0.268018419657142,1.72339005222736,0.41498658505056,-0.00585742335037511,-0.0124552367204463,-0.34418642014992,1.24470815666862,0.624062246085182,-0.355333025786026,-0.344454254857012,-0.351409849881696,1.15279515940028,0.387721666470384,-0.357514561160159,-0.359366898756254,-0.191818905377844,1.03361172367475,0.607926858267731,0.108025231150484,0.817435993520651,0.77017528494247,1.73259799561066,-0.344266777192772,-0.327290150719388,-0.12079157623604,-0.285551367051134,1.70163658715731,-0.260915334689312,0.300955071430968,0.295728668867109,-0.351823916863386,1.45665568832943,1.55950588528159,0.779862490964737,0.551400904278335,0.622971865226194,1.6751198798267,-0.245149504988087,-0.35424852139678,0.229030519414808,-0.357484841274792,0.573017301644766,-0.264528319172188,-0.0118164786902946,-0.0621541937000239,-0.348936279131231,1.22619026492949,0.59927385248995,-0.306491443513552,0.494348419171581,-0.352809562475741,-0.27306528226547,-0.304123007820937,0.870190034570406,0.0626825728933241,-0.34624660933449,1.5872308371611,1.07837117671129,0.430444024136,-0.357686648808836,-0.358276622441246,0.818244779566616,0.566249035389264,-0.0191077493116704,-0.348335102624761,0.57938281490051,1.30131196366831,1.2509030586959,0.8764590752252,0.95658666495946,0.781699928368249,0.514876236219566,-0.351699636009036,-0.0733166054032425,-0.0949920784340792,0.349801918441421,0.645823140684923,0.300318551951227,-0.134970191683172,0.67365394388548,-0.327560489208768,0.28244175392209,0.0405681933501581,-0.250770173549376,-0.359253059897505,-0.371576281452254,-0.0453686971203384,-0.165442046649667,-0.334893185629525,-0.325534702501331,-0.349786739499925,-0.255595499789311,-0.255595499789311,0.129911874653406,-0.354047350024942,-0.302129357248267
"k__Bacteria|p__Firmicutes|c__Erysipelotrichi|o__Erysipelotrichales|f__Erysipelotrichaceae|g__Holdemania|s__unclassified",-0.177594229767336,-0.180313908103245,-0.351458495084956,-0.351458495084956,-0.355375349330655,-0.311216608516987,-0.349561937619713,-0.355525568442928,-0.350361254137875,-0.35681970895717,-0.331365902511947,-0.20159885074788,0.763456280357743,-0.34365991505858,-0.179888911771634,-0.307804154711102,-0.351330099278442,-0.195828459862,-0.337589162757449,-0.347018916796674,0.0684496410371178,0.0322058758996581,0.824420073137402,-0.0567881080107923,-0.0812286547283324,-0.336671901945682,-0.122956629985502,-0.130701561765438,-0.14441926860861,-0.35618744442008,-0.318155664787435,-0.307717923227852,-0.185949176883305,-0.357354462314865,-0.182915379539525,-0.25396472129649,-0.335943032935239,-0.212666191909347,-0.350919690425639,-0.198657444498781,-0.239893589005667,-0.18262838897939,-0.343314217996724,-0.342197880471567,-0.174034088628152,-0.418632479798375,-0.288157142808552,-0.345945670954519,-0.192123082034934,-0.111908189186654,-0.27991651993603,-0.269012914802343,-0.228514179739318,-0.256446353119078,-0.34418642014992,-0.313345604792636,-0.351996073620118,-0.355333025786026,0.797013400777841,-0.351409849881696,-0.329146961577329,-0.267724541017859,-0.357514561160159,-0.359366898756254,-0.194468154320203,-0.105150400777816,-0.0875150015662066,-0.103637900214359,0.821950741817608,0.746769120173471,-0.264517009578276,-0.344266777192772,-0.327290150719388,-0.282576851707108,-0.209243042217386,-0.263045968448129,-0.260915334689312,-0.0964400384001832,-0.125627583373522,-0.351823916863386,-0.19093635601653,-0.332637186033752,-0.351889968040456,-0.359339270216523,-0.354633140848136,-0.254798878318837,-0.245149504988087,0.642309841580982,-0.20565045778754,-0.357484841274792,-0.631617323622503,-0.264528319172188,-0.303889651739161,-0.372232690285866,-0.348936279131231,-0.306568295580426,-0.248985649809346,-0.306491443513552,-0.360587626393857,-0.352809562475741,-0.27306528226547,-0.304123007820937,-0.34015253378494,-0.291856337764583,-0.34624660933449,-0.263810231442435,-0.355561600062418,-0.35609764219835,-0.357686648808836,-0.358276622441246,-0.267888705944384,-0.356377244456695,-0.188962849247463,-0.348335102624761,0.580105567859839,-0.500550447861996,-0.315388828509139,-0.338458266062735,-0.331399986009218,-0.344604011789235,-0.401739392380505,-0.351699636009036,-0.227502275080003,-0.268399814232774,-0.35303076456692,-0.333492072025207,-0.259315931198627,-0.241013673085147,-0.348403927064411,-0.327560489208768,-0.165532366257927,-0.146174307289062,-0.177133075021587,-0.359253059897505,-0.177809695571024,-0.232915671060617,-0.197662918403779,-0.185350984539324,-0.325534702501331,-0.349786739499925,-0.255595499789311,-0.255595499789311,-0.101558779446277,0.633256325874545,-0.302129357248267
"k__Bacteria|p__Firmicutes|c__Clostridia|o__Clostridiales|f__Veillonellaceae|g__Veillonella|s__dispar",1.01644993002414,0.617293586062705,0.729072391156889,0.729072391156889,0.682328901580357,-0.311216608516987,0.573233236147889,-0.355525568442928,-0.350361254137875,-0.35681970895717,1.20423944174226,0.989591114785884,0.763456280357743,-0.34365991505858,0.0481042865786807,1.30033154696814,0.802369616195039,0.466219113366091,1.03474117407036,-0.347018916796674,2.29095811249271,1.62095756985405,0.806891455041139,0.857963022539431,0.361533265117766,1.35418061333653,1.01984708263454,0.472491802404779,0.454385964503665,-0.35618744442008,1.19490578638151,1.24321274514686,0.349729654605573,0.65537061871898,0.0365898786817078,-0.25396472129649,1.11915990859801,0.330328632358067,0.515245562589533,0.0190106798293154,0.902780293287229,0.574335868536919,-0.343314217996724,0.795314252881066,-0.136245880888702,1.31628400907022,1.87016299718035,1.48809958084922,0.866822513118013,0.623242498350251,1.82527083802217,0.76897340789403,0.322957014141479,0.231947241495236,-0.34418642014992,1.8118910801958,0.624642962776524,-0.355333025786026,-0.344454254857012,-0.351409849881696,1.36179069227647,0.698059503565128,0.482966231453622,0.460280199518851,-0.00522422427969096,1.67970799311356,1.18338669931104,0.543481049043635,-0.344664907277735,0.751465105580098,1.80525120423113,-0.344266777192772,-0.327290150719388,0.0716435195222861,-0.10016442556252,1.8424302382162,1.59580829049075,0.662028507820678,0.612866980047777,-0.351823916863386,2.0371596431761,1.60087153399955,0.800060202110723,0.5565959056828,0.97925411455179,1.91974184074117,1.81589990525511,-0.35424852139678,0.578035512085906,0.546920155053494,0.369594199844152,-0.264528319172188,0.233261933516216,0.0737109875754709,0.847133246183965,1.232992736802,0.992903478461835,-0.306491443513552,0.634571722568896,0.529448139301042,-0.27306528226547,1.38796867678973,0.909442188228802,0.339297269640869,-0.34624660933449,1.6107923377741,0.855927210322537,0.491624527092066,0.686534464820007,0.554574799074067,1.2788016116134,0.717355659100869,0.349200310929621,-0.348335102624761,0.587842348876114,1.28501985812149,1.38925096195449,0.894792987946381,0.965504867159388,-0.344604011789235,0.62770212955451,0.856306632649517,0.169595375240957,0.0794379119178928,0.373066349313004,1.04971387824853,0.739481106335664,0.199208420893634,-0.348403927064411,-0.327560489208768,0.757918558401595,0.413935997065519,-0.0256920601497126,0.556573737523192,-0.252155307520197,0.226450957153888,0.0320140464562174,-0.225350978225473,-0.325534702501331,0.415132670721482,1.69553603035621,1.69553603035621,0.550941802558915,0.673114874434306,-0.302129357248267
"k__Bacteria|p__Firmicutes|c__Erysipelotrichi|o__Erysipelotrichales|f__Erysipelotrichaceae|g__[Eubacterium]|s__biforme",-0.362585273655435,-0.277432533116596,-0.351458495084956,-0.351458495084956,-0.355375349330655,-0.311216608516987,-0.349561937619713,-0.355525568442928,-0.350361254137875,-0.35681970895717,-0.331365902511947,-0.322291884172277,-0.345278261562139,-0.34365991505858,-0.192391148091129,-0.307804154711102,-0.351330099278442,-0.255981549589293,-0.337589162757449,0.725400779612157,-0.44974698822463,-0.367495740259324,-0.346214087279884,-0.267653498608578,-0.19857124985652,-0.336671901945682,-0.284983200768865,-0.21469561090565,-0.209499290161248,-0.35618744442008,-0.318155664787435,-0.307717923227852,-0.235598885310814,-0.357354462314865,-0.19319342153612,-0.25396472129649,-0.335943032935239,-0.225376665351868,0.546799129879325,-0.180127800411891,-0.30687882863543,-0.275934123261894,-0.343314217996724,-0.342197880471567,-0.138322905677417,-0.188348459583841,-0.288157142808552,-0.345945670954519,-0.245999170663603,-0.213609882273782,-0.27991651993603,-0.292578524465443,-0.23622326491824,-0.231458378051161,-0.34418642014992,-0.313345604792636,-0.351996073620118,0.472323937881629,-0.344454254857012,0.446641338964887,-0.329146961577329,-0.257565012556475,-0.357514561160159,-0.359366898756254,-0.167107783577036,-0.391898219105041,-0.324668977757153,-0.248813801918147,-0.344664907277735,-0.347962900055353,-0.264517009578276,-0.344266777192772,-0.327290150719388,-0.197264633959411,-0.15907335280305,-0.263045968448129,-0.260915334689312,-0.231869365677338,-0.213967646779623,-0.351823916863386,-0.419276982705472,-0.332637186033752,-0.351889968040456,-0.359339270216523,-0.354633140848136,-0.254798878318837,-0.245149504988087,-0.35424852139678,-0.25471777698481,0.549847906484487,-0.18432279982851,-0.264528319172188,-0.24883008698943,-0.204710816728043,-0.348936279131231,-0.306568295580426,-0.311525820112965,-0.306491443513552,-0.360587626393857,0.577791383529563,-0.27306528226547,-0.304123007820937,-0.34015253378494,-0.237754697527304,-0.34624660933449,-0.263810231442435,-0.355561600062418,-0.35609764219835,-0.357686648808836,-0.358276622441246,-0.348138280575941,-0.356377244456695,-0.252246273983768,-0.348335102624761,-0.358342629540304,-0.248019265003846,-0.315388828509139,-0.338458266062735,-0.331399986009218,-0.344604011789235,-0.238485517172739,-0.351699636009036,-0.211743785610192,-0.196142907173223,0.352152868649955,-0.355216465397514,-0.318135238672361,-0.236289562306526,-0.348403927064411,-0.327560489208768,-0.294353938945772,-0.237633456309652,-0.154157144198205,-0.359253059897505,-0.106747749349562,-0.192390500518481,-0.168733086485777,-0.113863454932982,-0.325534702501331,0.521162930011823,-0.255595499789311,-0.255595499789311,-0.236519394873419,-0.354047350024942,-0.302129357248267
"k__Bacteria|p__Firmicutes|c__Bacilli|o__Turicibacterales|f__Turicibacteraceae|g__Turicibacter|s__unclassified",-0.0562406915004863,-0.0534511131166253,-0.351458495084956,-0.351458495084956,-0.355375349330655,-0.311216608516987,-0.349561937619713,0.616425635715966,0.695863252803756,-0.35681970895717,-0.331365902511947,-0.097164127247381,-0.345278261562139,0.803889818383797,-0.0744372115750985,-0.307804154711102,0.841851654290622,-0.0678422916766686,0.986297347769275,-0.347018916796674,0.161301358207196,0.127998345719373,0.792247162621425,0.0601113006512824,0.027250877459281,-0.336671901945682,-0.0426722216307132,-0.0227372437772789,-0.0432746329677233,0.683746343171864,-0.318155664787435,-0.307717923227852,-0.0797465275272022,-0.357354462314865,-0.08238287914166,-0.25396472129649,-0.335943032935239,-0.0796048030429615,-0.350919690425639,-0.0999271803966129,-0.141515546443067,-0.0869787392040529,-0.343314217996724,-0.342197880471567,-0.100868566029476,-0.496718606321432,-0.288157142808552,-0.345945670954519,-0.142740406145314,-0.0284342348664673,-0.27991651993603,-0.18520452493977,-0.122983681650924,-0.160230369173761,-0.34418642014992,-0.313345604792636,-0.351996073620118,-0.355333025786026,-0.344454254857012,-0.351409849881696,-0.329146961577329,-0.171292198780757,-0.357514561160159,-0.359366898756254,-0.0958960307280044,-0.0171224377502999,0.00974454820621137,-0.00670992954418144,-0.344664907277735,-0.347962900055353,-0.264517009578276,-0.344266777192772,-0.327290150719388,-0.16290780434685,-0.111920034895054,-0.263045968448129,-0.260915334689312,-0.00198715139905072,-0.0478309634705984,-0.351823916863386,-0.147812541001526,-0.332637186033752,0.735618785424079,0.608918112280834,0.624270171071803,-0.254798878318837,-0.245149504988087,-0.35424852139678,-0.0931411791605715,-0.357484841274792,-0.624989941998788,-0.264528319172188,-0.194500098886104,-0.274701184218762,-0.348936279131231,-0.306568295580426,-0.157902038710184,-0.306491443513552,0.485262504635329,-0.352809562475741,-0.27306528226547,-0.304123007820937,-0.34015253378494,-0.182379913571087,-0.34624660933449,-0.263810231442435,-0.355561600062418,0.492157728239426,0.642714160243011,-0.358276622441246,-0.163723408425195,-0.356377244456695,-0.058303961523061,-0.348335102624761,-0.358342629540304,-0.528654245527,-0.315388828509139,-0.338458266062735,-0.331399986009218,-0.344604011789235,-0.341854630183557,-0.351699636009036,-0.126070722563562,-0.163967151165338,0.353828741368645,-0.245156270222272,-0.144456633214714,-0.0923459524384774,0.670712451560303,-0.327560489208768,-0.0495409315599694,-0.0418808309976541,-0.0688196294914089,-0.359253059897505,-0.0760589221705773,-0.122062732691586,-0.104816831566856,-0.108065178956899,-0.325534702501331,-0.349786739499925,-0.255595499789311,-0.255595499789311,-0.00627043504728677,0.63217248814958,-0.302129357248267
"k__Bacteria|p__Firmicutes|c__Clostridia|o__Clostridiales|f__Veillonellaceae|g__Phascolarctobacterium|s__unclassified",-0.355216134321685,-0.273465799501336,-0.351458495084956,-0.351458495084956,-0.355375349330655,1.19148100610623,0.886550046821327,0.610568751664672,0.715521422174626,0.576921345361073,-0.331365902511947,-0.307864773040701,-0.345278261562139,-0.34365991505858,-0.0895144165437436,-0.307804154711102,-0.351330099278442,-0.197511019128058,-0.337589162757449,0.767312435751237,-0.731885385163739,-0.568112506388957,-0.346214087279884,-0.351704935807558,-0.200312885243001,-0.336671901945682,-0.312140844390077,-0.210213668408218,-0.181320865618486,-0.35618744442008,-0.318155664787435,-0.307717923227852,-0.151990222434333,-0.357354462314865,-0.087026220733435,-0.25396472129649,-0.335943032935239,-0.156865279020063,0.540910968056618,-0.0540676677012454,-0.265435338654366,-0.211185040422824,-0.343314217996724,-0.342197880471567,-0.0231392060656602,0.0621281323804915,-0.288157142808552,-0.345945670954519,-0.18800593056285,-0.227853306555706,-0.27991651993603,-0.192244180725759,-0.146731082049922,-0.0880649453001377,0.730447783930489,-0.313345604792636,-0.351996073620118,-0.355333025786026,-0.344454254857012,0.465163525767132,-0.329146961577329,-0.167255193211478,-0.357514561160159,-0.359366898756254,-0.0454914129981038,-0.466946373430262,-0.402489933680106,-0.245215182531564,-0.344664907277735,-0.347962900055353,-0.264517009578276,-0.344266777192772,-0.327290150719388,-0.046765893870416,-0.0370420550551555,-0.263045968448129,-0.260915334689312,-0.244820243782453,-0.19896082811829,-0.351823916863386,-0.46056375520786,-0.332637186033752,-0.351889968040456,-0.359339270216523,0.618117820718907,-0.254798878318837,-0.245149504988087,-0.35424852139678,-0.191048575514832,-0.357484841274792,0.238905039013944,-0.264528319172188,-0.0749028413956138,0.0318731897988199,-0.348936279131231,-0.306568295580426,-0.226464585255022,-0.306491443513552,0.485697044340467,0.574792128508852,-0.27306528226547,-0.304123007820937,-0.34015253378494,-0.103970012985547,-0.34624660933449,-0.263810231442435,-0.355561600062418,-0.35609764219835,-0.357686648808836,-0.358276622441246,-0.295661873420167,-0.356377244456695,-0.185485554201673,-0.348335102624761,-0.358342629540304,0.0250312988841399,-0.315388828509139,-0.338458266062735,0.942637107553408,-0.344604011789235,-0.0118707080885766,-0.351699636009036,-0.079925905409938,-0.0234854614352265,0.537766482194368,-0.226010049821544,-0.230353007387464,-0.144886953653059,-0.348403927064411,-0.327560489208768,-0.28569335934846,-0.192861540242169,-0.0758910959992613,-0.359253059897505,-0.00150817232806,-0.0964804687900158,-0.0538746927537345,0.0101761304262463,-0.325534702501331,-0.349786739499925,-0.255595499789311,-0.255595499789311,-0.236296075813016,-0.354047350024942,-0.302129357248267
"k__Bacteria|p__Firmicutes|c__Clostridia|o__Clostridiales|f__Ruminococcaceae|g__unclassified|s__unclassified",0.497282944034842,0.712292673734844,0.827037204857196,0.827037204857196,0.799692658499723,-0.311216608516987,0.610555375673419,0.612524860279689,0.705666738920984,0.576624647078228,-0.331365902511947,0.329710394149889,0.770254531448235,0.812270177676655,0.812123614167203,-0.307804154711102,-0.351330099278442,0.676288599812656,0.99405329574209,0.883750865518256,-0.281468151385809,0.127787828033884,0.839591835475522,0.482557091859751,0.624840510925695,-0.336671901945682,0.176605497471859,0.56002490597849,0.525140502912025,1.01927286415412,-0.318155664787435,-0.307717923227852,0.634230538693973,0.983646700270582,0.743016718936751,-0.25396472129649,-0.335943032935239,0.67572020375643,0.550138572936985,0.757087146523934,0.256962505449176,0.549517252444424,1.08623359174769,0.932539258167383,0.801536597858162,-1.57865287335884,-0.288157142808552,-0.345945670954519,-0.0841385979598356,0.327388156147065,-0.27991651993603,0.237326330220984,0.708632138821154,0.643208759443672,0.715212534588015,-0.313345604792636,0.660704525519955,0.629992714815615,0.81234447674231,0.568579429507839,-0.329146961577329,0.229954913947655,0.526357364760235,1.02465291322581,0.754627835032669,-0.112809330797606,0.275846067326549,0.657852911019591,0.919580132361072,0.80713115438031,-0.264517009578276,0.819238076350021,1.09113761892941,0.700342041268281,0.794555929713821,-0.263045968448129,-0.260915334689312,0.334113157591661,0.26895510242582,1.02476500395898,-0.642185483516106,-0.332637186033752,0.839659832858953,0.755056675977058,0.910267629577322,-0.254798878318837,-0.245149504988087,0.866321764893739,0.424399064321529,1.0906282088873,-0.482537970204031,-0.264528319172188,0.653494937713015,0.591007536775043,0.884220419335562,-0.306568295580426,0.123578434009324,1.26288867574742,0.569815697343808,0.568870694637694,-0.27306528226547,-0.304123007820937,0.871195937105783,0.619580505618823,1.01509178400701,-0.263810231442435,0.518223014177218,0.656299133312446,-0.357686648808836,0.824822185546439,-0.0245095593091851,-0.356377244456695,0.770396417506268,0.850343182158516,0.949876532105209,-1.18693524058503,-0.315388828509139,0.873563792510121,-0.331399986009218,0.854147720068489,-0.0936110665157331,0.666471859567185,0.683281691364362,0.649238692340519,0.702093983455642,0.147035882880206,0.528182027952711,0.887563492823192,0.763071870817453,1.07832023642315,0.548334341793376,0.702642444694671,0.819313588468709,0.700858582795148,0.785663475737299,0.61869976753951,0.686204912872861,0.752150420402323,0.945236661003143,0.599370053062762,-0.255595499789311,-0.255595499789311,0.562676750883638,0.649620440096957,-0.302129357248267
"k__Bacteria|p__Firmicutes|c__Clostridia|o__Clostridiales|f__Lachnospiraceae|g__Roseburia|s__unclassified",0.304049352883094,0.510681640802862,0.858925813262462,0.858925813262462,0.674204755234582,-0.311216608516987,0.569477014366259,0.609589260598106,0.829322752670424,0.771441735193469,-0.331365902511947,0.172871873759099,0.762698058351913,-0.34365991505858,0.677208368337113,-0.307804154711102,-0.351330099278442,0.497901527300141,-0.337589162757449,0.740571670873598,-0.509125992949379,-0.11119493024104,-0.346214087279884,0.289157815932387,0.443658519541806,-0.336671901945682,0.034298356078043,0.39461644132471,0.371726431117855,0.668626241070016,-0.318155664787435,-0.307717923227852,0.500134743542688,0.793234401038986,0.602179240936112,-0.25396472129649,-0.335943032935239,0.508746520210161,0.563453071802557,0.622204832161327,0.12614597979316,0.381264900556606,1.07287484858268,0.794637246678422,0.675887916484101,-1.32690508412506,-0.288157142808552,-0.345945670954519,-0.148848610420413,0.18952863643615,-0.27991651993603,0.14816369235247,0.543847098117706,0.536283973943555,0.726118488877321,-0.313345604792636,-0.351996073620118,0.499002484500693,-0.344454254857012,0.394046202558731,-0.329146961577329,0.154191371531008,0.625547949629111,0.746260367127729,0.615207850403609,-0.280325420723967,0.0790725384550148,0.45843669717114,1.03616855770574,1.37085267027149,-0.264517009578276,-0.344266777192772,0.970791202699782,0.588551927445474,0.684798703443371,-0.263045968448129,-0.260915334689312,0.183265932008272,0.152349915230473,0.693384473301675,-0.73836419357564,-0.332637186033752,0.772830712576419,0.605140987370933,-0.354633140848136,-0.254798878318837,-0.245149504988087,0.719131076856259,0.275839320429885,0.651896706320788,-0.326964749855661,-0.264528319172188,0.537286498486618,0.507357651910575,1.30627234661867,-0.306568295580426,0.0155577655087036,-0.306491443513552,0.527807889858981,0.540764043141993,-0.27306528226547,-0.304123007820937,1.17385491271755,0.474545953880863,1.020290910018,-0.263810231442435,0.518111972687247,0.540634899398023,0.586672675854692,0.570520313575597,-0.129792022341034,0.754447569074214,0.595988855166836,0.85599129180671,0.902080425581661,-0.992838366065583,-0.315388828509139,-0.338458266062735,-0.331399986009218,0.780077676028759,-0.10451976329472,0.691248349253886,0.542365729585419,0.537890804888461,0.382548127874674,0.0502996538269478,0.361693307453552,0.717875611006484,0.785544595488879,1.3801570911341,0.360750072045636,0.520123695158882,0.680089514442143,0.673494206223674,0.673773305195118,0.502835267655388,0.562926487517516,0.637630721158265,0.930584526208094,0.485968681889132,-0.255595499789311,-0.255595499789311,0.394421277603764,0.697086751135739,-0.302129357248267
"k__Bacteria|p__Firmicutes|c__Clostridia|o__Coriobacteriales|f__Coriobacteriaceae|g__unclassified|s__unclassified",-0.222196944544957,-0.229672462726113,-0.351458495084956,-0.351458495084956,-0.355375349330655,1.26241996085096,0.560838010602437,0.632410620615962,-0.350361254137875,0.628707547507326,-0.331365902511947,-0.127084057111647,-0.345278261562139,-0.34365991505858,-0.156076442375197,1.30629178180004,0.806617643270987,-0.178989856191888,1.02604928622265,-0.347018916796674,-0.453970331797678,-0.449757619652455,-0.346214087279884,-0.347670006689414,-0.281890262277585,-0.336671901945682,-0.160579554660486,-0.201656570870631,-0.154033705752838,0.700625237768951,-0.318155664787435,-0.307717923227852,-0.141453986842678,-0.357354462314865,-0.108164696643676,-0.25396472129649,-0.335943032935239,-0.124282291160307,-0.350919690425639,-0.108552419562693,-0.0409500634887297,-0.128593348984248,-0.343314217996724,-0.342197880471567,-0.109356827144949,0.911931112088222,1.40419517698422,0.875125248030431,0.0894700114873658,-0.152230913649006,1.46444520381473,0.042220104925111,-0.120909242633299,-0.0274945721718961,-0.34418642014992,-0.313345604792636,0.616043004320533,0.446236500490627,-0.344454254857012,0.346624929882783,1.05312359509797,0.0317885696570415,0.45776501497078,0.453599046165074,-0.101414034435438,-0.186516807395947,-0.278165517060755,-0.261599279708628,-0.344664907277735,-0.347962900055353,-0.264517009578276,-0.344266777192772,-0.327290150719388,0.00609002280276826,-0.0726391190258666,-0.263045968448129,-0.260915334689312,-0.176432437134847,-0.0998076913647606,-0.351823916863386,0.0671521115579433,-0.332637186033752,-0.351889968040456,-0.359339270216523,-0.354633140848136,-0.254798878318837,-0.245149504988087,0.637498111438579,-0.0763969542207038,0.551673407834008,0.886988564230457,-0.264528319172188,0.0272230973313177,0.164205123001195,-0.348936279131231,1.36535319274908,0.0419981299834069,-0.306491443513552,-0.360587626393857,-0.352809562475741,-0.27306528226547,-0.304123007820937,-0.34015253378494,0.00111431505439866,-0.34624660933449,-0.263810231442435,-0.355561600062418,-0.35609764219835,-0.357686648808836,-0.358276622441246,0.0451864995619277,-0.356377244456695,-0.207204723734085,-0.348335102624761,-0.358342629540304,0.862232972366846,-0.315388828509139,-0.338458266062735,0.974026646266149,-0.344604011789235,0.40159864929051,0.698413969195976,-0.0589032836377861,0.038264997105895,0.350474182666568,0.0909975802942817,-0.0731300183391584,-0.153025844870223,-0.348403927064411,-0.327560489208768,-0.216265245556938,-0.217012018780543,-0.162288884087402,-0.359253059897505,-0.0953667250885799,-0.0693906238909735,-0.0831656848979284,-0.0647998120505618,-0.325534702501331,0.419057379589609,-0.255595499789311,-0.255595499789311,-0.249738456976176,-0.354047350024942,-0.302129357248267
"k__Bacteria|p__Firmicutes|c__Clostridia|o__Coriobacteriales|f__Coriobacteriaceae|g__Eggerthella|s__lenta",-0.0785517760283056,-0.103429608261036,-0.351458495084956,-0.351458495084956,-0.355375349330655,-0.311216608516987,-0.349561937619713,0.624396426608272,-0.350361254137875,0.644913120495756,1.00165570445879,-0.0814047175085467,-0.345278261562139,-0.34365991505858,-0.156784303878972,-0.307804154711102,-0.351330099278442,-0.123645508573762,-0.337589162757449,-0.347018916796674,0.21905687282092,0.12320839312687,-0.346214087279884,0.0158126120974406,-0.0516644464568196,0.945903289831611,-0.012316360394387,-0.0693114607693342,-0.0931528760251149,0.676327697102544,-0.318155664787435,-0.307717923227852,-0.14840733378956,-0.357354462314865,-0.149663344334863,-0.25396472129649,-0.335943032935239,-0.1282862756326,-0.350919690425639,-0.152592313135157,-0.090795936617453,-0.11096726697702,0.863367146460335,-0.342197880471567,-0.165182800024406,-0.158753650905823,-0.288157142808552,-0.345945670954519,-0.0777724347608969,-0.0480709969697774,-0.27991651993603,-0.150599574721783,-0.153408776222972,-0.190714669094037,-0.34418642014992,-0.313345604792636,-0.351996073620118,-0.355333025786026,0.796608536303957,-0.351409849881696,-0.329146961577329,-0.127893133764449,-0.357514561160159,-0.359366898756254,-0.150901483161977,0.0480165702942752,0.0168424917406176,-0.0804593052227468,-0.344664907277735,0.748973109366112,-0.264517009578276,-0.344266777192772,-0.327290150719388,-0.223286095018084,-0.185185875751327,-0.263045968448129,-0.260915334689312,-0.0317971781314751,-0.0671527243281892,-0.351823916863386,0.0188833961304709,0.998383380020482,-0.351889968040456,-0.359339270216523,-0.354633140848136,-0.254798878318837,-0.245149504988087,-0.35424852139678,-0.113119444793511,-0.357484841274792,-0.422531829289503,-0.264528319172188,-0.21243016939722,-0.265701982736188,-0.348936279131231,-0.306568295580426,-0.122682162413615,1.28292632901957,0.485697044340467,-0.352809562475741,-0.27306528226547,1.23576127511668,0.873761989315407,-0.193411601350052,-0.34624660933449,-0.263810231442435,0.502668761353705,-0.35609764219835,-0.357686648808836,-0.358276622441246,-0.0982246275457696,-0.356377244456695,-0.136033181795385,-0.348335102624761,-0.358342629540304,-0.24838805463071,-0.315388828509139,-0.338458266062735,-0.331399986009218,-0.344604011789235,-0.256560142205617,-0.351699636009036,-0.181382677211464,-0.213789996817798,-0.35303076456692,-0.175504459354151,-0.153150830422739,-0.170593927367089,-0.348403927064411,-0.327560489208768,-0.0679361516219457,-0.099146669509288,-0.134846709584185,-0.359253059897505,-0.16311122883536,-0.156511310598319,-0.158928205697205,-0.164390156192703,-0.325534702501331,-0.349786739499925,-0.255595499789311,-0.255595499789311,-0.056450459972398,-0.354047350024942,-0.302129357248267
"k__Bacteria|p__Firmicutes|c__Clostridia|o__Clostridiales|f__Ruminococcaceae|g__Faecalibacterium|s__prausnitzii",0.456621741916607,0.596442959361806,0.79677354721629,0.79677354721629,0.709719076690794,1.20958207991651,0.763372703053828,0.646676279260992,0.770825388838735,0.645651926552514,-0.331365902511947,0.308246811104391,-0.345278261562139,0.94794301518735,0.68991998745784,-0.307804154711102,0.821512285382313,0.566993657967587,-0.337589162757449,0.83388561330039,-0.193075083402565,0.116959762250554,0.798182095742,0.395908768749434,0.501925937889533,-0.336671901945682,0.189006447861253,0.470858486455286,0.438485442059234,0.683746343171864,-0.318155664787435,-0.307717923227852,0.54930366750259,0.773720605489727,0.631131901151855,-0.25396472129649,0.903158030222391,0.561462039576976,0.565130123269042,0.644069110161258,0.284308999006997,0.468534887776563,0.92088858619531,0.816298223309905,0.667940629661577,-1.16742057812132,-0.288157142808552,1.53082748765436,-0.0246211343990261,0.292444795724878,-0.27991651993603,0.262898492091168,0.586377015161303,0.570894982783429,0.750759792775427,-0.313345604792636,0.637549083270714,0.519300561614819,0.793837566687049,0.439320143207183,-0.329146961577329,0.247509840974054,1.08053449000967,0.501670003453639,0.635199675516873,-0.0446434352091576,0.254681377134385,0.536150814019877,-0.344664907277735,-0.347962900055353,-0.264517009578276,0.810724909244636,-0.327290150719388,0.597898150428553,0.671392265821397,-0.263045968448129,-0.260915334689312,0.27969473691417,0.239321890321016,0.737587110953452,-0.450355609086198,-0.332637186033752,0.73432546218737,0.649866017732035,0.763651298289312,-0.254798878318837,-0.245149504988087,0.720839319063856,0.385676208334309,0.760009620975667,-0.277226107980267,-0.264528319172188,0.588140972863777,0.529993215064062,0.876420927233735,-0.306568295580426,0.149205914649109,-0.306491443513552,0.515444128659012,0.543866952466813,-0.27306528226547,-0.304123007820937,0.866043993929167,0.527227023457582,0.849647283894303,-0.263810231442435,0.499732280759112,0.515246789581759,0.93124559387608,0.923639693454996,0.0528353490784062,0.658751743940462,0.652001417488192,0.948636501053784,0.595341855397123,-0.839412899683159,-0.315388828509139,0.869884359438339,-0.331399986009218,0.809028631575217,-0.00733337171407317,-0.351699636009036,0.566524627193076,0.540874915771354,0.831211984137747,0.195096230294518,0.465761109065325,0.75990974805307,0.793192002753731,1.05308696385239,0.477697321982799,0.60201450406792,0.694640875394288,1.05444969992417,0.641403234036893,0.534930350193573,0.56767277332325,0.625629722021748,1.00252440091916,0.488408038024946,-0.255595499789311,-0.255595499789311,0.474950063329854,0.662570173460221,-0.302129357248267
"k__Bacteria|p__Firmicutes|c__Clostridia|o__Coriobacteriales|f__unclassified|g__unclassified|s__unclassified",0.551944804806786,0.724008334147586,0.847562706778372,0.847562706778372,0.769875561166194,-0.311216608516987,0.564626761309343,0.635704485151387,0.725859534094031,0.647865075351318,-0.331365902511947,0.373334485108077,0.774761158172507,0.791937868879161,0.779988295453294,-0.307804154711102,0.797675848676851,0.666726037570906,-0.337589162757449,0.747054970584604,-0.0638970908514937,0.260718040855001,0.867182897578155,0.518946619101898,0.625941291263404,-0.336671901945682,0.251804413222281,0.552291557160257,0.511449038081064,0.70852214325024,-0.318155664787435,1.23457601829896,0.642720973181534,0.728634254233753,0.701473670101274,-0.25396472129649,0.900783135128302,0.63564768983638,0.502839439831354,0.710697549157326,0.315660055375315,0.540740350981954,0.892458374804096,0.82158600694893,0.741609710090308,-1.43811757195142,-0.288157142808552,-0.345945670954519,-0.0214683217994756,0.341700473781804,-0.27991651993603,0.287577623757836,0.675391097628267,0.623485957923401,0.725033230199725,-0.313345604792636,0.64837919424854,0.477094701097739,0.815197209904926,0.515866897555571,-0.329146961577329,0.262785896920212,0.517900734361434,0.617187289061228,0.69489813865942,0.022919419104807,0.357660765031266,0.657661861350439,0.882399581548972,0.815817457062779,-0.264517009578276,0.80815676222758,0.973142194664939,0.645814957498004,0.739584796117081,-0.263045968448129,-0.260915334689312,0.36532654562937,0.296093500022925,0.737587110953452,-0.456818517871471,-0.332637186033752,0.80569945246283,0.578462934372336,0.635296570878551,-0.254798878318837,-0.245149504988087,0.696042041949219,0.432427778940621,0.643945627866797,-0.487890772029352,-0.264528319172188,0.614897653886981,0.530606389388196,0.845575097587866,-0.306568295580426,0.167109539052238,1.2958493518917,0.812435705954755,0.609802815080577,-0.27306528226547,-0.304123007820937,0.901237181994067,0.577293023879986,0.854472436421514,-0.263810231442435,0.504471549724571,0.570515543695924,0.620062235011627,0.639698749573742,0.0711602344032248,0.570011928428918,0.751211234903436,0.832865887468203,0.634758266385544,-1.07544920053715,-0.315388828509139,0.871047748910544,-0.331399986009218,0.805869167889766,-0.0667879072799716,0.665260838182304,0.638896074520219,0.586168834345232,0.455934799020001,0.21159489861124,0.542456559667127,0.86228555997243,0.728600400737415,1.07778831747503,0.586956889478497,0.696308766448183,0.775055857772463,0.629359029673608,0.72450015143562,0.596770136971859,0.643384490528131,0.671786594147854,0.939767237958824,0.527040306037339,-0.255595499789311,-0.255595499789311,0.568171501893525,0.675034734234275,-0.302129357248267
"k__Bacteria|p__Firmicutes|c__Clostridia|o__Clostridiales|f__Ruminococcaceae|g__Ruminococcus|s__unclassified",0.511138063996019,0.676628995170405,0.90312943810713,0.90312943810713,0.746577724135955,1.16917021122146,0.564626761309343,0.745120162557601,-0.350361254137875,0.580918180040855,-0.331365902511947,0.341460043815248,0.820177733647941,0.81521126325404,0.788494873460981,-0.307804154711102,0.802114159804852,0.653602272115011,-0.337589162757449,1.01768507883841,-0.217012970481928,0.161776222481396,0.787404376036247,0.465560860658538,0.607607248257587,-0.336671901945682,0.215529472661486,0.549497222429242,0.497902641648588,1.1004386941748,-0.318155664787435,1.23571296268071,0.631086363376226,0.825354952725827,0.722580453620859,-0.25396472129649,-0.335943032935239,0.657857328422479,0.493162721212734,0.740392949846679,0.28628846413664,0.525091297058795,0.938486871987118,0.860588861980266,0.767209335367779,-1.43579208795071,-0.288157142808552,-0.345945670954519,-0.0442552292501372,0.339707750391032,-0.27991651993603,0.278125877201987,0.686751233358659,0.642434008820364,0.768590449353957,-0.313345604792636,0.614504720658229,0.481204954996795,1.03495938994179,0.542054424805658,-0.329146961577329,0.263540554251557,0.553575688990095,0.569741387259707,0.718335902483241,-0.0564090787901682,0.29025841544153,0.641063094262035,0.920396914557094,0.867712246198491,-0.264517009578276,-0.344266777192772,0.982878932362153,0.667911640639199,0.779051044481379,-0.263045968448129,-0.260915334689312,0.323320269719488,0.27397242208722,0.85848929382496,-0.552630026498501,-0.332637186033752,0.81489544876531,0.824532899597959,0.671947148973065,-0.254798878318837,-0.245149504988087,0.861884854080469,0.405054237904958,0.829091844814799,-0.416030260910897,-0.264528319172188,0.638212728461276,0.580621794195909,0.996681596700256,-0.306568295580426,0.139393856715774,1.3438273812822,0.760503720791139,0.533234352828282,-0.27306528226547,-0.304123007820937,0.920881037627925,0.58587379779771,0.91292891222965,-0.263810231442435,0.527286711153455,0.731380059253999,0.584301034566713,0.598784125791494,0.0270957564037436,0.550960887722594,0.752556739454389,0.876756852532787,0.781616800590866,-1.05735818981728,-0.315388828509139,-0.338458266062735,-0.331399986009218,0.824773478398622,-0.0657448219390899,0.666581879732417,0.666228936997912,0.608900469863094,0.710334130923977,0.193422012878222,0.540264641354027,0.85619535502201,0.777227322191544,1.16032800449863,0.553585032782643,0.680807137921856,0.766560609772254,0.765136836488099,0.752636925222007,0.606624388132359,0.672064574778439,0.690844252571725,0.953513918151375,0.644490488344251,-0.255595499789311,-0.255595499789311,0.537565281927162,0.649702411229504,-0.302129357248267
"k__Bacteria|p__Firmicutes|c__Clostridia|o__Clostridiales|f__Clostridiaceae|g__unclassified|s__unclassified",-0.166888706423892,-0.160256832391228,-0.351458495084956,-0.351458495084956,-0.355375349330655,-0.311216608516987,0.571088551666707,-0.355525568442928,-0.350361254137875,-0.35681970895717,-0.331365902511947,-0.130488995197653,0.762698058351913,-0.34365991505858,-0.0993319971727556,-0.307804154711102,-0.351330099278442,-0.128018328451197,-0.337589162757449,-0.347018916796674,-0.245033742586233,-0.229630886668555,-0.346214087279884,-0.17704701584042,-0.132569930169438,-0.336671901945682,-0.136660099410159,-0.125352373092925,-0.116666238669225,-0.35618744442008,-0.318155664787435,1.23372246091145,-0.117837355685778,-0.357354462314865,-0.0934965463950295,-0.25396472129649,0.905696317396115,-0.097197265429225,0.475651708091036,-0.0899206386766183,-0.110343895096682,-0.119922949401928,0.867177907682775,-0.342197880471567,-0.0787360935055753,0.156233121245646,-0.288157142808552,-0.345945670954519,-0.051191324849466,-0.116109544763727,1.46043859935061,-0.0854956025373198,-0.111814616039553,-0.0940351836835,-0.34418642014992,-0.313345604792636,-0.351996073620118,-0.355333025786026,0.793905242745794,0.382702744364862,-0.329146961577329,-0.0770057254318854,-0.357514561160159,-0.359366898756254,-0.0846124767447313,-0.179876069243641,-0.174646770971878,-0.144795953555526,-0.344664907277735,-0.347962900055353,-0.264517009578276,-0.344266777192772,-0.327290150719388,-0.0699401779387537,-0.0737801017995099,-0.263045968448129,-0.260915334689312,-0.126259475400523,-0.113579282798804,-0.351823916863386,-0.123521878216849,-0.332637186033752,0.750797437146331,-0.359339270216523,0.615027392795741,-0.254798878318837,-0.245149504988087,-0.35424852139678,-0.101372620849473,0.604771138671689,0.139725037712487,-0.264528319172188,-0.0878053381035116,-0.0324318249791167,0.793889096008805,-0.306568295580426,-0.0924120326063802,-0.306491443513552,-0.360587626393857,-0.352809562475741,-0.27306528226547,1.23407368054245,-0.34015253378494,-0.07495817981213,-0.34624660933449,-0.263810231442435,-0.355561600062418,-0.35609764219835,-0.357686648808836,-0.358276622441246,-0.119628394441619,0.551240950487224,-0.130715822461667,-0.348335102624761,-0.358342629540304,0.124122357157014,1.20979094388338,-0.338458266062735,-0.331399986009218,-0.344604011789235,0.00988859746595198,-0.351699636009036,-0.0895551456444492,-0.0640906747801969,0.349801918441421,-0.0985188231902837,-0.125643228634106,-0.119193667179594,-0.348403927064411,-0.327560489208768,-0.159615553834948,-0.13184211829093,-0.0871792515247473,0.548888977586015,-0.0600092799647904,-0.0936672703846028,-0.0729028464701299,-0.0605032211946856,-0.325534702501331,-0.349786739499925,-0.255595499789311,-0.255595499789311,-0.146077651243612,-0.354047350024942,-0.302129357248267
"k__Bacteria|p__Firmicutes|c__Clostridia|o__Clostridiales|f__Ruminococcaceae|g__Faecalibacterium|s__unclassified",0.19923192177787,0.421933200680924,0.755870584312636,0.755870584312636,0.712463736796938,1.20896026468057,0.745499740605405,0.759563306033238,1.01618707274453,0.893446347907547,-0.331365902511947,0.116958063185049,-0.345278261562139,0.92627899532208,0.63936106818256,-0.307804154711102,0.854215377898897,0.435397102906808,-0.337589162757449,0.75016163139778,-0.742802677890479,-0.320965280330079,-0.346214087279884,0.137089698421247,0.342136164567451,-0.336671901945682,-0.039859361494777,0.317874611482521,0.307319703866234,0.747727969844109,-0.318155664787435,-0.307717923227852,0.469364584987339,0.880352959039683,0.583068944369335,-0.25396472129649,-0.335943032935239,0.477784379706688,0.50902629383369,0.600208114412825,0.118814096171449,0.342491860337802,0.900287580052532,0.895273645272098,0.674996619290392,-0.977691308440333,-0.288157142808552,-0.345945670954519,-0.108013310074007,0.14315192322259,-0.27991651993603,0.181434352408736,0.517703156714025,0.530868459122567,0.788149678514509,-0.313345604792636,0.724953907555482,0.496222773131036,-0.344454254857012,0.401293913001796,-0.329146961577329,0.167630898378617,0.919364430803392,0.510233672651137,0.588825467127921,-0.391286539102495,-0.0540534092157617,0.353494623655213,-0.344664907277735,-0.347962900055353,-0.264517009578276,0.807127653864608,-0.327290150719388,0.608966613228171,0.686197191473321,-0.263045968448129,-0.260915334689312,0.117983845958968,0.119704330503004,0.73351094595771,-0.723377293502206,-0.332637186033752,-0.351889968040456,0.69056342607278,0.635063228084318,-0.254798878318837,-0.245149504988087,0.716905990476791,0.256174359232201,0.685479507271487,0.0704648821169322,-0.264528319172188,0.563760464860535,0.595587921105408,1.15235614031747,-0.306568295580426,0.0268733792525265,1.22678326112977,0.529888375659628,0.577997897497093,-0.27306528226547,-0.304123007820937,-0.34015253378494,0.504371798754477,0.936526452573162,-0.263810231442435,0.522654593213156,0.503912586667315,1.06313591628449,1.03806173313845,-0.100731264328811,-0.356377244456695,0.535853360486497,0.970343812129655,0.5795635521186,-0.65308008645585,-0.315388828509139,-0.338458266062735,-0.331399986009218,0.850220109213308,0.0795728381476493,-0.351699636009036,0.531387141178329,0.568421942662043,0.814873191759116,0.100793405293849,0.352586617283427,0.676980869146066,0.73478309250398,1.04816657810224,0.277843179870978,0.438155883256662,0.627191726149425,0.708127603092822,0.651784525165852,0.476682651429186,0.545000860581504,0.649990102271813,0.949642483037662,0.474093840923356,-0.255595499789311,-0.255595499789311,0.291309837588308,0.781234696330312,-0.302129357248267
"k__Bacteria|p__Firmicutes|c__Clostridia|o__Clostridiales|f__Lachnospiraceae|g__Lachnospira|s__unclassified",0.300847180854,0.466875286357433,0.768318095252443,0.768318095252443,0.718761861701119,-0.311216608516987,0.699367736253398,-0.355525568442928,0.811997126068764,0.698293141203636,-0.331365902511947,0.178276764615632,0.852589201272727,0.889247054254923,0.565823526498304,-0.307804154711102,-0.351330099278442,0.424882388113672,-0.337589162757449,0.718159370582204,-0.258856903808498,0.0544399622364588,-0.346214087279884,0.306197731121449,0.409398377633198,-0.336671901945682,0.0917563401850467,0.351604820897213,0.315051211895644,-0.35618744442008,-0.318155664787435,-0.307717923227852,0.421671793594937,0.854798508044972,0.50244422330369,-0.25396472129649,-0.335943032935239,0.440485029223542,0.580494454170674,0.503991234100664,0.155482634802568,0.351520218475277,-0.343314217996724,0.824000261419995,0.545430512823396,-1.17408162983618,-0.288157142808552,1.17626847684633,-0.0790077741865656,0.195387987469473,-0.27991651993603,0.126180891184182,0.457372871664551,0.436278052425819,0.710816630346506,-0.313345604792636,-0.351996073620118,0.444535939379122,-0.344454254857012,0.355803016710755,-0.329146961577329,0.119920392082897,0.514099000690568,-0.359366898756254,0.493864081452158,-0.131499289793498,0.156333425139965,0.442659687403333,1.00565024839172,0.785291774130669,-0.264517009578276,0.818220314681027,0.974706457599482,0.461830582220843,0.552002018390286,-0.263045968448129,-0.260915334689312,0.196671715768905,0.151946728175325,0.68118510857242,-0.523348719958868,-0.332637186033752,1.16490900548911,0.689958995110624,0.610014899476879,-0.254798878318837,-0.245149504988087,0.644154359532145,0.251339119113246,0.559304329915823,-0.394778265931656,-0.264528319172188,0.420648559617841,0.378124750810453,0.81196357686144,-0.306568295580426,0.0322398874449376,-0.306491443513552,0.489166580982792,0.526626214342069,-0.27306528226547,-0.304123007820937,1.00063188206377,0.397789919195741,0.919521274466253,-0.263810231442435,-0.355561600062418,0.531405254954077,0.700724661665385,0.686755637753058,-0.0540170035310715,0.582936021060647,0.515146048605774,0.850232115396869,0.677443322416901,-0.898580441060292,-0.315388828509139,-0.338458266062735,-0.331399986009218,0.846557508046209,-0.125130600297665,0.892499593015693,0.433214071911873,0.420023171555039,0.508074103961119,0.0482413670500616,0.33250406000287,0.597101390393171,0.695775138176693,-0.327560489208768,0.351493154236059,0.458812410381551,0.547878230963243,0.830830988828724,0.540795956625594,0.412735052231335,0.466411829380075,0.495096476818118,0.960956458434179,0.376832011903574,-0.255595499789311,-0.255595499789311,0.365555353993713,0.751845302241295,-0.302129357248267
"k__Bacteria|p__Firmicutes|c__Clostridia|o__unclassified|f__unclassified|g__unclassified|s__unclassified",0.661648885243253,0.758433042415981,0.779253956693641,0.779253956693641,0.732607164654075,-0.311216608516987,0.627946434067171,0.995558457643318,0.785534866114058,0.762652199985078,1.00861055759926,0.503875541912829,0.810101175152146,0.794939275014949,0.756523937088999,-0.307804154711102,0.798188967972294,0.708791234935182,0.98343836023224,0.749922999840162,0.167343752500196,0.411419627749226,0.989175988430136,0.581033674709576,0.624150431689024,-0.336671901945682,0.373965659822241,0.590374558689035,0.556468443781684,0.872958552499805,-0.318155664787435,-0.307717923227852,0.666395992501949,0.713098575562215,0.689793998894312,-0.25396472129649,0.90332744996019,0.676857376221452,0.505261849310521,0.693883673105164,0.445938847670655,0.620489431967847,1.07909440145999,0.805414727199587,0.697834674697057,-0.964259158812652,-0.288157142808552,-0.345945670954519,0.138395013213882,0.405249848408136,-0.27991651993603,0.428073215681594,0.704362782216593,0.656503483863264,0.722859173081467,-0.313345604792636,0.665940658225461,0.527688740619246,0.845409067711723,0.449563585357129,-0.329146961577329,0.397623558440746,0.632661617358109,0.787780761291805,0.663822919427686,0.259288810455808,0.478950861300576,0.685754919032731,0.863421784659779,0.790374130537651,-0.264517009578276,0.840209218486309,0.97860644304264,0.665553622823174,0.725533310530388,-0.263045968448129,-0.260915334689312,0.417220829364937,0.380719127640372,0.697627172805311,-0.105977827938482,1.00097264895323,0.944433671367558,0.684958450445554,0.621435327436071,1.68101228329223,-0.245149504988087,0.718104729090847,0.509022414372745,0.619705888129923,-0.189422657220591,-0.264528319172188,0.675441983671106,0.605724874428776,0.881886952422287,-0.306568295580426,0.340546561304906,1.25600695222296,0.625546681456008,0.579751546437995,1.53833412596415,-0.304123007820937,1.09924962090214,0.652573803947916,0.871734491611366,-0.263810231442435,0.511650377465043,0.461901752412265,0.603118516796513,0.617269035779907,0.286621806777369,0.735685558969653,0.768193925790882,0.823897312940622,0.697720113522307,-0.630511832033746,-0.315388828509139,0.886431647557864,-0.331399986009218,0.820224779481853,0.130761792630776,0.674362533825241,0.668763796108963,0.62441169897713,0.462865625501052,0.407958296546775,0.646888722498779,0.864313943216497,0.711343823470326,1.06732053800099,0.658725453128622,0.694732679151729,0.740687745747832,0.626219615063911,0.666670567642854,0.615098667694372,0.64261798467552,0.632707602406375,0.9363663520018,0.438453146011477,-0.255595499789311,-0.255595499789311,0.595553101109152,0.693405789408484,-0.302129357248267
"k__Bacteria|p__Firmicutes|c__Clostridia|o__Clostridiales|f__Lachnospiraceae|g__Anaerostipes|s__unclassified",-0.218836456738645,-0.128815210534731,-0.351458495084956,-0.351458495084956,-0.355375349330655,-0.311216608516987,-0.349561937619713,-0.355525568442928,-0.350361254137875,-0.35681970895717,-0.331365902511947,-0.22426104325681,0.7710070477099,0.797433583655238,-0.0530367443531858,-0.307804154711102,-0.351330099278442,-0.12536717344548,-0.337589162757449,-0.347018916796674,-0.367120184942211,-0.237394956428119,-0.346214087279884,-0.137209991248205,-0.055343104338141,-0.336671901945682,-0.204130732449823,-0.108503553963301,-0.103576711768351,0.664753156088306,-0.318155664787435,-0.307717923227852,-0.0999040360521143,-0.357354462314865,-0.0523198662131072,-0.25396472129649,-0.335943032935239,-0.110949729563097,-0.350919690425639,-0.0595548949496848,-0.232201488815129,-0.14831534190949,-0.343314217996724,-0.342197880471567,-0.0205595288302532,-0.451002064438001,-0.288157142808552,-0.345945670954519,-0.198238640596973,-0.128850897627014,-0.27991651993603,-0.210105905935269,-0.112510607209104,-0.117687763450799,0.707506974170347,-0.313345604792636,-0.351996073620118,-0.355333025786026,-0.344454254857012,0.343094703723841,-0.329146961577329,-0.209590356430473,-0.357514561160159,-0.359366898756254,-0.0531431252189176,-0.320828107908197,-0.207298176064358,-0.107839773672957,-0.344664907277735,-0.347962900055353,-0.264517009578276,-0.344266777192772,-0.327290150719388,-0.0989048512590533,-0.0294492292386492,-0.263045968448129,-0.260915334689312,-0.1238391947809,-0.127830214095101,0.680228229052189,-0.43226184671447,-0.332637186033752,-0.351889968040456,-0.359339270216523,0.62190835980605,-0.254798878318837,-0.245149504988087,-0.35424852139678,-0.143486553423039,-0.357484841274792,-0.334255260188669,-0.264528319172188,-0.149633293853977,-0.130650400244628,0.794094334897671,-0.306568295580426,-0.251610705644639,-0.306491443513552,0.481124932430441,-0.352809562475741,-0.27306528226547,-0.304123007820937,-0.34015253378494,-0.146314894893296,0.820627372288266,-0.263810231442435,-0.355561600062418,0.442637039482053,-0.357686648808836,0.564721950932399,-0.307467745433507,-0.356377244456695,-0.0989256620795851,0.762645960173086,-0.358342629540304,-0.451656212754647,-0.315388828509139,-0.338458266062735,-0.331399986009218,-0.344604011789235,-0.271107893010177,-0.351699636009036,-0.101301068436342,-0.11262406747836,0.353158729269405,-0.288964103609555,-0.206564901361038,-0.0820862467617861,-0.348403927064411,-0.327560489208768,-0.176094045365148,-0.0966222826729756,-0.0296539185677599,-0.359253059897505,0.00978032462154958,-0.0952466458370144,-0.0572303937090396,-0.00401358513823824,-0.325534702501331,0.346878155850744,-0.255595499789311,-0.255595499789311,-0.104701530337806,-0.354047350024942,-0.302129357248267
"k__Bacteria|p__Firmicutes|c__Clostridia|o__Clostridiales|f__Lachnospiraceae|g__Lachnobacterium|s__unclassified",-0.137150084139086,-0.0550703599005377,-0.351458495084956,-0.351458495084956,0.693517203566438,-0.311216608516987,-0.349561937619713,-0.355525568442928,-0.350361254137875,-0.35681970895717,-0.331365902511947,-0.157271154172418,-0.345278261562139,0.809320416593224,0.0139604931789183,-0.307804154711102,-0.351330099278442,-0.0500426570014735,-0.337589162757449,-0.347018916796674,-0.254828508173324,-0.156106718339903,-0.346214087279884,-0.0453785090347623,0.0131830033444155,-0.336671901945682,-0.146199811053296,-0.042181640786038,-0.0485087969188843,-0.35618744442008,-0.318155664787435,-0.307717923227852,-0.0371370914573091,0.728196653353309,0.00879922453506331,-0.25396472129649,-0.335943032935239,-0.0430300334570621,-0.350919690425639,0.00574180196847942,-0.175481257855026,-0.0738005308294528,-0.343314217996724,0.856565371421809,0.0389970335488187,-0.531659448779525,-0.288157142808552,-0.345945670954519,-0.184175200577345,-0.0666612417190753,-0.27991651993603,-0.180114713892457,-0.0459793102463421,-0.0588295440997004,-0.34418642014992,-0.313345604792636,-0.351996073620118,0.444535939379122,-0.344454254857012,0.36910735109335,-0.329146961577329,-0.1638307625392,-0.357514561160159,0.456002547968927,0.0120028030636949,-0.238856099208419,-0.149572882124689,-0.0299622588218143,-0.344664907277735,-0.347962900055353,-0.264517009578276,-0.344266777192772,-0.327290150719388,-0.0403663855392576,0.0264618992465054,-0.263045968448129,-0.260915334689312,-0.0792510193487355,-0.0792976262175578,0.688490923566381,-0.386288186061668,-0.332637186033752,-0.351889968040456,0.988996187894291,0.634012511181091,-0.254798878318837,-0.245149504988087,0.660241069080574,-0.0957972154637645,-0.357484841274792,-0.38892715763896,-0.264528319172188,-0.0741259307835745,-0.096688592447647,0.875934809881688,-0.306568295580426,-0.200075404563665,-0.306491443513552,-0.360587626393857,-0.352809562475741,-0.27306528226547,-0.304123007820937,-0.34015253378494,-0.0840310609202546,0.824002630170789,-0.263810231442435,0.501653262826001,0.489586049022786,-0.357686648808836,-0.358276622441246,-0.257426943726481,-0.356377244456695,-0.0315928651935575,-0.348335102624761,-0.358342629540304,-0.509604777166109,-0.315388828509139,-0.338458266062735,-0.331399986009218,0.780352396104037,-0.26852079135986,-0.351699636009036,-0.0286665054938939,-0.0338690707811176,0.358839573836716,-0.235187022163779,-0.134267785356907,-0.0288549374754252,-0.348403927064411,-0.327560489208768,-0.0807172108524872,-0.0163662130410577,0.012340928133598,0.680343766788292,0.0481085466039326,-0.0649624449206841,0.000357499449614405,0.0369526301844835,-0.325534702501331,0.440585191449956,-0.255595499789311,-0.255595499789311,-0.0392784173630365,-0.354047350024942,-0.302129357248267
"k__Bacteria|p__Firmicutes|c__Clostridia|o__Clostridiales|f__Lachnospiraceae|g__[Ruminococcus]|s__unclassified",0.512916902623496,0.636081159741463,0.730500870070067,0.730500870070067,-0.355375349330655,-0.311216608516987,0.571625154160324,0.765543544679676,0.859809966017338,0.681646007400521,1.0191547032052,0.345778135157239,0.795527640965645,0.799424560694271,0.654036948145013,-0.307804154711102,0.798530901287933,0.606634080838637,0.983763657128772,0.722951935095876,0.105508367062613,0.36151900038545,0.839838645195763,0.525456739226769,0.571482151817282,-0.336671901945682,0.257989595378306,0.509661969322828,0.460367668692212,0.775900180740162,-0.318155664787435,1.23393591857056,0.552903255680492,0.682712945932916,0.585895078389121,-0.25396472129649,-0.335943032935239,0.561734962400747,0.491071744095357,0.592247987071799,0.270141905016117,0.471050285273677,0.911374646255067,0.796216215438056,0.601431847265525,-1.36888613043161,-0.288157142808552,-0.345945670954519,-0.0139050569644158,0.323002967619712,-0.27991651993603,0.212132426339797,0.585492257477096,0.503480791676175,0.709714628264733,-0.313345604792636,-0.351996073620118,0.444630490902628,0.796473545045528,0.449476477659298,-0.329146961577329,0.201822015396473,0.616584106703197,0.697029724840052,0.579136408851811,0.0995048876978607,0.361467678849198,0.598704546603696,0.845617763839518,0.767153197133605,-0.264517009578276,-0.344266777192772,-0.327290150719388,0.496713242724717,0.601515153489442,-0.263045968448129,-0.260915334689312,0.344701709107067,0.273696080752766,0.723170822434422,-0.358998637530947,-0.332637186033752,0.770753097182514,0.561764058466222,0.613120832945831,-0.254798878318837,-0.245149504988087,0.63433941543768,0.377659432371217,0.57350184183472,-0.633101711868422,-0.264528319172188,0.466453345158131,0.383669350877921,0.815011474587183,-0.306568295580426,0.145089931961353,1.23799252976204,0.587432689318417,0.552800734828246,-0.27306528226547,-0.304123007820937,0.910194537502564,0.477797247864799,0.846177875975544,-0.263810231442435,0.500749730923144,0.448526393735011,-0.357686648808836,0.652356832263327,0.0513691840642258,0.552080668477511,0.655563017518761,0.80629566784425,0.593917707419821,-1.05856012287259,-0.315388828509139,0.873563792510121,-0.331399986009218,0.789277085162819,-0.175072728211001,-0.351699636009036,0.5225762910632,0.468815785636692,0.370105354120306,0.155455788817487,0.459442605516168,0.731854216592807,0.682202872384666,1.03817349790859,0.525295245787087,0.605899701044174,0.64293509530607,0.589389642926666,0.595543581150775,0.488261429193247,0.525775587410809,0.552640102406253,0.931901516052727,0.380457393517995,-0.255595499789311,-0.255595499789311,0.517570487626169,0.640727772104545,-0.302129357248267
"k__Bacteria|p__Firmicutes|c__Clostridia|o__Clostridiales|f__Lachnospiraceae|g__Roseburia|s__faecis",-0.211415485509626,-0.127320876699669,0.724774670144338,0.724774670144338,0.65907969972655,-0.311216608516987,0.560295586789264,-0.355525568442928,0.702854360870605,0.561575952126528,-0.331365902511947,-0.213580545521585,-0.345278261562139,-0.34365991505858,-0.00853471816729935,-0.307804154711102,-0.351330099278442,-0.10059208323361,-0.337589162757449,-0.347018916796674,-0.440082620959367,-0.318459196683795,-0.346214087279884,-0.154610264914386,-0.0647558586101844,-0.336671901945682,-0.200811214953695,-0.0981903403305435,-0.103035964880734,-0.35618744442008,-0.318155664787435,-0.307717923227852,-0.0808878861827998,-0.357354462314865,-0.0189391309331605,-0.25396472129649,-0.335943032935239,-0.0751333184499311,0.478579406538374,-0.0140070516914057,-0.207607469433935,-0.125623211507232,-0.343314217996724,-0.342197880471567,0.023654596229493,-0.408280029866246,-0.288157142808552,-0.345945670954519,-0.208303646676078,-0.136243016055931,-0.27991651993603,-0.191494727168186,-0.0894379293941886,-0.0664140985234882,-0.34418642014992,-0.313345604792636,-0.351996073620118,-0.355333025786026,-0.344454254857012,-0.351409849881696,-0.329146961577329,-0.174649095221787,0.458915696363454,0.451964802299054,-0.0173251045770617,-0.35240094696774,-0.236860008317622,-0.0995590659416474,0.819771158382314,0.74838585371411,-0.264517009578276,-0.344266777192772,-0.327290150719388,-0.0463261936642457,0.0138935497225321,-0.263045968448129,-0.260915334689312,-0.133135576361711,-0.146470517524614,-0.351823916863386,-0.456449970276322,-0.332637186033752,-0.351889968040456,-0.359339270216523,-0.354633140848136,-0.254798878318837,-0.245149504988087,-0.35424852139678,-0.132114819788165,-0.357484841274792,-0.212558207985785,-0.264528319172188,-0.076398712684551,-0.0701617476226245,-0.348936279131231,-0.306568295580426,-0.241137304493746,-0.306491443513552,-0.360587626393857,-0.352809562475741,-0.27306528226547,-0.304123007820937,-0.34015253378494,-0.102623650724948,-0.34624660933449,-0.263810231442435,-0.355561600062418,0.433788833507231,-0.357686648808836,-0.358276622441246,-0.287245480119907,-0.356377244456695,-0.0780101154273337,-0.348335102624761,-0.358342629540304,-0.401333695786061,-0.315388828509139,-0.338458266062735,-0.331399986009218,0.781201054043629,-0.200394319801971,-0.351699636009036,-0.0616338059420988,-0.0380416820695641,0.357839414005605,-0.247815364265671,-0.174739578798162,-0.055271160225217,0.688455644286579,-0.327560489208768,-0.162555476815926,-0.0869337974279002,0.00944725195077262,0.548888977586015,0.0363890572155257,-0.0602563408293963,-0.0270625652616314,0.025703941917836,-0.325534702501331,-0.349786739499925,-0.255595499789311,-0.255595499789311,-0.10982689810021,0.631254476276163,-0.302129357248267
"k__Bacteria|p__Firmicutes|c__Clostridia|o__Coriobacteriales|f__Coriobacteriaceae|g__Collinsella|s__unclassified",-0.162331857850538,-0.113516485506982,0.751686743027225,0.751686743027225,0.659569612433922,1.31484611842421,0.609006250222151,0.768148695094187,0.700034051037514,-0.35681970895717,-0.331365902511947,-0.0224262353632922,-0.345278261562139,0.792438729238484,0.104226665728132,1.30948648522575,0.947832466444567,-0.00259684312921231,1.06584045177078,-0.347018916796674,-1.05803141420997,-0.861929098270619,-0.346214087279884,-0.468238514680672,-0.247252277449653,-0.336671901945682,-0.196857695695271,-0.144057534768979,-0.0295342510832531,0.918789351883993,1.29686898723915,-0.307717923227852,0.0689784935173723,0.675682600086382,0.142627165292024,1.84835730805035,-0.335943032935239,0.11439877647129,-0.350919690425639,0.179746433473917,0.142069470318161,0.037142426547624,1.06312243889484,-0.342197880471567,0.205282758119699,1.41747978098481,-0.288157142808552,0.913162807948016,0.203867441057575,-0.115074228061271,1.49625576563519,0.311530088408428,0.125401691394494,0.338902869405418,-0.34418642014992,-0.313345604792636,0.727968903320557,0.51903729388941,-0.344454254857012,0.393493591264495,1.28331034784364,0.309030276748055,0.548155908005137,0.523303988237561,0.179393704599605,-0.394285815992991,-0.390987357041507,-0.229177159355624,-0.344664907277735,-0.347962900055353,1.60908529885183,0.809527261347903,-0.327290150719388,0.431863300833492,0.271200086577942,-0.263045968448129,-0.260915334689312,-0.187690278630948,-0.0228397090826886,-0.351823916863386,-0.0375506901279984,-0.332637186033752,-0.351889968040456,-0.359339270216523,-0.354633140848136,-0.254798878318837,-0.245149504988087,0.673213120243424,0.0794229480177908,0.555132706213182,1.90542059588771,1.6025627411586,0.43599066058912,0.752053421624065,-0.348936279131231,-0.306568295580426,0.232837377844538,-0.306491443513552,0.811808802835535,-0.352809562475741,1.64082944960755,-0.304123007820937,-0.34015253378494,0.377221795385164,-0.34624660933449,-0.263810231442435,0.509300500671482,-0.35609764219835,-0.357686648808836,0.576684360257274,0.193676804834472,-0.356377244456695,-0.00106380580165348,-0.348335102624761,-0.358342629540304,1.50797952219524,-0.315388828509139,-0.338458266062735,1.01909888544482,-0.344604011789235,0.950267459417254,0.741893445037449,0.253855705327931,0.449773320546548,-0.35303076456692,0.425173171991637,0.172177118587401,0.149988610104971,-0.348403927064411,-0.327560489208768,-0.131416746114815,-0.0765353393992299,0.114118695329365,0.550162098408892,0.238336992353806,0.231739794214964,0.204241290203411,0.243038685887313,-0.325534702501331,0.387668963233763,-0.255595499789311,-0.255595499789311,-0.20948562305209,0.636085437077407,-0.302129357248267
"k__Bacteria|p__Firmicutes|c__Clostridia|o__Clostridiales|f__Ruminococcaceae|g__Oscillospira|s__unclassified",0.84891063998025,0.893320278434078,0.783324267586226,0.783324267586226,0.760045760995287,-0.311216608516987,0.667224154545063,0.695311817603339,0.718079490616719,0.624803325523293,-0.331365902511947,0.609342055314627,0.907226408903123,0.840344716993184,0.724079442183553,-0.307804154711102,0.80881950621597,0.757443238144279,-0.337589162757449,0.741534816054591,0.959433008724797,1.0329798888946,0.861966658235318,0.91583419669994,0.781917843083619,1.22705895150119,0.588039718594219,0.714719105404127,0.606299605955185,0.687100346680113,-0.318155664787435,1.35752166827642,0.670822085163771,0.666742454690628,0.606518376691435,-0.25396472129649,-0.335943032935239,0.65008665946044,0.488252829007455,0.621246982091781,0.486461056851854,0.649410014581496,1.10318942663091,0.824438591249002,0.580998135771332,-1.58401287450839,-0.288157142808552,-0.345945670954519,0.0996120003955614,0.539265189071953,-0.27991651993603,0.33395712245586,0.663196671515952,0.513027612089736,0.739050548143376,1.25672421400115,0.65099781548944,0.509867564170485,0.829209422456799,0.495818129807411,-0.329146961577329,0.308424053675723,0.464458733436916,0.480980194264396,0.595189933435139,0.635061045947297,0.806877594251959,0.848760148413458,0.896226012658232,0.809758788386629,-0.264517009578276,-0.344266777192772,0.975878051100437,0.451096595130432,0.546843142749981,-0.263045968448129,-0.260915334689312,0.601354005863876,0.446752114353093,1.31689198342932,0.106210136963578,1.0167509207097,0.781509865834203,0.603164635376322,0.631556536510339,-0.254798878318837,-0.245149504988087,0.711666078894964,0.532969552321661,1.02329788475038,-1.13526431361685,-0.264528319172188,0.47061016345458,0.205766218295875,0.915940571648892,-0.306568295580426,0.334610790357942,-0.306491443513552,0.543717081531573,0.591432515765622,-0.27306528226547,-0.304123007820937,0.885613895022373,0.473448329690722,0.850363592072712,-0.263810231442435,0.519554551189295,0.666527679732235,0.584301034566713,0.603301501976707,0.317856392208466,0.570836037539749,0.802950880452239,0.780311304959421,0.611750432290329,-1.30327868412647,-0.315388828509139,0.878192229700637,-0.331399986009218,0.895250555742394,-0.304731911328476,-0.351699636009036,0.550957215251113,0.409785793890597,0.665744033055083,0.290950153625042,0.638471742539442,0.791445784378793,0.674557280484959,1.04337921385461,0.807349567416794,0.763771806193945,0.675050562093765,0.589933213992829,0.514014729159216,0.520507778227081,0.537161203654717,0.474572754538377,0.940028366130714,0.409875649268534,1.69888120005135,1.69888120005135,0.779998727853159,0.674874886621997,-0.302129357248267
"k__Bacteria|p__Firmicutes|c__Clostridia|o__Clostridiales|f__Lachnospiraceae|g__[Ruminococcus]|s__gnavus",0.969362856687676,0.853772873903753,0.730500870070067,0.730500870070067,0.664942870509046,-0.311216608516987,0.604344422873193,-0.355525568442928,-0.350361254137875,-0.35681970895717,1.10233148123947,0.809785810591006,0.779993348002977,0.807842266713013,0.534633026536944,-0.307804154711102,0.809918622278031,0.708364655924384,0.987334956366944,0.718159370582204,1.45234471162115,1.28306816688195,1.06474736493416,0.934115319899241,0.67577977304502,1.01256922185085,0.767308741526548,0.66977202253188,0.595247554718109,0.661323226126235,-0.318155664787435,1.55461576282046,0.605938851920516,-0.357354462314865,0.468146300453232,-0.25396472129649,0.922289340348525,0.607810883718532,0.47784828510482,0.448706953520494,0.675734893443394,0.681687981696016,0.87385428916597,-0.342197880471567,0.38227555514672,-0.615295655110883,-0.288157142808552,0.913528654918326,0.398761255341321,0.61176373938504,-0.27991651993603,0.517041525401264,0.603009762579081,0.464343468609572,-0.34418642014992,1.23834360557855,0.620862262224142,0.455444716975823,0.852646067125723,0.369296136456754,1.04263075980295,0.4930841906406,0.577352276328862,0.546126486753329,0.434496639801885,1.02272496769398,0.97330237497427,0.791438324133318,-0.344664907277735,-0.347962900055353,-0.264517009578276,0.804206082343797,0.97000630884659,0.368612118712234,0.369851879326876,-0.263045968448129,-0.260915334689312,0.661792749716541,0.544511305644626,0.68277787587322,0.815651280893742,1.12153609968318,0.820847596779888,0.62372405053745,0.621317034372863,-0.254798878318837,-0.245149504988087,0.652595594071509,0.579488583832965,0.558398934393472,-0.591704663016751,1.60299130017425,0.446704183511708,0.220635235051456,-0.348936279131231,1.22619026492949,0.597367710205139,1.3439816348239,0.58664753981928,0.564170983896262,-0.27306528226547,1.24415679087706,0.883519581778666,0.481498717143027,0.827854887789101,1.63577502608462,0.501314534023573,0.486228073392473,0.733981450255826,0.643214392804417,0.692941575536408,0.682525144094787,0.71341039710848,0.769653279297295,0.597651778803363,-0.420331799020191,-0.315388828509139,0.919465546496685,-0.331399986009218,0.783219959752904,0.0412663092568158,0.67468996457266,0.486584183481885,0.336321544989613,0.36083689753303,0.59490407933778,0.719574070032788,0.650313777211405,0.675234247826207,1.03516392838095,0.853830648214358,0.707094050263105,0.478374456568344,0.552914979041705,0.301564756969234,0.456782007601015,0.403199248065635,0.262565087747094,-0.325534702501331,0.376377913659174,1.69840400323268,1.69840400323268,0.74827747420848,0.636916007657875,1.34747262925903
"k__Bacteria|p__Firmicutes|c__Erysipelotrichi|o__Erysipelotrichales|f__[Coprobacillaceae]|g__unclassified|s__unclassified",0.753587943430379,0.763244433168851,0.76969163608154,0.76969163608154,0.66284585092099,1.16861526525139,0.680783179229266,1.09241548550951,0.70500136384017,0.689363750140364,-0.331365902511947,0.59061796924991,0.821608988924064,0.795438634717361,0.649737905515424,-0.307804154711102,0.813882300822633,0.673187578594701,0.985972874164752,-0.347018916796674,0.565899488404995,0.642139964258119,0.96268506321625,0.637200662149442,0.599037823769661,-0.336671901945682,0.5048890683198,0.603302373384272,0.545313748158686,0.954443619490937,-0.318155664787435,1.26206566989376,0.633208930735776,0.853550045356247,0.58092154251907,1.7379382560881,-0.335943032935239,0.626072849071133,0.527499657614539,0.599238985827855,0.550776920373825,0.610513138760452,0.880486392036985,0.794637246678422,0.56835607640268,-0.680242560577492,-0.288157142808552,0.86423328185557,0.254027485806709,0.467333587354552,-0.27991651993603,0.483089931672285,0.649256122926698,0.600371881707452,-0.34418642014992,1.18087015998549,0.621226412876314,0.450757242458761,0.855513539539617,0.428703901804087,-0.329146961577329,0.428587027208716,0.462359817401815,0.548161445782621,0.57325028154466,0.497640558437939,0.612188014544533,0.684430090531451,0.858873795618665,0.807684914555739,1.60690596292849,-0.344266777192772,0.986361078737694,0.571845918207531,0.594414956550109,-0.263045968448129,-0.260915334689312,0.492146448835802,0.431200875390686,0.689439932992754,0.235324426133585,-0.332637186033752,1.00200756116331,0.658794236083511,0.625331168987191,-0.254798878318837,-0.245149504988087,0.642309841580982,0.540269591189586,-0.357484841274792,-0.15029734427717,-0.264528319172188,0.595226283787465,0.50139893798757,0.867688928075416,-0.306568295580426,0.469444874586347,1.26922484634498,0.693095883684395,0.673161879208923,-0.27306528226547,-0.304123007820937,0.885173351323579,0.609799015783823,0.860456551983365,-0.263810231442435,0.505596644270768,0.725334187317618,0.670689096242665,0.637373138052763,0.469761747395516,0.920482892256433,0.721601223017759,0.817835020235169,0.671691358247921,-0.388740735353838,1.74889438979387,0.927922497769188,-0.331399986009218,0.821088228487988,0.186803627553379,0.683598474410879,0.595676662533446,0.52989985030464,0.356504309606578,0.506439731576964,0.6698942873017,0.765724470417248,0.672297407109068,1.04093747948341,0.704241106341102,0.670390192173886,0.607843795223125,0.567887112497611,0.518835443620706,0.561857570318234,0.530185664170255,0.501642893114878,-0.325534702501331,-0.349786739499925,1.69697104495265,1.69697104495265,0.606041621523537,0.763031828388608,-0.302129357248267
"k__Bacteria|p__Firmicutes|c__Clostridia|o__Clostridiales|f__unclassified|g__unclassified|s__unclassified",0.744637993223844,0.798833476156614,0.740443491843735,0.740443491843735,0.673287248663136,-0.311216608516987,0.570551661076252,0.789295124603787,0.742737019263539,0.589889679812328,-0.331365902511947,0.579874708967973,0.802840956311292,0.79343969800148,0.716921064166264,-0.307804154711102,1.1112139297093,0.731978319806428,1.01109745016693,0.73173985138539,0.448195946789699,0.606605425754567,0.892317369280011,0.680496275498692,0.653668640293451,-0.336671901945682,0.454994010975264,0.630790023150444,0.576896145767079,0.942757170771348,-0.318155664787435,1.23741595921664,0.674148545565536,1.07751691396305,0.653083865941357,-0.25396472129649,1.01190149903528,0.677990444083818,0.522406191841529,0.664367196306031,0.518911762944508,0.64221316259091,0.884678963170364,0.809648929873121,0.64265484539864,-0.99612509304608,-0.288157142808552,0.869407425294833,0.189974409290159,0.477704854065097,1.46311145185177,0.455189761886651,0.708329136368236,0.638589823552593,-0.34418642014992,-0.313345604792636,0.626093280826768,0.500881134298186,0.831493232506161,0.514112767592566,-0.329146961577329,0.422201719350964,0.63153327696699,0.498470440305894,0.647856742871048,0.41084173939744,0.599618635387907,0.728318275706685,0.818265224720151,0.748973109366112,-0.264517009578276,0.80317289815626,-0.327290150719388,0.600481622281789,0.664659927437428,-0.263045968448129,-0.260915334689312,0.495223048613077,0.429614414343898,0.693856774249482,0.0430028344851451,0.999678852525824,0.953309913993649,0.818569690617498,1.05458372244414,-0.254798878318837,-0.245149504988087,0.831027370127582,0.538833727031863,0.646271230121232,-0.331673910222299,-0.264528319172188,0.644281501905761,0.526117475109589,0.79567619206672,-0.306568295580426,0.407178437683199,1.22816966306166,1.00093804174274,0.577068248604981,-0.27306528226547,1.23576127511668,0.909334663539736,0.628834824992866,0.825961186932889,-0.263810231442435,0.59080592081998,0.455186151616535,0.765507642063654,0.614045289863946,0.372558988847692,0.673975543207562,0.764004285548733,0.780430415058235,0.637149633435622,-0.668333859339143,1.21186039308266,0.880498439593816,0.949496706786038,0.791205666076721,0.0683624049543584,0.664489423921395,0.637836578768942,0.569168168322283,0.572271351321766,0.443728919193652,0.665437723708235,0.826817699697636,0.688900778342882,1.02656062838612,0.706395179463088,0.721752436976453,0.686077643356229,0.774782034728401,0.599296661239651,0.581624637283537,0.58583286211757,0.570708713207611,-0.325534702501331,0.387219760560929,-0.255595499789311,-0.255595499789311,0.652785804918415,0.722861937421647,-0.302129357248267
"k__Bacteria|p__Firmicutes|c__Clostridia|o__Clostridiales|f__Lachnospiraceae|g__Coprococcus|s__unclassified",0.787731188895037,0.791734207313633,0.734774104154587,0.734774104154587,0.735153569689638,-0.311216608516987,-0.349561937619713,-0.355525568442928,-0.350361254137875,-0.35681970895717,0.996717110148618,0.581015798978819,0.778501227983477,0.795937745184116,0.633879461182693,-0.307804154711102,0.803220666495578,0.682713617012632,-0.337589162757449,0.722951935095876,0.836077570738181,0.914922140867231,0.800494906339139,0.794864038781629,0.689917261219357,0.938476641314208,0.540016081680494,0.637242600746773,0.554524506145062,0.776512766776591,-0.318155664787435,1.2642076923403,0.613204522661903,0.671903695058991,0.558398150242118,-0.25396472129649,0.907890966711115,0.595368613423249,0.496326912361744,0.558786140866887,0.470863051253703,0.605013975369308,0.930152964175576,0.804967976939947,0.52567826584091,-1.24935809142244,-0.288157142808552,-0.345945670954519,0.155095105331075,0.498195245761832,-0.27991651993603,0.355661231892464,0.618865035985597,0.486377145206702,0.716308497899924,1.17178178052019,0.627830890524997,0.490188482415477,0.820351256190346,0.370428100810692,-0.329146961577329,0.309207275495134,0.516273189386679,0.633975343673185,0.525843196375624,0.588634648199908,0.71214686923085,0.758187992526956,0.831514615729235,0.759194647889796,-0.264517009578276,0.809527261347903,0.97000630884659,0.436011309792469,0.508206236824579,-0.263045968448129,-0.260915334689312,0.535119130578333,0.429603054638741,0.685955819895965,0.159727995482635,1.00368418506486,0.757774634283905,0.565194714270602,0.612046793470833,-0.254798878318837,-0.245149504988087,0.703363647632134,0.495805137597363,0.568134093167429,-0.846903348819878,-0.264528319172188,0.445300515367881,0.2536088296195,0.824697099445771,-0.306568295580426,0.345167722976199,1.71112091629566,0.57856401342706,0.536145382557627,-0.27306528226547,-0.304123007820937,0.875765621087236,0.453834250135791,0.96321117098814,1.59115852414715,0.503119763229765,0.460352148307628,0.577152174689747,0.569556251586698,0.339431678671724,0.570927563309601,0.722454492013066,0.797552920500566,0.614895421525595,-0.995893812825969,-0.315388828509139,0.871241515636063,-0.331399986009218,0.797533903757751,-0.164824485891453,0.666471859567185,0.504195338036921,0.389687102532213,0.422106451854457,0.333788342964483,0.591555662687052,0.718184740651393,0.675459801803844,1.05082503119822,0.728248385207794,0.698900458823328,0.594788848164691,0.565244825115477,0.458746274052028,0.482176290905357,0.477729475426675,0.44344253816245,-0.325534702501331,0.420362200361939,-0.255595499789311,-0.255595499789311,0.683833362012625,0.646747209089823,-0.302129357248267
"k__Bacteria|p__Firmicutes|c__Clostridia|o__Clostridiales|f__Lachnospiraceae|g__Blautia|s__unclassified",1.45143159652017,1.35190986865903,1.18583079366679,1.18583079366679,0.907970431526421,1.18111903255457,0.77350683713332,1.67405601525488,0.950295738669482,1.10926711953067,1.10529681187958,1.19281856451511,0.828024407880458,0.86346370304004,1.04018283659292,1.2677076938356,0.887995157635112,1.19982870937743,0.993151528646984,0.809675983874035,1.53481550172177,1.50705330499569,1.73947637708706,1.2822389160506,1.05779324841006,1.05196403883801,1.04382380428729,1.07215297761663,0.987454030793749,1.18748979526678,-0.318155664787435,1.58291597141542,1.08788022496484,1.03135017086516,0.947012375029054,-0.25396472129649,1.16570474551836,1.07979434091528,0.732260314967346,0.941836720990017,1.06869989862723,1.1299945193005,1.44557750796468,0.98651565522233,0.859988418285757,-0.869581942844015,-0.288157142808552,0.968502535419253,0.597610210615555,0.906486184516116,-0.27991651993603,0.926407270368108,1.1075321227073,0.985076241843851,1.06817220503026,1.24878649852612,0.749143539964244,0.605662827843569,1.29840984811826,0.627512537482895,1.05084605965972,0.848073313486014,0.949504408181801,1.22317466692653,0.903871564561012,1.23879289379799,1.30806862097271,1.24787143757064,1.08714426055116,0.956098357500709,-0.264517009578276,1.43510652269431,1.27519004883787,0.906360332013747,0.881608916052921,1.60515109491253,-0.260915334689312,0.966305075286684,0.835083582475721,1.08317010635615,0.861965105597117,1.31156045931746,1.6851854313277,1.03596039544586,1.42399266424805,-0.254798878318837,-0.245149504988087,0.965227879337804,0.982545668645217,0.666636697378368,-0.31598390487398,1.61532819359651,0.984291193565252,0.761330118824562,0.929090141745237,1.22661677778721,0.942732025204715,1.66382724561271,0.797121401900376,0.931128056516933,-0.27306528226547,1.263203107954,1.40410949267208,0.998042433062984,1.17243605059927,1.87421634346269,0.692627159032138,0.838746702759894,0.807532062000667,0.720286971179358,1.01975176376013,0.986096009898417,1.23416752562695,1.25090615763893,1.18183146207904,-0.446236170551285,-0.315388828509139,1.51235987372796,-0.331399986009218,1.21487173594069,0.354884217022118,0.805821221031861,0.966352740969982,0.822748192752282,0.584577484051611,1.04932255971097,1.21838822153929,1.25211302470298,0.869959546054846,1.40676413477107,1.29444122156988,1.18185950065955,0.96514744029997,0.847507759133844,0.745947503755522,0.920768183612002,0.85826524176766,0.711510977439089,0.955315471405491,0.621651760692762,1.977328395319,1.977328395319,1.12408248100165,0.9657108880875,1.34903997186599
"k__Bacteria|p__Firmicutes|c__Clostridia|o__Clostridiales|f__Lachnospiraceae|g__unclassified|s__unclassified",1.34393665861243,1.33384469100642,1.29059854108207,1.29059854108207,1.01579678560156,-0.311216608516987,0.617240659378495,0.787109320623154,1.22367365210198,0.804981561323999,1.0073867400777,1.06158963018291,1.54004380808263,1.11456413103061,1.06787057924531,1.26637653362822,0.952093047424278,1.16450028785988,1.02598692876427,0.82495857788376,1.33535729694338,1.39757623504972,1.03107822833962,1.25743306516365,1.10266140641696,-0.336671901945682,0.925698325740909,1.05502941625001,0.959183728237273,0.988209776403762,-0.318155664787435,1.42339611900779,1.05767529426761,1.30839145279253,0.964545449483856,1.71442347593639,0.926105189026618,1.05992642581872,0.936193006739089,0.960956578513174,0.887972263994967,1.04749383502945,1.1025615481898,0.908455013532115,0.90737881686679,-1.57014166341305,-0.288157142808552,0.856711936018736,0.393476358816105,0.843076412677027,-0.27991651993603,0.730460095671109,1.07036488873999,0.907084647814532,0.7518175021322,1.30780455481467,0.875157510054486,0.677844536180165,1.13372126643578,0.818736814273747,-0.329146961577329,0.667667733030776,0.788667780719389,0.778757032697178,0.918162029306241,1.00009806028831,1.19083414523836,1.23779609746974,1.31244157672831,0.997696328543242,-0.264517009578276,0.851927863419327,1.00397178197129,0.834458219418887,0.913433841935152,-0.263045968448129,-0.260915334689312,0.895440496427551,0.747172119560498,0.905049467101129,0.458248287324702,1.13270533502287,1.10554750222985,1.36450910317337,1.53216910560701,-0.254798878318837,-0.245149504988087,0.876160357221262,0.877593152485134,0.701621783370902,-0.860791274598162,-0.264528319172188,0.903358453952361,0.639914603032265,1.14709708938898,-0.306568295580426,0.715033964974109,1.29476978793069,1.05719803476436,1.21952473822743,-0.27306528226547,-0.304123007820937,1.23228410386248,0.889345016032254,1.10111341777183,1.66621391938155,0.656639904240945,0.775266694147359,1.41117615795146,1.18703616310692,0.745326693603209,1.10636423397757,1.22296146879848,1.00908291050513,0.919211699549977,-1.12556809297034,-0.315388828509139,1.00928322867909,0.947262007333515,1.06712099448095,0.0197767742913079,0.80620400557531,0.921852815445874,0.777459690057161,1.03805810071242,0.754228866346069,1.08062269288565,1.2593301861584,1.00065485795397,1.1100228779482,1.23776000318267,1.16444062976184,1.01872955419643,1.01709101217484,0.798470884917101,0.879044551489106,0.8539556562297,0.761856879490008,0.98020225054513,0.690320763447912,1.70316575502809,1.70316575502809,1.1334962297387,1.14295084096759,1.35088912427218
"k__Bacteria|p__Firmicutes|c__Clostridia|o__Clostridiales|f__Peptostreptococcaceae|g__unclassified|s__unclassified",0.40196308863693,0.373206247712302,-0.351458495084956,-0.351458495084956,-0.355375349330655,-0.311216608516987,-0.349561937619713,0.731236962843075,-0.350361254137875,-0.35681970895717,-0.331365902511947,0.283320088257169,0.7710070477099,0.794439665827838,0.21251147591075,-0.307804154711102,0.979210289172043,0.278749926199384,-0.337589162757449,-0.347018916796674,0.776223639375386,0.695095570706494,0.807061470836561,0.500260439192996,0.362092425284075,1.3680015697373,0.325330744372117,0.326918578946022,0.250553899254104,0.657421696959965,-0.318155664787435,1.25623831313485,0.221762030149102,-0.357354462314865,0.186642256198942,-0.25396472129649,0.907553641695278,0.214839046894114,0.475065138424298,0.162374204026793,0.16879945868317,0.24721279355817,-0.343314217996724,0.7932818577075,0.13495212544763,-0.911118567844986,-0.288157142808552,-0.345945670954519,0.0115947629511352,0.258170501256596,-0.27991651993603,0.0512685557254395,0.19983111727245,0.096835326373209,-0.34418642014992,1.2378545562206,-0.351996073620118,0.44368457312693,0.795392958460792,0.345997170841152,-0.329146961577329,0.052139776723449,0.661873278357294,0.469373354211057,0.137375738026167,0.413215503745776,0.454182939400766,0.385261495359813,-0.344664907277735,-0.347962900055353,-0.264517009578276,-0.344266777192772,-0.327290150719388,0.0275493030359871,0.0967122310482888,-0.263045968448129,-0.260915334689312,0.312046809805657,0.190346785860327,0.683255211786344,0.149615317264854,-0.332637186033752,0.751433743250314,0.596050458740505,0.688343553396722,-0.254798878318837,-0.245149504988087,0.6400919196646,0.183149356756492,0.556767153833547,-0.960362338867678,-0.264528319172188,0.029395188576213,-0.147446728751357,-0.348936279131231,-0.306568295580426,0.0866476287537673,1.22574219683684,0.516919032982358,0.529231350644744,-0.27306528226547,-0.304123007820937,0.869406965788162,0.0545837964241462,-0.34624660933449,-0.263810231442435,0.519776301752492,0.462550872434901,0.59922730192523,0.553023377306951,0.11100243412852,0.571659468053953,0.281725890708124,-0.348335102624761,0.581549508548185,-0.846523000488313,-0.315388828509139,-0.338458266062735,-0.331399986009218,-0.344604011789235,-0.363233660589158,-0.351699636009036,0.127363345898514,0.0021187073299712,-0.35303076456692,0.0253358893273266,0.195832831539228,0.241726678090799,-0.348403927064411,-0.327560489208768,0.365844000701893,0.320819834916323,0.187679639606583,0.555660302123018,0.0957383907726577,0.109632133323717,0.128251320890719,0.0712998118474084,-0.325534702501331,-0.349786739499925,-0.255595499789311,-0.255595499789311,0.37479917099894,0.645348655404937,1.43741779930183
"k__Bacteria|p__Firmicutes|c__Clostridia|o__Clostridiales|f__Lachnospiraceae|g__Dorea|s__unclassified",0.260430192595198,0.285355804962886,0.731927311341624,0.731927311341624,0.665283829972279,-0.311216608516987,0.589173410989681,0.609480369011343,0.696087129961978,0.56338177059232,-0.331365902511947,0.170904894345356,-0.345278261562139,-0.34365991505858,0.265986662096164,1.26637653362822,0.833550933227461,0.254358410193365,1.00455673686588,-0.347018916796674,0.148484010108819,0.224590479901305,0.887544692890179,0.238490824301465,0.236146174635378,1.1751931944135,0.152709494847337,0.221868179389828,0.226604504949404,0.68665379564149,-0.318155664787435,1.51432024285947,0.255083920885635,-0.357354462314865,0.24345653132443,-0.25396472129649,-0.335943032935239,0.243086077043213,-0.350919690425639,0.247505358469658,0.164768007614277,0.224208453980513,-0.343314217996724,0.797117365191651,0.235332745796859,-0.454459953381883,-0.288157142808552,-0.345945670954519,0.0378471112275731,0.171319369380668,-0.27991651993603,0.128597802530295,0.264496705316697,0.212499104060129,-0.34418642014992,-0.313345604792636,-0.351996073620118,-0.355333025786026,0.839478071776674,0.344595363569539,1.05218641450751,0.139753181172243,0.47921690826051,0.499620179640382,0.230581398556105,0.120495716939226,0.216384642542131,0.266077409465932,-0.344664907277735,-0.347962900055353,-0.264517009578276,0.817031615399718,-0.327290150719388,0.220587123225954,0.262113222636124,-0.263045968448129,-0.260915334689312,0.159764564238317,0.122032683903059,0.695743750514503,-0.0515841955167874,-0.332637186033752,0.820451887225532,0.553135571812871,0.611569072063711,-0.254798878318837,-0.245149504988087,0.634246361404232,0.189031048571635,-0.357484841274792,-0.184841448853847,-0.264528319172188,0.224843863729832,0.175619611925308,0.797021729163542,-0.306568295580426,0.106832492846634,1.24374933553764,0.524261099857103,0.52673489729498,-0.27306528226547,-0.304123007820937,-0.34015253378494,0.216393050879688,-0.34624660933449,-0.263810231442435,0.503683229690218,0.448728857582686,-0.357686648808836,-0.358276622441246,0.0889255396075061,0.557197013624341,0.290929581727345,0.767966347718809,0.59658632329047,-0.332240701330403,-0.315388828509139,0.891950378282626,-0.331399986009218,-0.344604011789235,-0.0159555278213604,0.671848663281961,0.234893608347215,0.195336143277449,0.356170254804569,0.127753674367512,0.23279264363319,0.305802311642116,-0.348403927064411,1.03015433608482,0.248976147138629,0.25165061031187,0.267603547921729,-0.359253059897505,0.226055581371242,0.216422786322442,0.217868633985191,0.231553254779977,-0.325534702501331,0.391255338865093,-0.255595499789311,-0.255595499789311,0.239395661368491,-0.354047350024942,-0.302129357248267
"k__Bacteria|p__Firmicutes|c__Clostridia|o__Clostridiales|f__Veillonellaceae|g__unclassified|s__unclassified",0.279720001364386,0.351664472235094,0.758650118635418,0.758650118635418,0.69280678453141,-0.311216608516987,-0.349561937619713,-0.355525568442928,-0.350361254137875,-0.35681970895717,-0.331365902511947,0.225885126764305,-0.345278261562139,-0.34365991505858,0.410094639832183,-0.307804154711102,-0.351330099278442,0.354937404119221,1.00277125828014,0.87230791739462,-0.150485953929424,0.0275068522764347,-0.346214087279884,0.188967590489688,0.267709028645832,-0.336671901945682,0.115961646448435,0.268317517755135,0.264219471850849,-0.35618744442008,-0.318155664787435,-0.307717923227852,0.337527719781258,0.65451180216278,0.37858087555011,1.689843413662,-0.335943032935239,0.356648261586139,0.503196044752552,0.388972875187082,0.213245645785027,0.303401722415738,-0.343314217996724,-0.342197880471567,0.403219687109227,-0.431130320170043,-0.288157142808552,0.925346401298136,0.068726752205501,0.20178802564074,-0.27991651993603,0.211887599293925,0.376120357216954,0.389585711786174,-0.34418642014992,-0.313345604792636,0.612449987903259,0.727651320846767,0.827378611600929,-0.351409849881696,1.07645517230153,0.210987465831921,0.631049312500806,0.609274971145725,0.365550007766387,-0.00312364929508845,0.151501155956399,0.294427683504219,0.897827873945352,1.05496700164018,-0.264517009578276,0.844185834414312,-0.327290150719388,0.385200475717733,0.430489621432724,-0.263045968448129,-0.260915334689312,0.172425967466814,0.170946574254029,0.966577823410078,-0.162601884498924,-0.332637186033752,0.740561086584584,0.633847391842413,0.917683519369698,-0.254798878318837,-0.245149504988087,1.7486802716888,0.259882821944184,1.41682023613331,0.104538451124573,-0.264528319172188,0.387329496267303,0.395407738271614,0.813459932790664,1.23510905439449,0.154033900737575,-0.306491443513552,-0.360587626393857,-0.352809562475741,-0.27306528226547,1.25620644054232,0.86951887030671,0.374597488654813,-0.34624660933449,-0.263810231442435,-0.355561600062418,0.504726446704414,0.583509235892262,0.631119742986794,0.119455601922632,0.558773148000563,0.395179307310048,0.768328072698724,0.603668010925876,-0.238157264403374,-0.315388828509139,-0.338458266062735,1.13457829681375,0.814569983911387,0.148001959563219,0.690281879538868,0.374905940332156,0.381487372504995,0.500004944359172,0.209506287935434,0.338516028820871,0.454555747410075,0.690901433192418,1.19147200867192,0.281613184478471,0.341383474346553,0.403304955992854,-0.359253059897505,0.391289819562054,0.339499467471289,0.364074015717729,0.371483119214724,0.937414010871249,0.364038660443292,-0.255595499789311,-0.255595499789311,0.259658439220117,0.668459939230414,-0.302129357248267
"k__Bacteria|p__Bacteroidetes|c__Bacteroidia|o__Bacteroidales|f__Bacteroidaceae|g__Bacteroides|s__caccae",-0.415402059577754,-0.395126804427793,-0.351458495084956,-0.351458495084956,-0.355375349330655,-0.311216608516987,-0.349561937619713,-0.355525568442928,-0.350361254137875,-0.35681970895717,-0.331365902511947,-0.361896187856865,-0.345278261562139,-0.34365991505858,-0.321891879224501,-0.307804154711102,-0.351330099278442,-0.362135878017354,-0.337589162757449,-0.347018916796674,-0.307907824822284,-0.303595605428118,-0.346214087279884,-0.31005661538297,-0.272072384157607,-0.336671901945682,-0.293272828793359,-0.303926232123197,-0.288996530586363,-0.35618744442008,-0.318155664787435,-0.307717923227852,-0.339444210800482,-0.357354462314865,-0.301727885368972,-0.25396472129649,-0.335943032935239,-0.355433816744767,-0.350919690425639,-0.308183901846447,-0.362031292859208,-0.357792315636227,-0.343314217996724,-0.342197880471567,-0.286665699315072,-0.0074590157282199,-0.288157142808552,-0.345945670954519,-0.229745435510327,-0.267343218715339,-0.27991651993603,-0.339803591105937,-0.351690514742862,-0.350800384621124,-0.34418642014992,-0.313345604792636,-0.351996073620118,-0.355333025786026,-0.344454254857012,-0.351409849881696,-0.329146961577329,-0.317383158910237,-0.357514561160159,-0.359366898756254,-0.300698461166315,-0.328118128135427,-0.323269118680992,-0.329304456450017,-0.344664907277735,-0.347962900055353,-0.264517009578276,-0.344266777192772,-0.327290150719388,-0.345630255388736,-0.301813699523246,-0.263045968448129,-0.260915334689312,-0.266945654217037,-0.247411772629482,-0.351823916863386,-0.280674601151129,-0.332637186033752,-0.351889968040456,-0.359339270216523,-0.354633140848136,-0.254798878318837,-0.245149504988087,-0.35424852139678,-0.312406363405013,-0.357484841274792,-0.260168863129571,-0.264528319172188,-0.372022758343217,-0.361448973273286,-0.348936279131231,-0.306568295580426,-0.339326373732561,-0.306491443513552,-0.360587626393857,-0.352809562475741,-0.27306528226547,-0.304123007820937,-0.34015253378494,-0.361836719117353,-0.34624660933449,-0.263810231442435,-0.355561600062418,-0.35609764219835,-0.357686648808836,-0.358276622441246,-0.361328467235347,-0.356377244456695,-0.367170815066445,-0.348335102624761,-0.358342629540304,-0.162436713928163,-0.315388828509139,-0.338458266062735,-0.331399986009218,-0.344604011789235,-0.289413846310827,-0.351699636009036,-0.334525243792877,-0.333841004436722,-0.35303076456692,-0.386841615102593,-0.405428307641904,-0.392373262115806,-0.348403927064411,-0.327560489208768,-0.374061752864849,-0.341762366430829,-0.30502145643569,-0.359253059897505,-0.268464118523799,-0.318905286571437,-0.278957043916007,-0.251448758331411,-0.325534702501331,-0.349786739499925,-0.255595499789311,-0.255595499789311,-0.309742373564009,-0.354047350024942,-0.302129357248267
"k__Bacteria|p__Bacteroidetes|c__Bacteroidia|o__Bacteroidales|f__Porphyromonadaceae|g__Dysgonomonas|s__unclassified",-0.39057210077857,-0.374390992137355,-0.351458495084956,-0.351458495084956,-0.355375349330655,-0.311216608516987,-0.349561937619713,-0.355525568442928,-0.350361254137875,-0.35681970895717,-0.331365902511947,-0.355411421407925,-0.345278261562139,-0.34365991505858,-0.314834027790533,-0.307804154711102,-0.351330099278442,-0.335702545308747,-0.337589162757449,-0.347018916796674,-0.250553530801108,-0.260148696668851,-0.346214087279884,-0.276822051994235,-0.24535231380112,-0.336671901945682,-0.270828505993214,-0.277041431617582,-0.282988313592006,-0.35618744442008,-0.318155664787435,-0.307717923227852,-0.32180738084019,-0.357354462314865,-0.302212235201615,-0.25396472129649,-0.335943032935239,-0.334440393620402,-0.350919690425639,-0.305420688601621,-0.349265379099166,-0.32493882865531,-0.343314217996724,-0.342197880471567,-0.287794295667492,-0.0650053039285214,-0.288157142808552,-0.345945670954519,-0.236949135660097,-0.242020933494666,-0.27991651993603,-0.34471934324281,-0.345468747273088,-0.353594887160113,-0.34418642014992,-0.313345604792636,-0.351996073620118,-0.355333025786026,-0.344454254857012,-0.351409849881696,-0.329146961577329,-0.309240990568764,-0.357514561160159,-0.359366898756254,-0.311783299318082,-0.297149817432756,-0.299404528049295,-0.301488509299814,-0.344664907277735,-0.347962900055353,-0.264517009578276,-0.344266777192772,-0.327290150719388,-0.333321403407767,-0.308048388777377,-0.263045968448129,-0.260915334689312,-0.239762477372102,-0.234582057863093,0.688807360121156,-0.262502633394217,-0.332637186033752,-0.351889968040456,-0.359339270216523,-0.354633140848136,-0.254798878318837,-0.245149504988087,-0.35424852139678,-0.303482211956116,-0.357484841274792,-0.316074588207364,-0.264528319172188,-0.365971434412959,-0.364606031658111,-0.348936279131231,-0.306568295580426,-0.319977282084428,-0.306491443513552,-0.360587626393857,-0.352809562475741,-0.27306528226547,-0.304123007820937,-0.34015253378494,-0.367183891537001,-0.34624660933449,-0.263810231442435,-0.355561600062418,-0.35609764219835,-0.357686648808836,-0.358276622441246,-0.34243102983082,-0.356377244456695,-0.356101038765504,-0.348335102624761,-0.358342629540304,-0.206038307490115,-0.315388828509139,-0.338458266062735,-0.331399986009218,-0.344604011789235,-0.292523281290397,-0.351699636009036,-0.329120750250514,-0.319510713407039,-0.35303076456692,-0.382817340912295,-0.400102400820138,-0.388214883890392,-0.348403927064411,-0.327560489208768,-0.344737732311556,-0.319803241085774,-0.297274069009019,-0.359253059897505,-0.260492064394249,-0.295061931068405,-0.267590889831968,-0.243180065302116,-0.325534702501331,-0.349786739499925,-0.255595499789311,-0.255595499789311,-0.28749841449591,-0.354047350024942,-0.302129357248267
"k__Bacteria|p__Bacteroidetes|c__Bacteroidia|o__Bacteroidales|f__Prevotellaceae|g__Prevotella|s__stercorea",-0.387186107407167,-0.345606860231629,-0.351458495084956,-0.351458495084956,-0.355375349330655,-0.311216608516987,-0.349561937619713,-0.355525568442928,-0.350361254137875,-0.35681970895717,-0.331365902511947,-0.345285995712417,-0.345278261562139,-0.34365991505858,-0.292271638579124,-0.307804154711102,-0.351330099278442,-0.326610858887726,-0.337589162757449,-0.347018916796674,-0.317431090859374,-0.316384820256152,-0.346214087279884,-0.293715784412851,-0.248252866002673,-0.336671901945682,-0.271095562403345,-0.282033639995872,-0.258231597431591,-0.35618744442008,-0.318155664787435,-0.307717923227852,-0.299234228795211,-0.357354462314865,-0.281811562090315,-0.25396472129649,-0.335943032935239,-0.308094338943677,-0.350919690425639,-0.293256660065672,-0.341209548965818,-0.321049180583476,-0.343314217996724,-0.342197880471567,-0.24730110691766,-0.0440299351454499,-0.288157142808552,-0.345945670954519,-0.226219585047907,-0.240111703660663,-0.27991651993603,-0.328964674335886,-0.31894693935189,-0.300028778686732,-0.34418642014992,-0.313345604792636,-0.351996073620118,-0.355333025786026,-0.344454254857012,-0.351409849881696,-0.329146961577329,-0.298507676041638,0.747589057797482,0.510396080518081,-0.271604352043194,-0.336843666687397,-0.317952113826013,-0.314401590258564,-0.344664907277735,-0.347962900055353,-0.264517009578276,-0.344266777192772,-0.327290150719388,-0.301696421668092,-0.267513280213144,-0.263045968448129,-0.260915334689312,-0.241221978576574,-0.239581390519059,-0.351823916863386,-0.301529023026067,-0.332637186033752,-0.351889968040456,-0.359339270216523,-0.354633140848136,-0.254798878318837,-0.245149504988087,-0.35424852139678,-0.287209040189667,-0.357484841274792,-0.240714410679046,-0.264528319172188,-0.339169697525986,-0.326885092393057,-0.348936279131231,-0.306568295580426,-0.330549676588347,-0.306491443513552,-0.360587626393857,-0.352809562475741,-0.27306528226547,-0.304123007820937,-0.34015253378494,-0.330644608852912,-0.34624660933449,-0.263810231442435,-0.355561600062418,-0.35609764219835,-0.357686648808836,-0.358276622441246,-0.359053737113205,-0.356377244456695,-0.334227396727071,-0.348335102624761,-0.358342629540304,-0.171677927980632,-0.315388828509139,-0.338458266062735,-0.331399986009218,-0.344604011789235,-0.281298871424906,-0.351699636009036,-0.304384562277955,-0.290065637859947,-0.35303076456692,-0.383527094671802,-0.380329396936044,-0.354309390734097,-0.348403927064411,-0.327560489208768,-0.349706436211347,-0.304584801146728,-0.279183537658148,-0.359253059897505,-0.221898786979385,-0.29398624038598,-0.25795071014362,-0.219168528998993,-0.325534702501331,-0.349786739499925,-0.255595499789311,-0.255595499789311,-0.289305939197172,-0.354047350024942,-0.302129357248267
"k__Bacteria|p__Bacteroidetes|c__Bacteroidia|o__Bacteroidales|f__[Paraprevotellaceae]|g__[Prevotella]|s__unclassified",-0.3505847202222,-0.305883888007023,-0.351458495084956,-0.351458495084956,-0.355375349330655,-0.311216608516987,-0.349561937619713,-0.355525568442928,-0.350361254137875,-0.35681970895717,-0.331365902511947,-0.315106288294519,-0.345278261562139,-0.34365991505858,-0.221431532628594,-0.307804154711102,-0.351330099278442,-0.286664383730698,-0.337589162757449,-0.347018916796674,-0.29683007843285,-0.273796987072116,-0.346214087279884,-0.250510396277037,-0.200690986193969,-0.336671901945682,-0.257856999717842,-0.241210110577842,-0.245701561753431,-0.35618744442008,-0.318155664787435,-0.307717923227852,-0.246555713796325,-0.357354462314865,-0.231324744046234,-0.25396472129649,-0.335943032935239,-0.255792036997539,1.16392656939955,-0.221437306087621,-0.315141966606775,-0.265071802081812,-0.343314217996724,-0.342197880471567,-0.20252387202936,-0.132580580862542,-0.288157142808552,-0.345945670954519,-0.221523564901388,-0.213400751404704,-0.27991651993603,-0.290825429956604,-0.268821703372228,-0.285009621623405,-0.34418642014992,-0.313345604792636,-0.351996073620118,0.44765142898764,-0.344454254857012,-0.351409849881696,-0.329146961577329,-0.275983771922395,-0.357514561160159,-0.359366898756254,-0.212986354936374,-0.325787089896827,-0.291352204300801,-0.252766054750418,-0.344664907277735,-0.347962900055353,-0.264517009578276,-0.344266777192772,-0.327290150719388,-0.262303690038679,-0.211721364742591,-0.263045968448129,-0.260915334689312,-0.231003398767065,-0.209034303042666,-0.351823916863386,-0.315050193577039,-0.332637186033752,-0.351889968040456,-0.359339270216523,-0.354633140848136,-0.254798878318837,-0.245149504988087,-0.35424852139678,-0.251939563416012,0.569568312407508,-0.277653573128642,-0.264528319172188,-0.292254286712543,-0.287947059901678,-0.348936279131231,-0.306568295580426,-0.314193194194608,-0.306491443513552,-0.360587626393857,-0.352809562475741,-0.27306528226547,-0.304123007820937,-0.34015253378494,-0.286682740330168,-0.34624660933449,-0.263810231442435,-0.355561600062418,-0.35609764219835,-0.357686648808836,1.33936872072067,-0.329486291304528,-0.356377244456695,-0.280787493907532,-0.348335102624761,-0.358342629540304,-0.243161740593178,-0.315388828509139,-0.338458266062735,-0.331399986009218,-0.344604011789235,-0.258047685092954,-0.351699636009036,-0.256980799788571,-0.263327526766341,-0.35303076456692,-0.361199225141788,-0.339351602424443,-0.302996228209491,-0.348403927064411,-0.327560489208768,-0.302837657768141,-0.277084568557874,-0.220804412981591,-0.359253059897505,-0.172562937703941,-0.244160643776233,-0.215606034949279,-0.189564768498223,-0.325534702501331,-0.349786739499925,-0.255595499789311,-0.255595499789311,-0.247632109427315,-0.354047350024942,-0.302129357248267
"k__Bacteria|p__Bacteroidetes|c__Bacteroidia|o__Bacteroidales|f__[Odoribacteraceae]|g__Butyricimonas|s__unclassified",-0.313253880928453,-0.188388317345474,0.775167010636943,0.775167010636943,0.859756631955031,-0.311216608516987,-0.349561937619713,-0.355525568442928,-0.350361254137875,-0.35681970895717,-0.331365902511947,-0.295816790180139,-0.345278261562139,-0.34365991505858,-0.0213133041259597,-0.307804154711102,-0.351330099278442,-0.130404157881865,-0.337589162757449,0.732225811921688,-0.712905008091203,-0.526111363418551,-0.346214087279884,-0.260396121382979,-0.112117409028824,-0.336671901945682,-0.317720650778478,-0.155494832551293,-0.131551783021943,-0.35618744442008,-0.318155664787435,-0.307717923227852,-0.101603385463291,-0.357354462314865,-0.0147641075026603,-0.25396472129649,-0.335943032935239,-0.095193857377054,-0.350919690425639,0.016580496656354,-0.280649297368456,-0.174099628314495,-0.343314217996724,0.793733858181789,0.0460626595737163,-0.379273336230365,-0.288157142808552,-0.345945670954519,-0.260376269303081,-0.206437594713925,-0.27991651993603,-0.229882782489026,-0.084342553703535,-0.0702750744795679,0.711917419356375,-0.313345604792636,-0.351996073620118,-0.355333025786026,0.911020535038422,0.410212353003806,-0.329146961577329,-0.200742059621987,-0.357514561160159,0.458058104469594,0.0243100528333651,-0.534710925245238,-0.378578173660331,-0.162221773437247,-0.344664907277735,-0.347962900055353,-0.264517009578276,-0.344266777192772,-0.327290150719388,-0.00436244998093294,0.0447994327531068,-0.263045968448129,-0.260915334689312,-0.216693232443214,-0.190234832466043,-0.351823916863386,-0.637350430705906,-0.332637186033752,-0.351889968040456,-0.359339270216523,-0.354633140848136,-0.254798878318837,-0.245149504988087,-0.35424852139678,-0.183354111680163,-0.357484841274792,-0.0705752342477074,-0.264528319172188,-0.0463924940886808,-0.000279941218670639,-0.348936279131231,-0.306568295580426,-0.291273611194518,-0.306491443513552,-0.360587626393857,-0.352809562475741,-0.27306528226547,-0.304123007820937,-0.34015253378494,-0.0888827165427955,-0.34624660933449,-0.263810231442435,-0.355561600062418,-0.35609764219835,-0.357686648808836,-0.358276622441246,-0.393526883537001,-0.356377244456695,-0.104580609081308,0.777089957784516,0.656746858765145,-0.357573701877543,-0.315388828509139,-0.338458266062735,-0.331399986009218,-0.344604011789235,-0.180894935015745,-0.351699636009036,-0.0579437310113736,-0.0150353784011734,-0.35303076456692,-0.301255876566552,-0.22063249375897,-0.059232061783095,-0.348403927064411,-0.327560489208768,-0.227412998609059,-0.136137868249821,0.0215328992733624,0.558047526750291,0.0970291535125781,-0.0539639081712793,0.000591500559836921,0.0919267941469962,0.935579886927425,0.371825553748579,-0.255595499789311,-0.255595499789311,-0.163605792712901,-0.354047350024942,-0.302129357248267
"k__Bacteria|p__Bacteroidetes|c__Bacteroidia|o__Bacteroidales|f__Bacteroidaceae|g__Bacteroides|s__plebeius",-0.310212359088732,-0.254649308308805,1.54669448341958,1.54669448341958,0.945648778731809,-0.311216608516987,-0.349561937619713,-0.355525568442928,-0.350361254137875,-0.35681970895717,-0.331365902511947,-0.283967336516314,-0.345278261562139,-0.34365991505858,-0.149023781642995,-0.307804154711102,-0.351330099278442,-0.222878020228264,-0.337589162757449,-0.347018916796674,-0.368550293119766,-0.300186251031932,-0.346214087279884,-0.219279873408691,-0.166486298348011,-0.336671901945682,-0.241634406537008,-0.199868870695691,-0.193634586346732,-0.35618744442008,-0.318155664787435,-0.307717923227852,-0.209537580714037,-0.357354462314865,-0.156378836486163,-0.25396472129649,-0.335943032935239,-0.201061465945647,-0.350919690425639,-0.145236798475878,-0.271719843192286,-0.237614246071381,-0.343314217996724,-0.342197880471567,-0.121533892277881,-0.221533017547237,-0.288157142808552,-0.345945670954519,-0.213546974020302,-0.189907984447376,-0.27991651993603,-0.257085555086126,-0.212225139629509,-0.1991063564857,-0.34418642014992,-0.313345604792636,-0.351996073620118,-0.355333025786026,-0.344454254857012,-0.351409849881696,-0.329146961577329,-0.243510143436274,-0.357514561160159,0.570429819928568,-0.147073937175436,-0.342559318577444,-0.278220883897594,-0.201754102725205,-0.344664907277735,-0.347962900055353,-0.264517009578276,0.84120485596384,-0.327290150719388,-0.179697207846045,-0.143783219970549,-0.263045968448129,-0.260915334689312,-0.193896651208551,-0.194182645000057,-0.351823916863386,-0.38583291473916,-0.332637186033752,-0.351889968040456,-0.359339270216523,-0.354633140848136,-0.254798878318837,-0.245149504988087,0.940667166778925,-0.22459444979717,-0.357484841274792,-0.231883254885726,-0.264528319172188,-0.227237866567426,-0.200143278478585,-0.348936279131231,-0.306568295580426,-0.296368088303173,-0.306491443513552,-0.360587626393857,-0.352809562475741,-0.27306528226547,-0.304123007820937,-0.34015253378494,-0.234744569835716,-0.34624660933449,-0.263810231442435,-0.355561600062418,-0.35609764219835,-0.357686648808836,-0.358276622441246,-0.343544520621111,-0.356377244456695,-0.220782599471659,-0.348335102624761,-0.358342629540304,-0.283735731309921,-0.315388828509139,-0.338458266062735,-0.331399986009218,-0.344604011789235,-0.244891482173935,-0.351699636009036,-0.181945724755069,-0.189679854826225,-0.35303076456692,-0.341215981545538,-0.281944870772038,-0.214547778011931,-0.348403927064411,-0.327560489208768,-0.254336302004908,-0.19325137736654,-0.13336121115134,-0.359253059897505,-0.0966908575038206,-0.173776518750209,-0.138262183293215,-0.0974584430816373,-0.325534702501331,-0.349786739499925,-0.255595499789311,-0.255595499789311,-0.205379881205143,-0.354047350024942,-0.302129357248267
"k__Bacteria|p__Bacteroidetes|c__Bacteroidia|o__Bacteroidales|f__S24-7|g__unclassified|s__unclassified",-0.353087171231396,-0.312274185846462,-0.351458495084956,-0.351458495084956,-0.355375349330655,-0.311216608516987,-0.349561937619713,-0.355525568442928,-0.350361254137875,-0.35681970895717,-0.331365902511947,-0.343939247289279,-0.345278261562139,-0.34365991505858,-0.259068260965026,-0.307804154711102,-0.351330099278442,-0.285125284381644,-0.337589162757449,-0.347018916796674,-0.324189407890306,-0.286575927160281,-0.346214087279884,-0.267426396143826,-0.212206985873663,-0.336671901945682,-0.272614043654873,-0.240780084891181,-0.234678615757586,-0.35618744442008,-0.318155664787435,-0.307717923227852,-0.27239185450298,-0.357354462314865,-0.23366631062751,-0.25396472129649,-0.335943032935239,-0.280593763579857,0.531874628424149,-0.244567935631435,-0.31311909474703,-0.281932253122652,-0.343314217996724,0.921663727199732,-0.201317216527686,-0.126325282954251,-0.288157142808552,-0.345945670954519,-0.223319665088883,-0.224391441315882,-0.27991651993603,-0.285388107516372,-0.291765425195365,-0.273193745924438,-0.34418642014992,-0.313345604792636,-0.351996073620118,-0.355333025786026,-0.344454254857012,-0.351409849881696,-0.329146961577329,-0.276279785361782,-0.357514561160159,-0.359366898756254,-0.214550658254336,-0.324278622156934,-0.306104835504259,-0.268833701439315,-0.344664907277735,-0.347962900055353,-0.264517009578276,-0.344266777192772,-0.327290150719388,-0.254381700160641,-0.23323343675509,-0.263045968448129,-0.260915334689312,-0.21481959189053,-0.22618016542592,-0.351823916863386,-0.314534210953411,-0.332637186033752,-0.351889968040456,-0.359339270216523,-0.354633140848136,-0.254798878318837,-0.245149504988087,-0.35424852139678,-0.262561387718052,0.837760690922579,-0.260339899263217,-0.264528319172188,-0.291900453307333,-0.300767751621634,-0.348936279131231,-0.306568295580426,-0.311136537986603,-0.306491443513552,-0.360587626393857,-0.352809562475741,-0.27306528226547,-0.304123007820937,-0.34015253378494,-0.290243126650145,-0.34624660933449,-0.263810231442435,-0.355561600062418,-0.35609764219835,-0.357686648808836,0.617345665111101,-0.33414508748591,-0.356377244456695,-0.279936033716139,-0.348335102624761,-0.358342629540304,-0.225767122814416,-0.315388828509139,-0.338458266062735,-0.331399986009218,-0.344604011789235,-0.260358574829018,-0.351699636009036,-0.25365751383826,-0.255448532235056,-0.35303076456692,-0.364258371578436,-0.354391559880793,-0.313667082724022,-0.348403927064411,-0.327560489208768,-0.301638544553227,-0.277768768611603,-0.224479321627485,-0.359253059897505,-0.182295947171477,-0.255447549898812,-0.218883892550261,-0.178906104129301,-0.325534702501331,-0.349786739499925,-0.255595499789311,-0.255595499789311,-0.243251828554334,-0.354047350024942,-0.302129357248267
"k__Bacteria|p__Bacteroidetes|c__Bacteroidia|o__Bacteroidales|f__Bacteroidaceae|g__Bacteroides|s__ovatus",-0.321175226715438,-0.284421760308918,-0.351458495084956,-0.351458495084956,-0.355375349330655,-0.311216608516987,0.564086389270847,-0.355525568442928,0.696907584329099,0.557097521005367,-0.331365902511947,-0.25041720640082,0.762698058351913,-0.34365991505858,-0.202899630832966,-0.307804154711102,-0.351330099278442,-0.239351579547657,-0.337589162757449,-0.347018916796674,-0.351410312535701,-0.338079107059047,-0.346214087279884,-0.270002965442413,-0.232949544183082,-0.336671901945682,-0.229185288992635,-0.210305459531583,-0.213414611258338,-0.35618744442008,-0.318155664787435,-0.307717923227852,-0.225821032562321,-0.357354462314865,-0.204931120731399,-0.25396472129649,-0.335943032935239,-0.231404115362826,-0.350919690425639,-0.181362648785155,-0.22883533311174,-0.234143361960286,-0.343314217996724,-0.342197880471567,-0.174757133282076,0.183533872084584,-0.288157142808552,-0.345945670954519,-0.109536760278904,-0.18989408315909,-0.27991651993603,-0.186689320530325,-0.23318494210327,-0.185314476374082,-0.34418642014992,-0.313345604792636,-0.351996073620118,-0.355333025786026,-0.344454254857012,-0.351409849881696,1.04181903982123,-0.171544906792828,-0.357514561160159,-0.359366898756254,-0.179031688148656,-0.269831208212902,-0.28791594421038,-0.27237367630294,-0.344664907277735,-0.347962900055353,-0.264517009578276,-0.344266777192772,-0.327290150719388,-0.166025450306945,-0.187358448438348,-0.263045968448129,-0.260915334689312,-0.207470215057557,-0.175896701277108,-0.351823916863386,-0.202609437214291,-0.332637186033752,-0.351889968040456,-0.359339270216523,-0.354633140848136,-0.254798878318837,-0.245149504988087,-0.35424852139678,-0.205528655620535,-0.357484841274792,0.0981010241963346,-0.264528319172188,-0.188149522496187,-0.130295505296059,-0.348936279131231,1.22661677778721,-0.197261130239715,-0.306491443513552,-0.360587626393857,-0.352809562475741,-0.27306528226547,-0.304123007820937,-0.34015253378494,-0.193539579553606,-0.34624660933449,-0.263810231442435,-0.355561600062418,-0.35609764219835,-0.357686648808836,-0.358276622441246,-0.217943018137837,-0.356377244456695,-0.251162065144898,-0.348335102624761,-0.358342629540304,0.0998177462575641,-0.315388828509139,0.88337374273785,-0.331399986009218,0.782073920854975,-0.0553475342160749,-0.351699636009036,-0.200538183512842,-0.158033253863729,-0.35303076456692,-0.206116054258879,-0.247881357795789,-0.265265811711453,0.688678236082771,-0.327560489208768,-0.292019698223914,-0.251249602856089,-0.2000686023083,-0.359253059897505,-0.149482118046929,-0.183353098685487,-0.165822086640731,-0.136771927367995,-0.325534702501331,-0.349786739499925,-0.255595499789311,-0.255595499789311,-0.228235880892829,0.634255749900851,-0.302129357248267
"k__Bacteria|p__Bacteroidetes|c__Bacteroidia|o__Bacteroidales|f__[Paraprevotellaceae]|g__Paraprevotella|s__unclassified",-0.397143464885919,-0.296281815537815,-0.351458495084956,-0.351458495084956,-0.355375349330655,-0.311216608516987,-0.349561937619713,-0.355525568442928,-0.350361254137875,-0.35681970895717,-0.331365902511947,-0.336413502188754,-0.345278261562139,-0.34365991505858,-0.175548723196065,-0.307804154711102,-0.351330099278442,-0.272383589797886,-0.337589162757449,-0.347018916796674,-0.581619466891036,-0.471307658267707,-0.346214087279884,-0.311959664710204,-0.211047594596267,-0.336671901945682,-0.318641832167828,-0.251783949644071,-0.220305128964936,-0.35618744442008,-0.318155664787435,-0.307717923227852,-0.227224453952054,-0.357354462314865,-0.16558381334271,-0.25396472129649,-0.335943032935239,-0.237386168084431,0.518551439303941,-0.157091111101453,-0.325557147792966,-0.275779348189649,-0.343314217996724,-0.342197880471567,-0.113610569567291,-0.158126956234506,-0.288157142808552,-0.345945670954519,-0.251903350024753,-0.236354993950353,-0.27991651993603,-0.277553182541212,-0.223608789362316,-0.218217916509917,0.768590449353957,-0.313345604792636,-0.351996073620118,-0.355333025786026,-0.344454254857012,0.468886955192023,-0.329146961577329,-0.257433113858008,-0.357514561160159,-0.359366898756254,-0.14382982891724,-0.458757312153265,-0.3828214024569,-0.264023066467078,-0.344664907277735,-0.347962900055353,-0.264517009578276,-0.344266777192772,-0.327290150719388,-0.167707106821801,-0.119422416759386,-0.263045968448129,-0.260915334689312,-0.243388074748138,-0.23629944946305,-0.351823916863386,-0.45777071110668,-0.332637186033752,-0.351889968040456,-0.359339270216523,-0.354633140848136,-0.254798878318837,-0.245149504988087,-0.35424852139678,-0.264910737189764,0.547835998503609,-0.107415704846719,-0.264528319172188,-0.205729011138667,-0.1667770143452,-0.348936279131231,-0.306568295580426,-0.327619774227911,-0.306491443513552,-0.360587626393857,0.540228084312235,-0.27306528226547,-0.304123007820937,-0.34015253378494,-0.228262931900617,-0.34624660933449,-0.263810231442435,-0.355561600062418,-0.35609764219835,-0.357686648808836,-0.358276622441246,-0.379949149438793,-0.356377244456695,-0.234080704942498,-0.348335102624761,-0.358342629540304,-0.202745007536022,-0.315388828509139,-0.338458266062735,-0.331399986009218,-0.344604011789235,-0.203561843856741,-0.351699636009036,-0.185164150409972,-0.156142667428026,0.448955600731657,-0.362582585114186,-0.326509533419259,-0.221485675737379,-0.348403927064411,-0.327560489208768,-0.328943549474052,-0.239881805356972,-0.140592896770554,-0.359253059897505,-0.0753675983619964,-0.196094158159768,-0.143005516828828,-0.0969024249924243,0.953256288249623,0.640313178951059,-0.255595499789311,-0.255595499789311,-0.248390872236675,-0.354047350024942,-0.302129357248267
"k__Bacteria|p__Bacteroidetes|c__Bacteroidia|o__Bacteroidales|f__[Barnesiellaceae]|g__unclassified|s__unclassified",-0.284253445278918,-0.163914777339618,-0.351458495084956,-0.351458495084956,-0.355375349330655,-0.311216608516987,-0.349561937619713,-0.355525568442928,-0.350361254137875,-0.35681970895717,-0.331365902511947,-0.225360683419884,-0.345278261562139,-0.34365991505858,0.0194695067487865,-0.307804154711102,-0.351330099278442,-0.115073508985526,-0.337589162757449,0.810574848097089,-0.729870373951215,-0.538114284878672,-0.346214087279884,-0.270927119574892,-0.147257954671861,-0.336671901945682,-0.287693765173,-0.131999045340871,-0.12011015479641,-0.35618744442008,-0.318155664787435,-0.307717923227852,-0.0622067273301285,0.762812266043544,0.0169867912362003,-0.25396472129649,-0.335943032935239,-0.0555409085906841,0.503980128238227,0.0272465334120586,-0.199242892307757,-0.130539026019128,-0.343314217996724,-0.342197880471567,0.0733529730460859,-0.0558890449029631,-0.288157142808552,-0.345945670954519,-0.161785443432835,-0.175683991408814,-0.27991651993603,-0.111586145091327,-0.0391584534321175,0.00894880852911967,0.79323388685649,1.17546380331874,0.651351157873295,0.536610995002477,-0.344454254857012,0.48528383281985,-0.329146961577329,-0.101726679804528,-0.357514561160159,-0.359366898756254,0.0286621786394454,-0.456417689450651,-0.355330032500614,-0.17579851445624,-0.344664907277735,-0.347962900055353,-0.264517009578276,0.821101286691375,1.05393378613478,0.0685749201096248,0.0755436653142216,-0.263045968448129,-0.260915334689312,-0.176847572040469,-0.152299139925258,-0.351823916863386,-0.482606965727625,-0.332637186033752,-0.351889968040456,-0.359339270216523,-0.354633140848136,-0.254798878318837,-0.245149504988087,-0.35424852139678,-0.118016930484906,0.553495582799748,0.256247124250358,1.7510012716995,0.0292188259323944,0.125010910876786,-0.348936279131231,-0.306568295580426,-0.180561644965802,-0.306491443513552,0.513122017812972,0.57188773539091,-0.27306528226547,-0.304123007820937,-0.34015253378494,-0.0230170310935555,-0.34624660933449,-0.263810231442435,-0.355561600062418,0.448577013540024,-0.357686648808836,0.638649143079752,-0.270053528393465,-0.356377244456695,-0.076873840533265,-0.348335102624761,0.63030192700492,-0.0227098317005588,-0.315388828509139,-0.338458266062735,-0.331399986009218,-0.344604011789235,0.0320373271951137,-0.351699636009036,0.0110436674528602,0.0512048850219132,0.451996021638116,-0.17435615596461,-0.128417875330368,-0.0327008542703148,-0.348403927064411,-0.327560489208768,-0.202223796424021,-0.0992070627441471,0.0207317257403521,0.721437561305484,0.110963282037719,-0.0220900940304099,0.0381437320127279,0.103183254729595,-0.325534702501331,-0.349786739499925,-0.255595499789311,-0.255595499789311,-0.158457244741063,-0.354047350024942,-0.302129357248267
"k__Bacteria|p__Bacteroidetes|c__Bacteroidia|o__Bacteroidales|f__Bacteroidaceae|g__Bacteroides|s__uniformis",-0.225855919395867,-0.0725845683566104,0.747485323644193,0.747485323644193,0.663041108124165,-0.311216608516987,0.658409542156006,-0.355525568442928,0.705297140756938,0.575040767792037,-0.331365902511947,-0.11400561578794,-0.345278261562139,-0.34365991505858,0.230415654406381,-0.307804154711102,-0.351330099278442,0.0560098239810897,-0.337589162757449,0.720497079015734,-1.27599746461354,-0.964349791850725,-0.346214087279884,-0.427392458997998,-0.138112002216961,-0.336671901945682,-0.30211737819849,-0.0831415102499808,0.00613343978553043,-0.35618744442008,-0.318155664787435,-0.307717923227852,0.122930447691922,-0.357354462314865,0.2644527329342,1.70639058287568,0.976479034520019,0.157492974700792,0.475211813100135,0.283584924784651,0.0315936021438291,0.039196110333965,1.46936020804009,1.36562621470635,0.352885486223438,0.642657201385192,-0.288157142808552,-0.345945670954519,0.00935124240960391,-0.143975944988536,-0.27991651993603,0.198342570085356,0.197579204550309,0.353682405775657,0.717403261391091,1.25678068594232,0.655792607585874,-0.355333025786026,-0.344454254857012,0.398547800645957,-0.329146961577329,0.182472356177687,-0.357514561160159,0.467849437885081,0.290331890791173,-0.614762685905349,-0.486177828454283,-0.160558627883395,-0.344664907277735,-0.347962900055353,-0.264517009578276,-0.344266777192772,0.977048273576187,0.481212404024901,0.410098563251478,-0.263045968448129,-0.260915334689312,-0.210523452234609,-0.0806867948792622,-0.351823916863386,-0.482001004316136,-0.332637186033752,-0.351889968040456,-0.359339270216523,-0.354633140848136,-0.254798878318837,-0.245149504988087,-0.35424852139678,0.0565288810821657,-0.357484841274792,1.42796666441789,1.62122368120637,0.441122625705784,0.715242414884068,0.8347965960902,1.22576357008093,0.0615700454479211,-0.306491443513552,0.547399896321616,0.591432515765622,1.57873114115789,1.23365133652693,-0.34015253378494,0.378585629361443,-0.34624660933449,-0.263810231442435,0.510308266954965,-0.35609764219835,0.598447238659523,0.663101446854526,-0.0553271462248192,-0.356377244456695,0.105211737071518,-0.348335102624761,-0.358342629540304,0.806853091782004,-0.315388828509139,-0.338458266062735,0.941278278470911,-0.344604011789235,0.660357577513888,0.66404834844624,0.31103249216426,0.467580050123522,-0.35303076456692,0.215731370003733,0.12273332755935,0.25591773420095,1.01199463215084,1.47540905114937,-0.121809742936829,0.0221651182155593,0.26586284750315,0.688193980217386,0.377932928881355,0.272844361630757,0.309778250581277,0.385042077129774,-0.325534702501331,0.345473770818443,-0.255595499789311,-0.255595499789311,-0.171207283175514,-0.354047350024942,-0.302129357248267
"k__Bacteria|p__Bacteroidetes|c__Bacteroidia|o__Bacteroidales|f__Bacteroidaceae|g__unclassified|s__unclassified",-0.223226395456551,-0.0678510257085396,-0.351458495084956,-0.351458495084956,0.65986344489278,1.17543816931438,0.617753065530685,0.628464978250714,0.757441393121296,0.636330796067225,-0.331365902511947,-0.109189297508781,0.762698058351913,-0.34365991505858,0.256045162424016,-0.307804154711102,0.798701824111349,0.064246048948354,-0.337589162757449,0.717050124699603,-1.45738588765557,-1.07602945289116,-0.346214087279884,-0.491479301241858,-0.165193170940155,-0.336671901945682,-0.31290976839696,-0.106409041260779,-0.00585891568644438,-0.35618744442008,-0.318155664787435,-0.307717923227852,0.149254263534276,-0.357354462314865,0.29434738586327,1.68376424336461,-0.335943032935239,0.209270378105801,-0.350919690425639,0.326672487607301,0.0478592965117187,0.0587996563399483,-0.343314217996724,0.937835180293348,0.395418087679646,0.836621583137033,-0.288157142808552,-0.345945670954519,0.0565476751731926,-0.145036311619252,1.46677499783019,0.245610762393145,0.233192896187609,0.40878720658597,0.743324335649631,1.17337898853857,0.6359718050463,0.448876083022631,-0.344454254857012,0.355946505317606,-0.329146961577329,0.231016455103883,-0.357514561160159,0.453255216701097,0.337311709132187,-0.681487547141983,-0.523657211232398,-0.175502396341071,-0.344664907277735,-0.347962900055353,1.59274626148093,-0.344266777192772,1.00207252941353,0.562267855318447,0.449566759350331,-0.263045968448129,-0.260915334689312,-0.239175489076453,-0.0768744342644199,0.70028929670605,-0.493961451504199,-0.332637186033752,-0.351889968040456,-0.359339270216523,-0.354633140848136,-0.254798878318837,-0.245149504988087,-0.35424852139678,0.0706972160430066,-0.357484841274792,1.71816742518145,1.62168036514415,0.523420892321026,0.83411349108614,0.951030014938262,-0.306568295580426,0.0932900747376273,-0.306491443513552,-0.360587626393857,0.542049173558791,1.52778528139654,-0.304123007820937,-0.34015253378494,0.45549343229648,-0.34624660933449,-0.263810231442435,-0.355561600062418,0.483934283253313,0.669962852039833,0.616732465981004,-0.0200450439295574,-0.356377244456695,0.11015082062473,-0.348335102624761,-0.358342629540304,1.02973876796245,-0.315388828509139,0.868913833236566,0.976609818153956,0.783269757749754,0.81029858486566,0.858851454015781,0.35111355684362,0.552187057033667,0.348792673957411,0.267190982322171,0.160474048068546,0.296122747299969,0.697541521840238,1.03198614475106,-0.158453615777317,0.015222883671051,0.281218534079807,0.548888977586015,0.413451712095795,0.324179985262451,0.33844999233632,0.448649398251899,0.950417970029652,0.380004938944245,-0.255595499789311,-0.255595499789311,-0.200436948577758,0.783173180014454,-0.302129357248267
"k__Bacteria|p__Bacteroidetes|c__Bacteroidia|o__Bacteroidales|f__Prevotellaceae|g__Prevotella|s__copri",-0.211800949821991,-0.0635259298607564,-0.351458495084956,-0.351458495084956,-0.355375349330655,-0.311216608516987,-0.349561937619713,-0.355525568442928,-0.350361254137875,-0.35681970895717,-0.331365902511947,-0.183143633847461,-0.345278261562139,-0.34365991505858,0.158945568857475,-0.307804154711102,-0.351330099278442,0.0226038094278573,1.01014757645213,1.91812262440294,-0.89042794090213,-0.61953106416248,-0.346214087279884,-0.256516402778806,-0.0412763409622218,-0.336671901945682,-0.268885333787393,-0.0453342587695336,-0.0241548455659939,-0.35618744442008,-0.318155664787435,-0.307717923227852,0.0482165499024253,-0.357354462314865,0.174276715344536,-0.25396472129649,-0.335943032935239,0.0602510046145233,1.80805820285161,0.176672669584019,-0.12566135080554,-0.0218283882089135,-0.343314217996724,-0.342197880471567,0.251220739270198,-0.196776840059448,-0.288157142808552,-0.345945670954519,-0.160886721083994,-0.126206110421627,-0.27991651993603,-0.0439933513225075,0.0867366428437024,0.160737055027124,1.7103725502605,-0.313345604792636,0.612523443961188,1.36269273978955,-0.344454254857012,1.08391739107352,-0.329146961577329,-0.0312428174716462,0.500034334109731,0.608907139475034,0.189304858476937,-0.528619699115489,-0.35527326956499,-0.0505823817337122,-0.344664907277735,-0.347962900055353,-0.264517009578276,1.01730709284468,2.15911493976825,0.249115449719423,0.255110348696314,-0.263045968448129,-0.260915334689312,-0.153208862167448,-0.111573338187825,0.763317713537095,-0.617022454040843,-0.332637186033752,-0.351889968040456,-0.359339270216523,-0.354633140848136,-0.254798878318837,-0.245149504988087,0.655879386353203,-0.0409791943508082,1.08518729515852,0.355381567804779,-0.264528319172188,0.201327246687033,0.306465438685081,-0.348936279131231,-0.306568295580426,-0.148595339673682,-0.306491443513552,-0.360587626393857,0.846721528241391,1.53043294319163,-0.304123007820937,-0.34015253378494,0.138973721919724,1.16143597156582,-0.263810231442435,-0.355561600062418,-0.35609764219835,-0.357686648808836,-0.358276622441246,-0.251801672520507,-0.356377244456695,0.0689101810072895,-0.348335102624761,-0.358342629540304,-0.103561357239839,-0.315388828509139,-0.338458266062735,-0.331399986009218,-0.344604011789235,0.0874616514852266,-0.351699636009036,0.161518330760892,0.220046637669893,0.941091222058423,-0.0974218007733671,-0.021308845221802,0.162240104483352,-0.348403927064411,-0.327560489208768,-0.119939146913485,0.00325170667261381,0.177244799482203,-0.359253059897505,0.274686353348276,0.124967992038757,0.194646139520044,0.253242659179582,1.31617008022384,0.509701108991228,-0.255595499789311,-0.255595499789311,-0.0842636921229757,-0.354047350024942,-0.302129357248267
"k__Bacteria|p__Bacteroidetes|c__Bacteroidia|o__Bacteroidales|f__Prevotellaceae|g__Prevotella|s__unclassified",0.0197743241693073,0.0967800538376747,0.916255406243692,0.916255406243692,0.751638350360837,-0.311216608516987,-0.349561937619713,-0.355525568442928,0.694892538857522,-0.35681970895717,-0.331365902511947,0.0439396301528331,-0.345278261562139,-0.34365991505858,0.241944168658595,-0.307804154711102,-0.351330099278442,0.155685121403204,1.09635045938098,0.867969571439944,-0.582689043031756,-0.392972797115638,-0.346214087279884,-0.111698380114119,0.00861735073049843,0.940474576773443,-0.0725564396650073,0.0453754508868531,0.0943855319918132,-0.35618744442008,-0.318155664787435,-0.307717923227852,0.172192792539458,0.677661500471771,0.233120092386318,-0.25396472129649,-0.335943032935239,0.188604256090654,1.03823844818575,0.251031165068495,0.111423818332507,0.135047113056956,-0.343314217996724,-0.342197880471567,0.272462493459158,0.282729966814524,1.39629719487902,-0.345945670954519,0.0600418506457567,0.00782372114350386,-0.27991651993603,0.189429720638653,0.221002678434075,0.302858108464785,1.83269703419663,-0.313345604792636,-0.351996073620118,1.11425672818409,-0.344454254857012,0.670360564737615,1.05483502863772,0.188094073785321,1.36998295330283,0.901036877325105,0.261157732002414,-0.21968168823217,-0.136621062808362,0.0271166938310422,-0.344664907277735,-0.347962900055353,-0.264517009578276,1.9137401395798,0.999407501186016,0.364862598081935,0.313661193494957,-0.263045968448129,-0.260915334689312,-0.013871903299384,0.0384753750590767,0.7630240011399,-0.191933979360264,1.00187731150619,-0.351889968040456,0.715919773511979,0.612046793470833,-0.254798878318837,-0.245149504988087,0.782878845042643,0.123031126991846,1.01070030106174,0.750764862559018,-0.264528319172188,0.341651245873385,0.482182683450652,-0.348936279131231,1.22619026492949,0.131827302267475,-0.306491443513552,-0.360587626393857,0.8988447813756,1.53870882006593,-0.304123007820937,-0.34015253378494,0.311285280152078,1.29218426799721,-0.263810231442435,-0.355561600062418,-0.35609764219835,-0.357686648808836,-0.358276622441246,0.0653770755608945,0.650080111845831,0.167541520025966,-0.348335102624761,-0.358342629540304,0.403028338001053,1.2100210942842,-0.338458266062735,-0.331399986009218,-0.344604011789235,0.39472616631235,-0.351699636009036,0.274952655281421,0.338177056183743,0.677685140272862,0.208128678500644,0.186938976523695,0.267097340787004,-0.348403927064411,-0.327560489208768,0.0477198620696359,0.130178117339964,0.220627755010481,-0.359253059897505,0.291438922276978,0.261261155355303,0.258380604026697,0.291003887122092,2.36680311366843,1.22609525203136,-0.255595499789311,-0.255595499789311,0.0151900898049532,-0.354047350024942,-0.302129357248267
"k__Bacteria|p__Bacteroidetes|c__Bacteroidia|o__Bacteroidales|f__Porphyromonadaceae|g__Parabacteroides|s__unclassified",-0.0298774767530972,0.13747307917386,0.870161248936303,0.870161248936303,0.75262063362316,1.26039632812412,0.621332575695398,0.611981880481334,0.792402742016432,0.593737887265658,-0.331365902511947,-0.00657321426609551,0.795527640965645,0.841298886169018,0.38826919087654,-0.307804154711102,-0.351330099278442,0.203354352574184,-0.337589162757449,0.720619965050261,-1.03632915396063,-0.675764629951641,-0.346214087279884,-0.189266047244833,0.0467309803410472,0.936292513119452,-0.193881310712569,0.0902444073453943,0.119861833550278,-0.35618744442008,1.3021465632865,-0.307717923227852,0.257557949117488,-0.357354462314865,0.37677413100345,-0.25396472129649,-0.335943032935239,0.27325018794536,0.506541929676611,0.40234920092101,0.0581617356672136,0.171891487247675,-0.343314217996724,1.06806544976999,0.457780870906941,0.0165703779009392,-0.288157142808552,-0.345945670954519,-0.0214705515620694,-0.027608385790878,-0.27991651993603,0.189108004470404,0.324790510466345,0.430995698505502,0.736906785344901,-0.313345604792636,0.619112490843952,0.470759315570606,-0.344454254857012,0.407944786905831,1.10924874001797,0.182137858995261,-0.357514561160159,0.502979689030818,0.409548975720227,-0.485228351418375,-0.267647924114429,0.0607295896646458,1.62927916346017,1.37635395017365,-0.264517009578276,0.859447568114293,1.00397178197129,0.526412053233061,0.492751634087166,-0.263045968448129,-0.260915334689312,-0.0658434441833931,0.0115268844658954,-0.351823916863386,-0.54167958434377,-0.332637186033752,-0.351889968040456,0.552442065845833,-0.354633140848136,-0.254798878318837,-0.245149504988087,-0.35424852139678,0.142321326525452,0.584504714903577,0.866459065477504,1.66643009645605,0.496128288903507,0.665303267597491,-0.348936279131231,-0.306568295580426,0.0569072017781451,-0.306491443513552,0.48678256821227,0.553753209084237,-0.27306528226547,-0.304123007820937,-0.34015253378494,0.42186816875204,-0.34624660933449,-0.263810231442435,-0.355561600062418,0.448981879761438,-0.357686648808836,-0.358276622441246,-0.0584070212952677,0.551054250692762,0.274493714529203,-0.348335102624761,0.580647289979154,0.243975186796439,-0.315388828509139,-0.338458266062735,1.09077349506809,-0.344604011789235,0.433271826377223,0.676870100666791,0.379128009090349,0.493999890228842,0.375363299345661,0.176203060498192,0.218403992942745,0.420174681501789,0.756022329164809,1.02584033447504,0.0541084566559986,0.180734122634405,0.396506659132864,0.622281435940239,0.477254458490124,0.345974471405345,0.396093705964259,0.478385191543957,0.931638256804233,0.347345846248245,-0.255595499789311,-0.255595499789311,0.0188879981062428,-0.354047350024942,-0.302129357248267
"k__Bacteria|p__Bacteroidetes|c__Bacteroidia|o__Bacteroidales|f__Bacteroidaceae|g__Bacteroides|s__unclassified",0.811218751250576,1.0521958773785,1.24215667083066,1.24215667083066,1.52427622544863,2.16736628773978,2.06440080731148,0.994299333078865,1.76914475030221,1.6288565455011,0.996717110148618,0.828893076117219,1.83524752842485,1.95613050953169,1.40819879557824,-0.307804154711102,1.57123867906002,1.15638147327687,1.02348943651944,1.1053040035416,-1.42882772608572,-0.7502243148433,-0.346214087279884,0.182161642674335,0.587500194953832,-0.336671901945682,0.30479344363642,0.718613508359905,0.865436806425266,0.711794203732762,1.23656887071034,1.2342204579236,1.22472766828422,0.97882892501853,1.38056223038027,2.58707059296798,1.85878676887316,1.3138032654789,0.619078740406724,1.44178204265383,1.03082410379929,1.0875567910749,0.937693632895167,2.06127167079121,1.47242939317122,0.832776197096447,-0.288157142808552,-0.345945670954519,0.59953501542782,0.511748994431009,2.31965009575265,1.25122976303513,1.41389868857211,1.66096428408265,1.26604583855794,1.73388680963512,1.92289858381835,1.27507970573367,1.87365032919756,1.40410748578342,1.17426860355083,1.17674982866193,0.470918578630948,0.739890580502583,1.42155104875082,-0.202361718874924,0.136028798858338,0.745731672127599,1.34793736035555,1.29830350593755,2.28130978240077,1.00836635092935,1.49809542090396,1.81271765416615,1.62525612237508,-0.263045968448129,1.59057886937244,0.399110019395932,0.592042353469793,1.40869373954911,-0.180562914374225,-0.332637186033752,-0.351889968040456,1.01586854208215,0.87702306502642,-0.254798878318837,-0.245149504988087,1.10363522879815,1.0134439698247,0.634252955550306,2.95587128701696,2.21931080232122,1.85080887631607,2.25246195729133,1.5275341916513,1.70298123338318,1.00297318697516,1.22649418530318,1.09935088788453,1.75936399810612,2.21954081338609,2.29138184003327,1.86321099387943,1.71673080354112,1.52982550159636,-0.263810231442435,0.60749747782102,1.53409109870734,0.891878233338879,1.12174985734162,0.861543002732553,0.550587348651073,1.27226827788731,1.80193634635043,1.36166950104195,1.55766398230577,-0.315388828509139,1.91764315630137,2.11917315952636,1.87298275812169,1.85427430691568,1.75314923982299,1.50311643673329,1.75619117709819,1.01169583274705,1.42682766603163,1.39084479861639,1.64120292151971,2.04589359795255,1.87073804716236,0.857491463191307,1.0404630857064,1.3810398662669,1.38535099458573,1.43973219963479,1.39763056928733,1.36890619244524,1.4685892450094,1.55992636139646,1.46137279767493,-0.255595499789311,-0.255595499789311,0.623141352236775,1.68481465675744,1.37476079526376
"k__Bacteria|p__Bacteroidetes|c__Bacteroidia|o__Bacteroidales|f__Rikenellaceae|g__unclassified|s__unclassified",0.218471539237651,0.458674174329061,0.746080918689398,0.746080918689398,1.0087748166275,-0.311216608516987,-0.349561937619713,-0.355525568442928,0.70677471450245,0.6149517589549,-0.331365902511947,0.10466939515169,0.801382565751056,0.832678409488007,0.642847767028295,-0.307804154711102,-0.351330099278442,0.457296215279526,-0.337589162757449,1.32233797043178,-0.669377986110433,-0.215883239114395,1.45314963064724,0.195844848430369,0.392871941360283,-0.336671901945682,-0.0246702421124279,0.342163843424225,0.312147955367613,0.660865011975123,-0.318155664787435,-0.307717923227852,0.45436802102998,0.909038019335746,0.579523532225179,-0.25396472129649,-0.335943032935239,0.472970321909629,0.497833572184438,0.622801356173811,0.0832018341861608,0.338791638740087,-0.343314217996724,0.946793764627448,0.665550372676988,-1.22207962803272,-0.288157142808552,-0.345945670954519,-0.163664505441441,0.134951228089396,-0.27991651993603,0.125095637026172,0.524533165900292,0.528202016741367,0.774808476485631,-0.313345604792636,0.613257707924376,0.53730066541148,-0.344454254857012,0.57128233387784,-0.329146961577329,0.12218181171315,0.461404306364104,0.690812091486565,0.601516860809035,-0.3750592138931,-0.000597166209535313,0.394237046760793,1.30399328006782,1.5743014545697,-0.264517009578276,-0.344266777192772,1.11247274970648,0.58967832704729,0.662804525346352,-0.263045968448129,-0.260915334689312,0.131890608084208,0.115622974557081,1.49064575243667,-0.795841756365288,-0.332637186033752,-0.351889968040456,-0.359339270216523,0.641924054312331,-0.254798878318837,-0.245149504988087,-0.35424852139678,0.251680275307457,0.599742908249621,-0.173322395017999,1.6009325398335,0.523064582505753,0.547078627419571,0.862281457046982,-0.306568295580426,-0.0357552203236501,-0.306491443513552,0.528016133326092,0.57396316231169,-0.27306528226547,-0.304123007820937,0.93554809578356,0.463503869364907,0.932577036468804,-0.263810231442435,-0.355561600062418,0.616533152261533,-0.357686648808836,0.578597880388341,-0.172804727372865,-0.356377244456695,0.548308686879771,0.830376379946361,0.791753668210309,-0.903439485021425,-0.315388828509139,-0.338458266062735,-0.331399986009218,1.09031913722734,-0.0600565396056598,-0.351699636009036,0.531614228686597,0.540615129524348,0.414886251101877,0.00690486307885196,0.329462321160379,0.687714708366389,0.740293882743187,1.27418095377211,0.294906254651362,0.47170372488859,0.649884770871101,0.806349878957785,0.679194285464602,0.478448195463993,0.552964893704102,0.63844419988785,0.943677018827021,0.448223135229733,-0.255595499789311,-0.255595499789311,0.318515889795834,0.93955597792025,-0.302129357248267
"k__Bacteria|p__Bacteroidetes|c__Bacteroidia|o__Bacteroidales|f__Porphyromonadaceae|g__Parabacteroides|s__distasonis",-0.0916543480808109,0.122612429587885,0.765565340761306,0.765565340761306,0.875272044562806,1.5346130869219,0.60382509798387,0.648458353879961,0.872212381766863,0.769771542001895,-0.331365902511947,-0.0482221704652865,-0.345278261562139,-0.34365991505858,0.479622880825516,-0.307804154711102,-0.351330099278442,0.238708621436853,-0.337589162757449,0.729062838894353,-1.4946007195013,-1.01228508884074,-0.346214087279884,-0.335734159206343,0.0153102332358606,-0.336671901945682,-0.272932261232888,0.053066649968976,0.149539019472244,0.655580402799488,1.21711076097946,-0.307717923227852,0.307072841624949,-0.357354462314865,0.494308015012691,-0.25396472129649,-0.335943032935239,0.385523681305485,0.474037812874422,0.51486883794791,0.107440216351338,0.190879841782547,0.877063424260478,0.800713865384901,0.594019439080068,0.286611174641783,-0.288157142808552,-0.345945670954519,-0.0141600230917116,-0.0568348397108372,-0.27991651993603,0.280610538925094,0.407402148235678,0.569921493891578,0.717403261391091,-0.313345604792636,0.761560458595451,0.494155402041699,1.34771984429129,0.374473816582406,1.37953904312449,0.273370407305035,0.455459672348272,0.458400286800412,0.529356115008025,-0.689211396781981,-0.441943135152393,0.0190017666116819,-0.344664907277735,-0.347962900055353,-0.264517009578276,-0.344266777192772,1.07712744809877,0.711254418236948,0.666691651591855,-0.263045968448129,-0.260915334689312,-0.134502753123902,-0.00481360907017332,-0.351823916863386,-0.717903136884022,-0.332637186033752,-0.351889968040456,0.754064794427406,0.622499335780102,-0.254798878318837,-0.245149504988087,-0.35424852139678,0.164793491477438,-0.357484841274792,1.43048205158394,1.803115337255,0.665651940616542,0.962541523614232,0.814494561417988,-0.306568295580426,0.0912779540242924,-0.306491443513552,0.506548726443176,0.657742139052379,1.65343426130528,-0.304123007820937,-0.34015253378494,0.595717078438617,0.960702772769864,-0.263810231442435,0.504921739454966,-0.35609764219835,0.701428913149306,0.650357103164936,-0.054532311030864,1.57728393605089,0.334819134254064,0.953857347304712,1.01310080517121,0.574964864214357,-0.315388828509139,-0.338458266062735,0.974707075550835,-0.344604011789235,0.700693130199816,0.70869793414027,0.517765110275338,0.704751608725814,0.399647961783204,0.284595380328753,0.290542610186964,0.533575438451001,0.697982630668947,1.12745979333845,0.013264565538064,0.210949878810845,0.495355431855554,0.660475962695593,0.618424514526971,0.472479722358883,0.496295083360602,0.630234141588002,0.948607564013972,0.462076291775549,-0.255595499789311,-0.255595499789311,-0.0425695051725707,-0.354047350024942,-0.302129357248267
"k__Bacteria|p__Bacteroidetes|c__Bacteroidia|o__Bacteroidales|f__Bacteroidaceae|g__Bacteroides|s__fragilis",0.103605885799876,0.135631479927513,-0.351458495084956,-0.351458495084956,0.809226507826687,-0.311216608516987,0.560838010602437,-0.355525568442928,-0.350361254137875,-0.35681970895717,-0.331365902511947,0.141622668426898,1.25750529543481,1.34175855027749,0.278123809601684,1.27433704408772,-0.351330099278442,0.219950028192603,-0.337589162757449,-0.347018916796674,-0.602569643359189,-0.419947235975996,-0.346214087279884,-0.125093162874212,0.00787249559447757,-0.336671901945682,-0.0087488507796928,0.0944109416048261,0.163750594392007,-0.35618744442008,2.01318443724596,2.02533269282223,0.238186952150876,0.958463719158888,0.28703203502698,-0.25396472129649,-0.335943032935239,0.272553021279981,-0.350919690425639,0.315279001138293,0.238961820397902,0.187586339798702,-0.343314217996724,-0.342197880471567,0.321763456426472,0.678389752548524,-0.288157142808552,-0.345945670954519,0.192270607707497,0.0561411393397749,-0.27991651993603,0.33784155451293,0.299433375334455,0.391369231391189,0.732605423134286,1.38325733583142,0.620935102963807,0.44368457312693,-0.344454254857012,-0.351409849881696,1.62508640764153,0.318875320289096,0.458724008056978,0.478216876643811,0.324146807533018,-0.163801134788265,-0.0935388317806762,0.045643629383461,-0.344664907277735,-0.347962900055353,-0.264517009578276,0.814479634584225,1.27605769889562,0.46907034389711,0.371612745851585,-0.263045968448129,-0.260915334689312,-0.00133385255505122,0.0918726895668751,-0.351823916863386,-0.0209640734921822,-0.332637186033752,-0.351889968040456,-0.359339270216523,-0.354633140848136,-0.254798878318837,-0.245149504988087,0.694466127811877,0.201568622226103,-0.357484841274792,1.20980918467801,2.16457155936167,0.473431700669612,0.662743500468725,1.04479880810012,1.36237931815056,0.279023458885105,-0.306491443513552,0.637375425290644,0.620447484000882,-0.27306528226547,-0.304123007820937,-0.34015253378494,0.442085263855446,0.945410280770637,-0.263810231442435,0.657026559128646,0.692959577263801,0.668508779424444,0.609576295653145,0.238848721150088,0.562010329288726,0.235151458351425,1.17791987976791,0.911331432766665,0.823935450393253,1.37893857197754,1.456541256797,-0.331399986009218,1.0138982722615,0.666033100640293,0.908519796281667,0.357494347306215,0.457576689526372,0.367796281052672,0.424932059990386,0.310093031393295,0.337063386242435,0.810286339028688,-0.327560489208768,0.0883154583801896,0.154238601812497,0.270118887029025,-0.359253059897505,0.323345932320203,0.328541382501704,0.313072255529191,0.341086099216496,0.976181171723954,0.48025360305957,-0.255595499789311,-0.255595499789311,0.0225400195853134,0.803057492088678,-0.302129357248267
"k__Bacteria|p__Proteobacteria|c__Gammaproteobacteria|o__Pseudomonadales|f__Moraxellaceae|g__Acinetobacter|s__unclassified",-0.383614971869845,-0.390844364805771,-0.351458495084956,-0.351458495084956,-0.355375349330655,-0.311216608516987,-0.349561937619713,-0.355525568442928,-0.350361254137875,-0.35681970895717,-0.331365902511947,-0.321934577671198,-0.345278261562139,-0.34365991505858,-0.343908935959655,1.26685215143071,-0.351330099278442,-0.366627923672344,-0.337589162757449,-0.347018916796674,-0.221341274783883,-0.277716947960909,-0.346214087279884,-0.307188545027322,-0.301029482162914,-0.336671901945682,-0.237074625054169,-0.308111130879062,-0.292199558767218,-0.35618744442008,1.156816519684,-0.307717923227852,-0.350167309927517,-0.357354462314865,-0.332133545981013,-0.25396472129649,-0.335943032935239,-0.337084715223112,-0.350919690425639,-0.321016144620736,-0.295678930969366,-0.336751154922751,-0.343314217996724,-0.342197880471567,-0.306621888675796,0.238828087464738,-0.288157142808552,-0.345945670954519,-0.155677379255555,-0.244170103204868,-0.27991651993603,-0.268081959246887,-0.350515817453838,-0.318495886518022,-0.34418642014992,-0.313345604792636,-0.351996073620118,-0.355333025786026,-0.344454254857012,-0.351409849881696,-0.329146961577329,-0.266156110825021,-0.357514561160159,-0.359366898756254,-0.328451656164699,-0.241615060256859,-0.302275611377915,-0.337201083312797,-0.344664907277735,-0.347962900055353,-0.264517009578276,-0.344266777192772,-0.327290150719388,-0.337881410154934,-0.324495405292965,-0.263045968448129,-0.260915334689312,-0.247192310290672,-0.224496085232959,-0.351823916863386,-0.13495086420864,-0.332637186033752,-0.351889968040456,-0.359339270216523,-0.354633140848136,-0.254798878318837,-0.245149504988087,-0.35424852139678,-0.280325289568454,-0.357484841274792,-0.0629523526830073,-0.264528319172188,-0.348814130644815,-0.332174039392395,-0.348936279131231,-0.306568295580426,-0.254269336884144,-0.306491443513552,-0.360587626393857,-0.352809562475741,-0.27306528226547,-0.304123007820937,-0.34015253378494,-0.339684483954142,-0.34624660933449,-0.263810231442435,-0.355561600062418,-0.35609764219835,-0.357686648808836,-0.358276622441246,-0.270119213187852,-0.356377244456695,-0.38556868610274,-0.348335102624761,-0.358342629540304,0.0925378401793944,-0.315388828509139,-0.338458266062735,-0.331399986009218,-0.344604011789235,-0.162822762214105,-0.351699636009036,-0.336947741301893,-0.325025954371093,-0.35303076456692,-0.307999499448773,-0.364924624431376,-0.414608440539075,-0.348403927064411,-0.327560489208768,-0.359039499337708,-0.357170630561584,-0.331868849795146,-0.359253059897505,-0.277119671753759,-0.317083646982674,-0.303775076795723,-0.276282828053186,-0.325534702501331,-0.349786739499925,-0.255595499789311,-0.255595499789311,-0.304592335827715,-0.354047350024942,-0.302129357248267
"k__Bacteria|p__Proteobacteria|c__Gammaproteobacteria|o__Enterobacteriales|f__Enterobacteriaceae|g__Erwinia|s__unclassified",-0.260785644407969,-0.291243954778665,-0.351458495084956,-0.351458495084956,-0.355375349330655,-0.311216608516987,-0.349561937619713,-0.355525568442928,-0.350361254137875,-0.35681970895717,-0.331365902511947,-0.227963483638383,-0.345278261562139,-0.34365991505858,-0.313054902932946,-0.307804154711102,-0.351330099278442,-0.293851266871671,-0.337589162757449,-0.347018916796674,0.0709482188159583,-0.0384212809378192,-0.346214087279884,-0.154310924049782,-0.190342994030755,-0.336671901945682,-0.148911620202403,-0.232748673149544,-0.231495786411583,-0.35618744442008,-0.318155664787435,-0.307717923227852,-0.304502126762097,-0.357354462314865,-0.299571099319712,-0.25396472129649,-0.335943032935239,-0.31492815407197,-0.350919690425639,-0.314067073252277,-0.257467518344595,-0.260638095615674,-0.343314217996724,-0.342197880471567,-0.298782691615203,-0.00490351125739356,-0.288157142808552,-0.345945670954519,-0.141725288070749,-0.155439672231181,-0.27991651993603,-0.267955649302595,-0.327203471314141,-0.337536046172243,-0.34418642014992,1.16836379682442,-0.351996073620118,-0.355333025786026,-0.344454254857012,-0.351409849881696,-0.329146961577329,-0.252866770750891,-0.357514561160159,-0.359366898756254,-0.314609141260307,-0.0746338320793525,-0.150507042534952,-0.227514246978519,-0.344664907277735,-0.347962900055353,-0.264517009578276,-0.344266777192772,-0.327290150719388,-0.358754317517544,-0.322524793661804,-0.263045968448129,1.59692533168913,-0.155292103788459,-0.148955000119292,-0.351823916863386,-0.033892794496121,-0.332637186033752,-0.351889968040456,-0.359339270216523,-0.354633140848136,-0.254798878318837,-0.245149504988087,-0.35424852139678,-0.250612934265027,-0.357484841274792,-0.375018714408976,-0.264528319172188,-0.369258795231317,-0.398465586831922,-0.348936279131231,-0.306568295580426,-0.232718801799649,-0.306491443513552,-0.360587626393857,-0.352809562475741,-0.27306528226547,-0.304123007820937,-0.34015253378494,-0.347178856001121,-0.34624660933449,-0.263810231442435,0.504921739454966,-0.35609764219835,-0.357686648808836,-0.358276622441246,-0.204967296134876,-0.356377244456695,-0.317521966687483,-0.348335102624761,-0.358342629540304,-0.138468809584306,-0.315388828509139,0.868719614914466,-0.331399986009218,-0.344604011789235,-0.278240719265836,-0.351699636009036,-0.325557255908434,-0.348449171838746,-0.35303076456692,-0.305130092917434,-0.332276771964914,-0.37651645589093,-0.348403927064411,-0.327560489208768,-0.247411956597311,-0.264203036906057,-0.308331201540588,-0.359253059897505,-0.296893662431836,-0.298956608412166,-0.282018193452844,-0.295629969350156,-0.325534702501331,-0.349786739499925,-0.255595499789311,-0.255595499789311,-0.213003073730189,-0.354047350024942,-0.302129357248267
"k__Bacteria|p__Proteobacteria|c__Gammaproteobacteria|o__Aeromonadales|f__unclassified|g__unclassified|s__unclassified",-0.325061468871322,-0.319145763762907,-0.351458495084956,-0.351458495084956,-0.355375349330655,-0.311216608516987,0.563545725072533,-0.355525568442928,-0.350361254137875,-0.35681970895717,-0.331365902511947,-0.272546120947331,-0.345278261562139,-0.34365991505858,-0.312512874031258,-0.307804154711102,-0.351330099278442,-0.312999915841584,-0.337589162757449,-0.347018916796674,-0.047906922231312,-0.117012429180721,-0.346214087279884,-0.19748913728446,-0.229437161308595,-0.336671901945682,-0.186084644871592,-0.235167769912554,-0.255601790759462,-0.35618744442008,-0.318155664787435,-0.307717923227852,-0.301651248107514,-0.357354462314865,-0.295159210020773,-0.25396472129649,-0.335943032935239,-0.323912058663593,-0.350919690425639,-0.304600474950943,-0.298399866829161,-0.29204114160876,-0.343314217996724,-0.342197880471567,-0.294851322340556,-0.0227060055631129,-0.288157142808552,-0.345945670954519,-0.162666535148603,-0.196268222776931,-0.27991651993603,-0.283617429571408,-0.320785055764354,-0.343119450617288,-0.34418642014992,-0.313345604792636,-0.351996073620118,-0.355333025786026,-0.344454254857012,-0.351409849881696,-0.329146961577329,-0.273522950345943,-0.357514561160159,-0.359366898756254,-0.301827114567296,-0.154560697535541,-0.191472866671229,-0.270010859362445,-0.344664907277735,-0.347962900055353,-0.264517009578276,-0.344266777192772,-0.327290150719388,-0.35669304929215,-0.329383163436043,-0.263045968448129,1.59151470248808,-0.192036922773516,-0.181670506065866,-0.351823916863386,-0.119538050839617,-0.332637186033752,-0.351889968040456,0.567760004469657,-0.354633140848136,-0.254798878318837,-0.245149504988087,-0.35424852139678,-0.264598710101156,-0.357484841274792,-0.343283004023069,-0.264528319172188,-0.375145018604177,-0.384672305460518,-0.348936279131231,-0.306568295580426,-0.260182298662205,-0.306491443513552,-0.360587626393857,-0.352809562475741,-0.27306528226547,-0.304123007820937,-0.34015253378494,-0.351991299287853,-0.34624660933449,-0.263810231442435,-0.355561600062418,-0.35609764219835,-0.357686648808836,-0.358276622441246,-0.255595093320265,-0.356377244456695,-0.342038025163063,-0.348335102624761,-0.358342629540304,-0.155780147215903,-0.315388828509139,-0.338458266062735,-0.331399986009218,-0.344604011789235,-0.288980525833483,-0.351699636009036,-0.314021751312526,-0.328958467417509,-0.35303076456692,-0.340930085712957,-0.352951384760354,-0.379190464548155,-0.348403927064411,-0.327560489208768,-0.280218520804639,-0.281133452216247,-0.303047210683824,-0.359253059897505,-0.290227060685797,-0.31252262540385,-0.282092033536297,-0.286061343420059,-0.325534702501331,-0.349786739499925,-0.255595499789311,-0.255595499789311,-0.222413586524068,-0.354047350024942,-0.302129357248267
"k__Bacteria|p__Proteobacteria|c__Gammaproteobacteria|o__Pasteurellales|f__Pasteurellaceae|g__Aggregatibacter|s__unclassified",-0.303087040830729,-0.300611365811098,-0.351458495084956,-0.351458495084956,-0.355375349330655,-0.311216608516987,-0.349561937619713,-0.355525568442928,0.695937884092299,0.553662231068184,-0.331365902511947,-0.290643424449752,-0.345278261562139,-0.34365991505858,-0.283081839383235,-0.307804154711102,-0.351330099278442,-0.294839725570418,-0.337589162757449,-0.347018916796674,-0.139746388240634,-0.156327692499172,0.791988321310584,-0.19546098237325,-0.194425359234683,-0.336671901945682,-0.216633003559543,-0.233585165082058,-0.239256504873158,-0.35618744442008,-0.318155664787435,-0.307717923227852,-0.277906820199029,-0.357354462314865,-0.260233424033549,-0.25396472129649,-0.335943032935239,-0.297061064350688,-0.350919690425639,-0.28064785633695,-0.296837929295416,-0.283260301290828,-0.343314217996724,-0.342197880471567,-0.248320583110206,-0.148363998471903,-0.288157142808552,0.858066093488526,-0.190422894973016,-0.191187769619716,-0.27991651993603,-0.303535050623249,-0.298044488812009,-0.320589183253152,-0.34418642014992,-0.313345604792636,-0.351996073620118,-0.355333025786026,-0.344454254857012,-0.351409849881696,-0.329146961577329,-0.285766092808092,-0.357514561160159,-0.359366898756254,-0.267174977744588,-0.219273876652249,-0.237764364907698,-0.244242517298769,-0.344664907277735,-0.347962900055353,-0.264517009578276,-0.344266777192772,-0.327290150719388,-0.317837142281133,-0.281313393202354,-0.263045968448129,-0.260915334689312,-0.183843250600346,-0.193837583019542,-0.351823916863386,-0.199644674604509,-0.332637186033752,-0.351889968040456,-0.359339270216523,-0.354633140848136,-0.254798878318837,-0.245149504988087,-0.35424852139678,-0.255297112758185,-0.357484841274792,-0.384102852880784,-0.264528319172188,-0.337888634339174,-0.366529947369858,-0.348936279131231,-0.306568295580426,-0.285306587418312,-0.306491443513552,-0.360587626393857,-0.352809562475741,-0.27306528226547,-0.304123007820937,-0.34015253378494,-0.331311062198994,-0.34624660933449,-0.263810231442435,-0.355561600062418,-0.35609764219835,-0.357686648808836,-0.358276622441246,-0.289404772826107,-0.356377244456695,-0.315131756831931,-0.348335102624761,-0.358342629540304,-0.264713258498327,-0.315388828509139,-0.338458266062735,-0.331399986009218,-0.344604011789235,-0.31416589098377,-0.351699636009036,-0.303241209295472,-0.30304283883357,-0.35303076456692,-0.379739988114834,-0.340433391233146,-0.340148471692773,-0.348403927064411,-0.327560489208768,-0.274387510243738,-0.266030873167851,-0.267860555907563,-0.359253059897505,-0.234006929929266,-0.268152463250948,-0.250444031081572,-0.224281822257052,-0.325534702501331,-0.349786739499925,-0.255595499789311,-0.255595499789311,-0.23525005746791,-0.354047350024942,-0.302129357248267
"k__Bacteria|p__Proteobacteria|c__Gammaproteobacteria|o__Enterobacteriales|f__Enterobacteriaceae|g__Trabulsiella|s__unclassified",-0.324682153537298,-0.397883993679798,-0.351458495084956,-0.351458495084956,-0.355375349330655,-0.311216608516987,-0.349561937619713,-0.355525568442928,-0.350361254137875,-0.35681970895717,-0.331365902511947,-0.251941830763652,-0.345278261562139,-0.34365991505858,-0.416505059636159,-0.307804154711102,-0.351330099278442,-0.364746778338166,-0.337589162757449,-0.347018916796674,0.0206656765235685,-0.124863356989856,-0.346214087279884,-0.26151632745414,-0.293985790461376,-0.336671901945682,-0.173844254986104,-0.323483603584308,-0.282645640121016,-0.35618744442008,1.12654151845699,-0.307717923227852,-0.357475445348521,-0.357354462314865,-0.362624360209793,-0.25396472129649,-0.335943032935239,-0.362889633818221,-0.350919690425639,-0.372450097849617,-0.254894074361085,-0.309714264689177,-0.343314217996724,-0.342197880471567,-0.374710096981293,0.455200325992988,1.40202944285113,0.867877134814851,-0.0748711358795495,-0.216144615408229,-0.27991651993603,-0.231157623784041,-0.383826302308443,-0.369751632371434,-0.34418642014992,-0.313345604792636,-0.351996073620118,-0.355333025786026,-0.344454254857012,-0.351409849881696,-0.329146961577329,-0.221060732516534,-0.357514561160159,-0.359366898756254,-0.365078189128556,-0.0778316960239908,-0.204935954976034,-0.345399319935978,-0.344664907277735,-0.347962900055353,-0.264517009578276,-0.344266777192772,-0.327290150719388,-0.381479428978374,-0.401281980914963,1.59560944243581,-0.260915334689312,-0.202806237288159,-0.181826181709405,-0.351823916863386,0.104717392370586,-0.332637186033752,-0.351889968040456,-0.359339270216523,-0.354633140848136,-0.254798878318837,-0.245149504988087,-0.35424852139678,-0.27769310920017,-0.357484841274792,-0.0472273392027252,-0.264528319172188,-0.384119729879822,-0.396684611391033,-0.348936279131231,-0.306568295580426,-0.187407131991648,-0.306491443513552,-0.360587626393857,-0.352809562475741,-0.27306528226547,-0.304123007820937,-0.34015253378494,-0.359575838999105,-0.34624660933449,-0.263810231442435,-0.355561600062418,-0.35609764219835,-0.357686648808836,-0.358276622441246,-0.145360720405772,-0.356377244456695,-0.404630477411364,-0.348335102624761,-0.358342629540304,0.248588627158985,-0.315388828509139,-0.338458266062735,-0.331399986009218,-0.344604011789235,-0.129696239039033,-0.351699636009036,-0.365966930074161,-0.365117975750558,-0.35303076456692,-0.231631630840367,-0.344047459283201,-0.458488197821273,-0.348403927064411,-0.327560489208768,-0.325645069598651,-0.372435972933399,-0.398155605821412,-0.359253059897505,-0.37093397048135,-0.337438299260051,-0.363045256273732,-0.350353693653982,-0.325534702501331,-0.349786739499925,-0.255595499789311,-0.255595499789311,-0.300429769720382,-0.354047350024942,-0.302129357248267
"k__Bacteria|p__Proteobacteria|c__Gammaproteobacteria|o__Enterobacteriales|f__Enterobacteriaceae|g__Klebsiella|s__unclassified",-0.15436088078749,-0.279184210410969,-0.351458495084956,-0.351458495084956,-0.355375349330655,-0.311216608516987,-0.349561937619713,-0.355525568442928,-0.350361254137875,-0.35681970895717,-0.331365902511947,-0.0950681275786736,-0.345278261562139,-0.34365991505858,-0.410705403985406,-0.307804154711102,-0.351330099278442,-0.313504946779871,-0.337589162757449,-0.347018916796674,0.501517308294276,0.221589623512872,-0.346214087279884,-0.0639311693338317,-0.213437678284117,-0.336671901945682,0.0198220704868589,-0.203667681190069,-0.21702537936659,-0.35618744442008,1.12712131164976,-0.307717923227852,-0.312147141469355,-0.357354462314865,-0.388269999284202,-0.25396472129649,-0.335943032935239,-0.33447185590062,-0.350919690425639,-0.417589382511312,-0.121866680278952,-0.240401106401154,-0.343314217996724,-0.342197880471567,-0.438898005512507,0.474495719947977,1.39748587613322,0.856711936018736,0.0386668177748496,-0.0931120047987237,-0.27991651993603,-0.167698779264872,-0.348017428537731,-0.37576371349205,-0.34418642014992,1.17711630080147,-0.351996073620118,-0.355333025786026,-0.344454254857012,-0.351409849881696,-0.329146961577329,-0.158084644059094,-0.357514561160159,-0.359366898756254,-0.388743627765994,0.225811769313182,0.0413279818149513,-0.222513518974282,-0.344664907277735,-0.347962900055353,-0.264517009578276,-0.344266777192772,-0.327290150719388,-0.434624239720371,-0.471952346988847,1.59176714257782,1.60434055444439,-0.0786317415269208,-0.0885273464328992,-0.351823916863386,0.419311159573824,0.9982537404184,-0.351889968040456,-0.359339270216523,-0.354633140848136,-0.254798878318837,-0.245149504988087,-0.35424852139678,-0.186403415701718,-0.357484841274792,-0.228631256445226,-0.264528319172188,-0.405127571864555,-0.45504603296995,-0.348936279131231,-0.306568295580426,-0.0666316171980584,-0.306491443513552,-0.360587626393857,-0.352809562475741,-0.27306528226547,-0.304123007820937,-0.34015253378494,-0.369357605844593,-0.34624660933449,-0.263810231442435,0.507618630035394,-0.35609764219835,-0.357686648808836,-0.358276622441246,0.0144431147724659,-0.356377244456695,-0.356954318726001,-0.348335102624761,-0.358342629540304,0.251748114188336,-0.315388828509139,-0.338458266062735,-0.331399986009218,-0.344604011789235,-0.163006121533512,-0.351699636009036,-0.387952925544902,-0.409165968636651,-0.35303076456692,-0.119000879721528,-0.255947539891425,-0.455886306866972,-0.348403927064411,-0.327560489208768,-0.200540132180658,-0.300268194819174,-0.441004971943244,-0.359253059897505,-0.437189827806648,-0.340903115030622,-0.369054831987169,-0.428493882181051,-0.325534702501331,-0.349786739499925,-0.255595499789311,-0.255595499789311,-0.175551771215024,-0.354047350024942,-0.302129357248267
"k__Bacteria|p__Proteobacteria|c__Gammaproteobacteria|o__Enterobacteriales|f__Enterobacteriaceae|g__Citrobacter|s__unclassified",-0.180235643901512,-0.282900566981625,-0.351458495084956,-0.351458495084956,-0.355375349330655,-0.311216608516987,-0.349561937619713,-0.355525568442928,0.713690215759961,0.668829664802071,-0.331365902511947,-0.109299299151386,-0.345278261562139,-0.34365991505858,-0.338844520104386,-0.307804154711102,-0.351330099278442,-0.262329956487601,-0.337589162757449,-0.347018916796674,0.194156139631271,-0.0216822130797561,-0.346214087279884,-0.155127984485093,-0.237856783776073,-0.336671901945682,-0.0521743232277056,-0.21205524360551,-0.199127638592379,-0.35618744442008,-0.318155664787435,-0.307717923227852,-0.259180911739888,-0.357354462314865,-0.302379572754066,-0.25396472129649,0.916120083599964,-0.255301198614796,-0.350919690425639,-0.304663136350642,-0.102094171761517,-0.202384870267911,-0.343314217996724,-0.342197880471567,-0.335960229554217,0.613594647658834,2.04882449219611,-0.345945670954519,0.0352558218519298,-0.116085101757053,-0.27991651993603,-0.11125504183425,-0.2808591347225,-0.266583845666969,-0.34418642014992,-0.313345604792636,-0.351996073620118,-0.355333025786026,-0.344454254857012,-0.351409849881696,-0.329146961577329,-0.0893520238866942,0.455267320352483,-0.359366898756254,-0.294328733426567,0.0771950722768795,-0.0919705564512739,-0.254510460312467,-0.344664907277735,-0.347962900055353,-0.264517009578276,-0.344266777192772,-0.327290150719388,-0.294703657689837,-0.335742644388624,1.92666771529396,1.58945471237178,-0.109791244683704,-0.102523790848599,-0.351823916863386,0.292883286640853,-0.332637186033752,-0.351889968040456,-0.359339270216523,-0.354633140848136,-0.254798878318837,-0.245149504988087,-0.35424852139678,-0.161448738688797,-0.357484841274792,0.13712876888729,-0.264528319172188,-0.28613412782243,-0.262457387193988,-0.348936279131231,-0.306568295580426,-0.0427605576123827,-0.306491443513552,-0.360587626393857,-0.352809562475741,-0.27306528226547,1.25289687525059,-0.34015253378494,-0.262116144229477,-0.34624660933449,-0.263810231442435,-0.355561600062418,0.57992554626734,0.592184729265006,-0.358276622441246,0.0160487615400392,0.586456552428969,-0.308598969236606,-0.348335102624761,-0.358342629540304,0.444991714283363,1.23314753637608,-0.338458266062735,-0.331399986009218,-0.344604011789235,0.0215593845111099,-0.351699636009036,-0.263479779486677,-0.267822579700637,-0.35303076456692,-0.0513741391921179,-0.201011108660484,-0.354843727309426,-0.348403927064411,-0.327560489208768,-0.206869856318921,-0.262570745178086,-0.347490619583004,-0.359253059897505,-0.318935087582243,-0.24307495289586,-0.283505379340045,-0.316800027315709,-0.325534702501331,-0.349786739499925,-0.255595499789311,-0.255595499789311,-0.227671184025549,-0.354047350024942,-0.302129357248267
"k__Bacteria|p__Proteobacteria|c__Gammaproteobacteria|o__Enterobacteriales|f__Enterobacteriaceae|g__unclassified|s__unclassified",1.02949141110942,0.586871433497631,-0.351458495084956,-0.351458495084956,-0.355375349330655,1.30625676830425,0.613646445741736,0.641310921061523,0.70935522678884,0.580819684870199,1.30220231378212,1.05749336624014,0.779247566295969,1.05051083434742,0.0825031203231915,1.41261047578782,0.851787246821268,0.492270052371557,1.15152728174776,-0.347018916796674,2.05453435802658,1.39232115534516,0.93562273150973,0.717700719938433,0.270283958555892,1.28076626347454,1.00886790163916,0.454141977453406,0.478383122058757,-0.35618744442008,1.1687654401682,-0.307717923227852,0.4184804527161,-0.357354462314865,0.105044789958595,1.83302777984062,1.0431704090166,0.400625578922582,-0.350919690425639,0.0897775368236603,1.05685867369714,0.645835391293947,0.993406998765357,0.794185654443949,-0.0826845740960211,2.0929423753407,1.55590946698852,1.05039754919617,1.02818402822292,0.627987021770293,1.48227888351487,0.967317910766962,0.404764525698437,0.375845265694536,-0.34418642014992,1.73479754345969,0.634463896977734,0.500344737251722,0.796338535561996,0.47174500392557,1.06937049211482,0.881151103665656,0.466172757626944,-0.359366898756254,0.0624565480590366,1.67610251491022,1.10464555027895,0.47891248303428,0.858873795618665,0.758758718194722,1.69480175429818,-0.344266777192772,-0.327290150719388,0.254010283165935,-0.00959516085099468,1.67778530525999,2.64192283630748,0.640209004712263,0.646917311162294,0.741046342402222,2.23376687618161,1.30823778468667,0.823021204775654,0.565537133421318,0.798735254968175,2.05549312511068,2.29855732854335,-0.35424852139678,0.664376591187678,-0.357484841274792,1.26502947949274,1.66010242281024,0.439811711003405,0.373929009720504,-0.348936279131231,1.47426720061942,1.182598716463,-0.306491443513552,0.508673867654023,0.531072557913464,1.76130199107199,1.31475807151705,0.872981713719412,0.522533549347766,-0.34624660933449,2.36092724889788,1.33335492091631,0.909607340031631,0.697902685524673,0.576205407557987,1.47986324634896,0.616022218991232,0.387156618489783,0.766880387046055,-0.358342629540304,2.04216182763836,1.27821355813291,1.10803423461516,1.16712448162971,-0.344604011789235,1.09545525827207,0.748300957184866,0.285333614743939,0.275496788296043,0.348456032652556,1.33063293205873,0.852805222209141,0.274071521178731,0.670712451560303,-0.327560489208768,0.755497588914631,0.391852405241101,-0.00423782584169301,-0.359253059897505,-0.187173369448853,0.318697601274616,0.0995746397538618,-0.151026666122762,-0.325534702501331,0.459989624815383,1.81113221703851,1.81113221703851,0.510400051425629,-0.354047350024942,1.36219386896089
"k__Bacteria|p__Proteobacteria|c__Alphaproteobacteria|o__Rickettsiales|f__mitochondria|g__unclassified|s__unclassified",-0.366881178920036,-0.340676497599199,-0.351458495084956,-0.351458495084956,-0.355375349330655,-0.311216608516987,-0.349561937619713,-0.355525568442928,-0.350361254137875,-0.35681970895717,-0.331365902511947,-0.336403027505117,-0.345278261562139,-0.34365991505858,-0.296523714235022,-0.307804154711102,-0.351330099278442,-0.315775420887692,-0.337589162757449,-0.347018916796674,-0.316128462367773,-0.292511160167729,-0.346214087279884,-0.260152893529572,-0.237794516790096,-0.336671901945682,-0.271539184295489,-0.258471942349334,-0.24795584980187,0.690220632966455,-0.318155664787435,-0.307717923227852,-0.292192870321757,0.664961250963946,-0.275105449798539,-0.25396472129649,-0.335943032935239,-0.301037934438381,-0.350919690425639,-0.255370992594824,-0.322041165828966,-0.312032153354023,-0.343314217996724,-0.342197880471567,-0.251411000451483,-0.0693662819029685,-0.288157142808552,-0.345945670954519,-0.228566405872051,-0.24174373623017,-0.27991651993603,-0.30904971691769,-0.317982901960295,-0.29709395975695,-0.34418642014992,-0.313345604792636,-0.351996073620118,-0.355333025786026,-0.344454254857012,-0.351409849881696,-0.329146961577329,-0.291902326802045,0.47356643330562,-0.359366898756254,-0.25280665671859,-0.322878708339241,-0.311891659361225,-0.291764201910757,-0.344664907277735,-0.347962900055353,-0.264517009578276,-0.344266777192772,-0.327290150719388,-0.308601183990039,-0.269576355297989,-0.263045968448129,-0.260915334689312,-0.22933796409792,-0.248296612710146,-0.351823916863386,-0.299168444346397,-0.332637186033752,-0.351889968040456,-0.359339270216523,-0.354633140848136,-0.254798878318837,-0.245149504988087,-0.35424852139678,-0.271794822964542,-0.357484841274792,-0.267698575169804,-0.264528319172188,-0.33456022568779,-0.314984184010642,-0.348936279131231,-0.306568295580426,-0.311632267844115,-0.306491443513552,-0.360587626393857,-0.352809562475741,-0.27306528226547,-0.304123007820937,-0.34015253378494,-0.330190333960487,-0.34624660933449,-0.263810231442435,-0.355561600062418,-0.35609764219835,-0.357686648808836,-0.358276622441246,-0.345376437886043,-0.356377244456695,-0.318525157608933,-0.348335102624761,-0.358342629540304,-0.201125200323578,-0.315388828509139,-0.338458266062735,-0.331399986009218,-0.344604011789235,-0.280326503839669,-0.351699636009036,-0.285639099839825,-0.288412477561526,-0.35303076456692,-0.37993512002743,-0.364619588485671,-0.358236595926712,-0.348403927064411,-0.327560489208768,-0.329337464464717,-0.307238715097671,-0.257567852889419,-0.359253059897505,-0.207104264448959,-0.2848038838642,-0.23792120123239,-0.214815335636705,-0.325534702501331,-0.349786739499925,-0.255595499789311,-0.255595499789311,-0.263411330102976,-0.354047350024942,-0.302129357248267
"k__Bacteria|p__Proteobacteria|c__Gammaproteobacteria|o__Enterobacteriales|f__Enterobacteriaceae|g__Enterobacter|s__hormaechei",0.198455862098914,-0.0394990275453558,-0.351458495084956,-0.351458495084956,-0.355375349330655,-0.311216608516987,0.618777090826921,0.724465110898449,-0.350361254137875,0.566184355833695,-0.331365902511947,0.22945704288444,-0.345278261562139,-0.34365991505858,-0.281142301149461,-0.307804154711102,-0.351330099278442,-0.0648693115257091,-0.337589162757449,-0.347018916796674,0.976172012641394,0.604905923902384,-0.346214087279884,0.179847506058652,-0.0483463559447436,0.947165760232689,0.297249694695854,-0.00991249051656703,-0.0244501566974744,-0.35618744442008,1.42467683845154,-0.307717923227852,-0.112069576346075,-0.357354462314865,-0.269243565568245,-0.25396472129649,0.909070708989977,-0.128219159381314,-0.350919690425639,-0.272007996880923,0.215976579043748,0.0200253352244384,0.869955717112205,-0.342197880471567,-0.342289849288516,0.872989919791578,1.49026190082373,0.86384894486415,0.299014154463119,0.110373191911138,-0.27991651993603,0.133159168698988,-0.141593517073963,-0.173350417082177,-0.34418642014992,1.21694857142508,0.670456567789589,-0.355333025786026,-0.344454254857012,0.349613448011643,-0.329146961577329,0.13142886289938,-0.357514561160159,-0.359366898756254,-0.275396394129117,0.640834492044769,0.36867401565883,-0.00575785196566588,-0.344664907277735,-0.347962900055353,-0.264517009578276,-0.344266777192772,-0.327290150719388,-0.271478955930344,-0.344861053358215,2.48983784259184,2.00583711776972,0.130658477921018,0.117768536637481,-0.351823916863386,0.92832871449454,1.02144892903783,-0.351889968040456,-0.359339270216523,-0.354633140848136,-0.254798878318837,-0.245149504988087,-0.35424852139678,0.0470326457920007,-0.357484841274792,0.10050083694296,-0.264528319172188,-0.18262192099918,-0.247333743694914,-0.348936279131231,-0.306568295580426,0.283407395128725,-0.306491443513552,-0.360587626393857,-0.352809562475741,-0.27306528226547,1.24080703797922,-0.34015253378494,-0.122907887442856,-0.34624660933449,1.58718507552735,0.571833467060868,0.435944160083954,0.584301034566713,-0.358276622441246,0.413183238548603,0.733432060462165,-0.157155363348109,-0.348335102624761,-0.358342629540304,0.699953137982675,1.20840892801446,0.882990846319843,0.941090708783017,-0.344604011789235,0.1431267277709,0.668011041466175,-0.178831544002864,-0.213174773627066,-0.35303076456692,0.272695991700367,0.0596692489570229,-0.259214510818705,-0.348403927064411,-0.327560489208768,0.0878823519725084,-0.0962917953466131,-0.2977043095576,-0.359253059897505,-0.370888497553893,-0.168184572535046,-0.238491927270698,-0.354386177798825,-0.325534702501331,0.352010759077413,-0.255595499789311,-0.255595499789311,0.0167278837590151,-0.354047350024942,-0.302129357248267
"k__Bacteria|p__Proteobacteria|c__Gammaproteobacteria|o__Pasteurellales|f__Pasteurellaceae|g__Actinobacillus|s__unclassified",-0.219407448174305,-0.241945354601952,-0.351458495084956,-0.351458495084956,-0.355375349330655,-0.311216608516987,-0.349561937619713,-0.355525568442928,-0.350361254137875,-0.35681970895717,-0.331365902511947,-0.208314902689003,-0.345278261562139,-0.34365991505858,-0.28169582678375,-0.307804154711102,-0.351330099278442,-0.272316070242093,-0.337589162757449,-0.347018916796674,0.135042936962139,0.0346182544024632,0.91064718877822,-0.112182707747898,-0.168466477150506,-0.336671901945682,-0.115335256278316,-0.189660604532966,-0.203550833729963,-0.35618744442008,-0.318155664787435,-0.307717923227852,-0.270564001654231,-0.357354462314865,-0.283708629898014,-0.25396472129649,-0.335943032935239,-0.262814884884743,0.477775143553247,-0.291074096860664,-0.221325579203806,-0.242181467892192,-0.343314217996724,-0.342197880471567,-0.283897543418331,-0.058062512182686,-0.288157142808552,0.87436475798468,-0.130900892825051,-0.152923476034906,-0.27991651993603,-0.256989201093997,-0.28620525729252,-0.328482228516161,-0.34418642014992,-0.313345604792636,-0.351996073620118,-0.355333025786026,-0.344454254857012,-0.351409849881696,-0.329146961577329,-0.23604349243763,0.456805101333972,-0.359366898756254,-0.29426819477518,-0.0438135465418191,-0.0990469593294525,-0.195293417700515,0.819093768864957,-0.347962900055353,-0.264517009578276,-0.344266777192772,-0.327290150719388,-0.333902986145082,-0.323935631066381,-0.263045968448129,-0.260915334689312,-0.117567698692334,-0.15008638082925,-0.351823916863386,-0.0298990666010894,-0.332637186033752,-0.351889968040456,-0.359339270216523,-0.354633140848136,-0.254798878318837,-0.245149504988087,-0.35424852139678,-0.226741078502033,-0.357484841274792,-0.424674425510769,-0.264528319172188,-0.354285108460208,-0.395905369072857,-0.348936279131231,-0.306568295580426,-0.205416545965422,-0.306491443513552,-0.360587626393857,-0.352809562475741,-0.27306528226547,-0.304123007820937,-0.34015253378494,-0.320394837114928,-0.34624660933449,-0.263810231442435,0.505596644270768,-0.35609764219835,-0.357686648808836,-0.358276622441246,-0.197050454467206,-0.356377244456695,-0.283569444767355,-0.348335102624761,-0.358342629540304,-0.221706329976293,1.25421116656982,-0.338458266062735,-0.331399986009218,-0.344604011789235,-0.307603694009576,-0.351699636009036,-0.291303209796206,-0.321414527854993,-0.35303076456692,-0.277337995367881,-0.287036326145333,-0.336708201741755,-0.348403927064411,-0.327560489208768,-0.196237459067515,-0.250440214702618,-0.271935309396602,-0.359253059897505,-0.274538972740217,-0.265343895469749,-0.284719082126699,-0.277910866592653,-0.325534702501331,-0.349786739499925,-0.255595499789311,-0.255595499789311,-0.177109621847707,-0.354047350024942,-0.302129357248267
"k__Bacteria|p__Proteobacteria|c__Gammaproteobacteria|o__Enterobacteriales|f__Enterobacteriaceae|g__Escherichia|s__unclassified",0.860148514633743,0.418775737418419,-0.351458495084956,-0.351458495084956,-0.355375349330655,1.26410319887947,0.660375070457333,0.611655951028955,-0.350361254137875,-0.35681970895717,1.57040578051517,0.904933051122872,0.802112026894028,1.14669753728401,-0.0796848862002138,1.49365717059965,0.815984256940435,0.330850212141065,1.04108802532733,-0.347018916796674,1.94732905686146,1.25540084059333,0.844270835288063,0.576507045174629,0.13478644088006,1.6017104569242,0.909664520029435,0.314683547600445,0.325289933771892,-0.35618744442008,-0.318155664787435,-0.307717923227852,0.263014471669835,-0.357354462314865,-0.066597039879772,1.76469105960328,0.97868098570848,0.25373063081094,-0.350919690425639,-0.0592847499294447,0.910134781536443,0.485129884899539,0.906801793774378,-0.342197880471567,-0.235006963703867,2.18184896240127,1.58357508047818,0.979520476251455,0.949630512097116,0.506318436426257,1.49980008753809,0.828112635893631,0.221613734216245,0.230218949567892,-0.34418642014992,1.24858724611018,0.614431409998331,-0.355333025786026,0.79748553558653,-0.351409849881696,1.05662355298435,0.766110034666041,0.472810618549735,-0.359366898756254,-0.0832343767989719,1.56133029457762,0.981747333116052,0.31804435693386,0.818265224720151,0.747210306788769,1.66734234086335,-0.344266777192772,-0.327290150719388,0.0879970737088557,-0.174308733989784,1.60799592714226,1.71606506546886,0.532130435317567,0.548975977478985,0.734569325934797,2.14748872729068,1.01228645236603,0.89093165516505,0.548445046031428,0.654591079158277,2.40281122567343,2.07039687771604,-0.35424852139678,0.529918094854375,-0.357484841274792,1.22137524627817,1.63141326366484,0.262618471964299,0.241221892521134,-0.348936279131231,1.71378048795042,1.0560345178875,-0.306491443513552,0.490680726166456,0.526408812993864,1.98583332469137,1.28671225827577,-0.34015253378494,0.361357091403055,-0.34624660933449,1.81682530374264,0.683162753666476,0.594554829075058,0.587461974665998,0.557995740724903,1.33797164824322,-0.356377244456695,0.185195822421023,0.762282173605691,-0.358342629540304,2.07435086335733,1.28932917404361,0.908512828959351,1.00977273920846,-0.344604011789235,1.02409080750381,0.687807760468905,0.127162841453396,0.130602993373879,-0.35303076456692,1.18229384993128,0.658632437308955,0.0728354427511403,0.671165552395945,-0.327560489208768,0.573445691304299,0.234403708991551,-0.169564831393515,-0.359253059897505,-0.320859915134903,0.172221589975633,-0.0315637797450926,-0.276132255120368,-0.325534702501331,0.346878155850744,1.87912756599743,1.87912756599743,0.359917642922457,-0.354047350024942,1.36135043190513
"k__Bacteria|p__Proteobacteria|c__Gammaproteobacteria|o__Pasteurellales|f__Pasteurellaceae|g__Haemophilus|s__parainfluenzae",0.121755226792206,-0.0118889102250222,0.7276418687723,0.7276418687723,-0.355375349330655,-0.311216608516987,-0.349561937619713,-0.355525568442928,-0.350361254137875,0.552598943279897,0.999600920041278,0.102947230987108,0.764213927898508,0.792939338862285,-0.187343003218829,-0.307804154711102,-0.351330099278442,-0.0617097864093917,-0.337589162757449,-0.347018916796674,0.68573036493241,0.445278200686462,0.796551349875235,0.159554858752636,0.00830584436634363,0.97032655163677,0.171033544478834,0.00146856446486729,-0.0374276217682862,-0.35618744442008,-0.318155664787435,-0.307717923227852,-0.0806936032643523,-0.357354462314865,-0.169609702429191,-0.25396472129649,-0.335943032935239,-0.0986066693185793,0.475431784784035,-0.206572421876107,0.0540995236849171,-0.0126815211610535,-0.343314217996724,-0.342197880471567,-0.23067059496097,0.181336736228271,-0.288157142808552,0.868833840758214,0.104896654490118,0.0674971424066565,1.46077309686958,-0.00259687473342408,-0.117353746630497,-0.171720721011,-0.34418642014992,-0.313345604792636,-0.351996073620118,-0.355333025786026,-0.344454254857012,-0.351409849881696,-0.329146961577329,-0.0128828224992898,0.458724008056978,-0.359366898756254,-0.198010187727971,0.390280127202804,0.234253136400931,0.0117914394259298,0.821500183117191,-0.347962900055353,-0.264517009578276,-0.344266777192772,-0.327290150719388,-0.229699418897413,-0.244231612919058,-0.263045968448129,1.61188451981193,0.0929901247504541,0.05971656968868,-0.351823916863386,0.469669253442531,1.00110193657859,-0.351889968040456,0.552268614179487,-0.354633140848136,-0.254798878318837,-0.245149504988087,-0.35424852139678,-0.00292684899121522,-0.357484841274792,-0.310323833193953,-0.264528319172188,-0.192231145215054,-0.264210603374649,-0.348936279131231,-0.306568295580426,0.0782794217004898,-0.306491443513552,-0.360587626393857,-0.352809562475741,1.53213131717125,-0.304123007820937,-0.34015253378494,-0.160657510255668,-0.34624660933449,-0.263810231442435,-0.355561600062418,-0.35609764219835,0.604670772985267,-0.358276622441246,0.173754013931767,-0.356377244456695,-0.111533430918273,-0.348335102624761,-0.358342629540304,0.0725567044271772,1.22547281762839,0.874143520054437,-0.331399986009218,-0.344604011789235,-0.0976312822783745,-0.351699636009036,-0.151847821939248,-0.210941636716862,-0.35303076456692,0.0336106610315061,-0.0319221359882943,-0.174788403842186,-0.348403927064411,-0.327560489208768,0.0564402207468907,-0.056779084525322,-0.20499460551278,-0.359253059897505,-0.246934349144482,-0.143998837737735,-0.179016888260219,-0.244442846549054,-0.325534702501331,-0.349786739499925,-0.255595499789311,-0.255595499789311,0.0287221394534652,0.639734798688454,-0.302129357248267
"k__Bacteria|p__Proteobacteria|c__Alphaproteobacteria|o__RF32|f__unclassified|g__unclassified|s__unclassified",-0.243950758710857,-0.195993279103274,-0.351458495084956,-0.351458495084956,-0.355375349330655,-0.311216608516987,-0.349561937619713,-0.355525568442928,-0.350361254137875,-0.35681970895717,-0.331365902511947,-0.228234032752123,-0.345278261562139,0.808335226149284,-0.135405760318476,-0.307804154711102,-0.351330099278442,-0.169149245587914,-0.337589162757449,-0.347018916796674,-0.210762428710691,-0.1801232774975,-0.346214087279884,-0.142774625892466,-0.102709873156637,-0.336671901945682,-0.198208269757941,-0.151010125227395,-0.153535956022563,-0.35618744442008,-0.318155664787435,-0.307717923227852,-0.174428487893599,0.867847702173173,-0.132632705360758,-0.25396472129649,-0.335943032935239,-0.17393246899978,-0.350919690425639,-0.134557673145894,-0.251453915918941,-0.204342714291334,-0.343314217996724,-0.342197880471567,-0.118847816044787,-0.353261292144645,-0.288157142808552,-0.345945670954519,-0.201963924010404,-0.144631259708173,-0.27991651993603,-0.24363131247052,-0.173943857485664,-0.206292697395908,-0.34418642014992,-0.313345604792636,-0.351996073620118,-0.355333025786026,-0.344454254857012,-0.351409849881696,-0.329146961577329,-0.219281978604914,-0.357514561160159,-0.359366898756254,-0.127421383907012,-0.259998579534992,-0.199064512521625,-0.164270888018105,1.06106541392442,0.828368192852866,-0.264517009578276,-0.344266777192772,-0.327290150719388,-0.183587338645219,-0.136890096198105,-0.263045968448129,-0.260915334689312,-0.159540511162248,-0.159132381664459,-0.351823916863386,-0.330056534827819,-0.332637186033752,-0.351889968040456,-0.359339270216523,-0.354633140848136,-0.254798878318837,-0.245149504988087,-0.35424852139678,-0.181535863039521,-0.357484841274792,-0.374269753137849,-0.264528319172188,-0.215239575864152,-0.221135582515893,-0.348936279131231,-0.306568295580426,-0.266375613426717,-0.306491443513552,-0.360587626393857,0.5356069419225,-0.27306528226547,-0.304123007820937,-0.34015253378494,-0.221785125299035,-0.34624660933449,-0.263810231442435,-0.355561600062418,-0.35609764219835,0.581923755222235,-0.358276622441246,-0.294383080792875,-0.356377244456695,-0.16651473233964,-0.348335102624761,-0.358342629540304,-0.387391349892402,-0.315388828509139,-0.338458266062735,-0.331399986009218,1.33972995189451,-0.29824711192689,-0.351699636009036,-0.175344280239806,-0.177585471926033,0.349801918441421,-0.318693358831436,-0.254758143361798,-0.194389486118747,-0.348403927064411,-0.327560489208768,-0.204523625050944,-0.148013823418534,-0.110353035100062,0.851123928179216,-0.0865746993695831,-0.179263650825193,-0.129181803322215,-0.0905289754773975,-0.325534702501331,-0.349786739499925,-0.255595499789311,-0.255595499789311,-0.138114031548547,-0.354047350024942,-0.302129357248267
"k__Bacteria|p__Proteobacteria|c__Gammaproteobacteria|o__Pasteurellales|f__Pasteurellaceae|g__Haemophilus|s__unclassified",1.00818888402085,0.693665874202234,0.795436729857289,0.795436729857289,-0.355375349330655,1.19139057681365,0.568939257626184,-0.355525568442928,0.734441602713973,0.574049567787149,1.08056576329209,0.912418680594104,0.803569354777466,0.842252145773847,0.252181273383567,1.27913947470646,-0.351330099278442,0.569202613764708,1.02280153123329,0.761785364580682,1.8623557157584,1.38727640614278,1.17797553984605,0.827938266283226,0.443278318254791,1.26606907776102,0.904177884601179,0.545870699410238,0.506050712403814,-0.35618744442008,1.12849039709486,1.25100646439434,0.457633398251756,0.686531829667969,0.224591284648905,1.69779759753666,0.904174118370742,0.449492850229965,0.629691185582164,0.19717783575486,0.842928916030377,0.630175790610055,-0.343314217996724,-0.342197880471567,0.0796911585320694,0.788264861038605,1.40360498723204,1.02667247357892,0.736807077394991,0.612174490414815,1.49851269622059,0.721652920227031,0.446745101937026,0.365044104545689,-0.34418642014992,-0.313345604792636,-0.351996073620118,0.457966846676327,0.796608536303957,0.373816326059066,1.0532841664755,0.656527271412117,0.597077106485352,0.45728776585077,0.194325143685948,1.39278123019806,1.08320587356168,0.607277875943939,0.91020760782568,0.752343153078501,-0.264517009578276,0.803861806208729,-0.327290150719388,0.246388230060322,0.0928512262304919,-0.263045968448129,1.65230071282992,0.635372732824262,0.58995348480423,-0.351823916863386,1.58527809284876,1.09446878017514,0.760299775432987,0.845840073956225,0.731220806914527,1.68748479779806,1.78498186585081,0.651864395736908,0.588539937489677,-0.357484841274792,0.280021446377231,-0.264528319172188,0.370289036503877,0.23225722152475,0.849660070954982,-0.306568295580426,0.876933909483474,-0.306491443513552,0.66207909384582,-0.352809562475741,1.56678245918827,-0.304123007820937,0.908581666818473,0.451386405846366,-0.34624660933449,1.58695623594138,0.505821511359197,0.430444024136,1.26332085701838,0.613814624135999,1.09540780149874,0.604583854008847,0.485898566463552,0.833769628523177,0.720580448062501,0.865182181811706,1.50757920341158,0.943724216307102,-0.331399986009218,0.787071972069407,0.530437760999211,0.705634414313266,0.329384794993148,0.247907149726885,0.370105354120306,0.955228778943834,0.752790890521495,0.396212892647335,-0.348403927064411,-0.327560489208768,0.779254886753904,0.507909894187852,0.178384491582067,0.610971781992287,-0.0235197580167339,0.325858642775148,0.183777580575123,-0.00571868236506426,-0.325534702501331,0.346878155850744,1.70173960877615,1.70173960877615,0.58731141420136,1.11970860195526,1.35500187603616
"k__Bacteria|p__Proteobacteria|c__Betaproteobacteria|o__Burkholderiales|f__Alcaligenaceae|g__Sutterella|s__unclassified",0.672367904615117,0.725857359664338,1.06061277951962,1.06061277951962,1.20479155203639,1.18422069741611,0.721315062112882,-0.355525568442928,1.32856867574623,0.851733122189851,1.79011019395773,0.614892770752204,1.18312603914781,0.988266579257169,0.752855740201637,1.27603465436843,1.16630991969472,0.722208479513736,1.40354336497048,1.1300861239596,0.00931962951130133,0.201310135605007,-0.346214087279884,0.412067831267216,0.489294631685126,-0.336671901945682,0.400391203187616,0.533846148559148,0.548189411231697,0.661323226126235,-0.318155664787435,1.44908205042241,0.69509956604003,0.929392981625647,0.691907249451209,-0.25396472129649,1.11024658253183,0.740231148707414,0.694761234430592,0.730764363636854,0.643725309375351,0.668406740149471,-0.343314217996724,0.852312556100171,0.719794955422498,0.047086065930801,-0.288157142808552,-0.345945670954519,0.364302137736112,0.423680143114834,1.72236073163939,0.670533512340584,0.769707103253557,0.819169150182182,0.710816630346506,1.17772764458187,0.736246027441944,0.824212340917178,0.938919204561112,0.625797808333443,1.47332858444749,0.625405047972537,0.488191779026814,0.460962928874955,0.70042293762408,0.300128277981402,0.417288680914242,0.582649442285929,-0.344664907277735,-0.347962900055353,1.95515561735329,0.80969844174761,1.23081871206969,0.835998083205996,0.770732377300395,-0.263045968448129,-0.260915334689312,0.412781132151506,0.41895781086285,0.716114910025296,0.228227452996842,-0.332637186033752,0.733462316491026,0.713855726871218,-0.354633140848136,-0.254798878318837,-0.245149504988087,0.635827103545623,0.612261273233108,0.548202101157257,0.870748039821021,-0.264528319172188,0.865148609817123,0.939011827255788,1.08760737303314,-0.306568295580426,0.582137491804696,-0.306491443513552,-0.360587626393857,1.00849155299896,-0.27306528226547,-0.304123007820937,-0.34015253378494,0.845192622728687,1.26026301560353,-0.263810231442435,0.533210936234482,0.605431304617333,0.59922730192523,0.684250417236055,0.586742110819438,0.589246108982204,0.757391899804453,0.873506611828619,0.765541185797522,0.409350346079708,1.55605884453629,1.04882620267511,1.30370284663668,0.988368169982701,0.710973984046225,1.36593967648469,0.754255415202251,0.810162386656458,0.374707566096295,0.763198036852395,0.794699524658299,0.875345130520526,0.979081459135852,1.15252913268677,0.646144186724538,0.675030722110454,0.701802983340811,0.796784892605743,0.663647634592793,0.714041095122192,0.696289273528254,0.681679108215405,0.953256288249623,0.349214423559353,1.95505308723693,1.95505308723693,0.522571483976095,1.00903980949827,1.3473300216792
"k__Bacteria|p__Actinobacteria|c__Actinobacteria|o__Actinomycetales|f__Actinomycetaceae|g__Parascardovia|s__unclassified",-0.414945228931082,-0.396384329504807,-0.351458495084956,-0.351458495084956,-0.355375349330655,-0.311216608516987,-0.349561937619713,-0.355525568442928,-0.350361254137875,-0.35681970895717,-0.331365902511947,-0.36916821908199,-0.345278261562139,-0.34365991505858,-0.321120762908823,-0.307804154711102,-0.351330099278442,-0.365463114344753,-0.337589162757449,-0.347018916796674,-0.306943142256964,-0.317108760158831,-0.346214087279884,-0.309096720643872,-0.285428347391733,-0.336671901945682,-0.296373447432957,-0.308905610392694,-0.297154719931771,-0.35618744442008,-0.318155664787435,-0.307717923227852,-0.342373492235271,-0.357354462314865,-0.299222100743924,-0.25396472129649,-0.335943032935239,-0.355414424065189,-0.350919690425639,-0.316871281962588,-0.358389029108105,-0.356847729496087,-0.343314217996724,-0.342197880471567,-0.286099727739257,0.00288290604483074,-0.288157142808552,-0.345945670954519,-0.228680721270704,-0.251543691913467,-0.27991651993603,-0.347727742235438,-0.375732790795198,-0.355206946121109,-0.34418642014992,-0.313345604792636,-0.351996073620118,-0.355333025786026,-0.344454254857012,-0.351409849881696,-0.329146961577329,-0.314682792009933,-0.357514561160159,-0.359366898756254,-0.303766624843326,-0.331387902308377,-0.335549554168522,-0.334194730245372,-0.344664907277735,-0.347962900055353,-0.264517009578276,-0.344266777192772,-0.327290150719388,-0.340939035893813,-0.307933443350247,-0.263045968448129,-0.260915334689312,-0.248061416774286,-0.249649688232042,-0.351823916863386,-0.292798643975737,-0.332637186033752,-0.351889968040456,-0.359339270216523,-0.354633140848136,-0.254798878318837,-0.245149504988087,-0.35424852139678,-0.306333495906336,-0.357484841274792,-0.236621556889499,-0.264528319172188,-0.367066486541139,-0.353574799480377,-0.348936279131231,-0.306568295580426,-0.341792209042612,-0.306491443513552,-0.360587626393857,-0.352809562475741,-0.27306528226547,-0.304123007820937,-0.34015253378494,-0.376177400292662,-0.34624660933449,-0.263810231442435,-0.355561600062418,-0.35609764219835,-0.357686648808836,-0.358276622441246,-0.345559756466285,-0.356377244456695,-0.37225239197209,-0.348335102624761,-0.358342629540304,-0.15217335009007,-0.315388828509139,-0.338458266062735,-0.331399986009218,-0.344604011789235,-0.268192821562466,-0.351699636009036,-0.324717415603582,-0.319517943920102,-0.35303076456692,-0.404098001888497,-0.408883204438353,-0.391812011606048,-0.348403927064411,-0.327560489208768,-0.377203316706661,-0.343057482828373,-0.313510986007178,-0.359253059897505,-0.263774441219434,-0.308660229480065,-0.284895256406131,-0.254826202558731,-0.325534702501331,-0.349786739499925,-0.255595499789311,-0.255595499789311,-0.304449110027316,-0.354047350024942,-0.302129357248267
"k__Bacteria|p__Actinobacteria|c__Actinobacteria|o__Actinomycetales|f__Corynebacteriaceae|g__Corynebacterium|s__unclassified",-0.421986639937159,-0.375739313983222,-0.351458495084956,-0.351458495084956,-0.355375349330655,-0.311216608516987,-0.349561937619713,-0.355525568442928,-0.350361254137875,-0.35681970895717,-0.331365902511947,-0.362767339865709,-0.345278261562139,-0.34365991505858,-0.321171995524624,-0.307804154711102,-0.351330099278442,-0.356702361240188,-0.337589162757449,-0.347018916796674,-0.288734127863293,-0.303527886972876,-0.346214087279884,-0.300987123295457,-0.280036190578819,-0.336671901945682,-0.277659628541413,-0.295888234251004,-0.300616730149147,-0.35618744442008,-0.318155664787435,-0.307717923227852,-0.336225680536421,-0.357354462314865,-0.318655686480618,-0.25396472129649,-0.335943032935239,-0.331159080251452,-0.350919690425639,-0.306584877781676,-0.351436428634065,-0.35422013349841,-0.343314217996724,-0.342197880471567,-0.280116193485339,-0.0107760416059891,-0.288157142808552,-0.345945670954519,-0.223718836792514,-0.250170987466523,-0.27991651993603,-0.349318808791231,-0.362660387426435,-0.360360683622769,-0.34418642014992,-0.313345604792636,-0.351996073620118,-0.355333025786026,-0.344454254857012,-0.351409849881696,-0.329146961577329,-0.311083132853157,-0.357514561160159,-0.359366898756254,-0.299912211829038,-0.321164129852709,-0.323327036423895,-0.321794607992374,-0.344664907277735,-0.347962900055353,-0.264517009578276,-0.344266777192772,-0.327290150719388,-0.348071336109635,-0.306757986514798,-0.263045968448129,-0.260915334689312,-0.259102647107822,-0.23785228626257,-0.351823916863386,-0.264845541711849,-0.332637186033752,-0.351889968040456,-0.359339270216523,-0.354633140848136,-0.254798878318837,-0.245149504988087,-0.35424852139678,-0.307284314269071,-0.357484841274792,-0.25343195357617,-0.264528319172188,-0.373305294069881,-0.358548127252613,-0.348936279131231,-0.306568295580426,-0.335792647791533,-0.306491443513552,-0.360587626393857,-0.352809562475741,-0.27306528226547,-0.304123007820937,-0.34015253378494,-0.37042577679018,-0.34624660933449,-0.263810231442435,-0.355561600062418,-0.35609764219835,-0.357686648808836,-0.358276622441246,-0.345033647219818,-0.356377244456695,-0.359265561713483,-0.348335102624761,-0.358342629540304,-0.157869945110871,-0.315388828509139,-0.338458266062735,-0.331399986009218,-0.344604011789235,-0.280625770150273,-0.351699636009036,-0.325898087811222,-0.318917989528109,-0.35303076456692,-0.410378308966428,-0.414146034118961,-0.409214052948385,-0.348403927064411,-0.327560489208768,-0.358917814427889,-0.340697113194321,-0.312166854311986,-0.359253059897505,-0.253992195033174,-0.313201980744491,-0.298259290188083,-0.253677149185826,-0.325534702501331,-0.349786739499925,-0.255595499789311,-0.255595499789311,-0.311166048691209,-0.354047350024942,-0.302129357248267
"k__Bacteria|p__Actinobacteria|c__Actinobacteria|o__Actinomycetales|f__Micrococcaceae|g__Rothia|s__mucilaginosa",-0.313497361770551,-0.339746610299937,-0.351458495084956,-0.351458495084956,-0.355375349330655,-0.311216608516987,-0.349561937619713,-0.355525568442928,-0.350361254137875,-0.35681970895717,-0.331365902511947,-0.264978393395367,-0.345278261562139,-0.34365991505858,-0.348463403383484,1.26656680789555,-0.351330099278442,-0.321248286323888,-0.337589162757449,-0.347018916796674,-0.0786013509590322,-0.159742367312182,-0.346214087279884,-0.239303814456807,-0.253907062371783,-0.336671901945682,-0.189254758319733,-0.255111977739082,-0.258542574529297,0.65673160889708,1.12759543798925,-0.307717923227852,-0.311188153988774,-0.357354462314865,-0.306029782925196,-0.25396472129649,-0.335943032935239,-0.324712519373044,-0.350919690425639,-0.319506938234124,-0.257382181400549,-0.295647881209201,-0.343314217996724,-0.342197880471567,-0.318966753882647,0.226249368785491,-0.288157142808552,-0.345945670954519,-0.130713649409307,-0.197828204989349,-0.27991651993603,-0.249313703980691,-0.334999174659084,-0.321509270061493,-0.34418642014992,-0.313345604792636,-0.351996073620118,-0.355333025786026,-0.344454254857012,-0.351409849881696,-0.329146961577329,-0.243221418086253,-0.357514561160159,-0.359366898756254,-0.307818252510527,-0.144199880626927,-0.219872879064702,-0.289957133181232,-0.344664907277735,-0.347962900055353,-0.264517009578276,-0.344266777192772,-0.327290150719388,-0.334736610452937,-0.320613374799788,-0.263045968448129,-0.260915334689312,-0.195923051786595,-0.203371887638309,-0.351823916863386,-0.0404058748457248,-0.332637186033752,-0.351889968040456,-0.359339270216523,-0.354633140848136,-0.254798878318837,1.75991176656153,-0.35424852139678,-0.245799837743517,-0.357484841274792,-0.122951870682756,-0.264528319172188,-0.346958603679847,-0.330449879297524,-0.348936279131231,-0.306568295580426,-0.224542377647432,-0.306491443513552,-0.360587626393857,-0.352809562475741,-0.27306528226547,-0.304123007820937,-0.34015253378494,-0.324230102022657,-0.34624660933449,-0.263810231442435,-0.355561600062418,-0.35609764219835,-0.357686648808836,-0.358276622441246,-0.20054142861087,-0.356377244456695,-0.344353106488008,-0.348335102624761,-0.358342629540304,0.0827504202351253,-0.315388828509139,-0.338458266062735,-0.331399986009218,-0.344604011789235,-0.177192397603572,-0.351699636009036,-0.308842781022631,-0.315099066163368,-0.35303076456692,-0.259509910237401,-0.320624687672798,-0.400416433851621,-0.348403927064411,-0.327560489208768,-0.298876950966779,-0.314753692741331,-0.325416504952514,-0.359253059897505,-0.293481938506699,-0.298687891396455,-0.297921612637274,-0.29312344623545,-0.325534702501331,-0.349786739499925,-0.255595499789311,-0.255595499789311,-0.260574152383249,-0.354047350024942,-0.302129357248267
"k__Bacteria|p__Actinobacteria|c__Actinobacteria|o__Actinomycetales|f__Actinomycetaceae|g__Actinomyces|s__unclassified",-0.340353455219934,-0.361495665366721,-0.351458495084956,-0.351458495084956,-0.355375349330655,-0.311216608516987,-0.349561937619713,-0.355525568442928,-0.350361254137875,-0.35681970895717,-0.331365902511947,-0.280827735357463,-0.345278261562139,-0.34365991505858,-0.354974967421369,-0.307804154711102,-0.351330099278442,-0.338972942584941,-0.337589162757449,-0.347018916796674,-0.126851203134859,-0.198674611709173,-0.346214087279884,-0.280046726568385,-0.27359732207319,0.93738517351871,-0.204159387227669,-0.27284023009742,-0.274497281290153,-0.35618744442008,-0.318155664787435,-0.307717923227852,-0.32211714996083,-0.357354462314865,-0.327321020066637,-0.25396472129649,-0.335943032935239,-0.332483356162724,-0.350919690425639,-0.338897095527339,-0.269694246574721,-0.317916564224123,-0.343314217996724,-0.342197880471567,-0.3282302040776,0.233631308742086,-0.288157142808552,-0.345945670954519,-0.135679281334038,-0.215390681479678,-0.27991651993603,-0.268319932671041,-0.359020238313732,-0.348807500615142,-0.34418642014992,-0.313345604792636,-0.351996073620118,-0.355333025786026,-0.344454254857012,-0.351409849881696,-0.329146961577329,-0.249390267842753,-0.357514561160159,-0.359366898756254,-0.337728212997012,-0.176732590181535,-0.247794247964843,-0.320101014323587,-0.344664907277735,-0.347962900055353,-0.264517009578276,-0.344266777192772,-0.327290150719388,-0.352935421172917,-0.333809289479492,-0.263045968448129,-0.260915334689312,-0.207155788623672,-0.209233226459343,-0.351823916863386,-0.0534204322966519,-0.332637186033752,-0.351889968040456,-0.359339270216523,-0.354633140848136,-0.254798878318837,-0.245149504988087,-0.35424852139678,-0.271894426698357,-0.357484841274792,-0.0965308114719613,-0.264528319172188,-0.358268678290423,-0.353126367549472,-0.348936279131231,-0.306568295580426,-0.247451458998665,-0.306491443513552,-0.360587626393857,-0.352809562475741,-0.27306528226547,1.23491783382645,-0.34015253378494,-0.35051137400004,-0.34624660933449,-0.263810231442435,-0.355561600062418,-0.35609764219835,-0.357686648808836,-0.358276622441246,-0.223344020338991,-0.356377244456695,-0.355392335851225,-0.348335102624761,-0.358342629540304,0.0776018824384704,1.21055790598427,-0.338458266062735,-0.331399986009218,-0.344604011789235,-0.174714612354609,-0.351699636009036,-0.323669086509433,-0.310546763900034,-0.35303076456692,-0.280725367526549,-0.347344164307837,-0.408469288717464,-0.348403927064411,-0.327560489208768,-0.309641647388908,-0.319219306934141,-0.342126169635037,-0.359253059897505,-0.295349998828918,-0.309997339906226,-0.310331477692277,-0.292822322705047,-0.325534702501331,-0.349786739499925,-0.255595499789311,-0.255595499789311,-0.27776046090629,-0.354047350024942,-0.302129357248267
"k__Bacteria|p__Actinobacteria|c__Actinobacteria|o__Bifidobacteriales|f__Bifidobacteriaceae|g__Bifidobacterium|s__longum",1.06234630004707,0.762711356945891,-0.351458495084956,-0.351458495084956,0.692854161505264,1.63291762928995,0.631489706536949,0.8506047945146,0.752164226812709,0.825820465459748,1.46560936356429,1.08389785526898,0.766483432418799,-0.34365991505858,0.418058419367659,2.10837881295813,1.09837806522977,0.696602807584252,1.62236781718643,0.71828254420678,1.42018477169234,1.03077618095004,0.854861036853029,0.667680154767886,0.395400185351112,1.23100202137342,0.920870217424355,0.570481720604021,0.617779617898261,1.08571345365559,1.22488215619946,1.24116650066776,0.630902649848402,0.653679986514821,0.410990585952294,1.69730231033575,1.75600757155556,0.646674459833068,0.476091409659421,0.418251203987632,1.11661205882252,0.792268353725827,0.93079240795481,-0.342197880471567,0.278612794358142,1.80971352809691,1.90604297631445,1.20632919502272,0.976783610957197,0.660045856443262,1.48750243203356,1.07009525965626,0.664991190945561,0.699559549857873,0.709714628264733,-0.313345604792636,1.04537352227774,0.654358153002473,-0.344454254857012,0.352641047109279,1.44595186053644,0.999145542988204,0.456997157790223,0.530969507706764,0.39842155539553,1.35615727743101,0.999576891861889,0.593879288899305,0.820222496607807,0.801298082995894,1.9625719621153,0.999344950458541,-0.327290150719388,0.617188625264601,0.374537086713352,-0.263045968448129,-0.260915334689312,0.651755374740041,0.690607912306808,0.697313515325939,1.78390985622609,1.43999423888245,0.795606944675997,0.622431182677422,0.616217149454002,2.02724326807968,2.39637392332485,0.746035629835804,0.781297923963566,0.565799090805411,1.58989421458935,1.65753227888772,0.777033500100133,0.811687394715066,0.846382299053627,2.05699683973556,1.20832346616872,1.255670043915,0.627245092637043,0.544614490299008,1.7524166413486,1.82523491802588,1.26679353096462,0.831016690988867,0.818904673049521,2.02512916556623,1.46080406765426,0.51273388159568,0.582716809775835,0.560918690653073,1.41566949292656,0.58012878169887,0.622505250291752,0.810002768064999,0.663250247463343,1.94008105787331,-0.315388828509139,0.876844480337265,1.44580283343624,0.796846386602113,1.28900591020391,1.0808916597313,0.599519177790643,0.612052308089975,0.351817356816524,1.41517885664793,1.02715702221287,0.620401811851925,0.672523624401443,-0.327560489208768,0.855967083251306,0.586213375183628,0.316600972331996,0.553267365014625,0.191922206836877,0.592894699272639,0.424313851199442,0.209393440545795,-0.325534702501331,0.380909643469184,1.72431741983602,1.72431741983602,0.588239636902361,0.646089309820636,-0.302129357248267
"k__Bacteria|p__Actinobacteria|c__Actinobacteria|o__Bifidobacteriales|f__Bifidobacteriaceae|g__Bifidobacterium|s__adolescentis",0.578568987044427,0.297530382390857,-0.351458495084956,-0.351458495084956,-0.355375349330655,1.2078933953153,0.676927895687885,0.710290107807101,-0.350361254137875,-0.35681970895717,1.00001221483472,0.595068500031773,-0.345278261562139,-0.34365991505858,-0.0204161755103356,1.33237007215515,1.0437836441679,0.249839964543476,1.03511200055987,0.714704334913335,1.24412479834088,0.823475851958182,-0.346214087279884,0.389007990193237,0.114995077373232,0.938476641314208,0.597502544427881,0.226768070590959,0.233848559700955,-0.35618744442008,1.12838514935073,-0.307717923227852,0.191019608820383,-0.357354462314865,-0.0031694937840058,-0.25396472129649,0.913608150603776,0.201412338441897,0.476311187963306,-0.0173223096477477,0.610233400309802,0.343846729588569,-0.343314217996724,-0.342197880471567,-0.121221451829459,1.37201447819796,1.40301444895021,0.896559608986421,0.628235090369275,0.344774420235877,1.52049119110373,0.56304142721025,0.182220086774364,0.169497764366614,-0.34418642014992,-0.313345604792636,0.812511710800838,0.718921855487934,-0.344454254857012,0.348168506059633,1.1434002906368,0.50088484220869,-0.357514561160159,0.593409476713927,-0.0149282614875967,0.992970720924343,0.642959317425501,0.234354510637816,-0.344664907277735,0.746474887589688,-0.264517009578276,-0.344266777192772,-0.327290150719388,0.0858407843991522,-0.0769483916919885,-0.263045968448129,-0.260915334689312,0.342496225244065,0.366340158900595,0.682459525301025,1.37638083038545,0.99954938077041,0.801069546275702,0.578631901959119,0.625684584947115,1.68409965839059,1.76472986223723,0.736251670569741,0.360511488744452,0.551491007586556,0.769559837201189,-0.264528319172188,0.201234890071723,0.177579951969718,-0.348936279131231,1.24436800867213,0.698438854365972,2.10536390194307,0.47937766209513,-0.352809562475741,1.5385214905645,1.24874445594114,0.866043993929167,0.26253185903841,-0.34624660933449,-0.263810231442435,0.573410813690461,-0.35609764219835,-0.357686648808836,-0.358276622441246,0.875645527877839,1.06300385478154,0.160885896967387,0.778284259614516,0.636296230101365,1.32336606644865,1.20810155382587,-0.338458266062735,0.957140620024601,-0.344604011789235,0.658326505280527,0.764990224755531,0.118016227492826,0.104674745184232,0.35516742032052,0.775077808381198,0.46682075270205,0.077567620099795,0.702602563647515,-0.327560489208768,0.400062230347043,0.163425817061017,-0.0898448172591133,-0.359253059897505,-0.175219755794898,0.135331450722503,0.0115967545452904,-0.144563497030595,-0.325534702501331,0.436744230756462,1.69744892590113,1.69744892590113,0.256807951299537,-0.354047350024942,-0.302129357248267
"k__Bacteria|p__Actinobacteria|c__Actinobacteria|o__Bifidobacteriales|f__Bifidobacteriaceae|g__Bifidobacterium|s__unclassified",0.493825692379776,0.360761352679725,-0.351458495084956,-0.351458495084956,0.965033749996294,1.18011348951819,-0.349561937619713,0.610568751664672,0.694294707735795,0.56117421589959,1.0155173746492,0.608960239345505,0.777754332234047,0.79343969800148,0.322205750906105,1.32719063031378,0.809073255629203,0.413571444532545,1.36657399713404,-0.347018916796674,0.0968896437411471,-0.00254646734783132,-0.346214087279884,0.0924293514311871,0.0897528014353387,0.976821579686945,0.40789291338614,0.233364192578797,0.351534957076795,1.29090260571124,1.52117881678192,-0.307717923227852,0.425459569776552,0.689881495900616,0.364151317900847,1.81129012125768,0.917624220258526,0.458949624778172,0.580956374794539,0.365699338546381,0.713312161532077,0.487405276094686,1.40771755685435,-0.342197880471567,0.325397948981815,1.86858403257682,1.41980643469692,0.884959346687608,0.681024127164438,0.307558281820447,1.52049119110373,0.813796868234682,0.481694654508791,0.633261396476986,0.729367216036088,-0.313345604792636,0.869379138465047,0.801974296418194,0.809217035912926,0.443097033303388,1.08729938709941,0.747522597047122,0.594569918876479,0.809689209674529,0.382236624732579,0.486870487731963,0.299958146311364,0.212407939076543,-0.344664907277735,0.751172251670927,1.63863799524727,0.985371253357083,0.973142194664939,0.660870268507232,0.429481690819637,-0.263045968448129,-0.260915334689312,0.243821447377237,0.37458497873795,0.859423389154864,0.939377182864593,1.00613116026061,0.731301187147874,-0.359339270216523,-0.354633140848136,1.69330500108667,1.76546905162658,0.691218928468949,0.506185576105593,0.781399404655664,2.12018987426284,1.70557942530476,0.758130403725913,0.969916757137883,-0.348936279131231,1.28339382101433,0.816445289906464,1.25617536382129,0.734930177116607,0.527603935948572,1.59249318492703,1.24457472212348,0.894493400411654,0.730639133784411,0.832664618787206,1.59348046785194,0.558057893483288,0.463448958958808,0.633714869179153,0.560351007999438,0.907338123204704,0.685875673224247,0.374232932827184,-0.348335102624761,0.594630034933133,2.0182950568419,1.34554055827446,-0.338458266062735,0.943947330773342,0.888280992583718,1.31725921826711,0.933427805610572,0.530548060183974,0.669706954637302,0.381571412950288,1.08108604907646,0.711463240025208,0.477075277205122,0.695996106841086,-0.327560489208768,0.397276264080143,0.30311727408501,0.279574636927497,0.574945238916288,0.280144397141648,0.504604697531797,0.387718812890149,0.31773146622333,-0.325534702501331,-0.349786739499925,-0.255595499789311,-0.255595499789311,0.207156221018192,-0.354047350024942,-0.302129357248267
"k__Bacteria|p__Cyanobacteria|c__4C0d-2|o__YS2|f__unclassified|g__unclassified|s__unclassified",-0.325758388767042,-0.264476947241867,-0.351458495084956,-0.351458495084956,-0.355375349330655,-0.311216608516987,-0.349561937619713,-0.355525568442928,-0.350361254137875,-0.35681970895717,-0.331365902511947,-0.300799047235432,-0.345278261562139,-0.34365991505858,-0.20661623777906,-0.307804154711102,-0.351330099278442,-0.250588245841979,-0.337589162757449,-0.347018916796674,-0.311159164205054,-0.274734273765866,-0.346214087279884,-0.236868251545249,-0.182123483436638,-0.336671901945682,-0.238640752346407,-0.194647737851967,-0.20290924063838,-0.35618744442008,-0.318155664787435,-0.307717923227852,-0.22975831381163,0.764204065587867,-0.184883381721886,-0.25396472129649,-0.335943032935239,-0.221925932241268,-0.350919690425639,-0.182191451203175,-0.295677251138527,-0.240150140515958,-0.343314217996724,0.798692425852285,-0.159169518787044,-0.19624355351872,-0.288157142808552,-0.345945670954519,-0.211642495938321,-0.199039463867745,-0.27991651993603,-0.269114460685497,-0.241632624645344,-0.231929135593769,-0.34418642014992,-0.313345604792636,-0.351996073620118,-0.355333025786026,-0.344454254857012,-0.351409849881696,-0.329146961577329,-0.247310120072558,-0.357514561160159,-0.359366898756254,-0.178679024836228,-0.319021266085543,-0.271730843669882,-0.219078370344547,-0.344664907277735,-0.347962900055353,-0.264517009578276,-0.344266777192772,0.987904815777734,-0.230094229814113,-0.169070705976993,-0.263045968448129,-0.260915334689312,-0.187991670069479,-0.199101574168186,-0.351823916863386,-0.343273084052543,-0.332637186033752,-0.351889968040456,-0.359339270216523,-0.354633140848136,-0.254798878318837,-0.245149504988087,0.637034222598621,-0.242890528269403,0.551308574063185,-0.279429761559979,-0.264528319172188,-0.235681145742347,-0.240601921312498,-0.348936279131231,-0.306568295580426,-0.293899278195282,-0.306491443513552,-0.360587626393857,-0.352809562475741,-0.27306528226547,-0.304123007820937,-0.34015253378494,-0.265010101181862,-0.34624660933449,-0.263810231442435,-0.355561600062418,-0.35609764219835,-0.357686648808836,-0.358276622441246,-0.320914337500712,-0.356377244456695,-0.233005894907844,-0.348335102624761,-0.358342629540304,-0.269081907089437,-0.315388828509139,-0.338458266062735,-0.331399986009218,-0.344604011789235,-0.259683582366713,-0.351699636009036,-0.210899821961002,-0.206971093421485,-0.35303076456692,-0.342085437817564,-0.295120978097274,-0.250591063423416,-0.348403927064411,-0.327560489208768,-0.278233370651937,-0.240303265274073,-0.167413382469596,-0.359253059897505,-0.130318440513993,-0.201716375021637,-0.170461175070804,-0.12723454635741,0.931374928232058,-0.349786739499925,-0.255595499789311,-0.255595499789311,-0.196910104440667,0.675993283702897,-0.302129357248267
"k__Bacteria|p__Cyanobacteria|c__Chloroplast|o__Streptophyta|f__unclassified|g__unclassified|s__unclassified",-0.319454975167776,-0.284915389110318,-0.351458495084956,-0.351458495084956,-0.355375349330655,-0.311216608516987,-0.349561937619713,-0.355525568442928,-0.350361254137875,-0.35681970895717,-0.331365902511947,-0.297078106055452,-0.345278261562139,-0.34365991505858,-0.206313710396189,-0.307804154711102,-0.351330099278442,-0.263162225200945,-0.337589162757449,-0.347018916796674,-0.295424984553525,-0.273480497271499,-0.346214087279884,-0.236767998832134,-0.197937022555499,-0.336671901945682,-0.244902553761524,-0.215498243137304,-0.226885465689564,0.85368137539892,-0.318155664787435,-0.307717923227852,-0.252300449677066,0.784900552252434,-0.201298907533399,-0.25396472129649,-0.335943032935239,-0.242391299721211,-0.350919690425639,-0.242901351154174,-0.300422332892424,-0.278294838436321,-0.343314217996724,-0.342197880471567,-0.198086799037009,-0.129875216545219,-0.288157142808552,-0.345945670954519,-0.199467068009916,-0.200692376472337,-0.27991651993603,-0.275385334562324,-0.250449814435888,-0.237577610365313,-0.34418642014992,-0.313345604792636,-0.351996073620118,-0.355333025786026,-0.344454254857012,-0.351409849881696,-0.329146961577329,-0.260605714407262,0.481842909786922,-0.359366898756254,-0.203829335586439,-0.30015794914938,-0.271461218551768,-0.246008501044123,-0.344664907277735,-0.347962900055353,-0.264517009578276,-0.344266777192772,-0.327290150719388,-0.223510594309811,-0.198106845042244,-0.263045968448129,-0.260915334689312,-0.210545004067405,-0.188800822913945,-0.351823916863386,-0.312005735239033,-0.332637186033752,-0.351889968040456,0.54983712656853,-0.354633140848136,-0.254798878318837,-0.245149504988087,-0.35424852139678,-0.22383483878852,-0.357484841274792,-0.254598636660683,-0.264528319172188,-0.267307839451879,-0.270522673476918,-0.348936279131231,-0.306568295580426,-0.285193092580717,-0.306491443513552,-0.360587626393857,-0.352809562475741,-0.27306528226547,-0.304123007820937,-0.34015253378494,-0.282391400630952,-0.34624660933449,-0.263810231442435,-0.355561600062418,-0.35609764219835,-0.357686648808836,0.604932084818334,-0.317161228502693,-0.356377244456695,-0.256246494885057,-0.348335102624761,-0.358342629540304,-0.216941287573698,-0.315388828509139,-0.338458266062735,-0.331399986009218,-0.344604011789235,-0.266260379598862,0.666141726426218,-0.239028861699946,-0.236479187862842,-0.35303076456692,-0.347806744180719,-0.327774240841232,-0.275127265551767,-0.348403927064411,-0.327560489208768,-0.278130205873519,-0.24683503370568,-0.20642454068692,-0.359253059897505,-0.155254044710831,-0.242876009456274,-0.199630722823935,-0.168439052780791,-0.325534702501331,0.348747606465357,-0.255595499789311,-0.255595499789311,-0.225954655279567,-0.354047350024942,-0.302129357248267
"k__Bacteria|p__Fusobacteria|c__Fusobacteria|o__Fusobacteriales|f__Fusobacteriaceae|g__Fusobacterium|s__unclassified",-0.25569832925755,-0.30787943337975,-0.351458495084956,-0.351458495084956,-0.355375349330655,-0.311216608516987,-0.349561937619713,-0.355525568442928,-0.350361254137875,-0.35681970895717,1.00165570445879,-0.217127064818075,-0.345278261562139,-0.34365991505858,-0.367920816102918,-0.307804154711102,-0.351330099278442,-0.307444367879778,-0.337589162757449,-0.347018916796674,0.202417310342175,0.0324173048984151,0.787144278008597,-0.131335333566426,-0.212220671569529,0.975245586339248,-0.108170739969654,-0.23622631552383,-0.242471269916383,-0.35618744442008,-0.318155664787435,-0.307717923227852,-0.314204068573022,-0.357354462314865,-0.353072058347174,-0.25396472129649,-0.335943032935239,-0.32313575940228,-0.350919690425639,-0.363718429755244,-0.239626228269728,-0.285843775132505,-0.343314217996724,-0.342197880471567,-0.377138636472542,0.161030090001079,-0.288157142808552,-0.345945670954519,-0.0966877891386469,-0.16178732796365,-0.27991651993603,-0.252603377060504,-0.338525319749157,-0.375857506739787,-0.34418642014992,-0.313345604792636,-0.351996073620118,-0.355333025786026,-0.344454254857012,-0.351409849881696,-0.329146961577329,-0.21244038918347,-0.357514561160159,-0.359366898756254,-0.350977679915148,0.0132755472521839,-0.118324060109178,-0.255978676874476,-0.344664907277735,-0.347962900055353,-0.264517009578276,-0.344266777192772,-0.327290150719388,-0.39048009605851,-0.386067014850176,-0.263045968448129,-0.260915334689312,-0.15215051403222,-0.167289835307238,-0.351823916863386,0.0963678995344492,-0.332637186033752,-0.351889968040456,-0.359339270216523,-0.354633140848136,1.67449760227082,-0.245149504988087,-0.35424852139678,-0.240207864581512,-0.357484841274792,-0.322228455404741,-0.264528319172188,-0.391844899468274,-0.428992224104385,-0.348936279131231,-0.306568295580426,-0.198080514839602,-0.306491443513552,-0.360587626393857,-0.352809562475741,-0.27306528226547,-0.304123007820937,-0.34015253378494,-0.370444794968534,-0.34624660933449,-0.263810231442435,-0.355561600062418,-0.35609764219835,-0.357686648808836,-0.358276622441246,-0.145725874353128,-0.356377244456695,-0.343139066808061,-0.348335102624761,-0.358342629540304,-0.0243020979212008,-0.315388828509139,-0.338458266062735,-0.331399986009218,-0.344604011789235,-0.264715331953367,-0.351699636009036,-0.362367646390235,-0.378874807949137,-0.35303076456692,-0.269332687986068,-0.323325845586988,-0.409662840856592,-0.348403927064411,-0.327560489208768,-0.265614078408627,-0.310455750908064,-0.356672765498405,-0.359253059897505,-0.350733725456614,-0.327173478408109,-0.334905465699912,-0.350984438496535,-0.325534702501331,-0.349786739499925,-0.255595499789311,-0.255595499789311,-0.216535644487264,-0.354047350024942,-0.302129357248267
"k__Bacteria|p__Fusobacteria|c__Fusobacteria|o__Fusobacteriales|f__Fusobacteriaceae|g__unclassified|s__unclassified",-0.365698305513381,-0.300914230221895,-0.351458495084956,-0.351458495084956,-0.355375349330655,-0.311216608516987,-0.349561937619713,-0.355525568442928,-0.350361254137875,-0.35681970895717,-0.331365902511947,-0.330377564547776,-0.345278261562139,-0.34365991505858,-0.177743597453011,-0.307804154711102,-0.351330099278442,-0.2580796196838,-0.337589162757449,-0.347018916796674,-0.472288171307654,-0.387108053389905,-0.346214087279884,-0.278566820183107,-0.206949743225399,-0.336671901945682,-0.284581262324903,-0.231812292646923,-0.211005363677637,-0.35618744442008,-0.318155664787435,-0.307717923227852,-0.219511847481159,-0.357354462314865,-0.178108545486554,-0.25396472129649,-0.335943032935239,-0.22995694377174,-0.350919690425639,-0.175422431174708,-0.296305702053301,-0.26756387659099,-0.343314217996724,-0.342197880471567,-0.12728423931743,-0.0999776327009284,-0.288157142808552,-0.345945670954519,-0.225195737580175,-0.22794218301704,-0.27991651993603,-0.260976962016076,-0.237454352403967,-0.201641242394499,0.743324335649631,-0.313345604792636,0.641909478074366,0.457966846676327,-0.344454254857012,0.341737330678249,-0.329146961577329,-0.259881069079653,-0.357514561160159,-0.359366898756254,-0.155900330089542,-0.394782868523442,-0.342794709105627,-0.252366198974714,-0.344664907277735,-0.347962900055353,-0.264517009578276,0.807985317696378,0.970398832780477,-0.189035409904297,-0.158265199393148,-0.263045968448129,-0.260915334689312,-0.237194527848045,-0.221104115018466,-0.351823916863386,-0.398664869525264,-0.332637186033752,-0.351889968040456,-0.359339270216523,-0.354633140848136,-0.254798878318837,-0.245149504988087,-0.35424852139678,-0.241824087135254,-0.357484841274792,-0.114987633485801,-0.264528319172188,-0.221768359041206,-0.175897566370587,-0.348936279131231,-0.306568295580426,-0.28134931894087,-0.306491443513552,-0.360587626393857,-0.352809562475741,-0.27306528226547,-0.304123007820937,-0.34015253378494,-0.23429500296749,-0.34624660933449,-0.263810231442435,-0.355561600062418,-0.35609764219835,-0.357686648808836,-0.358276622441246,-0.342903014087236,-0.356377244456695,-0.252913154255532,-0.348335102624761,-0.358342629540304,-0.181959214843744,-0.315388828509139,-0.338458266062735,-0.331399986009218,-0.344604011789235,-0.209060293044645,-0.351699636009036,-0.206042273395518,-0.179636449383903,-0.35303076456692,-0.331117349712811,-0.307378023279435,-0.239402435808597,-0.348403927064411,1.02855872686186,-0.301697303782153,-0.238227179284998,-0.16913301711303,-0.359253059897505,-0.109861385744576,-0.194332699502854,-0.160504133745735,-0.105339491733202,-0.325534702501331,-0.349786739499925,-0.255595499789311,-0.255595499789311,-0.248187830205008,-0.354047350024942,-0.302129357248267
"k__Bacteria|p__Tenericutes|c__Mollicutes|o__RF39|f__unclassified|g__unclassified|s__unclassified",-0.41047848803,-0.347916921049332,-0.351458495084956,-0.351458495084956,-0.355375349330655,-0.311216608516987,-0.349561937619713,-0.355525568442928,-0.350361254137875,-0.35681970895717,-0.331365902511947,-0.354565828715137,-0.345278261562139,-0.34365991505858,-0.251361031162181,-0.307804154711102,-0.351330099278442,-0.305245719628586,-0.337589162757449,-0.347018916796674,-0.451240870520979,-0.381497149850114,-0.346214087279884,-0.300898302045873,-0.231202666854878,-0.336671901945682,-0.306767637008768,-0.27013576713758,-0.262869683852711,-0.35618744442008,-0.318155664787435,-0.307717923227852,-0.281032504187288,-0.357354462314865,-0.224310619528658,-0.25396472129649,-0.335943032935239,-0.285978653826758,-0.350919690425639,-0.231412512146493,-0.344158518758939,-0.293704819304615,-0.343314217996724,-0.342197880471567,-0.184856507867321,-0.115880665161389,-0.288157142808552,-0.345945670954519,-0.254447006226103,-0.227715674257459,-0.27991651993603,-0.321556161159099,-0.299464346726152,-0.281166733624353,-0.34418642014992,-0.313345604792636,-0.351996073620118,-0.355333025786026,-0.344454254857012,0.341834347021533,-0.329146961577329,-0.285560990507494,-0.357514561160159,-0.359366898756254,-0.22278481318075,-0.379458411224694,-0.369825088275124,-0.292977238926635,-0.344664907277735,-0.347962900055353,-0.264517009578276,-0.344266777192772,-0.327290150719388,-0.24789016969503,-0.21095711011131,-0.263045968448129,-0.260915334689312,-0.250944112197957,-0.239930303178185,-0.351823916863386,-0.396483163894458,-0.332637186033752,-0.351889968040456,-0.359339270216523,-0.354633140848136,-0.254798878318837,-0.245149504988087,-0.35424852139678,-0.275464821761507,0.548202101157257,-0.200356962587704,-0.264528319172188,-0.281355655591263,-0.268093262612581,-0.348936279131231,-0.306568295580426,-0.333691479040178,-0.306491443513552,-0.360587626393857,-0.352809562475741,-0.27306528226547,-0.304123007820937,-0.34015253378494,-0.293284431701255,-0.34624660933449,-0.263810231442435,-0.355561600062418,-0.35609764219835,-0.357686648808836,-0.358276622441246,-0.388149896745456,-0.356377244456695,-0.30659215375739,-0.348335102624761,-0.358342629540304,-0.2084710612846,-0.315388828509139,-0.338458266062735,-0.331399986009218,-0.344604011789235,-0.242221636652968,-0.351699636009036,-0.25875057237232,-0.237369302798562,0.348456032652556,-0.38350800266367,-0.354084406981553,-0.302848261540374,-0.348403927064411,-0.327560489208768,-0.347114698575984,-0.296200130451837,-0.206127054525086,-0.359253059897505,-0.164703882822334,-0.26023453190814,-0.208906617495804,-0.15917335886917,0.93111153029968,0.345473770818443,-0.255595499789311,-0.255595499789311,-0.276425062094174,-0.354047350024942,-0.302129357248267
"k__Bacteria|p__Verrucomicrobia|c__Verrucomicrobiae|o__Verrucomicrobiales|f__Verrucomicrobiaceae|g__Akkermansia|s__muciniphila",0.0346079962437527,0.103459642703498,-0.351458495084956,-0.351458495084956,-0.355375349330655,-0.311216608516987,-0.349561937619713,-0.355525568442928,-0.350361254137875,-0.35681970895717,-0.331365902511947,-0.0233846016510009,-0.345278261562139,-0.34365991505858,0.158020905925864,-0.307804154711102,0.800153489778704,0.0917482364465483,-0.337589162757449,-0.347018916796674,-0.0845566090883795,0.0294437468871927,-0.346214087279884,0.107934845501819,0.140255002566296,-0.336671901945682,-0.0215673138367525,0.102507505776226,0.069504129912924,-0.35618744442008,-0.318155664787435,-0.307717923227852,0.0957305939328358,0.656643633975802,0.133599656383977,-0.25396472129649,-0.335943032935239,0.0925712255948224,-0.350919690425639,0.128200465927126,-0.0617561771695459,0.040259843503191,-0.343314217996724,-0.342197880471567,0.151622056200383,-0.7739556501541,-0.288157142808552,-0.345945670954519,-0.153656146861734,0.0224273298682342,-0.27991651993603,-0.0853083450717053,0.0961780672596503,0.045425291031028,1.08951546450986,-0.313345604792636,0.876455875684822,0.591069643608026,0.953390081375335,0.56544263775581,-0.329146961577329,-0.0926206239857098,-0.357514561160159,0.456516833352836,0.121439523962668,-0.113164766738665,0.023828783284576,0.138109476061864,0.934113994622207,0.951074630057439,-0.264517009578276,0.806440992782388,-0.327290150719388,0.0639207450411939,0.125740294102665,-0.263045968448129,-0.260915334689312,0.0498843818579268,0.000841917417262914,0.889639619583459,-0.341979708798636,-0.332637186033752,-0.351889968040456,0.671500109882195,0.629681260767342,-0.254798878318837,-0.245149504988087,0.768173819871232,0.0163250451331764,0.563819052080817,-0.53304601693745,-0.264528319172188,0.0395580051595775,-0.0344311528651342,-0.348936279131231,-0.306568295580426,-0.121978488999849,-0.306491443513552,-0.360587626393857,-0.352809562475741,-0.27306528226547,-0.304123007820937,-0.34015253378494,0.0193978170369272,0.853164202489285,-0.263810231442435,-0.355561600062418,0.463149686392938,0.84420610980057,0.556042350158241,-0.176282405818949,-0.356377244456695,0.145670879386698,-0.348335102624761,0.622368655238252,-0.693193428576949,-0.315388828509139,-0.338458266062735,-0.331399986009218,1.00639708483772,-0.287153252674192,-0.351699636009036,0.0806487773974004,0.0451574700856378,-0.35303076456692,-0.160142603238044,0.00462868160444485,0.133749648104914,-0.348403927064411,-0.327560489208768,0.0684661460489031,0.126311626815275,0.169460451996862,0.55530875852752,0.151406873021987,0.0620540361075304,0.107251347342639,0.134427481501102,0.934530303748826,0.570988026349634,-0.255595499789311,-0.255595499789311,0.111497541928006,0.755096396498628,-0.302129357248267
