#OTU ID,E002338.0,E002338.1,E002338.2,E002338.3,E002338.4,E002473.0,E002473.1,E002473.2,E002473.3,E002473.4,E004934.0,E004934.1,E004934.2,E004934.3,E004934.4,E005804.0,E005804.1,E005804.2,E005804.3,E005804.4,E008437.0,E008437.1,E008437.2,E008437.3,E008437.4,E008643.0,E008643.1,E008643.2,E008643.3,E008643.4,E012393.0,E012393.1,E012393.2,E012393.3,E012393.4,E012678.0,E012678.1,E012678.2,E012678.3,E012678.4,E016148.0,E016148.1,E016148.2,E016148.3,E016148.4,E017049.0,E017049.1,E017049.2,E017049.3,E017049.4,E018421.0,E018421.1,E018421.2,E018421.3,E018421.4,E019187.0,E019187.1,E019187.2,E019187.3,E019187.4,E019349.0,E019349.1,E019349.2,E019349.3,E019349.4,E022960.0,E022960.1,E022960.2,E022960.3,E022960.4,E023535.0,E023535.1,E023535.2,E023535.3,E023535.4,E023681.0,E023681.1,E023681.2,E023681.3,E023681.4,E025921.0,E025921.1,E025921.2,E025921.3,E025921.4,E030828.0,E030828.1,E030828.2,E030828.3,E030828.4
k__Bacteria|p__Firmicutes|c__Clostridia|o__Clostridiales|f__Veillonellaceae|g__Megasphaera|s__micronuciformis,-0.28271136,-0.31904158,-0.32328734,-0.31718764,-0.3214575,-0.2932219,-0.3258366,-0.3327108,-0.3170839,-0.3217804,-0.19440371,-0.32539368,-0.31133458,-0.31150407,-0.31807214,-0.30519226,-0.3303013,-0.31799185,-0.316182,-0.31988078,-0.26184985,-0.31158802,-0.31546614,-0.32123873,-0.30552098,-0.26755807,-0.31214303,-0.32854122,-0.31535363,-0.31928927,-0.23875734,-0.31230736,-0.32284898,-0.31552893,-0.32378075,-0.24718808,-0.3119182,-0.3291557,-0.3328914,-0.32448632,-0.2443454,-0.30590335,-0.3233376,-0.31429982,-0.3166716,-0.2851582,-0.31692833,-0.31480882,-0.310298,-0.3230903,-0.28330395,-0.3272691,-0.32986963,-0.30218428,-0.31297892,-0.20411447,-0.26286402,-0.29172873,-0.32277873,-0.3153077,-0.256234,-0.2358737,-0.32636124,-0.31426144,-0.33133662,-0.2850096,-0.30183107,-0.27669096,-0.31420946,-0.3320185,-0.29110307,-0.27598393,-0.31877366,-0.32037857,-0.32301718,-0.26229593,-0.19459927,-0.32411462,-0.30701396,-0.32078135,-0.20658675,-0.20658675,-0.33048365,-0.31515884,-0.3289357,-0.20655881,-0.28908843,-0.30487543,-0.30955437,-0.2923916
k__Bacteria|p__Firmicutes|c__Clostridia|o__Clostridiales|f__Veillonellaceae|g__Megasphaera|s__geminatus,-0.28271136,-0.31904158,-0.32328734,-0.31718764,-0.3209426,-0.2932219,-0.3258366,-0.3327108,-0.3166015,-0.3215568,-0.19440371,-0.32539368,-0.31133458,-0.31097117,-0.3179162,-0.30519226,-0.3303013,-0.31799185,-0.31630394,-0.31993896,-0.26184985,-0.31135342,-0.31433147,-0.32134408,-0.3057023,-0.26755807,-0.31101382,-0.32854122,-0.31508732,-0.3190773,-0.23875734,-0.31174612,-0.32284898,-0.31446993,-0.32378075,-0.24718808,-0.31116894,-0.3291557,-0.3328914,-0.324134,-0.2443454,-0.30590335,-0.3233376,-0.31409863,-0.3166716,-0.2851582,-0.31692833,-0.31493148,-0.310298,-0.3226918,-0.2827781,-0.3272691,-0.32986963,-0.3018892,-0.3125079,-0.20411447,-0.26286402,-0.29172873,-0.32277873,-0.31507108,-0.256234,-0.2358737,-0.32636124,-0.3134237,-0.33133662,-0.2850096,-0.30183107,-0.27669096,-0.3130381,-0.3320185,-0.29074734,-0.27598393,-0.31877366,-0.32037857,-0.3226782,-0.26218998,-0.19459927,-0.32411462,-0.30701396,-0.31943908,-0.20658675,-0.20658675,-0.33048365,-0.3150083,-0.3289357,-0.20655881,-0.2874545,-0.30267388,-0.30919206,-0.29139566
k__Bacteria|p__Firmicutes|c__Bacilli|o__unclassified|f__unclassified|g__unclassified|s__unclassified,1.2880858,0.8909067,0.7787418,-0.31718764,-0.32195634,-0.2932219,-0.3258366,-0.3327108,-0.31669107,-0.32143146,-0.19440371,-0.32539368,-0.31133458,-0.3121458,-0.31819808,-0.30519226,-0.3303013,-0.31799185,-0.316169,-0.31971586,-0.26184985,-0.31077057,-0.31394318,-0.319796,-0.30514562,1.433194,-0.31086072,-0.32854122,-0.3150611,-0.31901926,-0.23875734,-0.31162775,-0.32284898,-0.31487173,-0.32378075,-0.24718808,-0.3107323,-0.3291557,-0.3328914,-0.32304934,-0.2443454,-0.30590335,-0.3233376,-0.31434557,-0.3166716,-0.2851582,-0.31692833,-0.31411934,-0.310298,-0.32345235,-0.28425592,-0.3272691,-0.32986963,-0.3024983,-0.31296876,-0.20411447,-0.26286402,-0.29172873,-0.32277873,-0.31473434,-0.256234,-0.2358737,-0.32636124,-0.3142082,-0.33133662,-0.2850096,-0.30183107,-0.27669096,-0.31439042,-0.3320185,-0.29155457,-0.27598393,-0.31877366,-0.32037857,-0.32257155,-0.26500884,-0.19459927,-0.32411462,-0.30701396,-0.31944817,-0.20658675,-0.20658675,-0.33048365,-0.31466687,-0.3289357,-0.20655881,-0.28933865,-0.3033948,-0.3085165,-0.29171532
k__Bacteria|p__Firmicutes|c__Bacilli|o__Lactobacillales|f__Enterococcaceae|g__Enterococcus|s__unclassified,-0.28271136,0.8918049,0.7766038,-0.31718764,-0.32148233,-0.2932219,-0.3258366,0.6201259,-0.31665373,-0.32213804,-0.19440371,-0.32539368,-0.31133458,-0.3114137,-0.31794363,-0.30519226,-0.3303013,-0.31799185,-0.3164065,-0.31954938,-0.26184985,-0.31158602,-0.31493846,-0.32112992,-0.3052681,1.4275895,-0.31215447,-0.32854122,-0.3153249,-0.3189714,-0.23875734,-0.31236994,-0.32284898,-0.3155737,-0.32378075,-0.24718808,-0.3118913,-0.3291557,-0.3328914,-0.323951,-0.2443454,-0.30590335,-0.3233376,-0.3142066,-0.3166716,-0.2851582,-0.31692833,-0.31442475,-0.310298,-0.323048,-0.2829759,-0.3272691,-0.32986963,-0.30168873,-0.31245223,-0.20411447,1.4723268,-0.29172873,-0.32277873,-0.3143615,-0.256234,-0.2358737,-0.32636124,-0.31377453,-0.33133662,-0.2850096,-0.30183107,-0.27669096,-0.3148113,-0.3320185,-0.2906134,-0.27598393,-0.31877366,-0.32037857,-0.32280767,-0.26098466,-0.19459927,-0.32411462,-0.30701396,-0.32061502,-0.20658675,-0.20658675,-0.33048365,-0.31463197,-0.3289357,-0.20655881,-0.28928423,-0.30368286,-0.30947638,-0.291844
k__Bacteria|p__Firmicutes|c__Clostridia|o__Clostridiales|f__Clostridiaceae|g__Clostridium|s__perfringens,1.3109468,-0.31904158,-0.32328734,-0.31718764,-0.32161003,1.1813543,-0.3258366,-0.3327108,-0.316321,-0.3209181,-0.19440371,-0.32539368,-0.31133458,-0.31102958,-0.3179144,-0.30519226,-0.3303013,0.92562795,-0.314045,-0.3185652,-0.26184985,-0.30772018,-0.31063473,-0.31799984,-0.3049857,2.4175923,-0.30787766,-0.32854122,-0.312845,-0.3174162,1.7735543,-0.3088706,-0.32284898,-0.31261712,-0.32378075,-0.24718808,-0.30751127,-0.3291557,-0.3328914,-0.32550257,1.633266,1.2056496,-0.3233376,-0.31310517,-0.3166716,1.256593,-0.31692833,-0.31065,-0.310298,-0.32349625,-0.2774169,-0.3272691,-0.32986963,-0.29931366,-0.31215078,-0.20411447,-0.26286402,-0.29172873,-0.32277873,-0.3149544,-0.256234,-0.2358737,-0.32636124,-0.31413078,-0.33133662,-0.2850096,-0.30183107,-0.27669096,-0.31537583,-0.3320185,-0.2859377,-0.27598393,-0.31877366,-0.32037857,-0.3231864,-0.25547218,-0.19459927,-0.32411462,-0.30701396,-0.32157284,2.0459185,2.0459185,-0.33048365,-0.31508768,-0.3289357,-0.20655881,-0.28417307,-0.2994451,-0.3055526,-0.28914815
k__Bacteria|p__Firmicutes|c__Clostridia|o__Clostridiales|f__Clostridiaceae|g__Peptoniphilus|s__asaccharolyticus,1.3149637,-0.31904158,-0.32328734,-0.31718764,-0.321666,-0.2932219,-0.3258366,-0.3327108,-0.31727532,-0.32176125,-0.19440371,-0.32539368,-0.31133458,-0.31175816,-0.3178875,-0.30519226,-0.3303013,-0.31799185,-0.316,-0.31976852,-0.26184985,-0.311904,-0.3152264,-0.321612,-0.30567387,-0.26755807,-0.31211787,-0.32854122,-0.31561208,-0.31913042,-0.23875734,-0.31290457,-0.32284898,-0.31524485,-0.32378075,-0.24718808,-0.31209007,-0.3291557,-0.3328914,-0.32460016,-0.2443454,-0.30590335,-0.3233376,-0.31442186,-0.3166716,-0.2851582,-0.31692833,-0.31450495,-0.310298,-0.32321864,-0.2829658,-0.3272691,-0.32986963,-0.30197406,-0.31307146,-0.20411447,-0.26286402,-0.29172873,-0.32277873,-0.31532803,-0.256234,-0.2358737,-0.32636124,-0.31442034,-0.33133662,-0.2850096,-0.30183107,-0.27669096,-0.31406748,-0.3320185,-0.2911743,-0.27598393,-0.31877366,-0.32037857,-0.32319844,-0.26269233,-0.19459927,-0.32411462,-0.30701396,-0.32095817,-0.20658675,-0.20658675,-0.33048365,-0.3154431,-0.3289357,-0.20655881,-0.28974783,-0.30446297,-0.309964,-0.29211235
k__Bacteria|p__Firmicutes|c__Bacilli|o__Bacillales|f__Staphylococcaceae|g__Staphylococcus|s__unclassified,-0.28271136,-0.31904158,-0.32328734,-0.31718764,-0.32099265,-0.2932219,-0.3258366,-0.3327108,-0.31695795,-0.32180333,-0.19440371,-0.32539368,-0.31133458,-0.31069094,-0.3181368,-0.30519226,-0.3303013,-0.31799185,-0.31563804,-0.3193276,-0.26184985,-0.3107049,-0.31422508,-0.3208645,-0.30574,-0.26755807,-0.3112346,-0.32854122,-0.31432799,-0.31849796,-0.23875734,-0.3113759,-0.32284898,-0.31404388,-0.32378075,-0.24718808,-0.31067318,-0.3291557,-0.3328914,-0.32690275,1.6046737,-0.30590335,-0.3233376,-0.31322575,-0.3166716,-0.2851582,-0.31692833,-0.31355187,-0.310298,-0.32272956,-0.28072488,-0.3272691,-0.32986963,-0.30086753,-0.31279123,-0.20411447,1.4667585,-0.29172873,-0.32277873,-0.31589913,-0.256234,-0.2358737,-0.32636124,-0.31421658,-0.33133662,-0.2850096,-0.30183107,-0.27669096,-0.31501943,-0.3320185,-0.2888206,1.331141,-0.31877366,-0.32037857,-0.32366273,-0.25917616,-0.19459927,-0.32411462,-0.30701396,-0.3225544,-0.20658675,-0.20658675,-0.33048365,-0.3160677,-0.3289357,1.989131,-0.28684765,-0.30308527,-0.3085981,-0.29134727
k__Bacteria|p__Firmicutes|c__Bacilli|o__Lactobacillales|f__unclassified|g__unclassified|s__unclassified,-0.28271136,-0.31904158,-0.32328734,-0.31718764,-0.32200518,-0.2932219,-0.3258366,-0.3327108,-0.3164158,-0.32167783,-0.19440371,-0.32539368,-0.31133458,-0.3113197,-0.317995,-0.30519226,-0.3303013,-0.31799185,-0.31642845,-0.32003248,-0.26184985,-0.31159383,-0.31505936,-0.32091546,-0.3054232,1.4110612,-0.31163388,-0.32854122,-0.31544667,-0.31955343,-0.23875734,-0.31223294,-0.32284898,-0.31530496,-0.32378075,-0.24718808,-0.3115692,-0.3291557,-0.3328914,-0.32289237,-0.2443454,-0.30590335,-0.3233376,-0.31413403,-0.3166716,-0.2851582,-0.31692833,-0.31469715,-0.310298,-0.32336906,-0.28381354,-0.3272691,-0.32986963,-0.3019237,-0.3124892,-0.20411447,-0.26286402,-0.29172873,-0.32277873,-0.31397596,-0.256234,-0.2358737,-0.32636124,-0.31367,-0.33133662,-0.2850096,-0.30183107,-0.27669096,-0.3135216,-0.3320185,-0.29187608,-0.27598393,-0.31877366,-0.32037857,-0.32260555,-0.26318812,-0.19459927,-0.32411462,-0.30701396,-0.31904465,-0.20658675,-0.20658675,-0.33048365,-0.3142151,-0.3289357,-0.20655881,-0.28948623,-0.3038895,-0.30916446,-0.29199964
k__Bacteria|p__Firmicutes|c__Bacilli|o__Lactobacillales|f__Leuconostocaceae|g__Leuconostoc|s__unclassified,-0.28271136,-0.31904158,-0.32328734,-0.31718764,-0.32180908,-0.2932219,-0.3258366,-0.3327108,-0.31696683,-0.32206932,-0.19440371,-0.32539368,-0.31133458,-0.31154153,-0.3180051,-0.30519226,-0.3303013,-0.31799185,-0.31643993,-0.3199755,-0.26184985,-0.31212428,-0.31591803,-0.32168192,-0.30557948,-0.26755807,-0.31272054,-0.32854122,-0.31575263,-0.31960034,-0.23875734,-0.31297994,-0.32284898,-0.31588253,-0.32378075,-0.24718808,-0.31252465,0.67265064,-0.3328914,-0.323801,-0.2443454,-0.30590335,-0.3233376,-0.31422928,-0.3166716,-0.2851582,-0.31692833,-0.31517798,-0.310298,-0.32329643,-0.28350908,-0.3272691,-0.32986963,-0.30193108,-0.3126769,-0.20411447,-0.26286402,-0.29172873,-0.32277873,-0.31450003,-0.256234,-0.2358737,-0.32636124,-0.31382155,-0.33133662,-0.2850096,-0.30183107,-0.27669096,-0.31378633,-0.3320185,-0.29124433,-0.27598393,-0.31877366,-0.32037857,-0.32306108,-0.262094,-0.19459927,-0.32411462,-0.30701396,-0.32032567,-0.20658675,-0.20658675,-0.33048365,-0.3145913,-0.3289357,-0.20655881,-0.28967744,-0.30487514,-0.30995268,-0.29234487
k__Bacteria|p__Firmicutes|c__Clostridia|o__Clostridiales|f__Lachnospiraceae|g__Blautia|s__obeum,-0.28271136,-0.31904158,-0.32328734,-0.31718764,-0.32156473,-0.2932219,-0.3258366,-0.3327108,-0.31747234,-0.32225743,-0.19440371,-0.32539368,-0.31133458,-0.31131166,-0.31847394,-0.30519226,-0.3303013,-0.31799185,-0.31679505,-0.3201273,-0.26184985,-0.31226057,-0.3157364,-0.32202637,-0.30601683,-0.26755807,-0.31267434,-0.32854122,-0.31553835,-0.31967446,-0.23875734,-0.31310007,-0.32284898,-0.31567144,-0.32378075,-0.24718808,-0.31236494,-0.3291557,-0.3328914,-0.3251418,-0.2443454,-0.30590335,-0.3233376,-0.31445634,-0.3166716,-0.2851582,-0.31692833,-0.31498978,-0.310298,-0.32288563,-0.28327972,-0.3272691,-0.32986963,-0.30213636,-0.31277654,-0.20411447,-0.26286402,-0.29172873,-0.32277873,-0.31498748,-0.256234,-0.2358737,-0.32636124,-0.31425267,-0.33133662,-0.2850096,-0.30183107,-0.27669096,-0.3138436,-0.3320185,-0.29091138,-0.27598393,-0.31877366,-0.32037857,-0.32312846,-0.2611533,-0.19459927,-0.32411462,-0.30701396,-0.32090718,-0.20658675,-0.20658675,-0.33048365,-0.3152419,-0.3289357,-0.20655881,-0.28924197,-0.30477476,-0.3098991,-0.29231012
k__Bacteria|p__Firmicutes|c__Clostridia|o__Clostridiales|f__Lachnospiraceae|g__Coprococcus|s__eutactus,-0.28271136,-0.31904158,-0.32328734,-0.31718764,-0.31960815,-0.2932219,-0.3258366,-0.3327108,-0.31737155,-0.32125625,-0.19440371,-0.32539368,-0.31133458,-0.31063378,-0.3174617,-0.30519226,-0.3303013,-0.31799185,-0.31533784,-0.31928635,-0.26184985,-0.30988985,-0.31384698,-0.32125002,-0.30597055,-0.26755807,-0.3100381,-0.32854122,-0.31385246,-0.31762835,-0.23875734,-0.31039014,-0.32284898,-0.31303093,-0.32378075,-0.24718808,-0.3100108,-0.3291557,-0.3328914,-0.32872742,-0.2443454,-0.30590335,-0.3233376,-0.31413034,-0.3166716,-0.2851582,-0.31692833,-0.3133946,-0.310298,-0.32113177,-0.28037298,-0.3272691,-0.32986963,-0.3022852,-0.31327617,-0.20411447,-0.26286402,-0.29172873,-0.32277873,-0.3179863,-0.256234,-0.2358737,-0.32636124,-0.3146393,-0.33133662,-0.2850096,-0.30183107,-0.27669096,-0.31454557,-0.3320185,-0.2874561,-0.27598393,-0.31877366,-0.32037857,-0.32306147,-0.26073056,-0.19459927,-0.32411462,-0.30701396,-0.32315838,-0.20658675,-0.20658675,-0.33048365,-0.31758112,-0.3289357,-0.20655881,-0.2851439,-0.30263007,-0.30896693,-0.29114124
k__Bacteria|p__Firmicutes|c__Bacilli|o__Lactobacillales|f__Lactobacillaceae|g__unclassified|s__unclassified,-0.28271136,-0.31904158,-0.32328734,-0.31718764,-0.3221697,-0.2932219,-0.3258366,-0.3327108,-0.31694603,-0.32203683,-0.19440371,-0.32539368,-0.31133458,-0.31180906,-0.31829453,-0.30519226,-0.3303013,-0.31799185,-0.31685156,-0.32036117,-0.26184985,-0.3123332,-0.31578678,-0.32154974,-0.30576995,-0.26755807,-0.31252998,-0.32854122,-0.31601638,-0.31985533,-0.23875734,-0.3130273,-0.32284898,-0.31589413,-0.32378075,-0.24718808,-0.31242937,-0.3291557,-0.3328914,-0.32302985,-0.2443454,-0.30590335,-0.3233376,-0.3145563,-0.3166716,-0.2851582,-0.31692833,-0.31551775,-0.310298,-0.3237109,-0.2842488,-0.3272691,-0.32986963,-0.30230352,-0.31293896,-0.20411447,-0.26286402,-0.29172873,-0.32277873,-0.31461987,-0.256234,-0.2358737,-0.32636124,-0.31416714,-0.33133662,-0.2850096,-0.30183107,-0.27669096,-0.31373656,-0.3320185,-0.29235834,-0.27598393,-0.31877366,-0.32037857,-0.3228452,-0.26372716,-0.19459927,-0.32411462,-0.30701396,-0.31930393,-0.20658675,-0.20658675,-0.33048365,-0.314727,-0.3289357,-0.20655881,-0.29007223,-0.30480748,-0.30985445,-0.2925037
k__Bacteria|p__Firmicutes|c__Erysipelotrichi|o__Erysipelotrichales|f__Erysipelotrichaceae|g__[Eubacterium]|s__biforme,-0.28271136,-0.31904158,-0.32328734,-0.31718764,-0.32126978,-0.2932219,-0.3258366,-0.3327108,-0.3169104,-0.32113293,-0.19440371,-0.32539368,-0.31133458,-0.31123006,-0.3171641,-0.30519226,-0.3303013,-0.31799185,-0.3153978,-0.31950456,-0.26184985,-0.31158638,-0.31524402,-0.32143688,-0.3051834,-0.26755807,-0.31169733,-0.32854122,-0.31528586,-0.3191599,-0.23875734,-0.31234556,-0.32284898,-0.31515327,-0.32378075,-0.24718808,-0.31208193,-0.3291557,-0.3328914,-0.3237088,-0.2443454,-0.30590335,-0.3233376,-0.31378704,-0.3166716,-0.2851582,-0.31692833,-0.3145094,-0.310298,-0.32276917,-0.28219414,-0.3272691,-0.32986963,-0.3015832,-0.31223574,-0.20411447,-0.26286402,-0.29172873,-0.32277873,-0.3141328,-0.256234,-0.2358737,-0.32636124,-0.31302926,-0.33133662,-0.2850096,-0.30183107,-0.27669096,-0.31219596,-0.3320185,-0.2902102,-0.27598393,-0.31877366,-0.32037857,-0.32272547,-0.2634538,-0.19459927,-0.32411462,-0.30701396,-0.32002616,-0.20658675,-0.20658675,-0.33048365,-0.31436843,-0.3289357,-0.20655881,-0.2889649,-0.30432373,-0.309952,-0.2915123
k__Bacteria|p__Firmicutes|c__Clostridia|o__Clostridiales|f__Veillonellaceae|g__Dialister|s__invisus,-0.28271136,-0.31904158,-0.32328734,-0.31718764,-0.32113805,-0.2932219,-0.3258366,-0.3327108,-0.3157539,-0.3211703,-0.19440371,-0.32539368,-0.31133458,-0.31093538,-0.31744498,-0.30519226,-0.3303013,-0.31799185,-0.31562036,-0.31882152,-0.26184985,-0.31069297,-0.31417093,-0.32018095,-0.30472827,-0.26755807,-0.31121403,-0.32854122,-0.31471452,-0.3185066,-0.23875734,-0.31161332,-0.32284898,-0.3142879,-0.32378075,-0.24718808,-0.31068122,-0.3291557,-0.3328914,-0.3227685,-0.2443454,-0.30590335,-0.3233376,-0.31325293,-0.3166716,-0.2851582,-0.31692833,-0.31384385,-0.310298,-0.3227815,-0.28275555,-0.3272691,-0.32986963,-0.3014928,-0.31209642,-0.20411447,-0.26286402,-0.29172873,-0.32277873,-0.31370583,-0.256234,-0.2358737,-0.32636124,-0.3134948,-0.33133662,-0.2850096,-0.30183107,-0.27669096,-0.31361848,-0.3320185,-0.29095653,-0.27598393,-0.31877366,-0.32037857,-0.3224954,-0.26332927,-0.19459927,-0.32411462,-0.30701396,-0.31921592,-0.20658675,-0.20658675,-0.33048365,-0.3137303,-0.3289357,-0.20655881,-0.2892957,-0.30351436,-0.30856472,-0.29155305
k__Bacteria|p__Firmicutes|c__Clostridia|o__Clostridiales|f__Veillonellaceae|g__Phascolarctobacterium|s__unclassified,-0.28271136,-0.31904158,-0.32328734,-0.31718764,-0.32223874,-0.2932219,-0.3258366,-0.3327108,-0.31701255,-0.32193494,-0.19440371,-0.32539368,-0.31133458,-0.3121742,-0.31834763,-0.30519226,-0.3303013,-0.31799185,-0.31698975,-0.3204075,-0.26184985,-0.31225902,-0.31553543,-0.32126188,-0.3056755,-0.26755807,-0.31226313,-0.32854122,-0.31609172,-0.3198104,-0.23875734,-0.31296843,-0.32284898,-0.31584173,-0.32378075,-0.24718808,-0.31224477,-0.3291557,-0.3328914,-0.3228234,-0.2443454,-0.30590335,-0.3233376,-0.3148924,-0.3166716,-0.2851582,-0.31692833,-0.31545332,-0.310298,-0.32363614,-0.28525442,-0.3272691,-0.32986963,-0.30298433,-0.31313574,-0.20411447,-0.26286402,-0.29172873,-0.32277873,-0.31473595,-0.256234,-0.2358737,-0.32636124,-0.31435877,-0.33133662,-0.2850096,-0.30183107,-0.27669096,-0.31388944,-0.3320185,-0.2930486,-0.27598393,-0.31877366,-0.32037857,-0.3226547,-0.26580614,-0.19459927,-0.32411462,-0.30701396,-0.31908846,-0.20658675,-0.20658675,-0.33048365,-0.31481466,-0.3289357,-0.20655881,-0.2907192,-0.30477172,-0.30989033,-0.29258406
k__Bacteria|p__Firmicutes|c__Bacilli|o__Lactobacillales|f__Lactobacillaceae|g__Pediococcus|s__unclassified,-0.28271136,-0.31904158,-0.32328734,-0.31718764,-0.3217938,-0.2932219,-0.3258366,-0.3327108,-0.31679675,-0.32172066,-0.19440371,-0.32539368,-0.31133458,-0.3116262,-0.3182172,-0.30519226,-0.3303013,-0.31799185,-0.31641716,-0.31995648,-0.26184985,-0.31169218,-0.31512192,-0.321,-0.30552325,-0.26755807,-0.31195036,-0.32854122,-0.3154769,-0.31942192,-0.23875734,-0.3124423,-0.32284898,-0.31518903,-0.32378075,-0.24718808,-0.31167942,-0.3291557,-0.3328914,-0.32367027,-0.2443454,-0.30590335,-0.3233376,-0.31421125,-0.3166716,-0.2851582,-0.31692833,-0.31484097,-0.310298,-0.32326937,-0.2841568,-0.3272691,-0.32986963,-0.3023561,-0.3128695,-0.20411447,-0.26286402,-0.29172873,-0.32277873,-0.3147495,-0.256234,-0.2358737,-0.32636124,-0.31414634,-0.33133662,-0.2850096,-0.30183107,-0.27669096,-0.31384796,-0.3320185,-0.29196948,-0.27598393,-0.31877366,-0.32037857,-0.32287332,-0.26412433,-0.19459927,-0.32411462,-0.30701396,-0.31976157,-0.20658675,-0.20658675,-0.33048365,-0.31481874,-0.3289357,-0.20655881,-0.28979325,-0.30439386,-0.30940372,-0.29219592
k__Bacteria|p__Firmicutes|c__Bacilli|o__Lactobacillales|f__Enterococcaceae|g__unclassified|s__unclassified,-0.28271136,-0.31904158,-0.32328734,-0.31718764,-0.32106137,-0.2932219,-0.3258366,-0.3327108,-0.31841758,-0.3232056,-0.19440371,-0.32539368,-0.31133458,-0.3122827,-0.31911084,-0.30519226,-0.3303013,-0.31799185,-0.316349,-0.32023373,-0.26184985,-0.31087863,-0.31460524,-0.32241684,-0.30730128,-0.26755807,-0.31163192,-0.32854122,-0.31527227,-0.31832805,-0.23875734,-0.31125212,-0.32284898,-0.31393224,-0.32378075,-0.24718808,-0.31097013,-0.3291557,-0.3328914,-0.33138353,-0.2443454,-0.30590335,-0.3233376,-0.3150348,-0.3166716,-0.2851582,-0.31692833,-0.31446195,-0.310298,-0.32339922,-0.28041568,-0.3272691,-0.32986963,-0.3031434,-0.31521744,-0.20411447,-0.26286402,-0.29172873,-0.32277873,-0.32030612,-0.256234,-0.2358737,-0.32636124,-0.31658596,-0.33133662,-0.2850096,-0.30183107,-0.27669096,-0.3184381,-0.3320185,-0.28857112,-0.27598393,-0.31877366,-0.32037857,-0.3257379,-0.26134077,-0.19459927,-0.32411462,-0.30701396,-0.3265918,-0.20658675,-0.20658675,-0.33048365,-0.31979117,-0.3289357,-0.20655881,-0.28652254,-0.30330092,-0.3103726,-0.2924173
k__Bacteria|p__Firmicutes|c__Erysipelotrichi|o__Erysipelotrichales|f__[Coprobacillaceae]|g__Catenibacterium|s__unclassified,-0.28271136,-0.31904158,-0.32328734,-0.31718764,-0.3215437,-0.2932219,-0.3258366,-0.3327108,-0.3167649,-0.32140785,-0.19440371,-0.32539368,-0.31133458,-0.31111678,-0.31866646,-0.30519226,-0.3303013,-0.31799185,-0.31577617,-0.3192854,-0.26184985,-0.3114338,-0.31407234,-0.32054952,-0.30540577,-0.26755807,-0.31172317,-0.32854122,-0.31449395,-0.31911194,-0.23875734,-0.312026,-0.32284898,-0.3141516,-0.32378075,-0.24718808,-0.31105703,-0.3291557,-0.3328914,-0.32486144,-0.2443454,-0.30590335,-0.3233376,-0.31348652,-0.3166716,-0.2851582,-0.31692833,-0.31331342,-0.310298,-0.3229938,-0.28319633,-0.3272691,-0.32986963,-0.3019092,-0.31280762,-0.20411447,-0.26286402,-0.29172873,-0.32277873,-0.31438273,-0.256234,-0.2358737,-0.32636124,-0.31457445,-0.33133662,-0.2850096,-0.30183107,-0.27669096,-0.31427866,-0.3320185,-0.29166108,-0.27598393,-0.31877366,-0.32037857,-0.32319927,-0.26410592,-0.19459927,-0.32411462,-0.30701396,-0.32049024,-0.20658675,-0.20658675,-0.33048365,-0.31537074,-0.3289357,-0.20655881,-0.29055434,-0.30417097,-0.3090973,-0.2917378
k__Bacteria|p__Firmicutes|c__Clostridia|o__Coriobacteriales|f__Coriobacteriaceae|g__Collinsella|s__aerofaciens,-0.28271136,-0.31904158,-0.32328734,-0.31718764,-0.32217872,-0.2932219,-0.3258366,-0.3327108,-0.31583607,-0.32235596,-0.19440371,-0.32539368,-0.31133458,-0.31139112,-0.31760263,-0.30519226,-0.3303013,-0.31799185,-0.31699312,-0.32003555,-0.26184985,-0.3118232,-0.31625167,-0.32139325,-0.30526274,-0.26755807,-0.31266415,-0.32854122,-0.31634358,-0.319637,-0.23875734,-0.3124657,-0.32284898,-0.31637442,-0.32378075,-0.24718808,-0.3122607,-0.3291557,-0.3328914,-0.32168996,-0.2443454,-0.30590335,-0.3233376,-0.31406885,-0.3166716,-0.2851582,-0.31692833,-0.31595552,-0.310298,-0.32392812,-0.28338337,-0.3272691,-0.32986963,-0.30189136,-0.31211418,-0.20411447,-0.26286402,-0.29172873,-0.32277873,-0.31332195,-0.256234,-0.2358737,-0.32636124,-0.31311855,-0.33133662,-0.2850096,-0.30183107,-0.27669096,-0.3139149,-0.3320185,-0.2917579,-0.27598393,-0.31877366,-0.32037857,-0.32272643,-0.26304483,-0.19459927,-0.32411462,-0.30701396,-0.3188068,-0.20658675,-0.20658675,-0.33048365,-0.31306309,-0.3289357,-0.20655881,-0.28965044,-0.3045853,-0.30966038,-0.2925565
k__Bacteria|p__Firmicutes|c__Clostridia|o__Clostridiales|f__Ruminococcaceae|g__Ruminococcus|s__bromii,-0.28271136,-0.31904158,-0.32328734,-0.31718764,-0.32160243,-0.2932219,-0.3258366,-0.3327108,-0.31714088,-0.32166734,-0.19440371,-0.32539368,-0.31133458,-0.31142178,-0.31823716,-0.30519226,-0.3303013,-0.31799185,-0.31655043,-0.32015264,-0.26184985,-0.31213555,-0.31538853,-0.32156903,-0.30580294,-0.26755807,-0.3120879,-0.32854122,-0.31555164,-0.3195649,-0.23875734,-0.3127531,-0.32284898,-0.31530434,-0.32378075,-0.24718808,-0.31202653,-0.3291557,-0.3328914,-0.3240273,-0.2443454,-0.30590335,-0.3233376,-0.3145561,-0.3166716,-0.2851582,0.95677024,-0.31494796,-0.310298,-0.32303274,-0.28385654,-0.3272691,-0.32986963,-0.3024484,-0.31296682,-0.20411447,-0.26286402,-0.29172873,-0.32277873,-0.3150748,-0.256234,-0.2358737,-0.32636124,-0.31444418,-0.33133662,-0.2850096,-0.30183107,-0.27669096,-0.3134702,-0.3320185,-0.2921842,-0.27598393,-0.31877366,-0.32037857,-0.32270032,-0.26379395,-0.19459927,-0.32411462,-0.30701396,-0.31971082,-0.20658675,-0.20658675,-0.33048365,-0.31528386,-0.3289357,-0.20655881,-0.28983575,-0.30477872,-0.3097909,-0.2923633
k__Bacteria|p__Firmicutes|c__Bacilli|o__Lactobacillales|f__Lactobacillaceae|g__Lactobacillus|s__zeae,1.3028643,0.904591,0.8428471,-0.31718764,-0.3206717,1.1805775,-0.3258366,-0.3327108,-0.3153875,-0.32170454,-0.19440371,-0.32539368,-0.31133458,-0.30971894,-0.3172619,1.0236933,-0.3303013,-0.31799185,-0.3149894,-0.318697,-0.26184985,-0.30885425,-0.3126781,-0.3203075,-0.3050893,-0.26755807,-0.30938235,-0.32854122,-0.3136044,-0.31804615,-0.23875734,-0.30937842,0.85876685,-0.31381655,-0.32378075,1.6314491,-0.30915195,-0.3291557,-0.3328914,-0.3245305,-0.2443454,-0.30590335,-0.3233376,-0.31310558,-0.3166716,-0.2851582,-0.31692833,-0.31256768,-0.310298,-0.32282585,-0.27699018,-0.3272691,-0.32986963,-0.29944763,-0.3112309,1.9704756,1.4967061,-0.29172873,-0.32277873,-0.3135711,1.5942063,-0.2358737,-0.32636124,-0.3125814,-0.33133662,1.2162913,-0.30183107,-0.27669096,-0.31417748,-0.3320185,-0.28593066,1.4177644,-0.31877366,-0.32037857,-0.3230577,-0.25337806,-0.19459927,-0.32411462,-0.30701396,-0.32053307,-0.20658675,-0.20658675,-0.33048365,-0.31355977,-0.3289357,-0.20655881,-0.28389722,-0.30024812,-0.30722287,-0.2900421
k__Bacteria|p__Firmicutes|c__Bacilli|o__Gemellales|f__Gemellaceae|g__unclassified|s__unclassified,-0.28271136,-0.31904158,-0.32328734,-0.31718764,-0.3212031,-0.2932219,-0.3258366,-0.3327108,-0.3165252,-0.32202968,-0.19440371,-0.32539368,-0.31133458,-0.31084275,-0.31856167,-0.30519226,-0.3303013,-0.31799185,-0.3166396,-0.3195438,-0.26184985,-0.31116107,-0.3144355,-0.32088575,-0.3056754,1.4101083,-0.311681,-0.32854122,-0.3146631,-0.31899598,-0.23875734,-0.31187844,-0.32284898,-0.31461626,-0.32378075,-0.24718808,-0.3109202,-0.3291557,-0.3328914,-0.32455412,-0.2443454,-0.30590335,-0.3233376,-0.31395355,-0.3166716,-0.2851582,-0.31692833,-0.3141578,-0.310298,-0.32277554,-0.28248465,-0.3272691,-0.32986963,-0.3017121,-0.31255865,-0.20411447,1.4667585,-0.29172873,-0.32277873,-0.3148591,-0.256234,-0.2358737,-0.32636124,-0.31450862,-0.33133662,-0.2850096,-0.30183107,-0.27669096,-0.314658,-0.3320185,-0.29050556,-0.27598393,-0.31877366,-0.32037857,-0.32279697,-0.2601083,-0.19459927,-0.32411462,-0.30701396,-0.32005858,-0.20658675,-0.20658675,-0.33048365,-0.31505594,-0.3289357,-0.20655881,-0.2883231,-0.3035315,-0.30853772,-0.29189283
k__Bacteria|p__Firmicutes|c__Clostridia|o__Clostridiales|f__Veillonellaceae|g__Veillonella|s__unclassified,-0.28271136,-0.31904158,-0.32328734,-0.31718764,-0.32113218,1.9142796,1.0593824,0.8218438,-0.31561396,-0.32093897,-0.19440371,-0.32539368,-0.31133458,-0.31034437,-0.31729186,-0.30519226,-0.3303013,-0.31799185,-0.31548208,-0.31918198,-0.26184985,-0.31057468,-0.31426618,-0.32018843,-0.30483168,-0.26755807,-0.31081557,-0.32854122,-0.3144855,-0.3187385,-0.23875734,-0.31126276,-0.32284898,-0.3142736,-0.32378075,-0.24718808,-0.31055045,-0.3291557,-0.3328914,-0.32263184,-0.2443454,-0.30590335,-0.3233376,-0.31315902,-0.3166716,-0.2851582,-0.31692833,-0.31382248,-0.310298,-0.32258224,-0.2823503,-0.3272691,-0.32986963,-0.30093426,-0.31172824,-0.20411447,-0.26286402,-0.29172873,-0.32277873,-0.31342247,-0.256234,-0.2358737,-0.32636124,-0.31300545,-0.33133662,-0.2850096,-0.30183107,-0.27669096,-0.3127632,-0.3320185,-0.29058558,-0.27598393,-0.31877366,-0.32037857,-0.32212007,-0.26133955,-0.19459927,0.77508855,-0.30701396,-0.31863588,2.2369106,2.2369106,-0.33048365,-0.3135258,-0.3289357,-0.20655881,-0.28813127,-0.30311835,-0.30818206,-0.2912801
k__Bacteria|p__Firmicutes|c__Bacilli|o__Lactobacillales|f__Lactobacillaceae|g__Lactobacillus|s__unclassified,1.2975441,0.89120615,0.8327815,-0.31718764,-0.31993392,1.1705811,-0.3258366,0.595375,-0.31499642,-0.3196914,-0.19440371,-0.32539368,-0.31133458,-0.3095742,-0.31691974,1.022256,-0.3303013,-0.31799185,-0.31408203,-0.31785572,-0.26184985,-0.3091453,-0.31212515,-0.3186608,-0.30413446,-0.26755807,-0.30916896,-0.32854122,-0.31241906,-0.31765598,-0.23875734,-0.30961663,-0.32284898,-0.31221917,0.70460397,-0.24718808,-0.3089908,-0.3291557,-0.3328914,-0.32277507,-0.2443454,-0.30590335,-0.3233376,-0.31180483,-0.3166716,-0.2851582,-0.31692833,-0.31195873,-0.310298,-0.32152978,-0.28096813,-0.3272691,-0.32986963,-0.30007768,-0.31145746,-0.20411447,-0.26286402,-0.29172873,-0.32277873,-0.31321365,-0.256234,-0.2358737,-0.32636124,-0.312537,-0.33133662,1.2152828,-0.30183107,-0.27669096,-0.31226945,-0.3320185,-0.28873238,-0.27598393,-0.31877366,-0.32037857,-0.32164454,-0.2613296,-0.19459927,-0.32411462,-0.30701396,-0.31822658,-0.20658675,-0.20658675,0.64269346,-0.31369668,-0.3289357,-0.20655881,-0.28646004,-0.30157185,-0.30679095,-0.2900678
k__Bacteria|p__Firmicutes|c__Clostridia|o__Coriobacteriales|f__Coriobacteriaceae|g__Slackia|s__unclassified,-0.28271136,-0.31904158,-0.32328734,-0.31718764,-0.32296872,-0.2932219,-0.3258366,-0.3327108,-0.31592947,-0.32143107,-0.19440371,-0.32539368,-0.31133458,-0.31092963,-0.3181639,-0.30519226,-0.3303013,-0.31799185,-0.31594396,-0.32045823,-0.26184985,-0.31130615,-0.31554732,-0.32096958,-0.30596435,-0.26755807,-0.31141943,-0.32854122,-0.3153031,-0.32044083,-0.23875734,-0.31218737,-0.32284898,-0.31470823,-0.32378075,-0.24718808,-0.31113067,-0.3291557,-0.3328914,-0.32194954,-0.2443454,-0.30590335,-0.3233376,-0.3136006,-0.3166716,-0.2851582,-0.31692833,-0.31479177,-0.310298,-0.32415783,-0.28325975,-0.3272691,-0.32986963,-0.3012036,-0.3126198,-0.20411447,-0.26286402,-0.29172873,-0.32277873,-0.3134666,-0.256234,-0.2358737,-0.32636124,-0.31373262,-0.33133662,-0.2850096,-0.30183107,-0.27669096,-0.31205317,-0.3320185,-0.292152,-0.27598393,-0.31877366,-0.32037857,-0.3232134,-0.26179707,-0.19459927,-0.32411462,-0.30701396,-0.31773165,-0.20658675,-0.20658675,-0.33048365,-0.3134336,-0.3289357,-0.20655881,-0.28880352,-0.3042717,-0.3083951,-0.29233894
k__Bacteria|p__Firmicutes|c__Clostridia|o__Clostridiales|f__Lachnospiraceae|g__Blautia|s__producta,-0.28271136,-0.31904158,-0.32328734,0.87802094,-0.32064816,-0.2932219,-0.3258366,0.5661277,-0.31566182,-0.3207475,-0.19440371,-0.32539368,0.94302964,-0.30977267,-0.316769,-0.30519226,-0.3303013,-0.31799185,-0.31551173,-0.31923592,-0.26184985,-0.3113168,-0.3150539,-0.32093307,-0.3048338,-0.26755807,-0.31133306,0.71832246,-0.3146938,-0.31875196,-0.23875734,-0.31190103,-0.32284898,-0.31445205,-0.32378075,-0.24718808,-0.31133366,-0.3291557,-0.3328914,-0.32261723,-0.2443454,-0.30590335,0.777005,-0.31297404,-0.3166716,-0.2851582,-0.31692833,-0.3143721,-0.310298,-0.32199556,-0.2822404,-0.3272691,-0.32986963,-0.30053908,-0.31137586,-0.20411447,-0.26286402,-0.29172873,-0.32277873,-0.31339693,-0.256234,-0.2358737,-0.32636124,-0.31254795,-0.33133662,-0.2850096,-0.30183107,-0.27669096,-0.31172693,-0.3320185,-0.29078174,-0.27598393,-0.31877366,-0.32037857,-0.32171354,-0.26083714,-0.19459927,-0.32411462,0.96581656,-0.31840825,-0.20658675,-0.20658675,0.64282036,-0.31356975,-0.3289357,-0.20655881,-0.2880291,-0.30359983,-0.30877715,-0.29128906
k__Bacteria|p__Firmicutes|c__Bacilli|o__Lactobacillales|f__Streptococcaceae|g__unclassified|s__unclassified,-0.28271136,-0.31904158,-0.32328734,-0.31718764,-0.31983668,-0.2932219,-0.3258366,-0.3327108,-0.31605163,-0.3204289,-0.19440371,0.74274194,-0.31133458,-0.3099811,-0.317241,-0.30519226,-0.3303013,-0.31799185,-0.3151772,-0.31811255,-0.26184985,-0.31107998,-0.31333324,-0.32050377,-0.30418527,-0.26755807,-0.31133664,0.7146748,-0.3142116,-0.31805596,-0.23875734,-0.31206623,-0.32284898,-0.31381536,-0.32378075,-0.24718808,-0.31071687,-0.3291557,-0.3328914,-0.32298666,-0.2443454,-0.30590335,-0.3233376,-0.31312722,-0.3166716,-0.2851582,-0.31692833,-0.31292534,-0.310298,-0.32106525,-0.28226778,-0.3272691,-0.32986963,-0.30142856,-0.31057873,-0.20411447,-0.26286402,-0.29172873,-0.32277873,-0.31200665,-0.256234,-0.2358737,-0.32636124,-0.31273177,-0.33133662,-0.2850096,-0.30183107,-0.27669096,-0.31114724,-0.3320185,-0.29058212,-0.27598393,-0.31877366,-0.32037857,-0.3212783,-0.2634875,-0.19459927,-0.32411462,-0.30701396,-0.3184255,-0.20658675,-0.20658675,-0.33048365,-0.31301782,-0.3289357,-0.20655881,-0.29054588,-0.3033823,-0.30898905,-0.29029506
k__Bacteria|p__Firmicutes|c__Clostridia|o__Clostridiales|f__Veillonellaceae|g__Selenomonas|s__unclassified,-0.28271136,-0.31904158,-0.32328734,-0.31718764,-0.3214248,-0.2932219,-0.3258366,-0.3327108,-0.31643355,-0.32126248,-0.19440371,-0.32539368,-0.31133458,-0.31097803,-0.31796837,-0.30519226,-0.3303013,-0.31799185,-0.31591967,-0.31973958,-0.26184985,-0.31106162,-0.3147507,-0.32059115,-0.305377,-0.26755807,-0.3112129,0.71540534,-0.3148647,-0.3191595,-0.23875734,-0.31168947,-0.32284898,-0.3145405,-0.32378075,-0.24718808,-0.3109213,-0.3291557,-0.3328914,-0.32401925,-0.2443454,-0.30590335,-0.3233376,-0.31382337,-0.3166716,-0.2851582,-0.31692833,-0.31422636,-0.310298,-0.32283488,-0.283556,-0.3272691,-0.32986963,-0.30200958,-0.3127016,-0.20411447,-0.26286402,-0.29172873,-0.32277873,-0.3148453,-0.256234,-0.2358737,-0.32636124,-0.3140828,-0.33133662,-0.2850096,-0.30183107,-0.27669096,-0.3136117,-0.3320185,-0.29168507,-0.27598393,-0.31877366,-0.32037857,-0.32272816,-0.26315063,-0.19459927,-0.32411462,-0.30701396,-0.31975085,-0.20658675,-0.20658675,-0.33048365,-0.31482697,-0.3289357,-0.20655881,-0.2889366,-0.30410197,-0.30877662,-0.29205096
k__Bacteria|p__Firmicutes|c__Clostridia|o__Clostridiales|f__Veillonellaceae|g__Megamonas|s__unclassified,-0.28271136,-0.31904158,-0.32328734,-0.31718764,-0.31984833,-0.2932219,-0.3258366,-0.3327108,-0.31696206,-0.3213038,-0.19440371,-0.32539368,-0.31133458,-0.31056815,-0.31750733,-0.30519226,-0.3303013,-0.31799185,-0.31622964,-0.31936204,-0.26184985,-0.31113183,-0.3144131,-0.32095703,-0.30539897,-0.26755807,-0.3115849,-0.32854122,-0.31454578,-0.31797004,-0.23875734,-0.31152454,-0.32284898,-0.31446856,-0.32378075,-0.24718808,-0.31112817,-0.3291557,-0.3328914,-0.32474327,-0.2443454,-0.30590335,-0.3233376,-0.31438896,-0.3166716,-0.2851582,-0.31692833,-0.3146482,-0.310298,-0.32152203,-0.28123575,-0.3272691,-0.32986963,-0.30187047,-0.31227648,-0.20411447,-0.26286402,-0.29172873,-0.32277873,-0.3157661,-0.256234,-0.2358737,-0.32636124,-0.31417984,-0.33133662,-0.2850096,-0.30183107,-0.27669096,-0.313496,-0.3320185,-0.2895028,-0.27598393,-0.31877366,-0.32037857,-0.32140043,-0.261629,-0.19459927,-0.32411462,-0.30701396,-0.32005382,-0.20658675,-0.20658675,0.979612,-0.31561708,0.42434147,-0.20655881,-0.28703243,-0.3036943,-0.30894274,-0.2912463
k__Bacteria|p__Firmicutes|c__Clostridia|o__Clostridiales|f__Lachnospiraceae|g__Anaerostipes|s__unclassified,-0.28271136,-0.31904158,-0.32328734,-0.31718764,-0.32082513,-0.2932219,-0.3258366,-0.3327108,-0.31605926,-0.32114708,-0.19440371,-0.32539368,-0.31133458,-0.31106773,-0.31713712,-0.30519226,-0.3303013,-0.31799185,-0.3161353,-0.31913984,-0.26184985,-0.31138125,-0.31477004,-0.32076126,-0.3048361,-0.26755807,-0.31177628,-0.32854122,-0.31520256,-0.31849092,-0.23875734,-0.3123672,-0.32284898,-0.3148991,-0.32378075,-0.24718808,-0.31154737,-0.3291557,0.605714,-0.32173517,-0.2443454,-0.30590335,-0.3233376,-0.3138312,0.85081106,-0.2851582,-0.31692833,-0.31484598,-0.310298,-0.32241863,-0.28318113,-0.3272691,-0.32986963,-0.30162168,-0.31188166,-0.20411447,-0.26286402,-0.29172873,-0.32277873,-0.31377792,-0.256234,-0.2358737,-0.32636124,-0.31327432,-0.33133662,-0.2850096,-0.30183107,-0.27669096,-0.31258678,-0.3320185,-0.29083258,-0.27598393,-0.31877366,-0.32037857,-0.32148743,-0.2631531,-0.19459927,-0.32411462,-0.30701396,-0.3180111,-0.20658675,-0.20658675,-0.33048365,-0.313634,-0.3289357,-0.20655881,-0.28903362,-0.3037945,-0.3090005,-0.29147524
k__Bacteria|p__Firmicutes|c__Clostridia|o__Clostridiales|f__Clostridiaceae|g__unclassified|s__unclassified,1.3053582,0.9069519,-0.32328734,-0.31718764,-0.31575114,-0.2932219,0.7905633,0.5557733,-0.3073727,-0.3139792,2.1539493,0.75617,-0.31133458,-0.30100018,-0.3108732,-0.30519226,-0.3303013,0.9040253,-0.30433148,-0.3111261,-0.26184985,-0.29405573,-0.29891783,-0.3091631,-0.2998668,1.4124886,-0.29403284,0.7165003,-0.30186427,-0.31022838,1.7977549,-0.29538596,0.8599223,-0.30157226,0.7029398,-0.24718808,-0.29374582,-0.3291557,-0.3328914,-0.32099813,1.7459779,1.0146612,-0.3233376,-0.30369595,-0.3166716,1.2022742,-0.31692833,-0.2989095,-0.310298,-0.3180322,-0.2556625,0.742485,0.6818866,-0.28634787,-0.3032968,-0.20411447,-0.26286402,-0.29172873,-0.32277873,-0.30625904,-0.256234,-0.2358737,-0.32636124,-0.30528778,-0.33133662,-0.2850096,-0.30183107,-0.27669096,-0.30702817,-0.3320185,-0.26606324,-0.27598393,-0.31877366,-0.32037857,-0.31852484,-0.22682238,2.1372232,-0.32411462,-0.30701396,-0.31485564,1.9910626,1.9910626,-0.33048365,-0.3060351,-0.3289357,-0.20655881,-0.2627611,-0.28399932,-0.291995,-0.27856237
k__Bacteria|p__Firmicutes|c__Clostridia|o__Clostridiales|f__Lachnospiraceae|g__Lachnobacterium|s__unclassified,-0.28271136,-0.31904158,-0.32328734,-0.31718764,-0.3188656,-0.2932219,-0.3258366,-0.3327108,-0.31508905,-0.31934983,-0.19440371,-0.32539368,-0.31133458,-0.31084836,-0.31486237,-0.30519226,-0.3303013,-0.31799185,-0.31686932,-0.318456,-0.26184985,-0.3123753,-0.31399906,-0.3185687,-0.30254295,-0.26755807,-0.31231484,-0.32854122,-0.31592274,-0.315493,-0.23875734,-0.3132649,-0.32284898,-0.31570488,-0.32378075,-0.24718808,-0.31222522,-0.3291557,-0.3328914,-0.31552708,-0.2443454,-0.30590335,-0.3233376,-0.31426156,-0.3166716,-0.2851582,-0.31692833,-0.31606334,-0.310298,-0.3205808,-0.2857514,-0.3272691,-0.32986963,-0.30059144,-0.30986747,-0.20411447,-0.26286402,-0.29172873,-0.32277873,-0.31285837,-0.256234,-0.2358737,-0.32636124,-0.31235874,0.5932025,-0.2850096,-0.30183107,-0.27669096,-0.31143707,0.62899715,-0.29300094,-0.27598393,-0.31877366,-0.32037857,-0.31534904,-0.26648283,-0.19459927,-0.32411462,-0.30701396,-0.31265303,-0.20658675,-0.20658675,-0.33048365,-0.3126468,-0.3289357,-0.20655881,-0.29036766,-0.30305567,-0.30810273,-0.2895378
k__Bacteria|p__Firmicutes|c__Erysipelotrichi|o__Erysipelotrichales|f__[Coprobacillaceae]|g__Coprobacillus|s__unclassified,-0.28271136,-0.31904158,-0.32328734,0.87326205,-0.3223553,-0.2932219,-0.3258366,-0.3327108,-0.31562272,-0.32211348,-0.19440371,-0.32539368,0.9373535,-0.3100167,-0.3177883,-0.30519226,-0.3303013,-0.31799185,-0.31651527,-0.32019326,-0.26184985,-0.3122971,-0.31609178,-0.32184753,-0.3055458,-0.26755807,-0.31250358,-0.32854122,-0.31590623,-0.32000446,-0.23875734,-0.31299865,-0.32284898,-0.3156581,0.70786875,-0.24718808,-0.31198955,-0.3291557,-0.3328914,-0.32260865,-0.2443454,-0.30590335,-0.3233376,-0.31370378,-0.3166716,-0.2851582,-0.31692833,-0.31475997,-0.310298,-0.32347873,-0.28291994,-0.3272691,-0.32986963,-0.30055875,-0.3115575,-0.20411447,-0.26286402,-0.29172873,-0.32277873,-0.31261504,-0.256234,-0.2358737,-0.32636124,-0.31328994,-0.33133662,-0.2850096,-0.30183107,-0.27669096,-0.31316394,-0.3320185,-0.2929294,-0.27598393,-0.31877366,-0.32037857,-0.3228764,-0.2587482,-0.19459927,-0.32411462,-0.30701396,-0.31888944,-0.20658675,-0.20658675,0.6482633,-0.31317306,-0.3289357,-0.20655881,-0.29019487,-0.30413997,-0.3093345,-0.29228073
k__Bacteria|p__Firmicutes|c__Clostridia|o__Clostridiales|f__Veillonellaceae|g__Veillonella|s__parvula,1.7370608,-0.31904158,-0.32328734,0.94348454,0.57727754,1.168381,-0.3258366,-0.3327108,0.6384753,0.65147436,-0.19440371,0.7804499,0.93757236,0.557301,0.5619253,-0.30519226,-0.3303013,1.3279489,0.7230383,0.66815555,1.4512825,0.82002854,0.8190948,0.78628814,0.61356056,1.4148632,0.82846713,-0.32854122,0.74193573,0.6331575,-0.23875734,0.8158381,0.8821903,0.74511683,0.72300136,-0.24718808,0.8301237,0.66241264,0.6026717,0.4930833,1.7694186,1.037157,0.7800336,0.63163435,-0.3166716,1.3422465,1.1499583,0.8256686,0.9710305,0.58181024,0.59579146,0.7400901,0.67966527,0.5365477,0.5368458,-0.20411447,-0.26286402,-0.29172873,-0.32277873,0.57953584,1.5826417,1.8200446,0.67949194,0.564666,-0.33133662,-0.2850096,-0.30183107,-0.27669096,0.46051395,-0.3320185,0.65996206,1.3332514,0.8850076,0.83479494,0.496238,0.45726675,2.2353902,0.71403587,-0.30701396,0.47933054,-0.20658675,-0.20658675,-0.33048365,0.5890225,-0.3289357,-0.20655881,0.64474726,0.7428617,0.7376294,0.5966258
k__Bacteria|p__Firmicutes|c__Erysipelotrichi|o__Erysipelotrichales|f__Erysipelotrichaceae|g__Holdemania|s__unclassified,-0.28271136,-0.31904158,-0.32328734,-0.31718764,-0.3214472,-0.2932219,-0.3258366,-0.3327108,-0.31635624,-0.32129776,-0.19440371,-0.32539368,-0.31133458,-0.3111872,-0.3176931,-0.30519226,-0.3303013,-0.31799185,-0.3160295,-0.31955892,-0.26184985,-0.31150037,-0.3149688,-0.3207628,-0.30516803,-0.26755807,-0.31172138,-0.32854122,-0.31512734,-0.31915563,-0.23875734,-0.3122722,-0.32284898,-0.31488523,0.7129384,-0.24718808,-0.31155983,-0.3291557,-0.3328914,-0.32284874,-0.2443454,-0.30590335,0.80116546,-0.3137464,0.85188097,-0.2851582,-0.31692833,-0.31461743,-0.310298,-0.32289454,-0.28366786,-0.3272691,-0.32986963,-0.3017962,-0.31240726,-0.20411447,-0.26286402,-0.29172873,-0.32277873,-0.31415254,-0.256234,-0.2358737,-0.32636124,-0.3136099,-0.33133662,-0.2850096,-0.30183107,-0.27669096,-0.31309217,-0.3320185,-0.29157078,-0.27598393,-0.31877366,-0.32037857,-0.3224131,-0.2636544,-0.19459927,-0.32411462,-0.30701396,-0.31900743,-0.20658675,-0.20658675,-0.33048365,-0.3142591,-0.3289357,-0.20655881,-0.28941357,-0.30415654,-0.3091281,-0.29187602
k__Bacteria|p__Firmicutes|c__Bacilli|o__Lactobacillales|f__Streptococcaceae|g__Lactococcus|s__unclassified,-0.28271136,-0.31904158,0.7942817,-0.31718764,-0.32068446,-0.2932219,-0.3258366,0.5561854,-0.31646988,-0.3219675,-0.19440371,-0.32539368,-0.31133458,-0.31039542,-0.3171879,-0.30519226,-0.3303013,-0.31799185,-0.31652504,-0.31938106,-0.26184985,-0.31275952,-0.31620675,-0.32178092,-0.30504048,-0.26755807,-0.31320605,-0.32854122,-0.31553537,-0.318686,-0.23875734,-0.31270358,-0.32284898,-0.31593227,-0.32378075,-0.24718808,-0.31309548,0.65146583,-0.3328914,-0.3245531,-0.2443454,-0.30590335,-0.3233376,-0.3134327,0.84941024,-0.2851582,-0.31692833,-0.31512052,-0.310298,-0.32244858,-0.28224888,-0.3272691,-0.32986963,-0.30107594,-0.31211558,-0.20411447,-0.26286402,-0.29172873,-0.32277873,-0.3146044,-0.256234,-0.2358737,-0.32636124,-0.31335798,-0.33133662,-0.2850096,-0.30183107,-0.27669096,-0.31491977,-0.3320185,-0.29145032,-0.27598393,-0.31877366,-0.32037857,-0.3224338,-0.26247764,-0.19459927,-0.32411462,0.96454024,-0.3213186,-0.20658675,-0.20658675,-0.33048365,-0.3153938,-0.3289357,-0.20655881,-0.28982115,-0.30492124,-0.31060898,-0.29220092
k__Bacteria|p__Firmicutes|c__Clostridia|o__Clostridiales|f__Clostridiaceae|g__Clostridium|s__unclassified,-0.28271136,0.9101891,-0.32328734,0.81894237,-0.28118503,1.1721497,0.80186635,0.5543296,-0.27373016,-0.27991933,-0.19440371,0.7653901,0.94194055,-0.27143574,-0.27824992,-0.30519226,-0.3303013,0.9064488,-0.27067602,-0.2766465,-0.26184985,-0.2673482,-0.2751531,-0.2795158,-0.26513234,1.5553601,-0.26893908,-0.32854122,-0.27155071,-0.28165925,-0.23875734,-0.2674785,0.8748226,-0.27172428,0.7009391,-0.24718808,-0.26883078,0.64950377,-0.3328914,-0.28948417,-0.2443454,1.0339742,-0.3233376,-0.27141276,-0.3166716,-0.2851582,1.1004746,-0.26921472,0.9718637,-0.28166214,-0.25335664,0.7458018,0.67966527,-0.26922286,-0.2763564,-0.20411447,-0.26286402,-0.29172873,-0.32277873,-0.27402696,-0.256234,-0.2358737,0.68123853,-0.27372864,-0.33133662,-0.2850096,-0.30183107,-0.27669096,-0.2770375,-0.3320185,-0.25868133,-0.27598393,-0.31877366,-0.32037857,-0.29106063,-0.24025768,-0.19459927,0.7089929,-0.30701396,-0.28767592,2.2224176,2.2224176,-0.33048365,-0.27347672,-0.3289357,-0.20655881,-0.2585492,-0.26930535,-0.2719007,-0.26033682
k__Bacteria|p__Firmicutes|c__Bacilli|o__Turicibacterales|f__Turicibacteraceae|g__Turicibacter|s__unclassified,-0.28271136,-0.31904158,-0.32328734,-0.31718764,-0.32115555,-0.2932219,-0.3258366,-0.3327108,-0.31677282,-0.32132536,-0.19440371,-0.32539368,0.95256263,-0.31130967,-0.3171536,-0.30519226,0.71480274,-0.31799185,-0.3160447,-0.31975234,-0.26184985,-0.31189805,-0.31557328,-0.321363,-0.3051968,-0.26755807,-0.312099,-0.32854122,-0.31561154,-0.31887648,-0.23875734,-0.31265947,-0.32284898,-0.31550115,-0.32378075,-0.24718808,-0.31229442,-0.3291557,-0.3328914,-0.32301506,-0.2443454,-0.30590335,-0.3233376,-0.31421268,-0.3166716,-0.2851582,-0.31692833,-0.31518826,-0.310298,-0.32274133,-0.28306377,-0.3272691,0.7010377,-0.30164135,-0.3124467,-0.20411447,-0.26286402,-0.29172873,-0.32277873,-0.31481624,-0.256234,-0.2358737,-0.32636124,-0.3135323,-0.33133662,-0.2850096,-0.30183107,-0.27669096,-0.31298494,-0.3320185,-0.29101676,-0.27598393,-0.31877366,-0.32037857,-0.3220316,-0.26279733,-0.19459927,-0.32411462,-0.30701396,-0.3194465,-0.20658675,-0.20658675,-0.33048365,-0.3146717,0.4401922,-0.20655881,-0.28888425,-0.30445358,-0.3097404,-0.29183424
k__Bacteria|p__Firmicutes|c__Clostridia|o__Clostridiales|f__Veillonellaceae|g__Veillonella|s__dispar,2.1012588,1.594845,0.99434906,1.067074,0.71177137,1.1712089,0.77353555,0.5561854,0.790426,0.80439556,2.3259678,0.77719,0.95514685,0.702808,0.7006576,1.0294223,0.77660376,1.0614177,0.88930047,0.82269764,1.4674431,1.0323247,1.0458772,0.9860628,0.7499188,1.4345903,1.0495338,1.105851,0.92469424,0.8026576,2.1366196,1.0231544,1.1405115,0.93075544,0.78926563,2.0708277,1.0518225,0.7606312,0.60861546,0.63040924,1.8086251,1.0910268,0.794202,0.78576493,-0.3166716,1.5455468,1.483774,1.0274694,0.99755865,0.70986295,0.84167224,0.7662538,0.7084732,0.7239115,0.6909358,-0.20411447,-0.26286402,-0.29172873,0.7880511,0.72561586,1.604664,2.0321345,0.75658876,0.70924187,-0.33133662,1.2183055,1.0168926,-0.27669096,0.58665705,-0.3320185,0.90372586,-0.27598393,0.9667018,0.8607958,0.6436601,0.72346836,2.2327585,-0.32411462,-0.30701396,0.6269338,-0.20658675,-0.20658675,0.64269346,0.7358362,0.4040953,2.0334842,0.89778745,0.98591673,0.9585059,0.78772306
k__Bacteria|p__Firmicutes|c__Clostridia|o__Coriobacteriales|f__Coriobacteriaceae|g__unclassified|s__unclassified,-0.28271136,-0.31904158,-0.32328734,0.8260522,-0.32083747,-0.2932219,0.7745552,0.63270485,-0.31633142,-0.3205623,-0.19440371,-0.32539368,-0.31133458,-0.31037968,-0.3173994,-0.30519226,-0.3303013,-0.31799185,-0.3153568,-0.31969342,-0.26184985,-0.3111822,-0.3144839,-0.32088378,-0.30513108,-0.26755807,-0.3108464,-0.32854122,-0.3147521,-0.31894904,-0.23875734,-0.31181523,-0.32284898,-0.3142866,-0.32378075,-0.24718808,-0.3109437,-0.3291557,0.6062422,-0.32315,-0.2443454,-0.30590335,-0.3233376,-0.3140881,-0.3166716,-0.2851582,-0.31692833,-0.31402522,-0.310298,-0.32217443,-0.28284264,-0.3272691,-0.32986963,-0.30149692,-0.31202865,-0.20411447,-0.26286402,-0.29172873,-0.32277873,-0.31442326,-0.256234,-0.2358737,-0.32636124,-0.31375542,-0.33133662,-0.2850096,-0.30183107,-0.27669096,-0.31180733,-0.3320185,-0.291773,-0.27598393,-0.31877366,-0.32037857,-0.32180294,-0.26153094,-0.19459927,-0.32411462,-0.30701396,-0.3184008,-0.20658675,-0.20658675,-0.33048365,-0.31450438,-0.3289357,-0.20655881,-0.28870526,-0.30377585,-0.3088225,-0.29140317
k__Bacteria|p__Firmicutes|c__Clostridia|o__Coriobacteriales|f__Coriobacteriaceae|g__Eggerthella|s__lenta,-0.28271136,0.9131229,-0.32328734,0.83724135,-0.3194145,-0.2932219,-0.3258366,-0.3327108,-0.31453794,-0.3193432,-0.19440371,-0.32539368,-0.31133458,-0.30905253,-0.31605133,1.021228,-0.3303013,0.90362084,-0.3138064,-0.31759906,-0.26184985,-0.3088264,-0.3120938,-0.31848466,-0.30345654,-0.26755807,-0.30889082,0.72086793,-0.31264412,-0.317028,-0.23875734,-0.3094623,-0.32284898,-0.31252083,-0.32378075,1.6333438,-0.30872253,-0.3291557,-0.3328914,-0.32206815,-0.2443454,-0.30590335,-0.3233376,-0.31193724,0.8520454,-0.2851582,0.93264526,-0.31176522,0.9732682,-0.3208958,-0.2808207,-0.3272691,-0.32986963,-0.2997517,-0.310564,-0.20411447,1.6147023,1.1810875,-0.32277873,-0.3125038,-0.256234,-0.2358737,0.6786848,-0.31189066,-0.33133662,-0.2850096,-0.30183107,-0.27669096,-0.31176,-0.3320185,-0.28881592,1.3318449,-0.31877366,-0.32037857,-0.32071537,-0.25999686,-0.19459927,-0.32411462,-0.30701396,-0.31788427,-0.20658675,-0.20658675,0.6433914,-0.31269717,-0.3289357,-0.20655881,-0.28648838,-0.30129838,-0.30660796,-0.28969628
k__Bacteria|p__Firmicutes|c__Bacilli|o__Lactobacillales|f__Carnobacteriaceae|g__Granulicatella|s__unclassified,1.2899846,0.89777225,0.82533514,-0.31718764,-0.13510978,1.1788665,0.7955657,0.65814227,-0.077188864,-0.069541186,-0.19440371,0.74786085,-0.31133458,-0.12777916,-0.13572873,-0.30519226,-0.3303013,-0.31799185,-0.013227414,-0.059664153,-0.26184985,0.09823187,0.11500606,0.062243145,-0.076389894,1.4862529,0.11497092,0.7201413,0.017564923,-0.06058139,1.7644602,0.08991484,0.85413176,0.02146469,-0.32378075,1.6362518,0.11558202,-0.3291557,-0.3328914,-0.17225842,-0.2443454,1.0211403,-0.3233376,-0.07937464,-0.3166716,1.2012839,0.9306689,0.08832073,-0.310298,-0.14038242,0.02673481,0.7395571,-0.32986963,-0.08461159,-0.12734704,-0.20411447,1.5687126,1.1630398,-0.32277873,-0.11278935,1.582974,-0.2358737,0.6780116,-0.12577902,0.5865274,1.2159247,-0.30183107,-0.27669096,-0.20270023,-0.3320185,0.05395562,-0.27598393,-0.31877366,-0.32037857,-0.16015396,-0.017878179,2.138333,-0.32411462,-0.30701396,-0.16579178,-0.20658675,-0.20658675,-0.33048365,-0.10771857,-0.3289357,-0.20655881,0.05793413,0.09597047,0.065162584,-0.01399277
k__Bacteria|p__Firmicutes|c__Bacilli|o__Lactobacillales|f__Streptococcaceae|g__Streptococcus|s__unclassified,1.5060945,0.9183821,0.7858353,0.84463185,0.6537707,1.1712089,0.7679086,0.5705037,0.72010976,0.7337836,-0.19440371,0.747238,0.9428119,0.64141095,0.6419547,1.026971,0.70791984,0.90362084,0.8070871,0.74929976,1.4603223,0.9245441,0.93304074,0.88835466,0.6869439,1.4364489,0.9384795,0.75303113,0.8354584,0.7270858,-0.23875734,0.9182701,0.8633806,0.83886516,0.7577077,1.6375576,0.9397115,0.6531231,0.6058461,0.57658154,1.7586263,1.0208712,0.78069484,0.71531737,0.8535247,1.2099644,0.93429595,0.92451787,0.97581214,0.6546415,0.73458576,0.760658,0.72984946,0.6479163,0.62748444,-0.20411447,1.4692371,1.3240253,-0.32277873,0.6604556,1.5852969,-0.2358737,0.6952353,0.64698577,0.5933329,-0.2850096,-0.30183107,-0.27669096,0.5374085,-0.3320185,0.79363203,1.3534243,0.90399754,0.834935,0.58798814,0.62161446,-0.19459927,0.7089929,-0.30701396,0.5695721,2.2655404,2.2655404,0.6556836,0.66921914,0.43850586,1.9962859,0.786887,0.87209547,0.8546978,0.7033508
k__Bacteria|p__Firmicutes|c__Clostridia|o__Clostridiales|f__Ruminococcaceae|g__unclassified|s__unclassified,-0.28271136,-0.31904158,-0.32328734,-0.31718764,0.7251922,-0.2932219,-0.3258366,0.5569062,0.66606843,0.66457456,-0.19440371,0.794098,0.9373535,0.69094753,0.7123635,-0.30519226,0.88062036,-0.31799185,0.61482406,0.65920675,-0.26184985,0.48497242,0.45707372,0.53194654,0.64959806,-0.26755807,0.46274567,0.82100433,0.5739019,0.6310564,-0.23875734,0.49815023,0.862805,0.5656892,0.72533846,-0.24718808,0.46124727,0.70131683,0.70496047,0.7308351,-0.2443454,-0.30590335,0.837417,0.6619569,0.9152249,-0.2851582,0.93594396,0.5122597,0.9907369,0.7399312,0.41975257,0.7741387,0.8673841,0.58997464,0.6761807,-0.20411447,-0.26286402,1.1640407,0.80534774,0.68665445,-0.256234,-0.2358737,0.69284976,0.6954907,0.9128197,-0.2850096,1.1316053,1.4607452,0.7502875,0.9147518,0.4240833,-0.27598393,0.8602774,1.1855989,0.7087159,0.38457584,-0.19459927,0.97521806,0.9703415,0.7037587,-0.20658675,-0.20658675,0.65367675,0.6830141,0.5502374,-0.20655881,0.40332323,0.4246202,0.47942382,0.5116115
k__Bacteria|p__Firmicutes|c__Clostridia|o__Coriobacteriales|f__Coriobacteriaceae|g__Collinsella|s__unclassified,-0.28271136,-0.31904158,-0.32328734,-0.31718764,-0.31866425,-0.2932219,-0.3258366,-0.3327108,-0.3153047,-0.31941915,-0.19440371,-0.32539368,0.99561113,-0.3097558,-0.31567717,-0.30519226,-0.3303013,-0.31799185,-0.31452063,-0.31740797,1.4624374,-0.30947268,-0.31252444,-0.31879887,-0.30353406,-0.26755807,-0.31029683,-0.32854122,-0.3135454,-0.3154136,-0.23875734,-0.31090057,-0.32284898,-0.31301948,-0.32378075,-0.24718808,-0.30929035,-0.3291557,0.6347411,-0.3220142,-0.2443454,-0.30590335,-0.3233376,-0.31310323,-0.3166716,-0.2851582,-0.31692833,-0.31253955,-0.310298,-0.32034332,-0.2818037,0.78870976,-0.32986963,-0.30029285,-0.31130797,-0.20411447,-0.26286402,-0.29172873,0.7770529,-0.31433606,-0.256234,-0.2358737,-0.32636124,-0.31351423,-0.33133662,-0.2850096,-0.30183107,-0.27669096,-0.31309867,-0.3320185,-0.2891816,-0.27598393,-0.31877366,-0.32037857,-0.31911033,-0.2604906,-0.19459927,-0.32411462,-0.30701396,-0.31831634,-0.20658675,-0.20658675,0.6612441,-0.31362134,0.44816363,-0.20655881,-0.28742164,-0.30251744,-0.30679867,-0.2901119
k__Bacteria|p__Firmicutes|c__Clostridia|o__Clostridiales|f__Ruminococcaceae|g__Faecalibacterium|s__prausnitzii,-0.28271136,-0.31904158,-0.32328734,-0.31718764,0.12744308,-0.2932219,-0.3258366,0.630699,0.08891512,0.09110932,-0.19440371,0.78681827,0.9456386,0.1141391,0.12548792,-0.30519226,0.8472539,-0.31799185,0.049291056,0.081633404,-0.26184985,-0.015233509,-0.014999295,0.01918863,0.09339647,-0.26755807,-0.022034187,-0.32854122,0.03389358,0.08756362,-0.23875734,-0.010212164,-0.32284898,0.030953556,0.7008279,-0.24718808,-0.022884736,0.6621143,0.8317191,0.1618819,-0.2443454,-0.30590335,-0.3233376,0.08744869,-0.3166716,-0.2851582,-0.31692833,-0.007628478,0.97456694,0.13051137,0.011411539,-0.3272691,0.73767424,0.090014346,0.120337926,-0.20411447,-0.26286402,-0.29172873,0.88292074,0.11070846,-0.256234,-0.2358737,0.6811043,0.1159906,0.7068906,-0.2850096,1.0316933,1.3805553,0.16212821,0.7008599,0.00057340413,-0.27598393,0.85197276,0.8861378,0.1546072,0.023194134,-0.19459927,0.7400651,-0.30701396,0.15603036,-0.20658675,-0.20658675,-0.33048365,0.10658965,0.5338791,-0.20655881,-0.0009920951,-0.010272387,0.009804926,0.05478959
k__Bacteria|p__Firmicutes|c__Clostridia|o__Clostridiales|f__Lachnospiraceae|g__Dorea|s__unclassified,-0.28271136,-0.31904158,-0.32328734,0.9394,-0.31153423,-0.2932219,-0.3258366,-0.3327108,-0.30715996,-0.31255862,-0.19440371,0.7662463,0.99375045,-0.3014876,-0.307763,-0.30519226,-0.3303013,-0.31799185,-0.30723548,-0.31066403,-0.26184985,-0.3044573,-0.30938402,-0.31343377,-0.2963447,-0.26755807,-0.3057475,0.8061082,-0.30746114,-0.3099625,-0.23875734,-0.3050744,1.0639504,-0.3073633,0.74138695,-0.24718808,-0.3051152,-0.3291557,-0.3328914,-0.31472594,-0.2443454,-0.30590335,0.9379284,-0.30443844,0.87005776,-0.2851582,-0.31692833,-0.30753416,-0.310298,-0.31307286,-0.27700108,0.74035645,-0.32986963,-0.29294306,-0.30350053,-0.20411447,-0.26286402,-0.29172873,-0.32277873,-0.30627465,-0.256234,-0.2358737,0.7467049,-0.3046786,0.595808,-0.2850096,1.0185306,-0.27669096,-0.30486608,-0.3320185,-0.28522652,-0.27598393,0.8508245,-0.32037857,-0.31336707,-0.25475082,-0.19459927,-0.32411462,-0.30701396,-0.31179684,-0.20658675,-0.20658675,0.65179163,-0.30589247,0.3957632,-0.20655881,-0.28299695,-0.29870483,-0.3023433,-0.28524852
k__Bacteria|p__Firmicutes|c__Clostridia|o__Clostridiales|f__Ruminococcaceae|g__Ruminococcus|s__unclassified,-0.28271136,-0.31904158,-0.32328734,0.8206198,0.6789826,-0.2932219,-0.3258366,0.71500677,0.62454253,0.6263803,-0.19440371,0.7414894,-0.31133458,0.6426913,0.6655672,-0.30519226,0.71480274,-0.31799185,0.5786816,0.6203108,-0.26184985,0.46170497,0.43945897,0.5103708,0.6121754,-0.26755807,0.44202211,-0.32854122,0.54247284,0.5952084,-0.23875734,0.47391897,-0.32284898,0.5351404,0.95872116,-0.24718808,0.44108492,0.7572458,0.889641,0.6871922,-0.2443454,-0.30590335,0.8230375,0.62011695,0.99819595,1.2076045,1.309148,0.4871577,-0.310298,0.69250154,0.3871383,0.9103081,0.7069287,0.5489834,0.63087034,-0.20411447,-0.26286402,1.1643533,0.76997185,0.6412556,-0.256234,-0.2358737,0.681507,0.6482904,0.64864224,-0.2850096,1.0258303,1.3684645,0.6965421,0.78623056,0.39533764,1.3640419,0.8790683,0.8960711,0.66612804,0.34090284,-0.19459927,0.8286934,0.9921121,0.66077405,-0.20658675,-0.20658675,0.6478845,0.6380061,0.513537,-0.20655881,0.37617534,0.40353346,0.45650953,0.48241532
k__Bacteria|p__Firmicutes|c__Clostridia|o__Clostridiales|f__unclassified|g__unclassified|s__unclassified,-0.28271136,0.9233239,0.85479367,0.8306259,0.7134892,1.1883183,1.0523307,0.792756,0.68431246,0.6852814,-0.19440371,0.7816546,-0.31133458,0.6761581,0.6954162,-0.30519226,0.973273,0.981988,0.672825,0.6891519,-0.26184985,0.5884072,0.5559083,0.61176544,0.66714746,1.4224242,0.5690179,-0.32854122,0.640238,0.64421475,-0.23875734,0.59971106,1.0157242,0.63363624,0.7587583,-0.24718808,0.568007,0.6772164,0.60518557,0.67533517,1.607938,1.1189874,0.7952264,0.6789347,0.85397625,1.20267,0.939592,0.6162331,1.1170646,0.7295046,0.43882674,0.85877746,0.8276344,0.5692595,0.6496066,-0.20411447,-0.26286402,-0.29172873,0.77759546,0.6784069,-0.256234,-0.2358737,0.69059145,0.6823585,0.6086064,-0.2850096,-0.30183107,-0.27669096,0.69013476,0.76960224,0.46830863,-0.27598393,0.8648951,0.8485711,0.65599036,0.3523463,-0.19459927,0.7276616,-0.30701396,0.6447785,-0.20658675,-0.20658675,0.6700523,0.67915404,0.46426108,-0.20655881,0.4406345,0.4955539,0.5441942,0.5284829
k__Bacteria|p__Firmicutes|c__Clostridia|o__Coriobacteriales|f__unclassified|g__unclassified|s__unclassified,-0.28271136,0.97144336,-0.32328734,0.85925096,0.6985458,-0.2932219,0.7915658,-0.3327108,0.64984286,0.6457386,-0.19440371,0.78813493,1.0578676,0.66880196,0.68671703,-0.30519226,0.7300188,-0.31799185,0.6092699,0.6439773,-0.26184985,0.49133295,0.45812154,0.5264597,0.6305224,-0.26755807,0.4688523,0.73170435,0.5693958,0.61036515,-0.23875734,0.5037939,-0.32284898,0.56170523,0.72886103,-0.24718808,0.46739125,0.6766284,0.65957606,0.6901746,-0.2443454,1.0114057,0.78088367,0.6467963,0.89147425,-0.2851582,0.96896774,0.5172377,1.0237968,0.71313155,0.41686714,0.75489956,0.754912,0.56906736,0.64909565,-0.20411447,1.6348321,-0.29172873,0.7690148,0.6637751,-0.256234,-0.2358737,0.6841875,0.6725636,0.6508612,1.2149158,1.0217987,1.3464568,0.7152031,0.73812413,0.42374593,-0.27598393,0.87196934,0.90054184,0.66835845,0.37860292,-0.19459927,0.79285544,1.0312324,0.66322136,-0.20658675,-0.20658675,0.64598846,0.66171694,0.42655012,-0.20655881,0.40183273,0.42361498,0.47516865,0.49608678
k__Bacteria|p__Firmicutes|c__Erysipelotrichi|o__Erysipelotrichales|f__Erysipelotrichaceae|g__[Eubacterium]|s__dolichum,-0.28271136,0.94427127,0.79568255,0.9209997,0.46082863,1.1619099,0.8311838,0.58482015,0.4353888,0.43123776,-0.19440371,0.7515899,-0.31133458,0.43915665,0.4486624,-0.30519226,-0.3303013,-0.31799185,0.420627,0.43444255,-0.26184985,0.34399986,0.3114093,0.3581054,0.42221397,-0.26755807,0.32569566,0.73850715,0.3912791,0.39843374,-0.23875734,0.35356134,0.8844464,0.38603795,0.7017732,-0.24718808,0.32577902,0.66791564,0.6047891,0.42898798,-0.2443454,1.0299813,0.8003324,0.43390134,-0.3166716,-0.2851582,0.9435058,0.36481577,0.97342414,0.4728428,0.25320184,-0.3272691,-0.32986963,0.355087,0.4144307,-0.20411447,-0.26286402,-0.29172873,-0.32277873,0.43334478,-0.256234,-0.2358737,0.6941758,0.43922418,0.5858706,-0.2850096,-0.30183107,-0.27669096,0.4541151,-0.3320185,0.26593882,-0.27598393,0.84990495,-0.32037857,0.41391885,0.20738202,-0.19459927,0.7103708,-0.30701396,0.40728346,-0.20658675,-0.20658675,-0.33048365,0.43416956,0.39744982,-0.20655881,0.24673837,0.27256763,0.31332725,0.313357
k__Bacteria|p__Firmicutes|c__Clostridia|o__Clostridiales|f__Lachnospiraceae|g__Roseburia|s__faecis,-0.28271136,-0.31904158,-0.32328734,-0.31718764,-0.31731063,-0.2932219,0.77353555,0.5597843,-0.31281447,-0.31758457,-0.19440371,-0.32539368,-0.31133458,-0.30680707,-0.3142166,-0.30519226,-0.3303013,-0.31799185,-0.31343508,-0.31642365,-0.26184985,-0.30907434,-0.31199294,-0.31753394,-0.30185306,-0.26755807,-0.30861118,0.72195685,-0.31179917,-0.31547153,-0.23875734,-0.3090166,-0.32284898,-0.3117416,-0.32378075,-0.24718808,-0.30848372,0.67751026,0.60914207,-0.3194601,-0.2443454,1.0363623,-0.3233376,-0.31072235,-0.3166716,-0.2851582,-0.31692833,-0.31141025,-0.310298,-0.31864825,-0.28127015,-0.3272691,0.68410295,-0.2987014,-0.30897,-0.20411447,-0.26286402,-0.29172873,-0.32277873,-0.31124312,-0.256234,-0.2358737,-0.32636124,-0.31093115,-0.33133662,-0.2850096,-0.30183107,1.3375822,-0.31026068,-0.3320185,-0.29066324,-0.27598393,-0.31877366,-0.32037857,-0.3176309,-0.26153558,-0.19459927,0.7299146,-0.30701396,-0.3149088,-0.20658675,-0.20658675,0.6485157,-0.31182638,-0.3289357,-0.20655881,-0.2871787,-0.30162555,-0.30602825,-0.28924328
k__Bacteria|p__Firmicutes|c__Clostridia|o__unclassified|f__unclassified|g__unclassified|s__unclassified,-0.28271136,1.35318,0.79917604,0.83724135,0.7231072,1.2427881,0.88004935,0.7181655,0.6737925,0.67033917,-0.19440371,1.0821971,0.99602413,0.6903121,0.70953155,-0.30519226,0.7399046,-0.31799185,0.6336942,0.66907024,-0.26184985,0.51836044,0.48659372,0.55411804,0.65466547,-0.26755807,0.49677125,0.74171346,0.59501964,0.6358749,-0.23875734,0.5311851,-0.32284898,0.5873252,0.74250823,-0.24718808,0.49507535,0.7431758,0.6408804,0.7115364,-0.2443454,1.0424395,0.7972719,0.66871876,0.8844526,1.3689064,1.1928929,0.54500705,1.1441567,0.7380072,0.43412834,0.77194756,0.78852093,0.5875949,0.67038184,1.9711086,-0.26286402,-0.29172873,0.78111535,0.68520224,-0.256234,-0.2358737,0.7906133,0.69401497,0.74560094,-0.2850096,1.0361449,1.3959332,0.73287463,0.66639787,0.44380793,-0.27598393,0.8586828,0.8588827,0.6917274,0.390817,-0.19459927,0.74243855,0.9837948,0.68400013,-0.20658675,-0.20658675,0.649777,0.6834346,0.4954332,-0.20655881,0.42181075,0.4494023,0.49993423,0.5178031
k__Bacteria|p__Firmicutes|c__Clostridia|o__Clostridiales|f__Lachnospiraceae|g__Lachnospira|s__unclassified,-0.28271136,-0.31904158,-0.32328734,0.95160395,0.6105011,-0.2932219,-0.3258366,0.56958944,0.5578299,0.5541687,-0.19440371,-0.32539368,1.0021988,0.5844171,0.6004962,-0.30519226,1.3546232,-0.31799185,0.5101037,0.5494628,-0.26184985,0.39321458,0.36629486,0.43160242,0.5417232,-0.26755807,0.37302232,-0.32854122,0.47340214,0.5252898,-0.23875734,0.40514138,1.450089,0.46632674,-0.32378075,-0.24718808,0.3716471,0.69642764,0.6166165,0.6154686,-0.2443454,-0.30590335,-0.3233376,0.5551251,0.96720046,1.2129066,1.4277068,0.41614735,-0.310298,0.62293637,0.3514406,1.0764911,0.7370745,0.4972929,0.570197,-0.20411447,-0.26286402,-0.29172873,0.77215594,0.5773978,-0.256234,-0.2358737,-0.32636124,0.5863725,0.64406556,1.2208631,1.1817653,1.4217573,0.63854516,0.64282554,0.35028657,-0.27598393,0.8602774,0.8779853,0.59647644,0.3309618,-0.19459927,0.7487894,0.96850574,0.59377134,-0.20658675,-0.20658675,-0.33048365,0.57401013,0.44753662,-0.20655881,0.33331564,0.34325498,0.39061278,0.42359138
k__Bacteria|p__Firmicutes|c__Clostridia|o__Clostridiales|f__Veillonellaceae|g__unclassified|s__unclassified,-0.28271136,-0.31904158,-0.32328734,-0.31718764,-0.30710164,-0.2932219,-0.3258366,0.56449455,-0.3064993,-0.3099973,-0.19440371,-0.32539368,-0.31133458,-0.30015287,-0.3036719,1.0367401,0.7156094,-0.31799185,-0.3107012,-0.31000894,-0.26184985,-0.30873072,-0.30786324,-0.31292167,-0.2940384,-0.26755807,-0.30836165,0.7309856,-0.30981916,-0.30482715,-0.23875734,-0.3096445,0.86222917,-0.30912966,-0.32378075,-0.24718808,-0.30825812,0.6807369,-0.3328914,-0.3003471,-0.2443454,-0.30590335,-0.3233376,-0.3058,-0.3166716,-0.2851582,-0.31692833,-0.3125505,-0.310298,-0.3092325,-0.2766384,-0.3272691,-0.32986963,-0.28887337,-0.29762608,-0.20411447,-0.26286402,1.163165,0.954623,-0.30195576,-0.256234,-0.2358737,-0.32636124,-0.30106738,-0.33133662,-0.2850096,-0.30183107,-0.27669096,-0.29635727,0.6666332,-0.28442842,-0.27598393,-0.31877366,0.9918851,-0.29973668,-0.25482547,-0.19459927,-0.32411462,1.1337224,-0.2965753,-0.20658675,-0.20658675,0.6483264,-0.30214354,0.46802342,-0.20655881,-0.281417,-0.29498526,-0.3012624,-0.27908063
k__Bacteria|p__Firmicutes|c__Clostridia|o__Clostridiales|f__Lachnospiraceae|g__[Ruminococcus]|s__unclassified,-0.28271136,0.9807955,0.79147416,0.8640769,0.6870742,-0.2932219,0.771493,0.60198945,0.6407979,0.63561547,-0.19440371,-0.32539368,0.9605093,0.65808123,0.67550564,-0.30519226,0.7331929,-0.31799185,0.60144144,0.6348327,-0.26184985,0.48474398,0.45016006,0.51778936,0.6213182,-0.26755807,0.46220204,0.7349325,0.5613997,0.59889156,-0.23875734,0.49718738,0.86682695,0.5537101,0.70493644,-0.24718808,0.46059638,-0.3291557,0.6325577,0.676945,-0.2443454,-0.30590335,0.78192174,0.6371887,0.86239535,-0.2851582,0.9732716,0.5111096,0.99012375,0.7021078,0.40599352,0.7422192,0.73587394,0.55654216,0.6373027,-0.20411447,-0.26286402,-0.29172873,0.7901292,0.6542206,1.5816442,-0.2358737,0.68298215,0.66193867,0.6334715,1.2375094,1.0172048,1.3438355,0.7025753,0.63775307,0.41328594,-0.27598393,0.872644,0.8399658,0.6536578,0.3652812,-0.19459927,0.7181431,0.97779125,0.6495091,-0.20658675,-0.20658675,0.6562473,0.6521685,0.4008876,-0.20655881,0.39037275,0.41438717,0.46571526,0.48517644
k__Bacteria|p__Firmicutes|c__Clostridia|o__Clostridiales|f__Lachnospiraceae|g__unclassified|s__unclassified,1.2906168,1.2389882,1.891148,1.2173071,1.0505935,1.2331026,1.17348,0.76329935,1.021925,1.0230904,-0.19440371,1.4326314,1.1089418,1.0057168,1.0276253,1.0326812,0.8979036,0.9074569,1.0156128,1.0299981,1.4534168,0.92488664,0.8859818,0.94795436,0.98937184,-0.26755807,0.9023013,1.6186548,0.9787353,0.9736825,-0.23875734,0.9373787,0.9365854,0.9722686,1.051166,-0.24718808,0.90214545,1.2400278,1.0387291,0.99569213,-0.2443454,1.188498,0.8295339,1.0150709,1.0970353,1.2012839,0.950457,0.958182,1.305206,1.0701301,0.7299069,1.2882103,1.0307536,0.8772945,0.9720091,-0.20411447,1.7274301,1.1646032,1.0402644,1.0094512,-0.256234,-0.2358737,0.97182393,1.01272,0.9154694,1.2920688,1.160218,1.4566504,1.0127568,0.7492328,0.7695366,1.3336025,1.0084518,1.1968807,0.97402716,0.6178336,-0.19459927,1.0166116,1.0806992,0.959137,-0.20658675,-0.20658675,0.8289173,1.0113809,1.210424,-0.20655881,0.7354954,0.8089248,0.86512196,0.8251014
k__Bacteria|p__Firmicutes|c__Clostridia|o__Clostridiales|f__Ruminococcaceae|g__Oscillospira|s__unclassified,1.3587067,0.9502168,0.90497357,1.0448881,0.7656859,1.1615932,0.7900617,0.7518455,0.7255858,0.72144926,-0.19440371,0.8351009,1.0827847,0.73349583,0.751134,-0.30519226,0.7312103,-0.31799185,0.6956059,0.7233242,-0.26184985,0.5830442,0.5455761,0.61390555,0.7034907,-0.26755807,0.5586316,0.8007578,0.654665,0.678948,-0.23875734,0.5950804,0.88894343,0.6473231,0.7840576,-0.24718808,0.5587934,0.6935405,0.792176,0.7439867,-0.2443454,1.1303906,1.2723318,0.7228719,0.9136409,1.2501981,1.0225657,0.6120105,0.9756047,0.78225315,0.46947482,-0.3272691,-0.32986963,0.6231601,0.70871603,-0.20411447,-0.26286402,-0.29172873,0.7737228,0.7339021,-0.256234,-0.2358737,0.8050685,0.7388675,0.6048743,-0.2850096,1.0412625,1.3365914,0.7692939,0.78727376,0.48569402,-0.27598393,0.9367201,0.92349875,0.7181759,0.40815505,-0.19459927,0.7178395,0.97245556,0.712757,1.9925946,1.9925946,0.75394326,0.73278856,0.40424085,-0.20655881,0.45798966,0.49639532,0.5523561,0.5562587
k__Bacteria|p__Firmicutes|c__Clostridia|o__Clostridiales|f__Lachnospiraceae|g__[Ruminococcus]|s__gnavus,-0.28271136,-0.31904158,0.806819,0.9951193,0.6340734,-0.2932219,0.811571,0.56377923,0.60915124,0.602613,-0.19440371,-0.32539368,0.9762156,0.60843676,0.6205764,1.0224614,0.7268346,0.9068521,0.5945698,0.6090852,-0.26184985,0.5110786,0.47237036,0.5254135,0.5883465,-0.26755807,0.48963353,0.84181494,0.56142414,0.5647894,-0.23875734,0.5217149,1.1911076,0.55453295,0.7122786,-0.24718808,0.48961544,0.6782445,0.6022742,0.59475774,-0.2443454,-0.30590335,0.77539235,0.60605663,0.8732433,-0.2851582,-0.31692833,0.53555834,0.991707,0.6485518,0.39547306,0.74739,-0.32986963,0.51031435,0.5800264,1.9708976,1.5947051,1.2737687,-0.32277873,0.60524154,1.8046547,1.7378182,0.6865938,0.61042786,-0.33133662,-0.2850096,-0.30183107,-0.27669096,0.61956924,-0.3320185,0.41362157,1.3371086,0.8480633,-0.32037857,0.5756741,0.33708888,-0.19459927,0.71098256,-0.30701396,0.5669135,-0.20658675,-0.20658675,0.6600596,0.6063641,0.4221994,-0.20655881,0.38866568,0.42506772,0.4706356,0.4602698
k__Bacteria|p__Firmicutes|c__Clostridia|o__Clostridiales|f__Lachnospiraceae|g__Roseburia|s__unclassified,-0.28271136,0.92708653,-0.32328734,-0.31718764,0.4199986,-0.2932219,0.76636845,0.5492599,0.37601054,0.37596792,-0.19440371,0.7731912,0.9529938,0.39657003,0.4119233,-0.30519226,-0.3303013,-0.31799185,0.33773005,0.37046885,-0.26184985,0.24789153,0.23164967,0.2818049,0.36884865,-0.26755807,0.23335063,0.74277997,0.3102085,0.35644555,-0.23875734,0.25644034,-0.32284898,0.3054939,0.7067079,-0.24718808,0.23223752,0.6549278,-0.3328914,0.4299991,-0.2443454,1.0089571,-0.3233376,0.37293592,-0.3166716,-0.2851582,-0.31692833,0.2647276,-0.310298,0.42901963,0.21811414,0.95254993,0.8700137,0.33282894,0.38936335,-0.20411447,-0.26286402,1.1629773,0.7710645,0.39199823,-0.256234,-0.2358737,-0.32636124,0.39925772,0.73252285,-0.2850096,-0.30183107,1.3513532,0.44272846,0.6408962,0.21825957,-0.27598393,0.99812704,0.84995216,0.4165879,0.20118336,-0.19459927,1.0366831,0.98309857,0.41383287,-0.20658675,-0.20658675,-0.33048365,0.38942164,0.4093945,-0.20655881,0.20581824,0.21469253,0.25007206,0.28151205
k__Bacteria|p__Firmicutes|c__Clostridia|o__Clostridiales|f__Lachnospiraceae|g__Blautia|s__unclassified,-0.28271136,1.050581,0.80265737,1.6054738,1.1968685,1.2499186,1.2036812,0.7061797,1.1766396,1.1754313,-0.19440371,1.6596107,2.08668,1.1546538,1.1741774,1.0241036,1.4460684,0.9279997,1.1765413,1.1850257,-0.26184985,1.0952058,1.0519537,1.1117642,1.1331303,-0.26755807,1.0719137,1.3028319,1.141133,1.1242161,1.7698197,1.107171,1.2001874,1.1342547,1.2710818,-0.24718808,1.0725257,1.4598315,0.98750126,1.1339114,-0.2443454,1.5129863,1.233585,1.169636,1.2139975,1.2655518,1.3152405,1.127387,1.6828333,1.216578,0.8876463,1.0491922,1.645816,1.0256135,1.1176186,1.9780451,2.1729078,1.264086,0.8696504,1.1586608,2.1106665,1.8345969,1.4236041,1.1606138,1.0924062,1.3434014,1.0739408,1.540924,1.1508243,0.73812413,0.92983323,1.3758955,1.3670671,1.143485,1.1111093,0.7728051,-0.19459927,0.98990154,1.1657933,1.0963662,-0.20658675,-0.20658675,0.7893686,1.1621892,0.95555294,-0.20655881,0.8956745,0.9712998,1.028215,0.96807253
k__Bacteria|p__Firmicutes|c__Clostridia|o__Clostridiales|f__Peptostreptococcaceae|g__unclassified|s__unclassified,-0.28271136,1.0513467,0.86202466,0.913009,0.6144312,1.1788665,1.0144377,0.56908107,0.5887614,0.5787018,-0.19440371,0.7744047,-0.31133458,0.5901456,0.6009675,-0.30519226,0.7324003,0.9028114,0.5724128,0.58683026,-0.26184985,0.47774762,0.43112952,0.489277,0.5678155,-0.26755807,0.45267963,0.7179583,0.53381205,0.5351951,-0.23875734,0.48933074,0.89118433,0.52607065,-0.32378075,-0.24718808,0.452702,0.65372497,-0.3328914,0.5693864,-0.2443454,-0.30590335,0.82556885,0.5865668,-0.3166716,-0.2851582,-0.31692833,0.5043637,0.9707178,0.63059217,0.35633278,0.7669025,0.7813725,0.48123384,0.5571415,-0.20411447,-0.26286402,-0.29172873,0.77976304,0.5867242,-0.256234,-0.2358737,0.6767988,0.5925549,0.6031968,-0.2850096,-0.30183107,-0.27669096,0.6038485,-0.3320185,0.37463713,-0.27598393,-0.31877366,0.8413588,0.5462674,0.2996902,-0.19459927,0.7220824,0.9635464,0.53897095,-0.20658675,-0.20658675,-0.33048365,0.58802485,0.39385313,-0.20655881,0.3462385,0.38185853,0.43178132,0.42630035
k__Bacteria|p__Firmicutes|c__Clostridia|o__Clostridiales|f__Ruminococcaceae|g__Faecalibacterium|s__unclassified,-0.28271136,-0.31904158,-0.32328734,-0.31718764,-0.3007174,-0.2932219,-0.3258366,0.6803135,-0.3041112,-0.30559385,-0.19440371,-0.32539368,-0.31133458,-0.2947049,-0.29790923,-0.30519226,0.89588577,-0.31799185,-0.31003016,-0.3069288,-0.26184985,-0.3121891,-0.3091811,-0.31207645,-0.29011178,-0.26755807,-0.31155837,-0.32854122,-0.30917102,-0.29983592,-0.23875734,-0.31291956,-0.32284898,-0.30874145,-0.32378075,-0.24718808,-0.3113521,-0.3291557,-0.3328914,-0.29179788,-0.2443454,-0.30590335,-0.3233376,-0.30195868,-0.3166716,-0.2851582,-0.31692833,-0.31459498,-0.310298,-0.30274403,-0.274565,-0.3272691,0.7622514,-0.28228468,-0.29087573,-0.20411447,-0.26286402,-0.29172873,0.8313229,-0.29788393,-0.256234,-0.2358737,-0.32636124,-0.2965852,0.83203393,-0.2850096,1.070395,1.4951726,-0.28763187,0.8247242,-0.2841494,-0.27598393,-0.31877366,0.9166798,-0.2893033,-0.25129285,-0.19459927,0.86944336,-0.30701396,-0.2873904,-0.20658675,-0.20658675,-0.33048365,-0.29926866,0.8348784,-0.20655881,-0.2809254,-0.29597002,-0.30058232,-0.27482486
k__Bacteria|p__Firmicutes|c__Clostridia|o__Clostridiales|f__Lachnospiraceae|g__Coprococcus|s__unclassified,-0.28271136,-0.31904158,-0.32328734,0.84094346,0.64036095,1.1734027,0.7833493,0.55133224,0.599511,0.5976716,-0.19440371,0.76929826,0.98209476,0.60891867,0.6273596,-0.30519226,0.7268346,-0.31799185,0.56861377,0.59753525,-0.26184985,0.46820837,0.43909097,0.4995641,0.58348024,-0.26755807,0.44769314,0.73564845,0.53367805,0.56482816,-0.23875734,0.4786803,0.8702615,0.5282229,0.71189356,-0.24718808,0.44755608,-0.3291557,0.6026717,0.6267463,-0.2443454,-0.30590335,-0.3233376,0.5957273,0.8656053,-0.2851582,-0.31692833,0.4924714,-0.310298,0.65420043,0.3776049,0.75108594,0.7041426,0.51493573,0.59009004,-0.20411447,1.4778641,1.1631024,0.7762384,0.60677516,1.5971587,1.6943345,0.68029845,0.6131437,0.61946577,-0.2850096,1.0286118,1.3412073,0.64466465,0.64595276,0.3910229,1.331493,-0.31877366,-0.32037857,0.60730064,0.32559502,-0.19459927,0.73021466,0.9714696,0.6007713,-0.20658675,-0.20658675,-0.33048365,0.60584325,0.4157455,-0.20655881,0.3681909,0.39937985,0.4469365,0.4580022
k__Bacteria|p__Firmicutes|c__Erysipelotrichi|o__Erysipelotrichales|f__[Coprobacillaceae]|g__unclassified|s__unclassified,-0.28271136,0.9569687,1.0068939,0.9891187,0.7579167,-0.2932219,0.79340106,0.81311834,0.7172542,0.7090157,-0.19440371,0.84045064,0.9939574,0.73228526,0.746108,1.0208166,0.79799366,0.94113946,0.6838744,0.7113422,-0.26184985,0.5703844,0.5285932,0.5948633,0.69039154,-0.26755807,0.54576635,0.84084904,0.64303815,0.66906285,1.8848151,0.5830833,0.97230417,0.6349491,0.7415472,-0.24718808,0.5447115,0.67191225,0.60914207,0.73412055,-0.2443454,-0.30590335,1.0362993,0.7149549,0.97697425,1.6220307,1.029868,0.5968573,1.1412606,0.77363956,0.48287112,0.79440355,-0.32986963,0.62616545,0.7053102,2.016267,1.8878568,-0.29172873,-0.32277873,0.725892,-0.256234,-0.2358737,0.7400187,0.73426443,0.7526326,-0.2850096,1.0188423,1.3630078,0.767565,0.6228712,0.49182433,1.3328999,0.9213495,-0.32037857,0.71108997,0.44165787,-0.19459927,0.72705996,0.9659583,0.70604503,-0.20658675,-0.20658675,0.70303655,0.72507745,0.5343904,-0.20655881,0.46739727,0.49002314,0.5424781,0.55019724
k__Bacteria|p__Bacteroidetes|c__Bacteroidia|o__Bacteroidales|f__[Odoribacteraceae]|g__Butyricimonas|s__unclassified,-0.28271136,-0.31904158,-0.32328734,-0.31718764,-0.32144487,-0.2932219,-0.3258366,-0.3327108,-0.31662536,-0.32129294,-0.19440371,-0.32539368,-0.31133458,-0.3118379,-0.31748158,-0.30519226,-0.3303013,-0.31799185,-0.31692785,-0.31999123,-0.26184985,-0.31219593,-0.31519952,-0.32054657,-0.30501217,-0.26755807,-0.31231654,-0.32854122,-0.31604576,-0.31873798,-0.23875734,-0.31303126,-0.32284898,-0.31577945,-0.32378075,-0.24718808,-0.31220576,-0.3291557,-0.3328914,-0.3209521,-0.2443454,-0.30590335,-0.3233376,-0.31454766,-0.3166716,-0.2851582,-0.31692833,-0.3158455,-0.310298,-0.3230188,-0.28477436,-0.3272691,-0.32986963,-0.3020242,-0.312221,-0.20411447,-0.26286402,-0.29172873,-0.32277873,-0.3143349,-0.256234,-0.2358737,-0.32636124,-0.31371856,-0.33133662,-0.2850096,-0.30183107,-0.27669096,-0.31290805,0.737686,-0.29234675,-0.27598393,-0.31877366,-0.32037857,-0.32083035,-0.2652358,-0.19459927,-0.32411462,-0.30701396,-0.3173746,-0.20658675,-0.20658675,-0.33048365,-0.31418595,-0.3289357,-0.20655881,-0.2898177,-0.3042563,-0.30918324,-0.29160386
k__Bacteria|p__Bacteroidetes|c__Bacteroidia|o__Bacteroidales|f__Bacteroidaceae|g__Bacteroides|s__caccae,-0.28271136,-0.31904158,-0.32328734,-0.31718764,-0.32150674,-0.2932219,-0.3258366,-0.3327108,-0.3166302,-0.32146105,-0.19440371,-0.32539368,-0.31133458,-0.31133294,-0.31803745,-0.30519226,-0.3303013,-0.31799185,-0.31645787,-0.31987935,-0.26184985,-0.31163275,-0.31466982,-0.3208862,-0.3054473,-0.26755807,-0.31153762,-0.32854122,-0.3153016,-0.31918275,-0.23875734,-0.31224942,-0.32284898,-0.3149213,-0.32378075,-0.24718808,-0.3114218,-0.3291557,-0.3328914,-0.32314917,-0.2443454,-0.30590335,-0.3233376,-0.31421757,-0.3166716,-0.2851582,-0.31692833,-0.3147202,-0.310298,-0.32301414,-0.2837518,-0.3272691,-0.32986963,-0.3021244,-0.3126014,-0.20411447,-0.26286402,-0.29172873,-0.32277873,-0.31453437,-0.256234,-0.2358737,-0.32636124,-0.31398267,-0.33133662,1.2155579,-0.30183107,-0.27669096,-0.31338096,-0.3320185,-0.29185006,-0.27598393,-0.31877366,-0.32037857,-0.32228673,-0.2639658,-0.19459927,-0.32411462,-0.30701396,-0.31891915,-0.20658675,-0.20658675,-0.33048365,-0.31471795,-0.3289357,-0.20655881,-0.28933537,-0.3038081,-0.30914006,-0.29180354
k__Bacteria|p__Bacteroidetes|c__Bacteroidia|o__Bacteroidales|f__S24-7|g__unclassified|s__unclassified,-0.28271136,-0.31904158,-0.32328734,-0.31718764,-0.32088834,-0.2932219,-0.3258366,-0.3327108,-0.31695265,-0.32088935,-0.19440371,-0.32539368,-0.31133458,-0.31050175,-0.3178449,-0.30519226,-0.3303013,-0.31799185,-0.31586763,-0.31966656,-0.26184985,-0.31189334,-0.31484777,-0.3208176,-0.30553985,-0.26755807,-0.3118763,-0.32854122,-0.31475365,-0.31874424,-0.23875734,-0.3124439,-0.32284898,-0.31420046,-0.32378075,-0.24718808,-0.3115054,-0.3291557,-0.3328914,-0.32447112,-0.2443454,-0.30590335,-0.3233376,-0.3131991,-0.3166716,-0.2851582,-0.31692833,-0.31453317,-0.310298,-0.3223944,-0.2825048,-0.3272691,-0.32986963,-0.30089766,-0.3123511,-0.20411447,-0.26286402,-0.29172873,-0.32277873,-0.31522578,-0.256234,-0.2358737,-0.32636124,-0.31403533,-0.33133662,-0.2850096,-0.30183107,-0.27669096,-0.31261623,1.227472,-0.29108995,-0.27598393,-0.31877366,-0.32037857,-0.32205158,-0.2626028,-0.19459927,-0.32411462,-0.30701396,-0.3196231,-0.20658675,-0.20658675,-0.33048365,-0.31565076,-0.3289357,-0.20655881,-0.28837138,-0.3042724,-0.3088303,-0.29130805
k__Bacteria|p__Bacteroidetes|c__Bacteroidia|o__Bacteroidales|f__Prevotellaceae|g__Prevotella|s__stercorea,-0.28271136,-0.31904158,-0.32328734,-0.31718764,-0.32123822,-0.2932219,-0.3258366,-0.3327108,-0.3163268,-0.32116622,-0.19440371,-0.32539368,-0.31133458,-0.31155807,-0.31746963,-0.30519226,-0.3303013,-0.31799185,-0.31588572,-0.31941134,-0.26184985,-0.31097448,-0.3144238,-0.3203357,-0.3048187,-0.26755807,-0.3112105,-0.32854122,-0.31512535,-0.31867743,-0.23875734,-0.31181386,-0.32284898,-0.31500375,-0.32378075,-0.24718808,-0.31117755,-0.3291557,-0.3328914,-0.32257107,-0.2443454,-0.30590335,-0.3233376,-0.3142751,-0.3166716,-0.2851582,-0.31692833,-0.31430608,-0.310298,-0.32276827,-0.28396684,-0.3272691,-0.32986963,-0.3022466,-0.31248844,-0.20411447,-0.26286402,-0.29172873,-0.32277873,-0.31436157,-0.256234,-0.2358737,-0.32636124,-0.31370354,-0.33133662,-0.2850096,-0.30183107,-0.27669096,-0.31364194,-0.3320185,-0.2914298,-0.27598393,-0.31877366,-0.32037857,-0.3220214,-0.26398093,-0.19459927,-0.32411462,-0.30701396,-0.3190622,-0.20658675,-0.20658675,-0.33048365,-0.31419516,-0.3289357,-0.20655881,-0.28942823,-0.30373222,-0.30898225,-0.29173124
k__Bacteria|p__Bacteroidetes|c__Bacteroidia|o__Bacteroidales|f__[Paraprevotellaceae]|g__[Prevotella]|s__unclassified,-0.28271136,-0.31904158,-0.32328734,-0.31718764,-0.32160467,-0.2932219,-0.3258366,-0.3327108,-0.31746274,-0.32220003,-0.19440371,-0.32539368,-0.31133458,-0.31127158,-0.3183492,-0.30519226,-0.3303013,-0.31799185,-0.31735116,-0.3200172,-0.26184985,-0.31351662,-0.3163013,-0.322208,-0.30586976,-0.26755807,-0.3134325,-0.32854122,-0.3157464,-0.31973413,-0.23875734,-0.31362197,-0.32284898,-0.31625062,-0.32378075,-0.24718808,-0.3134743,-0.3291557,-0.3328914,-0.32424474,-0.2443454,-0.30590335,-0.3233376,-0.31450322,-0.3166716,-0.2851582,-0.31692833,-0.31520474,-0.310298,-0.32311118,-0.28341696,-0.3272691,-0.32986963,-0.30223876,-0.31316048,-0.20411447,-0.26286402,-0.29172873,-0.32277873,-0.31495112,-0.256234,-0.2358737,-0.32636124,-0.31483588,-0.33133662,-0.2850096,-0.30183107,-0.27669096,-0.3148029,-0.3320185,-0.29274684,-0.27598393,-0.31877366,-0.32037857,-0.32261097,-0.26463145,-0.19459927,-0.32411462,-0.30701396,-0.32040042,-0.20658675,-0.20658675,-0.33048365,-0.31605586,-0.3289357,-0.20655881,-0.29122543,-0.30598372,-0.31084692,-0.29301304
k__Bacteria|p__Bacteroidetes|c__Bacteroidia|o__Bacteroidales|f__[Barnesiellaceae]|g__unclassified|s__unclassified,-0.28271136,-0.31904158,-0.32328734,-0.31718764,-0.31848496,-0.2932219,-0.3258366,-0.3327108,-0.3159482,-0.3192815,-0.19440371,-0.32539368,-0.31133458,-0.31055772,-0.31538314,-0.30519226,-0.3303013,-0.31799185,-0.31558582,-0.3184799,-0.26184985,-0.3113543,-0.31359503,-0.31906083,-0.30369896,-0.26755807,-0.3116038,-0.32854122,-0.3145692,-0.31541675,-0.23875734,-0.31189883,-0.32284898,-0.3140841,-0.32378075,-0.24718808,-0.31148526,-0.3291557,-0.3328914,-0.3199156,-0.2443454,-0.30590335,-0.3233376,-0.3136328,-0.3166716,-0.2851582,-0.31692833,-0.31517506,-0.310298,-0.32055575,-0.28280687,-0.3272691,-0.32986963,-0.30021384,-0.31133333,-0.20411447,-0.26286402,-0.29172873,-0.32277873,-0.31548825,-0.256234,-0.2358737,-0.32636124,-0.31316572,-0.33133662,-0.2850096,-0.30183107,-0.27669096,-0.3121245,1.1638598,-0.28981286,-0.27598393,-0.31877366,-0.32037857,-0.31728142,-0.2639856,-0.19459927,-0.32411462,-0.30701396,-0.3159752,-0.20658675,-0.20658675,-0.33048365,-0.3151202,0.39031726,-0.20655881,-0.28704077,-0.3028303,-0.30793086,-0.2895195
k__Bacteria|p__Bacteroidetes|c__Bacteroidia|o__Bacteroidales|f__[Paraprevotellaceae]|g__Paraprevotella|s__unclassified,-0.28271136,-0.31904158,-0.32328734,-0.31718764,-0.3193087,-0.2932219,-0.3258366,-0.3327108,-0.31617942,-0.31957626,-0.19440371,-0.32539368,-0.31133458,-0.3108582,-0.31625196,-0.30519226,-0.3303013,-0.31799185,-0.3165071,-0.31882113,-0.26184985,-0.3121478,-0.313369,-0.31926614,-0.3037653,-0.26755807,-0.31158012,-0.32854122,-0.31515372,-0.31660435,-0.23875734,-0.31288767,-0.32284898,-0.31452984,-0.32378075,-0.24718808,-0.31155562,-0.3291557,-0.3328914,-0.3190694,-0.2443454,-0.30590335,-0.3233376,-0.31402415,-0.3166716,-0.2851582,-0.31692833,-0.31516033,-0.310298,-0.32086936,-0.28482145,-0.3272691,-0.32986963,-0.30117092,-0.31083596,-0.20411447,-0.26286402,-0.29172873,-0.32277873,-0.31374896,-0.256234,-0.2358737,-0.32636124,-0.31302655,-0.33133662,-0.2850096,-0.30183107,-0.27669096,-0.31108832,-0.3320185,-0.29221034,-0.27598393,-0.31877366,-0.32037857,-0.31754035,-0.26686928,-0.19459927,-0.32411462,-0.30701396,-0.3147444,-0.20658675,-0.20658675,0.7922694,-0.31403148,0.44697893,-0.20655881,-0.2896006,-0.30290848,-0.3082673,-0.28967625
k__Bacteria|p__Bacteroidetes|c__Bacteroidia|o__Bacteroidales|f__Bacteroidaceae|g__Bacteroides|s__plebeius,-0.28271136,-0.31904158,-0.32328734,-0.31718764,-0.31887504,-0.2932219,-0.3258366,-0.3327108,-0.31588805,-0.3193934,-0.19440371,-0.32539368,-0.31133458,-0.30991983,-0.31578976,-0.30519226,-0.3303013,-0.31799185,-0.31634665,-0.31930348,-0.26184985,-0.31205118,-0.31368092,-0.3209173,-0.30421728,-0.26755807,-0.3110982,-0.32854122,-0.31525767,-0.31745943,-0.23875734,-0.31306887,-0.32284898,-0.3144642,-0.32378075,-0.24718808,-0.31167144,-0.3291557,-0.3328914,-0.31756425,-0.2443454,-0.30590335,-0.3233376,-0.31480503,-0.3166716,-0.2851582,-0.31692833,-0.315687,-0.310298,-0.31998122,-0.2833588,-0.3272691,-0.32986963,-0.30105415,-0.30940259,-0.20411447,-0.26286402,-0.29172873,-0.32277873,-0.31198943,-0.256234,-0.2358737,-0.32636124,-0.3116603,-0.33133662,-0.2850096,-0.30183107,-0.27669096,-0.3068118,-0.3320185,-0.2905671,-0.27598393,-0.31877366,-0.32037857,-0.31685933,-0.2623465,-0.19459927,-0.32411462,-0.30701396,-0.31180713,-0.20658675,-0.20658675,1.1461579,-0.3121243,0.5252761,-0.20655881,-0.28787178,-0.30200884,-0.30855066,-0.28892124
k__Bacteria|p__Bacteroidetes|c__Bacteroidia|o__Bacteroidales|f__Prevotellaceae|g__Prevotella|s__copri,-0.28271136,-0.31904158,-0.32328734,-0.31718764,-0.32094127,-0.2932219,-0.3258366,-0.3327108,-0.31700957,-0.32136807,-0.19440371,-0.32539368,-0.31133458,-0.31084248,-0.31807175,-0.30519226,-0.3303013,-0.31799185,-0.3159907,-0.3195886,-0.26184985,-0.3116876,-0.3148378,-0.32104647,-0.30551875,-0.26755807,-0.31174016,-0.32854122,-0.31477514,-0.31894082,-0.23875734,-0.3121452,-0.32284898,-0.31462246,-0.32378075,-0.24718808,-0.3114872,-0.3291557,-0.3328914,-0.3251819,-0.2443454,-0.30590335,-0.3233376,-0.3139344,-0.3166716,-0.2851582,-0.31692833,-0.3141436,-0.310298,-0.3224745,-0.28277594,-0.3272691,-0.32986963,-0.30183524,-0.3128351,-0.20411447,-0.26286402,-0.29172873,-0.32277873,-0.31556147,-0.256234,-0.2358737,-0.32636124,-0.31457615,-0.33133662,-0.2850096,-0.30183107,-0.27669096,-0.31409782,-0.3320185,-0.2915761,-0.27598393,-0.31877366,-0.32037857,-0.32275727,-0.26262048,-0.19459927,-0.32411462,-0.30701396,-0.32078376,-0.20658675,-0.20658675,-0.33048365,-0.3159085,-0.3289357,-0.20655881,-0.28916547,-0.30449918,-0.30934745,-0.29205608
k__Bacteria|p__Bacteroidetes|c__Bacteroidia|o__Bacteroidales|f__Bacteroidaceae|g__Bacteroides|s__ovatus,-0.28271136,-0.31904158,-0.32328734,-0.31718764,-0.31953573,-0.2932219,-0.3258366,-0.3327108,-0.3157916,-0.32068133,-0.19440371,-0.32539368,-0.31133458,-0.310379,-0.3168625,1.0261526,-0.3303013,0.9068521,-0.3154006,-0.31848344,-0.26184985,-0.3100306,-0.3135476,-0.32010245,-0.30438882,-0.26755807,-0.310534,-0.32854122,-0.31434482,-0.31723982,-0.23875734,-0.31082922,-0.32284898,-0.31386524,-0.32378075,1.6326156,-0.30997697,-0.3291557,0.630756,-0.32369834,-0.2443454,-0.30590335,0.79485404,-0.31366265,0.89151376,-0.2851582,-0.31692833,-0.31373328,-0.310298,-0.32151157,-0.28211552,-0.3272691,-0.32986963,-0.30168286,-0.31198972,-0.20411447,-0.26286402,-0.29172873,-0.32277873,-0.3150741,-0.256234,-0.2358737,0.6823119,-0.31369185,-0.33133662,-0.2850096,-0.30183107,-0.27669096,-0.31378892,-0.3320185,-0.29009944,-0.27598393,-0.31877366,-0.32037857,-0.32145834,-0.2616688,-0.19459927,-0.32411462,-0.30701396,-0.3196448,-0.20658675,-0.20658675,-0.33048365,-0.31437075,-0.3289357,-0.20655881,-0.2876055,-0.30299944,-0.30820107,-0.29116544
k__Bacteria|p__Bacteroidetes|c__Bacteroidia|o__Bacteroidales|f__Prevotellaceae|g__Prevotella|s__unclassified,-0.28271136,-0.31904158,-0.32328734,-0.31718764,-0.32171774,-0.2932219,-0.3258366,-0.3327108,-0.31524095,-0.32097876,-0.19440371,-0.32539368,-0.31133458,-0.31017104,-0.31728745,-0.30519226,-0.3303013,-0.31799185,-0.31573534,-0.3192051,-0.26184985,-0.31084448,-0.31487828,-0.3207076,-0.30482507,-0.26755807,-0.3113566,-0.32854122,-0.31466618,-0.31996888,-0.23875734,-0.31197923,-0.32284898,-0.31476414,-0.32378075,-0.24718808,-0.31108403,-0.3291557,-0.3328914,-0.3194972,1.6035129,-0.30590335,-0.3233376,-0.31323415,-0.3166716,-0.2851582,-0.31692833,-0.31437412,-0.310298,-0.32266033,-0.28147176,-0.3272691,-0.32986963,-0.30086505,-0.31026208,-0.20411447,-0.26286402,-0.29172873,-0.32277873,-0.31036186,-0.256234,-0.2358737,-0.32636124,-0.31191826,-0.33133662,-0.2850096,-0.30183107,-0.27669096,-0.3092483,-0.3320185,-0.2898112,-0.27598393,-0.31877366,-0.32037857,-0.32157904,-0.2610526,-0.19459927,-0.32411462,-0.30701396,-0.31518978,-0.20658675,-0.20658675,-0.33048365,-0.3108667,-0.3289357,-0.20655881,-0.28872687,-0.3036471,-0.3082629,-0.29090586
k__Bacteria|p__Bacteroidetes|c__Bacteroidia|o__Bacteroidales|f__Porphyromonadaceae|g__Dysgonomonas|s__unclassified,-0.28271136,-0.31904158,-0.32328734,-0.31718764,-0.32241565,-0.2932219,-0.3258366,-0.3327108,-0.3161349,-0.32231832,-0.19440371,-0.32539368,-0.31133458,-0.31171194,-0.31821316,-0.30519226,-0.3303013,-0.31799185,-0.31654513,-0.32010198,-0.26184985,-0.31140858,-0.31556666,-0.32106638,-0.3056103,-0.26755807,-0.31217265,0.8790847,-0.31581536,-0.31969845,-0.23875734,-0.3121883,-0.32284898,-0.3156243,-0.32378075,-0.24718808,-0.31169602,-0.3291557,-0.3328914,-0.32303035,-0.2443454,-0.30590335,-0.3233376,-0.31404728,-0.3166716,-0.2851582,-0.31692833,-0.31520963,-0.310298,-0.32411462,-0.28392908,-0.3272691,-0.32986963,-0.30200863,-0.31289825,-0.20411447,-0.26286402,-0.29172873,-0.32277873,-0.31431437,-0.256234,-0.2358737,-0.32636124,-0.31382155,-0.33133662,-0.2850096,-0.30183107,-0.27669096,-0.31472537,-0.3320185,-0.29176688,-0.27598393,-0.31877366,-0.32037857,-0.32353288,-0.26235914,-0.19459927,-0.32411462,-0.30701396,-0.319849,-0.20658675,-0.20658675,-0.33048365,-0.31405577,-0.3289357,-0.20655881,-0.2894343,-0.30412853,-0.30926466,-0.29261556
k__Bacteria|p__Bacteroidetes|c__Bacteroidia|o__Bacteroidales|f__Bacteroidaceae|g__Bacteroides|s__uniformis,-0.28271136,-0.31904158,-0.32328734,-0.31718764,-0.29611874,-0.2932219,-0.3258366,-0.3327108,-0.30046216,-0.3011011,-0.19440371,-0.32539368,-0.31133458,-0.29156524,-0.29346913,1.1359552,0.76937085,0.914885,-0.30859601,-0.30395758,-0.26184985,-0.31001985,-0.3056999,-0.30739677,-0.28602177,-0.26755807,-0.3086598,-0.32854122,-0.30679756,-0.29470372,-0.23875734,-0.31045267,-0.32284898,-0.30638206,-0.32378075,-0.24718808,-0.30859512,-0.3291557,0.84760654,-0.28296104,-0.2443454,-0.30590335,-0.3233376,-0.29997402,0.86584866,-0.2851582,-0.31692833,-0.31338587,-0.310298,-0.2982905,-0.274109,-0.3272691,-0.32986963,-0.27927518,-0.28677392,-0.20411447,-0.26286402,-0.29172873,0.8692793,-0.29484606,-0.256234,-0.2358737,0.6770685,-0.29358882,-0.33133662,1.2667744,1.0639361,-0.27669096,-0.28327787,0.6174492,-0.28331608,-0.27598393,-0.31877366,-0.32037857,-0.28057566,-0.2521878,2.3754787,0.7678925,1.194277,-0.27829647,-0.20658675,-0.20658675,0.650407,-0.29573542,-0.3289357,-0.20655881,-0.278025,-0.29272354,-0.29634845,-0.27098683
k__Bacteria|p__Bacteroidetes|c__Bacteroidia|o__Bacteroidales|f__Porphyromonadaceae|g__Parabacteroides|s__distasonis,-0.28271136,-0.31904158,-0.32328734,-0.31718764,-0.29764882,-0.2932219,-0.3258366,-0.3327108,-0.30284727,-0.30297583,-0.19440371,-0.32539368,-0.31133458,-0.29396698,-0.2958724,1.3106827,0.7666929,0.9248361,-0.30756682,-0.304132,1.5305815,-0.30935156,-0.30513704,-0.30855268,-0.28779277,-0.26755807,-0.30872685,-0.32854122,-0.3064766,-0.29592854,-0.23875734,-0.31024814,-0.32284898,-0.30566892,-0.32378075,-0.24718808,-0.3084451,-0.3291557,-0.3328914,-0.29060662,-0.2443454,-0.30590335,-0.3233376,-0.3004203,-0.3166716,-0.2851582,-0.31692833,-0.31188935,-0.310298,-0.30027062,-0.2727516,0.7525342,0.6777574,-0.28090948,-0.2899738,-0.20411447,-0.26286402,-0.29172873,0.8118559,-0.2984733,-0.256234,-0.2358737,-0.32636124,-0.29592544,0.7768071,1.3058217,1.1381961,2.015938,-0.2876016,0.8602412,-0.28130245,-0.27598393,-0.31877366,-0.32037857,-0.28652415,-0.2521752,-0.19459927,-0.32411462,-0.30701396,-0.28644454,-0.20658675,-0.20658675,0.80189645,-0.29938737,0.4974242,-0.20655881,-0.27830333,-0.29297045,-0.29794145,-0.27214098
k__Bacteria|p__Bacteroidetes|c__Bacteroidia|o__Bacteroidales|f__Porphyromonadaceae|g__Parabacteroides|s__unclassified,-0.28271136,-0.31904158,-0.32328734,-0.31718764,-0.31738326,-0.2932219,-0.3258366,-0.3327108,-0.31436998,-0.3185513,-0.19440371,-0.32539368,-0.31133458,-0.30800503,-0.31495035,-0.30519226,-0.3303013,-0.31799185,-0.3140211,-0.31706858,-0.26184985,-0.3095507,-0.31229436,-0.3182627,-0.30273622,-0.26755807,-0.30933747,-0.32854122,-0.3124404,-0.31540897,-0.23875734,-0.30973276,-0.32284898,-0.31231275,-0.32378075,-0.24718808,-0.30918723,-0.3291557,-0.3328914,-0.32210383,-0.2443454,-0.30590335,-0.3233376,-0.31164235,-0.3166716,-0.2851582,-0.31692833,-0.31232733,-0.310298,-0.31907424,-0.28110886,0.75319177,0.68378663,-0.2991764,-0.31006575,-0.20411447,-0.26286402,-0.29172873,0.794139,-0.31387842,-0.256234,-0.2358737,-0.32636124,-0.3119588,-0.33133662,-0.2850096,-0.30183107,-0.27669096,-0.31193882,-0.3320185,-0.28960082,1.8767433,1.1069407,0.9973784,-0.31860492,-0.26012594,-0.19459927,-0.32411462,-0.30701396,-0.31762403,-0.20658675,-0.20658675,1.0664104,-0.31391644,0.6817533,-0.20655881,-0.2860266,-0.30161735,-0.306678,-0.28937954
k__Bacteria|p__Bacteroidetes|c__Bacteroidia|o__Bacteroidales|f__Bacteroidaceae|g__unclassified|s__unclassified,-0.28271136,-0.31904158,-0.32328734,-0.31718764,-0.22156048,-0.2932219,-0.3258366,-0.3327108,-0.23989682,-0.23492497,-0.19440371,-0.32539368,-0.31133458,-0.22567281,-0.21942726,1.0502185,0.8196625,1.2926619,-0.26024312,-0.24288473,1.4504809,-0.2761049,-0.26218486,-0.2558611,-0.22178824,-0.26755807,-0.27367017,-0.32854122,-0.26002264,-0.22515348,-0.23875734,-0.27645013,-0.32284898,-0.25986534,0.70687383,2.1358855,-0.27433518,0.86014575,1.0596657,-0.18653479,-0.2443454,-0.30590335,1.1875713,-0.24099603,1.2229198,-0.2851582,-0.31692833,-0.27773347,0.9813448,-0.22366554,-0.23079574,-0.3272691,-0.32986963,-0.21225941,-0.21149871,-0.20411447,-0.26286402,-0.29172873,0.7865737,-0.22504203,-0.256234,-0.2358737,-0.32636124,-0.22381426,0.67926824,1.2513202,1.0520985,-0.27669096,-0.19810349,0.6204103,-0.2408748,1.338857,0.86073256,0.83479494,-0.18536144,-0.21137346,-0.19459927,-0.32411462,1.0852373,-0.18333647,-0.20658675,-0.20658675,0.6569984,-0.22809389,0.4137291,-0.20655881,-0.23586006,-0.2474779,-0.24848583,-0.20968182
k__Bacteria|p__Bacteroidetes|c__Bacteroidia|o__Bacteroidales|f__Bacteroidaceae|g__Bacteroides|s__unclassified,-0.28271136,-0.31904158,0.83480275,-0.31718764,1.3581859,-0.2932219,-0.3258366,1.3182436,1.2810702,1.2821599,-0.19440371,-0.32539368,-0.31133458,1.2988756,1.3316234,1.2672489,1.1180588,1.7953061,1.2303257,1.2808489,1.9852153,1.0543152,1.0062762,1.1106572,1.2429426,-0.26755807,1.0197155,-0.32854122,1.170254,1.2250162,-0.23875734,1.0732306,-0.32284898,1.160296,1.9184169,1.9094691,1.0187392,0.7928226,1.1409109,1.3270311,-0.2443454,-0.30590335,1.815413,1.2754787,2.0795484,-0.2851582,-0.31692833,1.0980349,1.8346468,1.3823473,0.8913318,1.4937221,0.86421937,1.1326232,1.2655618,1.9715303,-0.26286402,1.2000222,1.8602269,1.2919145,-0.256234,-0.2358737,1.7953147,1.3056625,1.6849694,2.3740191,2.3366919,1.9546217,1.3610972,1.106891,0.9175759,2.0193076,1.8022876,1.7299362,1.2988662,0.7975198,2.533062,2.005598,2.2175343,1.2829303,-0.20658675,-0.20658675,1.5493904,1.2902331,0.9862736,2.3908095,0.87829864,0.93394774,1.0165281,1.0234767
k__Bacteria|p__Bacteroidetes|c__Bacteroidia|o__Bacteroidales|f__Rikenellaceae|g__unclassified|s__unclassified,-0.28271136,-0.31904158,-0.32328734,-0.31718764,-0.2754243,-0.2932219,-0.3258366,-0.3327108,-0.28780967,-0.2847309,-0.19440371,-0.32539368,-0.31133458,-0.27518713,-0.2727359,1.0351186,0.71237886,-0.31799185,-0.30298907,-0.29125994,-0.26184985,-0.31091103,-0.3001423,-0.29841077,-0.27041388,-0.26755807,-0.3081786,-0.32854122,-0.301408,-0.27531606,-0.23875734,-0.31128022,-0.32284898,-0.3007688,-0.32378075,-0.24718808,-0.30857247,-0.3291557,1.1748962,-0.24857667,-0.2443454,-0.30590335,-0.3233376,-0.28837487,-0.3166716,-0.2851582,-0.31692833,-0.31416786,-0.310298,-0.2781985,-0.2650118,-0.3272691,-0.32986963,-0.25995106,-0.26458538,-0.20411447,-0.26286402,-0.29172873,0.9022024,-0.2772417,-0.256234,-0.2358737,0.7922965,-0.27583015,0.6905746,-0.2850096,1.1858615,1.3748462,-0.25587273,1.2075365,-0.27651536,-0.27598393,-0.31877366,1.4281286,-0.2458708,-0.24367237,-0.19459927,-0.32411462,1.0043234,-0.24364884,-0.20658675,-0.20658675,-0.33048365,-0.27919793,0.48689365,-0.20655881,-0.2698835,-0.28492343,-0.2877344,-0.25375
k__Bacteria|p__Bacteroidetes|c__Bacteroidia|o__Bacteroidales|f__Bacteroidaceae|g__Bacteroides|s__fragilis,-0.28271136,-0.31904158,-0.32328734,-0.31718764,-0.28953597,-0.2932219,-0.3258366,-0.3327108,-0.2947384,-0.29450053,-0.19440371,-0.32539368,-0.31133458,-0.2865107,-0.28673613,2.1040142,0.76515937,1.1806471,-0.3029359,-0.297441,-0.26184985,-0.3050845,-0.29974085,-0.30095375,-0.27942508,-0.26755807,-0.30380177,-0.32854122,-0.30158013,-0.28791487,-0.23875734,-0.30582684,-0.32284898,-0.30103785,0.82508,1.6321783,-0.3038367,1.5658692,1.2084874,-0.27418184,-0.2443454,-0.30590335,-0.3233376,-0.2940582,-0.3166716,-0.2851582,-0.31692833,-0.30852503,1.1734746,-0.29179797,-0.27013338,-0.3272691,-0.32986963,-0.27378008,-0.28014463,-0.20411447,-0.26286402,-0.29172873,0.97174513,-0.2879296,-0.256234,-0.2358737,1.1317037,-0.2868232,0.79317456,1.2723354,1.125391,-0.27669096,-0.2758534,-0.3320185,-0.27822667,-0.27598393,-0.31877366,0.9811705,-0.2726946,-0.2520635,-0.19459927,-0.32411462,1.0169262,-0.2703124,-0.20658675,-0.20658675,0.91604996,-0.2889152,0.4093945,2.281338,-0.27421308,-0.28739506,-0.29112378,-0.26465064
k__Bacteria|p__Proteobacteria|c__Gammaproteobacteria|o__Enterobacteriales|f__Enterobacteriaceae|g__Trabulsiella|s__unclassified,-0.28271136,-0.31904158,0.7766038,-0.31718764,-0.32234848,-0.2932219,-0.3258366,-0.3327108,-0.3167536,-0.32233524,-0.19440371,-0.32539368,-0.31133458,-0.31097966,-0.318457,-0.30519226,-0.3303013,-0.31799185,-0.31596595,-0.32011846,-0.26184985,-0.31047285,-0.3146333,-0.32099286,-0.30627012,-0.26755807,-0.31110132,-0.32854122,-0.3148136,-0.319462,1.7657133,-0.3112601,-0.32284898,-0.31477883,-0.32378075,-0.24718808,-0.310651,-0.3291557,-0.3328914,-0.32523924,1.6093037,-0.30590335,-0.3233376,-0.31355992,-0.3166716,-0.2851582,-0.31692833,-0.31414467,-0.310298,-0.32424074,-0.2793306,-0.3272691,-0.32986963,-0.30015028,-0.31269357,-0.20411447,1.4882407,1.1815177,-0.32277873,-0.31513578,-0.256234,-0.2358737,-0.32636124,-0.3140801,-0.33133662,-0.2850096,-0.30183107,-0.27669096,-0.31455103,-0.3320185,-0.28804076,-0.27598393,-0.31877366,-0.32037857,-0.32401302,-0.2561298,-0.19459927,-0.32411462,-0.30701396,-0.32114664,1.9908922,1.9908922,-0.33048365,-0.3150396,-0.3289357,-0.20655881,-0.2855165,-0.30272183,-0.3079732,-0.29139256
k__Bacteria|p__Proteobacteria|c__Gammaproteobacteria|o__Enterobacteriales|f__Enterobacteriaceae|g__Klebsiella|s__unclassified,1.2906168,-0.31904158,-0.32328734,-0.31718764,-0.32284594,-0.2932219,-0.3258366,-0.3327108,-0.31342688,-0.3228839,2.162574,-0.32539368,-0.31133458,-0.30389297,-0.31552425,-0.30519226,-0.3303013,-0.31799185,-0.3142653,-0.31970775,-0.26184985,-0.30392024,-0.30919462,-0.32035032,-0.3078206,1.4148632,-0.30354422,-0.32854122,-0.3115725,-0.3177393,1.7651765,-0.30522573,-0.32284898,-0.31209373,-0.32378075,-0.24718808,-0.30384755,-0.3291557,-0.3328914,-0.32246011,1.607938,-0.30590335,-0.3233376,-0.3095296,-0.3166716,1.2199326,-0.31692833,-0.31045863,-0.310298,-0.3258518,-0.2499218,-0.3272691,-0.32986963,-0.28481615,-0.30409133,-0.20411447,-0.26286402,-0.29172873,-0.32277873,-0.30788502,-0.256234,1.6990836,-0.32636124,-0.30728066,-0.33133662,-0.2850096,-0.30183107,-0.27669096,-0.30713588,-0.3320185,-0.2647533,-0.27598393,-0.31877366,-0.32037857,-0.3218482,-0.21076035,2.1397495,-0.32411462,-0.30701396,-0.31543922,1.9915736,1.9915736,-0.33048365,-0.30826765,-0.3289357,-0.20655881,-0.26024747,-0.28756672,-0.29822853,-0.28135693
k__Bacteria|p__Proteobacteria|c__Gammaproteobacteria|o__Pseudomonadales|f__Moraxellaceae|g__Acinetobacter|s__unclassified,-0.28271136,-0.31904158,-0.32328734,-0.31718764,-0.3210928,-0.2932219,-0.3258366,-0.3327108,-0.3164065,-0.32100815,-0.19440371,-0.32539368,-0.31133458,-0.3104371,-0.31768882,-0.30519226,-0.3303013,-0.31799185,-0.3155673,-0.31924796,-0.26184985,-0.31145942,-0.31442574,-0.32105184,-0.3050512,-0.26755807,-0.31149733,-0.32854122,-0.31470022,-0.319189,-0.23875734,-0.31239146,-0.32284898,-0.31452692,-0.32378075,-0.24718808,-0.31130725,-0.3291557,-0.3328914,-0.32313424,-0.2443454,-0.30590335,-0.3233376,-0.31358802,-0.3166716,-0.2851582,-0.31692833,-0.31371352,-0.310298,-0.32226336,-0.2825411,-0.3272691,-0.32986963,-0.30122298,-0.31151056,-0.20411447,-0.26286402,-0.29172873,-0.32277873,-0.31295943,-0.256234,-0.2358737,-0.32636124,-0.3131989,-0.33133662,-0.2850096,-0.30183107,-0.27669096,-0.3116826,-0.3320185,-0.29091427,-0.27598393,-0.31877366,-0.32037857,-0.3221898,-0.2613775,-0.19459927,-0.32411462,-0.30701396,-0.31870115,-0.20658675,-0.20658675,-0.33048365,-0.31364134,-0.3289357,-0.20655881,-0.28954706,-0.30374154,-0.3090321,-0.29114163
k__Bacteria|p__Proteobacteria|c__Gammaproteobacteria|o__Aeromonadales|f__unclassified|g__unclassified|s__unclassified,-0.28271136,-0.31904158,0.7928789,-0.31718764,-0.3217043,-0.2932219,-0.3258366,-0.3327108,-0.31684512,-0.32156458,-0.19440371,-0.32539368,-0.31133458,-0.31069487,-0.31818312,-0.30519226,-0.3303013,-0.31799185,-0.3163255,-0.32029745,-0.26184985,-0.3115376,-0.31502378,-0.32172287,-0.3061828,-0.26755807,-0.31112,-0.32854122,-0.31519687,-0.3195569,-0.23875734,-0.31211567,-0.32284898,-0.31457204,-0.32378075,-0.24718808,-0.31104955,-0.3291557,-0.3328914,-0.32459503,-0.2443454,-0.30590335,-0.3233376,-0.31458065,-0.3166716,1.2010858,-0.31692833,-0.31431383,-0.310298,-0.32308197,-0.28206557,-0.3272691,-0.32986963,-0.30185926,-0.31299585,-0.20411447,-0.26286402,-0.29172873,-0.32277873,-0.31537896,-0.256234,1.6906208,-0.32636124,-0.31487,-0.33133662,-0.2850096,-0.30183107,-0.27669096,-0.31333953,-0.3320185,-0.29169726,-0.27598393,-0.31877366,-0.32037857,-0.32289702,-0.26107663,-0.19459927,-0.32411462,-0.30701396,-0.3196077,-0.20658675,-0.20658675,-0.33048365,-0.31546652,-0.3289357,-0.20655881,-0.2884099,-0.3040707,-0.30907053,-0.29224145
k__Bacteria|p__Proteobacteria|c__Gammaproteobacteria|o__Enterobacteriales|f__Enterobacteriaceae|g__Erwinia|s__unclassified,-0.28271136,-0.31904158,-0.32328734,-0.31718764,-0.3215571,-0.2932219,-0.3258366,-0.3327108,-0.3164951,-0.32092637,2.1525297,-0.32539368,-0.31133458,-0.31023264,-0.31748956,-0.30519226,-0.3303013,-0.31799185,-0.3157782,-0.31952184,-0.26184985,-0.31132102,-0.314547,-0.32081133,-0.30539668,-0.26755807,-0.3109516,-0.32854122,-0.31455415,-0.3194354,-0.23875734,-0.3119585,-0.32284898,-0.31451452,-0.32378075,-0.24718808,-0.311127,-0.3291557,-0.3328914,-0.32276374,-0.2443454,-0.30590335,-0.3233376,-0.31311375,-0.3166716,1.201482,-0.31692833,-0.31397527,-0.310298,-0.3228122,-0.28057176,-0.3272691,-0.32986963,-0.30036673,-0.31147927,-0.20411447,-0.26286402,1.1687187,-0.32277873,-0.31293643,-0.256234,1.6898763,-0.32636124,-0.31288657,-0.33133662,-0.2850096,-0.30183107,-0.27669096,-0.31116545,-0.3320185,-0.28964296,-0.27598393,-0.31877366,-0.32037857,-0.32207772,-0.26138034,-0.19459927,-0.32411462,-0.30701396,-0.31817865,-0.20658675,-0.20658675,-0.33048365,-0.31366652,-0.3289357,-0.20655881,-0.28752697,-0.30344,-0.30841565,-0.29086834
k__Bacteria|p__Proteobacteria|c__Gammaproteobacteria|o__Enterobacteriales|f__Enterobacteriaceae|g__Citrobacter|s__unclassified,-0.28271136,-0.31904158,1.1223614,-0.31718764,-0.3217368,-0.2932219,-0.3258366,-0.3327108,-0.3153218,-0.32075298,2.1531491,-0.32539368,-0.31133458,-0.31073505,-0.3169318,-0.30519226,-0.3303013,0.9074569,-0.31486303,-0.3191045,-0.26184985,-0.31016555,-0.314513,-0.31988338,-0.30456266,-0.26755807,-0.3107052,0.71613544,-0.31461444,-0.3189705,-0.23875734,-0.31113416,-0.32284898,-0.31456897,0.70343935,-0.24718808,-0.31059706,-0.3291557,-0.3328914,-0.32130176,-0.2443454,-0.30590335,-0.3233376,-0.31305957,-0.3166716,-0.2851582,0.9349394,-0.31376585,-0.310298,-0.32328522,-0.28196552,-0.3272691,-0.32986963,-0.3006105,-0.31173033,-0.20411447,-0.26286402,1.6774412,-0.32277873,-0.31285322,-0.256234,1.6899939,-0.32636124,-0.31274146,-0.33133662,-0.2850096,-0.30183107,-0.27669096,-0.31237137,-0.3320185,-0.2902975,-0.27598393,-0.31877366,-0.32037857,-0.32237554,-0.26107654,-0.19459927,-0.32411462,-0.30701396,-0.31812352,-0.20658675,-0.20658675,-0.33048365,-0.31266004,-0.3289357,-0.20655881,-0.28821203,-0.30344206,-0.30802378,-0.29139698
k__Bacteria|p__Proteobacteria|c__Gammaproteobacteria|o__Pasteurellales|f__Pasteurellaceae|g__Aggregatibacter|s__unclassified,-0.28271136,-0.31904158,-0.32328734,-0.31718764,-0.3217439,-0.2932219,-0.3258366,-0.3327108,-0.31766632,-0.32181484,-0.19440371,-0.32539368,-0.31133458,-0.3126384,-0.3182233,-0.30519226,-0.3303013,-0.31799185,-0.3181063,-0.32071838,-0.26184985,-0.31352627,-0.31564695,-0.3212548,-0.30561227,-0.26755807,-0.31325036,-0.32854122,-0.31687006,-0.31907797,-0.23875734,-0.31425032,-0.32284898,-0.3165621,-0.32378075,-0.24718808,-0.31324112,-0.3291557,-0.3328914,-0.32134444,-0.2443454,-0.30590335,-0.3233376,-0.31570244,-0.3166716,-0.2851582,-0.31692833,-0.31667146,-0.310298,-0.32323095,-0.28631634,-0.3272691,-0.32986963,-0.3030551,-0.3129085,-0.20411447,-0.26286402,-0.29172873,-0.32277873,-0.3152719,-0.256234,-0.2358737,-0.32636124,-0.31477484,-0.33133662,-0.2850096,-0.30183107,-0.27669096,-0.31358498,-0.3320185,-0.2938274,-0.27598393,-0.31877366,-0.32037857,-0.32053685,-0.26740274,-0.19459927,-0.32411462,-0.30701396,-0.31743217,-0.20658675,-0.20658675,-0.33048365,-0.3154516,0.39149728,-0.20655881,-0.2913278,-0.30497736,-0.31013066,-0.29206115
k__Bacteria|p__Proteobacteria|c__Alphaproteobacteria|o__Rickettsiales|f__mitochondria|g__unclassified|s__unclassified,-0.28271136,-0.31904158,-0.32328734,-0.31718764,-0.3203427,-0.2932219,-0.3258366,-0.3327108,-0.3164155,-0.32129145,-0.19440371,-0.32539368,-0.31133458,-0.31008106,-0.31822357,-0.30519226,-0.3303013,-0.31799185,-0.31520176,-0.31891108,-0.26184985,-0.31015962,-0.31318885,-0.32065994,-0.30564296,-0.26755807,-0.3104404,-0.32854122,-0.3136362,-0.31832,-0.23875734,-0.31086504,-0.32284898,-0.3126347,-0.32378075,-0.24718808,-0.3097377,-0.3291557,-0.3328914,-0.3271329,-0.2443454,-0.30590335,-0.3233376,-0.312457,-0.3166716,-0.2851582,-0.31692833,-0.31299886,-0.310298,-0.3219347,-0.28123802,0.7411552,-0.32986963,-0.30093515,-0.31221563,-0.20411447,-0.26286402,-0.29172873,-0.32277873,-0.31521523,-0.256234,-0.2358737,-0.32636124,-0.31349367,-0.33133662,-0.2850096,-0.30183107,-0.27669096,-0.31358123,-0.3320185,-0.28854746,-0.27598393,-0.31877366,-0.32037857,-0.32365763,-0.25976837,-0.19459927,-0.32411462,-0.30701396,-0.32168528,-0.20658675,-0.20658675,-0.33048365,-0.31559795,-0.3289357,-0.20655881,-0.2865463,-0.3018981,-0.308164,-0.29060045
k__Bacteria|p__Proteobacteria|c__Gammaproteobacteria|o__Enterobacteriales|f__Enterobacteriaceae|g__unclassified|s__unclassified,1.4591601,1.0361795,0.87503946,0.8306259,0.60892713,1.7737455,1.0470415,0.7319986,0.72661185,0.7405077,2.6101804,0.74786085,-0.31133458,0.61218965,0.6024453,1.1467178,0.8294243,1.0627989,0.8576591,0.7644407,1.863828,1.0690292,1.093324,1.0002303,0.6828806,1.7334741,1.095489,1.0606067,0.91174954,0.74686676,1.789054,1.0536187,0.91986865,0.9205773,0.7988952,1.7171023,1.0995365,0.6791249,-0.3328914,0.52121115,1.6518496,1.059417,0.83928907,0.7205996,-0.3166716,2.3163579,0.9795583,1.0538161,0.97648597,0.6027341,0.86129105,0.7404896,0.69604987,0.6695616,0.60580236,2.7769518,-0.26286402,2.1701,-0.32277873,0.6492655,1.7922006,2.5644295,0.68029845,0.622031,-0.33133662,1.2788992,-0.30183107,-0.27669096,0.45901504,0.65503824,0.9323082,1.6361685,-0.31877366,-0.32037857,0.53586376,0.73150504,2.2993453,0.7272104,-0.30701396,0.5231973,2.0845127,2.0845127,-0.33048365,0.66189617,0.42775926,1.994032,0.93073773,1.0328095,0.9835551,0.77026695
k__Bacteria|p__Proteobacteria|c__Gammaproteobacteria|o__Enterobacteriales|f__Enterobacteriaceae|g__Enterobacter|s__hormaechei,1.2991118,0.8921041,0.7921768,-0.31718764,-0.13964091,-0.2932219,0.7723446,-0.3327108,-0.048814178,-0.03747069,2.1915345,-0.32539368,-0.31133458,-0.11412121,-0.13293841,-0.30519226,-0.3303013,-0.31799185,0.04499522,-0.026454747,-0.26184985,0.23682238,0.27490234,0.17631489,-0.061483927,1.4252449,0.26786387,0.7143093,0.10176556,-0.004647024,2.1170454,0.21950752,0.87595963,0.112523176,-0.32378075,-0.24718808,0.2702188,-0.3291557,-0.3328914,-0.17562279,2.5693183,1.0339742,0.7761516,-0.04797721,-0.3166716,1.2883308,1.0458269,0.20824683,-0.310298,-0.15485035,0.20787221,-0.3272691,0.7004156,-0.0047060177,-0.101613805,-0.20411447,-0.26286402,1.2500726,-0.32277873,-0.097427264,-0.256234,1.7403927,-0.32636124,-0.114017546,-0.33133662,-0.2850096,-0.30183107,-0.27669096,-0.22149251,-0.3320185,0.23421577,1.3426929,-0.31877366,-0.32037857,-0.14753415,0.18486366,2.1469843,-0.32411462,-0.30701396,-0.15133616,2.457012,2.457012,-0.33048365,-0.08930467,-0.3289357,-0.20655881,0.25321233,0.27731064,0.2123987,0.0904496
k__Bacteria|p__Proteobacteria|c__Gammaproteobacteria|o__Pasteurellales|f__Pasteurellaceae|g__Actinobacillus|s__unclassified,-0.28271136,-0.31904158,-0.32328734,0.8197814,-0.31604487,-0.2932219,0.8136967,-0.3327108,-0.31310204,-0.31659567,-0.19440371,0.8252372,-0.31133458,-0.308188,-0.31292933,-0.30519226,0.7689887,0.90362084,-0.3140515,-0.31574768,-0.26184985,-0.3102038,-0.3113175,-0.31651962,-0.30060053,-0.26755807,-0.30999333,-0.32854122,-0.31287345,-0.31335992,-0.23875734,-0.31102633,-0.32284898,-0.3123461,-0.32378075,-0.24718808,-0.30980843,-0.3291557,-0.3328914,-0.3144512,-0.2443454,-0.30590335,-0.3233376,-0.31125945,-0.3166716,-0.2851582,-0.31692833,-0.31326503,-0.310298,-0.31769872,-0.28344646,-0.3272691,-0.32986963,-0.29849502,-0.30775142,-0.20411447,-0.26286402,-0.29172873,-0.32277873,-0.3106072,-0.256234,-0.2358737,-0.32636124,-0.31009188,0.59489685,-0.2850096,-0.30183107,-0.27669096,-0.3080657,-0.3320185,-0.29055876,-0.27598393,0.85273755,-0.32037857,-0.313581,-0.26586092,-0.19459927,0.7208719,-0.30701396,-0.31070367,-0.20658675,-0.20658675,-0.33048365,-0.31082243,0.39134985,-0.20655881,-0.28835952,-0.30113873,-0.306034,-0.28730595
k__Bacteria|p__Proteobacteria|c__Gammaproteobacteria|o__Enterobacteriales|f__Enterobacteriaceae|g__Escherichia|s__unclassified,-0.28271136,1.2030321,0.83008015,0.85440165,0.5868553,1.528007,0.77642196,0.610416,0.57145417,0.5729078,-0.19440371,0.7423663,-0.31133458,0.5552319,0.5688903,1.2866809,0.7531943,0.99683994,0.57574093,0.58022773,2.1738796,0.52309966,0.49570584,0.5334242,0.5564531,-0.26755807,0.50757354,0.9093163,0.55259347,0.53963363,-0.23875734,0.5312691,0.9769375,0.54852104,0.7455986,1.7785171,0.5082333,0.64950377,-0.3328914,0.5364797,-0.2443454,-0.30590335,0.78192174,0.567765,-0.3166716,-0.2851582,0.9533424,0.54566157,-0.310298,0.5993754,0.37748963,-0.3272691,0.6844192,0.46782136,0.52900577,2.4262984,-0.26286402,-0.29172873,-0.32277873,0.5557914,1.708479,1.6985786,0.68029845,0.5586628,-0.33133662,1.2648556,-0.30183107,-0.27669096,0.548415,0.6201639,0.40876508,-0.27598393,-0.31877366,-0.32037857,0.52516794,0.29411533,-0.19459927,0.7099117,-0.30701396,0.5113338,-0.20658675,-0.20658675,-0.33048365,0.55837166,0.4022011,-0.20655881,0.38436916,0.43806458,0.47514805,0.44567654
k__Bacteria|p__Proteobacteria|c__Gammaproteobacteria|o__Pasteurellales|f__Pasteurellaceae|g__Haemophilus|s__parainfluenzae,-0.28271136,-0.31904158,0.7963822,-0.31718764,-0.28563312,-0.2932219,-0.3258366,-0.3327108,-0.29318583,-0.29057178,2.174886,0.7468641,0.9386662,-0.284575,-0.28407305,1.0216393,-0.3303013,0.90382314,-0.30114305,-0.29471958,-0.26184985,-0.30304375,-0.29435918,-0.29749388,-0.2767575,-0.26755807,-0.30024457,0.72485495,-0.2988556,-0.2837693,-0.23875734,-0.30408645,0.90231436,-0.29784364,-0.32378075,-0.24718808,-0.30080044,0.64950377,0.60993147,-0.26808012,-0.2443454,1.0135772,-0.3233376,-0.2934001,-0.3166716,1.2034612,0.93742883,-0.30583677,-0.310298,-0.2879055,-0.26756027,0.7414213,0.69885856,-0.27148193,-0.27672738,1.9719518,1.4839811,-0.29172873,-0.32277873,-0.28525114,-0.256234,-0.2358737,-0.32636124,-0.2850625,0.5862647,-0.2850096,-0.30183107,-0.27669096,-0.27058062,-0.3320185,-0.27557576,-0.27598393,0.8515136,-0.32037857,-0.26585084,-0.25156695,-0.19459927,-0.32411462,-0.30701396,-0.2626367,-0.20658675,-0.20658675,-0.33048365,-0.28673428,0.47760448,-0.20655881,-0.27157044,-0.28283545,-0.2876037,-0.2598504
k__Bacteria|p__Proteobacteria|c__Betaproteobacteria|o__Burkholderiales|f__Alcaligenaceae|g__Sutterella|s__unclassified,-0.28271136,-0.31904158,-0.32328734,-0.31718764,-0.13055338,-0.2932219,1.4410965,0.8392248,-0.15166101,-0.14822176,-0.19440371,1.3667103,1.5174404,-0.133962,-0.12927198,-0.30519226,-0.3303013,-0.31799185,-0.17409235,-0.15661156,-0.26184985,-0.20295097,-0.1967053,-0.18324023,-0.13903904,-0.26755807,-0.20336764,-0.32854122,-0.17908493,-0.14542802,-0.23875734,-0.20130597,-0.32284898,-0.18024632,-0.32378075,-0.24718808,-0.20433572,-0.3291557,0.66220075,-0.10118452,-0.2443454,-0.30590335,0.7747276,-0.15194482,0.96712714,-0.2851582,-0.31692833,-0.20174986,1.1437185,-0.13091865,-0.16422293,-0.3272691,0.7084732,-0.133084,-0.1256099,-0.20411447,-0.26286402,-0.29172873,1.3214175,-0.13630962,-0.256234,-0.2358737,0.8118062,-0.13402733,0.70269036,-0.2850096,-0.30183107,-0.27669096,-0.1034984,0.8832372,-0.17599837,-0.27598393,1.5304493,0.87972826,-0.1026196,-0.14506155,-0.19459927,-0.32411462,1.1510648,-0.099715635,-0.20658675,-0.20658675,1.2090852,-0.13928467,1.0041271,2.3568556,-0.17205793,-0.18595797,-0.17948377,-0.14244795
k__Bacteria|p__Proteobacteria|c__Gammaproteobacteria|o__Pasteurellales|f__Pasteurellaceae|g__Haemophilus|s__unclassified,-0.28271136,-0.31904158,1.0501442,0.8306259,0.7383501,-0.2932219,0.7880527,-0.3327108,0.7174595,0.7131039,2.293215,0.95427823,0.98752326,0.7079264,0.7229533,1.0666676,0.875136,1.0627989,0.71039355,0.72051877,1.4504809,0.6326858,0.593643,0.64532965,0.6930473,1.4266523,0.6117861,1.0639625,0.6772372,0.6720346,-0.23875734,0.64303,1.3968563,0.6710588,0.7011616,-0.24718808,0.6114023,0.8334814,0.60399556,0.69162774,1.6059386,1.1294252,-0.3233376,0.71289766,0.8492453,-0.2851582,1.1040795,0.6582439,0.9836111,0.7538879,0.48790503,1.3210824,1.2923373,0.60378945,0.67770743,1.9702644,1.4747916,-0.29172873,-0.32277873,0.7082305,1.592727,-0.2358737,-0.32636124,0.7125727,0.7068906,-0.2850096,-0.30183107,-0.27669096,0.7130932,-0.3320185,0.51511794,-0.27598393,0.8960495,0.9215736,0.6715194,0.41098347,-0.19459927,0.73991656,-0.30701396,0.6612181,-0.20658675,-0.20658675,0.64389867,0.7106335,0.4949681,-0.20655881,0.48749176,0.53689617,0.58275723,0.5584001
k__Bacteria|p__Proteobacteria|c__Alphaproteobacteria|o__RF32|f__unclassified|g__unclassified|s__unclassified,-0.28271136,-0.31904158,-0.32328734,-0.31718764,-0.30412817,-0.2932219,-0.3258366,-0.3327108,-0.30838814,-0.30796307,-0.19440371,-0.32539368,-0.31133458,-0.30081847,-0.30141467,-0.30519226,-0.3303013,-0.31799185,-0.31565535,-0.31100845,-0.26184985,-0.3157986,-0.3103479,-0.312199,-0.2924466,-0.26755807,-0.31400415,-0.32854122,-0.31355843,-0.30136082,-0.23875734,-0.3165334,-0.32284898,-0.31293446,-0.32378075,-0.24718808,-0.3140837,-0.3291557,0.9252892,-0.2899247,-0.2443454,-0.30590335,-0.3233376,-0.307876,-0.3166716,-0.2851582,-0.31692833,-0.3193492,-0.310298,-0.30629855,-0.28257084,-0.3272691,-0.32986963,-0.2877984,-0.29487312,-0.20411447,-0.26286402,-0.29172873,-0.32277873,-0.3027542,-0.256234,-0.2358737,-0.32636124,-0.3016597,0.5986663,-0.2850096,-0.30183107,-0.27669096,-0.29196447,1.1906842,-0.29039776,-0.27598393,-0.31877366,-0.32037857,-0.2877068,-0.26488662,-0.19459927,-0.32411462,1.0683681,-0.28567356,-0.20658675,-0.20658675,-0.33048365,-0.30357867,0.42541078,-0.20655881,-0.28556693,-0.29835194,-0.3022826,-0.27687132
k__Bacteria|p__Actinobacteria|c__Actinobacteria|o__Actinomycetales|f__Actinomycetaceae|g__Actinomyces|s__unclassified,1.4257724,-0.31904158,-0.32328734,-0.31718764,-0.322576,-0.2932219,-0.3258366,-0.3327108,-0.3168787,-0.32174528,-0.19440371,-0.32539368,-0.31133458,-0.31243688,-0.3185289,-0.30519226,-0.3303013,-0.31799185,-0.31645942,-0.32012922,1.4496787,-0.31057078,-0.31329107,-0.31973147,-0.3055184,-0.26755807,-0.31024995,-0.32854122,-0.31519416,-0.3192378,1.7685717,-0.31140226,-0.32284898,-0.31496134,-0.32378075,-0.24718808,-0.3103581,-0.3291557,-0.3328914,-0.32281953,1.6138079,1.0222162,0.77244496,-0.314793,-0.3166716,-0.2851582,-0.31692833,-0.31396294,-0.310298,-0.32412338,-0.283278,-0.3272691,-0.32986963,-0.30219343,-0.31296337,-0.20411447,-0.26286402,1.173375,-0.32277873,-0.31455725,-0.256234,-0.2358737,-0.32636124,-0.31424662,-0.33133662,-0.2850096,-0.30183107,-0.27669096,-0.31453246,-0.3320185,-0.2908859,-0.27598393,-0.31877366,-0.32037857,-0.32264492,-0.26366556,-0.19459927,-0.32411462,-0.30701396,-0.31907764,-0.20658675,-0.20658675,-0.33048365,-0.3146512,-0.3289357,-0.20655881,-0.28842676,-0.30217507,-0.30811024,-0.2912076
k__Bacteria|p__Actinobacteria|c__Actinobacteria|o__Actinomycetales|f__Actinomycetaceae|g__Parascardovia|s__unclassified,-0.28271136,-0.31904158,-0.32328734,-0.31718764,-0.32270706,-0.2932219,-0.3258366,-0.3327108,-0.31616038,-0.32238007,-0.19440371,-0.32539368,-0.31133458,-0.31164873,-0.3179404,-0.30519226,-0.3303013,-0.31799185,-0.31616852,-0.32037097,-0.26184985,-0.3113504,-0.31606978,-0.32131833,-0.30566567,-0.26755807,-0.3122438,-0.32854122,-0.31606835,-0.31985232,1.7786888,-0.31238073,-0.32284898,-0.3158981,-0.32378075,-0.24718808,-0.3118642,-0.3291557,-0.3328914,-0.32304108,-0.2443454,-0.30590335,0.77254015,-0.31422353,-0.3166716,-0.2851582,-0.31692833,-0.3153249,-0.310298,-0.3243723,-0.2831263,-0.3272691,-0.32986963,-0.30136454,-0.31278512,-0.20411447,-0.26286402,-0.29172873,-0.32277873,-0.3145895,-0.256234,-0.2358737,-0.32636124,-0.31386372,-0.33133662,-0.2850096,-0.30183107,-0.27669096,-0.31449416,-0.3320185,-0.29148746,-0.27598393,-0.31877366,-0.32037857,-0.32377777,-0.25945675,-0.19459927,-0.32411462,-0.30701396,-0.3201399,-0.20658675,-0.20658675,-0.33048365,-0.31400517,-0.3289357,-0.20655881,-0.28882414,-0.3042242,-0.30921462,-0.29258722
k__Bacteria|p__Actinobacteria|c__Actinobacteria|o__Actinomycetales|f__Corynebacteriaceae|g__Corynebacterium|s__unclassified,-0.28271136,-0.31904158,-0.32328734,-0.31718764,-0.3215249,-0.2932219,-0.3258366,-0.3327108,-0.3167116,-0.3216741,-0.19440371,-0.32539368,-0.31133458,-0.3110961,-0.31808805,-0.30519226,-0.3303013,-0.31799185,-0.3157819,-0.31951672,-0.26184985,-0.31141698,-0.31501848,-0.32078952,-0.30550832,-0.26755807,-0.31197584,-0.32854122,-0.3147307,-0.3192481,-0.23875734,-0.3121714,-0.32284898,-0.31471145,-0.32378075,-0.24718808,-0.31159705,-0.3291557,-0.3328914,-0.32457823,-0.2443454,-0.30590335,-0.3233376,-0.3132061,-0.3166716,-0.2851582,-0.31692833,-0.3144102,-0.310298,-0.32313552,-0.28252625,-0.3272691,-0.32986963,-0.301074,-0.3127085,-0.20411447,-0.26286402,-0.29172873,-0.32277873,-0.31491563,-0.256234,-0.2358737,-0.32636124,-0.31379756,-0.33133662,-0.2850096,-0.30183107,-0.27669096,-0.3140059,-0.3320185,-0.29045904,-0.27598393,-0.31877366,-0.32037857,-0.32342613,-0.261204,-0.19459927,-0.32411462,-0.30701396,-0.32083935,-0.20658675,-0.20658675,-0.33048365,-0.31506082,-0.3289357,-0.20655881,-0.28828704,-0.30407497,-0.30894685,-0.29187772
k__Bacteria|p__Actinobacteria|c__Actinobacteria|o__Actinomycetales|f__Micrococcaceae|g__Rothia|s__mucilaginosa,-0.28271136,-0.31904158,-0.32328734,-0.31718764,-0.32167947,-0.2932219,-0.3258366,-0.3327108,-0.31687632,-0.32173604,-0.19440371,-0.32539368,-0.31133458,-0.31108406,-0.31784892,-0.30519226,-0.3303013,-0.31799185,-0.31594348,-0.31978518,1.4488758,-0.31170166,-0.31569842,-0.32152823,-0.30569714,-0.26755807,-0.312378,-0.32854122,-0.31519467,-0.31964847,1.7644602,-0.3127577,-0.32284898,-0.31549644,-0.32378075,-0.24718808,-0.31219867,-0.3291557,-0.3328914,-0.3232813,-0.2443454,-0.30590335,-0.3233376,-0.3137434,-0.3166716,-0.2851582,-0.31692833,-0.3149766,-0.310298,-0.32324916,-0.28178272,-0.3272691,-0.32986963,-0.30088493,-0.31226906,-0.20411447,-0.26286402,-0.29172873,-0.32277873,-0.3141464,-0.256234,-0.2358737,-0.32636124,-0.31350493,-0.33133662,-0.2850096,-0.30183107,-0.27669096,-0.31253505,-0.3320185,-0.28974384,-0.27598393,-0.31877366,-0.32037857,-0.32292542,-0.2591927,-0.19459927,-0.32411462,-0.30701396,-0.31955922,-0.20658675,-0.20658675,-0.33048365,-0.31408185,-0.3289357,-0.20655881,-0.28795546,-0.30457908,-0.3091617,-0.291932
k__Bacteria|p__Actinobacteria|c__Actinobacteria|o__Bifidobacteriales|f__Bifidobacteriaceae|g__Bifidobacterium|s__longum,1.378869,1.4016058,1.2331228,-0.31718764,0.7774796,1.6125046,0.98954165,0.85041636,0.8412025,0.8606869,-0.19440371,0.77839863,0.9594391,0.75011396,0.75760275,1.3865765,0.94579095,1.0901951,0.93521553,0.8780758,1.5773348,1.049415,1.0601739,1.0199101,0.8104676,1.4233654,1.0616833,-0.32854122,0.96135604,0.84753907,-0.23875734,1.0438673,0.9784772,0.9655458,-0.32378075,1.7839177,1.0644848,0.8827731,0.6324291,0.6895926,-0.2443454,1.417218,0.85921717,0.8335383,-0.3166716,-0.2851582,-0.31692833,1.0561619,1.0422087,0.7809755,0.80378795,0.86526304,0.7799367,0.73643196,0.73411167,-0.20411447,-0.26286402,1.4862119,0.7836798,0.776392,1.7353671,1.6954653,0.68926066,0.7588922,0.58941233,1.4012556,1.0171267,-0.27669096,0.6421647,0.6299738,0.8767564,1.8303907,0.8788449,0.8482947,0.6989666,0.647192,-0.19459927,0.7097586,-0.30701396,0.67592835,-0.20658675,-0.20658675,0.90478355,0.7851734,0.45108452,2.2011776,0.8604909,0.9756592,0.96553564,0.8027251
k__Bacteria|p__Actinobacteria|c__Actinobacteria|o__Bifidobacteriales|f__Bifidobacteriaceae|g__Bifidobacterium|s__adolescentis,-0.28271136,0.8989615,0.78087515,-0.31718764,-0.31754822,-0.2932219,1.4460559,1.4467334,-0.31241617,-0.31772333,-0.19440371,-0.32539368,-0.31133458,-0.3070715,-0.31335545,1.0232829,-0.3303013,-0.31799185,-0.31120783,-0.3154607,1.4491435,-0.30686444,-0.3108713,-0.3165845,-0.3012886,-0.26755807,-0.30766076,-0.32854122,-0.3110439,-0.31457198,-0.23875734,-0.3076319,1.1013774,-0.3109272,-0.32378075,1.6355256,-0.30738148,0.7444132,0.6408804,-0.3212818,-0.2443454,-0.30590335,-0.3233376,-0.30915272,-0.3166716,-0.2851582,-0.31692833,-0.309956,-0.310298,-0.3190936,-0.27822924,-0.3272691,0.8920909,-0.29665357,-0.30830568,-0.20411447,-0.26286402,1.1739942,-0.32277873,-0.31070992,1.5816442,-0.2358737,-0.32636124,-0.30897897,-0.33133662,1.4795346,1.0517216,-0.27669096,-0.31076765,0.63460004,-0.28567863,-0.27598393,-0.31877366,0.8474649,-0.31944662,-0.25613025,-0.19459927,-0.32411462,-0.30701396,-0.31826252,-0.20658675,-0.20658675,-0.33048365,-0.31081438,-0.3289357,1.991396,-0.28408203,-0.29910964,-0.3051018,-0.28749335
k__Bacteria|p__Actinobacteria|c__Actinobacteria|o__Bifidobacteriales|f__Bifidobacteriaceae|g__Bifidobacterium|s__unclassified,1.2909327,0.93771863,0.8019621,-0.31718764,0.7012017,1.1636502,0.7702996,0.5592709,0.71184456,0.7164066,-0.19440371,0.75431573,-0.31133458,0.6717379,0.68252826,1.0407826,0.7867929,0.90362084,0.7441733,0.7281388,1.725034,0.7366881,0.7150701,0.73250437,0.6881525,-0.26755807,0.72761333,0.7505663,0.73263216,0.68385684,-0.23875734,0.7414738,-0.32284898,0.73016816,-0.32378075,1.6369776,0.7287575,0.6538754,-0.3328914,0.6339334,-0.2443454,2.016435,1.0030612,0.7066274,0.8906833,-0.2851582,1.1198413,0.75693434,-0.310298,0.7127955,0.5483177,1.1647794,0.89619267,0.59758013,0.64454746,-0.20411447,-0.26286402,1.1693408,1.2646878,0.6809658,1.6566073,-0.2358737,0.8644689,0.6767875,0.61653894,1.2209543,-0.30183107,-0.27669096,0.6326766,-0.3320185,0.5935606,1.3318449,0.86020154,-0.32037857,0.6254487,0.4405274,-0.19459927,0.7828026,0.9661,0.6098052,-0.20658675,-0.20658675,0.6468737,0.6854492,0.5629851,2.0410476,0.56905216,0.6451379,0.6714479,0.5972495
k__Bacteria|p__Cyanobacteria|c__4C0d-2|o__YS2|f__unclassified|g__unclassified|s__unclassified,-0.28271136,-0.31904158,-0.32328734,-0.31718764,-0.32027093,-0.2932219,-0.3258366,-0.3327108,-0.31675613,-0.32126826,-0.19440371,-0.32539368,-0.31133458,-0.31053478,-0.31713027,-0.30519226,-0.3303013,-0.31799185,-0.31615964,-0.31907952,-0.26184985,-0.31280005,-0.3156967,-0.3210039,-0.3047636,-0.26755807,-0.3135376,-0.32854122,-0.31516665,-0.31811482,-0.23875734,-0.31352106,-0.32284898,-0.31552684,-0.32378075,-0.24718808,-0.31305474,-0.3291557,-0.3328914,-0.32300696,-0.2443454,-0.30590335,-0.3233376,-0.3133484,-0.3166716,-0.2851582,-0.31692833,-0.31514776,-0.310298,-0.32192993,-0.28243476,-0.3272691,-0.32986963,-0.30019832,-0.31160468,-0.20411447,-0.26286402,-0.29172873,-0.32277873,-0.31462532,-0.256234,-0.2358737,-0.32636124,-0.31365275,0.6490124,-0.2850096,-0.30183107,-0.27669096,-0.31340107,0.627775,-0.29095086,-0.27598393,-0.31877366,-0.32037857,-0.32106438,-0.26042268,-0.19459927,-0.32411462,-0.30701396,-0.31956717,-0.20658675,-0.20658675,-0.33048365,-0.31515163,-0.3289357,-0.20655881,-0.28941053,-0.30493826,-0.30955577,-0.2913291
k__Bacteria|p__Cyanobacteria|c__Chloroplast|o__Streptophyta|f__unclassified|g__unclassified|s__unclassified,-0.28271136,-0.31904158,-0.32328734,-0.31718764,-0.32066867,-0.2932219,-0.3258366,-0.3327108,-0.3162192,-0.32176977,-0.19440371,-0.32539368,-0.31133458,-0.31109202,-0.317427,-0.30519226,-0.3303013,-0.31799185,-0.31686437,-0.31933454,-0.26184985,-0.31160152,-0.31522018,-0.32052353,-0.30475318,-0.26755807,-0.31224293,-0.32854122,-0.31536406,-0.31817037,-0.23875734,-0.3120653,-0.32284898,-0.31557882,-0.32378075,-0.24718808,-0.31175035,-0.3291557,-0.3328914,-0.32335684,-0.2443454,-0.30590335,-0.3233376,-0.31406206,0.85196316,-0.2851582,-0.31692833,-0.3150202,-0.310298,-0.32239437,-0.28386676,-0.3272691,-0.32986963,-0.30203694,-0.31241363,-0.20411447,-0.26286402,-0.29172873,-0.32277873,-0.31508848,-0.256234,-0.2358737,-0.32636124,-0.31399772,0.5863961,-0.2850096,-0.30183107,-0.27669096,-0.31540334,-0.3320185,-0.29163116,-0.27598393,-0.31877366,-0.32037857,-0.3216402,-0.2632931,-0.19459927,-0.32411462,-0.30701396,-0.32004485,-0.20658675,-0.20658675,-0.33048365,-0.314931,-0.3289357,-0.20655881,-0.28931335,-0.3042854,-0.3092072,-0.29215264
k__Bacteria|p__Fusobacteria|c__Fusobacteria|o__Fusobacteriales|f__Fusobacteriaceae|g__Fusobacterium|s__unclassified,1.3269185,-0.31904158,-0.32328734,-0.31718764,-0.32165033,-0.2932219,-0.3258366,-0.3327108,-0.3164738,-0.32127488,-0.19440371,0.8722917,-0.31133458,-0.31183738,-0.31801224,-0.30519226,-0.3303013,-0.31799185,-0.316122,-0.31961608,-0.26184985,-0.31085533,-0.31405067,-0.31986663,-0.3050043,-0.26755807,-0.31094596,-0.32854122,-0.31500643,-0.31888276,-0.23875734,-0.31159627,-0.32284898,-0.3147887,-0.32378075,-0.24718808,-0.31078717,-0.3291557,-0.3328914,-0.3228806,-0.2443454,1.0286467,-0.3233376,-0.31421906,-0.3166716,-0.2851582,-0.31692833,-0.31419387,-0.310298,-0.3231714,-0.28438133,-0.3272691,-0.32986963,-0.30245203,-0.312834,-0.20411447,-0.26286402,-0.29172873,0.76641244,-0.31465217,-0.256234,-0.2358737,-0.32636124,-0.31408405,-0.33133662,-0.2850096,-0.30183107,-0.27669096,-0.31419653,-0.3320185,-0.2918281,-0.27598393,-0.31877366,-0.32037857,-0.32231683,-0.2650931,-0.19459927,-0.32411462,-0.30701396,-0.31919116,-0.20658675,-0.20658675,-0.33048365,-0.31458765,-0.3289357,-0.20655881,-0.28944004,-0.303528,-0.30858862,-0.29175237
k__Bacteria|p__Fusobacteria|c__Fusobacteria|o__Fusobacteriales|f__Fusobacteriaceae|g__unclassified|s__unclassified,-0.28271136,-0.31904158,-0.32328734,-0.31718764,-0.3220482,-0.2932219,-0.3258366,-0.3327108,-0.31666166,-0.32182738,-0.19440371,-0.32539368,-0.31133458,-0.31146806,-0.31809777,-0.30519226,-0.3303013,-0.31799185,-0.31667367,-0.32029358,-0.26184985,-0.31202978,-0.31585598,-0.32137397,-0.30568087,-0.26755807,-0.31230372,-0.32854122,-0.3158119,-0.3198067,-0.23875734,-0.31269336,-0.32284898,-0.31577468,-0.32378075,-0.24718808,-0.31215078,-0.3291557,-0.3328914,-0.32272264,-0.2443454,-0.30590335,-0.3233376,-0.3143924,-0.3166716,-0.2851582,-0.31692833,-0.31543672,-0.310298,-0.32358953,-0.28388852,-0.3272691,-0.32986963,-0.30209547,-0.31279093,-0.20411447,-0.26286402,-0.29172873,-0.32277873,-0.314509,-0.256234,-0.2358737,-0.32636124,-0.31409514,-0.33133662,-0.2850096,-0.30183107,-0.27669096,-0.31345654,-0.3320185,-0.29222393,-0.27598393,-0.31877366,-0.32037857,-0.3226545,-0.2630265,-0.19459927,-0.32411462,-0.30701396,-0.3189348,-0.20658675,-0.20658675,-0.33048365,-0.31443578,-0.3289357,-0.20655881,-0.289586,-0.304924,-0.3094948,-0.29258144
k__Bacteria|p__Tenericutes|c__Mollicutes|o__RF39|f__unclassified|g__unclassified|s__unclassified,-0.28271136,-0.31904158,-0.32328734,-0.31718764,-0.32097712,-0.2932219,-0.3258366,-0.3327108,-0.31622177,-0.321237,-0.19440371,-0.32539368,-0.31133458,-0.31171054,-0.3173753,-0.30519226,-0.3303013,-0.31799185,-0.31697527,-0.31960577,-0.26184985,-0.31181082,-0.31456348,-0.320019,-0.30461842,-0.26755807,-0.3119812,-0.32854122,-0.3157316,-0.31807458,-0.23875734,-0.31254914,-0.32284898,-0.31545097,-0.32378075,-0.24718808,-0.3116902,-0.3291557,-0.3328914,-0.32110044,-0.2443454,-0.30590335,-0.3233376,-0.3145859,-0.3166716,-0.2851582,-0.31692833,-0.3153003,-0.310298,-0.32251802,-0.28540835,-0.3272691,-0.32986963,-0.30229914,-0.31217784,-0.20411447,-0.26286402,-0.29172873,-0.32277873,-0.31444398,-0.256234,-0.2358737,-0.32636124,-0.31385842,-0.33133662,-0.2850096,-0.30183107,-0.27669096,-0.31398886,0.62114924,-0.29262394,-0.27598393,-0.31877366,-0.32037857,-0.32041863,-0.26558515,-0.19459927,-0.32411462,-0.30701396,-0.31758195,-0.20658675,-0.20658675,-0.33048365,-0.31435713,-0.3289357,-0.20655881,-0.29018107,-0.3036607,-0.30892396,-0.29148456
k__Bacteria|p__Verrucomicrobia|c__Verrucomicrobiae|o__Verrucomicrobiales|f__Verrucomicrobiaceae|g__Akkermansia|s__muciniphila,-0.28271136,-0.31904158,-0.32328734,1.9071275,-0.29580942,-0.2932219,-0.3258366,-0.3327108,-0.2989232,-0.30038175,-0.19440371,-0.32539368,-0.31133458,-0.29007837,-0.29251653,-0.30519226,-0.3303013,-0.31799185,-0.3064348,-0.3024371,-0.26184985,-0.30893475,-0.30599627,-0.3070764,-0.28490764,-0.26755807,-0.30829096,-0.32854122,-0.3055445,-0.29508036,-0.23875734,-0.30945444,-0.32284898,-0.30542517,1.2856646,-0.24718808,-0.30806786,0.64950377,0.7370884,-0.2833406,-0.2443454,-0.30590335,-0.3233376,-0.2974569,0.8570906,-0.2851582,-0.31692833,-0.3117494,-0.310298,-0.29774106,-0.27307892,-0.3272691,-0.32986963,-0.27820525,-0.28566116,-0.20411447,-0.26286402,-0.29172873,0.94841164,-0.2922402,-0.256234,-0.2358737,0.80589837,-0.29156017,0.5990554,-0.2850096,1.0172048,-0.27669096,-0.28191185,0.66404194,-0.28265756,-0.27598393,-0.31877366,1.0756888,-0.28230423,-0.25164056,-0.19459927,0.94724256,1.2225202,-0.27952152,-0.20658675,-0.20658675,-0.33048365,-0.29346377,-0.3289357,-0.20655881,-0.2787522,-0.29336002,-0.29637584,-0.27117944
