#OTU ID,E002338.0,E002338.1,E002338.2,E002338.3,E002338.4,E002473.0,E002473.1,E002473.2,E002473.3,E002473.4,E004934.0,E004934.1,E004934.2,E004934.3,E004934.4,E005804.0,E005804.1,E005804.2,E005804.3,E005804.4,E008437.0,E008437.1,E008437.2,E008437.3,E008437.4,E008643.0,E008643.1,E008643.2,E008643.3,E008643.4,E012393.0,E012393.1,E012393.2,E012393.3,E012393.4,E012678.0,E012678.1,E012678.2,E012678.3,E012678.4,E016148.0,E016148.1,E016148.2,E016148.3,E016148.4,E017049.0,E017049.1,E017049.2,E017049.3,E017049.4,E018421.0,E018421.1,E018421.2,E018421.3,E018421.4,E019187.0,E019187.1,E019187.2,E019187.3,E019187.4,E019349.0,E019349.1,E019349.2,E019349.3,E019349.4,E022960.0,E022960.1,E022960.2,E022960.3,E022960.4,E023535.0,E023535.1,E023535.2,E023535.3,E023535.4,E023681.0,E023681.1,E023681.2,E023681.3,E023681.4,E025921.0,E025921.1,E025921.2,E025921.3,E025921.4,E030828.0,E030828.1,E030828.2,E030828.3,E030828.4
k__Bacteria|p__Firmicutes|c__Clostridia|o__Clostridiales|f__Veillonellaceae|g__Megasphaera|s__micronuciformis,-0.28271136,-0.31903747,-0.32328734,-0.31718764,-0.3236267,-0.2932219,-0.3258366,-0.32967365,-0.33075604,-0.3238132,-0.19440371,-0.31290457,-0.31133458,-0.31570548,-0.32354623,-0.30519226,-0.3265774,-0.3295315,-0.32946658,-0.32684892,-0.26184985,-0.31223327,-0.29681087,-0.32600364,-0.32371396,-0.26755807,-0.31955832,-0.32854122,-0.32363778,-0.32445285,-0.23875734,-0.32284898,-0.32284898,-0.32234895,-0.32115704,-0.24718808,-0.32432246,-0.3291557,-0.3286766,-0.3328914,-0.2443454,-0.30590335,-0.3233376,-0.29767188,-0.31805044,-0.2851582,-0.31692833,-0.3306163,-0.310298,-0.32364792,-0.24634947,-0.31704295,-0.32473323,-0.322685,-0.29960245,-0.20411447,-0.26286402,-0.29172873,-0.32496518,-0.3194106,-0.256234,-0.30355084,-0.32636124,-0.32784462,-0.33133662,-0.2850096,-0.30183107,-0.27669096,-0.30985528,-0.3320185,-0.27548772,-0.31693238,-0.32844943,-0.32353067,-0.3022943,-0.19459927,-0.19459927,-0.32411462,-0.30701396,-0.32583016,-0.20658675,-0.20658675,-0.33048365,-0.32690454,-0.32286632,-0.20655881,-0.30538034,-0.31746542,-0.33007872,-0.33506903
k__Bacteria|p__Firmicutes|c__Clostridia|o__Clostridiales|f__Veillonellaceae|g__Megasphaera|s__geminatus,-0.28271136,-0.31875342,-0.32328734,-0.31718764,-0.32333738,-0.2932219,-0.3258366,-0.32915384,-0.33075604,-0.32346076,-0.19440371,-0.31264055,-0.31133458,-0.31570548,-0.32324016,-0.30519226,-0.32633355,-0.32918555,-0.32946658,-0.32644412,-0.26184985,-0.31223327,-0.29681087,-0.32580352,-0.32329357,-0.26755807,-0.31918722,-0.32854122,-0.32324436,-0.32445285,-0.23875734,-0.32284898,-0.32284898,-0.321841,-0.32083708,-0.24718808,-0.32432246,-0.3291557,-0.32830665,-0.3328914,-0.2443454,-0.30590335,-0.3233376,-0.29767188,-0.31767362,-0.2851582,-0.31692833,-0.3300377,-0.310298,-0.32320702,-0.24634947,-0.31688845,-0.32435268,-0.3224624,-0.2993691,-0.20411447,-0.26286402,-0.29172873,-0.3247538,-0.31926045,-0.256234,-0.3034344,-0.32636124,-0.32755935,-0.33133662,-0.2850096,-0.30183107,-0.27669096,-0.30985528,-0.3320185,-0.27547187,-0.31669888,-0.3280272,-0.32329077,-0.30195475,-0.19459927,-0.19459927,-0.32411462,-0.30701396,-0.32548773,-0.20658675,-0.20658675,-0.33048365,-0.32690454,-0.32274544,-0.20655881,-0.30537635,-0.31710547,-0.33007872,-0.33506903
k__Bacteria|p__Firmicutes|c__Bacilli|o__unclassified|f__unclassified|g__unclassified|s__unclassified,1.2880858,-0.3176427,0.7787418,-0.31718764,-0.32465616,-0.2932219,-0.3258366,-0.33025146,-0.33075604,-0.32462835,-0.19440371,-0.31240296,-0.31133458,-0.31570548,-0.32495013,-0.30519226,-0.32757968,-0.3301052,-0.32946658,-0.32867038,-0.26184985,-0.31223327,-0.29681087,-0.3269812,-0.32477704,1.433194,-0.31849188,-0.32854122,-0.32589284,-0.32445285,-0.23875734,-0.32284898,-0.32284898,-0.3233093,-0.3224424,-0.24718808,-0.32432246,-0.3291557,-0.33055902,-0.3328914,-0.2443454,-0.30590335,-0.3233376,-0.29767188,-0.31913877,-0.2851582,-0.31692833,-0.33078516,-0.310298,-0.32449523,-0.24634947,-0.31570357,-0.32468545,-0.3238548,-0.30089608,-0.20411447,-0.26286402,-0.29172873,-0.32626933,-0.3208001,-0.256234,-0.3040549,-0.32636124,-0.32960242,-0.33133662,-0.2850096,-0.30183107,-0.27669096,-0.30985528,-0.3320185,-0.27557993,-0.31632954,-0.32871458,-0.32487845,-0.3025779,-0.19459927,-0.19459927,-0.32411462,-0.30701396,-0.327367,-0.20658675,-0.20658675,-0.33048365,-0.32690454,-0.32417622,-0.20655881,-0.3050644,-0.31851768,-0.33007872,-0.33506903
k__Bacteria|p__Firmicutes|c__Bacilli|o__Lactobacillales|f__Enterococcaceae|g__Enterococcus|s__unclassified,-0.28271136,-0.3195718,0.7766038,-0.31718764,-0.32372186,-0.2932219,-0.3258366,-0.3301008,-0.33075604,-0.32405153,-0.19440371,-0.3133761,-0.31133458,-0.31570548,-0.32370824,-0.30519226,-0.32673872,-0.32978946,-0.32946658,-0.32713002,-0.26184985,-0.31223327,-0.29681087,-0.32650614,-0.32408792,1.4275895,-0.32009554,-0.32854122,-0.32390139,-0.32445285,-0.23875734,-0.32284898,-0.32284898,-0.32285693,-0.3214441,-0.24718808,-0.32432246,-0.3291557,-0.3290525,-0.3328914,-0.2443454,-0.30590335,-0.3233376,-0.29767188,-0.31816894,-0.2851582,-0.31692833,-0.33102173,-0.310298,-0.32397696,-0.24634947,-0.31751117,-0.32517838,-0.3228507,-0.2996185,-0.20411447,1.4723268,-0.29172873,-0.3255394,-0.31949338,-0.256234,-0.30368668,-0.32636124,-0.32802084,-0.33133662,-0.2850096,-0.30183107,-0.27669096,-0.30985528,-0.3320185,-0.27536756,-0.31721973,-0.32890546,-0.32370678,-0.30249873,-0.19459927,-0.19459927,-0.32411462,-0.30701396,-0.32596985,-0.20658675,-0.20658675,-0.33048365,-0.32690454,-0.32280993,-0.20655881,-0.30577734,-0.3177643,-0.33007872,-0.33506903
k__Bacteria|p__Firmicutes|c__Clostridia|o__Clostridiales|f__Clostridiaceae|g__Clostridium|s__perfringens,1.3109468,-0.31651664,-0.32328734,-0.31718764,-0.32247996,1.1813543,-0.3258366,-0.32883424,-0.33075604,-0.3241638,-0.19440371,-0.31102428,-0.31133458,-0.31570548,-0.32283556,-0.30519226,-0.32470086,-0.3281998,-0.32946658,-0.32792866,-0.26184985,-0.31223327,-0.29681087,-0.32601264,-0.32424548,2.4175923,-0.31782025,-0.32854122,-0.3236416,-0.32445285,1.7735543,-0.32284898,-0.32284898,-0.3225068,-0.32179436,-0.24718808,-0.32432246,-0.3291557,-0.3283267,-0.3328914,1.633266,1.2056496,-0.3233376,-0.29767188,-0.31786433,1.256593,-0.31692833,-0.32981613,-0.310298,-0.32405,-0.24634947,-0.3150558,-0.32432088,-0.32281327,-0.29967773,-0.20411447,-0.26286402,-0.29172873,-0.32537323,-0.319322,-0.256234,-0.30059692,-0.32636124,-0.32756466,-0.33133662,-0.2850096,-0.30183107,-0.27669096,-0.30985528,-0.3320185,-0.27163443,-0.3148548,-0.32821715,-0.32387632,-0.302801,-0.19459927,-0.19459927,-0.32411462,-0.30701396,-0.32565176,2.0459185,2.0459185,-0.33048365,-0.32690454,-0.3217124,-0.20655881,-0.3032563,-0.3167701,-0.33007872,-0.33506903
k__Bacteria|p__Firmicutes|c__Clostridia|o__Clostridiales|f__Clostridiaceae|g__Peptoniphilus|s__asaccharolyticus,1.3149637,-0.31984055,-0.32328734,-0.31718764,-0.3228911,-0.2932219,-0.3258366,-0.3294353,-0.33075604,-0.32373595,-0.19440371,-0.31360877,-0.31133458,-0.31570548,-0.32279882,-0.30519226,-0.32579297,-0.32894552,-0.32946658,-0.3265984,-0.26184985,-0.31223327,-0.29681087,-0.32599843,-0.32381666,-0.26755807,-0.32027966,-0.32854122,-0.3231937,-0.32445285,-0.23875734,-0.32284898,-0.32284898,-0.32281077,-0.3211321,-0.24718808,-0.32432246,-0.3291557,-0.328165,-0.3328914,-0.2443454,-0.30590335,-0.3233376,-0.29767188,-0.3177575,-0.2851582,-0.31692833,-0.3300534,-0.310298,-0.32361847,-0.24634947,-0.31783327,-0.32482284,-0.3224124,-0.29922765,-0.20411447,-0.26286402,-0.29172873,-0.32530063,-0.31895196,-0.256234,-0.30416048,-0.32636124,-0.32713115,-0.33133662,-0.2850096,-0.30183107,-0.27669096,-0.30985528,-0.3320185,-0.27504689,-0.31710273,-0.3285669,-0.32325637,-0.30233043,-0.19459927,-0.19459927,-0.32411462,-0.30701396,-0.3249805,-0.20658675,-0.20658675,-0.33048365,-0.32690454,-0.32185614,-0.20655881,-0.3061504,-0.31756026,-0.33007872,-0.33506903
k__Bacteria|p__Firmicutes|c__Bacilli|o__Bacillales|f__Staphylococcaceae|g__Staphylococcus|s__unclassified,-0.28271136,-0.31983486,-0.32328734,-0.31718764,-0.32359767,-0.2932219,-0.3258366,-0.33017758,-0.33075604,-0.3243488,-0.19440371,-0.31361207,-0.31133458,-0.31570548,-0.3236183,-0.30519226,-0.32676548,-0.32988328,-0.32946658,-0.3275413,-0.26184985,-0.31223327,-0.29681087,-0.3269363,-0.32436463,-0.26755807,-0.32040775,-0.32854122,-0.32401687,-0.32445285,-0.23875734,-0.32284898,-0.32284898,-0.3232425,-0.3217321,-0.24718808,-0.32432246,-0.3291557,-0.32920521,-0.3328914,1.6046737,-0.30590335,-0.3233376,-0.29767188,-0.31815088,-0.2851582,-0.31692833,-0.33085644,-0.310298,-0.32417423,-0.24634947,-0.3178914,-0.32538265,-0.3231784,-0.29981261,-0.20411447,1.4667585,-0.29172873,-0.3261675,-0.31965393,-0.256234,-0.303729,-0.32636124,-0.3282414,-0.33133662,-0.2850096,-0.30183107,-0.27669096,-0.30985528,-0.3320185,-0.27516487,-0.31719548,-0.32930708,-0.324104,-0.30281675,-0.19459927,-0.19459927,-0.32411462,-0.30701396,-0.32590404,-0.20658675,-0.20658675,-0.33048365,-0.32690454,-0.32275483,1.989131,-0.30584908,-0.31775936,-0.33007872,-0.33506903
k__Bacteria|p__Firmicutes|c__Bacilli|o__Lactobacillales|f__unclassified|g__unclassified|s__unclassified,-0.28271136,-0.31943947,-0.32328734,-0.31718764,-0.32325047,-0.2932219,-0.3258366,-0.3295578,-0.33075604,-0.32373473,-0.19440371,-0.31339318,-0.31133458,-0.31570548,-0.32312298,-0.30519226,-0.32634458,-0.3294192,-0.32946658,-0.32670927,-0.26184985,-0.31223327,-0.29681087,-0.32623252,-0.323633,1.4110612,-0.31985846,-0.32854122,-0.3235816,-0.32445285,-0.23875734,-0.32284898,-0.32284898,-0.3227048,-0.32107034,-0.24718808,-0.32432246,-0.3291557,-0.32868874,-0.3328914,-0.2443454,-0.30590335,-0.3233376,-0.29767188,-0.31777197,-0.2851582,-0.31692833,-0.3301833,-0.310298,-0.3235272,-0.24634947,-0.3174933,-0.3247295,-0.3227467,-0.29943186,-0.20411447,-0.26286402,-0.29172873,-0.3254273,-0.31921908,-0.256234,-0.30412176,-0.32636124,-0.3277229,-0.33133662,-0.2850096,-0.30183107,-0.27669096,-0.30985528,-0.3320185,-0.2755143,-0.31693995,-0.32852352,-0.32356116,-0.30211115,-0.19459927,-0.19459927,-0.32411462,-0.30701396,-0.32534176,-0.20658675,-0.20658675,-0.33048365,-0.32690454,-0.32235366,-0.20655881,-0.3059137,-0.3174495,-0.33007872,-0.33506903
k__Bacteria|p__Firmicutes|c__Bacilli|o__Lactobacillales|f__Leuconostocaceae|g__Leuconostoc|s__unclassified,-0.28271136,-0.31907207,-0.32328734,-0.31718764,-0.32281184,-0.2932219,-0.3258366,-0.32905957,-0.33075604,-0.3232636,-0.19440371,-0.31296718,-0.31133458,-0.31570548,-0.32265472,-0.30519226,-0.32596794,-0.3290502,-0.32946658,-0.32616436,-0.26184985,-0.31223327,-0.29681087,-0.32590753,-0.32311484,-0.26755807,-0.31941155,-0.32854122,-0.3230827,-0.32445285,-0.23875734,-0.32284898,-0.32284898,-0.32218793,-0.32058546,-0.24718808,-0.32432246,0.67265064,-0.32826707,-0.3328914,-0.2443454,-0.30590335,-0.3233376,-0.29767188,-0.3171782,-0.2851582,-0.31692833,-0.32967424,-0.310298,-0.3229893,-0.24634947,-0.31717217,-0.3242876,-0.32235512,-0.29903162,-0.20411447,-0.26286402,-0.29172873,-0.32511717,-0.3188146,-0.256234,-0.3037312,-0.32636124,-0.32731038,-0.33133662,-0.2850096,-0.30183107,-0.27669096,-0.30985528,-0.3320185,-0.2752295,-0.31650382,-0.32807276,-0.32314888,-0.30167526,-0.19459927,-0.19459927,-0.32411462,-0.30701396,-0.32485035,-0.20658675,-0.20658675,-0.33048365,-0.32690454,-0.32202488,-0.20655881,-0.3056122,-0.31694734,-0.33007872,-0.33506903
k__Bacteria|p__Firmicutes|c__Clostridia|o__Clostridiales|f__Lachnospiraceae|g__Blautia|s__obeum,-0.28271136,-0.3188907,-0.32328734,-0.31718764,-0.3226722,-0.2932219,-0.3258366,-0.32869223,-0.33075604,-0.32293913,-0.19440371,-0.3119873,-0.31133458,-0.31570548,-0.32254875,-0.30519226,-0.32561895,-0.32856816,-0.32946658,-0.32564563,-0.26184985,-0.31223327,-0.29681087,-0.32498568,-0.32284698,-0.26755807,-0.31900513,-0.32854122,-0.32229036,-0.32445285,-0.23875734,-0.32284898,-0.32284898,-0.32123458,-0.3201862,-0.24718808,-0.32432246,-0.3291557,-0.32744783,-0.3328914,-0.2443454,-0.30590335,-0.3233376,-0.29767188,-0.31692567,-0.2851582,-0.31692833,-0.32972777,-0.310298,-0.3227083,-0.24634947,-0.31651136,-0.3238857,-0.3216549,-0.29866144,-0.20411447,-0.26286402,-0.29172873,-0.32402617,-0.3183828,-0.256234,-0.3029837,-0.32636124,-0.32642984,-0.33133662,-0.2850096,-0.30183107,-0.27669096,-0.30985528,-0.3320185,-0.2746948,-0.31636348,-0.32759702,-0.32240477,-0.3015573,-0.19459927,-0.19459927,-0.32411462,-0.30701396,-0.3247619,-0.20658675,-0.20658675,-0.33048365,-0.32690454,-0.3220983,-0.20655881,-0.30488464,-0.31653696,-0.33007872,-0.33506903
k__Bacteria|p__Firmicutes|c__Clostridia|o__Clostridiales|f__Lachnospiraceae|g__Coprococcus|s__eutactus,-0.28271136,-0.3191594,-0.32328734,-0.31718764,-0.32187283,-0.2932219,-0.3258366,-0.32851857,-0.33075604,-0.322352,-0.19440371,-0.3131858,-0.31133458,-0.31570548,-0.32182553,-0.30519226,-0.32503808,-0.3278379,-0.32946658,-0.3252958,-0.26184985,-0.31223327,-0.29681087,-0.32479092,-0.32266402,-0.26755807,-0.3200236,-0.32854122,-0.32182944,-0.32445285,-0.23875734,-0.32284898,-0.32284898,-0.3215111,-0.31957248,-0.24718808,-0.32432246,-0.3291557,-0.32666826,-0.3328914,-0.2443454,-0.30590335,-0.3233376,-0.29767188,-0.3169738,-0.2851582,-0.31692833,-0.32957906,-0.310298,-0.3224859,-0.24634947,-0.31739232,-0.32409447,-0.3210472,-0.29786223,-0.20411447,-0.26286402,-0.29172873,-0.32388228,-0.31749272,-0.256234,-0.30309477,-0.32636124,-0.3256258,-0.33133662,-0.2850096,-0.30183107,-0.27669096,-0.30985528,-0.3320185,-0.27410686,-0.316555,-0.32768154,-0.32184428,-0.30129963,-0.19459927,-0.19459927,-0.32411462,-0.30701396,-0.32415098,-0.20658675,-0.20658675,-0.33048365,-0.32690454,-0.32066342,-0.20655881,-0.3054127,-0.3163966,-0.33007872,-0.33506903
k__Bacteria|p__Firmicutes|c__Bacilli|o__Lactobacillales|f__Lactobacillaceae|g__unclassified|s__unclassified,-0.28271136,-0.31993058,-0.32328734,-0.31718764,-0.32337445,-0.2932219,-0.3258366,-0.33063713,-0.33075604,-0.32348657,-0.19440371,-0.3142346,-0.31133458,-0.31570548,-0.3238342,-0.30519226,-0.32678854,-0.3289823,-0.32946658,-0.3272996,-0.26184985,-0.31223327,-0.29681087,-0.3254855,-0.32476282,-0.26755807,-0.3215329,-0.32854122,-0.3240193,-0.32445285,-0.23875734,-0.32284898,-0.32284898,-0.32316223,-0.3211763,-0.24718808,-0.32432246,-0.3291557,-0.32832906,-0.3328914,-0.2443454,-0.30590335,-0.3233376,-0.29767188,-0.3187307,-0.2851582,-0.31692833,-0.33151847,-0.310298,-0.3240862,-0.24634947,-0.31775802,-0.32523057,-0.321414,-0.2987965,-0.20411447,-0.26286402,-0.29172873,-0.32501665,-0.31858984,-0.256234,-0.30414256,-0.32636124,-0.3268056,-0.33133662,-0.2850096,-0.30183107,-0.27669096,-0.30985528,-0.3320185,-0.27490526,-0.31785923,-0.32888365,-0.3224057,-0.30235434,-0.19459927,-0.19459927,-0.32411462,-0.30701396,-0.3261875,-0.20658675,-0.20658675,-0.33048365,-0.32690454,-0.32209122,-0.20655881,-0.30593318,-0.31872627,-0.33007872,-0.33506903
k__Bacteria|p__Firmicutes|c__Erysipelotrichi|o__Erysipelotrichales|f__Erysipelotrichaceae|g__[Eubacterium]|s__biforme,-0.28271136,-0.32010978,-0.32328734,-0.31718764,-0.32226512,-0.2932219,-0.3258366,-0.32938358,-0.33075604,-0.32257026,-0.19440371,-0.31409472,-0.31133458,-0.31570548,-0.32231557,-0.30519226,-0.3250003,-0.32826447,-0.32946658,-0.3253591,-0.26184985,-0.31223327,-0.29681087,-0.32581395,-0.3232155,-0.26755807,-0.320776,-0.32854122,-0.32219088,-0.32445285,-0.23875734,-0.32284898,-0.32284898,-0.3222295,-0.32026312,-0.24718808,-0.32432246,-0.3291557,-0.32735217,-0.3328914,-0.2443454,-0.30590335,-0.3233376,-0.29767188,-0.31700695,-0.2851582,-0.31692833,-0.3300196,-0.310298,-0.32284975,-0.24634947,-0.3184047,-0.32472157,-0.32061288,-0.2973776,-0.20411447,-0.26286402,-0.29172873,-0.3245364,-0.31761047,-0.256234,-0.30336148,-0.32636124,-0.32626492,-0.33133662,-0.2850096,-0.30183107,-0.27669096,-0.30985528,-0.3320185,-0.27529803,-0.3169218,-0.32839137,-0.32174098,-0.3012365,-0.19459927,-0.19459927,-0.32411462,-0.30701396,-0.32406634,-0.20658675,-0.20658675,-0.33048365,-0.32690454,-0.32082474,-0.20655881,-0.3061561,-0.31738687,-0.33007872,-0.33506903
k__Bacteria|p__Firmicutes|c__Clostridia|o__Clostridiales|f__Veillonellaceae|g__Dialister|s__invisus,-0.28271136,-0.3190199,-0.32328734,-0.31718764,-0.32351503,-0.2932219,-0.3258366,-0.3298632,-0.33075604,-0.32346058,-0.19440371,-0.3120782,-0.31133458,-0.31570548,-0.32353157,-0.30519226,-0.32635015,-0.32960516,-0.32946658,-0.3265865,-0.26184985,-0.31223327,-0.29681087,-0.32593685,-0.32346687,-0.26755807,-0.3190045,-0.32854122,-0.32414305,-0.32445285,-0.23875734,-0.32284898,-0.32284898,-0.3225835,-0.32120895,-0.24718808,-0.32432246,-0.3291557,-0.3294121,-0.3328914,-0.2443454,-0.30590335,-0.3233376,-0.29767188,-0.31726465,-0.2851582,-0.31692833,-0.33057603,-0.310298,-0.32328606,-0.24634947,-0.31618226,-0.3243901,-0.32260576,-0.29925853,-0.20411447,-0.26286402,-0.29172873,-0.32512134,-0.3192972,-0.256234,-0.30353817,-0.32636124,-0.32782415,-0.33133662,-0.2850096,-0.30183107,-0.27669096,-0.30985528,-0.3320185,-0.2749237,-0.31640372,-0.3280387,-0.32315004,-0.3016008,-0.19459927,-0.19459927,-0.32411462,-0.30701396,-0.32542816,-0.20658675,-0.20658675,-0.33048365,-0.32690454,-0.32259053,-0.20655881,-0.30542916,-0.31763667,-0.33007872,-0.33506903
k__Bacteria|p__Firmicutes|c__Clostridia|o__Clostridiales|f__Veillonellaceae|g__Phascolarctobacterium|s__unclassified,-0.28271136,-0.31953385,-0.32328734,-0.31718764,-0.32189763,-0.2932219,-0.3258366,-0.32932025,-0.33075604,-0.32251585,-0.19440371,-0.31376427,-0.31133458,-0.31570548,-0.32166052,-0.30519226,-0.32474262,-0.3283,-0.32946658,-0.32501817,-0.26184985,-0.31223327,-0.29681087,-0.3247111,-0.322931,-0.26755807,-0.32047904,-0.32854122,-0.3219521,-0.32445285,-0.23875734,-0.32284898,-0.32284898,-0.32244056,-0.31929222,-0.24718808,-0.32432246,-0.3291557,-0.32689357,-0.3328914,-0.2443454,-0.30590335,-0.3233376,-0.29767188,-0.31707945,-0.2851582,-0.31692833,-0.3305934,-0.310298,-0.32287437,-0.24634947,-0.3176338,-0.32455638,-0.32087952,-0.2974645,-0.20411447,-0.26286402,-0.29172873,-0.3238443,-0.31677812,-0.256234,-0.30354106,-0.32636124,-0.32546413,-0.33133662,-0.2850096,-0.30183107,-0.27669096,-0.30985528,-0.3320185,-0.27391925,-0.31676498,-0.32810372,-0.32157558,-0.30112016,-0.19459927,-0.19459927,-0.32411462,-0.30701396,-0.32410166,-0.20658675,-0.20658675,-0.33048365,-0.32690454,-0.3198646,-0.20655881,-0.3054333,-0.316895,-0.33007872,-0.33506903
k__Bacteria|p__Firmicutes|c__Bacilli|o__Lactobacillales|f__Lactobacillaceae|g__Pediococcus|s__unclassified,-0.28271136,-0.32015896,-0.32328734,-0.31718764,-0.32351866,-0.2932219,-0.3258366,-0.33022052,-0.33075604,-0.32419446,-0.19440371,-0.31391662,-0.31133458,-0.31570548,-0.32339948,-0.30519226,-0.326552,-0.32980126,-0.32946658,-0.32713652,-0.26184985,-0.31223327,-0.29681087,-0.32657835,-0.32424235,-0.26755807,-0.32061675,-0.32854122,-0.32395267,-0.32445285,-0.23875734,-0.32284898,-0.32284898,-0.32343265,-0.32148427,-0.24718808,-0.32432246,-0.3291557,-0.32905838,-0.3328914,-0.2443454,-0.30590335,-0.3233376,-0.29767188,-0.31814978,-0.2851582,-0.31692833,-0.3309106,-0.310298,-0.32409954,-0.24634947,-0.31802705,-0.32534054,-0.32300684,-0.2996,-0.20411447,-0.26286402,-0.29172873,-0.32587337,-0.31933823,-0.256234,-0.30442828,-0.32636124,-0.32788017,-0.33133662,-0.2850096,-0.30183107,-0.27669096,-0.30985528,-0.3320185,-0.27545533,-0.31739283,-0.32915565,-0.32380015,-0.30256164,-0.19459927,-0.19459927,-0.32411462,-0.30701396,-0.32564488,-0.20658675,-0.20658675,-0.33048365,-0.32690454,-0.3223937,-0.20655881,-0.3062703,-0.31797355,-0.33007872,-0.33506903
k__Bacteria|p__Firmicutes|c__Bacilli|o__Lactobacillales|f__Enterococcaceae|g__unclassified|s__unclassified,-0.28271136,-0.318678,-0.32328734,-0.31718764,-0.3229116,-0.2932219,-0.3258366,-0.32917744,-0.33075604,-0.32305437,-0.19440371,-0.3125778,-0.31133458,-0.31570548,-0.32288954,-0.30519226,-0.32581514,-0.3284754,-0.32946658,-0.32639778,-0.26184985,-0.31223327,-0.29681087,-0.32498717,-0.32325816,-0.26755807,-0.31929785,-0.32854122,-0.32302213,-0.32445285,-0.23875734,-0.32284898,-0.32284898,-0.3218484,-0.3205197,-0.24718808,-0.32432246,-0.3291557,-0.32783282,-0.3328914,-0.2443454,-0.30590335,-0.3233376,-0.29767188,-0.31790388,-0.2851582,-0.31692833,-0.3299349,-0.310298,-0.32320243,-0.24634947,-0.31638765,-0.3240289,-0.3215391,-0.29882312,-0.20411447,-0.26286402,-0.29172873,-0.32388812,-0.3184194,-0.256234,-0.30317146,-0.32636124,-0.3269167,-0.33133662,-0.2850096,-0.30183107,-0.27669096,-0.30985528,-0.3320185,-0.27478993,-0.31641185,-0.32795608,-0.32257563,-0.30171025,-0.19459927,-0.19459927,-0.32411462,-0.30701396,-0.32518697,-0.20658675,-0.20658675,-0.33048365,-0.32690454,-0.32183528,-0.20655881,-0.3045644,-0.31704867,-0.33007872,-0.33506903
k__Bacteria|p__Firmicutes|c__Erysipelotrichi|o__Erysipelotrichales|f__[Coprobacillaceae]|g__Catenibacterium|s__unclassified,-0.28271136,-0.3196246,-0.32328734,-0.31718764,-0.3227966,-0.2932219,-0.3258366,-0.32939976,-0.33075604,-0.3231284,-0.19440371,-0.313064,-0.31133458,-0.31570548,-0.32249483,-0.30519226,-0.3257618,-0.32932222,-0.32946658,-0.32570273,-0.26184985,-0.31223327,-0.29681087,-0.3255703,-0.3230031,-0.26755807,-0.31999964,-0.32854122,-0.32299247,-0.32445285,-0.23875734,-0.32284898,-0.32284898,-0.32257533,-0.32025367,-0.24718808,-0.32432246,-0.3291557,-0.3281272,-0.3328914,-0.2443454,-0.30590335,-0.3233376,-0.29767188,-0.31686297,-0.2851582,-0.31692833,-0.330265,-0.310298,-0.32284236,-0.24634947,-0.3175243,-0.3245477,-0.32233846,-0.29868665,-0.20411447,-0.26286402,-0.29172873,-0.32491058,-0.3183425,-0.256234,-0.30395168,-0.32636124,-0.3268624,-0.33133662,-0.2850096,-0.30183107,-0.27669096,-0.30985528,-0.3320185,-0.2749843,-0.31660533,-0.32819673,-0.32278106,-0.301592,-0.19459927,-0.19459927,-0.32411462,-0.30701396,-0.3246231,-0.20658675,-0.20658675,-0.33048365,-0.32690454,-0.3217153,-0.20655881,-0.30590773,-0.31712228,-0.33007872,-0.33506903
k__Bacteria|p__Firmicutes|c__Clostridia|o__Coriobacteriales|f__Coriobacteriaceae|g__Collinsella|s__aerofaciens,-0.28271136,-0.31999627,-0.32328734,-0.31718764,-0.3234467,-0.2932219,-0.3258366,-0.32986116,-0.33075604,-0.32395464,-0.19440371,-0.31358257,-0.31133458,-0.31570548,-0.32326186,-0.30519226,-0.32655483,-0.3298334,-0.32946658,-0.32666567,-0.26184985,-0.31223327,-0.29681087,-0.3266013,-0.3237807,-0.26755807,-0.32014614,-0.32854122,-0.32366362,-0.32445285,-0.23875734,-0.32284898,-0.32284898,-0.3228941,-0.32123554,-0.24718808,-0.32432246,-0.3291557,-0.32901454,-0.3328914,-0.2443454,-0.30590335,-0.3233376,-0.29767188,-0.31767458,-0.2851582,-0.31692833,-0.33057332,-0.310298,-0.3236973,-0.24634947,-0.31784275,-0.32505518,-0.32299733,-0.29950702,-0.20411447,-0.26286402,-0.29172873,-0.32582438,-0.3193716,-0.256234,-0.3042963,-0.32636124,-0.32783163,-0.33133662,-0.2850096,-0.30183107,-0.27669096,-0.30985528,-0.3320185,-0.27570295,-0.31722558,-0.32877436,-0.3236982,-0.3022385,-0.19459927,-0.19459927,-0.32411462,-0.30701396,-0.32545072,-0.20658675,-0.20658675,-0.33048365,-0.32690454,-0.32264265,-0.20655881,-0.30635858,-0.31760305,-0.33007872,-0.33506903
k__Bacteria|p__Firmicutes|c__Clostridia|o__Clostridiales|f__Ruminococcaceae|g__Ruminococcus|s__bromii,-0.28271136,-0.3200044,-0.32328734,-0.31718764,-0.3224839,-0.2932219,-0.3258366,-0.3291164,-0.33075604,-0.3231706,-0.19440371,-0.31353435,-0.31133458,-0.31570548,-0.32243776,-0.30519226,-0.32573885,-0.3287453,-0.32946658,-0.32589066,-0.26184985,-0.31223327,-0.29681087,-0.3257694,-0.3231977,-0.26755807,-0.3202446,-0.32854122,-0.32252875,-0.32445285,-0.23875734,-0.32284898,-0.32284898,-0.32200485,-0.32065886,-0.24718808,-0.32432246,-0.3291557,-0.32780907,-0.3328914,-0.2443454,-0.30590335,-0.3233376,-0.29767188,-0.3171165,-0.2851582,0.95677024,-0.3297011,-0.310298,-0.32305074,-0.24634947,-0.31783766,-0.32451862,-0.3218587,-0.2987656,-0.20411447,-0.26286402,-0.29172873,-0.32497504,-0.31863934,-0.256234,-0.30374897,-0.32636124,-0.32663667,-0.33133662,-0.2850096,-0.30183107,-0.27669096,-0.30985528,-0.3320185,-0.27512014,-0.31719828,-0.32808,-0.32263356,-0.30191624,-0.19459927,-0.19459927,-0.32411462,-0.30701396,-0.32451916,-0.20658675,-0.20658675,-0.33048365,-0.32690454,-0.32171103,-0.20655881,-0.30625653,-0.3170399,-0.33007872,-0.33506903
k__Bacteria|p__Firmicutes|c__Bacilli|o__Lactobacillales|f__Lactobacillaceae|g__Lactobacillus|s__zeae,1.3028643,-0.31402245,0.8428471,-0.31718764,-0.32256812,1.1805775,-0.3258366,-0.326573,-0.33075604,-0.32435977,-0.19440371,-0.30947846,-0.31133458,-0.31570548,-0.3230802,1.0236933,-0.32360715,-0.32673186,-0.32946658,-0.32811034,-0.26184985,-0.31223327,-0.29681087,-0.32541716,-0.32364622,-0.26755807,-0.31526867,-0.32854122,-0.3233812,-0.32445285,-0.23875734,0.85876685,0.85876685,-0.320753,-0.32273448,1.6314491,-0.32432246,-0.3291557,-0.32742965,-0.3328914,-0.2443454,-0.30590335,-0.3233376,-0.29767188,-0.31864703,-0.2851582,-0.31692833,-0.32748014,-0.310298,-0.32381147,1.6345367,-0.31331703,-0.32302037,-0.3234945,-0.30130225,1.9704756,1.4967061,-0.29172873,-0.3242778,-0.32111698,1.5942063,-0.3000013,-0.32636124,-0.3277167,-0.33133662,1.2162913,-0.30183107,-0.27669096,-0.30985528,-0.3320185,-0.27147114,-0.3140954,-0.32632536,-0.3245513,-0.3035346,-0.19459927,-0.19459927,-0.32411462,-0.30701396,-0.3258872,-0.20658675,-0.20658675,-0.33048365,-0.32690454,-0.3229632,-0.20655881,-0.30337018,-0.31631854,-0.33007872,-0.33506903
k__Bacteria|p__Firmicutes|c__Bacilli|o__Gemellales|f__Gemellaceae|g__unclassified|s__unclassified,-0.28271136,-0.31920153,-0.32328734,-0.31718764,-0.32343593,-0.2932219,-0.3258366,-0.32981458,-0.33075604,-0.32383212,-0.19440371,-0.31300157,-0.31133458,-0.31570548,-0.3234207,-0.30519226,-0.32641077,-0.32940114,-0.32946658,-0.32700127,-0.26184985,-0.31223327,-0.29681087,-0.3260461,-0.32388768,1.4101083,-0.31975117,-0.32854122,-0.32369936,-0.32445285,-0.23875734,-0.32284898,-0.32284898,-0.32261875,-0.32124725,-0.24718808,-0.32432246,-0.3291557,-0.32873845,-0.3328914,-0.2443454,-0.30590335,-0.3233376,-0.29767188,-0.31804073,-0.2851582,-0.31692833,-0.3306421,-0.310298,-0.32377636,-0.24634947,-0.31705213,-0.32480192,-0.3225523,-0.2994661,-0.20411447,1.4667585,-0.29172873,-0.3251161,-0.31923568,-0.256234,-0.30346572,-0.32636124,-0.32773623,-0.33133662,-0.2850096,-0.30183107,-0.27669096,-0.30985528,-0.3320185,-0.2751119,-0.31688076,-0.32860518,-0.32344973,-0.30231735,-0.19459927,-0.19459927,-0.32411462,-0.30701396,-0.32570377,-0.20658675,-0.20658675,-0.33048365,-0.32690454,-0.32250386,-0.20655881,-0.3053034,-0.31753993,-0.33007872,-0.33506903
k__Bacteria|p__Firmicutes|c__Clostridia|o__Clostridiales|f__Veillonellaceae|g__Veillonella|s__unclassified,-0.28271136,-0.3191166,-0.32328734,-0.31718764,-0.3234959,1.9142796,1.0593824,-0.3302855,-0.33075604,-0.323911,-0.19440371,-0.31281468,-0.31133458,-0.31570548,-0.32353252,-0.30519226,-0.32672518,-0.3297451,-0.32946658,-0.32734925,-0.26184985,-0.31223327,-0.29681087,-0.3263419,-0.32418883,-0.26755807,-0.31988215,-0.32854122,-0.32400095,-0.32445285,-0.23875734,-0.32284898,-0.32284898,-0.32297587,-0.3211705,-0.24718808,-0.32432246,-0.3291557,-0.32911527,-0.3328914,-0.2443454,-0.30590335,-0.3233376,-0.29767188,-0.3178848,-0.2851582,-0.31692833,-0.33117658,-0.310298,-0.3238958,-0.24634947,-0.3169999,-0.3250351,-0.32260406,-0.29924244,-0.20411447,-0.26286402,-0.29172873,-0.32557204,-0.31901088,-0.256234,-0.3029798,-0.32636124,-0.32798082,-0.33133662,-0.2850096,-0.30183107,-0.27669096,-0.30985528,-0.3320185,-0.27464974,-0.3166476,-0.32906476,-0.3235554,-0.30223328,-0.19459927,-0.19459927,0.77508855,-0.30701396,-0.3259444,2.2369106,2.2369106,-0.33048365,-0.32690454,-0.3224335,-0.20655881,-0.30471963,-0.31754875,-0.33007872,-0.33506903
k__Bacteria|p__Firmicutes|c__Bacilli|o__Lactobacillales|f__Lactobacillaceae|g__Lactobacillus|s__unclassified,1.2975441,-0.31703627,0.8327815,-0.31718764,-0.32031262,1.1705811,-0.3258366,-0.32642466,-0.33075604,-0.3216184,-0.19440371,-0.3114432,-0.31133458,-0.31570548,-0.32021362,1.022256,-0.32250983,-0.3259184,-0.32946658,-0.3242718,-0.26184985,-0.31223327,1.1125408,-0.32335222,-0.321504,-0.26755807,-0.31755096,-0.32854122,-0.32095364,-0.32445285,-0.23875734,-0.32284898,-0.32284898,-0.3208293,-0.31915614,-0.24718808,-0.32432246,-0.3291557,-0.32545286,-0.3328914,-0.2443454,-0.30590335,-0.3233376,-0.29767188,-0.31591928,-0.2851582,-0.31692833,-0.32710737,-0.310298,-0.3214984,-0.24634947,-0.31520018,-0.32229733,-0.3204837,-0.29757667,-0.20411447,-0.26286402,-0.29172873,-0.3227473,-0.31691727,-0.256234,-0.30259618,-0.32636124,-0.3244847,-0.33133662,1.2152828,-0.30183107,-0.27669096,-0.30985528,-0.3320185,-0.27251276,-0.31456482,-0.32576546,-0.3211953,-0.30046594,-0.19459927,-0.19459927,-0.32411462,-0.30701396,-0.32240325,-0.20658675,-0.20658675,0.64269346,0.3670686,-0.3191064,-0.20655881,-0.3044986,-0.31543118,-0.33007872,-0.33506903
k__Bacteria|p__Firmicutes|c__Clostridia|o__Coriobacteriales|f__Coriobacteriaceae|g__Slackia|s__unclassified,-0.28271136,-0.3205764,-0.32328734,-0.31718764,-0.32041186,-0.2932219,-0.3258366,-0.32843262,-0.33075604,-0.3216324,-0.19440371,-0.31645113,-0.31133458,-0.31570548,-0.3198007,-0.30519226,-0.32414597,-0.32816288,-0.32946658,-0.32359385,-0.26184985,-0.31223327,-0.29681087,-0.3263328,-0.32155472,-0.26755807,-0.32165676,-0.32854122,-0.32053125,-0.32445285,-0.23875734,-0.32284898,-0.32284898,-0.32227623,-0.31812453,-0.24718808,-0.32432246,-0.3291557,-0.32634538,-0.3328914,-0.2443454,-0.30590335,-0.3233376,-0.29767188,-0.31578988,-0.2851582,-0.31692833,-0.3286831,-0.310298,-0.32176572,-0.24634947,-0.3204559,-0.3247487,-0.3207518,-0.296178,-0.20411447,-0.26286402,-0.29172873,-0.3253316,-0.31591612,-0.256234,-0.30408055,-0.32636124,-0.32536146,-0.33133662,-0.2850096,-0.30183107,-0.27669096,-0.30985528,-0.3320185,-0.2751574,-0.3170186,-0.32832116,-0.32156706,-0.3000775,-0.19459927,-0.19459927,-0.32411462,-0.30701396,-0.32226378,-0.20658675,-0.20658675,-0.33048365,-0.32690454,-0.31833327,-0.20655881,-0.30748883,-0.31572628,-0.33007872,-0.33506903
k__Bacteria|p__Firmicutes|c__Clostridia|o__Clostridiales|f__Lachnospiraceae|g__Blautia|s__producta,-0.28271136,-0.3174,-0.32328734,0.87802094,-0.32254323,-0.2932219,-0.3258366,-0.32820144,-0.33075604,-0.32251018,-0.19440371,-0.31044364,0.94302964,0.8660621,-0.32277012,-0.30519226,-0.32512277,-0.32787806,-0.32946658,-0.32550412,-0.26184985,-0.31223327,-0.29681087,-0.3245679,-0.32254317,-0.26755807,-0.31731972,0.71832246,-0.32234895,0.73050797,-0.23875734,-0.32284898,-0.32284898,-0.32031226,-0.32044223,-0.24718808,-0.32432246,-0.3291557,-0.32757592,-0.3328914,-0.2443454,-0.30590335,0.777005,-0.29767188,-0.31660235,-0.2851582,-0.31692833,-0.32951578,-0.310298,-0.32243872,-0.24634947,-0.31463727,-0.32319757,-0.32103992,-0.29850286,-0.20411447,-0.26286402,-0.29172873,-0.32328415,-0.31867477,-0.256234,-0.30142868,-0.32636124,-0.32637882,-0.33133662,-0.2850096,-0.30183107,-0.27669096,-0.30985528,-0.3320185,-0.27391273,-0.31562272,-0.3264862,-0.3218789,-0.30109662,-0.19459927,-0.19459927,-0.32411462,0.96581656,-0.32474124,-0.20658675,-0.20658675,0.64282036,-0.32690454,-0.32210717,-0.20655881,-0.30398327,-0.3162834,-0.33007872,-0.33506903
k__Bacteria|p__Firmicutes|c__Bacilli|o__Lactobacillales|f__Streptococcaceae|g__unclassified|s__unclassified,-0.28271136,-0.31863704,-0.32328734,-0.31718764,-0.32277328,-0.2932219,-0.3258366,-0.3288104,-0.33075604,-0.32299873,-0.19440371,-0.31281072,-0.31133458,0.86167157,-0.32271022,-0.30519226,-0.32591945,-0.32866323,0.71344966,-0.3261208,-0.26184985,-0.31223327,-0.29681087,-0.3255226,-0.32300663,-0.26755807,-0.3192306,0.7146748,-0.3229425,-0.32445285,-0.23875734,-0.32284898,-0.32284898,-0.32177922,-0.32045132,-0.24718808,-0.32432246,-0.3291557,-0.32788405,-0.3328914,-0.2443454,-0.30590335,-0.3233376,-0.29767188,-0.31732786,-0.2851582,-0.31692833,-0.32946765,-0.310298,-0.3228137,-0.24634947,-0.3169358,-0.32404542,-0.3219769,-0.298909,-0.20411447,-0.26286402,-0.29172873,-0.32462835,-0.31875995,-0.256234,-0.30354264,-0.32636124,-0.3271273,-0.33133662,-0.2850096,-0.30183107,-0.27669096,-0.30985528,-0.3320185,-0.27529255,-0.31645006,-0.3277831,-0.32287624,-0.30156034,-0.19459927,-0.19459927,-0.32411462,-0.30701396,-0.3249048,-0.20658675,-0.20658675,-0.33048365,-0.32690454,-0.32202062,-0.20655881,-0.30537373,-0.31691784,-0.33007872,-0.33506903
k__Bacteria|p__Firmicutes|c__Clostridia|o__Clostridiales|f__Veillonellaceae|g__Selenomonas|s__unclassified,-0.28271136,-0.31746876,-0.32328734,-0.31718764,-0.32474723,-0.2932219,-0.3258366,-0.329893,-0.33075604,-0.32447004,-0.19440371,-0.31122357,-0.31133458,-0.31570548,-0.32469624,-0.30519226,-0.32718408,-0.33046454,-0.32946658,-0.32745004,-0.26184985,-0.31223327,-0.29681087,-0.32620743,-0.32376266,-0.26755807,-0.31772453,0.71540534,-0.324604,-0.32445285,-0.23875734,-0.32284898,-0.32284898,-0.32187515,-0.3219162,-0.24718808,-0.32432246,-0.3291557,-0.32986706,-0.3328914,-0.2443454,-0.30590335,-0.3233376,1.0602932,-0.3184461,-0.2851582,-0.31692833,-0.3312065,-0.310298,-0.3240264,-0.24634947,-0.31524542,-0.32456708,-0.32380506,-0.3008354,-0.20411447,-0.26286402,-0.29172873,-0.3248587,-0.32079336,-0.256234,-0.302553,-0.32636124,-0.32905465,-0.33133662,-0.2850096,-0.30183107,-0.27669096,-0.30985528,-0.3320185,-0.27532548,-0.31651402,-0.32794762,-0.32434955,-0.30263367,-0.19459927,-0.19459927,-0.32411462,-0.30701396,-0.32713288,-0.20658675,-0.20658675,-0.33048365,-0.32690454,-0.32453024,-0.20655881,-0.3046043,-0.31758907,-0.33007872,-0.33506903
k__Bacteria|p__Firmicutes|c__Clostridia|o__Clostridiales|f__Veillonellaceae|g__Megamonas|s__unclassified,-0.28271136,-0.31856352,-0.32328734,-0.31718764,-0.3222547,-0.2932219,-0.3258366,-0.32868028,-0.33075604,-0.32271713,-0.19440371,-0.312222,-0.31133458,-0.31570548,-0.3220268,-0.30519226,-0.32517016,-0.32858652,-0.32946658,-0.32541025,-0.26184985,-0.31223327,-0.29681087,-0.3250763,-0.32251257,-0.26755807,-0.31877404,-0.32854122,-0.32254103,-0.32445285,-0.23875734,-0.32284898,-0.32284898,-0.3218572,-0.3199162,-0.24718808,-0.32432246,-0.3291557,-0.32777035,-0.3328914,-0.2443454,-0.30590335,-0.3233376,-0.29767188,-0.31658068,-0.2851582,-0.31692833,-0.3295193,-0.310298,-0.32251814,-0.24634947,-0.3162865,-0.32375094,-0.32175186,-0.29833984,-0.20411447,-0.26286402,-0.29172873,-0.3242716,-0.31797224,-0.256234,-0.3031138,-0.32636124,-0.32655573,-0.33133662,-0.2850096,-0.30183107,-0.27669096,-0.30985528,-0.3320185,-0.27443922,-0.31581724,-0.3274832,-0.32241517,-0.30101603,-0.19459927,-0.19459927,-0.32411462,-0.30701396,-0.32423753,-0.20658675,-0.20658675,0.979612,0.41738212,-0.32121533,-0.20655881,-0.304842,-0.31640342,-0.33007872,-0.33506903
k__Bacteria|p__Firmicutes|c__Clostridia|o__Clostridiales|f__Lachnospiraceae|g__Anaerostipes|s__unclassified,-0.28271136,-0.3191196,-0.32328734,-0.31718764,-0.32207972,-0.2932219,-0.3258366,-0.3284546,-0.33075604,-0.32248875,-0.19440371,-0.3129886,-0.31133458,-0.31570548,-0.32204965,-0.30519226,-0.32555622,-0.32826445,0.71792823,-0.3254878,-0.26184985,-0.31223327,-0.29681087,-0.32546335,-0.32263798,-0.26755807,-0.3195584,-0.32854122,-0.32232347,-0.32445285,-0.23875734,-0.32284898,-0.32284898,-0.32156008,-0.3199733,-0.24718808,-0.32432246,-0.3291557,-0.32743454,0.605714,-0.2443454,-0.30590335,-0.3233376,-0.29767188,-0.31650934,-0.2851582,-0.31692833,-0.3289965,-0.310298,-0.32228923,-0.24634947,-0.3173166,-0.32385966,-0.3214696,-0.29818225,-0.20411447,-0.26286402,-0.29172873,-0.32479057,-0.3181572,-0.256234,-0.3035288,-0.32636124,-0.3264269,-0.33133662,-0.2850096,-0.30183107,-0.27669096,-0.30985528,-0.3320185,-0.27511084,-0.3163491,-0.32759857,-0.3223297,-0.30107725,-0.19459927,-0.19459927,-0.32411462,-0.30701396,-0.32412258,-0.20658675,-0.20658675,-0.33048365,-0.32690454,-0.3214178,-0.20655881,-0.3057003,-0.31651017,-0.33007872,-0.33506903
k__Bacteria|p__Firmicutes|c__Clostridia|o__Clostridiales|f__Clostridiaceae|g__unclassified|s__unclassified,1.3053582,-0.30214345,-0.32328734,-0.31718764,-0.31402087,-0.2932219,0.7905633,-0.32666498,-0.33075604,-0.32350266,2.1539493,-0.29159617,-0.31133458,-0.31570548,-0.31372952,-0.30519226,-0.31467682,-0.3260181,-0.32946658,-0.3302989,-0.26184985,-0.31223327,-0.29681087,-0.32446358,-0.32109597,1.4124886,-0.30401796,0.7165003,-0.31930292,-0.32445285,1.7977549,0.8599223,0.8599223,-0.32079086,-0.31783825,-0.24718808,-0.32432246,-0.3291557,-0.3280071,-0.3328914,1.7459779,1.0146612,-0.3233376,-0.29767188,-0.30812222,1.2022742,-0.31692833,-0.3269848,-0.310298,-0.32200664,-0.24634947,-0.29973775,-0.3198198,-0.32208934,-0.29463896,-0.20411447,-0.26286402,-0.29172873,-0.3243903,-0.3110499,-0.256234,-0.27254426,-0.32636124,-0.32739472,-0.33133662,-0.2850096,-0.30183107,-0.27669096,-0.30985528,-0.3320185,-0.24508993,-0.29658502,-0.3292941,-0.32397693,-0.30068636,2.1372232,2.1372232,-0.32411462,-0.30701396,-0.32037622,1.9910626,1.9910626,-0.33048365,-0.32690454,-0.31114388,-0.20655881,-0.2761358,-0.30362898,-0.33007872,-0.33506903
k__Bacteria|p__Firmicutes|c__Clostridia|o__Clostridiales|f__Lachnospiraceae|g__Lachnobacterium|s__unclassified,-0.28271136,-0.31923604,-0.32328734,-0.31718764,-0.32253784,-0.2932219,-0.3258366,-0.32884046,-0.33075604,-0.32274958,-0.19440371,-0.31310755,-0.31133458,-0.31570548,-0.32237965,-0.30519226,-0.32614195,-0.32876968,-0.32946658,-0.32587045,-0.26184985,-0.31223327,-0.29681087,-0.32577664,-0.3228904,-0.26755807,-0.31965578,-0.32854122,-0.32277143,-0.32445285,-0.23875734,-0.32284898,-0.32284898,-0.3220359,-0.31997627,-0.24718808,-0.32432246,-0.3291557,-0.32786644,-0.3328914,-0.2443454,-0.30590335,-0.3233376,-0.29767188,-0.31675687,-0.2851582,-0.31692833,-0.32938197,-0.310298,-0.32248738,-0.24634947,-0.31747973,-0.32402402,-0.32175872,-0.29837456,-0.20411447,-0.26286402,-0.29172873,-0.32503504,-0.31818432,-0.256234,-0.30396548,-0.32636124,-0.32710648,0.5932025,-0.2850096,-0.30183107,-0.27669096,-0.30985528,0.62899715,-0.2757932,-0.31624165,-0.3281739,-0.32282445,-0.30112326,-0.19459927,-0.19459927,-0.32411462,-0.30701396,-0.32443774,-0.20658675,-0.20658675,-0.33048365,-0.32690454,-0.32174388,-0.20655881,-0.30525905,-0.31662294,-0.33007872,-0.33506903
k__Bacteria|p__Firmicutes|c__Erysipelotrichi|o__Erysipelotrichales|f__[Coprobacillaceae]|g__Coprobacillus|s__unclassified,-0.28271136,-0.31849092,-0.32328734,0.87326205,-0.32307297,-0.2932219,-0.3258366,-0.3289181,-0.33075604,-0.32318535,-0.19440371,-0.31234425,0.9373535,0.8708299,-0.32281345,-0.30519226,-0.32617795,-0.3292003,-0.32946658,-0.32621455,-0.26184985,-0.31223327,-0.29681087,-0.3255113,-0.3227338,-0.26755807,-0.31885666,-0.32854122,-0.32306725,-0.32445285,-0.23875734,-0.32284898,-0.32284898,-0.32164958,-0.3204882,-0.24718808,-0.32432246,-0.3291557,-0.32821238,-0.3328914,-0.2443454,-0.30590335,-0.3233376,-0.29767188,-0.3172601,-0.2851582,-0.31692833,-0.32931226,-0.310298,-0.32272914,-0.24634947,-0.3166626,-0.32386997,-0.32240182,-0.29931712,-0.20411447,-0.26286402,-0.29172873,-0.3244586,-0.31900215,-0.256234,-0.30332845,-0.32636124,-0.3277018,-0.33133662,-0.2850096,-0.30183107,-0.27669096,-0.30985528,-0.3320185,-0.27564517,-0.3161931,-0.32784337,-0.32323235,-0.30170304,-0.19459927,-0.19459927,-0.32411462,-0.30701396,-0.32499498,-0.20658675,-0.20658675,0.6482633,-0.32690454,-0.32254368,-0.20655881,-0.30478227,-0.31667435,-0.33007872,-0.33506903
k__Bacteria|p__Firmicutes|c__Clostridia|o__Clostridiales|f__Veillonellaceae|g__Veillonella|s__parvula,1.7370608,-0.12857617,-0.32328734,0.94348454,-0.14147855,1.168381,-0.3258366,-0.13629702,-0.33075604,-0.16512254,-0.19440371,-0.13882905,0.93757236,0.86207145,-0.14014575,-0.30519226,-0.12125215,-0.13709907,-0.32946658,-0.1633485,1.4512825,0.9354737,1.2101374,-0.15252772,-0.1565007,1.4148632,-0.1306368,-0.32854122,-0.152778,-0.32445285,-0.23875734,0.8821903,0.8821903,-0.16199824,-0.1657846,-0.24718808,0.849815,0.66241264,-0.14690305,0.6026717,1.7694186,1.037157,0.7800336,-0.29767188,-0.158678,1.3422465,1.1499583,-0.13363837,0.9710305,-0.16186994,-0.24634947,-0.13561818,-0.14810273,-0.16780394,-0.15683937,-0.20411447,-0.26286402,-0.29172873,-0.15546578,-0.15906163,1.5826417,-0.13999012,0.67949194,-0.15200597,-0.33133662,-0.2850096,-0.30183107,-0.27669096,-0.30985528,-0.3320185,-0.09934724,-0.13070527,-0.14925572,-0.1674994,-0.15650852,2.2353902,2.2353902,0.71403587,-0.30701396,-0.14572765,-0.20658675,-0.20658675,-0.33048365,0.37856087,-0.13887711,-0.20655881,-0.14296423,-0.14722018,-0.33007872,-0.33506903
k__Bacteria|p__Firmicutes|c__Erysipelotrichi|o__Erysipelotrichales|f__Erysipelotrichaceae|g__Holdemania|s__unclassified,-0.28271136,-0.3195588,-0.32328734,-0.31718764,-0.32145962,-0.2932219,-0.3258366,-0.32858783,-0.33075604,-0.3223377,-0.19440371,-0.31257933,-0.31133458,-0.31570548,-0.321096,-0.30519226,-0.3244611,-0.32800466,-0.32946658,-0.32469898,-0.26184985,-0.31223327,-0.29681087,-0.32448632,-0.32240272,-0.26755807,-0.31958854,-0.32854122,-0.3214875,-0.32445285,-0.23875734,-0.32284898,-0.32284898,-0.32183275,-0.31924137,-0.24718808,-0.32432246,-0.3291557,-0.32678348,-0.3328914,-0.2443454,-0.30590335,0.80116546,1.0655093,-0.31606036,-0.2851582,-0.31692833,-0.32948422,-0.310298,-0.32231182,-0.24634947,-0.3169338,-0.32378417,-0.32082963,-0.29744613,-0.20411447,-0.26286402,-0.29172873,-0.32383883,-0.31678402,-0.256234,-0.30319592,-0.32636124,-0.32531518,-0.33133662,-0.2850096,-0.30183107,-0.27669096,-0.30985528,-0.3320185,-0.27390367,-0.31598246,-0.3276698,-0.32155237,-0.30083805,-0.19459927,-0.19459927,-0.32411462,-0.30701396,-0.3233227,-0.20658675,-0.20658675,-0.33048365,0.36644918,-0.32004318,-0.20655881,-0.30479202,-0.31609306,0.6203224,-0.33506903
k__Bacteria|p__Firmicutes|c__Bacilli|o__Lactobacillales|f__Streptococcaceae|g__Lactococcus|s__unclassified,-0.28271136,-0.3171454,0.7942817,-0.31718764,-0.32316637,-0.2932219,-0.3258366,-0.32877934,-0.33075604,-0.32374078,-0.19440371,-0.31075692,-0.31133458,-0.31570548,-0.32345152,-0.30519226,-0.32746565,-0.3301918,-0.32946658,-0.32641658,-0.26184985,-0.31223327,-0.29681087,-0.32547456,-0.3231905,-0.26755807,-0.3173006,-0.32854122,-0.32337058,-0.32445285,-0.23875734,-0.32284898,-0.32284898,-0.32104877,-0.3204575,-0.24718808,-0.32432246,0.65146583,-0.32872117,-0.3328914,-0.2443454,-0.30590335,-0.3233376,-0.29767188,-0.3160472,-0.2851582,-0.31692833,-0.32900965,-0.310298,-0.32240075,-0.24634947,-0.31511503,-0.32285827,-0.32282844,-0.3005516,-0.20411447,-0.26286402,-0.29172873,-0.3255986,-0.31971458,-0.256234,-0.30429608,-0.32636124,-0.32810742,-0.33133662,-0.2850096,-0.30183107,-0.27669096,-0.30985528,-0.3320185,-0.2760586,-0.3159101,-0.32703814,-0.32360762,-0.3017717,-0.19459927,-0.19459927,-0.32411462,0.96454024,-0.3256046,-0.20658675,-0.20658675,-0.33048365,-0.32690454,-0.32432908,-0.20655881,-0.30381066,-0.3166812,-0.33007872,-0.33506903
k__Bacteria|p__Firmicutes|c__Clostridia|o__Clostridiales|f__Clostridiaceae|g__Clostridium|s__unclassified,-0.28271136,-0.31370056,-0.32328734,0.81894237,-0.31664997,1.1721497,0.80186635,-0.32376158,0.6669486,-0.31598374,-0.19440371,-0.30917987,0.94194055,0.87003684,-0.31570882,-0.30519226,-0.32308492,-0.32539862,-0.32946658,-0.31869608,-0.26184985,-0.31223327,-0.29681087,-0.3211936,-0.31616426,1.5553601,-0.31555548,-0.32854122,-0.31566578,-0.32445285,-0.23875734,0.8748226,0.8748226,-0.31471318,-0.31261015,-0.24718808,0.8002947,0.64950377,-0.32181257,-0.3328914,-0.2443454,1.0339742,-0.3233376,-0.29767188,-0.3084541,-0.2851582,1.1004746,-0.32301423,0.9718637,-0.31487906,-0.24634947,-0.31485438,-0.31848535,-0.3145435,-0.29096234,-0.20411447,-0.26286402,-0.29172873,-0.32148278,-0.3117205,-0.256234,-0.29601127,0.68123853,-0.3224816,-0.33133662,-0.2850096,-0.30183107,-0.27669096,-0.30985528,-0.3320185,-0.27685905,-0.3106395,-0.32317328,-0.31627977,-0.29449266,-0.19459927,-0.19459927,0.7089929,-0.30701396,-0.31874263,2.2224176,2.2224176,-0.33048365,-0.32690454,-0.3188191,-0.20655881,-0.29868984,-0.3102991,-0.33007872,-0.33506903
k__Bacteria|p__Firmicutes|c__Bacilli|o__Turicibacterales|f__Turicibacteraceae|g__Turicibacter|s__unclassified,-0.28271136,-0.32022688,-0.32328734,-0.31718764,-0.32134998,-0.2932219,-0.3258366,-0.32887468,-0.33075604,-0.32227772,-0.19440371,-0.31369007,0.95256263,-0.31570548,-0.32109153,-0.30519226,-0.3250603,-0.3281941,-0.32946658,-0.32493073,-0.26184985,-0.31223327,-0.29681087,-0.3250091,-0.3227347,-0.26755807,-0.32065758,-0.32854122,-0.3216347,-0.32445285,-0.23875734,-0.32284898,-0.32284898,-0.32228464,-0.31909725,-0.24718808,-0.32432246,-0.3291557,-0.32685205,-0.3328914,-0.2443454,-0.30590335,-0.3233376,-0.29767188,-0.31604248,-0.2851582,-0.31692833,-0.32936457,-0.310298,-0.32229966,-0.24634947,-0.31798315,-0.32401687,-0.32066476,-0.29716125,-0.20411447,-0.26286402,-0.29172873,-0.3248,-0.31654572,-0.256234,-0.30405217,-0.32636124,-0.32533795,-0.33133662,-0.2850096,-0.30183107,-0.27669096,-0.30985528,-0.3320185,-0.27453968,-0.3163488,-0.32820526,-0.32156864,-0.3007009,-0.19459927,-0.19459927,-0.32411462,-0.30701396,-0.3234013,-0.20658675,-0.20658675,-0.33048365,0.3917366,-0.32006523,-0.20655881,-0.305401,-0.3164028,-0.33007872,-0.33506903
k__Bacteria|p__Firmicutes|c__Clostridia|o__Clostridiales|f__Veillonellaceae|g__Veillonella|s__dispar,2.1012588,0.87671727,0.99434906,1.067074,0.8185438,1.1712089,0.77353555,0.84812,-0.33075604,0.66254556,2.3259678,0.8333907,0.95514685,-0.31570548,0.82448924,1.0294223,0.9417062,0.84676087,0.71450895,0.67426515,1.4674431,1.0485972,1.4270864,0.74960124,0.71337646,1.4345903,0.8736838,1.105851,0.74379045,0.72849226,2.1366196,1.1405115,1.1405115,0.67712843,0.65791124,2.0708277,1.0503712,0.7606312,0.7833469,0.60861546,1.8086251,1.0910268,0.794202,-0.29767188,0.7118977,1.5455468,1.483774,0.86667347,0.99755865,0.6857449,-0.24634947,0.84778595,0.7749415,0.64918643,0.6086352,-0.20411447,-0.26286402,-0.29172873,0.7243155,0.7053518,1.604664,0.8044063,0.75658876,0.75445986,-0.33133662,1.2183055,1.0168926,-0.27669096,-0.30985528,-0.3320185,0.88438606,0.87925243,0.76218116,0.65015495,0.60881776,2.2327585,2.2327585,-0.32411462,-0.30701396,0.79762334,-0.20658675,-0.20658675,0.64269346,0.44849342,0.8346591,2.0334842,0.8032317,0.77685624,0.6159714,0.6162711
k__Bacteria|p__Firmicutes|c__Clostridia|o__Coriobacteriales|f__Coriobacteriaceae|g__unclassified|s__unclassified,-0.28271136,-0.31955034,-0.32328734,0.8260522,-0.3212612,-0.2932219,0.7745552,-0.328097,-0.33075604,-0.32209486,-0.19440371,-0.31299442,-0.31133458,-0.31570548,-0.3208155,-0.30519226,-0.32433537,-0.3278297,0.7371677,-0.32438383,-0.26184985,-0.31223327,-0.29681087,-0.32464218,-0.32195723,-0.26755807,-0.3196335,-0.32854122,-0.32125774,-0.32445285,-0.23875734,-0.32284898,-0.32284898,-0.3215707,-0.31908494,-0.24718808,-0.32432246,-0.3291557,-0.32655054,0.6062422,-0.2443454,-0.30590335,-0.3233376,-0.29767188,-0.31592202,-0.2851582,-0.31692833,-0.328783,-0.310298,-0.32194713,-0.24634947,-0.31738,-0.3236481,-0.32097447,-0.29738224,-0.20411447,-0.26286402,-0.29172873,-0.3239568,-0.31690073,-0.256234,-0.3034568,-0.32636124,-0.32529882,-0.33133662,-0.2850096,-0.30183107,-0.27669096,-0.30985528,-0.3320185,-0.27441645,-0.315998,-0.32742593,-0.32162747,-0.30064738,-0.19459927,-0.19459927,-0.32411462,-0.30701396,-0.32302642,-0.20658675,-0.20658675,-0.33048365,-0.32690454,-0.32004967,-0.20655881,-0.30544564,-0.31586456,-0.33007872,-0.33506903
k__Bacteria|p__Firmicutes|c__Clostridia|o__Coriobacteriales|f__Coriobacteriaceae|g__Eggerthella|s__lenta,-0.28271136,-0.31765366,-0.32328734,0.83724135,-0.31558156,-0.2932219,-0.3258366,-0.32348406,-0.33075604,-0.31682485,-0.19440371,-0.31183597,-0.31133458,-0.31570548,-0.31410974,1.021228,-0.317493,-0.3226324,0.71836257,-0.3178104,-0.26184985,-0.31223327,-0.29681087,-0.32009083,-0.31629914,-0.26755807,-0.3179577,0.72086793,-0.31497455,-0.32445285,-0.23875734,-0.32284898,-0.32284898,-0.31841898,-0.31360346,1.6333438,-0.32432246,-0.3291557,-0.32051444,-0.3328914,-0.2443454,-0.30590335,-0.3233376,-0.29767188,-0.31138608,-0.2851582,0.93264526,-0.32488808,0.9732682,-0.31744814,1.6121646,-0.3158115,-0.3204996,-0.31543624,-0.29079378,-0.20411447,1.6147023,1.1810875,-0.31871453,-0.31022918,-0.256234,-0.2986815,0.6786848,-0.31898284,-0.33133662,-0.2850096,-0.30183107,-0.27669096,-0.30985528,-0.3320185,-0.2708647,-0.31175628,-0.32372606,-0.31596258,-0.29585496,-0.19459927,-0.19459927,-0.32411462,-0.30701396,-0.31649107,-0.20658675,-0.20658675,0.6433914,0.36624265,-0.3126027,-0.20655881,-0.30300555,-0.3107664,0.62050325,-0.33506903
k__Bacteria|p__Firmicutes|c__Bacilli|o__Lactobacillales|f__Carnobacteriaceae|g__Granulicatella|s__unclassified,1.2899846,-0.091630846,0.82533514,-0.31718764,-0.1333268,1.1788665,0.7955657,-0.13199875,-0.33075604,-0.21230651,-0.19440371,-0.10277178,-0.31133458,-0.31570548,-0.13085574,-0.30519226,-0.07840221,-0.13275625,0.7209647,-0.21399114,-0.26184985,-0.31223327,-0.29681087,-0.1753143,-0.18667589,1.4862529,-0.09586191,0.7201413,-0.17225993,-0.32445285,1.7644602,0.85413176,0.85413176,-0.20201744,-0.20911673,1.6362518,0.7704195,-0.3291557,-0.16359995,-0.3328914,-0.2443454,1.0211403,-0.3233376,-0.29767188,-0.17477621,1.2012839,0.9306689,-0.12476112,-0.310298,-0.20037793,-0.24634947,-0.103664264,-0.15816733,-0.21741007,-0.19656579,-0.20411447,1.5687126,1.1630398,-0.18589705,-0.1819163,1.582974,-0.09509833,0.6780116,-0.17614287,0.5865274,1.2159247,-0.30183107,-0.27669096,-0.30985528,-0.3320185,-0.012128392,-0.08736266,-0.17227912,-0.21874693,-0.20174378,2.138333,2.138333,-0.32411462,-0.30701396,-0.14981568,-0.20658675,-0.20658675,-0.33048365,-0.32690454,-0.123704985,-0.20655881,-0.101456836,-0.1408059,-0.33007872,-0.33506903
k__Bacteria|p__Firmicutes|c__Bacilli|o__Lactobacillales|f__Streptococcaceae|g__Streptococcus|s__unclassified,1.5060945,0.8178702,0.7858353,0.84463185,0.76925594,1.1712089,0.7679086,0.7966956,0.6688623,0.64101297,-0.19440371,0.7804373,0.9428119,0.8791192,0.773268,1.026971,0.876562,0.7975389,1.1506445,0.6516924,1.4603223,0.92855227,1.1127198,0.7150502,0.6832125,1.4364489,0.8163873,0.75303113,0.7070718,0.7488745,-0.23875734,0.8633806,0.8633806,0.652329,0.6348891,1.6375576,0.78164035,0.6531231,0.74200755,0.6058461,1.7586263,1.0208712,0.78069484,-0.29767188,0.6766045,1.2099644,0.93429595,0.81001985,0.97581214,0.6583465,1.6137332,0.79592,0.73392355,0.6289145,0.5887292,-0.20411447,1.4692371,1.3240253,0.69631326,0.67455566,1.5852969,0.75277966,0.6952353,0.7199904,0.5933329,-0.2850096,-0.30183107,-0.27669096,-0.30985528,-0.3320185,0.8171868,0.8180454,0.7266072,0.63139963,0.5899306,-0.19459927,-0.19459927,0.7089929,-0.30701396,0.75226355,2.2655404,2.2655404,0.6556836,0.53536385,0.7854571,1.9962859,0.74975336,0.7326398,0.61585027,0.6242058
k__Bacteria|p__Firmicutes|c__Clostridia|o__Clostridiales|f__Ruminococcaceae|g__unclassified|s__unclassified,-0.28271136,0.60255635,-0.32328734,-0.31718764,0.66143656,-0.2932219,-0.3258366,0.67887664,0.82019883,0.7897954,-0.19440371,0.5976366,0.9373535,0.8660621,0.6552956,-0.30519226,0.5787075,0.6757909,0.83851653,0.7964722,-0.26184985,-0.31223327,-0.29681087,0.7356242,0.7490655,-0.26755807,0.60583496,0.82100433,0.7233397,1.1771846,-0.23875734,0.862805,0.862805,0.7774091,0.7774864,-0.24718808,0.79204684,0.70131683,0.7224774,0.70496047,-0.2443454,-0.30590335,0.837417,1.0676401,0.7165205,-0.2851582,0.93594396,0.6697215,0.9907369,0.77212155,-0.24634947,0.6107006,0.7105118,0.795162,0.7230885,-0.20411447,-0.26286402,1.1640407,0.74965155,0.72554314,-0.256234,0.5634992,0.69284976,0.7363701,0.9128197,-0.2850096,1.1316053,1.4607452,0.88316476,0.9147518,0.39035568,0.5801116,0.7420095,0.79733396,0.74227357,-0.19459927,-0.19459927,0.97521806,0.9703415,0.6887795,-0.20658675,-0.20658675,0.65367675,0.53274393,0.6370063,-0.20655881,0.5783824,0.662556,0.6321909,0.7120114
k__Bacteria|p__Firmicutes|c__Clostridia|o__Coriobacteriales|f__Coriobacteriaceae|g__Collinsella|s__unclassified,-0.28271136,-0.31678507,-0.32328734,-0.31718764,-0.32133707,-0.2932219,-0.3258366,-0.3276506,-0.33075604,-0.32166585,-0.19440371,-0.31061137,0.99561113,0.9689146,-0.32113034,-0.30519226,-0.32341865,-0.32686347,0.9501583,-0.32449886,1.4624374,-0.31223327,-0.29681087,-0.32287502,-0.3215491,-0.26755807,-0.31725597,-0.32854122,-0.32141,-0.32445285,-0.23875734,-0.32284898,-0.32284898,-0.3204093,-0.31923443,-0.24718808,-0.32432246,-0.3291557,-0.3262323,0.6347411,-0.2443454,-0.30590335,-0.3233376,-0.29767188,-0.31642425,-0.2851582,-0.31692833,-0.32861108,-0.310298,-0.32184535,1.6483473,-0.31419042,-0.32244682,-0.31999445,-0.29747295,-0.20411447,-0.26286402,-0.29172873,-0.3216076,-0.31692818,-0.256234,-0.30104008,-0.32636124,-0.3251657,-0.33133662,-0.2850096,-0.30183107,-0.27669096,-0.30985528,-0.3320185,-0.2730834,-0.31471092,-0.32592997,-0.32078642,-0.30042505,-0.19459927,-0.19459927,-0.32411462,-0.30701396,-0.32342303,-0.20658675,-0.20658675,0.6612441,0.38243023,-0.32001907,-0.20655881,-0.3028612,-0.31566316,-0.33007872,0.5962372
k__Bacteria|p__Firmicutes|c__Clostridia|o__Clostridiales|f__Ruminococcaceae|g__Faecalibacterium|s__prausnitzii,-0.28271136,-0.22166985,-0.32328734,-0.31718764,-0.21664986,-0.2932219,-0.3258366,-0.22358137,0.68736714,-0.20075558,-0.19440371,-0.2136563,0.9456386,0.8763637,-0.21645252,-0.30519226,-0.23390403,-0.22466621,0.71910673,-0.20304191,-0.26184985,-0.31223327,-0.29681087,-0.2110516,-0.20555939,-0.26755807,-0.22206314,-0.32854122,-0.20730075,-0.32445285,-0.23875734,-0.32284898,-0.32284898,-0.19961143,-0.19777584,-0.24718808,-0.32432246,0.6621143,-0.21515283,0.8317191,-0.2443454,-0.30590335,-0.3233376,-0.29767188,-0.20144738,-0.2851582,-0.31692833,-0.22560659,0.97456694,-0.20249379,-0.24634947,-0.21834664,-0.21317215,-0.19800235,-0.18431938,-0.20411447,-0.26286402,-0.29172873,-0.20887937,-0.20263106,-0.256234,-0.20275268,0.6811043,-0.2123608,0.7068906,-0.2850096,1.0316933,1.3805553,0.88316476,0.7008599,-0.20618966,-0.22083104,-0.21408948,-0.19893754,-0.1864661,-0.19459927,-0.19459927,0.7400651,-0.30701396,-0.2162485,-0.20658675,-0.20658675,-0.33048365,0.41443366,-0.22035795,-0.20655881,-0.20444459,-0.207887,0.6353441,0.6136664
k__Bacteria|p__Firmicutes|c__Clostridia|o__Clostridiales|f__Lachnospiraceae|g__Dorea|s__unclassified,-0.28271136,-0.31073853,-0.32328734,0.9394,-0.3133909,-0.2932219,-0.3258366,-0.3197841,0.6757505,-0.31208354,-0.19440371,-0.30462804,0.99375045,0.9100827,-0.31353664,-0.30519226,-0.31820345,-0.31937194,-0.32946658,-0.3155806,-0.26184985,-0.31223327,-0.29681087,-0.31578714,-0.31299573,-0.26755807,-0.31153905,0.8061082,-0.3129385,0.7550904,-0.23875734,1.0639504,1.0639504,-0.3111993,-0.30975446,-0.24718808,-0.32432246,-0.3291557,-0.31802675,-0.3328914,-0.2443454,-0.30590335,0.9379284,1.0768642,-0.30719244,-0.2851582,-0.31692833,-0.32043672,-0.310298,-0.31224987,-0.24634947,-0.30889323,-0.31455332,-0.3108187,-0.28848273,-0.20411447,-0.26286402,-0.29172873,-0.31492275,-0.30846062,-0.256234,-0.29479024,0.7467049,-0.31693095,0.595808,-0.2850096,1.0185306,-0.27669096,-0.30985528,-0.3320185,-0.26933137,-0.30833542,-0.31815794,-0.31184232,-0.29140866,-0.19459927,-0.19459927,-0.32411462,-0.30701396,-0.31544036,-0.20658675,-0.20658675,0.65179163,-0.32690454,-0.31309834,-0.20655881,-0.2969141,-0.307548,-0.33007872,0.6414755
k__Bacteria|p__Firmicutes|c__Clostridia|o__Clostridiales|f__Ruminococcaceae|g__Ruminococcus|s__unclassified,-0.28271136,0.5500755,-0.32328734,0.8206198,0.6046231,-0.2932219,-0.3258366,0.6201068,0.6747276,0.7222232,-0.19440371,0.54583037,-0.31133458,-0.31570548,0.5990261,-0.30519226,0.5286963,0.6175778,0.7814087,0.72832566,-0.26184985,0.9760253,1.1203823,0.67262954,0.6847491,-0.26755807,0.55295134,-0.32854122,0.66145676,0.7351956,-0.23875734,-0.32284898,-0.32284898,0.7106658,0.71104383,-0.24718808,0.7731193,0.7572458,0.6605923,0.889641,-0.2443454,-0.30590335,0.8230375,1.0645725,0.6550524,1.2076045,1.309148,0.61166,-0.310298,0.705894,-0.24634947,0.5576689,0.6492328,0.72741306,0.6615027,-0.20411447,-0.26286402,1.1643533,0.68556654,0.6637193,-0.256234,0.5152479,0.681507,0.6733613,0.64864224,-0.2850096,1.0258303,1.3684645,1.1788423,0.78623056,0.3563494,0.52982444,0.6780045,0.72935045,0.67861235,-0.19459927,-0.19459927,0.8286934,0.9921121,0.6296892,-0.20658675,-0.20658675,0.6478845,0.47977296,0.5824363,-0.20655881,0.52877665,0.6055942,0.6162742,0.6945753
k__Bacteria|p__Firmicutes|c__Clostridia|o__Clostridiales|f__unclassified|g__unclassified|s__unclassified,-0.28271136,0.573701,0.85479367,0.8306259,0.62074167,1.1883183,1.0523307,0.6442479,0.7090737,0.7213893,-0.19440371,0.56203735,-0.31133458,-0.31570548,0.6156342,-0.30519226,0.5625053,0.64167744,0.7449302,0.7301172,-0.26184985,0.93680304,1.1157562,0.6837244,0.69023526,1.4224242,0.5772719,-0.32854122,0.66960466,0.75519115,-0.23875734,1.0157242,1.0157242,0.71211684,0.7076632,-0.24718808,0.7786721,0.6772164,0.67594755,0.60518557,1.607938,1.1189874,0.7952264,1.066939,0.655962,1.20267,0.939592,0.63750386,1.1170646,0.70741856,-0.24634947,0.57763517,0.66237867,0.72414064,0.6563211,-0.20411447,-0.26286402,-0.29172873,0.6949407,0.6646321,-0.256234,0.5222952,0.69059145,0.6846198,0.6086064,-0.2850096,-0.30183107,-0.27669096,0.86581326,0.76960224,0.3863867,0.5515864,0.69191617,0.7267047,0.6754554,-0.19459927,-0.19459927,0.7276616,-0.30701396,0.6447979,-0.20658675,-0.20658675,0.6700523,0.41914704,0.6006794,-0.20655881,0.5363594,0.6151295,0.73955154,0.60285
k__Bacteria|p__Firmicutes|c__Clostridia|o__Coriobacteriales|f__unclassified|g__unclassified|s__unclassified,-0.28271136,0.5528984,-0.32328734,0.85925096,0.61174786,-0.2932219,0.7915658,0.6243605,0.68157566,0.73322725,-0.19440371,0.55106974,1.0578676,0.98283154,0.6064024,-0.30519226,0.53131247,0.6219559,0.7719281,0.73937476,-0.26184985,-0.31223327,-0.29681087,0.68063843,0.69448566,-0.26755807,0.55643356,0.73170435,0.6704098,0.73955435,-0.23875734,-0.32284898,-0.32284898,0.71981704,0.72310793,-0.24718808,-0.32432246,0.6766284,0.6673273,0.65957606,-0.2443454,1.0114057,0.78088367,1.0601624,0.66588235,-0.2851582,0.96896774,0.6157223,1.0237968,0.7162246,-0.24634947,0.562307,0.6563792,0.7389611,0.67326295,-0.20411447,1.6348321,-0.29172873,0.6939727,0.6750698,-0.256234,0.5220605,0.6841875,0.6816654,0.6508612,1.2149158,1.0217987,1.3464568,0.9002203,0.73812413,0.35796472,0.5344313,0.6848484,0.7409309,0.6899264,-0.19459927,-0.19459927,0.79285544,1.0312324,0.63788223,-0.20658675,-0.20658675,0.64598846,0.383852,0.5902505,-0.20655881,0.53646326,0.61392486,0.63344145,0.7007201
k__Bacteria|p__Firmicutes|c__Erysipelotrichi|o__Erysipelotrichales|f__Erysipelotrichaceae|g__[Eubacterium]|s__dolichum,-0.28271136,0.47894335,0.79568255,0.9209997,0.52119195,1.1619099,0.8311838,0.54076576,0.66945034,0.6241524,-0.19440371,0.47169387,-0.31133458,0.86924314,0.5145494,-0.30519226,0.45903838,0.53895104,-0.32946658,0.63022196,-0.26184985,-0.31223327,-0.29681087,0.58386064,0.59098244,-0.26755807,0.4812487,0.73850715,0.57168734,-0.32445285,-0.23875734,0.8844464,0.8844464,0.6175209,0.61187744,-0.24718808,0.7770387,0.66791564,0.57439363,0.6047891,-0.2443454,1.0299813,0.8003324,1.0825576,0.5617387,-0.2851582,0.9435058,0.5308678,0.97342414,0.6093885,-0.24634947,0.4846326,0.5629531,0.6292497,0.56824327,-0.20411447,-0.26286402,-0.29172873,0.596109,0.5692967,-0.256234,0.43943614,0.6941758,0.58472615,0.5858706,-0.2850096,-0.30183107,-0.27669096,-0.30985528,-0.3320185,0.30621675,0.45575547,0.5913056,0.6309409,0.5850924,-0.19459927,-0.19459927,0.7103708,-0.30701396,0.5422429,-0.20658675,-0.20658675,-0.33048365,0.37139368,0.5003329,-0.20655881,0.45043945,0.52041066,0.6142136,-0.33506903
k__Bacteria|p__Firmicutes|c__Clostridia|o__Clostridiales|f__Lachnospiraceae|g__Roseburia|s__faecis,-0.28271136,-0.31678426,-0.32328734,-0.31718764,-0.32090253,-0.2932219,0.77353555,-0.32644105,0.67282516,-0.32080474,-0.19440371,-0.3104604,-0.31133458,-0.31570548,-0.32091275,-0.30519226,-0.32395834,-0.32613927,0.7130756,-0.32405117,-0.26184985,1.0002825,-0.29681087,-0.32299644,-0.3208675,-0.26755807,-0.3173769,0.72195685,-0.32029632,-0.32445285,-0.23875734,-0.32284898,-0.32284898,-0.3187496,-0.31844887,-0.24718808,-0.32432246,0.67751026,-0.32511258,0.60914207,-0.2443454,1.0363623,-0.3233376,-0.29767188,-0.3157095,-0.2851582,-0.31692833,-0.32747334,-0.310298,-0.32078654,-0.24634947,-0.31482583,-0.32194507,-0.31944984,-0.29691964,-0.20411447,-0.26286402,-0.29172873,-0.32168305,-0.31677705,-0.256234,-0.30061764,-0.32636124,-0.32457775,-0.33133662,-0.2850096,-0.30183107,1.3375822,-0.30985528,-0.3320185,-0.2735249,-0.31460637,-0.32563633,-0.32048306,-0.300003,-0.19459927,-0.19459927,0.7299146,-0.30701396,-0.32319447,-0.20658675,-0.20658675,0.6485157,-0.32690454,-0.3206057,-0.20655881,-0.30299467,-0.3145105,-0.33007872,-0.33506903
k__Bacteria|p__Firmicutes|c__Clostridia|o__unclassified|f__unclassified|g__unclassified|s__unclassified,-0.28271136,0.60585976,0.79917604,0.83724135,0.6621079,1.2427881,0.88004935,0.68060076,0.7816694,0.7830521,-0.19440371,0.599153,0.99602413,0.9016629,0.6563283,-0.30519226,0.585677,0.67720413,1.0428053,0.79079974,-0.26184985,0.9288995,-0.29681087,0.7316116,0.74530065,-0.26755807,0.6094128,0.74171346,0.721297,0.76566434,-0.23875734,-0.32284898,-0.32284898,0.7718272,0.7711422,-0.24718808,0.7898013,0.7431758,0.72105455,0.6408804,-0.2443454,1.0424395,0.7972719,1.0657175,0.7123263,1.3689064,1.1928929,0.67111164,1.1441567,0.7661897,-0.24634947,0.6124557,0.70802426,0.7872566,0.7168511,1.9711086,-0.26286402,-0.29172873,0.74580884,0.7213839,-0.256234,0.56584287,0.7906133,0.73385257,0.74560094,-0.2850096,1.0361449,1.3959332,0.88831204,0.66639787,0.40090778,0.583675,0.7392391,0.7897254,0.7355147,-0.19459927,-0.19459927,0.74243855,0.9837948,0.68826604,-0.20658675,-0.20658675,0.649777,0.4287018,0.6393931,-0.20655881,0.5785539,0.66261786,0.61748433,0.6196794
k__Bacteria|p__Firmicutes|c__Clostridia|o__Clostridiales|f__Lachnospiraceae|g__Lachnospira|s__unclassified,-0.28271136,0.31406698,-0.32328734,0.95160395,0.35243732,-0.2932219,-0.3258366,0.36018288,0.6957056,0.44419307,-0.19440371,0.31691366,1.0021988,-0.31570548,0.3475333,-0.30519226,0.2918836,0.35952115,0.7143221,0.44590962,-0.26184985,-0.31223327,-0.29681087,0.40451223,0.41433734,-0.26755807,0.31638935,-0.32854122,0.3964464,0.7777049,-0.23875734,1.450089,1.450089,0.43654245,0.43695688,-0.24718808,-0.32432246,0.69642764,0.392402,0.6166165,-0.2443454,-0.30590335,-0.3233376,-0.29767188,0.39552867,1.2129066,1.4277068,0.35212284,-0.310298,0.4310653,-0.24634947,0.32296792,0.38684922,0.4494064,0.4072672,-0.20411447,-0.26286402,-0.29172873,0.4158972,0.40191352,-0.256234,0.29887888,-0.32636124,0.4037404,0.64406556,1.2208631,1.1817653,1.4217573,0.88316476,0.64282554,0.18376504,0.29987645,0.40648088,0.45029914,0.41846377,-0.19459927,-0.19459927,0.7487894,0.96850574,0.37011123,-0.20658675,-0.20658675,-0.33048365,0.49278063,0.3363905,-0.20655881,0.30821776,0.35792005,-0.33007872,0.6271049
k__Bacteria|p__Firmicutes|c__Clostridia|o__Clostridiales|f__Veillonellaceae|g__unclassified|s__unclassified,-0.28271136,-0.31176728,-0.32328734,-0.31718764,-0.31067076,-0.2932219,-0.3258366,-0.31856155,-0.33075604,-0.31100172,-0.19440371,-0.30427623,-0.31133458,-0.31570548,-0.31036216,1.0367401,-0.31382483,-0.31709257,0.83045226,-0.31346497,-0.26184985,0.9655147,1.1557841,-0.31370366,-0.31161976,-0.26755807,-0.31132153,0.7309856,-0.3112133,0.7505966,-0.23875734,0.86222917,0.86222917,-0.3125804,-0.30859846,-0.24718808,0.7691845,0.6807369,-0.3162803,-0.3328914,-0.2443454,-0.30590335,-0.3233376,-0.29767188,-0.30546474,-0.2851582,-0.31692833,-0.3187049,-0.310298,-0.311354,1.6810278,-0.30832317,-0.31350455,-0.3094896,-0.2866504,-0.20411447,-0.26286402,1.163165,-0.31307113,-0.3056472,-0.256234,-0.29572433,-0.32636124,-0.31425893,-0.33133662,-0.2850096,-0.30183107,-0.27669096,0.86581326,0.6666332,-0.2660373,-0.30682772,-0.31728452,-0.3100987,-0.29020202,-0.19459927,-0.19459927,-0.32411462,1.1337224,-0.3114037,-0.20658675,-0.20658675,0.6483264,0.6345849,-0.3079328,-0.20655881,-0.29677683,-0.30667916,-0.33007872,0.7394068
k__Bacteria|p__Firmicutes|c__Clostridia|o__Clostridiales|f__Lachnospiraceae|g__[Ruminococcus]|s__unclassified,-0.28271136,0.5481376,0.79147416,0.8640769,0.6010642,-0.2932219,0.771493,0.6161324,0.7204514,0.72411287,-0.19440371,0.5460089,0.9605093,0.8846075,0.5953735,-0.30519226,0.520643,0.6124048,0.7367415,0.7289158,-0.26184985,-0.31223327,-0.29681087,0.67092496,0.68564296,-0.26755807,0.5514146,0.7349325,0.6603497,0.73432153,-0.23875734,0.86682695,0.86682695,0.71351874,0.71351373,-0.24718808,-0.32432246,-0.3291557,0.6572648,0.6325577,-0.2443454,-0.30590335,0.78192174,1.0595608,0.6568043,-0.2851582,0.9732716,0.60767186,0.99012375,0.70784235,-0.24634947,0.5561533,0.64856875,0.7289791,0.66345954,-0.20411447,-0.26286402,-0.29172873,0.68487,0.6638052,1.5816442,0.51584804,0.68298215,0.6702662,0.6334715,1.2375094,1.0172048,1.3438355,0.87799084,0.63775307,0.34989142,0.52716696,0.67665,0.730643,0.6816436,-0.19459927,-0.19459927,0.7181431,0.97779125,0.6265557,-0.20658675,-0.20658675,0.6562473,0.36789384,0.57766736,-0.20655881,0.5300714,0.60542154,0.6299837,0.6015309
k__Bacteria|p__Firmicutes|c__Clostridia|o__Clostridiales|f__Lachnospiraceae|g__unclassified|s__unclassified,1.2906168,0.8910943,1.891148,1.2173071,0.948237,1.2331026,1.17348,0.9859962,1.1324245,1.0508479,-0.19440371,0.8627341,1.1089418,0.97571886,0.94296813,1.0326812,0.89587253,0.9826849,0.8689654,1.0668869,1.4534168,1.1760705,1.2039517,1.0166099,1.0190547,-0.26755807,0.89432263,1.6186548,0.99875844,0.9177442,-0.23875734,0.9365854,0.9365854,1.0386945,1.0313504,-0.24718808,1.053653,1.2400278,1.0164913,1.0387291,-0.2443454,1.188498,0.8295339,1.1494688,0.9705737,1.2012839,0.950457,0.98027897,1.305206,1.0358651,-0.24634947,0.88842344,0.99201846,1.0512756,0.95624226,-0.20411447,1.7274301,1.1646032,1.025977,0.9835235,-0.256234,0.80493855,0.97182393,1.0229269,0.9154694,1.2920688,1.160218,1.4566504,0.9383781,0.7492328,0.6491297,0.8626027,1.031063,1.0556407,0.98091185,-0.19459927,-0.19459927,1.0166116,1.0806992,0.97642565,-0.20658675,-0.20658675,0.8289173,0.8250112,0.9257475,-0.20655881,0.82075536,0.9289715,1.0210327,1.0666208
k__Bacteria|p__Firmicutes|c__Clostridia|o__Clostridiales|f__Ruminococcaceae|g__Oscillospira|s__unclassified,1.3587067,0.66936386,0.90497357,1.0448881,0.7188145,1.1615932,0.7900617,0.7399043,0.705961,0.83704895,-0.19440371,0.66040814,1.0827847,1.0155997,0.713073,-0.30519226,0.64582795,0.73504925,-0.32946658,0.84446865,-0.26184985,0.93088126,1.1232185,0.7886194,0.801404,-0.26755807,0.67277247,0.8007578,0.7751405,0.7575057,-0.23875734,0.88894343,0.88894343,0.8271994,0.82402647,-0.24718808,0.7880705,0.6935405,0.7764932,0.792176,-0.2443454,1.1303906,1.2723318,1.153455,0.7679459,1.2501981,1.0225657,0.7324743,0.9756047,0.8219545,1.6747153,0.67440414,0.7670027,0.8396795,0.7650082,-0.20411447,-0.26286402,-0.29172873,0.8019899,0.7737752,-0.256234,0.62260413,0.8050685,0.78741753,0.6048743,-0.2850096,1.0412625,1.3365914,0.90359676,0.78727376,0.45374542,0.6446407,0.79806143,0.8424076,0.7864816,-0.19459927,-0.19459927,0.7178395,0.97245556,0.74514043,1.9925946,1.9925946,0.75394326,0.3911323,0.6952013,-0.20655881,0.6372915,0.7185886,0.66645586,0.6333575
k__Bacteria|p__Firmicutes|c__Clostridia|o__Clostridiales|f__Lachnospiraceae|g__[Ruminococcus]|s__gnavus,-0.28271136,0.5499025,0.806819,0.9951193,0.59743255,-0.2932219,0.811571,0.61915326,0.67677236,0.7021737,-0.19440371,0.54015255,0.9762156,0.8958812,0.5913156,1.0224614,0.53887224,0.6184519,0.82461214,0.7104824,-0.26184985,0.9577394,-0.29681087,0.66102034,0.6693057,-0.26755807,0.5537532,0.84181494,0.648425,0.7702896,-0.23875734,1.1911076,1.1911076,0.692124,0.68797743,-0.24718808,-0.32432246,0.6782445,0.6526556,0.6022742,-0.2443454,-0.30590335,0.77539235,1.0611558,0.6347158,-0.2851582,-0.31692833,0.6095546,0.991707,0.6860499,-0.24634947,0.5558908,0.6388178,0.7060678,0.64045775,1.9708976,1.5947051,1.2737687,0.675317,0.6455277,1.8046547,0.505041,0.6865938,0.6637242,-0.33133662,-0.2850096,-0.30183107,-0.27669096,-0.30985528,-0.3320185,0.36844486,0.5278328,0.6696464,0.7088184,0.6579505,-0.19459927,-0.19459927,0.71098256,-0.30701396,0.6213537,-0.20658675,-0.20658675,0.6600596,0.37754014,0.57968724,-0.20655881,0.51493764,0.593472,0.6493823,0.6061401
k__Bacteria|p__Firmicutes|c__Clostridia|o__Clostridiales|f__Lachnospiraceae|g__Roseburia|s__unclassified,-0.28271136,-0.31186312,-0.32328734,-0.31718764,-0.30998218,-0.2932219,0.76636845,-0.31857824,0.68404114,-0.3087896,-0.19440371,-0.30199718,0.9529938,-0.31570548,-0.30906314,-0.30519226,-0.3156865,-0.3189931,0.7161268,-0.3104022,-0.26184985,-0.31223327,-0.29681087,-0.3130411,-0.30890054,-0.26755807,-0.31073037,0.74277997,-0.30908018,-0.32445285,-0.23875734,-0.32284898,-0.32284898,-0.3097441,-0.3051225,-0.24718808,-0.32432246,0.6549278,-0.31586087,-0.3328914,-0.2443454,1.0089571,-0.3233376,-0.29767188,-0.30082643,-0.2851582,-0.31692833,-0.31913018,-0.310298,-0.30810374,-0.24634947,-0.30822182,-0.31245935,-0.30815777,-0.284191,-0.20411447,-0.26286402,1.1629773,-0.31258944,-0.30355275,-0.256234,-0.29313615,-0.32636124,-0.31375438,0.73252285,-0.2850096,-0.30183107,1.3513532,1.0849816,0.6408962,-0.26790974,-0.3056882,-0.31660914,-0.3083085,-0.28760952,-0.19459927,-0.19459927,1.0366831,0.98309857,-0.30996647,-0.20658675,-0.20658675,-0.33048365,0.38161686,-0.30886012,-0.20655881,-0.29421744,-0.30375656,-0.33007872,0.8674089
k__Bacteria|p__Firmicutes|c__Clostridia|o__Clostridiales|f__Lachnospiraceae|g__Blautia|s__unclassified,-0.28271136,1.035305,0.80265737,1.6054738,1.0953705,1.2499186,1.2036812,1.1333783,1.1986398,1.2225443,-0.19440371,1.0112516,2.08668,2.124359,1.0879922,1.0241036,1.0260409,1.1292264,1.5549195,1.2371907,-0.26184985,1.0114865,1.1157562,1.1772755,1.1834761,-0.26755807,1.039038,1.3028319,1.157826,0.82934415,1.7698197,1.2001874,1.2001874,1.2122443,1.2017363,-0.24718808,0.77896345,1.4598315,1.1712716,0.98750126,-0.2443454,1.5129863,1.233585,1.1303685,1.1329162,1.2655518,1.3152405,1.1237292,1.6828333,1.2043567,-0.24634947,1.0365016,1.1492519,1.2245711,1.116005,1.9780451,2.1729078,1.264086,1.1908047,1.144487,2.1106665,0.9540731,1.4236041,1.1814942,1.0924062,1.3434014,1.0739408,1.540924,0.9002203,0.73812413,0.75479627,1.0009146,1.1930227,1.2293124,1.1431689,-0.19459927,-0.19459927,0.98990154,1.1657933,1.1258063,-0.20658675,-0.20658675,0.7893686,0.9079134,1.0675752,-0.20655881,0.9686643,1.0823054,1.390195,1.1704684
k__Bacteria|p__Firmicutes|c__Clostridia|o__Clostridiales|f__Peptostreptococcaceae|g__unclassified|s__unclassified,-0.28271136,0.09295394,0.86202466,0.913009,0.11180916,1.1788665,1.0144377,0.11903478,0.66974425,0.16716102,-0.19440371,0.0882853,-0.31133458,0.8736006,0.10970733,-0.30519226,0.07784583,0.117892206,-0.32946658,0.16787899,-0.26184985,-0.31223327,-0.29681087,0.14199519,0.15003873,-0.26755807,0.09167007,0.7179583,0.13902175,0.72921634,-0.23875734,0.89118433,0.89118433,0.16376929,0.16268459,-0.24718808,0.7794878,0.65372497,0.13769233,-0.3328914,-0.2443454,-0.30590335,0.82556885,-0.29767188,0.13456436,-0.2851582,-0.31692833,0.11474475,0.9707178,0.15885767,-0.24634947,0.09280228,0.13235256,0.16915105,0.15094826,-0.20411447,-0.26286402,-0.29172873,0.1501437,0.14086619,-0.256234,0.08176185,0.6767988,0.1419687,0.6031968,-0.2850096,-0.30183107,-0.27669096,-0.30985528,-0.3320185,0.021527063,0.081447005,0.14455143,0.169339,0.15745659,-0.19459927,-0.19459927,0.7220824,0.9635464,0.12097132,-0.20658675,-0.20658675,-0.33048365,0.37159917,0.10176063,-0.20655881,0.08387202,0.11528531,0.6236333,-0.33506903
k__Bacteria|p__Firmicutes|c__Clostridia|o__Clostridiales|f__Ruminococcaceae|g__Faecalibacterium|s__unclassified,-0.28271136,-0.3149128,-0.32328734,-0.31718764,-0.316831,-0.2932219,-0.3258366,-0.3240292,0.6997063,-0.3160802,-0.19440371,-0.30829257,-0.31133458,-0.31570548,-0.3165155,-0.30519226,-0.32126522,-0.3235172,0.71674836,-0.3192514,-0.26184985,-0.31223327,-0.29681087,-0.31930077,-0.3165905,-0.26755807,-0.3153864,-0.32854122,-0.3166896,-0.32445285,-0.23875734,-0.32284898,-0.32284898,-0.31600904,-0.3132087,-0.24718808,-0.32432246,-0.3291557,-0.32203776,-0.3328914,-0.2443454,-0.30590335,-0.3233376,-0.29767188,-0.3107028,-0.2851582,-0.31692833,-0.32443336,-0.310298,-0.3161937,-0.24634947,-0.31259114,-0.3184403,-0.31487924,-0.29185253,-0.20411447,-0.26286402,-0.29172873,-0.31848097,-0.3114165,-0.256234,-0.2985335,-0.32636124,-0.32077363,0.83203393,-0.2850096,1.070395,1.4951726,0.92031026,0.8247242,-0.27177417,-0.31160474,-0.32246652,-0.3157531,-0.29491585,-0.19459927,-0.19459927,0.86944336,-0.30701396,-0.31849378,-0.20658675,-0.20658675,-0.33048365,0.53658414,-0.3155797,-0.20655881,-0.29981917,-0.31105793,0.67013425,0.6959274
k__Bacteria|p__Firmicutes|c__Clostridia|o__Clostridiales|f__Lachnospiraceae|g__Coprococcus|s__unclassified,-0.28271136,0.54106176,-0.32328734,0.84094346,0.5946312,1.1734027,0.7833493,0.6094508,0.74268913,0.70694125,-0.19440371,0.5366841,0.98209476,0.87280977,0.5892505,-0.30519226,0.5215515,0.6066275,0.90532994,0.71317184,-0.26184985,0.9291474,-0.29681087,0.6586806,0.67120576,-0.26755807,0.54419196,0.73564845,0.6488662,0.7589621,-0.23875734,0.8702615,0.8702615,0.6954007,0.6961434,-0.24718808,0.8270289,-0.3291557,0.6477873,0.6026717,-0.2443454,-0.30590335,-0.3233376,-0.29767188,0.6429899,-0.2851582,-0.31692833,0.60171175,-0.310298,0.6914423,-0.24634947,0.5483194,0.6369784,0.71176636,0.6479217,-0.20411447,1.4778641,1.1631024,0.6707628,0.6508323,1.5971587,0.5071287,0.68029845,0.66014916,0.61946577,-0.2850096,1.0286118,1.3412073,0.867562,0.64595276,0.35359985,0.5224381,0.66447043,0.7135419,0.6645025,-0.19459927,-0.19459927,0.73021466,0.9714696,0.6188915,-0.20658675,-0.20658675,-0.33048365,0.3742667,0.57307696,-0.20655881,0.5201616,0.59521353,0.6549312,0.623399
k__Bacteria|p__Firmicutes|c__Erysipelotrichi|o__Erysipelotrichales|f__[Coprobacillaceae]|g__unclassified|s__unclassified,-0.28271136,0.6576731,1.0068939,0.9891187,0.7127006,-0.2932219,0.79340106,0.73708254,0.77070534,0.8320931,-0.19440371,0.6470642,0.9939574,0.92558753,0.7052405,1.0208166,0.63949585,0.7339084,0.9227752,0.84110177,-0.26184985,0.93330353,1.119672,0.7856064,0.7937317,-0.26755807,0.6614752,0.84084904,0.77061063,0.75155765,1.8848151,0.97230417,0.97230417,0.82183814,0.8170968,-0.24718808,0.7798372,0.67191225,0.7754519,0.60914207,-0.2443454,-0.30590335,1.0362993,1.0835544,0.7585001,1.6220307,1.029868,0.7281388,1.1412606,0.81562823,-0.24634947,0.6643454,0.7618326,0.8374678,0.75856763,2.016267,1.8878568,-0.29172873,0.79757166,0.7667709,-0.256234,0.6032083,0.7400187,0.7876282,0.7526326,-0.2850096,1.0188423,1.3630078,-0.30985528,0.6228712,0.44100368,0.63190234,0.7955657,0.8398195,0.7802359,-0.19459927,-0.19459927,0.72705996,0.9659583,0.7391975,-0.20658675,-0.20658675,0.70303655,0.3937483,0.68756366,-0.20655881,0.6196252,0.70789915,0.8575011,0.6971277
k__Bacteria|p__Bacteroidetes|c__Bacteroidia|o__Bacteroidales|f__[Odoribacteraceae]|g__Butyricimonas|s__unclassified,-0.28271136,-0.31903657,-0.32328734,-0.31718764,-0.3232746,-0.2932219,-0.3258366,-0.3295818,-0.33075604,-0.32359254,-0.19440371,-0.3127973,-0.31133458,-0.31570548,-0.3232832,-0.30519226,-0.3261493,-0.32911292,-0.32946658,-0.3266069,-0.26184985,-0.31223327,-0.29681087,-0.3256833,-0.32370073,-0.26755807,-0.3195498,-0.32854122,-0.32335427,-0.32445285,-0.23875734,-0.32284898,-0.32284898,-0.32224578,-0.32103175,-0.24718808,-0.32432246,-0.3291557,-0.32837373,-0.3328914,-0.2443454,-0.30590335,-0.3233376,-0.29767188,-0.31787667,-0.2851582,-0.31692833,-0.330603,-0.310298,-0.32359254,-0.24634947,-0.3168212,-0.32461748,-0.32217124,-0.2992165,-0.20411447,-0.26286402,-0.29172873,-0.32470006,-0.31903136,-0.256234,-0.30327404,-0.32636124,-0.32730335,-0.33133662,-0.2850096,-0.30183107,-0.27669096,-0.30985528,0.737686,-0.2749816,-0.31687236,-0.32823193,-0.3230373,-0.30212477,-0.19459927,-0.19459927,-0.32411462,-0.30701396,-0.32555038,-0.20658675,-0.20658675,-0.33048365,-0.32690454,-0.32237047,-0.20655881,-0.30527467,-0.31743354,-0.33007872,-0.33506903
k__Bacteria|p__Bacteroidetes|c__Bacteroidia|o__Bacteroidales|f__Bacteroidaceae|g__Bacteroides|s__caccae,-0.28271136,-0.3190285,-0.32328734,-0.31718764,-0.3214718,-0.2932219,-0.3258366,-0.32760376,-0.33075604,-0.32214263,-0.19440371,-0.3114552,-0.31133458,-0.31570548,-0.32106698,-0.30519226,-0.3239711,-0.3276766,-0.32946658,-0.32424128,-0.26184985,-0.31223327,-0.29681087,-0.32479438,-0.32177442,-0.26755807,-0.3185463,-0.32854122,-0.32099736,-0.32445285,-0.23875734,-0.32284898,-0.32284898,-0.3210621,-0.31932575,-0.24718808,-0.32432246,-0.3291557,-0.32651013,-0.3328914,-0.2443454,-0.30590335,-0.3233376,-0.29767188,-0.3153642,-0.2851582,-0.31692833,-0.32929766,-0.310298,-0.3218336,-0.24634947,-0.31659237,-0.3237553,-0.32130802,-0.2974037,-0.20411447,-0.26286402,-0.29172873,-0.32377812,-0.31735304,-0.256234,-0.30216104,-0.32636124,-0.32525378,-0.33133662,1.2155579,-0.30183107,-0.27669096,-0.30985528,-0.3320185,-0.273253,-0.31540558,-0.3271782,-0.32181332,-0.30067468,-0.19459927,-0.19459927,-0.32411462,-0.30701396,-0.32303685,-0.20658675,-0.20658675,-0.33048365,-0.32690454,-0.32025483,-0.20655881,-0.30510482,-0.31528604,-0.33007872,-0.33506903
k__Bacteria|p__Bacteroidetes|c__Bacteroidia|o__Bacteroidales|f__S24-7|g__unclassified|s__unclassified,-0.28271136,-0.3184156,-0.32328734,-0.31718764,-0.3228584,-0.2932219,-0.3258366,-0.32892025,-0.33075604,-0.3230626,-0.19440371,-0.3121934,-0.31133458,-0.31570548,-0.32285896,-0.30519226,-0.32612428,-0.32898125,-0.32946658,-0.32623672,-0.26184985,-0.31223327,-0.29681087,-0.32579443,-0.32295215,-0.26755807,-0.318758,-0.32854122,-0.3231788,-0.32445285,-0.23875734,-0.32284898,-0.32284898,-0.32169506,-0.32060122,-0.24718808,-0.32432246,-0.3291557,-0.3284042,-0.3328914,-0.2443454,-0.30590335,-0.3233376,-0.29767188,-0.31693953,-0.2851582,-0.31692833,-0.32954383,-0.310298,-0.32274538,-0.24634947,-0.3164373,-0.32395193,-0.3222062,-0.29897833,-0.20411447,-0.26286402,-0.29172873,-0.32493478,-0.31898606,-0.256234,-0.30301726,-0.32636124,-0.32748055,-0.33133662,-0.2850096,-0.30183107,-0.27669096,2.259953,1.227472,-0.2751118,-0.31613594,-0.32772183,-0.3230387,-0.30143273,-0.19459927,-0.19459927,-0.32411462,-0.30701396,-0.32497895,-0.20658675,-0.20658675,-0.33048365,-0.32690454,-0.32232958,-0.20655881,-0.30500543,-0.31673568,-0.33007872,-0.33506903
k__Bacteria|p__Bacteroidetes|c__Bacteroidia|o__Bacteroidales|f__Prevotellaceae|g__Prevotella|s__stercorea,-0.28271136,-0.31915802,-0.32328734,-0.31718764,-0.32326803,-0.2932219,-0.3258366,-0.32918626,-0.33075604,-0.32366836,-0.19440371,-0.3128336,-0.31133458,-0.31570548,-0.32301092,-0.30519226,-0.3263049,-0.3295058,-0.32946658,-0.32642645,-0.26184985,-0.31223327,-0.29681087,-0.32624263,-0.32322732,-0.26755807,-0.31929109,-0.32854122,-0.32326806,-0.32445285,-0.23875734,-0.32284898,-0.32284898,-0.32220656,-0.32088676,-0.24718808,-0.32432246,-0.3291557,-0.32858354,-0.3328914,-0.2443454,-0.30590335,-0.3233376,-0.29767188,-0.31740293,-0.2851582,-0.31692833,-0.32990146,-0.310298,-0.32322913,-0.24634947,-0.31724417,-0.32449055,-0.32291132,-0.29948965,-0.20411447,-0.26286402,-0.29172873,-0.32528427,-0.3193012,-0.256234,-0.30375218,-0.32636124,-0.3278118,-0.33133662,-0.2850096,-0.30183107,-0.27669096,-0.30985528,-0.3320185,-0.27558368,-0.3165844,-0.32833096,-0.32368198,-0.30199873,-0.19459927,-0.19459927,-0.32411462,-0.30701396,-0.32522047,-0.20658675,-0.20658675,-0.33048365,-0.32690454,-0.3226767,-0.20655881,-0.30560982,-0.31694198,-0.33007872,-0.33506903
k__Bacteria|p__Bacteroidetes|c__Bacteroidia|o__Bacteroidales|f__[Paraprevotellaceae]|g__[Prevotella]|s__unclassified,-0.28271136,-0.31885815,-0.32328734,-0.31718764,-0.3233299,-0.2932219,-0.3258366,-0.32941523,-0.33075604,-0.3235256,-0.19440371,-0.31268016,-0.31133458,-0.31570548,-0.3232052,-0.30519226,-0.3262856,-0.32948118,-0.32946658,-0.3264393,-0.26184985,-0.31223327,-0.29681087,-0.3261138,-0.32332203,-0.26755807,-0.31913155,-0.32854122,-0.32362878,-0.32445285,-0.23875734,-0.32284898,-0.32284898,-0.3223499,-0.32092634,-0.24718808,-0.32432246,-0.3291557,-0.32885244,-0.3328914,-0.2443454,-0.30590335,-0.3233376,-0.29767188,-0.31743634,-0.2851582,-0.31692833,-0.3302114,-0.310298,-0.3232509,-0.24634947,-0.3168133,-0.3244625,-0.32273674,-0.29934567,-0.20411447,-0.26286402,-0.29172873,-0.32521304,-0.3192545,-0.256234,-0.3036484,-0.32636124,-0.327783,-0.33133662,-0.2850096,-0.30183107,-0.27669096,-0.30985528,-0.3320185,-0.27532396,-0.3165457,-0.32811755,-0.32342258,-0.30177325,-0.19459927,-0.19459927,-0.32411462,-0.30701396,-0.3253775,-0.20658675,-0.20658675,-0.33048365,-0.32690454,-0.3225479,-0.20655881,-0.30560875,-0.31727067,-0.33007872,-0.33506903
k__Bacteria|p__Bacteroidetes|c__Bacteroidia|o__Bacteroidales|f__[Barnesiellaceae]|g__unclassified|s__unclassified,-0.28271136,-0.3182884,-0.32328734,-0.31718764,-0.32192194,-0.2932219,-0.3258366,-0.3285074,-0.33075604,-0.32231504,-0.19440371,-0.31185624,-0.31133458,-0.31570548,-0.3219779,-0.30519226,-0.32497075,-0.32778382,-0.32946658,-0.3253441,-0.26184985,-0.31223327,-0.29681087,-0.32425272,-0.32267362,-0.26755807,-0.31890333,-0.32854122,-0.3220282,-0.32445285,-0.23875734,-0.32284898,-0.32284898,-0.32119167,-0.3197024,-0.24718808,-0.32432246,-0.3291557,-0.32692385,-0.3328914,-0.2443454,-0.30590335,-0.3233376,-0.29767188,-0.31664908,-0.2851582,-0.31692833,-0.3296104,-0.310298,-0.32242283,-0.24634947,-0.31589222,-0.32351944,-0.32069403,-0.29788923,-0.20411447,-0.26286402,-0.29172873,-0.32349104,-0.31752384,-0.256234,-0.30229568,-0.32636124,-0.3256501,-0.33133662,-0.2850096,-0.30183107,-0.27669096,0.9383781,1.1638598,-0.2737692,-0.31592527,-0.32712743,-0.3215361,-0.30105388,-0.19459927,-0.19459927,-0.32411462,-0.30701396,-0.3242802,-0.20658675,-0.20658675,-0.33048365,0.37139368,-0.32095516,-0.20655881,-0.30423194,-0.31636488,-0.33007872,0.68703026
k__Bacteria|p__Bacteroidetes|c__Bacteroidia|o__Bacteroidales|f__[Paraprevotellaceae]|g__Paraprevotella|s__unclassified,-0.28271136,-0.318035,-0.32328734,-0.31718764,-0.3223395,-0.2932219,-0.3258366,-0.3284772,-0.33075604,-0.32270837,-0.19440371,-0.31192225,-0.31133458,-0.31570548,-0.32216987,-0.30519226,-0.32507163,-0.32835245,-0.32946658,-0.32556212,-0.26184985,-0.31223327,-0.29681087,-0.3248717,-0.32246304,-0.26755807,-0.3183303,-0.32854122,-0.32261777,0.922443,-0.23875734,-0.32284898,-0.32284898,-0.32157844,-0.32007593,-0.24718808,-0.32432246,-0.3291557,-0.3277039,-0.3328914,-0.2443454,-0.30590335,-0.3233376,-0.29767188,-0.31686103,-0.2851582,-0.31692833,-0.3292868,-0.310298,-0.3225437,-0.24634947,-0.31582657,-0.32353732,-0.32172507,-0.29855525,-0.20411447,-0.26286402,-0.29172873,-0.32391912,-0.3182125,-0.256234,-0.3028779,-0.32636124,-0.32665515,-0.33133662,-0.2850096,-0.30183107,-0.27669096,-0.30985528,-0.3320185,-0.2744112,-0.31567246,-0.32722014,-0.3224479,-0.30109194,-0.19459927,-0.19459927,-0.32411462,-0.30701396,-0.32439768,-0.20658675,-0.20658675,0.7922694,0.5424901,-0.32137,-0.20655881,-0.3045936,-0.3164031,-0.33007872,-0.33506903
k__Bacteria|p__Bacteroidetes|c__Bacteroidia|o__Bacteroidales|f__Bacteroidaceae|g__Bacteroides|s__plebeius,-0.28271136,-0.31870803,-0.32328734,-0.31718764,-0.3218997,-0.2932219,-0.3258366,-0.32841057,-0.33075604,-0.32229567,-0.19440371,-0.31197962,-0.31133458,-0.31570548,-0.32166108,-0.30519226,-0.3248291,-0.32807168,-0.32946658,-0.32513198,-0.26184985,-0.31223327,-0.29681087,-0.32440573,-0.3221867,-0.26755807,-0.31894004,-0.32854122,-0.32211065,-0.32445285,-0.23875734,-0.32284898,-0.32284898,-0.32145554,-0.3196094,-0.24718808,-0.32432246,-0.3291557,-0.3271854,-0.3328914,-0.2443454,-0.30590335,-0.3233376,-0.29767188,-0.31640756,-0.2851582,-0.31692833,-0.32910886,-0.310298,-0.32216573,-0.24634947,-0.31618363,-0.32343036,-0.32125205,-0.29801515,-0.20411447,-0.26286402,-0.29172873,-0.32358915,-0.31754,-0.256234,-0.3028282,-0.32636124,-0.32595232,-0.33133662,-0.2850096,-0.30183107,-0.27669096,-0.30985528,-0.3320185,-0.2741083,-0.31566995,-0.3272478,-0.32188088,-0.30092913,-0.19459927,-0.19459927,-0.32411462,-0.30701396,-0.32382545,-0.20658675,-0.20658675,1.1461579,0.38628465,-0.32087865,-0.20655881,-0.30454734,-0.3161246,-0.33007872,-0.33506903
k__Bacteria|p__Bacteroidetes|c__Bacteroidia|o__Bacteroidales|f__Prevotellaceae|g__Prevotella|s__copri,-0.28271136,-0.31974438,-0.32328734,-0.31718764,-0.322568,-0.2932219,-0.3258366,-0.3288575,-0.33075604,-0.3231388,-0.19440371,-0.31310767,-0.31133458,-0.31570548,-0.32243243,-0.30519226,-0.32601696,-0.3291226,0.90208286,-0.32576722,-0.26184985,-0.31223327,-0.29681087,-0.32632986,-0.3229028,-0.26755807,-0.31965232,-0.32854122,-0.3226849,1.1989132,-0.23875734,-0.32284898,-0.32284898,-0.3219736,-0.32050437,-0.24718808,-0.32432246,-0.3291557,-0.32823676,-0.3328914,-0.2443454,-0.30590335,-0.3233376,-0.29767188,-0.31648725,-0.2851582,-0.31692833,-0.32941014,-0.310298,-0.3226812,-0.24634947,-0.31771013,-0.3243239,-0.32234478,-0.29880005,-0.20411447,-0.26286402,-0.29172873,-0.32560742,-0.31880808,-0.256234,-0.30385038,-0.32636124,-0.3271652,-0.33133662,-0.2850096,-0.30183107,-0.27669096,-0.30985528,-0.3320185,-0.27551168,-0.3166322,-0.32808954,-0.32309645,-0.3015269,-0.19459927,-0.19459927,-0.32411462,-0.30701396,-0.32440153,-0.20658675,-0.20658675,-0.33048365,-0.32690454,-0.32211643,-0.20655881,-0.30616745,-0.31664187,-0.33007872,-0.33506903
k__Bacteria|p__Bacteroidetes|c__Bacteroidia|o__Bacteroidales|f__Bacteroidaceae|g__Bacteroides|s__ovatus,-0.28271136,-0.3173484,-0.32328734,-0.31718764,-0.31845647,-0.2932219,-0.3258366,-0.32561702,0.6688623,-0.3196461,-0.19440371,-0.3102829,-0.31133458,-0.31570548,-0.3180671,1.0261526,-0.32160753,-0.32555127,-0.32946658,-0.3214277,-0.26184985,-0.31223327,-0.29681087,-0.3221032,-0.31938875,-0.26755807,-0.3171485,-0.32854122,-0.31840977,-0.32445285,-0.23875734,-0.32284898,-0.32284898,-0.31909007,-0.31642562,1.6326156,0.7730607,-0.3291557,-0.32397985,0.630756,-0.2443454,-0.30590335,0.79485404,1.1518338,-0.31271654,-0.2851582,-0.31692833,-0.32649538,-0.310298,-0.31932634,-0.24634947,-0.31484973,-0.32118046,-0.31852424,-0.2949555,-0.20411447,-0.26286402,-0.29172873,-0.3217293,-0.314226,-0.256234,-0.3011304,0.6823119,-0.3222947,-0.33133662,-0.2850096,-0.30183107,-0.27669096,0.8640614,-0.3320185,-0.271645,-0.3135863,-0.32474443,-0.31888574,-0.2982363,-0.19459927,-0.19459927,-0.32411462,-0.30701396,-0.32020035,-0.20658675,-0.20658675,-0.33048365,-0.32690454,-0.31734896,-0.20655881,-0.30327874,-0.31324813,-0.33007872,-0.33506903
k__Bacteria|p__Bacteroidetes|c__Bacteroidia|o__Bacteroidales|f__Prevotellaceae|g__Prevotella|s__unclassified,-0.28271136,-0.31959087,-0.32328734,-0.31718764,-0.3230299,-0.2932219,-0.3258366,-0.32940078,-0.33075604,-0.32372072,-0.19440371,-0.31322807,-0.31133458,0.8628709,-0.3227666,-0.30519226,-0.32611054,-0.32939,0.7174937,-0.32655227,-0.26184985,-0.31223327,-0.29681087,-0.32625556,-0.32345933,-0.26755807,-0.31987584,-0.32854122,-0.32314426,1.6824191,-0.23875734,-0.32284898,-0.32284898,-0.32255685,-0.3208884,-0.24718808,-0.32432246,-0.3291557,-0.32842284,-0.3328914,1.6035129,-0.30590335,-0.3233376,-0.29767188,-0.31746864,-0.2851582,-0.31692833,-0.3300106,-0.310298,-0.3234104,-0.24634947,-0.31766972,-0.32473272,-0.32272026,-0.29927576,-0.20411447,-0.26286402,-0.29172873,-0.3254168,-0.31896725,-0.256234,-0.3036788,-0.32636124,-0.32757849,-0.33133662,-0.2850096,-0.30183107,-0.27669096,-0.30985528,-0.3320185,-0.27520332,-0.31670237,-0.32870263,-0.32356462,-0.30217618,-0.19459927,-0.19459927,-0.32411462,-0.30701396,-0.3250587,-0.20658675,-0.20658675,-0.33048365,-0.32690454,-0.32220334,-0.20655881,-0.3055846,-0.31702626,-0.33007872,-0.33506903
k__Bacteria|p__Bacteroidetes|c__Bacteroidia|o__Bacteroidales|f__Porphyromonadaceae|g__Dysgonomonas|s__unclassified,-0.28271136,-0.32025495,-0.32328734,-0.31718764,-0.32295695,-0.2932219,-0.3258366,-0.3298961,-0.33075604,-0.32379147,-0.19440371,-0.31378567,-0.31133458,-0.31570548,-0.32280272,-0.30519226,-0.32607523,-0.32944518,-0.32946658,-0.3264988,-0.26184985,-0.31223327,-0.29681087,-0.3264565,-0.32390642,-0.26755807,-0.32038254,0.8790847,-0.32338575,-0.32445285,-0.23875734,-0.32284898,-0.32284898,-0.3232422,-0.3209914,-0.24718808,-0.32432246,-0.3291557,-0.32873094,-0.3328914,-0.2443454,-0.30590335,-0.3233376,-0.29767188,-0.31742626,-0.2851582,-0.31692833,-0.33054522,-0.310298,-0.32369858,-0.24634947,-0.3179514,-0.32502472,-0.322429,-0.29897323,-0.20411447,-0.26286402,-0.29172873,-0.32581097,-0.31868213,-0.256234,-0.3044165,-0.32636124,-0.3273843,-0.33133662,-0.2850096,-0.30183107,-0.27669096,-0.30985528,-0.3320185,-0.27525884,-0.3170761,-0.3289302,-0.32331523,-0.30200022,-0.19459927,-0.19459927,-0.32411462,-0.30701396,-0.3249191,-0.20658675,-0.20658675,-0.33048365,-0.32690454,-0.32171464,-0.20655881,-0.30612266,-0.31758547,-0.33007872,-0.33506903
k__Bacteria|p__Bacteroidetes|c__Bacteroidia|o__Bacteroidales|f__Bacteroidaceae|g__Bacteroides|s__uniformis,-0.28271136,-0.31396115,-0.32328734,-0.31718764,-0.3175792,-0.2932219,-0.3258366,-0.32444644,-0.33075604,-0.31717512,-0.19440371,-0.30660212,-0.31133458,-0.31570548,-0.31752005,1.1359552,-0.32100424,-0.32387283,-0.32946658,-0.32008827,-0.26184985,-0.31223327,1.112183,-0.3194516,-0.31750464,-0.26755807,-0.3142387,-0.32854122,-0.31715378,-0.32445285,-0.23875734,-0.32284898,-0.32284898,-0.31592792,-0.31439632,-0.24718808,-0.32432246,-0.3291557,-0.3226083,0.84760654,-0.2443454,-0.30590335,-0.3233376,-0.29767188,-0.3112802,-0.2851582,-0.31692833,-0.32580197,-0.310298,-0.3172754,1.6093904,-0.31110418,-0.31890678,-0.31562686,-0.29290017,-0.20411447,-0.26286402,-0.29172873,-0.31835818,-0.31244403,-0.256234,-0.29675752,0.6770685,-0.3210985,-0.33133662,1.2667744,1.0639361,-0.27669096,0.8640614,0.6174492,-0.2699591,-0.3114292,-0.32246864,-0.3162962,-0.29611138,2.3754787,2.3754787,0.7678925,1.194277,-0.3196908,-0.20658675,-0.20658675,0.650407,-0.32690454,-0.31657425,-0.20655881,-0.29893723,-0.31137103,0.85864204,0.97065645
k__Bacteria|p__Bacteroidetes|c__Bacteroidia|o__Bacteroidales|f__Porphyromonadaceae|g__Parabacteroides|s__distasonis,-0.28271136,-0.31479096,-0.32328734,-0.31718764,-0.32154724,-0.2932219,-0.3258366,-0.3268211,-0.33075604,-0.32043535,-0.19440371,-0.3072849,-0.31133458,-0.31570548,-0.32138538,1.3106827,-0.32276085,-0.3261113,-0.32946658,-0.324664,1.5305815,1.1445544,1.8330184,-0.32238525,-0.3201083,-0.26755807,-0.31478983,-0.32854122,-0.32185334,-0.32445285,-0.23875734,-0.32284898,-0.32284898,-0.3193009,-0.31845284,-0.24718808,-0.32432246,-0.3291557,-0.32667607,-0.3328914,-0.2443454,-0.30590335,-0.3233376,-0.29767188,-0.3159507,-0.2851582,-0.31692833,-0.32769585,-0.310298,-0.3206406,1.7504511,-0.31162292,-0.3211925,-0.3202414,-0.29681772,-0.20411447,-0.26286402,-0.29172873,-0.3201609,-0.31647837,-0.256234,-0.2989074,-0.32636124,-0.32552797,0.7768071,1.3058217,1.1381961,2.015938,1.1343517,0.8602412,-0.27000535,-0.31233317,-0.3253246,-0.32066858,-0.2990186,-0.19459927,-0.19459927,-0.32411462,-0.30701396,-0.32337564,-0.20658675,-0.20658675,0.80189645,0.47589296,-0.31939378,-0.20655881,-0.30072242,-0.31431323,0.71198606,0.68854386
k__Bacteria|p__Bacteroidetes|c__Bacteroidia|o__Bacteroidales|f__Porphyromonadaceae|g__Parabacteroides|s__unclassified,-0.28271136,-0.31730312,-0.32328734,-0.31718764,-0.32180828,-0.2932219,-0.3258366,-0.32785666,-0.33075604,-0.32219762,-0.19440371,-0.31081986,-0.31133458,-0.31570548,-0.32183105,-0.30519226,-0.32425287,-0.32763344,-0.32946658,-0.3249501,-0.26184985,-0.31223327,-0.29681087,-0.3242522,-0.32196093,-0.26755807,-0.31731725,-0.32854122,-0.32207602,-0.32445285,-0.23875734,-0.32284898,-0.32284898,-0.3208055,-0.31992322,-0.24718808,-0.32432246,-0.3291557,-0.3272639,-0.3328914,-0.2443454,-0.30590335,-0.3233376,-0.29767188,-0.31612822,-0.2851582,-0.31692833,-0.32880884,-0.310298,-0.32202125,1.947077,-0.31478113,-0.32290968,-0.32106113,-0.2981811,-0.20411447,-0.26286402,-0.29172873,-0.32316682,-0.3180334,-0.256234,-0.30191255,-0.32636124,-0.3260701,-0.33133662,-0.2850096,-0.30183107,-0.27669096,-0.30985528,-0.3320185,-0.27348563,-0.31520373,-0.32623732,-0.32171988,-0.30068487,-0.19459927,-0.19459927,-0.32411462,-0.30701396,-0.32375365,-0.20658675,-0.20658675,1.0664104,0.73031306,-0.32084548,-0.20655881,-0.30411875,-0.31599218,0.7456345,0.62597847
k__Bacteria|p__Bacteroidetes|c__Bacteroidia|o__Bacteroidales|f__Bacteroidaceae|g__unclassified|s__unclassified,-0.28271136,-0.115312636,-0.32328734,-0.31718764,-0.10710661,-0.2932219,-0.3258366,-0.10865559,-0.33075604,-0.08026655,-0.19440371,-0.110891744,-0.31133458,-0.31570548,-0.108373776,1.0502185,-0.12602857,-0.10849634,-0.32946658,-0.08135621,1.4504809,0.93537515,1.1248103,-0.092637986,-0.0889078,-0.26755807,-0.11496028,-0.32854122,-0.094317734,0.7341672,-0.23875734,-0.32284898,-0.32284898,-0.081969194,-0.08076428,2.1358855,1.5476712,0.86014575,-0.09840915,1.0596657,-0.2443454,-0.30590335,1.1875713,1.5546963,-0.09134655,-0.2851582,-0.31692833,-0.11175897,0.9813448,-0.0842078,-0.24634947,-0.11120367,-0.097626,-0.077957116,-0.07550286,-0.20411447,-0.26286402,-0.29172873,-0.08860509,-0.08974835,-0.256234,-0.11067641,-0.32636124,-0.094302826,0.67926824,1.2513202,1.0520985,-0.27669096,0.87105036,0.6204103,-0.12529086,-0.118377045,-0.093866915,-0.07798619,-0.07383297,-0.19459927,-0.19459927,-0.32411462,1.0852373,-0.10320051,-0.20658675,-0.20658675,0.6569984,0.46603313,-0.11083779,-0.20655881,-0.10893735,-0.10208687,0.6194175,0.59822565
k__Bacteria|p__Bacteroidetes|c__Bacteroidia|o__Bacteroidales|f__Bacteroidaceae|g__Bacteroides|s__unclassified,-0.28271136,1.099699,0.83480275,-0.31718764,1.1812603,-0.2932219,-0.3258366,1.2072065,1.0724747,1.3434741,-0.19440371,1.0951636,-0.31133458,-0.31570548,1.1732309,1.2672489,1.0808835,1.2052016,0.72510177,1.355366,1.9852153,2.0567951,2.0264738,1.2795978,1.2917646,-0.26755807,1.1075197,-0.32854122,1.2600222,1.4904224,-0.23875734,-0.32284898,-0.32284898,1.3262198,1.325897,1.9094691,1.3316351,0.7928226,1.2626591,1.1409109,-0.2443454,-0.30590335,1.815413,2.333013,1.2465706,-0.2851582,-0.31692833,1.1939936,1.8346468,1.3203006,2.3562114,1.1141357,1.2438271,1.3498161,1.2346807,1.9715303,-0.26286402,1.2000222,1.2976944,1.2602596,-0.256234,1.0410275,1.7953147,1.2820237,1.6849694,2.3740191,2.3366919,1.9546217,1.4457251,1.106891,0.79511786,1.072314,1.2870965,1.3543472,1.260243,2.533062,2.533062,2.005598,2.2175343,1.2189903,-0.20658675,-0.20658675,1.5493904,1.2197609,1.1524034,2.3908095,1.0625067,1.1781759,1.5206151,1.2133436
k__Bacteria|p__Bacteroidetes|c__Bacteroidia|o__Bacteroidales|f__Rikenellaceae|g__unclassified|s__unclassified,-0.28271136,-0.31371504,-0.32328734,-0.31718764,-0.314868,-0.2932219,-0.3258366,-0.32245648,-0.33075604,-0.31405485,-0.19440371,-0.30647397,-0.31133458,-0.31570548,-0.3139131,1.0351186,-0.31950325,-0.32283592,-0.32946658,-0.31638348,-0.26184985,-0.31223327,-0.29681087,-0.3178415,-0.3138093,-0.26755807,-0.31335825,-0.32854122,-0.31463382,-0.32445285,-0.23875734,-0.32284898,-0.32284898,-0.31458575,-0.31042764,-0.24718808,-0.32432246,-0.3291557,-0.32084534,1.1748962,-0.2443454,-0.30590335,-0.3233376,-0.29767188,-0.30762857,-0.2851582,-0.31692833,-0.3226713,-0.310298,-0.31376252,-0.24634947,-0.3110723,-0.31655186,-0.3135725,-0.28966644,-0.20411447,-0.26286402,-0.29172873,-0.31708625,-0.30885404,-0.256234,-0.297242,0.7922965,-0.31927583,0.6905746,-0.2850096,1.1858615,1.3748462,0.9219664,1.2075365,-0.27074698,-0.30930293,-0.3208745,-0.31407174,-0.29228646,-0.19459927,-0.19459927,-0.32411462,1.0043234,-0.31586742,-0.20658675,-0.20658675,-0.33048365,0.6093112,-0.3133499,-0.20655881,-0.29796493,-0.30853897,0.7381054,0.7600352
k__Bacteria|p__Bacteroidetes|c__Bacteroidia|o__Bacteroidales|f__Bacteroidaceae|g__Bacteroides|s__fragilis,-0.28271136,-0.30927563,-0.32328734,-0.31718764,-0.31025717,-0.2932219,-0.3258366,-0.31678903,1.3127434,-0.31020164,-0.19440371,-0.30299222,-0.31133458,-0.31570548,-0.3098605,2.1040142,-0.31373167,-0.31665862,-0.32946658,-0.312015,-0.26184985,1.2865877,-0.29681087,-0.31296346,-0.3101998,-0.26755807,-0.3095289,-0.32854122,-0.30932176,-0.32445285,-0.23875734,-0.32284898,-0.32284898,-0.30952936,-0.30730504,1.6321783,1.4842417,1.5658692,-0.31453598,1.2084874,-0.2443454,-0.30590335,-0.3233376,-0.29767188,-0.30464262,-0.2851582,-0.31692833,-0.31797266,1.1734746,-0.31014878,-0.24634947,-0.3074016,-0.3126188,-0.30898088,-0.28646886,-0.20411447,-0.26286402,-0.29172873,-0.31193957,-0.3056397,-0.256234,-0.29308632,1.1317037,-0.31346697,0.79317456,1.2723354,1.125391,-0.27669096,0.8640614,-0.3320185,-0.26637268,-0.30620176,-0.31565487,-0.309511,-0.28992778,-0.19459927,-0.19459927,-0.32411462,1.0169262,-0.3117212,-0.20658675,-0.20658675,0.91604996,0.38891336,-0.3092662,2.281338,-0.2957178,-0.3048694,0.7215681,0.8028947
k__Bacteria|p__Proteobacteria|c__Gammaproteobacteria|o__Enterobacteriales|f__Enterobacteriaceae|g__Trabulsiella|s__unclassified,-0.28271136,-0.3197509,0.7766038,-0.31718764,-0.32283434,-0.2932219,-0.3258366,-0.33092082,-0.33075604,-0.32375887,-0.19440371,-0.31172058,-0.31133458,-0.31570548,-0.32257736,-0.30519226,-0.32577494,-0.33012226,-0.32946658,-0.32685924,-0.26184985,-0.31223327,-0.29681087,-0.3262503,-0.32378435,-0.26755807,-0.31976756,-0.32854122,-0.3234788,-0.32445285,1.7657133,-0.32284898,-0.32284898,-0.32350013,-0.32064837,-0.24718808,-0.32432246,-0.3291557,-0.3294332,-0.3328914,1.6093037,-0.30590335,-0.3233376,-0.29767188,-0.3165472,-0.2851582,-0.31692833,-0.33177418,-0.310298,-0.32370085,-0.24634947,-0.31661117,-0.32518405,-0.32235894,-0.29819974,-0.20411447,1.4882407,1.1815177,-0.32535118,-0.31775102,-0.256234,-0.30133194,-0.32636124,-0.32771048,-0.33133662,-0.2850096,-0.30183107,-0.27669096,-0.30985528,-0.3320185,-0.27271092,-0.31579107,-0.32960427,-0.32308942,-0.30177397,-0.19459927,-0.19459927,-0.32411462,-0.30701396,-0.3248068,1.9908922,1.9908922,-0.33048365,-0.32690454,-0.32084468,-0.20655881,-0.30320308,-0.31673697,-0.33007872,-0.33506903
k__Bacteria|p__Proteobacteria|c__Gammaproteobacteria|o__Enterobacteriales|f__Enterobacteriaceae|g__Klebsiella|s__unclassified,1.2906168,-0.31077075,-0.32328734,-0.31718764,-0.3199247,-0.2932219,-0.3258366,-0.3326311,-0.33075604,-0.32549763,2.162574,-0.2991125,-0.31133458,-0.31570548,-0.31985855,-0.30519226,-0.32269672,-0.33170903,-0.32946658,-0.3314076,-0.26184985,-0.31223327,-0.29681087,-0.32795382,-0.32434136,1.4148632,-0.3117883,-0.32854122,-0.32291645,-0.32445285,1.7651765,-0.32284898,-0.32284898,-0.3230942,-0.32028705,-0.24718808,-0.32432246,-0.3291557,-0.33226743,-0.3328914,1.607938,-0.30590335,-0.3233376,-0.29767188,-0.31193423,1.2199326,-0.31692833,-0.33392727,-0.310298,-0.32481486,-0.24634947,-0.30691883,-0.3246699,-0.32344753,-0.29651743,-0.20411447,-0.26286402,-0.29172873,-0.327137,-0.31465757,-0.256234,-0.28061882,-0.32636124,-0.3303581,-0.33133662,-0.2850096,-0.30183107,-0.27669096,-0.30985528,-0.3320185,-0.25556362,-0.30547386,-0.3326322,-0.32497543,-0.30244583,2.1397495,2.1397495,-0.32411462,-0.30701396,-0.32526243,1.9915736,1.9915736,-0.33048365,-0.32690454,-0.31741887,-0.20655881,-0.28476563,-0.30955455,-0.33007872,-0.33506903
k__Bacteria|p__Proteobacteria|c__Gammaproteobacteria|o__Pseudomonadales|f__Moraxellaceae|g__Acinetobacter|s__unclassified,-0.28271136,-0.31913736,-0.32328734,-0.31718764,-0.32334527,-0.2932219,-0.3258366,-0.32954556,-0.33075604,-0.32357812,-0.19440371,-0.31267172,-0.31133458,-0.31570548,-0.32301643,-0.30519226,-0.32582307,-0.32928362,-0.32946658,-0.32629025,-0.26184985,-0.31223327,-0.29681087,-0.32562205,-0.32323036,-0.26755807,-0.3191617,-0.32854122,-0.3232882,-0.32445285,-0.23875734,-0.32284898,-0.32284898,-0.32229397,-0.32100558,-0.24718808,-0.32432246,-0.3291557,-0.32857415,-0.3328914,-0.2443454,-0.30590335,-0.3233376,-0.29767188,-0.3177725,-0.2851582,-0.31692833,-0.33034623,-0.310298,-0.3234831,-0.24634947,-0.31670332,-0.3244842,-0.32231236,-0.29925138,-0.20411447,-0.26286402,-0.29172873,-0.32429412,-0.3190084,-0.256234,-0.30329955,-0.32636124,-0.32763618,-0.33133662,-0.2850096,-0.30183107,-0.27669096,-0.30985528,-0.3320185,-0.27543184,-0.31661108,-0.32818732,-0.32315123,-0.30196473,-0.19459927,-0.19459927,-0.32411462,-0.30701396,-0.32512772,-0.20658675,-0.20658675,-0.33048365,-0.32690454,-0.32218128,-0.20655881,-0.3051141,-0.31723392,-0.33007872,-0.33506903
k__Bacteria|p__Proteobacteria|c__Gammaproteobacteria|o__Aeromonadales|f__unclassified|g__unclassified|s__unclassified,-0.28271136,-0.31983954,0.7928789,-0.31718764,-0.32274514,-0.2932219,-0.3258366,-0.3292406,-0.33075604,-0.32335937,-0.19440371,-0.3134339,-0.31133458,-0.31570548,-0.3225611,-0.30519226,-0.32589343,-0.32912123,-0.32946658,-0.3260435,-0.26184985,-0.31223327,-0.29681087,-0.32611144,-0.32326445,-0.26755807,-0.3199299,-0.32854122,-0.32309175,-0.32445285,-0.23875734,-0.32284898,-0.32284898,-0.3225419,-0.32072672,-0.24718808,-0.32432246,-0.3291557,-0.32838237,-0.3328914,-0.2443454,-0.30590335,-0.3233376,-0.29767188,-0.31708473,1.2010858,-0.31692833,-0.32977965,-0.310298,-0.3231064,-0.24634947,-0.31769508,-0.3245377,-0.32241267,-0.29894713,-0.20411447,-0.26286402,-0.29172873,-0.3254467,-0.3187959,-0.256234,-0.30428076,-0.32636124,-0.32714778,-0.33133662,-0.2850096,-0.30183107,-0.27669096,-0.30985528,-0.3320185,-0.275388,-0.31687742,-0.3282384,-0.3231085,-0.3017174,-0.19459927,-0.19459927,-0.32411462,-0.30701396,-0.32463193,-0.20658675,-0.20658675,-0.33048365,-0.32690454,-0.32185724,-0.20655881,-0.30633873,-0.31721044,-0.33007872,-0.33506903
k__Bacteria|p__Proteobacteria|c__Gammaproteobacteria|o__Enterobacteriales|f__Enterobacteriaceae|g__Erwinia|s__unclassified,-0.28271136,-0.31997955,-0.32328734,-0.31718764,-0.32287157,-0.2932219,-0.3258366,-0.3296132,-0.33075604,-0.3233457,2.1525297,-0.31333154,-0.31133458,-0.31570548,-0.32287818,-0.30519226,-0.32592797,-0.32880282,-0.32946658,-0.32664227,-0.26184985,-0.31223327,-0.29681087,-0.32569772,-0.3237181,-0.26755807,-0.3205256,-0.32854122,-0.32333052,-0.32445285,-0.23875734,-0.32284898,-0.32284898,-0.32278603,-0.32114908,-0.24718808,-0.32432246,-0.3291557,-0.32816517,-0.3328914,-0.2443454,-0.30590335,-0.3233376,-0.29767188,-0.31746447,1.201482,-0.31692833,-0.33007005,-0.310298,-0.32328606,-0.24634947,-0.31777495,-0.32471305,-0.3219143,-0.29877305,-0.20411447,-0.26286402,1.1687187,-0.3249545,-0.3188169,-0.256234,-0.3036865,-0.32636124,-0.3272086,-0.33133662,-0.2850096,-0.30183107,-0.27669096,-0.30985528,-0.3320185,-0.27532494,-0.31691247,-0.32856643,-0.32287434,-0.3020817,-0.19459927,-0.19459927,-0.32411462,-0.30701396,-0.3247061,-0.20658675,-0.20658675,-0.33048365,-0.32690454,-0.3217675,-0.20655881,-0.30567735,-0.31761104,-0.33007872,-0.33506903
k__Bacteria|p__Proteobacteria|c__Gammaproteobacteria|o__Enterobacteriales|f__Enterobacteriaceae|g__Citrobacter|s__unclassified,-0.28271136,-0.31949085,1.1223614,-0.31718764,-0.32294178,-0.2932219,-0.3258366,-0.32912478,-0.33075604,-0.32352108,2.1531491,-0.31270528,-0.31133458,-0.31570548,-0.3228329,-0.30519226,-0.3260281,-0.32914174,-0.32946658,-0.32615447,-0.26184985,-0.31223327,1.1157562,-0.32615498,-0.32328364,-0.26755807,-0.31941885,0.71613544,-0.32272387,-0.32445285,-0.23875734,-0.32284898,-0.32284898,-0.32173556,-0.32092422,-0.24718808,-0.32432246,-0.3291557,-0.32826394,-0.3328914,-0.2443454,-0.30590335,-0.3233376,-0.29767188,-0.3171264,-0.2851582,0.9349394,-0.33001536,-0.310298,-0.32325187,-0.24634947,-0.3172066,-0.32453617,-0.32230157,-0.2990962,-0.20411447,-0.26286402,1.6774412,-0.32514936,-0.3190825,-0.256234,-0.3030296,-0.32636124,-0.3272046,-0.33133662,-0.2850096,-0.30183107,-0.27669096,-0.30985528,-0.3320185,-0.2751891,-0.3167504,-0.32820517,-0.32314396,-0.30202967,-0.19459927,-0.19459927,-0.32411462,-0.30701396,-0.32502943,-0.20658675,-0.20658675,-0.33048365,-0.32690454,-0.32255012,-0.20655881,-0.30559897,-0.31677276,-0.33007872,-0.33506903
k__Bacteria|p__Proteobacteria|c__Gammaproteobacteria|o__Pasteurellales|f__Pasteurellaceae|g__Aggregatibacter|s__unclassified,-0.28271136,-0.32079095,-0.32328734,-0.31718764,-0.32448906,-0.2932219,-0.3258366,-0.33113503,-0.33075604,-0.32441735,-0.19440371,-0.3124616,-0.31133458,-0.31570548,-0.32461196,-0.30519226,-0.32718498,-0.3305662,-0.32946658,-0.3277967,-0.26184985,-0.31223327,-0.29681087,-0.32696736,-0.3246749,-0.26755807,-0.3203493,-0.32854122,-0.3252687,-0.32445285,-0.23875734,-0.32284898,-0.32284898,-0.32428285,-0.3218119,-0.24718808,-0.32432246,-0.3291557,-0.3304146,-0.3328914,-0.2443454,-0.30590335,-0.3233376,-0.29767188,-0.3179068,-0.2851582,-0.31692833,-0.33200085,-0.310298,-0.32413405,-0.24634947,-0.31742573,-0.32555264,-0.32391912,-0.2999962,-0.20411447,-0.26286402,-0.29172873,-0.32602102,-0.31962985,-0.256234,-0.30545893,-0.32636124,-0.32872808,-0.33133662,-0.2850096,-0.30183107,-0.27669096,-0.30985528,-0.3320185,-0.2744192,-0.31698865,-0.3299144,-0.32438517,-0.30247945,-0.19459927,-0.19459927,-0.32411462,-0.30701396,-0.32594284,-0.20658675,-0.20658675,-0.33048365,-0.32690454,-0.3227139,-0.20655881,-0.3059875,-0.31845212,-0.33007872,-0.33506903
k__Bacteria|p__Proteobacteria|c__Alphaproteobacteria|o__Rickettsiales|f__mitochondria|g__unclassified|s__unclassified,-0.28271136,-0.31942755,-0.32328734,-0.31718764,-0.32357597,-0.2932219,-0.3258366,-0.32987365,-0.33075604,-0.3239831,-0.19440371,-0.31336975,-0.31133458,-0.31570548,-0.32351714,-0.30519226,-0.3266091,-0.32959005,-0.32946658,-0.3270983,-0.26184985,-0.31223327,-0.29681087,-0.32638863,-0.32398373,-0.26755807,-0.31991243,-0.32854122,-0.32391208,-0.32445285,-0.23875734,-0.32284898,-0.32284898,-0.32285047,-0.32139716,-0.24718808,-0.32432246,-0.3291557,-0.328981,-0.3328914,-0.2443454,-0.30590335,-0.3233376,-0.29767188,-0.31813973,-0.2851582,-0.31692833,-0.3305887,-0.310298,-0.3238646,-0.24634947,-0.3174052,-0.32494178,-0.32285154,-0.29967606,-0.20411447,-0.26286402,-0.29172873,-0.3255077,-0.31948543,-0.256234,-0.303975,-0.32636124,-0.32799995,-0.33133662,-0.2850096,-0.30183107,-0.27669096,-0.30985528,-0.3320185,-0.275464,-0.3170942,-0.32872638,-0.32373366,-0.30239034,-0.19459927,-0.19459927,-0.32411462,-0.30701396,-0.32576743,-0.20658675,-0.20658675,-0.33048365,-0.32690454,-0.32266194,-0.20655881,-0.3058065,-0.31772572,-0.33007872,-0.33506903
k__Bacteria|p__Proteobacteria|c__Gammaproteobacteria|o__Enterobacteriales|f__Enterobacteriaceae|g__unclassified|s__unclassified,1.4591601,0.9433757,0.87503946,0.8306259,0.86010194,1.7737455,1.0470415,0.88844156,1.0308574,0.6662001,2.6101804,0.90288734,-0.31133458,0.892008,0.86293805,1.1467178,1.012044,0.88872457,-0.32946658,0.6761117,1.863828,0.97313523,1.2283087,0.7732501,0.72944635,1.7334741,0.94197917,1.0606067,0.76567596,0.73184955,1.789054,0.91986865,0.91986865,0.6877097,0.66096705,1.7171023,0.89243096,0.6791249,0.8068014,-0.3328914,1.6518496,1.059417,0.83928907,1.0625917,0.7373532,2.3163579,0.9795583,0.90726143,0.97648597,0.6947626,1.6125339,0.9180542,0.80775595,0.65332747,0.612815,2.7769518,-0.26286402,2.1701,0.746426,0.72371125,1.7922006,0.87285435,0.68029845,0.7753378,-0.33133662,1.2788992,-0.30183107,-0.27669096,-0.30985528,0.65503824,0.98523366,0.9482946,0.788383,0.65349054,0.61187387,2.2993453,2.2993453,0.7272104,-0.30701396,0.8321002,2.0845127,2.0845127,-0.33048365,0.38547444,0.8829954,1.994032,0.87114596,0.8178298,0.62980455,-0.33506903
k__Bacteria|p__Proteobacteria|c__Gammaproteobacteria|o__Enterobacteriales|f__Enterobacteriaceae|g__Enterobacter|s__hormaechei,1.2991118,0.12586723,0.7921768,-0.31718764,0.03639202,-0.2932219,0.7723446,0.026323974,-0.33075604,-0.15014204,2.1915345,0.12269017,-0.31133458,0.8849984,0.044142023,-0.30519226,0.1619392,0.027216166,-0.32946658,-0.15556616,-0.26184985,-0.31223327,1.1205598,-0.06448209,-0.08935006,1.4252449,0.123079345,0.7143093,-0.053965107,-0.32445285,2.1170454,0.87595963,0.87595963,-0.12849104,-0.13729906,-0.24718808,0.7710657,-0.3291557,-0.043586582,-0.3328914,2.5693183,1.0339742,0.7761516,1.0918738,-0.0505265,1.2883308,1.0458269,0.04157819,-0.310298,-0.12217477,1.6885846,0.110660374,-0.026520446,-0.16034356,-0.12585711,-0.20411447,-0.26286402,1.2500726,-0.08726533,-0.06768082,-0.256234,0.14845172,-0.32636124,-0.06745426,-0.33133662,-0.2850096,-0.30183107,-0.27669096,-0.30985528,-0.3320185,0.29874516,0.1498013,-0.0666011,-0.16283184,-0.14423953,2.1469843,2.1469843,-0.32411462,-0.30701396,-0.00030219555,2.457012,2.457012,-0.33048365,-0.32690454,0.0660464,-0.20655881,0.1346811,0.027420029,-0.33007872,-0.33506903
k__Bacteria|p__Proteobacteria|c__Gammaproteobacteria|o__Pasteurellales|f__Pasteurellaceae|g__Actinobacillus|s__unclassified,-0.28271136,-0.31827807,-0.32328734,0.8197814,-0.3222678,-0.2932219,0.8136967,-0.32867497,-0.33075604,-0.3221506,-0.19440371,-0.31226623,-0.31133458,-0.31570548,-0.32213342,-0.30519226,-0.32552847,-0.32831147,-0.32946658,-0.32540065,-0.26184985,0.9273113,-0.29681087,-0.32475206,-0.32236093,-0.26755807,-0.31891644,-0.32854122,-0.32266656,0.73694134,-0.23875734,-0.32284898,-0.32284898,-0.321575,-0.3194763,-0.24718808,-0.32432246,-0.3291557,-0.32759166,-0.3328914,-0.2443454,-0.30590335,-0.3233376,-0.29767188,-0.3166672,-0.2851582,-0.31692833,-0.32943645,-0.310298,-0.32214612,-0.24634947,-0.31622437,-0.32351828,-0.32123145,-0.29788524,-0.20411447,-0.26286402,-0.29172873,-0.32392734,-0.3176248,-0.256234,-0.30310416,-0.32636124,-0.32645917,0.59489685,-0.2850096,-0.30183107,-0.27669096,-0.30985528,-0.3320185,-0.27475736,-0.31571373,-0.32739192,-0.32202014,-0.30054128,-0.19459927,-0.19459927,0.7208719,-0.30701396,-0.32436398,-0.20658675,-0.20658675,-0.33048365,-0.32690454,-0.321167,-0.20655881,-0.3045618,-0.31642875,-0.33007872,-0.33506903
k__Bacteria|p__Proteobacteria|c__Gammaproteobacteria|o__Enterobacteriales|f__Enterobacteriaceae|g__Escherichia|s__unclassified,-0.28271136,0.5029962,0.83008015,0.85440165,0.53486013,1.528007,0.77642196,0.5574065,0.78834724,0.6221072,-0.19440371,0.4885673,-0.31133458,0.86406875,0.5287108,1.2866809,0.48655683,0.5559222,-0.32946658,0.6274445,2.1738796,0.9500002,1.1692293,0.58976865,0.5940209,-0.26755807,0.5031689,0.9093163,0.57570255,-0.32445285,-0.23875734,0.9769375,0.9769375,0.6160342,0.6089715,1.7785171,0.81265306,0.64950377,0.58297455,-0.3328914,-0.2443454,-0.30590335,0.78192174,-0.29767188,0.5634055,-0.2851582,0.9533424,0.5503311,-0.310298,0.6092832,-0.24634947,0.5040755,0.5728391,0.6248741,0.5649926,2.4262984,-0.26286402,-0.29172873,0.5999469,0.57172775,1.708479,0.45533666,0.68029845,0.5899641,-0.33133662,1.2648556,-0.30183107,-0.27669096,-0.30985528,0.6201639,0.33770078,0.47894245,0.599083,0.6264875,0.5822725,-0.19459927,-0.19459927,0.7099117,-0.30701396,0.55264515,-0.20658675,-0.20658675,-0.33048365,-0.32690454,0.5163505,-0.20655881,0.4657144,0.5300173,0.6168189,-0.33506903
k__Bacteria|p__Proteobacteria|c__Gammaproteobacteria|o__Pasteurellales|f__Pasteurellaceae|g__Haemophilus|s__parainfluenzae,-0.28271136,-0.31317753,0.7963822,-0.31718764,-0.3169132,-0.2932219,-0.3258366,-0.32347608,-0.33075604,-0.31765848,2.174886,-0.30760783,0.9386662,-0.31570548,-0.31739694,1.0216393,-0.31946295,-0.32227734,-0.32946658,-0.3207235,-0.26184985,0.92998993,-0.29681087,-0.31986636,-0.3182372,-0.26755807,-0.3140123,0.72485495,-0.31699032,0.7310242,-0.23875734,0.90231436,0.90231436,-0.31596464,-0.31573054,-0.24718808,0.78407824,0.64950377,-0.32194585,0.60993147,-0.2443454,1.0135772,-0.3233376,-0.29767188,-0.31248504,1.2034612,0.93742883,-0.32435334,-0.310298,-0.31812024,-0.24634947,-0.31107923,-0.3188192,-0.3153432,-0.2933591,1.9719518,1.4839811,-0.29172873,-0.3188004,-0.31318116,-0.256234,-0.29673952,-0.32636124,-0.32063377,0.5862647,-0.2850096,-0.30183107,-0.27669096,-0.30985528,-0.3320185,-0.26922208,-0.31151968,-0.3219913,-0.31643298,-0.29689774,-0.19459927,-0.19459927,-0.32411462,-0.30701396,-0.31974337,-0.20658675,-0.20658675,-0.33048365,0.40513843,-0.31623542,-0.20655881,-0.30012476,-0.31202894,-0.33007872,-0.33506903
k__Bacteria|p__Proteobacteria|c__Betaproteobacteria|o__Burkholderiales|f__Alcaligenaceae|g__Sutterella|s__unclassified,-0.28271136,-0.026882317,-0.32328734,-0.31718764,-0.010245764,-0.2932219,1.4410965,-0.011126891,1.1976002,0.034037597,-0.19440371,-0.021034662,1.5174404,1.3930231,-0.01247617,-0.30519226,-0.041979857,-0.011539209,-0.32946658,0.03313099,-0.26184985,1.2723725,-0.29681087,0.012905462,0.019780915,-0.26755807,-0.025734365,-0.32854122,0.010941278,1.1654892,-0.23875734,-0.32284898,-0.32284898,0.030692305,0.03248157,-0.24718808,-0.32432246,-0.3291557,0.005142819,0.66220075,-0.2443454,-0.30590335,0.7747276,1.181734,0.01481184,-0.2851582,-0.31692833,-0.015513997,1.1437185,0.027842803,-0.24634947,-0.020790853,0.0053492934,0.037223883,0.030394608,-0.20411447,-0.26286402,-0.29172873,0.018977378,0.016808443,-0.256234,-0.023454688,0.8118062,0.011524523,0.70269036,-0.2850096,-0.30183107,-0.27669096,0.86581326,0.8832372,-0.064488664,-0.03150508,0.012213966,0.037164617,0.034022514,-0.19459927,-0.19459927,-0.32411462,1.1510648,-0.0028631855,-0.20658675,-0.20658675,1.2090852,1.1372656,-0.017375102,2.3568556,-0.01989195,-0.0034836857,1.2099097,0.8716997
k__Bacteria|p__Proteobacteria|c__Gammaproteobacteria|o__Pasteurellales|f__Pasteurellaceae|g__Haemophilus|s__unclassified,-0.28271136,0.6092238,1.0501442,0.8306259,0.6533228,-0.2932219,0.7880527,0.67604977,0.70624435,0.7465055,2.293215,0.59536886,0.98752326,0.8751805,0.64830244,1.0666676,0.59898317,0.6731229,-0.32946658,0.75484896,1.4504809,1.0638359,1.1671987,0.7105354,0.717541,1.4266523,0.61136353,1.0639625,0.6986453,0.7786403,-0.23875734,1.3968563,1.3968563,0.73788893,0.73336434,-0.24718808,1.0372256,0.8334814,0.70511454,0.60399556,1.6059386,1.1294252,-0.3233376,1.0620698,0.68470407,-0.2851582,1.1040795,0.6700126,0.9836111,0.7334014,-0.24634947,0.61107826,0.69149256,0.74889624,0.6810794,1.9702644,1.4747916,-0.29172873,0.72048116,0.6930257,1.592727,0.5597548,-0.32636124,0.7128445,0.7068906,-0.2850096,-0.30183107,-0.27669096,-0.30985528,-0.3320185,0.42455518,0.58778244,0.7196545,0.7511903,0.6988976,-0.19459927,-0.19459927,0.73991656,-0.30701396,0.6749053,-0.20658675,-0.20658675,0.64389867,0.46097258,0.6335904,-0.20655881,0.571239,0.6471888,0.63141596,0.59690046
k__Bacteria|p__Proteobacteria|c__Alphaproteobacteria|o__RF32|f__unclassified|g__unclassified|s__unclassified,-0.28271136,-0.31622976,-0.32328734,-0.31718764,-0.3162724,-0.2932219,-0.3258366,-0.3239411,0.7239371,-0.31656244,-0.19440371,-0.3098335,-0.31133458,-0.31570548,-0.3152632,-0.30519226,-0.31960678,-0.32363796,-0.32946658,-0.3182217,-0.26184985,-0.31223327,-0.29681087,-0.31913894,-0.3162224,-0.26755807,-0.3164446,-0.32854122,-0.3159101,-0.32445285,-0.23875734,-0.32284898,-0.32284898,-0.31728384,-0.31305003,-0.24718808,-0.32432246,-0.3291557,-0.32135296,0.9252892,-0.2443454,-0.30590335,-0.3233376,-0.29767188,-0.3107608,-0.2851582,-0.31692833,-0.32466555,-0.310298,-0.31656405,-0.24634947,-0.3140809,-0.31923962,-0.31563643,-0.29190445,-0.20411447,-0.26286402,-0.29172873,-0.31826055,-0.31090376,-0.256234,-0.29975185,-0.32636124,-0.31998757,0.5986663,-0.2850096,-0.30183107,-0.27669096,0.893433,1.1906842,-0.2714783,-0.31210092,-0.32275745,-0.31594002,-0.29544044,-0.19459927,-0.19459927,-0.32411462,1.0683681,-0.31730792,-0.20658675,-0.20658675,-0.33048365,0.4093023,-0.3140164,-0.20655881,-0.30148444,-0.31107748,0.65958023,0.60021013
k__Bacteria|p__Actinobacteria|c__Actinobacteria|o__Actinomycetales|f__Actinomycetaceae|g__Actinomyces|s__unclassified,1.4257724,-0.31767765,-0.32328734,-0.31718764,-0.32151386,-0.2932219,-0.3258366,-0.32751104,-0.33075604,-0.32271236,-0.19440371,-0.31159785,-0.31133458,-0.31570548,-0.32132655,-0.30519226,-0.32434434,-0.32782322,0.71606463,-0.325535,1.4496787,-0.31223327,1.1353585,-0.3254574,-0.32225,-0.26755807,-0.3178982,-0.32854122,-0.32212096,-0.32445285,1.7685717,-0.32284898,-0.32284898,-0.32142177,-0.32009813,-0.24718808,-0.32432246,-0.3291557,-0.3273244,-0.3328914,1.6138079,1.0222162,0.77244496,-0.29767188,-0.315993,-0.2851582,-0.31692833,-0.32793167,-0.310298,-0.32213187,-0.24634947,-0.31610712,-0.32327688,-0.32214838,-0.29855028,-0.20411447,-0.26286402,1.173375,-0.32489353,-0.31831086,-0.256234,-0.30242202,-0.32636124,-0.32652178,-0.33133662,-0.2850096,-0.30183107,-0.27669096,-0.30985528,-0.3320185,-0.2735667,-0.31493983,-0.32711694,-0.32287988,-0.3011399,-0.19459927,-0.19459927,-0.32411462,-0.30701396,-0.32361132,-0.20658675,-0.20658675,-0.33048365,-0.32690454,-0.3209981,-0.20655881,-0.30476624,-0.31569922,-0.33007872,-0.33506903
k__Bacteria|p__Actinobacteria|c__Actinobacteria|o__Actinomycetales|f__Actinomycetaceae|g__Parascardovia|s__unclassified,-0.28271136,-0.3200967,-0.32328734,-0.31718764,-0.32422018,-0.2932219,-0.3258366,-0.33076793,-0.33075604,-0.32367575,-0.19440371,-0.31434518,-0.31133458,-0.31570548,-0.32443097,-0.30519226,-0.32770276,-0.32967636,-0.32946658,-0.32789892,-0.26184985,-0.31223327,-0.29681087,-0.32662296,-0.3246176,-0.26755807,-0.32147896,-0.32854122,-0.32498884,-0.32445285,1.7786888,-0.32284898,-0.32284898,-0.3235607,-0.32150292,-0.24718808,-0.32432246,-0.3291557,-0.3293833,-0.3328914,-0.2443454,-0.30590335,0.77254015,-0.29767188,-0.31901535,-0.2851582,-0.31692833,-0.3316124,-0.310298,-0.32405636,-0.24634947,-0.31825435,-0.3256019,-0.32264116,-0.29925868,-0.20411447,-0.26286402,-0.29172873,-0.3257079,-0.31940186,-0.256234,-0.30441272,-0.32636124,-0.32832044,-0.33133662,-0.2850096,-0.30183107,-0.27669096,-0.30985528,-0.3320185,-0.27610528,-0.3175035,-0.3295993,-0.3236817,-0.30235374,-0.19459927,-0.19459927,-0.32411462,-0.30701396,-0.32658002,-0.20658675,-0.20658675,-0.33048365,-0.32690454,-0.3229853,-0.20655881,-0.3061982,-0.31855005,-0.33007872,-0.33506903
k__Bacteria|p__Actinobacteria|c__Actinobacteria|o__Actinomycetales|f__Corynebacteriaceae|g__Corynebacterium|s__unclassified,-0.28271136,-0.31875533,-0.32328734,-0.31718764,-0.32352442,-0.2932219,-0.3258366,-0.32957473,-0.33075604,-0.32368916,-0.19440371,-0.3126464,-0.31133458,-0.31570548,-0.3235531,-0.30519226,-0.32627803,-0.32934022,-0.32946658,-0.32661176,-0.26184985,-0.31223327,-0.29681087,-0.325762,-0.32365894,-0.26755807,-0.31929728,-0.32854122,-0.32354695,-0.32445285,-0.23875734,-0.32284898,-0.32284898,-0.32217854,-0.32117325,-0.24718808,-0.32432246,-0.3291557,-0.3285469,-0.3328914,-0.2443454,-0.30590335,-0.3233376,-0.29767188,-0.31791234,-0.2851582,-0.31692833,-0.3307011,-0.310298,-0.32357237,-0.24634947,-0.31670108,-0.32464394,-0.3224785,-0.29949355,-0.20411447,-0.26286402,-0.29172873,-0.3247259,-0.31940782,-0.256234,-0.3033321,-0.32636124,-0.32755768,-0.33133662,-0.2850096,-0.30183107,-0.27669096,-0.30985528,-0.3320185,-0.2751682,-0.31692195,-0.32806832,-0.32321656,-0.30219507,-0.19459927,-0.19459927,-0.32411462,-0.30701396,-0.32576582,-0.20658675,-0.20658675,-0.33048365,-0.32690454,-0.32274532,-0.20655881,-0.30547595,-0.31756327,-0.33007872,-0.33506903
k__Bacteria|p__Actinobacteria|c__Actinobacteria|o__Actinomycetales|f__Micrococcaceae|g__Rothia|s__mucilaginosa,-0.28271136,-0.31915078,-0.32328734,-0.31718764,-0.32389775,-0.2932219,-0.3258366,-0.33031788,-0.33075604,-0.32420886,-0.19440371,-0.3128987,-0.31133458,-0.31570548,-0.32386848,-0.30519226,-0.32668823,-0.3298331,-0.32946658,-0.32737786,1.4488758,-0.31223327,-0.29681087,-0.32626873,-0.32429892,-0.26755807,-0.31973088,-0.32854122,-0.3242127,-0.32445285,1.7644602,-0.32284898,-0.32284898,-0.32299626,-0.32155925,-0.24718808,-0.32432246,-0.3291557,-0.32925668,-0.3328914,-0.2443454,-0.30590335,-0.3233376,-0.29767188,-0.31840694,-0.2851582,-0.31692833,-0.33135825,-0.310298,-0.32421523,-0.24634947,-0.31689003,-0.3251415,-0.32290992,-0.29975146,-0.20411447,-0.26286402,-0.29172873,-0.3253123,-0.31950668,-0.256234,-0.30339408,-0.32636124,-0.3280982,-0.33133662,-0.2850096,-0.30183107,-0.27669096,-0.30985528,-0.3320185,-0.2749649,-0.31701845,-0.32887304,-0.32373294,-0.30255902,-0.19459927,-0.19459927,-0.32411462,-0.30701396,-0.32625747,-0.20658675,-0.20658675,-0.33048365,-0.32690454,-0.32282758,-0.20655881,-0.30525148,-0.31793195,-0.33007872,-0.33506903
k__Bacteria|p__Actinobacteria|c__Actinobacteria|o__Bifidobacteriales|f__Bifidobacteriaceae|g__Bifidobacterium|s__longum,1.378869,0.8732394,1.2331228,-0.31718764,0.8369179,1.6125046,0.98954165,0.8836516,0.7149894,0.73490417,-0.19440371,0.8176337,0.9594391,0.9097015,0.83948857,1.3865765,0.9342238,0.8817922,0.74854827,0.7530954,1.5773348,0.94371665,1.1598879,0.8034869,0.7691769,1.4233654,0.8706604,-0.32854122,0.7897748,0.78740966,-0.23875734,0.9784772,0.9784772,0.74672043,0.7203728,1.7839177,1.1820736,0.8827731,0.8357727,0.6324291,-0.2443454,1.417218,0.85921717,-0.29767188,0.74466705,-0.2851582,-0.31692833,0.89637226,1.0422087,0.7495851,1.7743685,0.84291005,0.8155925,0.72331,0.6635718,-0.20411447,-0.26286402,1.4862119,0.78618723,0.7438059,1.7353671,0.7663585,0.68926066,0.8103061,0.58941233,1.4012556,1.0171267,-0.27669096,-0.30985528,0.6299738,0.8130768,0.8586383,0.82302606,0.72605217,0.6744789,-0.19459927,-0.19459927,0.7097586,-0.30701396,0.82878447,-0.20658675,-0.20658675,0.90478355,0.42811942,0.84261894,2.2011776,0.7681502,0.789542,0.706801,0.5960713
k__Bacteria|p__Actinobacteria|c__Actinobacteria|o__Bifidobacteriales|f__Bifidobacteriaceae|g__Bifidobacterium|s__adolescentis,-0.28271136,-0.31310886,0.78087515,-0.31718764,-0.3164588,-0.2932219,1.4460559,-0.32251242,1.1419995,-0.31774917,-0.19440371,-0.30749065,-0.31133458,-0.31570548,-0.31655765,1.0232829,-0.31869054,-0.3217886,0.7913771,-0.32063383,1.4491435,-0.31223327,-0.29681087,-0.3196367,-0.31792423,-0.26755807,-0.3137222,-0.32854122,-0.3172895,-0.32445285,-0.23875734,1.1013774,1.1013774,-0.31688732,-0.3155649,1.6355256,0.77429086,0.7444132,-0.32166186,0.6408804,-0.2443454,-0.30590335,-0.3233376,-0.29767188,-0.31216234,-0.2851582,-0.31692833,-0.32327268,-0.310298,-0.3177468,-0.24634947,-0.3111978,-0.31846583,-0.3165401,-0.29397738,-0.20411447,-0.26286402,1.1739942,-0.31913894,-0.31323862,1.5816442,-0.29851073,-0.32636124,-0.320489,-0.33133662,1.4795346,1.0517216,-0.27669096,-0.30985528,0.63460004,-0.2688721,-0.31069824,-0.3218322,-0.31727803,-0.29696092,-0.19459927,-0.19459927,-0.32411462,-0.30701396,-0.31877208,-0.20658675,-0.20658675,-0.33048365,-0.32690454,-0.31550062,1.991396,-0.30085135,-0.31174743,-0.33007872,-0.33506903
k__Bacteria|p__Actinobacteria|c__Actinobacteria|o__Bifidobacteriales|f__Bifidobacteriaceae|g__Bifidobacterium|s__unclassified,1.2909327,0.0773177,0.8019621,-0.31718764,0.05605419,1.1636502,0.7702996,0.07215864,-0.33075604,0.011094585,-0.19440371,0.052505367,-0.31133458,-0.31570548,0.056193613,1.0407826,0.09876238,0.07371803,1.2601771,0.016222827,1.725034,-0.31223327,-0.29681087,0.040164568,0.024570286,-0.26755807,0.07293366,0.7505663,0.03412103,-0.32445285,-0.23875734,-0.32284898,-0.32284898,0.016456641,0.0050683096,1.6369776,0.7784972,0.6538754,0.052582003,-0.3328914,-0.2443454,2.016435,1.0030612,-0.29767188,0.015937023,-0.2851582,1.1198413,0.07726434,-0.310298,0.01596161,1.7854562,0.06396317,0.04571479,0.008589201,0.0023008273,-0.20411447,-0.26286402,1.1693408,0.033284135,0.018142842,1.6566073,0.03982471,0.8644689,0.0426457,0.61653894,1.2209543,-0.30183107,-0.27669096,-0.30985528,-0.3320185,0.089834064,0.069615446,0.047728486,0.00896477,0.0041715237,-0.19459927,-0.19459927,0.7828026,0.9661,0.048901454,-0.20658675,-0.20658675,0.6468737,0.67543924,0.05922371,2.0410476,0.03675016,0.036399096,-0.33007872,0.67835885
k__Bacteria|p__Cyanobacteria|c__4C0d-2|o__YS2|f__unclassified|g__unclassified|s__unclassified,-0.28271136,-0.31682238,-0.32328734,-0.31718764,-0.32158738,-0.2932219,-0.3258366,-0.32790607,-0.33075604,-0.32155228,-0.19440371,-0.3120328,-0.31133458,-0.31570548,-0.32199305,-0.30519226,-0.3252091,-0.32712203,-0.32946658,-0.32497177,-0.26184985,-0.31223327,-0.29681087,-0.3236372,-0.32241094,-0.26755807,-0.3185106,-0.32854122,-0.32163224,-0.32445285,-0.23875734,-0.32284898,-0.32284898,-0.32022923,-0.31907123,-0.24718808,-0.32432246,-0.3291557,-0.32602614,-0.3328914,-0.2443454,-0.30590335,-0.3233376,-0.29767188,-0.31658816,-0.2851582,-0.31692833,-0.32914746,-0.310298,-0.32179385,-0.24634947,-0.3155222,-0.32288456,-0.31952146,-0.29739863,-0.20411447,-0.26286402,-0.29172873,-0.32292235,-0.3172354,-0.256234,-0.30188394,-0.32636124,-0.32534325,0.6490124,-0.2850096,-0.30183107,-0.27669096,0.88316476,0.627775,-0.2746837,-0.3158056,-0.32626298,-0.3207854,-0.30050018,-0.19459927,-0.19459927,-0.32411462,-0.30701396,-0.3244031,-0.20658675,-0.20658675,-0.33048365,-0.32690454,-0.32107782,-0.20655881,-0.30366677,-0.31625637,0.63771725,0.7565088
k__Bacteria|p__Cyanobacteria|c__Chloroplast|o__Streptophyta|f__unclassified|g__unclassified|s__unclassified,-0.28271136,-0.31976753,-0.32328734,-0.31718764,-0.32320985,-0.2932219,-0.3258366,-0.32966253,-0.33075604,-0.32392904,-0.19440371,-0.3135821,-0.31133458,-0.31570548,-0.3230725,-0.30519226,-0.32641697,-0.3294943,-0.32946658,-0.32693422,-0.26184985,-0.31223327,-0.29681087,-0.32649195,-0.32382908,-0.26755807,-0.32016373,-0.32854122,-0.32355154,-0.32445285,-0.23875734,-0.32284898,-0.32284898,-0.3228822,-0.32121712,-0.24718808,-0.32432246,-0.3291557,-0.32873005,-0.3328914,-0.2443454,-0.30590335,-0.3233376,-0.29767188,-0.3177979,-0.2851582,-0.31692833,-0.330209,-0.310298,-0.32369995,-0.24634947,-0.31780854,-0.32491833,-0.3228526,-0.29946968,-0.20411447,-0.26286402,-0.29172873,-0.3257422,-0.31924474,-0.256234,-0.30406862,-0.32636124,-0.3278017,0.5863961,-0.2850096,-0.30183107,-0.27669096,-0.30985528,-0.3320185,-0.2754953,-0.31698775,-0.3288684,-0.32375827,-0.30232143,-0.19459927,-0.19459927,-0.32411462,-0.30701396,-0.3253289,-0.20658675,-0.20658675,-0.33048365,-0.32690454,-0.32236847,-0.20655881,-0.30589062,-0.3173954,-0.33007872,-0.33506903
k__Bacteria|p__Fusobacteria|c__Fusobacteria|o__Fusobacteriales|f__Fusobacteriaceae|g__Fusobacterium|s__unclassified,1.3269185,-0.31953257,-0.32328734,-0.31718764,-0.3215375,-0.2932219,-0.3258366,-0.32834774,-0.33075604,-0.3225578,-0.19440371,-0.31278664,-0.31133458,-0.31570548,-0.3213234,-0.30519226,-0.32418507,-0.32754856,-0.32946658,-0.32489213,-0.26184985,-0.31223327,-0.29681087,-0.32429087,-0.32280213,-0.26755807,-0.32008216,-0.32854122,-0.3213356,-0.32445285,-0.23875734,-0.32284898,-0.32284898,-0.3216918,-0.31967998,-0.24718808,-0.32432246,-0.3291557,-0.3261306,-0.3328914,-0.2443454,1.0286467,-0.3233376,-0.29767188,-0.3166272,-0.2851582,-0.31692833,-0.32983017,-0.310298,-0.3226512,-0.24634947,-0.31722918,-0.32418805,-0.32091033,-0.29770866,-0.20411447,-0.26286402,-0.29172873,-0.32364798,-0.31715792,-0.256234,-0.3028134,-0.32636124,-0.32478997,-0.33133662,-0.2850096,-0.30183107,-0.27669096,-0.30985528,-0.3320185,-0.27359167,-0.31622413,-0.32767284,-0.32156503,-0.30160928,-0.19459927,-0.19459927,-0.32411462,-0.30701396,-0.32371825,-0.20658675,-0.20658675,-0.33048365,-0.32690454,-0.32049116,-0.20655881,-0.3053145,-0.31631136,-0.33007872,-0.33506903
k__Bacteria|p__Fusobacteria|c__Fusobacteria|o__Fusobacteriales|f__Fusobacteriaceae|g__unclassified|s__unclassified,-0.28271136,-0.31920686,-0.32328734,-0.31718764,-0.32338226,-0.2932219,-0.3258366,-0.32965767,-0.33075604,-0.32365137,-0.19440371,-0.31308115,-0.31133458,-0.31570548,-0.32323688,-0.30519226,-0.32631236,-0.32943135,-0.32946658,-0.32660437,-0.26184985,-0.31223327,-0.29681087,-0.32594362,-0.32357225,-0.26755807,-0.31964123,-0.32854122,-0.32357547,-0.32445285,-0.23875734,-0.32284898,-0.32284898,-0.32254416,-0.32096452,-0.24718808,-0.32432246,-0.3291557,-0.3286653,-0.3328914,-0.2443454,-0.30590335,-0.3233376,-0.29767188,-0.31785658,-0.2851582,-0.31692833,-0.33048773,-0.310298,-0.32353407,-0.24634947,-0.31712165,-0.3246805,-0.3225772,-0.29934686,-0.20411447,-0.26286402,-0.29172873,-0.3249966,-0.31910402,-0.256234,-0.30378652,-0.32636124,-0.32763916,-0.33133662,-0.2850096,-0.30183107,-0.27669096,-0.30985528,-0.3320185,-0.27534154,-0.31688738,-0.3283889,-0.32334918,-0.30203694,-0.19459927,-0.19459927,-0.32411462,-0.30701396,-0.32549906,-0.20658675,-0.20658675,-0.33048365,-0.32690454,-0.32238117,-0.20655881,-0.30557984,-0.31746316,-0.33007872,-0.33506903
k__Bacteria|p__Tenericutes|c__Mollicutes|o__RF39|f__unclassified|g__unclassified|s__unclassified,-0.28271136,-0.3180617,-0.32328734,-0.31718764,-0.32157865,-0.2932219,-0.3258366,-0.32777256,-0.33075604,-0.32201886,-0.19440371,-0.3116017,-0.31133458,-0.31570548,-0.3216077,-0.30519226,-0.32440794,-0.3271671,-0.32946658,-0.3245055,-0.26184985,-0.31223327,-0.29681087,-0.32337022,-0.32221377,-0.26755807,-0.31871402,-0.32854122,-0.32073283,-0.32445285,-0.23875734,-0.32284898,-0.32284898,-0.31992853,-0.3193279,-0.24718808,-0.32432246,-0.3291557,-0.32556683,-0.3328914,-0.2443454,-0.30590335,-0.3233376,-0.29767188,-0.31646392,-0.2851582,-0.31692833,-0.32921016,-0.310298,-0.32205373,-0.24634947,-0.31590775,-0.32318616,-0.3199415,-0.29774606,-0.20411447,-0.26286402,-0.29172873,-0.32233983,-0.317338,-0.256234,-0.3017184,-0.32636124,-0.32468706,-0.33133662,-0.2850096,-0.30183107,-0.27669096,-0.30985528,0.62114924,-0.2739054,-0.31621265,-0.32640892,-0.3208006,-0.30125993,-0.19459927,-0.19459927,-0.32411462,-0.30701396,-0.32394916,-0.20658675,-0.20658675,-0.33048365,-0.32690454,-0.321055,-0.20655881,-0.3041404,-0.31592327,-0.33007872,-0.33506903
k__Bacteria|p__Verrucomicrobia|c__Verrucomicrobiae|o__Verrucomicrobiales|f__Verrucomicrobiaceae|g__Akkermansia|s__muciniphila,-0.28271136,-0.28242183,-0.32328734,1.9071275,-0.2811187,-0.2932219,-0.3258366,-0.28738785,0.6971363,-0.2757383,-0.19440371,-0.27506578,-0.31133458,-0.31570548,-0.2807397,-0.30519226,-0.28889462,-0.28800327,-0.32946658,-0.27788085,-0.26184985,1.0218436,-0.29681087,-0.28154534,-0.27720034,-0.26755807,-0.28211692,-0.32854122,-0.27797598,0.73241657,-0.23875734,-0.32284898,-0.32284898,-0.275737,-0.2729243,-0.24718808,0.8103969,0.64950377,-0.28396884,0.7370884,-0.2443454,-0.30590335,-0.3233376,1.1048373,-0.27190524,-0.2851582,-0.31692833,-0.28809983,-0.310298,-0.27592054,-0.24634947,-0.2798912,-0.28108996,-0.27477336,-0.2545203,-0.20411447,-0.26286402,-0.29172873,-0.28041977,-0.27343434,-0.256234,-0.2668173,0.80589837,-0.28224564,0.5990554,-0.2850096,1.0172048,-0.27669096,-0.30985528,0.66404194,-0.24809232,-0.27908918,-0.2840241,-0.27529237,-0.25689974,-0.19459927,-0.19459927,0.94724256,1.2225202,-0.28140268,-0.20658675,-0.20658675,-0.33048365,0.3989599,-0.2814607,-0.20655881,-0.26806015,-0.27479678,0.6137281,0.6036735
