"#OTU ID","E002338.0","E002338.1","E002338.2","E002338.3","E002338.4","E002473.0","E002473.1","E002473.2","E002473.3","E002473.4","E004934.0","E004934.1","E004934.2","E004934.3","E004934.4","E005804.0","E005804.1","E005804.2","E005804.3","E005804.4","E008437.0","E008437.1","E008437.2","E008437.3","E008437.4","E008643.0","E008643.1","E008643.2","E008643.3","E008643.4","E012393.0","E012393.1","E012393.2","E012393.3","E012393.4","E012678.0","E012678.1","E012678.2","E012678.3","E012678.4","E016148.0","E016148.1","E016148.2","E016148.3","E016148.4","E017049.0","E017049.1","E017049.2","E017049.3","E017049.4","E018421.0","E018421.1","E018421.2","E018421.3","E018421.4","E019187.0","E019187.1","E019187.2","E019187.3","E019187.4","E019349.0","E019349.1","E019349.2","E019349.3","E019349.4","E022960.0","E022960.1","E022960.2","E022960.3","E022960.4","E023535.0","E023535.1","E023535.2","E023535.3","E023535.4","E023681.0","E023681.1","E023681.2","E023681.3","E023681.4","E025921.0","E025921.1","E025921.2","E025921.3","E025921.4","E030828.0","E030828.1","E030828.2","E030828.3","E030828.4"
"k__Bacteria|p__Firmicutes|c__Clostridia|o__Clostridiales|f__Veillonellaceae|g__Megasphaera|s__micronuciformis",-0.118629001341419,-0.319041579811562,-0.323287326324358,-0.764229092891632,-0.332225720580443,-0.293221895414971,0.303437703430141,0.470052344531614,-0.395473365767241,0.530088192754236,-0.194403708700546,-0.239617834012531,-0.31133457204348,-0.66203837761723,-0.309935313295232,0.0800873752104704,-0.107574645354288,-0.0351578678077314,-0.0142900501519276,-0.0346159771509708,0.0371440587726604,-0.312233273660566,-0.378038335258664,-0.209450623866429,-0.398202592495216,-0.267558058081083,-0.261857470113646,-0.432400648170071,-0.752736038299997,-0.492344485599655,-0.238757338291164,-0.423077958061503,-0.622394365535428,-0.867664914384742,-0.68809840249514,-0.0138640303369861,-0.172775613343882,-0.222756899782829,-0.194554198150766,-0.332891415879973,0.017571023895315,-0.536818439712691,-0.756864331338974,-0.626252637792925,-0.854407844333016,-0.0331142218377721,0.0674216330390204,0.165066233299791,-0.0964211966617734,0.267769448031581,-0.171888368052624,-0.0150562326569537,0.269319421843689,-0.809980506306268,0.463136536737224,-0.0602727364866408,0.113994993507659,0.119741693063495,0.178852222556605,0.0955615581520891,0.482951642827203,0.205934467793321,0.201870966568495,1.62584644803805,0.114329925404091,0.116930865171278,-0.231688489334407,-0.358275107373955,-0.277129806330474,-0.345060180284021,0.0809703648123551,-0.158520434295795,-0.505747513712942,0.342508354783378,-0.677392470591559,-0.364039445290146,0.400353504061172,0.773043857561474,-0.858467496711266,0.929320096993457,0.0533912492070728,0.0566625690269327,0.227006082330851,0.1248070090623,0.308383321459903,-0.206558810956048,0.308016815516532,0.375260017641698,-0.0117661688074885,0.340795056163154
"k__Bacteria|p__Firmicutes|c__Clostridia|o__Clostridiales|f__Veillonellaceae|g__Megasphaera|s__geminatus",-0.244477441984726,-0.319041579811562,-0.323287326324358,-1.10235186712512,-0.332225720580443,-0.293221895414971,0.28508279132511,0.488660289847975,-0.537533382080003,0.573967405249241,-0.194403708700546,-0.26803855820868,-0.31133457204348,-1.10706298691806,-0.309935313295232,0.0519409384721518,-0.215715162766255,-0.23662975755711,-0.152957960174303,-0.266974840021881,-0.028568577701789,-0.312233273660566,-0.435430059347997,-0.377061935043642,-0.474399937852957,-0.267558058081083,-0.412620864477351,-0.63583758447086,-1.11673786330063,-0.719985921610902,-0.238757338291164,-0.602587575644013,-0.845185485271099,-1.30703339183571,-0.98302099508115,-0.0537056165783455,-0.185698373869291,-0.236557339707453,-0.301361003903101,-0.332891415879973,-0.0357539116769211,-0.669709281925302,-0.991534420345214,-0.849401810759495,-1.10155034252123,-0.0842100602642333,0.278875947598307,0.373046791424562,-0.192364092019731,0.451558098582452,-0.279875876280751,0.251366556980691,0.596770651144492,-0.941051211241428,0.799346381565418,-0.00218173612731225,0.107240787801876,0.105466265247653,0.341371181245605,0.0565001289397385,0.612326568900286,0.289453098642226,0.253511888807702,2.40500185243642,0.166916908403646,-0.0371598813851706,-0.0683723109243193,-0.153723304910909,-0.4553408487346,-0.171556578346568,0.151644030381941,-0.371819053912875,-0.87267355467245,0.295702309805657,-1.09770787470936,-0.357922298625027,0.364438137176308,0.805781676380785,-1.12747571798715,0.993176431612627,0.00772754049467566,0.215017716242581,0.397786305700667,0.111526507759694,0.518824023164458,-0.206558810956048,0.312477735002429,0.371217691848877,-0.165604890230273,0.354250823459829
"k__Bacteria|p__Firmicutes|c__Bacilli|o__unclassified|f__unclassified|g__unclassified|s__unclassified",0.222407622914413,0.890906681150128,0.778741757438803,0.97576369603697,-0.332225720580443,-0.293221895414971,0.0591866278119946,0.198227655388357,0.529919002500506,0.27317228936065,-0.194403708700546,-0.0124763346679807,-0.31133457204348,0.827002555238349,-0.309935313295232,-0.16626540778441,0.178218351083695,0.0978380883368975,-0.0435458432127018,-0.0149126649525554,0.0752714561428379,-0.312233273660566,-0.14706249335266,0.216398317952019,-0.197879552216082,1.43319407151204,-0.253484838130961,-0.412889287684692,0.781674349481012,-0.475355006848889,-0.238757338291164,-0.126918228661964,-0.302952120449982,0.888609133776377,-0.443896289910577,0.103672916321902,-0.0507395802874599,-0.100274919461891,0.174649979608914,-0.332891415879973,0.315738361712755,-0.209636157637286,-0.342176049298457,0.886303595732425,-0.511225877250818,0.0196882546519876,0.112623944761798,0.218994068764668,0.39622239340825,0.228623937530968,-0.0350054880731215,0.567867285822811,0.544432735555331,0.837059913066317,0.54195437442525,-0.0102748100681612,-0.116263227030823,-0.0699069119100568,-0.277766959588791,-0.0260516606024054,-0.584014512106441,-0.048525354731929,0.0598425479978149,-1.92036001641153,0.0829885826355867,0.181809923364012,-0.180018282741147,-0.162295021886479,0.480674521879142,-0.178342283044405,0.259669854697627,-0.853093778913999,-0.894601192172672,-0.532838798090863,-0.877096715278111,-0.030940739520496,0.639040147906913,0.72673774401796,0.962742322741001,0.761135656304813,-0.284132227078452,0.324626423174534,0.311967720515918,-0.278548044174112,0.305347200300202,-0.206558810956048,-0.202655129748636,-0.0982994252489512,0.0479666641177743,-0.0284363800479693
"k__Bacteria|p__Firmicutes|c__Bacilli|o__Lactobacillales|f__Enterococcaceae|g__Enterococcus|s__unclassified",0.224589063941217,0.891804869863405,0.776603837057891,0.802095572208182,-0.332225720580443,-0.293221895414971,0.124170632541783,0.345007859871555,0.457199945699307,0.488634048812622,-0.194403708700546,-0.0223872866230385,-0.31133457204348,0.661491001037921,-0.309935313295232,-0.167473002737216,0.156927188445918,0.0668273722050531,-0.15317017683821,-0.0405100746937762,0.127704518258265,-0.312233273660566,-0.252128771779536,0.215236287975511,-0.346197855730295,1.42758950726633,-0.287514457381708,-0.447263303750767,0.602480538954312,-0.521908994567066,-0.238757338291164,-0.19858401730072,-0.442249394745646,0.637656421319317,-0.5997255638938,0.0935034877404051,-0.0210001309761753,-0.118457869246965,0.221568167878728,-0.332891415879973,0.253096539108454,-0.399538246577415,-0.72979272561115,0.469189223955245,-0.934970779290982,-0.0155819130346128,0.0344005339850202,0.139475485595116,0.240763622305301,0.199990894455975,-0.0413809280267512,0.644081445355471,0.752350039085634,0.786305314350277,0.710196439790265,0.074307699875271,-0.148177493228647,-0.0871176046140649,-0.0147473182398545,-0.0111392634344169,-0.628153626410549,0.0744415373813522,0.151764944679269,-1.62196182007637,0.166133829748041,0.0789295303594799,-0.256585749348327,-0.351827754897278,0.143551354741909,-0.383917370514824,0.30192849291413,-0.944925538051728,-1.08969005325956,-0.413189879083268,-1.11122336885212,-0.0677078736009324,0.742598849083024,0.963764610127171,0.828076356640795,1.05996049267363,-0.231624426578906,0.344338750133437,0.43011382283736,-0.158806370941798,0.418315399533594,-0.206558810956048,-0.213459141740985,-0.0315718944421629,0.042223093907613,0.0640347443979616
"k__Bacteria|p__Firmicutes|c__Clostridia|o__Clostridiales|f__Clostridiaceae|g__Clostridium|s__perfringens",0.795259605942505,-0.319041579811562,-0.323287326324358,2.84207868610121,-0.332225720580443,1.18135425165703,0.452188743899653,0.779613536474263,1.66904098281558,0.893247216157414,-0.194403708700546,0.0983552189242709,-0.31133457204348,2.46939123528895,-0.309935313295232,-0.20762825539159,0.248290446722524,0.0310342220648883,-0.0504473948853529,-0.15108698719957,0.379377646720681,-0.312233273660566,-0.508553161122213,0.704284999514652,-0.686409805416822,2.41759219301501,-0.362696764644302,-0.840757296467751,2.32943874031442,-1.15315409848207,1.7735542797477,-0.25393789074191,-0.871715765444518,2.64499207514506,-1.30089530486125,0.349852971224021,-0.0449928403375487,-0.220474890184821,0.759748413924632,-0.332891415879973,0.887406333683326,-0.532185974333134,-1.12607245391754,2.24347580541979,-1.58376687274672,0.0887339231042443,0.201607210468411,0.437412387021045,1.11036231146937,0.51014216882625,0.263764276067882,1.08762888250162,1.30569003643788,2.76712906199904,1.33885309650085,-0.0159391799298935,-0.0394701643825045,0.0159289074661312,-0.418632855764415,0.069298945272354,-1.70113759288914,-0.532584477865377,-0.226797916741966,-5.98867074424256,0.0223155937432017,0.411882687456884,-0.625966470282271,-0.750784484771011,1.07086308008413,-0.845903653806376,0.266509518715438,-1.5791188668433,-2.03727856026106,-1.52052303147974,-2.20419633354318,0.149207748010539,1.7323230520536,2.20645222072867,3.21261674180186,2.32689523493783,-0.411722425804534,0.410741200958769,0.530577260210009,-0.528227286438527,0.603703664832121,-0.206558810956048,-0.175696839037307,0.0107890969456915,0.298431107471326,0.0691458564208304
"k__Bacteria|p__Firmicutes|c__Clostridia|o__Clostridiales|f__Clostridiaceae|g__Peptoniphilus|s__asaccharolyticus",-0.200116441355331,-0.319041579811562,-0.323287326324358,-0.994310697058002,-0.332225720580443,-0.293221895414971,0.245368843563476,0.35690641234899,-0.50482169376517,0.378657616927551,-0.194403708700546,-0.267049174617513,-0.31133457204348,-0.882621163022353,-0.309935313295232,0.0268849997801473,-0.0888782658748066,-0.121400809684727,-0.0674885827636881,-0.124658993433302,-0.000775404482276221,-0.312233273660566,-0.29752217172751,-0.239254184282566,-0.302388464845866,-0.267558058081083,-0.23590676406032,-0.31289083093941,-0.856037976913039,-0.341148142173729,-0.238757338291164,-0.382065242520911,-0.46664947889569,-1.02852413252995,-0.49888640401841,-0.0357869697178087,-0.208623274484776,-0.213408919430574,-0.280314289019027,-0.332891415879973,-0.0358786955772414,-0.510250382185506,-0.622197703379642,-0.829581264340993,-0.654919775193972,-0.0267914733524393,0.0222104189566178,0.0503710284618319,-0.261445138385196,0.118195287341278,-0.242754670672589,-0.0711759908110896,0.0909618065103386,-1.06502845437689,0.241805887370359,-0.0513816458240664,0.157400340213503,0.162943684484953,0.20051565506109,0.10809678436706,0.60450437023724,0.205026978945639,0.184471155393009,2.10768247001926,0.0903460826213591,0.110173247777197,-0.288986156709444,-0.360846635219173,-0.386388926271965,-0.306899147540464,0.114578921486722,-0.0869604306670117,-0.288403769032612,0.512215070316619,-0.418239063343903,-0.447284607237191,0.350948422493815,0.561313532659074,-1.21743480874684,0.653170263868562,0.0250811769515071,0.0692478296007566,0.182933100775151,0.131997944030356,0.246429463807426,-0.206558810956048,0.387558489856262,0.429333046131925,-0.00785825030141162,0.389214124266785
"k__Bacteria|p__Firmicutes|c__Bacilli|o__Bacillales|f__Staphylococcaceae|g__Staphylococcus|s__unclassified",-0.462282675517517,-0.319041579811562,-0.323287326324358,-1.77970514773359,-0.332225720580443,-0.293221895414971,-0.693580813408921,-0.522398016337602,-0.812115313849366,-0.28110799885226,-0.194403708700546,-0.36850759627059,-0.31133457204348,-1.62644047182513,-0.309935313295232,-0.111897960023311,0.193968074689578,-0.0450334255304342,-0.230097458745293,-0.182395655282338,-0.116182086353666,-0.312233273660566,-0.121533747348469,-0.501490499924564,-0.206142828230387,-0.267558058081083,-0.790369232731963,-0.870108071369436,-1.62517715933232,-0.845753146435714,-0.238757338291164,-0.570287451824971,-0.778616966247975,-1.92038812931993,-0.854541401921332,-0.111468392094587,-0.0280693829543181,-0.0964145513620497,-0.536606880083317,-0.332891415879973,-0.0887011571268549,-0.252328398180547,-0.396426505581054,-1.7365920533932,-0.518079863784895,-0.0290064465187791,-0.294883638167422,-0.0914556463329935,-0.412845231365696,0.0320045843465328,-0.768288075158668,0.278763836590709,0.359416269980522,-1.33171022943175,0.410521382279764,0.233540796892838,-0.436801902674639,-0.406525671207456,0.472282863252434,-0.277764350288556,0.702443275299508,1.12100682546182,0.992747075630662,3.62232242352145,0.684973138827953,-0.0149437322521039,-0.31073416253242,-0.236168204758462,-0.614338006202138,-0.289638637742089,0.742688994406087,-1.13434936365942,-1.3957863110705,0.534813656267559,-1.5401364474163,-0.740506860921913,-0.0274645605404612,0.241817167252071,-2.12085557789438,0.551744901255113,-0.114201957791987,0.313225405529547,0.257013897085595,0.370234580320924,0.218272769038886,1.98913095438535,-1.24430433247562,-1.17173009076484,0.0368020387719142,-1.02583671800481
"k__Bacteria|p__Firmicutes|c__Bacilli|o__Lactobacillales|f__unclassified|g__unclassified|s__unclassified",0.189162507691037,-0.319041579811562,-0.323287326324358,0.485684953969175,-0.332225720580443,-0.293221895414971,0.535868088404904,0.799563950656344,0.319895801566779,0.863422723906271,-0.194403708700546,-0.121736162770332,-0.31133457204348,0.398386840537563,-0.309935313295232,0.0477564233826555,-0.0595954495737591,-0.0712232820760288,0.0541079408074185,-0.131625419577403,0.135620115533715,-0.312233273660566,-0.524855542124616,0.0370820810098278,-0.597825271425728,1.411061123665,-0.287537379713825,-0.643330149139699,0.241766855036995,-0.844443993982853,-0.238757338291164,-0.449109481503659,-0.82648664415914,0.311039307310297,-1.0654935742304,0.0917620135564165,-0.182511426979201,-0.257796626323238,0.0643781320289905,-0.332891415879973,0.321690947205715,-0.638557628101778,-1.03558832471969,0.418895786355899,-1.2907579168443,-0.0508577578965035,0.254679106457729,0.393740834165254,0.331597105564988,0.485005279960341,-0.00573021237507653,0.499044362009181,0.811550364463301,0.449082276295987,1.02109407633942,-0.136883975012198,0.155118806693757,0.152266091530172,-0.145656900522576,0.107559865042602,-0.224786094746442,-0.228460849223224,-0.115886917219683,-1.01730658029157,-0.050230131538383,0.135085289929717,-0.314533569870545,-0.45188727704114,0.134437658860679,-0.479995857937973,0.0648533528546148,-0.591666464670219,-1.03276124060442,-0.297724816136563,-1.29950607010983,-0.0709880750750392,0.91800561125919,1.36008613255405,0.730292368334124,1.56121085560776,-0.0597843736490161,0.188183289728217,0.399451925927561,-0.0493306163435057,0.56352100226818,-0.206558810956048,0.419471495819834,0.551503900970549,0.0338896157140253,0.4735511259726
"k__Bacteria|p__Firmicutes|c__Bacilli|o__Lactobacillales|f__Leuconostocaceae|g__Leuconostoc|s__unclassified",-0.219824091580389,-0.319041579811562,-0.323287326324358,-1.00745663406603,-0.332225720580443,-0.293221895414971,0.229789574191565,0.398133503593805,-0.374209132609573,0.478698283831701,-0.194403708700546,-0.279810512223107,-0.31133457204348,-0.92531840372852,-0.309935313295232,0.0299067088123738,-0.0731092460787176,-0.0870665762052348,-0.0926669159792379,-0.126945476109383,-0.00507896852319061,-0.312233273660566,-0.380856030712091,-0.325017523633783,-0.414276612272614,-0.267558058081083,-0.360706954799296,-0.552072736062339,-0.889292605391448,-0.633227227444362,-0.238757338291164,-0.489089658790682,-0.700363254336673,-1.09741431503712,-0.788834831419684,-0.0438623631201482,-0.199387648989841,-0.25592322451079,-0.338750482877943,-0.332891415879973,0.0257599163523478,-0.579131780664663,-0.828689507284928,-0.816922244995744,-0.944428848828291,-0.053555461951684,0.0699312296982572,0.187047769746741,-0.214603991028113,0.287842296474674,-0.221158042642011,-0.058138452790471,0.262045254365534,-0.924479625356764,0.525511043931777,-0.0860415563536308,0.100187401586361,0.0973416700372036,0.176163054391652,0.0470886398320067,0.627188801920413,0.246590764207708,0.231549361889213,2.0377205668437,0.129907915400496,0.10551496451703,-0.243892052856266,-0.315248832325654,-0.300461340079794,-0.314792792350511,0.174532439068979,-0.291091904365319,-0.640629127753079,0.394686952588888,-0.890856193185719,-0.498000950899654,0.405838306211286,0.77431167029324,-1.10793315849622,0.972522828621722,0.0441474887661378,0.0863490176838027,0.226843434605457,0.201968595943721,0.30987503955354,-0.206558810956048,0.177474916978936,0.251094101010731,0.0075319111043758,0.222923035645507
"k__Bacteria|p__Firmicutes|c__Clostridia|o__Clostridiales|f__Lachnospiraceae|g__Blautia|s__obeum",-0.169881159954864,-0.319041579811562,-0.323287326324358,-1.02235945753687,-0.332225720580443,-0.293221895414971,0.345629979625632,0.521399397669564,-0.428333182759132,0.529527716232608,-0.194403708700546,-0.264401549050105,-0.31133457204348,-0.968283747143501,-0.309935313295232,0.0667753435713184,-0.153206887586193,-0.134151907409692,-0.121447088370941,-0.130325931337432,0.0350773704397433,-0.312233273660566,-0.412698032472775,-0.297332843745474,-0.403394889009127,-0.267558058081083,-0.217225039935091,-0.360667939090128,-0.906394080110349,-0.423493587977121,-0.238757338291164,-0.453157464932924,-0.622503556196722,-1.14556644149,-0.670523480171777,-0.0406050537988479,-0.235506886606399,-0.260130175829876,-0.392876113085874,-0.332891415879973,-0.0206785660237245,-0.603758402746776,-0.813558958485245,-0.944664121865938,-0.888383819895011,-0.062073432116102,0.0685908978896626,0.149249432425922,-0.228926484297755,0.261112673984866,-0.159644515300762,-0.125689238287722,0.165908931911262,-1.02156660872398,0.374187072302959,-0.0831849067525604,0.285283089776128,0.258571203264071,0.349588774340132,0.215732988475567,0.637175476944789,0.184965711671537,0.123655937430064,2.14254580777681,0.0748010125518778,0.0670706936485113,-0.301706266207585,-0.415364231959363,-0.426934735437582,-0.40062244460936,0.0660945524166837,-0.0459343737270962,-0.442446692263417,0.458907037337177,-0.66412645966343,-0.480292218207626,0.364528015810576,0.749555429807801,-1.29470329137811,0.90521883463991,0.088791881849225,0.0123752874733003,0.171402916616577,0.110507958684634,0.297503408164022,-0.206558810956048,0.417191076178587,0.458715613171463,0.0133055530716594,0.410654537103571
"k__Bacteria|p__Firmicutes|c__Clostridia|o__Clostridiales|f__Lachnospiraceae|g__Coprococcus|s__eutactus",-0.116365516497202,-0.319041579811562,-0.323287326324358,-0.717115528670288,-0.332225720580443,-0.293221895414971,0.330850345491129,0.478824650024642,-0.396877847325072,0.525288706767554,-0.194403708700546,-0.249550129305423,-0.31133457204348,-0.701864457424772,-0.309935313295232,0.0934177590822608,-0.204717928381292,-0.245339514962727,-0.0508339768758737,-0.25046658428238,0.0127884952251909,-0.312233273660566,-0.426748337973382,-0.2637762134014,-0.474174250370872,-0.267558058081083,-0.324125042928747,-0.542210913956201,-0.772172881147185,-0.66537566047002,-0.238757338291164,-0.521340453829945,-0.800499298831374,-0.930519439838572,-0.938296887569253,-0.0530916369939286,-0.219494980437915,-0.266108917671028,-0.361189963675106,-0.332891415879973,0.00192043963026619,-0.65686073073269,-0.920654270392938,-0.802169653258635,-1.05887042500889,-0.021642230979054,0.222638769041073,0.326162606641869,-0.0720399320619877,0.453223206860524,-0.154306700940094,0.109128915777641,0.423691385093235,-0.61423333014378,0.695470413046663,-0.0991666069637407,0.197324323787742,0.19846526754284,0.0659095095374432,0.114614248126658,0.507895012633139,0.20309778542284,0.187112329014276,1.61815038052955,0.149082913487394,0.132384666092597,-0.184995096587626,-0.260019430555993,-0.205220173110616,-0.258229531030968,0.061462245674683,-0.257543421872865,-0.718793817363919,0.240752877098914,-1.03068555718364,-0.334415359186853,0.373504804283443,0.773543616958027,-0.868649571104104,1.01115990929782,0.0667908482847425,0.0839133913437002,0.277990072747979,0.137396044703249,0.410778356983019,-0.206558810956048,0.346494235358566,0.401005012285147,-0.0378380987119687,0.326458692299621
"k__Bacteria|p__Firmicutes|c__Bacilli|o__Lactobacillales|f__Lactobacillaceae|g__unclassified|s__unclassified",-0.157762493888159,-0.319041579811562,-0.323287326324358,-0.909834074211571,-0.332225720580443,-0.293221895414971,0.407918394945014,0.509798048190219,-0.342167211560627,0.535324105696743,-0.194403708700546,-0.22142110439357,-0.31133457204348,-0.83736697878142,-0.309935313295232,0.0333773433834306,-0.101098967700708,-0.0657735550515621,-0.10486683809741,-0.0485293593841391,0.0292472296738723,-0.312233273660566,-0.347942040773585,-0.273668188073962,-0.361533943153271,-0.267558058081083,-0.174558470840616,-0.297498412981149,-0.790820572937624,-0.383044827470624,-0.238757338291164,-0.349916249348288,-0.467528413541874,-1.02071322146591,-0.509514113559139,-0.00942685349248159,-0.216269836590299,-0.239748405129028,-0.274750872843303,-0.332891415879973,-0.0715425572910841,-0.494095945695099,-0.616997289937654,-0.747202207505338,-0.688168427547954,-0.0767943249385092,0.140416707086072,0.223286102432784,-0.24144132465587,0.271547173929491,-0.139125553236134,-0.0858576148218187,0.0974948876589793,-0.965740057788975,0.380010047781536,-0.0676319257281238,0.243348608094443,0.205286694400739,0.320542723362768,0.127403147815307,0.565285809192098,0.0743742042512724,0.0613821880684616,1.97901548284368,-0.0194056136523284,0.0510389596715786,-0.27647705993557,-0.317158159897205,-0.472446072022526,-0.298404514410891,0.0117171444327638,0.0927326274883694,-0.119942722971698,0.426999680735353,-0.327916942848837,-0.358473220688351,0.370479346516587,0.634911743406451,-0.942352923959375,0.779619749846514,0.0753215338838941,0.0399917011166987,0.137286640935443,0.105261340996962,0.244710709332693,-0.206558810956048,0.590566064298372,0.626658095077033,-0.0041511853543428,0.552869799900082
"k__Bacteria|p__Firmicutes|c__Erysipelotrichi|o__Erysipelotrichales|f__Erysipelotrichaceae|g__[Eubacterium]|s__biforme",-0.0994845485596302,-0.319041579811562,-0.323287326324358,-0.677095979216346,-0.332225720580443,-0.293221895414971,0.414166139405516,0.544234559151276,-0.335857251131663,0.577003648192338,-0.194403708700546,-0.205150603470696,-0.31133457204348,-0.587148316596895,-0.309935313295232,0.0920723578008758,-0.289594415141641,-0.291581059826695,-0.108872887973571,-0.291274260774432,0.0371119552461089,-0.312233273660566,-0.417810845038215,-0.148434567264167,-0.444018278761226,-0.267558058081083,-0.18891772548031,-0.353843920568252,-0.638542757716714,-0.446690257578897,-0.238757338291164,-0.462960164545697,-0.706905461875764,-0.777026730918751,-0.819752851882495,-0.0018856208542126,-0.230429160431611,-0.261376866258354,-0.213407911965527,-0.332891415879973,-0.0203372134732057,-0.690258531087543,-0.8707427932304,-0.74854902042851,-0.910907836770162,-0.0788988217435691,0.23067251186673,0.373340209264678,-0.242158392157557,0.467048978497001,-0.143406137148849,0.120502470648448,0.393785361302588,-0.72863108507937,0.590998842356239,-0.0813174445323626,0.297916106711311,0.287852177063224,0.147364196266182,0.211613318063819,0.47399781265952,-0.0405218641095932,0.00110056503088459,1.43396445094646,-0.0274562710365797,0.0175405312332848,-0.13893992103552,-0.238051631843259,-0.319662898825968,-0.264251309969839,0.0371104706041254,-0.172442295490171,-0.609124504483462,0.329203747615377,-0.846158767083752,-0.318109493997126,0.374545228807002,0.712609882305846,-0.840824802369912,0.856467096795246,0.0390550764391553,0.13170750079225,0.310143631683761,0.11521247366024,0.410773507077037,-0.206558810956048,0.599298176154254,0.65529020678262,-0.0800199652716757,0.5842341476612
"k__Bacteria|p__Firmicutes|c__Clostridia|o__Clostridiales|f__Veillonellaceae|g__Dialister|s__invisus",-0.33592290356255,-0.319041579811562,-0.323287326324358,-1.55890290341936,-0.332225720580443,-0.293221895414971,0.0767599888808404,0.234076643061875,-0.746023177400765,0.303643011006229,-0.194403708700546,-0.320673840013344,-0.31133457204348,-1.47475541090385,-0.309935313295232,0.00890167635406617,-0.058418726733134,-0.0624350867952075,-0.143435807574301,-0.0751563369629361,-0.0473538154401632,-0.312233273660566,-0.311657673692851,-0.452782230961786,-0.306218275963612,-0.267558058081083,-0.348574199075246,-0.410568100776615,-1.43876406186601,-0.441132516496847,-0.238757338291164,-0.482488604922672,-0.581497838314404,-1.73533418826156,-0.599465638511696,-0.0946086520492346,-0.167253387099113,-0.206480119456911,-0.515631055906249,-0.332891415879973,-0.154001195329343,-0.498259552658252,-0.632382858467111,-1.4692665802335,-0.671869837674654,-0.0566042275094619,0.0589294206933444,0.151196328095411,-0.305883847051873,0.229590220337036,-0.313497554481112,-0.145391299418016,0.0901903970666474,-1.32680738877566,0.25558209135999,-0.025748460847301,0.171143325679108,0.178840340981433,0.423911320176043,0.148496732035828,0.78360467039273,0.494199600370608,0.41529506067803,3.28083282844767,0.269799428749407,0.0217491337662436,-0.282058322731407,-0.378403127353719,-0.657727121036875,-0.384281824199231,0.183029544890934,-0.117375506164418,-0.406234792675539,0.569879708594643,-0.595915741504135,-0.575931850486484,0.17158998847095,0.511177059278019,-1.77791535837559,0.697498235506619,0.0384121676151154,0.0877906266068442,0.190689753884888,0.265713368244133,0.246830666882459,-0.206558810956048,0.14192910766797,0.193185033239507,0.00260083602796842,0.140825881149311
"k__Bacteria|p__Firmicutes|c__Clostridia|o__Clostridiales|f__Veillonellaceae|g__Phascolarctobacterium|s__unclassified",-0.231608189736757,-0.319041579811562,-0.323287326324358,-1.26012576547526,-0.332225720580443,-0.293221895414971,0.272639514783107,0.413065067481281,-0.652350529316231,0.441681613261,-0.194403708700546,-0.305762909913106,-0.31133457204348,-1.1516408971261,-0.309935313295232,-0.0366875808269958,0.0143366559257536,0.0209017610874584,-0.094362408979179,-0.00451163455320146,-0.00473886740193745,-0.312233273660566,-0.349405336647088,-0.342262355035018,-0.354844835578246,-0.267558058081083,-0.264575108066446,-0.379850173185409,-1.13049289703984,-0.402980390590804,-0.238757338291164,-0.423812915275035,-0.554402598281968,-1.35539112835234,-0.564835550859149,-0.018256123798759,-0.233943803787113,-0.256844950139906,-0.352892185973818,-0.332891415879973,-0.139041425972115,-0.565423080646387,-0.665315899636835,-1.24967922962096,-0.678917005023487,-0.0671403994053816,-0.00543308724830444,0.0919714335558533,-0.398805936278063,0.176780999306162,-0.278955568368002,-0.179202638435639,0.0217576978821478,-1.45541667584436,0.234741323482103,-0.0146331112522392,0.220467554784639,0.18513301834146,0.40634309956646,0.109002861503912,0.65245547869979,0.342421019142663,0.310604316229024,2.68368903892093,0.198029147899617,0.0492371493362284,-0.340855924044855,-0.386779009896294,-0.596452565619379,-0.347897317856939,0.155834059006781,-0.0539963725882858,-0.291516209125342,0.702049378969466,-0.438333643018232,-0.55912771795799,0.317577916546948,0.626198101537436,-1.73947057426137,0.777144728538823,-0.0227181544704361,0.117469586771764,0.192043400450392,0.121044041440148,0.250518440285975,-0.206558810956048,0.452210456044567,0.538541340134789,0.0603921511757605,0.481818622535574
"k__Bacteria|p__Firmicutes|c__Bacilli|o__Lactobacillales|f__Lactobacillaceae|g__Pediococcus|s__unclassified",-0.193369661909208,-0.319041579811562,-0.323287326324358,-0.981319195592295,-0.332225720580443,-0.293221895414971,0.303677237947188,0.519981288423367,-0.495192503259378,0.575551792705008,-0.194403708700546,-0.271248217113278,-0.31133457204348,-0.922204073118491,-0.309935313295232,0.0704616417479156,-0.174050177259413,-0.203669961459193,-0.0527451846657386,-0.23136033064389,-0.00412618133477547,-0.312233273660566,-0.437626115834995,-0.301784995539468,-0.463997012306992,-0.267558058081083,-0.36401864358968,-0.54770020481692,-0.938201706224098,-0.64239755257096,-0.238757338291164,-0.537193385125908,-0.787229896872772,-1.11264185301905,-0.848106152254595,-0.0228953041257225,-0.231817840545708,-0.283863700621127,-0.307492928999113,-0.332891415879973,-0.00763205381902993,-0.629198996858058,-0.871152024676392,-0.831767363646432,-0.934092368138664,-0.0717776940718563,0.227729702833671,0.345022449458557,-0.203961604084906,0.429873591827122,-0.232013371305063,0.130966586101378,0.401982856376884,-0.948484453705777,0.616867207329931,-0.0575624305083953,0.174093986825445,0.170795286859622,0.187194502585306,0.112760415801787,0.562175455057768,0.247640471253943,0.246851223748123,2.09738770667064,0.172316511797776,0.0319617660785491,-0.175471672945964,-0.252220771031951,-0.399324706561723,-0.221346797075583,0.128738920848006,-0.314825847923357,-0.743541104748,0.356886062181851,-0.949093568150108,-0.384862211279172,0.331950550680173,0.741370691030357,-1.10834842830255,0.868310528226673,0.0116735144759853,0.200725396892209,0.368663146086738,0.182668048759542,0.42931013089822,-0.206558810956048,0.398617889460129,0.504023522988546,-0.0704845560548136,0.458641741511143
"k__Bacteria|p__Firmicutes|c__Bacilli|o__Lactobacillales|f__Enterococcaceae|g__unclassified|s__unclassified",-0.16797807677775,-0.319041579811562,-0.323287326324358,-0.810871112392148,-0.332225720580443,-0.293221895414971,0.3337997056555,0.507513703382748,-0.450871405361907,0.533720870938109,-0.194403708700546,-0.196855581487129,-0.31133457204348,-0.720795524581932,-0.309935313295232,0.152364296086604,-0.243032202128895,-0.211318246913988,0.0331427778587744,-0.21038306109862,-0.00416632690535951,-0.312233273660566,-0.41209776038699,-0.225317558639933,-0.409459314116456,-0.267558058081083,-0.200034856368897,-0.334783890610342,-0.762057097037063,-0.409921516504427,-0.238757338291164,-0.416066415209144,-0.606374966210965,-0.902006223674736,-0.685911473460978,-0.0552246009292932,-0.181374215736335,-0.24320454824339,-0.322031803935294,-0.332891415879973,-0.0332726191379335,-0.498346124842004,-0.746976736303028,-0.717474199782216,-0.797427635163419,-0.0653203766892492,0.209871178612819,0.271217628826064,-0.108901762423629,0.357900625693309,-0.10128056277627,0.00408514461107533,0.300398226231956,-0.683529364829296,0.488927876707184,-0.113282641776884,0.217620602903073,0.270304637809202,0.0686966945327231,0.234869986187061,0.549330371535062,0.13455522297649,0.160369174641264,1.6880792202526,0.116589705569897,-0.0360455766402916,-0.044613729943523,-0.178353814128442,-0.32191187480563,-0.148567730441283,-0.0269822952058899,-0.0962860637583583,-0.543820939335939,0.268773451007976,-0.770529890340054,-0.237540341424706,0.191651353696481,0.578726522930256,-0.890035873320799,0.727721104295533,0.113015864417246,0.0482801717224864,0.252336419641742,0.171024163174966,0.339381114544217,-0.206558810956048,0.472632622074101,0.585834261778421,-0.084643923418876,0.564223491582084
"k__Bacteria|p__Firmicutes|c__Erysipelotrichi|o__Erysipelotrichales|f__[Coprobacillaceae]|g__Catenibacterium|s__unclassified",-0.230619902496894,-0.319041579811562,-0.323287326324358,-1.20706019624125,-0.332225720580443,-0.293221895414971,0.272266299659243,0.395627604504301,-0.604538285266817,0.406634335318377,-0.194403708700546,-0.258037834347536,-0.31133457204348,-1.09807271790561,-0.309935313295232,0.0330649413433071,-0.151864721819204,-0.105898474225079,-0.107473066270469,-0.0721364298635572,-0.00543755809837873,-0.312233273660566,-0.322829040553764,-0.277472928008333,-0.295553648155654,-0.267558058081083,-0.139419550725466,-0.176991413381669,-1.00410890110392,-0.16389013274775,-0.238757338291164,-0.318467679819492,-0.381349149446919,-1.20160639996411,-0.348507365060102,-0.0114036929610413,-0.174009995917723,-0.214245609085905,-0.286432713848874,-0.332891415879973,-0.139965419556617,-0.521305783908924,-0.625180858900509,-1.06610701656805,-0.571043089248638,-0.0611224536910381,0.0458771822450411,0.0813399915740887,-0.458369318371943,0.114499586465682,-0.20564839722569,-0.18193947887343,0.00831056287348114,-1.27042749614047,0.14014684513488,-0.0358890692938741,0.304381123041107,0.314825672263192,0.434507552650826,0.25543243707177,0.681029435618456,0.220539361919309,0.164938425600468,2.56112633913419,0.0820377522447883,0.00827190081464431,-0.161276255063042,-0.247121455924466,-0.57317584671385,-0.220843945868956,0.0803327403169889,0.1076136600775,-0.108098747791976,0.696766929050417,-0.199562512413807,-0.456266303333172,0.223545012961112,0.494801443812889,-1.48988154126435,0.598504693618503,0.0577539608947653,0.0611095009517129,0.150454315413917,0.204489685082981,0.161154704884769,-0.206558810956048,0.532903843702767,0.664424568914812,0.000729458289106314,0.600363575908772
"k__Bacteria|p__Firmicutes|c__Clostridia|o__Coriobacteriales|f__Coriobacteriaceae|g__Collinsella|s__aerofaciens",-0.194591134961426,-0.319041579811562,-0.323287326324358,-0.877706999708382,-0.332225720580443,-0.293221895414971,0.268422863883754,0.413432555381862,-0.514663364530833,0.502701860564251,-0.194403708700546,-0.251609409144422,-0.31133457204348,-0.796606616637875,-0.309935313295232,0.131863129998435,-0.281081876043047,-0.307686417156706,-0.0549847668194648,-0.31599127814379,-0.0161950213529738,-0.312233273660566,-0.418941830524412,-0.248911648280468,-0.461347337656637,-0.267558058081083,-0.355079515291369,-0.583966039995085,-0.874677960778551,-0.667243324624327,-0.238757338291164,-0.508563432195992,-0.814141709265616,-0.989327054626185,-0.891840195890227,-0.046333031204107,-0.195199175281519,-0.242799508328433,-0.338128335405078,-0.332891415879973,0.0433764297428276,-0.681398910714619,-1.0071085073534,-0.774411406050843,-1.06128323799103,-0.049537523962235,0.19630075824758,0.281614206851416,-0.171643982681784,0.367698968091819,-0.285611762349323,0.222948095756714,0.623054000485836,-0.872312099132209,0.814948723239103,-0.0470993708165374,0.0735739267843962,0.0362939945714587,0.0883283279452818,0.00224294015480716,0.616374328368087,0.179890054597516,0.184280915187361,1.89965376881661,0.102726932312546,0.0513113854929226,-0.0673327722043053,-0.153889443122783,-0.186125454262023,-0.202253047540241,0.0948259007395719,-0.286585739032974,-0.863643619467208,0.291802322604704,-1.0976502166671,-0.353068380091531,0.29155536451009,0.7212107359908,-1.13776529788159,0.939765621187569,0.0355546151371346,0.145908684617393,0.34646163214099,0.11745322074799,0.450288655992474,-0.206558810956048,0.289328642929694,0.314532327494082,-0.145631697206408,0.310049339772617
"k__Bacteria|p__Firmicutes|c__Clostridia|o__Clostridiales|f__Ruminococcaceae|g__Ruminococcus|s__bromii",-0.0853961831516646,-0.319041579811562,-0.323287326324358,-0.600355390252202,-0.332225720580443,-0.293221895414971,0.391825773413214,0.466143749137795,-0.362400049155381,0.471407932971966,-0.194403708700546,-0.174286758129254,-0.31133457204348,-0.565411168776642,-0.309935313295232,0.149713172123292,-0.220774030482903,-0.193551157447479,0.0305117153963948,-0.168507755246522,0.0142227221049226,-0.312233273660566,-0.342683965822098,-0.19345657577371,-0.34188595018274,-0.267558058081083,-0.0766814199982487,-0.180247927502373,-0.576431679374907,-0.235976542982417,-0.238757338291164,-0.319351023526843,-0.454707882003206,-0.64952686508354,-0.490322628157469,-0.0304463431721008,-0.188554286329474,-0.207746693894368,-0.178919278658868,-0.332891415879973,-0.0166328992956179,-0.482590801842374,-0.647925780695283,-0.430106059447574,-0.667439089298581,0.00608894153661531,0.15549300459468,0.224568123201526,-0.0771624721398869,0.256669584815979,-0.0307360436246788,-0.022118265331583,0.22446322939736,-0.615822151571204,0.422494897361364,-0.151913542253329,0.251620262589362,0.254313238537812,0.0380799418760997,0.180029335933371,0.506541229375856,-0.098189075299777,-0.0587479211278736,1.32107668014999,-0.0591770821102883,0.00645828061145753,-0.019710509134843,-0.0613169089565926,-0.181173604440811,-0.0665551164027954,-0.105109672787019,0.0658674031701724,-0.23787776533693,0.243182065909204,-0.437432761146826,-0.174162430905066,0.250010869548599,0.469477948418252,-0.628053728662122,0.578287507591744,0.12960559739616,-0.0372498985404699,0.119600317547152,0.0925745339704487,0.223423490820862,-0.206558810956048,0.635044581814094,0.663378388143023,-0.0904169613664217,0.633960023197105
"k__Bacteria|p__Firmicutes|c__Bacilli|o__Lactobacillales|f__Lactobacillaceae|g__Lactobacillus|s__zeae",-0.0323605261104376,0.904591035632455,0.842847125120031,0.21489377688974,-0.332225720580443,1.18057747789216,-0.181966997301107,-0.116217932563086,0.13491406096292,-0.00157150859811096,-0.194403708700546,-0.0423753606505072,-0.31133457204348,0.135550728097325,-0.309935313295232,-0.165446501322407,0.122998963939461,-0.0614406904049213,-0.178818645084783,-0.166036655953135,-0.0357863202762896,-0.312233273660566,-0.0364436371663521,0.0791827761390013,-0.104578107346292,-0.267558058081083,-0.240249569932383,-0.327401069625972,0.168119164180016,-0.305098320642265,-0.238757338291164,-0.144265941069686,-0.309520158651255,0.14481138116867,-0.36558953929955,-0.0207678152541914,0.0509874017035855,0.0108617524416524,0.0892409398452747,-0.332891415879973,0.026147519703144,-0.0360189221038648,-0.108558513016246,0.215743840585586,-0.183304569984461,-0.0187599093950738,0.0782977788264991,0.171844403402028,0.0273595765395156,0.187505183958821,-0.168365837677239,0.503972873898435,0.481125358057196,0.285744318024386,0.350326597714386,0.143551701378112,-0.206437175738542,-0.182187242578127,0.025676515104546,-0.112576095487113,-0.258462527880321,0.278041968496655,0.310810999796861,-0.330021839056451,0.265910211021536,-0.0462693671529384,0.102662412099998,0.169413562769283,0.074484443497241,0.090002697277242,0.266665652271399,-0.708746575965756,-0.860187771043575,-0.224857398285656,-0.757906471204027,0.0295396488903754,0.202241929643262,0.241146957389887,0.221445268500757,0.261591741813164,-0.189073933526361,0.339601482357772,0.265435683853763,-0.0395017761541459,0.175583489974658,-0.206558810956048,-0.331094791243321,-0.292338076163234,-0.13815334287322,-0.130396984234376
"k__Bacteria|p__Firmicutes|c__Bacilli|o__Gemellales|f__Gemellaceae|g__unclassified|s__unclassified",0.0748820753828952,-0.319041579811562,-0.323287326324358,0.142748382485357,-0.332225720580443,-0.293221895414971,0.356495045394281,0.59542971303396,0.191720741132165,0.697270481729386,-0.194403708700546,-0.180282750957448,-0.31133457204348,0.121087252628596,-0.309935313295232,-0.067538909139253,0.0444776340893304,-0.0386186264432049,-0.0927449254256769,-0.165701043000929,0.121883490601118,-0.312233273660566,-0.467792301864142,0.00474002441277264,-0.542657714147496,1.41010834231232,-0.450345263216737,-0.773386840784833,0.0120326393796033,-0.956169556363207,-0.238757338291164,-0.486802031850894,-0.85768306723342,0.00715006944732546,-1.0644023735435,0.0938510713011016,-0.180170840787669,-0.277632991003387,0.0412319749665662,-0.332891415879973,0.28327736402387,-0.644994383350276,-0.994879302769958,0.0914471854532371,-1.21800452275902,-0.0376650332540985,0.114042782708738,0.320936800141367,0.10910449874436,0.414750487648315,-0.172163857970873,0.477902959345434,0.764266562499219,0.0968139151225032,0.985411752049813,-0.0151205204955613,0.0577928946002044,0.0593821332360321,0.00950540771585661,0.0181176808441327,-0.0887224584553256,0.0420927236120618,0.147670227735028,-0.26433183442504,0.166355340240798,0.150420376031808,-0.359196073795346,-0.404098680573983,0.0160965447523684,-0.396642382690221,0.266925438147239,-0.834971302327556,-1.26457596895332,-0.150620318593215,-1.5191908410806,-0.323450269000115,0.912102389667739,1.30972252567241,0.225339901632609,1.50797858629467,-0.147312644501885,0.313784889774357,0.453068073493754,0.0313805027403008,0.53826422859371,-0.206558810956048,0.145900986461366,0.252578273996846,0.0503532713909445,0.257765747035419
"k__Bacteria|p__Firmicutes|c__Clostridia|o__Clostridiales|f__Veillonellaceae|g__Veillonella|s__unclassified",-0.134024233054069,-0.319041579811562,-0.323287326324358,-0.343080198372366,-0.332225720580443,1.91427959936329,-0.089392515051642,0.106275212954694,-0.0943310939181565,0.257278275537328,-0.194403708700546,-0.116871111409212,-0.31133457204348,-0.372838602173563,-0.309935313295232,-0.085663762723377,0.0549234725818592,-0.0578710132195587,-0.158833487177167,-0.195458529581296,-0.0145449896770672,-0.312233273660566,-0.251330104774898,-0.141771521179782,-0.350218964643959,-0.267558058081083,-0.428609178485152,-0.642376172335192,-0.407875986374009,-0.716784387438951,-0.238757338291164,-0.421114163150584,-0.739652963982278,-0.513795751497981,-0.905920741938171,-0.0816884289856146,-0.000150444532831236,-0.0938173508722981,-0.153424690541233,-0.332891415879973,-0.00587843640975526,-0.231070367085933,-0.513483443139544,-0.29620162772872,-0.680546308317898,-0.109669830849261,0.169177797357929,0.323463961647766,-0.023069789780056,0.438142061377671,-0.212215348525161,0.421457306533635,0.628233283691852,-0.0938977721393674,0.700142752147479,0.0506678460186263,-0.129717164867962,-0.0888735245014167,0.106962646028031,-0.0369532025718854,0.103805007479672,0.311931926236761,0.289875967715013,0.759956421687058,0.177331545410074,-0.137767052876589,0.0664685837705472,0.035039039084091,-0.197363322796033,-0.012921886516198,0.223290826663632,-0.752399451933869,-1.15715028436242,-0.189656499339715,-1.2767055498825,-0.0772120259574741,0.185807448419844,0.534968098875654,-0.248499545439828,0.734818035582213,-0.0709374530413486,0.24826237692997,0.33718447657311,0.0883500466433532,0.335540264534181,-0.206558810956048,-0.265354538340966,-0.166500102704476,-0.123130054472831,-0.0893997940907573
"k__Bacteria|p__Firmicutes|c__Bacilli|o__Lactobacillales|f__Lactobacillaceae|g__Lactobacillus|s__unclassified",-0.0510911432358223,0.891206167034936,0.83278150230149,0.0495893909028112,-0.332225720580443,1.17058111350509,-0.139500192227607,-0.087294965917834,0.0234423669437432,0.0254587192397332,-0.194403708700546,0.013460399736007,-0.31133457204348,0.0451220733055571,-0.309935313295232,-0.0697281312660989,0.0739557598707232,-0.0192041747238842,-0.0810229996864472,-0.0797758697275071,-0.0286646308266398,-0.312233273660566,-0.0175198805299351,0.0263227268507256,-0.0952764761256886,-0.267558058081083,-0.129492977551949,-0.160130818287829,0.0524814966568378,-0.161700576077726,-0.238757338291164,-0.0846199092886698,-0.204974384067979,-0.0128660900406847,-0.286175691312858,-0.0285992248667454,0.0815814108722019,0.0490718536150708,0.11039134705942,-0.332891415879973,-0.0810358133036485,0.123459849011609,0.0502504331890983,-0.0192520908349306,0.00923051685148609,-0.0275170962114892,-0.0694024687405511,-0.0344831966119878,-0.0714947097212052,0.00881527128811365,-0.0552675876849411,0.174681351792884,0.186819789031979,0.113841624143805,0.0970354312707793,0.116766876525967,-0.168456907548761,-0.164258107799796,0.107215912415726,-0.0744376077701829,-0.178009820626028,0.19777061206446,0.209763547316905,-0.107606968108847,0.165388429925166,-0.11692318917777,0.0113271227496508,-0.0035104286610281,-0.109504238456717,-0.0280904744673516,0.132320759489463,-0.398456571717787,-0.535248614466443,-0.0953955447204663,-0.48731465036993,0.0404957059085683,0.0602412980512832,0.13325861408868,0.125276004739852,0.183606120949992,-0.0841143919953947,0.187444004350049,0.184336708353102,0.0358136166536228,0.135371972374075,-0.206558810956048,-0.314704308402725,-0.287617652169433,-0.0268951383257644,-0.174433666371224
"k__Bacteria|p__Firmicutes|c__Clostridia|o__Coriobacteriales|f__Coriobacteriaceae|g__Slackia|s__unclassified",-0.22972817433713,-0.319041579811562,-0.323287326324358,-1.05323000157269,0.556272861944701,-0.293221895414971,0.222216858915712,0.302956414786724,-0.494969305724642,0.278585091283206,-0.194403708700546,-0.163562102586625,-0.31133457204348,-0.9816088149204,-0.309935313295232,0.0640480820612153,-0.0408776123467542,0.0267598209767384,0.0372770860109663,0.0381648080539757,-0.0480253652710046,-0.312233273660566,-0.237457950959859,-0.316119054765538,-0.200912378032977,-0.267558058081083,-0.0615591259681986,-0.0999235562170142,-0.850385569228032,-0.0674175985273062,-0.238757338291164,-0.181691778830502,-0.19129038926809,-0.994517457431075,-0.124727685992805,-0.032387485089471,-0.117491463136615,-0.131885536907971,-0.221476177779327,-0.332891415879973,-0.0289825996304191,-0.271979785685447,-0.354796832138322,-0.460390060959212,-0.308272811502981,-0.0880393684202286,0.0649576417229655,0.053341392290029,-0.315568052409577,0.0198396893483647,-0.188336578394008,-0.17835995649107,0.0105187218278886,-1.05890413634625,0.129646246239469,-0.0400516160956578,0.241545381689694,0.239301662027942,0.368162141065598,0.20287304184502,0.587835171867412,0.164684637622794,0.123687520280966,2.19029019482957,0.0743973672003526,-0.041267844678168,-0.0946611707298334,-0.164432602014055,-0.485222481112357,-0.108378673126939,-0.000639685467836128,0.242456698654129,0.0652237721091668,0.492245866364082,0.0413976896942171,-0.265589860618259,0.0839379580984646,0.280560561691795,-0.963364776803692,0.294464987697766,0.066930937976714,-0.0184074902487119,0.071793530897958,0.122840368559757,0.0682658234890007,-0.206558810956048,0.454553298595216,0.52157000887447,-0.0273064091333604,0.469245748743153
"k__Bacteria|p__Firmicutes|c__Clostridia|o__Clostridiales|f__Lachnospiraceae|g__Blautia|s__producta",-0.0726768484308549,-0.319041579811562,-0.323287326324358,-0.31713823901822,-0.332225720580443,-0.293221895414971,0.298434529495101,0.173049819689045,-0.220649799697547,0.0419687602152611,-0.194403708700546,0.086160366629317,0.943029630779715,-0.303105957883034,0.931935951986084,0.0786959983236002,-0.124450809982352,0.0729280494966946,0.162885209170909,0.195210414562026,-0.0499439015147604,-0.312233273660566,0.105283954269044,-0.0616001859163156,0.20876795086684,-0.267558058081083,0.395275404684784,0.568010324784453,-0.173545883608278,0.671353952226927,-0.238757338291164,0.207722016465896,0.491836330457748,-0.170753673961882,0.679120644115814,-0.0731953832392585,-0.0230988693071506,0.0268285666766481,-0.132097343952756,-0.332891415879973,-0.241242545748634,0.0667406275098092,0.235514954281795,-0.0262635689412334,0.402511119415541,-0.100605152109735,0.17633298857304,0.0115496210151721,-0.278646792448948,-0.136727652727553,0.167869791810481,-0.335453014361241,-0.387131329729017,-0.548461912281653,-0.413984574388816,-0.11138644137528,0.335047664371858,0.264310841835679,0.0214299726727713,0.188395591819699,0.314091572299872,-0.34378302197706,-0.409078244230174,0.766225363842203,-0.414085471283972,-0.133290076463088,0.255510495814275,0.264106583150735,-0.213471767402018,0.301660966306665,-0.404801928011435,1.0271387602096,1.32679390185662,0.423333456111717,1.46775104197548,0.150419540113146,-0.362856354934886,-0.508639150583303,-0.430042882837026,-0.659426053498905,0.139284217963152,-0.170404310637531,-0.185607300353167,-0.051511502897497,-0.218570041519592,-0.206558810956048,0.955268891644668,0.89553062116854,-0.077687599938275,0.812758848346524
"k__Bacteria|p__Firmicutes|c__Bacilli|o__Lactobacillales|f__Streptococcaceae|g__unclassified|s__unclassified",-0.227943567025887,-0.319041579811562,-0.323287326324358,-1.23636755499635,-0.332225720580443,-0.293221895414971,0.226785368533142,0.356865487191854,-0.656593443398671,0.386658689968823,-0.194403708700546,-0.205314022975792,-0.31133457204348,-1.11188688896082,-0.309935313295232,0.0747211869735459,-0.0368396452488904,0.0252826406172309,0.0367211948991865,0.00686023097007332,-0.0217408674632001,-0.312233273660566,-0.292104689416354,-0.346933462337373,-0.290288411900163,-0.267558058081083,-0.131705370293201,-0.220600925881216,-1.12317970625049,-0.220801987505201,-0.238757338291164,-0.327823704850327,-0.408973777462916,-1.26922082000442,-0.429560798997842,-0.0503286496853141,-0.129036162476623,-0.16155442033484,-0.278390250013798,-0.332891415879973,-0.152740389321238,-0.357475153457286,-0.554295993250594,-1.03338408693764,-0.587903492459653,-0.0515592058484666,0.0349565147195127,0.0250840355597911,-0.198514511042258,0.0999063140999689,-0.101726484567246,-0.29092353230247,-0.0335486945518942,-1.14216596324991,0.160744465220464,-0.0861650403534206,0.208057028565207,0.222916522923244,0.319506743548773,0.181168913440006,0.645321383393446,0.239800436837003,0.145255890881125,2.43055406754069,0.044472524635515,-0.0341009394226052,-0.180180335957135,-0.29020352116915,-0.563389935455179,-0.229040601239971,-0.0445054443072456,0.222014279089278,-0.0843248682439177,0.570262898177001,-0.252437889024266,-0.316214007745893,0.0985304051605713,0.425686189751466,-1.22213575844155,0.531260911688209,0.159993991573811,-0.0791045002804333,0.0846890980446097,0.228820329987373,0.125935238180481,-0.206558810956048,0.385111807342306,0.489429672259602,-0.0041030911726963,0.456461959517505
"k__Bacteria|p__Firmicutes|c__Clostridia|o__Clostridiales|f__Veillonellaceae|g__Selenomonas|s__unclassified",-0.115759384990907,-0.319041579811562,-0.323287326324358,-0.754546264802613,-0.332225720580443,-0.293221895414971,0.438346556578635,0.532860194901843,-0.359323789512301,0.508018715720182,-0.194403708700546,-0.229919807448618,-0.31133457204348,-0.717680145526035,-0.309935313295232,0.0586497182939247,-0.0933685759281351,-0.0254531062579151,-0.0325233987016069,-0.0210529882852536,0.0483333754882219,-0.312233273660566,-0.371748005997197,-0.193009091396232,-0.343407795084309,-0.267558058081083,-0.0970955087347863,-0.218324204411555,-0.659444034354507,-0.258816631156234,-0.238757338291164,-0.310236319181995,-0.418111411079522,-0.776736898985183,-0.388134142680204,-0.0143485008899591,-0.246277633199676,-0.262198676385915,-0.280405109576735,-0.332891415879973,0.0130987021474452,-0.551046571569339,-0.688096411306766,-0.609514949651319,-0.695887025116669,-0.0724801995538431,0.0835422329635392,0.146831515121266,-0.272427271677633,0.201578823066409,-0.0758410762487071,-0.142493460263319,0.0882784984290412,-0.927056019460654,0.300971371895181,-0.105450215460315,0.329813569530303,0.331111171102995,0.249880842854201,0.237272865209948,0.511920917533504,0.00785837425106122,0.0320199516185816,1.61453254115869,0.00575971201815345,0.0798265181546836,-0.203479617989026,-0.262933893094624,-0.309556870070206,-0.201661997775218,-0.00985738587904255,0.0660870058796923,-0.16298212858756,0.444183991040906,-0.339162698243083,-0.38577179097404,0.346540205554735,0.600447198352876,-1.05737766242828,0.660725611220018,0.0655805023365344,-0.0195854493072563,0.116515199148745,-0.0143243376434457,0.196040898175773,-0.206558810956048,0.654864297970076,0.750056663188277,0.0154106105613886,0.666169452754158
"k__Bacteria|p__Firmicutes|c__Clostridia|o__Clostridiales|f__Veillonellaceae|g__Megamonas|s__unclassified",-0.188241007056011,-0.319041579811562,-0.323287326324358,-0.961953953248579,-0.332225720580443,-0.293221895414971,0.246118033648206,0.415151942113332,-0.472277699889816,0.461043056578085,-0.194403708700546,-0.241888895323869,-0.31133457204348,-0.880457085506685,-0.309935313295232,0.0472669928627325,-0.0866174019419362,-0.109580075687983,-0.0221266186755428,-0.144845858992083,-0.00167390859356906,-0.312233273660566,-0.370661636035946,-0.292525845183376,-0.367917767447334,-0.267558058081083,-0.267533513672651,-0.405024634444536,-0.922449632937491,-0.459841266495897,-0.238757338291164,-0.45709820210213,-0.621914040121696,-1.05882427467042,-0.676934208877594,-0.0359664832214046,-0.185016893855949,-0.229366255927083,-0.256234405180566,-0.332891415879973,-0.0126924569157809,-0.503743768329823,-0.741787589131427,-0.765922865512614,-0.812302919533984,-0.0464567149365482,0.119132642964184,0.20286611665872,-0.148471526553873,0.285329455512155,-0.185543077842134,-0.0237638875054439,0.238422180482241,-0.921472543569166,0.407983886067701,-0.0529032201304295,0.155234836375273,0.161994309975085,0.212308515088936,0.12302305843626,0.565065558574069,0.176255171143339,0.141834061046312,1.95503279195884,0.0379624821748409,0.0444574742588393,-0.166670736756654,-0.239340905242901,-0.361018957742124,-0.203837699978184,0.119383015622675,-0.201251421540031,-0.530456604006313,0.381342868629329,-0.734385105909634,-0.355903232666442,0.334420164698728,0.624203214869794,-0.974270062654401,0.741675559328192,0.0549714094417711,0.122327356290549,0.270321186115624,0.178234745377764,0.343706846406574,-0.206558810956048,0.302420460648872,0.347928539245318,-0.0665919176066624,0.307346327332084
"k__Bacteria|p__Firmicutes|c__Clostridia|o__Clostridiales|f__Lachnospiraceae|g__Anaerostipes|s__unclassified",-0.249898139947193,-0.319041579811562,-0.323287326324358,-1.14020719588322,-0.332225720580443,-0.293221895414971,0.170283237493108,0.253801034862672,-0.579974372867897,0.251395444226642,-0.194403708700546,-0.157208072571086,-0.31133457204348,-1.09000978271712,-0.309935313295232,0.0705522343200077,-0.105512170331601,-0.0343123677884544,-0.0337370815135008,-0.00904415687654236,-0.0464846754300634,-0.312233273660566,-0.21224437650102,-0.278707344358123,-0.202865267050452,-0.267558058081083,-0.0685615060682534,-0.0794489063318372,-1.04730262773576,-0.0672708369184826,-0.238757338291164,-0.222730321427133,-0.251708770571299,-1.12506019258008,-0.238116501016954,-0.0636523246901942,-0.064678073745413,-0.0948355639451078,-0.219148091422384,0.605714015806394,-0.152360498310845,-0.264564193791937,-0.35210755117093,-0.750285189640405,-0.355158574521652,-0.120389248974632,0.0725501854031023,0.0677653469664107,-0.370798444570166,0.10340952950979,-0.121549560996332,-0.191988337423925,0.00700845083119266,-1.14320688928888,0.115320086843481,-0.0235135587112071,0.216142926640894,0.225114311097252,0.422311196825444,0.201231749850608,0.659393977850468,0.0950863499700446,0.0705659752968648,2.35918264098221,-0.0154168623538237,-0.166357092787585,0.0389825381284394,-0.056281934181912,-0.57026221717153,-0.0237775523833023,-0.018380279806749,0.16948148733332,-0.0196369926715968,0.526161922483477,-0.14183708152211,-0.208623014176749,-0.0284355792677582,0.173275494117105,-1.07421123297511,0.256237042951141,0.185652762311157,-0.0902735424940394,0.0211182469060178,0.222952757195828,0.0518267803030257,-0.206558810956048,0.376600574638136,0.420753469547567,-0.131643338298224,0.420776275950639
"k__Bacteria|p__Firmicutes|c__Clostridia|o__Clostridiales|f__Clostridiaceae|g__unclassified|s__unclassified",1.35674407008387,0.906951924685269,-0.323287326324358,4.63253710743189,-0.332225720580443,-0.293221895414971,1.09388236868623,1.35083747277361,2.43654297866138,1.30617263713457,2.15394921139259,0.256635505446848,-0.31133457204348,4.25109007534103,-0.309935313295232,-0.0601842970048462,-0.0853615018318141,-0.239831940868548,0.0680581213425828,-0.321630816358156,0.582454404131613,-0.312233273660566,-0.701071846973419,1.19547182546422,-0.876855548226444,1.41248859574275,0.012084699988184,-0.671298963318513,3.83775415226616,-1.15402723010025,1.79775488347535,-0.0970963361539195,-0.903717960353864,4.42902687903292,-1.46946187313553,0.519998243879761,-0.161470463438416,-0.357981799300261,1.19167306326704,-0.332891415879973,1.19864061464845,-0.680322087728541,-1.28524095871379,3.38810373283971,-1.71286614425197,0.265258988404271,0.303544263645349,0.576896507193359,1.66783585895655,0.717317442105308,0.776632489816405,1.07714532261744,1.39320657615412,4.14284875115632,1.53396130841681,-0.207305324748399,0.211823320492273,0.252761846872925,-0.967377174633553,0.199893191820376,-2.39254324827999,-1.43204600385912,-0.809596550595394,-9.71969262304893,-0.236869174967382,0.661143961014003,-0.722566364001306,-0.908947852465916,1.89795424751744,-0.981506971925495,-0.128609174405048,-1.32621455068545,-2.04154873811836,-2.06351847087886,-2.39556157776418,0.544561466360985,2.24473929596707,2.77075463523024,5.12470552287671,2.81924786385784,-0.406180838046956,0.263926861022974,0.541754109555124,-0.858240505916638,0.767466183594879,-0.206558810956048,0.552270166299856,0.733842958953062,0.469095129651574,0.642978353663368
"k__Bacteria|p__Firmicutes|c__Clostridia|o__Clostridiales|f__Lachnospiraceae|g__Lachnobacterium|s__unclassified",-0.214696446023156,-0.319041579811562,-0.323287326324358,-1.16217121544344,-0.332225720580443,-0.293221895414971,0.210253513570396,0.403186032014271,-0.557436008730327,0.468201783705846,-0.194403708700546,-0.28158880432974,-0.31133457204348,-1.097513401576,-0.309935313295232,0.0139263507272819,-0.0706436353536651,-0.0994313247810663,-0.146085903130858,-0.129830555279631,-0.00581993688152431,-0.312233273660566,-0.397699456411888,-0.327843358978886,-0.418881789529648,-0.267558058081083,-0.37908156370728,-0.535985360105118,-1.11897920529033,-0.651014262830759,-0.238757338291164,-0.518790639333961,-0.780973904140474,-1.3577455489828,-0.878881040000753,-0.0462192852264361,-0.23170815847341,-0.256944233428471,-0.488329870797595,-0.332891415879973,-0.14104947845037,-0.627526851258071,-0.89288027346181,-1.33908144142874,-0.972351145156857,-0.0878466009959397,0.0867285326863657,0.195694771393131,-0.244924015592292,0.34579941154571,-0.200551263195909,-0.0648699312241767,0.240339404921266,-1.0170425485775,0.497979291062306,-0.057144986226195,0.0990519067516185,0.090495551042252,0.219163146482231,0.0443083445823841,0.597506973893198,0.303953231099207,0.232489877779031,2.4068330307667,0.121064044154597,0.00439345506478797,-0.21655622681873,-0.304555565998675,-0.494466679527062,-0.288776788760113,0.158154038616551,-0.2838243766426,-0.660680976400194,0.397081810806006,-0.91657470737532,-0.506326736390618,0.238781448700993,0.658547218808255,-1.58004465110563,0.865870999621477,0.0373631507317396,0.0887611542350392,0.280501169431738,0.178463351395341,0.381043716973165,-0.206558810956048,0.172200806924783,0.230312890389589,-0.0121929105420676,0.15708903831786
"k__Bacteria|p__Firmicutes|c__Erysipelotrichi|o__Erysipelotrichales|f__[Coprobacillaceae]|g__Coprobacillus|s__unclassified",0.0138554988009076,-0.319041579811562,-0.323287326324358,-0.116089782555886,-0.332225720580443,-0.293221895414971,0.415953378354247,0.230693453511354,-0.168180944348031,0.026071495027987,-0.194403708700546,0.128823795203002,0.937353474643695,-0.00991818509585032,0.927274555474652,0.134072893255894,-0.13272517347369,0.128377667617039,0.203726518493628,0.273564072238216,-0.00612084780759421,-0.312233273660566,0.127125700825082,0.0364750013110234,0.231652681005269,-0.267558058081083,0.658337714335361,0.86892057738896,0.107320280692936,1.00123102656773,-0.238757338291164,0.471284463298449,0.836924121148226,0.177593535295822,1.11285730844434,0.00392344768122938,-0.0511102351111589,0.0272147000580945,0.0471678491850605,-0.332891415879973,-0.183385184852345,0.161750523307565,0.438812766921765,0.189685572767316,0.679478862123327,-0.0733576585501289,0.00458047144002567,-0.193585914031616,-0.234792683596109,-0.314850170364325,0.393622227020648,-0.756000676662649,-0.755875389447114,-0.511643741354222,-0.710824038021025,-0.1881376366338,0.486695291765835,0.435797663045309,0.0258640903941579,0.3254626725827,0.268569314176308,-0.572208845963568,-0.534087155758889,0.141903673312242,-0.445468351114743,-0.0952942075922567,0.201375481235291,0.194574651925593,-0.0962857923749396,0.290593086763334,-0.554168070412404,1.39751031767486,1.68360501206071,0.475599471370825,1.76691740095005,0.181925356218274,-0.343020506900929,-0.577401764383939,-0.178910014058596,-0.817042120457308,0.269292394044128,-0.458208308671512,-0.466450939396805,-0.11062448540709,-0.474047549638736,-0.206558810956048,1.14683630022388,1.14574398190857,0.043380915197327,1.06012963292321
"k__Bacteria|p__Firmicutes|c__Clostridia|o__Clostridiales|f__Veillonellaceae|g__Veillonella|s__parvula",0.053903697465377,-0.319041579811562,-0.323287326324358,0.632032432217443,-0.332225720580443,1.16838102431478,-0.501606527687816,-0.689481397799503,0.305212634303171,-0.728207917198656,-0.194403708700546,0.287366051918479,0.937572385143866,0.555797928991755,0.947969292240921,-0.206512078477596,0.264775844772069,0.273345504935535,-0.0586739024802507,0.235347130977029,-0.0722083186281752,0.935473698777874,0.586928553083808,0.238289635711644,0.61494781650083,1.41486319701769,0.266590940464651,0.568997472416867,0.640006713792379,0.739350437559377,-0.238757338291164,0.554620173829646,0.899955068824732,0.704183144989717,1.05460240885735,-0.0405960341372952,0.266252407192382,0.334184911913901,0.124217016352843,0.6026716911664,-0.242858896030146,0.775233923537418,1.13789291907485,0.274097486100062,1.31112466401325,-0.0418758296041068,-0.159267685283028,-0.281178213505023,-0.130011415788552,-0.373365611961459,0.146738085526254,-0.0469366620391246,-0.537670041344423,0.664080331446897,-0.847656941564477,0.141480307971834,-0.240536124756601,-0.234838581953097,-0.105518047424077,-0.166924065203158,-0.502843200517203,0.063399107293771,-0.0269026092606285,-1.13620549323177,-0.0311142629744089,-0.186609404855251,0.341523436353606,0.491350490281469,0.0943406669788428,0.534618350455759,-0.00613805138663255,0.232119716911622,0.890193159018681,-0.20413691165219,1.26798241081706,0.360116711306022,-0.739478683285064,-1.26880870982831,0.402458302505964,-1.49906601308257,-0.126137123811424,-0.0038789210069239,-0.276764899640695,-0.0945830287414962,-0.426243840498216,-0.206558810956048,-0.505335712713744,-0.611175242420285,0.000144961673834367,-0.510081998977887
"k__Bacteria|p__Firmicutes|c__Erysipelotrichi|o__Erysipelotrichales|f__Erysipelotrichaceae|g__Holdemania|s__unclassified",-0.154136011854462,-0.319041579811562,-0.323287326324358,-0.912252076578627,-0.332225720580443,-0.293221895414971,0.330591551122002,0.494966821610586,-0.41261057304044,0.539163278167604,-0.194403708700546,-0.225502563022467,-0.31133457204348,-0.804687329557984,-0.309935313295232,0.0487556630132349,-0.139325000308224,-0.135065202978728,-0.121093833548851,-0.141862684836242,0.0226551293698377,-0.312233273660566,-0.399534703766395,-0.225160796652046,-0.424137587630727,-0.267558058081083,-0.233184897564163,-0.370963403345828,-0.792917875675704,-0.427816568861254,-0.238757338291164,-0.442108130399807,-0.629107118002126,-0.95226834900378,-0.679285743096457,-0.0148063633913477,-0.199101728005318,-0.261821065395918,-0.317069705805295,-0.332891415879973,-0.0793788619161332,-0.661378480778943,-0.883659580559071,-0.990671346182413,-0.94573540333302,-0.134133828356012,0.15161436835861,0.235267409063115,-0.356646647985602,0.314426423828429,-0.161206132151804,-0.0179579851886671,0.286700156245942,-0.893352279248649,0.467614945986508,-0.061870660469591,0.231183035240194,0.216627781235938,0.272364146348339,0.197998749766518,0.550499348293132,0.148979736496739,0.142674863402617,1.86411100134705,0.0661286135584394,-0.0334051224934531,-0.16082103284995,-0.21513586217779,-0.430789112559722,-0.218772612197833,0.0648504790639033,-0.111738716358756,-0.454882173215235,0.442224855591602,-0.668914865448511,-0.444327611071451,0.3500028302221,0.699518701330711,-1.25498691065305,0.905364117935878,0.0771270128176079,0.0485002336396279,0.188851279290555,0.099140524171319,0.278358827854085,-0.206558810956048,0.446857450011486,0.529093492509797,-0.00803200486396568,0.538714231780945
"k__Bacteria|p__Firmicutes|c__Bacilli|o__Lactobacillales|f__Streptococcaceae|g__Lactococcus|s__unclassified",-0.200974243955025,-0.319041579811562,0.794281719811273,-0.63638057018017,0.556272861944701,-0.293221895414971,-0.0323854447059017,-0.191715878451069,-0.418155006677613,-0.288813821877385,-0.194403708700546,0.0538729839982714,-0.31133457204348,-0.533665241335236,0.966257411481686,0.0593046927874404,-0.0933557378972186,0.0649056425835713,0.095481698096434,0.209381779527995,-0.106989405051157,-0.312233273660566,0.286538319119125,-0.130393631868458,0.389605347125054,-0.267558058081083,0.330839210053289,0.62600064096491,-0.458465255182087,0.77896249309792,-0.238757338291164,0.31110954259563,0.701460407628957,-0.476058761011141,0.949960150924015,-0.0946573958000289,0.0347441745167677,0.152098061329795,-0.137025638646382,-0.332891415879973,-0.312370478011972,0.302256303589809,0.59277500206883,-0.383316413688046,0.810005072133092,-0.0533132352143279,0.0120505315079229,-0.18354774385251,-0.275546680510417,-0.317480424759352,0.109446759760048,-0.531781903706938,-0.744211425099246,-0.750958901321866,-0.819367849344877,-0.0474966713698566,0.0850300881686612,0.0725730611943372,0.0405289100930046,0.0195451696504571,0.429282952176303,-0.0701367823860221,-0.221318769143745,1.36200513582945,-0.266340956740117,-0.134303785652213,0.279746626926661,0.326425116743713,-0.311001520024632,0.363110229386275,-0.263700914799732,0.958173855301436,1.45254322431303,0.472249699318346,1.60975147950936,0.100267694644605,-0.6549146978888,-0.997103201130384,-0.684596161692283,-1.13209461369063,0.175867590796942,-0.227574527898675,-0.334075484354758,0.104345739521245,-0.385528448903163,-0.206558810956048,0.358421044765445,0.289201001765115,-0.085604612648414,0.240942392461797
"k__Bacteria|p__Firmicutes|c__Clostridia|o__Clostridiales|f__Clostridiaceae|g__Clostridium|s__unclassified",0.312393744184903,0.910189072938481,-0.323287326324358,1.35511085053028,-0.332225720580443,1.17214964754642,-0.0676072701829447,-0.00945579436163502,0.704331532327706,0.0614963931329146,-0.194403708700546,0.140602352139181,0.941940561574778,1.20606854688502,-0.309935313295232,-0.169244836960054,0.186868523796112,0.0616957919761238,-0.0279710256589296,-0.0398375339231885,0.0871888356284106,-0.312233273660566,0.0316802977380478,0.340632590107903,-0.050994858000617,1.55536006168907,-0.0921627464815632,-0.167804949084396,1.15715073349041,-0.234789237492028,-0.238757338291164,0.105661908160225,-0.00613926962539948,1.31352883966341,-0.113432848188161,0.0860702976350482,0.110617170028563,0.0596174589398673,0.34356401250176,-0.332891415879973,0.238812065029008,0.0337681293367177,-0.0475831871939976,0.956449907590648,-0.180869980790757,-0.0165226982519653,0.0870510170931302,0.134207465131396,0.399755517149605,0.10196688837414,0.0698230358719302,0.531058327547375,0.440529872216058,1.28911803145934,0.336410074543995,0.0810255540926331,-0.154532266414575,-0.109846446508272,-0.203367034575348,-0.0692696345508534,-0.89633036050014,-0.1358624150063,-0.0583134499798341,-2.79371909833047,0.0274783992901737,0.0864640978476402,-0.0452079714405097,-0.0232599495615134,0.522867594012625,-0.0621222337422708,0.12353738142441,-0.573590757205012,-0.532881572835452,-0.689249987405014,-0.447871919898909,0.208430268954337,0.29659879846816,0.291442600622714,1.25974071829839,0.318684581564526,-0.24880402475617,0.190528706488073,0.115691944305268,-0.275478040765199,0.0803460939842238,-0.206558810956048,-0.295646070894784,-0.22247695007805,0.086461498001206,-0.136908734411863
"k__Bacteria|p__Firmicutes|c__Bacilli|o__Turicibacterales|f__Turicibacteraceae|g__Turicibacter|s__unclassified",-0.0535813570121475,-0.319041579811562,-0.323287326324358,-0.292333193271108,-0.332225720580443,-0.293221895414971,0.35638410151646,0.344142790117931,-0.147786645862693,0.336760414771803,-0.194403708700546,-0.0356670588763394,0.95256263910241,-0.26104739408808,-0.309935313295232,0.113898505798616,-0.267222970992492,-0.154933004096377,-0.0463279108131562,-0.119786658335475,0.0112681530273262,-0.312233273660566,-0.152420064977558,-0.0334092789567452,-0.12963880994507,-0.267558058081083,0.09619964045379,0.0635994714457869,-0.248142863637404,0.0372742800284751,-0.238757338291164,-0.130896925804031,-0.120462144188891,-0.324267285017685,-0.124397534929057,-0.0641738781614074,-0.109442665350629,-0.105895267681973,-0.214821362688224,-0.332891415879973,-0.0805024388243182,-0.318860120902832,-0.360311748892123,-0.320790435105094,-0.3466124617399,-0.0785059718431366,0.115007051822508,0.118344718989101,-0.257026389071747,0.126432054214579,0.0598590367449626,-0.103430189057244,0.00957856055651331,-0.386962576980275,0.149157886293609,-0.0892811239104454,0.201887246944988,0.157674975320989,0.0209788103654456,0.0966140584310837,0.345339692492373,-0.191947927760733,-0.187583590781709,0.728910528658816,-0.173938959558429,-0.0788528543342094,0.0711816268877632,0.00585485321026162,-0.174649246985275,0.011435507342585,-0.164038481222574,0.326107198382883,0.241427329698726,0.141030094735464,0.107895589867376,-0.0428293055958926,-0.00666575669580329,0.0547215875017499,-0.420724573046826,0.113544831767842,0.109453440200862,-0.0855258195302654,0.0233911963157153,0.0415102906345873,0.116372309273485,-0.206558810956048,0.592483598388967,0.558315325315933,-0.0786633832105554,0.476098446193039
"k__Bacteria|p__Firmicutes|c__Clostridia|o__Clostridiales|f__Veillonellaceae|g__Veillonella|s__dispar",1.42162192584197,1.59484509520061,0.994349032904665,6.15345124402687,0.560077967427619,1.17120882238835,-1.01118366197593,-1.35004761249636,3.00548949948311,-1.42174123491754,2.32596783623316,0.987663003396307,0.955146855295551,5.70878244329463,0.959011930228226,-0.334941923790966,0.594944052209185,0.304991689209584,0.149766430814698,0.241402531988044,0.280001368962689,1.04859723804982,1.04756678254252,1.7283740653327,0.921547375129334,1.43459031829953,0.568767290259957,0.697196300847892,5.38725068246047,0.656747554373225,2.13661945664429,1.40602935965578,1.45342224228169,6.29976091322433,1.30238136225271,0.408962268195086,0.716754848249407,0.713341297364488,1.76971845401182,0.608615430113627,0.827867079819442,1.7556590789518,2.12090211508863,4.5465361256359,2.04700823584883,0.527475218044843,-0.550461259459189,-0.585900449060649,1.84278352587205,-0.733616852836799,0.838456317762006,0.958039833689333,0.0399178998240861,5.95513068861013,-0.748974378415022,0.275624334750623,-1.02246334585173,-0.902582789678473,-1.49990347215482,-0.638525229623026,-3.60918789679564,-0.928535790672888,-0.47337017323052,-12.8880052772883,0.0416606539097167,0.380201756405647,0.185967380493992,0.465028866767548,2.72374976091811,0.323090894807933,0.0197619552881303,-1.11395594505491,-0.356633575330973,-2.81018591001662,0.210248057805852,1.5290220891641,0.0270340521639443,-0.867499412723208,6.56266176992433,-1.32511516721687,-0.566701782991356,0.0306423809571357,-0.446153839974429,-0.954265631521894,-0.682306523536188,2.03348412193676,-2.17532006912854,-2.29400573148369,0.459008451221127,-2.07424110526274
"k__Bacteria|p__Firmicutes|c__Clostridia|o__Coriobacteriales|f__Coriobacteriaceae|g__unclassified|s__unclassified",-0.247164872309249,-0.319041579811562,-0.323287326324358,-1.06955052662494,-0.332225720580443,-0.293221895414971,0.14508158742922,0.194149507566957,-0.494186197254695,0.222390373910976,-0.194403708700546,-0.154908804085891,-0.31133457204348,-0.937202479377684,-0.309935313295232,0.11448838121946,-0.195445728728534,-0.146089641611061,0.0333790037801437,-0.143528190832999,-0.049064609178642,-0.312233273660566,-0.196903226440794,-0.309308965911071,-0.186215314866105,-0.267558058081083,-0.138808794290884,-0.206110910161067,-0.9493593528611,-0.242008345731794,-0.238757338291164,-0.321746560412456,-0.380803688823701,-1.09965994243521,-0.408397984209722,-0.0590731036031662,-0.0837937385735807,-0.109492696791925,-0.21870186427807,0.606242172213327,-0.0824607848062413,-0.355155424949347,-0.465011183493176,-0.781276559924765,-0.474328449448829,-0.0853121394408908,0.185791434622417,0.221338740692109,-0.214374917290908,0.246126691931301,-0.253691613434563,0.0773908578303517,0.310262808991416,-0.838641818555054,0.427102824013547,0.0179685234534292,0.129521724308696,0.119316498006374,0.240464470492589,0.0833729448396666,0.620351884182183,0.168330457245028,0.112836464571567,2.16600039486801,0.0410300557882515,-0.0781560686997486,-0.0373040313608307,-0.161106758913087,-0.520615855511375,-0.171810558038001,0.0462197599069359,0.0212443991411799,-0.241272841544898,0.372163542944622,-0.379007349237933,-0.23344547062938,0.0329580086069088,0.260628243082095,-0.887647087169057,0.389205260379053,0.0968092222062261,0.0917873393516434,0.181671987992143,0.390365501054654,0.220004771907337,-0.206558810956048,0.246677929479926,0.278078227716371,-0.143016665064109,0.239199040007297
"k__Bacteria|p__Firmicutes|c__Clostridia|o__Coriobacteriales|f__Coriobacteriaceae|g__Eggerthella|s__lenta",-0.0510498979562659,0.913122869090474,-0.323287326324358,-0.220624145134611,-0.332225720580443,-0.293221895414971,0.178192070465783,0.223456103108867,-0.150309713635619,0.179401317325964,-0.194403708700546,0.0686711284403625,-0.31133457204348,-0.22236699753903,0.930257296628813,0.00270199348780973,-0.0414596543452911,0.0668939393694672,-0.0157546432153881,0.10046055698915,-0.030446645111624,-0.312233273660566,-0.0340012472020797,-0.0565263293907155,0.00128040754981036,-0.267558058081083,0.196844448716382,0.260254205185491,-0.162348452922215,0.311616810322876,-0.238757338291164,0.0767711300592539,0.147623760786077,-0.171086555990404,0.204260675303375,-0.0361578991725306,0.020501839571679,-0.000416750497993107,-0.0073513903730194,-0.332891415879973,-0.201122271010103,0.108551767890588,0.115368972484884,-0.154197996746538,0.176119206081122,-0.0781614917837969,0.0984414041662276,0.017191174185504,-0.147281237117994,-0.00761532453160398,0.191634933076682,-0.340397029405028,-0.372389931456953,-0.320774222534512,-0.353560947935579,-0.0587510827571599,0.201792726202192,0.222829543941322,0.120800055259632,0.195436872490858,0.100851002749711,-0.0708390249629338,-0.086534572897743,0.543908131875967,-0.094011339267124,-0.163110084590579,0.202278432016609,0.125183526726106,-0.279252054751662,0.196050549861537,-0.264848969907776,0.505670048619357,0.535164493331254,0.179668668266838,0.598509640278776,0.147994484699553,-0.258372043488582,-0.281322294239699,-0.241575484382426,-0.327239176027723,0.0899190449485785,-0.125270535144218,-0.0989666731277492,0.00459184163513883,-0.102742042365662,-0.206558810956048,0.476330758608954,0.534122437524302,-0.0211603562840823,0.521715304490274
"k__Bacteria|p__Firmicutes|c__Bacilli|o__Lactobacillales|f__Carnobacteriaceae|g__Granulicatella|s__unclassified",0.790222868495355,0.897772265903355,0.825335115478835,3.09436215511514,-0.332225720580443,1.17886644874647,0.254084817564926,0.505604031727219,1.75833203996602,0.597176815174909,-0.194403708700546,0.255486065309861,-0.31133457204348,2.7842459262392,-0.309935313295232,-0.220236276754486,0.282344459369127,0.085551938986894,0.0305979058477199,-0.0607985906158087,0.314623725118479,-0.312233273660566,-0.264488796116885,0.79684248615836,-0.425533279587719,1.48625288133192,-0.129433770297889,-0.509274590863417,2.58264503104108,-0.742896505393897,1.76446025296973,0.00135448091703534,-0.502786748533237,3.04397583675338,-0.817969425548886,0.308368180631969,0.107795145064102,-0.0586196146910018,0.897943760373863,-0.332891415879973,0.717960526720708,-0.103547038598144,-0.550929512365725,2.41494291218099,-0.872404088251587,0.0913733207093452,0.129151839205284,0.259994888345191,1.05585007812153,0.277477604348309,0.334769346071087,1.02529628830106,1.11742489006936,3.01222499843889,0.989841879870718,0.00192202087346675,-0.106982754773402,-0.0111572156622346,-0.583710553731841,0.0423948772555067,-1.81640756919525,-0.663140110330998,-0.363708330564992,-6.52463635625268,-0.119469721630099,0.242697636865617,-0.359808666063543,-0.43362871162925,1.1417557141599,-0.486201043912924,0.163184824558396,-1.30658532097219,-1.62445711536899,-1.5652037334707,-1.59427381400978,0.429371036301833,1.26255272663454,1.52900246676587,3.54516229667949,1.54325858894781,-0.356046154499884,0.314181336187873,0.390818773689191,-0.451364559750819,0.3569542928214,-0.206558810956048,-0.254379506359326,-0.0245092501750606,0.251613105303736,0.0757902189933192
"k__Bacteria|p__Firmicutes|c__Bacilli|o__Lactobacillales|f__Streptococcaceae|g__Streptococcus|s__unclassified",0.0425567176757332,0.91838210921015,0.785835327332649,1.34023478577696,0.557125261962929,1.17120882238835,-1.85145815465728,-2.23447227664978,0.546294795772231,-2.10150315288915,-0.194403708700546,0.491402013466632,0.942811911803801,1.23376129078343,0.930104551774103,-0.385551446679252,0.62756224718926,0.295018350512134,-0.143885055629122,0.210879344169917,-0.234877180883374,0.928552295313823,1.30491690073109,0.466539423245436,1.282496212061,1.43644895328484,0.00562246948940577,0.494022350018418,1.26905822682932,0.779023572256861,-0.238757338291164,0.921188277921803,1.37843229937085,1.46035438848866,1.54102290377982,-0.111823308472522,0.680340012138583,0.801763327215581,0.449572991201025,0.605846081061916,-0.158917154213163,1.6550322125077,2.33674602544926,0.900270851881753,2.51351023686515,0.146209266421778,-0.558956344893209,-0.715454464652175,0.0720450452119302,-0.910918787767264,-0.252451254837478,0.565059441539727,-0.327576299992121,1.60091183785556,-1.04018491808087,0.539090517187273,-1.1996996762044,-1.18793516034421,-0.431926377732318,-0.896730349371847,-1.15136125741508,0.627449682495729,0.506823051712559,-2.6648991685093,0.443023759056738,-0.235067432560462,0.714856159139188,1.20586271132162,0.748360799978977,1.05567945457746,0.510259211064098,-0.790360051643039,0.189424190053577,-0.777517613667753,0.894091169386083,0.633744859986695,-1.48263749848705,-2.52936334057545,1.07406075037778,-2.76849179052652,-0.406728405473339,0.246933074515181,-0.35483707557333,-0.211551775782862,-0.728301929481961,1.99628594631066,-2.63038917507079,-2.90157265444273,-0.0790869680658019,-2.56848791089209
"k__Bacteria|p__Firmicutes|c__Clostridia|o__Clostridiales|f__Ruminococcaceae|g__unclassified|s__unclassified",-0.0898685306808197,-0.319041579811562,-0.323287326324358,-0.327370449634458,0.616758231107466,-0.293221895414971,0.0383055549170245,-0.236949771632327,-0.314762865681553,-0.465187247598535,-0.194403708700546,0.211635543359692,0.937353474643695,-0.283734413063365,0.947519035500378,0.172165071820045,-0.122796443237617,0.157996138900429,0.283243115526884,0.326953017069244,-0.119677192639193,-0.312233273660566,0.498327585923927,-0.0492496244314592,0.656695469870113,-0.267558058081083,0.702693194375381,1.11517551091207,-0.189808894473688,1.28080507985849,-0.238757338291164,0.647990486597559,1.26386066656057,-0.169908695696851,1.57044321724856,-0.120060286945074,0.0789918240936057,0.230854778550575,-0.153040419665311,0.704960475967436,-0.389209997163494,0.606766743398098,1.07085041294715,-0.139098662165906,1.37191026659237,-0.0124540673821644,-0.061369432548573,-0.362244035321076,-0.211894021026611,-0.512704954209452,0.326168361612867,-0.785285529736356,-1.08551901095067,-0.437254264720135,-1.15041896271354,-0.141074933464613,0.255993684164824,0.175853992770341,-0.139010052546613,0.0740578364104477,0.338151329405189,-0.376246808827116,-0.494194370061623,0.771947929069539,-0.480408303214576,-0.165387843858596,0.301302881862889,0.345106418706737,-0.255137595849605,0.457080207853778,-0.576248273348897,1.62881608791978,2.276478020323,0.375337830198937,2.47747899684935,0.385260795536331,-1.05539839660991,-1.56560285885661,-0.320962388325538,-1.84691626320788,0.277515469621976,-0.471894940172802,-0.57206336614088,0.0339873847477734,-0.583249724018368,-0.206558810956048,0.660110615093223,0.472867767633032,-0.0845090887871975,0.309553676321516
"k__Bacteria|p__Firmicutes|c__Clostridia|o__Coriobacteriales|f__Coriobacteriaceae|g__Collinsella|s__unclassified",-0.0524849975926338,-0.319041579811562,-0.323287326324358,-0.229386240314338,0.557626334539527,-0.293221895414971,0.185701019347627,0.0864695623342544,-0.14907547578194,-0.00508471861740991,-0.194403708700546,0.0917509122549865,0.995611102338815,-0.204897986066214,-0.309935313295232,0.141765392854163,-0.215073317336841,-0.0704386036155898,0.102056509073768,0.000239557790776695,-0.044746126123296,-0.312233273660566,0.100748523305622,-0.0890669165252229,0.186036855305248,-0.267558058081083,0.294253117429946,0.386661631466242,-0.172820995124176,0.426200989469106,-0.238757338291164,0.170799856879412,0.364242991456861,-0.156602922450408,0.460558540100063,-0.0418394675383523,0.0233102064649557,0.0670815628774124,-0.0252453294016771,0.634741120182041,-0.1615950381081,0.147130588411595,0.232420445743394,-0.0307922688875123,0.31955124921006,-0.0390112693426363,0.14785686320327,0.0247159379596956,-0.0522664018423005,-0.0322888303524045,0.221492209883928,-0.338085026402466,-0.358304675644553,-0.219038441931269,-0.337295446817695,-0.100571858140889,0.162391004609478,0.124081046527728,-0.00357259722956302,0.0431902015227294,0.25143132135111,-0.270226745906575,-0.315113502977933,0.48885691126149,-0.26534589318791,-0.0975707388330038,0.250355083286868,0.216068858397349,-0.102579464230759,0.257026440423892,-0.36249215217842,0.76720501407926,0.912014171097495,0.0870011577866207,0.93672540748125,0.239512921766955,-0.462107617781578,-0.57088498692277,-0.107902581035619,-0.666764230490578,0.173998040626043,-0.233069696256565,-0.170737943108526,0.0424915495218238,-0.109593498898866,-0.206558810956048,0.446188179337935,0.313929207816519,-0.104551765557404,0.21371391663205
"k__Bacteria|p__Firmicutes|c__Clostridia|o__Clostridiales|f__Ruminococcaceae|g__Faecalibacterium|s__prausnitzii",-0.0762040209169484,-0.319041579811562,-0.323287326324358,-0.221714316243293,0.684219458835063,-0.293221895414971,0.055887383019,-0.223517979714396,-0.155948425251205,-0.457721427589728,-0.194403708700546,0.245871397266483,0.945638567864103,-0.0861741282572168,0.932698046610652,0.18667019151164,-0.146901177902326,0.190547612953439,0.311752948284985,0.395371880472266,-0.0613620423378056,-0.312233273660566,0.460221512743955,0.019869547580297,0.631179522290527,-0.267558058081083,0.721089741635192,1.08493815425133,0.0540980176914932,1.2847815118912,-0.238757338291164,0.6487548031813,1.21316329738872,0.13480154342056,1.5254862638472,-0.068184392844922,0.127826258599918,0.245853648604288,-0.00910567222390096,0.831719096972261,-0.320214842229707,0.57405941008323,0.914128427602942,0.122283456203094,1.18628740349313,-0.0554520278410243,-0.0368834862349053,-0.370011063254031,-0.323020238183325,-0.541426448007382,0.353397160824627,-0.839861487414734,-1.09644448319554,-0.383585566318015,-1.21755373640853,-0.0877251522153055,0.186699661178131,0.0550277242095834,-0.0533568438236002,-0.0267820738450311,0.275572163842851,-0.454686650124366,-0.603675266800534,0.338127874058862,-0.59456623772407,-0.160523290418552,0.380499268210728,0.360735630635764,-0.191060794365851,0.426254554894001,-0.56803572744327,1.65735674658286,2.37831080520424,0.419303126968201,2.6111245367987,0.37829523274169,-0.94758705440318,-1.40309342605235,-0.116192502327477,-1.68151262630514,0.271274561349208,-0.546159631371653,-0.611434510239718,-0.0231857282186811,-0.647694994005423,-0.206558810956048,0.612894999471504,0.429194781984328,0.0267040366426693,0.306743469880272
"k__Bacteria|p__Firmicutes|c__Clostridia|o__Clostridiales|f__Lachnospiraceae|g__Dorea|s__unclassified",-0.0210457581093433,-0.319041579811562,-0.323287326324358,-0.0908282713721829,0.60359244720736,-0.293221895414971,0.221677784552926,-0.0147048778206748,-0.104485637812173,-0.170236683563742,-0.194403708700546,0.135511383303486,0.993750473959327,-0.00285022040567346,0.983999984511103,0.138463996362284,-0.202965607277225,0.00125802691473587,0.139550704045957,0.140425354123972,-0.0379075255519929,-0.312233273660566,0.285747166836628,0.0330731457543611,0.391084259761492,-0.267558058081083,0.494444126942289,0.758148728439174,0.00976528007357406,0.842769065078117,-0.238757338291164,0.349778670848449,0.768301175035859,0.0466355514131918,0.951010315660001,-0.0559606923314757,-0.0192765433542537,0.0998607109478851,-0.0964376455064127,-0.332891415879973,-0.229630605418392,0.159857366684065,0.455687505876762,-0.0342191771210071,0.653100763070955,-0.0491311615967665,0.0953685650466657,-0.100539064552895,-0.264100584461961,-0.219485790391257,0.232613878088143,-0.466587159215503,-0.635010843455761,-0.304964362392907,-0.632478409335904,-0.138594966766325,0.247818324508476,0.194200220801886,-0.132362319454633,0.0983254738546316,0.282672403979579,-0.437284893339828,-0.522602901706595,0.273437516390272,-0.465603662408743,-0.0670887058465285,0.237266862133873,0.292264359269817,-0.0593087158671717,0.350809591523554,-0.400684805803199,1.09681405192905,1.60865061122679,0.291199918789295,1.71660238289396,0.181570350785524,-0.486587096873413,-0.878737547677687,-0.158184510151743,-1.04738498354135,0.189927730379295,-0.307034930776131,-0.379586000855216,-0.00252618863271051,-0.341608832891476,-0.206558810956048,0.697111911401078,0.543724814935827,-0.0962115414359587,0.384507263097733
"k__Bacteria|p__Firmicutes|c__Clostridia|o__Clostridiales|f__Ruminococcaceae|g__Ruminococcus|s__unclassified",-0.207568422186809,-0.319041579811562,-0.323287326324358,-0.693977160344557,0.601149412876804,-0.293221895414971,-0.363307069512097,-0.64962152841793,-0.426583220384896,-0.82739757686273,-0.194403708700546,0.171014194550071,-0.31133457204348,-0.568266325062336,0.93094435990091,0.0973923157835028,-0.048506997672287,0.179271427137408,0.19712467646594,0.326998041429918,-0.133553261801551,0.976025289679171,0.551887151160278,-0.135099134582829,0.700930715304414,-0.267558058081083,0.522956460100974,0.937946476246069,-0.358614546184043,1.2024661602184,-0.238757338291164,0.5734097864432,1.16297035844076,-0.420217338020125,1.5110037266807,-0.119794469489407,0.140754610627069,0.273909025326212,-0.203539562410979,0.889640975863745,-0.439010663820471,0.718154068289333,1.20814216468184,-0.537541893751746,1.53865766661608,-0.0375683865615399,-0.169438087008679,-0.446388756789653,-0.448234435583283,-0.627320843585514,0.113257839659728,-0.833693062128323,-1.18550775372565,-0.763640858606183,-1.36727494004778,0.0186402310666186,0.0553663723124056,0.00907309628936882,0.0681659658159998,-0.0286178749063545,0.429728393625259,-0.0216547702160005,-0.194211375698059,1.46593526917078,-0.239837336684441,-0.166492293532,0.344132268805158,0.422840181145198,-0.274880327098957,0.499480651168858,-0.328439281847749,1.30880711581252,1.99699499141175,0.595462927487461,2.29233105682722,0.168280113795153,-1.19444626378624,-1.68988939345716,-0.954984721372581,-1.95041114264885,0.224946204680109,-0.428589442794663,-0.630319791588246,0.10597799982107,-0.745412387169109,-0.206558810956048,0.0966097214748726,-0.0404388505095971,0.058796582164333,-0.0970520172231866
"k__Bacteria|p__Firmicutes|c__Clostridia|o__Clostridiales|f__unclassified|g__unclassified|s__unclassified",0.16761394288862,0.923323899923256,0.854793641254773,1.27234026711234,0.582756032748776,1.18831819639595,-0.769791111283506,-0.909196305374527,0.637608580387082,-0.840101891981811,-0.194403708700546,0.287331324739772,-0.31133457204348,1.15449389667006,-0.309935313295232,-0.277386810381699,0.426236264408782,0.274336802956384,-0.0982848189553367,0.205577693291943,-0.0470431801361325,0.936803048047126,0.572163664673424,0.387021420641774,0.536127238647228,1.42242424932848,0.0564990207655346,0.254020825688837,1.15973640967494,0.367375786958468,-0.238757338291164,0.478554236315485,0.632104481863173,1.37098508183725,0.651786605047352,0.0169065761158161,0.347991512271675,0.366103312968995,0.393651603294238,0.605185580302861,0.0124729284516233,0.846591973370234,1.13438755377594,0.949339942947522,1.16107179809533,0.104242798209724,-0.295601945310718,-0.326608027383507,0.230756884044718,-0.410063613505315,0.0168809226430879,0.300536977130306,-0.185394151413849,1.31651173551391,-0.545711893428287,0.240333393764366,-0.571864386821568,-0.520297716567998,-0.234145312473819,-0.384072267380455,-0.925601702976027,0.152372600082713,0.133290693051362,-2.59880198341038,0.145465065178736,-0.0213191733115648,0.255752575211639,0.431829038332017,0.614388139551582,0.373547325063325,0.237773534884544,-0.500850044725229,0.0216374566350726,-0.63687999961761,0.356934791319047,0.354180329280819,-0.458796220532642,-0.963064045693393,1.14138883767574,-1.09137113407047,-0.267417543354375,0.147887661546512,-0.152087654479034,-0.228266294433703,-0.318777668918615,-0.206558810956048,-1.21817071067886,-1.29006857176461,0.0173736782756664,-1.10840378759585
"k__Bacteria|p__Firmicutes|c__Clostridia|o__Coriobacteriales|f__unclassified|g__unclassified|s__unclassified",0.0118834177073343,0.971443364506946,-0.323287326324358,0.210723735689473,0.653836951952931,-0.293221895414971,-0.0955821219783369,-0.381813024118043,-0.0639408894161552,-0.572526951240946,-0.194403708700546,0.323779994736187,1.05786758706813,0.247634010294354,1.01835801740084,0.0990554169936744,-0.109203117861936,0.0585697400049316,0.216201806593589,0.212973356682983,-0.0845593901284468,-0.312233273660566,0.552264322412883,0.143130306126334,0.7033150089205,-0.267558058081083,0.702995792630088,1.10031475901972,0.309151305959285,1.2726897680533,-0.238757338291164,0.702817367388272,1.22350890637636,0.474223326615338,1.50340481399451,-0.0717631652218486,0.191678195018027,0.310584601162667,0.0923120287365077,0.659576054497696,-0.380378775430121,0.711917027888948,1.14143515502141,0.238103785138161,1.44015593677996,0.0265424927929685,-0.0312510307903202,-0.329960249274626,-0.121661891441144,-0.536590529508618,0.390629350599971,-0.64364241229791,-1.02240849453711,0.0387058836242488,-1.20973117896274,-0.0464747436338462,0.10461318110345,0.0441725077651246,-0.172588131468422,-0.0334618074326751,-0.0380338834812422,-0.413054978868836,-0.535985316463549,-0.421783019178117,-0.454555669395151,-0.18485039045471,0.510192791949627,0.620539447264048,0.0682978564508828,0.711814540822748,-0.520714327881457,1.34976993696571,2.05297867459006,0.115944298375993,2.34355798104252,0.520461836347163,-1.0709390838504,-1.66458047378058,0.0928029724135112,-1.97294959242286,0.174085901371069,-0.392167370801909,-0.526642841496989,-0.0998710287069163,-0.585972553429091,-0.206558810956048,0.424446768406012,0.220035634441018,-0.156704900301522,0.124760215283529
"k__Bacteria|p__Firmicutes|c__Erysipelotrichi|o__Erysipelotrichales|f__Erysipelotrichaceae|g__[Eubacterium]|s__dolichum",-0.0102816036242334,0.944271247284487,0.795682541855732,0.426092204745584,-0.332225720580443,1.16190992055168,-0.365151895643593,-0.470328876987077,0.150165348112308,-0.443970759158701,-0.194403708700546,0.199607424460753,-0.31133457204348,0.374063662609735,0.931630951441162,-0.114916206054991,0.121139689786657,0.105719996470722,-0.0481506252044482,0.1174667043382,-0.0704491316678611,-0.312233273660566,0.351203782667631,0.145168312843018,0.37360757011551,-0.267558058081083,0.156350258476636,0.326836977683781,0.372606894030568,0.449867379300562,-0.238757338291164,0.274618087663558,0.468737230309102,0.458734994525349,0.533396245387883,-0.0682148444202346,0.209730600013135,0.239257774456215,0.142362346501472,0.604789070340545,-0.196701294626336,0.50703329443553,0.672681133930701,0.334995290330437,0.75259547090432,-0.0461173181659711,-0.0299138472086126,-0.120404542297371,-0.070506005957803,-0.202538730664709,0.0867073549547165,0.0253510877467471,-0.162953596721366,0.370523805903436,-0.390695281944925,0.0991251238538933,-0.25082968195305,-0.265436399092531,-0.171323020085861,-0.199252955978842,-0.256646727139256,-0.066863470002217,-0.159933754518639,-0.738057093714791,-0.212204573188039,-0.224681472982436,0.422512364549777,0.536846636499417,0.176684438508879,0.51751454781738,-0.0281959752664707,0.0775562642154294,0.436984884809416,-0.148289555332666,0.676341537728432,0.344725439368301,-0.500560625285026,-0.812221627272807,0.425824570639643,-0.932761403379993,-0.0138856904546307,0.0177230961257411,-0.111660341092109,-0.0597923977956405,-0.243633086967485,-0.206558810956048,-0.326250249414678,-0.379400437742346,-0.13632232962356,-0.308307979715981
"k__Bacteria|p__Firmicutes|c__Clostridia|o__Clostridiales|f__Lachnospiraceae|g__Roseburia|s__faecis",-0.271719610062322,-0.319041579811562,-0.323287326324358,-1.12030615426648,-0.332225720580443,-0.293221895414971,-0.158678700344418,-0.189581427287048,-0.548587291851978,-0.201608376225181,-0.194403708700546,-0.0889016335776586,-0.31133457204348,-0.975982833226401,-0.309935313295232,0.0417050346307661,-0.0211641107911616,0.0281743476511621,0.0261441576252425,0.0453430650006869,-0.0808510861530238,1.00028256464822,0.0929725388729537,-0.309308316240726,0.131406507045692,-0.267558058081083,-0.0273259439662707,0.0847200133405459,-0.91626735343475,0.155503714077007,-0.238757338291164,0.0164848451102605,0.161871868736332,-1.06880274677245,0.278284848952872,-0.0649153087140947,-0.0172089810980693,0.00842361086814503,-0.297775743663814,0.609142056743762,-0.175304449733892,0.0316396010488652,0.174475639005538,-0.879699923487418,0.27145570171357,-0.0415204765564377,-0.108446580087006,-0.167351897714989,-0.313940680135861,-0.172108006358289,-0.193760474703723,-0.32555870328737,-0.385669649213316,-0.989785219346719,-0.337497408702149,0.0437805881567143,0.0373217699750693,-0.00839971892303166,0.273197231696101,0.00845466184137574,0.614780711656888,0.305432601183072,0.221091254862774,2.29213004651977,0.109752574870191,-0.0567731374648146,0.0266638060381708,0.0166262295462792,-0.441852045128954,0.0453998736215413,0.032884930310036,0.366824889998595,0.436734028377782,0.49189165173742,0.435681586120497,-0.229411557733832,-0.427111611190966,-0.479549362309792,-1.30750962923186,-0.464436076331765,0.0976162596970707,-0.098085390969122,-0.127578580400561,0.219457011970245,-0.140729933488171,-0.206558810956048,-0.0975999664884921,-0.129530623395974,-0.00764193807692945,-0.132219696324371
"k__Bacteria|p__Firmicutes|c__Clostridia|o__unclassified|f__unclassified|g__unclassified|s__unclassified",0.114471955865853,1.35318007297137,0.799176035871334,1.25347369046366,0.657515649201736,1.24278807801229,-0.861488333710136,-1.29701551947428,0.461864781503395,-1.45597356979742,-0.194403708700546,0.584843098247499,0.99602410559313,1.12012385798335,0.952161941100972,-0.162404548002431,0.388159914053303,0.412569808577227,0.145938317547848,0.484246448894865,-0.189388436560313,0.928899505616116,1.09703651341472,0.448024941019512,1.21484068545883,-0.267558058081083,0.839790764596907,1.47716790384485,1.32802840139628,1.82470648577697,-0.238757338291164,1.21019699947557,1.94109652460219,1.62165209287766,2.31405567388659,-0.0898935109700333,0.525653472578892,0.675320694169273,0.458935305051075,0.640880413276544,-0.370896820456082,1.64740699983868,2.3803912588461,1.35511445563305,2.70811034619597,0.0601188778487609,-0.321871049171124,-0.664243026911451,-0.0527387199520341,-0.938504344828309,0.443504286263011,-0.416720719150222,-1.26407904437743,1.12914862916653,-1.82939421006215,0.178400891857298,-0.320849125104621,-0.310435451693966,-0.250557374430955,-0.210800999324296,-0.82054156034789,-0.265063485608229,-0.398679818809285,-2.49566941667998,-0.362552181054749,-0.378975757139408,0.862695173926021,1.17280838595857,0.379717491445339,1.21356025233315,-0.365458756319915,0.948149129824706,2.13347147858505,-0.358438428747193,2.83266789606289,0.988565346239908,-1.49361832581722,-2.57219558936119,1.34213508116545,-3.09289827289802,-0.0282263860817903,-0.288613985745978,-0.778364138734706,-0.28112174572693,-1.08207014827011,-0.206558810956048,-0.592398677609976,-0.747491405055514,-0.152038033831945,-0.59201660531866
"k__Bacteria|p__Firmicutes|c__Clostridia|o__Clostridiales|f__Lachnospiraceae|g__Lachnospira|s__unclassified",-0.227174147806724,-0.319041579811562,-0.323287326324358,-0.762557860873019,0.606554394701926,-0.293221895414971,-0.0360707024652202,-0.141797206354775,-0.32761766199332,-0.138113222467411,-0.194403708700546,0.0358257463255237,1.00219877274207,-0.695638103073974,-0.309935313295232,0.0937920148509985,-0.0925703676790586,0.0128607215407383,0.090159553264757,0.0632755970706807,-0.0998791344059598,-0.312233273660566,0.148784565655551,-0.198149691503118,0.210874444037153,-0.267558058081083,0.110087478567737,0.254854862812114,-0.632450832660628,0.322168131687344,-0.238757338291164,0.057285921843771,0.275018321253523,-0.716345239419955,0.34417985865967,-0.109701420598946,0.0634030918879889,0.118999090952236,-0.104865502152666,0.616616507122999,-0.188427881456049,0.0997172398536839,0.169664215995979,-0.358218886829738,0.190160428669497,-0.154562738511683,0.177048490712588,0.0689793853130486,-0.302166750935947,0.0457519339098079,-0.0398877079565324,-0.182529133304212,-0.182583588734736,-0.65468667782396,-0.161280049266,0.0571061723033731,-0.000659652802380651,-0.0579760267198283,0.222294638767145,-0.0887684276089101,0.437510417996655,-0.00464888677416596,-0.164158062194058,1.49878278163577,-0.243180853662223,-0.246473615318213,0.274436386748405,0.266044227908046,-0.431524434335117,0.247546961322041,-0.169822848808705,0.535764850856357,0.74801901809287,0.323080526210455,0.805094923718802,0.0982805989214174,-0.460091757357138,-0.585895192844826,-0.516855027871271,-0.567616312981612,0.156263688973132,-0.106785847641615,-0.1068413121704,0.22125884486667,-0.100751790825122,-0.206558810956048,0.164502943770688,0.0908706653900654,-0.158437029492833,0.0664824127982017
"k__Bacteria|p__Firmicutes|c__Clostridia|o__Clostridiales|f__Veillonellaceae|g__unclassified|s__unclassified",-0.255037196567554,-0.319041579811562,-0.323287326324358,-1.11439895362063,-0.332225720580443,-0.293221895414971,-0.112456898169726,-0.0864974108594881,-0.576655941352052,-0.0823887429968475,-0.194403708700546,-0.213158000856835,-0.31133457204348,-1.01338423644357,-0.309935313295232,-0.00943193356753317,0.0650459766739013,0.0180824894384526,-0.0984918048900112,-0.0140727061889632,-0.050266736783386,0.965514742832841,-0.0887443073806292,-0.304504790863073,-0.0859352274898256,-0.267558058081083,-0.215554927316383,-0.220602131869653,-0.987819170820505,-0.197211102813696,-0.238757338291164,-0.231751438575573,-0.243726412770052,-1.20158923336065,-0.215978827998958,-0.0829121533151926,-0.0850608356194773,-0.0895215797899224,-0.369134820345592,-0.332891415879973,-0.116237147697223,-0.213303944347481,-0.209265321488234,-1.05046504017839,-0.186544813951358,-0.0263808738357154,-0.1172905507494,-0.0562544258869985,-0.32771392551268,0.0242553324887534,-0.279304079959758,-0.11998900946804,-0.0207974737930876,-0.997781945270681,0.0895346987283617,0.0444283238322136,-0.00323161906980052,-0.0225947176643158,0.2954524625949,-0.00213736538400318,0.639157793373749,0.390819108118296,0.2960094079807,2.3644950507285,0.188362572907096,-0.0324158573897023,-0.132195261893573,-0.137447949954503,-0.453948188041446,-0.0994574734974946,0.187243039905843,-0.115352385591803,-0.249509468294434,0.474435957229466,-0.331285845765117,-0.385006292733262,-0.0804585904094295,-0.00613554292701785,-1.41070987303538,0.0861357259080562,0.0404981860201172,0.0123795172025236,0.0318717915600867,0.168949854295787,0.0399873663454664,-0.206558810956048,-0.114959244211084,-0.0986566181990302,0.00951579553034469,-0.107736868517111
"k__Bacteria|p__Firmicutes|c__Clostridia|o__Clostridiales|f__Lachnospiraceae|g__[Ruminococcus]|s__unclassified",0.0436929581872373,0.980795510909677,0.791474175035257,0.617222411783527,0.561975104346114,-0.293221895414971,-0.220315163377946,-0.571554922665375,0.140576838334164,-0.777027688479347,-0.194403708700546,0.418328288089212,0.960509285028308,0.586338324093776,0.954549871711463,0.0276703477634897,0.0718535408598701,0.318604889941287,0.247892447178413,0.456464629765745,-0.133301689562138,-0.312233273660566,0.70497982660995,0.223516596930984,0.852420261102017,-0.267558058081083,0.852717024382153,1.36623511872491,0.706121376634063,1.63202836939424,-0.238757338291164,0.926342472837252,1.59496103516762,0.930098887325303,1.93675515929151,-0.0793092166528023,0.286583338865157,0.425195115425516,0.296144683130029,0.632557717207201,-0.336731215872877,1.05722194814088,1.59812949604016,0.896302051014556,1.92230483041319,-0.0149095699430727,-0.103360888136616,-0.443795076777674,-0.0575775943306998,-0.692849766513668,0.512814820458812,-0.668870138479579,-1.13396490533197,0.382422402932587,-1.42565684552252,-0.050048803504076,0.0413402163280554,0.0328850379805461,-0.19192776963737,0.037386722188241,-0.266328981484513,-0.451256040424483,-0.488026363444876,-1.20824923238899,-0.436354544501676,-0.276607180528276,0.621164796242357,0.7100889731935,0.161094084739378,0.772177658502023,-0.554502704679483,1.37552141750052,2.23645945646601,0.0177619183913579,2.68514677124813,0.757441650086625,-1.10420086023263,-1.85384581972856,0.743271550150771,-2.26731564931164,0.183161229975037,-0.450055422400353,-0.672163687659295,-0.169585221443777,-0.818611129735438,-0.206558810956048,0.297436210904386,0.165485894337161,-0.129135902817595,0.168199461844577
"k__Bacteria|p__Firmicutes|c__Clostridia|o__Clostridiales|f__Lachnospiraceae|g__unclassified|s__unclassified",0.00720130939559009,1.23898821259382,1.89114801831911,1.04671428579579,0.810751557821021,1.23310260307233,-1.10110950795843,-1.73946021301857,0.266717463453714,-1.92421165299621,-0.194403708700546,0.749226343717847,1.10894177365112,0.963406772249837,1.10401813845552,-0.168781445048605,0.356119524454315,0.518560733982451,0.211577257903185,0.657484589426795,-0.271823808983249,1.17607050391692,1.53636137616654,0.419659253934077,1.70749591483846,-0.267558058081083,1.15564529488387,2.07575223137682,1.16309067775282,2.55226004852032,-0.238757338291164,1.63509766147558,2.74576553823716,1.52015811797052,3.25738544341723,-0.162114727968772,0.70344968145217,0.940889030227062,0.51797504766465,1.03872913037165,-0.598619712113581,2.11084914214327,3.13633757586637,1.24992690137232,3.60449921140798,-0.00165578137224933,-0.334763122093373,-0.83573727654098,-0.147086760985455,-1.22353603175718,0.533930942507615,-0.741558816729092,-1.78868789191523,0.883887130419114,-2.51407643455362,0.193587231015968,-0.385680292323483,-0.418442847580006,-0.277333663112295,-0.304354854781153,-0.72683234990464,-0.316999960521062,-0.543418012090384,-2.07925368008572,-0.527869047636097,-0.568511023859211,1.21793938722526,1.55963453382216,0.304092138667672,1.56735160048415,-0.56949233793707,1.76513424138826,3.34922034759223,-0.166763581899253,4.24825618127725,1.2482538389777,-2.28483398432508,-3.73084310232586,1.13253431685507,-4.33390980919943,0.0663294152333221,-0.47766664436586,-1.0694403154011,-0.219673445969279,-1.4238431439352,-0.206558810956048,-0.637191377909418,-0.903569499717307,-0.189322244845068,-0.753254916879527
"k__Bacteria|p__Firmicutes|c__Clostridia|o__Clostridiales|f__Ruminococcaceae|g__Oscillospira|s__unclassified",0.128065012337199,0.950216811144373,0.904973543353274,1.21809014526899,0.626157596376634,1.16159318324492,-0.77238879747635,-1.33629421461142,0.492434903174284,-1.57892191295775,-0.194403708700546,0.645530898058509,1.08278465639732,1.08206651384045,0.946693037902502,-0.061947081463216,0.221593868564785,0.342244007522916,0.171878225466316,0.481217895209693,-0.182505199707281,0.930881255120032,1.20054216581472,0.370412055144727,1.35208165781517,-0.267558058081083,1.03705931718212,1.7101275374771,1.3105146927266,2.03311967035366,-0.238757338291164,1.3492077773724,2.20156702493334,1.53997937033467,2.60809789019438,-0.0899391033812342,0.499102558830141,0.698431704058593,0.333016683934599,0.792175998827228,-0.390954660267802,1.73416612194463,2.47613959121507,1.13414869391841,2.90147507202818,0.116467354258834,-0.292609595667314,-0.710636276949698,0.151191692759956,-1.03246265306598,0.652444480451679,-0.87117377818816,-1.64724439232832,1.23973407231839,-2.15906089477715,0.0771530988099822,-0.238946270043219,-0.286933811573651,-0.331301080556279,-0.241685957271922,-0.677464987193462,-0.454882086031878,-0.621754003999453,-2.44438296941115,-0.50371539405684,-0.262384382222727,0.812341851400811,1.03452755345013,0.456950017395901,1.08348300729321,-0.606043722953712,1.63494967124635,2.85049856984017,-0.353980359357188,3.47893200151565,0.991912836404008,-1.68625086500811,-2.78566927509,1.33043034204639,-3.28995202657758,0.0820253517326023,-0.587332914254276,-1.0310537927523,-0.284129690323436,-1.29023690177914,-0.206558810956048,-0.449815073905326,-0.746187330256633,-0.026033705504658,-0.728166907438576
"k__Bacteria|p__Firmicutes|c__Clostridia|o__Clostridiales|f__Lachnospiraceae|g__[Ruminococcus]|s__gnavus",-0.113971133640573,-0.319041579811562,0.806819031132775,-0.173607818672681,0.578496892625447,-0.293221895414971,-0.440960402041912,-0.919495487735427,-0.160480087877457,-1.20130024340565,-0.194403708700546,0.408218779218756,0.976215602138338,-0.000736614887853074,0.963380291381856,0.0981039284225025,0.0646100674118834,0.354398629109733,0.346463247214013,0.552575099083531,-0.175516462087479,0.957739397457142,0.92331961579941,0.0578520896084511,1.12821664561627,-0.267558058081083,0.911195923540534,1.47661949702495,0.155643904942284,1.76935427265698,-0.238757338291164,1.05260369088184,1.84881586314613,0.282322401475653,2.26935581463199,-0.123129504710842,0.306869840113231,0.490076259971711,0.0195014692313275,0.602274182969656,-0.483089596558456,1.18083292321358,1.79286328832652,-0.0137883787473732,2.25406763977005,0.00992975318738741,-0.320628945817204,-0.701312196686923,-0.341930798615786,-0.977426495314065,0.425203127650742,-1.1568472848001,-1.61683874656775,-0.237206788238525,-1.86117272211107,-0.0104180479345507,0.0128137096103445,-0.0838703895215693,-0.0554816809407139,-0.142434716071493,0.119820647540111,-0.313852049053228,-0.522551340232363,0.093454895647204,-0.510523073570066,-0.220753602618875,0.5018913766,0.664704394658804,-0.0405926675549556,0.747812551060322,-0.593708553958126,1.99119221654013,2.9971356879945,0.413235805559841,3.42633944583112,0.483394073522919,-1.56785998353897,-2.31906358629499,-0.255066684104267,-2.69990381856277,0.275895088472776,-0.657192436644382,-0.946316806723226,-0.00360966853279483,-1.08711538203571,-0.206558810956048,0.0454280764096464,-0.188926513744161,0.0782725719405018,-0.299201587340287
"k__Bacteria|p__Firmicutes|c__Clostridia|o__Clostridiales|f__Lachnospiraceae|g__Roseburia|s__unclassified",0.0583672084747805,0.927086506668094,-0.323287326324358,0.276596313150938,0.669636360227071,-0.293221895414971,0.0872177577958647,0.0118278955679251,-0.0326668221597046,-0.0209048734063736,-0.194403708700546,0.130505932889604,0.952993805829672,0.319853223576391,-0.309935313295232,0.131702986725772,-0.121863334512341,-0.0304247320696472,0.222755397177264,0.0298142018172309,-0.0201520238532867,-0.312233273660566,0.0779403389612456,0.0501218311992691,0.105758741614623,-0.267558058081083,0.227547358393162,0.250174333955441,0.200543643634343,0.269123008105109,-0.238757338291164,0.189905283381034,0.248431164552912,0.348335731305463,0.29836348492153,-0.00804078185460516,0.0646215952165198,0.0736309987214072,0.154067895986217,-0.332891415879973,-0.0821954417335684,0.198075769950136,0.291683596246464,0.316725138130414,0.321139784395945,0.0215843899987486,0.0938011712409766,0.0184683249937988,0.17359933228001,-0.00381692877145936,0.20630520674912,-0.0046680604528204,-0.0595561472159411,0.321825065851268,-0.0561553310408178,-0.0700487853336678,0.0449164976711364,0.036147298180231,-0.234970890517518,0.0374474237841148,-0.0851984369556567,-0.293544770600858,-0.237955396427097,-0.651938655960936,-0.205544828557435,-0.131305889732251,0.274684258965749,0.284672411036452,0.0768264757673925,0.296021696940148,-0.245895595556844,0.311348449496819,0.363405057051487,-0.178495792901469,0.382552251870493,0.367665495764803,-0.292258498570372,-0.395740091908049,0.494948544411715,-0.444179083198052,0.109175820492076,-0.116460291250694,-0.100330129474177,0.0281023159843381,-0.0670862179374923,-0.206558810956048,0.25056823887646,0.226061395314377,-0.127465220644551,0.228774698208578
"k__Bacteria|p__Firmicutes|c__Clostridia|o__Clostridiales|f__Lachnospiraceae|g__Blautia|s__unclassified",0.691740253642551,1.05058101882653,0.802657367862136,3.59595033880112,1.34947919417148,1.24991861591811,-0.589805809427391,-1.32088953676216,1.60027282348623,-1.69363276090507,-0.194403708700546,1.11456511660191,2.08667997685262,3.2986807713891,2.01496471223642,-0.069908953847781,0.210200001253167,0.492837850908003,0.263026047948743,0.70722655421921,-0.0195327738398129,1.01148655022174,1.55158646252198,1.15139295236608,1.7415421259073,-0.267558058081083,1.74252480756015,2.5696094197172,3.44791555236471,2.91324245809078,1.76981969082826,2.11020286159091,3.157057185482,4.16879592070214,3.62172066354632,0.0398353916272422,0.708433184440444,0.948211686488531,1.08847227375132,0.98750126780972,-0.246889592225388,2.43321111164958,3.39553190855648,3.27184216006855,3.86071078343813,0.158505607776912,-0.353982882094759,-0.927134686217365,0.497342944345581,-1.39107093643032,1.29135411956206,-0.858977994843549,-1.96077313196359,3.08326545680113,-2.70194024262748,0.0224440626210848,-0.221335457157984,-0.24567785079633,-0.838109719833463,-0.209601956137651,-1.82732064308362,-1.40949227393364,-1.43170578194751,-7.32882224071753,-1.09778966030635,-0.307521383690834,1.13133045349602,1.37954070561064,1.35576518218771,1.48685214506225,-1.03067728663122,2.1042224985951,3.80994113467842,-1.1955013727087,4.73402095844541,1.83853530373839,-1.85233271900703,-3.38780977926367,3.87460679921692,-4.25739287113696,0.0547695465424438,-0.801059338617246,-1.30825391788741,-0.814963353979123,-1.5790705682462,-0.206558810956048,-0.144828380927445,-0.460173865023129,0.0270616597521621,-0.449517883518344
"k__Bacteria|p__Firmicutes|c__Clostridia|o__Clostridiales|f__Peptostreptococcaceae|g__unclassified|s__unclassified",-0.0703941177041978,1.05134670479092,0.862024647628694,0.122186890295004,-0.332225720580443,1.17886644874647,-0.319503524566803,-0.212837023701645,0.121455370215518,-0.0393938609229109,-0.194403708700546,0.0129452694939949,-0.31133457204348,0.010546724936438,-0.309935313295232,-0.168479081451573,0.129624165685973,-0.0110205487530661,-0.161742409310788,-0.139653282280535,-0.070485655418072,-0.312233273660566,0.0188044588871975,0.0217989752757594,-0.0516606377013559,-0.267558058081083,-0.319675407241667,-0.343725836182537,-0.0140614850314531,-0.355437523815012,-0.238757338291164,-0.220587999484439,-0.360339563804157,-0.0602071012802237,-0.507384097307538,-0.0464641444973526,0.103619227382295,0.0773316505829544,0.0687400352812869,-0.332891415879973,-0.0267663645174964,0.126489482327042,0.0752938692975822,0.188044818771893,-0.0521689435493185,-0.06566642202618,0.159685036161834,0.21430939277257,0.0602109354826817,0.260009451061974,-0.18628436197315,0.595629009730271,0.519259283708413,0.398910202091305,0.370642555872013,0.170884430877725,-0.310370416710778,-0.243796564402482,0.0533090323629486,-0.142577600128562,-0.224708648969224,0.246238579828718,0.17230893844902,-0.111672484476621,0.0882049106693652,-0.185577963679026,0.296524592114604,0.319891778813453,-0.0666922531485188,0.260624072243966,0.251165335178575,-0.80429198921601,-0.856554703313362,-0.396063300701964,-0.79223791325698,0.173457854323954,-0.0519786246981316,-0.0733720913495798,0.337060065231474,0.0154041424980655,-0.185752123472522,0.389330945723304,0.319526885602066,0.0637916360290466,0.274655692051483,-0.206558810956048,-0.584086036356253,-0.569030991858838,-0.212696879709256,-0.437308920873533
"k__Bacteria|p__Firmicutes|c__Clostridia|o__Clostridiales|f__Ruminococcaceae|g__Faecalibacterium|s__unclassified",-0.207440078512193,-0.319041579811562,-0.323287326324358,-0.922854751648659,0.6463470291513,-0.293221895414971,0.218407691353382,0.354770455286577,-0.466889801156725,0.430153967960899,-0.194403708700546,-0.216019311406842,-0.31133457204348,-0.900423286254658,-0.309935313295232,0.0963360812454028,-0.132720385183547,-0.0956490142769884,-0.0227497673817978,-0.138543835084186,-0.0212367608093273,-0.312233273660566,-0.301949994999687,-0.299237920262178,-0.336908186182039,-0.267558058081083,-0.288418522748527,-0.404681045154246,-0.938464069182471,-0.471467296883178,-0.238757338291164,-0.434762225165827,-0.576487044471063,-1.03024906000581,-0.62848654340609,-0.0467490432682819,-0.148214160402648,-0.173350594299095,-0.240267098990515,-0.332891415879973,-0.00231326023098459,-0.440880201226578,-0.628757733497122,-0.576201008589484,-0.749948831864899,-0.0704475440136197,0.185942897331117,0.261181828922083,-0.13763029522605,0.320797962041617,-0.239153584838517,0.181156542618545,0.390677784145673,-0.838954225204939,0.544544864534075,-0.0191298981014894,0.0341989290709613,0.0507245388719551,0.170714745778553,0.0306718998779356,0.524659737630844,0.219690318719759,0.146571142750489,1.983118658118,0.059060727733728,-0.0241979977473894,-0.0890932358206171,-0.164717060797879,-0.395671515916637,-0.169963295454948,0.0813519523350583,-0.228600700193261,-0.463945507941614,0.28051229716383,-0.65359804653655,-0.233263032703503,0.21692190764297,0.461391175054275,-0.799594143969898,0.602510054805612,0.0197176299303307,0.167556993785047,0.285894995153044,0.170211316264517,0.37566486286598,-0.206558810956048,0.27622917156631,0.315676008291035,-0.167448053276581,0.299979807597399
"k__Bacteria|p__Firmicutes|c__Clostridia|o__Clostridiales|f__Lachnospiraceae|g__Coprococcus|s__unclassified",-0.112341929516385,-0.319041579811562,-0.323287326324358,-0.123008082175884,0.599277174707633,1.17340270576874,-0.45072648309906,-0.629375753095152,-0.123554265657163,-0.681950067005571,-0.194403708700546,0.210515487228951,0.982094789205491,-0.163867057525558,-0.309935313295232,0.00777794077197148,0.0600887165434667,0.0980250419837516,0.0211200816522468,0.13143800941673,-0.132767728199954,0.929147439186458,0.469785779702329,-0.0136931503457234,0.513623776365382,-0.267558058081083,0.349435296923434,0.627667055782095,-0.0225372197766089,0.785009731864881,-0.238757338291164,0.459945033204122,0.746763529664071,0.0333717177450801,0.907102623307982,-0.11911343701458,0.280178633901229,0.336139634767439,0.0149429807962391,0.6026716911664,-0.272418079696124,0.739751723430173,1.0456480106098,0.089451605714595,1.19264233366021,-0.0663051941955325,-0.13696180927031,-0.282474418232656,-0.135126253653594,-0.398390395000165,0.116260244446871,-0.370050017048372,-0.61855725321802,-0.0328899584736762,-0.839927963197799,0.0847882103086719,-0.0918297728731631,-0.0748192965979134,0.0614519924705983,-0.0129564123986565,-0.0275240331477479,0.0196604040632078,-0.0398767562715423,0.21494063010977,-0.0818530741187546,-0.300739238868368,0.470388654632112,0.555356364318935,-0.0514988941462278,0.540327914797497,-0.235328773058525,0.626813754423038,0.942978676713159,0.00219599560124069,1.17804404229807,0.389534982856072,-0.965161993252547,-1.30132739268394,-0.150095834558463,-1.44653832134631,0.125823147466701,-0.281091087272117,-0.398762504872771,-0.00874734808206128,-0.510310811866687,-0.206558810956048,-0.361864851367737,-0.453256093552031,-0.0854939282533042,-0.398410310372251
"k__Bacteria|p__Firmicutes|c__Erysipelotrichi|o__Erysipelotrichales|f__[Coprobacillaceae]|g__unclassified|s__unclassified",0.561398203215634,0.95696873576675,1.00689386403542,2.48887239957507,0.720198945158641,-0.293221895414971,-0.146959510366948,-0.549736399363166,1.16149307806641,-0.767968848589088,-0.194403708700546,0.716047503511247,0.993957381488324,2.29364394019927,1.14495378504384,-0.019854947335734,0.0901503483292542,0.284771914771432,0.25337965344463,0.384275733474006,0.0388121307902528,0.933303558213866,0.831256667041197,0.741395479347032,0.960902325082866,-0.267558058081083,1.04023023421493,1.45365155653276,2.2791103015145,1.56465680548705,1.88481512796314,1.27019827373233,1.8501299419762,2.74759393102157,2.06422537716827,0.0945399060245503,0.411013832865414,0.519715996595507,0.744247678106199,0.609142056743762,-0.0803719224077544,1.3124649155115,1.75048128118738,2.0080704197084,1.98942568395761,0.0796390931427387,-0.0611550774686065,-0.397364490238434,0.548271088820378,-0.6340004941095,0.853997931065846,-0.347783825890555,-0.969087359396667,2.29150779330271,-1.33067601310742,-0.0109920954902567,-0.0775517185761959,-0.129934266106914,-0.603783708968442,-0.103081781107454,-1.3182335203378,-1.07959458637327,-1.0514829000692,-5.21874794474725,-0.813888300433823,-0.142883751296525,0.586804324478618,0.71415782682236,0.831223094355852,0.739912954611194,-0.686337359165451,1.31128623635694,2.29960195048631,-0.863910217246476,2.76250619324488,1.2166885783746,-0.941859012250188,-1.78466833334875,2.88073694092196,-2.26444823295739,0.0550386478463314,-0.453155653382658,-0.7122594784406,-0.360693687935317,-0.833301406973494,-0.206558810956048,0.132261381619334,-0.0679467309684662,0.0601916846233283,-0.106895353844016
"k__Bacteria|p__Bacteroidetes|c__Bacteroidia|o__Bacteroidales|f__[Odoribacteraceae]|g__Butyricimonas|s__unclassified",-0.209853950988817,-0.319041579811562,-0.323287326324358,-1.03434398015714,-0.332225720580443,-0.293221895414971,0.216227957599321,0.397916112413896,-0.446625290849571,0.460735930519112,-0.194403708700546,-0.21974890522187,-0.31133457204348,-0.927342377024393,-0.309935313295232,0.0460476457118607,-0.0511903409741409,-0.0482312828722086,-0.0239281856807158,-0.073293186303326,-0.0180615434640572,-0.312233273660566,-0.390255702169258,-0.322176290462867,-0.404200111791956,-0.267558058081083,-0.288950057521997,-0.497492743216221,-0.935306339548345,-0.58677324395057,-0.238757338291164,-0.429564279906251,-0.649975481993383,-1.0931796772663,-0.737772134248325,-0.045569618089644,-0.148313265580372,-0.210273417294177,-0.203996916083215,-0.332891415879973,-0.0377011059614852,-0.415177175573729,-0.672009677635673,-0.744886627636199,-0.759601421555314,-0.0574356782968857,0.0724692379020426,0.147846281603614,-0.150923240568431,0.245134137170847,-0.187267837014574,-0.0663821996583526,0.263508263858535,-0.963111946733683,0.462410062684501,-0.0162405861862776,0.0796700265946736,0.0972301566152069,0.280192052229959,0.0316909709563301,0.532951536558907,0.261831844608743,0.246982541582143,2.02758376043603,0.14669474559755,0.00465849960763253,-0.161580366174716,-0.270583131615911,-0.425256522119787,-0.258694955892175,0.0820501484115824,-0.153781271973585,-0.548115226161512,0.334127118792828,-0.751538238903671,-0.355799836870511,0.312686745604681,0.724286234067039,-0.968815487477883,0.880022500440185,0.0610027887023032,0.0457314149518694,0.198194152975979,0.184968669873088,0.265602965254698,-0.206558810956048,0.231575299380772,0.342969847529696,-0.0216255501537493,0.31442158747562
"k__Bacteria|p__Bacteroidetes|c__Bacteroidia|o__Bacteroidales|f__Bacteroidaceae|g__Bacteroides|s__caccae",-0.225239915379724,-0.319041579811562,-0.323287326324358,-1.15542162922081,-0.332225720580443,-0.293221895414971,0.278331415558729,0.44382132227344,-0.551743232643046,0.429431262124171,-0.194403708700546,-0.245284838480713,-0.31133457204348,-1.11281186261901,-0.309935313295232,0.0322269167497468,-0.0401687160875894,-0.00185270508316605,-0.0752660456893487,-0.00645337141360316,-0.0127903618270996,-0.312233273660566,-0.397192487537462,-0.36123043774306,-0.365491643736275,-0.267558058081083,-0.182764440478733,-0.258670965278975,-1.07000311062049,-0.283008046889708,-0.238757338291164,-0.36898891104244,-0.48874380919937,-1.26960247441966,-0.515198015966046,-0.0580975310489288,-0.205829543847482,-0.246593173479753,-0.418761287528301,-0.332891415879973,-0.132612709775378,-0.493472308855628,-0.679693464189934,-1.11761149819717,-0.723377353101637,-0.0945347061765596,0.0544729321672676,0.112106033380184,-0.300185126545489,0.185987029184281,-0.150239074432521,-0.229765103442073,0.0556244100503369,-1.11124752326265,0.224472800735185,-0.0712955058516774,0.287831629077716,0.306460895444668,0.389944251716176,0.247101109687739,0.625435558667926,0.206320593748467,0.121541093314265,2.43501557038452,0.0184284252864845,-0.0355473155625966,-0.246646845326197,-0.366000575268206,-0.57612149813767,-0.340203734142317,0.0267072676985998,0.0820073319079944,-0.221631270515694,0.518959387830243,-0.371892207194879,-0.431493548226826,0.271840342317294,0.589247097966897,-1.36084632947287,0.693939496284446,0.111926218094657,-0.0159663523289961,0.106594129976692,0.194241802654563,0.155277906929704,-0.206558810956048,0.509559517645546,0.654799595688417,0.0470367705030976,0.61706601730254
"k__Bacteria|p__Bacteroidetes|c__Bacteroidia|o__Bacteroidales|f__S24-7|g__unclassified|s__unclassified",-0.236131516805213,-0.319041579811562,-0.323287326324358,-1.29635616891616,-0.332225720580443,-0.293221895414971,0.29866773859266,0.419818355625014,-0.612296401113388,0.439654978822403,-0.194403708700546,-0.27397357001023,-0.31133457204348,-1.16848412683971,-0.309935313295232,0.0651623250256804,-0.0646351663436737,0.016922839628801,-0.00510561103660599,0.00399014117676456,0.00896596603016327,-0.312233273660566,-0.359810412901009,-0.356579817071671,-0.364997974469337,-0.267558058081083,-0.217832027848018,-0.34657559330705,-1.16173504685534,-0.386390420511583,-0.238757338291164,-0.408426874537994,-0.522854736685911,-1.37567534268638,-0.560713463062977,-0.0255891752711263,-0.222821285488384,-0.231905320105133,-0.396708020983672,-0.332891415879973,-0.148762116613661,-0.546622562943528,-0.646590244335161,-1.3027465990624,-0.660789044112648,-0.124422639798699,0.0461367582142924,0.171002409759731,-0.350568611356792,0.230963708415112,-0.1991968545546,-0.267945493057946,-0.0179477271373128,-1.31641958199234,0.248166296761408,-0.0865582883904694,0.291974463095239,0.260860352340939,0.373257163051092,0.186345532423482,0.680548369278472,0.270865149875851,0.260692351185339,2.65314431169195,0.171092373711188,0.0015294172507984,-0.357017128074613,-0.41060402916798,-0.653856956709769,-0.422401759758194,0.0831078815051858,0.124389038827413,-0.170422014758519,0.665838338664925,-0.43258273255958,-0.505944413835088,0.245649732265685,0.600517486667021,-1.61448181492664,0.8018862963357,0.1507715720774,-0.0485316483936014,0.0734136772476807,0.278685278372079,0.170668850848889,-0.206558810956048,0.437132744867223,0.475235548885819,0.0810891710064169,0.417040042757689
"k__Bacteria|p__Bacteroidetes|c__Bacteroidia|o__Bacteroidales|f__Prevotellaceae|g__Prevotella|s__stercorea",-0.155257779443044,-0.319041579811562,-0.323287326324358,-0.916606831256581,-0.332225720580443,-0.293221895414971,0.306015393830951,0.423401540077789,-0.314440527424276,0.466798047781659,-0.194403708700546,-0.253903927846783,-0.31133457204348,-0.766423074650836,-0.309935313295232,0.0476136372899663,-0.0266842819645753,-0.0114092245443886,0.0125618647308087,-0.0282361478789939,0.0368785196959349,-0.312233273660566,-0.364894587658741,-0.301613170594357,-0.399517860056165,-0.267558058081083,-0.280256313605514,-0.468402442839067,-0.755544390913074,-0.513805087680099,-0.238757338291164,-0.395228053089353,-0.6022325980176,-0.90155610365868,-0.652530104029092,0.0110902765051612,-0.197969312662916,-0.241455625021508,-0.228457403419347,-0.332891415879973,0.0644876199960619,-0.56670814606736,-0.78081459814108,-0.678165921688322,-0.842241556008668,-0.0806066923575114,0.0499491924548095,0.136838523740315,-0.213577224163675,0.220907256090345,-0.260783014613247,-0.00146301329848085,0.328845075673382,-0.846948595473529,0.522410947949517,-0.0340430642332376,0.161941199599239,0.147758640733678,0.241538919668778,0.143520164252135,0.545003060340568,0.173252108921569,0.202622864095202,1.7680229497286,0.108122871590828,0.0806974278900946,-0.321093134539904,-0.409613418184488,-0.353175543400716,-0.419577892949959,0.145599468683338,-0.0978748445872929,-0.476611548768503,0.426098492419736,-0.660206116427388,-0.504723084755241,0.517903435294687,0.888463488382845,-0.944653100715997,1.08121982460165,0.0667596940224689,0.0421759909948271,0.184713871895148,0.210534425071237,0.247382448180504,-0.206558810956048,0.312220061592256,0.379232495473916,0.0728150462475759,0.364103601967645
"k__Bacteria|p__Bacteroidetes|c__Bacteroidia|o__Bacteroidales|f__[Paraprevotellaceae]|g__[Prevotella]|s__unclassified",-0.266428060497741,-0.319041579811562,-0.323287326324358,-1.26323643191435,-0.332225720580443,-0.293221895414971,0.234320766567156,0.380782105642991,-0.554505792114118,0.435859766386725,-0.194403708700546,-0.260808388075218,-0.31133457204348,-1.1863156474169,-0.309935313295232,0.050984818843342,-0.0205251272092401,-0.0218237259582493,-0.03773012424024,-0.022163866378911,-0.0177962466772766,-0.312233273660566,-0.377022409389668,-0.393819141664721,-0.375669641452054,-0.267558058081083,-0.336599456364489,-0.493690693501208,-1.14127708360293,-0.555278637054842,-0.238757338291164,-0.431503695438482,-0.58469414726237,-1.29402198615816,-0.602671854685454,-0.0319064545786317,-0.169847843556545,-0.223079373924222,-0.33314029873292,-0.332891415879973,-0.00663582904961771,-0.560565968288936,-0.783756743989114,-0.915505035762759,-0.878751146652646,-0.0764249508422326,0.0683641565359162,0.153988201553273,-0.281626537116728,0.188832236909826,-0.264723381270534,-0.0935030842168222,0.246844989353618,-1.21844612095389,0.504751319036573,-0.0480709775505448,0.156963709677185,0.115642647592189,0.399199430464694,0.0609034931911493,0.689420884352913,0.325067201355972,0.293951893653958,2.57619493780252,0.190419266948612,0.0794751798948829,-0.262859889728227,-0.308878475888746,-0.498379354624772,-0.283439470221287,0.115104376903715,-0.0476242285768871,-0.36694227160274,0.558234578693631,-0.59581719154026,-0.461586809109975,0.33242954904147,0.718764344177619,-1.29286583187775,0.900504212312737,0.0780239979298649,0.0267423092593488,0.154879644756909,0.164943205168719,0.192824706260806,-0.206558810956048,0.302214660351961,0.365190998407018,-0.00872638522231434,0.309487825745211
"k__Bacteria|p__Bacteroidetes|c__Bacteroidia|o__Bacteroidales|f__[Barnesiellaceae]|g__unclassified|s__unclassified",-0.126212401010804,-0.319041579811562,-0.323287326324358,-0.655856481931758,0.703367426478327,-0.293221895414971,0.174168157907644,0.227427563515993,-0.385034330664054,0.23259468807148,-0.194403708700546,-0.161294113291399,-0.31133457204348,-0.564963657888448,-0.309935313295232,0.0721479955941825,-0.0404925784907544,-0.0559558805999184,0.0101539579072363,-0.0233918296635876,0.00832720121716432,-0.312233273660566,-0.228359565400896,-0.163092620130511,-0.217062710776345,-0.267558058081083,-0.119851313731524,-0.213315968010765,-0.546768813050485,-0.229703301073842,-0.238757338291164,-0.21718429260746,-0.315949332310527,-0.662321772837762,-0.306751599079611,-0.0251557685461922,-0.179549849812809,-0.17092532882343,-0.259159995881531,-0.332891415879973,-0.0288566633787137,-0.324154400111033,-0.325429191312693,-0.579735589946669,-0.304901648186299,0.00350772264843065,-0.0460610465487327,0.0134450043987179,-0.141882521788601,0.0583385456988761,-0.0951578859441968,-0.220651761980849,-0.04187957536791,-0.721650583959111,0.100363643469048,-0.0848165766465182,0.136853851360501,0.139788503887901,0.0517373307246273,0.142831689073489,0.410507797187267,0.181427941600347,0.25364899975513,1.32053434595709,0.240436620158286,0.0577994903903038,-0.115584369509813,-0.144895433236452,-0.112236946685567,-0.122438694558041,0.00807055811129689,0.0411901930103784,-0.228407386105575,0.325605813342266,-0.382686860301993,-0.313546199500124,0.191322813405962,0.377858975600191,-0.887791006407171,0.454639942506011,0.0766069842463926,-0.0261193597665804,0.0595467856371247,0.0565221872898977,0.0854729913515346,-0.206558810956048,0.294899213606673,0.308683928966128,0.0472143448884144,0.312724315770914
"k__Bacteria|p__Bacteroidetes|c__Bacteroidia|o__Bacteroidales|f__[Paraprevotellaceae]|g__Paraprevotella|s__unclassified",-0.0716322950386939,-0.319041579811562,-0.323287326324358,-0.577798277490444,-0.332225720580443,-0.293221895414971,0.525745752206043,0.688012034869292,-0.255293042271866,0.714767738323589,-0.194403708700546,-0.163119120337741,-0.31133457204348,-0.478369988942904,-0.309935313295232,0.125700161428678,-0.171251541835396,-0.0994341030190874,0.114508240351616,-0.0912966098201439,0.0472783316899045,-0.312233273660566,-0.449811030661054,-0.185871431110008,-0.471992239207033,-0.267558058081083,-0.136924771904552,-0.346311396757242,-0.506009900483394,-0.445588168540382,-0.238757338291164,-0.365371712381474,-0.593888991280538,-0.595165540441635,-0.679398038086844,-0.017344223788728,-0.205744677639352,-0.255532854769661,-0.19119337212545,-0.332891415879973,0.0415366190754099,-0.606407301695847,-0.860262338814707,-0.461208652592148,-0.972861637385742,-0.127416174925416,0.252957418371997,0.334744858022427,-0.0903600130899168,0.407812229811729,-0.0453190191562064,-0.00823924946517406,0.369347889274855,-0.497930148950317,0.599214308593381,-0.15470030021925,0.33645882971113,0.326515495341477,0.063110893321816,0.262486741045305,0.383372169741192,-0.0375403145682453,0.0133054729927284,1.08334703384565,0.00827245564053615,-0.0506260823780684,-0.114416117855487,-0.237270400123179,-0.33673582174026,-0.240292076993416,-0.0707323506766895,0.0488719579390935,-0.404037109422406,0.224982402610769,-0.640720574361922,-0.244193115496315,0.484907356697925,0.909211695774585,-0.584921136027146,1.08774361302558,0.119518141307113,-0.0181126802173814,0.199296570722001,0.138787753211874,0.336158827382874,-0.206558810956048,0.692459150662987,0.777772088752913,-0.0271504500248951,0.716777931359242
"k__Bacteria|p__Bacteroidetes|c__Bacteroidia|o__Bacteroidales|f__Bacteroidaceae|g__Bacteroides|s__plebeius",-0.129448071499981,-0.319041579811562,-0.323287326324358,-0.819228165127644,-0.332225720580443,-0.293221895414971,0.332292699018083,0.483817219073709,-0.374851789305987,0.510422252091581,-0.194403708700546,-0.227489085749808,-0.31133457204348,-0.725281833380112,-0.309935313295232,0.0986039446685502,-0.100876944383162,-0.0633671496146433,-0.0383097714786829,-0.0648520266202239,0.0373851844270948,-0.312233273660566,-0.383850808451762,-0.243462004854585,-0.392266603574027,-0.267558058081083,-0.245330561563658,-0.430554678534491,-0.769563941976822,-0.529728359377359,-0.238757338291164,-0.405983589957373,-0.590486828146475,-0.920909732359566,-0.652129561358543,-0.00902147435317007,-0.211992499837625,-0.248158426374126,-0.261739563576721,-0.332891415879973,0.0292999929853217,-0.656013730522053,-0.975158042805828,-0.840378292072671,-1.04941695363657,-0.0540055102652167,0.065505554531727,0.145095702985433,-0.120047376873488,0.24172414568542,-0.128885589700891,-0.0364202857969586,0.310906595556886,-0.714969339451902,0.583143739344488,-0.0849645121788614,0.158099198146963,0.146646312810622,0.199175373668642,0.0755591724592369,0.501227635737935,0.135240252245655,0.0994363027586844,1.63973489298731,0.0497128888249712,0.0736761666920442,-0.20496694353143,-0.292007227610682,-0.294701137040384,-0.260740743866827,0.0709802981708758,-0.078180112556486,-0.447277221570495,0.386544348956068,-0.691648133883821,-0.396038017342112,0.41753750479647,0.793207726677014,-0.889357635809088,0.977109332817178,0.0849141631882613,-0.000596469753870412,0.203007552627587,0.142830496545226,0.287127205028756,-0.206558810956048,0.346114454958454,0.388423485034444,0.00754265613707998,0.332948354859556
"k__Bacteria|p__Bacteroidetes|c__Bacteroidia|o__Bacteroidales|f__Prevotellaceae|g__Prevotella|s__copri",-0.169317843321562,-0.319041579811562,-0.323287326324358,-0.89267257088398,-0.332225720580443,-0.293221895414971,0.228006630784451,0.449054980051253,-0.434487036830231,0.581982242999115,-0.194403708700546,-0.245018878487046,-0.31133457204348,-0.785473385018855,-0.309935313295232,0.158337250687255,-0.23720828518559,-0.254244775512931,0.0489093843037159,-0.249367008826625,0.0139796558935356,-0.312233273660566,-0.452745302019299,-0.26629955320174,-0.509868987731729,-0.267558058081083,-0.422250994457643,-0.696333471318083,-0.912382128669117,-0.80629972535982,-0.238757338291164,-0.566698548056369,-0.838876911424156,-1.01881259023539,-0.950349293174635,-0.0234799863422828,-0.160653734172938,-0.230354258810366,-0.153280747309772,-0.332891415879973,0.0948759740104564,-0.677725331122784,-1.02352790657706,-0.620297071410612,-1.14584148034739,-0.0988900472039492,0.235519967806139,0.369099510803524,-0.0984038854521857,0.400007685853118,-0.365569933594311,0.418556074680581,0.775828830156773,-0.69821360325133,0.936111101937351,-0.032151431819959,0.0542727280847452,0.0373754256586425,0.181750142268823,0.0543313507798545,0.520845617507339,0.240810292841461,0.222265660436562,1.78740811327519,0.150887211675216,0.0218082713391769,-0.151378920509191,-0.300723055573519,-0.352854084329331,-0.367252507972493,0.229431222758207,-0.484726846213612,-1.02972708276155,0.231071683793598,-1.25125692339029,-0.331298652895221,0.424439602735375,0.937402267354108,-0.667061345443116,1.20084238943268,0.0742775859312811,0.146806206303376,0.379906081256616,0.349903827529847,0.450899222986602,-0.206558810956048,0.135641692989892,0.201700774434665,-0.108264751209612,0.214509032494508
"k__Bacteria|p__Bacteroidetes|c__Bacteroidia|o__Bacteroidales|f__Bacteroidaceae|g__Bacteroides|s__ovatus",-0.198767539538179,-0.319041579811562,-0.323287326324358,-0.853594472372001,-0.332225720580443,-0.293221895414971,0.113938726019877,0.305354279697108,-0.45923383909442,0.360754900508743,-0.194403708700546,-0.155119293277393,-0.31133457204348,-0.804839379557046,-0.309935313295232,0.175072992264434,-0.276862491029482,-0.252369400501841,0.0534345488678207,-0.273384078614846,-0.0509118515777494,-0.312233273660566,-0.295443386148406,-0.282035925438964,-0.34915692557584,-0.267558058081083,-0.204777574450912,-0.382847544907406,-0.847111491148973,-0.430417383833616,-0.238757338291164,-0.39708828810873,-0.610631270489394,-0.978939121965761,-0.675477978784463,-0.0888291914214774,-0.0556958283196326,-0.109821103499384,-0.226456252127829,0.630756034168948,-0.0936814397285117,-0.32743068842557,-0.596178993683437,-0.644131112415071,-0.693568074266669,-0.0737925954324516,0.23979124647495,0.290928036797527,-0.0941630451781695,0.310375162672881,-0.121831982399618,0.0941268216535499,0.407202355890675,-0.528463418849391,0.516571560658915,-0.0628571989241136,0.0859404048728189,0.0725443069048432,0.0984291094493488,0.0661899263003103,0.502942432297861,0.168850877919513,0.108004694147589,1.79486364257096,0.0540044411979825,-0.1619253062623,0.14231821926687,0.0535967683840114,-0.38428955453067,0.0223230645834915,-0.0120167183856498,-0.0984712692734661,-0.532438926420162,0.170903301952083,-0.725991303917325,-0.0635149896045,0.0199953158501963,0.386346290805749,-0.546190215630371,0.57653480196959,0.151123623861322,0.00224524854185386,0.201240283057103,0.298521015025327,0.26227968679985,-0.206558810956048,0.172126904962241,0.232912791029878,-0.155016109039089,0.214847771468887
"k__Bacteria|p__Bacteroidetes|c__Bacteroidia|o__Bacteroidales|f__Prevotellaceae|g__Prevotella|s__unclassified",-0.149017216982594,-0.319041579811562,-0.323287326324358,-0.818621179437279,-0.332225720580443,-0.293221895414971,0.299552097789278,0.471959746788484,-0.402910961624818,0.538985524902914,-0.194403708700546,-0.214738691099256,-0.31133457204348,-0.795216066014806,-0.309935313295232,0.0973460245252591,-0.201082179171208,-0.162240463011762,-0.056555580492603,-0.202333807670355,-0.00150888596166627,-0.312233273660566,-0.380793318695046,-0.269705890284009,-0.41811459086981,-0.267558058081083,-0.275415043403581,-0.459322912288227,-0.85294284039388,-0.555863408350312,-0.238757338291164,-0.478166612747968,-0.725855683574847,-0.974226225898983,-0.844384929417901,-0.0260875946998784,-0.162072127913925,-0.229468205814601,-0.252312456552078,-0.332891415879973,-0.0328323314842228,-0.555560836633893,-0.84270093513873,-0.67104688859006,-0.978019244282395,-0.0783450277215445,0.238522143052284,0.354928086126044,-0.0476497389809354,0.475406003343316,-0.133819001531954,0.160090519657016,0.48723477540581,-0.656599161598265,0.685099563095274,-0.0805367985162723,0.134277748796683,0.142882012508468,0.143010864129247,0.112276485666051,0.504085021023738,0.0993406434721805,0.0942151677790882,1.66907781704367,-0.00808248466686888,-0.0752216485354087,-0.019484333710405,-0.147575772765843,-0.355246138947428,-0.161218264395167,-0.0221070169682065,-0.186959560300733,-0.618446914307314,0.174161348617599,-0.870123254975748,-0.201531267034217,0.218990667645212,0.625708359158942,-0.756232282206182,0.826016640116567,0.105695106759013,0.1221979639607,0.31728038826724,0.247890549135828,0.409828003012446,-0.206558810956048,0.356232058396034,0.427437881107256,-0.147676639621961,0.40172469363842
"k__Bacteria|p__Bacteroidetes|c__Bacteroidia|o__Bacteroidales|f__Porphyromonadaceae|g__Dysgonomonas|s__unclassified",-0.123365203079557,-0.319041579811562,-0.323287326324358,-0.816006914757674,-0.332225720580443,-0.293221895414971,0.375822973657948,0.462249543559698,-0.378716778166417,0.444509037455309,-0.194403708700546,-0.19125525319308,-0.31133457204348,-0.795069545131694,-0.309935313295232,0.101372051308897,-0.161498680977756,-0.0852111165442402,0.000974363370070336,-0.0932725270490185,0.0204699930434257,-0.312233273660566,-0.363548650338301,-0.281193604135511,-0.358903407461477,-0.267558058081083,-0.0816004979738699,-0.198464444901839,-0.719263003804388,-0.242240958098873,-0.238757338291164,-0.308831031181316,-0.462571052932818,-0.865094889923583,-0.471965996051621,0.0334539717348438,-0.179019350976287,-0.209746239141876,-0.196067546558601,-0.332891415879973,0.0166492498863605,-0.421771231090511,-0.577244044212448,-0.546883540475449,-0.563785713485178,-0.0470574960260861,0.0595751476000443,0.109099602684352,-0.124111047863265,0.194509954668392,-0.0895747027336582,-0.180196500816905,0.081660624933429,-0.833472031434857,0.253130364345222,-0.0971384534062833,0.31483317238437,0.306360053183558,0.315655898903069,0.252593730751418,0.508831579881784,0.00982381809105176,0.0404639081765249,1.68820402174512,0.0334220931796491,0.0183754434611931,-0.240190252415579,-0.313730317784918,-0.353583219162992,-0.239906740350367,-0.00904669036750721,0.112885044150838,-0.252876954148916,0.380118354711435,-0.422940528302779,-0.318886076131432,0.350695755320483,0.644512857553114,-0.8665937512903,0.717635168564867,0.091472288122491,-0.0694975852556431,0.0707313311520975,0.0597688226284655,0.116709671310443,-0.206558810956048,0.559572436083365,0.636921150921277,0.0222077691530844,0.578088093859654
"k__Bacteria|p__Bacteroidetes|c__Bacteroidia|o__Bacteroidales|f__Bacteroidaceae|g__Bacteroides|s__uniformis",-0.212597522260067,-0.319041579811562,-0.323287326324358,-0.792029260508943,0.915239775197564,-0.293221895414971,-0.128647238148902,-0.208073581002792,-0.418145511562373,-0.236956084845694,-0.194403708700546,-0.072308035899915,-0.31133457204348,-0.674403873993668,-0.309935313295232,0.0595731232379002,-0.0330665879130052,0.0157388291384159,-0.0382074282113236,0.0618066916491638,-0.080052854616258,-0.312233273660566,0.104693593099205,-0.228862663624098,0.14999212307563,-0.267558058081083,0.0642531554938352,0.212656805353233,-0.622627031112654,0.252174407395423,-0.238757338291164,0.0364984895542523,0.222809040830437,-0.765073038927243,0.291878091389412,-0.0685962927876825,-0.00943509759301202,0.034281884932984,-0.247148848196951,0.847606525268195,-0.150116639618752,0.0998720286395119,0.216282254884692,-0.603205710713805,0.298255445954943,0.0207903037721436,-0.105964734298251,-0.155695640963615,-0.170095344137503,-0.133074078842842,-0.0616176856317338,-0.353248167581023,-0.401262893865287,-0.652973822730461,-0.364470883572662,-0.0100820613189932,-0.0247127080466223,-0.020483272852891,0.0996600937574928,-0.0504616523439013,0.511785691638864,0.214174884947783,0.139247024921783,1.61445750897755,0.0717649500660374,-0.0272871797260713,0.0275169040565201,-0.00587892686478384,-0.259413659107394,-0.0021650471621933,-0.0520226768373101,0.310177093518866,0.415251146513477,0.318625588258541,0.409929375076304,-0.0841531232173547,-0.375041196103239,-0.487005420452174,-0.798761241010726,-0.509049475691148,0.141106939398564,-0.111032669948884,-0.108883260512015,0.162439967163325,-0.108713295906763,-0.206558810956048,-0.0795581950971037,-0.137868573722854,-0.0294015592531425,-0.152374304426439
"k__Bacteria|p__Bacteroidetes|c__Bacteroidia|o__Bacteroidales|f__Porphyromonadaceae|g__Parabacteroides|s__distasonis",-0.203087132344778,-0.319041579811562,-0.323287326324358,-1.0175776870059,0.735871996266115,-0.293221895414971,-0.236962479640297,-0.258673199035476,-0.563213588463322,-0.308396360664118,-0.194403708700546,-0.0746910938164444,-0.31133457204348,-1.01864212461937,-0.309935313295232,-0.0581405143258493,0.121452690925492,0.168628608715401,-0.122944776719522,0.207332941079727,-0.0586559910436412,1.14455441309319,0.0925057161376984,-0.266472688826146,0.150660315785196,-0.267558058081083,0.0587804770791425,0.195356861993166,-0.88917482014743,0.31443120668225,-0.238757338291164,0.0966682331466832,0.272836688685446,-0.997793640917847,0.44232635003973,-0.0758928866039172,0.0261266409584322,0.0381401819562075,-0.264776610964231,-0.332891415879973,-0.272433677645371,0.17447955021582,0.25375049565342,-1.07524351137664,0.413618172795099,-0.0113034867780102,-0.262453605604521,-0.345968367897976,-0.322510247556209,-0.411594618487453,-0.0657719560687962,-0.568248995746871,-0.559834339308871,-0.963964310678392,-0.589597820343984,0.0324414346788374,0.0845391232961914,0.0918357647084718,0.40450914407271,0.0897373173396047,0.454451625018849,0.329780526371786,0.226408173377654,2.18530163993095,0.142487211384131,-0.0692285807739233,-0.0483037174514844,-0.0546767662694195,-0.451084360954123,0.0141404995982284,0.00255674904868578,0.46318489705565,0.546896472074363,0.561594312003681,0.618270884310947,-0.260869199270904,-0.388146065319489,-0.418297577851265,-1.36947054769334,-0.489214592540652,0.0916468356414202,-0.233825608758022,-0.281472073730832,0.0787603934358214,-0.369379609695482,-0.206558810956048,-0.0781291225815115,-0.0561053700644238,0.0928012774345328,-0.0464059558160094
"k__Bacteria|p__Bacteroidetes|c__Bacteroidia|o__Bacteroidales|f__Porphyromonadaceae|g__Parabacteroides|s__unclassified",-0.148984760547445,-0.319041579811562,-0.323287326324358,-0.791677710262352,-0.332225720580443,-0.293221895414971,0.260950665868259,0.429733341010231,-0.428611089558109,0.51168987763962,-0.194403708700546,-0.232692547974292,-0.31133457204348,-0.699164166693525,-0.309935313295232,0.118581166281629,-0.170708067645915,-0.220064924234473,0.0569177261378226,-0.220423491684887,0.0136692416214985,-0.312233273660566,-0.417699830169171,-0.253897078464983,-0.443655371369788,-0.267558058081083,-0.351710760840272,-0.541409510284021,-0.7931209774874,-0.602894395476189,-0.238757338291164,-0.480271166911721,-0.710149661097823,-0.844223912898661,-0.778030501074405,-0.00135400586957539,-0.177160256214417,-0.236721448357848,-0.162226485727684,-0.332891415879973,0.0485076742846982,-0.562902316399693,-0.835429656310608,-0.480902721655816,-0.932545024318466,-0.0367737368556958,0.216528748742878,0.322356305558316,-0.0225130896851488,0.387148631748834,-0.220225796061105,0.178281197519194,0.496281583450106,-0.756568629925571,0.676578805050567,-0.0750737037105675,0.0861568086377521,0.11122788341774,0.0625023340673361,0.0868067955249559,0.498372290024068,0.180830835343918,0.187980313170591,1.55487272332555,0.144895519739919,0.0691659778189769,-0.183955457114655,-0.2565011885896,-0.214604960245053,-0.275666473282222,0.127005748909694,-0.35104843203264,-0.778565439050813,0.233481658467501,-0.969206298531029,-0.300055647933536,0.41751270602208,0.807466199816304,-0.688780916799935,0.968554228510035,0.0741038189320095,0.123952562141827,0.277058853512764,0.202925366778221,0.354680848036308,-0.206558810956048,0.289947227348536,0.363285987974785,-0.141416235336329,0.343809756501165
"k__Bacteria|p__Bacteroidetes|c__Bacteroidia|o__Bacteroidales|f__Bacteroidaceae|g__unclassified|s__unclassified",-0.2219606954787,-0.319041579811562,-0.323287326324358,-0.794167366150275,0.582756032748776,-0.293221895414971,-0.295290117519637,-0.493679195401134,-0.412639792239129,-0.602014699432664,-0.194403708700546,0.0275111694680113,-0.31133457204348,-0.745778699343443,-0.309935313295232,0.0380294743963551,0.0221895639245208,0.163636253559288,0.00328350923021341,0.229129858078469,-0.12003762769749,0.935375158126929,0.385063823535965,-0.190420384749189,0.472656326425818,-0.267558058081083,0.241864023885132,0.525133187861579,-0.622475184067398,0.667540206654409,-0.238757338291164,0.310555140753653,0.672765724201494,-0.746770309876172,0.882581025579436,-0.0925665486839889,0.0519110552180923,0.169457751856993,-0.269598050930082,1.05966562157957,-0.27234246940894,0.414366492613505,0.762583858732584,-0.608085014177581,0.946957954755914,0.0191358905182425,-0.212461532241344,-0.334318917102255,-0.300419230516393,-0.362336799937335,0.00957984637915211,-0.629927407021436,-0.873399174646102,-0.783171183716606,-0.868487824948286,0.00388208413644255,-0.0196522955731191,-0.0358921248076042,0.119540612620354,-0.0801269868937272,0.465556361880098,0.13330544533051,-0.034808623787003,1.68557764478124,-0.123958613287053,-0.0497630408445323,0.126393127817453,0.165605105225405,-0.279174632755036,0.238909880086699,-0.14948861743149,0.788143624416871,1.24618678565912,0.434749048678096,1.32534257056766,-0.0539606692912433,-0.759191477269683,-1.10750217127807,-0.987584293042525,-1.22277595327883,0.116529906548898,-0.27257805565145,-0.380427586987983,0.0475972512072831,-0.406718400048898,-0.206558810956048,-0.129721290035258,-0.233113474691688,0.0208492918582169,-0.33113037327189
"k__Bacteria|p__Bacteroidetes|c__Bacteroidia|o__Bacteroidales|f__Bacteroidaceae|g__Bacteroides|s__unclassified",-0.618790435492857,-0.319041579811562,0.834802748525939,-1.60055484143567,1.48421773070219,-0.293221895414971,-2.11735028366742,-2.48831600892085,-0.920379635955126,-2.30535909704613,-0.194403708700546,0.0293846020249354,-0.31133457204348,-1.46705513266461,-0.309935313295232,-0.303487910854367,0.45210405184066,0.150501985226205,-0.417231324324092,0.0981816056423191,-0.387367664158803,2.05679511884646,1.19825546247983,-0.342102134592404,1.19766842870496,-0.267558058081083,-0.424055378127115,0.0523740434606049,-1.34942177378886,0.356175238128747,-0.238757338291164,0.364982444025367,0.844107748212878,-1.62956005957643,1.06982466143331,-0.272518080889623,0.479447901306904,0.645539518032775,-0.481879155626334,1.14091089722209,-0.657242458757256,1.32576131693528,2.08288648325161,-2.09963305936678,2.35145007437623,0.0969713459427973,-0.873433420378988,-0.879192476326823,-0.734053274328136,-0.904243904192433,-0.783866593480002,-0.205678228670701,-0.917143426740629,-1.03240145655667,-1.41836013432293,0.637526760414682,-1.21959143536108,-1.25037842686661,0.372412915654388,-0.974515610274709,0.381286594297432,1.57762172519794,1.27497493151477,3.3816825311543,0.95167111230086,-0.233981746539764,0.362236483927431,0.872504638587237,-0.359135196810197,0.74016792609845,0.779664614380693,-0.58721314064372,0.107340744292946,0.488634300825786,0.537512111563286,-0.254936866004734,-1.89259710037361,-2.72369284481538,-2.49900096269246,-2.70436383790073,-0.170248553913222,0.0701171737087785,-0.5021384976618,0.319677894902049,-0.794368769737056,2.39080961345327,-3.01990188124986,-3.39987775175295,-0.029505513474373,-3.12630378014212
"k__Bacteria|p__Bacteroidetes|c__Bacteroidia|o__Bacteroidales|f__Rikenellaceae|g__unclassified|s__unclassified",-0.189353339252353,-0.319041579811562,-0.323287326324358,-0.544790491879608,0.673212871700386,-0.293221895414971,-0.137340367153044,-0.437475962903889,-0.405820101750578,-0.651974327298227,-0.194403708700546,0.20284871793906,-0.31133457204348,-0.347401037148998,1.80843899430005,0.186869513519441,-0.0856258406665199,0.188888416010118,0.356674196463706,0.37810672659396,-0.136007151185732,-0.312233273660566,0.533838202195865,-0.0920393358463645,0.707750813836339,-0.267558058081083,0.655239614466549,1.07784577173163,-0.30051343492378,1.29342337900369,-0.238757338291164,0.638780136760198,1.24236730406193,-0.202010390303945,1.57732349556453,-0.0864425992959553,0.124247591944266,0.288772780831784,-0.0156657040417585,1.1748961897127,-0.304815797303354,0.659247415856857,1.09536447027124,-0.0304267916832721,1.41244913698962,-0.026529449694554,-0.0572229185696679,-0.356732474676194,-0.258079441064919,-0.48691176620799,0.214257655280537,-0.830418420319112,-1.12874978186218,-0.613786974604975,-1.25022790377894,-0.0857807230371082,0.107947726077498,0.0519183727139476,-0.100629281989745,0.0166222640912958,0.46550630586339,-0.260702304757027,-0.405802040237646,1.00860009918474,-0.411229437767989,-0.197999289466792,0.432264954250605,0.494125268258549,-0.19001996182044,0.574343596601937,-0.435490002280355,1.4732538439393,2.1897439689246,0.495485089801975,2.42712626152969,0.316277684594024,-1.08092987588003,-1.65266551701383,-0.379569943054692,-1.96026632039742,0.299093335383852,-0.455804484128569,-0.566087442048704,0.134126430184174,-0.619306618727182,-0.206558810956048,0.347914791943551,0.135364269938502,-0.11125587940043,0.0380418409823649
"k__Bacteria|p__Bacteroidetes|c__Bacteroidia|o__Bacteroidales|f__Bacteroidaceae|g__Bacteroides|s__fragilis",-0.612889379210781,-0.319041579811562,-0.323287326324358,-1.84844904961337,0.764302266174248,-0.293221895414971,-1.80153167063277,-1.97456092859933,-1.04932988225577,-1.76596905915781,-0.194403708700546,-0.103951406767751,-0.31133457204348,-1.62905064730444,-0.309935313295232,-0.126702427447728,0.408624703721114,0.120315177921122,-0.134894943384014,0.0180631792066198,-0.357841236854149,1.28658772856419,0.794868833463088,-0.52475505553101,0.770817299931924,-0.267558058081083,-0.634763808747386,-0.378400475449374,-1.65036065045898,-0.162617850178099,-0.238757338291164,0.0518485476672555,0.32284146064447,-1.9005850204056,0.455491959890922,-0.219264691836731,0.343758164337272,0.441681878259028,-0.500741529295036,1.20848743559512,-0.417270709147844,0.948163939166559,1.40067000268816,-1.93610331001229,1.54324949851737,0.153121781899271,-0.731947190108967,-0.68270523561784,-0.382218113091045,-0.652700518584827,-0.810038517569824,-0.117817565187436,-0.567944152411886,-1.20016815302522,-0.837899482856326,0.48037693118393,-1.09525334458878,-1.09886792319335,0.299052290180828,-0.839157604248626,0.576582837250245,1.64439432416995,1.41426951128063,3.7343216072155,1.09154905645821,-0.0929892044415809,0.104042624081337,0.480903514153584,-0.343173508144415,0.382997527033334,0.776367080103781,-0.758373069562673,-0.462614087107794,0.447834215133491,-0.237690979942567,-0.409278106311534,-1.39316998038023,-1.79995468528737,-2.32069645761547,-1.64695270962996,-0.102963469511065,0.0804658822528254,-0.31879736233254,0.419033509984471,-0.517084399190677,2.28133792144481,-2.76603903661697,-3.01548724575213,0.0105518504963144,-2.8046345575139
"k__Bacteria|p__Proteobacteria|c__Gammaproteobacteria|o__Enterobacteriales|f__Enterobacteriaceae|g__Trabulsiella|s__unclassified",0.39549272428781,-0.319041579811562,0.776603837057891,1.2514565934371,-0.332225720580443,-0.293221895414971,0.674826798294216,0.76904532736939,0.563289228018427,0.734564711886678,-0.194403708700546,0.0325645357690962,-0.31133457204348,1.14246303333753,-0.309935313295232,0.136292310368963,-0.289211428074441,-0.253517610121709,0.0475469252036635,-0.218764179975769,0.196913124565175,-0.312233273660566,-0.39237852498324,0.357422914480577,-0.425845980308064,-0.267558058081083,0.0781087870947775,-0.213630051803184,1.00629240742398,-0.390328710569439,1.76571336008161,-0.16262795859428,-0.477392502965069,1.19281913463334,-0.667477217617838,0.178286455444475,-0.138929757240461,-0.202954139154977,0.365996975428718,-0.332891415879973,0.374497381362532,-0.473013829733355,-0.72973804380418,1.08827264153293,-0.897578951367585,0.0610857437596023,0.268275130856184,0.369136526164328,0.452944479443472,0.401301529888415,0.246897312759331,0.402743445845785,0.656037059279647,0.959696854672389,0.799339648335123,-0.133495777668898,0.244055511967546,0.222948705610297,-0.269488476327583,0.159499952141104,-0.500416488352329,-0.633659571007985,-0.40164411889688,-2.59170387407425,-0.173198842911888,0.195383287860257,-0.15864792935036,-0.262881633255441,0.515794992261203,-0.282164707371361,-0.181876139438686,-0.299842577194037,-0.701584320411615,-0.521658180519533,-0.896558931326357,0.193134606146126,0.819155531400966,1.08517662118917,1.46314264942781,1.11400809443326,-0.0532735749045345,0.0386124137040416,0.259246824194056,-0.318421371363426,0.403728541429688,-0.206558810956048,0.667826313216782,0.708553450836231,-0.021992640009112,0.62506254670122
"k__Bacteria|p__Proteobacteria|c__Gammaproteobacteria|o__Enterobacteriales|f__Enterobacteriaceae|g__Klebsiella|s__unclassified",1.37260903345927,-0.319041579811562,-0.323287326324358,4.4861388341235,-0.332225720580443,-0.293221895414971,1.45829571197275,1.74709379252246,2.33276227994261,1.63654715771326,2.16257405637542,0.210309802238592,-0.31133457204348,4.05112866496029,-0.309935313295232,-0.0164876846729899,-0.0898144009926341,-0.101197718121423,0.147355125376864,-0.184060905228153,0.627226933632664,-0.312233273660566,-0.852781240372514,1.12763744358977,-0.97517408315457,1.41486319701769,0.160958394155939,-0.497826157890083,3.70084664792156,-0.990276679657376,1.7651765064439,-0.109306956717973,-0.867759926125018,4.29197670984817,-1.36182577969625,0.554593654380303,-0.276087582910823,-0.478203474533281,1.1357349183899,-0.332891415879973,1.19842865259146,-0.845831303687234,-1.50033956540539,3.43385904928901,-1.94577882023687,0.270671878598045,0.334926983622375,0.537960661761957,1.7356612808025,0.682001634271046,0.903178305133817,0.922447563085006,1.27317947839843,3.92109308128848,1.5103034169025,-0.361936348680004,0.516310207284422,0.579986513282751,-0.87584112467362,0.456488770293503,-2.28139025525201,-1.60203085451828,-1.07176708733183,-9.41139958492825,-0.478603819650447,0.768309079977279,-0.899932494697454,-1.16198514862834,1.77309690810852,-1.14838743582121,-0.261007540969623,-1.02362476445552,-1.66654027897415,-1.88934097347223,-2.02051963747832,0.434749194860341,2.47718689554778,3.06140064792657,4.957347696454,3.04519699295488,-0.332353765333856,0.210881239132146,0.580903349646856,-0.898015934490805,0.819716574768582,-0.206558810956048,1.15177520889678,1.40509798085179,0.456167419369001,1.2429545074965
"k__Bacteria|p__Proteobacteria|c__Gammaproteobacteria|o__Pseudomonadales|f__Moraxellaceae|g__Acinetobacter|s__unclassified",-0.15466284280598,-0.319041579811562,-0.323287326324358,-0.901401229287845,-0.332225720580443,-0.293221895414971,0.298568755898434,0.50160374028578,-0.412047874379071,0.577590623354803,-0.194403708700546,-0.272073170123332,-0.31133457204348,-0.82386691695253,-0.309935313295232,0.0714735480678331,-0.132747661608503,-0.154359028486058,-0.114530492725482,-0.186289318834804,0.00645989513542331,-0.312233273660566,-0.449569681861535,-0.250110661298604,-0.491877732899429,-0.267558058081083,-0.32195861989705,-0.542798239659569,-0.869501746236286,-0.651856834311147,-0.238757338291164,-0.501730908616462,-0.788574676441218,-0.986787825508302,-0.874655705027488,0.00427456591322007,-0.20163628897498,-0.270842621018654,-0.316410750075736,-0.332891415879973,0.0173750516519423,-0.629342575258513,-0.887704116238282,-0.834120041076447,-1.00917029579732,-0.0648454634980697,0.0758832353334377,0.179153746392411,-0.225124557274308,0.296861378030027,-0.221087033135558,0.0657729966964278,0.424168121000972,-0.838598885486806,0.676714013321156,-0.0897672389872154,0.188834367017041,0.176477297659882,0.200981174386989,0.139197350234935,0.568304860456429,0.161124192603365,0.173844379744619,1.85258081960005,0.113938502829504,0.0355293245770793,-0.251185040737954,-0.322174767573894,-0.350843698216341,-0.31689475136055,0.141520571218122,-0.307023938949835,-0.752138385533574,0.34241467162417,-1.02421895897021,-0.410617959448082,0.429903415753899,0.845904122225068,-0.980727121219152,1.03431882895926,0.0831151379597537,0.0770374933082018,0.259965486317789,0.20204512660613,0.351499252937551,-0.206558810956048,0.299899728241784,0.394725661183311,-0.0357525018868922,0.349925125740596
"k__Bacteria|p__Proteobacteria|c__Gammaproteobacteria|o__Aeromonadales|f__unclassified|g__unclassified|s__unclassified",-0.0724346747803903,-0.319041579811562,0.792878932711401,-0.403107174703143,-0.332225720580443,-0.293221895414971,0.308250641205077,0.396522497501673,-0.234916874925852,0.444071133040377,-0.194403708700546,-0.163092939997777,-0.31133457204348,-0.392340325209428,-0.309935313295232,0.0254919393863224,-0.10292082209605,-0.0988196886199876,-0.0453704754046988,-0.108234497280931,0.0156897804146568,-0.312233273660566,-0.25049305978941,-0.118191298984425,-0.280956017512788,-0.267558058081083,-0.186978915862453,-0.310928748447185,-0.453036618957552,-0.356589093573222,-0.238757338291164,-0.310792980542131,-0.439828040568469,-0.524626920631638,-0.517039137409124,-0.022434922708932,-0.155389134421086,-0.177362225044086,-0.186128731297455,-0.332891415879973,-0.037710759578393,-0.39379983330813,-0.529184022779666,-0.424415882742359,-0.569333779729715,-0.00711545539834763,0.150334025006967,0.184783699475971,-0.0372718538156213,0.257209926509501,-0.104936735138379,0.138774727935242,0.309009735191171,-0.442907190938763,0.448445194920669,-0.0227128552507461,0.0920064003113337,0.0437468812311192,0.0971935441116029,0.00412259507347256,0.263621078825286,0.00739764568211359,0.0334376482102488,0.880069639974521,-0.00372704001417657,0.0876808365150742,-0.0717432875867811,-0.104138587987176,-0.127444775610259,-0.12776535120601,0.0527737918805156,-0.106964537642998,-0.317411291525653,0.193557669533306,-0.434046791664521,-0.204243318624949,0.320197052382318,0.52258618613178,-0.459696904335855,0.599205444590469,-0.0192895778683688,0.140695335267997,0.24436444572478,0.0228258428961048,0.304462249939264,-0.206558810956048,0.416109975442977,0.429844534991867,-0.0749696779301222,0.404582062823801
"k__Bacteria|p__Proteobacteria|c__Gammaproteobacteria|o__Enterobacteriales|f__Enterobacteriaceae|g__Erwinia|s__unclassified",0.402363319968667,-0.319041579811562,-0.323287326324358,1.04544473205972,-0.332225720580443,-0.293221895414971,0.764968385873836,0.873830993580873,0.576707667610211,0.864314184956202,2.15252966470427,-0.117958998448327,-0.31133457204348,0.964061461470098,-0.309935313295232,0.0840309437466237,-0.213144135961835,-0.224541534553995,-0.000334415224121703,-0.238250326507843,0.237339376429377,-0.312233273660566,-0.526138945429765,0.247603155741574,-0.601446228327805,-0.267558058081083,-0.125223149347929,-0.467074836905938,0.813120374021956,-0.734539933121139,-0.238757338291164,-0.363083591445547,-0.740794425107328,0.873851269077662,-1.04906737521442,0.190576454763208,-0.267655558766168,-0.33637789127666,0.18474586728151,-0.332891415879973,0.456535457125729,-0.780620255492232,-1.09279869121464,0.652365000352326,-1.31053376920947,0.085795858177048,0.208149902364175,0.3646976524822,0.547112502011124,0.528874844585971,0.196798922624235,0.342932790018453,0.675122218749393,0.911546897658388,0.96669431384006,-0.187022602015184,0.277071079944804,0.251573766603605,-0.274366233433526,0.163702019824701,-0.391068687291917,-0.563772472228634,-0.315935440871461,-2.20580445776646,-0.112469699955326,0.38230057735356,-0.522040701752497,-0.67849209902724,0.476972041864486,-0.707999919857157,-0.0518815332859831,-0.423413654894401,-0.925584702145785,-0.462360623658399,-1.29031842047212,-0.153254060006328,1.2201755711544,1.5664986065081,1.06950639721516,1.7158863412156,-0.0696412502252678,0.0828511868019,0.321097926118676,-0.260645048737882,0.532808346892692,-0.206558810956048,0.688368057915153,0.685380778802397,0.133034987571057,0.572437057712287
"k__Bacteria|p__Proteobacteria|c__Gammaproteobacteria|o__Enterobacteriales|f__Enterobacteriaceae|g__Citrobacter|s__unclassified",0.48096525326384,-0.319041579811562,1.12236141749668,1.59356498750904,0.566702259949033,-0.293221895414971,0.467111113644823,0.318109044112567,0.700366473527974,0.147241511775319,2.15314907648436,0.223377038917545,-0.31133457204348,1.4916958349922,0.925050838061454,0.0816178410734841,-0.10436488571127,0.0457157753342869,0.187130919438057,0.127707407277558,0.187081372603279,-0.312233273660566,0.0402671281913953,0.448030827927461,0.0668522934972849,-0.267558058081083,0.5097914894551,0.533741115657376,1.39718763011276,0.459900942569491,-0.238757338291164,0.415800731150911,0.53273265301492,1.68895865643871,0.526935956077917,0.153352141415325,-0.0669831332003723,-0.0192521816194497,0.384698350395219,-0.332891415879973,0.304927652064559,0.0261867105104258,0.0811953078337336,1.28118893240196,0.103701160608086,0.165808268135676,-0.0360702716246065,-0.107244613700757,0.55642928366585,-0.172268904094436,0.55072639095799,-0.217159969152491,-0.251528894300554,1.27766524525088,-0.220653957845466,-0.172342195012524,0.222486530357409,0.180944353400804,-0.38943246709239,0.0832297545605605,-0.677152918592836,-0.836711078077031,-0.674137548547432,-3.39752006572855,-0.413243208000518,0.261591702600613,-0.101148698006202,-0.161162742110913,0.704834685183104,-0.110076577593772,-0.399169075748609,0.574122984591195,0.759765089267331,-0.445042830923713,0.781513608242678,0.346783315983954,0.348795365224655,0.168753724366266,1.73569576703548,-0.0295444313015565,0.00840650009853466,-0.251608873723804,-0.232728734422858,-0.389428443445353,-0.157715075993175,-0.206558810956048,0.667751288078761,0.601618672233016,0.160935389935254,0.472398177914767
"k__Bacteria|p__Proteobacteria|c__Gammaproteobacteria|o__Pasteurellales|f__Pasteurellaceae|g__Aggregatibacter|s__unclassified",-0.217960182659545,-0.319041579811562,-0.323287326324358,-1.16043975669276,-0.332225720580443,-0.293221895414971,0.200590454550807,0.393772467297335,-0.58600154095627,0.447590802800676,-0.194403708700546,-0.300143543000289,-0.31133457204348,-1.14258557635502,-0.309935313295232,0.0174966814571429,-0.0470620195462895,-0.0580067298792406,-0.116902524149897,-0.0686848867204513,-0.00166271602128548,-0.312233273660566,-0.396138021041513,-0.358381839816538,-0.417515709377992,-0.267558058081083,-0.350856227272495,-0.496230115008809,-1.13328109662777,-0.545264845109931,-0.238757338291164,-0.523665709106981,-0.746413283126361,-1.27700059879533,-0.830278892502697,-0.0210247726992905,-0.190974082261679,-0.255756253256592,-0.350043778830217,-0.332891415879973,-0.0435330234480546,-0.611237861095537,-0.836321933910681,-1.04246525188587,-0.951507188686476,-0.0380707677939346,0.0104981473218433,0.10404028854167,-0.222247051477719,0.222085004517058,-0.194147157092739,-0.0686952735479722,0.232685723727194,-1.08841825035412,0.479862983081026,-0.0650079381199078,0.19432802614071,0.193903526384636,0.359301865775937,0.166011961607046,0.595025061905626,0.284503182713035,0.233315180994018,2.38027568732836,0.134099142784112,0.0124384088726865,-0.222187213546896,-0.275347367516282,-0.434007458467625,-0.22683869826501,0.19122025755084,-0.306047836655307,-0.685573590212842,0.531112178008287,-0.928328790034793,-0.508188503358866,0.437893256180832,0.826107441925894,-1.35568048731566,0.983279621681131,0.0761262998943429,0.0723746805310317,0.223901445297746,0.183002493142289,0.281855521858791,-0.206558810956048,0.243837716381336,0.35014737174857,-0.0230693047014345,0.339555348852434
"k__Bacteria|p__Proteobacteria|c__Alphaproteobacteria|o__Rickettsiales|f__mitochondria|g__unclassified|s__unclassified",-0.153791216429921,-0.319041579811562,-0.323287326324358,-0.667501924267798,-0.332225720580443,-0.293221895414971,0.309646531634424,0.440500434423131,-0.272297488054306,0.518922649585204,-0.194403708700546,-0.198336327979787,-0.31133457204348,-0.597216003189831,-0.309935313295232,0.096502718862045,-0.185806463778934,-0.175412150412338,-0.0354067944642903,-0.199661921207168,0.0150228599816906,-0.312233273660566,-0.361784655235629,-0.201139257674817,-0.406423514121945,-0.267558058081083,-0.287925428465747,-0.434997999613338,-0.597607423268741,-0.527418754810958,-0.238757338291164,-0.458989428396365,-0.684523581695699,-0.734595806449544,-0.7800132211205,-0.00941138813151126,-0.156920794620252,-0.193467566479668,-0.158905353025014,-0.332891415879973,0.0662769770628612,-0.52978852013927,-0.73332871639685,-0.396638939107592,-0.842063887022751,-0.094208494577025,0.204190195735378,0.319963639933071,-0.16038163415793,0.403533670397669,-0.209417192549116,0.208833403727406,0.470556207360781,-0.551342682056724,0.61705302367358,-0.0408658530776477,0.125735072974039,0.133180524177229,0.129086893187171,0.139758141320487,0.440801315672062,0.139868164652606,0.183794388991549,1.38980155925075,0.13154786558207,-0.0205954050366949,-0.0507127335240402,-0.097122078209514,-0.302378260556371,-0.147283273512771,0.13280172007431,-0.33822443127813,-0.735892966728928,0.217456973232084,-0.945112761989754,-0.262001511740573,0.425418230055494,0.720994419057318,-0.521859892380166,0.882772456641539,0.0802492956863232,0.135205613042212,0.283839741644983,0.240807739068917,0.371862383857854,-0.206558810956048,0.324167615132047,0.344488499021354,-0.114809985209,0.393440329786202
"k__Bacteria|p__Proteobacteria|c__Gammaproteobacteria|o__Enterobacteriales|f__Enterobacteriaceae|g__unclassified|s__unclassified",1.23933005148686,1.03617953553113,0.875039451090601,5.19615043762578,0.56704969433738,1.77374558354157,-0.943216958363376,-1.03980399380544,2.6422506514191,-0.91682552389699,2.61018046908014,0.649419988709715,-0.31133457204348,4.72460454498379,0.943231454796241,-0.488036036400549,0.708563295312113,0.25188510607623,-0.10218757848486,0.0421160285953924,0.331129029608372,0.973135209055833,0.64502674982618,1.42280865105293,0.443823902794519,1.73347418914419,-0.0255464430250359,-0.138348248647075,4.40706988296552,-0.27458585903418,1.78905405488502,0.826040353734253,0.582747102814612,5.11203229799525,0.261068768881588,0.40639455972601,0.530914656828139,0.451035550602895,1.51117768299484,-0.332891415879973,0.898273930190576,1.11970255419991,1.19025915732717,3.57628156029187,0.908372525755707,0.467873395638269,-0.584517373037518,-0.472758878335676,1.65273910806479,-0.511143473548275,0.447306113843048,1.2177960475422,0.587022905642935,5.07088286194642,0.000697555250904473,0.370030326068533,-0.966575086991906,-0.879959358707443,-0.92406402756611,-0.593624806788307,-3.2951120832601,-0.443587413391825,-0.116664576721381,-10.8927209303009,0.270883531750799,0.526394133105729,-0.33958155933935,-0.0648191708742364,2.26544661138008,-0.230301397245773,0.540397401867595,-1.96430459801327,-1.60268121548696,-2.39040808751595,-1.1971072060048,0.885990560561961,0.759939812960558,0.283597250106428,5.44594202393108,0.0836926019401493,-0.741692461933668,0.35824044974676,-0.0326836207739875,-0.868344078662688,-0.271567284537851,1.99403200095365,-2.37397960861697,-2.40503471101842,0.548535068943221,-2.12773372676773
"k__Bacteria|p__Proteobacteria|c__Gammaproteobacteria|o__Enterobacteriales|f__Enterobacteriaceae|g__Enterobacter|s__hormaechei",1.48010024941516,0.892104086914365,0.792176800541324,5.18474563736026,-0.332225720580443,-0.293221895414971,0.975995588139019,1.20090620393841,2.68714322973843,1.13120271340669,2.19153452014478,0.367630192095391,-0.31133457204348,4.66059409582311,-0.309935313295232,-0.156828125929572,0.0730682598481725,-0.0469038227276159,0.052071656191241,-0.175268100531094,0.589632410930045,-0.312233273660566,-0.492718409732881,1.30275318507674,-0.645104455222457,1.42524496965218,0.153678695821971,-0.337009818343161,4.26811653508555,-0.785949943643726,2.11704549402298,0.155733409484865,-0.481267756411556,4.98709854229612,-0.980417374847345,0.562130462084411,-0.0857043155931882,-0.272362068360394,1.35046870597042,-0.332891415879973,1.24710335216456,-0.438366551358515,-0.948866390332074,3.88562889663309,-1.41781526949652,0.336572336313313,0.151351728540414,0.349360939505149,1.8623505930755,0.459359047799481,0.927853219802989,1.0483835191151,1.10267311557129,4.6122367263145,1.1722514852531,-0.250921489089,0.200992029445045,0.329584846021211,-1.07084370448036,0.270527292496994,-2.76588269638437,-1.54021477482707,-0.983119554489581,-10.8369110548789,-0.390170791400749,0.778015385488158,-0.799038828146565,-0.936042128272233,2.14965232704645,-0.934134795253688,-0.0759643226254735,-1.34941635715294,-1.69790884502263,-2.19779725098953,-1.90500587760791,0.633603675892027,2.1910939653314,2.42134016106755,5.58905462016266,2.31921083404722,-0.482258287748864,0.282993879039641,0.472589814619419,-1.02798647502043,0.647352041230583,-0.206558810956048,0.346186738786978,0.53462742409906,0.454356792046876,0.442376764622522
"k__Bacteria|p__Proteobacteria|c__Gammaproteobacteria|o__Pasteurellales|f__Pasteurellaceae|g__Actinobacillus|s__unclassified",-0.326172862322095,-0.319041579811562,-0.323287326324358,-1.32999268724644,-0.332225720580443,-0.293221895414971,-0.0622259978373472,-0.0226163241376489,-0.65226061196674,0.0476449523704754,-0.194403708700546,-0.226984079974979,-0.31133457204348,-1.16324265231654,-0.309935313295232,0.0503749550644535,-0.0626343418469985,-0.0720718291974176,-0.0945231131321598,-0.0551681451195579,-0.0703768771528401,0.927311273469073,-0.0938287433869071,-0.327555115674431,-0.0991251764338034,-0.267558058081083,-0.279392374228896,-0.338077572477158,-1.17269690511513,-0.336986570096358,-0.238757338291164,-0.334429169787431,-0.367336451950529,-1.41005772380176,-0.350209238653741,-0.111747566644236,-0.0998212583047819,-0.0801285824545558,-0.466467623125699,-0.332891415879973,-0.272046843956823,-0.254429035594595,-0.250141771718143,-1.44218425412433,-0.244315587317525,-0.0641869050417994,-0.0795699086981266,0.00733848245710774,-0.431733602166509,0.0797993423947291,-0.306988967421702,-0.140480886198077,-0.0444175207243583,-1.22149365927466,0.101251912956262,0.0391518855101693,-0.0415099656513546,-0.0737001273355378,0.278002596716896,-0.0901406100620479,0.676098004345029,0.498574012130979,0.4530159889399,2.69286198015375,0.303824352745436,-0.0189011667504126,-0.136216069517486,-0.103062780426634,-0.507463473571123,-0.104802427218557,0.16943799797858,-0.0979292146163007,-0.21504113367951,0.54817172044646,-0.335133945812572,-0.425700044215723,-0.088133381750045,0.0831983540910139,-1.6413999407401,0.244721752426343,0.0772789955673289,0.0427823152633467,0.076133104669226,0.226720334085077,0.11455997233426,-0.206558810956048,-0.115732140990843,-0.141516160033924,-0.0130433213131849,-0.14402129125934
"k__Bacteria|p__Proteobacteria|c__Gammaproteobacteria|o__Enterobacteriales|f__Enterobacteriaceae|g__Escherichia|s__unclassified",0.00394725445238818,1.20303213206137,0.830080136469981,0.718510509390692,0.576778315449519,1.52800702000053,-0.835409444698743,-1.08924100309662,0.335819101810599,-1.05369592782291,-0.194403708700546,0.349929270365909,-0.31133457204348,0.644929877733481,0.924282890952967,-0.189582357916939,0.294009321265487,0.147391499833614,-0.0549896444567985,0.131102515983337,-0.160299569687747,0.950000241497961,0.714356025210758,0.251474447786788,0.731777896607292,-0.267558058081083,0.267705399633566,0.561102526918265,0.67249934037946,0.739868790653508,-0.238757338291164,0.607026887923027,0.90189184242549,0.800735691209561,1.02598872889697,-0.0907365138886579,0.382726760074525,0.462109120541398,0.267847756035028,-0.332891415879973,-0.229756554388366,1.06297479246724,1.50640080305306,0.570856034197803,1.63769623349403,-0.0203609503456932,-0.201646258115921,-0.278733206836083,-0.0514615163941246,-0.382118605112177,0.0774450464799468,0.0258704722737715,-0.475303229231478,0.81823421729094,-0.897367923526846,0.233557399282856,-0.450121016298344,-0.417248878789739,-0.140845627590727,-0.286686252240112,-0.59419874282561,0.118970685694056,0.0387674440330927,-1.38852950805046,0.0153097554631761,-0.321660160928361,0.586170376321765,0.816658013531604,0.234357925450373,0.787977355685551,0.029717067821494,0.0866638879283083,0.653073499275287,-0.406035225511598,1.07345538186797,0.567364630662856,-0.931348143200083,-1.55510086491025,0.84502563833625,-1.77084144731923,-0.101614692877619,-0.0296878788979199,-0.403629000226947,-0.0208449220068666,-0.618728970077687,-0.206558810956048,-0.937338055262131,-1.03996222394903,-0.0866194900320084,-0.889803921518533
"k__Bacteria|p__Proteobacteria|c__Gammaproteobacteria|o__Pasteurellales|f__Pasteurellaceae|g__Haemophilus|s__parainfluenzae",0.480068467516056,-0.319041579811562,0.796382217701109,1.64722570638204,-0.332225720580443,-0.293221895414971,0.164677255627327,-0.0810733922122252,0.772778656371359,-0.265591012760508,2.17488586930786,0.290026620991469,0.938666219394065,1.52344551433866,-0.309935313295232,0.0540220844592796,-0.0549012406525005,0.0586568577007789,0.0609025265652762,0.140842423267596,0.118431752238257,0.929989953818313,0.284673430305233,0.4858372531293,0.35666830044705,-0.267558058081083,0.577128644091635,0.692371072594962,1.52131532089199,0.656465956336252,-0.238757338291164,0.596379942447397,0.824788000862361,1.76999885330777,0.837211775844864,0.15387540602517,0.0607164778073821,0.129845942706442,0.440351564127279,0.609931477049555,0.245477392787249,0.378614128357663,0.581424362763147,1.28129935497052,0.624372748806631,0.251435869975676,-0.253911667585394,-0.36141939676217,0.522715880953123,-0.419011356732918,0.560981882621559,-0.329511212468452,-0.549325579319293,1.40864944445652,-0.597394136785773,-0.109967586635552,0.113165743214563,0.0806551956518753,-0.317106471895055,0.0398216022085186,-0.746411178937575,-0.721490671812198,-0.61526472359059,-3.46673234782077,-0.39244247197946,0.235119948196799,-0.0518803689090161,-0.0140914992412686,0.742191326496435,0.0416780754113465,-0.386449151830994,0.609997080158372,0.99047073931129,-0.494861248134133,1.04553345819651,0.41111904314103,0.0189919242809943,-0.364060570166256,1.73882000021214,-0.586885104455139,-0.00211288655881882,-0.339885920550971,-0.391157228811611,-0.444269030381207,-0.360664927293848,-0.206558810956048,0.186098167696831,0.0804189238303119,0.174175744030718,-0.0434808905647593
"k__Bacteria|p__Proteobacteria|c__Betaproteobacteria|o__Burkholderiales|f__Alcaligenaceae|g__Sutterella|s__unclassified",-0.51390042777014,-0.319041579811562,-0.323287326324358,-1.39528542942543,0.835679212855924,-0.293221895414971,-1.69967955141998,-1.99316613063691,-0.787875506109227,-1.88442620516865,-0.194403708700546,0.0958608795811973,1.51744038122486,-1.21396856286143,-0.309935313295232,-0.149692930731947,0.44084321425349,0.264187622978777,-0.112581046951434,0.216005573006136,-0.340859965506828,1.27237247194314,0.995806801617684,-0.336489973185558,1.02692051041515,-0.267558058081083,-0.188056937600765,0.232633097176562,-1.18134102275541,0.491640777230419,-0.238757338291164,0.424851877340412,0.856188411924346,-1.33244887337536,1.07042317428252,-0.217444532308747,0.446136241321368,0.581163415396124,-0.237461003143662,0.662200723234138,-0.519219116462069,1.20135721833088,1.75475259933558,-1.49355120282631,1.95930106663273,0.0495360290550238,-0.731236697711272,-0.816041251474665,-0.557024722048801,-0.844811368907812,-0.55971826795885,-0.29889207502932,-0.835596388385161,-0.867516045227929,-1.18443234994526,0.479092647946311,-0.938312645839894,-0.95431106032175,0.330102379355826,-0.741947650213609,0.345375891037406,1.20608818164527,0.931584962524495,2.77063192193757,0.656887279444623,-0.33469715861714,0.34872174165984,0.686902003280167,-0.473911831542701,0.62658249429483,0.505813717101048,-0.187653960665692,0.420619462735404,0.395083940548205,0.754737551441008,-0.0659872055046619,-1.67244196769907,-2.30414033896416,-1.71263422480346,-2.32330434482523,-0.0117194704281694,-0.0790085673539884,-0.493972055364753,0.384351322604197,-0.719710196013831,2.35685573452207,-2.38796632340126,-2.65176371523954,-0.0338006014445531,-2.48502804321135
"k__Bacteria|p__Proteobacteria|c__Gammaproteobacteria|o__Pasteurellales|f__Pasteurellaceae|g__Haemophilus|s__unclassified",0.775177263688277,-0.319041579811562,1.05014424758589,3.18038533008513,0.568091273825107,-0.293221895414971,0.117785527516129,-0.348414973728168,1.54757122690606,-0.643141040911023,2.29321500113416,0.658785616776301,0.987523256952555,3.02814227647544,0.976955262638945,-0.0413670110695678,0.0635620057807658,0.254302259906809,0.221375459081425,0.408492157244477,0.16530707732452,1.06383591605984,0.756134951473304,0.999771330689463,0.85399071313678,1.42665235174023,1.07817564859074,1.41373548831595,3.0754052630148,1.5052506081688,-0.238757338291164,1.28267347915808,1.81514336481246,3.57299617356629,2.02306941030742,0.249048105244661,0.25250148086179,0.394248175148065,0.982801967257769,0.603995578443539,0.265127087017777,1.00496970675985,1.57891743097215,2.63823455846256,1.81576849379204,0.240908768655475,-0.312209592945941,-0.592432608134299,0.564666467341479,-0.826441910883803,0.806415285896619,-0.245628440267058,-0.891667281399175,2.54075813786478,-1.25539222180316,-0.0228332012095906,0.0823265175543459,0.0128508702198399,-0.630547911098672,-0.00925112180786001,-1.62883445202755,-1.22479141710813,-0.971373095281163,-6.59392184467078,-0.58798313614467,0.196774866813522,0.152017112471668,0.29152161135004,1.21388853769848,0.361058653886094,-0.569907931779654,1.0963916499705,2.04896773640688,-0.8515186598022,2.48446969268726,0.945666574235931,-0.259003389055925,-1.12281760827945,3.26626520720586,-1.67339230592601,-0.105328372442122,-0.38034519109412,-0.653173348556567,-0.677880167156437,-0.765062378638446,-0.206558810956048,0.317043922894921,0.124622655139013,0.268528649716373,0.0593353873086035
"k__Bacteria|p__Proteobacteria|c__Alphaproteobacteria|o__RF32|f__unclassified|g__unclassified|s__unclassified",-0.195387404257761,-0.319041579811562,-0.323287326324358,-0.792867308715348,0.757557274882764,-0.293221895414971,-0.0526277210151882,-0.0986580584700158,-0.515441265430497,-0.123116432663661,-0.194403708700546,-0.0870451522586987,-0.31133457204348,-0.73698981511895,-0.309935313295232,0.158521876128267,-0.148188862259007,-0.0896005941224139,0.0715937288830311,-0.074108384383513,-0.0746406789369114,-0.312233273660566,0.0191155504767997,-0.229241884754463,0.0488522704924792,-0.267558058081083,0.0146564495235647,0.0669265851345503,-0.764129849261357,0.0925284248069071,-0.238757338291164,-0.0639749043593128,0.0526966753245285,-0.820257624507961,0.0600286336865764,-0.085052791089827,-0.0406038101532535,-0.0134823573512127,-0.254768120340696,0.92528923205171,-0.139668196306113,-0.0326767215277546,0.058847909076256,-0.568671950284216,0.105242095757253,-0.0204890037958154,0.0701500968841847,0.0504640801852845,-0.137274443064861,0.0680109794779584,-0.0545959816098184,-0.235358319111192,-0.158159761033226,-0.684693766328238,-0.0841419140812128,-0.0222784029691374,0.0384950896775674,0.00539511307808222,0.0489463575888905,-0.00859239143204871,0.521833263565144,0.103890189623218,0.0440094920479164,1.65301389709981,0.00596143921323198,-0.0949280831909425,0.12877022318067,0.130648379697667,-0.261677178887693,0.13218217571886,-0.101473195230168,0.290535001771269,0.240555111812388,0.24922998712687,0.190940769896845,-0.0415785805543904,-0.365450215840593,-0.401123345760863,-0.884565471136088,-0.364931882424312,0.118452849067955,-0.108335474538095,-0.0714010134146576,0.10371479187663,-0.040314159469884,-0.206558810956048,0.109807984484515,0.0559631647059976,-0.131357013143618,0.0101471233540255
"k__Bacteria|p__Actinobacteria|c__Actinobacteria|o__Actinomycetales|f__Actinomycetaceae|g__Actinomyces|s__unclassified",0.377789452715898,-0.319041579811562,-0.323287326324358,0.919822615573229,-0.332225720580443,-0.293221895414971,0.66291155447963,0.840249972562665,0.476187166684643,0.814721743848099,-0.194403708700546,-0.0473586001775051,-0.31133457204348,0.80578606550436,-0.309935313295232,0.081811209664616,-0.138187446210492,-0.110415084061976,0.016951966151293,-0.113349470388193,0.217698400618389,-0.312233273660566,-0.545519274472186,0.181852370781737,-0.62076245911649,-0.267558058081083,-0.0353996433268876,-0.369197402774552,0.704556941251078,-0.575183631525082,1.76857172204375,-0.264807296664483,-0.658579312058047,0.824012536456357,-0.874238994009164,0.174925673355449,-0.17061997464588,-0.303482585678555,0.189310851020503,-0.332891415879973,0.389204755737609,-0.591672082226005,-0.939684945158727,0.64744043739903,-1.14488698918944,0.0451512094292896,0.1233929963162,0.269024779926031,0.45889241091983,0.407201781860729,0.223465569664925,0.189588282951163,0.534841486687647,0.736037986532627,0.773418533846069,-0.187013891832193,0.341830157153209,0.397626587234462,-0.129823886918869,0.33008317437326,-0.419502765166651,-0.428132526733448,-0.17468422477159,-1.96519691895029,0.00204651494685224,0.216568222829886,-0.421324926998401,-0.588849430298993,0.358829030302252,-0.567396267589313,-0.0839888096210834,-0.322728555330691,-0.882965154081534,-0.37374304494452,-1.17700449580372,-0.048615561936001,0.982859490219481,1.47023113436617,1.0214991460522,1.58517452828539,-0.0122311984866747,-0.0148888226631145,0.21601602195122,-0.214211468707865,0.369029039660102,-0.206558810956048,0.644365945337369,0.791110987453761,0.152823402242699,0.697647809536188
"k__Bacteria|p__Actinobacteria|c__Actinobacteria|o__Actinomycetales|f__Actinomycetaceae|g__Parascardovia|s__unclassified",0.348892918798762,-0.319041579811562,-0.323287326324358,0.86995984284196,-0.332225720580443,-0.293221895414971,0.724260542430016,0.932057528796097,0.461122238875187,0.913721176054402,-0.194403708700546,-0.0694050317456232,-0.31133457204348,0.779785918706332,-0.309935313295232,0.11002533055889,-0.155834484632131,-0.134806419731899,0.0781377669706298,-0.146065665451214,0.200881761204616,-0.312233273660566,-0.604797146002993,0.129325410507505,-0.6708221504635,-0.267558058081083,-0.0726191650155421,-0.433039066759027,0.627627352627348,-0.62987565276519,1.77868874704095,-0.351849659635975,-0.811879639473273,0.784124401651087,-1.01922543896666,0.167578622632967,-0.195832324849378,-0.337615522992076,0.278811749771403,-0.332891415879973,0.485296595166155,-0.642847661031604,-1.14740663195172,0.851226012681455,-1.34799630071457,0.0923021061122304,0.22319387469563,0.361313710875388,0.693955871927451,0.466266213050769,0.262725586170244,0.258830841262906,0.71336693737256,0.724904277392104,0.93150724910653,-0.232821444525137,0.37263081772311,0.438091030954957,-0.137013597256597,0.399330518559285,-0.340146927309532,-0.48571789193276,-0.313534900391918,-1.96801371909313,-0.15096347070874,0.224425591014649,-0.291080293643722,-0.474080571037843,0.480197814013408,-0.485919315032307,-0.130110870725379,-0.425253001729375,-1.09484662893654,-0.425651319711799,-1.34475259186304,-0.0212669722794244,1.07362083814235,1.63666065012641,1.17110929607361,1.71176920086316,-0.0108357349413029,0.0358353006993036,0.326140637086702,-0.21964680113117,0.454557719141737,-0.206558810956048,0.672109975729896,0.8428516535742,0.0862440290272183,0.810236489124691
"k__Bacteria|p__Actinobacteria|c__Actinobacteria|o__Actinomycetales|f__Corynebacteriaceae|g__Corynebacterium|s__unclassified",-0.16147969463836,-0.319041579811562,-0.323287326324358,-0.929382176885554,-0.332225720580443,-0.293221895414971,0.220341385145933,0.410812386384953,-0.505243832072791,0.43859417955376,-0.194403708700546,-0.266407449615589,-0.31133457204348,-0.791491568388592,-0.309935313295232,0.137835862629455,-0.126333790984736,-0.150014421122729,-0.0115359449167227,-0.177479904920028,0.032665043700327,-0.312233273660566,-0.434097354417259,-0.273251382913772,-0.436244050003741,-0.267558058081083,-0.299206486850087,-0.47557241121673,-0.889524870864727,-0.579759109878792,-0.238757338291164,-0.459870545674104,-0.678261414242292,-1.05814172585053,-0.793277131334419,-0.0140512745847352,-0.193921872433628,-0.246537000973739,-0.282853159157405,-0.332891415879973,0.0397903173624753,-0.564577756379861,-0.819812810447111,-0.872916768429949,-0.921307578364647,0.0163192806016113,-0.0105262246911502,0.119643658961439,-0.0794511409136257,0.23670804612211,-0.203482711744483,-0.0665227708081801,0.275222978087275,-0.88371196818667,0.523511086820659,-0.0846389532501896,0.122069939707988,0.141880074913907,0.174955983254775,0.104253120066035,0.601119528552555,0.234777203587007,0.201818694897017,1.86495466627192,0.162031672975212,0.111978193444238,-0.316818838346358,-0.477314284026198,-0.265009006991119,-0.437482337005985,0.112943002004056,-0.258112480676595,-0.756201921485813,0.31496158844243,-1.0160499642814,-0.427586473649462,0.370220817570551,0.824435254394236,-1.03432286979343,1.02658796188657,0.102752551298546,0.00544006739248936,0.21440195636508,0.136541681861246,0.341363933560416,-0.206558810956048,0.181254397299576,0.243009962635264,0.0315149084226634,0.189690736345497
"k__Bacteria|p__Actinobacteria|c__Actinobacteria|o__Actinomycetales|f__Micrococcaceae|g__Rothia|s__mucilaginosa",0.362146143252712,-0.319041579811562,-0.323287326324358,1.0365786455526,-0.332225720580443,-0.293221895414971,0.725452812455786,0.975132157590904,0.657948921650046,0.979671275287464,-0.194403708700546,-0.0416020691560247,-0.31133457204348,0.938506113432434,-0.309935313295232,0.127455831038056,-0.217209004139591,-0.217394337767344,0.0554558821169404,-0.232153418905717,0.204998799761199,-0.312233273660566,-0.593195544923238,0.177501222293349,-0.679369239732115,-0.267558058081083,-0.164990814824498,-0.577443520714149,0.771006466873576,-0.84449497577194,1.76446025296973,-0.398322115350562,-0.873201316077148,0.954224609402083,-1.16850997086958,0.165302761968651,-0.174270901582305,-0.310838145750793,0.341729709023339,-0.332891415879973,0.470266864927079,-0.644772527825629,-1.15812662897559,1.03898574758248,-1.40694681188018,0.0134799403764289,0.347994971330323,0.490186624428135,0.573620203471452,0.596800989572773,0.239072421388175,0.397783799321956,0.836747515007107,0.941652802556074,1.02738273658521,-0.177342237802858,0.271196300275857,0.291887602454873,-0.145632466587084,0.237006595595534,-0.410874755932877,-0.528938873644995,-0.31622742236589,-2.30570092083205,-0.124383713437443,0.227232070176873,-0.292195021253955,-0.526938129852968,0.463832241538167,-0.56254573823641,-0.10426481822697,-0.498557115827921,-1.16602739521904,-0.584638854444724,-1.47156101354656,0.0529487108049445,1.05067401579578,1.63819928144423,1.45255950898805,1.76541532798862,-0.0277828763870447,0.0915552414601319,0.396210095681921,-0.22217865565314,0.569657499503806,-0.206558810956048,0.593687110009467,0.74347394353098,0.057653532161243,0.675120294091366
"k__Bacteria|p__Actinobacteria|c__Actinobacteria|o__Bifidobacteriales|f__Bifidobacteriaceae|g__Bifidobacterium|s__longum",0.0541246660620285,1.40160582839031,1.23312282471875,1.52729956876288,0.565957350964645,1.61250463038031,-2.17748551975874,-2.40592506568926,0.686339804198772,-2.11174505085846,-0.194403708700546,0.450609378412825,0.959439097066989,1.37849882227243,-0.309935313295232,-0.465482707925623,0.72137351437026,0.220234827540511,-0.217496468018751,-0.00968413734455988,-0.229520967798678,0.943716639068818,1.1850049350053,0.438358204513924,1.03615097436216,1.42336537376472,-0.413198801889489,-0.115118811409593,1.23108330584991,0.0647336492294416,-0.238757338291164,0.650918339196921,0.823563354868165,1.46862451922685,0.802182679280245,-0.0566868698444984,0.781646460404781,0.821228089457503,0.627028176016717,0.632429133156221,-0.0632079481774593,1.67197801927612,2.1567953134062,0.887163695596597,2.11375367900434,0.203886034499728,-0.620452596794074,-0.594189305717897,0.338548140981859,-0.697165990734737,-0.463176221231137,0.991898328483753,0.146457713713653,2.06370130980357,-0.584426573943416,0.67050896840579,-1.55786519125844,-1.50310802778143,-0.386768620094972,-1.11992920948134,-1.41519735993732,0.962302082173998,0.868759335966176,-3.09136586806845,0.757135652829578,-0.20381239889422,0.615270112878696,1.09624402341575,0.87352042819847,0.881095031950278,0.835486579340181,-1.61668946576369,-0.906290542712704,-1.18499664873976,-0.327258484574432,0.634708178654558,-1.23019192054243,-2.05573336954917,1.61329504952365,-2.09420713597445,-0.482998182539807,0.396793554363372,-0.247110735418501,0.00875438668098437,-0.617694711976181,2.20117763725591,-3.48056374443505,-3.66226517001891,-0.0601507232963581,-3.22230021917355
"k__Bacteria|p__Actinobacteria|c__Actinobacteria|o__Bifidobacteriales|f__Bifidobacteriaceae|g__Bifidobacterium|s__adolescentis",-0.267045839196112,0.898961483802505,0.780875116865384,-0.605648449833793,-0.332225720580443,-0.293221895414971,-1.05788590849665,-1.10842537291703,-0.31678633950169,-0.932104004145883,-0.194403708700546,-0.0145821092110357,-0.31133457204348,-0.59485720393517,-0.309935313295232,-0.160803107508177,0.275740443780904,0.0722809976480362,-0.239107412684695,-0.0263795665601819,-0.151063938029559,-0.312233273660566,0.369433487879968,-0.180004548890453,0.32277471942022,-0.267558058081083,-0.353910106241193,-0.2600471479363,-0.545977990477161,-0.148368248179685,-0.238757338291164,0.0353898193453232,0.0828663592850545,-0.679105426150727,0.084152224203389,-0.107265999368489,0.255736760838281,0.269042086313644,-0.139251072277235,0.640880413276544,-0.179172309393886,0.561037103513744,0.715213118922597,-0.757632169243226,0.708302278895217,0.0994042750910663,-0.438933247863531,-0.398369014383384,-0.174962556948187,-0.373392287155888,-0.471902680541243,0.174605532226179,-0.0925141510575276,-0.231167136594017,-0.329298139531671,0.329616929646422,-0.694741645329064,-0.630629152169493,0.212983323085847,-0.454595941869135,0.0603705931821035,0.914893476505671,0.797183592618446,1.28218729680885,0.619726812326589,-0.0690524267460956,0.0849031815539141,0.235952734380013,-0.120802854986009,0.101482474969665,0.513771843963487,-0.727861568848193,-0.619387260972208,0.0709589089676485,-0.470446620847406,-0.119476389888716,-0.63037031706742,-0.769742957248809,-0.723249031548473,-0.659877793250566,-0.122077869307439,0.127257636004447,-0.0880916023639875,0.199043295348162,-0.241062847186247,1.99139596101629,-1.72870730561655,-1.7755596382455,0.00906067744002773,-1.58353599153061
"k__Bacteria|p__Actinobacteria|c__Actinobacteria|o__Bifidobacteriales|f__Bifidobacteriaceae|g__Bifidobacterium|s__unclassified",-0.296975096907314,0.937718620999258,0.801962070362728,-0.501431580683378,0.596293561544839,1.16365018474255,-1.50263893370813,-1.47071482981101,-0.251150665433469,-1.16574483730703,-0.194403708700546,-0.0530682586515156,-0.31133457204348,-0.427385819163271,-0.309935313295232,-0.317796084158291,0.47469836400218,0.0481742286748969,-0.352621962861408,-0.151755859731448,-0.197328315512942,-0.312233273660566,0.486526632952226,-0.119910202385231,0.346735054957946,-0.267558058081083,-0.787998573887786,-0.708618005150315,-0.507631518160513,-0.66254492678033,-0.238757338291164,-0.140107142472668,-0.246785283541701,-0.621463842290344,-0.347026594334306,-0.0908670325528364,0.317625336981293,0.317546310123364,-0.0318550113648509,-0.332891415879973,-0.137581949932917,0.544826447534257,0.718766094255336,-0.826653332399439,0.622701093894094,0.0720210025066715,-0.437238542311815,-0.261596260487316,-0.146414887720424,-0.15666519876408,-0.743795540679557,0.752482063696537,0.36866559606693,0.0449619604452792,0.0506613463144912,0.493645651963295,-1.03400604391733,-0.982745942596147,0.14871730145277,-0.713255484110654,-0.214221439107188,1.24287427265957,1.09120442047196,0.978512756509388,0.843958195470224,-0.110924305936725,0.193456610794046,0.491618779463467,0.0234344309297904,0.349580435603184,0.927371487692274,-1.68667083046404,-1.56013818816362,-0.20153131743158,-1.37042792458869,-0.196054421474408,-0.574259877486959,-0.807908818713328,-0.762624342553684,-0.598472891356224,-0.340883486684766,0.492755309621927,0.148721585783067,0.191443860517743,-0.041430744895674,2.04104763719427,-2.51094363686937,-2.59631419337519,-0.0978801367198058,-2.28828312060765
"k__Bacteria|p__Cyanobacteria|c__4C0d-2|o__YS2|f__unclassified|g__unclassified|s__unclassified",-0.135447880866587,-0.319041579811562,-0.323287326324358,-0.801431985769538,-0.332225720580443,-0.293221895414971,0.331613183054648,0.466374331905097,-0.258170956427426,0.497829180554337,-0.194403708700546,-0.227265325671845,-0.31133457204348,-0.717061981010029,-0.309935313295232,0.0604621875273358,-0.0222172996091686,-0.00921743674621939,0.0453640792534834,-0.029430106678561,0.0217522023112141,-0.312233273660566,-0.385508544567065,-0.245524367753527,-0.390634598674884,-0.267558058081083,-0.251188228398248,-0.437390665093474,-0.729718486687559,-0.520775862028063,-0.238757338291164,-0.423882530008326,-0.614062919648391,-0.864186254157977,-0.695623003021028,0.000556020665582563,-0.20278326260914,-0.254927294291883,-0.263913019894974,-0.332891415879973,0.0373267388022866,-0.535893822423291,-0.792325727260174,-0.651018364315886,-0.890062137804344,-0.0932522446812211,0.171503255316701,0.269256453126334,-0.0907125634534233,0.364673759632445,-0.154771269722467,-0.0112357321816052,0.270122083551224,-0.716906900651517,0.480418062051262,-0.107491666190292,0.170313335408001,0.136061961627991,0.133157426694967,0.0903806493375205,0.456923283569484,0.150704406562113,0.147200241560934,1.54098023751958,0.0658486730683217,0.0615403242486019,-0.317244582950733,-0.430975721423894,-0.368977062452747,-0.452290156310526,0.0712721992537603,-0.0891745768047556,-0.362359466242939,0.285103177514728,-0.595699933899785,-0.383864482097165,0.483360909354057,0.863667131645013,-0.706675931332272,1.05334219129881,0.0855527396119963,0.0429885950134651,0.174782414245222,0.200679185433909,0.26319946418038,-0.206558810956048,0.408696308212382,0.487011710729653,0.0554734283792999,0.405261815597971
"k__Bacteria|p__Cyanobacteria|c__Chloroplast|o__Streptophyta|f__unclassified|g__unclassified|s__unclassified",-0.0689334349193101,-0.319041579811562,-0.323287326324358,-0.558884125404294,-0.332225720580443,-0.293221895414971,0.434964320416786,0.506767654884512,-0.319836318109766,0.546620654713565,-0.194403708700546,-0.189952757875729,-0.31133457204348,-0.559193412963381,-0.309935313295232,0.082901688264819,-0.285206180144336,-0.217999802033559,-0.0959285712409485,-0.208172594290802,0.0396484849286482,-0.312233273660566,-0.379825471731336,-0.17818761644179,-0.396250670493037,-0.267558058081083,-0.119159813551062,-0.265372379857081,-0.548805778712577,-0.371467137449356,-0.238757338291164,-0.345689566659939,-0.523689024224083,-0.693248306723774,-0.623303613214635,0.00520238248879082,-0.240129889147204,-0.251932055212215,-0.275311592658068,-0.332891415879973,0.0326643514550572,-0.580884128093586,-0.725206536568437,-0.57521074134447,-0.788292697038861,0.0102885198135697,0.0991033195085852,0.18497203862375,-0.114319326382865,0.248655863703415,-0.0258860166061477,-0.128774187835455,0.122858935494321,-0.679996501584708,0.375444679928108,-0.116772790920071,0.256591413287332,0.242390232184481,0.0638541503969764,0.185623050494154,0.463368721051639,0.00648916140032379,0.0825930229881149,1.34803870237487,0.0661588215953567,0.121907445439409,-0.248640457503048,-0.34697874643809,-0.168131074206954,-0.344269434560418,-0.054224970460439,0.0409423178565111,-0.28360090605559,0.295468541811653,-0.52870036719488,-0.335270003679836,0.374555001200566,0.671897624501791,-0.825814026206096,0.814751502580577,0.0756191694741285,-0.0145374158600695,0.138844946939496,0.0647367373360186,0.260502771903861,-0.206558810956048,0.5753645371175,0.620000131421642,-0.00968039690444961,0.537341714007373
"k__Bacteria|p__Fusobacteria|c__Fusobacteria|o__Fusobacteriales|f__Fusobacteriaceae|g__Fusobacterium|s__unclassified",-0.144143070889674,-0.319041579811562,-0.323287326324358,-0.910619222442469,-0.332225720580443,-0.293221895414971,0.333499459047424,0.451129786546,-0.517598935294847,0.479310438515431,-0.194403708700546,-0.224889442027059,-0.31133457204348,-0.857054830601867,-0.309935313295232,0.111053471720577,-0.163417412250779,-0.132813758958507,-0.00512522152839457,-0.141947764216146,0.0110718619057208,-0.312233273660566,-0.381680222688244,-0.268635643431532,-0.412334377857413,-0.267558058081083,-0.203901549743907,-0.364589327660501,-0.877070134813615,-0.441342923560029,-0.238757338291164,-0.407790332484722,-0.614099176898555,-0.963325456020689,-0.671560524157757,-0.0165276238700865,-0.176717477449224,-0.242686929753623,-0.250171471919153,-0.332891415879973,0.035881607956807,-0.535205138645406,-0.741546544503662,-0.625964613294138,-0.806727789903209,-0.0256625079840176,0.113920052024042,0.170436449558482,-0.0897898154507503,0.271525213797487,-0.138015268534671,-0.124068863065225,0.213571529916245,-0.962057943692708,0.478456234157266,-0.0964882191592778,0.235923760581154,0.259845911254916,0.238342839881806,0.185517727347155,0.552824800326558,0.105118055801492,0.119607727786747,1.86596765531825,0.0957067794227853,0.0293406165793983,-0.161967291424621,-0.281258475836419,-0.282122011497697,-0.25680044839232,-0.00413870614665783,-0.0376470976332736,-0.498520224250962,0.367003291952892,-0.749942815755703,-0.298960458054598,0.264968553817905,0.628279276879304,-1.00669938115203,0.781316050695786,0.0850210987063928,-0.0164810773152812,0.170054990775487,0.0630692729928327,0.288465413044949,-0.206558810956048,0.432802642001939,0.490433816627727,-0.0983589818452622,0.443038864791593
"k__Bacteria|p__Fusobacteria|c__Fusobacteria|o__Fusobacteriales|f__Fusobacteriaceae|g__unclassified|s__unclassified",-0.179804870057762,-0.319041579811562,-0.323287326324358,-1.02665205562122,-0.332225720580443,-0.293221895414971,0.328087240288893,0.455445880942667,-0.461342276577635,0.453411555020217,-0.194403708700546,-0.260078708041107,-0.31133457204348,-1.00660575824747,-0.309935313295232,-0.0030079618959115,-0.0693513106749168,-0.102274894452487,-0.0565637553877769,-0.110625122297115,0.00694968363853393,-0.312233273660566,-0.356945404175581,-0.294099026738933,-0.371959036945178,-0.267558058081083,-0.225191242819535,-0.308500007929553,-0.9126064762125,-0.366159646973419,-0.238757338291164,-0.392073987643536,-0.504848451284014,-1.10476775094798,-0.526249771363627,-0.0318545746101077,-0.243597515591391,-0.261200272539308,-0.383418737664536,-0.332891415879973,0.0513422527551169,-0.594597437236987,-0.726626103821518,-0.70602395073253,-0.78232627733736,-0.0271269560290299,0.109967464898121,0.155412538506545,-0.214311949815632,0.203917335559049,-0.207012959380229,-0.0279449150306865,0.17305290423411,-1.05915823737381,0.422689650101459,-0.0891410863985614,0.279727755087621,0.279463449919841,0.261873115115813,0.184901718732063,0.605110562659258,0.160785892138571,0.138994890326301,2.19022629527836,0.0898557348036753,0.0907806869564528,-0.285678741881502,-0.343184145869824,-0.385506080718736,-0.314005802807184,0.0952109472277752,-0.0918181892421681,-0.340945842977318,0.446702307560595,-0.546166482134562,-0.433799242551535,0.33271576672115,0.590805585226328,-1.2393075999868,0.687764811836152,-0.0304592991010395,0.146988145663988,0.221438276388774,0.0667759768037307,0.267345050349889,-0.206558810956048,0.535469578033029,0.633658046257618,0.00212393434192249,0.570215293148674
"k__Bacteria|p__Tenericutes|c__Mollicutes|o__RF39|f__unclassified|g__unclassified|s__unclassified",-0.186107890667369,-0.319041579811562,-0.323287326324358,-0.940120302314256,-0.332225720580443,-0.293221895414971,0.295063326585502,0.462254957898206,-0.467546045118502,0.517505627906167,-0.194403708700546,-0.234908044839297,-0.31133457204348,-0.868102633918938,-0.309935313295232,0.0683898200569316,-0.115374666713276,-0.0941098586700116,-0.0812060584242031,-0.108721678124372,-0.00222599733013946,-0.312233273660566,-0.432446315810629,-0.292094730691034,-0.470814996224006,-0.267558058081083,-0.227878623617642,-0.386192881179876,-0.90011177517006,-0.47176323797133,-0.238757338291164,-0.443511687080126,-0.672067551770008,-1.0306146720839,-0.726544234396036,-0.0395971792251704,-0.180588415545812,-0.251924893186071,-0.310387010935367,-0.332891415879973,-0.0177927067216403,-0.585601841104725,-0.861565325330443,-0.771968057148413,-0.962725155647804,-0.0965210194839338,0.177625767603411,0.244966481915686,-0.125716457610958,0.343824943641685,-0.123477665427333,-0.0262665473353535,0.338795451473955,-0.835146322528136,0.587641155788917,-0.121044386637336,0.216660124559428,0.237753001525594,0.134067668718136,0.203989768508551,0.616101639225315,0.136518014138943,0.163595090369678,1.99273052617377,0.0861526119602491,-0.0365679404523538,-0.12901726242053,-0.251875481918678,-0.360275502548938,-0.252536538696718,0.051950164079996,-0.110457977506169,-0.559957283095902,0.363475287419996,-0.81624448522708,-0.357753249165755,0.367525681980402,0.788120951609018,-0.89119870058396,0.990734148138324,0.126124915153228,0.0131434487859581,0.19197178228255,0.243408509266875,0.281014085271287,-0.206558810956048,0.414862155303436,0.557858653209707,-0.0605022623562883,0.518980694264542
"k__Bacteria|p__Verrucomicrobia|c__Verrucomicrobiae|o__Verrucomicrobiales|f__Verrucomicrobiaceae|g__Akkermansia|s__muciniphila",-0.30871892674717,-0.319041579811562,-0.323287326324358,-1.08766137575278,-0.332225720580443,-0.293221895414971,-0.272950570280725,-0.49888469967152,-0.573777987661616,-0.62053755175986,-0.194403708700546,0.0252226498332673,-0.31133457204348,-0.950439293404716,0.967729652923402,0.04078520133292,0.0362709864888591,0.167149652444701,0.0610855445257812,0.27871227787667,-0.149254215979327,1.02184359784439,0.395296470376219,-0.200898834956083,0.523637303507619,-0.267558058081083,0.349814147214325,0.692380407932508,-0.799347885843845,0.882428405097235,-0.238757338291164,0.358990485642625,0.798565227739584,-0.908185472607161,1.06222465080766,-0.13188761836975,0.0720715647144489,0.183001889525503,-0.304454468399271,0.737088391152476,-0.381279874240582,0.442855242307159,0.825592732217624,-0.870192007469186,1.09550343053408,-0.017573982032053,-0.279813881844791,-0.461249278258734,-0.557821485293234,-0.57119026695629,-0.0425230628869058,-0.72121429288537,-0.94151417290409,-1.13233616518746,-1.04799078170364,0.0415454620944016,0.0286975617920689,-0.0320221908909692,0.270489711528494,-0.0618046240483394,0.633488877814196,0.134829188303391,-0.0430031340324074,2.25235566813459,-0.163432653623872,-0.138601718273743,0.193827819157548,0.248800882269704,-0.445115032812704,0.301519202914723,-0.164235443467835,1.03035230384314,1.51030827635646,0.712954873939636,1.68998675736039,-0.0505088779468156,-0.942660792463244,-1.31459479015851,-1.35904554668432,-1.45689608575531,0.161973097980403,-0.277132222206657,-0.426143067555081,0.122586247680605,-0.488937067969416,-0.206558810956048,0.0561171040439557,-0.0872991379310328,0.0310809236255691,-0.132599755539271
