#OTU ID,T000272.0,T000272.1,T000272.2,T000272.3,T000272.4,T000461.0,T000461.1,T000461.2,T000461.3,T000461.4,T002534.0,T002534.1,T002534.2,T002534.3,T002534.4,T003950.0,T003950.1,T003950.2,T003950.3,T003950.4,T005999.0,T005999.1,T005999.2,T005999.3,T005999.4,T007748.0,T007748.1,T007748.2,T007748.3,T007748.4,T008025.0,T008025.1,T008025.2,T008025.3,T008025.4,T008631.0,T008631.1,T008631.2,T008631.3,T008631.4,T009280.0,T009280.1,T009280.2,T009280.3,T009280.4,T009909.0,T009909.1,T009909.2,T009909.3,T009909.4,T010520.0,T010520.1,T010520.2,T010520.3,T010520.4,T010532.0,T010532.1,T010532.2,T010532.3,T010532.4,T012138.0,T012138.1,T012138.2,T012138.3,T012138.4,T012374.0,T012374.1,T012374.2,T012374.3,T012374.4,T012389.0,T012389.1,T012389.2,T012389.3,T012389.4,T013832.0,T013832.1,T013832.2,T013832.3,T013832.4,T014827.0,T014827.1,T014827.2,T014827.3,T014827.4,T017394.0,T017394.1,T017394.2,T017394.3,T017394.4,T018343.0,T018343.1,T018343.2,T018343.3,T018343.4,T019021.0,T019021.1,T019021.2,T019021.3,T019021.4,T019031.0,T019031.1,T019031.2,T019031.3,T019031.4,T019850.0,T019850.1,T019850.2,T019850.3,T019850.4,T020231.0,T020231.1,T020231.2,T020231.3,T020231.4,T021076.0,T021076.1,T021076.2,T021076.3,T021076.4,T021613.0,T021613.1,T021613.2,T021613.3,T021613.4,T023390.0,T023390.1,T023390.2,T023390.3,T023390.4,T023909.0,T023909.1,T023909.2,T023909.3,T023909.4,T024121.0,T024121.1,T024121.2,T024121.3,T024121.4,T028183.0,T028183.1,T028183.2,T028183.3,T028183.4
k__Bacteria|p__Firmicutes|c__Bacilli|o__Lactobacillales|f__Enterococcaceae|g__unclassified|s__unclassified,0.0,0.0,0.0,0.0,0.0,0.0,0.0,0.0,0.0,0.0,0.0,0.0,0.0,0.0,0.0,0.0,0.0,0.0,0.0,0.0,0.0,0.0,0.0,0.0,0.0,0.0,0.0,0.0,0.0,0.0,0.0,0.0,0.0,0.0,0.0,0.0,0.0,0.0,0.0,0.0,0.0,0.0,0.0,0.0,0.0,0.0,0.0,0.0,0.0,0.0,0.0,0.0,0.0,0.0,0.0,0.0,0.0,0.0,0.0,0.0,0.0,0.0,0.0,0.0,0.0,0.0,0.0,0.0,0.0,0.0,0.0,0.0,0.0,0.0,0.0,0.0,0.0,0.0,0.0,0.0,0.0,0.0,0.0,0.0,0.0,0.0,0.0,0.0,0.0,0.0,0.0,0.0,0.0,0.0,0.0,0.0,0.0,0.0,0.0,0.0,0.0,0.0,0.0,0.0,0.0,0.0,0.0,0.0,0.0,0.0,0.0,0.0,0.0,0.0,0.0,0.0,0.0,0.0,0.0,0.0,0.0,0.0,0.0,0.0,0.0,0.0,0.0,0.0,0.0,0.0,0.0,0.0,0.0,0.0,0.0,0.0,0.0,0.0,0.0,0.0,0.0,0.0,0.0,0.0,0.0
k__Bacteria|p__Firmicutes|c__Clostridia|o__Clostridiales|f__Clostridiaceae|g__Peptoniphilus|s__asaccharolyticus,0.0,0.019791998,0.019949423,0.021562817,0.021599691,0.020331154,0.0,0.020573672,0.021003889,0.02160015,0.02104967,0.0,0.019486621,0.021279048,0.021290118,0.0,0.0,0.019817406,0.019847937,0.021494078,0.0,0.0,0.019320888,0.02114842,0.021475272,0.034112122,0.019139498,0.0,0.021447135,0.021749433,0.0404218,0.0,0.019468933,0.021407485,0.021516532,0.0,0.019850453,0.0,0.02090733,0.021434434,0.0,0.019250194,0.021082276,0.021666752,0.02165076,0.020193733,0.0,0.019158583,0.021475118,0.021564463,0.0,0.019752584,0.0,0.021141281,0.021634398,0.0,0.0,0.019042268,0.02094882,0.021533303,0.0,0.0,0.019341553,0.020985665,0.021672092,0.0,0.019678615,0.020792747,0.021718387,0.021601817,0.0,0.0,0.01998869,0.0206828,0.021617576,0.0,0.020896235,0.02095272,0.020956144,0.021608433,0.0,0.019512115,0.020024417,0.020873552,0.02154771,0.021359032,0.0206478,0.0,0.02104951,0.021630963,0.020007808,0.019004527,0.02093356,0.021316797,0.02119497,0.0,0.019389024,0.02076166,0.02155049,0.021654405,0.0,0.0,0.01990623,0.021452118,0.021585127,0.0,0.019736065,0.019977799,0.020834591,0.021858906,0.021288298,0.019725468,0.021296786,0.02133143,0.021770984,0.0,0.0,0.0,0.021283086,0.021129953,0.0,0.0,0.0,0.020753644,0.020911647,0.0,0.0,0.01941189,0.02135659,0.021510113,0.0,0.02113203,0.019513711,0.021569299,0.021721566,0.020807412,0.0,0.0,0.020896379,0.021129014,0.0,0.019788742,0.0,0.020745244,0.021484947
k__Bacteria|p__Firmicutes|c__Bacilli|o__Lactobacillales|f__Streptococcaceae|g__unclassified|s__unclassified,0.0,0.021887427,0.022035975,0.023498705,0.023365173,0.02209536,0.0,0.023116553,0.023325117,0.023376001,0.02317054,0.0,0.021756899,0.023275241,0.022815814,0.0,0.0,0.022155609,0.021965262,0.023366254,0.0,0.0,0.021644995,0.023179123,0.023306025,0.0,0.021450369,0.02997278,0.024404066,0.023978153,0.0,0.0,0.021773178,0.023351455,0.02330579,0.0,0.022010028,0.0,0.02338551,0.02419731,0.0,0.021589682,0.023273487,0.023735568,0.02341703,0.022031134,0.0,0.021706324,0.02386192,0.023342106,0.0,0.022006307,0.0,0.023300199,0.024577986,0.0,0.0,0.021505024,0.023239976,0.023473525,0.0,0.0,0.02168312,0.02326599,0.023410255,0.0,0.021832865,0.02269433,0.023743564,0.02335731,0.0,0.0,0.022396,0.022736203,0.023296617,0.0,0.023480564,0.023039632,0.022773422,0.02337477,0.0,0.02173015,0.022053113,0.022660589,0.023387788,0.023246894,0.023075517,0.0,0.023163725,0.024724385,0.021931324,0.021407552,0.023092924,0.023146799,0.023004213,0.0,0.02163132,0.022911225,0.023388349,0.023363935,0.0,0.0,0.02226677,0.02341611,0.023375675,0.0,0.021860119,0.022060236,0.022640962,0.02393008,0.023079108,0.021947134,0.023282161,0.02314588,0.023898233,0.0,0.0,0.0,0.023824848,0.023757283,0.0,0.0,0.0,0.023692463,0.023374338,0.0,0.0,0.02166875,0.023264369,0.023412405,0.0,0.023446051,0.021750687,0.024066163,0.023912294,0.022599021,0.0,0.0,0.023009071,0.023683691,0.0,0.021966169,0.0,0.023069255,0.024543546
k__Bacteria|p__Firmicutes|c__Clostridia|o__Coriobacteriales|f__Coriobacteriaceae|g__Collinsella|s__aerofaciens,0.0,0.0,0.0,0.020447735,0.020672603,0.0,0.0,0.019456046,0.019779434,0.020602878,0.019672168,0.0,0.0,0.020170659,0.020398859,0.0,0.0,0.0,0.0,0.020346671,0.0,0.0,0.0,0.020092139,0.020373002,0.0,0.0,0.0,0.01990672,0.020562388,0.0,0.0,0.0,0.020422839,0.020398386,0.0,0.0,0.0,0.019786611,0.02002944,0.0,0.0,0.019969683,0.020572906,0.020698385,0.0,0.0,0.0,0.020225404,0.020568479,0.0,0.0,0.0,0.020185642,0.019955216,0.0,0.0,0.0,0.019671226,0.02052171,0.03725224,0.03725224,0.0,0.01979139,0.020730732,0.0,0.0,0.01973549,0.020668063,0.020599926,0.0,0.0,0.0,0.019682525,0.02062307,0.0,0.019556105,0.0,0.020054592,0.02061087,0.0,0.0,0.0,0.019954652,0.020479862,0.020181775,0.019378524,0.0,0.019971311,0.020054793,0.0,0.0,0.01976323,0.020360911,0.020223593,0.0,0.0,0.0,0.020462962,0.020690607,0.0,0.0,0.0,0.020492343,0.020535953,0.0,0.0,0.0,0.019844668,0.02073084,0.020104297,0.0,0.020286087,0.020400878,0.020549035,0.0,0.0,0.0,0.02004753,0.019642182,0.030679166,0.0,0.0,0.019075144,0.019602686,0.0,0.0,0.0,0.020389674,0.02044987,0.0,0.0,0.0,0.020034086,0.020469094,0.0,0.0,0.0,0.020048292,0.019630168,0.0,0.0,0.0,0.019743422,0.019707147
k__Bacteria|p__Firmicutes|c__Clostridia|o__Clostridiales|f__Lachnospiraceae|g__Blautia|s__producta,0.0,0.0,0.0,0.0,0.0,0.0,0.0,0.0,0.0,0.0,0.0,0.0,0.0,0.0,0.0,0.0,0.0,0.0,0.0,0.0,0.0,0.0,0.0,0.0,0.0,0.0,0.0,0.0,0.0,0.0,0.0,0.0,0.0,0.0,0.0,0.0,0.0,0.0,0.0,0.0,0.0,0.0,0.0,0.0,0.0,0.0,0.0,0.0,0.0,0.0,0.0,0.0,0.0,0.0,0.0,0.0,0.0,0.0,0.0,0.0,0.0,0.0,0.0,0.0,0.0,0.0,0.0,0.0,0.0,0.0,0.0,0.0,0.0,0.0,0.0,0.0,0.0,0.0,0.0,0.0,0.04330168,0.0,0.0,0.0,0.0,0.0,0.0,0.0,0.0,0.0,0.0,0.0,0.0,0.0,0.0,0.0,0.0,0.0,0.0,0.0,0.0,0.0,0.0,0.0,0.0,0.0,0.0,0.0,0.0,0.0,0.0,0.0,0.0,0.0,0.0,0.0,0.0,0.0,0.0,0.0,0.0,0.0,0.0,0.0,0.0,0.0,0.0,0.0,0.0,0.0,0.0,0.0,0.0,0.0,0.0,0.0,0.0,0.0,0.0,0.0,0.0,0.0,0.0,0.0,0.0
k__Bacteria|p__Firmicutes|c__Bacilli|o__Gemellales|f__Gemellaceae|g__unclassified|s__unclassified,0.0,0.0,0.0,0.0,0.0,0.0,0.0,0.0,0.0,0.0,0.0,0.0,0.0,0.0,0.0,0.0,0.0,0.0,0.0,0.0,0.0,0.0,0.0,0.0,0.0,0.0,0.0,0.0,0.0,0.0,0.0,0.0,0.0,0.0,0.0,0.0,0.0,0.0,0.0,0.0,0.0,0.0,0.0,0.0,0.0,0.0,0.0,0.0,0.0,0.0,0.0,0.0,0.0,0.0,0.0,0.0,0.0,0.0,0.0,0.0,0.0,0.0,0.0,0.0,0.0,0.0,0.0,0.0,0.0,0.0,0.0,0.0,0.0,0.0,0.0,0.0,0.0,0.0,0.0,0.0,0.0,0.0,0.0,0.0,0.0,0.0,0.0,0.0,0.0,0.0,0.0,0.0,0.0,0.0,0.0,0.04407246,0.0,0.0,0.0,0.0,0.0,0.0,0.0,0.0,0.0,0.0,0.0,0.0,0.0,0.0,0.0,0.0,0.0,0.0,0.0,0.0,0.042920087,0.0,0.0,0.0,0.0,0.0,0.0,0.0,0.0,0.0,0.040157847,0.0,0.0,0.0,0.0,0.0,0.0,0.0,0.0,0.0,0.0,0.0,0.0,0.0,0.0,0.0,0.0,0.0,0.0
k__Bacteria|p__Firmicutes|c__Bacilli|o__unclassified|f__unclassified|g__unclassified|s__unclassified,0.05110224,0.0,0.0,0.0,0.0,0.0,0.0,0.0,0.0,0.0,0.0,0.0,0.0,0.0,0.0,0.0,0.0,0.0,0.0,0.0,0.0,0.0,0.0,0.0,0.0,0.0,0.0,0.029996706,0.0,0.0,0.0,0.0,0.0,0.0,0.0,0.0,0.0,0.0,0.0,0.0,0.0,0.0,0.0,0.0,0.0,0.0,0.0,0.0,0.0,0.0,0.0,0.0,0.0,0.0,0.0,0.0,0.0,0.0,0.0,0.0,0.0,0.0,0.0,0.0,0.0,0.0,0.0,0.0,0.0,0.0,0.0,0.0,0.0,0.0,0.0,0.061464168,0.0,0.0,0.0,0.0,0.0,0.0,0.0,0.0,0.0,0.0,0.0,0.0,0.0,0.0,0.0,0.0,0.0,0.0,0.0,0.0,0.0,0.0,0.0,0.0,0.0,0.0,0.0,0.0,0.0,0.0,0.0,0.0,0.0,0.0,0.0,0.0,0.0,0.0,0.0,0.0,0.0,0.0,0.0,0.0,0.0,0.0,0.0,0.0,0.0,0.0,0.0,0.0,0.0,0.0,0.0,0.0,0.0,0.0,0.0,0.0,0.0,0.0,0.0,0.0,0.0,0.0,0.0,0.0,0.0
k__Bacteria|p__Firmicutes|c__Bacilli|o__Lactobacillales|f__Lactobacillaceae|g__Pediococcus|s__unclassified,0.0,0.0,0.0,0.0,0.020218872,0.0,0.0,0.0,0.0,0.020148868,0.0,0.0,0.0,0.0,0.020045847,0.0,0.0,0.0,0.0,0.019861124,0.0,0.0,0.0,0.0,0.019907685,0.0,0.0,0.0,0.0,0.0,0.0,0.0,0.0,0.0,0.019918486,0.0,0.0,0.0,0.0,0.0,0.0,0.0,0.0,0.0,0.020279188,0.0,0.05146348,0.0,0.0,0.020142728,0.0,0.0,0.0,0.0,0.0,0.0,0.0,0.0,0.0,0.020014104,0.0,0.0,0.0,0.0,0.020297218,0.0,0.0,0.0,0.0,0.020159913,0.0,0.0,0.0,0.0,0.020180775,0.0,0.0,0.0,0.01960263,0.020181179,0.0,0.0,0.0,0.0,0.020002127,0.0,0.0,0.0,0.0,0.0,0.0,0.0,0.0,0.0,0.019784408,0.0,0.0,0.0,0.0,0.020288348,0.0,0.0,0.0,0.0,0.020070378,0.0,0.0,0.0,0.0,0.020190764,0.0,0.0,0.0,0.0,0.019971482,0.0,0.0,0.0,0.0,0.0,0.0,0.0,0.0,0.0,0.019018946,0.0,0.0,0.0,0.0,0.019952716,0.0,0.0,0.0,0.0,0.019874703,0.0,0.0,0.0,0.0,0.0,0.0,0.0,0.0,0.0,0.0
k__Bacteria|p__Firmicutes|c__Bacilli|o__Bacillales|f__Staphylococcaceae|g__Staphylococcus|s__unclassified,0.0,0.0,0.0,0.0,0.0,0.0,0.0,0.0,0.0,0.0,0.0,0.0,0.0,0.0,0.0,0.045184437,0.0,0.0,0.0,0.0,0.0,0.0,0.0,0.0,0.0,0.0,0.0,0.030032596,0.0,0.0,0.04045164,0.0,0.0,0.0,0.0,0.0,0.0,0.0,0.0,0.0,0.0,0.0,0.0,0.0,0.0,0.0,0.0,0.0,0.0,0.0,0.0,0.0,0.0,0.0,0.0,0.0,0.0,0.0,0.0,0.0,0.0,0.0,0.0,0.0,0.0,0.0,0.0,0.0,0.0,0.0,0.0,0.0,0.0,0.0,0.0,0.061327692,0.0,0.0,0.0,0.0,0.0,0.0,0.0,0.0,0.0,0.0,0.0,0.0,0.0,0.0,0.0,0.0,0.0,0.0,0.0,0.0,0.0,0.0,0.0,0.0,0.0,0.0,0.0,0.0,0.0,0.0,0.0,0.0,0.0,0.0,0.0,0.0,0.0,0.0,0.0,0.0,0.0,0.0,0.0,0.0,0.030611333,0.0,0.0,0.0,0.0,0.038681142,0.0,0.0,0.0,0.0,0.0,0.0,0.0,0.0,0.0,0.0,0.0,0.0,0.0,0.0,0.0,0.0,0.0,0.0,0.0
k__Bacteria|p__Firmicutes|c__Bacilli|o__Lactobacillales|f__Lactobacillaceae|g__unclassified|s__unclassified,0.0,0.0,0.0,0.0,0.0,0.0,0.0,0.0,0.0,0.0,0.0,0.0,0.0,0.0,0.0,0.0,0.029408686,0.0,0.0,0.0,0.0,0.0,0.0,0.0,0.0,0.0,0.0,0.0,0.0,0.0,0.0,0.0,0.0,0.0,0.0,0.0,0.0,0.0,0.0,0.0,0.0,0.0,0.0,0.0,0.0,0.0,0.0,0.0,0.0,0.0,0.0,0.0,0.0,0.0,0.0,0.0,0.0,0.0,0.0,0.0,0.0,0.0,0.0,0.0,0.0,0.0,0.0,0.0,0.0,0.0,0.0,0.0,0.0,0.0,0.0,0.0,0.0,0.0,0.0,0.0,0.0,0.0,0.0,0.0,0.0,0.0,0.0,0.0,0.0,0.0,0.0,0.0,0.0,0.0,0.0,0.0,0.0,0.0,0.0,0.0,0.0,0.0,0.0,0.0,0.0,0.0,0.0,0.0,0.0,0.0,0.0,0.0,0.0,0.0,0.0,0.0,0.0,0.0,0.0,0.0,0.0,0.0,0.0,0.0,0.0,0.0,0.0,0.0,0.0,0.0,0.0,0.0,0.0,0.0,0.0,0.0,0.0,0.0,0.0,0.0,0.0,0.0,0.0,0.0,0.0
k__Bacteria|p__Firmicutes|c__Bacilli|o__Lactobacillales|f__unclassified|g__unclassified|s__unclassified,0.0,0.0,0.0,0.0,0.0,0.0,0.0,0.0,0.0,0.0,0.0,0.0,0.0,0.0,0.0,0.0,0.0,0.0,0.0,0.0,0.0,0.0,0.0,0.0,0.0,0.0,0.0,0.0,0.0,0.0,0.0,0.0,0.0,0.0,0.0,0.0,0.0,0.0,0.0,0.0,0.0,0.0,0.0,0.0,0.0,0.0,0.0,0.0,0.0,0.0,0.0,0.0,0.0,0.0,0.0,0.0,0.0,0.0,0.0,0.0,0.0,0.0,0.0,0.0,0.0,0.0,0.0,0.0,0.0,0.0,0.0,0.0,0.0,0.0,0.0,0.0,0.0,0.0,0.0,0.0,0.0,0.0,0.0,0.0,0.0,0.0,0.0,0.0,0.0,0.0,0.0,0.0,0.0,0.0,0.0,0.0,0.0,0.0,0.0,0.0,0.0,0.0,0.0,0.0,0.0,0.0,0.0,0.0,0.0,0.0,0.0,0.0,0.0,0.0,0.0,0.0,0.0,0.0,0.0,0.0,0.0,0.0,0.0,0.0,0.0,0.0,0.0,0.0,0.0,0.0,0.0,0.0,0.0,0.0,0.0,0.0,0.0,0.0,0.0,0.0,0.0,0.0,0.0,0.0,0.0
k__Bacteria|p__Firmicutes|c__Clostridia|o__Clostridiales|f__Veillonellaceae|g__Megasphaera|s__micronuciformis,0.0,0.0,0.0,0.0,0.0,0.0,0.0,0.0,0.0,0.0,0.0,0.0,0.0,0.0,0.0,0.0,0.0,0.0,0.0,0.0,0.0,0.0,0.0,0.0,0.0,0.0,0.0,0.0,0.0,0.0,0.0,0.0,0.0,0.0,0.0,0.0,0.0,0.0,0.0,0.0,0.0,0.0,0.0,0.0,0.0,0.0,0.0,0.0,0.0,0.0,0.0,0.0,0.0,0.0,0.0,0.0,0.0,0.0,0.0,0.0,0.037227217,0.037227217,0.0,0.0,0.0,0.0,0.0,0.0,0.0,0.0,0.0,0.0,0.0,0.0,0.0,0.0,0.0,0.0,0.0,0.0,0.0,0.0,0.0,0.0,0.0,0.0,0.0,0.0,0.0,0.0,0.0,0.0,0.0,0.0,0.0,0.0,0.0,0.0,0.0,0.0,0.0,0.04424437,0.0,0.0,0.0,0.0,0.0,0.0,0.0,0.0,0.0,0.0,0.0,0.0,0.0,0.0,0.0,0.0,0.0,0.0,0.0,0.0,0.0,0.0,0.0,0.0,0.0,0.0,0.0,0.0,0.0,0.0,0.0,0.0,0.0,0.0,0.0,0.0,0.0,0.0,0.0,0.0,0.0,0.0,0.0
k__Bacteria|p__Firmicutes|c__Bacilli|o__Lactobacillales|f__Lactobacillaceae|g__Lactobacillus|s__unclassified,0.0,0.0,0.0,0.0,0.0,0.0,0.0,0.0,0.0,0.0,0.0,0.0,0.0,0.0,0.0,0.045476668,0.0,0.0,0.0,0.0,0.0,0.0,0.0,0.0,0.0,0.0,0.0,0.0,0.0,0.0,0.042401187,0.0,0.0,0.0,0.0,0.0,0.0,0.0,0.0,0.0,0.0,0.0,0.0,0.0,0.0,0.0,0.051633555,0.0,0.0,0.0,0.0,0.0,0.0,0.0,0.0,0.0,0.0,0.0,0.0,0.0,0.0,0.0,0.0,0.0,0.0,0.05153666,0.0,0.0,0.0,0.0,0.06149901,0.0,0.0,0.0,0.0,0.0,0.0,0.0,0.0,0.0,0.0,0.0,0.0,0.0,0.0,0.0,0.0,0.0,0.0,0.0,0.0,0.0,0.0,0.0,0.0,0.04407246,0.0,0.0,0.0,0.0,0.0,0.0,0.0,0.0,0.0,0.0,0.0,0.0,0.0,0.0,0.0,0.0,0.0,0.0,0.0,0.0,0.0,0.0,0.0,0.0,0.0,0.026505098,0.0,0.0,0.0,0.038714893,0.0,0.0,0.0,0.0,0.0,0.0,0.0,0.0,0.0,0.0,0.04034691,0.0,0.0,0.0,0.0,0.0,0.0,0.0,0.0
k__Bacteria|p__Firmicutes|c__Clostridia|o__Clostridiales|f__Clostridiaceae|g__Clostridium|s__perfringens,0.061905675,0.0,0.0,0.020171165,0.02019594,0.0,0.0,0.0,0.0,0.020160481,0.0,0.0,0.0,0.0,0.020012805,0.0,0.0,0.0,0.0,0.019940833,0.0,0.0,0.0,0.0,0.020019395,0.035172094,0.0,0.03030774,0.0,0.0,0.0,0.0,0.0,0.0,0.020024851,0.0,0.0,0.0,0.0,0.0,0.0,0.0,0.0,0.02012218,0.020196324,0.0,0.0,0.0,0.0,0.020166881,0.0,0.0,0.057656057,0.0,0.0,0.0,0.0,0.0,0.0,0.01999858,0.0,0.0,0.0,0.0,0.020240434,0.05124714,0.0,0.0,0.02021079,0.020139068,0.0,0.0,0.0,0.0,0.02023725,0.06327741,0.0,0.0,0.019584872,0.02014894,0.0,0.0,0.0,0.019564323,0.020004407,0.0,0.0,0.0,0.0,0.0,0.0,0.0,0.0,0.019971462,0.019662153,0.0,0.0,0.0,0.0,0.020238554,0.0,0.0,0.0,0.0,0.020092655,0.0,0.0,0.0,0.019514384,0.020227063,0.0,0.0,0.0,0.019994557,0.020083446,0.0,0.04578726,0.0,0.0,0.019087823,0.0,0.0,0.0,0.0,0.018999329,0.0,0.04048384,0.0,0.0,0.019991007,0.0,0.0,0.0,0.019721301,0.020008389,0.0,0.0,0.0,0.0,0.019166112,0.0,0.0,0.0,0.0,0.0
k__Bacteria|p__Firmicutes|c__Clostridia|o__Clostridiales|f__Lachnospiraceae|g__Blautia|s__obeum,0.0,0.022894042,0.023007564,0.024449065,0.024318974,0.022828557,0.0,0.024531541,0.024538605,0.02435214,0.024140483,0.0,0.022945229,0.024309339,0.023624,0.0,0.0,0.023413114,0.022870753,0.024408298,0.0,0.0,0.022809966,0.024197139,0.024277577,0.0,0.02243241,0.0,0.026099183,0.02511591,0.0,0.0,0.022851009,0.024344048,0.024300344,0.0,0.02299921,0.0,0.024755223,0.025794672,0.0,0.022576183,0.024418982,0.024839858,0.024405407,0.022730317,0.0,0.022907719,0.02512149,0.024270399,0.0,0.023075199,0.0,0.024463793,0.026338609,0.0,0.0,0.022610383,0.02440708,0.0245823,0.0,0.0,0.022858594,0.02446875,0.024377618,0.0,0.02279737,0.02372171,0.02482849,0.024330964,0.0,0.0,0.023581907,0.023707792,0.024205554,0.0,0.024925504,0.023980739,0.023718992,0.024358617,0.0,0.022762727,0.023016233,0.023568438,0.024444398,0.024098156,0.024247859,0.0,0.024233265,0.026576571,0.022567108,0.022359878,0.024153367,0.024064645,0.024059951,0.0,0.022633275,0.023987388,0.02428244,0.024302933,0.0,0.0,0.023516078,0.024445578,0.024386939,0.0,0.02289803,0.022973211,0.023509618,0.025106693,0.023946596,0.02299263,0.024307735,0.024077807,0.025116848,0.0,0.0,0.0,0.025243599,0.025302462,0.0,0.0,0.0,0.025396649,0.024778683,0.0,0.0,0.022846445,0.024259487,0.02448375,0.0,0.024517044,0.022714347,0.025492257,0.025165271,0.023388848,0.0,0.0,0.024192527,0.025113562,0.0,0.023059966,0.0,0.024401806,0.026349945
k__Bacteria|p__Firmicutes|c__Bacilli|o__Lactobacillales|f__Lactobacillaceae|g__Lactobacillus|s__zeae,0.0,0.0,0.0,0.0,0.0,0.0,0.0,0.0,0.0,0.0,0.0,0.044473752,0.0,0.0,0.0,0.0,0.0,0.0,0.0,0.0,0.0,0.0,0.0,0.0,0.0,0.03494566,0.0,0.0,0.0,0.0,0.04061631,0.0,0.0,0.0,0.0,0.0,0.0,0.0,0.0,0.0,0.061656315,0.0,0.0,0.0,0.0,0.0,0.0,0.0,0.0,0.0,0.0,0.0,0.0,0.0,0.0,0.0,0.0,0.0,0.0,0.0,0.0,0.0,0.0,0.0,0.0,0.051938776,0.0,0.0,0.0,0.0,0.061611358,0.0,0.0,0.0,0.0,0.0,0.0,0.0,0.0,0.0,0.0,0.0,0.0,0.0,0.0,0.0,0.0,0.0,0.0,0.0,0.0,0.0,0.0,0.0,0.0,0.0441885,0.0,0.0,0.0,0.0,0.0,0.0,0.0,0.0,0.0,0.0,0.0,0.0,0.0,0.0,0.0,0.0,0.0,0.0,0.0,0.0,0.0,0.0,0.0,0.0,0.0,0.0,0.0,0.0,0.0,0.0,0.040740315,0.0,0.0,0.0,0.0,0.0,0.0,0.0,0.0,0.0,0.0,0.0,0.0,0.0,0.0,0.0,0.0,0.0,0.0
k__Bacteria|p__Firmicutes|c__Bacilli|o__Lactobacillales|f__Leuconostocaceae|g__Leuconostoc|s__unclassified,0.0,0.020243725,0.020338738,0.02198863,0.022125006,0.020458788,0.0,0.021407016,0.021595508,0.022094505,0.021248184,0.0,0.019965434,0.021781608,0.021696044,0.0,0.0,0.020381762,0.02020954,0.021942634,0.0,0.0,0.019902356,0.021670688,0.02189413,0.0,0.019405885,0.033047225,0.022194164,0.022324374,0.0,0.0,0.019892475,0.021993719,0.021948377,0.0,0.02023564,0.0,0.02171136,0.022209415,0.0,0.019589223,0.02169706,0.022272058,0.0221608,0.020227183,0.0,0.019710025,0.022106532,0.022021815,0.0,0.020179434,0.0,0.021849556,0.022342382,0.0,0.0,0.01945017,0.021464942,0.022121554,0.0,0.0,0.01990438,0.0216112,0.022176655,0.0,0.02006631,0.021307362,0.02231093,0.022093017,0.0,0.029910315,0.020609934,0.02126655,0.022044456,0.0,0.0215941,0.021337332,0.021538317,0.022103328,0.0,0.01989947,0.02040518,0.02139658,0.022070728,0.02164603,0.021210445,0.0,0.021594614,0.022481594,0.020007474,0.01914539,0.021428844,0.0218291,0.021780849,0.0,0.01977059,0.021281619,0.021922564,0.022130867,0.0,0.0,0.020546112,0.022060363,0.02206542,0.0,0.020201964,0.02036682,0.021262752,0.02246274,0.021558426,0.020207958,0.021849008,0.02186636,0.022329777,0.0,0.0,0.0,0.021976275,0.021786077,0.0,0.0,0.0,0.02144237,0.021578446,0.0,0.0,0.019924365,0.021930367,0.02204844,0.0,0.021470785,0.019714676,0.022119135,0.022271108,0.020994587,0.0,0.0,0.021686582,0.021676023,0.0,0.02023826,0.0,0.021559292,0.02214123
k__Bacteria|p__Firmicutes|c__Clostridia|o__Clostridiales|f__Veillonellaceae|g__Selenomonas|s__unclassified,0.0,0.0,0.0,0.0,0.0,0.0,0.0,0.0,0.0,0.0,0.0,0.0,0.0,0.0,0.0,0.0,0.0,0.0,0.0,0.0,0.0,0.0,0.0,0.0,0.0,0.0,0.0,0.0,0.0,0.0,0.0,0.0,0.0,0.0,0.0,0.0,0.0,0.0,0.0,0.0,0.0,0.0,0.0,0.0,0.0,0.0,0.0,0.0,0.0,0.0,0.0,0.0,0.0,0.0,0.0,0.0,0.0,0.0,0.0,0.0,0.0,0.0,0.0,0.0,0.0,0.0,0.0,0.0,0.0,0.0,0.0,0.0,0.0,0.0,0.0,0.0,0.0,0.0,0.0,0.0,0.0,0.0,0.0,0.0,0.0,0.0,0.0,0.0,0.0,0.0,0.0,0.0,0.0,0.0,0.0,0.0,0.0,0.0,0.0,0.0,0.0,0.0,0.0,0.0,0.0,0.0,0.0,0.0,0.0,0.0,0.0,0.0,0.0,0.0,0.0,0.0,0.0,0.0,0.0,0.0,0.0,0.0,0.0,0.0,0.0,0.0,0.0,0.0,0.0,0.0,0.0,0.0,0.0,0.0,0.0,0.0,0.0,0.0,0.0,0.0,0.0,0.0,0.0,0.0,0.0
k__Bacteria|p__Firmicutes|c__Clostridia|o__Clostridiales|f__Veillonellaceae|g__Dialister|s__invisus,0.0,0.0,0.0,0.0,0.0,0.0,0.0,0.0,0.0,0.0,0.0,0.0,0.0,0.0,0.0,0.0,0.0,0.0,0.0,0.0,0.0,0.0,0.0,0.0,0.0,0.0,0.0,0.0,0.0,0.0,0.0,0.0,0.0,0.0,0.0,0.0,0.0,0.0,0.0,0.0,0.0,0.0,0.0,0.0,0.0,0.0,0.0,0.0,0.0,0.0,0.0,0.0,0.0,0.0,0.0,0.0,0.0,0.0,0.0,0.0,0.0,0.0,0.0,0.0,0.0,0.0,0.0,0.0,0.0,0.0,0.0,0.0,0.0,0.0,0.0,0.0,0.0,0.0,0.0,0.0,0.0,0.0,0.0,0.0,0.0,0.0,0.0,0.025531376,0.0,0.0,0.0,0.0,0.0,0.0,0.0,0.0,0.0,0.0,0.0,0.0,0.0,0.0,0.0,0.0,0.0,0.0,0.0,0.0,0.0,0.0,0.0,0.0,0.0,0.0,0.0,0.0,0.0,0.0,0.0,0.0,0.0,0.0,0.0,0.0,0.0,0.0,0.0,0.0,0.0,0.0,0.0,0.0,0.0,0.0,0.0,0.0,0.0,0.0,0.0,0.0,0.0,0.0,0.0,0.0,0.0
k__Bacteria|p__Firmicutes|c__Clostridia|o__Clostridiales|f__Ruminococcaceae|g__Ruminococcus|s__bromii,0.0,0.0,0.0,0.0,0.0,0.0,0.0,0.0,0.0,0.0,0.0,0.0,0.0,0.0,0.0,0.0,0.0,0.0,0.0,0.0,0.0,0.0,0.0,0.0,0.0,0.0,0.0,0.0,0.0,0.0,0.0,0.0,0.0,0.0,0.0,0.0,0.0,0.0,0.0,0.0,0.0,0.0,0.0,0.0,0.0,0.0,0.0,0.0,0.0,0.0,0.0,0.0,0.0,0.0,0.0,0.0,0.0,0.0,0.0,0.0,0.0,0.0,0.0,0.0,0.0,0.0,0.0,0.0,0.0,0.0,0.0,0.0,0.0,0.0,0.0,0.0,0.0,0.0,0.0,0.0,0.0,0.0,0.0,0.0,0.0,0.0,0.0,0.0,0.0,0.0,0.0,0.0,0.0,0.0,0.0,0.0,0.0,0.0,0.0,0.0,0.0,0.0,0.0,0.0,0.0,0.0,0.0,0.0,0.0,0.0,0.0,0.0,0.0,0.0,0.0,0.0,0.0,0.0,0.0,0.0,0.0,0.0,0.0,0.0,0.0,0.0,0.0,0.0,0.0,0.0,0.0,0.0,0.0,0.0,0.0,0.0,0.0,0.0,0.0,0.0,0.0,0.0,0.0,0.0,0.0
k__Bacteria|p__Firmicutes|c__Clostridia|o__Clostridiales|f__Veillonellaceae|g__Megamonas|s__unclassified,0.0,0.021325074,0.021479368,0.022939004,0.022880951,0.021747503,0.0,0.022424104,0.022646219,0.022863988,0.022694461,0.0,0.021147894,0.02272148,0.022399746,0.0,0.0,0.02146572,0.021453924,0.022800608,0.0,0.0,0.021021312,0.02261827,0.022786634,0.0,0.020929595,0.0,0.023518076,0.023400322,0.0,0.0,0.021153122,0.022815417,0.022772366,0.0,0.021469656,0.0,0.022706615,0.02341813,0.0,0.02105742,0.022659173,0.023130262,0.022927597,0.021675503,0.0,0.021086344,0.023143955,0.022863453,0.0,0.02145724,0.0,0.022747973,0.023672985,0.0,0.028201012,0.020909179,0.022603387,0.022912247,0.0,0.0,0.021047449,0.022627378,0.02292517,0.0,0.021264445,0.022151396,0.023129908,0.022868441,0.0,0.031714737,0.021750005,0.022216683,0.022818279,0.0,0.022722803,0.022457868,0.022262543,0.022878848,0.0,0.021142252,0.021517238,0.022159506,0.0228481,0.022814615,0.022432525,0.0,0.022595478,0.023805898,0.021595662,0.020836102,0.022503046,0.022616277,0.022504274,0.0,0.02107512,0.022329057,0.022864131,0.022880616,0.0,0.0,0.02160294,0.022870164,0.022853369,0.0,0.02126679,0.021515558,0.022144096,0.023307685,0.022672527,0.021355163,0.022741642,0.022640381,0.023245266,0.0,0.0,0.0,0.023103854,0.022960413,0.0,0.0,0.0,0.022784572,0.022656254,0.0,0.0,0.021037498,0.02274604,0.022853935,0.0,0.022786127,0.021203993,0.02325523,0.023227746,0.022216218,0.0,0.0,0.022486193,0.022903461,0.0,0.021394208,0.0,0.022470811,0.023601167
k__Bacteria|p__Firmicutes|c__Clostridia|o__Clostridiales|f__Veillonellaceae|g__Megasphaera|s__geminatus,0.0,0.019620791,0.019773634,0.021400185,0.021476429,0.02014106,0.0,0.02047715,0.020831214,0.021450667,0.020797377,0.0,0.019271197,0.02111571,0.021156788,0.0,0.0,0.019577518,0.019697068,0.021285258,0.0,0.0,0.01915751,0.021015773,0.021285642,0.0,0.018913228,0.0,0.021193536,0.021569801,0.0,0.0,0.019254882,0.021277491,0.021308139,0.0,0.019652208,0.0,0.020801554,0.021225953,0.0,0.019082075,0.020954905,0.021528857,0.02150851,0.019968903,0.0,0.019048898,0.021311298,0.021418016,0.0,0.019561505,0.0,0.021053731,0.021330738,0.0,0.0,0.0188735,0.020758376,0.021402065,0.0,0.0,0.019175848,0.020826463,0.021534136,0.0,0.019503053,0.020636195,0.021585427,0.021436144,0.0,0.0,0.019844752,0.020583877,0.021449428,0.0,0.02068284,0.02076672,0.020863913,0.021453382,0.0,0.019301051,0.0198498,0.02077164,0.021373302,0.021164222,0.020488309,0.0,0.020913687,0.021380743,0.01981373,0.018752087,0.020796208,0.021206671,0.021046873,0.0,0.019194078,0.020613603,0.021370405,0.021508483,0.0,0.0,0.019736975,0.021340858,0.021409277,0.0,0.01953814,0.019833012,0.020708222,0.02170067,0.021083564,0.019569296,0.021177702,0.021233791,0.021575756,0.0,0.0,0.0,0.02111962,0.020865854,0.0,0.0,0.0,0.020438693,0.020695534,0.0,0.0,0.019222755,0.021223607,0.02135613,0.0,0.02084606,0.019269124,0.021287983,0.02152036,0.02060275,0.0,0.0,0.02084433,0.02084782,0.0,0.01957846,0.0,0.02064242,0.021141952
k__Bacteria|p__Firmicutes|c__Bacilli|o__Lactobacillales|f__Carnobacteriaceae|g__Granulicatella|s__unclassified,0.052468292,0.0,0.0,0.0,0.0,0.0,0.0,0.0,0.0,0.0,0.0,0.04469113,0.0,0.0,0.0,0.0,0.0,0.0,0.0,0.0,0.0,0.0,0.0,0.0,0.0,0.0,0.0,0.030259889,0.0,0.0,0.04033891,0.0,0.0,0.0,0.0,0.0,0.0,0.0,0.0,0.0,0.0,0.0,0.0,0.0,0.0,0.0,0.051556244,0.0,0.0,0.0,0.0,0.0,0.05762974,0.0,0.0,0.0,0.0,0.0,0.0,0.0,0.037276726,0.037276726,0.0,0.0,0.0,0.0,0.0,0.0,0.0,0.0,0.06152897,0.0,0.0,0.0,0.0,0.06314093,0.0,0.0,0.0,0.0,0.0,0.0,0.0,0.0,0.0,0.0,0.0,0.0,0.0,0.0,0.0,0.0,0.0,0.0,0.0,0.04407246,0.0,0.0,0.0,0.0,0.0,0.044263616,0.0,0.0,0.0,0.0,0.0,0.0,0.0,0.0,0.0,0.0,0.0,0.0,0.0,0.0,0.043015487,0.0,0.0,0.0,0.030756686,0.0,0.0,0.0,0.0,0.0,0.040834557,0.0,0.0,0.0,0.0,0.0,0.0,0.0,0.0,0.0,0.040206682,0.0,0.0,0.0,0.0,0.0,0.0,0.0,0.0
k__Bacteria|p__Firmicutes|c__Clostridia|o__Clostridiales|f__Veillonellaceae|g__Veillonella|s__unclassified,0.051182598,0.0,0.0,0.0,0.0,0.0,0.0,0.0,0.0,0.0,0.0,0.0,0.0,0.0,0.0,0.04569022,0.0,0.0,0.0,0.0,0.0,0.0,0.0,0.0,0.0,0.0,0.0,0.03238927,0.0,0.0,0.0,0.0,0.0,0.0,0.0,0.0,0.0,0.0,0.0,0.0,0.0,0.0,0.0,0.0,0.0,0.0,0.0,0.0,0.0,0.0,0.0,0.0,0.0,0.0,0.0,0.0,0.0,0.0,0.0,0.0,0.0,0.0,0.0,0.0,0.0,0.0,0.0,0.0,0.0,0.0,0.0,0.0,0.0,0.0,0.0,0.0,0.0,0.0,0.0,0.0,0.0,0.0,0.0,0.0,0.0,0.0,0.0,0.0,0.0,0.0,0.0,0.0,0.0,0.0,0.0,0.0,0.0,0.0,0.0,0.0,0.0,0.0,0.0,0.0,0.0,0.061405137,0.0,0.0,0.0,0.0,0.0,0.0,0.0,0.0,0.0,0.0,0.0,0.0,0.0,0.0,0.03086328,0.0,0.0,0.0,0.0,0.0,0.04028763,0.0,0.0,0.0,0.0,0.0,0.0,0.0,0.0,0.0,0.0,0.0,0.0,0.0,0.09872971,0.0,0.0,0.0,0.0
k__Bacteria|p__Firmicutes|c__Bacilli|o__Lactobacillales|f__Enterococcaceae|g__Enterococcus|s__unclassified,0.05100403,0.0,0.0,0.0,0.0,0.0,0.0,0.0,0.0,0.0,0.0,0.04443235,0.0,0.0,0.0,0.0,0.029422648,0.0,0.0,0.0,0.0,0.024217665,0.0,0.0,0.0,0.0,0.0,0.03002063,0.0,0.0,0.0,0.0,0.0,0.0,0.0,0.0,0.0,0.0,0.0,0.0,0.0,0.0,0.0,0.0,0.0,0.0,0.0,0.0,0.0,0.0,0.0,0.0,0.0,0.0,0.0,0.0,0.0,0.0,0.0,0.0,0.0,0.0,0.0,0.0,0.0,0.0,0.0,0.0,0.0,0.0,0.0,0.0,0.0,0.0,0.0,0.064047545,0.0,0.0,0.0,0.0,0.042135146,0.0,0.0,0.0,0.0,0.0,0.0,0.0,0.0,0.0,0.0,0.0,0.0,0.0,0.0,0.0,0.0,0.0,0.0,0.0,0.0,0.0,0.0,0.0,0.0,0.0,0.0,0.0,0.0,0.0,0.0,0.0,0.0,0.0,0.0,0.0,0.0,0.0,0.0,0.0,0.0,0.0,0.0,0.0,0.0,0.0,0.0,0.0,0.0,0.0,0.0,0.0,0.0,0.0,0.0,0.0,0.0,0.0,0.0,0.0,0.0,0.0,0.0,0.0,0.0
k__Bacteria|p__Firmicutes|c__Clostridia|o__Coriobacteriales|f__Coriobacteriaceae|g__Slackia|s__unclassified,0.0,0.0,0.0,0.0,0.0,0.0,0.0,0.0,0.0,0.0,0.0,0.0,0.0,0.0,0.0,0.0,0.0,0.0,0.0,0.0,0.0,0.0,0.0,0.0,0.0,0.0,0.0,0.0,0.0,0.0,0.0,0.0,0.0,0.0,0.0,0.066362485,0.0,0.019506576,0.0,0.0,0.0,0.0,0.0,0.0,0.0,0.0,0.0,0.0,0.0,0.0,0.0,0.0,0.0,0.0,0.0,0.0,0.0,0.0,0.0,0.0,0.0,0.0,0.0,0.0,0.0,0.0,0.0,0.0,0.0,0.0,0.0,0.0,0.0,0.0,0.0,0.0,0.0,0.0,0.0,0.0,0.0,0.0,0.0,0.0,0.0,0.0,0.0,0.0,0.0,0.0,0.0,0.0,0.0,0.0,0.0,0.0,0.0,0.0,0.0,0.0,0.0,0.0,0.0,0.0,0.0,0.0,0.0,0.0,0.0,0.0,0.0,0.0,0.0,0.0,0.0,0.0,0.0,0.0,0.0,0.0,0.030640405,0.02622182,0.0,0.0,0.0,0.03898068,0.0,0.0,0.0,0.0,0.0,0.0,0.0,0.0,0.0,0.0,0.0,0.0,0.0,0.0,0.0,0.0,0.0,0.0,0.0
k__Bacteria|p__Firmicutes|c__Erysipelotrichi|o__Erysipelotrichales|f__Erysipelotrichaceae|g__[Eubacterium]|s__dolichum,0.0,0.022195334,0.022494646,0.023822824,0.023444619,0.022626953,0.0238002,0.023187824,0.0235773,0.023471834,0.023809709,0.0,0.022059131,0.023422273,0.022873543,0.0,0.0,0.022559838,0.022499794,0.02352246,0.055882428,0.0,0.02213194,0.02340483,0.02350975,0.03690152,0.022287494,0.0,0.024549479,0.02411799,0.0,0.04449103,0.022123704,0.023354385,0.02348162,0.0,0.022273047,0.0,0.023450015,0.024289314,0.0,0.02231871,0.023517542,0.023844287,0.023412727,0.022722103,0.0,0.02224307,0.024102818,0.023478432,0.0,0.02237578,0.0,0.023282414,0.024825,0.04211154,0.0,0.022164673,0.023572562,0.023512563,0.0,0.0,0.022116065,0.02355944,0.023423286,0.052276548,0.022278596,0.022872398,0.0238107,0.023439309,0.0,0.0,0.022593219,0.022932163,0.023438089,0.0,0.023452168,0.023403177,0.022813465,0.023427887,0.0,0.022260448,0.022459606,0.022791337,0.023494467,0.023679037,0.023508962,0.0,0.023199141,0.024855528,0.022739597,0.022530824,0.023481013,0.02322502,0.022989068,0.0,0.022274636,0.023435347,0.023754235,0.02341034,0.0,0.0,0.0225693,0.023381336,0.02346003,0.0,0.022221003,0.022486024,0.02280223,0.024030017,0.023604702,0.02238296,0.023367032,0.023277912,0.024065183,0.0,0.0,0.0,0.023954984,0.023940254,0.0,0.0,0.0,0.02406385,0.023409307,0.0,0.0,0.02200779,0.023336297,0.023533026,0.05463196,0.023765946,0.022617882,0.024530081,0.024056055,0.023134904,0.0,0.0,0.02277887,0.023929056,0.0,0.022331776,0.0,0.022922141,0.024861904
k__Bacteria|p__Firmicutes|c__Bacilli|o__Lactobacillales|f__Streptococcaceae|g__Streptococcus|s__unclassified,0.050896887,0.019276418,0.018862827,0.0,0.0,0.019329838,0.0,0.0,0.0,0.0,0.0,0.044473752,0.018851934,0.0,0.0,0.04963308,0.03009842,0.018833756,0.019109175,0.0,0.0,0.02409111,0.01903859,0.0,0.0,0.034354966,0.019137193,0.032616563,0.0,0.0,0.045227148,0.0,0.018782971,0.0,0.0,0.06638841,0.018936869,0.019579973,0.0,0.0,0.0,0.019024508,0.0,0.0,0.0,0.019158613,0.052561227,0.018454205,0.0,0.0,0.0,0.018655848,0.06002377,0.0,0.0,0.042586245,0.0,0.018775899,0.0,0.0,0.03741034,0.03741034,0.018932607,0.0,0.0,0.052437395,0.01921824,0.0,0.0,0.0,0.061637573,0.030698005,0.018901499,0.0,0.0,0.061415426,0.0,0.0,0.0,0.0,0.04188079,0.019015448,0.019058125,0.0,0.0,0.0,0.0,0.0,0.0,0.0,0.019282766,0.018644467,0.0,0.0,0.0,0.04517484,0.019106997,0.0,0.0,0.0,0.057960257,0.044302113,0.019025011,0.0,0.0,0.061816577,0.019141516,0.019027248,0.0,0.0,0.0,0.018892817,0.0,0.0,0.0,0.115814835,0.04353758,0.031830847,0.0,0.0,0.032471865,0.026417073,0.0,0.0,0.0,0.03891318,0.040862367,0.019066546,0.0,0.0,0.054936945,0.0,0.018544978,0.0,0.0,0.0,0.073318265,0.027981183,0.0,0.0,0.066800006,0.018704424,0.022782706,0.0,0.0
k__Bacteria|p__Firmicutes|c__Bacilli|o__Lactobacillales|f__Streptococcaceae|g__Lactococcus|s__unclassified,0.0,0.0,0.0,0.0,0.0,0.0,0.0,0.0,0.0,0.0,0.0,0.0,0.0,0.0,0.0,0.0,0.0,0.0,0.0,0.0,0.0,0.0,0.0,0.0,0.0,0.0,0.0,0.030259889,0.0,0.0,0.0,0.0,0.0,0.0,0.0,0.0,0.0,0.019428115,0.0,0.0,0.0,0.0,0.0,0.0,0.0,0.0,0.0,0.0,0.0,0.0,0.0,0.0,0.0,0.0,0.0,0.0,0.0,0.0,0.0,0.0,0.0,0.0,0.0,0.0,0.0,0.0,0.0,0.0,0.0,0.0,0.0,0.0,0.0,0.0,0.0,0.0,0.0,0.0,0.0,0.0,0.0,0.0,0.0,0.0,0.0,0.0,0.0,0.0,0.0,0.0,0.0,0.0,0.0,0.0,0.0,0.0,0.0,0.0,0.0,0.0,0.0,0.0,0.0,0.0,0.0,0.0,0.0,0.0,0.0,0.0,0.0,0.0,0.0,0.0,0.0,0.0,0.0,0.0,0.0,0.0,0.0,0.0,0.0,0.0,0.0,0.0,0.0,0.0,0.0,0.0,0.0,0.0,0.0,0.0,0.0,0.0,0.0,0.0,0.0,0.0,0.0,0.0,0.0,0.0,0.0
k__Bacteria|p__Firmicutes|c__Clostridia|o__Clostridiales|f__Lachnospiraceae|g__Coprococcus|s__eutactus,0.0,0.0,0.0,0.0,0.0,0.0,0.0,0.0,0.0,0.0,0.0,0.0,0.0,0.0,0.0,0.0,0.0,0.0,0.0,0.0,0.0,0.0,0.0,0.0,0.0,0.0,0.0,0.0,0.0,0.0,0.0,0.0,0.0,0.0,0.0,0.0,0.0,0.0,0.0,0.0,0.0,0.0,0.0,0.0,0.0,0.0,0.0,0.0,0.0,0.0,0.0,0.0,0.0,0.0,0.0,0.0,0.0,0.0,0.0,0.0,0.0,0.0,0.0,0.0,0.0,0.0,0.0,0.0,0.0,0.0,0.0,0.0,0.0,0.0,0.0,0.0,0.0,0.0,0.0,0.0,0.0,0.0,0.0,0.0,0.0,0.0,0.0,0.0,0.0,0.0,0.0,0.0,0.0,0.0,0.0,0.0,0.0,0.0,0.0,0.0,0.0,0.0,0.0,0.0,0.0,0.0,0.0,0.0,0.0,0.0,0.0,0.0,0.0,0.0,0.0,0.0,0.0,0.0,0.0,0.0,0.0,0.0,0.0,0.0,0.0,0.0,0.0,0.0,0.0,0.0,0.0,0.0,0.0,0.0,0.0,0.0,0.0,0.0,0.0,0.0,0.0,0.0,0.0,0.0,0.0
k__Bacteria|p__Firmicutes|c__Clostridia|o__Clostridiales|f__Clostridiaceae|g__Clostridium|s__unclassified,0.0,0.022329371,0.022504225,0.02396303,0.023693027,0.0224644,0.0,0.023607766,0.023849016,0.023738317,0.023678007,0.0,0.02229689,0.023691814,0.023102889,0.0,0.02941846,0.022857122,0.022366872,0.023801763,0.0,0.0,0.02221455,0.023610318,0.023710346,0.03500473,0.021938358,0.0,0.025103303,0.024367748,0.0,0.0,0.022215547,0.023697106,0.023760421,0.0,0.022382272,0.0,0.023868412,0.024765322,0.0,0.022063456,0.023734065,0.02417944,0.023716645,0.022400247,0.0,0.02220151,0.024425082,0.023665253,0.054471675,0.02241624,0.0,0.023664936,0.02533109,0.0,0.0,0.022014515,0.023756612,0.023846246,0.0,0.0,0.02224719,0.023810757,0.023727017,0.0,0.022261543,0.02313178,0.024170509,0.023714548,0.0,0.0,0.022850811,0.023096588,0.023668576,0.0,0.024004078,0.02346917,0.023100402,0.023716703,0.043363076,0.02224647,0.022484984,0.02302433,0.02380459,0.023659563,0.02354128,0.0,0.023512658,0.025403647,0.022277463,0.021962173,0.02355999,0.023507936,0.02334109,0.0,0.022147903,0.02346634,0.02384732,0.02368607,0.0,0.04440797,0.022814836,0.02373334,0.023769807,0.065821536,0.022349235,0.022458658,0.022967046,0.0243765,0.023585718,0.022393303,0.023655284,0.023505483,0.024397736,0.0,0.0,0.03206247,0.024361784,0.024401158,0.0,0.0,0.0,0.024529241,0.023847753,0.0,0.0,0.022228057,0.023651449,0.023818275,0.0,0.023923337,0.022289285,0.024843657,0.024417737,0.023013672,0.0,0.0,0.023287246,0.024301874,0.0,0.022470145,0.0,0.02346111,0.025332484
k__Bacteria|p__Firmicutes|c__Erysipelotrichi|o__Erysipelotrichales|f__[Coprobacillaceae]|g__Coprobacillus|s__unclassified,0.0,0.020401705,0.020558357,0.022153122,0.022170046,0.020719303,0.0,0.021432644,0.021746613,0.02215996,0.021547282,0.04450481,0.020138182,0.021879874,0.021740671,0.0,0.0,0.020525625,0.02046159,0.022049503,0.0,0.0,0.020054474,0.02177759,0.022013955,0.0,0.019739436,0.0,0.022348592,0.022390407,0.0,0.0,0.020087862,0.022003686,0.022047337,0.0,0.020412244,0.0,0.02172813,0.022295479,0.0,0.019890953,0.021794382,0.022337412,0.0222074,0.020566149,0.0,0.019953005,0.022237018,0.022105202,0.0,0.020368703,0.0,0.021856835,0.022510963,0.0,0.0,0.01973101,0.021629736,0.022180885,0.0,0.0,0.020076675,0.021721078,0.022220906,0.0,0.020289898,0.021384303,0.022388898,0.02214013,0.0,0.0,0.020698007,0.021329716,0.022122432,0.0,0.02166391,0.021535201,0.021553738,0.022153972,0.0,0.02012904,0.020616403,0.021457175,0.022126418,0.021842001,0.021393295,0.0,0.021660777,0.022605328,0.020382317,0.019584164,0.021601357,0.021906182,0.02177505,0.0,0.020008205,0.02145814,0.02211136,0.022178456,0.0,0.0,0.02066426,0.02208438,0.022136591,0.0,0.020359987,0.020579355,0.021377737,0.02253569,0.021757124,0.020405738,0.021915454,0.02193142,0.022452062,0.0,0.0,0.0,0.022092676,0.021933183,0.0,0.0,0.0,0.021618098,0.02167107,0.0,0.0,0.020100694,0.021970384,0.022125416,0.0,0.021692786,0.020094272,0.022347946,0.022425678,0.021262165,0.0,0.0,0.021605587,0.02187193,0.0,0.020411694,0.0,0.021489538,0.022369353
k__Bacteria|p__Firmicutes|c__Erysipelotrichi|o__Erysipelotrichales|f__[Coprobacillaceae]|g__Catenibacterium|s__unclassified,0.0,0.020075649,0.020286119,0.021843253,0.021806488,0.020697528,0.0,0.020911235,0.02130178,0.02177644,0.021451011,0.0,0.019732645,0.021478318,0.021420144,0.0,0.0,0.020091008,0.020274978,0.021654664,0.0,0.0,0.01969667,0.021431424,0.021674965,0.0,0.019621,0.0,0.0217049,0.021993538,0.0,0.0,0.019759018,0.021601923,0.021666609,0.0,0.020109614,0.0,0.021237332,0.021694148,0.0,0.019750578,0.02141332,0.02190519,0.021794394,0.020587416,0.0,0.019658884,0.021779966,0.021779027,0.0,0.020056594,0.0,0.021390406,0.021868074,0.0,0.0,0.019529676,0.021262964,0.021728616,0.0,0.0,0.019701947,0.021314139,0.021820655,0.0,0.020004055,0.02099771,0.021934822,0.021763507,0.0,0.035125267,0.020313801,0.02102395,0.021781644,0.0,0.021059772,0.021243822,0.021183403,0.02175981,0.0,0.019866737,0.02033576,0.021117928,0.021709125,0.021708734,0.021055514,0.0,0.021261875,0.021905815,0.020509485,0.019574916,0.021296145,0.021536585,0.021341925,0.0,0.019800467,0.021180423,0.021831306,0.021798735,0.0,0.0,0.020246133,0.021636494,0.021728037,0.0,0.02002527,0.020338582,0.021075698,0.022073472,0.021642799,0.02009451,0.021521786,0.021581117,0.021979813,0.0,0.0,0.0,0.02156481,0.021342307,0.0,0.0,0.0,0.021047983,0.021100773,0.0,0.0,0.01969605,0.02156021,0.021711115,0.0,0.021330342,0.019972295,0.021858519,0.021915888,0.021158703,0.0,0.0,0.02110412,0.021339618,0.0,0.020059144,0.0,0.020964762,0.021719778
k__Bacteria|p__Firmicutes|c__Clostridia|o__Clostridiales|f__Veillonellaceae|g__Veillonella|s__parvula,0.051271882,0.0,0.0,0.0,0.0,0.0,0.023510832,0.0,0.0,0.0,0.0,0.044491008,0.0,0.0,0.0,0.04525862,0.0,0.0,0.0,0.0,0.0,0.0,0.0,0.0,0.0,0.034144938,0.0,0.029996706,0.0,0.0,0.040680412,0.044308797,0.0,0.0,0.0,0.0,0.0,0.0,0.0,0.0,0.0,0.0,0.0,0.0,0.0,0.0,0.053066295,0.0,0.0,0.0,0.062701,0.0,0.05768236,0.0,0.0,0.04370857,0.02500287,0.0,0.0,0.0,0.0395482,0.0395482,0.0,0.0,0.0,0.0,0.0,0.0,0.0,0.0,0.06610144,0.0,0.0,0.0,0.0,0.06498341,0.0,0.0,0.0,0.0,0.050414905,0.0,0.0,0.0,0.0,0.0,0.0,0.0,0.0,0.0,0.0,0.0,0.0,0.0,0.0,0.044111136,0.0,0.0,0.0,0.0,0.0,0.0,0.0,0.0,0.0,0.061340027,0.0,0.0,0.0,0.0,0.0,0.0,0.0,0.0,0.0,0.0,0.043901827,0.03192349,0.0,0.0,0.0,0.0,0.0,0.0,0.0,0.0,0.0,0.0,0.0,0.0,0.054897845,0.0,0.0,0.0,0.0,0.0,0.040226392,0.0,0.0,0.0,0.0,0.0,0.021993387,0.0,0.0
k__Bacteria|p__Firmicutes|c__Erysipelotrichi|o__Erysipelotrichales|f__Erysipelotrichaceae|g__Holdemania|s__unclassified,0.0,0.023554344,0.023689153,0.024930093,0.024643326,0.023533652,0.0,0.025012136,0.025088444,0.024711035,0.024965763,0.0,0.023732252,0.024880432,0.024025528,0.0,0.0,0.024036523,0.023623431,0.024894489,0.0,0.0,0.023421763,0.024682894,0.024799367,0.0,0.02337133,0.0,0.02685789,0.025831042,0.0,0.0,0.023762489,0.024884867,0.024763137,0.0,0.023809528,0.0,0.025202358,0.026444511,0.0,0.023434915,0.024888271,0.025230499,0.024781447,0.023559015,0.0,0.023624541,0.025595559,0.024747135,0.0,0.023897786,0.0,0.024933547,0.027101146,0.0,0.0,0.023475243,0.025079701,0.024879036,0.0,0.0,0.023462785,0.02498435,0.024726927,0.0,0.023554709,0.024216078,0.025172915,0.02474135,0.0,0.0,0.024291987,0.024252087,0.024610989,0.0,0.0256544,0.024781354,0.024058204,0.024754478,0.0,0.023517013,0.023703547,0.023908814,0.024790108,0.024787836,0.024825962,0.025609316,0.024875885,0.027245773,0.02339476,0.023354761,0.024780981,0.024478508,0.0243963,0.0,0.023421591,0.024465919,0.024832917,0.024683967,0.0,0.0,0.02412867,0.024917938,0.024782058,0.0,0.023572627,0.02365114,0.02403191,0.025435684,0.024550341,0.02362362,0.024803737,0.024403874,0.025494063,0.0,0.0,0.0,0.02581763,0.025959715,0.0,0.0,0.0,0.026236609,0.02540071,0.0,0.0,0.023515346,0.024739243,0.024820834,0.0,0.02547313,0.023712313,0.02601976,0.025555098,0.024059806,0.0,0.0,0.024599345,0.025850298,0.0,0.023746563,0.0,0.024893072,0.02721566
k__Bacteria|p__Firmicutes|c__Clostridia|o__Clostridiales|f__Veillonellaceae|g__Veillonella|s__dispar,0.051655807,0.0,0.0,0.0,0.0,0.0,0.023691686,0.0,0.0,0.0,0.0,0.0,0.0,0.0,0.0,0.04588579,0.029493855,0.0,0.0,0.0,0.063766934,0.0,0.0,0.0,0.0,0.04341558,0.0,0.049783207,0.0,0.0,0.041787807,0.044526823,0.0,0.0,0.0,0.0,0.0,0.0,0.0,0.0,0.061868772,0.0,0.0,0.0,0.0,0.0,0.06721849,0.0,0.0,0.0,0.06651816,0.0,0.058208518,0.0,0.0,0.061540946,0.025011057,0.0,0.0,0.0,0.04465595,0.04465595,0.0,0.0,0.0,0.052598238,0.0,0.0,0.0,0.0,0.068741575,0.0,0.0,0.0,0.0,0.07011118,0.0,0.0,0.0,0.0,0.05152881,0.0,0.0,0.0,0.0,0.0,0.0,0.0,0.0,0.0,0.0,0.0,0.0,0.0,0.0,0.04426586,0.0,0.0,0.0,0.0,0.0,0.048026446,0.0,0.0,0.0,0.06206178,0.0,0.0,0.0,0.0,0.0,0.0,0.0,0.0,0.0,0.0,0.047396902,0.032241147,0.0,0.0,0.031619124,0.0292979,0.0,0.0,0.0,0.0,0.04313661,0.0,0.0,0.0,0.054983865,0.0,0.0,0.0,0.0,0.0,0.042191047,0.02891489,0.0,0.0,0.066768125,0.0,0.022232408,0.0,0.0
k__Bacteria|p__Firmicutes|c__Erysipelotrichi|o__Erysipelotrichales|f__Erysipelotrichaceae|g__[Eubacterium]|s__biforme,0.0,0.0,0.0,0.0,0.0,0.0,0.0,0.0,0.0,0.0,0.0,0.0,0.0,0.0,0.0,0.0,0.0,0.0,0.0,0.0,0.0,0.0,0.0,0.0,0.0,0.0,0.0,0.0,0.0,0.0,0.0,0.0,0.0,0.0,0.0,0.0,0.0,0.023172652,0.0,0.0,0.0,0.0,0.0,0.0,0.0,0.0,0.0,0.0,0.0,0.0,0.0,0.0,0.0,0.0,0.0,0.0,0.0,0.0,0.0,0.0,0.0,0.0,0.0,0.0,0.0,0.0,0.0,0.0,0.0,0.0,0.0,0.0,0.0,0.0,0.0,0.0,0.0,0.0,0.0,0.0,0.0,0.0,0.0,0.0,0.0,0.0,0.0,0.0,0.0,0.0,0.0,0.0,0.0,0.0,0.0,0.0,0.0,0.0,0.0,0.0,0.0,0.0,0.0,0.0,0.0,0.0,0.0,0.0,0.0,0.0,0.0,0.0,0.0,0.0,0.0,0.0,0.0,0.0,0.0,0.0,0.0,0.0,0.0,0.0,0.0,0.0,0.0,0.0,0.0,0.0,0.0,0.0,0.0,0.0,0.0,0.0,0.0,0.028108383,0.0,0.0,0.0,0.0,0.0,0.0,0.0
k__Bacteria|p__Firmicutes|c__Bacilli|o__Turicibacterales|f__Turicibacteraceae|g__Turicibacter|s__unclassified,0.0,0.02237464,0.02258352,0.023962505,0.023581862,0.022751167,0.0,0.023463145,0.02382617,0.023648245,0.02400773,0.0,0.02231778,0.023616102,0.023042135,0.0,0.03015427,0.022783963,0.02250311,0.023734841,0.0,0.0,0.022176905,0.023551473,0.02368377,0.0,0.022181194,0.030355591,0.024948778,0.024330113,0.0,0.0,0.02230999,0.023600698,0.023702068,0.0,0.022487521,0.0,0.02369425,0.024564402,0.0,0.022251973,0.023679275,0.024091879,0.023589788,0.02276561,0.0,0.022283081,0.024352543,0.023628838,0.0,0.022505572,0.0,0.023510713,0.02519406,0.0,0.0,0.022157185,0.023761591,0.023689255,0.0,0.0,0.022240415,0.02373923,0.023593383,0.0,0.022336708,0.023077723,0.024063777,0.023621688,0.0,0.0,0.022845395,0.023097804,0.023617858,0.0,0.023893412,0.02358038,0.023012586,0.023615481,0.0,0.022346878,0.022541432,0.022961805,0.023685899,0.023876987,0.023538245,0.0,0.02346121,0.025185572,0.02273004,0.022239868,0.023565058,0.023456289,0.023195112,0.0,0.022260973,0.023491403,0.023879666,0.023593215,0.0,0.0,0.02282034,0.023625929,0.023663852,0.0,0.022427967,0.022535034,0.022971967,0.024253003,0.02375916,0.022416309,0.023562282,0.023435542,0.024283824,0.0,0.0,0.0,0.0242292,0.024280248,0.0,0.0,0.027112374,0.024537621,0.023707386,0.0,0.0,0.022239832,0.023530424,0.023716077,0.0,0.024073519,0.022555785,0.024820423,0.024279615,0.023255428,0.0,0.0,0.023053119,0.024270844,0.0,0.022494428,0.0218711,0.023198292,0.02523335
k__Bacteria|p__Firmicutes|c__Clostridia|o__Clostridiales|f__Veillonellaceae|g__Phascolarctobacterium|s__unclassified,0.0,0.0,0.0,0.0,0.0,0.0,0.028661584,0.0,0.0,0.0,0.0,0.0,0.0,0.0,0.0,0.0,0.0,0.0,0.0,0.0,0.0,0.0,0.0,0.0,0.0,0.0,0.0,0.0,0.0,0.0,0.0,0.0,0.0,0.0,0.0,0.0,0.0,0.019557195,0.0,0.0,0.0,0.0,0.0,0.0,0.0,0.0,0.0,0.0,0.0,0.0,0.0,0.0,0.0,0.0,0.0,0.0,0.0,0.0,0.0,0.0,0.0,0.0,0.0,0.0,0.0,0.0,0.0,0.0,0.0,0.0,0.0,0.0,0.0,0.0,0.0,0.0,0.0,0.0,0.0,0.0,0.0,0.0,0.0,0.0,0.0,0.0,0.0,0.0,0.0,0.0,0.0,0.0,0.0,0.0,0.0,0.0,0.0,0.0,0.0,0.0,0.0,0.0,0.0,0.0,0.0,0.0,0.0,0.0,0.0,0.0,0.0,0.0,0.0,0.0,0.0,0.0,0.0,0.0,0.0,0.0,0.0,0.0,0.030382005,0.0,0.0,0.038668487,0.0,0.0,0.0,0.0,0.0,0.0,0.0,0.0,0.0,0.0,0.0,0.0,0.0,0.0,0.0,0.0,0.0,0.0,0.0
k__Bacteria|p__Firmicutes|c__Clostridia|o__Clostridiales|f__Ruminococcaceae|g__unclassified|s__unclassified,0.0,0.01993154,0.020060763,0.021525271,0.021485401,0.020507175,0.024205314,0.020579604,0.020992877,0.02147507,0.021144215,0.04459797,0.01964444,0.021270026,0.021219037,0.0,0.0,0.019791545,0.019991972,0.021356046,0.0,0.046364535,0.019368742,0.021194212,0.021389503,0.0,0.019381063,0.0,0.021310769,0.021720376,0.0,0.0,0.019610891,0.02143722,0.02138288,0.0,0.02002337,0.023105584,0.020835744,0.021265585,0.0,0.019466968,0.021060547,0.021550193,0.021560255,0.02041224,0.0,0.019325268,0.021401726,0.021482898,0.0,0.019941187,0.0,0.021119233,0.021409195,0.0,0.025528902,0.019226227,0.020950899,0.02137971,0.0,0.0,0.019403817,0.02092143,0.021558132,0.0,0.019849574,0.020829456,0.021642957,0.021475174,0.0,0.03008908,0.020092351,0.020697247,0.021521678,0.0,0.020869507,0.021110332,0.020896029,0.021497736,0.042152688,0.019674974,0.020149874,0.020840777,0.021371547,0.021387987,0.020642154,0.029202443,0.021176543,0.021408455,0.020248946,0.01920886,0.020995853,0.02129611,0.021029636,0.0,0.019529238,0.020762531,0.021565514,0.021566074,0.0,0.0,0.019946361,0.021484993,0.021443387,0.0,0.019845532,0.020101659,0.02084986,0.021680748,0.021288414,0.019826893,0.021346308,0.021273263,0.021575602,0.0,0.0,0.03187386,0.02127585,0.020926755,0.0,0.026257027,0.027598929,0.020626295,0.020780448,0.0,0.0,0.019542124,0.021337902,0.021353148,0.0,0.02128793,0.019713057,0.021361804,0.021548498,0.020893157,0.0,0.02789999,0.020858025,0.021017859,0.0,0.019863412,0.026117858,0.020668862,0.021276653
k__Bacteria|p__Firmicutes|c__Clostridia|o__Clostridiales|f__Lachnospiraceae|g__Roseburia|s__unclassified,0.0,0.0,0.0,0.0,0.0,0.0,0.023641048,0.0,0.0,0.0,0.0,0.0,0.0,0.0,0.0,0.0,0.0,0.0,0.0,0.0,0.0,0.024976986,0.0,0.0,0.0,0.0,0.0,0.0,0.0,0.0,0.0,0.0,0.0,0.0,0.0,0.0,0.0,0.025360659,0.0,0.0,0.0,0.0,0.0,0.0,0.0,0.0,0.0,0.0,0.0,0.0,0.0,0.0,0.0,0.0,0.0,0.0,0.0,0.0,0.0,0.0,0.0,0.0,0.0,0.0,0.0,0.0,0.0,0.0,0.0,0.0,0.0,0.0,0.0,0.0,0.0,0.0,0.0,0.0,0.0,0.0,0.0,0.0,0.0,0.0,0.0,0.0,0.0,0.026751984,0.0,0.0,0.0,0.0,0.0,0.0,0.0,0.0,0.0,0.0,0.0,0.0,0.0,0.0,0.0,0.0,0.0,0.0,0.0,0.0,0.0,0.0,0.0,0.0,0.0,0.0,0.0,0.0,0.0,0.0,0.0,0.0,0.0,0.026621932,0.028241178,0.0,0.0,0.0,0.0,0.0,0.0,0.0,0.0,0.0,0.0,0.0,0.0,0.0,0.0,0.0,0.0,0.0,0.0,0.0,0.022682652,0.0,0.0
k__Bacteria|p__Firmicutes|c__Clostridia|o__Coriobacteriales|f__Coriobacteriaceae|g__unclassified|s__unclassified,0.0,0.025537647,0.025663689,0.026622934,0.02586234,0.025240526,0.0235253,0.027250616,0.027145214,0.02594065,0.026982168,0.0,0.025901783,0.026545562,0.025052799,0.046031907,0.029563665,0.026617207,0.025536872,0.026221555,0.0,0.0,0.025814326,0.026508214,0.026095623,0.0,0.025686987,0.0,0.029358352,0.027434012,0.0,0.0,0.0258689,0.026370598,0.026097387,0.0,0.025644055,0.019447098,0.027302496,0.028467456,0.062218715,0.02574131,0.026856579,0.026828937,0.02587113,0.02531718,0.05166448,0.026137497,0.027790053,0.025908053,0.054581523,0.025805008,0.05768236,0.026596827,0.029516475,0.0,0.024890298,0.025995962,0.027134955,0.026168572,0.037463576,0.037463576,0.025868708,0.027062962,0.025837095,0.0,0.025556482,0.025920553,0.026731161,0.025930453,0.0,0.0,0.026462605,0.025964417,0.025826547,0.0,0.027620252,0.02656893,0.025388477,0.025929756,0.0,0.025758015,0.025549328,0.025343573,0.02612482,0.026484655,0.027081542,0.025540626,0.026589379,0.029562954,0.025260784,0.02602121,0.026773166,0.025883941,0.025531739,0.04749564,0.02567555,0.026711755,0.026432814,0.025819762,0.0,0.0,0.026479643,0.026379103,0.026023543,0.0,0.025638973,0.025546236,0.02539258,0.026913263,0.026406262,0.025726495,0.02643528,0.025856787,0.027080374,0.0,0.0,0.0,0.02798449,0.027972126,0.03122182,0.026729163,0.0,0.029073315,0.027040755,0.03875286,0.0,0.025831157,0.026304113,0.02617042,0.0,0.027483692,0.02594065,0.02837674,0.02715788,0.025794098,0.040186968,0.0,0.026040401,0.027849937,0.0,0.025810609,0.0,0.026538264,0.02974177
k__Bacteria|p__Firmicutes|c__Clostridia|o__Coriobacteriales|f__Coriobacteriaceae|g__Eggerthella|s__lenta,0.0,0.0,0.0,0.0,0.0,0.0,0.0,0.0,0.0,0.0,0.0,0.044466853,0.0,0.0,0.0,0.0,0.0,0.0,0.0,0.0,0.0,0.024402628,0.0,0.0,0.0,0.03424667,0.0,0.030164186,0.0,0.0,0.0,0.0,0.0,0.0,0.0,0.0,0.0,0.01942685,0.0,0.0,0.0,0.0,0.0,0.0,0.0,0.0,0.0,0.0,0.0,0.0,0.0,0.0,0.0,0.0,0.0,0.0,0.0,0.0,0.0,0.0,0.0,0.0,0.0,0.0,0.0,0.0,0.0,0.0,0.0,0.0,0.0,0.0,0.0,0.0,0.0,0.0,0.0,0.0,0.0,0.0,0.0,0.0,0.0,0.0,0.0,0.0,0.0,0.0,0.0,0.0,0.0,0.0,0.0,0.0,0.0,0.0,0.0,0.0,0.0,0.0,0.0,0.044273242,0.0,0.0,0.0,0.0,0.0,0.0,0.0,0.0,0.0,0.0,0.0,0.0,0.0,0.0,0.0,0.0,0.0,0.0,0.0,0.0,0.0,0.0,0.0,0.038740207,0.04063989,0.0,0.0,0.0,0.0,0.0,0.0,0.0,0.0,0.0,0.0,0.0,0.0,0.0,0.0,0.0,0.0,0.0,0.0
k__Bacteria|p__Firmicutes|c__Clostridia|o__Clostridiales|f__Ruminococcaceae|g__Faecalibacterium|s__prausnitzii,0.0,0.021691598,0.02179395,0.023139488,0.022962866,0.021951323,0.02652026,0.022717036,0.022942714,0.022974586,0.022902466,0.0,0.021590447,0.023008328,0.022540655,0.0,0.029810797,0.021850936,0.021702502,0.02295123,0.0,0.024305278,0.021329692,0.022879219,0.022931604,0.0,0.021222604,0.0,0.023851663,0.023600636,0.0,0.0,0.021567082,0.023086186,0.022927947,0.0,0.021810211,0.023018267,0.022920525,0.023601832,0.0,0.021331,0.02289919,0.023296285,0.023047628,0.021889413,0.0,0.021407519,0.023409797,0.022971805,0.0,0.021788973,0.0,0.022972926,0.023936898,0.0,0.025194248,0.021235686,0.022892883,0.02300376,0.0,0.0,0.021382965,0.022860404,0.023030974,0.0,0.02162659,0.022465404,0.023326606,0.022976205,0.0,0.029949421,0.022095269,0.022418901,0.022949457,0.0,0.023084903,0.022815209,0.022409413,0.023003254,0.0,0.021498205,0.02183592,0.022328326,0.022951385,0.02299173,0.022638474,0.026778404,0.022956785,0.023999117,0.02171893,0.02110273,0.022796743,0.022834234,0.022579802,0.0,0.021367427,0.02256084,0.023091944,0.023009954,0.0,0.0,0.021965694,0.02315057,0.022984905,0.0,0.021634512,0.021800699,0.022355933,0.023407815,0.022855503,0.021659676,0.023024525,0.02279777,0.023366572,0.0,0.0,0.03181099,0.023417389,0.023187062,0.0,0.0,0.031549733,0.023172619,0.022858078,0.0,0.0,0.021481944,0.022999527,0.022954147,0.0,0.023214648,0.021530537,0.02348815,0.02338043,0.02242969,0.0,0.03983253,0.022677876,0.023182092,0.0,0.02172603,0.024339112,0.022647616,0.023890706
k__Bacteria|p__Firmicutes|c__Clostridia|o__Coriobacteriales|f__unclassified|g__unclassified|s__unclassified,0.0,0.02195836,0.022109088,0.023533782,0.023235397,0.022036223,0.02357594,0.023015669,0.023345556,0.023291372,0.023171829,0.0,0.021907179,0.023330647,0.022795614,0.0,0.029417064,0.022337954,0.021908503,0.023390219,0.0,0.024052171,0.021634046,0.023184633,0.023292324,0.0,0.021446638,0.0,0.024438832,0.023849024,0.0,0.044328317,0.021933772,0.023385355,0.023328776,0.0,0.021977643,0.020685997,0.023252957,0.024019593,0.0,0.02151901,0.023285152,0.02372392,0.02332209,0.021967163,0.0,0.021588191,0.023880232,0.023255944,0.0,0.021970669,0.0,0.02314623,0.024602951,0.0,0.025349805,0.021487948,0.023317529,0.023339745,0.0,0.0,0.021698745,0.023278031,0.023304893,0.0,0.02186968,0.022823365,0.023740817,0.023289848,0.0,0.02990752,0.022447916,0.02267751,0.023256313,0.0,0.023515724,0.023171041,0.022729518,0.023313088,0.0,0.021830905,0.022147844,0.02263786,0.02331005,0.023206022,0.022867095,0.026399277,0.023214689,0.024546837,0.021730183,0.021439917,0.023180157,0.023200653,0.02288631,0.0,0.021672705,0.022950247,0.023464343,0.023294907,0.0,0.0,0.022361752,0.023402715,0.023342883,0.0,0.021975774,0.022083696,0.022682965,0.023838338,0.023125228,0.021931287,0.02331101,0.023088299,0.023843221,0.0,0.0,0.031830847,0.023786267,0.023750544,0.030776067,0.026239421,0.027754623,0.023951808,0.023268107,0.0,0.0,0.021849163,0.0232726,0.023311878,0.0,0.023593625,0.021860285,0.024229236,0.023875644,0.022560913,0.0,0.027783616,0.022810176,0.023709403,0.0,0.022007136,0.02237971,0.022900352,0.024570389
k__Bacteria|p__Firmicutes|c__Clostridia|o__Clostridiales|f__Ruminococcaceae|g__Ruminococcus|s__unclassified,0.0509326,0.021539552,0.021748822,0.023128703,0.022858927,0.021953108,0.02357594,0.022562668,0.0228288,0.022862818,0.022958115,0.0,0.021367693,0.022854775,0.022404617,0.0,0.029489668,0.021823606,0.021696808,0.022819236,0.0,0.031888757,0.021357466,0.022770321,0.022818718,0.0,0.021323936,0.0,0.023641352,0.02339105,0.0,0.044354357,0.021378031,0.02285752,0.022831835,0.0,0.021588968,0.019983659,0.022796927,0.023397448,0.0,0.021404423,0.022849413,0.023241954,0.022846978,0.021915633,0.0,0.021394953,0.023337971,0.022855144,0.0,0.02162645,0.0,0.02279829,0.023765715,0.0,0.024868803,0.02124137,0.022803666,0.022884514,0.0,0.0,0.021373892,0.022862466,0.022874407,0.0,0.021498412,0.022318732,0.02321113,0.022847636,0.0,0.0,0.021938039,0.022377664,0.022838563,0.0,0.022752585,0.02264333,0.022304272,0.022848113,0.0,0.021440057,0.021747267,0.022263274,0.022852978,0.023015693,0.02263265,0.029123181,0.022631647,0.023794891,0.021875985,0.021270243,0.022744197,0.02272175,0.022429284,0.0,0.021444509,0.022703158,0.02305982,0.022833588,0.0,0.0,0.021883491,0.022897428,0.0228643,0.0,0.021524142,0.021750871,0.02223213,0.02331565,0.02297495,0.02160223,0.022845134,0.022744482,0.023293376,0.0,0.0,0.0,0.023186998,0.023025744,0.030621022,0.026258627,0.032503374,0.023066863,0.022608541,0.0,0.0,0.021327127,0.022860304,0.022869125,0.0,0.022931956,0.021578701,0.02356932,0.023270981,0.0224778,0.0,0.027759258,0.022427574,0.022955848,0.0,0.021637335,0.02465595,0.02242182,0.023693407
k__Bacteria|p__Firmicutes|c__Clostridia|o__Clostridiales|f__Clostridiaceae|g__unclassified|s__unclassified,0.050941527,0.019199658,0.019354498,0.020953309,0.020934764,0.019849267,0.02366275,0.019777816,0.020288326,0.020916142,0.020445958,0.0,0.018839505,0.02055636,0.020666651,0.0,0.0,0.019055633,0.019276557,0.020770054,0.0,0.0,0.018583883,0.020533836,0.020810723,0.0,0.0185749,0.0,0.020493478,0.020932456,0.0,0.044308797,0.018721519,0.020760896,0.020829795,0.0,0.019262794,0.0,0.020069037,0.02045364,0.0,0.018687861,0.020349706,0.020958744,0.020979652,0.019687304,0.0,0.018472277,0.020703401,0.020897757,0.054471675,0.019136544,0.0,0.02036693,0.020549575,0.0,0.0,0.018362612,0.020200802,0.020813517,0.0,0.0,0.018627299,0.020234736,0.021005616,0.0,0.0190671,0.02013747,0.021082057,0.02090182,0.0,0.0,0.019285673,0.020005522,0.020972202,0.0,0.02006294,0.02039566,0.020321729,0.020916084,0.042038664,0.01894242,0.01944032,0.02029011,0.020794408,0.020729173,0.019811621,0.0,0.020391595,0.02056684,0.019538682,0.018280407,0.020263596,0.020743065,0.020438509,0.0,0.01877793,0.020094402,0.021008486,0.020992309,0.0,0.044234745,0.019158602,0.020789793,0.02088201,0.0,0.019118821,0.019390775,0.020246979,0.021092193,0.020670261,0.019032206,0.02066449,0.020706743,0.020979645,0.0,0.042953044,0.0,0.02048487,0.020171741,0.0,0.0,0.0,0.01978585,0.020042581,0.0,0.040181022,0.01876207,0.020691069,0.020781364,0.0,0.020495612,0.01890591,0.020730041,0.020962901,0.020230742,0.0,0.0,0.020106668,0.020261457,0.0,0.019103765,0.0,0.01991687,0.020399315
k__Bacteria|p__Firmicutes|c__Clostridia|o__Clostridiales|f__Ruminococcaceae|g__Faecalibacterium|s__unclassified,0.0,0.020250376,0.020358097,0.021852827,0.021895088,0.020635266,0.02623089,0.02114355,0.021418199,0.02185628,0.02131608,0.0,0.019969605,0.021677177,0.021547535,0.0,0.030366495,0.020202672,0.020307025,0.021700868,0.0,0.024743348,0.019816572,0.021570504,0.021715334,0.0,0.019594152,0.0,0.02186393,0.022199268,0.0,0.0,0.019957261,0.02185321,0.021713544,0.0,0.020313857,0.022618378,0.021405222,0.021866482,0.0,0.019748371,0.021501843,0.021983534,0.021945557,0.020504098,0.0,0.01975316,0.021865312,0.021848314,0.0,0.020248383,0.0,0.02166359,0.021955805,0.0,0.026499089,0.019569809,0.02134315,0.021814061,0.0,0.0,0.019830313,0.021384208,0.021945188,0.0,0.020166805,0.021179905,0.02204668,0.021858558,0.0,0.029890765,0.020521019,0.021146877,0.021851828,0.0,0.021359973,0.021389833,0.021314597,0.021876547,0.0,0.019940658,0.020436328,0.021215579,0.021779599,0.021650136,0.02111589,0.026717637,0.021555835,0.022041088,0.020335797,0.019411705,0.021365305,0.02165988,0.021471381,0.0,0.019829046,0.021137528,0.021842811,0.021931661,0.0,0.0,0.020388993,0.021920608,0.021811875,0.0,0.02016072,0.020416532,0.02117751,0.022123102,0.021527287,0.020205958,0.021737479,0.021674182,0.02199435,0.0,0.0,0.0,0.021767894,0.021428443,0.0,0.0,0.035052907,0.021088164,0.021280047,0.0,0.0,0.019888584,0.02177774,0.021761036,0.0,0.021538956,0.019908657,0.021736864,0.0219501,0.021098621,0.0,0.030249149,0.021442337,0.021433393,0.0,0.020204507,0.02402505,0.021256378,0.021794371
k__Bacteria|p__Firmicutes|c__Clostridia|o__Clostridiales|f__Lachnospiraceae|g__Lachnospira|s__unclassified,0.0,0.0,0.0,0.0,0.0,0.0,0.02550747,0.0,0.0,0.0,0.0,0.0,0.0,0.0,0.0,0.0,0.0,0.0,0.0,0.0,0.0,0.024305278,0.0,0.0,0.0,0.0,0.0,0.03285582,0.0,0.0,0.0,0.0,0.0,0.0,0.0,0.0,0.0,0.01988242,0.0,0.0,0.0,0.0,0.0,0.0,0.0,0.0,0.0,0.0,0.0,0.0,0.0,0.0,0.0,0.0,0.0,0.0,0.0,0.0,0.0,0.0,0.0,0.0,0.0,0.0,0.0,0.0,0.0,0.0,0.0,0.0,0.0,0.030072324,0.0,0.0,0.0,0.0,0.0,0.0,0.0,0.0,0.0,0.0,0.0,0.0,0.0,0.0,0.0,0.025635738,0.0,0.0,0.0,0.0,0.0,0.0,0.0,0.0,0.0,0.0,0.0,0.0,0.0,0.0,0.0,0.0,0.0,0.0,0.0,0.0,0.0,0.0,0.0,0.0,0.0,0.0,0.0,0.0,0.0,0.0,0.0,0.0,0.0,0.029946085,0.027015064,0.0,0.0,0.0,0.0,0.0,0.0,0.0,0.0,0.0,0.0,0.0,0.0,0.0,0.0,0.0,0.0,0.0,0.0,0.0,0.022007285,0.0,0.0
k__Bacteria|p__Firmicutes|c__Clostridia|o__unclassified|f__unclassified|g__unclassified|s__unclassified,0.0,0.021051247,0.021284118,0.0227011,0.022413801,0.021432355,0.024451278,0.021827878,0.022298373,0.02242974,0.022365814,0.0,0.02084251,0.022380061,0.022021595,0.0,0.029425442,0.021272805,0.021171434,0.022422314,0.0,0.026982374,0.02076983,0.022288635,0.022412624,0.0,0.020760773,0.0,0.022895183,0.022814218,0.0,0.0,0.020878011,0.02241341,0.022436913,0.0,0.02099348,0.022046383,0.022075348,0.022667207,0.0,0.020778941,0.022309111,0.022747522,0.02241857,0.021430915,0.0,0.020684367,0.022770759,0.02241982,0.0,0.021042641,0.0,0.022136983,0.023090903,0.0,0.025605656,0.020603029,0.02228189,0.022392219,0.0,0.0,0.020773554,0.022301055,0.022429889,0.0,0.021034226,0.021911355,0.022765107,0.02242019,0.0,0.030438235,0.021322006,0.021826785,0.022439552,0.0,0.022115862,0.02225788,0.021873143,0.02241935,0.049301,0.020935273,0.021300366,0.021845732,0.022403082,0.022476183,0.021953793,0.02673613,0.02212877,0.023007417,0.021280693,0.020768218,0.022266723,0.022322003,0.021965263,0.0,0.0209008,0.022173239,0.022705307,0.022428375,0.058201298,0.0,0.021299176,0.022430364,0.022433054,0.0,0.02104489,0.021266945,0.02183199,0.022836084,0.022478951,0.021087913,0.02236204,0.022290507,0.02280547,0.0,0.0,0.032095555,0.022528296,0.022404345,0.030621022,0.02637226,0.027190223,0.022427328,0.02200167,0.0,0.0,0.020818288,0.022377962,0.022404192,0.0,0.0224483,0.021137763,0.02306352,0.022787485,0.021981558,0.0,0.027948705,0.02173629,0.02240401,0.0,0.02107972,0.02229355,0.021692546,0.023005188
k__Bacteria|p__Firmicutes|c__Clostridia|o__Clostridiales|f__Lachnospiraceae|g__Anaerostipes|s__unclassified,0.0,0.0,0.0,0.0,0.0,0.0,0.0,0.0,0.0,0.0,0.0,0.0,0.0,0.0,0.0,0.0,0.0,0.0,0.0,0.0,0.0,0.0,0.0,0.0,0.0,0.0,0.0,0.0,0.0,0.0,0.0,0.0,0.0,0.0,0.0,0.0,0.0,0.0,0.0,0.0,0.0,0.0,0.0,0.0,0.0,0.0,0.0,0.0,0.0,0.0,0.0,0.0,0.0,0.0,0.0,0.0,0.0,0.0,0.0,0.0,0.0,0.0,0.0,0.0,0.0,0.0,0.0,0.0,0.0,0.0,0.0,0.0,0.0,0.0,0.0,0.0,0.0,0.0,0.0,0.0,0.0,0.0,0.0,0.0,0.0,0.0,0.0,0.0,0.0,0.0,0.0,0.0,0.0,0.0,0.0,0.0,0.0,0.0,0.0,0.0,0.0,0.0,0.0,0.0,0.0,0.0,0.0,0.0,0.0,0.0,0.0,0.0,0.0,0.0,0.0,0.0,0.0,0.0,0.0,0.0,0.0,0.0,0.0,0.0,0.0,0.0,0.0,0.0,0.0,0.0,0.0,0.0,0.0,0.0,0.0,0.0,0.0,0.0,0.0,0.0,0.0,0.0,0.0,0.0,0.0
k__Bacteria|p__Firmicutes|c__Clostridia|o__Clostridiales|f__Lachnospiraceae|g__Lachnobacterium|s__unclassified,0.0,0.027928432,0.028107604,0.028932808,0.02787448,0.027651131,0.0,0.030029632,0.029978845,0.02808518,0.030225003,0.0,0.02864695,0.028813226,0.026792284,0.0,0.0,0.02950284,0.027883437,0.028706746,0.0,0.0,0.028328136,0.028676292,0.028444817,0.0,0.028720036,0.0,0.033663895,0.030040585,0.0,0.0,0.02866614,0.028393807,0.02845268,0.0,0.028246045,0.0,0.030068398,0.032237202,0.0,0.028529523,0.029316608,0.029355278,0.028003277,0.027957335,0.0,0.029023549,0.030689802,0.028038332,0.0,0.028536662,0.0,0.028740382,0.034137204,0.0,0.0,0.028930478,0.030014986,0.028564418,0.0,0.0,0.028479952,0.029772038,0.027916577,0.0,0.02798141,0.02801687,0.029152049,0.028079268,0.0,0.0,0.029164666,0.028076235,0.027861482,0.0,0.031011736,0.02895756,0.027305104,0.028095841,0.0,0.028452173,0.02787698,0.027244514,0.028450863,0.02901157,0.029936688,0.025868231,0.028886355,0.034178227,0.027953416,0.029196424,0.029206252,0.027910544,0.027743118,0.0,0.028376713,0.029192423,0.028609753,0.02784247,0.0,0.0,0.029191576,0.028423434,0.028314335,0.0,0.028124131,0.027854154,0.027417284,0.029583808,0.02886717,0.028201021,0.02856356,0.027809931,0.029996647,0.0,0.0,0.0,0.031053877,0.03187233,0.0,0.0,0.027015064,0.03369193,0.030396303,0.0,0.0,0.028459365,0.028272195,0.028557241,0.0,0.03060969,0.028904397,0.03225984,0.030238742,0.028281085,0.0,0.0,0.028084794,0.031632733,0.0,0.028489254,0.0,0.028992021,0.03477661
k__Bacteria|p__Firmicutes|c__Clostridia|o__Clostridiales|f__Lachnospiraceae|g__[Ruminococcus]|s__unclassified,0.0,0.0,0.0,0.0,0.0,0.0,0.023669984,0.0,0.0,0.0,0.0,0.044918854,0.0,0.0,0.0,0.0,0.029431026,0.0,0.0,0.0,0.0,0.024830965,0.0,0.0,0.0,0.0,0.0,0.0,0.0,0.0,0.0,0.044313677,0.0,0.0,0.0,0.0,0.0,0.020197524,0.0,0.0,0.0,0.0,0.0,0.0,0.0,0.0,0.0,0.0,0.0,0.0,0.0,0.0,0.0,0.0,0.0,0.0,0.0,0.0,0.0,0.0,0.0,0.0,0.0,0.0,0.0,0.0,0.0,0.0,0.0,0.0,0.0,0.0,0.0,0.0,0.0,0.0,0.0,0.0,0.0,0.0,0.042143915,0.0,0.0,0.0,0.0,0.0,0.0,0.02549571,0.0,0.0,0.0,0.0,0.0,0.0,0.0,0.0,0.0,0.0,0.0,0.0,0.0,0.0,0.0,0.0,0.0,0.0,0.0,0.0,0.0,0.0,0.0,0.0,0.0,0.0,0.0,0.0,0.0,0.03187386,0.0,0.0,0.0,0.0,0.02697614,0.0,0.0,0.038925834,0.0,0.0,0.0,0.0,0.0,0.0,0.0,0.0,0.0,0.0,0.0,0.029350622,0.0,0.0,0.0,0.0,0.021859983,0.0,0.0
k__Bacteria|p__Firmicutes|c__Clostridia|o__Clostridiales|f__Lachnospiraceae|g__Roseburia|s__faecis,0.0,0.020435682,0.020718297,0.022289116,0.022084314,0.021021852,0.023518065,0.021339329,0.021765176,0.022084206,0.021953309,0.0,0.020161537,0.021818038,0.021654366,0.0,0.0,0.02067306,0.02066756,0.022012047,0.0,0.0,0.020192688,0.021780754,0.022018721,0.0,0.020111805,0.0,0.022337617,0.022262366,0.0,0.0,0.020094182,0.021842951,0.022053223,0.0,0.02042014,0.0,0.021647358,0.022171639,0.0,0.020242186,0.021824703,0.02234379,0.022025341,0.020907495,0.0,0.020142926,0.022279948,0.022059396,0.0,0.020421576,0.0,0.021690631,0.02248595,0.0,0.0,0.019988788,0.021712463,0.022074323,0.0,0.0,0.020198429,0.0218234,0.022086006,0.0,0.02035961,0.021331469,0.022334347,0.022051603,0.0,0.0,0.020694232,0.021356365,0.022080587,0.0,0.02148769,0.021597976,0.021468263,0.022037387,0.0,0.020325996,0.02072644,0.021448418,0.022055577,0.022079464,0.021431815,0.0,0.02148931,0.022499908,0.02084576,0.020029753,0.02171947,0.021886362,0.021609897,0.0,0.020297168,0.02172422,0.022247797,0.022037778,0.0,0.0,0.020708824,0.021864338,0.022071283,0.0,0.020431446,0.02071253,0.021374602,0.022473196,0.02209723,0.020461602,0.021826727,0.021923047,0.022440033,0.0,0.0,0.0,0.022013532,0.021909112,0.0,0.0,0.027015064,0.02177306,0.021502133,0.0,0.0,0.020163136,0.021886958,0.022071494,0.0,0.021699829,0.02047244,0.022618765,0.022394031,0.021542411,0.0,0.0,0.02130178,0.02184467,0.0,0.020490548,0.021737693,0.02127289,0.022371456
k__Bacteria|p__Firmicutes|c__Clostridia|o__Coriobacteriales|f__Coriobacteriaceae|g__Collinsella|s__unclassified,0.0,0.0,0.0,0.0,0.0,0.0,0.02418361,0.0,0.0,0.0,0.0,0.0,0.0,0.0,0.0,0.04611058,0.032061514,0.0,0.0,0.0,0.0,0.024052171,0.0,0.0,0.0,0.0,0.0,0.0,0.0,0.0,0.044197116,0.0,0.0,0.0,0.0,0.072203584,0.0,0.021083357,0.0,0.0,0.06378093,0.0,0.0,0.0,0.0,0.0,0.0,0.0,0.0,0.0,0.055469442,0.0,0.0631281,0.0,0.0,0.0,0.026546165,0.0,0.0,0.0,0.04261178,0.04261178,0.0,0.0,0.0,0.0,0.0,0.0,0.0,0.0,0.062030785,0.029929869,0.0,0.0,0.0,0.0,0.0,0.0,0.0,0.0,0.0,0.0,0.0,0.0,0.0,0.0,0.0,0.02605846,0.0,0.0,0.0,0.0,0.0,0.0,0.0,0.0,0.0,0.0,0.0,0.0,0.06135676,0.0,0.0,0.0,0.0,0.0,0.0,0.0,0.0,0.0,0.0,0.0,0.0,0.0,0.0,0.0,0.0,0.0,0.0,0.0,0.03973958,0.027396556,0.02697614,0.0,0.0,0.04647332,0.0,0.0,0.0,0.0,0.05547653,0.0,0.0,0.0,0.0,0.0,0.040963978,0.03989207,0.0,0.0,0.0,0.0,0.021693224,0.0,0.0
k__Bacteria|p__Firmicutes|c__Clostridia|o__Clostridiales|f__Ruminococcaceae|g__Oscillospira|s__unclassified,0.0,0.0,0.0,0.0,0.0,0.0,0.025022779,0.0,0.0,0.0,0.0,0.04930088,0.0,0.0,0.0,0.0,0.02959997,0.0,0.0,0.0,0.05667252,0.024811493,0.0,0.0,0.0,0.040150348,0.0,0.0,0.0,0.0,0.0,0.047322147,0.0,0.0,0.0,0.0,0.0,0.02040253,0.0,0.0,0.0,0.0,0.0,0.0,0.0,0.0,0.0,0.0,0.0,0.0,0.0,0.0,0.0,0.0,0.0,0.04399099,0.02538767,0.0,0.0,0.0,0.0,0.0,0.0,0.0,0.0,0.0,0.0,0.0,0.0,0.0,0.0,0.0,0.0,0.0,0.0,0.0,0.0,0.0,0.0,0.0,0.043933187,0.0,0.0,0.0,0.0,0.0,0.0,0.026637055,0.0,0.0,0.0,0.0,0.0,0.0,0.0,0.0,0.0,0.0,0.0,0.0,0.0,0.0,0.0,0.0,0.0,0.0,0.0,0.0,0.0,0.0,0.0,0.0,0.0,0.0,0.0,0.0,0.0,0.031953275,0.0,0.0,0.0,0.0,0.028241178,0.0,0.0,0.0,0.0,0.0,0.0,0.0,0.0,0.0,0.0,0.0,0.0,0.0,0.0,0.027927054,0.0,0.0,0.06687971,0.0,0.021815514,0.0,0.0
k__Bacteria|p__Firmicutes|c__Clostridia|o__Clostridiales|f__Lachnospiraceae|g__[Ruminococcus]|s__gnavus,0.0,0.019105665,0.018907648,0.0,0.0,0.019562041,0.024118504,0.0,0.0,0.0,0.0,0.04540536,0.018623695,0.0,0.0,0.0,0.029618122,0.0,0.01913288,0.0,0.063832775,0.0,0.018773139,0.0,0.0,0.03550026,0.019072454,0.030475218,0.0,0.0,0.0,0.05295997,0.018642584,0.0,0.0,0.0,0.018867623,0.020110207,0.0,0.0,0.0,0.018996513,0.0,0.0,0.0,0.019499509,0.0,0.018401476,0.0,0.0,0.0,0.01866464,0.0,0.0,0.0,0.04356035,0.02495784,0.018652577,0.0,0.0,0.037255965,0.037255965,0.018670276,0.0,0.0,0.0,0.019133434,0.0,0.0,0.0,0.0,0.02984328,0.0,0.0,0.0,0.0,0.0,0.0,0.0,0.0,0.042345647,0.018878903,0.019030914,0.0,0.0,0.0,0.0,0.02575727,0.0,0.0,0.01964081,0.018711438,0.0,0.0,0.0,0.044111136,0.019014,0.0,0.0,0.0,0.0,0.044465713,0.0,0.0,0.0,0.06284587,0.018959085,0.019054981,0.0,0.0,0.0,0.018814182,0.0,0.0,0.0,0.0,0.0,0.032677922,0.0,0.0,0.031580362,0.026377063,0.0,0.0,0.0,0.0,0.040485386,0.01875816,0.0,0.0,0.0,0.0,0.018733816,0.0,0.0,0.019759713,0.040870987,0.03189735,0.0,0.0,0.06686377,0.018643465,0.021693224,0.0,0.0
k__Bacteria|p__Firmicutes|c__Erysipelotrichi|o__Erysipelotrichales|f__[Coprobacillaceae]|g__unclassified|s__unclassified,0.062173527,0.0,0.0,0.0,0.0,0.0,0.025225336,0.0,0.0,0.0,0.0,0.04518109,0.0,0.0,0.0,0.0,0.029683743,0.0,0.0,0.0,0.0,0.024422098,0.0,0.0,0.0,0.0,0.0,0.02997278,0.0,0.0,0.0,0.044966135,0.0,0.0,0.0,0.06815395,0.0,0.021824924,0.0,0.0,0.0628561,0.0,0.0,0.0,0.0,0.0,0.0,0.0,0.0,0.0,0.0,0.0,0.0,0.0,0.0,0.042263765,0.024962958,0.0,0.0,0.0,0.0,0.0,0.0,0.0,0.0,0.0,0.0,0.0,0.0,0.0,0.061963376,0.0,0.0,0.0,0.0,0.0,0.0,0.0,0.0,0.0,0.042661402,0.0,0.0,0.0,0.0,0.0,0.0,0.025609316,0.0,0.0,0.0,0.0,0.0,0.0,0.0,0.0,0.0,0.0,0.0,0.0,0.0,0.0,0.0,0.0,0.0,0.0,0.0,0.0,0.0,0.0,0.0,0.0,0.0,0.0,0.0,0.0,0.05910496,0.032830134,0.0,0.0,0.031347796,0.026508301,0.0,0.0,0.0,0.039710537,0.0,0.0,0.0,0.0,0.058244847,0.0,0.0,0.0,0.0,0.0,0.04567587,0.031218043,0.0,0.0,0.06681595,0.0,0.021707121,0.0,0.0
k__Bacteria|p__Firmicutes|c__Clostridia|o__Clostridiales|f__unclassified|g__unclassified|s__unclassified,0.051164743,0.0,0.0,0.0,0.0,0.0,0.023655515,0.0,0.0,0.0,0.0,0.0,0.0,0.0,0.0,0.0,0.0354278,0.0,0.0,0.0,0.0,0.028160295,0.0,0.0,0.0,0.0,0.0,0.033274516,0.0,0.0,0.0,0.0443934,0.0,0.0,0.0,0.0,0.0,0.02003681,0.0,0.0,0.0,0.0,0.0,0.0,0.0,0.0,0.0,0.0,0.0,0.0,0.054544907,0.0,0.0,0.0,0.0,0.0,0.025031526,0.0,0.0,0.0,0.0,0.0,0.0,0.0,0.0,0.0,0.0,0.0,0.0,0.0,0.0,0.029826516,0.0,0.0,0.0,0.0,0.0,0.0,0.0,0.0,0.042117607,0.0,0.0,0.0,0.0,0.0,0.0,0.028581573,0.0,0.0,0.0,0.0,0.0,0.0,0.0,0.0,0.0,0.0,0.0,0.0,0.0,0.044273242,0.0,0.0,0.0,0.0,0.0,0.0,0.0,0.0,0.0,0.0,0.0,0.0,0.0,0.0,0.04299988,0.031992983,0.0,0.0,0.0,0.026228221,0.027384846,0.0,0.0,0.0,0.040205743,0.0,0.0,0.0,0.0,0.0,0.0,0.0,0.0,0.0,0.0,0.028138155,0.0,0.0,0.0,0.0,0.021884996,0.0,0.0
k__Bacteria|p__Firmicutes|c__Clostridia|o__Clostridiales|f__Lachnospiraceae|g__Coprococcus|s__unclassified,0.0,0.0,0.0,0.0,0.0,0.0,0.0,0.0,0.0,0.0,0.0,0.0,0.0,0.0,0.0,0.0,0.029507818,0.0,0.0,0.0,0.056129333,0.02824791,0.0,0.0,0.0,0.034112122,0.0,0.03002063,0.0,0.0,0.0,0.045016576,0.0,0.0,0.0,0.0,0.0,0.021861624,0.0,0.0,0.0,0.0,0.0,0.0,0.0,0.0,0.0,0.0,0.0,0.0,0.0,0.0,0.0,0.0,0.0,0.04206547,0.025056086,0.0,0.0,0.0,0.0,0.0,0.0,0.0,0.0,0.0,0.0,0.0,0.0,0.0,0.0,0.029929869,0.0,0.0,0.0,0.0,0.0,0.0,0.0,0.0,0.0,0.0,0.0,0.0,0.0,0.0,0.0,0.02651024,0.0,0.0,0.0,0.0,0.0,0.0,0.0,0.0,0.0,0.0,0.0,0.0,0.0,0.0,0.0,0.0,0.0,0.061459165,0.0,0.0,0.0,0.0,0.0,0.0,0.0,0.0,0.0,0.0,0.0,0.031834155,0.0,0.0,0.0,0.026257027,0.02734592,0.0,0.0,0.0,0.0,0.0,0.0,0.0,0.0,0.0,0.0,0.0,0.0,0.0,0.0,0.027824212,0.0,0.0,0.0,0.0,0.022007285,0.0,0.0
k__Bacteria|p__Firmicutes|c__Clostridia|o__Clostridiales|f__Lachnospiraceae|g__Blautia|s__unclassified,0.0,0.023970403,0.023466298,0.022412967,0.020830672,0.02352831,0.026686646,0.023354085,0.022497684,0.020542266,0.022865977,0.045826312,0.023932144,0.023341954,0.021031912,0.045101263,0.030959893,0.024264816,0.023887472,0.020071,0.06104275,0.025765514,0.02460981,0.023821386,0.020569973,0.03628129,0.024981411,0.031109247,0.021009931,0.022673393,0.0,0.053864624,0.023989704,0.023413962,0.020513121,0.0,0.023514813,0.029195046,0.022402218,0.020172661,0.0,0.024738887,0.02313989,0.021224163,0.02040803,0.023593307,0.0,0.024276316,0.02261416,0.020759689,0.0,0.023423169,0.0,0.023500454,0.019828737,0.043804042,0.02688082,0.024781443,0.022717886,0.019821057,0.03741833,0.03741833,0.02441053,0.022853028,0.020488057,0.0,0.024128499,0.023413029,0.021334384,0.020630231,0.0,0.044113856,0.023958297,0.023518255,0.021011963,0.061863862,0.021219758,0.024008892,0.02122856,0.020518795,0.043617435,0.024177378,0.023481505,0.02170314,0.020232307,0.023402024,0.023614235,0.031063735,0.02373702,0.0,0.024056796,0.024897238,0.023759954,0.02187112,0.01965368,0.044120807,0.024570234,0.02443634,0.022972384,0.020733133,0.0,0.044908397,0.024259668,0.023191774,0.02032606,0.07140298,0.02393465,0.023577489,0.02163216,0.0,0.023990743,0.023834417,0.023536373,0.02199829,0.0,0.0,0.0,0.047180843,0.022492208,0.019295612,0.033256784,0.02843205,0.029447827,0.020919515,0.01936804,0.03919584,0.04050856,0.02429523,0.023784574,0.02007922,0.0,0.02391406,0.023871511,0.020325802,0.0,0.023711847,0.043703407,0.032338493,0.022618242,0.019739147,0.07760797,0.023500927,0.02583159,0.0218009,0.019464342
k__Bacteria|p__Firmicutes|c__Clostridia|o__Clostridiales|f__Lachnospiraceae|g__unclassified|s__unclassified,0.0,0.028875172,0.028663682,0.027791642,0.025791066,0.027964087,0.02429936,0.029659543,0.028815037,0.025738616,0.029166691,0.0,0.029580599,0.028508907,0.025343955,0.04506979,0.03214249,0.030562894,0.02880272,0.02586205,0.058944054,0.025200889,0.030102016,0.028734695,0.02607265,0.0,0.030674713,0.030846065,0.029984046,0.028734175,0.0,0.04908427,0.029748742,0.028092818,0.026048213,0.06734779,0.028799364,0.022800606,0.028855404,0.028320067,0.0,0.03028601,0.028768225,0.02711007,0.025508761,0.028381199,0.0,0.030324195,0.029252978,0.025874898,0.0,0.029042348,0.0,0.02856047,0.029143816,0.045230158,0.029025879,0.030751338,0.029091148,0.025485363,0.0,0.0,0.029994292,0.029021464,0.02552722,0.07195594,0.02918196,0.028092591,0.026970856,0.025808366,0.0,0.030636555,0.029801682,0.028289475,0.025939485,0.0,0.028615823,0.02921078,0.02594003,0.025716959,0.044661175,0.029653208,0.028416576,0.026275994,0.025802765,0.028549435,0.029932851,0.02937946,0.028795857,0.02866116,0.028819542,0.03127244,0.029238263,0.026673352,0.024985503,0.0,0.030063322,0.029810315,0.02791274,0.025682904,0.0,0.0,0.030040054,0.027897984,0.025747353,0.06382806,0.02907069,0.02853345,0.026372414,0.02616717,0.028899932,0.02911198,0.028346386,0.026708893,0.026345441,0.0,0.0,0.034362156,0.029414305,0.027456585,0.03186138,0.028438453,0.030596089,0.030318152,0.026633881,0.0,0.0,0.029712,0.028324552,0.025731958,0.058510732,0.030371478,0.02986826,0.028424969,0.02628682,0.02841767,0.0,0.02880393,0.027472503,0.027674414,0.06702317,0.029102156,0.027832681,0.027710866,0.029273657
k__Bacteria|p__Firmicutes|c__Clostridia|o__Clostridiales|f__Peptostreptococcaceae|g__unclassified|s__unclassified,0.051021885,0.025123073,0.025338285,0.026347196,0.025617175,0.025181953,0.0,0.026637526,0.02668162,0.025692493,0.026939664,0.0,0.025365071,0.026150342,0.024842607,0.0,0.03266608,0.026003914,0.02531819,0.025947679,0.0,0.0,0.025294887,0.02608365,0.025879113,0.043796256,0.025583044,0.030546995,0.028875777,0.027097134,0.0,0.04482946,0.025401218,0.025902435,0.025829423,0.0,0.025367944,0.019474939,0.026759924,0.02808123,0.0,0.025574077,0.026400179,0.0265091,0.02563256,0.025329562,0.0,0.025755158,0.02729488,0.025716951,0.0,0.025523871,0.0,0.026145067,0.029047357,0.043549,0.0,0.02566159,0.026743185,0.025919693,0.0,0.0,0.02536052,0.026641158,0.025616916,0.0,0.025189443,0.02543229,0.026364949,0.025677275,0.0,0.0,0.025952183,0.025615782,0.025579747,0.0,0.027123952,0.026186023,0.02504335,0.025683861,0.0,0.025394125,0.025223058,0.025018698,0.025835844,0.026362592,0.02668508,0.025577612,0.026096277,0.029135816,0.02540011,0.025799803,0.026367456,0.025554122,0.025252696,0.0,0.025440337,0.026323767,0.02613808,0.025563063,0.0,0.0,0.02587903,0.025928332,0.025777895,0.0,0.025182363,0.025264814,0.025133174,0.026605807,0.026262116,0.025287958,0.026017424,0.025549728,0.026791248,0.0,0.0,0.0,0.02742868,0.027599972,0.0,0.0,0.027112374,0.028472846,0.02671011,0.0,0.0415638,0.025249531,0.025881356,0.025911259,0.0,0.0271259,0.025764767,0.027983202,0.026887883,0.025716666,0.0,0.0,0.02558786,0.027467629,0.0,0.025447065,0.021729356,0.026069945,0.029324085
k__Bacteria|p__Firmicutes|c__Clostridia|o__Clostridiales|f__Lachnospiraceae|g__Dorea|s__unclassified,0.0,0.024750222,0.02499597,0.025978645,0.025123507,0.024895601,0.023908712,0.026009861,0.026229626,0.025218159,0.026573515,0.0,0.024975179,0.025704943,0.024427624,0.04506979,0.030013252,0.025612177,0.02491267,0.025494644,0.05607172,0.0,0.024875525,0.025675694,0.025433503,0.038932856,0.025217844,0.0,0.028057508,0.026450992,0.0,0.051715255,0.02499678,0.025490751,0.025422147,0.0,0.02485006,0.019526822,0.026096344,0.027205111,0.0,0.025148738,0.025949603,0.026046783,0.025113469,0.025074115,0.0,0.025223427,0.02679634,0.025235139,0.0,0.025032308,0.0,0.025533367,0.028243592,0.0,0.0,0.02519005,0.026272923,0.025365619,0.03744494,0.03744494,0.024933014,0.026175212,0.025102867,0.0,0.024820797,0.025104648,0.02594805,0.025198143,0.0,0.03005277,0.02545073,0.025164928,0.025158025,0.0,0.026438534,0.025882192,0.024634346,0.025189169,0.0,0.02503884,0.024870016,0.024653949,0.025340555,0.025996098,0.02609863,0.02549439,0.025613954,0.028163243,0.025113232,0.02548993,0.025984839,0.02520867,0.024718354,0.0,0.025057292,0.025997337,0.025866477,0.025084816,0.0,0.0,0.025461148,0.025473885,0.025305158,0.0,0.024848852,0.02487555,0.024747828,0.026080586,0.02597852,0.02490303,0.02558708,0.025143487,0.026260167,0.0,0.0,0.032191515,0.02679251,0.02688508,0.0,0.026335452,0.0,0.02788936,0.025979243,0.0,0.0,0.024904933,0.025455099,0.025408179,0.0,0.026675412,0.025467485,0.027575845,0.026343577,0.02543346,0.040279586,0.0286226,0.024908878,0.026832739,0.0,0.025001176,0.0,0.0253175,0.028468363
k__Bacteria|p__Firmicutes|c__Clostridia|o__Clostridiales|f__Veillonellaceae|g__unclassified|s__unclassified,0.0,0.024828207,0.025008932,0.026032519,0.025288954,0.024803348,0.0,0.026253363,0.026341558,0.025394578,0.026437113,0.0,0.025020266,0.025856316,0.024591459,0.0,0.0,0.025674462,0.024856746,0.025647478,0.0,0.024276074,0.024948752,0.025793843,0.025542459,0.0,0.025082756,0.0,0.028257618,0.026632197,0.0,0.0,0.025104258,0.025654765,0.025535513,0.06652513,0.02491276,0.019462284,0.026364118,0.027468255,0.0,0.025038745,0.026116539,0.026200827,0.02531711,0.024944883,0.0,0.025275595,0.02695986,0.025371782,0.0,0.025089871,0.0,0.025756381,0.028504213,0.0,0.024840148,0.02518527,0.026382433,0.025584023,0.037933096,0.037933096,0.025000628,0.026271315,0.025297923,0.0,0.024872009,0.025260609,0.026099332,0.025358167,0.0,0.030505272,0.025598485,0.025267854,0.025297094,0.0,0.026674284,0.02588291,0.024799641,0.02537803,0.0,0.025025202,0.02489548,0.024774073,0.025531324,0.025959304,0.026301011,0.05456436,0.025837887,0.028459549,0.024914958,0.02542452,0.026077535,0.02531128,0.024938395,0.04431421,0.025012184,0.026025372,0.025843656,0.025277749,0.0,0.044744793,0.025572522,0.025687171,0.02547552,0.0,0.024903517,0.024916885,0.024849826,0.026285065,0.025904872,0.025017323,0.025754485,0.02528365,0.02644675,0.0,0.0,0.0,0.027003895,0.027090373,0.03397386,0.026607526,0.0,0.02801802,0.026216846,0.040942438,0.0,0.024970349,0.025575716,0.025598977,0.0,0.026722286,0.025323609,0.027646696,0.026528,0.025344824,0.0,0.0,0.02521809,0.026998006,0.0,0.025077375,0.022857748,0.025596585,0.028700829
k__Bacteria|p__Bacteroidetes|c__Bacteroidia|o__Bacteroidales|f__Bacteroidaceae|g__Bacteroides|s__caccae,0.0,0.0,0.0,0.0,0.0,0.0,0.0,0.0,0.0,0.0,0.0,0.0,0.0,0.0,0.0,0.0,0.0,0.0,0.0,0.0,0.0,0.0,0.0,0.0,0.0,0.0,0.0,0.0,0.0,0.0,0.0,0.0,0.0,0.0,0.0,0.0,0.0,0.0,0.0,0.0,0.0,0.0,0.0,0.0,0.0,0.0,0.0,0.0,0.0,0.0,0.0,0.0,0.0,0.0,0.0,0.0,0.0,0.0,0.0,0.0,0.0,0.0,0.0,0.0,0.0,0.0,0.0,0.0,0.0,0.0,0.0,0.0,0.0,0.0,0.0,0.0,0.0,0.0,0.0,0.0,0.0,0.0,0.0,0.0,0.0,0.0,0.0,0.0,0.0,0.0,0.0,0.0,0.0,0.0,0.0,0.0,0.0,0.0,0.0,0.0,0.0,0.0,0.0,0.0,0.0,0.0,0.0,0.0,0.0,0.0,0.0,0.0,0.0,0.0,0.0,0.0,0.0,0.0,0.0,0.0,0.0,0.0,0.0,0.0,0.0,0.0,0.0,0.0,0.0,0.0,0.0,0.0,0.0,0.0,0.0,0.0,0.0,0.0,0.0,0.0,0.0,0.0,0.0,0.0,0.0
k__Bacteria|p__Bacteroidetes|c__Bacteroidia|o__Bacteroidales|f__Porphyromonadaceae|g__Dysgonomonas|s__unclassified,0.0,0.0,0.0,0.0,0.0,0.0,0.0,0.0,0.0,0.0,0.0,0.0,0.0,0.0,0.0,0.0,0.0,0.0,0.0,0.0,0.0,0.0,0.0,0.0,0.0,0.0,0.0,0.0,0.0,0.0,0.0,0.0,0.0,0.0,0.0,0.0,0.0,0.0,0.0,0.0,0.0,0.0,0.0,0.0,0.0,0.0,0.0,0.0,0.0,0.0,0.0,0.0,0.0,0.0,0.0,0.0,0.0,0.0,0.0,0.0,0.0,0.0,0.0,0.0,0.0,0.0,0.0,0.0,0.0,0.0,0.0,0.0,0.0,0.0,0.0,0.0,0.0,0.0,0.0,0.0,0.0,0.0,0.0,0.0,0.0,0.0,0.0,0.0,0.0,0.0,0.0,0.0,0.0,0.0,0.01948048,0.0,0.0,0.0,0.0,0.0,0.0,0.0,0.0,0.0,0.0,0.0,0.0,0.0,0.0,0.0,0.0,0.0,0.0,0.0,0.0,0.0,0.0,0.0,0.0,0.0,0.0,0.0,0.0,0.0,0.0,0.0,0.0,0.0,0.0,0.0,0.0,0.0,0.0,0.0,0.0,0.0,0.0,0.0,0.0,0.0,0.0,0.0,0.0,0.0,0.0
k__Bacteria|p__Bacteroidetes|c__Bacteroidia|o__Bacteroidales|f__Prevotellaceae|g__Prevotella|s__stercorea,0.0,0.0,0.0,0.0,0.0,0.0,0.0,0.0,0.0,0.0,0.0,0.0,0.0,0.0,0.0,0.0,0.0,0.0,0.0,0.0,0.0,0.0,0.0,0.0,0.0,0.0,0.0,0.0,0.0,0.0,0.0,0.0,0.0,0.0,0.0,0.0,0.0,0.0,0.0,0.0,0.0,0.0,0.0,0.0,0.0,0.0,0.0,0.0,0.0,0.0,0.0,0.0,0.0,0.0,0.0,0.0,0.0,0.0,0.0,0.0,0.0,0.0,0.0,0.0,0.0,0.0,0.0,0.0,0.0,0.0,0.0,0.0,0.0,0.0,0.0,0.0,0.0,0.0,0.0,0.0,0.0,0.0,0.0,0.0,0.0,0.0,0.0,0.0,0.0,0.0,0.0,0.0,0.0,0.0,0.0,0.0,0.0,0.0,0.0,0.0,0.0,0.0,0.0,0.0,0.0,0.0,0.0,0.0,0.0,0.0,0.0,0.0,0.0,0.0,0.0,0.0,0.0,0.0,0.0,0.0,0.0,0.0,0.0,0.0,0.0,0.0,0.0,0.0,0.0,0.0,0.0,0.0,0.0,0.0,0.0,0.0,0.0,0.0,0.0,0.0,0.0,0.0,0.0,0.0,0.0
k__Bacteria|p__Bacteroidetes|c__Bacteroidia|o__Bacteroidales|f__[Paraprevotellaceae]|g__[Prevotella]|s__unclassified,0.0,0.0,0.0,0.0,0.0,0.0,0.0,0.0,0.0,0.0,0.0,0.0,0.0,0.0,0.0,0.0,0.0,0.0,0.0,0.0,0.0,0.0,0.0,0.0,0.0,0.0,0.0,0.0,0.0,0.0,0.0,0.0,0.0,0.0,0.0,0.0,0.0,0.022712022,0.0,0.0,0.0,0.0,0.0,0.0,0.0,0.0,0.0,0.0,0.0,0.0,0.0,0.0,0.0,0.0,0.0,0.0,0.0,0.0,0.0,0.0,0.0,0.0,0.0,0.0,0.0,0.0,0.0,0.0,0.0,0.0,0.0,0.0,0.0,0.0,0.0,0.0,0.0,0.0,0.0,0.0,0.0,0.0,0.0,0.0,0.0,0.0,0.0,0.0,0.0,0.0,0.0,0.0,0.0,0.0,0.0,0.0,0.0,0.0,0.0,0.0,0.0,0.0,0.0,0.0,0.0,0.0,0.0,0.0,0.0,0.0,0.0,0.0,0.0,0.0,0.0,0.0,0.0,0.0,0.0,0.0,0.0,0.0,0.0,0.0,0.0,0.0,0.0,0.0,0.0,0.0,0.0,0.0,0.0,0.0,0.0,0.0,0.0,0.0,0.0,0.0,0.0,0.0,0.0,0.0,0.0
k__Bacteria|p__Bacteroidetes|c__Bacteroidia|o__Bacteroidales|f__[Odoribacteraceae]|g__Butyricimonas|s__unclassified,0.0,0.0,0.0,0.0,0.0,0.0,0.0,0.0,0.0,0.0,0.0,0.0,0.0,0.0,0.0,0.0,0.0,0.0,0.0,0.0,0.0,0.0,0.0,0.0,0.0,0.0,0.0,0.0,0.0,0.0,0.0,0.0,0.0,0.0,0.0,0.0,0.0,0.0,0.0,0.0,0.0,0.0,0.0,0.0,0.0,0.0,0.0,0.0,0.0,0.0,0.0,0.0,0.0,0.0,0.0,0.0,0.0,0.0,0.0,0.0,0.0,0.0,0.0,0.0,0.0,0.0,0.0,0.0,0.0,0.0,0.0,0.0,0.0,0.0,0.0,0.0,0.0,0.0,0.0,0.0,0.0,0.0,0.0,0.0,0.0,0.0,0.0,0.0,0.0,0.0,0.0,0.0,0.0,0.0,0.0,0.0,0.0,0.0,0.0,0.0,0.0,0.0,0.0,0.0,0.0,0.0,0.0,0.0,0.0,0.0,0.0,0.0,0.0,0.0,0.0,0.0,0.0,0.0,0.0,0.0,0.0,0.0,0.0,0.0,0.0,0.0,0.0,0.0,0.0,0.0,0.0,0.0,0.0,0.0,0.0,0.0,0.0,0.0,0.0,0.0,0.0,0.0,0.0,0.0,0.0
k__Bacteria|p__Bacteroidetes|c__Bacteroidia|o__Bacteroidales|f__Bacteroidaceae|g__Bacteroides|s__plebeius,0.0,0.0,0.0,0.0,0.0,0.0,0.0,0.0,0.0,0.0,0.0,0.0,0.0,0.0,0.0,0.0,0.0,0.0,0.0,0.0,0.0,0.0,0.0,0.0,0.0,0.0,0.0,0.0,0.0,0.0,0.0,0.0,0.0,0.0,0.0,0.0,0.0,0.0,0.0,0.0,0.0,0.0,0.0,0.0,0.0,0.0,0.0,0.0,0.0,0.0,0.0,0.0,0.0,0.0,0.0,0.0,0.0,0.0,0.0,0.0,0.0,0.0,0.0,0.0,0.0,0.0,0.0,0.0,0.0,0.0,0.0,0.030454993,0.0,0.0,0.0,0.0,0.0,0.0,0.0,0.0,0.0,0.0,0.0,0.0,0.0,0.0,0.0,0.03058421,0.0,0.0,0.0,0.0,0.0,0.0,0.0,0.0,0.0,0.0,0.0,0.0,0.0,0.0,0.0,0.0,0.0,0.0,0.0,0.0,0.0,0.0,0.0,0.0,0.0,0.0,0.0,0.0,0.0,0.0,0.0,0.0,0.0,0.0,0.0,0.0,0.0,0.0,0.0,0.0,0.0,0.0,0.0,0.0,0.0,0.0,0.0,0.0,0.0,0.0,0.0,0.0,0.0,0.0,0.0,0.0,0.0
k__Bacteria|p__Bacteroidetes|c__Bacteroidia|o__Bacteroidales|f__S24-7|g__unclassified|s__unclassified,0.0,0.0,0.0,0.0,0.0,0.0,0.0,0.0,0.0,0.0,0.0,0.0,0.0,0.0,0.0,0.0,0.0,0.0,0.0,0.0,0.0,0.025200889,0.0,0.0,0.0,0.0,0.0,0.0,0.0,0.0,0.0,0.0,0.0,0.0,0.0,0.0,0.0,0.019714113,0.0,0.0,0.0,0.0,0.0,0.0,0.0,0.0,0.0,0.0,0.0,0.0,0.0,0.0,0.0,0.0,0.0,0.0,0.0,0.0,0.0,0.0,0.0,0.0,0.0,0.0,0.0,0.0,0.0,0.0,0.0,0.0,0.0,0.0,0.0,0.0,0.0,0.0,0.0,0.0,0.0,0.0,0.0,0.0,0.0,0.0,0.0,0.0,0.0,0.0,0.0,0.0,0.0,0.0,0.0,0.0,0.0,0.0,0.0,0.0,0.0,0.0,0.0,0.0,0.0,0.0,0.0,0.0,0.0,0.0,0.0,0.0,0.0,0.0,0.0,0.0,0.0,0.0,0.0,0.0,0.0,0.0,0.0,0.0,0.02705399,0.0,0.0,0.0,0.0,0.0,0.0,0.0,0.0,0.0,0.0,0.0,0.0,0.0,0.0,0.0,0.0,0.0,0.0,0.0,0.0,0.0,0.0
k__Bacteria|p__Bacteroidetes|c__Bacteroidia|o__Bacteroidales|f__Bacteroidaceae|g__Bacteroides|s__ovatus,0.0,0.024889462,0.025035977,0.02619574,0.025616905,0.024734074,0.023568707,0.026500985,0.026572628,0.025727892,0.02646079,0.0,0.025192836,0.026017223,0.024828302,0.0,0.0,0.025759855,0.02488982,0.026029723,0.0,0.0,0.024928944,0.025955437,0.025871754,0.0,0.024896415,0.0,0.028810613,0.026997903,0.0,0.0,0.025144255,0.025880076,0.0258605,0.0,0.025113946,0.0,0.02666688,0.028060757,0.0,0.024944235,0.026243912,0.026440447,0.025709579,0.0248076,0.0,0.025247144,0.027207697,0.025680656,0.0,0.025216712,0.0,0.026012609,0.029095618,0.0,0.0,0.025121246,0.026545303,0.02597468,0.037239995,0.037239995,0.025022617,0.026404189,0.02566038,0.0,0.024890084,0.025378212,0.026384845,0.02570582,0.0,0.0,0.025727589,0.025336359,0.025606167,0.0,0.027164213,0.02602284,0.025022943,0.025728336,0.0,0.025059292,0.024969012,0.02494372,0.02589231,0.025966091,0.026395092,0.0,0.026076814,0.029196983,0.024709495,0.025191145,0.026122821,0.025492594,0.025332786,0.044120807,0.024891732,0.025941355,0.025992233,0.025635023,0.0,0.0,0.025652412,0.025919888,0.025817117,0.0,0.024966886,0.024939135,0.025030913,0.026684165,0.02579554,0.025019318,0.025921524,0.025448639,0.026851093,0.0,0.0,0.032042615,0.027427156,0.027635325,0.0,0.0,0.0,0.02839428,0.026778946,0.039284434,0.0,0.025050364,0.025751313,0.025947135,0.0,0.02700357,0.025239235,0.027911963,0.026964918,0.025229948,0.0,0.0,0.025523454,0.027556205,0.0,0.02515934,0.021857202,0.026035618,0.029368283
k__Bacteria|p__Bacteroidetes|c__Bacteroidia|o__Bacteroidales|f__[Paraprevotellaceae]|g__Paraprevotella|s__unclassified,0.0,0.0,0.0,0.0,0.0,0.0,0.0,0.0,0.0,0.0,0.0,0.0,0.0,0.0,0.0,0.0,0.0,0.0,0.0,0.0,0.0,0.02436369,0.0,0.0,0.0,0.0,0.0,0.0,0.0,0.0,0.0,0.0,0.0,0.0,0.0,0.0,0.0,0.0,0.0,0.0,0.0,0.0,0.0,0.0,0.0,0.0,0.0,0.0,0.0,0.0,0.0,0.0,0.0,0.0,0.0,0.0,0.0,0.0,0.0,0.0,0.0,0.0,0.0,0.0,0.0,0.0,0.0,0.0,0.0,0.0,0.0,0.0,0.0,0.0,0.0,0.0,0.0,0.0,0.0,0.0,0.0,0.0,0.0,0.0,0.0,0.0,0.0,0.0,0.0,0.0,0.0,0.0,0.0,0.0,0.0,0.0,0.0,0.0,0.0,0.0,0.0,0.0,0.0,0.0,0.0,0.0,0.0,0.0,0.0,0.0,0.0,0.0,0.0,0.0,0.0,0.0,0.0,0.0,0.0,0.0,0.0,0.0,0.030479318,0.0,0.0,0.0,0.0,0.0,0.0,0.0,0.0,0.0,0.0,0.0,0.0,0.0,0.0,0.0277349,0.0,0.0,0.0,0.0,0.0,0.0,0.0
k__Bacteria|p__Bacteroidetes|c__Bacteroidia|o__Bacteroidales|f__[Barnesiellaceae]|g__unclassified|s__unclassified,0.0,0.0,0.0,0.0,0.02028819,0.0,0.0,0.0,0.0,0.020234728,0.0,0.0,0.0,0.0,0.020112893,0.0,0.0,0.0,0.0,0.019983556,0.0,0.0,0.0,0.0,0.020030458,0.0,0.0,0.0,0.0,0.0,0.0,0.0,0.0,0.0,0.02005512,0.0,0.0,0.021724952,0.0,0.019526565,0.0,0.0,0.0,0.020150121,0.020382822,0.0,0.0,0.0,0.0,0.020221274,0.0,0.0,0.0,0.0,0.0,0.04214559,0.025392788,0.0,0.0,0.020105954,0.0,0.0,0.0,0.0,0.020391634,0.0,0.0,0.0,0.02028578,0.020249449,0.0,0.030119807,0.0,0.0,0.020281328,0.0,0.019203393,0.0,0.019688612,0.02027441,0.0,0.0,0.0,0.019579353,0.02008092,0.0,0.0,0.0,0.0,0.019488018,0.0,0.0,0.0,0.020027403,0.019857721,0.0,0.0,0.0,0.0,0.02038136,0.0,0.0,0.0,0.0,0.020179732,0.0,0.0,0.0,0.019510906,0.02029892,0.0,0.0,0.0,0.0199937,0.02009058,0.0,0.0,0.0,0.0,0.019154614,0.0,0.0,0.0,0.0,0.019196834,0.0,0.0,0.0,0.0,0.020035742,0.0,0.0,0.0,0.0,0.020036394,0.0,0.0,0.0,0.01961678,0.01920723,0.0,0.0,0.0,0.019280937,0.0
k__Bacteria|p__Bacteroidetes|c__Bacteroidia|o__Bacteroidales|f__Bacteroidaceae|g__Bacteroides|s__uniformis,0.0,0.02470342,0.024724005,0.025919706,0.025505828,0.024270793,0.024892565,0.026568515,0.026396958,0.025584001,0.025847413,0.0,0.024998104,0.025977511,0.02475502,0.0,0.0,0.025578158,0.024507152,0.025767434,0.0,0.0,0.024774387,0.025809499,0.025597775,0.0,0.02429966,0.0,0.028567588,0.02687648,0.0,0.0,0.02491955,0.025915874,0.025639111,0.06707671,0.024830133,0.020658156,0.02667391,0.027894055,0.06290609,0.024428094,0.02612205,0.026362652,0.025614042,0.024235517,0.0,0.024973147,0.027030012,0.025495436,0.0,0.024930423,0.0,0.026169335,0.02874509,0.043992326,0.025457261,0.024668347,0.026289335,0.025856515,0.0,0.0,0.024868662,0.026278714,0.025565928,0.0,0.024613429,0.025321426,0.026299288,0.02557452,0.0,0.0,0.025626738,0.025314393,0.025424866,0.0,0.02711229,0.025709772,0.025014102,0.025610518,0.0,0.024639998,0.024668831,0.024877865,0.025746845,0.025633143,0.026148278,0.0,0.02602558,0.028914366,0.02404963,0.024325563,0.025873179,0.02543912,0.025291778,0.044101465,0.024499273,0.025690936,0.025688276,0.025515812,0.05940651,0.04422512,0.02555664,0.02600593,0.025670815,0.0,0.024742916,0.024634955,0.024869924,0.026515888,0.025467519,0.024799269,0.025901308,0.025393825,0.026599307,0.0,0.0,0.0,0.027277838,0.027350472,0.030853588,0.02622182,0.0,0.028006228,0.026600327,0.03886677,0.0,0.02488505,0.02580816,0.025780203,0.056016117,0.026588008,0.024563229,0.027450696,0.026689652,0.024885774,0.0,0.0,0.025819313,0.027149098,0.0,0.024951708,0.0,0.026175728,0.028877467
k__Bacteria|p__Bacteroidetes|c__Bacteroidia|o__Bacteroidales|f__Bacteroidaceae|g__unclassified|s__unclassified,0.0,0.0,0.0,0.0,0.0,0.0,0.024306593,0.0,0.0,0.0,0.0,0.0,0.0,0.0,0.0,0.0,0.029433817,0.0,0.0,0.0,0.0,0.0,0.0,0.0,0.0,0.0,0.0,0.0,0.0,0.0,0.0,0.0,0.0,0.0,0.0,0.06632477,0.0,0.019401541,0.0,0.0,0.061656315,0.0,0.0,0.0,0.0,0.0,0.0,0.0,0.0,0.0,0.054645598,0.0,0.0,0.0,0.0,0.04210019,0.025171733,0.0,0.0,0.0,0.0,0.0,0.0,0.0,0.0,0.0,0.0,0.0,0.0,0.0,0.06152897,0.0,0.0,0.0,0.0,0.0,0.0,0.0,0.0,0.0,0.0,0.0,0.0,0.0,0.0,0.0,0.0,0.0,0.0,0.0,0.0,0.0,0.0,0.0,0.0,0.0,0.0,0.0,0.0,0.0,0.057894517,0.0,0.0,0.0,0.0,0.0,0.0,0.0,0.0,0.0,0.0,0.0,0.0,0.0,0.0,0.0,0.0,0.031794447,0.0,0.0,0.03152222,0.029342711,0.027306996,0.0,0.0,0.038681142,0.04020883,0.0,0.0,0.0,0.05456158,0.0,0.0,0.0,0.0,0.0,0.0,0.0,0.0,0.0,0.0,0.0,0.021843307,0.0,0.0
k__Bacteria|p__Bacteroidetes|c__Bacteroidia|o__Bacteroidales|f__Prevotellaceae|g__Prevotella|s__copri,0.0,0.022994319,0.023177732,0.024468733,0.024106028,0.023169052,0.0,0.02431614,0.024458252,0.024130836,0.024430871,0.0,0.02298253,0.024242822,0.023479804,0.0,0.0,0.023460945,0.023130719,0.024198975,0.0,0.0,0.022913152,0.024184303,0.024143735,0.0,0.022852035,0.0,0.025818914,0.02499523,0.0,0.0,0.023011541,0.02421576,0.024124622,0.0,0.023130456,0.027188005,0.024534885,0.025422003,0.0,0.022962118,0.024353264,0.02465046,0.024126016,0.023179645,0.0,0.02312047,0.025025122,0.024116073,0.0,0.023188183,0.0,0.024267463,0.02597745,0.0,0.024841173,0.022946736,0.024421927,0.024262354,0.0,0.0,0.022956494,0.024405347,0.024119813,0.0,0.022990586,0.023637379,0.024614817,0.024108188,0.0,0.033697926,0.023604725,0.023729566,0.024048721,0.0,0.02463679,0.024110293,0.023539416,0.024118867,0.0,0.022983225,0.023147987,0.023470065,0.024180682,0.024299849,0.024337094,0.025804825,0.024167053,0.02609683,0.02314899,0.022980174,0.024229512,0.023960607,0.023721086,0.0,0.022920392,0.024109121,0.02433265,0.02407536,0.057971213,0.0,0.023504663,0.024263697,0.024149174,0.0,0.022992909,0.023172913,0.023483733,0.024795212,0.02415894,0.023129812,0.024216676,0.0239675,0.024830546,0.0,0.0,0.0,0.025039457,0.024963725,0.0,0.0,0.030148461,0.02522356,0.024417061,0.0,0.0,0.022904681,0.024152571,0.024223924,0.0,0.024645401,0.023131888,0.02534989,0.024862353,0.023671094,0.0,0.035532054,0.023875592,0.024889017,0.0,0.023142418,0.0,0.024053413,0.02602931
k__Bacteria|p__Bacteroidetes|c__Bacteroidia|o__Bacteroidales|f__Prevotellaceae|g__Prevotella|s__unclassified,0.0,0.028012319,0.028073693,0.02882134,0.027850403,0.027243143,0.0,0.03030269,0.029940633,0.02799927,0.029576596,0.0,0.028739423,0.028903566,0.026778467,0.0,0.0,0.029563898,0.027901834,0.02850927,0.0,0.0,0.0285358,0.02882711,0.02826512,0.034148224,0.028456932,0.0,0.033453308,0.030179895,0.0,0.0,0.028772896,0.028600978,0.028241873,0.0,0.028301697,0.02542773,0.030288843,0.0321291,0.0,0.028444672,0.029391235,0.029218148,0.027943488,0.02745558,0.051458325,0.029120108,0.030694125,0.027944366,0.0,0.0285491,0.0,0.029078074,0.03371031,0.0,0.0,0.028970312,0.02993859,0.028432574,0.037497647,0.037497647,0.028654153,0.029740542,0.027855167,0.0,0.028088761,0.028128115,0.029058851,0.02798504,0.0,0.06283683,0.029389627,0.028220499,0.027778566,0.0,0.03104601,0.02901041,0.027373357,0.028004909,0.041863248,0.028434522,0.02789828,0.027276117,0.02831097,0.028666683,0.03003178,0.027769156,0.02914234,0.03387908,0.027426096,0.029026078,0.029243477,0.027888471,0.027659152,0.044111136,0.028313508,0.029115455,0.028485097,0.02781361,0.058212254,0.0,0.029333765,0.028633658,0.028152073,0.0,0.028178958,0.027910229,0.027408848,0.029382711,0.028444435,0.028324611,0.028707767,0.027822766,0.029688431,0.0,0.04295825,0.0,0.031194754,0.031507857,0.0,0.0,0.050817203,0.033240534,0.03023994,0.0,0.0,0.028580837,0.028450094,0.028400911,0.0,0.030557536,0.028633036,0.031611294,0.029877802,0.027828028,0.0,0.028774157,0.028465956,0.03130594,0.0,0.02848186,0.0,0.029344661,0.03423195
k__Bacteria|p__Bacteroidetes|c__Bacteroidia|o__Bacteroidales|f__Porphyromonadaceae|g__Parabacteroides|s__unclassified,0.0,0.0,0.0,0.0,0.0,0.0,0.024357233,0.0,0.0,0.0,0.0,0.077428594,0.0,0.0,0.0,0.0,0.0,0.0,0.0,0.0,0.0,0.024276074,0.0,0.0,0.0,0.034072742,0.0,0.0,0.0,0.0,0.04432863,0.0,0.0,0.0,0.0,0.0,0.0,0.0,0.0,0.0,0.0,0.0,0.0,0.0,0.0,0.0,0.0,0.0,0.0,0.0,0.0,0.0,0.0,0.0,0.0,0.0,0.024933279,0.0,0.0,0.0,0.03861182,0.03861182,0.0,0.0,0.0,0.0,0.0,0.0,0.0,0.0,0.0,0.03076504,0.0,0.0,0.0,0.0,0.0,0.0,0.0,0.0,0.0,0.0,0.0,0.0,0.0,0.0,0.0,0.0,0.0,0.0,0.0,0.0,0.0,0.0,0.0,0.0,0.0,0.0,0.0,0.0,0.0,0.0,0.0,0.0,0.0,0.0,0.0,0.0,0.0,0.0,0.0,0.0,0.0,0.0,0.0,0.0,0.0,0.0,0.0,0.0,0.03352811,0.026409071,0.027015064,0.0,0.0,0.03890474,0.0,0.0,0.0,0.0,0.0,0.0,0.0,0.0,0.0,0.0,0.0,0.0,0.0,0.0,0.0,0.0,0.0,0.0,0.0
k__Bacteria|p__Bacteroidetes|c__Bacteroidia|o__Bacteroidales|f__Bacteroidaceae|g__Bacteroides|s__unclassified,0.0,0.021680102,0.021061825,0.0,0.0,0.021222027,0.07018591,0.02055154,0.019858265,0.0,0.020055126,0.0444496,0.021391647,0.021100182,0.0,0.0,0.04847271,0.02156605,0.02148779,0.0,0.05593181,0.025784984,0.0220589,0.021569781,0.0,0.0,0.022224808,0.0,0.0,0.0,0.042742692,0.04432019,0.021403067,0.02131123,0.0,0.1145527,0.021137502,0.02553656,0.01962456,0.0,0.105548464,0.021993782,0.020615743,0.0,0.0,0.021170463,0.0,0.02130847,0.0,0.0,0.09171874,0.02088168,0.061602246,0.021188809,0.0,0.058449708,0.06256492,0.021869093,0.020011974,0.0,0.04002517,0.04002517,0.021829547,0.020210022,0.0,0.0,0.021787044,0.021291602,0.0,0.0,0.091712534,0.03351916,0.02129982,0.021233426,0.0,0.0,0.0,0.021703048,0.0,0.0,0.0,0.021639926,0.021180855,0.0196388,0.0,0.020987635,0.020808807,0.033997677,0.021413378,0.0,0.021548845,0.02179014,0.021238465,0.0,0.0,0.057958573,0.022009179,0.021874081,0.020785363,0.0,0.08674291,0.08705018,0.021612331,0.021094043,0.0,0.0,0.021594625,0.021238692,0.019522417,0.0,0.021616183,0.021331888,0.021345582,0.0,0.0,0.0,0.0,0.06338454,0.0,0.0,0.04189082,0.054831617,0.044239014,0.0,0.0,0.04749006,0.066751994,0.021784998,0.02172809,0.0,0.10051244,0.021314863,0.021087678,0.0,0.0,0.021380564,0.04723435,0.02926943,0.02037376,0.0,0.0,0.021008335,0.043224398,0.019287564,0.0
k__Bacteria|p__Bacteroidetes|c__Bacteroidia|o__Bacteroidales|f__Rikenellaceae|g__unclassified|s__unclassified,0.0,0.0,0.0,0.0,0.0,0.0,0.0,0.0,0.0,0.0,0.0,0.0,0.0,0.0,0.0,0.0,0.0,0.0,0.0,0.0,0.07043338,0.024081375,0.0,0.0,0.0,0.0,0.0,0.0,0.0,0.0,0.0,0.0,0.0,0.0,0.0,0.0,0.0,0.021058047,0.0,0.0,0.0,0.0,0.0,0.0,0.0,0.0,0.0,0.0,0.0,0.0,0.0,0.0,0.0,0.0,0.0,0.0,0.024851406,0.0,0.0,0.0,0.0,0.0,0.0,0.0,0.0,0.0,0.0,0.0,0.0,0.0,0.0,0.0,0.0,0.0,0.0,0.0,0.0,0.0,0.0,0.0,0.0,0.0,0.0,0.0,0.0,0.0,0.0,0.0,0.0,0.0,0.0,0.0,0.0,0.0,0.0,0.0,0.0,0.0,0.0,0.0,0.0,0.0,0.0,0.0,0.0,0.0,0.0,0.0,0.0,0.0,0.0,0.0,0.0,0.0,0.0,0.0,0.0,0.0,0.0,0.0,0.0,0.0,0.026995601,0.0,0.0,0.038790833,0.0,0.0,0.0,0.0,0.0,0.0,0.0,0.0,0.0,0.0,0.0,0.0,0.0,0.0,0.0,0.0,0.029416878,0.0,0.0
k__Bacteria|p__Bacteroidetes|c__Bacteroidia|o__Bacteroidales|f__Porphyromonadaceae|g__Parabacteroides|s__distasonis,0.0,0.0,0.0,0.0,0.0,0.0,0.02411127,0.0,0.0,0.0,0.0,0.0,0.0,0.0,0.0,0.0,0.0,0.0,0.0,0.0,0.0,0.024061907,0.0,0.0,0.0,0.0,0.0,0.0,0.0,0.0,0.042291775,0.0,0.0,0.0,0.0,0.0,0.0,0.019795103,0.0,0.0,0.07282932,0.0,0.0,0.0,0.0,0.0,0.0,0.0,0.0,0.0,0.0,0.0,0.0,0.0,0.0,0.0,0.027080383,0.0,0.0,0.0,0.045140903,0.045140903,0.0,0.0,0.0,0.0,0.0,0.0,0.0,0.0,0.0,0.0,0.0,0.0,0.0,0.0,0.0,0.0,0.0,0.0,0.0,0.0,0.0,0.0,0.0,0.0,0.0,0.0,0.0,0.0,0.0,0.0,0.0,0.0,0.0,0.0,0.0,0.0,0.0,0.0,0.06176763,0.0,0.0,0.0,0.0,0.0,0.0,0.0,0.0,0.0,0.0,0.0,0.0,0.0,0.0,0.0,0.0,0.0,0.0,0.0,0.033295542,0.026884409,0.02724861,0.0,0.0,0.041237753,0.0,0.0,0.0,0.0,0.0,0.0,0.0,0.0,0.0,0.0,0.0,0.0,0.0,0.0,0.0,0.0,0.0,0.0,0.0
k__Bacteria|p__Bacteroidetes|c__Bacteroidia|o__Bacteroidales|f__Bacteroidaceae|g__Bacteroides|s__fragilis,0.0,0.026610203,0.026568826,0.026998224,0.025936158,0.026013372,0.0235253,0.02816119,0.027749492,0.025968404,0.027579563,0.0,0.027087653,0.027250798,0.025237205,0.04525862,0.0,0.027794896,0.0265015,0.026174175,0.0,0.024052171,0.027075943,0.027262397,0.026141737,0.0,0.027052557,0.03002063,0.029722903,0.027989095,0.07021652,0.07190566,0.027117508,0.027044967,0.02612851,0.0,0.02672102,0.02053414,0.027946506,0.028595626,0.0,0.027002487,0.027517116,0.02700852,0.025896357,0.026167987,0.0,0.027402434,0.028326655,0.025977597,0.0,0.026873494,0.0,0.027397452,0.029518103,0.04718037,0.024958864,0.02735501,0.027789796,0.026066286,0.052813444,0.052813444,0.027130907,0.027704732,0.025861302,0.0,0.026673611,0.026669627,0.026917301,0.025983512,0.0,0.03001087,0.0275959,0.026761165,0.025936855,0.0,0.028165719,0.02740334,0.025669415,0.02597159,0.0,0.02690989,0.02644295,0.025711399,0.026101386,0.027102329,0.028032897,0.026375499,0.027448399,0.029461345,0.0262217,0.02738066,0.027524378,0.026216397,0.025485987,0.047418278,0.026909752,0.027592272,0.026878007,0.025890375,0.0,0.0,0.027624467,0.027033346,0.026024189,0.0,0.02672001,0.026467856,0.025775362,0.026767721,0.027073229,0.026796808,0.027146064,0.026199076,0.026917042,0.17966557,0.04711938,0.045420513,0.028594866,0.027922148,0.03659993,0.030240571,0.0,0.029526629,0.027095102,0.0753048,0.0,0.027050667,0.027034823,0.026114263,0.0627414,0.028485436,0.026979744,0.028352877,0.026966983,0.026544113,0.0,0.0,0.026751278,0.027908633,0.0,0.026870545,0.0278299,0.027134622,0.029716846
k__Bacteria|p__Proteobacteria|c__Gammaproteobacteria|o__Pseudomonadales|f__Moraxellaceae|g__Acinetobacter|s__unclassified,0.0,0.0,0.0,0.0,0.0,0.0,0.0,0.0,0.0,0.0,0.0,0.0,0.0,0.0,0.0,0.04508103,0.0,0.0,0.0,0.0,0.0,0.0,0.0,0.0,0.0,0.0,0.0,0.0,0.0,0.0,0.040948972,0.0,0.0,0.0,0.0,0.0,0.0,0.0,0.0,0.0,0.0,0.0,0.0,0.0,0.0,0.0,0.0,0.0,0.0,0.0,0.0,0.0,0.0,0.0,0.0,0.0,0.0,0.0,0.0,0.0,0.0,0.0,0.0,0.0,0.0,0.0,0.0,0.0,0.0,0.0,0.0,0.0,0.0,0.0,0.0,0.0,0.0,0.0,0.0,0.0,0.0,0.0,0.0,0.0,0.0,0.0,0.0,0.0,0.0,0.0,0.0,0.0,0.0,0.0,0.0,0.0,0.0,0.0,0.0,0.0,0.0,0.0,0.0,0.0,0.0,0.0,0.0,0.0,0.0,0.0,0.0,0.0,0.0,0.0,0.0,0.0,0.0,0.0,0.0,0.0,0.0,0.0,0.0,0.0,0.0,0.0,0.0,0.0,0.0,0.0,0.0,0.0,0.0,0.0,0.0,0.0,0.04019701,0.0,0.0,0.0,0.0,0.0,0.0,0.0,0.0
k__Bacteria|p__Proteobacteria|c__Gammaproteobacteria|o__Enterobacteriales|f__Enterobacteriaceae|g__Erwinia|s__unclassified,0.0,0.02326072,0.02347856,0.024745699,0.024342665,0.02347207,0.0,0.024600737,0.024773274,0.024393018,0.024859158,0.0,0.023260294,0.024502918,0.02370365,0.0,0.0,0.023762712,0.023434386,0.02450087,0.0,0.0,0.023225153,0.024401162,0.024439642,0.0,0.023273427,0.0,0.026264636,0.025306731,0.0,0.0,0.023338895,0.024422927,0.024418008,0.0,0.023420673,0.0,0.024809983,0.02584004,0.0,0.023335781,0.024635844,0.024957111,0.024368444,0.02353209,0.0,0.023468154,0.025332825,0.024395766,0.0,0.023520347,0.0,0.024485284,0.026494324,0.041991364,0.0,0.023301968,0.024755443,0.024543658,0.0,0.0,0.023250706,0.024727384,0.024359886,0.05107021,0.023289261,0.023866456,0.02487656,0.02437239,0.0,0.0,0.02389176,0.023992505,0.024293926,0.0,0.024986139,0.02440348,0.023762342,0.02438159,0.0,0.023295293,0.023422679,0.023684166,0.024467187,0.024642425,0.024668122,0.0,0.024376871,0.026601478,0.023514982,0.02337811,0.024532557,0.024195505,0.023991019,0.0,0.023286523,0.024421597,0.024592215,0.024313593,0.0,0.0,0.023809813,0.024473634,0.024428457,0.0,0.023286628,0.023457168,0.023729984,0.025113188,0.024490071,0.023415266,0.024435831,0.02420215,0.02518049,0.0,0.0,0.03179114,0.025325987,0.025418093,0.0,0.0,0.0,0.02573512,0.024800692,0.0,0.0,0.023172582,0.024367439,0.024519512,0.0,0.024988579,0.023538241,0.025817754,0.025214825,0.02400895,0.0,0.0,0.024052327,0.02530999,0.0,0.023449086,0.0,0.02427558,0.026582733
k__Bacteria|p__Proteobacteria|c__Gammaproteobacteria|o__Aeromonadales|f__unclassified|g__unclassified|s__unclassified,0.0,0.0,0.0,0.0,0.0,0.0,0.02356147,0.0,0.0,0.0,0.0,0.0,0.0,0.0,0.0,0.0,0.0,0.0,0.0,0.0,0.0,0.0,0.0,0.0,0.0,0.0,0.0,0.0,0.0,0.0,0.0,0.0,0.0,0.0,0.0,0.0,0.0,0.0,0.0,0.0,0.0,0.0,0.0,0.0,0.0,0.0,0.0,0.0,0.0,0.0,0.0,0.0,0.0,0.0,0.0,0.0,0.0,0.0,0.0,0.0,0.0,0.0,0.0,0.0,0.0,0.05112651,0.0,0.0,0.0,0.0,0.0,0.0,0.0,0.0,0.0,0.0,0.0,0.0,0.0,0.0,0.0,0.0,0.0,0.0,0.0,0.0,0.0,0.0,0.0,0.0,0.0,0.0,0.0,0.0,0.0,0.0,0.0,0.0,0.0,0.0,0.0,0.0,0.0,0.0,0.0,0.0,0.0,0.0,0.0,0.0,0.0,0.0,0.0,0.0,0.0,0.0,0.0,0.0,0.0,0.0,0.0,0.0,0.0,0.0,0.0,0.0,0.0,0.0,0.0,0.0,0.0,0.0,0.0,0.0,0.0,0.0,0.0,0.0,0.0,0.0,0.0,0.0,0.0,0.0,0.0
k__Bacteria|p__Proteobacteria|c__Gammaproteobacteria|o__Pasteurellales|f__Pasteurellaceae|g__Aggregatibacter|s__unclassified,0.0,0.022527296,0.022627868,0.024052074,0.023956744,0.022548854,0.0,0.023923209,0.024018638,0.023973843,0.023700532,0.0,0.0225082,0.023914825,0.02333286,0.0,0.0,0.022856431,0.022546722,0.024004484,0.0,0.0,0.022307899,0.023816166,0.023909673,0.0,0.022046698,0.0,0.025416613,0.024739925,0.0,0.0,0.022470284,0.02397311,0.02389118,0.0,0.02272609,0.0,0.02418419,0.025186647,0.0,0.022210926,0.02391216,0.024324227,0.024060223,0.02248203,0.0,0.022426868,0.024580745,0.023922713,0.0,0.022724845,0.0,0.024014834,0.025602942,0.0,0.0,0.022208385,0.023927465,0.024137557,0.0,0.0,0.022355042,0.023903936,0.024029087,0.0,0.022485834,0.023294754,0.02435142,0.02395528,0.0,0.0,0.023117969,0.023275755,0.023862988,0.0,0.024394417,0.02365536,0.02331183,0.023990741,0.0,0.022385977,0.022664126,0.023175357,0.024016868,0.023705475,0.023801815,0.0,0.023912812,0.025837883,0.022329751,0.02205329,0.023716236,0.02366164,0.023633765,0.0,0.02222184,0.023436664,0.023903154,0.023976652,0.0,0.0,0.022942096,0.024065752,0.023984673,0.0,0.022476614,0.0226513,0.023179807,0.024601018,0.023488747,0.022590224,0.023921145,0.023673479,0.024593838,0.0,0.0,0.0,0.024720976,0.024656188,0.0,0.0,0.0,0.024582997,0.024258412,0.0,0.0,0.022369688,0.023857407,0.024040386,0.0,0.024220968,0.022353789,0.024754489,0.024647051,0.023018127,0.0,0.0,0.023749031,0.024579234,0.0,0.022637302,0.02167377,0.023913212,0.025634738
k__Bacteria|p__Proteobacteria|c__Gammaproteobacteria|o__Enterobacteriales|f__Enterobacteriaceae|g__Trabulsiella|s__unclassified,0.05088796,0.0,0.0,0.0,0.0,0.0,0.0,0.0,0.0,0.0,0.0,0.0,0.0,0.0,0.0,0.0,0.0,0.0,0.0,0.0,0.0,0.0,0.0,0.0,0.0,0.0,0.0,0.0,0.0,0.0,0.040304646,0.0,0.0,0.0,0.0,0.0,0.0,0.0,0.0,0.0,0.0,0.0,0.0,0.0,0.0,0.0,0.051607784,0.0,0.0,0.0,0.0,0.0,0.0,0.0,0.0,0.0,0.0,0.0,0.0,0.0,0.0,0.0,0.0,0.0,0.0,0.0,0.0,0.0,0.0,0.0,0.0,0.0,0.0,0.0,0.0,0.061571404,0.0,0.0,0.0,0.0,0.04271403,0.0,0.0,0.0,0.0,0.0,0.0,0.0,0.0,0.0,0.0,0.0,0.0,0.0,0.0,0.0,0.0,0.0,0.0,0.0,0.0,0.0,0.0,0.0,0.0,0.0,0.0,0.0,0.0,0.0,0.0,0.0,0.0,0.0,0.0,0.0,0.0,0.0,0.0,0.0,0.0,0.0,0.0,0.0,0.0,0.0,0.0,0.0,0.0,0.0,0.0,0.0,0.0,0.0,0.0,0.0,0.0,0.0,0.0,0.0,0.0,0.0,0.0,0.0,0.0
k__Bacteria|p__Proteobacteria|c__Gammaproteobacteria|o__Enterobacteriales|f__Enterobacteriaceae|g__Klebsiella|s__unclassified,0.0,0.0,0.0,0.0,0.0,0.0,0.0,0.0,0.0,0.0,0.0,0.0,0.0,0.0,0.0,0.0,0.0,0.0,0.0,0.0,0.0,0.0,0.0,0.0,0.0,0.0,0.0,0.0,0.0,0.0,0.040316805,0.0,0.0,0.0,0.0,0.0,0.0,0.0,0.0,0.0,0.0,0.0,0.0,0.0,0.0,0.0,0.05148925,0.0,0.0,0.0,0.0,0.0,0.0,0.0,0.0,0.042181645,0.0,0.0,0.0,0.0,0.0,0.0,0.0,0.0,0.0,0.05199507,0.0,0.0,0.0,0.0,0.0,0.0,0.0,0.0,0.0,0.061454423,0.0,0.0,0.0,0.0,0.04188079,0.0,0.0,0.0,0.0,0.0,0.0,0.0,0.0,0.0,0.0,0.0,0.0,0.0,0.0,0.0,0.0,0.0,0.0,0.0,0.0,0.0,0.0,0.0,0.0,0.0,0.0,0.0,0.0,0.0,0.0,0.0,0.0,0.0,0.0,0.0,0.0,0.0,0.0,0.0,0.0,0.0,0.0,0.0,0.0,0.0,0.0,0.0,0.0,0.0,0.0,0.0,0.0,0.0,0.0,0.0,0.0,0.0,0.0,0.0,0.0,0.0,0.0,0.0,0.0
k__Bacteria|p__Proteobacteria|c__Gammaproteobacteria|o__Enterobacteriales|f__Enterobacteriaceae|g__Citrobacter|s__unclassified,0.0,0.019198988,0.019377992,0.021004831,0.021025006,0.019722164,0.0,0.019863999,0.02034307,0.02100698,0.020309336,0.0,0.018832838,0.020663787,0.020766202,0.0,0.0,0.019094842,0.019289162,0.020857925,0.0,0.0,0.018655576,0.020583166,0.020872293,0.0,0.018474882,0.0,0.020569647,0.021037072,0.0,0.0,0.018809147,0.020838423,0.020890867,0.0,0.019217879,0.0,0.020195454,0.02056977,0.0,0.018630557,0.020453602,0.021037351,0.021065751,0.019570347,0.07538719,0.018516922,0.020796832,0.020982483,0.0,0.019108897,0.0,0.020501018,0.020672819,0.0,0.0,0.01838698,0.02027897,0.020911347,0.0,0.0,0.018680677,0.020304764,0.021093277,0.051102385,0.019103697,0.020213922,0.021135097,0.020988815,0.0,0.0,0.019329967,0.020091591,0.021044608,0.07354268,0.020121513,0.020403406,0.020413054,0.02100735,0.0,0.018897228,0.019472042,0.02035606,0.020895617,0.020686962,0.019941721,0.0,0.020472623,0.02067838,0.019373808,0.018359037,0.020354418,0.02080556,0.020546567,0.0,0.01874232,0.020137426,0.02102268,0.021080796,0.0,0.044667806,0.019213604,0.020884449,0.02096694,0.0,0.019112388,0.019436609,0.020323066,0.021188915,0.020604977,0.019128202,0.02073451,0.020792255,0.021071324,0.0,0.043487273,0.0,0.020579888,0.020270469,0.0,0.0,0.0,0.01982843,0.020128338,0.0,0.0,0.018786147,0.020777201,0.020874962,0.0,0.020448906,0.018896496,0.020777013,0.021033423,0.020163633,0.040458865,0.0,0.02025434,0.020326458,0.0,0.019119112,0.0,0.020033147,0.020500038
k__Bacteria|p__Proteobacteria|c__Gammaproteobacteria|o__Enterobacteriales|f__Enterobacteriaceae|g__unclassified|s__unclassified,0.069985926,0.036174145,0.034439918,0.02967619,0.025934873,0.032487858,0.024248721,0.035414428,0.032190613,0.025586367,0.03209947,0.047341045,0.038056705,0.032567605,0.026001316,0.04879011,0.03032461,0.03889824,0.035189804,0.025367705,0.06058185,0.025512407,0.039166015,0.033540733,0.026024144,0.04147941,0.040079795,0.030499142,0.031459786,0.031520728,0.041208692,0.0,0.03826732,0.03212402,0.025897952,0.07161428,0.035668604,0.021651555,0.032499127,0.028447103,0.06372469,0.039086618,0.03266344,0.027585063,0.025319189,0.03311725,0.055957552,0.03916383,0.032182135,0.025925478,0.055075828,0.035652112,0.05797175,0.033299804,0.028552165,0.058484428,0.025150241,0.040759843,0.032750662,0.024672827,0.037789367,0.037789367,0.03896857,0.032611262,0.025323799,0.09097586,0.036778834,0.032814324,0.027648397,0.025772024,0.06480198,0.0,0.037390385,0.033006366,0.02625014,0.064184025,0.031242268,0.034629893,0.027272163,0.02559399,0.05270412,0.03770516,0.0342189,0.028152598,0.025383133,0.03173959,0.03536174,0.0,0.034285896,0.027566139,0.034195077,0.040852573,0.034028023,0.028302815,0.024410998,0.050493337,0.03846995,0.03544847,0.03045481,0.025784925,0.06550378,0.046149846,0.038106304,0.031639416,0.025394157,0.09669198,0.03643982,0.034416847,0.028310766,0.025145803,0.03269597,0.036074832,0.032601345,0.02837107,0.02518985,0.11893515,0.04455401,0.036397133,0.032989103,0.026704112,0.03359594,0.027497383,0.0,0.032405574,0.026401682,0.039685223,0.052063648,0.038703185,0.032747123,0.025146602,0.054717984,0.036437653,0.036757883,0.027767126,0.024971092,0.03248851,0.04347726,0.032955553,0.031466357,0.027555082,0.070849,0.035751294,0.022465868,0.030999724,0.028445998
k__Bacteria|p__Proteobacteria|c__Alphaproteobacteria|o__Rickettsiales|f__mitochondria|g__unclassified|s__unclassified,0.0,0.0,0.0,0.0,0.0,0.0,0.0,0.0,0.0,0.0,0.0,0.0,0.0,0.0,0.0,0.0,0.0,0.0,0.0,0.0,0.0,0.024071643,0.0,0.0,0.0,0.0,0.0,0.0,0.0,0.0,0.0,0.0,0.0,0.0,0.0,0.0,0.0,0.019614141,0.0,0.0,0.0,0.0,0.0,0.0,0.0,0.0,0.0,0.0,0.0,0.0,0.0,0.0,0.0,0.0,0.0,0.0,0.0,0.0,0.0,0.0,0.0,0.0,0.0,0.0,0.0,0.0,0.0,0.0,0.0,0.0,0.0,0.0,0.0,0.0,0.0,0.0,0.0,0.0,0.0,0.0,0.0,0.0,0.0,0.0,0.0,0.0,0.0,0.0,0.0,0.0,0.0,0.0,0.0,0.0,0.0,0.0,0.0,0.0,0.0,0.0,0.0,0.0,0.0,0.0,0.0,0.0,0.0,0.0,0.0,0.0,0.0,0.0,0.0,0.0,0.0,0.0,0.0,0.0,0.0,0.0,0.0,0.0,0.0,0.0,0.0,0.0,0.0,0.0,0.0,0.0,0.0,0.0,0.0,0.0,0.0,0.0,0.0,0.0,0.0,0.0,0.0,0.0,0.0,0.0,0.0
k__Bacteria|p__Proteobacteria|c__Gammaproteobacteria|o__Enterobacteriales|f__Enterobacteriaceae|g__Enterobacter|s__hormaechei,0.051021885,0.0,0.0,0.0,0.0,0.0,0.02432106,0.0,0.0,0.0,0.0,0.0,0.0,0.0,0.0,0.0,0.0,0.0,0.0,0.0,0.058647763,0.0,0.0,0.0,0.0,0.034269642,0.0,0.030678587,0.0,0.0,0.047585618,0.0,0.0,0.0,0.0,0.0,0.0,0.0,0.0,0.0,0.0,0.0,0.0,0.0,0.0,0.0,0.054019738,0.0,0.0,0.0,0.0,0.0,0.0,0.0,0.0,0.04306896,0.025672179,0.0,0.0,0.0,0.0,0.0,0.0,0.0,0.0,0.05361156,0.0,0.0,0.0,0.0,0.0,0.0,0.0,0.0,0.0,0.10566429,0.0,0.0,0.0,0.0,0.042898215,0.0,0.0,0.0,0.0,0.0,0.0,0.0,0.0,0.0,0.0,0.0,0.0,0.0,0.0,0.0,0.0,0.0,0.0,0.0,0.0,0.044388723,0.0,0.0,0.0,0.06133864,0.0,0.0,0.0,0.0,0.0,0.0,0.0,0.0,0.0,0.0,0.042921823,0.032036,0.0,0.0,0.0,0.026279435,0.0,0.0,0.0,0.0,0.040278357,0.0,0.0,0.0,0.0,0.0,0.0,0.0,0.0,0.0,0.042016603,0.027862102,0.0,0.0,0.0,0.0,0.0,0.0,0.0
k__Bacteria|p__Proteobacteria|c__Gammaproteobacteria|o__Pasteurellales|f__Pasteurellaceae|g__Actinobacillus|s__unclassified,0.0,0.0,0.0,0.0,0.0,0.0,0.0,0.0,0.0,0.0,0.0,0.0,0.0,0.0,0.0,0.0,0.0,0.0,0.0,0.0,0.0,0.024081375,0.0,0.0,0.0,0.0,0.0,0.0,0.0,0.0,0.0,0.0,0.0,0.0,0.0,0.0,0.0,0.0,0.0,0.0,0.0,0.0,0.0,0.0,0.0,0.0,0.0,0.0,0.0,0.0,0.0,0.0,0.0,0.0,0.0,0.0,0.0,0.0,0.0,0.0,0.0,0.0,0.0,0.0,0.0,0.0,0.0,0.0,0.0,0.0,0.0,0.0,0.0,0.0,0.0,0.0,0.0,0.0,0.0,0.0,0.0,0.0,0.0,0.0,0.0,0.0,0.0,0.0,0.0,0.0,0.0,0.0,0.0,0.0,0.0,0.0,0.0,0.0,0.0,0.0,0.0,0.0,0.0,0.0,0.0,0.0,0.0,0.0,0.0,0.0,0.0,0.0,0.0,0.0,0.0,0.0,0.043979883,0.0,0.0,0.0,0.0,0.0,0.0,0.0,0.0,0.0,0.0,0.0,0.0,0.0,0.0,0.0,0.0,0.0,0.0,0.0,0.040222302,0.027913522,0.0,0.0,0.0,0.0,0.021679329,0.0,0.0
k__Bacteria|p__Proteobacteria|c__Gammaproteobacteria|o__Enterobacteriales|f__Enterobacteriaceae|g__Escherichia|s__unclassified,0.08940532,0.019618038,0.019158497,0.0,0.0,0.019608507,0.024921501,0.0,0.0,0.0,0.0,0.046060942,0.019174071,0.0,0.0,0.051098723,0.029718647,0.019250242,0.019491827,0.0,0.066030234,0.024373421,0.019628827,0.0,0.0,0.051097907,0.019724358,0.030331664,0.0,0.0,0.0,0.0,0.019163335,0.0,0.0,0.06909446,0.01913526,0.019969739,0.0,0.0,0.06680539,0.019591108,0.0,0.0,0.0,0.019475456,0.056813076,0.018930681,0.0,0.0,0.055570137,0.018876415,0.05794544,0.0,0.0,0.04379937,0.02486778,0.019332705,0.0,0.0,0.037533313,0.037533313,0.019443585,0.0,0.0,0.0,0.019635484,0.019645179,0.0,0.0,0.06388823,0.0,0.019181706,0.019553952,0.0,0.0619516,0.0,0.01989767,0.0,0.0,0.0,0.019387525,0.019308807,0.0,0.0,0.0,0.0,0.0,0.0,0.0,0.01972349,0.019187676,0.0,0.0,0.0,0.05835504,0.019672623,0.0199307,0.0,0.0,0.07470174,0.04546657,0.019400254,0.0,0.0,0.06915323,0.019493736,0.019331517,0.0,0.0,0.0,0.019233143,0.0,0.0,0.0,0.12095757,0.0448246,0.0324827,0.0,0.0,0.037559267,0.026570719,0.0,0.0,0.0,0.041115407,0.05617954,0.019477896,0.0,0.0,0.055062067,0.0,0.018948901,0.0,0.0,0.019796738,0.040995594,0.0,0.0,0.0,0.073479265,0.018982718,0.021876657,0.0,0.0
k__Bacteria|p__Proteobacteria|c__Gammaproteobacteria|o__Pasteurellales|f__Pasteurellaceae|g__Haemophilus|s__parainfluenzae,0.0,0.0,0.0,0.0,0.0,0.0,0.0,0.0,0.0,0.0,0.0,0.0,0.0,0.0,0.0,0.0,0.0,0.0,0.0,0.0,0.0,0.0,0.0,0.0,0.0,0.034696255,0.0,0.033095077,0.0,0.0,0.0,0.0,0.0,0.0,0.0,0.0,0.0,0.0,0.0,0.0,0.0,0.0,0.0,0.0,0.0,0.0,0.0,0.0,0.0,0.0,0.05448083,0.0,0.05762974,0.0,0.0,0.0,0.0,0.0,0.0,0.0,0.0,0.0,0.0,0.0,0.0,0.0,0.0,0.0,0.0,0.0,0.0,0.0,0.0,0.0,0.0,0.0,0.0,0.0,0.0,0.0,0.0,0.0,0.0,0.0,0.0,0.0,0.0,0.0,0.0,0.0,0.0,0.0,0.0,0.0,0.0,0.0,0.0,0.0,0.0,0.0,0.058020514,0.0,0.0,0.0,0.0,0.0,0.0,0.0,0.0,0.0,0.0,0.0,0.0,0.0,0.0,0.0,0.043310355,0.031883787,0.0,0.0,0.0,0.0,0.0,0.0,0.0,0.0,0.040916443,0.0,0.0,0.0,0.0,0.0,0.0,0.0,0.0,0.0,0.040241648,0.02780256,0.0,0.0,0.0,0.0,0.022132354,0.0,0.0
k__Bacteria|p__Proteobacteria|c__Alphaproteobacteria|o__RF32|f__unclassified|g__unclassified|s__unclassified,0.0,0.0,0.0,0.0,0.0,0.0,0.0,0.0,0.0,0.0,0.0,0.0,0.0,0.0,0.0,0.0,0.0,0.0,0.0,0.0,0.0,0.0,0.0,0.0,0.0,0.0,0.0,0.0,0.0,0.0,0.0,0.0,0.0,0.0,0.0,0.0,0.0,0.0,0.0,0.0,0.0,0.0,0.0,0.0,0.0,0.0,0.0,0.0,0.0,0.0,0.0,0.0,0.0,0.0,0.0,0.0,0.0,0.0,0.0,0.0,0.0,0.0,0.0,0.0,0.0,0.0,0.0,0.0,0.0,0.0,0.0,0.0,0.0,0.0,0.0,0.0,0.0,0.0,0.0,0.0,0.0,0.0,0.0,0.0,0.0,0.0,0.0,0.0,0.0,0.0,0.0,0.0,0.0,0.0,0.0,0.0,0.0,0.0,0.0,0.0,0.0,0.0,0.0,0.0,0.0,0.0,0.0,0.0,0.0,0.0,0.0,0.0,0.0,0.0,0.0,0.0,0.0,0.0,0.0,0.0,0.030756686,0.0,0.0,0.0,0.0,0.0,0.0,0.0,0.0,0.0,0.0,0.0,0.0,0.0,0.0,0.0,0.0,0.0,0.0,0.0,0.0,0.0,0.025942761,0.0,0.0
k__Bacteria|p__Proteobacteria|c__Gammaproteobacteria|o__Pasteurellales|f__Pasteurellaceae|g__Haemophilus|s__unclassified,0.05097724,0.0,0.0,0.0,0.0,0.0,0.023633812,0.0,0.0,0.0,0.0,0.04460832,0.0,0.0,0.0,0.045373265,0.0,0.0,0.0,0.0,0.05596473,0.024568122,0.0,0.0,0.0,0.041108586,0.0,0.033549666,0.0,0.0,0.040345542,0.044707432,0.0,0.0,0.0,0.06678914,0.0,0.019617938,0.0,0.0,0.0,0.0,0.0,0.0,0.0,0.0,0.051649015,0.0,0.0,0.0,0.055533525,0.0,0.060576238,0.0,0.0,0.0,0.0,0.0,0.0,0.0,0.03746677,0.03746677,0.0,0.0,0.0,0.05117476,0.0,0.0,0.0,0.0,0.0,0.029837692,0.0,0.0,0.0,0.0,0.0,0.0,0.0,0.0,0.0,0.0,0.0,0.0,0.0,0.0,0.0,0.025746701,0.0,0.0,0.0,0.0,0.0,0.0,0.0,0.0,0.0,0.0,0.0,0.0,0.059044946,0.0,0.0,0.0,0.0,0.06133172,0.0,0.0,0.0,0.0,0.0,0.0,0.0,0.0,0.0,0.0,0.05079484,0.033118006,0.0,0.0,0.0,0.026837993,0.0,0.0,0.0,0.0,0.045148205,0.0,0.0,0.0,0.0,0.0,0.0,0.0,0.0,0.0,0.04095133,0.030289743,0.0,0.0,0.066975355,0.0,0.026201237,0.0,0.0
k__Bacteria|p__Proteobacteria|c__Betaproteobacteria|o__Burkholderiales|f__Alcaligenaceae|g__Sutterella|s__unclassified,0.0,0.0,0.0,0.0,0.0,0.0,0.02584748,0.0,0.0,0.0,0.0,0.055891156,0.0,0.0,0.0,0.045299083,0.036692783,0.0,0.0,0.0,0.0,0.024646001,0.0,0.0,0.0,0.0,0.0,0.0,0.0,0.0,0.0,0.04980344,0.0,0.0,0.0,0.0,0.0,0.019411664,0.0,0.0,0.06171255,0.0,0.0,0.0,0.0,0.0,0.0,0.0,0.0,0.0,0.06266438,0.0,0.09622346,0.0,0.0,0.042195,0.026676137,0.0,0.0,0.0,0.047851555,0.047851555,0.0,0.0,0.0,0.0,0.0,0.0,0.0,0.0,0.07483445,0.029932663,0.0,0.0,0.0,0.0,0.0,0.0,0.0,0.0,0.0,0.0,0.0,0.0,0.0,0.0,0.0,0.025516847,0.0,0.0,0.0,0.0,0.0,0.0,0.0,0.0,0.0,0.0,0.0,0.0,0.0,0.0,0.0,0.0,0.0,0.0,0.0,0.0,0.0,0.0,0.0,0.0,0.0,0.0,0.0,0.1159304,0.052307352,0.035152983,0.0,0.0,0.045350254,0.040987644,0.027482156,0.0,0.0,0.0,0.0,0.0,0.0,0.0,0.0,0.0,0.0,0.0,0.0,0.0,0.051615953,0.029166587,0.0,0.0,0.07663557,0.0,0.02681268,0.0,0.0
k__Bacteria|p__Actinobacteria|c__Actinobacteria|o__Actinomycetales|f__Actinomycetaceae|g__Parascardovia|s__unclassified,0.0,0.0,0.0,0.0,0.0,0.0,0.0,0.0,0.0,0.0,0.0,0.0,0.0,0.0,0.0,0.0,0.0,0.0,0.0,0.0,0.0,0.0,0.0,0.0,0.0,0.0,0.0,0.0,0.0,0.0,0.0,0.0,0.0,0.0,0.0,0.0,0.0,0.0,0.0,0.0,0.0,0.0,0.0,0.0,0.0,0.0,0.0,0.0,0.0,0.0,0.0,0.0,0.0,0.0,0.0,0.0,0.0,0.0,0.0,0.0,0.0,0.0,0.0,0.0,0.0,0.055115465,0.0,0.0,0.0,0.0,0.0,0.0,0.0,0.0,0.0,0.0,0.0,0.0,0.0,0.0,0.0,0.0,0.0,0.0,0.0,0.0,0.0,0.0,0.0,0.0,0.0,0.0,0.0,0.0,0.0,0.0,0.0,0.0,0.0,0.0,0.0,0.0,0.0,0.0,0.0,0.0,0.0,0.0,0.0,0.0,0.0,0.0,0.0,0.0,0.0,0.0,0.0,0.0,0.0,0.0,0.0,0.0,0.0,0.0,0.0,0.0,0.0,0.0,0.0,0.0,0.05442864,0.0,0.0,0.0,0.0,0.0,0.0,0.0,0.0,0.0,0.0,0.0,0.0,0.0,0.0
k__Bacteria|p__Actinobacteria|c__Actinobacteria|o__Actinomycetales|f__Corynebacteriaceae|g__Corynebacterium|s__unclassified,0.0,0.0,0.0,0.0,0.0,0.0,0.0,0.0,0.0,0.0,0.0,0.0,0.0,0.0,0.0,0.0,0.0,0.0,0.0,0.0,0.0,0.0,0.0,0.0,0.0,0.0,0.0,0.0,0.0,0.0,0.0,0.0,0.0,0.0,0.0,0.0,0.0,0.0,0.0,0.0,0.0,0.0,0.0,0.0,0.0,0.0,0.0,0.0,0.0,0.0,0.0,0.0,0.0,0.0,0.0,0.0,0.0,0.0,0.0,0.0,0.0,0.0,0.0,0.0,0.0,0.0,0.0,0.0,0.0,0.0,0.0,0.0,0.0,0.0,0.0,0.0,0.0,0.0,0.0,0.0,0.0,0.0,0.0,0.0,0.0,0.0,0.0,0.0,0.0,0.0,0.0,0.0,0.0,0.0,0.0,0.0,0.0,0.0,0.0,0.0,0.0,0.0,0.0,0.0,0.0,0.0,0.0,0.0,0.0,0.0,0.0,0.0,0.0,0.0,0.0,0.0,0.0,0.0,0.0,0.0,0.0,0.0,0.0,0.0,0.0,0.0,0.0,0.0,0.0,0.0,0.0,0.0,0.0,0.0,0.0,0.0,0.0,0.0,0.0,0.0,0.0,0.0,0.0,0.0,0.0
k__Bacteria|p__Actinobacteria|c__Actinobacteria|o__Actinomycetales|f__Micrococcaceae|g__Rothia|s__mucilaginosa,0.0,0.0,0.0,0.0,0.0,0.0,0.0,0.0,0.0,0.0,0.0,0.0,0.0,0.0,0.0,0.045074288,0.0,0.0,0.0,0.0,0.0,0.0,0.0,0.0,0.0,0.0,0.0,0.0,0.0,0.0,0.04032675,0.0,0.0,0.0,0.0,0.0,0.0,0.0,0.0,0.0,0.0,0.0,0.0,0.0,0.0,0.0,0.0,0.0,0.0,0.0,0.0,0.0,0.0,0.0,0.0,0.0,0.0,0.0,0.0,0.0,0.0,0.0,0.0,0.0,0.0,0.0,0.0,0.0,0.0,0.0,0.0,0.0,0.0,0.0,0.0,0.0,0.0,0.0,0.0,0.0,0.0,0.0,0.0,0.0,0.0,0.0,0.0,0.0,0.0,0.0,0.0,0.0,0.0,0.0,0.0,0.0,0.0,0.0,0.0,0.0,0.0,0.0,0.0,0.0,0.0,0.0,0.0,0.0,0.0,0.0,0.0,0.0,0.0,0.0,0.0,0.0,0.0,0.0,0.0,0.0,0.0,0.0,0.0,0.0,0.0,0.0,0.0,0.0,0.0,0.0,0.0,0.0,0.0,0.0,0.0,0.0,0.0,0.0,0.0,0.0,0.0,0.0,0.0,0.0,0.0
k__Bacteria|p__Actinobacteria|c__Actinobacteria|o__Actinomycetales|f__Actinomycetaceae|g__Actinomyces|s__unclassified,0.0,0.0,0.0,0.0,0.0,0.0,0.0,0.0,0.0,0.0,0.0,0.0,0.0,0.0,0.0,0.0,0.0,0.0,0.0,0.0,0.0,0.0,0.0,0.0,0.0,0.034092434,0.0,0.0,0.0,0.0,0.0,0.0,0.0,0.0,0.0,0.0,0.0,0.0,0.0,0.0,0.0,0.0,0.0,0.0,0.0,0.0,0.0,0.0,0.0,0.0,0.0,0.0,0.0,0.0,0.0,0.0,0.0,0.0,0.0,0.0,0.0,0.0,0.0,0.0,0.0,0.05112651,0.0,0.0,0.0,0.0,0.0,0.0,0.0,0.0,0.0,0.0,0.0,0.0,0.0,0.0,0.0,0.0,0.0,0.0,0.0,0.0,0.0,0.0,0.0,0.0,0.0,0.0,0.0,0.0,0.0,0.0,0.0,0.0,0.0,0.0,0.0,0.044253994,0.0,0.0,0.0,0.0,0.0,0.0,0.0,0.0,0.0,0.0,0.0,0.0,0.0,0.0,0.04297039,0.0,0.0,0.0,0.0,0.0,0.0,0.0,0.0,0.0,0.0,0.0,0.0,0.0,0.0,0.0,0.0,0.0,0.0,0.0,0.0,0.0,0.0,0.0,0.0,0.0,0.0,0.0,0.0
k__Bacteria|p__Actinobacteria|c__Actinobacteria|o__Bifidobacteriales|f__Bifidobacteriaceae|g__Bifidobacterium|s__longum,0.0,0.02366295,0.022798728,0.021213224,0.0,0.022723885,0.024501918,0.022292625,0.021282604,0.0,0.021443784,0.052913457,0.023649728,0.022562131,0.019982655,0.076279975,0.035142973,0.023823626,0.023228532,0.0,0.05589066,0.04769821,0.024309823,0.02309693,0.0,0.040245514,0.024499001,0.041756153,0.0,0.021494802,0.042470813,0.044479642,0.023617003,0.022771688,0.0,0.06677264,0.023035277,0.019399012,0.021047218,0.0,0.065511875,0.024148934,0.022035435,0.0,0.0,0.02273622,0.068744004,0.023465859,0.021251034,0.0,0.05522229,0.022780212,0.060681466,0.022689171,0.0,0.0,0.032387763,0.024199702,0.021494765,0.0,0.047033884,0.047033884,0.024046665,0.021657754,0.0,0.05747184,0.02380309,0.022852294,0.0,0.0,0.07516026,0.033340394,0.023343163,0.022748673,0.0,0.0,0.01984,0.02343108,0.020107005,0.0,0.0,0.02375433,0.022885932,0.020676471,0.0,0.022326218,0.022447009,0.027173383,0.023107572,0.0,0.023131045,0.024050288,0.022817811,0.020806164,0.0,0.07346925,0.024152966,0.02355601,0.021994393,0.0,0.06518057,0.062606215,0.023725064,0.022464372,0.0,0.077973545,0.023617715,0.022922669,0.020586519,0.0,0.023057725,0.023222618,0.022805657,0.020887995,0.0,0.116854936,0.0,0.031930115,0.02110923,0.0,0.03459404,0.033726368,0.027131837,0.019087113,0.0,0.044507347,0.04740083,0.024079338,0.02321391,0.0,0.061075717,0.023211766,0.02303824,0.0,0.0,0.022842634,0.0,0.027761964,0.021727312,0.0,0.06774052,0.02292192,0.024597585,0.020616356,0.0
k__Bacteria|p__Actinobacteria|c__Actinobacteria|o__Bifidobacteriales|f__Bifidobacteriaceae|g__Bifidobacterium|s__adolescentis,0.0,0.024228537,0.0237151,0.022786822,0.021237295,0.023630235,0.025167463,0.023558708,0.02291745,0.021016812,0.023171386,0.0,0.024312641,0.023663737,0.021438777,0.046681553,0.033971548,0.024463907,0.024013324,0.020640967,0.0,0.024529181,0.024540776,0.024074847,0.021095932,0.034112122,0.025017938,0.03030774,0.021762908,0.023175936,0.04034333,0.0,0.024298592,0.023714047,0.021031065,0.0,0.02401841,0.0,0.022693446,0.020842956,0.061800037,0.024740513,0.023340954,0.021631647,0.020942729,0.02376574,0.051633555,0.024294684,0.023028996,0.021208908,0.05616514,0.023846716,0.06354903,0.023716826,0.020606264,0.0,0.027925715,0.024796125,0.02311185,0.020324226,0.039342716,0.039342716,0.024467299,0.023066675,0.020987136,0.0,0.0243828,0.023666281,0.021791851,0.021097234,0.0,0.0,0.024191298,0.023580188,0.021490647,0.0,0.021958807,0.02440408,0.021516051,0.02102306,0.0,0.024443196,0.02376681,0.021975214,0.02071092,0.02356138,0.02387105,0.027018825,0.024183974,0.020166371,0.024066899,0.024975913,0.02392601,0.022201208,0.020118654,0.04452695,0.024594309,0.024365522,0.023298535,0.021244315,0.058206778,0.044571575,0.024349192,0.023545811,0.02083777,0.0,0.02418947,0.023796584,0.022004692,0.020508217,0.023950994,0.023997324,0.023826404,0.022256779,0.02037149,0.11583409,0.042914882,0.0,0.023042012,0.02001336,0.03219085,0.027763058,0.02724861,0.021598127,0.020081135,0.0,0.04046221,0.024529748,0.023979105,0.020559348,0.05448338,0.024709912,0.024122154,0.020902576,0.02019338,0.023784215,0.0,0.028113795,0.02283986,0.02055831,0.06683189,0.023835251,0.021740472,0.022159755,0.020364
k__Bacteria|p__Actinobacteria|c__Actinobacteria|o__Bifidobacteriales|f__Bifidobacteriaceae|g__Bifidobacterium|s__unclassified,0.0,0.0,0.0,0.0,0.0,0.0,0.0,0.0,0.0,0.0,0.0,0.044542763,0.0,0.0,0.0,0.046551175,0.029604157,0.0,0.0,0.0,0.0,0.030418789,0.0,0.0,0.0,0.034817677,0.0,0.041457087,0.0,0.0,0.050446942,0.0,0.0,0.0,0.0,0.07079399,0.0,0.023458652,0.0,0.0,0.06512444,0.0,0.0,0.0,0.0,0.0,0.05207678,0.0,0.0,0.0,0.05616514,0.0,0.07180971,0.0,0.0,0.0,0.02892149,0.0,0.0,0.0,0.03815508,0.03815508,0.0,0.0,0.0,0.0512391,0.0,0.0,0.0,0.0,0.062959515,0.033066656,0.0,0.0,0.0,0.0,0.0,0.0,0.0,0.0,0.07034246,0.0,0.0,0.0,0.0,0.0,0.0,0.026326623,0.0,0.0,0.0,0.0,0.0,0.0,0.0,0.0454456,0.0,0.0,0.0,0.0,0.059828334,0.044475336,0.0,0.0,0.0,0.06152982,0.0,0.0,0.0,0.0,0.0,0.0,0.0,0.0,0.0,0.11600744,0.046239972,0.0,0.0,0.0,0.03562121,0.030707903,0.027209686,0.0,0.0,0.039432094,0.04050238,0.0,0.0,0.0,0.054717984,0.0,0.0,0.0,0.0,0.0,0.041684076,0.0,0.0,0.0,0.0,0.0,0.021762708,0.0,0.0
k__Bacteria|p__Cyanobacteria|c__4C0d-2|o__YS2|f__unclassified|g__unclassified|s__unclassified,0.0,0.019209182,0.019370377,0.020945605,0.021037048,0.019862754,0.0,0.019919017,0.020314133,0.02100901,0.02045129,0.0,0.018828304,0.020672295,0.020789173,0.0,0.0,0.019020677,0.019318653,0.020832822,0.0,0.0,0.018671107,0.020561403,0.0208621,0.0,0.018598963,0.0,0.02050742,0.02106743,0.0,0.0,0.018839465,0.020849656,0.020862391,0.0,0.01923635,0.01957238,0.020206824,0.020575695,0.0,0.01871138,0.020478027,0.021029929,0.021085434,0.019707108,0.0,0.018574933,0.020732995,0.021018503,0.0,0.01916394,0.0,0.020537097,0.020645238,0.0,0.0,0.018446006,0.020268472,0.020923212,0.0,0.0,0.01867119,0.020314472,0.02110085,0.0,0.019109841,0.02023097,0.021097029,0.02100434,0.0,0.0,0.019359935,0.020142272,0.02102562,0.0,0.020097693,0.020392949,0.020439625,0.021022521,0.0,0.018891267,0.01947011,0.02034426,0.02090035,0.020805577,0.01993531,0.02553402,0.020468121,0.020655353,0.019541351,0.018350927,0.020384002,0.020793168,0.020596048,0.0,0.01880924,0.020166075,0.020977102,0.021086603,0.0,0.0,0.019252492,0.020908989,0.020963464,0.0,0.019119464,0.019435007,0.02032459,0.021184176,0.020743186,0.01911861,0.020750536,0.020801617,0.021047248,0.0,0.0,0.0,0.020531308,0.02024619,0.0,0.0,0.0,0.019792682,0.020134438,0.0,0.0,0.018765826,0.020781744,0.0208874,0.0,0.020393299,0.018928662,0.020689651,0.020984404,0.02029057,0.0,0.0,0.020332199,0.020250635,0.0,0.019118415,0.0,0.020078827,0.020432202
k__Bacteria|p__Cyanobacteria|c__Chloroplast|o__Streptophyta|f__unclassified|g__unclassified|s__unclassified,0.0,0.021082953,0.0212476,0.022797404,0.022711115,0.02135239,0.0,0.022267204,0.022505045,0.022711193,0.022334417,0.0,0.020914355,0.022521997,0.022215972,0.0,0.0,0.021360032,0.021131985,0.0226554,0.0,0.024120316,0.020816283,0.022441123,0.022600446,0.0,0.020520428,0.0,0.023329847,0.02305565,0.0,0.0,0.020832887,0.02262623,0.022640932,0.0,0.021085313,0.02075813,0.022541452,0.023151789,0.0,0.020656373,0.022527521,0.02302609,0.022739094,0.021199686,0.0,0.02076425,0.023024932,0.02265255,0.0,0.021083843,0.0,0.022533447,0.02347865,0.0,0.0,0.020534646,0.022397688,0.022782275,0.0,0.0,0.020858321,0.022501491,0.022753516,0.0,0.020945227,0.022032525,0.023051092,0.02269334,0.0,0.0,0.021498201,0.022000741,0.022658447,0.0,0.022491334,0.022195693,0.022136372,0.022701466,0.0,0.020877056,0.021288684,0.022043902,0.022706673,0.022509689,0.02213155,0.0,0.022323528,0.023575647,0.02104468,0.020376885,0.022313926,0.022509083,0.022340573,0.0,0.020763801,0.022228736,0.022735368,0.022693502,0.0,0.0,0.02147674,0.022687592,0.022712685,0.0,0.021071075,0.021238627,0.021955363,0.023191473,0.022452392,0.02110703,0.022560624,0.022513691,0.023136364,0.0,0.0,0.0,0.022916514,0.022792695,0.0,0.026252227,0.0,0.022686629,0.022427434,0.0,0.0,0.020879833,0.02259119,0.022722926,0.0,0.022423562,0.020845613,0.023258006,0.023124162,0.021899333,0.0,0.0,0.022269286,0.022687396,0.0,0.021142263,0.02167377,0.022246255,0.023362784
k__Bacteria|p__Fusobacteria|c__Fusobacteria|o__Fusobacteriales|f__Fusobacteriaceae|g__Fusobacterium|s__unclassified,0.0,0.0,0.0,0.0,0.0,0.0,0.0,0.0,0.0,0.0,0.0,0.0,0.0,0.0,0.0,0.0,0.0,0.0,0.0,0.0,0.0,0.024061907,0.0,0.0,0.0,0.03478814,0.0,0.0,0.0,0.0,0.0,0.0,0.0,0.0,0.0,0.0,0.0,0.0,0.0,0.0,0.0,0.0,0.0,0.0,0.0,0.0,0.0,0.0,0.0,0.0,0.0,0.0,0.0,0.0,0.0,0.0,0.0,0.0,0.0,0.0,0.0,0.0,0.0,0.0,0.0,0.0,0.0,0.0,0.0,0.0,0.0,0.0,0.0,0.0,0.0,0.0,0.0,0.0,0.0,0.0,0.0,0.0,0.0,0.0,0.0,0.0,0.0,0.0,0.0,0.0,0.0,0.0,0.0,0.0,0.0,0.0,0.0,0.0,0.0,0.0,0.0,0.0,0.0,0.0,0.0,0.0,0.0,0.0,0.0,0.0,0.0,0.0,0.0,0.0,0.0,0.0,0.0,0.0,0.0,0.0,0.0,0.0,0.0,0.0,0.0,0.0,0.0,0.0,0.0,0.0,0.0,0.0,0.0,0.0,0.0,0.0,0.0,0.027702425,0.0,0.0,0.0,0.0,0.0,0.0,0.0
k__Bacteria|p__Fusobacteria|c__Fusobacteria|o__Fusobacteriales|f__Fusobacteriaceae|g__unclassified|s__unclassified,0.0,0.0,0.0,0.0,0.0,0.0,0.0,0.0,0.0,0.0,0.0,0.0,0.0,0.0,0.0,0.0,0.0,0.0,0.0,0.0,0.0,0.0,0.0,0.0,0.0,0.0,0.0,0.0,0.0,0.0,0.0,0.0,0.0,0.0,0.0,0.0,0.0,0.0,0.0,0.0,0.0,0.0,0.0,0.0,0.0,0.0,0.0,0.0,0.0,0.0,0.0,0.0,0.0,0.0,0.0,0.0,0.025256675,0.0,0.0,0.0,0.0,0.0,0.0,0.0,0.0,0.0,0.0,0.0,0.0,0.0,0.0,0.029904729,0.0,0.0,0.0,0.0,0.0,0.0,0.0,0.0,0.0,0.0,0.0,0.0,0.0,0.0,0.0,0.0,0.0,0.0,0.0,0.0,0.0,0.0,0.0,0.0,0.0,0.0,0.0,0.0,0.0,0.0,0.0,0.0,0.0,0.0,0.0,0.0,0.0,0.0,0.0,0.0,0.0,0.0,0.0,0.0,0.0,0.0,0.0,0.0,0.0,0.0,0.0,0.0,0.0,0.0,0.0,0.0,0.0,0.0,0.0,0.0,0.0,0.0,0.0,0.0,0.042934954,0.046631012,0.0,0.0,0.0,0.0,0.0,0.0,0.0
k__Bacteria|p__Tenericutes|c__Mollicutes|o__RF39|f__unclassified|g__unclassified|s__unclassified,0.0,0.0,0.0,0.0,0.0,0.0,0.0,0.0,0.0,0.0,0.0,0.0,0.0,0.0,0.0,0.0,0.0,0.0,0.0,0.0,0.0,0.0,0.0,0.0,0.0,0.0,0.0,0.0,0.0,0.0,0.0,0.0,0.0,0.0,0.0,0.0,0.0,0.0,0.0,0.0,0.0,0.0,0.0,0.0,0.0,0.0,0.0,0.0,0.0,0.0,0.0,0.0,0.0,0.0,0.0,0.0,0.0,0.0,0.0,0.0,0.0,0.0,0.0,0.0,0.0,0.0,0.0,0.0,0.0,0.0,0.0,0.0,0.0,0.0,0.0,0.0,0.0,0.0,0.0,0.0,0.0,0.0,0.0,0.0,0.0,0.0,0.0,0.0,0.0,0.0,0.0,0.0,0.0,0.0,0.0,0.0,0.0,0.0,0.0,0.0,0.0,0.0,0.0,0.0,0.0,0.0,0.0,0.0,0.0,0.0,0.0,0.0,0.0,0.0,0.0,0.0,0.0,0.0,0.0,0.0,0.0,0.0,0.027112374,0.0,0.0,0.0,0.0,0.0,0.0,0.0,0.0,0.0,0.0,0.0,0.0,0.0,0.0,0.0,0.0,0.0,0.0,0.0,0.0,0.0,0.0
k__Bacteria|p__Verrucomicrobia|c__Verrucomicrobiae|o__Verrucomicrobiales|f__Verrucomicrobiaceae|g__Akkermansia|s__muciniphila,0.0,0.0,0.0,0.0,0.0,0.0,0.0,0.0,0.0,0.0,0.0,0.0,0.0,0.0,0.0,0.0,0.029457554,0.0,0.0,0.0,0.10417708,0.0,0.0,0.0,0.0,0.0,0.0,0.0,0.0,0.0,0.0,0.0,0.0,0.0,0.0,0.0,0.0,0.0,0.0,0.0,0.0,0.0,0.0,0.0,0.0,0.0,0.0,0.0,0.0,0.0,0.0,0.0,0.0,0.0,0.0,0.0,0.029049417,0.0,0.0,0.0,0.0,0.0,0.0,0.0,0.0,0.0,0.0,0.0,0.0,0.0,0.0,0.02987959,0.0,0.0,0.0,0.0,0.0,0.0,0.0,0.0,0.0,0.0,0.0,0.0,0.0,0.0,0.0,0.027528733,0.0,0.0,0.0,0.0,0.0,0.0,0.0,0.0,0.0,0.0,0.0,0.0,0.0,0.0,0.0,0.0,0.0,0.0,0.0,0.0,0.0,0.0,0.0,0.0,0.0,0.0,0.0,0.0,0.0,0.0,0.0,0.0,0.0,0.0,0.0,0.0,0.0,0.0,0.0,0.0,0.0,0.0,0.0,0.0,0.0,0.0,0.0,0.0,0.0,0.0,0.0,0.0,0.0,0.0,0.02723791,0.0,0.0
