#OTU ID,T000272.0,T000272.1,T000272.2,T000272.3,T000272.4,T000461.0,T000461.1,T000461.2,T000461.3,T000461.4,T002534.0,T002534.1,T002534.2,T002534.3,T002534.4,T003950.0,T003950.1,T003950.2,T003950.3,T003950.4,T005999.0,T005999.1,T005999.2,T005999.3,T005999.4,T007748.0,T007748.1,T007748.2,T007748.3,T007748.4,T008025.0,T008025.1,T008025.2,T008025.3,T008025.4,T008631.0,T008631.1,T008631.2,T008631.3,T008631.4,T009280.0,T009280.1,T009280.2,T009280.3,T009280.4,T009909.0,T009909.1,T009909.2,T009909.3,T009909.4,T010520.0,T010520.1,T010520.2,T010520.3,T010520.4,T010532.0,T010532.1,T010532.2,T010532.3,T010532.4,T012138.0,T012138.1,T012138.2,T012138.3,T012138.4,T012374.0,T012374.1,T012374.2,T012374.3,T012374.4,T012389.0,T012389.1,T012389.2,T012389.3,T012389.4,T013832.0,T013832.1,T013832.2,T013832.3,T013832.4,T014827.0,T014827.1,T014827.2,T014827.3,T014827.4,T017394.0,T017394.1,T017394.2,T017394.3,T017394.4,T018343.0,T018343.1,T018343.2,T018343.3,T018343.4,T019021.0,T019021.1,T019021.2,T019021.3,T019021.4,T019031.0,T019031.1,T019031.2,T019031.3,T019031.4,T019850.0,T019850.1,T019850.2,T019850.3,T019850.4,T020231.0,T020231.1,T020231.2,T020231.3,T020231.4,T021076.0,T021076.1,T021076.2,T021076.3,T021076.4,T021613.0,T021613.1,T021613.2,T021613.3,T021613.4,T023390.0,T023390.1,T023390.2,T023390.3,T023390.4,T023909.0,T023909.1,T023909.2,T023909.3,T023909.4,T024121.0,T024121.1,T024121.2,T024121.3,T024121.4,T028183.0,T028183.1,T028183.2,T028183.3,T028183.4
k__Bacteria|p__Firmicutes|c__Bacilli|o__Lactobacillales|f__Enterococcaceae|g__unclassified|s__unclassified,-0.19005896,-0.24510095,-0.28665447,-0.28554916,-0.26243383,-0.19229978,-0.34956193,-0.3052365,-0.2872736,-0.22835773,-0.17764866,-0.24597448,-0.28198224,-0.24599877,-0.2672411,-0.18151923,-0.24254513,-0.27201462,-0.29459757,-0.30033517,-0.2703327,-0.24845749,-0.29193494,-0.28596663,-0.27288276,-0.18717885,-0.23069903,-0.2893327,-0.28352332,-0.2708707,-0.20371228,-0.25166464,-0.2865619,-0.21658629,-0.3014285,-0.20097674,-0.24406344,-0.2670892,-0.31441966,-0.28773314,-0.17962989,-0.24207196,-0.27013364,-0.298828,-0.2309976,-0.21429327,-0.28815714,-0.34594566,-0.26360112,-0.25669524,-0.18075886,-0.2377042,-0.24842347,-0.29191115,-0.2653135,-0.18339457,-0.2675527,-0.35533303,-0.2811143,-0.35140985,-0.19140351,-0.25275776,-0.35751456,-0.27646714,-0.26222065,-0.21672772,-0.26023373,-0.28368765,-0.2789672,-0.264701,-0.1826643,-0.24010682,-0.2500894,-0.28809127,-0.2521754,-0.1819343,-0.2527555,-0.30180705,-0.2870322,-0.2601604,-0.19846931,-0.24930443,-0.2698795,-0.3025133,-0.35463315,-0.1771539,-0.24514951,-0.2537637,-0.3120209,-0.26998225,-0.19980234,-0.2645283,-0.2780711,-0.2866987,-0.28980282,-0.21681382,-0.24969356,-0.30649143,-0.2712322,-0.27834827,-0.1960139,-0.23417374,-0.29854846,-0.28211454,-0.2781963,-0.26381022,-0.3555616,-0.29367372,-0.30816934,-0.2491919,-0.3433188,-0.28581533,-0.2576069,-0.26092985,-0.25270036,-0.19155768,-0.26244646,-0.33845827,-0.27000177,-0.24942423,-0.1898103,-0.2886635,-0.29158175,-0.3502625,-0.28499863,-0.20447226,-0.26946753,-0.28510028,-0.30068284,-0.32756048,-0.2788417,-0.28371185,-0.2229094,-0.2704802,-0.23067787,-0.15825617,-0.3173398,-0.26929757,-0.27125388,-0.26457667,-0.19338003,-0.27528042,-0.2912523,-0.29862028,-0.25071234
k__Bacteria|p__Firmicutes|c__Clostridia|o__Clostridiales|f__Clostridiaceae|g__Peptoniphilus|s__asaccharolyticus,-0.12343921,-0.15627718,-0.18562463,-0.17843369,-0.16231433,-0.15316612,-0.34956193,-0.21029612,-0.18348917,-0.12854686,-0.12807822,-0.14388067,-0.19868243,-0.19684064,-0.18735433,-0.1292217,-0.15282446,-0.17818993,-0.18222487,-0.24469604,-0.2703327,-0.10562607,-0.1571833,-0.17578022,-0.16820794,-0.100437135,-0.100603715,-0.19202441,-0.16464989,-0.12040292,-0.12298219,-0.13733308,-0.21229458,-0.16759285,-0.15905344,-0.14943743,-0.1730023,-0.17373845,-0.186735,-0.18055074,-0.14175937,-0.19725093,-0.18639931,-0.20199493,-0.14145963,-0.14123777,-0.28815714,-0.34594566,-0.24196136,-0.17733583,-0.13586509,-0.1434577,-0.14693542,-0.19017333,-0.18521264,-0.13673913,-0.17169473,-0.35533303,-0.2432236,-0.35140985,-0.13532627,-0.18043557,-0.35751456,-0.19879448,-0.20184547,-0.11524226,-0.14754629,-0.21910805,-0.21264714,-0.17703494,-0.12609914,-0.13790381,-0.16179526,-0.16872133,-0.1387823,-0.10431892,-0.12244309,-0.20257282,-0.2152539,-0.17276798,-0.1398347,-0.16454703,-0.19927569,-0.22251193,-0.35463315,-0.12318707,-0.24514951,-0.12463288,-0.18301877,-0.12465489,-0.16268498,-0.2645283,-0.2277419,-0.2070197,-0.25985312,-0.12659927,-0.15040931,-0.30649143,-0.19046378,-0.15356962,-0.13733254,-0.18143266,-0.19207075,-0.22717826,-0.19916299,-0.26381022,-0.3555616,-0.1998044,-0.23040845,-0.13602461,-0.3433188,-0.1379008,-0.1834144,-0.1788408,-0.17398304,-0.13674703,-0.16917023,-0.33845827,-0.2192934,-0.1876446,-0.12916994,-0.13275513,-0.17890303,-0.3502625,-0.22295022,-0.13017657,-0.18864119,-0.18876101,-0.22587577,-0.32756048,-0.2788417,-0.15042073,-0.17097455,-0.22644216,-0.16579157,-0.104471356,-0.3173398,-0.14770608,-0.17645612,-0.14786491,-0.16310868,-0.17396042,-0.19992696,-0.2200551,-0.1481925
k__Bacteria|p__Firmicutes|c__Bacilli|o__Lactobacillales|f__Streptococcaceae|g__unclassified|s__unclassified,-0.2767052,-0.46045804,-0.44284135,-0.44523937,-0.4707142,-0.26713684,-0.34956193,-0.41592458,-0.44207582,-0.48551452,-0.28712612,-0.46250504,-0.443939,-0.4778883,-0.46019715,-0.2833223,-0.4639267,-0.45798707,-0.4355772,-0.414716,-0.2703327,-0.47033426,-0.44497198,-0.44566268,-0.45952478,-0.2851165,-0.48719877,-0.439099,-0.4510352,-0.4732576,-0.26426154,-0.45952132,-0.43633205,-0.51246643,-0.4351521,-0.26003426,-0.45717975,-0.46363214,-0.41587675,-0.44268113,-0.2815904,-0.4529873,-0.45771226,-0.4268538,-0.50516534,-0.24955545,-0.28815714,-0.34594566,-0.42162156,-0.44699997,-0.28253597,-0.47030365,-0.48719707,-0.43658733,-0.46261096,-0.27961868,-0.43581146,-0.35533303,-0.4053598,-0.35140985,-0.2725011,-0.44715947,-0.35751456,-0.4207858,-0.46117365,-0.25363493,-0.44827676,-0.43748286,-0.44308585,-0.46500674,-0.28312796,-0.4697192,-0.48236185,-0.44536012,-0.4859938,-0.28929293,-0.461798,-0.42426756,-0.4347222,-0.4705791,-0.26463318,-0.45384374,-0.45520037,-0.4185791,-0.35463315,-0.28864133,-0.24514951,-0.48539275,-0.41925356,-0.44777158,-0.25780624,-0.2645283,-0.4367986,-0.4375243,-0.3957875,-0.25072813,-0.45799786,-0.30649143,-0.42724377,-0.45793194,-0.26756442,-0.46429226,-0.4297344,-0.43625012,-0.44707733,-0.26381022,-0.3555616,-0.42962062,-0.41131824,-0.46441787,-0.3433188,-0.42776212,-0.47118777,-0.46864483,-0.47750378,-0.27180478,-0.4406134,-0.33845827,-0.4212879,-0.47672704,-0.2752561,-0.42568558,-0.41407657,-0.3502625,-0.4319377,-0.26141995,-0.42974332,-0.4435088,-0.41954124,-0.32756048,-0.2788417,-0.42680222,-0.50552374,-0.44786274,-0.49976307,-0.31090215,-0.3173398,-0.46564537,-0.45944232,-0.44724846,-0.26355618,-0.42769763,-0.43500984,-0.42312026,-0.48562527
k__Bacteria|p__Firmicutes|c__Clostridia|o__Coriobacteriales|f__Coriobacteriaceae|g__Collinsella|s__aerofaciens,0.06885597,0.19825503,0.13015136,0.15032044,0.20361137,-0.017437503,-0.34956193,0.050729938,0.13486502,0.28516656,0.058697462,0.23258004,0.09341794,0.10908887,0.13084568,0.054370638,0.20900989,0.15541342,0.13617846,-0.043745685,-0.2703327,0.34316784,0.20983763,0.15829775,0.18404531,0.13543385,0.3611864,0.1116655,0.19112815,0.32068807,0.06623162,0.25124577,0.053298816,0.20208645,0.20079221,-0.008870708,0.15020308,0.1692363,0.11740361,0.14375798,0.018525768,0.08114585,0.1317417,0.07908287,0.27216253,0.010347616,-0.28815714,-0.34594566,-0.053383164,0.13705143,0.035933975,0.23657346,0.25016823,0.11431953,0.13757472,0.03254298,0.14766148,-0.35533303,-0.06204375,-0.35140985,0.03430298,0.12600768,-0.35751456,0.067431405,0.09040704,0.08379628,0.21790662,0.035547696,0.054331254,0.16078892,0.06309459,0.2514,0.20774767,0.17679437,0.27282634,0.1261981,0.29282635,0.076706246,0.043886922,0.17506444,0.019058336,0.17194724,0.09573846,0.019062031,-0.35463315,0.07250692,-0.24514951,0.31105447,0.12999657,0.28374732,-0.046890598,-0.2645283,0.0074914666,0.068601266,-0.10854468,0.05182869,0.21418686,-0.30649143,0.09215222,0.22364566,0.026726842,0.12921852,0.107141405,0.010956589,0.094001964,-0.26381022,-0.3555616,0.084230244,-0.004716404,0.2578956,-0.3433188,0.24068925,0.1453247,0.15756539,0.17357558,0.029220037,0.15485156,-0.33845827,0.009827627,0.13456565,0.052133575,0.25333127,0.12235509,-0.3502625,0.02040246,0.0447691,0.098117866,0.12099588,0.009180907,-0.32756048,-0.2788417,0.20493267,0.18942264,0.01783413,0.20273651,0.13182467,-0.3173398,0.24078873,0.16120431,0.2197693,-0.046347328,0.13818415,0.087454215,0.02815205,0.24749796
k__Bacteria|p__Firmicutes|c__Clostridia|o__Clostridiales|f__Lachnospiraceae|g__Blautia|s__producta,-0.17029265,-0.24713111,-0.26351017,-0.25943854,-0.2550447,-0.18749407,-0.34956193,-0.27335554,-0.262062,-0.2350546,-0.17582542,-0.2392695,-0.27246377,-0.28017092,-0.26884586,-0.17557122,-0.24595931,-0.2624149,-0.25943854,-0.29592347,-0.2703327,-0.21552773,-0.24547684,-0.25805408,-0.2562268,-0.15685353,-0.21671292,-0.2669205,-0.25167763,-0.2272467,-0.16681671,-0.23425287,-0.2798808,-0.26901844,-0.24358319,-0.18337682,-0.2573907,-0.26091588,-0.25740588,-0.26020128,-0.18346936,-0.27259064,-0.2680159,-0.27060655,-0.2493789,-0.17517594,-0.28815714,-0.34594566,-0.2948711,-0.25817183,-0.1799278,-0.2409707,-0.24882707,-0.26470023,-0.26858494,-0.1798671,-0.25137076,-0.35533303,-0.29155034,-0.35140985,-0.17697264,-0.25977665,-0.35751456,-0.2661276,-0.2790255,-0.15865798,-0.23835722,-0.28466403,-0.2815812,-0.26341453,-0.17338121,-0.23714821,-0.25743932,-0.25272772,-0.24325168,-0.16076665,-0.22493017,-0.27029312,-0.28124988,-0.26205027,-0.1780225,-0.25091723,-0.2756325,-0.28238815,-0.35463315,-0.17274836,-0.24514951,-0.23372623,-0.25561607,-0.22286512,-0.19142821,-0.2645283,-0.29007995,-0.27665573,-0.30035204,-0.16573623,-0.24284226,-0.30649143,-0.26198184,-0.24620886,-0.1770697,-0.2650121,-0.26446983,-0.28971577,-0.27351964,-0.26381022,-0.3555616,-0.26984012,-0.2859873,-0.23461866,-0.3433188,-0.22630909,-0.26927805,-0.2657391,-0.26462808,-0.17747572,-0.25066572,-0.33845827,-0.27939707,-0.27328646,-0.17359778,-0.22236902,-0.25111678,-0.3502625,-0.28538394,-0.1706627,-0.26111388,-0.26548314,-0.28462666,-0.32756048,-0.2788417,-0.23479997,-0.26982406,-0.2921611,-0.2644565,-0.16600351,-0.3173398,-0.24410847,-0.26183486,-0.23835462,-0.19328995,-0.2505644,-0.27133346,-0.28177392,-0.24896201
k__Bacteria|p__Firmicutes|c__Bacilli|o__Gemellales|f__Gemellaceae|g__unclassified|s__unclassified,-0.18756051,-0.25353986,-0.28568232,-0.28354782,-0.2675016,-0.19436984,-0.34956193,-0.3004288,-0.28537756,-0.23893625,-0.18144658,-0.25163886,-0.28560245,-0.26524347,-0.2748499,-0.18383168,-0.25164378,-0.27602535,-0.28914937,-0.30426747,-0.2703327,-0.2457676,-0.2834314,-0.28343505,-0.2745605,-0.18152645,-0.23483415,-0.28847417,-0.27986747,-0.2641201,-0.1950804,-0.25374797,-0.29085827,-0.243206,-0.2885514,-0.19858317,-0.25618216,-0.2725234,-0.3010141,-0.28513896,-0.1850478,-0.25975457,-0.2766533,-0.29540408,-0.24587214,-0.20433666,-0.28815714,-0.34594566,-0.2801795,-0.26420432,-0.18474516,-0.24690184,-0.25680515,-0.28910446,-0.27363706,-0.18633343,-0.26907364,-0.35533303,-0.29020497,-0.35140985,-0.19047904,-0.26236767,-0.35751456,-0.27926558,-0.27500528,-0.20064607,-0.26029634,-0.29056308,-0.28638202,-0.27162626,-0.18385723,-0.2473095,-0.2606849,-0.28311723,-0.25742885,-0.1795226,-0.25144392,-0.2973876,-0.29131547,-0.26834488,-0.19524306,-0.25736606,-0.2789338,-0.3014409,-0.35463315,-0.18012318,1.7589206,-0.25551647,-0.29900682,-0.26139086,-0.2002644,-0.2645283,-0.288584,-0.2897907,-0.29837054,-0.20292959,-0.2552181,-0.30649143,-0.27453324,-0.27477863,-0.19340804,-0.25233012,-0.29342052,-0.29086196,-0.28327364,-0.26381022,-0.3555616,-0.29209656,-0.30617923,-0.25191894,-0.3433188,-0.27272356,-0.26925725,-0.27028337,-0.26452723,-0.19063628,-0.26553833,-0.33845827,-0.27915528,-0.26507485,-0.1883342,-0.27312353,-0.2840834,-0.3502625,-0.29135406,-0.19669238,-0.27334607,-0.2853064,-0.30108088,-0.32756048,-0.2788417,-0.27422768,-0.24757114,-0.28452322,-0.25040838,-0.16609848,-0.3173398,-0.26872617,-0.27542645,-0.2628651,-0.19682938,-0.2736346,-0.29108396,-0.29892033,-0.25836438
k__Bacteria|p__Firmicutes|c__Bacilli|o__unclassified|f__unclassified|g__unclassified|s__unclassified,-0.20126489,-0.31332427,-0.31685716,-0.31465882,-0.3212061,-0.21099666,-0.34956193,-0.31417507,-0.31538585,-0.31367013,-0.20965153,-0.30795568,-0.3243696,-0.34345376,-0.3281216,-0.20806272,-0.31364036,-0.32204664,-0.31094983,-0.33111703,-0.2703327,-0.29281792,-0.30328518,-0.31348276,-0.3176512,-0.19416544,-0.30008513,-0.31800246,-0.3110203,-0.30082023,-0.19367093,-0.3029797,-0.3270142,-0.3485593,-0.2985412,-0.2049365,-0.32007748,-0.32309997,-0.30165914,-0.31425247,-0.21353328,-0.33023348,-0.32618245,-0.3161844,-0.3307184,-0.19452986,-0.28815714,-0.34594566,-0.33529413,-0.31638557,-0.21105,-0.31246126,-0.32279816,-0.31556863,-0.3285268,-0.2098315,-0.30698735,-0.35533303,-0.32628068,-0.35140985,-0.20491377,-0.31795377,-0.35751456,-0.31240898,-0.33625102,-0.18334833,-0.30161786,-0.33123258,-0.3311269,-0.3255298,-0.20624933,-0.30931923,-0.3277709,-0.30963442,-0.3178479,-0.19861412,-0.29643166,-0.31486616,-0.32759404,-0.32668287,-0.20265508,-0.31358558,-0.33136398,-0.32191497,-0.35463315,-0.20795885,-0.24514951,-0.31054747,-0.3017766,-0.2895969,-0.21050957,-0.2645283,-0.33536577,-0.32505506,-0.3292719,-0.18764706,-0.3088176,-0.30649143,-0.31174362,-0.30915576,-0.20304751,-0.3287087,-0.31261265,-0.33476925,-0.32653785,-0.26381022,-0.3555616,-0.3166843,-0.32181495,-0.3051942,-0.3433188,-0.28437483,-0.33255604,-0.3285015,-0.33141923,-0.20524661,-0.30838984,-0.33845827,-0.32329208,-0.3379501,-0.20327961,-0.28087887,-0.2978093,-0.3502625,-0.3301191,-0.19567463,-0.31209147,-0.318951,-0.32408747,-0.32756048,-0.2788417,-0.29052752,-0.34624273,-0.34121913,-0.34028044,-0.21138418,-0.3173398,-0.31089354,-0.3220806,-0.30133384,-0.21407002,-0.30319625,-0.31979877,-0.32330042,-0.32260883
k__Bacteria|p__Firmicutes|c__Bacilli|o__Lactobacillales|f__Lactobacillaceae|g__Pediococcus|s__unclassified,-0.19952503,-0.29821795,-0.31116247,-0.3090258,-0.30818933,-0.2078312,-0.34956193,-0.3137709,-0.3101316,-0.29400074,-0.20307086,-0.29450446,-0.31584048,-0.32125145,-0.31470641,-0.20278597,-0.29773733,-0.31147277,-0.3084441,-0.32568628,-0.2703327,-0.28305843,-0.30188346,-0.3080353,-0.30798286,-0.19341275,-0.2844496,-0.3124527,-0.30547047,-0.2946778,-0.19707009,-0.2918035,-0.31886607,-0.31777936,-0.30059993,-0.20522606,-0.30326244,-0.31105918,-0.30636156,-0.30917913,-0.20668435,-0.3107112,-0.3141468,-0.3134832,-0.30754554,-0.20057839,1.3964955,-0.34594566,-0.3198731,-0.30324417,-0.20487916,-0.29574573,-0.3063702,-0.31142402,-0.31438392,-0.20449919,-0.298861,-0.35533303,-0.31714952,-0.35140985,-0.20281087,-0.3039354,-0.35751456,-0.30498964,-0.3197835,-0.19263929,-0.29311663,-0.32151163,-0.32007518,-0.3121332,-0.2016516,-0.29383698,-0.31049758,-0.30585158,-0.30309248,-0.19541186,-0.2871002,-0.3134905,-0.31952587,-0.31166142,-0.2028933,-0.29985756,-0.3181773,-0.31881922,-0.35463315,-0.20173055,-0.24514951,-0.29771644,-0.30572805,-0.2857832,-0.20937179,-0.2645283,-0.32359797,-0.31726736,-0.32169163,-0.19581808,-0.295676,-0.30649143,-0.30337608,-0.30284193,-0.20257401,-0.30739677,-0.3109119,-0.3238927,-0.3161965,-0.26381022,-0.3555616,-0.3127553,-0.3202515,-0.292673,-0.3433188,-0.28611314,-0.31567213,-0.31357738,-0.3133059,-0.20324764,-0.2990285,-0.33845827,-0.31206614,-0.3178646,-0.20116816,-0.28399563,-0.2980783,-0.3502625,-0.32100612,-0.19903612,-0.30352595,-0.3124863,-0.32030296,-0.32756048,-0.2788417,-0.2900435,-0.31785864,-0.32574034,-0.31475917,-0.199397,-0.3173398,-0.3018664,-0.31082025,-0.29334185,-0.21055286,-0.29815984,-0.3145622,-0.31897676,-0.30627823
k__Bacteria|p__Firmicutes|c__Bacilli|o__Bacillales|f__Staphylococcaceae|g__Staphylococcus|s__unclassified,-0.20033467,-0.3032962,-0.31291482,-0.31105202,-0.31250626,-0.20888796,-0.34956193,-0.31385458,-0.3121018,-0.30058432,-0.20542502,-0.29883736,-0.3184175,-0.3291111,-0.31908262,-0.20462179,-0.30323327,-0.31496993,-0.30926,-0.32724196,-0.2703327,-0.28625965,-0.30245373,-0.3102497,-0.3112427,-0.19387165,-0.2897855,-0.31413394,-0.30760947,-0.29644257,-0.19608349,-0.29539412,-0.3216169,-0.32849243,-0.29941654,-0.20527333,-0.30881214,-0.31499988,-0.3045954,-0.3108732,-0.20906448,-0.31704497,-0.3181509,-0.31462532,-0.31535158,-0.19844897,-0.28815714,-0.34594566,-0.3251288,-0.3076318,-0.20712629,-0.30138206,-0.31182832,-0.31239858,-0.3194723,-0.20649236,-0.30152363,-0.35533303,-0.3200847,-0.35140985,-0.20363566,-0.30832738,-0.35751456,-0.30778575,-0.3253236,-0.18937114,-0.29583675,-0.32467005,-0.32385403,-0.3165437,-0.20315906,-0.29903233,-0.31610572,-0.30708057,-0.30821323,-0.19681893,-0.29022926,-0.31376475,-0.32207578,-0.31680754,-0.20288503,-0.30432743,-0.32225007,-0.31991208,-0.35463315,-0.20369047,1.7702605,-0.3023645,-0.30421478,-0.28709725,-0.20959798,-0.2645283,-0.32734698,-0.31984127,-0.32417667,-0.19318384,-0.30013323,-0.30649143,-0.3063546,-0.30503464,-0.20280105,-0.31453288,-0.3111518,-0.327438,-0.31963575,-0.26381022,-0.3555616,-0.31409195,-0.32095635,-0.2968033,-0.3433188,-0.28503,-0.32175004,-0.3185891,-0.31967276,-0.20376724,-0.30174178,-0.33845827,-0.31582654,-0.324575,-0.20204332,-0.28268212,-0.29792988,-0.3502625,-0.3237642,-0.19784206,-0.30623734,-0.3141753,-0.32126772,-0.32756048,-0.2788417,-0.29011887,-0.3278162,-0.33096987,-0.32341352,-0.2036261,-0.3173398,-0.3051418,-0.3149237,-0.2959867,-0.21180443,-0.29950863,-0.31628025,-0.32054132,-0.31157842
k__Bacteria|p__Firmicutes|c__Bacilli|o__Lactobacillales|f__Lactobacillaceae|g__unclassified|s__unclassified,-0.040415946,-0.021743469,-0.05356146,-0.040178224,-0.019198515,-0.096314915,-0.34956193,-0.09386495,-0.0493615,0.0251454,-0.054691732,0.0022382443,-0.08074099,-0.09302418,-0.06460342,-0.054972053,-0.016350674,-0.045714833,-0.043873183,-0.16117585,-0.2703327,0.07716797,0.0027197376,-0.035270847,-0.025814578,0.0027065314,0.07864247,-0.0642544,-0.014279336,0.06520577,-0.033173606,0.017636148,-0.104652,-0.048530385,0.004283853,-0.08538838,-0.053564712,-0.038956627,-0.043641515,-0.043127246,-0.080000564,-0.10114527,-0.062336925,-0.07983245,0.00787735,-0.06415046,-0.28815714,0.8563247,-0.17814845,-0.0562862,-0.0681584,-0.00020424632,0.0034130588,-0.059950035,-0.062392887,-0.068650186,-0.041680288,-0.35533303,-0.17294262,-0.35140985,-0.06250422,-0.064362355,-0.35751456,-0.090088144,-0.09485274,-0.012953073,0.001329777,-0.11919411,-0.10842997,-0.046400934,-0.048390806,0.011495644,-0.023944333,-0.020717368,0.02118691,-0.007359763,0.046479933,-0.079642326,-0.11032018,-0.04005027,-0.068268314,-0.035966784,-0.08702121,-0.117878124,-0.35463315,-0.045200497,-0.24514951,0.048326857,-0.036790825,0.05062229,-0.11137222,-0.2645283,-0.13911489,-0.09457621,-0.20028657,-0.03484328,-0.008366278,-0.30649143,-0.07592416,0.004088849,-0.06432778,-0.07433258,-0.060904384,-0.13571867,-0.082875445,-0.26381022,0.5076186,-0.078776106,-0.13039164,0.019890936,-0.3433188,0.03158773,-0.061977383,-0.051437,-0.045431927,-0.064886376,-0.03910145,-0.33845827,-0.13198183,-0.073210955,-0.051248282,0.04281547,-0.04539843,-0.3502625,-0.12599307,-0.04706067,-0.07325276,-0.060232136,-0.12516734,-0.32756048,-0.2788417,0.0067970776,-0.053387053,-0.13864714,-0.039346464,-0.017666064,-0.3173398,0.010775911,-0.04258231,0.003992539,-0.11497028,-0.04249985,-0.07915488,-0.11431678,0.0036694854
k__Bacteria|p__Firmicutes|c__Bacilli|o__Lactobacillales|f__unclassified|g__unclassified|s__unclassified,0.06965969,0.20438015,0.13273336,0.15259013,0.20889163,-0.016290648,-0.34956193,0.051248193,0.13693342,0.29308733,0.06139172,0.23814562,0.0970594,0.118101075,0.13598692,0.05649112,0.21571589,0.1600658,0.13709328,-0.041772828,-0.2703327,0.34743243,0.21110637,0.16055301,0.18785152,0.13595879,0.3679796,0.11397611,0.19335066,0.32318908,0.064800724,0.25610346,0.05656383,0.21440575,0.19984233,-0.009016133,0.15671915,0.1744622,0.11531797,0.14571135,0.021212932,0.08874156,0.13688317,0.07998842,0.2811166,0.0078930985,-0.28815714,-0.34594566,-0.04743841,0.14221472,0.03848063,0.24343453,0.25728,0.115713015,0.14337498,0.034623034,0.15101379,-0.35533303,-0.058991954,-0.35140985,0.035185333,0.13136002,-0.35751456,0.07029064,0.096701175,0.080041885,0.22148669,0.039755214,0.05837875,0.16617781,0.06483265,0.257633,0.21500722,0.17830163,0.27882367,0.12775107,0.29674453,0.07750207,0.04684876,0.18107283,0.019000936,0.17748733,0.101385705,0.020121247,-0.35463315,0.074853644,-0.24514951,0.31680638,0.12788309,0.2852209,-0.04656771,-0.2645283,0.0123580545,0.07163969,-0.105878696,0.04857946,0.2195896,-0.30649143,0.09535294,0.22635326,0.026867379,0.13768737,0.108017415,0.015207894,0.09788243,-0.26381022,-0.3555616,0.08621843,-0.0041619614,0.26290596,-0.3433188,0.24027663,0.15248205,0.16371,0.18080059,0.029763017,0.15873137,-0.33845827,0.013927156,0.14239581,0.052860387,0.25203145,0.12282601,-0.3502625,0.023775313,0.043343008,0.101461634,0.12379617,0.010474052,-0.32756048,-0.2788417,0.20511338,0.20134038,0.023826666,0.21288559,0.13659596,-0.3173398,0.24493545,0.16555178,0.22268187,-0.045055576,0.14010084,0.08986148,0.02971144,0.25384024
k__Bacteria|p__Firmicutes|c__Clostridia|o__Clostridiales|f__Veillonellaceae|g__Megasphaera|s__micronuciformis,-0.23035988,-0.3318664,-0.35564643,-0.3569929,-0.34885815,-0.22467014,-0.34956193,-0.35832793,-0.35651112,-0.33090004,-0.22292992,-0.33510146,-0.35002133,-0.3325261,-0.34545937,-0.2246168,-0.3314942,-0.34974974,-0.36056304,-0.34899783,-0.2703327,-0.3453117,-0.36523813,-0.35768732,-0.352841,-0.23427084,-0.3375404,-0.35570616,-0.3593858,-0.36299285,-0.23759997,-0.33929974,-0.34980437,-0.3245661,-0.36948404,-0.22997433,-0.32771885,-0.3485854,-0.3696373,-0.35773066,-0.22077957,-0.32106596,-0.34709668,-0.35821533,-0.33799005,-0.23850401,-0.28815714,-0.34594566,-0.32153848,-0.33393914,-0.22269312,-0.33116162,-0.34512877,-0.35700956,-0.34525195,-0.22394466,-0.33985525,-0.35533303,-0.3303153,-0.35140985,-0.22821501,-0.33037,-0.35751456,-0.33818328,-0.33969918,-0.24575555,-0.34163547,-0.34630072,-0.3457982,-0.34669787,-0.22592653,-0.3339973,-0.3424673,-0.36032817,-0.34931996,-0.23062949,-0.3436373,-0.35950193,-0.3489488,-0.34545666,-0.23075713,-0.33203536,-0.34348306,-0.35554197,-0.35463315,-0.22384684,-0.24514951,-0.3522557,-0.36944848,-0.35340008,-0.22607443,-0.2645283,-0.3403132,-0.3507262,-0.3319771,-0.24328846,-0.3358866,-0.30649143,-0.33738422,-0.35897392,-0.23022193,-0.32065982,-0.3600436,-0.34358132,-0.34836638,-0.26381022,-0.3555616,-0.35488108,-0.35638022,-0.33964628,-0.3433188,-0.3565601,-0.34167498,-0.34430826,-0.3414774,-0.22800204,-0.33766943,-0.33845827,-0.32976225,-0.3365336,-0.22905806,-0.35962886,-0.35147092,-0.3502625,-0.34561294,-0.2360735,-0.33694947,-0.35384727,-0.3537218,-0.32756048,-0.2788417,-0.35326993,-0.3268252,-0.33793643,-0.3319272,-0.21868652,-0.3173398,-0.3545617,-0.3501465,-0.34505594,-0.22286163,-0.34304398,-0.35491937,-0.35397974,-0.34638044
k__Bacteria|p__Firmicutes|c__Bacilli|o__Lactobacillales|f__Lactobacillaceae|g__Lactobacillus|s__unclassified,-0.1958782,-0.3196956,-0.31125987,-0.30945367,-0.3243071,-0.20206188,-0.34956193,-0.3000505,-0.30934355,-0.32665974,-0.2076417,-0.31482995,-0.31860492,-0.3493791,-0.32699424,-0.20455518,-0.3211733,-0.32126233,-0.30235964,-0.3153741,-0.2703327,-0.30228376,-0.29869986,-0.3087679,-0.3169895,-0.19151452,-0.31547242,-0.31059423,-0.30755955,-0.30434018,-0.18376936,-0.30903852,-0.31897002,-0.3653565,-0.28868225,-0.19383982,-0.32452756,-0.3237385,-0.28609127,-0.30770758,-0.20952743,-0.33308727,-0.32488346,-0.30481827,-0.34464616,-0.17991214,1.4030144,0.9109649,-0.32739246,-0.3161097,-0.20754047,-0.32179108,-0.3318339,-0.30675632,-0.32927805,-0.20517585,-0.3049561,-0.35533303,-0.3129866,-0.35140985,-0.1980115,-0.31920475,-0.35751456,-0.30497116,-0.33576113,-0.1698378,-0.30397838,-0.32400244,-0.3248609,-0.326366,-0.20258367,-0.3179972,-0.3347119,-0.3040877,-0.32602996,-0.19781056,-0.3035389,-0.30286822,-0.31865156,-0.3297035,-0.19311309,-0.31763995,-0.32953,-0.30798203,-0.35463315,-0.20596483,-0.24514951,-0.31975272,-0.28724208,-0.28971136,-0.19831389,-0.2645283,-0.32811457,-0.31724378,-0.31202087,-0.17352071,-0.314542,-0.30649143,-0.30585217,-0.30806252,-0.19428465,-0.3357272,-0.30192965,-0.32634908,-0.32154214,-0.26381022,0.5983158,-0.30737624,-0.3055715,-0.31131035,0.7980886,-0.27965474,-0.33668008,-0.33150077,-0.3364915,-0.19731969,-0.3072971,-0.33845827,-0.31546962,-0.34248883,-0.19713336,-0.27514303,-0.2885156,-0.3502625,-0.3204018,-0.18495205,-0.30799598,-0.31311172,-0.31008023,-0.32756048,-0.2788417,-0.28512967,-0.36146498,-0.33647525,-0.35231888,-0.21713302,1.1293715,-0.31350446,-0.32171294,-0.30109972,-0.20387003,-0.2981522,-0.3115213,-0.31085443,-0.33004105
k__Bacteria|p__Firmicutes|c__Clostridia|o__Clostridiales|f__Clostridiaceae|g__Clostridium|s__perfringens,-0.09834176,-0.13560423,-0.15030473,-0.14079472,-0.13430068,-0.14019649,-0.34956193,-0.17203665,-0.1467328,-0.107605845,-0.11479972,-0.11636464,-0.17350979,-0.20001397,-0.16746968,-0.11345726,-0.13329256,-0.15095037,-0.13891494,-0.22600429,-0.2703327,-0.057920758,-0.104690954,-0.1366106,-0.13438207,-0.066297695,-0.06453088,-0.15749396,-0.1223723,-0.065289095,-0.08673675,-0.10263124,-0.19064638,-0.17909689,-0.09847671,-0.12803763,-0.1610744,-0.148351,-0.12956406,-0.14149895,-0.13329849,-0.19859385,-0.16490117,-0.16491419,-0.12817635,-0.10532202,-0.28815714,-0.34594566,-0.24844816,-0.15756354,-0.12414794,-0.12258227,-0.12311137,-0.15236342,-0.16695064,-0.12309818,-0.141114,-0.35533303,-0.23628125,-0.35140985,-0.11465432,-0.1649962,-0.35751456,-0.17492244,-0.19311425,-0.064550534,-0.11087456,-0.20251006,-0.19650349,-0.15440436,-0.10759834,-0.11301206,-0.14376357,-0.12419601,-0.10793303,-0.07670787,-0.079576194,-0.16368383,-0.19391319,-0.15194568,-0.11574801,-0.14402805,-0.18394601,-0.19296977,-0.35463315,-0.10744606,-0.24514951,-0.086253695,-0.12545004,-0.06954411,-0.14837578,-0.2645283,-0.21901956,-0.18241645,-0.25374556,-0.08165994,-0.12361254,-0.30649143,-0.16582476,-0.1090354,-0.11397676,-0.18145764,-0.15028705,-0.21558957,-0.17634065,-0.26381022,0.49916658,-0.16589993,-0.20019728,-0.10226783,-0.3433188,-0.07546565,-0.17151392,-0.160804,-0.16028184,-0.1163619,-0.14076275,-0.33845827,-0.20934084,-0.18237507,-0.10642411,-0.066256545,-0.1332581,-0.3502625,-0.20627579,-0.09644437,-0.16439593,-0.15604077,-0.19903357,-0.32756048,-0.2788417,-0.09704213,-0.17985779,-0.22390172,-0.16512299,-0.09509541,-0.3173398,-0.108326815,-0.14923275,-0.10775842,-0.15407686,-0.13760619,-0.16837311,-0.19216007,-0.12270805
k__Bacteria|p__Firmicutes|c__Clostridia|o__Clostridiales|f__Lachnospiraceae|g__Blautia|s__obeum,-0.2625445,-0.3701836,-0.403274,-0.4072156,-0.3931023,-0.24245429,-0.34956193,-0.40462196,-0.40539122,-0.3727237,-0.24464737,-0.3803124,-0.3875387,-0.34808606,-0.3791625,-0.24814105,-0.36964023,-0.39198363,-0.414759,-0.37384754,-0.2703327,-0.41242313,-0.43080547,-0.4097538,-0.40085042,-0.27674448,-0.39615014,-0.40132278,-0.41533303,-0.4343379,-0.278225,-0.39196077,-0.3827236,-0.3366272,-0.43918484,-0.2552272,-0.35590768,-0.38957018,-0.43361738,-0.40805817,-0.23661283,-0.33481005,-0.38337836,-0.40468642,-0.37292796,-0.27650446,-0.28815714,-0.34594566,-0.32510746,-0.3675897,-0.24223432,-0.3711753,-0.38884902,-0.40488207,-0.37923896,-0.24463743,-0.38417545,-0.35533303,-0.34437382,-0.35140985,-0.25499052,-0.3601105,-0.35751456,-0.37310782,-0.362696,-0.29893786,-0.3940434,-0.37458557,-0.37360328,-0.38424867,-0.2517265,-0.37778777,-0.37902224,-0.41712213,-0.3990177,-0.26781926,-0.4046157,-0.40753597,-0.3808077,-0.38263798,-0.25956917,-0.36858502,-0.37338662,-0.39322448,-0.35463315,-0.24757943,-0.24514951,-0.4113734,-0.43378365,-0.4233199,-0.2435714,-0.2645283,-0.3603521,-0.3867677,-0.34303457,-0.29068768,-0.38023895,-0.30649143,-0.37309125,-0.4179122,-0.25868422,-0.33812034,-0.41161543,-0.3660562,-0.38319153,-0.26381022,-0.3555616,-0.39948016,-0.39344794,-0.3911801,-0.3433188,-0.4297722,-0.3720511,-0.37851852,-0.37304163,-0.25355992,-0.37956446,-0.33845827,-0.3499282,-0.3587308,-0.2579711,-0.43778068,-0.40728799,-0.3502625,-0.37146008,-0.27376223,-0.37311321,-0.39880028,-0.38810676,-0.32756048,-0.2788417,-0.41788048,-0.34156924,-0.35298383,-0.35385996,-0.24047175,-0.3173398,-0.41123548,-0.39244276,-0.39921343,-0.23592548,-0.390913,-0.39775398,-0.39048475,-0.39023387
k__Bacteria|p__Firmicutes|c__Bacilli|o__Lactobacillales|f__Lactobacillaceae|g__Lactobacillus|s__zeae,-0.11918389,-0.17095882,-0.18443877,-0.17660524,-0.17246503,-0.15366144,-0.34956193,-0.2012658,-0.18172571,-0.14939332,-0.13324408,-0.1556499,-0.20376143,-0.22577405,-0.19936407,-0.13200381,-0.16861409,-0.18549654,-0.17533365,-0.24669755,-0.2703327,-0.10710406,-0.14660317,-0.17307562,-0.17232527,-0.09316032,-0.11342628,-0.19006173,-0.16100013,-0.1160063,-0.109235734,-0.14362155,-0.21693045,-0.2095853,-0.14243391,-0.14321606,-0.1918403,-0.18340191,-0.16730806,-0.1774499,-0.14852813,-0.22265135,-0.19691658,-0.19607875,-0.16828701,-0.12454745,-0.28815714,-0.34594566,-0.26256102,-0.18949291,-0.14050663,-0.16058165,-0.16393507,-0.18677074,-0.19828314,-0.1397461,-0.17454448,-0.35533303,-0.25220275,-0.35140985,-0.13265647,-0.19509806,-0.35751456,-0.20149182,-0.22042108,-0.091374785,-0.1505171,-0.22693244,-0.22236964,-0.18874852,-0.12734237,-0.1523132,-0.18064761,-0.16336045,-0.1512023,-0.10152046,-0.124882534,-0.19493853,-0.22045755,-0.18642443,-0.13345256,-0.17843421,-0.21263349,-0.21865918,-0.35463315,-0.1276281,1.7600356,-0.13216558,-0.16378337,-0.11671765,-0.16026354,-0.2645283,-0.24100682,-0.21047327,-0.2667874,-0.104948185,-0.1605929,-0.30649143,-0.19493699,-0.15134864,-0.132053,-0.2087324,-0.18460913,-0.23834217,-0.20623352,-0.26381022,-0.3555616,-0.19641268,-0.22429335,-0.14437562,0.9018388,-0.1206533,-0.2014164,-0.19335082,-0.19308005,-0.13445488,-0.17533314,-0.33845827,-0.23078474,-0.2119658,-0.1261366,-0.112911195,-0.16807973,-0.3502625,-0.22981063,-0.11770415,-0.19376221,-0.1895808,-0.22415608,-0.32756048,-0.2788417,-0.13744965,-0.21011162,-0.24481027,-0.19823675,-0.11771645,-0.3173398,-0.14969067,-0.1835852,-0.14821981,-0.16501841,-0.17222123,-0.19876766,-0.21792567,-0.16309759
k__Bacteria|p__Firmicutes|c__Bacilli|o__Lactobacillales|f__Leuconostocaceae|g__Leuconostoc|s__unclassified,-0.20833974,-0.3004033,-0.32189384,-0.32139093,-0.31388104,-0.21087262,-0.34956193,-0.32728076,-0.3220436,-0.29503036,-0.20529346,-0.29976103,-0.32142362,-0.31179875,-0.3169541,-0.20652644,-0.29952177,-0.3174911,-0.3237809,-0.32889345,-0.2703327,-0.2981233,-0.32126516,-0.32094264,-0.3169613,-0.2062204,-0.29301262,-0.32297617,-0.32021248,-0.3137743,-0.21218152,-0.30095488,-0.32393655,-0.3025772,-0.32423404,-0.21297097,-0.30162194,-0.31619138,-0.32941365,-0.32190675,-0.20677873,-0.3024851,-0.31754974,-0.32618147,-0.3048172,-0.21593934,-0.28815714,0.8756952,-0.31067598,-0.30545115,-0.20668961,-0.29781342,-0.30903375,-0.32347405,-0.3160202,-0.20742862,-0.30739906,-0.35533303,-0.31546873,-0.35140985,-0.20948017,-0.30424893,-0.35751456,-0.31128833,-0.3165928,-0.21505713,-0.3039484,-0.32314563,-0.3218742,-0.31543982,-0.2065785,-0.29832435,-0.3105486,-0.32121116,-0.30970854,-0.20491841,-0.3004293,-0.32710505,-0.32398167,-0.31408897,-0.21160391,-0.30199867,-0.31823415,-0.32847226,-0.35463315,-0.20500018,-0.24514951,-0.30837736,-0.32893735,-0.30623966,-0.21341065,-0.2645283,-0.32117948,-0.32337752,-0.31957436,-0.21577124,-0.30135545,-0.30649143,-0.30940947,-0.3173856,-0.21092209,-0.29927316,-0.32538444,-0.32314926,-0.32047176,-0.26381022,-0.3555616,-0.3235443,-0.33051947,-0.3011387,-0.3433188,-0.3097546,-0.3143407,-0.31479484,-0.31240016,-0.20985523,-0.30578095,-0.33845827,-0.31078398,-0.3122446,-0.20872125,-0.3110408,-0.31476212,-0.3502625,-0.32328796,-0.21262729,-0.30907097,-0.32174245,-0.32811183,-0.32756048,-0.2788417,-0.3106678,-0.3041283,-0.32026777,-0.30590004,-0.19877745,-0.3173398,-0.3138846,-0.31733915,-0.30605948,-0.21173766,-0.30959618,-0.32411826,-0.32743925,-0.3104751
k__Bacteria|p__Firmicutes|c__Clostridia|o__Clostridiales|f__Veillonellaceae|g__Selenomonas|s__unclassified,-0.17901912,-0.29090774,-0.28492528,-0.2806921,-0.2935286,-0.19969335,-0.34956193,-0.2817575,-0.2825932,-0.28962672,-0.19639814,-0.2796726,-0.30058342,-0.34015614,-0.3083054,-0.19301894,-0.291492,-0.29564053,-0.2731406,-0.31581944,-0.2703327,-0.24723679,-0.2566414,-0.2782978,-0.2863755,-0.16389585,-0.2627588,-0.2873829,-0.27252954,-0.2504884,-0.16343065,-0.26888737,-0.3065729,-0.34997654,-0.24692804,-0.18722007,-0.30530152,-0.2976433,-0.25444746,-0.27956718,-0.20475398,-0.32676178,-0.30423784,-0.28448516,-0.31215274,-0.16553773,-0.28815714,-0.34594566,-0.33849654,-0.29647428,-0.19937104,-0.2889368,-0.29671818,-0.28245866,-0.30886704,-0.1969237,-0.2780676,-0.35533303,-0.319589,-0.35140985,-0.18673193,-0.30120695,0.45545968,-0.29038548,-0.3250733,-0.14200163,-0.2666648,-0.31514582,-0.31509614,-0.30264884,-0.18913886,-0.28208262,-0.30685005,-0.26986712,-0.28612664,-0.17315729,-0.25546187,-0.2812992,-0.30787888,-0.3047943,-0.18227983,-0.29204953,-0.31468353,-0.2967423,-0.35463315,-0.19277087,-0.24514951,-0.2719795,-0.2543537,-0.2394391,-0.1987781,-0.2645283,-0.32557514,-0.30247217,-0.32467484,-0.15122758,-0.2813057,-0.30649143,-0.28901094,-0.26875535,-0.18305889,-0.32321876,-0.2764325,-0.32297724,-0.30510557,-0.26381022,-0.3555616,-0.28640252,-0.29687124,-0.27211106,-0.3433188,-0.23111731,-0.31639507,-0.30920818,-0.31433493,-0.18739292,-0.28111476,-0.33845827,-0.31316888,-0.32821953,-0.1834087,-0.22319928,-0.25824788,-0.3502625,-0.31423634,-0.16766815,-0.28909713,-0.2889332,-0.30096236,-0.32756048,-0.2788417,-0.24365404,-0.3449701,-0.33633897,-0.3322448,-0.19942108,-0.3173398,-0.27302516,-0.29567313,-0.26425335,-0.20633891,-0.27052468,-0.29128808,-0.2993793,-0.29552102
k__Bacteria|p__Firmicutes|c__Clostridia|o__Clostridiales|f__Veillonellaceae|g__Dialister|s__invisus,-0.0018294596,0.092286155,0.021263346,0.035869442,0.089556,-0.061705485,-0.34956193,-0.04665056,0.023786858,0.16528097,0.00064269226,0.11523627,0.0005149469,0.03726335,0.037422433,-0.0049717296,0.101693824,0.0495447,0.019590817,-0.10622177,-0.2703327,0.18834578,0.07143694,0.040873453,0.06872037,0.045513816,0.21330106,0.0075313523,0.06515687,0.1629319,-0.013336634,0.123587966,-0.030573316,0.12291928,0.060080066,-0.06248309,0.06141808,0.063124985,-0.007304013,0.03038317,-0.028128281,0.016529918,0.035411075,-0.022369578,0.15963176,-0.059416637,-0.28815714,-0.34594566,-0.09045082,0.044695638,-0.017089177,0.12413168,0.13107714,0.0075469688,0.04212345,-0.021203078,0.041486766,-0.35533303,-0.109477326,-0.35140985,-0.026212892,0.038445145,-0.35751456,-0.018947914,0.013315208,-0.011271141,0.09417705,-0.04075124,-0.023985945,0.059363723,0.00024750747,0.13278374,0.101777636,0.05243569,0.14413252,0.042868257,0.15045974,-0.02604656,-0.037252374,0.071937144,-0.041807897,0.071450114,0.010853149,-0.06580084,-0.35463315,0.0108149,-0.24514951,0.16765207,0.0029971078,0.1332382,-0.087166384,-0.2645283,-0.05581181,-0.020153433,-0.14686762,-0.033358127,0.09967102,-0.30649143,0.002473632,0.091363125,-0.03460861,0.054521378,-0.0024593398,-0.055872135,0.0035972297,-0.26381022,-0.3555616,-0.015590544,-0.086145125,0.13085052,-0.3433188,0.091477744,0.052446023,0.059388943,0.07674795,-0.029155996,0.05102212,-0.33845827,-0.05294823,0.0529074,-0.012901878,0.09727396,0.006357126,-0.3502625,-0.051585905,-0.02881066,0.006545794,0.016595662,-0.07061071,-0.32756048,-0.2788417,0.06909309,0.108856104,-0.041898213,0.11314032,0.06472813,-0.3173398,0.108769566,0.053975567,0.094471335,-0.08201864,0.029671583,-0.011090875,-0.05664184,0.12858635
k__Bacteria|p__Firmicutes|c__Clostridia|o__Clostridiales|f__Ruminococcaceae|g__Ruminococcus|s__bromii,-0.09200548,-0.07900813,-0.12918198,-0.12121993,-0.087561786,-0.12604213,-0.34956193,-0.1700428,-0.12805247,-0.036625892,-0.08866374,-0.06628258,-0.14051268,-0.11457239,-0.117931366,-0.09254325,-0.073691905,-0.11136265,-0.1315768,-0.20301336,-0.2703327,-0.025503434,-0.10193968,-0.11832398,-0.100943714,-0.064944625,-0.008905204,-0.13789776,-0.10463467,-0.0474993,-0.10087394,-0.06263325,-0.15881959,-0.062495306,-0.110479936,-0.12775165,-0.096975565,-0.103535235,-0.14995608,-0.124782845,-0.105091445,-0.1220399,-0.1195361,-0.15584712,-0.043492258,-0.12787178,-0.28815714,-0.34594566,-0.18559578,-0.10909593,-0.09917567,-0.06023877,-0.061841063,-0.13794275,-0.11444846,-0.10196474,-0.111279145,-0.35533303,-0.19875251,-0.35140985,-0.105764955,-0.1109907,-0.35751456,-0.14717692,-0.13056642,-0.101227805,-0.08027348,-0.16365978,-0.1538619,-0.10507852,-0.08974777,-0.056146927,-0.0787358,-0.11212957,-0.055278018,-0.065558024,-0.047395993,-0.15831469,-0.16240874,-0.09722605,-0.11558126,-0.09135547,-0.13268673,-0.18097529,-0.35463315,-0.08307311,-0.24514951,-0.042061985,-0.14369816,-0.060693994,-0.14138436,-0.2645283,-0.17101064,-0.15310241,-0.22137287,-0.11358367,-0.075868234,-0.30649143,-0.13450982,-0.08907014,-0.11140321,-0.09927997,-0.14474598,-0.17216311,-0.13804361,-0.26381022,-0.3555616,-0.15068167,-0.1932935,-0.058884427,-0.3433188,-0.08534397,-0.107163355,-0.104439974,-0.093729794,-0.10775635,-0.10533565,-0.33845827,-0.16488287,-0.10637361,-0.09819487,-0.082732126,-0.13450786,-0.3502625,-0.169977,-0.109145075,-0.13108337,-0.1316538,-0.18333976,-0.32756048,-0.2788417,-0.09838613,-0.07080974,-0.16307467,-0.069871366,-0.049865942,-0.3173398,-0.07739762,-0.10888338,-0.08194007,-0.13759999,-0.11889491,-0.14842963,-0.17519031,-0.06418455
k__Bacteria|p__Firmicutes|c__Clostridia|o__Clostridiales|f__Veillonellaceae|g__Megamonas|s__unclassified,-0.121871024,-0.15479779,-0.18364507,-0.17696166,-0.16125348,-0.15146841,-0.34956193,-0.20810786,-0.18251859,-0.1280564,-0.12681824,-0.14281136,-0.19697367,-0.19598842,-0.18569672,-0.12770224,-0.151203,-0.17687182,-0.18118337,-0.24282083,-0.2703327,-0.10356969,-0.15535626,-0.17447862,-0.16685048,-0.09882805,-0.10003203,-0.18948969,-0.16246073,-0.11905289,-0.12079585,-0.13541734,-0.21014795,-0.16660729,-0.15723471,-0.14746949,-0.1712269,-0.17220299,-0.18521172,-0.17874038,-0.14061797,-0.19539244,-0.18516526,-0.20037615,-0.14051154,-0.13935778,-0.28815714,-0.34594566,-0.24012217,-0.17634045,-0.13422593,-0.14231133,-0.14696157,-0.18871081,-0.18378374,-0.13518989,-0.16965964,0.48011053,-0.24087468,-0.35140985,-0.13367139,-0.17872739,-0.35751456,-0.19679748,-0.20028222,-0.113398075,-0.14622019,-0.21682146,-0.21091545,-0.17563994,-0.12445302,-0.13630664,-0.16103528,-0.16732514,-0.1382307,-0.10288602,-0.120944604,-0.20045325,-0.21390668,-0.17110662,-0.13823816,-0.16370903,-0.19766282,-0.22080278,-0.35463315,-0.12191434,-0.24514951,-0.123356245,-0.18053775,-0.12310305,-0.16090184,-0.2645283,-0.2263348,-0.20516902,-0.25739217,-0.124663755,-0.14845788,-0.30649143,-0.18884948,-0.15264603,-0.13572398,-0.1798067,-0.1904895,-0.22604267,-0.19731537,-0.26381022,-0.3555616,-0.19773057,-0.22840023,-0.13510653,-0.3433188,-0.13468674,-0.18137038,-0.17691888,-0.17237893,-0.13518956,-0.16782582,-0.33845827,-0.21775219,-0.1864078,-0.12766075,-0.13002437,-0.1773565,-0.3502625,-0.22007631,-0.12854384,-0.1864452,-0.18694127,-0.22409248,-0.32756048,-0.2788417,-0.14691406,-0.17055398,-0.22453552,-0.16495365,-0.10370493,-0.3173398,-0.1458418,-0.17476481,-0.14614633,-0.16143696,-0.17219228,-0.19778955,-0.21769783,-0.14654005
k__Bacteria|p__Firmicutes|c__Clostridia|o__Clostridiales|f__Veillonellaceae|g__Megasphaera|s__geminatus,-0.1516035,-0.20632118,-0.23152241,-0.22644371,-0.2149747,-0.17181505,-0.34956193,-0.24854226,-0.23038468,-0.18750273,-0.1544729,-0.1982302,-0.24007761,-0.23746385,-0.23160425,-0.15509641,-0.20360255,-0.22597659,-0.2299135,-0.27264202,-0.2703327,-0.17189875,-0.21274245,-0.22509715,-0.21933648,-0.13590507,-0.16840753,-0.23556921,-0.21639413,-0.18665168,-0.15137942,-0.19339135,-0.24892919,-0.21570417,-0.21389313,-0.16955109,-0.21677953,-0.22216184,-0.23357767,-0.2280222,-0.16383195,-0.23316628,-0.23119375,-0.24322966,-0.19878802,-0.16470547,-0.28815714,-0.34594566,-0.26472524,-0.22161722,-0.15958327,-0.19720897,-0.20461789,-0.23508784,-0.23052049,-0.16031763,-0.21731314,-0.35533303,-0.26614285,-0.35140985,-0.15977381,-0.22254287,-0.35751456,-0.23602876,-0.2410943,-0.1471328,-0.20106122,-0.25394708,-0.24913773,-0.22477496,-0.15306869,-0.19292238,-0.21415573,-0.22028422,-0.19874488,-0.1384041,-0.18360254,-0.2433714,-0.25160584,-0.22147349,-0.16322695,-0.2125327,-0.23999146,-0.25718468,-0.35463315,-0.15089768,-0.24514951,-0.18813519,-0.23017004,-0.18596499,-0.17861263,-0.2645283,-0.25947106,-0.2456211,-0.2786338,-0.15483892,-0.20211422,-0.30649143,-0.2303159,-0.20990118,-0.16121438,-0.22236192,-0.23646839,-0.25982535,-0.24035421,-0.26381022,-0.3555616,-0.24094252,-0.26257217,-0.19332862,0.9237303,-0.19567966,-0.22827865,-0.2253757,-0.22158484,-0.16043572,-0.21579464,-0.33845827,-0.25017154,-0.23112907,-0.15551406,-0.19126967,-0.22471452,-0.3502625,-0.25533712,-0.15691233,-0.22887616,-0.23348927,-0.2594779,-0.32756048,-0.2788417,-0.20271887,-0.21892083,-0.25800556,-0.21548557,-0.13757595,-0.3173398,-0.20432179,-0.22432506,-0.20141423,-0.17866844,-0.219423,-0.24110146,-0.2549114,-0.20388421
k__Bacteria|p__Firmicutes|c__Bacilli|o__Lactobacillales|f__Carnobacteriaceae|g__Granulicatella|s__unclassified,-0.14868751,-0.22448754,-0.23227072,-0.22688586,-0.22764808,-0.17207763,-0.34956193,-0.24007714,-0.22995172,-0.21226397,-0.16049239,-0.21332371,-0.2463735,-0.26822743,-0.24567215,-0.15902923,-0.22362062,-0.23536657,-0.22389743,-0.27238274,-0.2703327,-0.179568,-0.20499462,-0.22453031,-0.22581924,-0.13101533,-0.18651454,-0.2358896,-0.21678612,-0.18662721,-0.13954246,-0.20470336,-0.25514182,-0.26217872,-0.1996324,-0.16350344,-0.2393291,-0.23476765,-0.2147537,-0.2268002,-0.17058218,-0.260966,-0.24361438,-0.23794326,-0.23017025,-0.14791903,1.4000565,0.8578728,-0.28489557,-0.23538592,-0.1653082,-0.21843915,-0.22374086,-0.23228168,-0.24547054,-0.1641092,-0.2232241,-0.35533303,-0.27467507,-0.35140985,-0.15777215,-0.23977302,-0.35751456,-0.24057458,-0.2613054,-0.12428902,-0.20740798,-0.26258343,-0.25996315,-0.23861921,-0.15553184,-0.21236455,-0.23531748,-0.21682075,-0.21447152,-0.13806841,-0.19121706,-0.23687492,-0.25690842,-0.23812878,-0.15693817,-0.2284157,-0.2547869,-0.253118,-0.35463315,-0.15641499,-0.24514951,-0.2011231,-0.21305475,-0.18236595,-0.17530313,-0.2645283,-0.2721976,-0.2505035,-0.2835517,-0.13392955,-0.21683758,-0.30649143,-0.2364823,-0.21012038,-0.15642294,-0.25274262,-0.22982249,-0.27000514,-0.24855164,-0.26381022,-0.3555616,-0.23897657,-0.25638652,-0.20535728,0.79342574,-0.18241346,-0.2500081,-0.24326411,-0.24447875,-0.15865362,-0.2238369,-0.33845827,-0.26138544,-0.2575064,-0.15335466,-0.17653632,-0.2144542,-0.3502625,-0.26352316,-0.14481214,-0.23617333,-0.23586302,-0.2569352,-0.32756048,-0.2788417,-0.1951701,-0.26125318,-0.277262,-0.2513122,-0.15293396,1.122673,-0.21090846,-0.2345126,-0.20540795,-0.1797806,-0.21987325,-0.24154112,-0.25375897,-0.22354825
k__Bacteria|p__Firmicutes|c__Clostridia|o__Clostridiales|f__Veillonellaceae|g__Veillonella|s__unclassified,-0.25038165,-0.369327,-0.388884,-0.39123702,-0.38736343,-0.23784046,-0.34956193,-0.385001,-0.3896437,-0.37493005,-0.24201454,-0.37527117,-0.38004476,-0.36261857,-0.37819725,-0.24336931,-0.3693507,-0.3847491,-0.39398617,-0.36838943,-0.2703327,-0.39480752,-0.40439332,-0.3924597,-0.38978308,-0.25969782,-0.3878538,-0.3871861,-0.3967287,-0.41117352,-0.2573632,-0.3812893,-0.37608162,-0.36167294,-0.40805617,-0.24386661,-0.36064792,-0.38412124,-0.40183407,-0.3914124,-0.23668961,-0.34838825,-0.37947488,-0.38707715,-0.3812756,-0.25439525,-0.28815714,-0.34594566,-0.33803862,-0.36589748,-0.23996098,-0.3712855,-0.38732183,-0.38897464,-0.37818372,-0.24078342,-0.3733247,-0.35533303,-0.34634304,-0.35140985,-0.24564466,-0.36178136,-0.35751456,-0.36464888,-0.36869437,-0.267613,-0.38069326,-0.3719797,-0.37209326,-0.38157624,-0.2454659,-0.37489623,-0.38121945,-0.39690363,-0.39260793,-0.25511053,-0.3887429,-0.38836393,-0.3748297,-0.38149548,-0.24709581,-0.367346,-0.37385327,-0.37942111,-0.35463315,-0.2440685,1.7587966,-0.39875865,-0.40287903,-0.39739966,-0.23718303,-0.2645283,-0.363064,-0.37860024,-0.34486917,-0.26249444,-0.37427866,-0.30649143,-0.36560076,-0.39903286,-0.2469069,-0.35184878,-0.39137137,-0.36684492,-0.3784085,1.5893793,-0.3555616,-0.38391587,-0.37845597,-0.3820131,-0.3433188,-0.39915586,-0.37505993,-0.3791027,-0.37663442,-0.24488369,-0.37164795,-0.33845827,-0.35208988,-0.3689202,-0.24768195,-0.40236855,-0.38367283,-0.3502625,-0.3693484,-0.25461692,-0.36643392,-0.38654906,-0.3768734,-0.32756048,-0.2788417,-0.39135605,-0.36286455,-0.36140925,-0.36948574,-0.24319357,-0.3173398,-0.39570898,-0.38508675,-0.38394135,-0.23363556,-0.37599948,-0.38432088,-0.3787381,-0.38792264
k__Bacteria|p__Firmicutes|c__Bacilli|o__Lactobacillales|f__Enterococcaceae|g__Enterococcus|s__unclassified,-0.2521668,-0.41800335,-0.40304363,-0.40357244,-0.42618763,-0.24999072,-0.34956193,-0.38186133,-0.40175116,-0.43651384,-0.26434916,-0.4166329,-0.40779996,-0.44364107,-0.42172095,-0.2605476,-0.42072514,-0.41726884,-0.39452276,-0.3896358,-0.2703327,-0.4144153,-0.39766365,-0.40340656,-0.41581258,-0.25459015,-0.43122482,-0.4005766,-0.40579534,-0.41706312,-0.23843616,-0.41162044,-0.40347683,-0.47180766,-0.3871047,-0.24153337,-0.4185868,-0.42183992,-0.3746301,-0.4012973,-0.2622764,-0.42093536,-0.41905433,-0.39080217,-0.45687184,-0.22818261,-0.28815714,-0.34594566,-0.40037286,-0.40883714,-0.2615909,-0.42479065,-0.4397481,-0.39753586,-0.42425618,-0.25880378,-0.39598024,-0.35533303,-0.38321793,-0.35140985,-0.25087634,-0.41008982,-0.35751456,-0.38767624,-0.42678714,-0.2250891,-0.40260625,-0.40682274,-0.410555,-0.42407703,-0.25934362,-0.4224497,-0.43862236,-0.4010952,-0.4359263,-0.26020497,-0.4099412,-0.38799238,-0.40257892,-0.4289807,-0.24383157,-0.4131869,-0.42002654,-0.38765872,-0.35463315,-0.26435506,-0.24514951,-0.43198073,-0.37706798,-0.39517772,-0.24273449,-0.2645283,-0.40874946,-0.40330625,-0.3774227,-0.22543046,-0.41360864,-0.30649143,-0.3919402,-0.41023996,-0.24608085,-0.42878845,-0.39086354,-0.40780103,-0.41128102,-0.26381022,-0.3555616,-0.39339513,-0.3820666,-0.41603184,-0.3433188,-0.3781416,-0.4324904,-0.42860094,-0.43633598,-0.25020903,-0.40034038,-0.33845827,-0.39393884,-0.43939793,-0.25191602,-0.37431553,-0.37507468,-0.3502625,-0.4016747,-0.23759612,-0.3940817,-0.40451735,-0.38940305,-0.32756048,-0.2788417,-0.38012266,-0.4657567,-0.4196807,-0.4578464,-0.2830872,-0.3173398,-0.41730657,-0.4183545,-0.4009654,-0.24894258,-0.38775373,-0.3986835,-0.39153996,-0.43753856
k__Bacteria|p__Firmicutes|c__Clostridia|o__Coriobacteriales|f__Coriobacteriaceae|g__Slackia|s__unclassified,-0.1342581,-0.15947792,-0.19943136,-0.1939355,-0.16999193,-0.15663931,-0.34956193,-0.2273072,-0.19887891,-0.13060695,-0.13101965,-0.15157357,-0.20621362,-0.18542986,-0.18997134,-0.13378693,-0.15541723,-0.18642682,-0.20186052,-0.248903,-0.2703327,-0.12486376,-0.18217131,-0.19227578,-0.17967252,-0.116321385,-0.1126803,-0.20489632,-0.1823294,-0.14486203,-0.14103028,-0.14924483,-0.21812478,-0.1484551,-0.18883833,-0.15855247,-0.17070052,-0.18040326,-0.21578379,-0.19628027,-0.14200267,-0.18678981,-0.19116455,-0.21771386,-0.13798355,-0.16016895,-0.28815714,-0.34594566,-0.23009798,-0.18047245,-0.13798332,-0.14656705,-0.15223789,-0.20584854,-0.1873451,-0.14010301,-0.1822441,-0.35533303,-0.24028674,-0.35140985,-0.14346834,-0.18089949,-0.35751456,-0.20616388,-0.19757923,-0.14314905,-0.16179298,-0.2212052,-0.21448596,-0.18147328,-0.13214177,-0.14349696,-0.16312315,-0.18843028,-0.14804614,-0.116322815,-0.13977203,-0.21969455,-0.22106643,-0.17559874,-0.15060341,-0.1683293,-0.20002346,-0.23432699,-0.35463315,-0.12742932,-0.24514951,-0.13846025,-0.21126641,-0.14997908,-0.16751817,-0.2645283,-0.22539054,-0.21444885,-0.25630018,-0.15110186,-0.15738821,-0.30649143,-0.197878,-0.1725511,-0.14747669,-0.17124681,-0.21070483,-0.22682062,-0.20424092,-0.26381022,-0.3555616,-0.21360278,-0.24289367,-0.14700297,-0.3433188,-0.1678468,-0.18142909,-0.1805177,-0.17223513,-0.14472467,-0.1783382,-0.33845827,-0.21770307,-0.18069996,-0.13838312,-0.1659498,-0.2006469,-0.3502625,-0.22479554,-0.14711942,-0.19545421,-0.20082773,-0.23578538,-0.32756048,-0.2788417,-0.17514887,-0.15473166,-0.21931899,-0.15484947,-0.10390735,-0.3173398,-0.16295508,-0.18429664,-0.16337347,-0.16436002,-0.18868273,-0.21182875,-0.23004684,-0.15310761
k__Bacteria|p__Firmicutes|c__Erysipelotrichi|o__Erysipelotrichales|f__Erysipelotrichaceae|g__[Eubacterium]|s__dolichum,-0.08920762,-0.06859371,-0.123204134,-0.117063425,-0.08002367,-0.112281874,0.5812351,-0.16246381,-0.12271244,-0.029465629,-0.078615904,-0.0617239,-0.12687248,-0.08459177,-0.10203669,-0.08366217,-0.0631422,-0.101587616,-0.13019249,-0.1792841,1.4584278,-0.0374735,-0.10995396,-0.11547863,-0.09578801,-0.07042897,-0.014840934,-0.1299718,-0.10486279,-0.061315455,-0.10422152,-0.06269997,-0.14106089,-0.031231798,-0.12213931,-0.11933914,-0.07893007,-0.09314679,-0.1556448,-0.12110589,-0.09042904,-0.09322594,-0.10529516,-0.14794177,-0.030427665,-0.1290408,-0.28815714,-0.34594566,-0.14768572,-0.09477636,-0.08712301,-0.05181347,-0.05457665,-0.1323401,-0.098595254,-0.09083989,-0.104362786,-0.35533303,-0.16836849,-0.35140985,-0.09894455,-0.09402314,-0.35751456,-0.13221031,-0.106771074,-0.11430995,-0.0803439,-0.14225549,-0.13284811,-0.092657186,-0.08282089,-0.05065327,-0.066129915,-0.11353224,-0.053027436,-0.06690434,-0.05435819,-0.1521132,-0.14404592,-0.084083445,-0.11013986,-0.079870164,-0.11343781,-0.16608998,-0.35463315,-0.07496197,-0.24514951,-0.045855477,-0.14989454,-0.07440045,-0.12723824,-0.2645283,-0.14424273,-0.13727593,-0.18824357,-0.1218156,-0.06957878,1.2259736,-0.1213495,-0.09224766,-0.10570027,-0.07338008,-0.14140102,-0.14657888,-0.12259977,-0.26381022,0.5135486,-0.14230376,-0.1776827,-0.0580388,-0.3433188,-0.10091062,-0.08848526,-0.088796325,-0.07641754,-0.10046476,-0.097757846,-0.33845827,-0.13935152,-0.082616754,-0.09323372,-0.10182976,-0.13584328,-0.3502625,-0.14826909,-0.11050947,-0.11837654,-0.12378404,-0.1667926,-0.32756048,1.4673542,-0.107382864,-0.041727655,-0.13182712,-0.046286613,-0.040650036,-0.3173398,-0.07877575,-0.098799266,-0.0834584,-0.12040231,-0.11525993,-0.13820878,-0.15962473,-0.057028227
k__Bacteria|p__Firmicutes|c__Bacilli|o__Lactobacillales|f__Streptococcaceae|g__Streptococcus|s__unclassified,0.2317,0.2480852,0.3366444,0.32656288,0.2693935,0.2723457,-0.34956193,0.39778906,0.3358502,0.18549559,0.21795987,0.23445788,0.34535852,0.28688774,0.30736315,0.22549817,0.23970783,0.30411467,0.34567448,0.4312963,-0.2703327,0.18965042,0.30998176,0.32337397,0.2929036,0.19862393,0.15701161,0.34830105,0.30568743,0.23108125,0.25266925,0.23432696,0.3704859,0.20372808,0.32693863,0.28132266,0.2676369,0.29125595,0.38250297,0.33206123,0.23848493,0.29438546,0.3117054,0.3763544,0.19425943,0.29223534,1.4378436,0.8828871,0.38332796,0.29025286,0.23232669,0.2207754,0.22909886,0.35064232,0.30209947,0.23772973,0.30248886,0.44368458,0.41277146,0.36323726,0.24854143,0.2907803,0.6077044,0.3498841,0.31791353,0.263897,0.26200294,0.3731513,0.35851324,0.29090172,0.22325933,0.21782944,0.24948463,0.31814915,0.22487113,0.19516304,0.21860589,0.3818125,0.37474084,0.27832955,0.26536733,0.2658648,0.32667333,0.40820253,0.61645496,0.21132001,1.8106166,0.21059665,0.37357438,0.24663496,0.29577705,-0.2645283,0.37740523,0.36329597,0.44486147,0.2780194,0.24826619,1.2406756,0.33136156,0.2836837,0.25870132,0.2620641,0.3634956,0.3815009,0.33945388,1.6028498,0.56475747,0.36670893,0.42646796,0.22749971,0.7918666,0.28818172,0.28793287,0.28766465,0.26812035,0.25088003,0.29175565,0.87104774,0.36518297,0.28026086,0.2386863,0.28739727,0.34840915,-0.3502625,0.38151032,0.26307267,0.3269437,0.33787662,0.40954745,-0.32756048,1.4783747,0.30095994,0.21855122,0.3614624,0.2230809,0.15835196,2.073183,0.26318413,0.30071896,0.26606333,0.28625038,0.3178952,0.36198133,0.39820665,0.23345211
k__Bacteria|p__Firmicutes|c__Bacilli|o__Lactobacillales|f__Streptococcaceae|g__Lactococcus|s__unclassified,0.038278285,0.18525523,0.09153736,0.107148066,0.17984068,-0.024792932,-0.34956193,0.006784055,0.09348233,0.273508,0.050367143,0.20750585,0.074055836,0.14021932,0.12298696,0.041534074,0.197146,0.1318676,0.08324391,-0.049170256,-0.2703327,0.28030777,0.1385796,0.11247037,0.15040964,0.088439815,0.31925285,0.07550548,0.13876958,0.247156,0.015632864,0.2121763,0.03889352,0.2499873,0.11846374,-0.032145865,0.15415573,0.14918122,0.03996174,0.09969364,0.019276412,0.11011279,0.118827164,0.037626684,0.275361,-0.039645754,-0.28815714,0.8563247,-0.014999439,0.1287955,0.030108508,0.22323066,0.2327489,0.07305753,0.130001,0.023713995,0.11601937,-0.35533303,-0.048300065,-0.35140985,0.012306137,0.12378299,-0.35751456,0.0481366,0.10248473,0.007042437,0.17496201,0.031193316,0.051409602,0.14730616,0.045874387,0.23003066,0.20182848,0.12184699,0.24319637,0.09032625,0.23827982,0.03141007,0.031478852,0.16402203,-0.009167459,0.16014852,0.09433812,-0.009456843,-0.35463315,0.060566053,-0.24514951,0.26517552,0.052313462,0.20798007,-0.05652922,-0.2645283,0.018438168,0.049587265,-0.0919021,-0.015089069,0.1892328,-0.30649143,0.073394164,0.16920465,-0.00013740099,0.1552858,0.057708606,0.01659751,0.080193266,-0.26381022,-0.3555616,0.047626376,-0.034240514,0.22223088,-0.3433188,0.15265062,0.14694737,0.15074131,0.17501001,0.008591475,0.12897311,-0.33845827,0.018104885,0.15269062,0.026741195,0.15567169,0.06260284,-0.3502625,0.01714721,-0.00095391006,0.07876448,0.08780894,-0.013280481,-0.32756048,-0.2788417,0.13158631,0.2309144,0.04034865,0.22897485,0.1306,-0.3173398,0.19347385,0.13734776,0.17312294,-0.046230003,0.097352445,0.055031344,0.003183931,0.22841369
k__Bacteria|p__Firmicutes|c__Clostridia|o__Clostridiales|f__Lachnospiraceae|g__Coprococcus|s__eutactus,-0.25572646,-0.39895982,-0.40231365,-0.40400726,-0.41270027,-0.24666327,-0.34956193,-0.3897766,-0.40206835,-0.41104567,-0.2564274,-0.40173495,-0.39915425,-0.40655494,-0.4047224,-0.25539535,-0.4006896,-0.406685,-0.40088692,-0.38274705,-0.2703327,-0.41257524,-0.4095798,-0.40511262,-0.40921286,-0.2624581,-0.41663447,-0.40038794,-0.4085082,-0.42227116,-0.25335002,-0.40338653,-0.39505485,-0.41969937,-0.4058538,-0.24649999,-0.39402062,-0.4086324,-0.3958382,-0.40293843,-0.2519272,-0.38771057,-0.40448305,-0.39502734,-0.42359877,-0.2460906,-0.28815714,-0.34594566,-0.37139046,-0.39228445,-0.25400156,-0.40345892,-0.41876334,-0.3992932,-0.40623793,-0.2531826,-0.3905947,-0.35533303,-0.36803174,-0.35140985,-0.25203222,-0.39036214,-0.35751456,-0.38175195,-0.4014969,-0.2523952,-0.3982908,-0.39399624,-0.39570606,-0.40803543,-0.25610226,-0.40440437,-0.4147185,-0.40588742,-0.42072612,-0.26282766,-0.4070003,-0.3945221,-0.39327246,-0.41063127,-0.24934044,-0.39511442,-0.4014481,-0.38906166,-0.35463315,-0.25739312,-0.24514951,-0.42279863,-0.39765728,-0.4040532,-0.24257264,-0.2645283,-0.3894072,-0.3963122,-0.36376157,-0.24970976,-0.40030754,-0.30649143,-0.38423118,-0.41202462,-0.25034207,-0.39384168,-0.39754215,-0.3908679,-0.39973617,-0.26381022,-0.3555616,-0.39502114,-0.38600397,-0.40515405,-0.3433188,-0.397947,-0.4085915,-0.40949845,-0.4115882,-0.25076762,-0.39131832,-0.33845827,-0.37648025,-0.40770298,-0.25362056,-0.3970869,-0.38619047,-0.3502625,-0.389521,-0.25070956,-0.38549227,-0.401195,-0.38810068,-0.32756048,-0.2788417,-0.3943885,-0.4173752,-0.39401764,-0.41710898,-0.2663173,-0.3173398,-0.41405022,-0.40784028,-0.39911366,-0.24356583,-0.3879363,-0.3974386,-0.39068162,-0.41854775
k__Bacteria|p__Firmicutes|c__Clostridia|o__Clostridiales|f__Clostridiaceae|g__Clostridium|s__unclassified,-0.5545418,-0.9910784,-0.9039868,-0.92505896,-1.0144016,-0.46065933,-0.34956193,-0.7879497,-0.9064827,-1.1097755,-0.56214654,-1.0258065,-0.87224275,-0.9407761,-0.9301535,-0.55171406,-1.0060335,-0.9513988,-0.8977307,-0.70018756,-0.2703327,-1.1380434,-0.97994125,-0.9331301,-0.97805655,-0.62826765,-1.1827823,-0.8795705,-0.9700093,-1.1241636,-0.5305437,-1.0376444,-0.82298994,-1.078598,-0.953321,-0.45696354,-0.9400946,-0.9717604,-0.84789896,-0.9139495,-0.5169622,-0.87064576,-0.92847437,-0.8308579,-1.1304547,-0.45820326,-0.28815714,-0.34594566,-0.69837356,-0.9125414,-0.53375286,-1.0415498,-1.0852394,-0.87858814,-0.9415843,-0.52569234,-0.9052844,-0.35533303,-0.664093,-0.35140985,-0.5165687,-0.9028332,-0.35751456,-0.8071312,-0.89473164,-0.530596,-0.9895581,-0.8097912,-0.83386314,-0.9655337,-0.55891085,-1.0525389,-1.0378687,-0.9495444,-1.101368,-0.62703407,-1.0788511,-0.82520306,-0.81201845,-0.98754245,-0.49033526,-0.95702505,-0.89328516,-0.76385576,0.631088,-0.57620394,-0.24514951,-1.1349833,-0.86286336,-1.0468447,-0.41912585,-0.2645283,-0.7827151,-0.8385839,-0.6073125,-0.49739665,-1.0012326,-0.30649143,-0.8389983,-1.0119394,-0.5013912,-0.93296486,-0.86195827,-0.78506756,-0.87657,1.725283,-0.3555616,-0.84043676,-0.7297081,-1.0515251,-0.3433188,-0.97666484,-0.9630786,-0.9688405,-0.99686825,-0.5096332,-0.9196836,0.88452154,-0.7563011,-0.9603759,-0.5360529,-0.98381037,-0.8500557,-0.3502625,-0.78331876,-0.5081742,-0.8498423,-0.8971127,-0.7561998,-0.32756048,-0.2788417,-0.9402617,-1.0582134,-0.8083059,-1.0594084,-0.66657436,-0.3173398,-1.039704,-0.9572564,-0.98715687,-0.42819393,-0.88346064,-0.852088,-0.7779449,-1.0765564
k__Bacteria|p__Firmicutes|c__Erysipelotrichi|o__Erysipelotrichales|f__[Coprobacillaceae]|g__Coprobacillus|s__unclassified,-0.04842052,-0.02636806,-0.06454962,-0.051792152,-0.02646185,-0.10103218,-0.34956193,-0.10703247,-0.060627107,0.021519775,-0.058469847,-0.004538399,-0.08866097,-0.08990355,-0.070119046,-0.059894647,-0.020543639,-0.0533893,-0.057574216,-0.16807571,-0.2703327,0.06419254,-0.013485,-0.047023144,-0.03549216,-0.007962504,0.07059419,-0.07534278,-0.027417745,0.04913868,-0.04571214,0.008235632,-0.111789055,-0.0415266,-0.015611339,-0.0931268,-0.05605275,-0.04618628,-0.06288302,-0.055543464,-0.08248392,-0.09967239,-0.06844269,-0.09196386,0.006507717,-0.07700859,-0.28815714,-0.34594566,-0.17628926,-0.061557442,-0.071733415,-0.004638904,-0.0014580563,-0.07218716,-0.066764265,-0.07297626,-0.05081044,-0.35533303,-0.17625478,-0.35140985,-0.06935863,-0.06834606,-0.35751456,-0.09762505,-0.09681103,-0.030465893,-0.009087564,-0.12447327,-0.11339851,-0.05241843,-0.0542406,0.005409108,-0.0276323,-0.034631155,0.013706654,-0.015466532,0.034805723,-0.092823535,-0.1172417,-0.045195393,-0.07655534,-0.040830098,-0.09126133,-0.12798977,-0.35463315,-0.049871534,-0.24514951,0.038405318,-0.056267735,0.033829518,-0.116974,-0.2645283,-0.1419432,-0.10248917,-0.20372568,-0.050453447,-0.015221046,-0.30649143,-0.08367921,-0.008967333,-0.07235175,-0.072560936,-0.07476257,-0.13934547,-0.08969897,-0.26381022,-0.3555616,-0.08987173,-0.14114791,0.011103063,0.7998961,0.012060367,-0.06429161,-0.05571078,-0.048238695,-0.07204218,-0.047555067,-0.33845827,-0.13505101,-0.07321495,-0.05860055,0.021399098,-0.05993563,-0.3502625,-0.13216065,-0.058591127,-0.08079955,-0.0706942,-0.13465834,-0.32756048,-0.2788417,-0.0105471555,-0.04735847,-0.13906932,-0.036901213,-0.019027144,-0.3173398,-0.00058398105,-0.0501074,-0.007968583,-0.11861178,-0.053876236,-0.08949083,-0.12391342,-0.0027589984
k__Bacteria|p__Firmicutes|c__Erysipelotrichi|o__Erysipelotrichales|f__[Coprobacillaceae]|g__Catenibacterium|s__unclassified,-0.15174724,-0.21987586,-0.23481491,-0.22970113,-0.22542441,-0.17423514,-0.34956193,-0.24656177,-0.2330951,-0.20495738,-0.16002375,-0.20959014,-0.24686514,-0.2593013,-0.24338037,-0.15941215,-0.21825337,-0.23454103,-0.22918834,-0.2761072,-0.2703327,-0.1785196,-0.21041532,-0.22754207,-0.22608504,-0.1346122,-0.1812449,-0.23880967,-0.21967238,-0.18885025,-0.14623103,-0.20251924,-0.25604206,-0.24703902,-0.20781928,-0.16810063,-0.23331673,-0.23275185,-0.22517689,-0.23029763,-0.16999024,-0.25316176,-0.24169117,-0.2433731,-0.22053269,-0.15657756,-0.28815714,-0.34594566,-0.28064007,-0.2328192,-0.16507629,-0.21248662,-0.21861003,-0.23623955,-0.24266903,-0.16465594,-0.22371456,0.5478449,-0.2749393,0.45551246,-0.16055992,-0.23589218,-0.35751456,-0.24204105,-0.2566756,-0.13501117,-0.20725153,-0.26254457,-0.25906205,-0.23610944,-0.15642223,-0.20720276,-0.22957692,-0.22087342,-0.21056226,-0.13978732,-0.190272,-0.24254027,-0.258084,-0.23463354,-0.16147816,-0.2246631,-0.251913,-0.25827456,-0.35463315,-0.15610579,-0.24514951,-0.1983449,-0.22300886,-0.18610382,-0.17889144,-0.2645283,-0.270409,-0.25197923,-0.28559512,-0.14411803,-0.21356878,-0.30649143,-0.23706293,-0.21261287,-0.16038302,-0.24375439,-0.23535773,-0.26943985,-0.24858019,-0.26381022,-0.3555616,-0.24260156,-0.26248354,-0.20316434,-0.3433188,-0.18984714,-0.2443657,-0.2392677,-0.23852117,-0.1614395,-0.22329602,-0.33845827,-0.2603035,-0.25020963,-0.15619846,-0.18476966,-0.22123149,-0.3502625,-0.26388046,-0.15147138,-0.23625556,-0.23783088,-0.26132953,-0.32756048,-0.2788417,-0.20071954,-0.24735634,-0.27334034,-0.24015847,-0.14859062,-0.3173398,-0.21077888,-0.2335685,-0.20645967,-0.18167238,-0.2222547,-0.24453226,-0.2577895,-0.21851975
k__Bacteria|p__Firmicutes|c__Clostridia|o__Clostridiales|f__Veillonellaceae|g__Veillonella|s__parvula,0.02846479,-0.08360903,0.012880161,-0.0021069646,-0.07459329,0.09255767,0.5597529,0.097015366,0.0115080625,-0.1712287,0.017275266,-0.10666095,0.031186774,-0.031977266,-0.016320273,0.026074018,-0.09512975,-0.026771158,0.02082394,0.1549211,-0.2703327,-0.18099329,-0.035455287,-0.007693857,-0.045656636,-0.022516947,-0.21907213,0.029643387,-0.033837005,-0.14396273,0.050761838,-0.11193314,0.067636505,-0.14040291,-0.015056476,0.099437244,-0.050821964,-0.04351197,0.06357339,0.004899651,0.048789486,-0.0056148106,-0.013110787,0.06730339,-0.16838662,0.1053551,1.4563081,0.8580661,0.12019569,-0.026111186,0.037891686,-0.121374324,-0.12801732,0.03171675,-0.024098068,0.04424508,-0.01532686,-0.35533303,0.1522419,-0.35140985,0.054758526,-0.020974971,-0.35751456,0.05430457,0.0046051294,0.05751283,-0.07490751,0.074626535,0.055729106,-0.041448265,0.021516463,-0.12820783,-0.09619652,-0.01780209,-0.13804954,-0.023812115,-0.13840988,0.07276857,0.074603796,-0.05789669,0.0758434,-0.05866895,0.01133351,0.11520095,0.6229719,0.0070857,-0.24514951,-0.16171753,0.0517658,-0.10873021,0.12409915,-0.2645283,0.087432414,0.056383207,0.19578382,0.080279484,-0.088041015,-0.30649143,0.02921626,-0.065461695,0.06714053,-0.05120773,0.04601556,0.089961186,0.025683954,1.5872308,1.0783712,0.056388013,0.14015068,-0.12148078,0.79342574,-0.05358348,-0.04081273,-0.043619007,-0.06808674,0.05879805,-0.028153207,0.87645906,0.08531706,-0.045184746,0.040322427,-0.057737716,0.036421914,-0.3502625,0.08909364,0.066836275,0.022834428,0.01629059,0.11889623,-0.32756048,1.4769686,-0.031307697,-0.123111874,0.068189144,-0.12137781,-0.062440477,1.1236174,-0.090007335,-0.031285778,-0.07208711,0.11444211,0.00308431,0.04969427,0.1029125,-0.1224978
k__Bacteria|p__Firmicutes|c__Erysipelotrichi|o__Erysipelotrichales|f__Erysipelotrichaceae|g__Holdemania|s__unclassified,0.020283245,0.121611014,0.05360987,0.06973012,0.120847344,-0.048031025,-0.34956193,-0.016754538,0.056773543,0.19650245,0.017587937,0.14826107,0.026974514,0.05379597,0.062002696,0.012731826,0.13107932,0.07922149,0.05488225,-0.08849949,-0.2703327,0.23379649,0.1136469,0.07552855,0.10113901,0.07375101,0.25493774,0.038055636,0.10267337,0.20941742,0.012809655,0.16056782,-0.006299898,0.13878,0.10294847,-0.044983007,0.08465989,0.092302285,0.032022797,0.063747406,-0.014683903,0.031446792,0.061639562,0.008268431,0.1878767,-0.03535358,-0.28815714,-0.34594566,-0.08316688,0.068791516,-0.0014888283,0.1547428,0.16311039,0.03927493,0.067814164,-0.0053207353,0.072765246,-0.35533303,-0.096838556,-0.35140985,-0.007222228,0.062186956,-0.35751456,0.005949259,0.03248851,0.0212215,0.13091323,-0.01924216,-0.002537541,0.08642359,0.019157559,0.1656893,0.12952107,0.08967584,0.17948426,0.06855139,0.19260105,0.0055215955,-0.01401639,0.09948502,-0.022107486,0.099312976,0.033795,-0.040102728,-0.35463315,0.028725926,-0.24514951,0.20837678,0.0429488,0.17856735,-0.07417728,-0.2645283,-0.039031684,0.005412668,-0.13705163,-0.0041000657,0.13232931,-0.30649143,0.027442187,0.1298092,-0.014994308,0.07214447,0.030743673,-0.037898317,0.028596006,-0.26381022,-0.3555616,0.0143853035,-0.06120371,0.16667883,-0.3433188,0.13818231,0.07773652,0.08562817,0.1016321,-0.010980953,0.08067832,-0.33845827,-0.036371764,0.07239939,0.0072518853,0.14696348,0.042866662,-0.3502625,-0.03162509,-0.0043730875,0.03337433,0.047442183,-0.046646282,-0.32756048,-0.2788417,0.11133188,0.1263029,-0.027637713,0.13354206,0.08281914,-0.3173398,0.14723134,0.08408047,0.13050963,-0.07121833,0.062232316,0.018352918,-0.031314954,0.16071549
k__Bacteria|p__Firmicutes|c__Clostridia|o__Clostridiales|f__Veillonellaceae|g__Veillonella|s__dispar,0.3736692,0.51735395,0.57131714,0.57017994,0.5445905,0.3748299,0.57323325,0.5892688,0.5717757,0.49949527,0.35982183,0.5184654,0.5651256,0.52645457,0.54845166,0.36392254,0.5149822,0.55493754,0.57945853,0.58278817,1.7153323,0.5227898,0.57859397,0.5707046,0.5555911,0.37135684,0.5035608,0.5737321,0.56867504,0.55532515,0.38866413,0.52524966,0.57079303,0.49465695,0.58676016,0.3847087,0.51524544,0.5496099,0.60073566,0.57170147,0.3613155,0.51196134,0.5523681,0.58352697,0.5105971,0.39946505,1.870163,1.4880996,0.53340936,0.5282045,0.3631488,0.5094712,0.53012687,0.5756886,0.54747546,0.36567026,0.5414287,-0.35533303,0.5529172,-0.35140985,0.37460187,0.52464616,0.48296624,0.5500136,0.5425919,0.40277746,0.53438485,0.567024,0.56157637,0.54623294,0.36516678,0.5124752,0.5310925,0.57275677,0.53439,0.3659451,0.5274179,0.5871279,0.5700844,0.54196763,0.38210854,0.5213045,0.5517924,0.5875824,0.9792541,0.35898829,1.8158998,0.5362479,0.59829086,0.54539555,0.3824213,-0.2645283,0.5587311,0.5704488,0.56209123,0.40283257,0.52320755,-0.30649143,0.5434726,0.56223816,0.3795366,0.5039893,0.5831282,0.56403863,0.5604422,1.6107923,0.8559272,0.5773443,0.59332657,0.52226174,0.8789807,0.5628458,0.54046816,0.54379916,0.53385687,0.37409735,0.53491765,0.894793,0.5411345,0.5291774,0.37284204,0.56567156,0.56867653,-0.3502625,0.5663923,0.38897422,0.54300946,0.56892574,0.58507615,-0.32756048,1.4800595,0.56041855,0.5017582,0.55168056,0.5091266,0.33930323,1.2135279,0.55256855,0.55459136,0.53819555,0.37539285,0.5492263,0.57604903,0.5833,0.53235334
k__Bacteria|p__Firmicutes|c__Erysipelotrichi|o__Erysipelotrichales|f__Erysipelotrichaceae|g__[Eubacterium]|s__biforme,-0.047749206,-0.010480382,-0.05974824,-0.049298473,-0.014580449,-0.09185504,-0.34956193,-0.10576464,-0.05767919,0.038808744,-0.048592582,0.0065004285,-0.07645789,-0.056287646,-0.05287247,-0.052146044,-0.004115723,-0.04205367,-0.059348114,-0.15158932,-0.2703327,0.061158843,-0.021369733,-0.045373388,-0.028053679,-0.013377991,0.07621685,-0.06993191,-0.028064175,0.041217316,-0.053783312,0.013933584,-0.09831388,6.645359e-05,-0.029389119,-0.09057714,-0.034494445,-0.03347469,-0.075651154,-0.05322521,-0.06953372,-0.0683547,-0.053170063,-0.08949688,0.030328127,-0.08534132,-0.28815714,-0.34594566,-0.14304098,-0.04520642,-0.061115444,0.011202055,0.013775226,-0.06939301,-0.04851097,-0.06376891,-0.04337776,0.47232392,-0.15326926,0.44664133,-0.06561504,-0.04945585,-0.35751456,-0.08658766,-0.07142322,-0.049406342,-0.005691006,-0.106099665,-0.095319495,-0.036840387,-0.048148207,0.018038845,-0.008140942,-0.036673807,0.023694422,-0.016182765,0.034329467,-0.091691345,-0.10316487,-0.02812111,-0.07561013,-0.025175493,-0.07119918,-0.12072128,-0.35463315,-0.04159064,-0.24514951,0.042574532,-0.0687896,0.023932563,-0.10919234,-0.2645283,-0.11819442,-0.09051734,-0.17971513,-0.065501645,-0.0039836066,-0.30649143,-0.072689116,-0.009842228,-0.070974946,-0.041511692,-0.075228766,-0.11779624,-0.075038165,-0.26381022,-0.3555616,-0.08502357,-0.13474849,0.018042194,-0.3433188,-0.0030824924,-0.04206785,-0.037280574,-0.026342157,-0.068230785,-0.038019106,-0.33845827,-0.11348164,-0.044848837,-0.05620312,0.0021736594,-0.06415764,0.65891474,-0.11419184,-0.06478204,-0.06899029,-0.063644305,-0.124927714,-0.32756048,-0.2788417,-0.020304296,-0.008138748,-0.110577196,-0.004111599,-0.005335007,-0.3173398,0.002057469,-0.03889277,-0.006427317,-0.106784165,-0.05103928,-0.08257812,-0.11503351,0.0112951
k__Bacteria|p__Firmicutes|c__Bacilli|o__Turicibacterales|f__Turicibacteraceae|g__Turicibacter|s__unclassified,-0.16068697,-0.22880992,-0.2478922,-0.24373043,-0.23662516,-0.17989296,-0.34956193,-0.26046237,-0.24689522,-0.21426372,-0.1657626,-0.22058597,-0.25745347,-0.26233017,-0.25240034,-0.16591749,-0.22701392,-0.24557824,-0.24478982,-0.2846255,-0.2703327,-0.19475517,-0.22835526,-0.24179444,-0.23872247,-0.14604002,-0.19469598,-0.2516719,-0.23492065,-0.20771456,-0.15823981,-0.21520957,-0.26578242,-0.24781145,-0.22831494,-0.17602584,-0.24018835,-0.24358606,-0.24464978,-0.24460009,-0.17451933,-0.25649104,-0.25143003,-0.2571231,-0.2280801,-0.16845739,-0.28815714,-0.34594566,-0.28264326,-0.2417796,-0.1703577,-0.221695,-0.22900058,-0.25039506,-0.25113782,-0.17051798,-0.23529164,-0.35533303,-0.28045264,-0.35140985,-0.16825202,-0.24366164,-0.35751456,-0.2520225,-0.26266938,-0.15101641,-0.22074762,-0.27042067,-0.26720887,-0.24589548,-0.16359344,-0.21778046,-0.23842905,-0.23694184,-0.22297184,-0.14936543,-0.20531282,-0.2567206,-0.26771778,-0.24380244,-0.17011832,-0.2337786,-0.2596724,-0.26998895,0.6242702,-0.1626521,-0.24514951,-0.21252942,-0.24240993,-0.2048255,-0.18490522,-0.2645283,-0.27649242,-0.26233542,-0.29058248,-0.15843461,-0.22410288,-0.30649143,-0.24741204,-0.22837248,-0.1689505,-0.24727592,-0.25047016,-0.27645338,-0.2582015,-0.26381022,-0.3555616,-0.25531203,-0.2742933,-0.21571793,-0.3433188,-0.20993479,-0.251054,-0.24784474,-0.24586776,-0.1693522,-0.23468015,-0.33845827,-0.2666071,-0.25541294,-0.16448209,-0.20614597,-0.23689982,-0.3502625,-0.271921,-0.16276824,-0.24619702,-0.25028586,-0.27247638,-0.32756048,-0.2788417,-0.21859002,-0.24892575,-0.2778681,-0.24412444,-0.15342012,-0.3173398,-0.22513092,-0.24463287,-0.2208958,-0.18628222,-0.23554677,-0.25671452,-0.26889023,-0.22923496
k__Bacteria|p__Firmicutes|c__Clostridia|o__Clostridiales|f__Veillonellaceae|g__Phascolarctobacterium|s__unclassified,-0.086991906,-0.10217484,-0.12881798,-0.119496316,-0.103719056,-0.12616032,0.88655007,-0.15711704,-0.12580231,-0.0688935,-0.09656212,-0.08546123,-0.14756097,-0.15462278,-0.13595247,-0.097026736,-0.09836954,-0.122606464,-0.12210333,-0.20399001,-0.2703327,-0.03359379,-0.089665934,-0.11581358,-0.1087431,-0.057041764,-0.03142551,-0.13659453,-0.1016944,-0.04557296,-0.08290977,-0.0750935,-0.16466725,-0.12293096,-0.08935735,-0.11891214,-0.12476821,-0.117977746,-0.12299425,-0.1215963,-0.11422554,-0.15782641,-0.13415936,-0.14744526,-0.084044635,-0.104498796,-0.28815714,-0.34594566,-0.21196583,-0.1267363,-0.10618411,-0.08697899,-0.08711766,-0.13355504,-0.13374516,-0.10654114,-0.11689297,-0.35533303,-0.20916528,0.46516353,-0.102519654,-0.1325799,-0.35751456,-0.15093428,-0.1566607,-0.06907627,-0.08661647,-0.17437829,-0.16697113,-0.1228731,-0.0925526,-0.07916817,-0.10655449,-0.10598771,-0.075224586,-0.063689224,-0.05505375,-0.14755145,-0.16831693,-0.118350014,-0.106722206,-0.11214501,-0.1513569,-0.17417389,0.6181178,-0.09007388,-0.24514951,-0.056028783,-0.118549325,-0.05294858,-0.13688537,-0.2645283,-0.18759704,-0.15746427,-0.22853003,-0.08420381,-0.09315032,-0.30649143,-0.14102805,-0.087954536,-0.10402882,-0.13864803,-0.13422707,-0.1856058,-0.14884567,-0.26381022,-0.3555616,-0.14616325,-0.18317738,-0.07336096,-0.3433188,-0.06706883,-0.13361287,-0.12668167,-0.1219435,-0.10442907,-0.114920735,-0.33845827,-0.17983967,-0.14109468,-0.094637185,-0.059190974,-0.12011723,1.1944063,-0.17938645,-0.0922312,-0.13923654,-0.13341257,-0.17929989,-0.32756048,-0.2788417,-0.08458714,-0.1259409,-0.18772426,-0.11668144,-0.06996811,-0.3173398,-0.0829664,-0.12057452,-0.085274324,-0.13920401,-0.11785743,-0.14686167,-0.17183381,-0.08795746
k__Bacteria|p__Firmicutes|c__Clostridia|o__Clostridiales|f__Ruminococcaceae|g__unclassified|s__unclassified,0.2726191,0.4340027,0.43182084,0.42865956,0.44359863,0.28377527,0.61055535,0.4230891,0.4293388,0.4392529,0.2862932,0.4272511,0.4420799,0.4748604,0.45022735,0.28295565,0.43488726,0.44225287,0.42195576,0.44571072,-0.2703327,0.40776056,0.4138949,0.4277988,0.43658033,0.2644772,0.4217149,0.43210748,0.42404175,0.41554028,0.2589415,0.41960752,0.44334346,0.48858276,0.40440148,0.27401307,0.44160426,0.44409686,0.40488863,0.42753434,0.29035017,0.45474917,0.4472806,0.42714864,0.46243465,0.25778598,-0.28815714,-0.34594566,0.4552027,0.43512973,0.28702497,0.4346736,0.4497022,0.4280576,0.4516908,0.28474134,0.41999996,0.6299927,0.4391383,0.56857944,0.27671495,0.43694878,0.52635735,0.42393112,0.4614901,0.24304596,0.41526163,0.45042536,0.45038986,0.44809973,0.2804544,0.42917597,0.45494455,0.42180428,0.44170326,0.27177083,0.4110725,0.4250272,0.44416666,0.4505912,0.27212387,0.43331736,0.45426297,0.43323213,0.91026765,0.2839771,-0.24514951,0.4318152,0.40518326,0.39734566,0.28118193,-0.2645283,0.45623714,0.44126564,0.44162494,0.24856105,0.42704803,1.2628887,0.424393,0.4246196,0.27286273,0.45535126,0.42320806,0.4545481,0.44566876,-0.26381022,0.518223,0.4292536,0.4316697,0.42320052,-0.3433188,0.38777983,0.45816696,0.4528051,0.4579804,0.276264,0.42302287,0.87356377,0.4390052,0.46693337,0.27487516,0.38142937,0.4036994,0.7670967,0.4467566,0.26176673,0.42545488,0.4346663,0.43620738,1.0783203,-0.2788417,0.39454895,0.4846697,0.46533284,0.4747671,0.29348597,-0.3173398,0.4282198,0.44183397,0.4136969,0.28721923,0.4132902,0.43369424,0.4358561,0.44730318
k__Bacteria|p__Firmicutes|c__Clostridia|o__Clostridiales|f__Lachnospiraceae|g__Roseburia|s__unclassified,-0.045324262,-0.061822917,-0.06919783,-0.060987763,-0.05756922,-0.08291243,0.569477,-0.086743094,-0.06651252,-0.03842356,-0.06161481,-0.044662226,-0.09061829,-0.11804469,-0.08695316,-0.059925538,-0.059513256,-0.07125625,-0.05880359,-0.13634267,-0.2703327,0.008508397,-0.027478129,-0.05716239,-0.05667627,-0.016991008,0.00053136057,-0.075371325,-0.044283226,0.005081728,-0.033602707,-0.031165235,-0.10535944,-0.10208318,-0.021720618,-0.070974424,-0.08468309,-0.06921614,-0.0486262,-0.061431706,-0.07811925,-0.11858703,-0.08385126,-0.081626765,-0.055211455,-0.049356706,-0.28815714,-0.34594566,-0.16113588,-0.08029643,-0.0694594,-0.050784744,-0.049081698,-0.07142604,-0.086068705,-0.06834245,-0.0641163,0.4990025,-0.148693,0.39404622,-0.059942346,-0.08772433,0.62554795,-0.093649074,-0.1101733,-0.012629526,-0.03809485,-0.11624278,-0.11174081,-0.07517109,-0.0546892,-0.041727535,-0.06729651,-0.046192124,-0.035037234,-0.02664769,-0.010712644,-0.0795422,-0.108805284,-0.07334721,-0.060285106,-0.06944005,-0.10097596,-0.106358424,-0.35463315,-0.055191737,-0.24514951,-0.014614843,-0.045035884,0.00046299456,-0.08943876,-0.2645283,-0.13211726,-0.09822872,-0.16323078,-0.027783856,-0.050265327,-0.30649143,-0.086260214,-0.03328903,-0.05897128,-0.10390521,-0.068252444,-0.12883343,-0.09377099,-0.26381022,0.51811194,-0.082178414,-0.11199215,-0.03145981,0.79056543,-0.0040785,-0.09024529,-0.081315815,-0.08119647,-0.061696284,-0.06485194,-0.33845827,-0.12589718,-0.10186811,-0.05279925,0.0052613737,-0.054630157,0.6696752,-0.119422324,-0.042485937,-0.08512844,-0.074675485,-0.112200536,1.3801571,-0.2788417,-0.022748284,-0.101692215,-0.13722628,-0.08806488,-0.04588487,-0.3173398,-0.03294884,-0.06997155,-0.034531757,-0.09521994,-0.060621314,-0.08477274,-0.105735585,-0.048133254
k__Bacteria|p__Firmicutes|c__Clostridia|o__Coriobacteriales|f__Coriobacteriaceae|g__unclassified|s__unclassified,-0.080460586,-0.062818475,-0.11040333,-0.10531236,-0.07238339,-0.09812449,0.560838,-0.14339577,-0.10990654,-0.028689224,-0.0698155,-0.057606403,-0.11180028,-0.07290892,-0.08934052,-0.074398234,-0.058132865,-0.09052165,-0.116958395,-0.1547923,-0.2703327,-0.040187355,-0.10160537,-0.104150236,-0.086231574,-0.065782905,-0.019401481,-0.11592406,-0.09600273,-0.060265243,-0.09459077,-0.059794173,-0.12396178,-0.026029505,-0.11139637,-0.10526693,-0.06978494,-0.08305043,-0.13993509,-0.10862914,-0.079015896,-0.079896,-0.0928155,-0.13131772,-0.028514728,-0.11541283,1.4041952,0.8751252,-0.124735445,-0.08277866,-0.07693418,-0.0480996,-0.050523072,-0.11796242,-0.08733335,-0.08009088,-0.0943297,0.4462365,-0.1445838,0.34662494,-0.087940305,-0.08318431,0.457765,-0.11669846,-0.092170194,-0.104777664,-0.07508296,-0.124307886,-0.11564615,-0.08196016,-0.07405698,-0.0481456,-0.059355184,-0.10311611,-0.050146267,-0.062254824,-0.054074798,-0.13506944,-0.12593873,-0.0750936,-0.09777968,-0.071853206,-0.09915382,-0.1459814,-0.35463315,-0.06680308,-0.24514951,-0.045839027,-0.13537924,-0.071305305,-0.110781044,-0.2645283,-0.12427279,-0.120986626,-0.16048396,-0.11045538,-0.06491017,-0.30649143,-0.106382,-0.08476445,-0.093967706,-0.06348984,-0.12591086,-0.12682861,-0.10759598,-0.26381022,-0.3555616,-0.126149,-0.15563391,-0.054782797,-0.3433188,-0.09599289,-0.07881035,-0.079321325,-0.067445055,-0.08884606,-0.087554246,-0.33845827,-0.12023405,-0.07132541,-0.08328909,-0.09689666,-0.12289654,-0.3502625,-0.12859231,-0.09945819,-0.105398,-0.11031811,-0.14619249,-0.32756048,-0.2788417,-0.100091904,-0.03558126,-0.113144785,-0.03993562,-0.037135236,1.1217277,-0.07374955,-0.08883107,-0.0765641,-0.10419215,-0.10363005,-0.12286639,-0.1402857,-0.052714042
k__Bacteria|p__Firmicutes|c__Clostridia|o__Coriobacteriales|f__Coriobacteriaceae|g__Eggerthella|s__lenta,-0.28781426,-0.47312212,-0.45927408,-0.46341574,-0.48654202,-0.26951152,-0.34956193,-0.43065676,-0.4591124,-0.50133955,-0.2926684,-0.47950774,-0.45460406,-0.4773257,-0.46930772,-0.28968936,-0.47697243,-0.47179943,-0.45565635,-0.4166608,-0.2703327,-0.50007415,-0.47261655,-0.46497098,-0.47687286,-0.3024342,-0.51294994,-0.45447105,-0.4726462,-0.5050224,-0.2798738,-0.4803738,-0.44439572,-0.51115215,-0.46486002,-0.26644892,-0.46404546,-0.4771967,-0.44092932,-0.4608224,-0.28333628,-0.451595,-0.46836066,-0.4416992,-0.5167453,-0.2630614,-0.28815714,-0.34594566,-0.41297877,-0.45672262,-0.28657508,-0.48461747,-0.5033438,-0.45309597,-0.47201747,-0.28428125,-0.4510771,-0.35533303,-0.4023372,-0.35140985,-0.28018957,-0.4547619,-0.35751456,-0.4304175,-0.46391997,-0.27591997,-0.46877867,-0.4422415,-0.44821644,-0.47680348,-0.29090393,-0.48647818,-0.4941936,-0.4673671,-0.5058923,-0.30395776,-0.48780903,-0.44021553,-0.44169793,-0.48220128,-0.27324438,-0.46528262,-0.461687,-0.42879876,-0.35463315,-0.29549378,-0.24514951,-0.5101553,-0.44424325,-0.47818,-0.25955528,-0.2645283,-0.4369918,-0.44709665,-0.3899576,-0.26955393,-0.47441256,1.2829263,-0.43754834,-0.4817911,-0.27615193,-0.46530408,-0.44795835,-0.437744,-0.45614147,-0.26381022,0.50266874,-0.44398853,-0.4204852,-0.48457602,-0.3433188,-0.45986712,-0.47852963,-0.4788947,-0.48633444,-0.27884215,-0.4549876,-0.33845827,-0.42191535,-0.48000076,-0.28423852,-0.45966464,-0.43509305,-0.3502625,-0.43563467,-0.27508095,-0.44013077,-0.4583012,-0.42805338,-0.32756048,-0.2788417,-0.45409465,-0.5053599,-0.4457748,-0.5036776,-0.31766945,-0.3173398,-0.488289,-0.47353882,-0.46863806,-0.2629117,-0.4447139,-0.44835263,-0.4323094,-0.5018486
k__Bacteria|p__Firmicutes|c__Clostridia|o__Clostridiales|f__Ruminococcaceae|g__Faecalibacterium|s__prausnitzii,0.311328,0.46465254,0.48494643,0.49319014,0.4909023,0.27497423,0.7633727,0.46960425,0.48823848,0.48575476,0.29273748,0.48163816,0.46287277,0.4289183,0.46304637,0.29509968,0.46651608,0.47957402,0.49742532,0.42186487,-0.2703327,0.5340117,0.5274887,0.49704775,0.49380887,0.33838287,0.5226995,0.4795292,0.50897706,0.5540545,0.3258281,0.49580377,0.4501966,0.4373582,0.5346216,0.2886152,0.4418434,0.48036748,0.5116947,0.49266303,0.2769137,0.40820348,0.46686375,0.47582644,0.48595166,0.31276035,-0.28815714,1.5308275,0.37155378,0.45078486,0.28569365,0.47386697,0.49643737,0.48416913,0.46378505,0.28727984,0.46733594,0.5193006,0.3878516,0.43932015,0.29721797,0.44113177,1.0805345,0.4410355,0.43879765,0.3489869,0.4912936,0.4381877,0.44200075,0.47390372,0.30041307,0.48339078,0.47859833,0.5081308,0.5109428,0.3280418,0.51649487,0.47805434,0.4465628,0.474913,0.29850152,0.45812738,0.44977728,0.4532258,0.7636513,0.29863542,-0.24514951,0.52879995,0.5140673,0.5326842,0.27005383,-0.2645283,0.4191702,0.45700657,0.37692064,0.33439752,0.4772148,-0.30649143,0.4464895,0.5182583,0.299317,0.4207848,0.48837656,0.42587247,0.4588052,-0.26381022,0.4997323,0.4715253,0.44838107,0.49705845,-0.3433188,0.5303854,0.45808938,0.46788538,0.4657128,0.2953827,0.46532613,0.8698844,0.40762106,0.44451684,0.3036852,0.5392659,0.4842162,0.74793714,0.43277252,0.31721312,0.44719058,0.4790187,0.44682777,1.053087,-0.2788417,0.51158196,0.43890017,0.4152128,0.4538085,0.30396262,-0.3173398,0.5144,0.48117802,0.49709868,0.26293394,0.47218525,0.47084662,0.45221943,0.49734288
k__Bacteria|p__Firmicutes|c__Clostridia|o__Coriobacteriales|f__unclassified|g__unclassified|s__unclassified,0.15791887,0.13669062,0.22133268,0.21231493,0.15472458,0.19391046,0.56462675,0.28144962,0.22099242,0.07592811,0.14181228,0.12511149,0.22719225,0.16414429,0.18942869,0.14962983,0.1285265,0.18813907,0.2319014,0.30798993,-0.2703327,0.08734198,0.19986764,0.2096899,0.17868058,0.12837815,0.05270841,0.23231061,0.19368854,0.124428526,0.18091282,0.1270864,0.2504223,0.082091585,0.2179099,0.20464495,0.15323973,0.17515689,0.27068213,0.21776533,0.16021828,0.17560114,0.19395044,0.2600678,0.07874915,0.2186977,-0.28815714,-0.34594566,0.26013833,0.17642656,0.1553556,0.1104767,0.114961326,0.23525466,0.18407562,0.1608063,0.19160423,0.4770947,0.29161137,0.5158669,0.17302553,0.17624943,0.5179007,0.2357389,0.19671862,0.19511889,0.15388396,0.25189826,0.237659,0.17413893,0.1480905,0.1087559,0.13305879,0.20580953,0.11243795,0.12349493,0.11380494,0.26567858,0.2544287,0.161705,0.19004151,0.15345947,0.20682265,0.2887587,0.6352966,0.1358526,-0.24514951,0.10159169,0.26218024,0.14331023,0.21681446,-0.2645283,0.25426865,0.24450144,0.3218072,0.2073367,0.1383009,1.2958493,0.21787101,0.17263494,0.18340057,0.14491853,0.24865174,0.25857383,0.22090967,-0.26381022,0.50447154,0.2504838,0.30669415,0.119718194,0.7939449,0.18545309,0.16931668,0.16992557,0.15035145,0.1751596,0.18036476,0.87104774,0.24670355,0.15962696,0.1640101,0.18598557,0.23882097,0.6911723,0.26052976,0.19012505,0.21341917,0.22191101,0.2891764,1.0777884,-0.2788417,0.19587125,0.09692526,0.23722602,0.10376188,0.08338174,-0.3173398,0.15247856,0.18487908,0.15823653,0.20639262,0.20754497,0.24487019,0.27897397,0.11957452
k__Bacteria|p__Firmicutes|c__Clostridia|o__Clostridiales|f__Ruminococcaceae|g__Ruminococcus|s__unclassified,-0.070436314,-0.14955471,-0.12039541,-0.13419873,-0.15897644,-0.008842698,0.56462675,-0.074727245,-0.124091595,-0.20211302,-0.055186123,-0.17572853,-0.09049313,-0.07804152,-0.10839689,-0.054411404,-0.1553699,-0.12932724,-0.13017696,-0.0023746714,-0.2703327,-0.25799394,-0.18220781,-0.14033315,-0.15148705,-0.11750139,-0.25984067,-0.10839516,-0.16247252,-0.2505918,-0.077274345,-0.1924383,-0.063405044,-0.1271443,-0.18240246,-0.020485109,-0.113431066,-0.13620454,-0.12923136,-0.13137424,-0.027063629,-0.061603513,-0.11082446,-0.09061494,-0.18890736,-0.043551765,-0.28815714,-0.34594566,0.023546554,-0.11181457,-0.040190466,-0.17286694,-0.1842427,-0.11266672,-0.11198658,-0.039593115,-0.12686154,0.48120496,0.018148292,0.5420544,-0.046060473,-0.10166734,0.5535757,-0.07315252,-0.07571594,-0.09915198,-0.17401168,-0.04878225,-0.05959844,-0.12904975,-0.061789103,-0.18521795,-0.15410921,-0.1557822,-0.2033114,-0.10712019,-0.22390598,-0.09098838,-0.05744651,-0.13619067,-0.0395619,-0.13346109,-0.084293455,-0.048912548,0.6719471,-0.065296516,-0.24514951,-0.2322191,-0.1367458,-0.22817174,0.00785173,-0.2645283,-0.025822677,-0.07484103,0.04713119,-0.07538981,-0.16405468,1.3438274,-0.08838536,-0.18402901,-0.043535195,-0.09168516,-0.11154251,-0.030127684,-0.088655934,-0.26381022,0.5272867,-0.09180725,-0.03480328,-0.19555563,-0.3433188,-0.20692076,-0.112009846,-0.12328975,-0.12995392,-0.042730417,-0.12952472,-0.33845827,-0.027278438,-0.09981476,-0.058298573,-0.2181956,-0.123613246,0.752575,-0.039669983,-0.062536865,-0.09193674,-0.11303204,-0.041084617,1.160328,-0.2788417,-0.17891826,-0.12238502,-0.026845807,-0.13753411,-0.096327096,-0.3173398,-0.1906455,-0.13276407,-0.17764285,0.011682937,-0.12539816,-0.0918625,-0.052783355,-0.18344723
k__Bacteria|p__Firmicutes|c__Clostridia|o__Clostridiales|f__Clostridiaceae|g__unclassified|s__unclassified,-0.12285772,-0.1435236,-0.1811491,-0.17583111,-0.1527583,-0.14391431,0.57108855,-0.20766202,-0.1801226,-0.115410306,-0.119373575,-0.13550156,-0.18709168,-0.16758668,-0.17162031,-0.12210787,-0.13991192,-0.16828646,-0.18297899,-0.22765103,-0.2703327,-0.110975415,-0.16496992,-0.17422307,-0.16214594,-0.10582195,-0.09879736,-0.18669897,-0.16549554,-0.12888339,-0.1295923,-0.13402316,-0.19927382,-0.13245028,-0.17028747,-0.14597988,-0.15415129,-0.16278648,-0.19609919,-0.17817724,-0.1296598,-0.16916382,-0.17285669,-0.19844559,-0.122354,-0.1473361,-0.28815714,-0.34594566,-0.21011087,-0.16259992,-0.12622657,-0.13096225,-0.13519523,-0.18630075,-0.16988125,-0.12822756,-0.16566473,-0.35533303,-0.22030386,0.38270274,-0.13143429,-0.16364405,-0.35751456,-0.1882726,-0.17909828,-0.13104278,-0.14575395,-0.20206332,-0.19529867,-0.1636368,-0.12053287,-0.12850714,-0.14566024,-0.17013542,-0.131706,-0.105881706,-0.12497574,-0.20043078,-0.20118125,-0.15861318,-0.1381208,-0.15123981,-0.18115425,-0.2144278,0.61502737,-0.115740314,-0.24514951,-0.123717204,-0.19236098,-0.13467215,-0.1540409,-0.2645283,-0.20524849,-0.19546397,-0.23545447,-0.13891521,-0.14235131,-0.30649143,-0.17958346,-0.1551683,-0.13524392,-0.15455087,-0.19132088,-0.20645095,-0.18556094,-0.26381022,-0.3555616,-0.19478005,-0.22252503,-0.13138995,0.7921266,-0.15165421,-0.16493139,-0.1631621,-0.15557599,-0.1322316,-0.16081178,-0.33845827,-0.19819853,-0.16285352,-0.12664309,-0.15040421,-0.18279094,-0.3502625,-0.20560011,-0.13480607,-0.17798194,-0.18207797,-0.21540694,-0.32756048,-0.2788417,-0.15944755,-0.13828844,-0.19969076,-0.13825484,-0.09353045,-0.3173398,-0.14696416,-0.16693592,-0.14713609,-0.15102828,-0.17096722,-0.1933451,-0.21052451,-0.13709119
k__Bacteria|p__Firmicutes|c__Clostridia|o__Clostridiales|f__Ruminococcaceae|g__Faecalibacterium|s__unclassified,-0.165768,-0.33565217,-0.27955619,-0.30019447,-0.34868616,-0.076303065,0.74549973,-0.20197958,-0.28484482,-0.42164677,-0.15136072,-0.37202156,-0.23964217,-0.24464412,-0.27360088,-0.14790916,-0.34589458,-0.30157137,-0.28866577,-0.101919755,-0.2703327,-0.48803055,-0.36436296,-0.3084938,-0.33120957,-0.23454434,-0.5020896,-0.26042944,-0.34170625,-0.47366756,-0.16683403,-0.39310867,-0.19877395,-0.3321458,-0.35736704,-0.08778669,-0.28453237,-0.31410763,-0.27491683,-0.2936775,-0.11015886,-0.21152242,-0.27595657,-0.22986177,-0.40998253,-0.112353966,-0.28815714,-0.34594566,-0.07763643,-0.2751524,-0.1283254,-0.37344283,-0.3939529,-0.264461,-0.28036833,-0.12544012,-0.28979427,0.49622276,-0.0738142,0.4012939,-0.13014664,-0.2621968,0.91936445,-0.20812005,-0.22962223,-0.1898979,-0.3612433,-0.17967413,-0.19734445,-0.3042518,-0.15721792,-0.38927168,-0.34936005,-0.32863113,-0.41761082,-0.22315563,-0.4368996,-0.228378,-0.18948385,-0.31765702,-0.11656116,-0.3098715,-0.23851201,-0.16828717,0.63506323,-0.16550022,-0.24514951,-0.4580778,-0.28651038,-0.43286493,-0.04792333,-0.2645283,-0.14853472,-0.21499488,-0.028551772,-0.15644893,-0.3534987,1.2267833,-0.23209994,-0.37464297,-0.123688154,-0.25945204,-0.25944772,-0.1537016,-0.23866597,-0.26381022,0.5226546,-0.23330867,-0.14496179,-0.39999256,-0.3433188,-0.39226305,-0.28621185,-0.29941362,-0.3136336,-0.12476097,-0.29587576,-0.33845827,-0.14616166,-0.2719487,-0.14815673,-0.40667343,-0.27197456,0.71702313,-0.1631212,-0.14530873,-0.23828636,-0.26978877,-0.15730694,1.0481666,-0.2788417,-0.35337597,-0.3216733,-0.15633659,-0.3375565,-0.2217152,-0.3173398,-0.3891818,-0.30648443,-0.36373147,-0.046259314,-0.28226453,-0.23629002,-0.17611116,-0.39035746
k__Bacteria|p__Firmicutes|c__Clostridia|o__Clostridiales|f__Lachnospiraceae|g__Lachnospira|s__unclassified,-0.14769858,-0.20793939,-0.22743586,-0.22446361,-0.21660593,-0.15929528,0.69936776,-0.23763844,-0.22697467,-0.1965123,-0.14849153,-0.20324385,-0.23190674,-0.22907576,-0.22591035,-0.14904092,-0.20625201,-0.22351535,-0.2269966,-0.25111032,-0.2703327,-0.18760149,-0.21697162,-0.2239379,-0.21979052,-0.13811255,-0.1857424,-0.22990018,-0.2178185,-0.20012763,-0.14780554,-0.20086567,-0.23781037,-0.2148577,-0.21732374,-0.15849185,-0.21401566,-0.22091725,-0.22982067,-0.22475427,-0.15412538,-0.22303846,-0.22633442,-0.23449257,-0.20509313,-0.1562097,-0.28815714,1.1762685,-0.24199337,-0.21753123,-0.15160258,-0.20228423,-0.21001206,-0.22907624,-0.22532022,-0.15225759,-0.21534273,0.44453594,-0.24369775,0.355803,-0.15231378,-0.21767351,0.514099,-0.22656271,-0.23107444,-0.14586997,-0.20568421,-0.24014863,-0.23715359,-0.22194183,-0.14775679,-0.19917873,-0.21506512,-0.22022861,-0.20644265,-0.1399228,-0.19538522,-0.23483935,-0.2390853,-0.21991715,-0.15455922,-0.21186957,-0.23146246,-0.24333495,0.6100149,-0.1463161,-0.24514951,-0.20021966,-0.22720289,-0.1966016,-0.16344723,-0.2645283,-0.24275133,-0.2356494,-0.25120696,-0.15066671,-0.20620671,-0.30649143,-0.22276154,-0.2144523,-0.15340267,-0.21653995,-0.2306999,-0.24318773,-0.23156172,-0.26381022,-0.3555616,-0.23293257,-0.24645293,-0.20081893,-0.3433188,-0.2029327,-0.2237392,-0.22285654,-0.21978644,-0.15213333,-0.21377824,-0.33845827,-0.23401779,-0.22483674,-0.14974245,-0.20051572,-0.22100076,0.67581844,-0.23936439,-0.15122259,-0.22166522,-0.2279853,-0.24382505,-0.32756048,-0.2788417,-0.20677876,-0.21698865,-0.24172574,-0.21469367,-0.13813293,-0.3173398,-0.21011023,-0.22247335,-0.20559353,-0.16299021,-0.21705183,-0.23298016,-0.24124286,-0.20921668
k__Bacteria|p__Firmicutes|c__Clostridia|o__unclassified|f__unclassified|g__unclassified|s__unclassified,0.31764182,0.48194638,0.49611297,0.49874675,0.500806,0.3030895,0.62794644,0.48501486,0.4965154,0.49221292,0.31241947,0.48823655,0.48816696,0.48071235,0.4888885,0.31274062,0.4829665,0.4954316,0.4991145,0.4682388,-0.2703327,0.5083914,0.51191664,0.50029796,0.5001586,0.3285128,0.5060178,0.49331623,0.5053147,0.5241389,0.3209625,0.4931984,0.48305345,0.4870364,0.5114735,0.30715314,0.47233877,0.49606803,0.5010248,0.49763736,0.30572778,0.4595027,0.4905873,0.4898572,0.5036865,0.31464982,-0.28815714,-0.34594566,0.4414388,0.47373563,0.30933756,0.48613244,0.50540483,0.49476826,0.4903865,0.30924284,0.47936895,0.52768874,0.4462617,0.4495636,0.3120016,0.4712153,0.63266164,0.46733618,0.48039007,0.3278144,0.48997235,0.4787533,0.48022825,0.49348497,0.31467974,0.48959255,0.4985076,0.50460136,0.5105164,0.32585895,0.5011624,0.49066037,0.4809002,0.49523222,0.31129947,0.47825244,0.48511484,0.48146987,0.62143534,0.3142513,-0.24514951,0.5159013,0.50215656,0.5043329,0.29997525,-0.2645283,0.4701661,0.48516992,0.4406401,0.32228938,0.4866376,1.256007,0.46897554,0.5087482,0.31191078,0.4656781,0.49488288,0.47348225,0.48631507,-0.26381022,0.5116504,0.48813176,0.4779346,0.49379146,0.79886365,0.5016729,0.49112386,0.49329275,0.49291337,0.31070828,0.47865137,0.88643163,0.4551304,0.48486614,0.3139923,0.5036557,0.4834095,0.68464375,0.47350037,0.3176571,0.4713515,0.49417177,0.47952908,1.0673206,-0.2788417,0.49452543,0.487281,0.4711486,0.49117273,0.31954205,-0.3173398,0.5088554,0.4968234,0.49105594,0.29781228,0.4796908,0.48989165,0.48120052,0.50549424
k__Bacteria|p__Firmicutes|c__Clostridia|o__Clostridiales|f__Lachnospiraceae|g__Anaerostipes|s__unclassified,-0.23858128,-0.38063884,-0.37835258,-0.37912816,-0.39224654,-0.23525698,-0.34956193,-0.36500102,-0.3776918,-0.3936522,-0.24435873,-0.38119084,-0.379722,-0.39745224,-0.38784444,-0.24237029,-0.382311,-0.3859963,-0.37452716,-0.36721933,-0.2703327,-0.38298023,-0.3780757,-0.37938565,-0.3867346,-0.24164467,-0.39194846,-0.37705308,-0.3811491,-0.39104745,-0.2318584,-0.379147,-0.37617746,-0.41404757,-0.3732131,-0.23114225,-0.3798386,-0.38873067,-0.3643391,-0.3782531,-0.24219647,-0.3790311,-0.38650143,-0.37072915,-0.40876007,-0.22519824,-0.28815714,-0.34594566,-0.36508304,-0.37618312,-0.24225177,-0.38510707,-0.40002346,-0.37547803,-0.3889892,-0.2408782,-0.36862034,-0.35533303,-0.35658324,0.3430947,-0.2369711,-0.375025,-0.35751456,-0.36227992,-0.3890276,-0.22586694,-0.37378028,-0.3772968,-0.37984958,-0.39001644,-0.24217463,-0.3843695,-0.3980739,-0.37864906,-0.39881977,-0.24412364,-0.37932956,-0.3694083,-0.37573674,-0.3924933,-0.23308338,-0.37772322,-0.3857166,-0.36766854,0.62190837,-0.24499846,-0.24514951,-0.39696687,-0.36540073,-0.37301105,-0.23087895,-0.2645283,-0.37703407,-0.37672108,-0.35330832,-0.22487912,-0.37918198,-0.30649143,-0.36533967,-0.3850948,-0.23453902,-0.3841294,-0.3720586,-0.37731418,-0.38151413,-0.26381022,-0.3555616,-0.37166262,-0.36403042,-0.38280076,-0.3433188,-0.36239645,-0.3927953,-0.3914189,-0.3961982,-0.23665808,-0.3712076,-0.33845827,-0.36368203,-0.39662656,-0.23822105,-0.36055195,-0.358311,-0.3502625,-0.3739317,-0.23091279,-0.36611214,-0.37886167,-0.36842513,-0.32756048,-0.2788417,-0.36215305,-0.4106304,-0.38315386,-0.40764502,-0.25570366,-0.3173398,-0.3876149,-0.38640162,-0.3742445,-0.23383173,-0.3644744,-0.37498647,-0.3695838,-0.39898694
k__Bacteria|p__Firmicutes|c__Clostridia|o__Clostridiales|f__Lachnospiraceae|g__Lachnobacterium|s__unclassified,-0.11270234,-0.1346221,-0.16732687,-0.16092373,-0.14119609,-0.13943063,-0.34956193,-0.19321024,-0.16627438,-0.10596314,-0.11420418,-0.12414366,-0.17783591,-0.16881947,-0.16366673,-0.11589055,-0.13085103,-0.15755221,-0.16678427,-0.22234523,-0.2703327,-0.09001087,-0.14364539,-0.1587069,-0.14835086,-0.09167244,-0.0829017,-0.17293322,-0.14753756,-0.10595175,-0.11479286,-0.11896903,-0.19104707,-0.13528736,-0.14648062,-0.13798466,-0.14853916,-0.15212917,-0.17480397,-0.16259943,-0.12691996,-0.16938859,-0.16425815,-0.18467823,-0.11531104,-0.13390255,-0.28815714,-0.34594566,-0.21387655,-0.15481806,-0.12153604,-0.12163961,-0.12566139,-0.17278251,-0.16200534,-0.122832164,-0.15287915,0.44453594,-0.21884444,0.36910737,-0.123509586,-0.15742785,-0.35751456,-0.17880514,-0.1752879,-0.1113053,-0.13067311,-0.19615078,-0.18940401,-0.1541615,-0.11320461,-0.11686249,-0.13836817,-0.15298566,-0.11855966,-0.094170704,-0.1065434,-0.18550387,-0.19404724,-0.14938836,-0.12917039,-0.1434303,-0.17566974,-0.20400175,0.6340125,-0.10948737,-0.24514951,-0.10615171,-0.16988984,-0.11121145,-0.14947315,-0.2645283,-0.20323296,-0.18624854,-0.2348068,-0.121418945,-0.13024914,-0.30649143,-0.16991505,-0.13710591,-0.12637466,-0.15376668,-0.1757589,-0.20366685,-0.17683305,-0.26381022,0.50165325,-0.18150154,-0.2117417,-0.117186695,-0.3433188,-0.12693891,-0.15880045,-0.15534589,-0.14867425,-0.12458048,-0.14978993,-0.33845827,-0.19582799,-0.1602717,-0.1175116,-0.12251268,-0.16529271,-0.3502625,-0.19870941,-0.12197371,-0.16827025,-0.16971701,-0.20650701,-0.32756048,-0.2788417,-0.13659742,-0.14054015,-0.1995624,-0.13671762,-0.089104965,-0.3173398,-0.12985739,-0.15556577,-0.13000646,-0.14829668,-0.1567424,-0.18092339,-0.20008871,-0.125404
k__Bacteria|p__Firmicutes|c__Clostridia|o__Clostridiales|f__Lachnospiraceae|g__[Ruminococcus]|s__unclassified,0.03765104,0.066183284,0.061146706,0.05659216,0.06240145,0.057956174,0.5716252,0.06447241,0.058929227,0.058764122,0.050750814,0.056047022,0.07457346,0.1015919,0.077462986,0.048596397,0.0658361,0.066910304,0.052151576,0.0941906,-0.2703327,0.02573788,0.035920255,0.05457393,0.05874425,0.02260501,0.03548091,0.06409065,0.048075885,0.024218611,0.026716258,0.04711587,0.08137289,0.10251949,0.029405504,0.048522726,0.07949001,0.06736122,0.03996049,0.056316584,0.059226107,0.09914371,0.07458583,0.06379618,0.07117972,0.031826273,-0.28815714,-0.34594566,0.115899146,0.07335323,0.054310396,0.062267646,0.061562687,0.060266554,0.07752759,0.05280458,0.06025243,0.4446305,0.10329212,0.44947648,0.04541228,0.07813647,0.6165841,0.07394276,0.09218542,0.010332362,0.047643147,0.088646896,0.08742065,0.071653664,0.045368917,0.056308027,0.07155173,0.047252566,0.05280588,0.029917475,0.034952335,0.061890297,0.08288413,0.07221226,0.043165937,0.068713196,0.08447866,0.07645323,0.61312085,0.04724907,-0.24514951,0.040683188,0.039047785,0.023254476,0.059166655,-0.2645283,0.0985851,0.07733176,0.10913522,0.018908076,0.058478966,1.2379925,0.07146857,0.04349374,0.043231625,0.09354098,0.05645568,0.09557921,0.07773901,-0.26381022,0.5007497,0.0658478,0.07799875,0.04812686,-0.3433188,0.020768981,0.08267171,0.076438196,0.07925036,0.04608687,0.061880864,0.87356377,0.09385035,0.09156787,0.04189317,0.01427833,0.047014184,0.674044,0.08957215,0.031169811,0.07132912,0.064536065,0.08021728,1.0381736,-0.2788417,0.03213912,0.09995878,0.104609564,0.08994802,0.048172943,-0.3173398,0.046129104,0.06660098,0.04508537,0.06451768,0.055650666,0.068305165,0.07776526,0.06111967
k__Bacteria|p__Firmicutes|c__Clostridia|o__Clostridiales|f__Lachnospiraceae|g__Roseburia|s__faecis,-0.1452151,-0.21257104,-0.22535771,-0.21974017,-0.2168679,-0.16934633,0.5602956,-0.23646972,-0.22308885,-0.19765037,-0.15507728,-0.2017708,-0.23866236,-0.2540205,-0.23578045,-0.15428126,-0.21096008,-0.2258479,-0.21855636,-0.26853576,-0.2703327,-0.16831976,-0.19888684,-0.2171351,-0.21687025,-0.12729594,-0.17231828,-0.22950888,-0.20923626,-0.17773053,-0.13854918,-0.19357392,-0.24807784,-0.24322411,-0.1959089,-0.16207896,-0.22736008,-0.22461924,-0.21302658,-0.22053477,-0.16567701,-0.2487793,-0.2338329,-0.23322713,-0.21432346,-0.14883183,-0.28815714,-0.34594566,-0.2761758,-0.22545505,-0.1602215,-0.20530175,-0.21061915,-0.22668748,-0.23489116,-0.15963566,-0.21503606,-0.35533303,-0.26909727,-0.35140985,-0.15466264,-0.22950861,0.4589157,-0.23354036,-0.25049657,-0.12581202,-0.19818017,-0.2550366,-0.2517928,-0.22829643,-0.15110965,-0.19974872,-0.22250141,-0.21045941,-0.20207685,-0.13295151,-0.18047059,-0.23254123,-0.25014347,-0.22684212,-0.15509883,-0.21758512,-0.244822,-0.24887261,-0.35463315,-0.15120038,-0.24514951,-0.18861471,-0.21103254,-0.17506441,-0.17380229,-0.2645283,-0.26420745,-0.24334814,-0.27965587,-0.13522604,-0.20558265,-0.30649143,-0.22897573,-0.2019438,-0.15423322,-0.2390436,-0.22515947,-0.26249987,-0.2405587,-0.26381022,-0.3555616,-0.23318194,-0.25282466,-0.1941887,0.81118333,-0.17781805,-0.23752677,-0.23171121,-0.231567,-0.15592352,-0.21537471,-0.33845827,-0.25384116,-0.24458003,-0.15018326,-0.1722557,-0.21044567,-0.3502625,-0.2570061,-0.14413509,-0.22856544,-0.22884563,-0.25281912,-0.32756048,-0.2788417,-0.18971708,-0.24324617,-0.26740205,-0.23498397,-0.14423499,-0.3173398,-0.20086026,-0.22470549,-0.19697332,-0.17721492,-0.21326803,-0.23541462,-0.24871406,-0.21087447
k__Bacteria|p__Firmicutes|c__Clostridia|o__Coriobacteriales|f__Coriobacteriaceae|g__Collinsella|s__unclassified,0.0054195407,-0.002980981,0.00527741,0.013302997,0.006279424,-0.02952489,0.6090062,-0.0036750229,0.00892961,0.012030292,-0.0152304135,0.013773467,-0.017244145,-0.05775535,-0.019779533,-0.0120982025,-0.001906207,-0.0029741973,0.019329444,-0.05318488,-0.2703327,0.06550498,0.047650516,0.01706864,0.011403531,0.03141068,0.050712578,0.00052790344,0.028458998,0.06993632,0.022520438,0.028593976,-0.028771564,-0.055287212,0.057035387,-0.014482674,-0.025348915,-0.0031636506,0.037442178,0.013413399,-0.030171687,-0.05875229,-0.015750006,-0.0007032305,-0.0045405477,0.011761719,-0.28815714,0.9131628,-0.09015652,-0.01639963,-0.021527918,0.0044519613,0.008791283,0.005880162,-0.019600242,-0.01938114,0.004126014,0.5190373,-0.07061137,0.3934936,-0.008024165,-0.024367133,0.5481559,-0.019833136,-0.04435262,0.047921497,0.026128192,-0.041078687,-0.037976593,-0.0098124,-0.0066398783,0.014375902,-0.008299664,0.028572395,0.023938745,0.019957736,0.049207143,0.0016798824,-0.03191383,-0.0097702,-0.0053375205,-0.00837965,-0.032667473,-0.02252537,-0.35463315,-0.009441494,-0.24514951,0.04387703,0.03957753,0.06677736,-0.032825176,1.6025628,-0.058358386,-0.021981135,-0.08158473,0.03354022,0.010014318,-0.30649143,-0.015341466,0.036307007,-0.004972115,-0.048098918,0.01115723,-0.05313079,-0.021648422,-0.26381022,0.50930053,-0.0042283954,-0.025997981,0.027442757,-0.3433188,0.06928933,-0.026856259,-0.016851723,-0.020372644,-0.009542624,0.0011659942,-0.33845827,-0.053471938,-0.041524827,-0.0017820674,0.079153135,0.023142477,-0.3502625,-0.04343138,0.014267242,-0.0150305275,-0.0007915646,-0.029057607,-0.32756048,1.4975802,0.050622683,-0.052622393,-0.06609051,-0.036309868,-0.008253841,1.1583267,0.032832056,-0.0013745725,0.030732606,-0.040951714,0.010591339,-0.007496327,-0.024060234,0.010362074
k__Bacteria|p__Firmicutes|c__Clostridia|o__Clostridiales|f__Ruminococcaceae|g__Oscillospira|s__unclassified,0.1697298,0.26572284,0.26789728,0.27012023,0.27593476,0.16015229,0.66722417,0.25811058,0.26835448,0.27647153,0.16858542,0.26958245,0.2639789,0.2655274,0.26798475,0.16816008,0.2670498,0.2708209,0.26847744,0.24827865,1.4873586,0.28176552,0.27669272,0.27098513,0.27381575,0.17712295,0.28378227,0.26594517,0.27455017,0.2887925,0.16951473,0.27191997,0.25947267,0.2759627,0.2758017,0.16112828,0.260645,0.27242044,0.26647055,0.2692291,0.16408369,0.2529826,0.26824066,0.2620636,0.28325137,0.16323906,-0.28815714,-0.34594566,0.23804723,0.2603218,0.16612157,0.2701204,0.2810765,0.2660271,0.26834032,0.16566285,0.260262,0.50986755,0.23695527,0.49581814,0.16589594,0.25789726,0.46445873,0.25142986,0.2633035,0.17135163,0.26790762,0.25745115,0.25939518,0.27117515,0.1690771,0.2716444,0.27641386,0.27291703,0.28337732,0.17614087,0.276237,0.2620301,0.25826198,0.27271324,0.16419691,0.262852,0.26431525,0.25554574,0.6315565,0.1700911,-0.24514951,0.28675753,0.2676514,0.27601725,0.15687966,-0.2645283,0.25326812,0.26122558,0.23276731,0.16779323,0.2676293,-0.30649143,0.25420493,0.27818125,0.16508259,0.25824058,0.2655112,0.25453037,0.26365283,-0.26381022,0.51955456,0.26178503,0.25300145,0.27352047,0.86674964,0.27045953,0.26944983,0.27104867,0.27280968,0.16529986,0.26109296,0.87819225,0.24484776,0.2681743,0.16772449,0.27172178,0.2582638,0.73571634,0.2544485,0.16698256,0.25463542,0.26701,0.25435847,1.0433792,-0.2788417,0.26660782,0.27442443,0.25559235,0.27584928,0.17666745,-0.3173398,0.2791517,0.2712135,0.26909035,0.15687291,0.25919807,0.26316684,0.25657368,0.28092667
k__Bacteria|p__Firmicutes|c__Clostridia|o__Clostridiales|f__Lachnospiraceae|g__[Ruminococcus]|s__gnavus,0.28940192,0.39921802,0.44306248,0.43254894,0.41344815,0.33254278,0.6043444,0.47495675,0.43955168,0.36257046,0.29856485,0.3807992,0.4631846,0.46762675,0.4490652,0.2993992,0.39489803,0.434857,0.4364273,0.52733195,1.7172225,0.32410872,0.40067458,0.42896485,0.4201169,0.2559557,0.32007444,0.45212,0.4127274,0.34988046,0.28595036,0.37017632,0.48227006,0.42979562,0.40087038,0.32540125,0.42370737,0.42914462,0.4390337,0.43538615,0.3181074,0.4598686,0.44747645,0.4646966,0.38834876,0.3107822,-0.28815714,0.9135287,0.5217805,0.42907783,0.30944413,0.38162452,0.39357302,0.4485561,0.44699022,0.3101861,0.4177661,0.45544472,0.52037084,0.36929613,0.30648977,0.4329971,0.5773523,0.45622584,0.47148997,0.27187723,0.3834466,0.49300045,0.4841085,0.4347126,0.29461443,0.3731659,0.41503763,0.41786793,0.3809116,0.26299697,0.34795427,0.4650401,0.48640352,0.4293155,0.31176835,0.41034424,0.4663443,0.49440232,0.621317,0.2912497,-0.24514951,0.35903138,0.4336753,0.34880537,0.34507722,1.6029913,0.5056904,0.4745604,0.5440271,0.28867257,0.38994408,1.3439816,0.44456583,0.39771682,0.30850077,0.4382164,0.45018286,0.5050734,0.46451676,1.635775,0.5013145,0.46192202,0.5048145,0.36950207,0.8208299,0.36436936,0.44579178,0.4380232,0.43264735,0.30827013,0.4147436,0.91946554,0.48711878,0.45314974,0.2976838,0.35581744,0.4248882,0.65711,0.49717104,0.29635334,0.44212985,0.44783306,0.49971518,1.0351639,-0.2788417,0.38331595,0.4339823,0.5061842,0.4246887,0.2675208,1.1540166,0.39006186,0.43262458,0.38405904,0.3469332,0.4192605,0.46334898,0.49137264,0.39463684
k__Bacteria|p__Firmicutes|c__Erysipelotrichi|o__Erysipelotrichales|f__[Coprobacillaceae]|g__unclassified|s__unclassified,0.3397598,0.56088305,0.5422222,0.54481536,0.57301176,0.33089656,0.68078315,0.5122126,0.54147446,0.587778,0.3524717,0.5617839,0.5445806,0.5859438,0.563037,0.3480721,0.56488013,0.5595316,0.5334158,0.5135981,-0.2703327,0.5679306,0.54248184,0.5450714,0.56006974,0.3476014,0.58766764,0.53855306,0.5505975,0.57215667,0.32485208,0.557721,0.53786165,0.6242696,0.5302746,0.32239413,0.55846363,0.5658582,0.5103378,0.54129547,0.34711087,0.5556942,0.55974317,0.52510995,0.612416,0.30878827,-0.28815714,0.86423326,0.52275264,0.5460304,0.3478662,0.57142735,0.5910818,0.53514487,0.56581116,0.34446353,0.5326413,0.45075724,0.5033992,0.4287039,0.33575606,0.5471877,0.46235982,0.51803213,0.56503534,0.31090474,0.5451693,0.5391479,0.54553914,0.5673666,0.34738606,0.5701948,0.5868634,0.54386485,0.5892289,0.35314512,0.5592878,0.5213927,0.5353763,0.5741852,0.3266975,0.55339295,0.55794173,0.517519,0.62533116,0.3534412,-0.24514951,0.5870581,0.51416624,0.5420189,0.32042694,-0.2645283,0.5385138,0.5382814,0.49299738,0.30902088,0.55757535,1.2692249,0.5243532,0.5567318,0.3300205,0.5677495,0.52673054,0.53826666,0.5485188,-0.26381022,0.50559664,0.52752966,0.5093132,0.5630189,1.0871745,0.52094144,0.57614285,0.5732759,0.58261985,0.3346418,0.53767765,0.9279225,0.5203104,0.58260614,0.33811247,0.51665866,0.507142,-0.3502625,0.53210104,0.3217566,0.52699554,0.5427911,0.51844627,1.0409374,1.5906987,0.52069545,0.61552083,0.55292624,0.6079272,0.37881207,1.3554791,0.5659081,0.5620225,0.5436484,0.32736504,0.52281284,0.53418624,0.5224365,0.58956224
k__Bacteria|p__Firmicutes|c__Clostridia|o__Clostridiales|f__unclassified|g__unclassified|s__unclassified,0.22448777,0.29504484,0.34039426,0.33028123,0.30698892,0.26638734,0.57055163,0.37552655,0.33775228,0.2559796,0.23068061,0.27785987,0.35876828,0.35528734,0.34186965,0.23229125,0.29014814,0.32971686,0.33610284,0.42410398,-0.2703327,0.22309908,0.30069208,0.32670677,0.31550652,0.19177367,0.21656413,0.34915838,0.31011915,0.24771115,0.22389248,0.26845425,0.3780079,0.3127429,0.3031606,0.26135838,0.31848776,0.32322022,0.34284395,0.33308733,0.2501282,0.35266975,0.34134376,0.36374414,0.27609217,0.25028348,-0.28815714,0.8694074,0.4164142,0.32568955,0.24161422,0.27687836,0.28543103,0.34687254,0.3391026,0.2430107,0.31735396,0.50088114,0.41845948,0.5141128,0.24120378,0.32933503,0.63153327,0.35584652,0.36236715,0.2135417,0.28352216,0.38746178,0.37808242,0.32759252,0.2278167,0.26870155,0.30598634,0.31644708,0.27362666,0.19736272,0.24763957,0.36482698,0.38239676,0.3212237,0.24784812,0.30733085,0.35935235,0.3930453,1.0545837,0.22370622,-0.24514951,0.25312346,0.33680835,0.25107467,0.28002846,-0.2645283,0.3996845,0.37053692,0.44240284,0.22960109,0.2868921,1.2281697,0.3440839,0.2952767,0.24421018,0.33021536,0.35005492,0.39914697,0.3588592,-0.26381022,0.59080595,0.36046886,0.40433675,0.2669518,-0.3433188,0.26953936,0.3360178,0.3300624,0.32271343,0.24305934,0.31401026,0.88049847,0.3845576,0.34196374,0.23246399,0.26240245,0.32914793,0.6711336,0.39190894,0.23435834,0.3412743,0.34472844,0.3976552,1.0265607,-0.2788417,0.28692865,0.3183961,0.39727738,0.3105538,0.19691154,-0.3173398,0.28593212,0.32676822,0.2836563,0.28043914,0.32097596,0.36068717,0.3890108,0.28611583
k__Bacteria|p__Firmicutes|c__Clostridia|o__Clostridiales|f__Lachnospiraceae|g__Coprococcus|s__unclassified,0.30973625,0.43917978,0.47606617,0.47714612,0.46203938,0.30244458,-0.34956193,0.4830035,0.47690952,0.4336242,0.29761258,0.4431516,0.46763748,0.43812576,0.4585035,0.30047792,0.43813443,0.46565616,0.48320162,0.46917173,1.4675589,0.45743614,0.48915663,0.47824407,0.46910226,0.314244,0.44351315,0.47620803,0.48001584,0.48167565,0.32144505,0.45039892,0.46814686,0.42211133,0.49534118,0.31116807,0.43292603,0.46274644,0.49842602,0.478014,0.29503214,0.42380053,0.4612121,0.4812969,0.44182336,0.32474893,-0.28815714,-0.34594566,0.42823285,0.44247517,0.2980734,0.43657982,0.45461977,0.47799724,0.4581508,0.2998985,0.45362037,0.49018848,0.442767,0.37042812,0.30719954,0.4380026,0.5162732,0.45274535,0.45004314,0.33439833,0.45438963,0.46376365,0.46118414,0.4594407,0.30229115,0.440328,0.4515714,0.48175508,0.46021247,0.30876482,0.45596376,0.48373333,0.4668377,0.45744443,0.31178328,0.4397237,0.45729578,0.47837615,0.6120468,0.29831505,-0.24514951,0.46538192,0.49818775,0.47031754,0.30570865,-0.2645283,0.4542645,0.46953622,0.44638515,0.33151376,0.44514585,1.711121,0.45009565,0.47795796,0.31034967,0.42210558,0.483428,0.4589697,0.4645497,1.5911585,0.50311977,0.47637758,0.48088354,0.4492094,0.80555564,0.47925448,0.45280516,0.45667112,0.45066583,0.30637753,0.4491277,0.8712415,0.440378,0.44328475,0.30755916,0.48344898,0.47301504,0.66805226,0.46216714,0.31961155,0.45008293,0.47343886,0.4753073,1.050825,-0.2788417,0.47410983,0.4262997,0.44981444,0.43390733,0.28825372,-0.3173398,0.47161192,0.46599087,0.4585823,0.30023432,0.45883885,0.47576517,0.4760731,0.45646828
k__Bacteria|p__Firmicutes|c__Clostridia|o__Clostridiales|f__Lachnospiraceae|g__Blautia|s__unclassified,0.46942788,0.6668552,0.7235007,0.7117194,0.6908928,0.51839054,0.7735068,0.7579601,0.71963817,0.62692356,0.48047322,0.64588165,0.7468181,0.7536695,0.7313695,0.48129964,0.66218805,0.7150453,0.7154956,0.81855714,1.6338203,0.5811754,0.6749882,0.7074546,0.697942,0.43161264,0.5775176,0.73368704,0.6893511,0.61815643,0.46500903,0.6336253,0.76834023,0.71222484,0.6748327,0.5098955,0.69503903,0.70901513,0.71765625,0.7147225,0.50260466,0.7363657,0.7295941,0.7476189,0.66397536,0.49251148,-0.28815714,0.9685025,0.805757,0.7012758,0.49276882,0.64729464,0.6690911,0.72953767,0.72880864,0.49342445,0.6868278,0.6056628,0.8030652,0.6275125,0.48878014,0.7051262,0.94950444,0.7302981,0.75711024,0.4481901,0.64823735,0.7806038,0.77060604,0.71501637,0.4757313,0.6376753,0.69356346,0.6948669,0.6544446,0.4397781,0.6081933,0.7478968,0.77286065,0.7091254,0.49443603,0.6794102,0.75095683,0.7811656,1.4239926,0.4721859,-0.24514951,0.6286372,0.71176475,0.6090938,0.5322387,1.6153282,0.7943677,0.7595656,0.8304275,0.46724603,0.65605044,1.6638273,0.7173898,0.6722355,0.49089983,0.712037,0.731117,0.79443026,0.7481494,1.8742163,0.69262713,0.7435904,0.79296553,0.6337019,0.9531524,0.6252115,0.72793436,0.7194016,0.7133,0.4909239,0.6838299,1.5123599,0.76570666,0.7367383,0.47879815,0.6152998,0.69461566,0.7404111,0.784178,0.47652826,0.71461785,0.72909045,0.7873412,1.4067641,-0.2788417,0.64704406,0.71656835,0.7965241,0.7052983,0.44602215,1.2776208,0.66324604,0.71247435,0.6494918,0.53477913,0.6881248,0.74653,0.7780881,0.6702165
k__Bacteria|p__Firmicutes|c__Clostridia|o__Clostridiales|f__Lachnospiraceae|g__unclassified|s__unclassified,0.23640719,0.24580517,0.3421139,0.3208663,0.25904676,0.32615483,0.61724067,0.4274666,0.33728948,0.15190068,0.24342105,0.20983419,0.3784614,0.35321093,0.3360114,0.24897817,0.23413661,0.31174922,0.33713543,0.5251708,1.5661552,0.096400425,0.26077664,0.31295812,0.2822824,0.1665101,0.07248605,0.3623008,0.27837336,0.13951398,0.24304815,0.19279785,0.42211306,0.24937217,0.27180782,0.31996977,0.2954858,0.296026,0.36201996,0.32775396,0.28537548,0.36639833,0.33541524,0.3981675,0.17951086,0.30311748,-0.28815714,0.8567119,0.5112628,0.31293097,0.2682319,0.2037844,0.2061489,0.35913113,0.3283921,0.27230036,0.3040019,0.6778445,0.52490246,0.8187368,0.27248386,0.32265043,0.7886678,0.38994426,0.37649232,0.22744791,0.22899038,0.43968886,0.4187339,0.3039101,0.24025899,0.18886313,0.2508912,0.29331422,0.18418336,0.17513031,0.1500223,0.40131116,0.43120247,0.2884889,0.28995046,0.27357507,0.37291402,0.4614602,1.5321691,0.2287446,-0.24514951,0.14381461,0.34929886,0.1638057,0.35851178,-0.2645283,0.46464425,0.40614086,0.5766191,0.26103,0.23082429,1.2947698,0.36247218,0.24225017,0.28136927,0.31461704,0.36816293,0.46370724,0.377069,1.6662139,0.65663993,0.3898026,0.48820108,0.18567231,1.3369712,0.21351486,0.31884006,0.30803174,0.2880005,0.27724344,0.29417244,1.0092832,0.44724017,0.3270079,0.25350487,0.20008084,0.3374815,0.7992332,0.4535706,0.26476872,0.3561133,0.3504585,0.47057778,1.1100229,1.5992023,0.25006267,0.2631336,0.4548205,0.25107086,0.16234046,-0.3173398,0.22108418,0.3063806,0.22939622,0.35642684,0.3156289,0.3874725,0.45173147,0.21057577
k__Bacteria|p__Firmicutes|c__Clostridia|o__Clostridiales|f__Peptostreptococcaceae|g__unclassified|s__unclassified,-0.052327335,-0.030698773,-0.07002169,-0.06159936,-0.034512185,-0.088834435,-0.34956193,-0.106834024,-0.06828424,0.008617658,-0.05401568,-0.016490143,-0.08446665,-0.07097456,-0.065911464,-0.056650892,-0.025919817,-0.056648243,-0.06909624,-0.14532894,-0.2703327,0.029375523,-0.037900433,-0.058177985,-0.04474553,-0.023890119,0.04019486,-0.07825442,-0.04423104,0.012803471,-0.05621575,-0.009798738,-0.10253346,-0.02648246,-0.043483056,-0.08705356,-0.05096913,-0.050224908,-0.08086108,-0.064706266,-0.07127287,-0.079459995,-0.06639288,-0.09383678,0.00011738995,-0.08153676,-0.28815714,-0.34594566,-0.14000219,-0.059079614,-0.064201705,-0.013463853,-0.012244254,-0.07736951,-0.06284297,-0.06621644,-0.05648474,0.44368458,-0.14692858,0.34599718,-0.06698754,-0.06260264,0.6618733,-0.09186373,-0.082063764,-0.05127056,-0.025606573,-0.10899541,-0.100427136,-0.05299191,-0.05311148,-0.007896307,-0.030357026,-0.050763454,-0.0036826194,-0.026677176,0.007311564,-0.09560235,-0.10621864,-0.046119213,-0.07476346,-0.042573094,-0.08106708,-0.119753525,0.6883435,-0.04814528,-0.24514951,0.012134793,-0.07516326,-0.00058728165,-0.102558225,-0.2645283,-0.1194579,-0.0958323,-0.16840792,-0.06476797,-0.025132671,1.2257422,-0.08059093,-0.029299743,-0.07115007,-0.057743084,-0.08204539,-0.11891887,-0.083416715,-0.26381022,0.5197763,-0.09053622,-0.13090861,-0.006850933,0.7929063,-0.02035997,-0.058271125,-0.05355688,-0.045558587,-0.06920251,-0.05244983,-0.33845827,-0.1143812,-0.06098805,-0.059269793,-0.016494285,-0.072056934,-0.3502625,-0.11568408,-0.06511922,-0.07757008,-0.07346976,-0.12338279,-0.32756048,-0.2788417,-0.03577359,-0.03314821,-0.11383888,-0.028797893,-0.019696629,-0.3173398,-0.020195019,-0.05407403,-0.026085302,-0.10117075,-0.061863046,-0.08901991,-0.115167156,-0.014072294
k__Bacteria|p__Firmicutes|c__Clostridia|o__Clostridiales|f__Lachnospiraceae|g__Dorea|s__unclassified,0.41137356,0.6890702,0.6588526,0.6705282,0.71063226,0.35869187,0.58917344,0.6010063,0.6608131,0.7489047,0.40992355,0.70938706,0.63853824,0.66159415,0.6642566,0.40573424,0.6965163,0.67881525,0.6593284,0.5487926,1.4654357,0.774372,0.7052626,0.67559844,0.69475555,0.45208383,0.7920878,0.64629567,0.6951989,0.7773092,0.4039395,0.71848565,0.6129769,0.7258632,0.69374406,0.36066133,0.65923977,0.68820107,0.6398903,0.6652213,0.38501212,0.61857283,0.6651794,0.62299013,0.76222354,0.3674882,-0.28815714,-0.34594566,0.53032154,0.6492907,0.39508384,0.7142552,0.7447876,0.64706576,0.67069834,0.3918202,0.6504077,-0.35533303,0.5193316,0.34459537,0.39017254,0.64210254,0.4792169,0.59882534,0.64194334,0.4098798,0.69549686,0.6036416,0.6154083,0.68357456,0.4104031,0.7219246,0.7183449,0.6859267,0.75624204,0.44917512,0.7429187,0.6207647,0.6067774,0.69417834,0.37843513,0.6716306,0.64466107,0.5866846,0.61156905,0.41754478,-0.24514951,0.775813,0.6468935,0.73247993,0.3382949,-0.2645283,0.58574504,0.62164557,0.49037486,0.3909884,0.6973398,1.2437494,0.6141906,0.71681416,0.38374054,0.6505406,0.64031047,0.5891775,0.63912,-0.26381022,0.5036832,0.6259235,0.5693835,0.7251986,-0.3433188,0.6996623,0.6794474,0.6839452,0.69610053,0.3861121,0.6561241,0.89195037,0.56658673,0.6736909,0.4005903,0.7045536,0.63024664,-0.3502625,0.58859134,0.39150438,0.61969733,0.6539123,0.58159024,1.0301543,-0.2788417,0.67789435,0.7176297,0.59675807,0.72138196,0.460616,1.1261611,0.72862935,0.68242,0.6956071,0.34053218,0.64140236,0.631569,0.5924469,0.74057066
k__Bacteria|p__Firmicutes|c__Clostridia|o__Clostridiales|f__Veillonellaceae|g__unclassified|s__unclassified,-0.2543772,-0.39249778,-0.3993731,-0.4046976,-0.4103648,-0.23122433,-0.34956193,-0.3834802,-0.4009897,-0.4113961,-0.24663801,-0.40263993,-0.38730097,-0.37714845,-0.39196125,-0.24699965,-0.39441288,-0.40059692,-0.40445656,-0.35631293,-0.2703327,-0.4345609,-0.4239133,-0.4067558,-0.40899438,-0.27202645,-0.4325026,-0.39513302,-0.41544658,-0.446955,-0.2592282,-0.4097519,-0.37791973,-0.39155686,-0.42562056,-0.2370179,-0.378754,-0.40278828,-0.407193,-0.40391386,-0.2362469,-0.3586909,-0.39338303,-0.39000183,-0.41756618,-0.24786294,-0.28815714,0.9253464,-0.3294115,-0.38108954,-0.24138534,-0.4004688,-0.4180094,-0.39727023,-0.39301932,-0.24160707,-0.38732636,0.7276513,-0.33415774,-0.35140985,-0.24524978,-0.37556124,0.63104934,-0.36814797,-0.37877208,-0.2695276,-0.40425116,-0.37153026,-0.37521547,-0.39941996,-0.24991621,-0.4058929,-0.40686834,-0.41339844,-0.42599815,-0.26704797,-0.42209366,-0.39062524,-0.3754847,-0.4015016,-0.24387014,-0.386984,-0.38294777,-0.37470943,0.91768354,-0.25049102,-0.24514951,-0.43598583,-0.40986782,-0.4282846,-0.22593611,-0.2645283,-0.3606153,-0.3820573,-0.32566455,-0.26047218,-0.39877364,-0.30649143,-0.37325406,-0.42236662,-0.24509089,-0.36888003,-0.39787546,-0.36428747,-0.3860008,-0.26381022,-0.3555616,-0.38814223,-0.37004364,-0.4119891,0.9433664,-0.42028385,-0.3919651,-0.39661688,-0.3980296,-0.24424364,-0.38772437,-0.33845827,-0.34960166,-0.38606626,-0.24971347,-0.42579633,-0.39107937,-0.3502625,-0.36738896,-0.25355053,-0.3743531,-0.39640582,-0.37147325,1.191472,-0.2788417,-0.40992594,-0.39067173,-0.3612458,-0.39762232,-0.25947756,-0.3173398,-0.4223647,-0.4018916,-0.40781686,-0.22356372,-0.38785744,-0.38940072,-0.37548018,-0.41825327
k__Bacteria|p__Bacteroidetes|c__Bacteroidia|o__Bacteroidales|f__Bacteroidaceae|g__Bacteroides|s__caccae,-0.075609386,-0.044120044,-0.100866385,-0.09153154,-0.05249764,-0.112712584,-0.34956193,-0.14768678,-0.09925456,0.0046330877,-0.07036343,-0.030497376,-0.11210731,-0.07868481,-0.08571161,-0.07496528,-0.03762375,-0.07939817,-0.10408329,-0.18268469,-0.2703327,0.013132111,-0.07191397,-0.08872636,-0.06855635,-0.045986854,0.03369256,-0.11034381,-0.07309259,-0.010373957,-0.086767316,-0.027192067,-0.13209203,-0.018479638,-0.082218364,-0.115732566,-0.06289627,-0.06984123,-0.12651536,-0.0959157,-0.08840981,-0.08964029,-0.0875174,-0.13086587,-0.0004643947,-0.11774822,-0.28815714,-0.34594566,-0.16086599,-0.07741761,-0.082044974,-0.022616806,-0.022694096,-0.11067918,-0.08183873,-0.08546369,-0.08175494,-0.35533303,-0.17756765,-0.35140985,-0.090798356,-0.07930751,-0.35751456,-0.12105565,-0.09884607,-0.08931915,-0.047348395,-0.13759285,-0.12598753,-0.071679726,-0.07224452,-0.017977258,-0.04114481,-0.08217522,-0.016060427,-0.04595772,-0.010994352,-0.13414446,-0.1363371,-0.062486015,-0.10234621,-0.058077883,-0.102218375,-0.15816966,-0.35463315,-0.06425847,-0.24514951,-0.0020690043,-0.1197399,-0.026994836,-0.13038751,-0.2645283,-0.14501528,-0.12592816,-0.20332894,-0.10267971,-0.0411059,-0.30649143,-0.10689035,-0.05615536,-0.097283274,-0.064153925,-0.11896625,-0.14610931,-0.109345764,-0.26381022,-0.3555616,-0.1252947,-0.17235544,-0.022345953,-0.3433188,-0.056864806,-0.07276357,-0.07013595,-0.05731886,-0.09267852,-0.07458586,-0.33845827,-0.13975336,-0.07085305,-0.0824237,-0.05411297,-0.110121906,-0.3502625,-0.14480546,-0.09628097,-0.10347439,-0.10320618,-0.16059533,-0.32756048,-0.2788417,-0.06985005,-0.02858477,-0.13440782,-0.028643422,-0.025735293,-0.3173398,-0.042389188,-0.07636877,-0.04932435,-0.12539616,-0.09138943,-0.121792145,-0.15165648,-0.025351547
k__Bacteria|p__Bacteroidetes|c__Bacteroidia|o__Bacteroidales|f__Porphyromonadaceae|g__Dysgonomonas|s__unclassified,-0.2330986,-0.3399976,-0.361089,-0.36225528,-0.35640898,-0.22730431,-0.34956193,-0.36216962,-0.36172354,-0.34052494,-0.22682086,-0.34243566,-0.35637477,-0.34337187,-0.3530726,-0.22821675,-0.340176,-0.3571514,-0.3644988,-0.35359,-0.2703327,-0.35189515,-0.3693205,-0.36309326,-0.35929492,-0.23652852,-0.34608412,-0.3610022,-0.36468166,-0.36793262,-0.23841186,-0.34679112,-0.35582444,-0.33820233,-0.37168732,-0.23178858,-0.33620498,-0.35637218,-0.37114412,-0.36239606,-0.22468337,-0.33025494,-0.3547247,-0.36245698,-0.34854752,-0.23829457,-0.28815714,-0.34594566,-0.3296105,-0.34132499,-0.226711,-0.3397094,-0.3537849,-0.36135384,-0.35326087,-0.22760454,-0.34567264,-0.35533303,-0.3357125,-0.35140985,-0.23087426,-0.3375368,-0.35751456,-0.34393454,-0.34823757,-0.24446772,-0.3475384,-0.35326642,-0.35237795,-0.3542459,-0.22907388,-0.34178537,-0.35145187,-0.3646019,-0.3571038,-0.23398629,-0.35002407,-0.36351943,-0.35477144,-0.3537535,-0.2325404,-0.33932334,-0.35173145,-0.35956767,-0.35463315,-0.22741783,-0.24514951,-0.36054134,-0.3713389,-0.35742825,-0.22819152,-0.2645283,-0.34745705,-0.35686076,-0.33699536,-0.24260783,-0.3433388,-0.30649143,-0.34333134,-0.36446115,-0.23214404,-0.3307565,-0.36400625,-0.35039625,-0.35479993,-0.26381022,-0.3555616,-0.35993528,-0.3605355,-0.34692544,-0.3433188,-0.35926038,-0.35080683,-0.35299063,-0.35068417,-0.23017249,-0.34348434,-0.33845827,-0.33642983,-0.34605163,-0.23152816,-0.3619172,-0.35456634,-0.3502625,-0.35118622,-0.23666649,-0.34255785,-0.35927635,-0.35742766,-0.32756048,-0.2788417,-0.35645598,-0.3398545,-0.34658343,-0.34344566,-0.22425933,-0.3173398,-0.3615234,-0.35746652,-0.35068002,-0.22572893,-0.34765646,-0.36014104,-0.35881424,-0.354634
k__Bacteria|p__Bacteroidetes|c__Bacteroidia|o__Bacteroidales|f__Prevotellaceae|g__Prevotella|s__stercorea,-0.11770557,-0.15448628,-0.17853805,-0.17098111,-0.15868977,-0.15037943,-0.34956193,-0.20131382,-0.1763834,-0.12811339,-0.12614149,-0.14064035,-0.19444613,-0.20146582,-0.18544877,-0.12636441,-0.15123048,-0.17408806,-0.1731267,-0.24126327,-0.2703327,-0.09697478,-0.14559713,-0.16789716,-0.16252236,-0.0927898,-0.0961386,-0.18480954,-0.15586847,-0.10984958,-0.11369996,-0.13149206,-0.20833257,-0.17596392,-0.14551485,-0.14399612,-0.17334081,-0.17027196,-0.17326817,-0.17266855,-0.14096166,-0.20101881,-0.18371616,-0.19400601,-0.14322013,-0.13160866,-0.28815714,-0.34594566,-0.24579105,-0.17552546,-0.13393603,-0.14217556,-0.14545369,-0.18269913,-0.1834299,-0.13425428,-0.16592145,-0.35533303,-0.24262719,-0.35140985,-0.13067642,-0.1796204,0.74758905,-0.19414544,-0.20274304,-0.10201151,-0.14102527,-0.21655764,-0.21075076,-0.1745443,-0.12255551,-0.13529389,-0.16146639,-0.15971854,-0.13520786,-0.09837334,-0.11477055,-0.19371282,-0.21176758,-0.17074189,-0.13402766,-0.1629771,-0.19802353,-0.21599343,-0.35463315,-0.12079148,-0.24514951,-0.11836161,-0.16937557,-0.11321392,-0.15915647,-0.2645283,-0.22771889,-0.20245911,-0.25920236,-0.11460933,-0.14648458,-0.30649143,-0.18635885,-0.14505333,-0.13180894,-0.18527657,-0.18298936,-0.2264514,-0.19578859,-0.26381022,-0.3555616,-0.19237208,-0.22332148,-0.13109556,-0.3433188,-0.12375097,-0.18305409,-0.17741293,-0.17388779,-0.13236043,-0.16482915,-0.33845827,-0.21893534,-0.19021091,-0.12417087,-0.11706899,-0.16852155,-0.3502625,-0.22025786,-0.12172179,-0.184475,-0.18252891,-0.22031152,-0.32756048,-0.2788417,-0.13799351,-0.17828941,-0.22830658,-0.17048815,-0.104640506,-0.3173398,-0.1402353,-0.17217214,-0.14038602,-0.16128911,-0.16672927,-0.19330657,-0.21399751,-0.14561582
k__Bacteria|p__Bacteroidetes|c__Bacteroidia|o__Bacteroidales|f__[Paraprevotellaceae]|g__[Prevotella]|s__unclassified,0.038612954,0.14747953,0.08193189,0.09863843,0.14949977,-0.034549505,-0.34956193,0.010524449,0.08515308,0.22490329,0.03300686,0.17600569,0.05215478,0.073567376,0.087127306,0.028376352,0.1570395,0.106885135,0.08463341,-0.067395136,-0.2703327,0.26888567,0.14742044,0.105197445,0.13045737,0.09535697,0.28796312,0.06556794,0.13358031,0.24573989,0.032874867,0.19070746,0.016683303,0.15892711,0.13720435,-0.029494587,0.106755555,0.11949653,0.06391304,0.09287971,-0.0013234005,0.049315922,0.08710987,0.03578244,0.21447325,-0.016416047,-0.28815714,-0.34594566,-0.06898529,0.09321503,0.0131080095,0.18127716,0.19218701,0.06695275,0.09341201,0.009497895,0.09960429,0.44765142,-0.08076425,-0.35140985,0.009242853,0.084414065,-0.35751456,0.029521614,0.054266095,0.044675797,0.160184,0.0034470744,0.019270122,0.11295859,0.035423025,0.19304597,0.15615451,0.12045312,0.20963013,0.08866672,0.22491004,0.03329433,0.008767694,0.12614794,-0.005216334,0.12411849,0.057335425,-0.015870586,-0.35463315,0.044632375,-0.24514951,0.24188334,0.07525765,0.21344589,-0.061031844,-0.2645283,-0.019482158,0.029921666,-0.12098383,0.017815236,0.15958115,-0.30649143,0.051340684,0.16239338,0.0015823018,0.09184897,0.059677556,-0.01734589,0.05358914,-0.26381022,-0.3555616,0.041256256,-0.037093908,0.19708398,-0.3433188,0.17374608,0.10158256,0.11094047,0.12625445,0.004734632,0.10682629,-0.33845827,-0.0172594,0.094340295,0.024450142,0.18347758,0.07318215,-0.3502625,-0.010260271,0.014820789,0.057263087,0.07489395,-0.02366943,-0.32756048,-0.2788417,0.14343655,0.14701357,-0.008947484,0.15642473,0.09899786,-0.3173398,0.17899153,0.11142208,0.16095418,-0.059135072,0.08938421,0.044889547,-0.0070586875,0.18889748
k__Bacteria|p__Bacteroidetes|c__Bacteroidia|o__Bacteroidales|f__[Odoribacteraceae]|g__Butyricimonas|s__unclassified,-0.25974083,-0.37900683,-0.4025093,-0.4071337,-0.40005356,-0.24106926,-0.34956193,-0.39852804,-0.40495622,-0.38658178,-0.24695887,-0.38838553,-0.38960317,-0.3626287,-0.386896,-0.2492201,-0.37923795,-0.3960216,-0.41137707,-0.372375,-0.2703327,-0.41690874,-0.42633137,-0.40920383,-0.40433866,-0.2737036,-0.4062972,-0.40057415,-0.41518298,-0.43629676,-0.2713732,-0.39701694,-0.38414627,-0.3607161,-0.433754,-0.2504852,-0.3672815,-0.39544934,-0.42442214,-0.40743425,-0.23901288,-0.34881762,-0.38881558,-0.40109363,-0.39020294,-0.2664956,-0.28815714,-0.34594566,-0.33430374,-0.37513018,-0.2439523,-0.38231093,-0.39911985,-0.40401798,-0.38579106,-0.24550258,-0.3856873,-0.35533303,-0.34731472,0.41021237,-0.252638,-0.36895758,-0.35751456,-0.37417907,-0.37247685,-0.28681666,-0.39679813,-0.376494,-0.37840378,-0.3916799,-0.25250345,-0.38815027,-0.39024746,-0.41578093,-0.40847397,-0.26664865,-0.4087146,-0.40256852,-0.3824318,-0.39095026,-0.25502133,-0.37679163,-0.3792672,-0.38960412,-0.35463315,-0.25032157,-0.24514951,-0.41729468,-0.4256515,-0.42184752,-0.24018365,-0.2645283,-0.3649148,-0.38780725,-0.34363472,-0.27881193,-0.38661385,-0.30649143,-0.37639868,-0.41852364,-0.25502145,-0.3533127,-0.40732002,-0.36988223,-0.38692105,-0.26381022,-0.3555616,-0.39656845,-0.38866335,-0.39753827,-0.3433188,-0.424689,-0.38054803,-0.38770142,-0.38427067,-0.2521712,-0.38367802,-0.33845827,-0.35499018,-0.37231165,-0.25599456,-0.4297678,-0.400207,0.69339186,-0.37467724,-0.2666329,-0.37587166,-0.39887732,-0.38587797,-0.32756048,-0.2788417,-0.41429183,-0.36202374,-0.36197078,-0.37244815,-0.24828044,-0.3173398,-0.41351074,-0.3971953,-0.40180886,-0.23504817,-0.39070314,-0.39594418,-0.38855872,-0.4011426
k__Bacteria|p__Bacteroidetes|c__Bacteroidia|o__Bacteroidales|f__Bacteroidaceae|g__Bacteroides|s__plebeius,-0.061643686,-0.014109639,-0.07683269,-0.06702724,-0.022936955,-0.10222459,-0.34956193,-0.12926811,-0.0758252,0.039883144,-0.0551693,5.917315e-05,-0.088567875,-0.048870176,-0.05909106,-0.060375776,-0.0064306194,-0.052309737,-0.081765436,-0.16715601,-0.2703327,0.047657616,-0.04591234,-0.063827164,-0.041198567,-0.029651009,0.07098001,-0.0870313,-0.046569675,0.02132038,-0.07516544,0.0040448145,-0.1103253,0.018707164,-0.059053518,-0.106070325,-0.034429174,-0.04156457,-0.10805338,-0.07225215,-0.07500953,-0.063119024,-0.060981296,-0.11075527,0.035960972,-0.109775394,-0.28815714,-0.34594566,-0.14174464,-0.051268652,-0.06773028,0.009550953,0.010307409,-0.08875402,-0.054268777,-0.071826115,-0.056590382,-0.35533303,-0.16158018,-0.35140985,-0.078324206,-0.05327823,-0.35751456,-0.09955139,-0.07288173,-0.079668246,-0.019396976,-0.1157336,-0.10356765,-0.043769702,-0.05772383,0.014355432,-0.009471007,-0.05744613,0.016986616,-0.028711155,0.020804953,-0.11428138,-0.115679406,-0.033030502,-0.09160614,-0.030350965,-0.07649778,-0.14035583,-0.35463315,-0.04888104,-0.24514951,0.03290832,-0.10036174,0.0017053279,-0.12198331,-0.2645283,-0.12429031,-0.1037688,-0.1900597,-0.09368347,-0.010902828,-0.30649143,-0.08445297,-0.02841971,-0.08594494,-0.0347097,-0.09790584,-0.1256971,-0.08557344,-0.26381022,-0.3555616,-0.10384932,-0.15608585,0.008836176,-0.3433188,-0.03150341,-0.04305593,-0.040997513,-0.026574112,-0.08095399,-0.04923714,-0.33845827,-0.1197929,-0.041419543,-0.06947428,-0.029114466,-0.08961007,-0.3502625,-0.12479128,-0.08584925,-0.080675855,-0.079526894,-0.14326784,-0.32756048,-0.2788417,-0.04504743,0.0071792006,-0.111275844,0.0060478225,-0.0052658673,-0.3173398,-0.011856845,-0.04878944,-0.021619909,-0.11609636,-0.06835023,-0.09974035,-0.13277659,0.007475123
k__Bacteria|p__Bacteroidetes|c__Bacteroidia|o__Bacteroidales|f__S24-7|g__unclassified|s__unclassified,-0.23815161,-0.387668,-0.37873238,-0.37828928,-0.39564538,-0.23922531,-0.34956193,-0.3630566,-0.3771354,-0.40031987,-0.24897128,-0.3854996,-0.3838641,-0.41371372,-0.39398438,-0.24583718,-0.38973504,-0.38963526,-0.37109512,-0.37282217,-0.2703327,-0.38016686,-0.3717925,-0.37789866,-0.38745376,-0.23826063,-0.39365417,-0.37725234,-0.3790568,-0.38432825,-0.22667757,-0.38062903,-0.38145262,-0.43424955,-0.3624931,-0.23166111,-0.3895458,-0.3930514,-0.35472274,-0.37674055,-0.24842635,-0.39367604,-0.39206973,-0.36974108,-0.41924423,-0.21971957,-0.28815714,-0.34594566,-0.38050795,-0.38155675,-0.24734987,-0.39205968,-0.40600064,-0.37435943,-0.3964247,-0.24489897,-0.37079814,-0.35533303,-0.36650103,-0.35140985,-0.23823442,-0.3831948,-0.35751456,-0.3660682,-0.3997078,-0.21482874,-0.37414175,-0.38499248,-0.3872766,-0.39524627,-0.24457505,-0.38991946,-0.40619308,-0.3755389,-0.4018991,-0.24325243,-0.37784684,-0.36760318,-0.38086534,-0.39892772,-0.2327369,-0.3844111,-0.3940295,-0.36908472,-0.35463315,-0.24840264,-0.24514951,-0.3974875,-0.35605407,-0.36578527,-0.23395069,-0.2645283,-0.38738626,-0.38071197,-0.36320084,-0.21597913,-0.38364506,-0.30649143,-0.36858153,-0.38158265,-0.23446217,-0.39874852,-0.36903262,-0.38645506,-0.38653988,-0.26381022,-0.3555616,-0.37196332,-0.36490715,-0.38410765,-0.3433188,-0.3525918,-0.40380192,-0.39901263,-0.40537196,-0.2377972,-0.37406197,-0.33845827,-0.3730107,-0.4091112,-0.23857337,-0.34881452,-0.354165,-0.3502625,-0.3809812,-0.2266915,-0.37076455,-0.38029617,-0.37117413,-0.32756048,-0.2788417,-0.3554843,-0.43004137,-0.39599568,-0.4225797,-0.2622889,-0.3173398,-0.387334,-0.39022306,-0.37228727,-0.23920538,-0.36388737,-0.37663883,-0.372065,-0.40401268
k__Bacteria|p__Bacteroidetes|c__Bacteroidia|o__Bacteroidales|f__Bacteroidaceae|g__Bacteroides|s__ovatus,-0.060782947,-0.03639078,-0.0812582,-0.069870904,-0.039485082,-0.10535583,0.5640864,-0.12413752,-0.07798384,0.011069347,-0.0641288,-0.018548885,-0.09910402,-0.08613005,-0.077082664,-0.06678629,-0.030560168,-0.06596233,-0.07824007,-0.1723594,-0.2703327,0.03791382,-0.041119985,-0.06604874,-0.050993703,-0.025869327,0.04960888,-0.09084901,-0.048461385,0.020199977,-0.06352016,-0.010055371,-0.12057206,-0.033759303,-0.045257643,-0.102303095,-0.06031391,-0.057927765,-0.090176016,-0.0734981,-0.08503257,-0.09571375,-0.077561125,-0.10837202,0.0006229137,-0.09410463,-0.28815714,-0.34594566,-0.16771983,-0.06884962,-0.07638707,-0.015274266,-0.013658352,-0.088832095,-0.07438745,-0.07845171,-0.065485656,-0.35533303,-0.17456937,-0.35140985,-0.078706235,-0.074033305,-0.35751456,-0.10748303,-0.097615466,-0.05612439,-0.028200472,-0.12999666,-0.1183843,-0.06174799,-0.062378116,-0.0075424775,-0.035724025,-0.05627933,-0.0021547978,-0.030287035,0.01136072,-0.11066201,-0.12490855,-0.054057658,-0.08746832,-0.05019629,-0.09664568,-0.14009534,-0.35463315,-0.056570925,-0.24514951,0.017164413,-0.08350151,0.0048998557,-0.12151907,-0.2645283,-0.1426087,-0.112318695,-0.20049132,-0.07303468,-0.029110365,-0.30649143,-0.09351223,-0.031130554,-0.08295517,-0.07018595,-0.09401536,-0.14132415,-0.098140344,-0.26381022,-0.3555616,-0.10552271,-0.15314338,-0.005812221,-0.3433188,-0.020171277,-0.069703,-0.06350752,-0.053468864,-0.08053057,-0.060524397,0.88337374,-0.13595405,-0.07301404,-0.06903033,-0.013523791,-0.0828791,-0.3502625,-0.13643363,-0.07485423,-0.09116383,-0.08536106,-0.1447461,-0.32756048,-0.2788417,-0.03784991,-0.041900344,-0.13611507,-0.03510637,-0.023652194,-0.3173398,-0.021198176,-0.06261955,-0.027369276,-0.12031248,-0.07103808,-0.103804834,-0.13488388,-0.01475657
k__Bacteria|p__Bacteroidetes|c__Bacteroidia|o__Bacteroidales|f__[Paraprevotellaceae]|g__Paraprevotella|s__unclassified,-0.14109509,-0.20889045,-0.21964818,-0.213321,-0.21204554,-0.16885157,-0.34956193,-0.23129351,-0.2170291,-0.19317013,-0.1535725,-0.19614467,-0.23576935,-0.25701705,-0.23376915,-0.15230182,-0.20743024,-0.22176933,-0.21113515,-0.2688388,-0.2703327,-0.15704057,-0.18844211,-0.21044815,-0.2110996,-0.120277435,-0.16318236,-0.22430754,-0.20133367,-0.16544259,-0.13197027,-0.1862537,-0.24619858,-0.24695522,-0.1841314,-0.15966427,-0.22616741,-0.22072348,-0.20283738,-0.21402055,-0.16567859,-0.25141844,-0.23132014,-0.22793767,-0.21184078,-0.14304282,-0.28815714,-0.34594566,-0.28188723,-0.22330618,-0.15935339,-0.20111427,-0.20596114,-0.22080195,-0.23307195,-0.15845086,-0.20989443,-0.35533303,-0.27185792,0.46888694,-0.15189165,-0.22775614,-0.35751456,-0.23110798,-0.25138316,-0.11587132,-0.19063625,-0.2546174,-0.25126183,-0.22529139,-0.14843252,-0.19449818,-0.21978956,-0.20233412,-0.19568506,-0.12749937,-0.17066948,-0.2267834,-0.24860857,-0.22398876,-0.15179259,-0.21415949,-0.24407597,-0.24578933,-0.35463315,-0.14899619,-0.24514951,-0.1800933,-0.20064075,-0.16313657,-0.17346126,-0.2645283,-0.26581168,-0.240855,-0.28336346,-0.12696588,-0.20025337,-0.30649143,-0.22613657,-0.19335389,-0.15092278,-0.24082388,-0.21851069,-0.26357657,-0.23830274,-0.26381022,-0.3555616,-0.22845638,-0.25000954,-0.18719713,-0.3433188,-0.16454124,-0.23667529,-0.2294462,-0.23030776,-0.15328687,-0.21064058,-0.33845827,-0.255176,-0.2456172,-0.14671189,-0.1579813,-0.20229772,0.749735,-0.25681224,-0.13836315,-0.22528377,-0.22389516,-0.250414,-0.32756048,-0.2788417,-0.17890391,-0.24649686,-0.27045792,-0.23630399,-0.14270055,-0.3173398,-0.19305679,-0.22063017,-0.18931988,-0.1780037,-0.20697331,-0.23100188,-0.24596359,-0.20596817
k__Bacteria|p__Bacteroidetes|c__Bacteroidia|o__Bacteroidales|f__[Barnesiellaceae]|g__unclassified|s__unclassified,-0.23386055,-0.34164345,-0.36266482,-0.3647916,-0.3594001,-0.22353192,-0.34956193,-0.3614325,-0.363584,-0.34523994,-0.22561067,-0.34680903,-0.35506776,-0.33726764,-0.3522188,-0.22717422,-0.34170777,-0.35787755,-0.36797264,-0.34712726,-0.2703327,-0.36308616,-0.37655702,-0.3661126,-0.3625214,-0.24119212,-0.35578585,-0.36193037,-0.36912203,-0.3799535,-0.24111323,-0.35228723,-0.35229605,-0.3335516,-0.3808446,-0.22946352,-0.33466247,-0.35711867,-0.37656826,-0.36533487,-0.22130814,-0.32436964,-0.35372716,-0.36253738,-0.35114568,-0.23942609,-0.28815714,-0.34594566,-0.3182092,-0.34095874,-0.22422796,-0.34268025,-0.357724,-0.36368042,-0.351999,-0.22535345,-0.3472336,0.536611,-0.3268131,0.48528382,-0.22991523,-0.3363114,-0.35751456,-0.34156126,-0.34382987,-0.2506685,-0.3526808,-0.34816617,-0.34826446,-0.3549192,-0.22907168,-0.3460944,-0.35294843,-0.36980057,-0.36308834,-0.23703983,-0.35859293,-0.36378846,-0.35127956,-0.35423607,-0.23177734,-0.34043616,-0.3485539,-0.3566495,-0.35463315,-0.22734407,-0.24514951,-0.3679484,-0.37691838,-0.36794192,-0.22372146,1.7510012,-0.3404734,-0.35435683,-0.32620645,-0.24638686,-0.3464027,-0.30649143,-0.34208286,-0.37088543,-0.23150402,-0.32640016,-0.3661484,-0.34414762,-0.35328436,-0.26381022,-0.3555616,-0.35950977,-0.35640854,-0.35284168,-0.3433188,-0.3704767,-0.34823292,-0.35229373,-0.34971187,-0.22938105,-0.3455462,-0.33845827,-0.33027184,-0.34286577,-0.23156086,-0.37309536,-0.3580734,0.71019465,-0.34628862,-0.23864573,-0.34168574,-0.36038518,-0.35439545,-0.32756048,-0.2788417,-0.36412376,-0.33510748,-0.33866003,-0.3415046,-0.22481236,-0.3173398,-0.36695158,-0.35835212,-0.3564735,-0.22021788,-0.35032678,-0.3594098,-0.35554183,-0.358681
k__Bacteria|p__Bacteroidetes|c__Bacteroidia|o__Bacteroidales|f__Bacteroidaceae|g__Bacteroides|s__uniformis,-0.06311704,-0.028326407,-0.08132162,-0.07443901,-0.036302082,-0.091485,0.65840954,-0.12322158,-0.080807306,0.015022565,-0.05471562,-0.017984588,-0.08797441,-0.051504992,-0.0629688,-0.059541572,-0.022862721,-0.060226075,-0.08648222,-0.14666119,-0.2703327,0.013620796,-0.061511062,-0.07220354,-0.051775195,-0.039917566,0.035024453,-0.08916975,-0.06036093,-0.007489495,-0.07630251,-0.01778518,-0.105514325,0.0038213432,-0.07151499,-0.09696163,-0.042170547,-0.05157285,-0.10997496,-0.077798225,-0.06893745,-0.06133327,-0.06567713,-0.1084576,0.013058029,-0.1027783,-0.28815714,-0.34594566,-0.12225038,-0.05586212,-0.06475189,-0.009683792,-0.00929597,-0.08988202,-0.059921302,-0.06808415,-0.06436002,-0.35533303,-0.14064416,0.3985478,-0.074825615,-0.05723661,-0.35751456,-0.097198084,-0.07127675,-0.08216859,-0.035965353,-0.108127244,-0.097895406,-0.05137364,-0.05760943,-0.0073559047,-0.023599148,-0.06775773,-0.005609207,-0.038180016,-0.0062401304,-0.1116508,-0.10815459,-0.043456554,-0.085867554,-0.03992249,-0.07631468,-0.13034087,-0.35463315,-0.049649734,-0.24514951,0.0031200112,-0.10437349,-0.02338868,-0.10709897,1.6212237,-0.111735396,-0.100616984,-0.16218562,-0.09260371,-0.02787342,-0.30649143,-0.08415136,-0.04449927,-0.08133147,-0.03960913,-0.09859709,-0.11374762,-0.084471084,-0.26381022,0.51030827,-0.102459356,-0.14304516,-0.012498112,-0.3433188,-0.051045716,-0.051287957,-0.049937956,-0.037257776,-0.07611737,-0.056518752,-0.33845827,-0.10832851,-0.045763962,-0.06794177,-0.0509732,-0.09327635,-0.3502625,-0.11411386,-0.083196774,-0.081290066,-0.08225452,-0.13093099,1.475409,1.5164236,-0.061156854,-0.0058143884,-0.101364516,-0.007743776,-0.0146024525,-0.3173398,-0.0323233,-0.05823756,-0.03786584,-0.10134323,-0.073618844,-0.09906822,-0.12417751,-0.012187503
k__Bacteria|p__Bacteroidetes|c__Bacteroidia|o__Bacteroidales|f__Bacteroidaceae|g__unclassified|s__unclassified,-0.00035976482,0.00796056,0.0017006462,0.004588482,0.009333735,-0.013642493,0.6177531,-0.0075948066,0.0025760727,0.018863026,-0.0039938763,0.014008861,-0.0048709027,-0.009212957,-0.0016714009,-0.0040188143,0.00897263,0.0032596486,0.0041826162,-0.023552917,-0.2703327,0.031755198,0.015262632,0.005739391,0.007920058,0.009917662,0.031850696,-0.0011608945,0.0104380995,0.029941544,0.0014950355,0.017522654,-0.0110137835,0.0005475059,0.016020594,-0.010921486,2.6645488e-05,0.004618043,0.0047088293,0.004045957,-0.009935807,-0.011325051,-0.00089493766,-0.0045887185,0.014970856,-0.0052342312,-0.28815714,-0.34594566,-0.029450059,-7.948623e-05,-0.007288385,0.012924129,0.014829133,0.00043811742,-0.0011694795,-0.00731555,0.0035754878,0.44887608,-0.027788227,0.3559465,-0.00555777,-0.0021381113,-0.35751456,-0.008265948,-0.008928404,0.007177203,0.01404267,-0.014235784,-0.012033012,0.0028546154,-0.0023644003,0.015610829,0.008216532,0.009619499,0.018849174,0.0073139137,0.02455363,-0.0041683596,-0.011950169,0.0040020104,-0.006681758,0.004963178,-0.0065922905,-0.013724738,-0.35463315,-0.0015849824,-0.24514951,0.02505397,0.0061749127,0.025980923,-0.016927691,1.6216804,-0.01890438,-0.008524178,-0.03394978,0.0017362921,0.010975305,-0.30649143,-0.0047275308,0.0153343305,-0.0059200255,-0.0051021604,0.00036979746,-0.018069822,-0.00568456,-0.26381022,-0.3555616,-0.0042838105,-0.016610606,0.01805593,-0.3433188,0.02179531,-0.001563902,0.0012398008,0.0021785498,-0.00601287,0.0045488635,0.8689138,-0.018021721,-0.0040618386,-0.0028979895,0.024572566,0.003840588,0.66333073,-0.015957799,-0.0013558537,-0.0038371389,0.00027564447,-0.015179742,1.0319861,1.4647936,0.015247318,4.9547292e-05,-0.019602347,0.003479953,0.0043688742,-0.3173398,0.016360179,0.0035030628,0.014558107,-0.018029869,0.003936585,-0.0045242663,-0.013047336,0.014250884
k__Bacteria|p__Bacteroidetes|c__Bacteroidia|o__Bacteroidales|f__Prevotellaceae|g__Prevotella|s__copri,0.28586018,0.56490266,0.47943735,0.49588197,0.57294446,0.21900037,-0.34956193,0.38736528,0.48146588,0.65992254,0.29884225,0.5884623,0.46072716,0.53153116,0.5120766,0.28941703,0.5774758,0.5221031,0.4705685,0.32982352,-0.2703327,0.66572165,0.5292125,0.5011694,0.54135275,0.33928984,0.707528,0.46202642,0.52961224,0.64446056,0.26158533,0.59337264,0.4235014,0.64762664,0.50671077,0.21095093,0.53145176,0.54048264,0.4241251,0.48785138,0.26597357,0.48444402,0.5083171,0.42207742,0.6746037,0.2029608,-0.28815714,-0.34594566,0.3513496,0.50527394,0.277274,0.60496646,0.629999,0.45946774,0.5204601,0.27026087,0.49133164,1.3626927,0.3160702,1.0839174,0.25831005,0.49927324,0.50003433,0.4185862,0.49068007,0.25258768,0.55428636,0.4155717,0.43653095,0.538123,0.29388443,0.61246604,0.5965835,0.511421,0.64042306,0.34117618,0.6211841,0.41545093,0.41569516,0.55612934,0.23547381,0.5382494,0.48237735,0.3720995,-0.35463315,0.30953935,-0.24514951,0.6628943,0.43694255,0.5905098,0.18521741,-0.2645283,0.40040618,0.43480402,0.27142537,0.22898407,0.56919307,-0.30649143,0.44483525,0.56154144,0.24516289,0.5325854,0.44325504,0.40018213,0.4669417,-0.26381022,-0.3555616,0.43098032,0.34546787,0.6057683,-0.3433188,0.52929306,0.53923035,0.5417734,0.56766665,0.25436026,0.50479543,-0.33845827,0.38675043,0.5441449,0.27375752,0.5332981,0.43662357,0.96081233,0.39851803,0.24423586,0.45171213,0.47555393,0.36814338,-0.32756048,-0.2788417,0.5068364,0.62819326,0.42456952,0.62533164,0.3839645,-0.3173398,0.58621967,0.5276102,0.55265355,0.19613576,0.47102296,0.44109246,0.38532045,0.6245043
k__Bacteria|p__Bacteroidetes|c__Bacteroidia|o__Bacteroidales|f__Prevotellaceae|g__Prevotella|s__unclassified,-0.08519,-0.09340258,-0.12471749,-0.116554424,-0.09734531,-0.118272185,-0.34956193,-0.15346253,-0.122188196,-0.061298694,-0.08968943,-0.08016065,-0.13891923,-0.13430452,-0.12504818,-0.09118888,-0.08947612,-0.11552966,-0.121358246,-0.19066317,-0.2703327,-0.037887663,-0.09394455,-0.11335029,-0.104383916,-0.059857696,-0.03145557,-0.13170654,-0.101210505,-0.05210462,-0.08559271,-0.07288413,-0.15403138,-0.10018557,-0.096557386,-0.11455914,-0.11188135,-0.110611364,-0.12763648,-0.119176924,-0.10494971,-0.13859768,-0.124689244,-0.14317602,-0.072597474,-0.10648225,1.3962972,-0.34594566,-0.18886334,-0.11672844,-0.0983488,-0.07895145,-0.080175534,-0.13000455,-0.12270196,-0.09945281,-0.11181762,1.1142567,-0.1913988,0.67036057,-0.098404825,-0.12075971,1.369983,-0.14175549,-0.14095682,-0.07816164,-0.0850856,-0.16129398,-0.15375987,-0.11385047,-0.08781901,-0.07328421,-0.09653939,-0.106302194,-0.07121803,-0.06359622,-0.056732196,-0.14448059,-0.15728644,-0.10859054,-0.10387463,-0.10314034,-0.13865462,-0.16611098,0.6120468,-0.08444798,-0.24514951,-0.056068115,-0.123208985,-0.060075976,-0.12919511,-0.2645283,-0.17128834,-0.14795637,-0.20978384,-0.09040618,-0.087231815,-0.30649143,-0.13251224,-0.088805296,-0.1010393,-0.12049634,-0.13270378,-0.17020638,-0.13872844,-0.26381022,-0.3555616,-0.14121032,-0.17498344,-0.070726186,-0.3433188,-0.07539736,-0.12034653,-0.115379855,-0.1093535,-0.10027408,-0.109242395,-0.33845827,-0.16402882,-0.124581225,-0.09164339,-0.07036053,-0.121221885,1.6053058,-0.16637215,-0.093713716,-0.13080275,-0.12824744,-0.1701784,-0.32756048,-0.2788417,-0.08930296,-0.10491288,-0.16820806,-0.099181935,-0.062429115,-0.3173398,-0.08227256,-0.11311054,-0.08482601,-0.12932712,-0.114963576,-0.14095512,-0.16300973,-0.08120763
k__Bacteria|p__Bacteroidetes|c__Bacteroidia|o__Bacteroidales|f__Porphyromonadaceae|g__Parabacteroides|s__unclassified,-0.16915801,-0.2908193,-0.27350157,-0.27520907,-0.29619813,-0.16295657,0.6213326,-0.2530014,-0.27306235,-0.31045586,-0.17842653,-0.29187563,-0.27558714,-0.3045891,-0.2888077,-0.17509091,-0.29355258,-0.2864752,-0.26741958,-0.25379938,-0.2703327,-0.29532635,-0.2734156,-0.2756515,-0.28706923,-0.17456052,-0.31007168,-0.27056044,-0.2786513,-0.29489577,-0.1581243,-0.28864616,-0.26964176,-0.3321655,-0.26528686,-0.15657097,-0.28912503,-0.29080665,-0.25075155,-0.2730139,-0.17464814,-0.28737557,-0.28678298,-0.2611385,-0.32371816,-0.14710009,-0.28815714,-0.34594566,-0.26395178,-0.2812543,-0.1748932,-0.29858935,-0.30953076,-0.26846197,-0.29056406,-0.17253488,-0.2707829,0.4707593,-0.24963081,0.4079448,-0.16631614,-0.28109363,-0.35751456,-0.2600701,-0.29057166,-0.14859411,-0.27970687,-0.27126238,-0.2755791,-0.29229522,-0.17461464,-0.29718843,-0.3061527,-0.27452096,-0.30741096,-0.17857894,-0.2894407,-0.25890213,-0.2687766,-0.29651344,-0.16000767,-0.28608352,-0.28539234,-0.2555204,-0.35463315,-0.17930117,-0.24514951,-0.30613065,-0.25282556,-0.2770291,-0.1556314,1.6664301,-0.2720924,-0.27060452,-0.24241191,-0.14702925,-0.28809527,-0.30649143,-0.26525754,-0.28479558,-0.1622067,-0.2960302,-0.26314044,-0.27105236,-0.27820408,-0.26381022,-0.3555616,-0.26380336,-0.24993336,-0.292714,0.790305,-0.2608462,-0.2971015,-0.2952546,-0.30260134,-0.16567896,-0.2750653,-0.33845827,-0.26194504,-0.3028474,-0.16816956,-0.2587273,-0.25252873,0.73495704,-0.26680845,-0.15641758,-0.26652247,-0.2744223,-0.25634003,1.0258403,-0.2788417,-0.2607643,-0.32662094,-0.28085157,-0.32122368,-0.19728693,-0.3173398,-0.2907854,-0.28720212,-0.2785532,-0.16060802,-0.26409936,-0.26765138,-0.25895318,-0.3073994
k__Bacteria|p__Bacteroidetes|c__Bacteroidia|o__Bacteroidales|f__Bacteroidaceae|g__Bacteroides|s__unclassified,0.3094082,0.30511278,0.4435724,0.42053235,0.32958496,0.40592998,2.064401,0.55463696,0.44000208,0.18750569,0.30285227,0.26871046,0.47635546,0.41019282,0.41495883,0.31290656,0.28984943,0.39558604,0.44832382,0.65063626,1.4602607,0.15203911,0.36463788,0.41249993,0.36534032,0.23295616,0.108544186,0.46709365,0.37309468,0.21409553,0.33103782,0.25637716,0.52747667,0.2678249,0.38640702,0.40903783,0.35563812,0.37346476,0.4962352,0.42964393,0.34940493,0.42737982,0.41822964,0.51634777,0.21117628,0.4064675,-0.28815714,-0.34594566,0.60345626,0.38725644,0.3319891,0.25306144,0.2597212,0.4674207,0.40547222,0.33934066,0.39103988,1.2750797,0.6371572,1.4041075,0.34867698,0.39394754,0.47091857,0.4908436,0.45169416,0.3299412,0.30484277,0.5421078,0.51537365,0.37874043,0.30475813,0.23982003,0.307527,0.3945627,0.24021003,0.23605776,0.21338065,0.5225152,0.5378059,0.35738474,0.375004,0.33950827,0.45689863,0.5868908,0.87702304,0.28683203,-0.24514951,0.2003127,0.47920775,0.24668497,0.4481451,2.2193108,0.5635421,0.51053154,0.7001693,0.36531693,0.2943555,1.2264942,0.45614904,0.32997915,0.36333144,0.36437714,0.48451573,0.56641054,0.4705071,-0.26381022,0.60749745,0.50223994,0.62051964,0.24615914,0.8052991,0.31564677,0.38666123,0.37836963,0.34848645,0.35379404,0.3753607,1.9176432,0.54405767,0.38603604,0.3270605,0.3056512,0.4530533,1.6811228,0.55834556,0.3554098,0.4474092,0.4504847,0.59413505,1.870738,2.4483337,0.35121697,0.29013878,0.54298055,0.28551114,0.19658417,1.4129773,0.2980132,0.3887393,0.30843288,0.43866616,0.41202945,0.4962326,0.5712897,0.26518348
k__Bacteria|p__Bacteroidetes|c__Bacteroidia|o__Bacteroidales|f__Rikenellaceae|g__unclassified|s__unclassified,0.056978785,0.091545455,0.09049745,0.09600177,0.0991476,0.032660022,-0.34956193,0.07768568,0.09254043,0.10815982,0.04715218,0.10253831,0.07710787,0.06149629,0.08001814,0.04799591,0.093148895,0.09003309,0.09719319,0.046715908,1.8905934,0.13649583,0.11707714,0.09848845,0.0990609,0.07527307,0.13238403,0.086279124,0.10674149,0.13887683,0.06368938,0.11088806,0.06729552,0.07267158,0.12017955,0.03986544,0.076608,0.091353446,0.10265237,0.09536671,0.036449447,0.05488453,0.08199782,0.08223507,0.10200903,0.05321764,-0.28815714,-0.34594566,0.026928913,0.079767704,0.041921753,0.09895214,0.1056314,0.08916313,0.080831096,0.04243411,0.08896427,0.53730065,0.03402216,0.5712823,0.04750731,0.07434715,0.4614043,0.069849044,0.06514976,0.076634586,0.10608339,0.06046086,0.06361231,0.087597206,0.051218867,0.10461867,0.093620315,0.1055154,0.11413705,0.06939176,0.123943225,0.08309232,0.06531662,0.08903862,0.046993796,0.08644985,0.07103269,0.06624422,0.6419241,0.05114565,-0.24514951,0.1265805,0.10463558,0.13098502,0.028172072,1.6009326,0.0499221,0.072118424,0.024802402,0.06692481,0.09857551,-0.30649143,0.07461412,0.11410548,0.047918268,0.06476198,0.09069703,0.052869506,0.075102784,-0.26381022,-0.3555616,0.08113626,0.06218563,0.111705855,-0.3433188,0.12650272,0.0785097,0.08381848,0.084353365,0.046357684,0.088745974,-0.33845827,0.04955195,0.071258396,0.052056044,0.132301,0.09476593,0.8207951,0.05722848,0.05810053,0.07523002,0.08716808,0.062473513,1.274181,-0.2788417,0.11437641,0.07276887,0.047769565,0.08119802,0.058155313,-0.3173398,0.11406902,0.09087166,0.10865184,0.02468983,0.09072834,0.08031672,0.06652804,0.10548703
k__Bacteria|p__Bacteroidetes|c__Bacteroidia|o__Bacteroidales|f__Porphyromonadaceae|g__Parabacteroides|s__distasonis,0.10225293,0.09232226,0.1446027,0.13527378,0.10089938,0.1406757,0.6038251,0.18798026,0.14294374,0.046656143,0.100368224,0.077703245,0.15793352,0.13340011,0.13469538,0.10409285,0.0862051,0.12638927,0.14593184,0.2270064,-0.2703327,0.031076223,0.11260608,0.13220483,0.11471109,0.07186164,0.014576992,0.15392187,0.11644952,0.05411771,0.11001119,0.07243854,0.17764716,0.07856892,0.121049285,0.141332,0.11240238,0.11774787,0.16387539,0.13922748,0.11880593,0.14126077,0.13546823,0.1729459,0.055418015,0.13955078,-0.28815714,-0.34594566,0.21025626,0.124798015,0.11174986,0.071851686,0.07354993,0.15383497,0.13095969,0.11463664,0.12527572,0.4941554,0.22265175,0.3744738,0.11785059,0.12719648,0.45545968,0.16444305,0.14975694,0.108870625,0.091158785,0.18416122,0.17356637,0.120474204,0.10089519,0.066293776,0.09261675,0.12484382,0.065576345,0.0733341,0.055084385,0.17519425,0.18207237,0.11212698,0.12796111,0.10576524,0.15096946,0.2006118,0.62249935,0.09410448,-0.24514951,0.049535863,0.15746242,0.06763786,0.15713054,1.8031154,0.19306612,0.17118931,0.24773493,0.12295416,0.08763142,-0.30649143,0.15110275,0.100090146,0.1233419,0.11667973,0.16028997,0.19389799,0.15627566,-0.26381022,0.50492173,0.16764939,0.21381927,0.0687883,1.8502811,0.09417217,0.123288915,0.120001,0.10875487,0.119873196,0.1193876,-0.33845827,0.1862416,0.1241346,0.109454945,0.08999868,0.14864969,0.7148555,0.19084495,0.11979532,0.1476364,0.14751652,0.20369574,1.1274598,-0.2788417,0.10821381,0.087036386,0.18511757,0.08514698,0.059089713,-0.3173398,0.087517574,0.123640895,0.09288867,0.15375379,0.13322705,0.16523695,0.1947918,0.07565932
k__Bacteria|p__Bacteroidetes|c__Bacteroidia|o__Bacteroidales|f__Bacteroidaceae|g__Bacteroides|s__fragilis,-0.053464703,-0.104818314,-0.08939323,-0.08451924,-0.09924273,-0.07486864,0.560838,-0.08617374,-0.086260706,-0.10301788,-0.07214394,-0.0931761,-0.106032565,-0.14871001,-0.11416307,-0.06840475,-0.1056661,-0.101033196,-0.07625805,-0.12105614,-0.2703327,-0.0592354,-0.060073793,-0.082259715,-0.0914426,-0.037766676,-0.07595353,-0.09181991,-0.07619107,-0.053943783,-0.036449388,-0.0815987,-0.11186941,-0.15998206,-0.04887949,-0.061506316,-0.11962148,-0.103444055,-0.055670857,-0.083661735,-0.08061568,-0.14237185,-0.110297725,-0.08790998,-0.120082095,-0.038296554,-0.28815714,-0.34594566,-0.15350357,-0.109117806,-0.07508766,-0.10297721,-0.103315875,-0.08626732,-0.115485,-0.07248464,-0.090460435,0.44368458,-0.13322914,-0.35140985,-0.06137614,-0.11501935,0.45872402,-0.10268633,-0.13237585,-0.01345893,-0.0788714,-0.12121171,-0.12082352,-0.108864516,-0.06439106,-0.09593238,-0.1141334,-0.07355581,-0.092383355,-0.04780109,-0.067490384,-0.084943786,-0.11293328,-0.111249596,-0.056408577,-0.105738655,-0.121279314,-0.100621,-0.35463315,-0.06826614,-0.24514951,-0.07836656,-0.05570835,-0.049177796,-0.073525995,2.1645715,-0.13321462,-0.10732232,-0.13722785,-0.02308679,-0.09482185,-0.30649143,-0.101405084,-0.072768435,-0.05723517,-0.13905753,-0.07990129,-0.12906982,-0.110670835,-0.26381022,0.6570266,-0.09174274,-0.100387916,-0.08363117,-0.3433188,-0.0405725,-0.123762816,-0.115767956,-0.12150663,-0.06185697,-0.093942106,1.4565413,-0.12654227,-0.1361662,-0.05784902,-0.031991288,-0.068074584,0.7247266,-0.1209511,-0.040849537,-0.10194321,-0.09367484,-0.105534434,-0.32756048,1.7255995,-0.054032527,-0.15522692,-0.14342229,-0.14110805,-0.07609888,-0.3173398,-0.07899854,-0.10117054,-0.075261235,-0.08176118,-0.08211334,-0.09591733,-0.103540435,-0.10187873
k__Bacteria|p__Proteobacteria|c__Gammaproteobacteria|o__Pseudomonadales|f__Moraxellaceae|g__Acinetobacter|s__unclassified,-0.16278723,-0.228041,-0.2501297,-0.24603233,-0.23682544,-0.18056777,-0.34956193,-0.2638775,-0.24909124,-0.21259828,-0.16591963,-0.22060582,-0.2580992,-0.25801617,-0.25173017,-0.16647275,-0.22602111,-0.24614711,-0.24816206,-0.2852056,-0.2703327,-0.19752343,-0.23289658,-0.24438536,-0.24003357,-0.14908952,-0.19510156,-0.25377434,-0.23776758,-0.21145207,-0.1621308,-0.21645975,-0.26613712,-0.24114092,-0.23383705,-0.17807555,-0.23807058,-0.24352199,-0.25030333,-0.24711028,-0.17411184,-0.25256693,-0.25110552,-0.25982663,-0.22509941,-0.17287317,-0.28815714,-0.34594566,-0.27899843,-0.24111906,-0.17046586,-0.22064722,-0.22812003,-0.25280195,-0.25050348,-0.1708917,-0.23677267,-0.35533303,-0.2792372,-0.35140985,-0.1699077,-0.24230015,-0.35751456,-0.2528372,-0.26047957,-0.15724853,-0.22246563,-0.27021676,-0.26665276,-0.24554795,-0.16450733,-0.21720177,-0.2367923,-0.24009529,-0.22295001,-0.15150377,-0.207534,-0.25995404,-0.26803827,-0.24308251,-0.172469,-0.23296599,-0.25875992,-0.2720279,-0.35463315,-0.1629442,-0.24514951,-0.21381976,-0.2479046,-0.20929444,-0.18609825,-0.2645283,-0.27501637,-0.26305038,-0.28968838,-0.16406682,-0.22432211,-0.30649143,-0.24797398,-0.23124205,-0.17102778,-0.24330375,-0.25382558,-0.27531028,-0.25850415,-0.26381022,-0.3555616,-0.2578355,-0.2765678,-0.21668309,-0.3433188,-0.2156266,-0.24970114,-0.24650563,-0.2441374,-0.17080307,-0.2353881,-0.33845827,-0.2653262,-0.2523363,-0.1662569,-0.21288247,-0.241197,-0.3502625,-0.2718832,-0.16650641,-0.246778,-0.25213468,-0.27397013,-0.32756048,-0.2788417,-0.22332597,-0.24307303,-0.27497816,-0.2398367,-0.1522719,1.1222094,-0.22719935,-0.24501854,-0.22318652,-0.18650135,-0.23790953,-0.2586227,-0.27052104,-0.2286077
k__Bacteria|p__Proteobacteria|c__Gammaproteobacteria|o__Enterobacteriales|f__Enterobacteriaceae|g__Erwinia|s__unclassified,-0.060935147,-0.02894113,-0.07930483,-0.069796085,-0.033006355,-0.10298707,-0.34956193,-0.12501302,-0.07742584,0.020961089,-0.060415834,-0.012432031,-0.094917916,-0.07304084,-0.0708714,-0.06440087,-0.023373786,-0.060779743,-0.07921854,-0.16666308,-0.2703327,0.0385603,-0.04377237,-0.065703526,-0.046819247,-0.028117873,0.05569976,-0.08976814,-0.050538428,0.0189,-0.06887597,-0.0065338286,-0.11763395,-0.016868858,-0.05182538,-0.10300742,-0.052593775,-0.05289483,-0.097051784,-0.07303647,-0.080187306,-0.084762305,-0.07154989,-0.109052934,0.01183516,-0.09884429,-0.28815714,-0.34594566,-0.15782872,-0.06200815,-0.073115766,-0.0077816984,-0.0043082926,-0.088609576,-0.066290535,-0.07561077,-0.06270547,-0.35533303,-0.16950946,-0.35140985,-0.077890486,-0.06743319,-0.35751456,-0.10564105,-0.087914035,-0.06473328,-0.02558875,-0.12351563,-0.113260165,-0.054800957,-0.060554676,-0.0026689528,-0.026163863,-0.057856046,0.0038886908,-0.030390475,0.012666977,-0.11144626,-0.12058819,-0.046700403,-0.08794628,-0.04261758,-0.08821474,-0.13976824,-0.35463315,-0.05344408,-0.24514951,0.02094653,-0.09113596,0.0018933322,-0.119830474,-0.2645283,-0.13375753,-0.10950951,-0.19402312,-0.08037228,-0.023876162,-0.30649143,-0.091184705,-0.030022608,-0.083597034,-0.058065746,-0.094682015,-0.13377294,-0.0925998,-0.26381022,0.50492173,-0.1041473,-0.15371898,-0.00067630305,-0.3433188,-0.026193146,-0.06089495,-0.05697865,-0.04496488,-0.08049691,-0.05639741,0.86871964,-0.1292969,-0.061345756,-0.0684732,-0.021502018,-0.08334045,-0.3502625,-0.1319102,-0.07801016,-0.087603174,-0.0826187,-0.14333671,-0.32756048,-0.2788417,-0.044591464,-0.024209576,-0.1275954,-0.020643877,-0.017299123,-0.3173398,-0.019806288,-0.059080206,-0.026416985,-0.11722696,-0.07001451,-0.10215837,-0.13434699,-0.00863708
k__Bacteria|p__Proteobacteria|c__Gammaproteobacteria|o__Aeromonadales|f__unclassified|g__unclassified|s__unclassified,-0.31064683,-0.46838853,-0.48386517,-0.4912083,-0.49171945,-0.27728447,0.5635457,-0.46672672,-0.48671386,-0.4886319,-0.29536623,-0.4829588,-0.46398288,-0.43875265,-0.46569708,-0.29691356,-0.4702084,-0.480407,-0.49366862,-0.42469168,-0.2703327,-0.5304982,-0.52125514,-0.49490768,-0.492853,-0.33534932,-0.5221483,-0.47841266,-0.5060327,-0.5473254,-0.32178536,-0.49555987,-0.45248643,-0.44938558,-0.52482903,-0.288676,-0.44696885,-0.4811138,-0.5035697,-0.4900325,-0.2807321,-0.41655308,-0.46860722,-0.47416687,-0.4911654,-0.30860847,-0.28815714,-0.34594566,-0.38074267,-0.4525962,-0.28881228,-0.47692156,-0.49830446,-0.48206615,-0.46759957,-0.28964496,-0.46759745,-0.35533303,-0.39355323,-0.35140985,-0.29775536,-0.4453005,-0.35751456,-0.44268835,-0.44455612,-0.3407479,-0.49022633,-0.44246408,-0.44588926,-0.4756165,-0.30155557,-0.48508084,-0.48189035,-0.5041245,-0.510947,-0.32703698,-0.51424503,-0.47523928,-0.44897813,-0.47790438,-0.2978775,-0.46129543,-0.45394713,-0.45320874,-0.35463315,-0.30022895,-0.24514951,-0.5271165,-0.506498,-0.5254803,-0.2718593,-0.2645283,-0.42473835,-0.4586753,-0.38262755,-0.3279236,-0.4791327,-0.30649143,-0.4471333,-0.51408213,-0.2987703,-0.42934257,-0.484448,-0.43101063,-0.46112907,-0.26381022,-0.3555616,-0.47024453,-0.44821972,-0.49659458,-0.3433188,-0.5231346,-0.4643006,-0.47184727,-0.4702384,-0.2954207,-0.46522266,-0.33845827,-0.41323918,-0.45128042,-0.30356327,-0.5298734,-0.4800875,-0.3502625,-0.43591055,-0.3139281,-0.449277,-0.47829354,-0.44729865,-0.32756048,-0.2788417,-0.505592,-0.4499659,-0.42296594,-0.4620123,-0.30770573,-0.3173398,-0.51232815,-0.48271766,-0.49398425,-0.26620054,-0.47043264,-0.4704768,-0.45311838,-0.49876523
k__Bacteria|p__Proteobacteria|c__Gammaproteobacteria|o__Pasteurellales|f__Pasteurellaceae|g__Aggregatibacter|s__unclassified,-0.17191039,-0.2543319,-0.267066,-0.2633618,-0.26143038,-0.18839741,-0.34956193,-0.27430123,-0.26548955,-0.24457386,-0.17877282,-0.24655196,-0.2762856,-0.28800157,-0.27454978,-0.17811824,-0.25365484,-0.2676474,-0.2621343,-0.2966358,-0.2703327,-0.2236447,-0.2490201,-0.26175418,-0.26126105,-0.1593866,-0.22646214,-0.27006304,-0.2564589,-0.23383217,-0.16711457,-0.24108407,-0.28314698,-0.28078437,-0.24608773,-0.1834003,-0.26456243,-0.26689738,-0.2578931,-0.2637591,-0.18592292,-0.27949098,-0.27332845,-0.27254987,-0.25999528,-0.17384082,-0.28815714,0.8580661,-0.29865706,-0.26366574,-0.18245426,-0.24939299,-0.2571318,-0.26748523,-0.2745303,-0.18194926,-0.25598586,-0.35533303,-0.2933585,-0.35140985,-0.17829895,-0.26574463,-0.35751456,-0.2692603,-0.28489912,-0.15762582,-0.24397057,-0.2878943,-0.2856748,-0.26946318,-0.17579503,-0.24575254,-0.26538515,-0.25665107,-0.2513255,-0.1636144,-0.23189095,-0.2719291,-0.28411117,-0.26872465,-0.17848258,-0.25732607,-0.2806638,-0.28352484,-0.35463315,-0.17578343,-0.24514951,-0.24197212,-0.25653568,-0.22855712,-0.19130178,-0.2645283,-0.29346633,-0.2797947,-0.30105245,-0.1644836,-0.24965563,-0.30649143,-0.2657377,-0.2509824,-0.17789069,-0.27295208,-0.26655287,-0.29284364,-0.2777505,-0.26381022,-0.3555616,-0.2722214,-0.28628504,-0.24185756,-0.3433188,-0.22944139,-0.27669388,-0.2720937,-0.27239332,-0.17889544,-0.25573963,-0.33845827,-0.28273124,-0.28096935,-0.17514768,-0.22568688,-0.25290206,-0.3502625,-0.28876847,-0.17060456,-0.26515478,-0.26922718,-0.28592497,-0.32756048,-0.2788417,-0.23847681,-0.2807265,-0.29676616,-0.27471682,-0.17148775,-0.3173398,-0.25029856,-0.2672459,-0.24384487,-0.19388863,-0.25410256,-0.27424675,-0.28350013,-0.25737417
k__Bacteria|p__Proteobacteria|c__Gammaproteobacteria|o__Enterobacteriales|f__Enterobacteriaceae|g__Trabulsiella|s__unclassified,-0.14286411,-0.16380142,-0.21022618,-0.20623404,-0.17692769,-0.15748994,-0.34956193,-0.23850575,-0.20999393,-0.13516274,-0.13309336,-0.159838,-0.21099493,-0.17554137,-0.19169682,-0.13727057,-0.15983629,-0.19280526,-0.2165097,-0.24730718,-0.2703327,-0.14626828,-0.20371237,-0.20500076,-0.18905652,-0.1309112,-0.1273481,-0.2149935,-0.19861904,-0.16852576,-0.1559354,-0.16205749,-0.22127247,-0.1350317,-0.21349597,-0.1641581,-0.16971894,-0.18640614,-0.23750448,-0.20892781,-0.14074838,-0.17772833,-0.1943798,-0.22839957,-0.13856924,-0.17379303,1.4020294,0.8678771,-0.21628496,-0.18193695,-0.13917607,-0.15156066,-0.15789293,-0.21721652,-0.18905386,-0.14193,-0.19159627,-0.35533303,-0.2338977,-0.35140985,-0.14916891,-0.18143082,-0.35751456,-0.21075663,-0.19288394,-0.16564737,-0.17516026,-0.22086355,-0.21393824,-0.18511993,-0.13706712,-0.15192327,-0.16534173,-0.20486474,-0.15791358,-0.12724483,-0.15753685,-0.23179373,-0.22282809,-0.17890152,-0.15787908,-0.17159022,-0.19937855,-0.24068055,-0.35463315,-0.1307657,-0.24514951,-0.15394984,-0.23357931,-0.1741969,-0.16856913,-0.2645283,-0.21990314,-0.2187629,-0.2480183,-0.17014514,-0.16572683,-0.30649143,-0.20232011,-0.1885719,-0.15459585,-0.16339904,-0.22418916,-0.22288981,-0.20713535,-0.26381022,-0.3555616,-0.22313872,-0.2490012,-0.15829717,-0.3433188,-0.19535303,-0.18144542,-0.18251225,-0.17210504,-0.15027261,-0.1860157,-0.33845827,-0.21316878,-0.17499025,-0.14517274,-0.19635615,-0.21737713,-0.3502625,-0.22473377,-0.15986232,-0.2007629,-0.21013165,-0.24067974,-0.32756048,-0.2788417,-0.19858003,-0.14283133,-0.21095237,-0.14771447,-0.10473639,-0.3173398,-0.1782062,-0.19112691,-0.17779627,-0.16256021,-0.20019828,-0.2206217,-0.23566288,-0.16018577
k__Bacteria|p__Proteobacteria|c__Gammaproteobacteria|o__Enterobacteriales|f__Enterobacteriaceae|g__Klebsiella|s__unclassified,-0.12356712,-0.15921308,-0.18645175,-0.17980011,-0.16503783,-0.15125875,-0.34956193,-0.20908397,-0.18448468,-0.13358165,-0.12815973,-0.14781919,-0.19890624,-0.19777933,-0.18814926,-0.12918924,-0.15614977,-0.1798593,-0.18310907,-0.2410465,-0.2703327,-0.111785814,-0.1598798,-0.1771349,-0.17024328,-0.10220647,-0.10766709,-0.19212016,-0.1669715,-0.12590167,-0.12290056,-0.14151059,-0.21148388,-0.17099723,-0.1613421,-0.14757442,-0.17499977,-0.17602773,-0.1868677,-0.1816503,-0.14091468,-0.19768876,-0.1877808,-0.20133725,-0.14638564,-0.13976383,1.3974859,0.8567119,-0.23876464,-0.17855354,-0.13534705,-0.14755107,-0.15137187,-0.19049925,-0.18634522,-0.13607343,-0.1732527,-0.35533303,-0.23959294,-0.35140985,-0.13459802,-0.18174267,-0.35751456,-0.1981217,-0.20210835,-0.11552752,-0.15109408,-0.21772902,-0.21174127,-0.17877537,-0.12618667,-0.14255469,-0.16518387,-0.17075053,-0.1435841,-0.1059054,-0.12766394,-0.20218569,-0.21417311,-0.1747805,-0.13870728,-0.1670575,-0.19967872,-0.22045892,-0.35463315,-0.123666435,-0.24514951,-0.13040853,-0.18332946,-0.12947759,-0.15997759,-0.2645283,-0.22613844,-0.20641679,-0.25474375,-0.12597954,-0.15370318,-0.30649143,-0.19050285,-0.1566602,-0.13646434,-0.18300167,-0.19239603,-0.22538203,-0.19891077,-0.26381022,0.5076186,-0.19959894,-0.22775802,-0.14017713,-0.3433188,-0.14060979,-0.18516329,-0.1805602,-0.17621917,-0.13610998,-0.17120893,-0.33845827,-0.21723828,-0.1890124,-0.12888232,-0.13656576,-0.17962667,-0.3502625,-0.221331,-0.12959668,-0.18910334,-0.18963444,-0.22383487,-0.32756048,-0.2788417,-0.15294805,-0.17454825,-0.22470376,-0.1690368,-0.1065235,-0.3173398,-0.15158969,-0.17804435,-0.1509187,-0.16052794,-0.17523912,-0.19991359,-0.21821785,-0.15231857
k__Bacteria|p__Proteobacteria|c__Gammaproteobacteria|o__Enterobacteriales|f__Enterobacteriaceae|g__Citrobacter|s__unclassified,-0.14658333,-0.15315272,-0.21164297,-0.20975539,-0.17110756,-0.15150595,-0.34956193,-0.2436851,-0.21296367,-0.12320601,-0.12661509,-0.15423423,-0.20402217,-0.14543709,-0.1794381,-0.1328864,-0.1486145,-0.18725021,-0.22453782,-0.23591062,-0.2703327,-0.15636721,-0.21913117,-0.20991687,-0.18823086,-0.14121526,-0.12802124,-0.21571659,-0.20566928,-0.18363535,-0.16890052,-0.16271028,-0.21258724,-0.096512005,-0.23429775,-0.16547307,-0.1522011,-0.17915659,-0.2570793,-0.21304098,-0.13060677,-0.14958829,-0.18433096,-0.23205303,-0.11926296,-0.1869171,2.0488245,-0.34594566,-0.18563935,-0.17064372,-0.13184202,-0.14069332,-0.14816913,-0.2199073,-0.176403,-0.13617253,-0.19013344,-0.35533303,-0.21432117,-0.35140985,-0.14928141,-0.16680403,0.4552673,-0.20498936,-0.17207833,-0.1901246,-0.17792907,-0.20775394,-0.20010272,-0.17509806,-0.13458335,-0.14428946,-0.15083958,-0.21306941,-0.15375532,-0.13265623,-0.16473202,-0.23703022,-0.2133756,-0.16751918,-0.16102138,-0.1608422,-0.18415895,-0.23890778,-0.35463315,-0.125783,-0.24514951,-0.15672418,-0.2531652,-0.19113028,-0.1639075,-0.2645283,-0.20031416,-0.21213724,-0.22791988,-0.19063333,-0.16042131,-0.30649143,-0.19626951,-0.1966347,-0.15703425,-0.13608252,-0.23096319,-0.2055193,-0.19790341,-0.26381022,-0.3555616,-0.2244653,-0.24838723,-0.15753642,-0.3433188,-0.21831739,-0.16394582,-0.1693892,-0.15514971,-0.14969137,-0.18177997,-0.33845827,-0.19525206,-0.15060356,-0.1467908,-0.22353873,-0.22892576,-0.3502625,-0.21139061,-0.17062174,-0.19424061,-0.20895053,-0.23595873,-0.32756048,-0.2788417,-0.21538949,-0.107143685,-0.1860691,-0.11880395,-0.0941966,1.1346877,-0.18239655,-0.18574226,-0.18259943,-0.15359524,-0.2031064,-0.2197093,-0.23236209,-0.15145884
k__Bacteria|p__Proteobacteria|c__Gammaproteobacteria|o__Enterobacteriales|f__Enterobacteriaceae|g__unclassified|s__unclassified,0.5578128,0.8015321,0.8611523,0.8645489,0.8427248,0.54071164,0.61364645,0.867288,0.8635335,0.7988226,0.537457,0.8110062,0.84530956,0.79722214,0.832165,0.5420023,0.8004258,0.84562755,0.874248,0.83895355,1.6193478,0.8403959,0.88793284,0.86672294,0.85302144,0.56950617,0.8196703,0.8602334,0.8709272,0.88292533,0.57696533,0.82337487,0.84334314,0.77613753,0.89863694,0.5554026,0.78872335,0.8417194,0.89854956,0.8652625,0.530998,0.76916146,0.8371181,0.86658853,0.81313306,0.57923615,1.5559095,1.0503975,0.7682984,0.8044998,0.5365617,0.8000494,0.8341263,0.86449337,0.8311976,0.53941095,0.8220674,0.50034475,0.7916777,0.471745,0.5516459,0.7957434,0.46617275,0.81580925,0.81511796,0.6001287,0.8284508,0.8342284,0.8320898,0.835546,0.5455065,0.80683064,0.82585263,0.8740202,0.8444557,0.5598143,0.8353517,0.8704285,0.8412689,0.83244175,0.55830324,0.80174685,0.8281512,0.85828114,0.79873526,0.5398246,2.2985573,0.8540583,0.8975474,0.8589464,0.5444448,1.6601024,0.8177413,0.84648657,0.79456174,0.5928441,0.81215805,-0.30649143,0.8137753,0.87054384,0.55669785,0.7689825,0.8726581,0.8260293,0.8394453,2.3609273,1.333355,0.8585475,0.860551,0.82275933,0.80786175,0.87042505,0.82271266,0.8302443,0.82144356,0.55047464,0.8161739,1.1080343,0.7925703,0.8072953,0.5534767,0.87758857,0.8530481,0.66447246,0.83021724,0.57313275,0.81316423,0.85635793,0.8529236,-0.32756048,1.4704748,0.85891247,0.78249586,0.81065774,0.7959107,0.52665746,1.2682942,0.8598377,0.8456881,0.8353448,0.535238,0.83112776,0.85775197,0.85430616,0.8361032
k__Bacteria|p__Proteobacteria|c__Alphaproteobacteria|o__Rickettsiales|f__mitochondria|g__unclassified|s__unclassified,-0.16966046,-0.24879336,-0.26348847,-0.25952822,-0.2564753,-0.18684994,-0.34956193,-0.272174,-0.26210815,-0.23799346,-0.17594194,-0.24093856,-0.272854,-0.28234223,-0.2701902,-0.17552474,-0.24760008,-0.2633771,-0.25917602,-0.29523098,-0.2703327,-0.21701609,-0.24478194,-0.2579472,-0.25699508,-0.15639561,-0.2192077,-0.26666176,-0.25175804,-0.22831228,-0.1653508,-0.23559213,-0.27975386,-0.27298158,-0.2429685,-0.1821323,-0.25917864,-0.2620756,-0.25605845,-0.2600927,-0.18359348,-0.27445558,-0.26897556,-0.269957,-0.25271627,-0.17330226,-0.28815714,-0.34594566,-0.2955456,-0.25944442,-0.17982966,-0.24313305,-0.25112402,-0.26469743,-0.2696052,-0.17959341,-0.25174314,-0.35533303,-0.29113704,-0.35140985,-0.176365,-0.26108152,0.47356644,-0.26586944,-0.28045294,-0.15672454,-0.23913571,-0.2847581,-0.2820695,-0.26469025,-0.1732463,-0.23905295,-0.2596411,-0.25275347,-0.24505308,-0.16046461,-0.22606096,-0.26942575,-0.28141773,-0.26349157,-0.17704469,-0.25244212,-0.27682132,-0.28140044,-0.35463315,-0.17302716,-0.24514951,-0.2352904,-0.25435388,-0.22334017,-0.19048777,-0.2645283,-0.2905347,-0.27670425,-0.29962105,-0.16367972,-0.24399383,-0.30649143,-0.26215762,-0.24664661,-0.17621674,-0.267255,-0.26401353,-0.29013512,-0.27410972,-0.26381022,-0.3555616,-0.26919904,-0.28465912,-0.23648834,-0.3433188,-0.22564043,-0.27070573,-0.26697373,-0.2664913,-0.17706609,-0.25152546,-0.33845827,-0.27990904,-0.27549517,-0.17303091,-0.2217642,-0.25010294,-0.3502625,-0.28539062,-0.16937922,-0.26129693,-0.2658332,-0.2837806,-0.32756048,-0.2788417,-0.23398742,-0.2732727,-0.29312903,-0.26784664,-0.16726129,-0.3173398,-0.24478509,-0.2625926,-0.23914254,-0.1925663,-0.25068626,-0.270909,-0.28099942,-0.25113577
k__Bacteria|p__Proteobacteria|c__Gammaproteobacteria|o__Enterobacteriales|f__Enterobacteriaceae|g__Enterobacter|s__hormaechei,0.12478914,0.11863885,0.17746347,0.17418355,0.13421483,0.13901986,0.6187771,0.21418138,0.17886002,0.08323502,0.1087279,0.11561456,0.17505273,0.12303294,0.15009609,0.11467025,0.113433585,0.15349446,0.18873815,0.21855061,1.5562227,0.10473849,0.17486806,0.1732976,0.15113175,0.11251544,0.0783633,0.18334046,0.16588165,0.13185723,0.14457968,0.12050686,0.18752684,0.06994286,0.18974932,0.15013647,0.12354278,0.14483951,0.21933258,0.17742458,0.116893336,0.12906517,0.1536332,0.20167571,0.08157657,0.16647702,1.4902619,0.8638489,0.17614445,0.1412006,0.1158302,0.10360462,0.10886277,0.18724316,0.14618756,0.12002319,0.15631649,-0.35533303,0.20197928,0.34961346,0.13113225,0.13903694,-0.35751456,0.17910348,0.14771946,0.16091591,0.13776526,0.18465726,0.17691855,0.14244725,0.115114346,0.10500123,0.11585204,0.1739201,0.111317456,0.106112614,0.117806636,0.20547564,0.18944643,0.13427784,0.14305237,0.12837173,0.15732396,0.21468072,-0.35463315,0.10648814,-0.24514951,0.108821705,0.21427079,0.14202696,0.15314817,-0.2645283,0.18145528,0.18538854,0.21886206,0.16506764,0.12293537,-0.30649143,0.16878515,0.15402555,0.1388618,0.111727834,0.19695516,0.18628544,0.17006145,1.587185,0.5718335,0.19354951,0.22534554,0.11597956,0.87659425,0.17067018,0.13418269,0.13799223,0.12380357,0.13229351,0.14836037,0.88299084,0.17754146,0.12443377,0.1270082,0.17321408,0.19272295,-0.3502625,0.18972245,0.14849365,0.16559786,0.17598176,0.21297437,-0.32756048,-0.2788417,0.17192806,0.0797565,0.16882356,0.089018136,0.07242647,1.2058637,0.13904755,0.15193169,0.14202708,0.14412108,0.16885215,0.18923344,0.2075959,0.112127274
k__Bacteria|p__Proteobacteria|c__Gammaproteobacteria|o__Pasteurellales|f__Pasteurellaceae|g__Actinobacillus|s__unclassified,-0.17538257,-0.25549826,-0.2718675,-0.26918393,-0.26508975,-0.186918,-0.34956193,-0.2791847,-0.27089423,-0.2473185,-0.17834413,-0.25031385,-0.27756548,-0.28063667,-0.27466232,-0.17839846,-0.25463936,-0.27047724,-0.26967815,-0.2942196,-0.2703327,-0.23503296,-0.26024145,-0.26819924,-0.26648164,-0.16646478,-0.23471507,-0.27440736,-0.26411453,-0.24723682,-0.17390046,-0.24738917,-0.28261986,-0.27193594,-0.25972965,-0.1846436,-0.2623061,-0.26931226,-0.26949233,-0.2699811,-0.18350035,-0.2722545,-0.2740941,-0.2773891,-0.25965935,-0.17989472,-0.28815714,0.87436473,-0.28833383,-0.26418513,-0.18121174,-0.25111258,-0.26019216,-0.27289748,-0.27424294,-0.18130536,-0.25968066,-0.35533303,-0.28690183,-0.35140985,-0.17987868,-0.26427284,0.4568051,-0.26996094,-0.28094018,-0.16918117,-0.25042367,-0.2857347,-0.28338653,-0.2708466,-0.17698073,-0.248811,-0.26597175,-0.26493165,-0.25658482,-0.16852966,-0.24109071,-0.27722377,-0.28349942,-0.26968223,-0.18097916,-0.25817236,-0.27896076,-0.28519812,-0.35463315,-0.17627569,-0.24514951,-0.25025365,-0.26817656,-0.24164152,-0.1898895,-0.2645283,-0.28854096,-0.2805974,-0.29398048,-0.17387348,-0.25290677,-0.30649143,-0.26697823,-0.2601418,-0.1802272,-0.26680595,-0.27330297,-0.2889436,-0.27823305,-0.26381022,0.50559664,-0.27605176,-0.28788435,-0.24821094,-0.3433188,-0.24405605,-0.27415085,-0.27183113,-0.27102342,-0.18026713,-0.2589476,-0.33845827,-0.27834117,-0.27647078,-0.17759252,-0.24170792,-0.26119635,-0.3502625,-0.28611714,-0.1763832,-0.26605868,-0.273161,-0.28653046,-0.32756048,-0.2788417,-0.24957645,-0.27264696,-0.28999376,-0.2697747,-0.17078987,1.1234214,-0.2578707,-0.2699356,-0.25150037,-0.19080064,-0.2593727,-0.27738732,-0.28463903,-0.26049596
k__Bacteria|p__Proteobacteria|c__Gammaproteobacteria|o__Enterobacteriales|f__Enterobacteriaceae|g__Escherichia|s__unclassified,0.282976,0.36452624,0.42639855,0.42097694,0.38624573,0.30385348,0.66037506,0.4609362,0.4258708,0.32925966,0.27286455,0.35783863,0.4291745,0.3904698,0.40662467,0.2776242,0.35974228,0.40611005,0.43249932,0.47679812,1.7783399,0.33651334,0.4145831,0.41942772,0.40083927,0.2658978,0.31521982,0.43304938,0.41025007,0.36951584,0.29730892,0.35941407,0.4432863,0.3417908,0.42535412,0.31073576,0.374229,0.3985125,0.4563095,0.42422783,0.2835095,0.38700247,0.40921724,0.4491357,0.34051782,0.31950167,1.5835751,0.9795205,0.4366024,0.3889783,0.280936,0.34901547,0.3621556,0.434178,0.40322247,0.284245,0.39756197,-0.35533303,0.45590445,-0.35140985,0.2917505,0.3880172,0.47281063,0.42339605,0.41039795,0.30606067,0.37524933,0.44376758,0.43519777,0.39764813,0.27686128,0.3481627,0.3728509,0.41717035,0.3612033,0.26273885,0.3519786,0.45283297,0.44497696,0.39028418,0.30194366,0.3743608,0.41657084,0.46606624,0.6545911,0.26941574,2.070397,0.3538602,0.451689,0.37072974,0.31733704,1.6314132,0.4432444,0.43946606,0.4749952,0.3132316,0.3660366,-0.30649143,0.41281965,0.39744115,0.29800838,0.3687525,0.44250518,0.4468183,0.42542255,1.8168253,0.68316275,0.44234473,0.47678939,0.35566232,-0.3433188,0.39585072,0.39436674,0.3955782,0.3832324,0.2928136,0.39061165,0.90851283,0.42895252,0.3881965,0.28646073,0.39579123,0.42728892,-0.3502625,0.44782305,0.30236238,0.4103856,0.42630357,0.46610135,-0.32756048,1.4828612,0.4018013,0.35029393,0.43438083,0.35454202,0.23800966,1.1597879,0.38424295,0.40434575,0.37909985,0.31103033,0.40723008,0.44016483,0.4603698,0.36551455
k__Bacteria|p__Proteobacteria|c__Gammaproteobacteria|o__Pasteurellales|f__Pasteurellaceae|g__Haemophilus|s__parainfluenzae,-0.09324241,-0.11241135,-0.13903463,-0.13022517,-0.11540901,-0.13057199,-0.34956193,-0.16600019,-0.13628498,-0.08160209,-0.102102384,-0.09681839,-0.15665145,-0.16294709,-0.14527066,-0.10259984,-0.10870764,-0.13288882,-0.13337322,-0.2110232,-0.2703327,-0.04715753,-0.10208707,-0.12668414,-0.12024731,-0.064712316,-0.04590279,-0.14647119,-0.11289587,-0.060344998,-0.08922377,-0.08672632,-0.17281403,-0.13210449,-0.10181333,-0.12351747,-0.13374363,-0.12849021,-0.13414723,-0.1325995,-0.1191777,-0.16476285,-0.14418441,-0.15684895,-0.095963106,-0.110164985,-0.28815714,0.86883384,-0.21648985,-0.13653399,-0.11103898,-0.09787245,-0.09985481,-0.14368704,-0.14382729,-0.11159929,-0.1269393,-0.35533303,-0.21420643,-0.35140985,-0.1079596,-0.14123303,0.45872402,-0.15893525,-0.16509062,-0.07672358,-0.09841508,-0.18192527,-0.1749619,-0.13335127,-0.098329,-0.090446785,-0.11753784,-0.11728302,-0.088301174,-0.07088192,-0.06776938,-0.15697387,-0.1768078,-0.12873673,-0.11206768,-0.12227684,-0.16015267,-0.18231708,-0.35463315,-0.09611859,-0.24514951,-0.07013093,-0.12896411,-0.06714224,-0.14089727,-0.2645283,-0.19494331,-0.16599372,-0.23319605,-0.09087178,-0.10416561,-0.30649143,-0.14949413,-0.10081505,-0.10965543,-0.14656404,-0.14471373,-0.19320229,-0.15791301,-0.26381022,-0.3555616,-0.1556855,-0.19044928,-0.086310804,-0.3433188,-0.078648195,-0.14329982,-0.1355859,-0.13212596,-0.109853655,-0.12509361,0.87414354,-0.18643013,-0.15043783,-0.1008458,-0.072126046,-0.13099757,-0.3502625,-0.18657064,-0.09862748,-0.1477208,-0.14334296,-0.18719856,-0.32756048,-0.2788417,-0.09497813,-0.13590741,-0.19382352,-0.12717177,-0.07681202,1.1243474,-0.09511834,-0.1303645,-0.097173974,-0.14280364,-0.12795576,-0.1564022,-0.17936102,-0.09990886
k__Bacteria|p__Proteobacteria|c__Alphaproteobacteria|o__RF32|f__unclassified|g__unclassified|s__unclassified,-0.049444526,-0.020945273,-0.06435795,-0.05261638,-0.022495184,-0.09937216,-0.34956193,-0.108932585,-0.061445165,0.028485168,-0.055818163,-0.0010500146,-0.08580517,-0.077606276,-0.064712614,-0.058273546,-0.0146663925,-0.05009493,-0.06036792,-0.16434628,-0.2703327,0.06277583,-0.017770408,-0.047936328,-0.03363508,-0.011218758,0.07316168,-0.07501866,-0.029298078,0.045235917,-0.05075456,0.009792781,-0.10873102,-0.025132166,-0.02311162,-0.094140716,-0.04895731,-0.04230202,-0.07069677,-0.056469187,-0.07894701,-0.088905245,-0.0638005,-0.09339818,0.015760137,-0.08253441,-0.28815714,-0.34594566,-0.16570169,-0.05635538,-0.0689285,0.0009769901,0.0042280313,-0.07343996,-0.060457505,-0.070743844,-0.049389783,-0.35533303,-0.17030801,-0.35140985,-0.06950204,-0.062583685,-0.35751456,-0.095250174,-0.0883004,-0.040145397,-0.008959137,-0.11916135,-0.10852048,-0.047272384,-0.053289715,0.009554423,-0.020589618,-0.037421007,0.017164415,-0.016556874,0.033950713,-0.09472591,-0.11415186,-0.039204534,-0.07802321,-0.0359763,-0.08486137,-0.12769471,-0.35463315,-0.04791963,-0.24514951,0.03998401,-0.06391439,0.028751623,-0.11614764,-0.2645283,-0.13493234,-0.09988105,-0.19741637,-0.058465607,-0.011533754,-0.30649143,-0.081296295,-0.010285055,-0.07369164,-0.06128288,-0.077230886,-0.13320437,-0.08563012,-0.26381022,-0.3555616,-0.089972846,-0.14142065,0.013225373,-0.3433188,0.0046811043,-0.05664254,-0.04930564,-0.040432375,-0.07257612,-0.045387503,-0.33845827,-0.12895253,-0.06303044,-0.059205532,0.01203561,-0.063316196,0.6621877,-0.12757924,-0.06300158,-0.078150466,-0.06989184,-0.13369054,-0.32756048,-0.2788417,-0.016223032,-0.031982683,-0.12988782,-0.0242311,-0.014075002,-0.3173398,-0.00043014163,-0.046912014,-0.008469291,-0.11607799,-0.05476585,-0.088810295,-0.12299665,0.0019713473
k__Bacteria|p__Proteobacteria|c__Gammaproteobacteria|o__Pasteurellales|f__Pasteurellaceae|g__Haemophilus|s__unclassified,0.10024977,0.04297013,0.13038883,0.106800266,0.046322122,0.20166238,0.56893927,0.22075403,0.12480691,-0.056765705,0.11347516,0.0020208983,0.17412099,0.16017354,0.13180627,0.1181986,0.0307571,0.10219945,0.12198269,0.33382034,1.4614807,-0.12868628,0.035741787,0.09755034,0.068408966,0.021832991,-0.14803219,0.1521092,0.059029296,-0.09320125,0.1019067,-0.020303685,0.22147726,0.054056887,0.044916123,0.19082084,0.10010064,0.08655885,0.14192027,0.11412986,0.16060728,0.1818215,0.1303516,0.18933412,-0.030904006,0.16623743,1.403605,1.0266725,0.3381654,0.115077615,0.14021218,-0.0014843096,-0.007613007,0.14801551,0.12413496,0.14396404,0.10004351,0.45796683,0.3462497,0.3738163,0.14079124,0.12735412,0.59707713,0.19411422,0.18031591,0.07912773,0.01780659,0.24258344,0.22100286,0.09666168,0.107733354,-0.019345662,0.042560294,0.07479514,-0.034238484,0.033601258,-0.069495045,0.1917442,0.23207039,0.080574624,0.15784596,0.07326855,0.1728014,0.25970864,0.7312208,0.097106874,1.7849818,-0.08068633,0.12785587,-0.06003394,0.23546922,-0.2645283,0.27472204,0.20318356,0.4013111,0.11714314,0.023837786,-0.30649143,0.16548571,0.02076969,0.14911297,0.12606142,0.15578279,0.27133384,0.17402941,1.5869563,0.5058215,0.18264963,0.28756943,-0.027099073,0.8050425,-0.011822935,0.11606525,0.101609275,0.08333625,0.14648587,0.091658905,0.9437242,0.2624554,0.12940094,0.11994297,-0.027209248,0.12802015,0.65694577,0.2588933,0.12668133,0.15843764,0.14091554,0.27121603,-0.32756048,-0.2788417,0.031125285,0.067893855,0.26527417,0.0509387,0.029372903,1.1577417,0.0006038253,0.09596321,0.016516566,0.23577064,0.11024553,0.18028826,0.24985167,-0.004028987
k__Bacteria|p__Proteobacteria|c__Betaproteobacteria|o__Burkholderiales|f__Alcaligenaceae|g__Sutterella|s__unclassified,0.22221524,0.38537526,0.35915977,0.37020046,0.39920187,0.17390253,0.7213151,0.3140008,0.36141348,0.43442923,0.21609658,0.4048911,0.33833247,0.34527567,0.35840592,0.21384293,0.39133137,0.37250435,0.36267865,0.2617308,-0.2703327,0.46723032,0.4043119,0.3745582,0.3886112,0.2596838,0.47633493,0.348816,0.39318943,0.46571964,0.221423,0.4155418,0.3158986,0.39622927,0.39957315,0.17901093,0.35830176,0.38019395,0.3529046,0.36677325,0.1935257,0.31941193,0.3592474,0.33052206,0.43656674,0.19051604,-0.28815714,-0.34594566,0.24433158,0.35231984,0.20338343,0.406685,0.42494005,0.35041618,0.36220548,0.20153578,0.3579958,0.8242123,0.24055405,0.6257978,0.20290282,0.34518713,0.48819178,0.31282252,0.33557466,0.23195937,0.39722955,0.3057369,0.31601542,0.3753037,0.21886967,0.41536522,0.40125465,0.3854647,0.4379025,0.25416747,0.43898642,0.32975084,0.31046665,0.38307035,0.19463614,0.37077978,0.33909094,0.29714388,-0.35463315,0.22387883,-0.24514951,0.4582745,0.3597967,0.43592894,0.15763827,-0.2645283,0.2886588,0.3242873,0.21572524,0.21381527,0.39472687,-0.30649143,0.32650632,0.41113436,0.19887008,0.34600952,0.34672987,0.29166204,0.33825272,-0.26381022,0.53321093,0.332479,0.2837408,0.4200908,-0.3433188,0.41096282,0.36669633,0.37315077,0.382061,0.20017006,0.36195582,1.0488262,0.28009978,0.35995895,0.21278793,0.41842353,0.34590796,0.74327767,0.29643404,0.20942424,0.33026493,0.35417086,0.2918657,1.1525291,-0.2788417,0.39108992,0.3897066,0.29484537,0.3974977,0.2563592,1.5588892,0.41956243,0.37558174,0.39941132,0.15759596,0.35299,0.3354122,0.3019762,0.42375588
k__Bacteria|p__Actinobacteria|c__Actinobacteria|o__Actinomycetales|f__Actinomycetaceae|g__Parascardovia|s__unclassified,-0.20054361,-0.31294525,-0.31598023,-0.31380385,-0.32066196,-0.20952898,-0.34956193,-0.31276524,-0.31442147,-0.3136837,-0.2088867,-0.30795228,-0.32313138,-0.34209248,-0.3269152,-0.20719859,-0.3134729,-0.3213163,-0.30984658,-0.32854566,-0.2703327,-0.29372197,-0.30323774,-0.31276965,-0.31699485,-0.19411317,-0.30105093,-0.31693965,-0.31049392,-0.30119795,-0.19308436,-0.3032706,-0.32532609,-0.34787196,-0.29806328,-0.20359108,-0.31926852,-0.3224362,-0.3005595,-0.3132774,-0.21229628,-0.32886648,-0.32521418,-0.31469396,-0.33019707,-0.19337463,-0.28815714,-0.34594566,-0.3327602,-0.31537992,-0.21013305,-0.31238014,-0.32279432,-0.31426516,-0.32733563,-0.20872673,-0.30630404,-0.35533303,-0.3236125,-0.35140985,-0.20389648,-0.3170352,-0.35751456,-0.31103718,-0.3346231,-0.18286406,-0.30150354,-0.32958788,-0.32924652,-0.3246274,-0.20547184,-0.3093356,-0.32728216,-0.30893582,-0.31777677,-0.19850656,-0.29700285,-0.31359956,-0.32567626,-0.3258277,-0.20154858,-0.3130756,-0.33006144,-0.31998804,-0.35463315,-0.20721415,-0.24514951,-0.3110743,-0.3006379,-0.2895202,-0.20875485,-0.2645283,-0.3334108,-0.32358125,-0.32620984,-0.18684383,-0.3086548,-0.30649143,-0.31053305,-0.3089455,-0.20197515,-0.32771295,-0.31150153,-0.33261132,-0.32494068,-0.26381022,-0.3555616,-0.3155033,-0.31989473,-0.30509567,-0.3433188,-0.28476527,-0.33158505,-0.32789838,-0.3305286,-0.20407811,-0.30774045,-0.33845827,-0.32109964,-0.33656177,-0.20238103,-0.28093565,-0.2970689,-0.3502625,-0.32815358,-0.19476603,-0.31105763,-0.31795776,-0.322097,-0.32756048,1.459939,-0.29051337,-0.34556606,-0.33921725,-0.33937827,-0.21098623,-0.3173398,-0.310976,-0.32113028,-0.30073434,-0.21238552,-0.3023937,-0.31862748,-0.3215953,-0.3222909
k__Bacteria|p__Actinobacteria|c__Actinobacteria|o__Actinomycetales|f__Corynebacteriaceae|g__Corynebacterium|s__unclassified,-0.107391514,-0.122441515,-0.1577701,-0.14995891,-0.12821497,-0.14111596,-0.34956193,-0.18856585,-0.15560013,-0.08838644,-0.11097284,-0.10899202,-0.17199929,-0.164967,-0.15694302,-0.11288826,-0.11863968,-0.14704137,-0.15525067,-0.2258392,-0.2703327,-0.06626767,-0.12733987,-0.14681897,-0.13619289,-0.08144379,-0.05797241,-0.16560383,-0.1347391,-0.083061084,-0.10948907,-0.10208227,-0.1884125,-0.12791571,-0.13103664,-0.13819617,-0.14163208,-0.14209391,-0.16337037,-0.15300481,-0.12642393,-0.16874465,-0.1567726,-0.17796105,-0.10090721,-0.1309317,-0.28815714,-0.34594566,-0.22174627,-0.1473676,-0.12015037,-0.10729943,-0.10898133,-0.1641213,-0.15449655,-0.12155709,-0.14315033,-0.35533303,-0.22614752,-0.35140985,-0.12081391,-0.15126568,-0.35751456,-0.17512563,-0.1728833,-0.102337375,-0.11536109,-0.19468537,-0.18744907,-0.14531437,-0.109687224,-0.10254352,-0.12622984,-0.13982478,-0.10141118,-0.084880434,-0.08597061,-0.17924523,-0.19131222,-0.13978031,-0.12690485,-0.13244961,-0.17039701,-0.20182106,-0.35463315,-0.10557063,-0.24514951,-0.08569406,-0.1588606,-0.09108034,-0.152672,-0.2645283,-0.2044439,-0.18201175,-0.24474964,-0.114752024,-0.11696776,-0.30649143,-0.16510314,-0.120886624,-0.12400144,-0.14954668,-0.16686393,-0.20392701,-0.1716266,-0.26381022,-0.3555616,-0.17533836,-0.2113182,-0.09953667,-0.3433188,-0.10771404,-0.1517327,-0.14687437,-0.14051588,-0.12299621,-0.13998434,-0.33845827,-0.1966278,-0.15517089,-0.11383553,-0.10260396,-0.15397301,-0.3502625,-0.20086917,-0.11706259,-0.16294532,-0.16119638,-0.20600234,-0.32756048,-0.2788417,-0.12282938,-0.13285029,-0.20153075,-0.12791657,-0.08174446,-0.3173398,-0.113942534,-0.1455663,-0.115834564,-0.152453,-0.14669873,-0.17503627,-0.19843973,-0.111536466
k__Bacteria|p__Actinobacteria|c__Actinobacteria|o__Actinomycetales|f__Micrococcaceae|g__Rothia|s__mucilaginosa,-0.1336863,-0.17755425,-0.20374139,-0.19711915,-0.18466578,-0.16085799,-0.34956193,-0.22509658,-0.2017101,-0.15456872,-0.13887021,-0.16639733,-0.21652745,-0.21725225,-0.20712763,-0.13970384,-0.17461875,-0.19855833,-0.20010251,-0.25747144,-0.2703327,-0.13058415,-0.17709516,-0.19456983,-0.1894528,-0.112763196,-0.12788054,-0.20928374,-0.18442233,-0.1452541,-0.13199729,-0.15985286,-0.2278472,-0.1929732,-0.1785039,-0.1565756,-0.1933052,-0.19520143,-0.2025626,-0.1993901,-0.15146306,-0.21577601,-0.2067011,-0.21774685,-0.1681176,-0.14799088,-0.28815714,-0.34594566,-0.2552557,-0.19749407,-0.14566065,-0.16657275,-0.17203113,-0.20747097,-0.20532227,-0.14646329,-0.19013569,-0.35533303,-0.25461322,-0.35140985,-0.1444474,-0.19913511,-0.35751456,-0.21392322,-0.22140144,-0.12411639,-0.16865419,-0.23474395,-0.2289034,-0.19823344,-0.13663526,-0.16120115,-0.18545234,-0.18809386,-0.16393791,-0.11650862,-0.14569917,-0.21844998,-0.23106715,-0.1942395,-0.14805102,-0.18522331,-0.21819454,-0.23583391,-0.35463315,-0.13465239,1.7599118,-0.15096414,-0.19899505,-0.14790976,-0.16911854,-0.2645283,-0.24365789,-0.22324488,-0.27011943,-0.13429093,-0.17171326,-0.30649143,-0.2074664,-0.17566144,-0.14600778,-0.20192748,-0.20940518,-0.24264601,-0.21692896,-0.26381022,-0.3555616,-0.21635693,-0.24286509,-0.15973172,-0.3433188,-0.15575486,-0.20387647,-0.19885951,-0.19602543,-0.14601378,-0.18883619,-0.33845827,-0.23354909,-0.20909747,-0.13920179,-0.15261997,-0.1953702,-0.3502625,-0.2380717,-0.13869268,-0.2053083,-0.20709875,-0.23927554,-0.32756048,-0.2788417,-0.16808942,-0.19647914,-0.24212544,-0.19078907,-0.118751585,-0.3173398,-0.17045711,-0.19612597,-0.16949093,-0.17012261,-0.1917743,-0.21679637,-0.23388568,-0.17248437
k__Bacteria|p__Actinobacteria|c__Actinobacteria|o__Actinomycetales|f__Actinomycetaceae|g__Actinomyces|s__unclassified,-0.12089726,-0.144009,-0.17975129,-0.1735029,-0.15203062,-0.14866287,-0.34956193,-0.20769098,-0.17865491,-0.11414188,-0.12172349,-0.13354039,-0.19027466,-0.17787844,-0.17629139,-0.12389219,-0.13995233,-0.16880327,-0.17961246,-0.23727308,-0.2703327,-0.09916965,-0.15576243,-0.17086336,-0.16036588,-0.09956302,-0.08986256,-0.18629335,-0.16018489,-0.11740713,-0.124898,-0.12837476,-0.20417182,-0.143484,-0.16171025,-0.1477878,-0.15950462,-0.16372007,-0.1900426,-0.17601214,-0.13478719,-0.18093565,-0.1757698,-0.19838445,-0.12454964,-0.14439657,-0.28815714,-0.34594566,-0.22715285,-0.16659316,-0.1294407,-0.13080627,-0.13408485,-0.18619996,-0.1727263,-0.13119772,-0.16418287,-0.35533303,-0.2334665,-0.35140985,-0.13212715,-0.16897646,-0.35751456,-0.1913366,-0.18761629,-0.12195933,-0.14076117,-0.2085377,-0.2025477,-0.16605479,-0.12153932,-0.12657933,-0.14806709,-0.16567984,-0.12831569,-0.10117122,-0.11595916,-0.19961502,-0.20704615,-0.16050301,-0.13836089,-0.15341267,-0.18683682,-0.21806198,-0.35463315,-0.11760624,-0.24514951,-0.114841305,-0.18610305,-0.12285739,-0.15932003,-0.2645283,-0.21565638,-0.19907361,-0.25033405,-0.1319466,-0.13983116,-0.30649143,-0.18313083,-0.14874607,-0.13553911,-0.16394275,-0.18938564,-0.21604005,-0.18974903,-0.26381022,-0.3555616,-0.19458884,-0.22668734,-0.12656842,0.7944638,-0.13977751,-0.16823421,-0.16662937,-0.15940174,-0.13409092,-0.16141239,-0.33845827,-0.20839551,-0.17118728,-0.12630415,-0.13569182,-0.17732349,-0.3502625,-0.21379095,-0.13158223,-0.18059734,-0.18222554,-0.22090572,-0.32756048,-0.2788417,-0.15050581,-0.14768627,-0.2121701,-0.14562663,-0.095026806,-0.3173398,-0.14021526,-0.16715409,-0.14219496,-0.15796961,-0.16928273,-0.19379023,-0.21452501,-0.13628411
k__Bacteria|p__Actinobacteria|c__Actinobacteria|o__Bifidobacteriales|f__Bifidobacteriaceae|g__Bifidobacterium|s__longum,0.24393663,0.25287315,0.3524285,0.3371672,0.27231526,0.3060996,0.6314897,0.42836973,0.34994587,0.17217872,0.23616764,0.2298634,0.37145114,0.31856176,0.32803202,0.2436043,0.24225809,0.3170652,0.35735276,0.4877367,1.4587336,0.15655658,0.30383956,0.332128,0.2983135,0.19457346,0.12319443,0.36822343,0.30647033,0.20141576,0.26201862,0.22373447,0.40581748,0.21933445,0.32004666,0.31070906,0.28462696,0.30144942,0.39380288,0.3434807,0.26619598,0.32960126,0.33067423,0.40192795,0.1874562,0.3130352,1.9060429,1.2063292,0.44730228,0.30755347,0.25563645,0.21743648,0.22341743,0.368591,0.32130814,0.26100987,0.31421548,0.65435815,0.4745291,0.35264105,0.26934534,0.31188864,0.45699716,0.3799487,0.34979743,0.26495034,0.25708514,0.41418615,0.39565837,0.30416954,0.2389059,0.20963438,0.2542882,0.3211525,0.21220309,0.19506985,0.19701958,0.4069913,0.4120016,0.28945464,0.28817177,0.2758854,0.35536075,0.4484454,0.61621714,0.22576118,2.396374,0.18731919,0.3825885,0.22217804,0.33495516,1.6575323,0.42577958,0.39482814,0.5167917,0.28760028,0.24781209,1.2556701,0.35607606,0.27716318,0.28002536,0.28714678,0.38148475,0.42841202,0.3667715,2.025129,1.4608041,0.3916198,0.47124672,0.21581714,0.8006698,0.27212593,0.30737382,0.30356222,0.28146327,0.2724092,0.30236256,0.87684447,0.411442,0.3041751,0.2550946,0.26617908,0.36053622,-0.3502625,0.42502648,0.27755624,0.35081157,0.35615826,0.45238686,-0.32756048,1.6777236,0.2942363,0.23494071,0.4104143,0.23430705,0.16274339,-0.3173398,0.25431234,0.3127628,0.25995505,0.3270244,0.32978117,0.3872123,0.43728292,0.22804934
k__Bacteria|p__Actinobacteria|c__Actinobacteria|o__Bifidobacteriales|f__Bifidobacteriaceae|g__Bifidobacterium|s__adolescentis,0.21325961,0.35301685,0.34086818,0.34340823,0.36171955,0.2021924,0.6769279,0.31956396,0.34049726,0.37325534,0.21894178,0.35654843,0.33934724,0.3604735,0.35088074,0.21640114,0.35587227,0.3513286,0.33677524,0.3128528,-0.2703327,0.36795884,0.34739292,0.3442359,0.35388026,0.2224876,0.37904033,0.3374406,0.3493492,0.37063605,0.20570093,0.355842,0.332376,0.38663322,0.34069732,0.1985417,0.3481132,0.35560206,0.3238063,0.3413699,0.21304274,0.34135535,0.349815,0.32782343,0.3864904,0.19348267,1.4030144,0.8965596,0.31417435,0.3413332,0.21477988,0.36142087,0.37463522,0.33607915,0.3527836,0.21278532,0.33517915,0.71892184,0.30412725,0.3481685,0.20863225,0.34068358,-0.35751456,0.32117692,0.3489701,0.2004068,0.34702155,0.33172086,0.3362455,0.35569957,0.21682924,0.36200202,0.36923444,0.3453489,0.37545955,0.2245017,0.3598072,0.32643443,0.3305236,0.35986093,0.20296763,0.3475106,0.3461521,0.31943744,0.62568456,0.22056481,1.7647299,0.37701598,0.32630652,0.35088643,0.19472882,-0.2645283,0.3294443,0.33372223,0.29539114,0.19666639,0.3527391,2.1053638,0.32659793,0.35541943,0.20521343,0.35100085,0.33163276,0.3292799,0.34081683,-0.26381022,0.5734108,0.32998192,0.31342596,0.35896987,0.79316604,0.33612445,0.35891092,0.3578629,0.36421824,0.20780995,0.33860847,-0.33845827,0.31776828,0.3611178,0.21116108,0.33545405,0.32080626,0.65891474,0.32703108,0.20261912,0.3285056,0.34075814,0.31956953,-0.32756048,1.4619408,0.33365846,0.38199037,0.33672404,0.37906018,0.23764116,-0.3173398,0.3612299,0.35252833,0.3464821,0.19818518,0.32982385,0.33353165,0.32253534,0.37359467
k__Bacteria|p__Actinobacteria|c__Actinobacteria|o__Bifidobacteriales|f__Bifidobacteriaceae|g__Bifidobacterium|s__unclassified,0.534613,0.80429363,0.83367646,0.84210145,0.8420141,0.4949423,-0.34956193,0.81295466,0.8363477,0.82900786,0.5160098,0.82188106,0.8100345,0.77844995,0.8113733,0.5180578,0.8068243,0.82923436,0.845011,0.7628939,-0.2703327,0.8787632,0.87884057,0.8462542,0.8436874,0.5640258,0.86805505,0.82738286,0.85985684,0.9086905,0.5484051,0.8372364,0.7964841,0.79075074,0.88335264,0.5087931,0.7792718,0.83044434,0.85752547,0.84071034,0.49848664,0.74320936,0.8153637,0.82166415,0.8405589,0.53288984,1.4198065,0.88495934,0.7007766,0.7872684,0.508377,0.8146707,0.849643,0.8310168,0.81325215,0.50939715,0.8043355,0.8019743,0.71639204,0.44309703,0.51921177,0.7774322,0.5945699,0.77469146,0.78595227,0.5711669,0.8307294,0.7842215,0.7879158,0.82329017,0.5235349,0.8246652,0.8304119,0.8575244,0.8646351,0.55398625,0.85922873,0.82403874,0.7915461,0.8256681,0.5195438,0.79589134,0.7977127,0.79733247,-0.35463315,0.52189493,1.7654691,0.8833069,0.860882,0.87435335,0.48861247,1.7055794,0.7618265,0.8034409,0.7045226,0.55590934,0.81764126,1.2561754,0.7801152,0.8691735,0.52061975,0.7579829,0.8347925,0.7698532,0.80584836,1.5934805,0.5580579,0.8167802,0.79139656,0.8388077,1.5538148,0.87047297,0.8094647,0.81885844,0.8166344,0.5164856,0.80163693,-0.33845827,0.7388526,0.79373264,0.52593964,0.87901217,0.8207153,0.6584228,0.7757473,0.5387467,0.782369,0.82708174,0.7903011,-0.32756048,1.4704748,0.85052365,0.79165417,0.76044154,0.8059851,0.5302705,1.1910894,0.8662182,0.8314796,0.8366762,0.4816858,0.80785495,0.8179869,0.79699194,0.8505428
k__Bacteria|p__Cyanobacteria|c__4C0d-2|o__YS2|f__unclassified|g__unclassified|s__unclassified,-0.08134358,-0.08949621,-0.11908561,-0.10909371,-0.090919256,-0.12593514,-0.34956193,-0.15173402,-0.11645579,-0.05216793,-0.092072874,-0.07053457,-0.14046395,-0.14861938,-0.12757972,-0.09262535,-0.08508674,-0.112180255,-0.11239849,-0.20514251,-0.2703327,-0.011158582,-0.07455657,-0.10496135,-0.096773796,-0.047147542,-0.009211568,-0.12801436,-0.0885522,-0.024704628,-0.07672052,-0.05848638,-0.16009286,-0.11235976,-0.07484955,-0.11770162,-0.11542111,-0.10687262,-0.113531694,-0.11143246,-0.11237477,-0.15282083,-0.12548053,-0.1410957,-0.06830259,-0.10139384,-0.28815714,-0.34594566,-0.2150254,-0.11833174,-0.1029147,-0.0723523,-0.07190791,-0.12495445,-0.124974675,-0.10353081,-0.10649192,-0.35533303,-0.21181765,-0.35140985,-0.09898551,-0.124222174,-0.35751456,-0.14568673,-0.15104428,-0.061187103,-0.0720214,-0.17069225,-0.16300222,-0.112612665,-0.08745434,-0.06334755,-0.09368567,-0.0935673,-0.058467776,-0.0546144,-0.035851084,-0.14063051,-0.16464117,-0.107316956,-0.10387038,-0.10114341,-0.14459127,-0.1713791,-0.35463315,-0.08473949,-0.24514951,-0.036425173,-0.10803057,-0.034287557,-0.1381769,-0.2645283,-0.18624839,-0.1520339,-0.23399669,-0.07843511,-0.079176724,-0.30649143,-0.13455975,-0.07326275,-0.10088577,-0.13095912,-0.12577951,-0.18421552,-0.14226063,-0.26381022,-0.3555616,-0.13909188,-0.18157232,-0.05744864,-0.3433188,-0.049057342,-0.124297574,-0.116245314,-0.11161162,-0.1012981,-0.1042934,-0.33845827,-0.17866623,-0.13329959,-0.090208456,-0.040846042,-0.11027911,-0.3502625,-0.1766617,-0.08745652,-0.13169326,-0.124279775,-0.1768941,-0.32756048,-0.2788417,-0.069195926,-0.11573288,-0.1862423,-0.10554381,-0.06190127,-0.3173398,-0.06689528,-0.10996358,-0.07094895,-0.14077926,-0.10775487,-0.13969986,-0.16835272,-0.07272529
k__Bacteria|p__Cyanobacteria|c__Chloroplast|o__Streptophyta|f__unclassified|g__unclassified|s__unclassified,-0.020833272,0.043368824,-0.013683125,-0.0007196218,0.041511342,-0.07557799,-0.34956193,-0.07011248,-0.011118017,0.10476846,-0.022455223,0.065341264,-0.034367077,-0.012229286,-0.0060069486,-0.02653252,0.05113858,0.0076116435,-0.012377709,-0.12735493,-0.2703327,0.13332132,0.03483457,0.004090566,0.025436763,0.022148464,0.15121478,-0.026143909,0.025412325,0.11243191,-0.02737657,0.07442324,-0.062060967,0.056578502,0.026696716,-0.07363367,0.013823492,0.018402088,-0.031198569,-0.0050605834,-0.04841488,-0.028488263,-0.0059496835,-0.050367475,0.09591195,-0.06605892,-0.28815714,-0.34594566,-0.120695926,0.002006738,-0.038115043,0.07040679,0.07642485,-0.024614103,-0.0013590977,-0.041103326,0.003636706,-0.35533303,-0.13232076,-0.35140985,-0.0429897,-0.004315425,0.4818429,-0.0500317,-0.029511921,-0.020605918,0.050655983,-0.072281145,-0.05860269,0.014080759,-0.021344814,0.07927096,0.049300563,0.01589571,0.08928761,0.018021826,0.09998521,-0.052522346,-0.06769981,0.024039667,-0.05500341,0.025878742,-0.02876509,-0.08929935,-0.35463315,-0.013288515,-0.24514951,0.11201602,-0.02322162,0.08915746,-0.09668045,-0.2645283,-0.086963885,-0.052421078,-0.16483076,-0.041282643,0.051661573,-0.30649143,-0.03204316,0.048663102,-0.04920923,0.0042149704,-0.031557806,-0.08637468,-0.0333336,-0.26381022,-0.3555616,-0.044874728,-0.10667051,0.0798696,-0.3433188,0.055146124,0.0059108473,0.012371656,0.025979556,-0.045648977,0.011125661,-0.33845827,-0.08351573,0.003088791,-0.031195004,0.06206523,-0.02070394,-0.3502625,-0.0818017,-0.040868223,-0.028133541,-0.0182354,-0.09392552,-0.32756048,-0.2788417,0.03359737,0.04705348,-0.078446485,0.052787855,0.030512076,-0.3173398,0.062385656,0.010980591,0.050717633,-0.09410408,-0.004706341,-0.04202979,-0.08261143,0.07350296
k__Bacteria|p__Fusobacteria|c__Fusobacteria|o__Fusobacteriales|f__Fusobacteriaceae|g__Fusobacterium|s__unclassified,-0.1148431,-0.112904534,-0.16422975,-0.15769681,-0.12384755,-0.14017995,-0.34956193,-0.20158392,-0.16304272,-0.074563086,-0.10730303,-0.104065925,-0.17009342,-0.1361472,-0.14776996,-0.11170736,-0.108164,-0.14512381,-0.16832165,-0.22241497,-0.2703327,-0.07621418,-0.1469481,-0.15576866,-0.1379821,-0.094465256,-0.056349795,-0.17144865,-0.14530747,-0.09880416,-0.12713307,-0.10398555,-0.18531513,-0.08724146,-0.15663132,-0.14522508,-0.12563504,-0.13767287,-0.18982865,-0.1613239,-0.11980117,-0.1428003,-0.15008561,-0.18778451,-0.07949934,-0.15061128,-0.28815714,-0.34594566,-0.19683148,-0.13862048,-0.11626369,-0.09657629,-0.09924528,-0.17172883,-0.14448297,-0.11930452,-0.14540699,-0.35533303,-0.21344037,-0.35140985,-0.12537847,-0.1390354,-0.35751456,-0.1743271,-0.15509078,-0.13259444,-0.11994508,-0.18768924,-0.17848434,-0.13765419,-0.11021664,-0.094621345,-0.11244678,-0.1520795,-0.096529976,-0.09259096,-0.093541555,-0.19147381,-0.18743382,-0.13013549,-0.13527325,-0.1233845,-0.15951142,-0.20710324,-0.35463315,-0.103009075,-0.24514951,-0.0881435,-0.18502757,-0.109846264,-0.15418413,-0.2645283,-0.19065884,-0.18071693,-0.23331359,-0.14157379,-0.112720475,-0.30649143,-0.16341914,-0.13140193,-0.13119057,-0.123187825,-0.17986725,-0.1921062,-0.1668491,-0.26381022,-0.3555616,-0.18300185,-0.21874443,-0.09925234,-0.3433188,-0.1345378,-0.13679679,-0.1357562,-0.12478461,-0.12669903,-0.13883731,-0.33845827,-0.18404041,-0.13213775,-0.11925167,-0.13418898,-0.17158264,-0.3502625,-0.19371068,-0.13304383,-0.16064903,-0.1651732,-0.20812336,-0.32756048,-0.2788417,-0.14376521,-0.095917195,-0.1812356,-0.098023765,-0.07128159,-0.3173398,-0.12017529,-0.14290765,-0.122726075,-0.14905208,-0.15411681,-0.17987145,-0.202039,-0.10276874
k__Bacteria|p__Fusobacteria|c__Fusobacteria|o__Fusobacteriales|f__Fusobacteriaceae|g__unclassified|s__unclassified,-0.26231205,-0.38271502,-0.40594918,-0.41132092,-0.4041292,-0.23764926,-0.34956193,-0.3991625,-0.4080462,-0.3928006,-0.24667306,-0.39441678,-0.38927382,-0.35791373,-0.38612494,-0.24926789,-0.3835733,-0.39859945,-0.4157607,-0.36459452,-0.2703327,-0.4317553,-0.43647665,-0.4138836,-0.40833706,-0.2804894,-0.41947687,-0.40281236,-0.4222198,-0.45007122,-0.2756008,-0.40578276,-0.38210535,-0.3575164,-0.4431193,-0.2491348,-0.36690217,-0.39813796,-0.4301135,-0.41112626,-0.23613457,-0.34300745,-0.38920066,-0.40195236,-0.39417896,-0.26861545,-0.28815714,-0.34594566,-0.32203174,-0.37460697,-0.2427143,-0.38741213,-0.40460312,-0.40608805,-0.3862486,-0.24420533,-0.3894955,0.45796683,-0.337309,0.34173733,-0.25292584,-0.36816055,-0.35751456,-0.37310344,-0.36819524,-0.2943071,-0.40436143,-0.37286764,-0.37461275,-0.39293218,-0.25318745,-0.39475918,-0.39281094,-0.42193642,-0.41577888,-0.27223775,-0.42048985,-0.4043988,-0.3791409,-0.3928576,-0.25524288,-0.37873745,-0.3775262,-0.38721138,-0.35463315,-0.25064453,-0.24514951,-0.42882755,-0.43181962,-0.43497106,-0.23588704,-0.2645283,-0.35800314,-0.38639596,-0.33129784,-0.28429776,-0.392557,-0.30649143,-0.37549183,-0.4263382,-0.2553446,-0.34988758,-0.4103131,-0.36339954,-0.38565803,-0.26381022,-0.3555616,-0.39814377,-0.38524956,-0.4053499,-0.3433188,-0.4377705,-0.38154978,-0.3886457,-0.38497952,-0.25164598,-0.38642892,-0.33845827,-0.34830317,-0.36941236,-0.25703543,-0.44449896,-0.40599674,-0.3502625,-0.36983517,-0.26956946,-0.3761499,-0.40117115,-0.3822682,1.0285587,-0.2788417,-0.42461795,-0.35960135,-0.35398602,-0.37151146,-0.25010145,1.2455677,-0.42237166,-0.39983326,-0.40898883,-0.22955842,-0.39451796,-0.3971432,-0.3860856,-0.40655378
k__Bacteria|p__Tenericutes|c__Mollicutes|o__RF39|f__unclassified|g__unclassified|s__unclassified,-0.1387836,-0.1669772,-0.20644866,-0.2013823,-0.17803042,-0.15783419,-0.34956193,-0.23259407,-0.20547011,-0.13999121,-0.13403738,-0.16014013,-0.21119037,-0.18822479,-0.19563258,-0.13702354,-0.16326676,-0.19323972,-0.20897183,-0.24968028,-0.2703327,-0.1386189,-0.19249447,-0.19996263,-0.18784794,-0.12330716,-0.12526353,-0.21162722,-0.19169459,-0.15803373,-0.14665133,-0.1596518,-0.22210334,-0.15346116,-0.19929028,-0.16084395,-0.17642146,-0.18762703,-0.22355253,-0.203845,-0.14346465,-0.18958265,-0.19682513,-0.2231754,-0.1466268,-0.16400895,-0.28815714,-0.34594566,-0.22868317,-0.1860069,-0.1405197,-0.15499043,-0.16037616,-0.21183309,-0.19306432,-0.1426723,-0.18961903,-0.35533303,-0.23987052,0.34183434,-0.14668778,-0.1860514,-0.35751456,-0.21064459,-0.20139775,-0.14998974,-0.17096505,-0.22449061,-0.21771027,-0.18807596,-0.13584504,-0.1527709,-0.1700846,-0.19671208,-0.15759638,-0.12251021,-0.15155566,-0.22569461,-0.22413474,-0.18273062,-0.1536302,-0.17460866,-0.20444745,-0.23764455,-0.35463315,-0.13095176,-0.24514951,-0.15045261,-0.2200732,-0.16247225,-0.16800481,-0.2645283,-0.2266385,-0.2189327,-0.25482398,-0.15684107,-0.16627112,-0.30649143,-0.2027686,-0.18226367,-0.15062602,-0.17546314,-0.21730527,-0.2280426,-0.20924477,-0.26381022,-0.3555616,-0.21939638,-0.24592826,-0.15698934,-0.3433188,-0.18018135,-0.18731499,-0.18695694,-0.17889172,-0.14755757,-0.18506648,-0.33845827,-0.21894068,-0.185073,-0.14215305,-0.17929217,-0.20811641,-0.3502625,-0.2279639,-0.15151215,-0.2008931,-0.20731282,-0.23839,-0.32756048,-0.2788417,-0.18639103,-0.15930259,-0.22056448,-0.16066855,-0.10841292,-0.3173398,-0.1733465,-0.19141456,-0.17312615,-0.16438532,-0.19582538,-0.21755919,-0.23393095,-0.16249804
k__Bacteria|p__Verrucomicrobia|c__Verrucomicrobiae|o__Verrucomicrobiales|f__Verrucomicrobiaceae|g__Akkermansia|s__muciniphila,-0.33385417,-0.5784509,-0.53962475,-0.55023885,-0.5935403,-0.2887205,-0.34956193,-0.4829222,-0.5412437,-0.6365014,-0.33784175,-0.5950793,-0.5245291,-0.5586115,-0.55335575,-0.33282208,-0.58575195,-0.5627763,-0.5365752,-0.44156322,2.4859812,-0.6490129,-0.5760499,-0.5539555,-0.57580495,-0.36943316,-0.6708317,-0.5281325,-0.57214975,-0.6464121,-0.32241398,-0.60041475,-0.5011546,-0.6260927,-0.56381905,-0.28683066,-0.55451274,-0.5730399,-0.51259005,-0.5448963,-0.31608966,-0.5213369,-0.5519285,-0.5046396,-0.6506828,-0.28692436,-0.28815714,-0.34594566,-0.43798068,-0.5410691,-0.3241911,-0.6029858,-0.62749875,-0.52782774,-0.5583446,-0.32037032,-0.5364287,0.59106964,-0.42102334,0.5654426,-0.31554773,-0.5363294,-0.35751456,-0.48958415,-0.5363557,-0.3218372,-0.57727027,-0.49432862,-0.5067427,-0.5701607,-0.3363424,-0.6085731,-0.605073,-0.5619575,-0.6359184,-0.36882797,-0.62053436,-0.5014684,-0.49573708,-0.580866,-0.30273247,-0.56200325,-0.5346205,-0.47220927,0.6296813,-0.34486288,-0.24514951,-0.650964,-0.5204753,-0.60526896,-0.2685061,-0.2645283,-0.48101366,-0.5084927,-0.39368355,-0.3058164,-0.58308774,-0.30649143,-0.50534743,-0.59187937,-0.3082431,-0.5512746,-0.51906323,-0.48281533,-0.5270255,-0.26381022,-0.3555616,-0.50829554,-0.4558838,-0.6075926,-0.3433188,-0.57116073,-0.5684262,-0.5722929,-0.58540237,-0.31258467,-0.5437292,-0.33845827,-0.46540618,-0.56816566,-0.3251598,-0.57406986,-0.5093671,0.7120616,-0.48190588,-0.31121683,-0.5102315,-0.5361551,-0.46867818,-0.32756048,-0.2788417,-0.55391,-0.6152992,-0.49487638,-0.6159768,-0.38860068,-0.3173398,-0.60479146,-0.56625426,-0.5769617,-0.27325425,-0.5259943,-0.5145961,-0.47938508,-0.624043
