#OTU ID,E002338.0,E002338.1,E002338.2,E002338.3,E002338.4,E002473.0,E002473.1,E002473.2,E002473.3,E002473.4,E004934.0,E004934.1,E004934.2,E004934.3,E004934.4,E005804.0,E005804.1,E005804.2,E005804.3,E005804.4,E008437.0,E008437.1,E008437.2,E008437.3,E008437.4,E008643.0,E008643.1,E008643.2,E008643.3,E008643.4,E012393.0,E012393.1,E012393.2,E012393.3,E012393.4,E012678.0,E012678.1,E012678.2,E012678.3,E012678.4,E016148.0,E016148.1,E016148.2,E016148.3,E016148.4,E017049.0,E017049.1,E017049.2,E017049.3,E017049.4,E018421.0,E018421.1,E018421.2,E018421.3,E018421.4,E019187.0,E019187.1,E019187.2,E019187.3,E019187.4,E019349.0,E019349.1,E019349.2,E019349.3,E019349.4,E022960.0,E022960.1,E022960.2,E022960.3,E022960.4,E023535.0,E023535.1,E023535.2,E023535.3,E023535.4,E023681.0,E023681.1,E023681.2,E023681.3,E023681.4,E025921.0,E025921.1,E025921.2,E025921.3,E025921.4,E030828.0,E030828.1,E030828.2,E030828.3,E030828.4
k__Bacteria|p__Firmicutes|c__Clostridia|o__Clostridiales|f__Veillonellaceae|g__Megasphaera|s__micronuciformis,-0.2658722,-0.31904158,-0.28225577,-0.1942577,-0.18946458,-0.26063216,-0.28354985,-0.26128352,-0.12439598,-0.055513375,-0.19440371,-0.32539368,-0.27734488,-0.20033033,-0.196936,-0.25820673,-0.27194816,-0.27191865,-0.124351904,-0.055706985,-0.26184985,-0.2701364,-0.26658356,-0.12513164,-0.055833396,-0.25738472,-0.27659392,-0.26973408,-0.1242429,-0.055787615,-0.23875734,-0.32284898,-0.27777576,-0.19499794,-0.19353628,-0.26290548,-0.2756553,-0.26832542,-0.1234376,-0.05546061,-0.2563737,-0.30590335,-0.27970165,-0.19570401,-0.19734529,-0.2851582,-0.31692833,-0.28193545,-0.19288464,-0.19367217,-0.26851222,-0.3272691,-0.27621487,-0.19806951,-0.19489723,-0.20411447,-0.26265186,-0.25615612,-0.1275842,-0.055930562,-0.256234,-0.2358737,-0.26592404,-0.1881572,-0.19436291,-0.2586414,-0.2576173,-0.2546313,-0.12553683,-0.05546536,-0.25876746,-0.285736,-0.31877366,-0.26702356,-0.2594357,-0.23378834,-0.19459927,-0.26945484,-0.18973364,-0.19777432,-0.20658675,-0.20658675,-0.26054037,-0.1917877,-0.19462684,-0.25518355,-0.31196946,-0.26087135,-0.19046749,-0.19411
k__Bacteria|p__Firmicutes|c__Clostridia|o__Clostridiales|f__Veillonellaceae|g__Megasphaera|s__geminatus,-0.2644033,-0.31904158,-0.2830806,-0.19288102,-0.1872946,-0.2587784,-0.2839442,-0.258789,-0.12333921,-0.054880455,-0.19440371,-0.32539368,-0.2767415,-0.19967419,-0.19562337,-0.25560543,-0.27104175,-0.2707544,-0.12336099,-0.05504271,-0.26184985,-0.2682262,-0.26463056,-0.12425622,-0.055296756,-0.25463694,-0.2762373,-0.26765144,-0.12311891,-0.055148855,-0.23875734,-0.32284898,-0.27711433,-0.19360618,-0.19154513,-0.2605465,-0.27492946,-0.26641575,-0.12226005,-0.054786853,-0.2534143,-0.30590335,-0.27985495,-0.19450459,-0.19615154,-0.2851582,-0.31692833,-0.28184897,-0.19194566,-0.19164346,-0.26590735,-0.3272691,-0.275167,-0.19697666,-0.19301035,-0.20411447,-0.26070338,-0.25343105,-0.12739481,-0.055552732,-0.256234,-0.2358737,-0.26377448,-0.18615712,-0.19282281,-0.25626743,-0.2548495,-0.2513113,-0.124700435,-0.05492428,-0.2567454,-0.28605253,-0.31877366,-0.26550204,-0.25683993,-0.23053966,-0.19459927,-0.26726955,-0.18798888,-0.19638725,-0.20658675,-0.20658675,-0.2573442,-0.19049487,-0.19309878,-0.25241578,-0.31196946,-0.2580364,-0.18858641,-0.19240135
k__Bacteria|p__Firmicutes|c__Bacilli|o__unclassified|f__unclassified|g__unclassified|s__unclassified,-0.26335758,0.8909067,-0.2813483,-0.19263813,-0.18819024,-0.25890827,-0.2815232,-0.2607345,-0.1235312,-0.05525001,-0.19440371,-0.32539368,-0.27600798,-0.19884002,-0.19565779,-0.25595748,-0.27043504,-0.2708766,-0.123655766,-0.055393413,-0.26184985,-0.2686579,-0.26539442,-0.124384664,-0.05552166,-0.25539654,-0.27453798,-0.26872787,-0.12351787,-0.055463433,-0.23875734,-0.32284898,-0.27632332,-0.19372337,-0.1925231,-0.26050532,-0.2740963,-0.2674992,-0.12280877,-0.055176288,-0.25445902,-0.30590335,-0.27893478,-0.19393975,-0.1961444,-0.2851582,-0.31692833,-0.28091067,-0.19103034,-0.19241239,-0.26635683,-0.3272691,-0.27561426,-0.19668095,-0.19385335,-0.20411447,-0.26068833,-0.25507718,-0.12688498,-0.055713136,-0.256234,-0.2358737,-0.26487195,-0.1872306,-0.1929987,-0.25714904,-0.25634786,-0.25366122,-0.12476817,-0.055130966,-0.25553185,-0.28336066,-0.31877366,-0.2662018,-0.2575542,-0.23171784,-0.19459927,-0.26891458,-0.18917455,-0.19642115,-0.20658675,-0.20658675,-0.26031482,-0.19122398,-0.19328201,-0.2526763,-0.31196946,-0.2600388,-0.18953216,-0.19293089
k__Bacteria|p__Firmicutes|c__Bacilli|o__Lactobacillales|f__Enterococcaceae|g__Enterococcus|s__unclassified,-0.2654741,0.8918049,-0.27996695,-0.19345486,-0.18793549,-0.26009756,-0.28376824,-0.25951833,-0.123134956,-0.0550272,-0.19440371,-0.32539368,-0.2755548,-0.19911736,-0.19568288,-0.25702232,-0.27075642,-0.27091372,-0.12307025,-0.055103477,-0.26184985,-0.26748458,-0.2635452,-0.1239262,-0.055275716,-0.2563356,-0.27555025,-0.26817697,-0.122933075,-0.055068493,-0.23875734,-0.32284898,-0.2760859,-0.19394836,-0.19197531,-0.26179105,-0.27343336,-0.26612234,-0.12166763,-0.054779172,-0.2548682,-0.30590335,-0.2761581,-0.19403857,-0.19596563,-0.2851582,-0.31692833,-0.2805139,-0.19346577,-0.19226006,-0.26772153,-0.3272691,-0.27434883,-0.19684806,-0.19323897,-0.20411447,-0.26229745,-0.2540682,-0.12655991,-0.055466488,-0.256234,-0.2358737,-0.26326483,-0.18592584,-0.1925237,-0.2564471,-0.25475144,-0.25189525,-0.12452941,-0.05509349,-0.2592839,-0.28660488,-0.31877366,-0.2638895,-0.25745925,-0.23060931,-0.19459927,-0.26564518,-0.18711513,-0.19616754,-0.20658675,-0.20658675,-0.2570967,-0.18912405,-0.19296443,-0.2532926,-0.31196946,-0.25853282,-0.188276,-0.19260289
k__Bacteria|p__Firmicutes|c__Clostridia|o__Clostridiales|f__Clostridiaceae|g__Clostridium|s__perfringens,-0.25882757,-0.31904158,-0.2792641,-0.18983999,-0.18299864,-0.2527972,-0.28020203,-0.25454053,-0.1212142,-0.053704582,-0.19440371,-0.32539368,-0.27359313,-0.1967102,-0.1919342,-0.24985552,-0.26685232,-0.26721513,-0.121054575,-0.053927712,-0.26184985,-0.26467234,-0.26036954,-0.12193161,-0.054192528,-0.24902867,-0.27225244,-0.26450258,-0.12104079,-0.053940788,1.7735543,-0.32284898,-0.27374634,-0.19065514,-0.18791251,-0.2554775,-0.2710586,-0.26293913,-0.12000034,-0.053646117,-0.2473025,1.2056496,-0.2759014,-0.19165187,-0.1922186,1.256593,-0.31692833,-0.27813685,-0.18830028,-0.18799531,-0.26252753,-0.3272691,-0.27191883,-0.19449945,-0.1893825,-0.20411447,-0.25623646,-0.2476438,-0.12476289,-0.05416236,-0.256234,-0.2358737,-0.25998542,-0.18272176,-0.18860358,-0.25034818,-0.24957934,-0.2466997,-0.12245417,-0.053678684,-0.2495588,-0.28273332,-0.31877366,-0.2609112,-0.25198603,-0.22096665,-0.19459927,-0.26427388,-0.18437625,-0.19280492,2.0459185,2.0459185,-0.25393257,-0.18680942,-0.18915555,-0.24604553,-0.31196946,-0.25429553,-0.18554404,-0.1884765
k__Bacteria|p__Firmicutes|c__Clostridia|o__Clostridiales|f__Clostridiaceae|g__Peptoniphilus|s__asaccharolyticus,-0.26479608,-0.31904158,-0.28080702,-0.19326624,-0.18850961,-0.25970498,-0.28205568,-0.25994787,-0.1236196,-0.055252254,-0.19440371,-0.32539368,-0.27577966,-0.1994443,-0.196159,-0.25714505,-0.27064735,-0.27059722,-0.123584494,-0.05539442,-0.26184985,-0.26887822,-0.2652874,-0.1244235,-0.055524327,-0.25630113,-0.2751661,-0.26826373,-0.123512134,-0.055522405,-0.23875734,-0.32284898,-0.27614123,-0.19398841,-0.19271292,-0.26191968,-0.27431342,-0.26694024,-0.12267419,-0.05516746,-0.25524122,-0.30590335,-0.27798977,-0.19449477,-0.19643065,-0.2851582,-0.31692833,-0.28030926,-0.19176811,-0.19272444,-0.26728263,-0.3272691,-0.2745913,-0.19677061,-0.19406809,-0.20411447,-0.26155585,-0.25518876,-0.1270397,-0.05570893,-0.256234,-0.2358737,-0.26437372,-0.18675855,-0.19341353,-0.25786754,-0.2565869,-0.25328973,-0.12467165,-0.05513549,-0.25741285,-0.28424704,-0.31877366,-0.2652765,-0.25813514,-0.2337566,-0.19459927,-0.26837614,-0.18866451,-0.19697191,-0.20658675,-0.20658675,-0.25933635,-0.1906032,-0.1937955,-0.2543142,-0.31196946,-0.25946182,-0.18911248,-0.19321856
k__Bacteria|p__Firmicutes|c__Bacilli|o__Bacillales|f__Staphylococcaceae|g__Staphylococcus|s__unclassified,-0.26546016,-0.31904158,-0.2818706,-0.19362918,-0.1888537,-0.2599957,-0.28259456,-0.26054603,-0.12401302,-0.055351816,-0.19440371,-0.32539368,-0.27703702,-0.19968367,-0.19639477,-0.25749516,-0.27125004,-0.271193,-0.12392629,-0.05550964,-0.26184985,-0.26937306,-0.26581436,-0.12473903,-0.055682454,-0.25672412,-0.27586687,-0.26901615,-0.12385283,-0.055581197,-0.23875734,-0.32284898,-0.27726138,-0.19436458,-0.19294368,-0.2622318,-0.27489546,-0.26754618,-0.123040855,-0.05527647,-0.25597614,-0.30590335,-0.27919227,-0.19503793,-0.19669908,-0.2851582,-0.31692833,-0.28113776,-0.19211999,-0.19303012,-0.26814923,-0.3272691,-0.27553105,-0.19738868,-0.19432628,-0.20411447,-0.2619294,-0.25535867,-0.12726006,-0.055798016,-0.256234,-0.2358737,-0.26509443,-0.18761776,-0.1936691,-0.25787827,-0.25678867,-0.25395525,-0.12509845,-0.05524911,-0.2579773,-0.2849008,-0.31877366,-0.26631242,-0.25842595,-0.23294209,-0.19459927,-0.26890022,-0.1892997,-0.19713122,-0.20658675,-0.20658675,-0.2599883,-0.1912705,-0.19394308,-0.2543739,-0.31196946,-0.26016843,-0.18988521,-0.19346048
k__Bacteria|p__Firmicutes|c__Bacilli|o__Lactobacillales|f__unclassified|g__unclassified|s__unclassified,-0.2657439,-0.31904158,-0.2826114,-0.19433114,-0.18958278,-0.26084876,-0.2832986,-0.2616385,-0.12452831,-0.055598162,-0.19440371,-0.32539368,-0.27786022,-0.20014438,-0.19686791,-0.25830314,-0.27211326,-0.27220798,-0.124489054,-0.055694982,-0.26184985,-0.26987916,-0.26656663,-0.1252504,-0.055928938,-0.25747436,-0.27652597,-0.2698292,-0.12432198,-0.055756368,-0.23875734,-0.32284898,-0.27804935,-0.19506486,-0.1935271,-0.26288334,-0.27543604,-0.26843065,-0.1235356,-0.05548791,-0.25632203,-0.30590335,-0.27963316,-0.19561276,-0.19725913,-0.2851582,-0.31692833,-0.2820494,-0.19311418,-0.19360991,-0.26828307,-0.3272691,-0.27641726,-0.19805363,-0.19490686,-0.20411447,-0.2629897,-0.256321,-0.12766026,-0.056066073,-0.256234,-0.2358737,-0.2660097,-0.18852128,-0.19428474,-0.25865316,-0.25765508,-0.25500017,-0.1256808,-0.05552713,-0.2587578,-0.28521532,-0.31877366,-0.2675376,-0.25933224,-0.2343818,-0.19459927,-0.26959804,-0.19020066,-0.19764216,-0.20658675,-0.20658675,-0.26080474,-0.19213194,-0.19454256,-0.2551897,-0.31196946,-0.26136205,-0.19068544,-0.19419685
k__Bacteria|p__Firmicutes|c__Bacilli|o__Lactobacillales|f__Leuconostocaceae|g__Leuconostoc|s__unclassified,-0.26520073,-0.31904158,-0.28282005,-0.19399652,-0.18908118,-0.26072204,-0.2838006,-0.26132601,-0.124134734,-0.055488966,-0.19440371,-0.32539368,-0.27778655,-0.19999059,-0.19671267,-0.25785786,-0.27202946,-0.27234536,-0.12414418,-0.05550792,-0.26184985,-0.26937935,-0.26617208,-0.12500016,-0.055740558,-0.25696394,-0.27646548,-0.269576,-0.12394224,-0.05561457,-0.23875734,-0.32284898,-0.27809313,-0.19474906,-0.1932733,-0.26261184,-0.2751409,-0.26815826,-0.12305849,-0.055304535,-0.25528023,-0.30590335,-0.27919483,-0.1950371,-0.19717324,-0.2851582,-0.31692833,-0.28257066,-0.19295663,-0.19329199,-0.26771876,-0.3272691,-0.27639288,-0.19761017,-0.19469807,-0.20411447,-0.26285428,-0.256048,-0.12760583,-0.055990946,-0.256234,-0.2358737,-0.26545736,-0.18776391,-0.19395441,-0.2583944,-0.25705016,-0.25415057,-0.12536913,-0.055396162,-0.2584019,-0.28553116,-0.31877366,-0.2670213,-0.25874552,-0.23401803,-0.19459927,-0.26926714,-0.18961585,-0.19747189,-0.20658675,-0.20658675,-0.26005268,-0.19160232,-0.1942696,-0.25472805,-0.31196946,-0.26076525,-0.18991175,-0.19401523
k__Bacteria|p__Firmicutes|c__Clostridia|o__Clostridiales|f__Lachnospiraceae|g__Blautia|s__obeum,-0.26367885,-0.31904158,-0.2771992,-0.19284979,-0.18568134,-0.25725776,-0.28327984,-0.2577722,-0.121512845,-0.054489512,-0.19440371,-0.32539368,-0.27243015,-0.19913024,-0.1938025,-0.25367165,-0.2693583,-0.2695181,-0.121660694,-0.054489106,-0.26184985,-0.2672183,-0.26213342,-0.12282281,-0.054597013,-0.25305033,-0.27374917,-0.26687247,-0.12150043,-0.054526914,-0.23875734,-0.32284898,-0.27282465,-0.19361638,-0.19047181,-0.25935104,-0.27281928,-0.26485413,-0.12004249,-0.054138508,-0.25329998,-0.30590335,-0.27394143,-0.19270436,-0.19443631,-0.2851582,-0.31692833,-0.27860323,-0.1918462,-0.19058487,-0.26624405,-0.3272691,-0.27358004,-0.19603878,-0.19191383,-0.20411447,-0.26099944,-0.25234628,-0.1257757,-0.055167772,-0.256234,-0.2358737,-0.2620889,-0.18324755,-0.19070292,-0.25384277,-0.25330427,-0.24893185,-0.12313543,-0.05450474,-0.25445446,-0.28749985,-0.31877366,-0.26088867,-0.25545323,-0.22210962,-0.19459927,-0.26655912,-0.1854073,-0.19493169,-0.20658675,-0.20658675,-0.25655186,-0.18673769,-0.1911591,-0.24971902,-0.31196946,-0.25699076,-0.18613419,-0.1907427
k__Bacteria|p__Firmicutes|c__Clostridia|o__Clostridiales|f__Lachnospiraceae|g__Coprococcus|s__eutactus,-0.25990975,-0.31904158,-0.2817062,-0.19333018,-0.18735912,-0.25865978,-0.2871316,-0.26119033,-0.1239095,-0.05536265,-0.19440371,-0.32539368,-0.2778566,-0.2000342,-0.19608991,-0.2560141,-0.27273166,-0.27360684,-0.12395473,-0.05516196,-0.26184985,-0.26830655,-0.26563284,-0.12474748,-0.055348985,-0.25442111,-0.2772243,-0.26929682,-0.123395585,-0.055424772,-0.23875734,-0.32284898,-0.27799845,-0.19465634,-0.19222964,-0.26096177,-0.27476713,-0.26800907,-0.12238486,-0.05508596,-0.24863155,-0.30590335,-0.27607283,-0.19384691,-0.19677392,-0.2851582,-0.31692833,-0.28408802,-0.19336872,-0.19235283,-0.26266044,-0.3272691,-0.2758822,-0.19779564,-0.19374582,-0.20411447,-0.26502097,-0.25563946,-0.12801486,-0.055931423,-0.256234,-0.2358737,-0.2659406,-0.18697953,-0.1929951,-0.2563218,-0.25574327,-0.2530381,-0.12572189,-0.055347316,-0.25790393,-0.28637832,-0.31877366,-0.26539397,-0.25755358,-0.23388007,-0.19459927,-0.2699939,-0.18908511,-0.1971223,-0.20658675,-0.20658675,-0.26019698,-0.19171076,-0.19356024,-0.2522344,-0.31196946,-0.26046538,-0.18938549,-0.19376436
k__Bacteria|p__Firmicutes|c__Bacilli|o__Lactobacillales|f__Lactobacillaceae|g__unclassified|s__unclassified,-0.26501322,-0.31904158,-0.28226432,-0.19422074,-0.18936469,-0.26049918,-0.28370035,-0.26169908,-0.12427443,-0.055563807,-0.19440371,-0.32539368,-0.2774346,-0.20010659,-0.19687319,-0.2578889,-0.27196026,-0.27239978,-0.12422797,-0.05566416,-0.26184985,-0.26957595,-0.26636016,-0.12501001,-0.055820912,-0.25701874,-0.2763231,-0.26988053,-0.12409577,-0.05574651,-0.23875734,-0.32284898,-0.2778088,-0.1949589,-0.19354045,-0.26247686,-0.27509844,-0.2685403,-0.12320898,-0.055447433,-0.25512213,-0.30590335,-0.27886826,-0.19530097,-0.19721918,-0.2851582,-0.31692833,-0.28237942,-0.19320537,-0.19357958,-0.26758963,-0.3272691,-0.27623636,-0.19795191,-0.19477212,-0.20411447,-0.2629844,-0.25634384,-0.1276076,-0.055998277,-0.256234,-0.2358737,-0.26573664,-0.18807276,-0.19406888,-0.25839138,-0.2572998,-0.25466892,-0.12541145,-0.05551707,-0.25814188,-0.28555432,-0.31877366,-0.2667429,-0.25935522,-0.23426588,-0.19459927,-0.269148,-0.18961725,-0.19763927,-0.20658675,-0.20658675,-0.26051444,-0.19170079,-0.1945411,-0.25474155,-0.31196946,-0.26098722,-0.19032337,-0.19409561
k__Bacteria|p__Firmicutes|c__Erysipelotrichi|o__Erysipelotrichales|f__Erysipelotrichaceae|g__[Eubacterium]|s__biforme,-0.26073802,-0.31904158,-0.28025877,-0.19234312,-0.18627383,-0.25769085,-0.28316528,-0.2589215,-0.12277044,-0.055050533,-0.19440371,-0.32539368,-0.2757161,-0.1996285,-0.19504572,-0.25478852,-0.27047625,-0.27115735,-0.12286483,-0.05486458,-0.26184985,-0.2669525,-0.26360717,-0.12365006,-0.055077065,-0.25361812,-0.2750253,-0.2672217,-0.122504145,-0.05515452,-0.23875734,-0.32284898,-0.27621692,-0.19362023,-0.19120559,-0.26012412,-0.27276692,-0.2657913,-0.121564485,-0.054808125,-0.2498259,-0.30590335,-0.275021,-0.19285825,-0.19499709,-0.2851582,-0.31692833,-0.28182358,-0.19208944,-0.19116034,-0.26361752,-0.3272691,-0.27385667,-0.19641042,-0.19278625,-0.20411447,-0.26130882,-0.25333062,-0.1266284,-0.055524893,-0.256234,-0.2358737,-0.2626317,-0.18511625,-0.19162907,-0.25550777,-0.2543139,-0.2510417,-0.12418997,-0.054842256,-0.25531873,-0.2842505,-0.31877366,-0.2634495,-0.2563157,-0.23123008,-0.19459927,-0.26770586,-0.18773586,-0.19616935,-0.20658675,-0.20658675,-0.25775078,-0.1902237,-0.19259124,-0.25129348,-0.31196946,-0.2581805,-0.18773729,-0.19238056
k__Bacteria|p__Firmicutes|c__Clostridia|o__Clostridiales|f__Veillonellaceae|g__Dialister|s__invisus,-0.26383904,-0.31904158,-0.28097424,-0.19341299,-0.1885146,-0.25979877,-0.28227717,-0.2603101,-0.123654276,-0.055365004,-0.19440371,-0.32539368,-0.27586967,-0.1995433,-0.19610432,-0.2570004,-0.27080044,-0.2712046,-0.12366474,-0.055375803,-0.26184985,-0.2685783,-0.26532423,-0.12450594,-0.055583745,-0.2561572,-0.27523804,-0.2682376,-0.12350871,-0.055538643,-0.23875734,-0.32284898,-0.2763618,-0.19415966,-0.1927492,-0.26186526,-0.27384427,-0.2669683,-0.122629724,-0.055194393,-0.254175,-0.30590335,-0.2773951,-0.194402,-0.19648731,-0.2851582,-0.31692833,-0.28070354,-0.19237742,-0.19270113,-0.2663536,-0.3272691,-0.27460834,-0.19697326,-0.19417036,-0.20411447,-0.26218337,-0.25550032,-0.12720375,-0.055844627,-0.256234,-0.2358737,-0.26444474,-0.18699569,-0.19344437,-0.25790203,-0.25654364,-0.25328085,-0.12476089,-0.055214643,-0.25717098,-0.28372326,-0.31877366,-0.2653697,-0.2582997,-0.23468825,-0.19459927,-0.26899952,-0.18881539,-0.1970393,-0.20658675,-0.20658675,-0.25938618,-0.19092032,-0.19381285,-0.254098,-0.31196946,-0.25974682,-0.18920358,-0.1935068
k__Bacteria|p__Firmicutes|c__Clostridia|o__Clostridiales|f__Veillonellaceae|g__Phascolarctobacterium|s__unclassified,-0.2644208,-0.31904158,-0.2815717,-0.19485974,-0.190258,-0.26004604,-0.2851352,-0.26221183,-0.12499246,-0.055832773,-0.19440371,-0.32539368,-0.2775908,-0.20130882,-0.19826248,-0.25841367,-0.27359158,-0.27280056,-0.12481412,-0.056046538,-0.26184985,-0.27150595,-0.26793987,-0.12565352,-0.0561213,-0.25742674,-0.27835953,-0.27030054,-0.12476631,-0.056217827,-0.23875734,-0.32284898,-0.27755836,-0.19602719,-0.19422558,-0.2628044,-0.27704713,-0.26909068,-0.12417526,-0.0559047,-0.25514805,-0.30590335,-0.27926707,-0.1967447,-0.19820422,-0.2851582,-0.31692833,-0.2809551,-0.19362056,-0.19470993,-0.26712093,-0.3272691,-0.2754336,-0.19920583,-0.1961092,-0.20411447,-0.26502103,-0.25683534,-0.12832634,-0.05637573,-0.256234,-0.2358737,-0.2673751,-0.1885711,-0.19544026,-0.25874156,-0.2593552,-0.25609732,-0.12615521,-0.055732235,-0.25863045,-0.28631514,-0.31877366,-0.26691806,-0.26084673,-0.23629689,-0.19459927,-0.27131683,-0.19059178,-0.19926374,-0.20658675,-0.20658675,-0.26257658,-0.19270584,-0.19577023,-0.25532004,-0.31196946,-0.26216757,-0.19139689,-0.19513837
k__Bacteria|p__Firmicutes|c__Bacilli|o__Lactobacillales|f__Lactobacillaceae|g__Pediococcus|s__unclassified,-0.26167834,-0.31904158,-0.28253406,-0.19248639,-0.18717663,-0.2590869,-0.28238165,-0.25844246,-0.123112075,-0.05490477,-0.19440371,-0.32539368,-0.27548486,-0.19897497,-0.19483384,-0.25578398,-0.26966658,-0.2703121,-0.12348345,-0.054961417,-0.26184985,-0.26666814,-0.26377988,-0.12413202,-0.0552539,-0.25482795,-0.2746555,-0.26686293,-0.12301043,-0.05510269,-0.23875734,-0.32284898,-0.27703065,-0.19313774,-0.19114555,-0.26030397,-0.2727854,-0.26532465,-0.12235449,-0.054727867,-0.25139585,-0.30590335,-0.27908438,-0.19371644,-0.19569956,-0.2851582,-0.31692833,-0.2822944,-0.19173332,-0.19124144,-0.26349306,-0.3272691,-0.27464613,-0.1963343,-0.19302703,-0.20411447,-0.2589104,-0.25313082,-0.12680909,-0.05554054,-0.256234,-0.2358737,-0.26243845,-0.18621263,-0.1926204,-0.25754052,-0.25446677,-0.25043306,-0.12460241,-0.05475042,-0.25711006,-0.2816098,-0.31877366,-0.26636574,-0.25648212,-0.23573133,-0.19459927,-0.26581994,-0.18797225,-0.1960578,-0.20658675,-0.20658675,-0.25529927,-0.19049153,-0.19253379,-0.2531075,-0.31196946,-0.25756168,-0.1883293,-0.19253984
k__Bacteria|p__Firmicutes|c__Bacilli|o__Lactobacillales|f__Enterococcaceae|g__unclassified|s__unclassified,-0.26554057,-0.31904158,-0.2815528,-0.19354811,-0.18883738,-0.26009285,-0.2829529,-0.2603433,-0.123842776,-0.055370472,-0.19440371,-0.32539368,-0.27665043,-0.19984943,-0.19664064,-0.25761613,-0.2714128,-0.27113226,-0.12372915,-0.055500776,-0.26184985,-0.26920104,-0.2657528,-0.12460569,-0.055627346,-0.25665182,-0.27600092,-0.26876056,-0.123655625,-0.05563552,-0.23875734,-0.32284898,-0.27693146,-0.19433069,-0.19299567,-0.26229376,-0.27494806,-0.267432,-0.122857615,-0.05529981,-0.2556839,-0.30590335,-0.27832025,-0.19489248,-0.19674776,-0.2851582,-0.31692833,-0.28105712,-0.1920897,-0.19303218,-0.26779532,-0.3272691,-0.27495244,-0.19719177,-0.19441363,-0.20411447,-0.26200134,-0.2555036,-0.12731315,-0.055842258,-0.256234,-0.2358737,-0.26466903,-0.18705626,-0.1936969,-0.25807798,-0.25684524,-0.25371718,-0.12484735,-0.05521187,-0.25798416,-0.28537476,-0.31877366,-0.26560625,-0.2584523,-0.23390281,-0.19459927,-0.2684624,-0.18907803,-0.19738898,-0.20658675,-0.20658675,-0.2596349,-0.19107673,-0.19410637,-0.25464982,-0.31196946,-0.25976956,-0.18946092,-0.19354331
k__Bacteria|p__Firmicutes|c__Erysipelotrichi|o__Erysipelotrichales|f__[Coprobacillaceae]|g__Catenibacterium|s__unclassified,-0.26597735,-0.31904158,-0.281859,-0.19477993,-0.1898426,-0.26082253,-0.2838021,-0.26188886,-0.12469879,-0.05561044,-0.19440371,-0.32539368,-0.27778113,-0.20048252,-0.19718203,-0.2585958,-0.2723695,-0.27255335,-0.12454693,-0.05577471,-0.26184985,-0.2703284,-0.26654303,-0.12519552,-0.055984728,-0.25778675,-0.27684662,-0.27039707,-0.12446504,-0.05576122,-0.23875734,-0.32284898,-0.2779257,-0.19543192,-0.19382533,-0.26321065,-0.27564427,-0.26881987,-0.12357012,-0.05554623,-0.2563271,-0.30590335,-0.27886713,-0.19593664,-0.1972627,-0.2851582,-0.31692833,-0.28173324,-0.19360511,-0.19394946,-0.26882836,-0.3272691,-0.2762926,-0.19858953,-0.19503596,-0.20411447,-0.26365143,-0.25622278,-0.1275381,-0.055992197,-0.256234,-0.2358737,-0.2662923,-0.18844867,-0.19432807,-0.258582,-0.2577414,-0.25536004,-0.12574345,-0.055549018,-0.25896013,-0.28599924,-0.31877366,-0.26687282,-0.25994694,-0.23391515,-0.19459927,-0.26953584,-0.18988353,-0.19801456,-0.20658675,-0.20658675,-0.26124054,-0.19179127,-0.19483975,-0.25521103,-0.31196946,-0.2617585,-0.19091327,-0.19432926
k__Bacteria|p__Firmicutes|c__Clostridia|o__Coriobacteriales|f__Coriobacteriaceae|g__Collinsella|s__aerofaciens,-0.2634611,-0.31904158,-0.28146315,-0.19325946,-0.1886647,-0.25950736,-0.28329405,-0.2609442,-0.12380378,-0.05547951,-0.19440371,-0.32539368,-0.2775852,-0.19930431,-0.1963133,-0.25695145,-0.27143607,-0.27205878,-0.123774566,-0.055334426,-0.26184985,-0.26795575,-0.26510295,-0.12450826,-0.05556467,-0.2557512,-0.2754119,-0.26912886,-0.12343095,-0.055488776,-0.23875734,-0.32284898,-0.2776668,-0.19420561,-0.19296905,-0.26154393,-0.273668,-0.26755774,-0.122567914,-0.055240903,-0.2532133,-0.30590335,-0.27672642,-0.19349724,-0.19639981,-0.2851582,-0.31692833,-0.2829846,-0.1926493,-0.19293508,-0.26576388,-0.3272691,-0.27568492,-0.19691844,-0.19429734,-0.20411447,-0.26228946,-0.25549167,-0.12724984,-0.05597779,-0.256234,-0.2358737,-0.2642441,-0.18699509,-0.19321841,-0.25705558,-0.2558413,-0.25352162,-0.12499647,-0.055293344,-0.25745106,-0.28492522,-0.31877366,-0.26586658,-0.25788423,-0.23261905,-0.19459927,-0.2680866,-0.18913299,-0.19722071,-0.20658675,-0.20658675,-0.25953662,-0.19106269,-0.19391356,-0.2534207,-0.31196946,-0.26022303,-0.18917556,-0.19375366
k__Bacteria|p__Firmicutes|c__Clostridia|o__Clostridiales|f__Ruminococcaceae|g__Ruminococcus|s__bromii,-0.26520702,-0.31904158,-0.28233945,-0.19459371,-0.1899796,-0.26072586,-0.28387514,-0.26203296,-0.124849185,-0.05565944,-0.19440371,-0.32539368,-0.27808917,-0.20024185,-0.19735017,-0.25846946,-0.27247745,-0.2727668,-0.12466826,-0.055824302,-0.26184985,-0.27031037,-0.26691166,-0.12541781,-0.05604287,-0.25782025,-0.2772751,-0.2702488,-0.12460677,-0.055842333,-0.23875734,-0.32284898,-0.27833825,-0.19526716,-0.19391012,-0.26319182,-0.2756006,-0.26879048,-0.123727754,-0.055591688,-0.25579166,-0.30590335,-0.27943644,-0.19623886,-0.19767363,-0.2851582,0.95677024,-0.2816511,-0.1938802,-0.19419022,-0.268524,-0.3272691,-0.27623677,-0.19866958,-0.19525215,-0.20411447,-0.26408303,-0.25623357,-0.12767799,-0.055983342,-0.256234,-0.2358737,-0.26672086,-0.18890886,-0.19472648,-0.25840786,-0.25789744,-0.2556369,-0.12595357,-0.055674225,-0.25900912,-0.28552634,-0.31877366,-0.26734695,-0.26016057,-0.23437856,-0.19459927,-0.27028894,-0.18993479,-0.19807087,-0.20658675,-0.20658675,-0.26132736,-0.19219479,-0.1950331,-0.25514638,-0.31196946,-0.26188064,-0.19110553,-0.19465894
k__Bacteria|p__Firmicutes|c__Bacilli|o__Lactobacillales|f__Lactobacillaceae|g__Lactobacillus|s__zeae,-0.26055878,0.904591,-0.27763724,-0.19066638,-0.18591902,-0.25605738,-0.27881628,-0.25675726,-0.12207863,-0.054538887,-0.19440371,-0.32539368,-0.27307603,-0.19657174,-0.19347736,-0.25346756,-0.26728833,-0.2676212,-0.12198554,-0.05460333,-0.26184985,-0.2648816,-0.26161444,-0.122806534,-0.054815136,-0.25269657,-0.27186447,-0.26498836,-0.12187104,-0.05468516,-0.23875734,0.85876685,-0.27334586,-0.19138022,-0.19003934,-0.25822252,-0.27033263,-0.26350203,-0.120982856,-0.05439616,-0.25091183,-0.30590335,-0.27421957,-0.19183923,-0.19378263,-0.2851582,-0.31692833,-0.27724513,-0.18967134,-0.19010946,-0.26339757,-0.3272691,-0.27131477,-0.19439967,-0.19141945,1.9704756,-0.25846487,-0.25142238,-0.12532826,-0.054955374,1.5942063,-0.2358737,-0.26095665,-0.18461844,-0.19069438,-0.25378662,-0.25257838,-0.24992403,-0.12317921,-0.054422457,-0.2539985,-0.28055492,-0.31877366,-0.26202756,-0.25450045,-0.22978635,-0.19459927,-0.26485643,-0.18619497,-0.19421029,-0.20658675,-0.20658675,-0.25578117,-0.1882808,-0.19102883,-0.25024244,-0.31196946,-0.25628182,-0.18678541,-0.19072695
k__Bacteria|p__Firmicutes|c__Bacilli|o__Gemellales|f__Gemellaceae|g__unclassified|s__unclassified,-0.26337802,-0.31904158,-0.27942425,-0.19318917,-0.18855421,-0.25930294,-0.28481448,-0.26070857,-0.12322703,-0.05546125,-0.19440371,-0.32539368,-0.27610457,-0.19923648,-0.19664896,-0.25676563,-0.27156067,-0.27204114,-0.12307179,-0.055375595,-0.26184985,-0.2673983,-0.26469803,-0.12408215,-0.055383474,-0.25564116,-0.27590668,-0.26890206,-0.12281743,-0.05553469,-0.23875734,-0.32284898,-0.27653033,-0.19415751,-0.19300738,-0.2613923,-0.2734381,-0.26736173,-0.12175521,-0.055225417,-0.25283927,-0.30590335,-0.27401665,-0.19351383,-0.19673109,-0.2851582,-0.31692833,-0.28188685,-0.1933738,-0.19311127,-0.26565468,-0.3272691,-0.27440476,-0.1969258,-0.19434956,-0.20411447,-0.26283488,-0.25527868,-0.12684432,-0.055820525,-0.256234,-0.2358737,-0.2637599,-0.18606192,-0.19331649,-0.2562848,-0.25539362,-0.25281805,-0.12438747,-0.055308104,-0.25762177,-0.2873578,-0.31877366,-0.26337177,-0.25832036,-0.23077163,-0.19459927,-0.2668613,-0.18795153,-0.19747016,-0.20658675,-0.20658675,-0.25849074,-0.19016215,-0.19398624,-0.25291544,-0.31196946,-0.25932088,-0.18840814,-0.19379961
k__Bacteria|p__Firmicutes|c__Clostridia|o__Clostridiales|f__Veillonellaceae|g__Veillonella|s__unclassified,-0.26136455,-0.31904158,-0.28148645,-0.19067477,-0.18308683,-0.2554924,-0.28323308,-0.25399333,-0.12096453,-0.053661972,-0.19440371,-0.32539368,-0.27391034,-0.19802882,-0.19252226,-0.25142694,-0.2677768,-0.26787886,-0.12115821,-0.053890735,-0.26184985,-0.26459116,-0.26013526,-0.12223677,-0.054111056,-0.25089014,-0.27438653,-0.26418188,-0.120983005,-0.053946435,-0.23875734,-0.32284898,-0.27543795,-0.19124499,-0.18777874,-0.25724274,-0.27172527,-0.26195374,-0.11972458,-0.053449683,-0.24895185,-0.30590335,-0.2783336,-0.19246128,-0.1934973,-0.2851582,-0.31692833,-0.28036845,-0.19057357,-0.1882847,-0.2639233,-0.3272691,-0.27273053,-0.19504485,-0.18983875,-0.20411447,-0.256395,-0.24774966,-0.12531886,-0.05425603,-0.256234,-0.2358737,-0.25913215,-0.1825231,-0.18956526,-0.25202242,-0.2493546,-0.2447083,-0.12286968,-0.053790405,-0.2544882,-0.2852634,-0.31877366,-0.26184687,-0.25252256,-0.22303383,-0.19459927,-0.262275,-0.1836264,-0.1932964,2.2369106,2.2369106,-0.2503428,-0.18662284,-0.18948367,-0.24777845,-0.31196946,-0.25265503,-0.18507326,-0.18903032
k__Bacteria|p__Firmicutes|c__Bacilli|o__Lactobacillales|f__Lactobacillaceae|g__Lactobacillus|s__unclassified,-0.2631265,0.89120615,-0.27691615,-0.19154349,-0.18660055,-0.2575978,-0.28099096,-0.25710496,-0.12193833,-0.054658808,-0.19440371,-0.32539368,-0.2722342,-0.1974649,-0.1943495,-0.25487858,-0.26850998,-0.26797175,-0.12176202,-0.054834396,-0.26184985,-0.26583064,-0.26230592,-0.122839555,-0.054843683,-0.2541898,-0.2733811,-0.26572454,-0.12177993,-0.05487525,-0.23875734,-0.32284898,-0.27302814,-0.19226074,-0.19055371,-0.25943452,-0.2717346,-0.26397055,-0.120858625,-0.054541796,-0.2536415,-0.30590335,-0.273517,-0.19292404,-0.194541,-0.2851582,-0.31692833,-0.2765491,-0.19043213,-0.1907644,-0.26563454,-0.3272691,-0.27102393,-0.19521734,-0.19237953,-0.20411447,-0.2591589,-0.2521369,-0.12534468,-0.055062473,-0.256234,-0.2358737,-0.26115483,-0.18422025,-0.1913943,-0.2549535,-0.25348806,-0.24990693,-0.122887634,-0.05436135,-0.2555831,-0.28375518,-0.31877366,-0.26111612,-0.2554679,-0.22930852,-0.19459927,-0.2646514,-0.1859982,-0.1950981,-0.20658675,-0.20658675,-0.25551328,-0.18792555,-0.19128232,-0.2514676,-0.31196946,-0.25622094,-0.18675242,-0.19116443
k__Bacteria|p__Firmicutes|c__Clostridia|o__Coriobacteriales|f__Coriobacteriaceae|g__Slackia|s__unclassified,-0.2642602,-0.31904158,-0.28181463,-0.19350363,-0.18822697,-0.2603929,-0.28395605,-0.26040578,-0.12361603,-0.055314705,-0.19440371,-0.32539368,-0.27702308,-0.19979402,-0.19653404,-0.25743598,-0.271762,-0.27191895,-0.123535246,-0.055304803,-0.26184985,-0.2689677,-0.26562113,-0.12457393,-0.055493042,-0.25666612,-0.2766035,-0.26872122,-0.123470604,-0.055471472,-0.23875734,-0.32284898,-0.27730727,-0.19432096,-0.19267884,-0.26252484,-0.27473912,-0.26719698,-0.122465745,-0.055096347,-0.25424224,-0.30590335,-0.27788475,-0.19465876,-0.19684413,-0.2851582,-0.31692833,-0.2810258,-0.1926686,-0.19275725,-0.26738256,-0.3272691,-0.27496725,-0.19711576,-0.19438294,-0.20411447,-0.26319322,-0.25534338,-0.12733908,-0.05576933,-0.256234,-0.2358737,-0.2647494,-0.18666953,-0.1934799,-0.2580066,-0.2565632,-0.25316715,-0.124800935,-0.055120066,-0.25817668,-0.28532815,-0.31877366,-0.2653076,-0.2580362,-0.23439106,-0.19459927,-0.269467,-0.18868826,-0.19715849,-0.20658675,-0.20658675,-0.25941527,-0.19082564,-0.19372222,-0.2542792,-0.31196946,-0.25980392,-0.18894893,-0.19356753
k__Bacteria|p__Firmicutes|c__Clostridia|o__Clostridiales|f__Lachnospiraceae|g__Blautia|s__producta,-0.2666819,-0.31904158,-0.2835284,-0.19507565,-0.19041368,-0.26202464,-0.284662,-0.26273128,-0.12501171,-0.05584078,-0.19440371,-0.32539368,-0.27894926,-0.20094858,-0.19784427,-0.25950605,-0.2732447,-0.2734577,-0.12495169,-0.05592283,-0.26184985,-0.27090698,-0.267602,-0.12570655,-0.056132115,-0.25864273,-0.27770627,-0.27096456,-0.124794565,-0.0560002,-0.23875734,-0.32284898,-0.2792033,-0.19580394,-0.19446395,-0.26415306,-0.27642417,-0.26952553,-0.12395458,-0.05571962,-0.25706446,-0.30590335,-0.28027126,-0.19623344,-0.19816947,-0.2851582,-0.31692833,-0.2832917,-0.19400375,-0.19453031,-0.26930994,-0.3272691,-0.27738893,-0.19878113,-0.1958088,-0.20411447,-0.26428425,-0.25748387,-0.12816343,-0.05626673,-0.256234,-0.2358737,-0.2670034,-0.18909636,-0.19515455,-0.25982058,-0.25866404,-0.25599962,-0.1261419,-0.055753045,-0.26006347,-0.28649122,-0.31877366,-0.26828334,-0.26050738,-0.23580869,-0.19459927,-0.27063173,-0.19074412,-0.19862342,-0.20658675,-0.20658675,-0.26180267,-0.19275388,-0.195497,-0.25636458,-0.31196946,-0.2623573,-0.19129086,-0.19514896
k__Bacteria|p__Firmicutes|c__Bacilli|o__Lactobacillales|f__Streptococcaceae|g__unclassified|s__unclassified,-0.26315385,-0.31904158,-0.27950752,-0.19274405,-0.18810725,-0.25922957,-0.28192514,-0.259635,-0.12327552,-0.05517157,-0.19440371,0.74274194,-0.27507925,-0.19881086,-0.19588158,-0.25673407,-0.27004084,-0.27044326,-0.12318511,-0.05529127,-0.26184985,-0.2679183,-0.26455337,-0.12402862,-0.055355668,-0.2560166,-0.2747125,-0.2678712,-0.12316197,-0.055412225,-0.23875734,-0.32284898,-0.2756773,-0.19348839,-0.19241741,-0.26154065,-0.2731383,-0.26635003,-0.122208424,-0.05505378,-0.25361833,-0.30590335,-0.27619624,-0.1938723,-0.19611129,-0.2851582,-0.31692833,-0.27961767,-0.1917782,-0.19249612,-0.26638103,-0.3272691,-0.2736209,-0.19639412,-0.19379461,-0.20411447,-0.26155323,-0.25464666,-0.12654495,-0.055474237,-0.256234,-0.2358737,-0.2637474,-0.18624094,-0.19299662,-0.25727677,-0.25579986,-0.25276393,-0.124316014,-0.05501426,-0.25729507,-0.28345835,-0.31877366,-0.26400992,-0.25775558,-0.23402224,-0.19459927,-0.26772356,-0.18780163,-0.19661514,-0.20658675,-0.20658675,-0.2586306,-0.18999267,-0.19338185,-0.2536673,-0.31196946,-0.2589048,-0.18856287,-0.19303095
k__Bacteria|p__Firmicutes|c__Clostridia|o__Clostridiales|f__Veillonellaceae|g__Selenomonas|s__unclassified,-0.26818997,-0.31904158,-0.28527734,-0.19585216,-0.19141325,-0.26361033,-0.28690672,-0.26393205,-0.12557226,-0.056048505,-0.19440371,-0.32539368,-0.2804724,-0.20196207,-0.19910929,-0.26087204,-0.274872,-0.27505192,-0.12556177,-0.0561277,-0.26184985,-0.27236998,-0.26896715,-0.12634882,-0.056317188,-0.25997412,-0.27952364,-0.27234545,-0.12537196,-0.05622472,-0.23875734,-0.32284898,-0.2808321,-0.1966054,-0.19559738,-0.2656811,-0.27815247,-0.27086332,-0.12446064,-0.055901945,-0.25822553,-0.30590335,-0.2819144,-0.19696443,-0.19957164,-0.2851582,-0.31692833,-0.28516158,-0.19494182,-0.19566275,-0.27074552,-0.3272691,-0.2790355,-0.19959849,-0.19699532,-0.20411447,-0.26580477,-0.2588181,-0.12890561,-0.05648078,-0.256234,-0.2358737,-0.26839042,-0.18955766,-0.19644085,-0.26124185,-0.25985658,-0.25685132,-0.12682635,-0.055985097,-0.26186967,-0.28871173,-0.31877366,-0.26962674,-0.2617319,-0.23679362,-0.19459927,-0.2720223,-0.19126439,-0.19988433,-0.20658675,-0.20658675,-0.2627887,-0.19339833,-0.19671321,-0.2577057,-0.31196946,-0.26344886,-0.19180174,-0.1963875
k__Bacteria|p__Firmicutes|c__Clostridia|o__Clostridiales|f__Veillonellaceae|g__Megamonas|s__unclassified,-0.26045924,-0.31904158,-0.2831456,-0.19293538,-0.18660656,-0.26071966,-0.28583393,-0.26031536,-0.122849554,-0.054807264,-0.19440371,-0.32539368,-0.2779578,-0.19797145,-0.19453469,-0.256194,-0.27110088,-0.27330428,-0.12305551,-0.05448704,-0.26184985,-0.26554018,-0.2632048,-0.123973444,-0.05497919,-0.25542897,-0.27547657,-0.26885012,-0.12256384,-0.054412805,-0.23875734,-0.32284898,-0.2783649,-0.19327942,-0.19102077,-0.26091585,-0.2724308,-0.26671013,-0.12111191,-0.054175936,-0.24914688,-0.30590335,-0.27673423,-0.19248174,-0.1957149,-0.2851582,-0.31692833,-0.28343004,-0.19355546,-0.19082625,-0.2635923,-0.3272691,-0.2764619,-0.19621119,-0.1925298,-0.20411447,-0.2627951,-0.25381666,-0.12687066,-0.055417225,-0.256234,-0.2358737,-0.26335832,-0.18561445,-0.19151264,-0.25695682,-0.25318983,-0.2505548,-0.124507405,-0.054655686,-0.25808442,-0.28400618,-0.31877366,-0.2656748,-0.25521177,-0.23410554,-0.19459927,-0.26662257,-0.18724057,-0.19485655,-0.20658675,-0.20658675,-0.25604403,-0.18935284,-0.19139758,-0.2521621,-0.31196946,-0.25910777,-0.18736494,-0.19234318
k__Bacteria|p__Firmicutes|c__Clostridia|o__Clostridiales|f__Lachnospiraceae|g__Anaerostipes|s__unclassified,-0.26518336,-0.31904158,-0.28250444,-0.19377725,-0.1889211,-0.26053017,-0.28369793,-0.26086077,-0.123868495,-0.055428065,-0.19440371,-0.32539368,-0.2773897,-0.19997993,-0.1967279,-0.25768304,-0.27174044,-0.27197725,-0.12384577,-0.05546502,-0.26184985,-0.26921463,-0.26595047,-0.12477574,-0.055655047,-0.25684285,-0.27636197,-0.26918602,-0.12369731,-0.05559901,-0.23875734,-0.32284898,-0.27778184,-0.19451348,-0.1931727,-0.26252237,-0.27490044,-0.26772058,-0.1227998,-0.05525238,-0.25524738,-0.30590335,-0.278959,-0.1948368,-0.19712022,-0.2851582,-0.31692833,-0.28216004,-0.19263943,-0.19320086,-0.2676217,-0.3272691,-0.27583545,-0.19738704,-0.1946451,-0.20411447,-0.26253268,-0.2557896,-0.12756556,-0.055949837,-0.256234,-0.2358737,-0.26498008,-0.18731579,-0.19388494,-0.25829962,-0.25679618,-0.25364435,-0.1250355,-0.05528295,-0.25832248,-0.28549287,-0.31877366,-0.26623964,-0.25855044,-0.23396407,-0.19459927,-0.2690745,-0.18916729,-0.19749805,-0.20658675,-0.20658675,-0.2596264,-0.19123544,-0.19418457,-0.2545582,-0.31196946,-0.26010543,-0.18950777,-0.19386128
k__Bacteria|p__Firmicutes|c__Clostridia|o__Clostridiales|f__Clostridiaceae|g__unclassified|s__unclassified,0.6271605,0.9069519,0.6725892,0.4577605,0.44382742,0.61304903,0.6747174,0.6149124,0.29255602,0.13017757,2.1539493,0.75617,0.6597543,0.47393686,0.46439853,0.6061331,0.64375734,0.64409006,0.29224253,0.13047856,-0.26184985,0.6377854,0.62859046,0.29450583,0.13101134,0.60397756,0.6561327,0.6376988,0.29203254,0.13067105,1.7977549,0.8599223,0.66028,0.45968568,0.45499527,0.61892694,0.65284014,0.6337284,0.28972912,0.12988944,0.6008865,1.0146612,0.66402686,0.46125674,0.46506596,1.2022742,-0.31692833,0.6709131,0.45416173,0.45514566,0.63445175,0.742485,0.6550993,0.4678674,0.4586712,-0.20411447,0.6187781,0.6004842,0.30145964,0.13138285,-0.256234,-0.2358737,0.6265328,0.4413375,0.4566716,0.6070183,0.6038852,0.5966743,0.29540902,0.12985319,0.607126,0.6806619,-0.31877366,0.6297666,0.6087687,0.54019904,2.1372232,0.636791,0.44584632,0.4663043,1.9910626,1.9910626,0.6127459,0.4512533,0.45762432,0.5974653,-0.31196946,0.6136209,0.44737732,0.45645738
k__Bacteria|p__Firmicutes|c__Clostridia|o__Clostridiales|f__Lachnospiraceae|g__Lachnobacterium|s__unclassified,-0.26470044,-0.31904158,-0.2817426,-0.19363254,-0.18891625,-0.26021963,-0.2832821,-0.2608272,-0.123915434,-0.055396087,-0.19440371,-0.32539368,-0.27667266,-0.19973157,-0.19664276,-0.25750506,-0.2714548,-0.27163923,-0.12386802,-0.055535614,-0.26184985,-0.26931378,-0.26599354,-0.12476858,-0.055652637,-0.2568214,-0.2761989,-0.2690371,-0.12380919,-0.055647235,-0.23875734,-0.32284898,-0.27719516,-0.19440606,-0.19311947,-0.2622937,-0.27482542,-0.2676406,-0.12292123,-0.055287153,-0.25513154,-0.30590335,-0.27878225,-0.19507173,-0.19709927,-0.2851582,-0.31692833,-0.28117475,-0.19260262,-0.19325188,-0.2676111,-0.3272691,-0.2753607,-0.19744545,-0.19459014,-0.20411447,-0.262528,-0.255697,-0.12735145,-0.055804018,-0.256234,-0.2358737,-0.2652446,-0.18745881,-0.1939471,-0.25811642,-0.256972,-0.25388,-0.12507595,-0.055318125,-0.25806534,-0.28503495,-0.31877366,-0.26603943,-0.25877172,-0.2339879,-0.19459927,-0.26918316,-0.1889763,-0.19734743,-0.20658675,-0.20658675,-0.2598315,-0.19120081,-0.19415557,-0.25444275,-0.31196946,-0.26012558,-0.18968903,-0.19378683
k__Bacteria|p__Firmicutes|c__Erysipelotrichi|o__Erysipelotrichales|f__[Coprobacillaceae]|g__Coprobacillus|s__unclassified,-0.2602691,-0.31904158,-0.28312817,-0.18979213,-0.18143006,-0.25340527,-0.2819322,-0.25366426,-0.121036425,-0.05297505,-0.19440371,-0.32539368,-0.2757342,-0.19623955,-0.19024754,-0.24904817,-0.26713967,-0.26773593,-0.12110549,-0.053151138,-0.26184985,-0.2647279,-0.25956702,-0.121875316,-0.053782217,-0.24813741,-0.27251118,-0.26515722,-0.12084399,-0.05290758,-0.23875734,-0.32284898,-0.27553797,-0.19017586,-0.18640965,-0.2550714,-0.272395,-0.2630335,-0.119568795,-0.052709363,-0.24766934,-0.30590335,-0.27984113,-0.19113337,-0.1913992,-0.2851582,-0.31692833,-0.2805751,-0.18727091,-0.18619564,-0.2637557,-0.3272691,-0.27518827,-0.19427493,-0.18788794,-0.20411447,-0.25517052,-0.24603517,-0.1248714,-0.05375363,-0.256234,-0.2358737,-0.26020032,-0.18202114,-0.18716612,-0.24986503,-0.24755888,-0.24444823,-0.12267735,-0.05299506,-0.24941844,-0.2841287,-0.31877366,-0.2633185,-0.24906042,-0.21578118,-0.19459927,-0.26443166,-0.18388885,-0.19105712,-0.20658675,-0.20658675,-0.25263318,-0.18571454,-0.1870866,-0.24474126,-0.31196946,-0.25410652,-0.18475206,-0.18692942
k__Bacteria|p__Firmicutes|c__Clostridia|o__Clostridiales|f__Veillonellaceae|g__Veillonella|s__parvula,0.61466444,-0.31904158,0.7050192,0.4496202,0.41381618,0.585729,0.7041841,0.5924784,0.2836725,0.12219555,-0.19440371,0.7804499,0.68186843,0.48087665,0.45332283,0.57448685,0.64725226,0.64811164,0.28249612,0.122908846,1.4512825,0.6376444,0.61999846,0.28668356,0.12404363,0.5699334,0.6708059,0.6373738,0.28239244,0.123280615,-0.23875734,0.8821903,0.6816108,0.45336246,0.4356432,0.599417,0.6657673,0.6301688,0.2784188,0.12195371,0.5645018,1.037157,0.6888627,0.45753032,0.45358115,1.3422465,1.1499583,0.7008371,0.4400919,0.43572384,0.6308905,0.7400901,0.6705631,0.46973288,0.44220814,-0.20411447,0.5979786,0.5632459,0.29960534,0.124269515,1.5826417,1.8200446,0.6157242,0.41988042,0.4378313,0.57584643,0.57132167,0.5597886,0.28820527,0.121354915,0.5727857,0.71627533,0.8850076,0.6222898,0.58023256,0.44604203,2.2353902,0.6368702,0.4288611,0.4571401,-0.20658675,-0.20658675,0.59160805,0.4389118,0.4405206,0.5579697,-0.31196946,0.59152806,0.4316005,0.4376834
k__Bacteria|p__Firmicutes|c__Erysipelotrichi|o__Erysipelotrichales|f__Erysipelotrichaceae|g__Holdemania|s__unclassified,-0.26518524,-0.31904158,-0.28228867,-0.19405842,-0.18932578,-0.26077422,-0.2836311,-0.26139933,-0.12429835,-0.055550076,-0.19440371,-0.32539368,-0.27757412,-0.20004372,-0.19695155,-0.25816837,-0.27202207,-0.27227068,-0.12425196,-0.055615596,-0.26184985,-0.26963252,-0.26636618,-0.1250582,-0.0558019,-0.25729716,-0.27653375,-0.26962504,-0.124101415,-0.0557267,-0.23875734,-0.32284898,-0.2779129,-0.1948165,-0.19350478,-0.26290867,-0.27518064,-0.2682152,-0.12323916,-0.05541393,-0.2554735,-0.30590335,-0.27888492,-0.19520171,-0.19729775,-0.2851582,-0.31692833,-0.2821063,-0.1930414,-0.19356129,-0.26789403,-0.3272691,-0.27604705,-0.19773939,-0.19490425,-0.20411447,-0.2630859,-0.25624782,-0.12758988,-0.055974066,-0.256234,-0.2358737,-0.2656588,-0.18792659,-0.19420728,-0.25862327,-0.25739062,-0.25453168,-0.12543748,-0.055446193,-0.25868225,-0.28533468,-0.31877366,-0.26681238,-0.2591779,-0.2347002,-0.19459927,-0.2695375,-0.18964592,-0.19773856,-0.20658675,-0.20658675,-0.26042834,-0.191711,-0.19455382,-0.25508094,-0.31196946,-0.26092178,-0.19012707,-0.19422716
k__Bacteria|p__Firmicutes|c__Bacilli|o__Lactobacillales|f__Streptococcaceae|g__Lactococcus|s__unclassified,-0.2638932,-0.31904158,-0.2789579,-0.19388092,-0.18701263,-0.2595629,-0.28526938,-0.25894654,-0.12284709,-0.05487142,-0.19440371,-0.32539368,-0.27287465,-0.20030956,-0.19503883,-0.25575453,-0.27107382,-0.27115214,-0.123079285,-0.054916658,-0.26184985,-0.2684458,-0.26397353,-0.124025315,-0.055093605,-0.254953,-0.27607453,-0.26725268,-0.12273349,-0.055020474,-0.23875734,-0.32284898,-0.27409375,-0.19455852,-0.19144738,-0.26131767,-0.27439153,-0.26587915,-0.12140037,-0.054582693,-0.25322264,-0.30590335,-0.27523893,-0.19462988,-0.19609743,-0.2851582,-0.31692833,-0.27955812,-0.1940746,-0.19160073,-0.26578373,-0.3272691,-0.27389288,-0.19756836,-0.1929613,-0.20411447,-0.2633844,-0.25432968,-0.12695217,-0.055452965,-0.256234,-0.2358737,-0.26414925,-0.18509552,-0.19267881,-0.25641546,-0.25535133,-0.25050437,-0.12456289,-0.055036765,-0.25739798,-0.2874852,-0.31877366,-0.26302612,-0.25780123,-0.22936463,-0.19459927,-0.26851174,-0.18659034,-0.1963153,-0.20658675,-0.20658675,-0.25723618,-0.18897678,-0.19280033,-0.25245017,-0.31196946,-0.25831777,-0.18778546,-0.19259217
k__Bacteria|p__Firmicutes|c__Clostridia|o__Clostridiales|f__Clostridiaceae|g__Clostridium|s__unclassified,0.077083275,0.9101891,0.101806745,0.05768685,0.046960857,0.0701586,0.10227988,0.07196135,0.03492251,0.014066961,-0.19440371,0.7653901,0.09642398,0.06596042,0.05784847,0.06757055,0.087243415,0.087338746,0.034558997,0.014157249,-0.26184985,0.08358895,0.07892352,0.035684247,0.014576488,0.06630049,0.09366438,0.083988175,0.03454408,0.01425969,-0.23875734,0.8748226,0.09616127,0.05862628,0.052468292,0.07382862,0.09114493,0.08172609,0.03356231,0.013986304,0.063206054,1.0339742,0.0967529,0.05940123,0.057169773,-0.2851582,1.1004746,0.100597024,0.055806838,0.05273564,0.0810116,0.7458018,0.09192251,0.062794,0.054731213,-0.20411447,0.07380499,0.06336991,0.039081573,0.014751866,-0.256234,-0.2358737,0.07710017,0.048656143,0.053235106,0.067706525,0.0663991,0.06305601,0.036030248,0.01368561,0.066912785,0.10462435,-0.31877366,0.07960042,0.06949587,0.035711247,-0.19459927,0.08216014,0.051537625,0.059013702,2.2224176,2.2224176,0.07051049,0.053977896,0.05423107,0.063090906,-0.31196946,0.07182546,0.05211906,0.05336591
k__Bacteria|p__Firmicutes|c__Bacilli|o__Turicibacterales|f__Turicibacteraceae|g__Turicibacter|s__unclassified,-0.25850117,-0.31904158,-0.2779639,-0.1896052,-0.18334839,-0.25260243,-0.28195482,-0.25584394,-0.121334836,-0.053803414,-0.19440371,-0.32539368,-0.2732708,-0.19670936,-0.19296628,-0.2502445,-0.26812208,-0.26795337,-0.120822355,-0.054152973,-0.26184985,-0.2665196,-0.2618848,-0.121893555,-0.054153312,-0.24942239,-0.27349538,-0.2657496,-0.12116422,-0.054187775,-0.23875734,-0.32284898,-0.2730761,-0.19086349,-0.18869473,-0.2558615,-0.2726395,-0.26421738,-0.12005395,-0.053862937,-0.24737713,-0.30590335,-0.27486247,-0.19210036,-0.19288577,-0.2851582,-0.31692833,-0.27669373,-0.18709747,-0.1889318,-0.26366,-0.3272691,-0.27125484,-0.19490083,-0.19022247,-0.20411447,-0.2592533,-0.24911194,-0.1252149,-0.05418715,-0.256234,-0.2358737,-0.26221073,-0.18259196,-0.1887816,-0.25051668,-0.2511251,-0.24874938,-0.122442424,-0.05367276,-0.24969205,-0.28430837,-0.31877366,-0.25936633,-0.25233066,-0.22182217,-0.19459927,-0.26744926,-0.18417332,-0.19346532,-0.20658675,-0.20658675,-0.25767192,-0.186643,-0.18937497,-0.24601272,-0.31196946,-0.25546175,-0.1859006,-0.18882905
k__Bacteria|p__Firmicutes|c__Clostridia|o__Clostridiales|f__Veillonellaceae|g__Veillonella|s__dispar,0.86717606,1.594845,0.97969556,0.6335305,0.58862734,0.83123755,0.98258454,0.83734345,0.39968562,0.17364788,2.3259678,0.77719,0.9487341,0.6736881,0.639429,0.81552756,0.90814173,0.90843767,0.39857316,0.17450327,1.4674431,0.8947546,0.8723132,0.40434247,0.17575213,0.8099917,0.9384495,0.8938018,0.3983208,0.1750677,2.1366196,1.1405115,0.94930744,0.6384392,0.61631584,0.84707963,0.9314696,0.8845388,0.39306557,0.17316374,0.8033966,1.0910268,0.95912933,0.6432719,0.6404415,1.5455468,1.483774,0.97439367,0.6224939,0.6165885,0.8862963,0.7662538,0.9359838,0.6585737,0.62536234,-0.20411447,0.84577334,0.80146956,0.42125523,0.17654803,1.604664,2.0321345,0.86654365,0.59393185,0.61997354,0.8178768,0.811286,0.7942055,0.4060569,0.17260203,0.8154298,0.99777234,0.9667018,0.8740723,0.8221445,0.6534638,2.2327585,0.8929452,0.60587025,0.6441436,-0.20658675,-0.20658675,0.8343096,0.61874413,0.622622,0.79468197,0.39828205,0.8349279,0.60894793,0.6194007
k__Bacteria|p__Firmicutes|c__Clostridia|o__Coriobacteriales|f__Coriobacteriaceae|g__unclassified|s__unclassified,-0.27032793,-0.31904158,-0.28719002,-0.20428601,-0.18713418,-0.26552397,-0.2885527,-0.26622736,-0.1270155,-0.05700785,-0.19440371,-0.32539368,-0.28251836,-0.21067283,-0.19425617,-0.26287094,-0.27690357,-0.2770853,-0.12694582,-0.05709035,-0.26184985,-0.27452716,-0.27115303,-0.12773596,-0.057298645,-0.26202452,-0.28143945,-0.27448148,-0.1268012,-0.057170726,-0.23875734,-0.32284898,-0.2827405,-0.20509456,-0.19102633,-0.26762757,-0.28014326,-0.27308804,-0.12590902,-0.056878343,-0.260575,-0.30590335,-0.28383732,-0.20554276,-0.19462165,-0.2851582,-0.31692833,-0.28686202,-0.20314802,-0.19103724,-0.27290398,-0.3272691,-0.280989,-0.20832549,-0.19226643,-0.20411447,-0.2680015,-0.26103643,-0.1303119,-0.057446152,-0.256234,-0.2358737,-0.27062666,-0.1978662,-0.19171032,-0.26317415,-0.26208445,-0.2593443,-0.12817805,-0.056923367,-0.26353657,-0.29057372,-0.31877366,-0.27160513,-0.2639376,-0.238701,-0.19459927,-0.27440396,-0.19962224,-0.19496474,-0.20658675,-0.20658675,-0.26538575,-0.20185629,-0.19200197,-0.25962755,-0.31196946,-0.26579112,-0.20024133,-0.19167936
k__Bacteria|p__Firmicutes|c__Clostridia|o__Coriobacteriales|f__Coriobacteriaceae|g__Eggerthella|s__lenta,-0.26116946,0.9131229,-0.28013974,-0.19063954,-0.18585841,-0.25723326,-0.27907735,-0.25721073,-0.12206893,-0.054645464,-0.19440371,-0.32539368,-0.2744734,-0.19698302,-0.19365212,-0.25382632,-0.267889,-0.26853934,-0.12206189,-0.054551523,-0.26184985,-0.2651271,-0.26242572,-0.12299517,-0.0548727,-0.25307965,-0.27233037,-0.26537573,-0.12188597,-0.054709174,-0.23875734,-0.32284898,-0.27478358,-0.19141394,-0.19026995,-0.25885457,-0.2709061,-0.26415455,-0.12108177,-0.05440163,-0.25146604,-0.30590335,-0.27572444,-0.19169153,-0.19402918,-0.2851582,0.93264526,-0.2788149,-0.18931565,-0.1898697,-0.26387167,-0.3272691,-0.2725426,-0.19431475,-0.19177774,-0.20411447,-0.25796002,-0.25210112,-0.12575507,-0.055123836,-0.256234,-0.2358737,-0.26099116,-0.18469897,-0.19085802,-0.25508654,-0.2528596,-0.24983451,-0.122949935,-0.05426219,-0.25322044,-0.28047597,-0.31877366,-0.26315445,-0.254184,-0.23070249,-0.19459927,-0.26649553,-0.18700427,-0.19440663,-0.20658675,-0.20658675,-0.25613964,-0.1892225,-0.19102588,-0.25072038,-0.31196946,-0.2565531,-0.18666278,-0.19103236
k__Bacteria|p__Firmicutes|c__Bacilli|o__Lactobacillales|f__Carnobacteriaceae|g__Granulicatella|s__unclassified,0.4896537,0.89777225,0.59850407,0.3566173,0.3096062,0.45126694,0.59402704,0.45957893,0.22188061,0.091985464,-0.19440371,0.74786085,0.57017183,0.39490062,0.35751534,0.43832016,0.5263654,0.52652466,0.22012633,0.09310828,-0.26184985,0.516214,0.49445647,0.22525147,0.09446287,0.43287432,0.5553316,0.51487374,0.22030947,0.09351446,1.7644602,0.85413176,0.56932044,0.3610993,0.335971,0.46864867,0.5503004,0.5062517,0.21577603,0.09193617,0.42920125,1.0211403,0.5803953,0.3674268,0.35741514,1.2012839,0.9306689,0.5913371,0.34328425,0.33602554,0.5095768,0.7395571,0.5553212,0.38145334,0.34381595,-0.20411447,0.46497634,0.42405057,0.240934,0.09445883,1.582974,-0.2358737,0.4887007,0.32161087,0.338572,0.4397424,0.43468618,0.42131248,0.22684446,0.09085515,0.4352253,0.61051166,-0.31877366,0.4971724,0.4450181,0.2799251,2.138333,0.51480585,0.33247125,0.3619457,-0.20658675,-0.20658675,0.46030903,0.3446032,0.3417923,0.4183784,-0.31196946,0.4588476,0.33588356,0.3378068
k__Bacteria|p__Firmicutes|c__Bacilli|o__Lactobacillales|f__Streptococcaceae|g__Streptococcus|s__unclassified,0.5946405,0.9183821,0.6914604,0.43452156,0.39462483,0.5630883,0.69349635,0.5694574,0.27242932,0.11678098,-0.19440371,0.747238,0.6644534,0.4701925,0.43923402,0.5506959,0.6302236,0.6298032,0.2710387,0.117879584,1.4603223,0.621003,0.60171545,0.27635813,0.11852955,0.5462513,0.65725297,0.6177782,0.2714972,0.11860882,-0.23875734,0.8633806,0.6651771,0.4390146,0.41889077,0.5781877,0.651495,0.6104163,0.2671547,0.11671245,0.54048145,1.0208712,0.6756531,0.44476742,0.43962848,1.2099644,0.93429595,0.6851342,0.42390233,0.4194008,0.6125692,0.760658,0.6522809,0.45685035,0.42675883,-0.20411447,0.57731485,0.5396607,0.29148304,0.11904387,1.5852969,-0.2358737,0.5957736,0.40120763,0.42216238,0.55342656,0.5490587,0.53398645,0.277307,0.1158192,0.5493569,0.7066952,0.90399754,0.59946704,0.55794084,0.4145733,-0.19459927,0.6204968,0.41083854,0.4430039,2.2655404,2.2655404,0.56941926,0.42279857,0.42456216,0.5335709,0.38967985,0.5668113,0.41437945,0.42100132
k__Bacteria|p__Firmicutes|c__Clostridia|o__Clostridiales|f__Ruminococcaceae|g__unclassified|s__unclassified,-0.19294506,-0.31904158,-0.19312291,-0.14305927,-0.14544532,-0.19662926,-0.19702333,-0.19598278,-0.092040986,-0.042467684,-0.19440371,0.794098,-0.19127956,-0.14215374,-0.14495587,-0.19480872,-0.19515303,-0.19599715,-0.092684105,-0.042253915,-0.26184985,-0.19373633,-0.19414702,-0.09268453,-0.042292833,-0.1949499,-0.19462013,-0.19397709,-0.092340685,-0.04228848,-0.23875734,0.862805,-0.19228674,-0.14288186,-0.14513315,-0.19426358,-0.1937761,-0.19424343,-0.091884956,-0.042149507,-0.1922745,-0.30590335,-0.1925493,-0.14161834,-0.14628428,-0.2851582,0.93594396,-0.1942253,-0.14561303,-0.1452151,-0.19082716,0.7741387,-0.19423322,-0.14220749,-0.14528844,-0.20411447,-0.19797462,-0.19726194,-0.09318017,-0.042808004,-0.256234,-0.2358737,-0.19515938,-0.14182231,-0.14594252,-0.1960195,-0.19546616,-0.19363667,-0.09304391,-0.042895593,-0.19675758,-0.19468634,0.8602774,-0.19458209,-0.19614771,-0.20084551,-0.19459927,-0.1938276,-0.14109407,-0.14509265,-0.20658675,-0.20658675,-0.19305445,-0.14128825,-0.1454741,-0.19528553,0.45337227,-0.19480589,-0.14156264,-0.14591947
k__Bacteria|p__Firmicutes|c__Clostridia|o__Coriobacteriales|f__Coriobacteriaceae|g__Collinsella|s__unclassified,-0.26398864,-0.31904158,-0.27990255,-0.19276935,-0.18829945,-0.25883842,-0.2807656,-0.2595045,-0.12356477,-0.055177405,-0.19440371,-0.32539368,-0.2752822,-0.19848534,-0.19544123,-0.25644165,-0.2698127,-0.26978484,-0.12348983,-0.05531369,1.4624374,-0.2677365,-0.26439863,-0.12422176,-0.05551083,-0.255622,-0.27419716,-0.267567,-0.123363584,-0.055369087,-0.23875734,-0.32284898,-0.27550507,-0.19345969,-0.19213225,-0.2608999,-0.27315426,-0.2662049,-0.122585736,-0.055100955,-0.2546904,-0.30590335,-0.27709946,-0.19409129,-0.19574696,-0.2851582,-0.31692833,-0.27938056,-0.19158117,-0.19223681,-0.2663589,0.78870976,-0.27384615,-0.19642092,-0.1934249,-0.20411447,-0.26089224,-0.2544101,-0.12659827,-0.055611506,-0.256234,-0.2358737,-0.26381654,-0.18701634,-0.1928728,-0.2566811,-0.2557268,-0.2531312,-0.12464911,-0.055127464,-0.2569699,-0.2829337,-0.31877366,-0.26512355,-0.25750715,-0.23290762,-0.19459927,-0.26713687,-0.18856107,-0.19617967,-0.20658675,-0.20658675,-0.25872093,-0.19049314,-0.19317667,-0.25341803,-0.31196946,-0.2591831,-0.18918908,-0.19272184
k__Bacteria|p__Firmicutes|c__Clostridia|o__Clostridiales|f__Ruminococcaceae|g__Faecalibacterium|s__prausnitzii,-0.26057607,-0.31904158,-0.27541417,-0.19035816,-0.18626407,-0.25606203,-0.27685308,-0.25662515,-0.121842176,-0.05457619,-0.19440371,0.78681827,-0.27059543,-0.19586179,-0.1932327,-0.25359455,-0.2661212,-0.2662168,-0.121822566,-0.054762617,-0.26184985,-0.26442772,-0.26124594,-0.1226017,-0.05482405,-0.2529662,-0.2703218,-0.26412258,-0.1218019,-0.05484482,-0.23875734,-0.32284898,-0.2711374,-0.19102865,-0.1900788,-0.25781816,-0.2694077,-0.26288027,-0.1209919,-0.054512084,-0.2518111,-0.30590335,-0.2730295,-0.191618,-0.19361046,-0.2851582,-0.31692833,-0.2750202,-0.18924594,-0.19017947,-0.2629674,-0.3272691,-0.26981568,-0.19372164,-0.19130713,-0.20411447,-0.25786662,-0.25206625,-0.124988794,-0.05496182,-0.256234,-0.2358737,-0.26055276,-0.18460654,-0.19073708,-0.25425732,-0.25318074,-0.25030783,-0.122888036,-0.054541357,-0.25401443,-0.27879614,0.85197276,-0.26122817,-0.254857,-0.2321677,-0.19459927,-0.26371977,-0.1859502,-0.19386464,-0.20658675,-0.20658675,-0.2556705,-0.18788512,-0.19101036,-0.25089347,0.44138962,-0.2558491,-0.18672816,-0.19050151
k__Bacteria|p__Firmicutes|c__Clostridia|o__Clostridiales|f__Lachnospiraceae|g__Dorea|s__unclassified,-0.25846004,-0.31904158,-0.2728898,-0.18918233,-0.18608764,-0.25516838,-0.27395236,-0.25604266,-0.12152494,-0.054545477,-0.19440371,0.7662463,-0.26935604,-0.19357815,-0.19207665,-0.2528423,-0.2644353,-0.26495886,-0.121494696,-0.05449059,-0.26184985,-0.26170266,-0.2592798,-0.12210998,-0.054749608,-0.25209832,-0.26782164,-0.26261115,-0.12127602,-0.054512717,-0.23875734,1.0639504,-0.26945105,-0.18975061,-0.18937121,-0.25652894,-0.26639855,-0.26132804,-0.12049894,-0.054343406,-0.25029042,-0.30590335,-0.26938874,-0.18975212,-0.1924036,-0.2851582,-0.31692833,-0.2730739,-0.18879189,-0.18940987,-0.2605632,0.74035645,-0.26800844,-0.19210702,-0.19044915,-0.20411447,-0.25735706,-0.2513407,-0.124096096,-0.05492777,-0.256234,-0.2358737,-0.25903708,-0.18436484,-0.18974388,-0.2528384,-0.25184602,-0.25012535,-0.122562185,-0.054499865,-0.25343704,-0.27522182,0.8508245,-0.26041242,-0.25351655,-0.23317659,-0.19459927,-0.2616686,-0.18564576,-0.19262049,-0.20658675,-0.20658675,-0.25466397,-0.1871844,-0.19006827,-0.24999169,-0.31196946,-0.25564343,-0.18599619,-0.19003837
k__Bacteria|p__Firmicutes|c__Clostridia|o__Clostridiales|f__Ruminococcaceae|g__Ruminococcus|s__unclassified,-0.21657796,-0.31904158,-0.22246179,-0.1608775,-0.16078869,-0.21840692,-0.22878125,-0.21910442,-0.10348199,-0.04715194,-0.19440371,0.7414894,-0.22092587,-0.16313672,-0.16406026,-0.21737707,-0.22285949,-0.22316954,-0.10364489,-0.047257688,-0.26184985,-0.22143385,-0.22036083,-0.10397494,-0.047015775,-0.21732056,-0.22490603,-0.22121757,-0.10359341,-0.047367007,-0.23875734,-0.32284898,-0.22229093,-0.16150829,-0.16246553,-0.21895437,-0.22322203,-0.22080454,-0.10312966,-0.04712505,-0.21343778,-0.30590335,-0.22112945,-0.16153839,-0.16445178,1.2076045,1.309148,-0.22395693,-0.16232872,-0.16291234,-0.21847047,0.9103081,-0.22179063,-0.16264497,-0.16343856,-0.20411447,-0.22136289,-0.21724033,-0.104607,-0.047069214,-0.256234,-0.2358737,-0.22063039,-0.15773118,-0.16325535,-0.21790057,-0.21806328,-0.21591237,-0.10429086,-0.047240917,-0.21824811,-0.22755155,0.8790683,-0.21839339,-0.21938147,-0.21214932,-0.19459927,-0.22155118,-0.1578419,-0.16456115,-0.20658675,-0.20658675,-0.21770772,-0.15931498,-0.16317947,-0.21629524,0.4923082,-0.21836883,-0.1589518,-0.16340317
k__Bacteria|p__Firmicutes|c__Clostridia|o__Clostridiales|f__unclassified|g__unclassified|s__unclassified,0.41309106,0.9233239,0.56476045,0.30271202,0.23524982,0.36272597,0.55894756,0.37684238,0.18379107,0.071107656,-0.19440371,0.7816546,0.52761996,0.35501394,0.30097532,0.3459282,0.46714377,0.4682347,0.18121481,0.07249047,-0.26184985,0.4530822,0.42401537,0.18813369,0.07429406,0.33814102,0.5060473,0.45226514,0.18149582,0.073153704,-0.23875734,1.0157242,0.52616197,0.309239,0.27184793,0.38744134,0.49905956,0.44070542,0.17543298,0.07106606,0.33062568,1.1189874,0.5386101,0.3173244,0.30026758,1.20267,0.939592,0.55659616,0.28427806,0.27182275,0.44222707,0.85877746,0.50661254,0.3370192,0.28251526,-0.20411447,0.38367942,0.32733613,0.2092773,0.07425034,-0.256234,-0.2358737,0.41610038,0.25538266,0.27450356,0.34793273,0.34202603,0.32492527,0.19025302,0.069371775,0.33945873,0.5803396,0.8648951,0.42695177,0.35595536,0.13049173,-0.19459927,0.45299006,0.27066445,0.30725193,-0.20658675,-0.20658675,0.37890196,0.28718138,0.27954182,0.31856456,0.46423167,0.37622106,0.27500814,0.27432942
k__Bacteria|p__Firmicutes|c__Clostridia|o__Coriobacteriales|f__unclassified|g__unclassified|s__unclassified,0.0078005493,0.97144336,0.057525687,0.005401203,-0.018550701,-0.010722034,0.053017393,-0.0057731047,-0.0003506347,-0.004730426,-0.19440371,0.78813493,0.045092396,0.022639643,0.0026369179,-0.015692256,0.02411738,0.023900136,-0.001261316,-0.0041437373,-0.26184985,0.020831853,0.010740787,0.0008980091,-0.0034018261,-0.018247686,0.037062302,0.019455828,-0.0011277392,-0.0039909612,-0.23875734,-0.32284898,0.04417134,0.007463768,-0.0068498095,-0.0020099953,0.0356616,0.015711114,-0.0028245726,-0.0045947256,-0.018661506,1.0114057,0.050411485,0.010888683,0.0023711228,-0.2851582,0.96896774,0.053228334,-0.002108601,-0.006862889,0.017226465,0.75489956,0.03782537,0.016910411,-0.0032374954,-0.20411447,-0.004203789,-0.02225028,0.0076514366,-0.0035743362,-0.256234,-0.2358737,0.008193545,-0.009335805,-0.0056783077,-0.014958464,-0.016374059,-0.02189266,0.0016204682,-0.005362182,-0.018443502,0.06056522,0.87196934,0.012561813,-0.012190968,-0.08749682,-0.19459927,0.020685121,-0.0042131236,0.0049945517,-0.20658675,-0.20658675,-0.0037108138,0.00086879113,-0.004231395,-0.024541065,0.3986316,-0.005001366,-0.0028224036,-0.006175125
k__Bacteria|p__Firmicutes|c__Erysipelotrichi|o__Erysipelotrichales|f__Erysipelotrichaceae|g__[Eubacterium]|s__dolichum,-0.043020405,0.94427127,0.0031363443,-0.031242572,-0.053491443,-0.058789268,-0.0014652014,-0.05403071,-0.023507744,-0.0148241725,-0.19440371,0.7515899,-0.006969817,-0.015852446,-0.03427942,-0.06297793,-0.027269103,-0.027119696,-0.024566606,-0.014435862,-0.26184985,-0.03133294,-0.03956517,-0.022558842,-0.0137407165,-0.06544964,-0.01574906,-0.031388693,-0.024438402,-0.0142621705,-0.23875734,0.8844464,-0.008251682,-0.0293682,-0.042877298,-0.050720662,-0.0177209,-0.034748144,-0.025989376,-0.014759503,-0.06714735,1.0299813,-0.0047487095,-0.02639692,-0.034901243,-0.2851582,0.9435058,-0.0003591478,-0.03750512,-0.042935632,-0.033981167,-0.3272691,-0.015169248,-0.020823179,-0.03985027,-0.20411447,-0.052530736,-0.06920525,-0.016435843,-0.01392067,-0.256234,-0.2358737,-0.042091206,-0.043952096,-0.042283162,-0.0630054,-0.06439564,-0.06816101,-0.02199175,-0.015458232,-0.06556785,0.0049921796,0.84990495,-0.037983872,-0.06064468,-0.12723517,-0.19459927,-0.030705042,-0.039291415,-0.032577705,-0.20658675,-0.20658675,-0.052244335,-0.034520008,-0.0406665,-0.07117678,0.394078,-0.053487897,-0.03838906,-0.04226275
k__Bacteria|p__Firmicutes|c__Clostridia|o__Clostridiales|f__Lachnospiraceae|g__Roseburia|s__faecis,-0.26161838,-0.31904158,-0.28226686,-0.19309342,-0.18721983,-0.2591131,-0.28328502,-0.25947106,-0.12307963,-0.05509928,-0.19440371,-0.32539368,-0.2766323,-0.19933465,-0.19499758,-0.25569564,-0.27073884,-0.27139977,-0.123405635,-0.054883525,-0.26184985,-0.26707003,-0.2641939,-0.12434494,-0.055313654,-0.25465447,-0.2750935,-0.26757312,-0.12286597,-0.055057935,-0.23875734,-0.32284898,-0.27695027,-0.19390252,-0.1913963,-0.26047766,-0.27328318,-0.2660915,-0.12204531,-0.054737184,-0.2515044,1.0363623,-0.2779171,-0.19350493,-0.19585088,-0.2851582,-0.31692833,-0.28212428,-0.1922881,-0.19136578,-0.26348937,-0.3272691,-0.27535707,-0.19647333,-0.19330473,-0.20411447,-0.2612059,-0.25392097,-0.12717673,-0.055935547,-0.256234,-0.2358737,-0.26334423,-0.1862024,-0.1925244,-0.25697696,-0.25505465,-0.25120163,-0.124699384,-0.054910295,-0.25654644,-0.2830575,-0.31877366,-0.26614007,-0.2564007,-0.23385245,-0.19459927,-0.267636,-0.18888941,-0.19612883,-0.20658675,-0.20658675,-0.25716072,-0.19068146,-0.19257927,-0.25261307,-0.31196946,-0.2590177,-0.1882883,-0.19276115
k__Bacteria|p__Firmicutes|c__Clostridia|o__unclassified|f__unclassified|g__unclassified|s__unclassified,0.37434033,1.35318,0.47975945,0.2717476,0.22633559,0.3362649,0.471937,0.34586504,0.1676817,0.06752032,-0.19440371,1.0821971,0.45194697,0.30831,0.27208024,0.3240105,0.40866524,0.40923703,0.16582583,0.0686727,-0.26184985,0.4001243,0.37927112,0.17067325,0.07006041,0.31894392,0.43611223,0.3985791,0.16626504,0.0690261,-0.23875734,-0.32284898,0.45071656,0.27597013,0.25174028,0.353051,0.43203306,0.39072454,0.16200808,0.06758639,0.3163667,1.0424395,0.46283072,0.28258064,0.27171054,1.3689064,1.1928929,0.47143847,0.25777647,0.2515237,0.39367127,0.77194756,0.43733752,0.2957371,0.25881648,1.9711086,0.34985626,0.31149977,0.18599468,0.06993079,-0.256234,-0.2358737,0.37375772,0.23944703,0.2535999,0.32591772,0.32159555,0.30986166,0.17209837,0.06642776,0.3193286,0.4882608,0.8586828,0.3817953,0.33139014,0.17334364,-0.19459927,0.39934602,0.2494309,0.27617595,-0.20658675,-0.20658675,0.3478691,0.26104444,0.2570882,0.30501926,0.40403396,0.34513003,0.25303796,0.25285867
k__Bacteria|p__Firmicutes|c__Clostridia|o__Clostridiales|f__Lachnospiraceae|g__Lachnospira|s__unclassified,-0.242957,-0.31904158,-0.25377688,-0.17807922,-0.17498244,-0.24117011,-0.25695884,-0.24022588,-0.113637745,-0.051202014,-0.19440371,-0.32539368,-0.24981698,-0.18183962,-0.18006527,-0.23821996,-0.24757637,-0.24816781,-0.113931954,-0.051192135,-0.26184985,-0.24532428,-0.2426682,-0.11454488,-0.051339723,-0.23816356,-0.25094616,-0.24563378,-0.113712475,-0.051168635,-0.23875734,1.450089,-0.25084138,-0.17843539,-0.17770155,-0.24160777,-0.24915749,-0.2441076,-0.112762704,-0.05090351,-0.23637456,-0.30590335,-0.25161457,-0.17824504,-0.18093947,1.2129066,1.4277068,-0.2540089,-0.17876123,-0.17794454,-0.24474066,1.0764911,-0.25036493,-0.18031676,-0.17893331,-0.20411447,-0.24223293,-0.23656633,-0.11619173,-0.051556516,-0.256234,-0.2358737,-0.24272892,-0.1726891,-0.17855582,-0.23864704,-0.23703286,-0.23406869,-0.114972904,-0.051277876,-0.24022147,-0.25752306,0.8602774,-0.2435017,-0.2387892,-0.22146484,-0.19459927,-0.24489313,-0.17332843,-0.18058813,-0.20658675,-0.20658675,-0.23766392,-0.1748428,-0.1783238,-0.23575939,0.39284846,-0.23939073,-0.17413172,-0.17855121
k__Bacteria|p__Firmicutes|c__Clostridia|o__Clostridiales|f__Veillonellaceae|g__unclassified|s__unclassified,-0.26189148,-0.31904158,-0.27922493,-0.19089769,-0.18488446,-0.2573129,-0.280043,-0.25577533,-0.12155907,-0.054223653,-0.19440371,-0.32539368,-0.2735538,-0.19675861,-0.19257909,-0.2535864,-0.26730222,-0.26775295,-0.121663794,-0.054205768,-0.26184985,-0.26371968,-0.26048762,-0.12256524,-0.054574557,-0.25281107,-0.27210054,-0.264587,-0.12133187,-0.05419238,-0.23875734,0.86222917,-0.27400222,-0.19125935,-0.18895534,-0.2584637,-0.27037287,-0.2629453,-0.120270714,-0.053912953,-0.2513597,-0.30590335,-0.27483544,-0.19160673,-0.19327264,-0.2851582,-0.31692833,-0.2783569,-0.1903364,-0.18875238,-0.26369137,-0.3272691,-0.272185,-0.19415134,-0.19034246,-0.20411447,-0.2571854,-0.25032693,-0.12510264,-0.054761067,-0.256234,-0.2358737,-0.25962427,-0.18380219,-0.18991743,-0.2540455,-0.25109094,-0.2477597,-0.12280605,-0.054088183,-0.25484326,-0.28198212,-0.31877366,-0.2622143,-0.25324172,-0.22838604,-0.19459927,-0.26271293,-0.18581086,-0.19320968,-0.20658675,-0.20658675,-0.25288337,-0.18783008,-0.18994904,-0.25024527,0.39985406,-0.25509387,-0.18584442,-0.18986234
k__Bacteria|p__Firmicutes|c__Clostridia|o__Clostridiales|f__Lachnospiraceae|g__[Ruminococcus]|s__unclassified,-0.11890824,0.9807955,-0.09694311,-0.086556256,-0.09919424,-0.12702522,-0.098922625,-0.124585,-0.05801239,-0.028592095,-0.19440371,-0.32539368,-0.10213581,-0.07895838,-0.08991605,-0.1289891,-0.11152615,-0.11162477,-0.058450196,-0.028320137,-0.26184985,-0.1130405,-0.11740114,-0.057538323,-0.028015308,-0.1302217,-0.10599893,-0.11338477,-0.058400463,-0.028256353,-0.23875734,0.86682695,-0.10268144,-0.08563567,-0.09404522,-0.123100236,-0.10642685,-0.11496718,-0.05909764,-0.028500926,-0.13056967,-0.30590335,-0.1001797,-0.08419837,-0.0902202,-0.2851582,0.9732716,-0.09852108,-0.08996958,-0.094082795,-0.11476885,0.7422192,-0.10543876,-0.08151076,-0.09259019,-0.20411447,-0.12422447,-0.13199458,-0.05459477,-0.028101187,1.5816442,-0.2358737,-0.118606545,-0.093116164,-0.09371468,-0.12874565,-0.12930244,-0.13149256,-0.057250388,-0.02887756,-0.13055795,-0.09552701,0.872644,-0.11664347,-0.12749645,-0.16067746,-0.19459927,-0.11335209,-0.09067877,-0.08890219,-0.20658675,-0.20658675,-0.123607665,-0.08851118,-0.09289255,-0.13286875,0.38826838,-0.12421776,-0.09016994,-0.09387037
k__Bacteria|p__Firmicutes|c__Clostridia|o__Clostridiales|f__Lachnospiraceae|g__unclassified|s__unclassified,0.6374424,1.2389882,0.78063226,0.46642897,0.4057384,0.5905446,0.77654374,0.60231054,0.29021743,0.12060951,-0.19440371,1.4326314,0.7436367,0.5155315,0.4679259,0.5733034,0.68807614,0.68936455,0.28802693,0.121867105,1.4534168,0.67429686,0.64670324,0.29480273,0.123665124,0.5662376,0.7254516,0.6727805,0.28821656,0.1225009,-0.23875734,0.9365854,0.7428293,0.47214562,0.44016236,0.61281,0.7179409,0.6619724,0.28201675,0.1203672,0.5585153,1.188498,0.7559372,0.47997913,0.46834534,1.2012839,0.950457,0.7719704,0.45047456,0.4402827,0.66350245,1.2882103,0.7248335,0.4983925,0.45025384,-0.20411447,0.6111556,0.5566276,0.3154692,0.123843506,-0.256234,-0.2358737,0.63986635,0.42093152,0.44355828,0.5756134,0.56943595,0.55195034,0.29694942,0.11935885,0.5694448,0.7960707,1.0084518,0.64944077,0.58331376,0.3720659,-0.19459927,0.67428476,0.43426496,0.47369498,-0.20658675,-0.20658675,0.60262966,0.45034903,0.44783193,0.54773784,0.56664634,0.60092187,0.4390861,0.44295478
k__Bacteria|p__Firmicutes|c__Clostridia|o__Clostridiales|f__Ruminococcaceae|g__Oscillospira|s__unclassified,0.5374782,0.9502168,0.64460576,0.39325356,0.3486808,0.50254333,0.6415479,0.51148427,0.24593145,0.10349265,-0.19440371,0.8351009,0.61786044,0.4303428,0.39546362,0.49016204,0.5757054,0.5765824,0.24420679,0.104443684,-0.26184985,0.5653028,0.54464805,0.24919394,0.10570989,0.48478144,0.60350835,0.5647236,0.2444,0.104920894,-0.23875734,0.88894343,0.61711764,0.39774132,0.37459117,0.5195752,0.59800005,0.55639327,0.23991957,0.103377774,0.4786883,1.1303906,0.6258655,0.40331006,0.39511406,1.2501981,1.0225657,0.63875103,0.38078713,0.374618,0.5576807,-0.3272691,0.603131,0.41725868,0.3822162,-0.20411447,0.5171474,0.47678006,0.26443487,0.105792776,-0.256234,-0.2358737,0.53902274,0.35898963,0.37667495,0.49178064,0.48688266,0.47413948,0.2506951,0.1023085,0.48658347,0.6561539,0.9367201,0.5464565,0.49695107,0.3392411,-0.19459927,0.5648202,0.36968696,0.39977348,1.9925946,1.9925946,0.5120003,0.3815295,0.38015413,0.47084454,0.41938373,0.5105684,0.37289095,0.3765005
k__Bacteria|p__Firmicutes|c__Clostridia|o__Clostridiales|f__Lachnospiraceae|g__[Ruminococcus]|s__gnavus,-0.25078115,-0.31904158,-0.26660421,-0.18312451,-0.17853254,-0.24606654,-0.26780307,-0.24617967,-0.11714524,-0.052344628,-0.19440371,-0.32539368,-0.2621349,-0.18894911,-0.1858997,-0.24355322,-0.25669354,-0.25678027,-0.117036186,-0.052407943,-0.26184985,-0.25438833,-0.2510878,-0.117869794,-0.05262952,-0.24284376,-0.26128998,-0.25416487,-0.11693928,-0.05249522,-0.23875734,1.1911076,-0.2624011,-0.18376061,-0.18243459,-0.24820945,-0.25966048,-0.25267452,-0.116079815,-0.052205544,-0.24146578,-0.30590335,-0.2633732,-0.18429087,-0.18611673,-0.2851582,-0.31692833,-0.2659037,-0.18216754,-0.1825295,-0.25324616,0.74739,-0.26019585,-0.18665583,-0.18383779,1.9708976,-0.2481707,-0.24123153,-0.120397136,-0.05278927,1.8046547,1.7378182,-0.25029165,-0.17704985,-0.18319249,-0.2437919,-0.24248877,-0.23967497,-0.11817688,-0.05220457,-0.24433792,-0.26966166,0.8480633,-0.2512759,-0.24436174,-0.22072995,-0.19459927,-0.25420538,-0.17862305,-0.18661755,-0.20658675,-0.20658675,-0.24524328,-0.18064523,-0.1834781,-0.2404601,0.3949553,-0.24573408,-0.17917004,-0.1831341
k__Bacteria|p__Firmicutes|c__Clostridia|o__Clostridiales|f__Lachnospiraceae|g__Roseburia|s__unclassified,-0.24232855,0.92708653,-0.2512486,-0.17689651,-0.17618358,-0.24011682,-0.25253257,-0.24026805,-0.113988206,-0.05151346,-0.19440371,0.7731912,-0.24869086,-0.18016347,-0.18043065,-0.23865458,-0.24599415,-0.24615036,-0.11395234,-0.05157578,-0.26184985,-0.24472283,-0.24295521,-0.11444311,-0.051608507,-0.23828593,-0.24857327,-0.24470213,-0.113929234,-0.05164294,-0.23875734,-0.32284898,-0.24905759,-0.17731217,-0.17850511,-0.24125376,-0.24766651,-0.24387273,-0.113407895,-0.051438794,-0.23712671,1.0089571,-0.24946468,-0.1775672,-0.18063939,-0.2851582,-0.31692833,-0.2512248,-0.17648864,-0.1785842,-0.24400319,0.95254993,-0.24794391,-0.17889845,-0.17930368,-0.20411447,-0.2413251,-0.23757893,-0.115825444,-0.051690884,-0.256234,-0.2358737,-0.24251688,-0.1734569,-0.17889978,-0.23891084,-0.23813742,-0.23645674,-0.11460598,-0.05145204,-0.23912549,-0.2534338,0.99812704,-0.24277964,-0.23918454,-0.22607337,-0.19459927,-0.24461788,-0.17424397,-0.18078782,-0.20658675,-0.20658675,-0.23959102,-0.17546849,-0.17903167,-0.23696966,-0.31196946,-0.23979324,-0.17465588,-0.17888168
k__Bacteria|p__Firmicutes|c__Clostridia|o__Clostridiales|f__Lachnospiraceae|g__Blautia|s__unclassified,0.8934599,1.050581,1.0360883,0.6520045,0.5926253,0.8459509,1.0354404,0.8547679,0.40945217,0.17511202,-0.19440371,1.6596107,0.9979169,0.7019232,0.6563474,0.82676435,0.94332284,0.94445044,0.407506,0.17627531,-0.26184985,0.92775786,0.8988846,0.41447747,0.17811395,0.81988364,0.9815946,0.92679703,0.40756994,0.17679963,1.7698197,1.2001874,0.99765396,0.6576623,0.6276719,0.86714184,0.97312236,0.9150138,0.4007392,0.17459098,0.8122451,1.5129863,1.010083,0.6646303,0.6570138,1.2655518,1.3152405,1.0278183,0.63734597,0.6277898,0.9191043,1.0491922,0.9800306,0.68388593,0.6381915,1.9780451,0.8652677,0.8086252,0.43564633,0.17847814,2.1106665,1.8345969,0.8922053,0.603278,0.63132775,0.82880586,0.8208277,0.8016747,0.41680044,0.17387158,0.82514316,1.0559375,1.3670671,0.90186733,0.8352858,0.6196482,-0.19459927,0.9263248,0.6170548,0.66193694,-0.20658675,-0.20658675,0.8528104,0.6333396,0.6353409,0.80014133,0.7610869,0.85266477,0.62199426,0.63079476
k__Bacteria|p__Firmicutes|c__Clostridia|o__Clostridiales|f__Peptostreptococcaceae|g__unclassified|s__unclassified,-0.25750548,1.0513467,-0.27076796,-0.18799633,-0.18561265,-0.2534969,-0.27088985,-0.25448793,-0.1210648,-0.054314718,-0.19440371,0.7744047,-0.2674203,-0.19253893,-0.19136164,-0.25180575,-0.2624632,-0.26263633,-0.12090559,-0.054415315,-0.26184985,-0.26096892,-0.25841558,-0.121485956,-0.054578606,-0.25114924,-0.26590228,-0.26099533,-0.12087341,-0.054463558,-0.23875734,0.89118433,-0.2674143,-0.18855593,-0.18878725,-0.2554205,-0.2650901,-0.25992683,-0.12027511,-0.054272372,-0.2501593,-0.30590335,-0.26837572,-0.18909784,-0.19143489,-0.2851582,-0.31692833,-0.2702642,-0.18676943,-0.18880506,-0.25985968,0.7669025,-0.26582313,-0.19098575,-0.18973899,-0.20411447,-0.2553854,-0.2502343,-0.12338185,-0.054607607,-0.256234,-0.2358737,-0.25788426,-0.18367852,-0.1891382,-0.25198922,-0.25130677,-0.24963537,-0.12176058,-0.054205924,-0.25169998,-0.27251577,-0.31877366,-0.25877815,-0.25266907,-0.23315597,-0.19459927,-0.26092464,-0.18491453,-0.19191511,-0.20658675,-0.20658675,-0.25429803,-0.1864484,-0.18950556,-0.24934176,-0.31196946,-0.25431654,-0.18538928,-0.18912983
k__Bacteria|p__Firmicutes|c__Clostridia|o__Clostridiales|f__Ruminococcaceae|g__Faecalibacterium|s__unclassified,-0.2634641,-0.31904158,-0.28101498,-0.19282229,-0.18803029,-0.25901043,-0.2820886,-0.25944227,-0.123272136,-0.0551493,-0.19440371,-0.32539368,-0.27582407,-0.1990625,-0.19578055,-0.25622937,-0.27034336,-0.27054018,-0.12326178,-0.055194948,-0.26184985,-0.26796412,-0.264701,-0.12419916,-0.055414386,-0.25542384,-0.27500808,-0.2676574,-0.12310733,-0.055337023,-0.23875734,-0.32284898,-0.27617905,-0.19355275,-0.1922152,-0.26108044,-0.27357072,-0.26631796,-0.12226574,-0.054993715,-0.25374067,-0.30590335,-0.2776367,-0.19401771,-0.19618131,-0.2851582,-0.31692833,-0.28031886,-0.19163436,-0.19224325,-0.2658823,-0.3272691,-0.27424848,-0.19646096,-0.19374174,-0.20411447,-0.2611788,-0.25432688,-0.12694341,-0.05569637,-0.256234,-0.2358737,-0.26371607,-0.1863526,-0.1930688,-0.25700465,-0.25567335,-0.25236404,-0.124407455,-0.054997403,-0.25657487,-0.28365755,-0.31877366,-0.26490396,-0.25739297,-0.23309124,-0.19459927,-0.2680198,-0.18828434,-0.19664443,-0.20658675,-0.20658675,-0.2583623,-0.19036326,-0.19333535,-0.2532149,0.5537117,-0.2588663,-0.18857774,-0.19297546
k__Bacteria|p__Firmicutes|c__Clostridia|o__Clostridiales|f__Lachnospiraceae|g__Coprococcus|s__unclassified,-0.25381684,-0.31904158,-0.26846802,-0.18553463,-0.18151583,-0.2497022,-0.26971132,-0.2499819,-0.118832886,-0.05323038,-0.19440371,0.76929826,-0.26422697,-0.19087958,-0.18822342,-0.24737151,-0.25944275,-0.25957495,-0.11881202,-0.053299606,-0.26184985,-0.25739846,-0.25442123,-0.11953835,-0.053455643,-0.24661815,-0.26344982,-0.25730702,-0.11867809,-0.05339423,-0.23875734,0.8702615,-0.26457796,-0.18618259,-0.185176,-0.25156367,-0.26231855,-0.25603288,-0.11791927,-0.05311136,-0.24528712,-0.30590335,-0.26555255,-0.18652625,-0.18851961,-0.2851582,-0.31692833,-0.26829076,-0.18454689,-0.1852145,-0.2560867,0.75108594,-0.26299644,-0.1887119,-0.18642467,-0.20411447,-0.25140134,-0.24550372,-0.12175964,-0.053617653,1.5971587,1.6943345,-0.25370908,-0.17992765,-0.18581562,-0.24779995,-0.2465863,-0.24389789,-0.11983368,-0.053122688,-0.24787252,-0.27139348,-0.31877366,-0.25477737,-0.24815139,-0.22646004,-0.19459927,-0.25706846,-0.18153645,-0.18894017,-0.20658675,-0.20658675,-0.24903569,-0.1833072,-0.18610099,-0.24467652,0.38667804,-0.24954697,-0.1819112,-0.18578623
k__Bacteria|p__Firmicutes|c__Erysipelotrichi|o__Erysipelotrichales|f__[Coprobacillaceae]|g__unclassified|s__unclassified,0.51616997,0.9569687,0.6307437,0.3779461,0.3289113,0.47930616,0.62810916,0.4880671,0.2350347,0.097931154,-0.19440371,0.84045064,0.60214674,0.41752905,0.3788797,0.4655879,0.5571186,0.55826014,0.23330067,0.09879006,-0.26184985,0.54516387,0.523192,0.23869413,0.100259006,0.45989162,0.5870421,0.54480994,0.23331684,0.099303335,1.8848151,0.97230417,0.60152125,0.38267046,0.35652193,0.49728787,0.58030427,0.5356975,0.22838393,0.09765241,0.45312172,-0.30590335,0.6099783,0.38833013,0.37883365,1.6220307,1.029868,0.62481153,0.36549833,0.35660148,0.5374314,0.79440355,0.58637726,0.4034978,0.3648072,2.016267,0.49491483,0.4509958,0.2549861,0.10044676,-0.256234,-0.2358737,0.5173605,0.3410984,0.35902542,0.46698678,0.4614035,0.44755107,0.2404035,0.096710145,0.4628948,0.64349794,0.9213495,0.5256529,0.47252733,0.30352458,-0.19459927,0.54505086,0.3524125,0.3835573,-0.20658675,-0.20658675,0.48774028,0.36519417,0.36254323,0.4446836,0.40975296,0.48704588,0.3556957,0.35899642
k__Bacteria|p__Bacteroidetes|c__Bacteroidia|o__Bacteroidales|f__[Odoribacteraceae]|g__Butyricimonas|s__unclassified,-0.2642061,-0.31904158,-0.2834775,-0.19452041,-0.18939446,-0.26117808,-0.28524762,-0.262336,-0.124596864,-0.055704974,-0.19440371,-0.32539368,-0.2791605,-0.20045063,-0.19740984,-0.2584571,-0.27296948,-0.27398047,-0.12441934,-0.05565919,-0.26184985,-0.2697934,-0.26699704,-0.1253016,-0.055885084,-0.2576004,-0.27771205,-0.27060264,-0.12429627,-0.055788644,-0.23875734,-0.32284898,-0.2795444,-0.19524977,-0.19388236,-0.26352477,-0.27536044,-0.26915485,-0.123253345,-0.055482663,-0.2538508,-0.30590335,-0.27870917,-0.19559687,-0.19773586,-0.2851582,-0.31692833,-0.28361136,-0.1942432,-0.19391692,-0.2678305,-0.3272691,-0.2768284,-0.19847803,-0.1952455,-0.20411447,-0.26458323,-0.25663733,-0.1278896,-0.055985905,-0.256234,-0.2358737,-0.2663625,-0.18841176,-0.1943934,-0.2587096,-0.25735033,-0.25502822,-0.12566176,-0.055574816,-0.25877088,-0.2861643,-0.31877366,-0.26707137,-0.2597193,-0.23513618,-0.19459927,-0.27080727,-0.18976712,-0.19809335,-0.20658675,-0.20658675,-0.26095745,-0.1922603,-0.19486812,-0.25505716,-0.31196946,-0.2616828,-0.1904599,-0.19480997
k__Bacteria|p__Bacteroidetes|c__Bacteroidia|o__Bacteroidales|f__Bacteroidaceae|g__Bacteroides|s__caccae,-0.26433527,-0.31904158,-0.2824306,-0.19350171,-0.18830982,-0.2604136,-0.28487855,-0.26014298,-0.123477936,-0.055327978,-0.19440371,-0.32539368,-0.27710384,-0.20039384,-0.19696474,-0.25752968,-0.27180636,-0.2719965,-0.12335883,-0.055426225,-0.26184985,-0.26909316,-0.26597458,-0.12453161,-0.055439122,-0.25686765,-0.27731377,-0.268687,-0.12336783,-0.05566958,-0.23875734,-0.32284898,-0.27802533,-0.19433056,-0.19288579,-0.26278132,-0.27490172,-0.26712722,-0.122363895,-0.055171225,-0.25406763,-0.30590335,-0.27871507,-0.19508234,-0.19734183,-0.2851582,-0.31692833,-0.28197646,-0.1929296,-0.1931243,-0.26752603,-0.3272691,-0.274895,-0.19749294,-0.1946381,-0.20411447,-0.2626567,-0.2552781,-0.12754962,-0.05570072,-0.256234,-0.2358737,-0.26447877,-0.18661104,-0.19392495,-0.25819558,-0.2564168,-0.25266927,-0.12461509,-0.05514488,-0.25876734,-0.28623253,-0.31877366,-0.2648971,-0.2584928,-0.23429266,-0.19459927,-0.26923883,-0.18817714,-0.1975823,-0.20658675,-0.20658675,-0.25857818,-0.19095156,-0.19409597,-0.25442472,-0.31196946,-0.2588112,-0.18886027,-0.1937854
k__Bacteria|p__Bacteroidetes|c__Bacteroidia|o__Bacteroidales|f__S24-7|g__unclassified|s__unclassified,-0.26364106,-0.31904158,-0.28070575,-0.19272317,-0.18799047,-0.2588668,-0.28179848,-0.25946593,-0.123453446,-0.05512309,-0.19440371,-0.32539368,-0.27602768,-0.19874203,-0.19559693,-0.2562856,-0.2702096,-0.2704182,-0.12337386,-0.055201903,-0.26184985,-0.2678588,-0.2645035,-0.1241806,-0.055414174,-0.25544888,-0.2748193,-0.26783794,-0.1232367,-0.05528941,-0.23875734,-0.32284898,-0.2762999,-0.19345242,-0.19212958,-0.26108027,-0.27343237,-0.26637053,-0.12237361,-0.054994922,-0.25389713,-0.30590335,-0.27736166,-0.19394492,-0.19591151,-0.2851582,-0.31692833,-0.28032172,-0.19162469,-0.19219299,-0.26637295,-0.3272691,-0.27433184,-0.19648618,-0.19352067,-0.20411447,-0.26112002,-0.25416815,-0.12670256,-0.05555063,-0.256234,-0.2358737,-0.26381195,-0.18661135,-0.19284064,-0.2566126,-0.25539827,-0.25263983,-0.1245683,-0.055012602,-0.25682855,-0.2836998,-0.31877366,-0.26503605,-0.25727147,-0.23216973,-0.19459927,-0.26769495,-0.18828487,-0.19637632,-0.20658675,-0.20658675,-0.25855476,-0.1903605,-0.19317204,-0.25309336,0.41130704,-0.25906286,-0.18882413,-0.19282591
k__Bacteria|p__Bacteroidetes|c__Bacteroidia|o__Bacteroidales|f__Prevotellaceae|g__Prevotella|s__stercorea,-0.26526695,-0.31904158,-0.28190437,-0.1938929,-0.18889605,-0.26023996,-0.2833643,-0.26059288,-0.123752326,-0.055404097,-0.19440371,-0.32539368,-0.2762375,-0.2004546,-0.19679484,-0.2575071,-0.27161878,-0.27141726,-0.12380803,-0.055539705,-0.26184985,-0.26976663,-0.26620713,-0.124761716,-0.055653222,-0.25659877,-0.27617687,-0.26883292,-0.12369902,-0.055727065,-0.23875734,-0.32284898,-0.27669185,-0.19471227,-0.1931777,-0.26227644,-0.27543128,-0.26770258,-0.12291911,-0.055323955,-0.25552148,-0.30590335,-0.27907962,-0.19518974,-0.19713983,-0.2851582,-0.31692833,-0.28125268,-0.19221397,-0.19316709,-0.26728073,-0.3272691,-0.2753204,-0.1974025,-0.19469011,-0.20411447,-0.26215497,-0.2559229,-0.12762609,-0.05600371,-0.256234,-0.2358737,-0.26503128,-0.18696764,-0.19405009,-0.25870544,-0.25749838,-0.25360176,-0.124893814,-0.05526887,-0.25754517,-0.28539172,-0.31877366,-0.2658807,-0.2588889,-0.23480822,-0.19459927,-0.26915884,-0.1892556,-0.19773129,-0.20658675,-0.20658675,-0.25981662,-0.19120727,-0.19440854,-0.2548362,-0.31196946,-0.2599101,-0.1894669,-0.19375245
k__Bacteria|p__Bacteroidetes|c__Bacteroidia|o__Bacteroidales|f__[Paraprevotellaceae]|g__[Prevotella]|s__unclassified,-0.26831454,-0.31904158,-0.28275648,-0.19494659,-0.19013688,-0.2611104,-0.28256297,-0.2613469,-0.12466642,-0.055592272,-0.19440371,-0.32539368,-0.27738976,-0.20119858,-0.19723055,-0.2586992,-0.27196634,-0.2715058,-0.12462354,-0.055853523,-0.26184985,-0.27124423,-0.26682878,-0.12528476,-0.056093797,-0.2580746,-0.27658564,-0.2697428,-0.12459603,-0.055879824,-0.23875734,-0.32284898,-0.27753192,-0.19553648,-0.19390841,-0.26341283,-0.27617955,-0.26824278,-0.12382831,-0.05559589,-0.25906783,-0.30590335,-0.28142852,-0.19631527,-0.1973926,-0.2851582,-0.31692833,-0.28133738,-0.19284579,-0.19400328,-0.2699942,-0.3272691,-0.2763309,-0.19861262,-0.1950883,-0.20411447,-0.26280746,-0.2566027,-0.12811685,-0.05623678,-0.256234,-0.2358737,-0.2662104,-0.18872033,-0.19467172,-0.2592494,-0.25834656,-0.2552025,-0.12575121,-0.055566147,-0.25942603,-0.28565103,-0.31877366,-0.26734495,-0.26004937,-0.23414572,-0.19459927,-0.27007258,-0.1901922,-0.19814673,-0.20658675,-0.20658675,-0.2615111,-0.19201672,-0.19507389,-0.25568783,-0.31196946,-0.26111645,-0.19119051,-0.19410914
k__Bacteria|p__Bacteroidetes|c__Bacteroidia|o__Bacteroidales|f__[Barnesiellaceae]|g__unclassified|s__unclassified,-0.2596778,-0.31904158,-0.2824346,-0.1936737,-0.18702759,-0.257748,-0.28384265,-0.26020235,-0.123603486,-0.054937556,-0.19440371,-0.32539368,-0.27673694,-0.1996104,-0.19490542,-0.25464445,-0.27068648,-0.27221423,-0.12382268,-0.054964967,-0.26184985,-0.2682386,-0.26468533,-0.12449771,-0.055347394,-0.25376981,-0.27522433,-0.26866144,-0.12353338,-0.05502242,-0.23875734,-0.32284898,-0.27703336,-0.19431832,-0.19152659,-0.25960544,-0.27378654,-0.26725394,-0.122459784,-0.054710396,-0.24881804,-0.30590335,-0.27912617,-0.1943602,-0.19585982,-0.2851582,-0.31692833,-0.2822734,-0.19289266,-0.19162509,-0.2628641,-0.3272691,-0.2760958,-0.19762732,-0.19293097,-0.20411447,-0.2623388,-0.2538209,-0.12737587,-0.055610348,-0.256234,-0.2358737,-0.26499075,-0.18683198,-0.19239502,-0.25616658,-0.25506434,-0.25187415,-0.1252677,-0.05506795,-0.25483963,-0.28292763,-0.31877366,-0.26637995,-0.25728238,-0.23312525,-0.19459927,-0.26884806,-0.1882171,-0.19599888,-0.20658675,-0.20658675,-0.25860924,-0.19039586,-0.19283274,-0.25148806,0.38985616,-0.25987875,-0.18924862,-0.19251181
k__Bacteria|p__Bacteroidetes|c__Bacteroidia|o__Bacteroidales|f__[Paraprevotellaceae]|g__Paraprevotella|s__unclassified,-0.26167777,-0.31904158,-0.28032154,-0.19202104,-0.18670091,-0.25697935,-0.2807883,-0.25840557,-0.12279497,-0.054804556,-0.19440371,-0.32539368,-0.2754095,-0.1983251,-0.19449347,-0.25435877,-0.2691964,-0.26961032,-0.12278391,-0.054816805,-0.26184985,-0.26683992,-0.2633456,-0.123532005,-0.055121973,-0.25323725,-0.2733445,-0.2669995,-0.12257589,-0.05492106,-0.23875734,-0.32284898,-0.27525455,-0.19281867,-0.1910776,-0.25911787,-0.27258712,-0.26572585,-0.12176967,-0.05466974,-0.25136545,-0.30590335,-0.27657667,-0.19280083,-0.19461301,-0.2851582,-0.31692833,-0.28006315,-0.19019426,-0.19087756,-0.26400256,-0.3272691,-0.273844,-0.19566678,-0.19235991,-0.20411447,-0.25957417,-0.25278857,-0.12636101,-0.055427667,-0.256234,-0.2358737,-0.26259047,-0.18533841,-0.19145814,-0.2552809,-0.25407594,-0.25123018,-0.12388416,-0.054617316,-0.25381246,-0.28241932,-0.31877366,-0.26405388,-0.25563538,-0.23078308,-0.19459927,-0.26668513,-0.1877846,-0.19547245,-0.20658675,-0.20658675,-0.25781238,-0.1895227,-0.1921367,-0.25121123,0.39179337,-0.25815922,-0.18785803,-0.19160049
k__Bacteria|p__Bacteroidetes|c__Bacteroidia|o__Bacteroidales|f__Bacteroidaceae|g__Bacteroides|s__plebeius,-0.26538625,-0.31904158,-0.28089765,-0.19345555,-0.18864098,-0.25994748,-0.28201646,-0.2601124,-0.123762324,-0.055291556,-0.19440371,-0.32539368,-0.27598014,-0.19952142,-0.19608034,-0.25735345,-0.27086455,-0.27064738,-0.12378078,-0.055400297,-0.26184985,-0.26892763,-0.26519492,-0.124530226,-0.055595815,-0.25645754,-0.2751965,-0.2684141,-0.1236255,-0.05548939,-0.23875734,-0.32284898,-0.27624154,-0.19421555,-0.19267428,-0.26198995,-0.2744552,-0.26698178,-0.12283323,-0.05519089,-0.2559069,-0.30590335,-0.278098,-0.19454305,-0.19631544,-0.2851582,-0.31692833,-0.28049093,-0.1919368,-0.19269653,-0.26757908,-0.3272691,-0.27490908,-0.19691241,-0.19407794,-0.20411447,-0.2616069,-0.25522223,-0.12703185,-0.055805914,-0.256234,-0.2358737,-0.26444688,-0.1869978,-0.19336507,-0.2578948,-0.2566746,-0.25348368,-0.12491366,-0.055175707,-0.2578408,-0.28439724,-0.31877366,-0.26581484,-0.25810212,-0.2334524,-0.19459927,-0.26813024,-0.18906325,-0.1969426,-0.20658675,-0.20658675,-0.259449,-0.1907937,-0.19373044,-0.25440204,-0.31196946,-0.25983742,-0.18938224,-0.1932376
k__Bacteria|p__Bacteroidetes|c__Bacteroidia|o__Bacteroidales|f__Prevotellaceae|g__Prevotella|s__copri,-0.26593158,-0.31904158,-0.28204095,-0.19406675,-0.1895836,-0.26015493,-0.2834948,-0.26125923,-0.12406489,-0.05544082,-0.19440371,-0.32539368,-0.2763052,-0.20006704,-0.19698176,-0.25737756,-0.27164817,-0.2716555,-0.12404242,-0.055704743,-0.26184985,-0.26998273,-0.26629004,-0.124870956,-0.055810846,-0.25681335,-0.27635112,-0.26943815,-0.12402211,-0.05573509,-0.23875734,-0.32284898,-0.27696502,-0.19476293,-0.1935398,-0.26189777,-0.27534023,-0.26804584,-0.123156965,-0.055405207,-0.25629336,-0.30590335,-0.2799377,-0.19558665,-0.1974782,-0.2851582,-0.31692833,-0.28127855,-0.19280365,-0.19374597,-0.26802853,-0.3272691,-0.27575266,-0.19803992,-0.19488657,-0.20411447,-0.26250428,-0.2560398,-0.12770024,-0.055994943,-0.256234,-0.2358737,-0.26570728,-0.1878738,-0.1943734,-0.25806716,-0.25728446,-0.2541895,-0.12527506,-0.055468626,-0.25793087,-0.28590637,-0.31877366,-0.26633084,-0.25949538,-0.23298645,-0.19459927,-0.26899797,-0.18893033,-0.19778723,-0.20658675,-0.20658675,-0.26021302,-0.19113973,-0.19458085,-0.25417322,0.4043815,-0.26028895,-0.19025743,-0.19392689
k__Bacteria|p__Bacteroidetes|c__Bacteroidia|o__Bacteroidales|f__Bacteroidaceae|g__Bacteroides|s__ovatus,-0.26452118,-0.31904158,-0.2813428,-0.1934914,-0.18841335,-0.2600149,-0.28308785,-0.26011115,-0.1236936,-0.05527927,-0.19440371,-0.32539368,-0.27670264,-0.19972485,-0.19629231,-0.25740045,-0.2711592,-0.27132118,-0.12362354,-0.055356063,-0.26184985,-0.26884192,-0.26534945,-0.12450835,-0.055527464,-0.2565887,-0.2759302,-0.26863417,-0.12351386,-0.0554746,-0.23875734,-0.32284898,-0.27705887,-0.19421437,-0.19269347,-0.262361,-0.27443802,-0.26709867,-0.12259992,-0.055134825,-0.25476044,-0.30590335,-0.2779404,-0.19465092,-0.19656207,-0.2851582,-0.31692833,-0.28099585,-0.19235493,-0.19275197,-0.26741946,-0.3272691,-0.27497602,-0.19713062,-0.19416887,-0.20411447,-0.2621255,-0.25497228,-0.12708262,-0.05569615,-0.256234,-0.2358737,-0.26449132,-0.1868403,-0.19343725,-0.25784796,-0.25636053,-0.25317928,-0.12479204,-0.05511459,-0.25804842,-0.2848593,-0.31877366,-0.26537344,-0.2581315,-0.23352526,-0.19459927,-0.26865706,-0.18872763,-0.1970831,-0.20658675,-0.20658675,-0.25916177,-0.19079977,-0.19376326,-0.25427547,-0.31196946,-0.25966173,-0.18915465,-0.1934134
k__Bacteria|p__Bacteroidetes|c__Bacteroidia|o__Bacteroidales|f__Prevotellaceae|g__Prevotella|s__unclassified,-0.2638576,-0.31904158,-0.28088412,-0.19296005,-0.18817437,-0.2590902,-0.28184962,-0.25981155,-0.12359904,-0.05519701,-0.19440371,-0.32539368,-0.27626634,-0.19890483,-0.19569217,-0.25654915,-0.2703946,-0.27062726,-0.123523735,-0.055273503,-0.26184985,-0.26804483,-0.26472187,-0.12429993,-0.055488497,-0.25568396,-0.27487937,-0.26813298,-0.12338168,-0.05535348,-0.23875734,-0.32284898,-0.2764859,-0.1936902,-0.19228037,-0.26124632,-0.2735932,-0.26667768,-0.1225344,-0.055072665,-0.254139,-0.30590335,-0.27754572,-0.19411668,-0.19597477,-0.2851582,-0.31692833,-0.28058273,-0.19179986,-0.19232473,-0.2665257,-0.3272691,-0.27460286,-0.19667731,-0.19362453,-0.20411447,-0.26131278,-0.25450218,-0.12681016,-0.055632524,-0.256234,-0.2358737,-0.2640558,-0.18692026,-0.19291669,-0.2568836,-0.25567976,-0.2530338,-0.12470628,-0.055088744,-0.25702065,-0.28374106,-0.31877366,-0.2653646,-0.25750977,-0.23265822,-0.19459927,-0.2677853,-0.18862113,-0.19645599,-0.20658675,-0.20658675,-0.25890848,-0.19062868,-0.1932921,-0.25337344,0.40055192,-0.25940832,-0.18913248,-0.19292879
k__Bacteria|p__Bacteroidetes|c__Bacteroidia|o__Bacteroidales|f__Porphyromonadaceae|g__Dysgonomonas|s__unclassified,-0.26554626,-0.31904158,-0.28264844,-0.1941127,-0.18907425,-0.2604136,-0.2836889,-0.26103085,-0.124242306,-0.055435672,-0.19440371,-0.32539368,-0.27776524,-0.2002379,-0.19672891,-0.2578356,-0.27196074,-0.27205756,-0.12418357,-0.055555187,-0.26184985,-0.26980108,-0.2662595,-0.124993965,-0.055761598,-0.25698358,-0.27662653,-0.26961696,-0.12404604,-0.05563224,-0.23875734,-0.32284898,-0.27804637,-0.19484183,-0.1932378,-0.26267314,-0.27546984,-0.2681439,-0.123200566,-0.055330858,-0.25574264,-0.30590335,-0.27957726,-0.19542024,-0.19707707,-0.2851582,-0.31692833,-0.28217715,-0.19278546,-0.19331422,-0.26823983,-0.3272691,-0.27628183,-0.19791675,-0.19464901,-0.20411447,-0.2625563,-0.25564986,-0.12752452,-0.05589462,-0.256234,-0.2358737,-0.2655748,-0.18783428,-0.19399509,-0.2582352,-0.2570725,-0.25415742,-0.12538382,-0.0553393,-0.25830182,-0.28576124,-0.31877366,-0.26687148,-0.25889552,-0.23308316,-0.19459927,-0.26939708,-0.18958159,-0.19756436,-0.20658675,-0.20658675,-0.26019406,-0.19160455,-0.19430739,-0.25465697,-0.31196946,-0.2606929,-0.19014062,-0.1938838
k__Bacteria|p__Bacteroidetes|c__Bacteroidia|o__Bacteroidales|f__Bacteroidaceae|g__Bacteroides|s__uniformis,-0.2624156,-0.31904158,-0.27700442,-0.19023056,-0.18441579,-0.25735664,-0.28231233,-0.2552448,-0.120307736,-0.054197658,-0.19440371,-0.32539368,-0.27120382,-0.19667536,-0.19308583,-0.25321567,-0.26772118,-0.2675643,-0.120414205,-0.054167084,-0.26184985,-0.2634304,-0.26022124,-0.12194711,-0.054135118,-0.25277817,-0.2732732,-0.26399952,-0.120214924,-0.054306667,-0.23875734,-0.32284898,-0.27290624,-0.19103894,-0.1889203,-0.25861067,-0.27028587,-0.2619533,-0.11894779,-0.05380193,-0.25210464,-0.30590335,-0.27216303,-0.1914047,-0.19401252,-0.2851582,-0.31692833,-0.27757412,-0.1906873,-0.18924472,-0.2650868,-0.3272691,-0.2707374,-0.19373119,-0.19110742,-0.20411447,-0.25769135,-0.25009125,-0.12447458,-0.054571833,-0.256234,-0.2358737,-0.25869906,-0.18202026,-0.19009182,-0.25310487,-0.25076947,-0.24623981,-0.12186016,-0.0540121,-0.25560853,-0.28567967,-0.31877366,-0.25942877,-0.2532066,-0.22401024,2.3754787,-0.2623561,-0.18385988,-0.193675,-0.20658675,-0.20658675,-0.25128186,-0.18625432,-0.18968195,-0.24946637,0.41147956,-0.2533684,-0.184113,-0.19010313
k__Bacteria|p__Bacteroidetes|c__Bacteroidia|o__Bacteroidales|f__Porphyromonadaceae|g__Parabacteroides|s__distasonis,-0.26053727,-0.31904158,-0.27676296,-0.18996108,-0.18476215,-0.25519603,-0.27808267,-0.25510544,-0.12141678,-0.054186486,-0.19440371,-0.32539368,-0.27172938,-0.19625482,-0.19281319,-0.25251463,-0.26634896,-0.26624793,-0.121209666,-0.05435293,1.5305815,-0.26441354,-0.26069963,-0.12216992,-0.054496054,-0.25190336,-0.27146965,-0.26363832,-0.12130179,-0.054458965,-0.23875734,-0.32284898,-0.27215534,-0.1906382,-0.18902962,-0.25761485,-0.26987466,-0.262106,-0.120327845,-0.054092593,-0.25066012,-0.30590335,-0.27373624,-0.19164418,-0.19299239,-0.2851582,-0.31692833,-0.2754032,-0.18880843,-0.18918675,-0.26368207,0.7525342,-0.26968884,-0.1938076,-0.1905289,-0.20411447,-0.2575656,-0.2501042,-0.12487933,-0.054554127,-0.256234,-0.2358737,-0.25980556,-0.18345965,-0.18982157,-0.2528586,-0.25158212,-0.24846298,-0.122412905,-0.05405958,-0.253204,-0.28037897,-0.31877366,-0.26022226,-0.25340798,-0.22839364,-0.19459927,-0.26428738,-0.18487512,-0.19338357,-0.20658675,-0.20658675,-0.2545514,-0.18718894,-0.19009475,-0.24939062,0.4029906,-0.2545291,-0.18578678,-0.18961671
k__Bacteria|p__Bacteroidetes|c__Bacteroidia|o__Bacteroidales|f__Porphyromonadaceae|g__Parabacteroides|s__unclassified,-0.25756085,-0.31904158,-0.27305764,-0.18813798,-0.1840787,-0.2531963,-0.27424204,-0.25368324,-0.120528564,-0.05395955,-0.19440371,-0.32539368,-0.2685932,-0.19367778,-0.19110903,-0.2507382,-0.2634724,-0.26366252,-0.12047336,-0.054037787,-0.26184985,-0.26129395,-0.25827143,-0.12126057,-0.054188367,-0.2499778,-0.2676624,-0.26131502,-0.12036626,-0.054132223,-0.23875734,-0.32284898,-0.268942,-0.18881643,-0.18792257,-0.25509334,-0.26643956,-0.25998747,-0.11955726,-0.053835854,-0.24858575,-0.30590335,-0.26997292,-0.18922089,-0.19142638,-0.2851582,-0.31692833,-0.27281493,-0.18711494,-0.18797193,-0.25998682,0.75319177,-0.2672314,-0.19151655,-0.18920049,-0.20411447,-0.25510177,-0.24895287,-0.1236472,-0.05436093,-0.256234,-0.2358737,-0.25752923,-0.18241872,-0.18853308,-0.25115156,-0.24994539,-0.24729201,-0.12155805,-0.053855836,-0.2512297,-0.27604866,1.1069407,-0.25856924,-0.25161985,-0.22877431,-0.19459927,-0.26102042,-0.18397449,-0.19178382,-0.20658675,-0.20658675,-0.2526909,-0.18587291,-0.18883091,-0.24786311,0.4036863,-0.25309932,-0.1844489,-0.18850282
k__Bacteria|p__Bacteroidetes|c__Bacteroidia|o__Bacteroidales|f__Bacteroidaceae|g__unclassified|s__unclassified,-0.264291,-0.31904158,-0.28165877,-0.19354427,-0.18874988,-0.26002836,-0.2838432,-0.26063275,-0.12374839,-0.05540432,-0.19440371,-0.32539368,-0.2763831,-0.19964294,-0.19647476,-0.25710964,-0.27165458,-0.271587,-0.123790145,-0.05545844,1.4504809,-0.26891398,-0.26569653,-0.12480297,-0.05562923,-0.2564845,-0.276567,-0.26850057,-0.123604015,-0.05559493,-0.23875734,-0.32284898,-0.27703556,-0.19443746,-0.19273117,-0.2618466,-0.2745787,-0.26693457,-0.12273723,-0.05522245,-0.2548451,-0.30590335,-0.27871364,-0.19503936,-0.19719118,-0.2851582,-0.31692833,-0.28106418,-0.1930275,-0.1931423,-0.26682234,-0.3272691,-0.27503985,-0.19748713,-0.19457969,-0.20411447,-0.26304305,-0.2554428,-0.12753323,-0.055982795,-0.256234,-0.2358737,-0.26510802,-0.18751423,-0.19393347,-0.25748873,-0.25674254,-0.253402,-0.12525484,-0.055387855,-0.25872123,-0.28515542,0.86073256,-0.26609987,-0.25845048,-0.23354232,-0.19459927,-0.26908112,-0.18890804,-0.1972273,-0.20658675,-0.20658675,-0.259242,-0.19117989,-0.19385472,-0.25384235,-0.31196946,-0.25982195,-0.18959203,-0.19378336
k__Bacteria|p__Bacteroidetes|c__Bacteroidia|o__Bacteroidales|f__Bacteroidaceae|g__Bacteroides|s__unclassified,-0.25301248,-0.31904158,-0.27069575,-0.18500298,-0.1791582,-0.2478577,-0.2721633,-0.24794902,-0.11772142,-0.052607507,-0.19440371,-0.32539368,-0.2643745,-0.19183591,-0.18733476,-0.24465868,-0.2595708,-0.2594977,-0.11787684,-0.052685753,1.9852153,-0.2573237,-0.2536183,-0.118881375,-0.0528624,-0.24377212,-0.26442993,-0.256437,-0.11766481,-0.05288052,-0.23875734,-0.32284898,-0.26508301,-0.18582547,-0.18356049,-0.24972709,-0.2632722,-0.25511605,-0.116788656,-0.052449115,-0.24265964,-0.30590335,-0.26760185,-0.18619955,-0.18792954,-0.2851582,-0.31692833,-0.27017003,-0.18367727,-0.18362202,-0.25483096,1.4937221,-0.26365578,-0.1886723,-0.18522592,1.9715303,-0.24976124,-0.24307087,-0.12196475,-0.053306475,-0.256234,-0.2358737,-0.25247186,-0.1777654,-0.18461627,-0.2458747,-0.2444374,-0.24022363,-0.11912196,-0.05252579,-0.24535784,-0.27412,1.8022876,-0.25382084,-0.24610457,-0.22059578,2.533062,-0.25679207,-0.17992024,-0.1883668,-0.20658675,-0.20658675,-0.24657601,-0.18206264,-0.18487166,-0.24175225,0.79621696,-0.24706888,-0.18021818,-0.18434933
k__Bacteria|p__Bacteroidetes|c__Bacteroidia|o__Bacteroidales|f__Rikenellaceae|g__unclassified|s__unclassified,-0.2631542,-0.31904158,-0.27996466,-0.19267489,-0.18776631,-0.25836936,-0.28127548,-0.2591172,-0.12291391,-0.055030957,-0.19440371,-0.32539368,-0.27457792,-0.19876835,-0.19518425,-0.25538334,-0.2695579,-0.27000573,-0.123010635,-0.055036344,-0.26184985,-0.26751542,-0.26379153,-0.12383695,-0.05530613,-0.25465852,-0.2739249,-0.26714256,-0.12281471,-0.055141397,-0.23875734,-0.32284898,-0.27503777,-0.19335896,-0.1919012,-0.26024657,-0.2726091,-0.26561052,-0.12186717,-0.054822065,-0.253385,-0.30590335,-0.27687308,-0.1933254,-0.19564661,-0.2851582,-0.31692833,-0.27980733,-0.19148917,-0.19193861,-0.26520377,-0.3272691,-0.27384242,-0.19617261,-0.19330469,-0.20411447,-0.26097834,-0.25405753,-0.12678769,-0.055707596,-0.256234,-0.2358737,-0.26315594,-0.18588142,-0.1925039,-0.25626415,-0.25505105,-0.25168872,-0.12422272,-0.054949336,-0.25596,-0.28298688,-0.31877366,-0.2641931,-0.25697064,-0.23184943,-0.19459927,-0.2675255,-0.18754366,-0.1962241,-0.20658675,-0.20658675,-0.2580396,-0.18943435,-0.19290096,-0.25220624,0.45452964,-0.25843382,-0.18816665,-0.19251151
k__Bacteria|p__Bacteroidetes|c__Bacteroidia|o__Bacteroidales|f__Bacteroidaceae|g__Bacteroides|s__fragilis,-0.26416078,-0.31904158,-0.28081703,-0.19322589,-0.18830018,-0.25928354,-0.28223407,-0.260018,-0.1235789,-0.055247262,-0.19440371,-0.32539368,-0.2758237,-0.19925368,-0.1959781,-0.25670183,-0.27060866,-0.27075368,-0.12350456,-0.05537402,-0.26184985,-0.26838028,-0.2650305,-0.124329776,-0.05551542,-0.25581223,-0.2750963,-0.26824787,-0.12342161,-0.055482395,-0.23875734,-0.32284898,-0.27620223,-0.1939432,-0.1924874,-0.26134485,-0.27395037,-0.26696762,-0.12255424,-0.055156812,-0.25422937,-0.30590335,-0.2775317,-0.19445066,-0.19622141,-0.2851582,-0.31692833,-0.2805448,-0.19208147,-0.19252534,-0.26657775,-0.3272691,-0.27447146,-0.1968641,-0.19378091,-0.20411447,-0.26155698,-0.254947,-0.12698454,-0.055690974,-0.256234,-0.2358737,-0.26419765,-0.18686575,-0.19311495,-0.25726765,-0.2561067,-0.25318038,-0.12464352,-0.055175215,-0.25692424,-0.2843241,-0.31877366,-0.26509023,-0.25802952,-0.23339978,-0.19459927,-0.2677742,-0.18854748,-0.19673243,-0.20658675,-0.20658675,-0.25900754,-0.19062097,-0.19359058,-0.2537235,0.5372666,-0.25934684,-0.18918756,-0.19303192
k__Bacteria|p__Proteobacteria|c__Gammaproteobacteria|o__Enterobacteriales|f__Enterobacteriaceae|g__Trabulsiella|s__unclassified,-0.26305068,-0.31904158,-0.28203735,-0.1920307,-0.18579352,-0.25691777,-0.28331715,-0.2575564,-0.122713596,-0.054506734,-0.19440371,-0.32539368,-0.27670848,-0.19903888,-0.1946346,-0.254125,-0.27002722,-0.2700464,-0.122581095,-0.05468163,-0.26184985,-0.26771593,-0.2635833,-0.12348557,-0.054873645,-0.25315404,-0.27539712,-0.26744917,-0.12249357,-0.054766506,1.7657133,-0.32284898,-0.27698258,-0.19287059,-0.19060263,-0.25965253,-0.27412933,-0.265737,-0.121515855,-0.05442109,-0.25184587,-0.30590335,-0.278616,-0.19359484,-0.19489193,-0.2851582,-0.31692833,-0.28151357,-0.19043827,-0.1906927,-0.26629287,-0.3272691,-0.27481732,-0.19638392,-0.19215123,-0.20411447,-0.2593495,-0.25149596,-0.12634881,-0.05496251,-0.256234,-0.2358737,-0.26278454,-0.18492608,-0.19137871,-0.25444204,-0.25312078,-0.2499316,-0.123940095,-0.054387406,-0.254689,-0.28595215,-0.31877366,-0.26400906,-0.25520784,-0.22576684,-0.19459927,-0.26707298,-0.18686612,-0.19550481,1.9908922,1.9908922,-0.25683695,-0.18919313,-0.19181243,-0.25048894,-0.31196946,-0.25716522,-0.18760678,-0.19123907
k__Bacteria|p__Proteobacteria|c__Gammaproteobacteria|o__Enterobacteriales|f__Enterobacteriaceae|g__Klebsiella|s__unclassified,-0.17514959,-0.31904158,-0.21700458,-0.12593561,-0.10679466,-0.15791985,-0.21397021,-0.16011415,-0.077833995,-0.031715576,2.162574,-0.32539368,-0.20595902,-0.14125744,-0.12589222,-0.15296733,-0.18755925,-0.18689737,-0.076976895,-0.032181695,-0.26184985,-0.1838535,-0.1747399,-0.07914874,-0.032801036,-0.15080304,-0.19934076,-0.18284586,-0.07715128,-0.032303173,1.7651765,-0.32284898,-0.20519128,-0.12757467,-0.117119625,-0.16523416,-0.1976049,-0.17908499,-0.07540801,-0.031706065,-0.15125546,-0.30590335,-0.21015374,-0.13047314,-0.12559162,1.2199326,-0.31692833,-0.21296912,-0.11969191,-0.117157005,-0.18306321,-0.3272691,-0.19913274,-0.13562377,-0.12043594,-0.20411447,-0.16235928,-0.1460394,-0.08534989,-0.032770462,-0.256234,1.6990836,-0.17206006,-0.1117567,-0.11817299,-0.15306139,-0.15080255,-0.14541489,-0.07959069,-0.0311041,-0.15182942,-0.22160912,-0.31877366,-0.17602868,-0.15440291,-0.08769353,2.1397495,-0.18288517,-0.116481826,-0.12755643,1.9915736,1.9915736,-0.16100313,-0.12087,-0.1192767,-0.14495452,0.41561127,-0.16030464,-0.117458165,-0.11766501
k__Bacteria|p__Proteobacteria|c__Gammaproteobacteria|o__Pseudomonadales|f__Moraxellaceae|g__Acinetobacter|s__unclassified,-0.2624208,-0.31904158,-0.28151548,-0.19229981,-0.18700856,-0.25649366,-0.28116918,-0.25886565,-0.123122804,-0.05471272,-0.19440371,-0.32539368,-0.27598995,-0.19847684,-0.19468874,-0.25383395,-0.26945093,-0.2700026,-0.12298322,-0.054928124,-0.26184985,-0.2680967,-0.2641365,-0.12370348,-0.055207387,-0.2530513,-0.2739216,-0.2679429,-0.12297231,-0.054916233,-0.23875734,-0.32284898,-0.2759189,-0.19297624,-0.1914397,-0.25882107,-0.2735693,-0.26662347,-0.12209797,-0.054679055,-0.25211236,-0.30590335,-0.27891335,-0.19365725,-0.19494967,-0.2851582,-0.31692833,-0.28043407,-0.19016232,-0.19134516,-0.26541722,-0.3272691,-0.274962,-0.19654033,-0.19253683,-0.20411447,-0.25958142,-0.25263786,-0.12660164,-0.055277526,-0.256234,-0.2358737,-0.26375753,-0.18595138,-0.1917415,-0.25472045,-0.25413424,-0.25170335,-0.124093,-0.054656573,-0.2526433,-0.28350577,-0.31877366,-0.2647666,-0.25613514,-0.22721249,-0.19459927,-0.26816326,-0.18744771,-0.19562943,-0.20658675,-0.20658675,-0.25891337,-0.1894609,-0.19232939,-0.25036696,-0.31196946,-0.25860336,-0.18853132,-0.19155505
k__Bacteria|p__Proteobacteria|c__Gammaproteobacteria|o__Aeromonadales|f__unclassified|g__unclassified|s__unclassified,-0.25930732,-0.31904158,-0.27829883,-0.19061293,-0.1852713,-0.25611812,-0.28064516,-0.2564932,-0.12164535,-0.05446617,-0.19440371,-0.32539368,-0.27359825,-0.1969736,-0.19357282,-0.25302145,-0.267836,-0.26870722,-0.12162247,-0.054283388,-0.26184985,-0.26423198,-0.26107684,-0.12254661,-0.054603178,-0.2519993,-0.27250636,-0.26483187,-0.12134981,-0.05446144,-0.23875734,-0.32284898,-0.2739671,-0.1913468,-0.18982854,-0.25820756,-0.2699994,-0.2632299,-0.12025377,-0.054140918,-0.24838178,-0.30590335,-0.27301314,-0.19101489,-0.19382271,1.2010858,-0.31692833,-0.2787405,-0.19025512,-0.18976934,-0.2618792,-0.3272691,-0.27139622,-0.1942029,-0.19135264,-0.20411447,-0.2593053,-0.2511055,-0.12558752,-0.05501736,-0.256234,1.6906208,-0.2602024,-0.18338054,-0.1903685,-0.25356477,-0.25167704,-0.24853495,-0.12290268,-0.054254375,-0.25385988,-0.28146076,-0.31877366,-0.2611364,-0.25392702,-0.2301487,-0.19459927,-0.26490286,-0.18539701,-0.19448985,-0.20658675,-0.20658675,-0.25469697,-0.18763839,-0.19094948,-0.24958414,0.3900324,-0.25571966,-0.18563055,-0.19089276
k__Bacteria|p__Proteobacteria|c__Gammaproteobacteria|o__Enterobacteriales|f__Enterobacteriaceae|g__Erwinia|s__unclassified,-0.26107907,-0.31904158,-0.28116247,-0.19190302,-0.18553601,-0.25806564,-0.28405353,-0.25798193,-0.122129805,-0.054556422,2.1525297,-0.32539368,-0.27492744,-0.19824833,-0.19401672,-0.25369513,-0.26944637,-0.27065614,-0.12242493,-0.054512125,-0.26184985,-0.2652879,-0.26212335,-0.12330282,-0.054771766,-0.25311595,-0.27461353,-0.26642346,-0.12204695,-0.0545645,-0.23875734,-0.32284898,-0.27591544,-0.1926099,-0.19011548,-0.25877726,-0.27190644,-0.26469526,-0.12073797,-0.054187477,-0.2495521,-0.30590335,-0.27661788,-0.19230649,-0.19515723,1.201482,-0.31692833,-0.28146696,-0.1927263,-0.19011062,-0.2630148,-0.3272691,-0.274261,-0.19588083,-0.19164804,-0.20411447,-0.26007628,-0.2522419,-0.12640603,-0.055125225,-0.256234,1.6898763,-0.2617885,-0.18478006,-0.19135574,-0.25457,-0.25206268,-0.24838328,-0.12396948,-0.05462927,-0.25601172,-0.28491902,-0.31877366,-0.26341307,-0.2551915,-0.22897348,-0.19459927,-0.26488844,-0.18599698,-0.19472882,-0.20658675,-0.20658675,-0.2543099,-0.18885872,-0.1913968,-0.24984333,0.39179337,-0.25630447,-0.18693015,-0.19137362
k__Bacteria|p__Proteobacteria|c__Gammaproteobacteria|o__Enterobacteriales|f__Enterobacteriaceae|g__Citrobacter|s__unclassified,-0.2598638,-0.31904158,-0.27870238,-0.19055954,-0.18473032,-0.25480342,-0.28018236,-0.2559936,-0.121635035,-0.05422204,2.1531491,-0.32539368,-0.27274328,-0.19742748,-0.19319586,-0.25185406,-0.26739174,-0.2677779,-0.12162568,-0.054395936,-0.26184985,-0.2656321,-0.2616961,-0.12251824,-0.054532997,-0.25107706,-0.27248397,-0.26488793,-0.121584125,-0.054542214,-0.23875734,-0.32284898,-0.2734417,-0.19141857,-0.18946911,-0.25721553,-0.27125078,-0.26350844,-0.12060986,-0.05413889,-0.24919799,-0.30590335,-0.27567255,-0.19205815,-0.1936394,-0.2851582,0.9349394,-0.27821735,-0.18918552,-0.18953937,-0.26292357,-0.3272691,-0.2717844,-0.19478858,-0.19096008,-0.20411447,-0.25780824,-0.2504788,-0.125524,-0.0547134,-0.256234,1.6899939,-0.26092225,-0.18362218,-0.19024408,-0.25295627,-0.25189707,-0.24833883,-0.1228952,-0.054162994,-0.25194782,-0.28209066,-0.31877366,-0.26146162,-0.2540329,-0.22671333,-0.19459927,-0.26561946,-0.18519732,-0.19420028,-0.20658675,-0.20658675,-0.25528884,-0.18767703,-0.19069508,-0.24863768,0.39126542,-0.25523424,-0.18623015,-0.1900842
k__Bacteria|p__Proteobacteria|c__Gammaproteobacteria|o__Pasteurellales|f__Pasteurellaceae|g__Aggregatibacter|s__unclassified,-0.26469517,-0.31904158,-0.28287664,-0.1937312,-0.18881339,-0.26022184,-0.2835794,-0.26119626,-0.12403439,-0.055463485,-0.19440371,-0.32539368,-0.27783734,-0.19970146,-0.19643092,-0.2573382,-0.27178347,-0.27226177,-0.12398527,-0.055454575,-0.26184985,-0.268987,-0.26596403,-0.12484795,-0.055699766,-0.25646406,-0.2762474,-0.26940286,-0.123794146,-0.05556127,-0.23875734,-0.32284898,-0.27819103,-0.19451384,-0.19302458,-0.26211923,-0.27466762,-0.26794216,-0.12290764,-0.055266786,-0.2546863,-0.30590335,-0.27898687,-0.19481997,-0.19688821,-0.2851582,-0.31692833,-0.282686,-0.19278163,-0.19305733,-0.26735148,-0.3272691,-0.27621385,-0.19756472,-0.19445257,-0.20411447,-0.262645,-0.2557851,-0.1275597,-0.055955224,-0.256234,-0.2358737,-0.26523823,-0.18784648,-0.19360913,-0.2577731,-0.256514,-0.25394413,-0.12523322,-0.0553482,-0.25784427,-0.28523296,-0.31877366,-0.26679355,-0.25836018,-0.23314482,-0.19459927,-0.2693277,-0.18944526,-0.19717771,-0.20658675,-0.20658675,-0.25996333,-0.19158529,-0.19390841,-0.25401613,-0.31196946,-0.2604976,-0.18989156,-0.19377089
k__Bacteria|p__Proteobacteria|c__Alphaproteobacteria|o__Rickettsiales|f__mitochondria|g__unclassified|s__unclassified,-0.26345944,-0.31904158,-0.2800138,-0.19307172,-0.18845999,-0.2594902,-0.281731,-0.2599504,-0.123651445,-0.055292293,-0.19440371,-0.32539368,-0.27554646,-0.19896498,-0.19591446,-0.25701317,-0.2703633,-0.27061796,-0.12359656,-0.05537662,-0.26184985,-0.26817846,-0.26492965,-0.12440549,-0.05554106,-0.25627875,-0.27496305,-0.26795563,-0.123480864,-0.055488132,-0.23875734,-0.32284898,-0.27598804,-0.19380966,-0.1925216,-0.26174906,-0.27343577,-0.26654154,-0.1226266,-0.05516742,-0.25424328,-0.30590335,-0.2768555,-0.19433326,-0.19627607,-0.2851582,-0.31692833,-0.2796954,-0.19218467,-0.19263425,-0.26644248,0.7411552,-0.27400577,-0.19674084,-0.19397035,-0.20411447,-0.26188612,-0.25491273,-0.12676714,-0.055651017,-0.256234,-0.2358737,-0.26427132,-0.18701556,-0.19333357,-0.25745785,-0.2562843,-0.2533369,-0.12475088,-0.05517517,-0.25759184,-0.2831612,-0.31877366,-0.26506913,-0.25808823,-0.23436439,-0.19459927,-0.26829356,-0.18860315,-0.19671685,-0.20658675,-0.20658675,-0.25907233,-0.19072191,-0.19358101,-0.2540117,-0.31196946,-0.25957918,-0.1891858,-0.19331731
k__Bacteria|p__Proteobacteria|c__Gammaproteobacteria|o__Enterobacteriales|f__Enterobacteriaceae|g__unclassified|s__unclassified,0.8626047,1.0361795,0.9278915,0.6323336,0.6093852,0.8462316,0.9377918,0.8476124,0.4023065,0.17912328,2.6101804,0.74786085,0.90866566,0.6557473,0.6396977,0.83465654,0.88978755,0.89090776,0.40231448,0.17934167,1.863828,0.87928045,0.86605996,0.40577957,0.17996916,0.8317355,0.90787953,0.8795233,0.40173858,0.17969862,1.789054,0.91986865,0.9107315,0.6352743,0.6258217,0.853348,0.9014398,0.87358814,0.3978423,0.1783843,0.8239579,1.059417,0.9140208,0.6362839,0.6415805,2.3163579,0.9795583,0.92754143,0.62977564,0.62622344,0.8727762,0.7404896,0.9041712,0.6466644,0.6315952,2.7769518,0.8561196,0.8275116,0.4161589,0.18091802,1.7922006,2.5644295,0.8638859,0.6063747,0.6288278,0.8364724,0.8312241,0.81880885,0.4073212,0.17883164,0.83842313,0.9443457,-0.31877366,0.86636055,0.83886075,0.7419791,2.2993453,0.87847114,0.6126517,0.6425787,2.0845127,2.0845127,0.84198236,0.6210216,0.6297525,0.82191384,2.1575375,0.8446159,0.6152474,0.6288845
k__Bacteria|p__Proteobacteria|c__Gammaproteobacteria|o__Enterobacteriales|f__Enterobacteriaceae|g__Enterobacter|s__hormaechei,0.6245348,0.8921041,0.7105272,0.45933035,0.42761892,0.60200334,0.71180236,0.6083214,0.29060924,0.12632778,2.1915345,-0.32539368,0.6882697,0.4884165,0.4640215,0.59114647,0.65866196,0.65962654,0.28990287,0.12681426,-0.26184985,0.64819944,0.6336273,0.29385722,0.127769,0.58656466,0.67987764,0.6481819,0.2893994,0.1273954,2.1170454,0.87595963,0.6884985,0.46307358,0.44763383,0.6134424,0.6749336,0.6426097,0.2859967,0.12604049,0.57856,1.0339742,0.6944598,0.46626312,0.46476978,1.2883308,1.0458269,0.7076263,0.45198467,0.44752944,0.6378908,-0.3272691,0.6787306,0.47767568,0.4539414,-0.20411447,0.6133131,0.5823171,0.30598897,0.12839144,-0.256234,1.7403927,0.6290712,0.4316851,0.4504857,0.59378105,0.58942974,0.5774028,0.29495683,0.12556528,0.5889845,0.7204207,-0.31877366,0.6352514,0.5973586,0.47900945,2.1469843,0.6484815,0.44091922,0.46785128,2.457012,2.457012,0.60605204,0.45066747,0.452739,0.5767863,0.48030278,0.60681367,0.4423619,0.4503416
k__Bacteria|p__Proteobacteria|c__Gammaproteobacteria|o__Pasteurellales|f__Pasteurellaceae|g__Actinobacillus|s__unclassified,-0.2621621,-0.31904158,-0.27995238,-0.19189891,-0.18741134,-0.25872296,-0.28116342,-0.25903878,-0.12252033,-0.0549628,-0.19440371,0.8252372,-0.27399868,-0.19733463,-0.19462845,-0.2550128,-0.26897395,-0.26985157,-0.12269415,-0.054904014,-0.26184985,-0.26563978,-0.2630198,-0.12361306,-0.05515562,-0.25439405,-0.27325037,-0.26651603,-0.122427166,-0.054972835,-0.23875734,-0.32284898,-0.274849,-0.19249205,-0.191367,-0.2594267,-0.2713394,-0.26509225,-0.12141542,-0.05464798,-0.25225693,-0.30590335,-0.2759153,-0.19252628,-0.19556516,-0.2851582,-0.31692833,-0.27973697,-0.1917314,-0.19134185,-0.26395014,-0.3272691,-0.27344373,-0.19530067,-0.1928367,-0.20411447,-0.2602635,-0.2539866,-0.12640047,-0.055555444,-0.256234,-0.2358737,-0.26230308,-0.18580015,-0.1921863,-0.25596672,-0.25399566,-0.25088885,-0.1239177,-0.05491414,-0.25597686,-0.28224474,0.85273755,-0.26416567,-0.2562011,-0.23278753,-0.19459927,-0.2656674,-0.18706156,-0.19531485,-0.20658675,-0.20658675,-0.25622827,-0.18923575,-0.19216593,-0.25182468,-0.31196946,-0.25765103,-0.18759312,-0.19224547
k__Bacteria|p__Proteobacteria|c__Gammaproteobacteria|o__Enterobacteriales|f__Enterobacteriaceae|g__Escherichia|s__unclassified,-0.12927775,1.2030321,-0.12356861,-0.09432028,-0.09873904,-0.13171859,-0.12501004,-0.13059536,-0.061501116,-0.028724927,-0.19440371,0.7423663,-0.124535084,-0.09247918,-0.09651462,-0.13181593,-0.12754512,-0.1275633,-0.06172825,-0.028639968,2.1738796,-0.12760559,-0.12865365,-0.061539844,-0.028536975,-0.13219664,-0.12625661,-0.12770814,-0.061658204,-0.028626628,-0.23875734,0.9769375,-0.12493053,-0.09410936,-0.097459145,-0.13035631,-0.12616217,-0.12802604,-0.061746605,-0.028647827,-0.13208401,-0.30590335,-0.12432824,-0.09356536,-0.0968078,-0.2851582,0.9533424,-0.12416266,-0.09560642,-0.09750538,-0.12800807,-0.3272691,-0.12586015,-0.09299418,-0.097213194,2.4262984,-0.13081163,-0.13260876,-0.06085428,-0.028633438,1.708479,1.6985786,-0.12902474,-0.09554759,-0.0975789,-0.13187538,-0.13174912,-0.13180931,-0.061505273,-0.028834496,-0.13278471,-0.12399064,-0.31877366,-0.12847787,-0.13136199,-0.13977674,-0.19459927,-0.12751386,-0.09493777,-0.09625572,-0.20658675,-0.20658675,-0.12975605,-0.094480656,-0.09720963,-0.13275036,-0.31196946,-0.13025853,-0.09483114,-0.097573765
k__Bacteria|p__Proteobacteria|c__Gammaproteobacteria|o__Pasteurellales|f__Pasteurellaceae|g__Haemophilus|s__parainfluenzae,0.33573392,-0.31904158,0.4179513,0.24376154,0.20866477,0.30721915,0.41221225,0.3131746,0.15155606,0.062144034,2.174886,0.7468641,0.39697146,0.2720332,0.24408054,0.29776102,0.36244363,0.36292642,0.15026772,0.0629309,-0.26184985,0.3548839,0.3392641,0.15406415,0.06396483,0.2934767,0.38371438,0.3547386,0.15026537,0.06324519,-0.23875734,0.90231436,0.39631844,0.24703099,0.22848439,0.32048902,0.3805563,0.34843212,0.14702943,0.06208498,0.2910753,1.0135772,0.4039837,0.25199795,0.24417719,1.2034612,0.93742883,0.41313678,0.23327531,0.22832872,0.35139477,0.7414213,0.385885,0.26200333,0.23406048,1.9719518,0.315569,0.28640658,0.16513592,0.06378938,-0.256234,-0.2358737,0.33474648,0.21869132,0.23005506,0.2986738,0.29434362,0.28517932,0.15511388,0.061273742,0.29488662,0.42470986,0.8515136,0.34277424,0.301459,0.17828566,-0.19459927,0.3540746,0.2271185,0.24728456,-0.20658675,-0.20658675,0.3136426,0.23592088,0.23252362,0.28319234,-0.31196946,0.31299084,0.22882934,0.22976696
k__Bacteria|p__Proteobacteria|c__Betaproteobacteria|o__Burkholderiales|f__Alcaligenaceae|g__Sutterella|s__unclassified,-0.2608707,-0.31904158,-0.27567464,-0.19071698,-0.18679798,-0.25637782,-0.27711117,-0.25710386,-0.12229265,-0.054712255,-0.19440371,1.3667103,-0.2712295,-0.19612509,-0.19357614,-0.25415647,-0.26659107,-0.2666278,-0.12224123,-0.05491386,-0.26184985,-0.26487565,-0.26174933,-0.12294394,-0.054995775,-0.25348878,-0.27081692,-0.26461923,-0.1221828,-0.054975156,-0.23875734,-0.32284898,-0.2717051,-0.19139706,-0.19047046,-0.2583202,-0.26985088,-0.26338428,-0.12143569,-0.05467902,-0.25229645,-0.30590335,-0.27335942,-0.19211152,-0.19393149,-0.2851582,-0.31692833,-0.27536106,-0.18970266,-0.1906214,-0.26337087,-0.3272691,-0.27025384,-0.19422394,-0.19168907,-0.20411447,-0.25830987,-0.25238165,-0.12511337,-0.05504083,-0.256234,-0.2358737,-0.26119056,-0.18526685,-0.19122306,-0.2545543,-0.25369096,-0.25106806,-0.12331492,-0.054693397,-0.2546089,-0.27902317,1.5304493,-0.2619849,-0.2554838,-0.23245044,-0.19459927,-0.26417035,-0.18653512,-0.19426176,-0.20658675,-0.20658675,-0.25626415,-0.18850148,-0.19146855,-0.25140932,0.5071543,-0.2566014,-0.18736708,-0.1909896
k__Bacteria|p__Proteobacteria|c__Gammaproteobacteria|o__Pasteurellales|f__Pasteurellaceae|g__Haemophilus|s__unclassified,0.66960865,-0.31904158,0.7812387,0.49028578,0.4448954,0.6352542,0.781008,0.64294684,0.30797684,0.13167691,2.293215,0.95427823,0.7523413,0.528792,0.4937677,0.62092614,0.71048105,0.71164805,0.30664167,0.13247344,1.4504809,0.6979748,0.67663264,0.31189632,0.13384159,0.61537796,0.73952484,0.69777185,0.30646455,0.13299164,-0.23875734,1.3968563,0.7523327,0.49494565,0.4718243,0.65157104,0.73282343,0.6889756,0.30150437,0.13129488,0.6077498,1.1294252,0.760789,0.4998666,0.49426815,-0.2851582,1.1040795,0.77614075,0.47928205,0.47191796,0.6894,1.3210824,0.73857737,0.51488113,0.48010552,1.9702644,0.65013874,0.60730493,0.32788754,0.13423498,1.592727,-0.2358737,0.6711948,0.45342577,0.4747504,0.62291944,0.6169219,0.60219836,0.31369305,0.13063392,0.6192208,0.79520404,0.8960495,0.67928135,0.6278374,0.46460667,-0.19459927,0.69730127,0.46457922,0.49837485,-0.20658675,-0.20658675,0.64107704,0.47715154,0.47790414,0.60073733,0.3868549,0.64137685,0.46774632,0.4746362
k__Bacteria|p__Proteobacteria|c__Alphaproteobacteria|o__RF32|f__unclassified|g__unclassified|s__unclassified,-0.26066676,-0.31904158,-0.2810988,-0.19129568,-0.18520874,-0.25504962,-0.28036508,-0.25666097,-0.122484595,-0.054201115,-0.19440371,-0.32539368,-0.27584153,-0.19750156,-0.1934698,-0.2523417,-0.26855487,-0.26879275,-0.122057915,-0.05429236,-0.26184985,-0.26658693,-0.26236138,-0.12287486,-0.0548574,-0.2513969,-0.27341118,-0.26599577,-0.12218028,-0.054245964,-0.23875734,-0.32284898,-0.27487993,-0.19177279,-0.18955679,-0.25752115,-0.2723866,-0.26452678,-0.1211822,-0.054093316,-0.24941604,-0.30590335,-0.27743596,-0.19278282,-0.19335213,-0.2851582,-0.31692833,-0.27770698,-0.18869446,-0.18938294,-0.2636376,-0.3272691,-0.27249748,-0.19554779,-0.19090602,-0.20411447,-0.2598309,-0.25045493,-0.12637924,-0.054984957,-0.256234,-0.2358737,-0.26227885,-0.1845086,-0.18994227,-0.25307238,-0.2521055,-0.2498143,-0.123299256,-0.053956635,-0.25151896,-0.28144217,-0.31877366,-0.26255655,-0.2534722,-0.22865862,-0.19459927,-0.26770556,-0.18628307,-0.19412819,-0.20658675,-0.20658675,-0.25765592,-0.1881921,-0.19045907,-0.24868226,0.39758262,-0.25702667,-0.18725444,-0.1899
k__Bacteria|p__Actinobacteria|c__Actinobacteria|o__Actinomycetales|f__Actinomycetaceae|g__Actinomyces|s__unclassified,-0.26366097,-0.31904158,-0.28107607,-0.19310708,-0.1881962,-0.25927398,-0.28322318,-0.25992486,-0.123531416,-0.055222776,-0.19440371,-0.32539368,-0.27632266,-0.19934174,-0.19618887,-0.25669742,-0.27095348,-0.27116227,-0.123435125,-0.055307914,1.4496787,-0.2685253,-0.26518252,-0.12436481,-0.05543752,-0.2558585,-0.2758004,-0.26834804,-0.12333302,-0.055451095,1.7685717,-0.32284898,-0.27679008,-0.19389181,-0.1925298,-0.2616378,-0.2741189,-0.26685005,-0.12240893,-0.055086914,-0.25372258,1.0222162,-0.27764124,-0.1943826,-0.19655488,-0.2851582,-0.31692833,-0.28096366,-0.19215941,-0.1927005,-0.2665804,-0.3272691,-0.27462018,-0.19695124,-0.19404742,-0.20411447,-0.2621122,-0.25475383,-0.12709802,-0.055655412,-0.256234,-0.2358737,-0.26438573,-0.18666033,-0.19331706,-0.2571007,-0.25595242,-0.2528567,-0.1246993,-0.055114098,-0.25747266,-0.2848352,-0.31877366,-0.26496705,-0.25788665,-0.23278597,-0.19459927,-0.26856008,-0.18825826,-0.19698721,-0.20658675,-0.20658675,-0.25895008,-0.19050035,-0.19362473,-0.25350183,-0.31196946,-0.2592489,-0.18892902,-0.19329146
k__Bacteria|p__Actinobacteria|c__Actinobacteria|o__Actinomycetales|f__Actinomycetaceae|g__Parascardovia|s__unclassified,-0.26103014,-0.31904158,-0.2802252,-0.19181019,-0.18602806,-0.2574209,-0.2831748,-0.25824338,-0.122337826,-0.054679297,-0.19440371,-0.32539368,-0.27498877,-0.1979159,-0.194172,-0.25382704,-0.26995325,-0.27033132,-0.12238683,-0.05450031,-0.26184985,-0.2660182,-0.26284516,-0.1233525,-0.05485055,-0.25269514,-0.27423298,-0.26668066,-0.12204358,-0.054605104,1.7786888,-0.32284898,-0.275056,-0.19270216,-0.1904345,-0.25866386,-0.27251002,-0.26513588,-0.12101057,-0.054330084,-0.2501235,-0.30590335,-0.27518833,-0.19215252,-0.1947613,-0.2851582,-0.31692833,-0.28011113,-0.19106163,-0.19031623,-0.26301455,-0.3272691,-0.2736298,-0.19558108,-0.19224215,-0.20411447,-0.2609301,-0.2528078,-0.12654546,-0.05543673,-0.256234,-0.2358737,-0.2623607,-0.18448117,-0.19117711,-0.25458255,-0.2531262,-0.24968888,-0.12374503,-0.054437242,-0.2543112,-0.28412813,-0.31877366,-0.26332676,-0.25467062,-0.22929862,-0.19459927,-0.26696277,-0.18687221,-0.19510444,-0.20658675,-0.20658675,-0.2566921,-0.18876392,-0.19126038,-0.25012046,-0.31196946,-0.25758338,-0.18688768,-0.19148871
k__Bacteria|p__Actinobacteria|c__Actinobacteria|o__Actinomycetales|f__Corynebacteriaceae|g__Corynebacterium|s__unclassified,-0.26674378,-0.31904158,-0.28382757,-0.19495325,-0.19024259,-0.2618847,-0.28482604,-0.2627359,-0.12495558,-0.055799127,-0.19440371,-0.32539368,-0.27904788,-0.20087628,-0.19782056,-0.25933242,-0.2733013,-0.27340132,-0.12486909,-0.05593858,-0.26184985,-0.27107123,-0.2678051,-0.12569569,-0.056090027,-0.25854573,-0.27787638,-0.2710762,-0.1247806,-0.056014534,-0.23875734,-0.32284898,-0.27934042,-0.19573814,-0.19436155,-0.26398063,-0.27671897,-0.26965177,-0.12395686,-0.0557086,-0.25719237,-0.30590335,-0.28084886,-0.19640015,-0.19820118,-0.2851582,-0.31692833,-0.28330746,-0.19375995,-0.19448096,-0.2696423,-0.3272691,-0.27753437,-0.19879897,-0.19577163,-0.20411447,-0.26407373,-0.257392,-0.12814827,-0.056196347,-0.256234,-0.2358737,-0.26715493,-0.18914095,-0.19508994,-0.25968215,-0.25866482,-0.25600803,-0.12608123,-0.055721596,-0.25979203,-0.28681308,-0.31877366,-0.2683831,-0.26036367,-0.23509009,-0.19459927,-0.27077734,-0.1907205,-0.19848397,-0.20658675,-0.20658675,-0.2618984,-0.19279687,-0.19533384,-0.25617626,-0.31196946,-0.26223886,-0.19133276,-0.19497347
k__Bacteria|p__Actinobacteria|c__Actinobacteria|o__Actinomycetales|f__Micrococcaceae|g__Rothia|s__mucilaginosa,-0.26182383,-0.31904158,-0.280348,-0.19177067,-0.18641382,-0.2571832,-0.28119463,-0.25810763,-0.122630924,-0.054734856,-0.19440371,-0.32539368,-0.27488363,-0.19800982,-0.19427858,-0.2542187,-0.26909235,-0.26940614,-0.12269178,-0.05478967,1.4488758,-0.26656926,-0.26321512,-0.12355056,-0.05502133,-0.2533164,-0.27365565,-0.26660413,-0.12246788,-0.054901235,1.7644602,-0.32284898,-0.27526516,-0.19259308,-0.19075836,-0.25910673,-0.2725018,-0.26523793,-0.12161068,-0.05457585,-0.25168964,-0.30590335,-0.27692634,-0.19295992,-0.19482908,-0.2851582,-0.31692833,-0.28003037,-0.1906093,-0.19078666,-0.2644019,-0.3272691,-0.2737808,-0.19559202,-0.1922549,-0.20411447,-0.25939888,-0.25256276,-0.12620819,-0.055271894,-0.256234,-0.2358737,-0.26250613,-0.18542741,-0.191545,-0.25497788,-0.25378585,-0.25067288,-0.1239427,-0.054667875,-0.25452578,-0.28294426,-0.31877366,-0.26420742,-0.2555154,-0.2295286,-0.19459927,-0.2664435,-0.18734662,-0.19515729,-0.20658675,-0.20658675,-0.25687498,-0.18941498,-0.19184923,-0.25105035,0.3884449,-0.25756902,-0.1876888,-0.19152486
k__Bacteria|p__Actinobacteria|c__Actinobacteria|o__Bifidobacteriales|f__Bifidobacteriaceae|g__Bifidobacterium|s__longum,0.57891774,1.4016058,0.69091165,0.4237798,0.3761352,0.5426041,0.69215417,0.5513758,0.26450413,0.111711845,-0.19440371,0.77839863,0.6625432,0.46297246,0.426004,0.5284363,0.62012446,0.6210236,0.26289272,0.112491496,1.5773348,0.6073962,0.5854709,0.26837993,0.11383852,0.5227412,0.6497834,0.60688245,0.26284134,0.11304434,-0.23875734,0.9784772,0.6620353,0.42861193,0.40353656,0.5597121,0.64247584,0.5978007,0.25762329,0.11131983,0.5156254,1.417218,0.6700127,0.43345731,0.42637837,-0.2851582,-0.31692833,0.68605727,0.41261545,0.4038312,0.59873825,0.86526304,0.6476662,0.4490263,0.41181013,-0.20411447,0.5603421,0.51550615,0.2852335,0.11440565,1.7353671,1.6954653,0.5804249,0.3865536,0.4063031,0.52952784,0.5245556,0.51019347,0.27041614,0.11074313,0.5277959,0.7075138,0.8788449,0.58668363,0.53595984,0.36841872,-0.19459927,0.6070798,0.39733264,0.43051296,-0.20658675,-0.20658675,0.55046695,0.41017997,0.40967324,0.5073978,0.73434216,0.54949355,0.40111,0.40621224
k__Bacteria|p__Actinobacteria|c__Actinobacteria|o__Bifidobacteriales|f__Bifidobacteriaceae|g__Bifidobacterium|s__adolescentis,-0.25863767,0.8989615,-0.27540845,-0.1891643,-0.18436557,-0.2539469,-0.2762127,-0.25468767,-0.12110902,-0.05409987,-0.19440371,-0.32539368,-0.2709241,-0.19492064,-0.1917611,-0.25140578,-0.26501858,-0.26536515,-0.12099531,-0.05414691,1.4491435,-0.26269037,-0.2594489,-0.12178931,-0.054385412,-0.25057432,-0.269396,-0.2628523,-0.1208808,-0.05422027,-0.23875734,1.1013774,-0.27106625,-0.18983066,-0.18844537,-0.25609946,-0.26806784,-0.26142758,-0.12000545,-0.05395415,-0.24903208,-0.30590335,-0.27190152,-0.19024308,-0.19201396,-0.2851582,-0.31692833,-0.27499098,-0.18799525,-0.18844025,-0.26135707,-0.3272691,-0.26916188,-0.19276094,-0.18972167,-0.20411447,-0.25627375,-0.249442,-0.12429458,-0.054525547,1.5816442,-0.2358737,-0.25880265,-0.18320361,-0.18896103,-0.2517119,-0.25050128,-0.24801645,-0.12213662,-0.053973302,-0.2516907,-0.27811593,-0.31877366,-0.25994754,-0.2523237,-0.22785284,-0.19459927,-0.26269323,-0.18484008,-0.19248518,-0.20658675,-0.20658675,-0.2538702,-0.18678507,-0.18936566,-0.24824607,0.39038485,-0.2543025,-0.18533175,-0.18903786
k__Bacteria|p__Actinobacteria|c__Actinobacteria|o__Bifidobacteriales|f__Bifidobacteriaceae|g__Bifidobacterium|s__unclassified,0.44818467,0.93771863,0.5723107,0.3276354,0.27459997,0.4061503,0.5655116,0.4177351,0.20246649,0.08200039,-0.19440371,0.75431573,0.5422334,0.3703306,0.32825,0.39297616,0.49140796,0.49232307,0.20013613,0.083159424,1.725034,0.4804723,0.45651704,0.20579287,0.08474843,0.3866067,0.52325714,0.4796618,0.20054168,0.08366912,-0.23875734,-0.32284898,0.54053485,0.33268762,0.30438805,0.42689285,0.5176109,0.47014117,0.19563842,0.08202458,0.38066614,2.016435,0.55106556,0.3397048,0.3271338,-0.2851582,1.1198413,0.56457895,0.31164178,0.3043133,0.47204196,1.1647794,0.5237299,0.3554629,0.31288666,-0.20411447,0.42321962,0.37705404,0.22330162,0.08465376,1.6566073,-0.2358737,0.4497253,0.289015,0.3061681,0.39452815,0.38950622,0.37612283,0.20737167,0.08048387,0.3871137,0.58301383,0.86020154,0.45878908,0.40083474,0.2181992,-0.19459927,0.4801102,0.30149394,0.3332554,-0.20658675,-0.20658675,0.4200726,0.31474918,0.3106454,0.37073272,0.39740768,0.41747534,0.30507746,0.30602872
k__Bacteria|p__Cyanobacteria|c__4C0d-2|o__YS2|f__unclassified|g__unclassified|s__unclassified,-0.26385325,-0.31904158,-0.28386602,-0.1955091,-0.1893267,-0.2605582,-0.28495544,-0.26241696,-0.12496874,-0.055452473,-0.19440371,-0.32539368,-0.27855182,-0.2010062,-0.19675812,-0.2575583,-0.2731007,-0.27375227,-0.12504463,-0.05558453,-0.26184985,-0.2709621,-0.26713455,-0.12570167,-0.056019593,-0.25684577,-0.2774413,-0.27085823,-0.124869995,-0.055524748,-0.23875734,-0.32284898,-0.27824602,-0.19605215,-0.19337608,-0.26223987,-0.27674365,-0.26966256,-0.12391701,-0.05531419,-0.2538425,-0.30590335,-0.28123593,-0.19656034,-0.197398,-0.2851582,-0.31692833,-0.28212488,-0.1944808,-0.19339022,-0.2667175,-0.3272691,-0.27777636,-0.19930986,-0.19473615,-0.20411447,-0.26449355,-0.2560553,-0.12819035,-0.056090325,-0.256234,-0.2358737,-0.26749828,-0.18862988,-0.19436044,-0.25867692,-0.25808924,-0.25501946,-0.1262705,-0.05554466,-0.25682497,-0.28539848,-0.31877366,-0.26866615,-0.2598754,-0.23451135,-0.19459927,-0.27122194,-0.19034803,-0.19766292,-0.20658675,-0.20658675,-0.2616279,-0.19216663,-0.1946481,-0.25442016,-0.31196946,-0.26275945,-0.19119613,-0.19412665
k__Bacteria|p__Cyanobacteria|c__Chloroplast|o__Streptophyta|f__unclassified|g__unclassified|s__unclassified,-0.2652036,-0.31904158,-0.28216714,-0.19390738,-0.18920112,-0.26046428,-0.28328192,-0.26120794,-0.124192595,-0.055485312,-0.19440371,-0.32539368,-0.27753645,-0.19982108,-0.1967232,-0.2578738,-0.27174237,-0.27200535,-0.12412349,-0.055561535,-0.26184985,-0.26934683,-0.26603684,-0.12491065,-0.05576491,-0.25702655,-0.2762057,-0.26950967,-0.123985015,-0.055637177,-0.23875734,-0.32284898,-0.27777696,-0.19463764,-0.19331862,-0.26255113,-0.2749074,-0.26804203,-0.12311758,-0.055353552,-0.2554673,-0.30590335,-0.27880833,-0.19501969,-0.19702479,-0.2851582,-0.31692833,-0.28193736,-0.19279629,-0.1933639,-0.26785743,-0.3272691,-0.2759598,-0.19760878,-0.19465336,-0.20411447,-0.26269412,-0.25589347,-0.12743875,-0.055922113,-0.256234,-0.2358737,-0.26538706,-0.18782638,-0.19393095,-0.25820887,-0.25699496,-0.2543471,-0.1253143,-0.055383936,-0.25837272,-0.28520122,-0.31877366,-0.26663145,-0.25885367,-0.23390567,-0.19459927,-0.26904953,-0.18949997,-0.19746596,-0.20658675,-0.20658675,-0.2602188,-0.19150612,-0.19430268,-0.25466913,-0.31196946,-0.2607262,-0.19003677,-0.19394693
k__Bacteria|p__Fusobacteria|c__Fusobacteria|o__Fusobacteriales|f__Fusobacteriaceae|g__Fusobacterium|s__unclassified,-0.26248264,-0.31904158,-0.28060877,-0.19249277,-0.18709901,-0.25835806,-0.28316525,-0.25898334,-0.12314172,-0.054959394,-0.19440371,0.8722917,-0.275155,-0.19894284,-0.19542995,-0.25537974,-0.27036154,-0.27043253,-0.12310704,-0.055129148,-0.26184985,-0.26792157,-0.26438004,-0.124025345,-0.055212557,-0.25483978,-0.27574354,-0.26730555,-0.12309904,-0.055258743,-0.23875734,-0.32284898,-0.2760557,-0.19344676,-0.19142222,-0.26036873,-0.27357703,-0.26562393,-0.12211451,-0.05484715,-0.25237173,1.0286467,-0.2777835,-0.1942653,-0.1960308,-0.2851582,-0.31692833,-0.2798202,-0.19211607,-0.1918447,-0.26576486,-0.3272691,-0.2736082,-0.19688407,-0.19330665,-0.20411447,-0.26167116,-0.25370827,-0.12681566,-0.055358842,-0.256234,-0.2358737,-0.263848,-0.1863139,-0.19268337,-0.25593305,-0.25493976,-0.2515024,-0.12460631,-0.05493602,-0.25702742,-0.28431895,-0.31877366,-0.26433465,-0.25704265,-0.23187959,-0.19459927,-0.26799354,-0.18732132,-0.19610414,-0.20658675,-0.20658675,-0.25776142,-0.19005173,-0.19264379,-0.25201088,-0.31196946,-0.2580337,-0.1886602,-0.1924592
k__Bacteria|p__Fusobacteria|c__Fusobacteria|o__Fusobacteriales|f__Fusobacteriaceae|g__unclassified|s__unclassified,-0.2644807,-0.31904158,-0.28524932,-0.19422701,-0.18921395,-0.26033598,-0.28457564,-0.26208624,-0.124365844,-0.055517863,-0.19440371,-0.32539368,-0.27954227,-0.2001484,-0.19671106,-0.25708193,-0.27249908,-0.27356696,-0.12446684,-0.055422656,-0.26184985,-0.26939094,-0.2665101,-0.1252586,-0.05583655,-0.25606924,-0.276658,-0.27037632,-0.12409482,-0.055505157,-0.23875734,-0.32284898,-0.2796393,-0.1948991,-0.19349568,-0.26185608,-0.2753324,-0.26907188,-0.12319435,-0.05525188,-0.25380898,-0.30590335,-0.2810374,-0.19484149,-0.19741175,-0.2851582,-0.31692833,-0.28515488,-0.19324867,-0.19335711,-0.2665207,-0.3272691,-0.27827802,-0.19798818,-0.19471705,-0.20411447,-0.2628432,-0.25613332,-0.12822671,-0.056220785,-0.256234,-0.2358737,-0.2659406,-0.18825728,-0.19400476,-0.25795388,-0.25657618,-0.25413096,-0.12572044,-0.05549966,-0.2571088,-0.28574526,-0.31877366,-0.26856995,-0.25863457,-0.23271225,-0.19459927,-0.2698562,-0.18999457,-0.1976105,-0.20658675,-0.20658675,-0.26034242,-0.19203673,-0.19447838,-0.25371903,-0.31196946,-0.2613725,-0.1902205,-0.19423132
k__Bacteria|p__Tenericutes|c__Mollicutes|o__RF39|f__unclassified|g__unclassified|s__unclassified,-0.25887752,-0.31904158,-0.277755,-0.19207904,-0.18686827,-0.25594282,-0.28263086,-0.2590286,-0.12307039,-0.055059485,-0.19440371,-0.32539368,-0.27409685,-0.19962907,-0.19581749,-0.25451368,-0.2705189,-0.27041075,-0.12290934,-0.055148676,-0.26184985,-0.2688961,-0.2649668,-0.123788536,-0.055117786,-0.2533008,-0.2752025,-0.26734293,-0.12283231,-0.055519313,-0.23875734,-0.32284898,-0.2743082,-0.1936249,-0.19193168,-0.25992945,-0.27393168,-0.26633853,-0.12211573,-0.05509723,-0.24926522,-0.30590335,-0.274423,-0.19377849,-0.19545792,-0.2851582,-0.31692833,-0.27893,-0.19062856,-0.1922673,-0.26325667,-0.3272691,-0.27233344,-0.19662924,-0.19358301,-0.20411447,-0.26259142,-0.25350353,-0.12667789,-0.05544158,-0.256234,-0.2358737,-0.26440486,-0.18488584,-0.19234195,-0.2553082,-0.25630438,-0.25288963,-0.12423003,-0.05491104,-0.25372815,-0.28335112,-0.31877366,-0.26234686,-0.25731716,-0.23189887,-0.19459927,-0.2705341,-0.18751872,-0.19711281,-0.20658675,-0.20658675,-0.26069158,-0.18990728,-0.19345516,-0.25147992,-0.31196946,-0.25908,-0.18803492,-0.19279402
k__Bacteria|p__Verrucomicrobia|c__Verrucomicrobiae|o__Verrucomicrobiales|f__Verrucomicrobiaceae|g__Akkermansia|s__muciniphila,-0.2634202,-0.31904158,-0.279379,-0.19317815,-0.18844259,-0.25880408,-0.28150356,-0.25975725,-0.123605125,-0.055208642,-0.19440371,-0.32539368,-0.27505374,-0.19895987,-0.19558157,-0.25648126,-0.27009028,-0.27025628,-0.123642825,-0.055316214,-0.26184985,-0.26804504,-0.26437634,-0.124295056,-0.055530578,-0.25562763,-0.27440315,-0.2678969,-0.12340762,-0.055360973,-0.23875734,-0.32284898,-0.2753448,-0.19390148,-0.1923329,-0.2610072,-0.27329192,-0.26639915,-0.122590356,-0.055106804,-0.25413957,-0.30590335,-0.27663872,-0.19410017,-0.19592059,-0.2851582,-0.31692833,-0.27966136,-0.19208036,-0.19247743,-0.26576853,-0.3272691,-0.27413094,-0.19678803,-0.19366036,-0.20411447,-0.26143497,-0.25442752,-0.12664893,-0.055705205,-0.256234,-0.2358737,-0.2640821,-0.18683249,-0.19307163,-0.2567976,-0.25595373,-0.25305253,-0.12485924,-0.055174097,-0.2571684,-0.28324398,-0.31877366,-0.26503068,-0.2579361,-0.23282965,-0.19459927,-0.2673369,-0.18852141,-0.19661638,-0.20658675,-0.20658675,-0.25885934,-0.19031931,-0.19346711,-0.25332567,0.5839266,-0.25959855,-0.18920971,-0.19302896
