#OTU ID,T000272.0,T000272.1,T000272.2,T000272.3,T000272.4,T000461.0,T000461.1,T000461.2,T000461.3,T000461.4,T002534.0,T002534.1,T002534.2,T002534.3,T002534.4,T003950.0,T003950.1,T003950.2,T003950.3,T003950.4,T005999.0,T005999.1,T005999.2,T005999.3,T005999.4,T007748.0,T007748.1,T007748.2,T007748.3,T007748.4,T008025.0,T008025.1,T008025.2,T008025.3,T008025.4,T008631.0,T008631.1,T008631.2,T008631.3,T008631.4,T009280.0,T009280.1,T009280.2,T009280.3,T009280.4,T009909.0,T009909.1,T009909.2,T009909.3,T009909.4,T010520.0,T010520.1,T010520.2,T010520.3,T010520.4,T010532.0,T010532.1,T010532.2,T010532.3,T010532.4,T012138.0,T012138.1,T012138.2,T012138.3,T012138.4,T012374.0,T012374.1,T012374.2,T012374.3,T012374.4,T012389.0,T012389.1,T012389.2,T012389.3,T012389.4,T013832.0,T013832.1,T013832.2,T013832.3,T013832.4,T014827.0,T014827.1,T014827.2,T014827.3,T014827.4,T017394.0,T017394.1,T017394.2,T017394.3,T017394.4,T018343.0,T018343.1,T018343.2,T018343.3,T018343.4,T019021.0,T019021.1,T019021.2,T019021.3,T019021.4,T019031.0,T019031.1,T019031.2,T019031.3,T019031.4,T019850.0,T019850.1,T019850.2,T019850.3,T019850.4,T020231.0,T020231.1,T020231.2,T020231.3,T020231.4,T021076.0,T021076.1,T021076.2,T021076.3,T021076.4,T021613.0,T021613.1,T021613.2,T021613.3,T021613.4,T023390.0,T023390.1,T023390.2,T023390.3,T023390.4,T023909.0,T023909.1,T023909.2,T023909.3,T023909.4,T024121.0,T024121.1,T024121.2,T024121.3,T024121.4,T028183.0,T028183.1,T028183.2,T028183.3,T028183.4
k__Bacteria|p__Firmicutes|c__Bacilli|o__Lactobacillales|f__Enterococcaceae|g__unclassified|s__unclassified,-0.28574407,-0.32443213,-0.3514585,-0.3514585,-0.35537535,-0.31121662,-0.34956193,-0.35552558,-0.35036126,-0.35681972,-0.3313659,-0.3067902,-0.34527826,-0.3436599,-0.33899614,-0.32023996,-0.3513301,-0.32141212,-0.33758917,-0.34701893,-0.2703327,-0.35307166,-0.3462141,-0.35720402,-0.34060052,-0.3366719,-0.3505267,-0.3390997,-0.35079718,-0.3507362,-0.31815568,-0.30771792,-0.26893306,-0.35735446,-0.33666402,-0.25396472,-0.33594304,-0.35719213,-0.3509197,-0.345838,-0.26324958,-0.34331423,-0.34331423,-0.3421979,-0.35658726,-0.2568045,-0.28815714,-0.34594566,-0.35437846,-0.35713702,-0.27991652,-0.270654,-0.27204362,-0.35545924,-0.34418643,-0.3133456,-0.35199606,-0.35533303,-0.34445426,-0.35140985,-0.32914695,-0.32914695,-0.35751456,-0.3593669,-0.35379392,-0.28258806,-0.32530418,-0.3465716,-0.3446649,-0.3479629,-0.32213587,-0.34426677,-0.32729015,-0.35061598,-0.34904224,-0.26304597,-0.26091534,-0.35085052,-0.34404397,-0.35182393,-0.31283143,-0.3326372,-0.35188997,-0.35933927,-0.35463315,-0.2547989,-0.24514951,-0.35424852,-0.35418794,-0.35748485,-0.33525,-0.2645283,-0.3565628,-0.3423161,-0.35072693,-0.30899876,-0.33175072,-0.30649143,-0.36058763,-0.35280955,-0.27306527,-0.304123,-0.34015253,-0.33709,-0.3462466,-0.26381022,-0.3555616,-0.35609764,-0.35768664,-0.35827664,-0.3433188,-0.35637724,-0.3577867,-0.34833512,-0.35834262,-0.18443729,-0.31538883,-0.33845827,-0.33139998,-0.34460402,-0.34652692,-0.35169965,-0.35109764,-0.3502625,-0.35303077,-0.32128388,-0.3174648,-0.35918453,-0.35071632,-0.32756048,-0.2788417,-0.3442507,0.5815406,-0.35925305,-0.3556554,-0.2728125,-0.3173398,-0.3508603,-0.3255347,-0.34978673,-0.2555955,-0.2555955,-0.35720906,-0.35404736,-0.3506952
k__Bacteria|p__Firmicutes|c__Clostridia|o__Clostridiales|f__Clostridiaceae|g__Peptoniphilus|s__asaccharolyticus,-0.28574407,-0.32443213,-0.3514585,-0.3514585,-0.35537535,-0.31121662,-0.34956193,-0.35552558,-0.35036126,-0.35681972,-0.3313659,-0.3067902,-0.34527826,-0.3436599,-0.33899614,-0.3199677,-0.3513301,-0.32141212,-0.33758917,-0.34701893,-0.2703327,-0.35307166,-0.3462141,-0.35720402,-0.34060052,0.9384766,-0.3509429,-0.3401392,-0.3512668,-0.3508284,1.1321146,-0.30771792,-0.26893306,-0.35735446,-0.33666402,-0.25396472,-0.33594304,-0.35719213,-0.3509197,-0.345838,-0.26324958,-0.34331423,-0.34331423,-0.3421979,-0.35658726,-0.2568045,-0.28815714,-0.34594566,-0.35437846,-0.35713702,-0.27991652,-0.270654,-0.27204362,-0.35545924,-0.34418643,-0.3133456,-0.35199606,-0.35533303,-0.34445426,-0.35140985,-0.32914695,-0.32914695,-0.35751456,-0.3593669,-0.35379392,-0.282578,-0.3254233,-0.3465716,-0.3446649,-0.3479629,-0.32229835,-0.34426677,-0.32729015,-0.3511084,-0.34904224,-0.26304597,-0.26091534,-0.3513378,-0.34404397,-0.35182393,-0.31283143,-0.3326372,-0.35188997,-0.35933927,-0.35463315,-0.2547989,-0.24514951,-0.35424852,-0.35418794,-0.35748485,-0.33525,-0.2645283,-0.3565628,-0.3423161,-0.3512212,-0.30905938,-0.33172035,-0.30649143,-0.36058763,-0.35280955,-0.27306527,-0.304123,-0.34015253,-0.33709,-0.3462466,-0.26381022,-0.3555616,-0.35609764,-0.35768664,-0.35827664,-0.3433188,-0.35637724,-0.3577867,-0.34833512,-0.35834262,-0.18443729,-0.31538883,-0.33845827,-0.33139998,-0.34460402,-0.34652692,-0.35169965,-0.35109764,-0.3502625,-0.35303077,-0.32128388,-0.3174648,-0.35918453,-0.35123566,-0.32756048,-0.2788417,-0.3442507,-0.35489932,-0.35925305,-0.3556554,-0.2728125,-0.3173398,-0.35127184,-0.3255347,-0.34978673,-0.2555955,-0.2555955,-0.35720906,-0.35404736,-0.35059085
k__Bacteria|p__Firmicutes|c__Bacilli|o__Lactobacillales|f__Streptococcaceae|g__unclassified|s__unclassified,-0.28574407,-0.32443213,-0.3514585,-0.3514585,-0.35537535,-0.31121662,-0.34956193,-0.35552558,-0.35036126,-0.35681972,-0.3313659,-0.3067902,-0.34527826,-0.3436599,-0.33899614,-0.3201884,-0.3513301,1.1009456,-0.33758917,-0.34701893,-0.2703327,-0.35307166,-0.3462141,-0.35720402,-0.34060052,-0.3366719,-0.35044557,-0.33748823,-0.3501938,-0.34942365,-0.31815568,-0.30771792,-0.26893306,-0.35735446,-0.33666402,-0.25396472,-0.33594304,-0.35719213,-0.3509197,-0.345838,-0.26324958,-0.34331423,-0.34331423,-0.3421979,-0.35658726,-0.2568045,-0.28815714,-0.34594566,-0.35437846,-0.35713702,-0.27991652,-0.270654,-0.27204362,-0.35545924,-0.34418643,-0.3133456,-0.35199606,-0.35533303,-0.34445426,-0.35140985,-0.32914695,-0.32914695,-0.35751456,-0.3593669,-0.35379392,-0.2818364,-0.3261814,-0.3465716,-0.3446649,-0.3479629,-0.32224035,-0.34426677,-0.32729015,-0.3497526,-0.34904224,-0.26304597,-0.26091534,-0.35067368,-0.34404397,-0.35182393,-0.31283143,-0.3326372,-0.35188997,-0.35933927,-0.35463315,-0.2547989,-0.24514951,-0.35424852,-0.35418794,-0.35748485,-0.33525,-0.2645283,-0.3565628,-0.3423161,-0.3500617,-0.30908716,-0.33208203,-0.30649143,-0.36058763,-0.35280955,-0.27306527,-0.304123,-0.34015253,-0.33709,-0.3462466,-0.26381022,-0.3555616,-0.35609764,-0.35768664,-0.35827664,-0.3433188,-0.35637724,-0.3577867,-0.34833512,-0.35834262,-0.18443729,-0.31538883,-0.33845827,-0.33139998,-0.34460402,-0.34652692,-0.35169965,-0.35109764,-0.3502625,-0.35303077,-0.32128388,-0.3174648,-0.35918453,-0.34999603,-0.32756048,-0.2788417,-0.3442507,-0.35489932,-0.35925305,-0.3556554,-0.2728125,-0.3173398,-0.3503852,-0.3255347,-0.34978673,-0.2555955,-0.2555955,-0.35720906,-0.35404736,-0.34963727
k__Bacteria|p__Firmicutes|c__Clostridia|o__Coriobacteriales|f__Coriobacteriaceae|g__Collinsella|s__aerofaciens,-0.28574407,-0.32443213,-0.3514585,-0.3514585,-0.35537535,-0.31121662,-0.34956193,-0.35552558,-0.35036126,-0.35681972,-0.3313659,-0.3067902,-0.34527826,-0.3436599,-0.33899614,-0.31885025,-0.3513301,-0.32141212,-0.33758917,-0.34701893,-0.2703327,-0.35307166,-0.3462141,-0.35720402,-0.34060052,-0.3366719,-0.35008657,-0.33783758,-0.35047692,-0.35030305,-0.31815568,-0.30771792,-0.26893306,-0.35735446,-0.33666402,-0.25396472,-0.33594304,-0.35719213,-0.3509197,-0.345838,-0.26324958,-0.34331423,-0.34331423,-0.3421979,-0.35658726,-0.2568045,-0.28815714,-0.34594566,-0.35437846,-0.35713702,-0.27991652,-0.270654,-0.27204362,-0.35545924,-0.34418643,-0.3133456,-0.35199606,-0.35533303,-0.34445426,-0.35140985,1.0424414,1.0424414,-0.35751456,-0.3593669,-0.35379392,-0.2825283,-0.32355607,-0.3465716,-0.3446649,-0.3479629,-0.32075518,-0.34426677,-0.32729015,-0.35030782,-0.34904224,-0.26304597,-0.26091534,-0.35051197,-0.34404397,-0.35182393,-0.31283143,-0.3326372,-0.35188997,-0.35933927,-0.35463315,-0.2547989,-0.24514951,-0.35424852,-0.35418794,-0.35748485,-0.33525,-0.2645283,-0.3565628,-0.3423161,-0.35042024,-0.30812633,-0.32991445,-0.30649143,-0.36058763,-0.35280955,-0.27306527,-0.304123,-0.34015253,-0.33709,-0.3462466,-0.26381022,-0.3555616,-0.35609764,-0.35768664,-0.35827664,-0.3433188,-0.35637724,-0.3577867,-0.34833512,-0.35834262,-0.18443729,-0.31538883,-0.33845827,-0.33139998,-0.34460402,0.82439363,-0.35169965,-0.35109764,-0.3502625,-0.35303077,-0.32128388,-0.3174648,-0.35918453,-0.3504036,-0.32756048,-0.2788417,-0.3442507,0.57905084,-0.35925305,-0.3556554,-0.2728125,-0.3173398,-0.35046485,-0.3255347,-0.34978673,-0.2555955,-0.2555955,-0.35720906,-0.35404736,-0.35007566
k__Bacteria|p__Firmicutes|c__Clostridia|o__Clostridiales|f__Lachnospiraceae|g__Blautia|s__producta,-0.28574407,-0.32443213,-0.3514585,-0.3514585,-0.35537535,-0.31121662,-0.34956193,-0.35552558,-0.35036126,-0.35681972,-0.3313659,-0.3067902,-0.34527826,-0.3436599,0.6318818,-0.32163775,-0.3513301,-0.32141212,-0.33758917,-0.34701893,-0.2703327,-0.35307166,-0.3462141,-0.35720402,-0.34060052,-0.3366719,-0.35074574,-0.3429373,-0.35120276,-0.35097393,-0.31815568,-0.30771792,-0.26893306,-0.35735446,-0.33666402,-0.25396472,-0.33594304,-0.35719213,-0.3509197,-0.345838,-0.26324958,-0.34331423,-0.34331423,-0.3421979,-0.35658726,-0.2568045,-0.28815714,-0.34594566,-0.35437846,-0.35713702,-0.27991652,-0.270654,-0.27204362,-0.35545924,-0.34418643,-0.3133456,-0.35199606,-0.35533303,-0.34445426,-0.35140985,-0.32914695,-0.32914695,-0.35751456,-0.3593669,-0.35379392,-0.28383225,-0.32632434,-0.3465716,-0.3446649,-0.3479629,-0.32385167,-0.34426677,-0.32729015,-0.35117552,-0.34904224,-0.26304597,-0.26091534,-0.35108644,-0.34404397,-0.35182393,1.2276524,-0.3326372,-0.35188997,-0.35933927,-0.35463315,-0.2547989,-0.24514951,-0.35424852,-0.35418794,-0.35748485,-0.33525,-0.2645283,-0.3565628,-0.3423161,-0.35117754,-0.31034976,-0.33307338,-0.30649143,-0.36058763,-0.35280955,-0.27306527,-0.304123,-0.34015253,-0.33709,-0.3462466,-0.26381022,-0.3555616,-0.35609764,-0.35768664,-0.35827664,-0.3433188,-0.35637724,-0.3577867,-0.34833512,-0.35834262,-0.18443729,-0.31538883,-0.33845827,-0.33139998,-0.34460402,-0.34652692,-0.35169965,-0.35109764,-0.3502625,-0.35303077,-0.32128388,-0.3174648,-0.35918453,-0.35127166,-0.32756048,-0.2788417,-0.3442507,0.58020073,-0.35925305,-0.3556554,-0.2728125,-0.3173398,-0.35114324,-0.3255347,-0.34978673,-0.2555955,-0.2555955,-0.35720906,-0.35404736,-0.35064787
k__Bacteria|p__Firmicutes|c__Bacilli|o__Gemellales|f__Gemellaceae|g__unclassified|s__unclassified,-0.28574407,-0.32443213,-0.3514585,-0.3514585,-0.35537535,-0.31121662,-0.34956193,-0.35552558,-0.35036126,-0.35681972,0.9967171,-0.3067902,-0.34527826,-0.3436599,-0.33899614,-0.32024854,-0.3513301,1.1100423,-0.33758917,-0.34701893,-0.2703327,-0.35307166,-0.3462141,-0.35720402,-0.34060052,-0.3366719,-0.35152972,-0.34094125,-0.35234043,-0.35262635,-0.31815568,-0.30771792,-0.26893306,-0.35735446,-0.33666402,-0.25396472,-0.33594304,-0.35719213,-0.3509197,-0.345838,-0.26324958,-0.34331423,-0.34331423,-0.3421979,-0.35658726,-0.2568045,-0.28815714,-0.34594566,-0.35437846,-0.35713702,-0.27991652,-0.270654,-0.27204362,-0.35545924,-0.34418643,-0.3133456,-0.35199606,-0.35533303,-0.34445426,-0.35140985,-0.32914695,-0.32914695,-0.35751456,-0.3593669,-0.35379392,-0.2820464,-0.32420534,-0.3465716,-0.3446649,-0.3479629,-0.32183617,-0.34426677,-0.32729015,-0.35231498,-0.34904224,-0.26304597,-0.26091534,-0.3520487,-0.34404397,-0.35182393,-0.31283143,-0.3326372,-0.35188997,-0.35933927,-0.35463315,1.6744976,1.7589206,-0.35424852,-0.35418794,-0.35748485,-0.33525,-0.2645283,-0.3565628,-0.3423161,-0.35229236,-0.3087201,-0.33130205,-0.30649143,-0.36058763,-0.35280955,-0.27306527,-0.304123,-0.34015253,-0.33709,-0.3462466,-0.26381022,-0.3555616,-0.35609764,-0.35768664,-0.35827664,-0.3433188,-0.35637724,-0.3577867,-0.34833512,-0.35834262,-0.18443729,1.2083321,-0.33845827,-0.33139998,-0.34460402,-0.34652692,-0.35169965,-0.35109764,-0.3502625,-0.35303077,-0.32128388,1.1202046,-0.35918453,-0.35233283,-0.32756048,-0.2788417,-0.3442507,-0.35489932,-0.35925305,-0.3556554,-0.2728125,-0.3173398,-0.35225317,-0.3255347,-0.34978673,-0.2555955,-0.2555955,-0.35720906,-0.35404736,-0.35231304
k__Bacteria|p__Firmicutes|c__Bacilli|o__unclassified|f__unclassified|g__unclassified|s__unclassified,1.384919,-0.32443213,-0.3514585,-0.3514585,-0.35537535,-0.31121662,-0.34956193,-0.35552558,-0.35036126,-0.35681972,1.0061615,-0.3067902,-0.34527826,-0.3436599,-0.33899614,-0.32054663,-0.3513301,-0.32141212,-0.33758917,-0.34701893,-0.2703327,-0.35307166,-0.3462141,-0.35720402,-0.34060052,-0.3366719,-0.35061273,-0.33912936,-0.35102654,-0.3509033,-0.31815568,-0.30771792,-0.26893306,-0.35735446,-0.33666402,-0.25396472,-0.33594304,-0.35719213,-0.3509197,-0.345838,-0.26324958,-0.34331423,-0.34331423,-0.3421979,-0.35658726,-0.2568045,-0.28815714,-0.34594566,-0.35437846,-0.35713702,-0.27991652,-0.270654,-0.27204362,-0.35545924,-0.34418643,-0.3133456,-0.35199606,-0.35533303,-0.34445426,-0.35140985,-0.32914695,-0.32914695,-0.35751456,-0.3593669,-0.35379392,-0.28194955,-0.32569233,-0.3465716,-0.3446649,-0.3479629,-0.3224421,-0.34426677,-0.32729015,-0.35094318,-0.34904224,1.5920879,-0.26091534,-0.3510282,-0.34404397,-0.35182393,-0.31283143,-0.3326372,-0.35188997,-0.35933927,-0.35463315,-0.2547989,-0.24514951,-0.35424852,-0.35418794,-0.35748485,-0.33525,-0.2645283,-0.3565628,-0.3423161,-0.3509957,-0.30917007,-0.33221704,-0.30649143,-0.36058763,-0.35280955,-0.27306527,-0.304123,-0.34015253,-0.33709,-0.3462466,-0.26381022,-0.3555616,-0.35609764,-0.35768664,-0.35827664,-0.3433188,0.5557113,-0.3577867,-0.34833512,-0.35834262,-0.18443729,-0.31538883,-0.33845827,-0.33139998,-0.34460402,-0.34652692,-0.35169965,-0.35109764,-0.3502625,-0.35303077,-0.32128388,-0.3174648,-0.35918453,-0.3509843,-0.32756048,-0.2788417,-0.3442507,0.58716756,-0.35925305,-0.3556554,-0.2728125,-0.3173398,-0.35108307,-0.3255347,-0.34978673,-0.2555955,-0.2555955,-0.35720906,-0.35404736,-0.35081035
k__Bacteria|p__Firmicutes|c__Bacilli|o__Lactobacillales|f__Lactobacillaceae|g__Pediococcus|s__unclassified,-0.28574407,-0.32443213,-0.3514585,-0.3514585,-0.35537535,-0.31121662,-0.34956193,-0.35552558,-0.35036126,-0.35681972,-0.3313659,-0.3067902,-0.34527826,-0.3436599,-0.33899614,-0.3196028,-0.3513301,-0.32141212,-0.33758917,-0.34701893,-0.2703327,-0.35307166,-0.3462141,-0.35720402,-0.34060052,-0.3366719,-0.35067254,-0.34131747,-0.3513837,-0.3512696,-0.31815568,-0.30771792,-0.26893306,-0.35735446,-0.33666402,-0.25396472,-0.33594304,-0.35719213,-0.3509197,-0.345838,-0.26324958,-0.34331423,-0.34331423,-0.3421979,-0.35658726,-0.2568045,1.3964955,-0.34594566,-0.35437846,-0.35713702,-0.27991652,-0.270654,-0.27204362,-0.35545924,-0.34418643,-0.3133456,-0.35199606,-0.35533303,-0.34445426,-0.35140985,-0.32914695,-0.32914695,-0.35751456,-0.3593669,-0.35379392,-0.28137177,-0.32407844,-0.3465716,-0.3446649,-0.3479629,-0.32171744,-0.34426677,-0.32729015,-0.35147864,-0.34904224,-0.26304597,-0.26091534,-0.3511247,-0.34404397,-0.35182393,-0.31283143,-0.3326372,-0.35188997,-0.35933927,-0.35463315,-0.2547989,-0.24514951,-0.35424852,-0.35418794,-0.35748485,-0.33525,-0.2645283,-0.3565628,-0.3423161,-0.35139072,-0.30798167,-0.33102983,-0.30649143,-0.36058763,-0.35280955,-0.27306527,-0.304123,-0.34015253,-0.33709,-0.3462466,-0.26381022,-0.3555616,-0.35609764,-0.35768664,-0.35827664,-0.3433188,-0.35637724,-0.3577867,-0.34833512,-0.35834262,-0.18443729,-0.31538883,-0.33845827,-0.33139998,-0.34460402,-0.34652692,-0.35169965,-0.35109764,-0.3502625,-0.35303077,-0.32128388,-0.3174648,-0.35918453,-0.35150778,-0.32756048,-0.2788417,-0.3442507,-0.35489932,-0.35925305,-0.3556554,-0.2728125,-0.3173398,-0.35132477,-0.3255347,-0.34978673,-0.2555955,-0.2555955,-0.35720906,-0.35404736,-0.3509149
k__Bacteria|p__Firmicutes|c__Bacilli|o__Bacillales|f__Staphylococcaceae|g__Staphylococcus|s__unclassified,-0.28574407,-0.32443213,-0.3514585,-0.3514585,-0.35537535,-0.31121662,-0.34956193,-0.35552558,-0.35036126,-0.35681972,-0.3313659,-0.3067902,-0.34527826,-0.3436599,-0.33899614,-0.32040864,-0.3513301,-0.32141212,-0.33758917,-0.34701893,-0.2703327,-0.35307166,-0.3462141,-0.35720402,-0.34060052,-0.3366719,-0.3520413,-0.3400268,-0.35215107,-0.35192057,1.1335293,-0.30771792,-0.26893306,-0.35735446,-0.33666402,-0.25396472,-0.33594304,-0.35719213,-0.3509197,-0.345838,-0.26324958,-0.34331423,-0.34331423,-0.3421979,-0.35658726,1.7152783,-0.28815714,-0.34594566,-0.35437846,-0.35713702,-0.27991652,-0.270654,-0.27204362,-0.35545924,-0.34418643,-0.3133456,-0.35199606,-0.35533303,-0.34445426,-0.35140985,-0.32914695,-0.32914695,-0.35751456,-0.3593669,-0.35379392,-0.28173518,-0.32601574,-0.3465716,-0.3446649,-0.3479629,-0.32260036,-0.34426677,-0.32729015,-0.3518167,-0.34904224,1.587588,-0.26091534,-0.35236055,-0.34404397,-0.35182393,-0.31283143,-0.3326372,-0.35188997,-0.35933927,-0.35463315,-0.2547989,1.7702605,-0.35424852,-0.35418794,-0.35748485,-0.33525,-0.2645283,-0.3565628,-0.3423161,-0.35205102,-0.30907977,-0.33252424,-0.30649143,-0.36058763,-0.35280955,-0.27306527,-0.304123,-0.34015253,-0.33709,-0.3462466,-0.26381022,-0.3555616,-0.35609764,-0.35768664,-0.35827664,-0.3433188,-0.35637724,-0.3577867,-0.34833512,-0.35834262,-0.18443729,-0.31538883,-0.33845827,-0.33139998,-0.34460402,0.82027733,-0.35169965,-0.35109764,-0.3502625,-0.35303077,1.0843626,-0.3174648,-0.35918453,-0.3519835,-0.32756048,-0.2788417,-0.3442507,-0.35489932,-0.35925305,-0.3556554,-0.2728125,-0.3173398,-0.35221493,-0.3255347,-0.34978673,-0.2555955,-0.2555955,-0.35720906,-0.35404736,-0.35184783
k__Bacteria|p__Firmicutes|c__Bacilli|o__Lactobacillales|f__Lactobacillaceae|g__unclassified|s__unclassified,-0.28574407,-0.32443213,-0.3514585,-0.3514585,-0.35537535,-0.31121662,-0.34956193,-0.35552558,-0.35036126,-0.35681972,-0.3313659,-0.3067902,-0.34527826,-0.3436599,-0.33899614,-0.32038647,0.7971625,-0.32141212,-0.33758917,-0.34701893,-0.2703327,-0.35307166,-0.3462141,-0.35720402,-0.34060052,-0.3366719,-0.34970725,-0.34002185,-0.35013485,-0.35013807,-0.31815568,-0.30771792,-0.26893306,-0.35735446,-0.33666402,-0.25396472,-0.33594304,-0.35719213,-0.3509197,-0.345838,-0.26324958,-0.34331423,-0.34331423,-0.3421979,-0.35658726,-0.2568045,-0.28815714,0.8563247,-0.35437846,-0.35713702,-0.27991652,-0.270654,-0.27204362,-0.35545924,-0.34418643,-0.3133456,-0.35199606,-0.35533303,-0.34445426,-0.35140985,-0.32914695,-0.32914695,-0.35751456,-0.3593669,-0.35379392,-0.2829143,-0.32458824,-0.3465716,-0.3446649,-0.3479629,-0.32213652,-0.34426677,-0.32729015,-0.3500984,-0.34904224,-0.26304597,-0.26091534,-0.35002106,-0.34404397,-0.35182393,-0.31283143,-0.3326372,-0.35188997,-0.35933927,-0.35463315,-0.2547989,-0.24514951,-0.35424852,-0.35418794,-0.35748485,-0.33525,-0.2645283,-0.3565628,-0.3423161,-0.35008,-0.309205,-0.33123296,-0.30649143,-0.36058763,-0.35280955,-0.27306527,-0.304123,-0.34015253,-0.33709,-0.3462466,-0.26381022,0.5076186,-0.35609764,-0.35768664,-0.35827664,-0.3433188,-0.35637724,-0.3577867,-0.34833512,-0.35834262,-0.18443729,-0.31538883,-0.33845827,-0.33139998,-0.34460402,-0.34652692,-0.35169965,-0.35109764,-0.3502625,-0.35303077,-0.32128388,-0.3174648,-0.35918453,-0.35017055,-0.32756048,-0.2788417,-0.3442507,-0.35489932,-0.35925305,-0.3556554,-0.2728125,-0.3173398,-0.35012186,-0.3255347,-0.34978673,-0.2555955,-0.2555955,-0.35720906,-0.35404736,-0.34988654
k__Bacteria|p__Firmicutes|c__Bacilli|o__Lactobacillales|f__unclassified|g__unclassified|s__unclassified,-0.28574407,-0.32443213,-0.3514585,-0.3514585,-0.35537535,-0.31121662,-0.34956193,-0.35552558,-0.35036126,-0.35681972,-0.3313659,-0.3067902,-0.34527826,-0.3436599,-0.33899614,-0.32014507,-0.3513301,-0.32141212,-0.33758917,-0.34701893,-0.2703327,-0.35307166,-0.3462141,-0.35720402,-0.34060052,-0.3366719,-0.3508477,-0.33973885,-0.351176,-0.35104427,-0.31815568,-0.30771792,-0.26893306,-0.35735446,-0.33666402,-0.25396472,-0.33594304,-0.35719213,-0.3509197,-0.345838,-0.26324958,-0.34331423,-0.34331423,-0.3421979,-0.35658726,-0.2568045,-0.28815714,-0.34594566,-0.35437846,-0.35713702,-0.27991652,-0.270654,-0.27204362,-0.35545924,-0.34418643,-0.3133456,-0.35199606,-0.35533303,-0.34445426,-0.35140985,-0.32914695,-0.32914695,-0.35751456,-0.3593669,-0.35379392,-0.282031,-0.32490855,-0.3465716,-0.3446649,-0.3479629,-0.32206926,-0.34426677,-0.32729015,-0.3510364,-0.34904224,-0.26304597,-0.26091534,-0.3511813,-0.34404397,-0.35182393,-0.31283143,-0.3326372,-0.35188997,-0.35933927,-0.35463315,-0.2547989,-0.24514951,-0.35424852,-0.35418794,-0.35748485,-0.33525,-0.2645283,-0.3565628,-0.3423161,-0.35110545,-0.30884865,-0.33154583,-0.30649143,-0.36058763,-0.35280955,-0.27306527,-0.304123,-0.34015253,-0.33709,-0.3462466,-0.26381022,-0.3555616,-0.35609764,-0.35768664,-0.35827664,-0.3433188,-0.35637724,-0.3577867,-0.34833512,-0.35834262,-0.18443729,-0.31538883,-0.33845827,-0.33139998,-0.34460402,-0.34652692,-0.35169965,-0.35109764,-0.3502625,-0.35303077,-0.32128388,-0.3174648,-0.35918453,-0.3511519,-0.32756048,-0.2788417,-0.3442507,-0.35489932,-0.35925305,-0.3556554,-0.2728125,-0.3173398,-0.35116774,-0.3255347,-0.34978673,-0.2555955,-0.2555955,-0.35720906,-0.35404736,-0.35082236
k__Bacteria|p__Firmicutes|c__Clostridia|o__Clostridiales|f__Veillonellaceae|g__Megasphaera|s__micronuciformis,-0.28574407,1.0779146,-0.3514585,-0.3514585,-0.35537535,-0.31121662,-0.34956193,-0.35552558,-0.35036126,-0.35681972,-0.3313659,-0.3067902,-0.34527826,-0.3436599,-0.33899614,-0.31771857,-0.3513301,-0.32141212,-0.33758917,-0.34701893,-0.2703327,-0.35307166,-0.3462141,-0.35720402,-0.34060052,-0.3366719,-0.3501147,-0.3340544,-0.3503284,-0.3500154,-0.31815568,-0.30771792,-0.26893306,-0.35735446,-0.33666402,-0.25396472,-0.33594304,-0.35719213,-0.3509197,-0.345838,-0.26324958,-0.34331423,-0.34331423,-0.3421979,-0.35658726,-0.2568045,-0.28815714,-0.34594566,-0.35437846,-0.35713702,-0.27991652,-0.270654,-0.27204362,-0.35545924,-0.34418643,-0.3133456,-0.35199606,-0.35533303,-0.34445426,-0.35140985,1.0411692,1.0411692,-0.35751456,-0.3593669,-0.35379392,-0.2819828,-0.32299453,-0.3465716,-0.3446649,-0.3479629,-0.3194391,-0.34426677,-0.32729015,-0.35009915,-0.34904224,-0.26304597,-0.26091534,-0.35050392,-0.34404397,-0.35182393,-0.31283143,-0.3326372,-0.35188997,-0.35933927,-0.35463315,-0.2547989,-0.24514951,-0.35424852,-0.35418794,-0.35748485,-0.33525,-0.2645283,-0.3565628,-0.3423161,-0.35025615,-0.30730277,-0.3289116,-0.30649143,-0.36058763,-0.35280955,-0.27306527,1.2344959,-0.34015253,-0.33709,-0.3462466,-0.26381022,-0.3555616,-0.35609764,-0.35768664,-0.35827664,-0.3433188,-0.35637724,-0.3577867,-0.34833512,-0.35834262,-0.18443729,-0.31538883,-0.33845827,-0.33139998,-0.34460402,-0.34652692,-0.35169965,-0.35109764,-0.3502625,-0.35303077,-0.32128388,-0.3174648,-0.35918453,-0.35021174,-0.32756048,-0.2788417,-0.3442507,-0.35489932,-0.35925305,-0.3556554,-0.2728125,-0.3173398,-0.35049602,-0.3255347,-0.34978673,-0.2555955,-0.2555955,-0.35720906,-0.35404736,-0.35025948
k__Bacteria|p__Firmicutes|c__Bacilli|o__Lactobacillales|f__Lactobacillaceae|g__Lactobacillus|s__unclassified,-0.28574407,-0.32443213,-0.3514585,-0.3514585,-0.35537535,1.1665778,-0.34956193,0.6132845,-0.35036126,-0.35681972,0.9979541,-0.3067902,-0.34527826,-0.3436599,-0.33899614,-0.30939168,-0.3513301,-0.32141212,-0.33758917,-0.34701893,-0.2703327,-0.35307166,-0.3462141,-0.35720402,-0.34060052,-0.3366719,-0.35063618,-0.3304984,-0.35130778,-0.3514096,1.2218671,-0.30771792,-0.26893306,-0.35735446,-0.33666402,-0.25396472,-0.33594304,-0.35719213,-0.3509197,-0.345838,-0.26324958,-0.34331423,-0.34331423,-0.3421979,-0.35658726,-0.2568045,1.4030144,0.9109649,-0.35437846,-0.35713702,-0.27991652,-0.270654,-0.27204362,-0.35545924,-0.34418643,-0.3133456,-0.35199606,-0.35533303,-0.34445426,-0.35140985,-0.32914695,-0.32914695,-0.35751456,-0.3593669,-0.35379392,-0.27808535,-0.3128717,-0.3465716,-0.3446649,-0.3479629,-0.3107307,-0.34426677,-0.32729015,-0.35118616,0.65093726,-0.26304597,-0.26091534,-0.35118896,-0.34404397,-0.35182393,-0.31283143,-0.3326372,-0.35188997,-0.35933927,-0.35463315,-0.2547989,-0.24514951,-0.35424852,-0.35418794,-0.35748485,-0.33525,-0.2645283,-0.3565628,-0.3423161,-0.35123298,-0.29978326,-0.31912234,-0.30649143,-0.36058763,-0.35280955,-0.27306527,-0.304123,-0.34015253,-0.33709,-0.3462466,-0.26381022,0.5983158,-0.35609764,-0.35768664,-0.35827664,0.7980886,-0.35637724,-0.3577867,-0.34833512,-0.35834262,-0.18443729,-0.31538883,-0.33845827,0.96303046,-0.34460402,-0.34652692,0.68338215,-0.35109764,-0.3502625,-0.35303077,1.0860271,-0.3174648,-0.35918453,-0.3512527,-0.32756048,-0.2788417,0.94437426,-0.35489932,-0.35925305,-0.3556554,-0.2728125,1.1293715,-0.3513192,-0.3255347,-0.34978673,-0.2555955,-0.2555955,-0.35720906,-0.35404736,-0.3512785
k__Bacteria|p__Firmicutes|c__Clostridia|o__Clostridiales|f__Clostridiaceae|g__Clostridium|s__perfringens,1.7364974,1.1175034,-0.3514585,-0.3514585,-0.35537535,-0.31121662,-0.34956193,-0.35552558,-0.35036126,-0.35681972,-0.3313659,-0.3067902,-0.34527826,-0.3436599,-0.33899614,-0.30994338,-0.3513301,1.103553,-0.33758917,-0.34701893,-0.2703327,-0.35307166,-0.3462141,-0.35720402,-0.34060052,0.9955423,-0.3503567,-0.3301675,-0.35095477,-0.3508253,-0.31815568,-0.30771792,-0.26893306,-0.35735446,-0.33666402,-0.25396472,0.90738493,-0.35719213,-0.3509197,-0.345838,-0.26324958,-0.34331423,-0.34331423,-0.3421979,-0.35658726,-0.2568045,-0.28815714,-0.34594566,-0.35437846,-0.35713702,-0.27991652,-0.270654,1.52053,-0.35545924,-0.34418643,-0.3133456,-0.35199606,-0.35533303,-0.34445426,-0.35140985,-0.32914695,-0.32914695,-0.35751456,-0.3593669,-0.35379392,-0.27532804,-0.3141595,-0.3465716,-0.3446649,-0.3479629,-0.31148458,-0.34426677,-0.32729015,-0.35087505,-0.34904224,1.6500276,1.5888921,-0.35089448,-0.34404397,-0.35182393,-0.31283143,1.0049728,0.7980384,-0.35933927,-0.35463315,-0.2547989,-0.24514951,-0.35424852,-0.35418794,-0.35748485,-0.33525,-0.2645283,-0.3565628,-0.3423161,-0.35090643,-0.29959053,-0.32068652,-0.30649143,-0.36058763,-0.35280955,-0.27306527,-0.304123,-0.34015253,-0.33709,-0.3462466,-0.26381022,0.49916658,-0.35609764,-0.35768664,-0.35827664,-0.3433188,-0.35637724,-0.3577867,-0.34833512,-0.35834262,-0.18443729,1.3279026,-0.33845827,-0.33139998,-0.34460402,-0.34652692,-0.35169965,-0.35109764,-0.3502625,-0.35303077,-0.32128388,1.1357447,-0.35918453,-0.35095426,-0.32756048,-0.2788417,-0.3442507,-0.35489932,-0.35925305,-0.3556554,1.644981,-0.3173398,-0.35101515,-0.3255347,-0.34978673,-0.2555955,-0.2555955,-0.35720906,-0.35404736,-0.35083216
k__Bacteria|p__Firmicutes|c__Clostridia|o__Clostridiales|f__Lachnospiraceae|g__Blautia|s__obeum,-0.28574407,-0.32443213,-0.3514585,-0.3514585,-0.35537535,-0.31121662,-0.34956193,-0.35552558,-0.35036126,-0.35681972,-0.3313659,-0.3067902,-0.34527826,-0.3436599,-0.33899614,-0.32104796,-0.3513301,-0.32141212,-0.33758917,-0.34701893,-0.2703327,-0.35307166,-0.3462141,-0.35720402,-0.34060052,-0.3366719,-0.3513885,-0.3411125,-0.3517937,-0.35147673,-0.31815568,-0.30771792,-0.26893306,-0.35735446,-0.33666402,-0.25396472,-0.33594304,-0.35719213,-0.3509197,-0.345838,-0.26324958,-0.34331423,-0.34331423,-0.3421979,-0.35658726,-0.2568045,-0.28815714,-0.34594566,-0.35437846,-0.35713702,-0.27991652,-0.270654,-0.27204362,-0.35545924,-0.34418643,-0.3133456,-0.35199606,-0.35533303,-0.34445426,-0.35140985,-0.32914695,-0.32914695,-0.35751456,-0.3593669,-0.35379392,-0.28335518,-0.3263847,-0.3465716,-0.3446649,-0.3479629,-0.32334262,-0.34426677,-0.32729015,-0.3516091,-0.34904224,-0.26304597,-0.26091534,-0.3518615,-0.34404397,-0.35182393,-0.31283143,-0.3326372,-0.35188997,-0.35933927,-0.35463315,-0.2547989,-0.24514951,-0.35424852,-0.35418794,-0.35748485,-0.33525,-0.2645283,-0.3565628,-0.3423161,-0.351762,-0.30990714,-0.33281636,-0.30649143,0.48461035,-0.35280955,-0.27306527,-0.304123,-0.34015253,-0.33709,-0.3462466,-0.26381022,-0.3555616,-0.35609764,-0.35768664,-0.35827664,-0.3433188,-0.35637724,-0.3577867,-0.34833512,-0.35834262,-0.18443729,-0.31538883,-0.33845827,-0.33139998,-0.34460402,-0.34652692,-0.35169965,-0.35109764,-0.3502625,-0.35303077,-0.32128388,-0.3174648,-0.35918453,-0.3516974,-0.32756048,-0.2788417,-0.3442507,-0.35489932,-0.35925305,-0.3556554,-0.2728125,-0.3173398,-0.35176805,-0.3255347,0.34547377,-0.2555955,-0.2555955,-0.35720906,-0.35404736,-0.35117567
k__Bacteria|p__Firmicutes|c__Bacilli|o__Lactobacillales|f__Lactobacillaceae|g__Lactobacillus|s__zeae,-0.28574407,-0.32443213,-0.3514585,-0.3514585,-0.35537535,1.1738749,-0.34956193,0.6443654,-0.35036126,-0.35681972,1.0037062,1.2418388,-0.34527826,-0.3436599,0.6389271,-0.30947804,-0.3513301,-0.32141212,-0.33758917,-0.34701893,-0.2703327,-0.35307166,-0.3462141,-0.35720402,-0.34060052,0.9836223,-0.34993762,-0.33105105,-0.35063118,-0.3498696,1.1413002,-0.30771792,-0.26893306,-0.35735446,-0.33666402,-0.25396472,-0.33594304,-0.35719213,-0.3509197,-0.345838,1.5981854,-0.34331423,-0.34331423,-0.3421979,-0.35658726,1.7042166,-0.28815714,-0.34594566,-0.35437846,-0.35713702,-0.27991652,-0.270654,-0.27204362,-0.35545924,-0.34418643,-0.3133456,-0.35199606,-0.35533303,-0.34445426,-0.35140985,-0.32914695,-0.32914695,-0.35751456,-0.3593669,-0.35379392,-0.27542108,-0.31501478,-0.3465716,-0.3446649,-0.3479629,-0.31177977,-0.34426677,-0.32729015,-0.3505003,-0.34904224,-0.26304597,-0.26091534,-0.35073647,-0.34404397,-0.35182393,-0.31283143,-0.3326372,-0.35188997,-0.35933927,-0.35463315,1.6757418,1.7600356,-0.35424852,-0.35418794,-0.35748485,-0.33525,-0.2645283,-0.3565628,-0.3423161,-0.35063642,-0.300061,-0.32098132,-0.30649143,-0.36058763,-0.35280955,-0.27306527,-0.304123,-0.34015253,-0.33709,-0.3462466,-0.26381022,-0.3555616,-0.35609764,-0.35768664,-0.35827664,0.9018388,-0.35637724,-0.3577867,0.7622822,0.5874838,-0.18443729,-0.31538883,-0.33845827,1.0070983,-0.34460402,-0.34652692,-0.35169965,-0.35109764,-0.3502625,-0.35303077,-0.32128388,1.1478032,-0.35918453,-0.35054195,-0.32756048,-0.2788417,0.9762064,-0.35489932,-0.35925305,-0.3556554,-0.2728125,-0.3173398,-0.35064024,-0.3255347,-0.34978673,-0.2555955,-0.2555955,-0.35720906,-0.35404736,-0.34960407
k__Bacteria|p__Firmicutes|c__Bacilli|o__Lactobacillales|f__Leuconostocaceae|g__Leuconostoc|s__unclassified,-0.28574407,-0.32443213,-0.3514585,-0.3514585,-0.35537535,-0.31121662,-0.34956193,-0.35552558,-0.35036126,-0.35681972,-0.3313659,-0.3067902,-0.34527826,-0.3436599,-0.33899614,-0.31896967,-0.3513301,-0.32141212,-0.33758917,-0.34701893,-0.2703327,-0.35307166,-0.3462141,-0.35720402,-0.34060052,-0.3366719,-0.3500233,-0.33766216,-0.35035533,-0.3502637,-0.31815568,-0.30771792,-0.26893306,-0.35735446,-0.33666402,-0.25396472,-0.33594304,-0.35719213,-0.3509197,-0.345838,-0.26324958,0.88076645,0.88076645,-0.3421979,-0.35658726,-0.2568045,-0.28815714,0.8756952,-0.35437846,-0.35713702,-0.27991652,-0.270654,-0.27204362,-0.35545924,-0.34418643,-0.3133456,-0.35199606,-0.35533303,-0.34445426,-0.35140985,-0.32914695,-0.32914695,-0.35751456,-0.3593669,-0.35379392,-0.28226802,-0.3237738,-0.3465716,-0.3446649,-0.3479629,-0.32076085,0.80832815,-0.32729015,-0.35032362,-0.34904224,-0.26304597,-0.26091534,-0.3503105,-0.34404397,-0.35182393,-0.31283143,-0.3326372,-0.35188997,-0.35933927,-0.35463315,-0.2547989,-0.24514951,-0.35424852,-0.35418794,-0.35748485,-0.33525,-0.2645283,-0.3565628,-0.3423161,-0.3503096,-0.30817226,-0.33016163,-0.30649143,-0.36058763,-0.35280955,-0.27306527,-0.304123,-0.34015253,-0.33709,-0.3462466,-0.26381022,-0.3555616,-0.35609764,-0.35768664,-0.35827664,-0.3433188,-0.35637724,-0.3577867,-0.34833512,-0.35834262,-0.18443729,-0.31538883,-0.33845827,-0.33139998,-0.34460402,-0.34652692,-0.35169965,-0.35109764,-0.3502625,-0.35303077,-0.32128388,-0.3174648,-0.35918453,-0.35039967,-0.32756048,-0.2788417,-0.3442507,0.66270286,-0.35925305,-0.3556554,-0.2728125,-0.3173398,-0.35043567,-0.3255347,-0.34978673,-0.2555955,-0.2555955,-0.35720906,-0.35404736,-0.35027704
k__Bacteria|p__Firmicutes|c__Clostridia|o__Clostridiales|f__Veillonellaceae|g__Selenomonas|s__unclassified,-0.28574407,-0.32443213,-0.3514585,-0.3514585,-0.35537535,-0.31121662,-0.34956193,-0.35552558,-0.35036126,-0.35681972,-0.3313659,-0.3067902,-0.34527826,-0.3436599,-0.33899614,-0.31998008,-0.3513301,-0.32141212,-0.33758917,-0.34701893,-0.2703327,-0.35307166,-0.3462141,-0.35720402,-0.34060052,-0.3366719,-0.34986612,-0.34109205,-0.35037395,-0.35004067,-0.31815568,-0.30771792,-0.26893306,-0.35735446,-0.33666402,-0.25396472,-0.33594304,-0.35719213,-0.3509197,-0.345838,-0.26324958,-0.34331423,-0.34331423,-0.3421979,-0.35658726,-0.2568045,-0.28815714,-0.34594566,-0.35437846,-0.35713702,-0.27991652,-0.270654,-0.27204362,-0.35545924,-0.34418643,-0.3133456,-0.35199606,-0.35533303,-0.34445426,-0.35140985,-0.32914695,-0.32914695,0.45545968,-0.3593669,-0.35379392,-0.28185594,-0.3249514,-0.3465716,-0.3446649,-0.3479629,-0.32214922,-0.34426677,-0.32729015,-0.35025877,-0.34904224,-0.26304597,-0.26091534,-0.3503211,-0.34404397,-0.35182393,-0.31283143,-0.3326372,-0.35188997,-0.35933927,-0.35463315,-0.2547989,-0.24514951,-0.35424852,-0.35418794,-0.35748485,-0.33525,-0.2645283,-0.3565628,-0.3423161,-0.35033244,-0.30893135,-0.3315404,-0.30649143,-0.36058763,-0.35280955,-0.27306527,-0.304123,-0.34015253,-0.33709,0.8489902,-0.26381022,-0.3555616,-0.35609764,-0.35768664,-0.35827664,-0.3433188,-0.35637724,-0.3577867,-0.34833512,-0.35834262,-0.18443729,-0.31538883,-0.33845827,-0.33139998,-0.34460402,-0.34652692,-0.35169965,-0.35109764,-0.3502625,-0.35303077,-0.32128388,-0.3174648,-0.35918453,-0.35035545,-0.32756048,-0.2788417,-0.3442507,-0.35489932,-0.35925305,-0.3556554,-0.2728125,-0.3173398,-0.35031313,-0.3255347,-0.34978673,-0.2555955,-0.2555955,-0.35720906,-0.35404736,-0.34969303
k__Bacteria|p__Firmicutes|c__Clostridia|o__Clostridiales|f__Veillonellaceae|g__Dialister|s__invisus,-0.28574407,-0.32443213,-0.3514585,-0.3514585,-0.35537535,-0.31121662,-0.34956193,-0.35552558,-0.35036126,-0.35681972,-0.3313659,-0.3067902,-0.34527826,-0.3436599,-0.33899614,-0.32041892,-0.3513301,-0.32141212,-0.33758917,-0.34701893,-0.2703327,-0.35307166,-0.3462141,-0.35720402,-0.34060052,-0.3366719,-0.35023463,-0.33923155,-0.35027987,-0.3500957,-0.31815568,-0.30771792,-0.26893306,-0.35735446,-0.33666402,-0.25396472,-0.33594304,-0.35719213,-0.3509197,-0.345838,-0.26324958,-0.34331423,-0.34331423,-0.3421979,-0.35658726,-0.2568045,-0.28815714,-0.34594566,-0.35437846,-0.35713702,-0.27991652,-0.270654,-0.27204362,-0.35545924,-0.34418643,-0.3133456,-0.35199606,-0.35533303,-0.34445426,-0.35140985,-0.32914695,-0.32914695,-0.35751456,-0.3593669,-0.35379392,-0.28276765,-0.3255797,-0.3465716,-0.3446649,-0.3479629,-0.32235467,-0.34426677,-0.32729015,-0.3500117,-0.34904224,-0.26304597,-0.26091534,-0.35044253,-0.34404397,-0.35182393,-0.31283143,-0.3326372,-0.35188997,-0.35933927,-0.35463315,-0.2547989,-0.24514951,0.6368486,-0.35418794,-0.35748485,-0.33525,-0.2645283,-0.3565628,-0.3423161,-0.35017705,-0.30911434,-0.331913,-0.30649143,-0.36058763,-0.35280955,-0.27306527,-0.304123,-0.34015253,-0.33709,-0.3462466,-0.26381022,-0.3555616,-0.35609764,-0.35768664,-0.35827664,-0.3433188,-0.35637724,-0.3577867,-0.34833512,-0.35834262,-0.18443729,-0.31538883,-0.33845827,-0.33139998,-0.34460402,-0.34652692,-0.35169965,-0.35109764,-0.3502625,-0.35303077,-0.32128388,-0.3174648,-0.35918453,-0.35018355,-0.32756048,-0.2788417,-0.3442507,-0.35489932,-0.35925305,-0.3556554,-0.2728125,-0.3173398,-0.35036236,-0.3255347,-0.34978673,-0.2555955,-0.2555955,-0.35720906,-0.35404736,-0.35008878
k__Bacteria|p__Firmicutes|c__Clostridia|o__Clostridiales|f__Ruminococcaceae|g__Ruminococcus|s__bromii,-0.28574407,-0.32443213,-0.3514585,-0.3514585,-0.35537535,-0.31121662,-0.34956193,-0.35552558,-0.35036126,-0.35681972,-0.3313659,-0.3067902,-0.34527826,-0.3436599,-0.33899614,-0.31990105,-0.3513301,-0.32141212,-0.33758917,-0.34701893,-0.2703327,-0.35307166,-0.3462141,-0.35720402,-0.34060052,-0.3366719,-0.35007238,-0.33841008,-0.35003278,-0.34962112,-0.31815568,-0.30771792,-0.26893306,-0.35735446,-0.33666402,-0.25396472,-0.33594304,-0.35719213,-0.3509197,-0.345838,-0.26324958,-0.34331423,-0.34331423,-0.3421979,-0.35658726,-0.2568045,-0.28815714,-0.34594566,-0.35437846,-0.35713702,-0.27991652,-0.270654,-0.27204362,-0.35545924,-0.34418643,-0.3133456,-0.35199606,-0.35533303,-0.34445426,-0.35140985,-0.32914695,-0.32914695,-0.35751456,-0.3593669,-0.35379392,-0.2819514,-0.32558945,-0.3465716,-0.3446649,-0.3479629,-0.32199535,-0.34426677,-0.32729015,-0.34960818,-0.34904224,-0.26304597,-0.26091534,-0.3503766,-0.34404397,-0.35182393,-0.31283143,-0.3326372,-0.35188997,-0.35933927,-0.35463315,-0.2547989,-0.24514951,-0.35424852,-0.35418794,-0.35748485,-0.33525,-0.2645283,-0.3565628,-0.3423161,-0.3499153,-0.30873585,-0.33171374,-0.30649143,-0.36058763,-0.35280955,-0.27306527,-0.304123,-0.34015253,-0.33709,-0.3462466,-0.26381022,-0.3555616,-0.35609764,-0.35768664,-0.35827664,-0.3433188,-0.35637724,-0.3577867,-0.34833512,-0.35834262,-0.18443729,-0.31538883,-0.33845827,-0.33139998,-0.34460402,-0.34652692,-0.35169965,-0.35109764,-0.3502625,-0.35303077,-0.32128388,-0.3174648,-0.35918453,-0.34980783,-0.32756048,-0.2788417,-0.3442507,-0.35489932,-0.35925305,-0.3556554,-0.2728125,-0.3173398,-0.35013762,-0.3255347,-0.34978673,-0.2555955,-0.2555955,-0.35720906,-0.35404736,-0.34961814
k__Bacteria|p__Firmicutes|c__Clostridia|o__Clostridiales|f__Veillonellaceae|g__Megamonas|s__unclassified,-0.28574407,-0.32443213,-0.3514585,-0.3514585,-0.35537535,-0.31121662,-0.34956193,-0.35552558,-0.35036126,-0.35681972,-0.3313659,-0.3067902,-0.34527826,-0.3436599,-0.33899614,-0.32002804,-0.3513301,-0.32141212,1.1212627,-0.34701893,-0.2703327,-0.35307166,-0.3462141,-0.35720402,-0.34060052,-0.3366719,-0.35097736,-0.33899534,-0.35130095,-0.35101947,-0.31815568,-0.30771792,-0.26893306,-0.35735446,-0.33666402,-0.25396472,-0.33594304,-0.35719213,-0.3509197,-0.345838,-0.26324958,-0.34331423,-0.34331423,-0.3421979,-0.35658726,-0.2568045,-0.28815714,-0.34594566,-0.35437846,-0.35713702,-0.27991652,-0.270654,-0.27204362,-0.35545924,-0.34418643,-0.3133456,0.8285597,0.48011053,-0.34445426,-0.35140985,-0.32914695,-0.32914695,-0.35751456,-0.3593669,-0.35379392,-0.28327805,-0.3253554,-0.3465716,-0.3446649,-0.3479629,-0.32208264,0.91334087,-0.32729015,-0.35107505,-0.34904224,-0.26304597,-0.26091534,-0.3514254,-0.34404397,-0.35182393,-0.31283143,-0.3326372,-0.35188997,-0.35933927,-0.35463315,-0.2547989,-0.24514951,-0.35424852,-0.35418794,-0.35748485,-0.33525,-0.2645283,-0.3565628,-0.3423161,-0.35124874,-0.30921993,-0.3315573,-0.30649143,-0.36058763,-0.35280955,-0.27306527,-0.304123,-0.34015253,-0.33709,-0.3462466,-0.26381022,-0.3555616,-0.35609764,-0.35768664,-0.35827664,-0.3433188,-0.35637724,-0.3577867,-0.34833512,-0.35834262,-0.18443729,-0.31538883,-0.33845827,-0.33139998,-0.34460402,-0.34652692,-0.35169965,-0.35109764,-0.3502625,-0.35303077,-0.32128388,-0.3174648,-0.35918453,-0.3511666,-0.32756048,-0.2788417,-0.3442507,-0.35489932,-0.35925305,-0.3556554,-0.2728125,-0.3173398,-0.35134542,-0.3255347,-0.34978673,-0.2555955,-0.2555955,-0.35720906,-0.35404736,-0.35089803
k__Bacteria|p__Firmicutes|c__Clostridia|o__Clostridiales|f__Veillonellaceae|g__Megasphaera|s__geminatus,-0.28574407,-0.32443213,-0.3514585,-0.3514585,-0.35537535,-0.31121662,-0.34956193,-0.35552558,-0.35036126,-0.35681972,-0.3313659,-0.3067902,-0.34527826,-0.3436599,-0.33899614,-0.32188505,-0.3513301,-0.32141212,-0.33758917,-0.34701893,-0.2703327,-0.35307166,-0.3462141,-0.35720402,-0.34060052,-0.3366719,-0.35103053,-0.34507465,-0.35185224,-0.35191408,-0.31815568,-0.30771792,-0.26893306,-0.35735446,-0.33666402,-0.25396472,-0.33594304,-0.35719213,-0.3509197,-0.345838,-0.26324958,-0.34331423,-0.34331423,-0.3421979,-0.35658726,-0.2568045,-0.28815714,-0.34594566,-0.35437846,-0.35713702,-0.27991652,-0.270654,-0.27204362,-0.35545924,-0.34418643,-0.3133456,-0.35199606,-0.35533303,-0.34445426,-0.35140985,-0.32914695,-0.32914695,-0.35751456,-0.3593669,-0.35379392,-0.28361017,-0.32578397,-0.3465716,-0.3446649,-0.3479629,-0.32389754,-0.34426677,-0.32729015,-0.35192165,-0.34904224,-0.26304597,-0.26091534,-0.3514961,-0.34404397,-0.35182393,-0.31283143,-0.3326372,-0.35188997,-0.35933927,-0.35463315,-0.2547989,-0.24514951,-0.35424852,-0.35418794,-0.35748485,-0.33525,-0.2645283,-0.3565628,-0.3423161,-0.35183364,-0.3099369,-0.33288908,-0.30649143,-0.36058763,-0.35280955,-0.27306527,-0.304123,-0.34015253,-0.33709,-0.3462466,-0.26381022,-0.3555616,-0.35609764,-0.35768664,-0.35827664,0.9237303,-0.35637724,-0.3577867,-0.34833512,-0.35834262,-0.18443729,-0.31538883,-0.33845827,-0.33139998,-0.34460402,-0.34652692,-0.35169965,-0.35109764,-0.3502625,-0.35303077,-0.32128388,-0.3174648,-0.35918453,-0.35196567,-0.32756048,-0.2788417,-0.3442507,-0.35489932,-0.35925305,-0.3556554,-0.2728125,-0.3173398,-0.35169274,-0.3255347,-0.34978673,-0.2555955,-0.2555955,-0.35720906,-0.35404736,-0.35132575
k__Bacteria|p__Firmicutes|c__Bacilli|o__Lactobacillales|f__Carnobacteriaceae|g__Granulicatella|s__unclassified,1.4368215,1.0734725,-0.3514585,-0.3514585,-0.35537535,-0.31121662,-0.34956193,-0.35552558,-0.35036126,-0.35681972,1.0590913,1.2512333,-0.34527826,-0.3436599,0.63693815,-0.19743142,-0.3513301,-0.32141212,-0.33758917,-0.34701893,-0.2703327,-0.35307166,-0.3462141,-0.35720402,-0.34060052,-0.3366719,-0.34699297,-0.2347651,-0.3514101,-0.35115176,1.1281747,-0.30771792,-0.26893306,-0.35735446,-0.33666402,-0.25396472,0.98541397,-0.35719213,-0.3509197,-0.345838,-0.26324958,-0.34331423,-0.34331423,-0.3421979,-0.35658726,-0.2568045,1.4000565,0.8578728,-0.35437846,-0.35713702,-0.27991652,-0.270654,1.5196126,-0.35545924,-0.34418643,-0.3133456,-0.35199606,-0.35533303,-0.34445426,-0.35140985,1.043685,1.043685,-0.35751456,-0.3593669,0.34371188,-0.23266852,-0.19095273,-0.3465716,-0.3446649,-0.3479629,-0.19515869,-0.34426677,-0.32729015,-0.3513493,-0.34904224,1.6457814,1.6048945,-0.35036862,-0.34404397,-0.35182393,-0.31283143,1.0222087,-0.35188997,-0.35933927,-0.35463315,-0.2547989,-0.24514951,-0.35424852,-0.35418794,-0.35748485,-0.33525,-0.2645283,-0.3565628,-0.3423161,-0.35142422,-0.20598054,-0.19230726,-0.30649143,0.5167085,-0.35280955,-0.27306527,1.2353396,-0.34015253,-0.33709,-0.3462466,-0.26381022,-0.3555616,0.4387596,0.73193496,-0.35827664,0.79342574,0.5639476,-0.3577867,-0.34833512,-0.35834262,-0.18443729,1.2125492,-0.33845827,0.9409969,-0.34460402,0.82907724,-0.35169965,-0.35109764,-0.3502625,-0.35303077,-0.32128388,1.152198,-0.35918453,-0.35132015,-0.32756048,-0.2788417,-0.3442507,1.0724581,-0.35925305,-0.3556554,-0.2728125,1.122673,-0.35121614,-0.3255347,-0.34978673,-0.2555955,-0.2555955,-0.35720906,-0.35404736,-0.35110033
k__Bacteria|p__Firmicutes|c__Clostridia|o__Clostridiales|f__Veillonellaceae|g__Veillonella|s__unclassified,1.3880478,1.075696,-0.3514585,-0.3514585,-0.35537535,-0.31121662,-0.34956193,-0.35552558,-0.35036126,-0.35681972,-0.3313659,-0.3067902,-0.34527826,-0.3436599,-0.33899614,-0.31265694,-0.3513301,1.1317958,0.99231344,-0.34701893,-0.2703327,-0.35307166,-0.3462141,-0.35720402,-0.34060052,-0.3366719,-0.3505843,-0.33570957,-0.35190207,-0.35198832,-0.31815568,-0.30771792,-0.26893306,-0.35735446,-0.33666402,-0.25396472,-0.33594304,-0.35719213,-0.3509197,-0.345838,-0.26324958,-0.34331423,-0.34331423,-0.3421979,-0.35658726,1.8880556,-0.28815714,-0.34594566,-0.35437846,-0.35713702,-0.27991652,-0.270654,-0.27204362,-0.35545924,-0.34418643,-0.3133456,-0.35199606,-0.35533303,-0.34445426,-0.35140985,-0.32914695,-0.32914695,-0.35751456,-0.3593669,-0.35379392,-0.27662718,-0.31589237,-0.3465716,-0.3446649,-0.3479629,-0.31430084,-0.34426677,-0.32729015,-0.3519993,-0.34904224,-0.26304597,-0.26091534,-0.35145378,-0.34404397,-0.35182393,-0.31283143,1.0071597,0.74120396,-0.35933927,-0.35463315,1.6844078,1.7587966,-0.35424852,-0.35418794,-0.35748485,0.94814986,-0.2645283,-0.3565628,-0.3423161,-0.35191423,-0.30168,-0.32311147,-0.30649143,-0.36058763,-0.35280955,-0.27306527,-0.304123,-0.34015253,-0.33709,-0.3462466,1.5893793,-0.3555616,-0.35609764,-0.35768664,-0.35827664,-0.3433188,0.5687286,-0.3577867,-0.34833512,-0.35834262,-0.18443729,-0.31538883,-0.33845827,-0.33139998,-0.34460402,0.8354817,-0.35169965,-0.35109764,-0.3502625,-0.35303077,-0.32128388,1.1264201,-0.35918453,-0.35196,-0.32756048,-0.2788417,-0.3442507,-0.35489932,-0.35925305,-0.3556554,-0.2728125,-0.3173398,-0.35167494,-0.3255347,-0.34978673,2.3683562,2.3683562,-0.35720906,-0.35404736,-0.35131633
k__Bacteria|p__Firmicutes|c__Bacilli|o__Lactobacillales|f__Enterococcaceae|g__Enterococcus|s__unclassified,1.3810816,-0.32443213,-0.3514585,-0.3514585,-0.35537535,-0.31121662,-0.34956193,-0.35552558,-0.35036126,-0.35681972,1.0077949,1.2400393,-0.34527826,-0.3436599,-0.33899614,-0.31563184,0.798018,-0.32141212,-0.33758917,-0.34701893,-0.2703327,0.58782315,-0.3462141,-0.35720402,-0.34060052,-0.3366719,-0.34832337,-0.33553797,-0.3487199,-0.34828138,-0.31815568,-0.30771792,-0.26893306,-0.35735446,-0.33666402,-0.25396472,0.9151161,-0.35719213,-0.3509197,-0.345838,-0.26324958,-0.34331423,-0.34331423,-0.3421979,-0.35658726,-0.2568045,-0.28815714,-0.34594566,-0.35437846,-0.35713702,-0.27991652,-0.270654,-0.27204362,-0.35545924,-0.34418643,-0.3133456,-0.35199606,-0.35533303,-0.34445426,-0.35140985,-0.32914695,-0.32914695,-0.35751456,-0.3593669,-0.35379392,-0.2779645,-0.32072634,-0.3465716,-0.3446649,-0.3479629,-0.31763896,-0.34426677,-0.32729015,-0.3485514,-0.34904224,1.6736556,1.5887046,-0.34880915,-0.34404397,-0.35182393,1.1754986,1.0186582,-0.35188997,-0.35933927,-0.35463315,-0.2547989,-0.24514951,-0.35424852,-0.35418794,-0.35748485,-0.33525,-0.2645283,-0.3565628,-0.3423161,-0.34866935,-0.30482376,-0.3271322,-0.30649143,-0.36058763,-0.35280955,-0.27306527,-0.304123,-0.34015253,-0.33709,-0.3462466,-0.26381022,-0.3555616,0.43809485,0.6023415,-0.35827664,-0.3433188,0.5596991,-0.3577867,-0.34833512,-0.35834262,-0.18443729,-0.31538883,-0.33845827,-0.33139998,-0.34460402,-0.34652692,-0.35169965,-0.35109764,-0.3502625,-0.35303077,-0.32128388,-0.3174648,-0.35918453,-0.34865543,-0.32756048,-0.2788417,-0.3442507,0.74891484,-0.35925305,-0.3556554,-0.2728125,-0.3173398,-0.3487069,-0.3255347,-0.34978673,-0.2555955,-0.2555955,-0.35720906,-0.35404736,-0.3480091
k__Bacteria|p__Firmicutes|c__Clostridia|o__Coriobacteriales|f__Coriobacteriaceae|g__Slackia|s__unclassified,-0.28574407,-0.32443213,-0.3514585,-0.3514585,-0.35537535,-0.31121662,-0.34956193,0.62289333,-0.35036126,0.5650843,-0.3313659,-0.3067902,-0.34527826,-0.3436599,-0.33899614,-0.3194523,-0.3513301,-0.32141212,-0.33758917,-0.34701893,-0.2703327,-0.35307166,-0.3462141,-0.35720402,-0.34060052,-0.3366719,-0.3496643,-0.33806652,-0.3499291,-0.3497417,-0.31815568,-0.30771792,-0.26893306,-0.35735446,-0.33666402,1.6849114,-0.33594304,0.37217027,-0.3509197,-0.345838,-0.26324958,-0.34331423,-0.34331423,-0.3421979,-0.35658726,-0.2568045,-0.28815714,-0.34594566,-0.35437846,-0.35713702,-0.27991652,-0.270654,-0.27204362,-0.35545924,-0.34418643,-0.3133456,-0.35199606,-0.35533303,-0.34445426,-0.35140985,-0.32914695,-0.32914695,-0.35751456,-0.3593669,-0.35379392,-0.28310937,-0.3244539,-0.3465716,-0.3446649,-0.3479629,-0.32142776,-0.34426677,-0.32729015,-0.3497644,-0.34904224,-0.26304597,-0.26091534,-0.35001403,-0.34404397,-0.35182393,-0.31283143,-0.3326372,-0.35188997,-0.35933927,-0.35463315,-0.2547989,-0.24514951,-0.35424852,-0.35418794,-0.35748485,0.94732094,-0.2645283,-0.3565628,-0.3423161,-0.34987074,-0.30881453,-0.3306704,-0.30649143,-0.36058763,-0.35280955,-0.27306527,-0.304123,-0.34015253,-0.33709,-0.3462466,-0.26381022,-0.3555616,-0.35609764,-0.35768664,-0.35827664,-0.3433188,-0.35637724,-0.3577867,-0.34833512,-0.35834262,-0.18443729,-0.31538883,-0.33845827,-0.33139998,-0.34460402,0.82204354,0.6640484,-0.35109764,-0.3502625,-0.35303077,1.0990397,-0.3174648,-0.35918453,-0.3498696,-0.32756048,-0.2788417,-0.3442507,0.6298947,-0.35925305,-0.3556554,-0.2728125,-0.3173398,-0.34994978,-0.3255347,0.36403865,-0.2555955,-0.2555955,-0.35720906,-0.35404736,-0.3495544
k__Bacteria|p__Firmicutes|c__Erysipelotrichi|o__Erysipelotrichales|f__Erysipelotrichaceae|g__[Eubacterium]|s__dolichum,-0.28574407,1.1325374,-0.3514585,-0.3514585,-0.35537535,-0.31121662,0.5812351,0.6276098,-0.35036126,0.56262976,-0.3313659,-0.3067902,-0.34527826,-0.3436599,0.6735558,-0.31672588,-0.3513301,-0.32141212,-0.33758917,-0.34701893,1.4584278,-0.35307166,0.8092691,0.6055802,0.8598679,1.0821788,-0.349554,-0.33668363,-0.34986562,-0.34972906,-0.31815568,1.2416608,-0.26893306,-0.35735446,-0.33666402,-0.25396472,-0.33594304,-0.35719213,-0.3509197,-0.345838,-0.26324958,-0.34331423,-0.34331423,-0.3421979,-0.35658726,-0.2568045,-0.28815714,-0.34594566,-0.35437846,-0.35713702,-0.27991652,-0.270654,-0.27204362,-0.35545924,-0.34418643,1.1739006,-0.35199606,-0.35533303,0.7951902,-0.35140985,-0.32914695,-0.32914695,-0.35751456,-0.3593669,-0.35379392,-0.28063732,-0.32196772,1.0594252,0.82232606,-0.3479629,-0.31881928,-0.34426677,-0.32729015,-0.3497323,-0.34904224,-0.26304597,-0.26091534,-0.349893,-0.34404397,-0.35182393,-0.31283143,1.0320334,-0.35188997,-0.35933927,-0.35463315,-0.2547989,-0.24514951,-0.35424852,-0.35418794,-0.35748485,-0.33525,-0.2645283,0.6330316,-0.3423161,-0.3498162,-0.30647272,-0.32846713,1.2259736,-0.36058763,-0.35280955,-0.27306527,-0.304123,0.8747643,-0.33709,-0.3462466,-0.26381022,0.5135486,-0.35609764,-0.35768664,-0.35827664,-0.3433188,-0.35637724,-0.3577867,-0.34833512,-0.35834262,-0.18443729,-0.31538883,-0.33845827,-0.33139998,-0.34460402,-0.34652692,-0.35169965,-0.35109764,-0.3502625,-0.35303077,-0.32128388,-0.3174648,-0.35918453,-0.34984368,-0.32756048,1.4673542,-0.3442507,0.60152,-0.35925305,-0.3556554,-0.2728125,-0.3173398,-0.34990865,-0.3255347,-0.34978673,-0.2555955,-0.2555955,-0.35720906,-0.35404736,-0.34974083
k__Bacteria|p__Firmicutes|c__Bacilli|o__Lactobacillales|f__Streptococcaceae|g__Streptococcus|s__unclassified,1.3768784,1.0744613,0.72477466,0.72477466,0.66994816,1.1693552,-0.34956193,0.85103256,0.6996624,0.5555834,1.0367492,1.2418388,-0.34527826,-0.3436599,0.7335234,1.1234853,0.8385725,1.2240311,1.061035,-0.34701893,-0.2703327,0.5785292,0.7905203,0.70965356,0.8611173,0.95184106,0.5699085,0.8844634,0.55545354,0.5538447,1.3374761,-0.30771792,-0.26893306,0.6742162,-0.33666402,1.6856992,0.95370555,0.37846106,0.490133,-0.345838,-0.26324958,0.86484766,0.86484766,-0.3421979,0.4480919,2.081573,1.4378436,0.8828871,0.70765644,0.55094445,-0.27991652,-0.270654,1.5998274,0.6416328,0.7163085,1.195476,-0.35199606,0.44368458,0.8451519,0.36323726,1.0504436,1.0504436,0.6077044,0.4648796,0.37095582,1.369532,1.0994546,0.76428133,-0.3446649,0.7470633,1.112566,0.8555313,-0.32729015,0.5541064,0.75313646,1.5904831,1.5905789,0.5597086,0.7933759,-0.35182393,1.1637563,-0.3326372,0.8975491,0.54948926,0.61645496,1.689633,1.8106166,-0.35424852,-0.35418794,-0.35748485,1.0033535,-0.2645283,0.63534695,-0.3423161,0.55512655,1.2010462,1.0382268,1.2406756,0.6890273,0.53085613,1.5300552,1.2370251,0.8789853,-0.33709,-0.3462466,1.6028498,0.56475747,0.4583491,0.656063,0.5556349,0.7918666,0.76971805,0.5651965,0.7668804,0.5831714,2.3039227,1.2353189,0.87104774,0.9400115,-0.34460402,0.92745894,0.6774144,-0.35109764,-0.3502625,-0.35303077,1.0957509,1.1534911,0.4894661,0.554736,-0.32756048,1.4783747,0.8838073,0.80644745,0.56468767,-0.3556554,1.544311,2.073183,0.5560924,-0.3255347,0.38991195,1.6964929,1.6964929,0.5532984,0.6611936,0.55609286
k__Bacteria|p__Firmicutes|c__Bacilli|o__Lactobacillales|f__Streptococcaceae|g__Lactococcus|s__unclassified,-0.28574407,-0.32443213,-0.3514585,-0.3514585,-0.35537535,-0.31121662,-0.34956193,0.6089357,-0.35036126,-0.35681972,-0.3313659,-0.3067902,-0.34527826,-0.3436599,-0.33899614,-0.32075936,-0.3513301,-0.32141212,-0.33758917,-0.34701893,-0.2703327,-0.35307166,-0.3462141,-0.35720402,-0.34060052,-0.3366719,-0.34936017,-0.33977038,-0.34969816,-0.34945053,-0.31815568,-0.30771792,-0.26893306,-0.35735446,-0.33666402,-0.25396472,-0.33594304,0.36540157,-0.3509197,-0.345838,-0.26324958,0.88412094,0.88412094,-0.3421979,-0.35658726,-0.2568045,-0.28815714,0.8563247,0.7752,-0.35713702,-0.27991652,-0.270654,-0.27204362,0.6662748,-0.34418643,-0.3133456,-0.35199606,-0.35533303,-0.34445426,-0.35140985,-0.32914695,-0.32914695,-0.35751456,-0.3593669,-0.35379392,-0.28440717,-0.32542673,-0.3465716,-0.3446649,-0.3479629,-0.32286105,-0.34426677,-0.32729015,-0.34968647,-0.34904224,-0.26304597,-0.26091534,-0.349655,-0.34404397,-0.35182393,-0.31283143,-0.3326372,-0.35188997,-0.35933927,-0.35463315,-0.2547989,-0.24514951,-0.35424852,-0.35418794,-0.35748485,-0.33525,-0.2645283,0.6599036,-0.3423161,-0.34967706,-0.31006417,-0.33176818,-0.30649143,-0.36058763,-0.35280955,-0.27306527,-0.304123,-0.34015253,-0.33709,-0.3462466,-0.26381022,-0.3555616,0.45150858,0.5827168,-0.35827664,-0.3433188,-0.35637724,-0.3577867,-0.34833512,-0.35834262,-0.18443729,-0.31538883,-0.33845827,0.9439006,-0.34460402,-0.34652692,-0.35169965,-0.35109764,-0.3502625,-0.35303077,-0.32128388,-0.3174648,-0.35918453,-0.34977844,-0.32756048,-0.2788417,-0.3442507,-0.35489932,-0.35925305,-0.3556554,-0.2728125,-0.3173398,-0.34968114,-0.3255347,-0.34978673,-0.2555955,-0.2555955,-0.35720906,-0.35404736,-0.3491895
k__Bacteria|p__Firmicutes|c__Clostridia|o__Clostridiales|f__Lachnospiraceae|g__Coprococcus|s__eutactus,-0.28574407,-0.32443213,-0.3514585,-0.3514585,-0.35537535,-0.31121662,-0.34956193,-0.35552558,-0.35036126,-0.35681972,-0.3313659,-0.3067902,-0.34527826,-0.3436599,-0.33899614,-0.31978786,-0.3513301,-0.32141212,-0.33758917,-0.34701893,-0.2703327,-0.35307166,-0.3462141,-0.35720402,-0.34060052,-0.3366719,-0.3497545,-0.33876956,-0.3499695,-0.34964508,-0.31815568,-0.30771792,-0.26893306,-0.35735446,-0.33666402,-0.25396472,-0.33594304,-0.35719213,-0.3509197,-0.345838,-0.26324958,-0.34331423,-0.34331423,0.8018351,0.42422628,-0.2568045,-0.28815714,-0.34594566,0.79415417,-0.35713702,-0.27991652,-0.270654,-0.27204362,-0.35545924,-0.34418643,-0.3133456,-0.35199606,-0.35533303,-0.34445426,-0.35140985,-0.32914695,-0.32914695,-0.35751456,0.45411456,0.37547213,-0.28252906,-0.32511538,-0.3465716,-0.3446649,-0.3479629,-0.32201073,-0.34426677,-0.32729015,-0.3499086,-0.34904224,-0.26304597,-0.26091534,-0.3500144,0.8306636,-0.35182393,-0.31283143,-0.3326372,-0.35188997,-0.35933927,-0.35463315,-0.2547989,-0.24514951,-0.35424852,-0.35418794,-0.35748485,-0.33525,-0.2645283,-0.3565628,-0.3423161,-0.34994125,-0.30910552,-0.33143473,-0.30649143,-0.36058763,-0.35280955,-0.27306527,-0.304123,-0.34015253,-0.33709,0.82992774,-0.26381022,-0.3555616,-0.35609764,-0.35768664,-0.35827664,-0.3433188,-0.35637724,-0.3577867,-0.34833512,-0.35834262,-0.18443729,-0.31538883,-0.33845827,-0.33139998,-0.34460402,-0.34652692,-0.35169965,-0.35109764,-0.3502625,0.4183459,-0.32128388,-0.3174648,-0.35918453,-0.35002062,-0.32756048,-0.2788417,-0.3442507,-0.35489932,0.5517865,-0.3556554,-0.2728125,-0.3173398,-0.35000837,-0.3255347,-0.34978673,-0.2555955,-0.2555955,-0.35720906,-0.35404736,-0.34953225
k__Bacteria|p__Firmicutes|c__Clostridia|o__Clostridiales|f__Clostridiaceae|g__Clostridium|s__unclassified,-0.28574407,-0.32443213,-0.3514585,-0.3514585,-0.35537535,-0.31121662,-0.34956193,0.6185862,-0.35036126,-0.35681972,-0.3313659,-0.3067902,-0.34527826,-0.3436599,-0.33899614,-0.31153405,0.7977614,-0.32141212,-0.33758917,-0.34701893,-0.2703327,-0.35307166,0.84082526,0.59598976,-0.34060052,0.9867456,-0.3478077,-0.33106863,-0.34799826,-0.34736216,-0.31815568,-0.30771792,-0.26893306,-0.35735446,-0.33666402,-0.25396472,1.0313166,-0.35719213,-0.3509197,-0.345838,-0.26324958,-0.34331423,-0.34331423,-0.3421979,-0.35658726,-0.2568045,-0.28815714,-0.34594566,-0.35437846,-0.35713702,1.4604386,-0.270654,-0.27204362,-0.35545924,-0.34418643,-0.3133456,-0.35199606,-0.35533303,-0.34445426,-0.35140985,-0.32914695,-0.32914695,-0.35751456,-0.3593669,0.34516445,-0.27691382,-0.31643254,0.7609691,-0.3446649,-0.3479629,-0.31345996,-0.34426677,-0.32729015,-0.34772798,-0.34904224,-0.26304597,-0.26091534,-0.34821513,-0.34404397,-0.35182393,1.2303234,1.2254033,0.84623855,0.5880488,0.631088,-0.2547989,-0.24514951,-0.35424852,-0.35418794,-0.35748485,0.9448301,-0.2645283,0.63650256,-0.3423161,-0.3479011,-0.3017422,-0.32235622,-0.30649143,0.49477902,0.5296649,-0.27306527,1.2416456,-0.34015253,-0.33709,-0.3462466,1.725283,-0.3555616,-0.35609764,-0.35768664,-0.35827664,-0.3433188,0.56578916,-0.3577867,-0.34833512,0.58118874,-0.18443729,-0.31538883,0.88452154,0.94455504,-0.34460402,-0.34652692,-0.35169965,-0.35109764,-0.3502625,-0.35303077,-0.32128388,-0.3174648,-0.35918453,-0.34793615,-0.32756048,-0.2788417,-0.3442507,-0.35489932,-0.35925305,-0.3556554,-0.2728125,-0.3173398,-0.3480558,-0.3255347,-0.34978673,-0.2555955,-0.2555955,-0.35720906,0.6359192,-0.34727195
k__Bacteria|p__Firmicutes|c__Erysipelotrichi|o__Erysipelotrichales|f__[Coprobacillaceae]|g__Coprobacillus|s__unclassified,-0.28574407,-0.32443213,-0.3514585,-0.3514585,-0.35537535,-0.31121662,-0.34956193,-0.35552558,-0.35036126,0.55835754,-0.3313659,1.2431864,-0.34527826,-0.3436599,0.62894267,-0.32157877,-0.3513301,-0.32141212,-0.33758917,-0.34701893,-0.2703327,-0.35307166,-0.3462141,0.6081652,-0.34060052,-0.3366719,-0.3510211,-0.34085876,-0.3513532,-0.35128734,-0.31815568,-0.30771792,-0.26893306,-0.35735446,-0.33666402,-0.25396472,-0.33594304,-0.35719213,-0.3509197,-0.345838,-0.26324958,-0.34331423,-0.34331423,-0.3421979,-0.35658726,-0.2568045,-0.28815714,-0.34594566,0.70682514,-0.35713702,-0.27991652,-0.270654,-0.27204362,-0.35545924,-0.34418643,-0.3133456,-0.35199606,-0.35533303,0.8112144,-0.35140985,-0.32914695,-0.32914695,-0.35751456,-0.3593669,-0.35379392,-0.28354037,-0.3263344,0.8090157,0.82562274,0.74779826,-0.32349753,-0.34426677,-0.32729015,-0.351273,-0.34904224,-0.26304597,-0.26091534,-0.35131913,-0.34404397,-0.35182393,-0.31283143,-0.3326372,-0.35188997,-0.35933927,-0.35463315,-0.2547989,-0.24514951,-0.35424852,-0.35418794,-0.35748485,-0.33525,-0.2645283,-0.3565628,-0.3423161,-0.3512973,-0.31029314,-0.33294052,-0.30649143,-0.36058763,-0.35280955,-0.27306527,-0.304123,-0.34015253,-0.33709,-0.3462466,-0.26381022,-0.3555616,-0.35609764,-0.35768664,-0.35827664,0.7998961,-0.35637724,-0.3577867,-0.34833512,-0.35834262,-0.18443729,-0.31538883,-0.33845827,-0.33139998,-0.34460402,-0.34652692,-0.35169965,-0.35109764,-0.3502625,-0.35303077,-0.32128388,-0.3174648,0.48611534,-0.3513615,-0.32756048,-0.2788417,-0.3442507,-0.35489932,-0.35925305,-0.3556554,-0.2728125,-0.3173398,-0.35136873,-0.3255347,-0.34978673,-0.2555955,-0.2555955,-0.35720906,-0.35404736,-0.35111195
k__Bacteria|p__Firmicutes|c__Erysipelotrichi|o__Erysipelotrichales|f__[Coprobacillaceae]|g__Catenibacterium|s__unclassified,-0.28574407,-0.32443213,-0.3514585,-0.3514585,-0.35537535,-0.31121662,-0.34956193,-0.35552558,-0.35036126,-0.35681972,-0.3313659,-0.3067902,-0.34527826,-0.3436599,-0.33899614,-0.32049835,-0.3513301,-0.32141212,-0.33758917,0.71470433,-0.2703327,-0.35307166,-0.3462141,-0.35720402,-0.34060052,-0.3366719,-0.34884512,-0.3391449,-0.3489462,-0.34859508,-0.31815568,-0.30771792,-0.26893306,-0.35735446,-0.33666402,-0.25396472,-0.33594304,-0.35719213,-0.3509197,-0.345838,-0.26324958,-0.34331423,-0.34331423,-0.3421979,-0.35658726,-0.2568045,-0.28815714,-0.34594566,-0.35437846,0.83101285,-0.27991652,-0.270654,-0.27204362,-0.35545924,-0.34418643,-0.3133456,-0.35199606,0.5478449,-0.34445426,0.45551246,-0.32914695,-0.32914695,-0.35751456,-0.3593669,0.85206574,-0.282961,-0.32551014,-0.3465716,-0.3446649,-0.3479629,-0.32256824,1.0859635,-0.32729015,-0.34885192,-0.34904224,-0.26304597,-0.26091534,-0.3490426,-0.34404397,-0.35182393,-0.31283143,-0.3326372,-0.35188997,-0.35933927,-0.35463315,-0.2547989,-0.24514951,-0.35424852,0.5756328,0.56075126,-0.33525,-0.2645283,-0.3565628,-0.3423161,-0.34889627,-0.30958298,-0.33182865,-0.30649143,-0.36058763,-0.35280955,-0.27306527,-0.304123,-0.34015253,-0.33709,-0.3462466,-0.26381022,-0.3555616,-0.35609764,-0.35768664,-0.35827664,-0.3433188,-0.35637724,-0.3577867,-0.34833512,-0.35834262,-0.18443729,-0.31538883,-0.33845827,1.0004914,-0.34460402,-0.34652692,-0.35169965,-0.35109764,-0.3502625,0.37961513,-0.32128388,-0.3174648,0.6955014,-0.3489741,-0.32756048,-0.2788417,1.0770235,-0.35489932,0.601079,0.6047987,-0.2728125,-0.3173398,-0.34902376,-0.3255347,0.4194925,-0.2555955,-0.2555955,-0.35720906,-0.35404736,-0.34852326
k__Bacteria|p__Firmicutes|c__Clostridia|o__Clostridiales|f__Veillonellaceae|g__Veillonella|s__parvula,1.3915129,1.5615716,-0.3514585,-0.3514585,-0.35537535,-0.31121662,0.5597529,-0.35552558,-0.35036126,-0.35681972,1.05287,1.2425877,-0.34527826,-0.3436599,-0.33899614,1.096281,-0.3513301,1.129684,-0.33758917,-0.34701893,-0.2703327,-0.35307166,0.804423,0.6068735,-0.34060052,0.94029313,-0.3066696,0.6510468,-0.34609285,-0.3468197,1.1443088,1.2337224,1.5712938,0.6558136,-0.33666402,-0.25396472,0.9046818,-0.35719213,-0.3509197,-0.345838,-0.26324958,-0.34331423,-0.34331423,-0.3421979,-0.35658726,1.7605306,1.4563081,0.8580661,-0.35437846,-0.35713702,1.7233901,1.6340337,1.5214465,0.6384315,-0.34418643,1.2447082,0.62406224,-0.35533303,-0.34445426,-0.35140985,1.1527952,1.1527952,-0.35751456,-0.3593669,-0.35379392,1.114653,1.1072093,0.76754385,0.817436,0.7701753,1.0991277,-0.34426677,-0.32729015,-0.34650207,-0.34904224,1.7016366,-0.26091534,-0.33632576,-0.34404397,-0.35182393,1.4975803,1.5595059,0.77986246,0.5514009,0.6229719,1.6751199,-0.24514951,-0.35424852,-0.35418794,-0.35748485,0.9771391,-0.2645283,-0.3565628,-0.3423161,-0.34639394,1.1179147,1.0442061,-0.30649143,0.4943484,-0.35280955,-0.27306527,-0.304123,0.87019,-0.33709,-0.3462466,1.5872308,1.0783712,0.43044403,-0.35768664,-0.35827664,0.79342574,0.566249,0.5605407,-0.34833512,0.57938284,-0.18443729,1.250903,0.87645906,0.95658666,0.78169996,-0.34652692,-0.35169965,-0.35109764,-0.3502625,0.34980193,-0.32128388,-0.3174648,0.48391393,-0.34558028,-0.32756048,1.4769686,-0.3442507,-0.35489932,-0.35925305,-0.3556554,-0.2728125,1.1236174,-0.3445073,-0.3255347,-0.34978673,-0.2555955,-0.2555955,0.4933272,-0.35404736,-0.34462523
k__Bacteria|p__Firmicutes|c__Erysipelotrichi|o__Erysipelotrichales|f__Erysipelotrichaceae|g__Holdemania|s__unclassified,-0.28574407,-0.32443213,-0.3514585,-0.3514585,-0.35537535,-0.31121662,-0.34956193,-0.35552558,-0.35036126,-0.35681972,-0.3313659,-0.3067902,0.7634563,-0.3436599,-0.33899614,-0.32198983,-0.3513301,-0.32141212,-0.33758917,-0.34701893,-0.2703327,-0.35307166,0.8244201,0.5930455,0.8740745,-0.3366719,-0.3510496,-0.34112883,-0.35116464,-0.35084516,-0.31815568,-0.30771792,-0.26893306,-0.35735446,-0.33666402,-0.25396472,-0.33594304,-0.35719213,-0.3509197,-0.345838,-0.26324958,-0.34331423,-0.34331423,-0.3421979,-0.35658726,-0.2568045,-0.28815714,-0.34594566,-0.35437846,-0.35713702,-0.27991652,-0.270654,-0.27204362,-0.35545924,-0.34418643,-0.3133456,-0.35199606,-0.35533303,0.7970134,-0.35140985,-0.32914695,-0.32914695,-0.35751456,-0.3593669,-0.35379392,-0.28359798,-0.3268407,0.7584679,0.82195073,0.74676913,-0.3240201,-0.34426677,-0.32729015,-0.35106048,-0.34904224,-0.26304597,-0.26091534,-0.3512286,-0.34404397,-0.35182393,-0.31283143,-0.3326372,-0.35188997,-0.35933927,-0.35463315,-0.2547989,-0.24514951,0.64230984,-0.35418794,-0.35748485,-0.33525,-0.2645283,-0.3565628,-0.3423161,-0.35109258,-0.3107177,-0.33335894,-0.30649143,-0.36058763,-0.35280955,-0.27306527,-0.304123,-0.34015253,-0.33709,-0.3462466,-0.26381022,-0.3555616,-0.35609764,-0.35768664,-0.35827664,-0.3433188,-0.35637724,0.5566507,-0.34833512,0.58010554,-0.18443729,-0.31538883,-0.33845827,-0.33139998,-0.34460402,-0.34652692,-0.35169965,-0.35109764,-0.3502625,-0.35303077,-0.32128388,-0.3174648,-0.35918453,-0.35122132,-0.32756048,-0.2788417,-0.3442507,-0.35489932,-0.35925305,-0.3556554,-0.2728125,-0.3173398,-0.35118207,-0.3255347,-0.34978673,-0.2555955,-0.2555955,-0.35720906,0.6332563,-0.35065204
k__Bacteria|p__Firmicutes|c__Clostridia|o__Clostridiales|f__Veillonellaceae|g__Veillonella|s__dispar,1.4062771,1.577386,0.7290724,0.7290724,0.6823289,-0.31121662,0.57323325,-0.35552558,-0.35036126,-0.35681972,1.2042395,-0.3067902,0.7634563,-0.3436599,0.6262632,1.3440998,0.8023696,1.249108,1.0347412,-0.34701893,1.7153323,-0.35307166,0.80689144,-0.35720402,-0.34060052,1.3541806,0.45750985,1.0281274,0.4330762,0.43131185,1.1949058,1.2432127,1.6780876,0.6553706,-0.33666402,-0.25396472,1.1191599,-0.35719213,0.51524556,-0.345838,1.605107,-0.34331423,-0.34331423,0.79531425,-0.35658726,1.9482135,1.870163,1.4880996,0.70243037,0.56061846,1.8252709,1.8303342,1.539603,0.63673776,-0.34418643,1.8118911,0.62464297,-0.35533303,-0.34445426,-0.35140985,1.3617907,1.3617907,0.48296624,0.4602802,0.35297194,1.5031173,1.3329186,1.0017248,-0.3446649,0.7514651,1.3385868,-0.34426677,-0.32729015,0.43224096,-0.34904224,1.8424302,1.5958083,0.43953794,-0.34404397,-0.35182393,1.5339559,1.6008716,0.8000602,0.5565959,0.9792541,1.9197419,1.8158998,-0.35424852,-0.35418794,0.5469202,1.1092684,-0.2645283,0.63902587,0.8685794,0.43281132,1.4008379,1.2708185,-0.30649143,0.63457173,0.52944815,-0.27306527,1.3879687,0.9094422,-0.33709,-0.3462466,1.6107923,0.8559272,0.49162453,0.68653446,0.5545748,0.8789807,0.71735567,0.60405135,-0.34833512,0.58784235,-0.18443729,1.389251,0.894793,0.9655049,-0.34460402,0.87975514,0.8563066,-0.35109764,-0.3502625,0.37306634,-0.32128388,1.2539542,0.48530486,0.43297172,-0.32756048,1.4800595,0.8321873,-0.35489932,0.55657375,-0.3556554,1.5650588,1.2135279,0.43402874,-0.3255347,0.41513267,1.695536,1.695536,0.5118701,0.6731149,0.4333005
k__Bacteria|p__Firmicutes|c__Erysipelotrichi|o__Erysipelotrichales|f__Erysipelotrichaceae|g__[Eubacterium]|s__biforme,-0.28574407,-0.32443213,-0.3514585,-0.3514585,-0.35537535,-0.31121662,-0.34956193,-0.35552558,-0.35036126,-0.35681972,-0.3313659,-0.3067902,-0.34527826,-0.3436599,-0.33899614,-0.320375,-0.3513301,-0.32141212,-0.33758917,0.7254008,-0.2703327,-0.35307166,-0.3462141,-0.35720402,-0.34060052,-0.3366719,-0.34773952,-0.33830407,-0.3476904,-0.34687108,-0.31815568,-0.30771792,-0.26893306,-0.35735446,-0.33666402,-0.25396472,-0.33594304,0.64616317,0.5467991,0.6462941,-0.26324958,-0.34331423,-0.34331423,-0.3421979,0.5316559,-0.2568045,-0.28815714,-0.34594566,-0.35437846,0.55798936,-0.27991652,-0.270654,-0.27204362,-0.35545924,-0.34418643,-0.3133456,-0.35199606,0.47232392,-0.34445426,0.44664133,-0.32914695,-0.32914695,-0.35751456,-0.3593669,-0.35379392,-0.28157252,-0.3261441,-0.3465716,-0.3446649,-0.3479629,-0.32269973,-0.34426677,-0.32729015,-0.3475116,-0.34904224,-0.26304597,-0.26091534,-0.34798113,-0.34404397,-0.35182393,-0.31283143,-0.3326372,-0.35188997,-0.35933927,-0.35463315,-0.2547989,-0.24514951,-0.35424852,0.5769465,0.5498479,-0.33525,-0.2645283,-0.3565628,-0.3423161,-0.34763348,-0.3093143,-0.3321827,-0.30649143,-0.36058763,0.5777914,-0.27306527,-0.304123,-0.34015253,-0.33709,-0.3462466,-0.26381022,-0.3555616,-0.35609764,-0.35768664,-0.35827664,-0.3433188,-0.35637724,-0.3577867,-0.34833512,-0.35834262,-0.18443729,-0.31538883,-0.33845827,-0.33139998,-0.34460402,-0.34652692,-0.35169965,-0.35109764,0.65891474,0.35215285,-0.32128388,-0.3174648,0.5057131,-0.34768206,-0.32756048,-0.2788417,-0.3442507,-0.35489932,-0.35925305,-0.3556554,-0.2728125,-0.3173398,-0.34779942,-0.3255347,0.5211629,-0.2555955,-0.2555955,-0.35720906,-0.35404736,-0.34680182
k__Bacteria|p__Firmicutes|c__Bacilli|o__Turicibacterales|f__Turicibacteraceae|g__Turicibacter|s__unclassified,-0.28574407,-0.32443213,-0.3514585,-0.3514585,-0.35537535,-0.31121662,-0.34956193,0.61642563,0.69586325,-0.35681972,-0.3313659,-0.3067902,-0.34527826,0.8038898,-0.33899614,-0.3190955,0.84185165,-0.32141212,0.98629737,-0.34701893,-0.2703327,-0.35307166,0.7922472,-0.35720402,-0.34060052,-0.3366719,-0.3466393,-0.33766586,-0.34656733,-0.34610522,-0.31815568,-0.30771792,-0.26893306,-0.35735446,0.9436029,-0.25396472,-0.33594304,-0.35719213,-0.3509197,-0.345838,-0.26324958,-0.34331423,-0.34331423,-0.3421979,-0.35658726,-0.2568045,-0.28815714,-0.34594566,-0.35437846,-0.35713702,-0.27991652,-0.270654,-0.27204362,-0.35545924,-0.34418643,-0.3133456,-0.35199606,-0.35533303,-0.34445426,-0.35140985,-0.32914695,-0.32914695,-0.35751456,-0.3593669,-0.35379392,-0.28228033,-0.32431072,-0.3465716,-0.3446649,-0.3479629,-0.32119048,-0.34426677,-0.32729015,-0.3463796,-0.34904224,-0.26304597,-0.26091534,-0.34676564,-0.34404397,-0.35182393,-0.31283143,-0.3326372,0.73561877,0.60891813,0.6242702,-0.2547989,-0.24514951,-0.35424852,-0.35418794,-0.35748485,-0.33525,-0.2645283,-0.3565628,-0.3423161,-0.34649077,-0.30842736,-0.33033824,-0.30649143,0.4852625,-0.35280955,-0.27306527,-0.304123,-0.34015253,-0.33709,-0.3462466,-0.26381022,-0.3555616,0.49215773,0.64271414,-0.35827664,-0.3433188,-0.35637724,0.5671853,-0.34833512,-0.35834262,-0.18443729,-0.31538883,-0.33845827,-0.33139998,-0.34460402,-0.34652692,-0.35169965,0.7007918,-0.3502625,0.35382873,-0.32128388,-0.3174648,-0.35918453,-0.34655955,-0.32756048,-0.2788417,0.85625464,-0.35489932,-0.35925305,-0.3556554,-0.2728125,-0.3173398,-0.34663275,-0.3255347,-0.34978673,-0.2555955,-0.2555955,0.4837055,0.63217247,-0.3460159
k__Bacteria|p__Firmicutes|c__Clostridia|o__Clostridiales|f__Veillonellaceae|g__Phascolarctobacterium|s__unclassified,-0.28574407,-0.32443213,-0.3514585,-0.3514585,-0.35537535,1.191481,0.88655007,0.61056876,0.7155214,0.57692134,-0.3313659,-0.3067902,-0.34527826,-0.3436599,-0.33899614,-0.3203892,-0.3513301,-0.32141212,-0.33758917,0.7673124,-0.2703327,-0.35307166,-0.3462141,-0.35720402,-0.34060052,-0.3366719,-0.3465138,-0.33715522,-0.34656763,-0.3462708,-0.31815568,-0.30771792,-0.26893306,-0.35735446,-0.33666402,-0.25396472,-0.33594304,0.37651297,0.54091096,0.63713735,-0.26324958,-0.34331423,-0.34331423,-0.3421979,0.44339356,-0.2568045,-0.28815714,-0.34594566,-0.35437846,-0.35713702,-0.27991652,-0.270654,-0.27204362,-0.35545924,0.73044777,-0.3133456,-0.35199606,-0.35533303,-0.34445426,0.46516353,-0.32914695,-0.32914695,-0.35751456,-0.3593669,-0.35379392,-0.2830626,-0.32595748,-0.3465716,-0.3446649,-0.3479629,-0.32256,-0.34426677,-0.32729015,-0.34627846,0.72508246,-0.26304597,-0.26091534,-0.34679493,-0.34404397,-0.35182393,-0.31283143,-0.3326372,-0.35188997,-0.35933927,0.6181178,-0.2547989,-0.24514951,-0.35424852,-0.35418794,-0.35748485,-0.33525,-0.2645283,-0.3565628,-0.3423161,-0.34648794,-0.30927896,-0.33200514,-0.30649143,0.48569703,0.57479215,-0.27306527,-0.304123,-0.34015253,-0.33709,-0.3462466,-0.26381022,-0.3555616,-0.35609764,-0.35768664,-0.35827664,-0.3433188,-0.35637724,-0.3577867,-0.34833512,-0.35834262,-0.18443729,-0.31538883,-0.33845827,0.9426371,-0.34460402,-0.34652692,-0.35169965,0.8983841,1.1944063,0.53776646,1.0837377,-0.3174648,-0.35918453,-0.3464216,-0.32756048,-0.2788417,-0.3442507,-0.35489932,-0.35925305,-0.3556554,-0.2728125,-0.3173398,-0.34661555,-0.3255347,-0.34978673,-0.2555955,-0.2555955,-0.35720906,-0.35404736,-0.34615546
k__Bacteria|p__Firmicutes|c__Clostridia|o__Clostridiales|f__Ruminococcaceae|g__unclassified|s__unclassified,-0.28574407,-0.32443213,0.8270372,0.8270372,0.79969263,-0.31121662,0.61055535,0.61252487,0.7056667,0.57662463,-0.3313659,1.2472179,0.77025455,0.81227016,0.7528575,-0.3089578,-0.3513301,-0.32141212,0.9940533,0.88375086,-0.2703327,1.5505828,0.83959186,0.986949,1.0364139,-0.3366719,0.78205687,0.023270108,0.81237906,0.81196845,-0.31815568,-0.30771792,-0.26893306,0.9836467,1.560567,-0.25396472,-0.33594304,0.641769,0.5501386,0.6932629,-0.26324958,1.0862336,1.0862336,0.9325393,0.83209217,-0.2568045,-0.28815714,-0.34594566,1.0433714,0.56774056,-0.27991652,-0.270654,-0.27204362,0.64588535,0.7152125,-0.3133456,0.66070455,0.6299927,0.8123445,0.56857944,-0.32914695,-0.32914695,0.52635735,1.024653,1.0060483,-0.28405067,-0.32058161,0.8442854,0.91958016,0.8071312,-0.3125219,0.81923807,1.0911376,0.81229913,0.6633913,-0.26304597,-0.26091534,0.8053566,0.9659919,1.024765,1.1763034,-0.3326372,0.8396598,0.7550567,0.91026765,-0.2547989,-0.24514951,0.86632174,0.68754363,1.0906283,-0.33525,-0.2645283,0.7543727,0.98263466,0.81257594,-0.312713,-0.27820644,1.2628887,0.5698157,0.5688707,-0.27306527,-0.304123,0.8711959,0.9963097,1.0150918,-0.26381022,0.518223,0.6562991,-0.35768664,0.8248222,-0.3433188,-0.35637724,0.7822424,0.85034317,0.94987655,-0.18443729,-0.31538883,0.87356377,-0.33139998,0.85414773,-0.34652692,0.66647184,0.7327843,0.7670967,0.70209396,-0.32128388,-0.3174648,0.9470604,0.8117256,1.0783203,-0.2788417,0.8245906,0.5829742,0.7008586,0.8962429,-0.2728125,-0.3173398,0.81121933,0.9452367,0.59937006,-0.2555955,-0.2555955,0.7731974,0.6496204,0.8105358
k__Bacteria|p__Firmicutes|c__Clostridia|o__Clostridiales|f__Lachnospiraceae|g__Roseburia|s__unclassified,-0.28574407,-0.32443213,0.8589258,0.8589258,0.67420477,-0.31121662,0.569477,0.6095893,0.82932276,0.77144176,-0.3313659,-0.3067902,0.76269805,-0.3436599,-0.33899614,-0.31604606,-0.3513301,-0.32141212,-0.33758917,0.7405717,-0.2703327,0.6418431,-0.3462141,0.7642615,1.1962413,-0.3366719,0.66900253,-0.019571826,0.6959239,0.69499373,-0.31815568,-0.30771792,-0.26893306,0.7932344,1.265493,-0.25396472,-0.33594304,0.77985144,0.5634531,0.62741566,-0.26324958,1.0728749,1.0728749,0.79463726,0.4620559,-0.2568045,-0.28815714,-0.34594566,0.85291225,0.6743171,-0.27991652,-0.270654,-0.27204362,0.63253564,0.7261185,-0.3133456,-0.35199606,0.4990025,-0.34445426,0.39404622,-0.32914695,-0.32914695,0.62554795,0.74626034,0.7833068,-0.28790933,-0.326904,0.7671172,1.0361686,1.3708527,-0.31948096,-0.34426677,0.9707912,0.6959157,0.71066195,-0.26304597,-0.26091534,0.68976796,0.82655287,0.69338447,-0.31283143,-0.3326372,0.7728307,0.605141,-0.35463315,-0.2547989,-0.24514951,0.71913105,0.7318456,0.6518967,-0.33525,-0.2645283,0.8740777,1.0429875,0.6960923,-0.31681323,-0.28994673,-0.30649143,0.5278079,0.54076403,-0.27306527,-0.304123,1.173855,0.97731465,1.0202909,-0.26381022,0.51811194,0.5406349,0.58667266,0.57052034,0.79056543,0.7544476,0.7886625,0.8559913,0.9020804,-0.18443729,-0.31538883,-0.33845827,-0.33139998,0.7800777,-0.34652692,0.69124836,0.7735055,0.6696752,0.38254812,-0.32128388,-0.3174648,0.6561559,0.69551253,1.3801571,-0.2788417,-0.3442507,0.5798176,0.6734942,0.6883647,-0.2728125,-0.3173398,0.69501233,0.93058455,0.48596868,-0.2555955,-0.2555955,0.54589254,0.69708675,0.6939956
k__Bacteria|p__Firmicutes|c__Clostridia|o__Coriobacteriales|f__Coriobacteriaceae|g__unclassified|s__unclassified,-0.28574407,-0.32443213,-0.3514585,-0.3514585,-0.35537535,1.2624199,0.560838,0.63241065,-0.35036126,0.6287075,-0.3313659,-0.3067902,-0.34527826,-0.3436599,-0.33899614,-0.29351476,0.8066176,-0.32141212,1.0260493,-0.34701893,-0.2703327,-0.35307166,-0.3462141,-0.35720402,-0.34060052,-0.3366719,-0.344279,-0.31577972,-0.34559578,-0.34531647,-0.31815568,-0.30771792,-0.26893306,-0.35735446,-0.33666402,-0.25396472,-0.33594304,0.36704335,-0.3509197,-0.345838,1.6164038,-0.34331423,-0.34331423,-0.3421979,0.4279697,1.7094749,1.4041952,0.8751252,-0.35437846,0.5264175,1.4644452,-0.270654,1.5214465,-0.35545924,-0.34418643,-0.3133456,0.61604303,0.4462365,-0.34445426,0.34662494,1.0531236,1.0531236,0.457765,0.45359904,-0.35379392,-0.27063996,-0.29588324,-0.3465716,-0.3446649,-0.3479629,-0.29475778,-0.34426677,-0.32729015,-0.34563097,-0.34904224,-0.26304597,-0.26091534,-0.34530443,-0.34404397,-0.35182393,-0.31283143,-0.3326372,-0.35188997,-0.35933927,-0.35463315,-0.2547989,-0.24514951,0.63749814,-0.35418794,0.5516734,-0.33525,-0.2645283,-0.3565628,-0.3423161,-0.3456071,-0.28658807,-0.3013182,-0.30649143,-0.36058763,-0.35280955,-0.27306527,-0.304123,-0.34015253,-0.33709,-0.3462466,-0.26381022,-0.3555616,-0.35609764,-0.35768664,-0.35827664,-0.3433188,-0.35637724,-0.3577867,-0.34833512,-0.35834262,-0.18443729,-0.31538883,-0.33845827,0.9740266,-0.34460402,0.8567277,0.69841397,-0.35109764,-0.3502625,0.35047418,1.0878965,-0.3174648,0.49682137,-0.34565002,-0.32756048,-0.2788417,-0.3442507,0.68700886,-0.35925305,0.62059003,-0.2728125,1.1217277,-0.34546593,-0.3255347,0.41905737,-0.2555955,-0.2555955,-0.35720906,-0.35404736,-0.34487632
k__Bacteria|p__Firmicutes|c__Clostridia|o__Coriobacteriales|f__Coriobacteriaceae|g__Eggerthella|s__lenta,-0.28574407,-0.32443213,-0.3514585,-0.3514585,-0.35537535,-0.31121662,-0.34956193,0.62439644,-0.35036126,0.64491314,1.0016557,1.2415391,-0.34527826,-0.3436599,0.6812038,-0.31473792,-0.3513301,-0.32141212,-0.33758917,-0.34701893,-0.2703327,0.60125315,-0.3462141,0.5963164,-0.34060052,0.9459033,-0.34985477,-0.33473545,-0.35040694,-0.3504631,-0.31815568,-0.30771792,-0.26893306,-0.35735446,-0.33666402,-0.25396472,-0.33594304,0.365292,-0.3509197,-0.345838,-0.26324958,0.86336714,0.86336714,-0.3421979,-0.35658726,-0.2568045,-0.28815714,-0.34594566,-0.35437846,-0.35713702,-0.27991652,-0.270654,-0.27204362,-0.35545924,-0.34418643,-0.3133456,-0.35199606,-0.35533303,0.7966085,-0.35140985,-0.32914695,-0.32914695,-0.35751456,-0.3593669,-0.35379392,-0.28183877,-0.31845182,0.75975835,-0.3446649,0.74897313,-0.31625432,-0.34426677,-0.32729015,-0.35043278,-0.34904224,-0.26304597,-0.26091534,-0.35023615,0.7928781,-0.35182393,-0.31283143,0.9983834,-0.35188997,-0.35933927,-0.35463315,-0.2547989,-0.24514951,-0.35424852,-0.35418794,-0.35748485,-0.33525,-0.2645283,0.6330316,0.8670203,-0.35037667,-0.304932,-0.32479134,1.2829263,0.48569703,-0.35280955,-0.27306527,1.2357613,0.873762,-0.33709,-0.3462466,-0.26381022,0.50266874,-0.35609764,-0.35768664,-0.35827664,-0.3433188,-0.35637724,-0.3577867,-0.34833512,-0.35834262,-0.18443729,-0.31538883,-0.33845827,-0.33139998,-0.34460402,-0.34652692,-0.35169965,-0.35109764,-0.3502625,-0.35303077,1.0872738,1.1430988,-0.35918453,-0.35047427,-0.32756048,-0.2788417,0.82744616,0.60768837,-0.35925305,-0.3556554,-0.2728125,-0.3173398,-0.3504426,-0.3255347,-0.34978673,-0.2555955,-0.2555955,-0.35720906,-0.35404736,-0.35042477
k__Bacteria|p__Firmicutes|c__Clostridia|o__Clostridiales|f__Ruminococcaceae|g__Faecalibacterium|s__prausnitzii,-0.28574407,-0.32443213,0.79677355,0.79677355,0.70971906,1.2095821,0.7633727,0.6466763,0.7708254,0.64565194,-0.3313659,-0.3067902,-0.34527826,0.94794303,-0.33899614,-0.30923432,0.8215123,-0.32141212,-0.33758917,0.8338856,-0.2703327,0.5942072,0.7981821,0.6800635,0.86298853,-0.3366719,0.69194615,-0.007952886,0.7200097,0.7198237,-0.31815568,-0.30771792,-0.26893306,0.7737206,1.0781214,-0.25396472,0.903158,0.6360191,0.5651301,0.73064125,-0.26324958,0.9208886,0.9208886,0.81629825,0.5254388,-0.2568045,-0.28815714,1.5308275,1.4300203,0.7475972,-0.27991652,-0.270654,-0.27204362,0.71932757,0.7507598,-0.3133456,0.6375491,0.5193006,0.79383755,0.43932015,-0.32914695,-0.32914695,1.0805345,0.50167,0.3919519,-0.2841189,-0.32067192,-0.3465716,-0.3446649,-0.3479629,-0.31289196,0.8107249,-0.32729015,0.7200271,-0.34904224,-0.26304597,-0.26091534,0.71345294,0.9282479,0.7375871,-0.31283143,-0.3326372,0.73432547,0.64986604,0.7636513,-0.2547989,-0.24514951,0.7208393,0.6587425,0.76000965,-0.33525,-0.2645283,0.70633656,-0.3423161,0.7202053,-0.31176525,-0.28209165,-0.30649143,0.5154441,0.54386693,-0.27306527,-0.304123,0.866044,0.9201127,0.8496473,-0.26381022,0.4997323,0.5152468,0.93124557,0.9236397,-0.3433188,0.6587517,0.6667726,0.9486365,0.59534186,-0.18443729,-0.31538883,0.8698844,-0.33139998,0.8090286,-0.34652692,-0.35169965,0.9604516,0.74793714,0.831212,-0.32128388,-0.3174648,0.48536277,0.7194643,1.053087,-0.2788417,-0.3442507,0.581158,1.0544497,0.71665186,-0.2728125,-0.3173398,0.7189046,1.0025244,0.48840803,-0.2555955,-0.2555955,0.66195285,0.6625702,0.718444
k__Bacteria|p__Firmicutes|c__Clostridia|o__Coriobacteriales|f__unclassified|g__unclassified|s__unclassified,-0.28574407,1.0945201,0.84756273,0.84756273,0.7698756,-0.31121662,0.56462675,0.63570446,0.7258595,0.64786506,-0.3313659,-0.3067902,0.77476114,0.7919379,0.65234786,-0.30439773,0.79767585,-0.32141212,-0.33758917,0.747055,-0.2703327,0.575652,0.8671829,0.7596959,1.000377,-0.3366719,0.6837914,-0.013936936,0.7113853,0.71119756,-0.31815568,1.234576,-0.26893306,0.72863424,1.0648804,-0.25396472,0.9007831,0.4687573,0.50283945,0.64802134,-0.26324958,0.8924584,0.8924584,0.821586,0.6046475,-0.2568045,-0.28815714,-0.34594566,0.78072745,0.539762,-0.27991652,-0.270654,-0.27204362,0.64809304,0.7250332,-0.3133456,0.6483792,0.4770947,0.8151972,0.5158669,-0.32914695,-0.32914695,0.5179007,0.61718726,0.5698901,-0.28207308,-0.31581652,0.77295786,0.88239956,0.8158175,-0.3083919,0.8081568,0.9731422,0.7113181,0.6992866,-0.26304597,-0.26091534,0.70504737,0.866251,0.7375871,-0.31283143,-0.3326372,0.80569947,0.57846296,0.6352966,-0.2547989,-0.24514951,0.69604206,0.64534605,0.64394563,-0.33525,-0.2645283,0.67474234,0.9087493,0.71149766,-0.30817553,-0.27773,1.2958493,0.8124357,0.60980284,-0.27306527,-0.304123,0.9012372,0.9203583,0.85447246,-0.26381022,0.50447154,0.5705156,0.62006223,0.63969874,0.7939449,0.5700119,0.71146095,0.8328659,0.6347583,-0.18443729,-0.31538883,0.87104774,-0.33139998,0.80586916,0.8302448,0.66526085,0.7428094,0.6911723,0.4559348,-0.32128388,-0.3174648,0.50707406,0.7108643,1.0777884,-0.2788417,0.8293453,-0.35489932,0.629359,0.6491134,-0.2728125,-0.3173398,0.71043545,0.93976724,0.5270403,-0.2555955,-0.2555955,0.5231288,0.67503476,0.710119
k__Bacteria|p__Firmicutes|c__Clostridia|o__Clostridiales|f__Ruminococcaceae|g__Ruminococcus|s__unclassified,1.3782815,-0.32443213,0.90312946,0.90312946,0.74657774,1.1691703,0.56462675,0.74512017,-0.35036126,0.5809182,-0.3313659,-0.3067902,0.82017773,0.81521124,0.63826454,-0.30841997,0.8021142,-0.32141212,-0.33758917,1.017685,-0.2703327,1.032989,0.78740436,0.6673697,0.9512081,-0.3366719,0.7505496,0.009918682,0.780408,0.7801223,-0.31815568,1.235713,1.5349257,0.82535493,0.99170125,-0.25396472,-0.33594304,0.41237044,0.49316272,0.65084124,-0.26324958,0.9384869,0.9384869,0.86058885,0.856729,-0.2568045,-0.28815714,-0.34594566,0.8674399,0.58247685,-0.27991652,-0.270654,-0.27204362,0.67704433,0.76859045,-0.3133456,0.6145047,0.48120496,1.0349594,0.5420544,-0.32914695,-0.32914695,0.5535757,0.56974137,0.6338817,-0.2832606,-0.32067066,0.9048976,0.9203969,0.86771226,-0.3123533,-0.34426677,0.9828789,0.78043324,0.66151035,-0.26304597,-0.26091534,0.77340764,1.2350993,0.8584893,-0.31283143,-0.3326372,0.81489545,0.8245329,0.6719471,-0.2547989,-0.24514951,0.86188483,0.7056427,0.82909185,-0.33525,-0.2645283,0.7112387,0.93959224,0.78060174,-0.31150806,-0.27958626,1.3438274,0.7605037,0.53323436,-0.27306527,-0.304123,0.92088103,0.91880184,0.91292894,-0.26381022,0.5272867,0.73138005,0.58430105,0.59878415,-0.3433188,0.5509609,0.7950727,0.87675685,0.7816168,-0.18443729,-0.31538883,-0.33845827,-0.33139998,0.8247735,0.8208664,0.66658187,1.0084294,0.752575,0.7103341,-0.32128388,-0.3174648,0.91369927,0.77985644,1.160328,-0.2788417,0.8245906,-0.35489932,0.76513684,0.74248445,-0.2728125,-0.3173398,0.77922714,0.9535139,0.6444905,-0.2555955,-0.2555955,0.68269587,0.6497024,0.7786846
k__Bacteria|p__Firmicutes|c__Clostridia|o__Clostridiales|f__Clostridiaceae|g__unclassified|s__unclassified,1.378632,-0.32443213,-0.3514585,-0.3514585,-0.35537535,-0.31121662,0.57108855,-0.35552558,-0.35036126,-0.35681972,-0.3313659,-0.3067902,0.76269805,-0.3436599,0.62867504,-0.3174184,-0.3513301,-0.32141212,-0.33758917,-0.34701893,-0.2703327,-0.35307166,-0.3462141,0.60509473,-0.34060052,-0.3366719,-0.34649202,-0.33638376,-0.3466769,-0.34623736,-0.31815568,1.2337224,-0.26893306,-0.35735446,0.9353071,-0.25396472,0.90569633,-0.35719213,0.4756517,0.6253315,-0.26324958,0.8671779,0.8671779,-0.3421979,0.4267733,-0.2568045,-0.28815714,-0.34594566,-0.35437846,-0.35713702,1.4604386,-0.270654,-0.27204362,-0.35545924,-0.34418643,-0.3133456,-0.35199606,-0.35533303,0.79390526,0.38270274,-0.32914695,-0.32914695,-0.35751456,-0.3593669,0.34835264,-0.27923566,-0.3229347,-0.3465716,-0.3446649,-0.3479629,-0.31969485,-0.34426677,-0.32729015,-0.34646314,0.6500183,-0.26304597,-0.26091534,-0.34684008,-0.34404397,-0.35182393,1.1710608,-0.3326372,0.75079745,-0.35933927,0.61502737,-0.2547989,-0.24514951,-0.35424852,-0.35418794,0.60477114,-0.33525,-0.2645283,-0.3565628,-0.3423161,-0.34662268,-0.3064477,-0.32927382,-0.30649143,-0.36058763,-0.35280955,-0.27306527,1.2340736,-0.34015253,-0.33709,-0.3462466,-0.26381022,-0.3555616,-0.35609764,-0.35768664,-0.35827664,0.7921266,0.5512409,-0.3577867,-0.34833512,-0.35834262,-0.18443729,1.209791,-0.33845827,-0.33139998,-0.34460402,-0.34652692,-0.35169965,-0.35109764,-0.3502625,0.34980193,-0.32128388,1.1213173,0.48228872,-0.346592,-0.32756048,-0.2788417,-0.3442507,-0.35489932,0.548889,0.5933088,1.5516354,-0.3173398,-0.34669945,-0.3255347,-0.34978673,-0.2555955,-0.2555955,-0.35720906,-0.35404736,-0.34604695
k__Bacteria|p__Firmicutes|c__Clostridia|o__Clostridiales|f__Ruminococcaceae|g__Faecalibacterium|s__unclassified,-0.28574407,-0.32443213,0.7558706,0.7558706,0.71246374,1.2089603,0.74549973,0.7595633,1.0161871,0.8934463,-0.3313659,-0.3067902,-0.34527826,0.926279,-0.33899614,-0.31389254,0.8542154,-0.32141212,-0.33758917,0.75016165,-0.2703327,0.6255302,-0.3462141,0.87828726,-0.34060052,-0.3366719,0.689028,-0.012138523,0.71649826,0.716203,-0.31815568,-0.30771792,-0.26893306,0.880353,0.9524155,-0.25396472,-0.33594304,0.6092556,0.5090263,0.7251373,-0.26324958,0.90028757,0.90028757,0.8952736,0.46968246,-0.2568045,-0.28815714,-0.34594566,0.7789001,0.5451837,-0.27991652,-0.270654,-0.27204362,0.82027215,0.78814965,-0.3133456,0.7249539,0.49622276,-0.34445426,0.4012939,-0.32914695,-0.32914695,0.91936445,0.5102337,0.4141432,-0.28455925,-0.32596537,-0.3465716,-0.3446649,-0.3479629,-0.3177145,0.80712765,-0.32729015,0.7164942,-0.34904224,-0.26304597,-0.26091534,0.71003807,0.83257973,0.733511,-0.31283143,-0.3326372,-0.35188997,0.69056344,0.63506323,-0.2547989,-0.24514951,0.716906,0.7444805,0.6854795,-0.33525,-0.2645283,1.0015275,-0.3423161,0.7166257,-0.31510693,-0.2877465,1.2267833,0.5298884,0.5779979,-0.27306527,-0.304123,-0.34015253,0.96924037,0.9365265,-0.26381022,0.5226546,0.50391257,1.0631359,1.0380617,-0.3433188,-0.35637724,0.72721946,0.9703438,0.57956356,-0.18443729,-0.31538883,-0.33845827,-0.33139998,0.8502201,-0.34652692,-0.35169965,1.1264249,0.71702313,0.8148732,-0.32128388,-0.3174648,-0.35918453,0.71609735,1.0481666,-0.2788417,-0.3442507,-0.35489932,0.7081276,0.7852885,-0.2728125,-0.3173398,0.71561444,0.9496425,0.47409385,-0.2555955,-0.2555955,0.64095825,0.7812347,0.71547556
k__Bacteria|p__Firmicutes|c__Clostridia|o__Clostridiales|f__Lachnospiraceae|g__Lachnospira|s__unclassified,-0.28574407,-0.32443213,0.7683181,0.7683181,0.71876186,-0.31121662,0.69936776,-0.35552558,0.8119971,0.69829315,-0.3313659,-0.3067902,0.8525892,0.88924706,-0.33899614,-0.316268,-0.3513301,-0.32141212,-0.33758917,0.7181594,-0.2703327,0.5942072,-0.3462141,0.7475585,0.9819212,-0.3366719,0.6479206,-0.02183004,0.67484784,0.6744863,-0.31815568,-0.30771792,-0.26893306,0.8547985,1.0175165,-0.25396472,-0.33594304,0.40397394,0.58049446,0.67220044,-0.26324958,-0.34331423,-0.34331423,0.82400024,0.42407626,-0.2568045,-0.28815714,1.1762685,0.7376092,0.6061003,-0.27991652,-0.270654,-0.27204362,0.7019263,0.7108166,-0.3133456,-0.35199606,0.44453594,-0.34445426,0.355803,-0.32914695,-0.32914695,0.514099,-0.3593669,-0.35379392,-0.28721082,-0.3270347,-0.3465716,1.0056503,0.7852918,-0.31951708,0.8182203,0.9747065,0.6749212,0.77950215,-0.26304597,-0.26091534,0.66848093,0.83263296,0.6811851,-0.31283143,-0.3326372,1.164909,0.689959,0.6100149,-0.2547989,-0.24514951,0.64415437,0.58258593,0.55930436,-0.33525,-0.2645283,0.81902695,0.863355,0.6750729,-0.31640851,-0.2905035,-0.30649143,0.4891666,0.5266262,-0.27306527,-0.304123,1.0006319,0.97514725,0.9195213,-0.26381022,-0.3555616,0.53140527,0.70072466,0.68675566,-0.3433188,0.58293605,0.5648842,0.8502321,0.6774433,-0.18443729,-0.31538883,-0.33845827,-0.33139998,0.8465575,-0.34652692,0.89249957,0.6942686,0.67581844,0.5080741,-0.32128388,-0.3174648,0.49950862,0.6743618,-0.32756048,-0.2788417,-0.3442507,-0.35489932,0.830831,0.6119611,-0.2728125,-0.3173398,0.6738156,0.96095645,0.376832,-0.2555955,-0.2555955,0.49441475,0.7518453,0.6733335
k__Bacteria|p__Firmicutes|c__Clostridia|o__unclassified|f__unclassified|g__unclassified|s__unclassified,-0.28574407,-0.32443213,0.77925396,0.77925396,0.7326072,-0.31121662,0.62794644,0.99555844,0.78553486,0.7626522,1.0086106,-0.3067902,0.81010115,0.7949393,0.62451774,-0.29752606,0.798189,1.1026847,0.9834384,0.749923,-0.2703327,0.771891,0.989176,0.70965356,0.9301311,-0.3366719,0.688598,-3.7318096e-05,0.71604264,0.7154286,-0.31815568,-0.30771792,-0.26893306,0.7130986,0.9919824,-0.25396472,0.90332747,0.569684,0.50526184,0.64219975,-0.26324958,1.0790944,1.0790944,0.80541474,0.5159031,-0.2568045,-0.28815714,-0.34594566,0.82425046,0.5598158,-0.27991652,1.5372103,-0.27204362,0.6598441,0.72285914,-0.3133456,0.66594064,0.52768874,0.8454091,0.4495636,-0.32914695,-0.32914695,0.63266164,0.78778076,0.46305296,-0.27923113,-0.30780494,0.77499986,0.8634218,0.79037416,-0.3007214,0.84020925,0.97860646,0.7160295,0.6990365,-0.26304597,-0.26091534,0.70970285,0.81687695,0.6976272,1.4598312,1.0009726,0.9444337,0.68495846,0.62143534,1.6810123,-0.24514951,0.7181047,0.5977346,0.6197059,-0.33525,-0.2645283,0.69741106,0.8979576,0.71619153,-0.30230048,-0.2691846,1.256007,0.6255467,0.57975155,1.5383341,-0.304123,1.0992496,0.93126744,0.8717345,-0.26381022,0.5116504,0.46190175,0.60311854,0.61726904,0.79886365,0.7356856,0.6202151,0.8238973,0.6977201,-0.18443729,-0.31538883,0.88643163,-0.33139998,0.82022476,0.8208664,0.67436254,0.7059799,0.68464375,0.46286562,-0.32128388,-0.3174648,0.5630526,0.715592,1.0673206,-0.2788417,0.85694706,0.6191756,0.62621963,0.66615885,-0.2728125,-0.3173398,0.714959,0.9363664,0.43845314,-0.2555955,-0.2555955,0.51655895,0.6934058,0.7139858
k__Bacteria|p__Firmicutes|c__Clostridia|o__Clostridiales|f__Lachnospiraceae|g__Anaerostipes|s__unclassified,-0.28574407,-0.32443213,-0.3514585,-0.3514585,-0.35537535,-0.31121662,-0.34956193,-0.35552558,-0.35036126,-0.35681972,-0.3313659,-0.3067902,0.77100706,0.79743356,-0.33899614,-0.32223386,-0.3513301,-0.32141212,-0.33758917,-0.34701893,-0.2703327,-0.35307166,-0.3462141,-0.35720402,-0.34060052,-0.3366719,-0.34679022,-0.33989593,-0.34685886,-0.3465497,-0.31815568,-0.30771792,-0.26893306,-0.35735446,-0.33666402,-0.25396472,-0.33594304,-0.35719213,-0.3509197,-0.345838,-0.26324958,-0.34331423,-0.34331423,-0.3421979,0.42527586,-0.2568045,-0.28815714,-0.34594566,-0.35437846,-0.35713702,-0.27991652,-0.270654,-0.27204362,0.63691616,0.70750695,-0.3133456,-0.35199606,-0.35533303,-0.34445426,0.3430947,-0.32914695,-0.32914695,-0.35751456,-0.3593669,0.36897352,-0.28384924,-0.32716072,-0.3465716,-0.3446649,-0.3479629,-0.3243268,-0.34426677,-0.32729015,-0.3467742,-0.34904224,-0.26304597,-0.26091534,-0.34692633,0.7983407,0.68022823,-0.31283143,-0.3326372,-0.35188997,-0.35933927,0.62190837,-0.2547989,-0.24514951,-0.35424852,-0.35418794,-0.35748485,-0.33525,-0.2645283,-0.3565628,-0.3423161,-0.34679878,-0.31105736,-0.333526,-0.30649143,0.48112494,-0.35280955,-0.27306527,-0.304123,-0.34015253,0.8911214,0.8206274,-0.26381022,-0.3555616,0.44263703,-0.35768664,0.56472194,-0.3433188,-0.35637724,0.55420685,0.76264596,-0.35834262,-0.18443729,-0.31538883,-0.33845827,-0.33139998,-0.34460402,-0.34652692,-0.35169965,-0.35109764,-0.3502625,0.35315874,-0.32128388,-0.3174648,0.48738766,-0.34692088,-0.32756048,-0.2788417,-0.3442507,-0.35489932,-0.35925305,-0.3556554,-0.2728125,-0.3173398,-0.34686795,-0.3255347,0.34687814,-0.2555955,-0.2555955,-0.35720906,-0.35404736,-0.34633684
k__Bacteria|p__Firmicutes|c__Clostridia|o__Clostridiales|f__Lachnospiraceae|g__Lachnobacterium|s__unclassified,-0.28574407,-0.32443213,-0.3514585,-0.3514585,0.6935172,-0.31121662,-0.34956193,-0.35552558,-0.35036126,-0.35681972,-0.3313659,-0.3067902,-0.34527826,0.8093204,-0.33899614,-0.32035524,-0.3513301,-0.32141212,-0.33758917,-0.34701893,-0.2703327,-0.35307166,-0.3462141,-0.35720402,-0.34060052,-0.3366719,-0.34501538,-0.3380313,-0.34509704,-0.34492376,-0.31815568,-0.30771792,-0.26893306,0.7281967,-0.33666402,-0.25396472,-0.33594304,-0.35719213,-0.3509197,-0.345838,-0.26324958,-0.34331423,-0.34331423,0.85656536,-0.35658726,-0.2568045,-0.28815714,-0.34594566,0.7181021,-0.35713702,-0.27991652,-0.270654,-0.27204362,-0.35545924,-0.34418643,-0.3133456,-0.35199606,0.44453594,-0.34445426,0.36910737,-0.32914695,-0.32914695,-0.35751456,0.45600253,-0.35379392,-0.2819397,-0.32538927,-0.3465716,-0.3446649,-0.3479629,-0.32225925,-0.34426677,-0.32729015,-0.3448339,-0.34904224,-0.26304597,-0.26091534,-0.34524554,0.7999901,0.6884909,-0.31283143,-0.3326372,-0.35188997,0.9889962,0.6340125,-0.2547989,-0.24514951,0.66024107,-0.35418794,-0.35748485,-0.33525,-0.2645283,-0.3565628,-0.3423161,-0.34499937,-0.30888775,-0.33165064,-0.30649143,-0.36058763,-0.35280955,-0.27306527,-0.304123,-0.34015253,-0.33709,0.8240026,-0.26381022,0.50165325,0.48958606,-0.35768664,-0.35827664,-0.3433188,-0.35637724,-0.3577867,-0.34833512,-0.35834262,-0.18443729,-0.31538883,-0.33845827,-0.33139998,0.7803524,-0.34652692,-0.35169965,0.6942686,-0.3502625,0.35883957,-0.32128388,-0.3174648,-0.35918453,-0.34497577,-0.32756048,-0.2788417,-0.3442507,-0.35489932,0.68034375,0.5971965,-0.2728125,-0.3173398,-0.34513056,-0.3255347,0.4405852,-0.2555955,-0.2555955,-0.35720906,-0.35404736,-0.3447636
k__Bacteria|p__Firmicutes|c__Clostridia|o__Clostridiales|f__Lachnospiraceae|g__[Ruminococcus]|s__unclassified,-0.28574407,1.0877159,0.7305009,0.7305009,-0.35537535,-0.31121662,0.5716252,0.7655435,0.85981,0.681646,1.0191547,1.2609814,0.79552764,0.7994246,0.6994484,-0.30359223,0.7985309,-0.32141212,0.98376364,0.72295195,-0.2703327,0.63167876,0.8398386,0.6711645,0.87510115,-0.3366719,0.6446403,-0.01919311,0.67054176,0.67031074,-0.31815568,1.233936,-0.26893306,0.682713,0.97239465,-0.25396472,-0.33594304,0.4298796,0.49107173,0.6387221,-0.26324958,0.9113746,0.9113746,0.7962162,0.4467727,-0.2568045,-0.28815714,-0.34594566,0.7433478,0.5307853,-0.27991652,-0.270654,-0.27204362,0.6531963,0.70971465,-0.3133456,-0.35199606,0.4446305,0.79647356,0.44947648,-0.32914695,-0.32914695,0.6165841,0.6970297,0.51753116,-0.28021702,-0.31418097,0.7957967,0.8456178,0.7671532,-0.30713183,-0.34426677,-0.32729015,0.6703621,-0.34904224,-0.26304597,-0.26091534,0.66457057,0.80009997,0.7231708,1.175901,-0.3326372,0.7707531,0.56176406,0.61312085,-0.2547989,-0.24514951,0.6343394,0.5901889,0.5735018,-0.33525,-0.2645283,0.65119225,0.8625987,0.6706095,-0.30655777,-0.27775615,1.2379925,0.5874327,0.5528007,-0.27306527,-0.304123,0.9101945,0.9151057,0.8461779,-0.26381022,0.5007497,0.44852638,-0.35768664,0.6523568,-0.3433188,0.5520807,0.55495644,0.8062957,0.5939177,-0.18443729,-0.31538883,0.87356377,-0.33139998,0.7892771,-0.34652692,-0.35169965,0.69164735,0.674044,0.37010536,1.0963683,-0.3174648,0.5117665,0.6700184,1.0381736,-0.2788417,-0.3442507,0.67375296,0.5893896,0.5959023,-0.2728125,-0.3173398,0.66969,0.9319015,0.3804574,-0.2555955,-0.2555955,0.48282617,0.64072776,0.6695025
k__Bacteria|p__Firmicutes|c__Clostridia|o__Clostridiales|f__Lachnospiraceae|g__Roseburia|s__faecis,-0.28574407,-0.32443213,0.72477466,0.72477466,0.6590797,-0.31121662,0.5602956,-0.35552558,0.70285434,0.56157595,-0.3313659,-0.3067902,-0.34527826,-0.3436599,-0.33899614,-0.32027334,-0.3513301,-0.32141212,-0.33758917,-0.34701893,-0.2703327,-0.35307166,-0.3462141,0.5948458,-0.34060052,-0.3366719,-0.34286144,-0.33681017,-0.3428189,-0.34242857,-0.31815568,-0.30771792,-0.26893306,-0.35735446,-0.33666402,-0.25396472,-0.33594304,-0.35719213,0.4785794,-0.345838,-0.26324958,-0.34331423,-0.34331423,-0.3421979,-0.35658726,-0.2568045,-0.28815714,-0.34594566,0.70773196,0.530184,-0.27991652,-0.270654,-0.27204362,-0.35545924,-0.34418643,-0.3133456,-0.35199606,-0.35533303,-0.34445426,-0.35140985,-0.32914695,-0.32914695,0.4589157,0.4519648,0.34196603,-0.28288996,-0.32602966,0.8196358,0.8197712,0.74838585,-0.32253465,-0.34426677,-0.32729015,-0.34251103,-0.34904224,-0.26304597,-0.26091534,-0.34309718,-0.34404397,-0.35182393,-0.31283143,-0.3326372,-0.35188997,-0.35933927,-0.35463315,-0.2547989,-0.24514951,-0.35424852,-0.35418794,-0.35748485,-0.33525,-0.2645283,0.6338281,-0.3423161,-0.3427475,-0.30946988,-0.33185124,-0.30649143,-0.36058763,-0.35280955,-0.27306527,-0.304123,-0.34015253,-0.33709,-0.3462466,-0.26381022,-0.3555616,0.43378884,-0.35768664,-0.35827664,0.81118333,-0.35637724,-0.3577867,-0.34833512,-0.35834262,-0.18443729,-0.31538883,-0.33845827,-0.33139998,0.78120106,-0.34652692,-0.35169965,0.6942686,-0.3502625,0.3578394,-0.32128388,-0.3174648,-0.35918453,-0.34265158,-0.32756048,-0.2788417,-0.3442507,-0.35489932,0.548889,-0.3556554,-0.2728125,-0.3173398,-0.34286386,-0.3255347,-0.34978673,-0.2555955,-0.2555955,0.4731024,0.6312545,-0.34227267
k__Bacteria|p__Firmicutes|c__Clostridia|o__Coriobacteriales|f__Coriobacteriaceae|g__Collinsella|s__unclassified,-0.28574407,-0.32443213,0.75168675,0.75168675,0.6595696,1.3148462,0.6090062,0.7681487,0.700034,-0.35681972,-0.3313659,-0.3067902,-0.34527826,0.79243875,-0.33899614,-0.24623579,0.94783247,1.1074517,1.0658405,-0.34701893,-0.2703327,0.575652,-0.3462141,-0.35720402,-0.34060052,-0.3366719,-0.32521915,-0.27420878,-0.32757646,-0.32759064,1.296869,-0.30771792,-0.26893306,0.6756826,-0.33666402,1.8483573,-0.33594304,0.49930492,-0.3509197,-0.345838,1.6653353,1.0631224,1.0631224,-0.3421979,0.4672425,1.7358582,-0.28815714,0.9131628,-0.35437846,0.57632124,1.4962558,-0.270654,1.6950942,-0.35545924,-0.34418643,-0.3133456,0.72796893,0.5190373,-0.34445426,0.3934936,1.2833103,1.2833103,0.5481559,0.523304,-0.35379392,-0.24630433,-0.24618497,-0.3465716,-0.3446649,-0.3479629,-0.2465996,0.8095273,-0.32729015,-0.3275513,-0.34904224,-0.26304597,-0.26091534,-0.32700992,-0.34404397,-0.35182393,-0.31283143,-0.3326372,-0.35188997,-0.35933927,-0.35463315,-0.2547989,-0.24514951,0.6732131,-0.35418794,0.5551327,1.0131063,1.6025628,0.6899802,1.0107532,-0.327618,-0.24565099,-0.24962473,-0.30649143,0.8118088,-0.35280955,1.6408294,-0.304123,-0.34015253,-0.33709,-0.3462466,-0.26381022,0.50930053,-0.35609764,-0.35768664,0.57668436,-0.3433188,-0.35637724,-0.3577867,-0.34833512,-0.35834262,-0.18443729,-0.31538883,-0.33845827,1.0190989,-0.34460402,1.2618014,0.7418935,0.69164735,-0.3502625,-0.35303077,1.4097918,-0.3174648,0.54679257,-0.3274632,-0.32756048,1.4975802,1.023207,1.5098628,0.5501621,0.6077466,1.6290992,1.1583267,-0.32738134,-0.3255347,0.38766897,-0.2555955,-0.2555955,0.4695429,0.63608545,-0.3271805
k__Bacteria|p__Firmicutes|c__Clostridia|o__Clostridiales|f__Ruminococcaceae|g__Oscillospira|s__unclassified,-0.28574407,1.0820919,0.78332424,0.78332424,0.76004577,-0.31121662,0.66722417,0.69531184,0.7180795,0.6248033,-0.3313659,1.4321297,0.9072264,0.8403447,0.67623925,-0.30125988,0.80881953,-0.32141212,-0.33758917,0.7415348,1.4873586,0.63031566,0.86196667,0.8717384,0.9821056,1.227059,0.6824746,-0.008956641,0.70928705,0.70881057,-0.31815568,1.3575217,1.5637805,0.66674244,0.9883212,-0.25396472,-0.33594304,0.4463806,0.48825282,0.63204926,-0.26324958,1.1031895,1.1031895,0.8244386,0.60289246,-0.2568045,-0.28815714,-0.34594566,0.70916617,0.53131115,-0.27991652,-0.270654,-0.27204362,0.7410236,0.73905057,1.2567242,0.6509978,0.50986755,0.82920945,0.49581814,-0.32914695,-0.32914695,0.46445873,0.4809802,0.48550445,-0.27973378,-0.31201014,0.951261,0.896226,0.8097588,-0.3050471,-0.34426677,0.97587806,0.7088895,0.65211755,-0.26304597,-0.26091534,0.7033057,0.93455833,1.316892,1.2547909,1.0167509,0.7815099,0.6031646,0.6315565,-0.2547989,-0.24514951,0.7116661,0.6446856,1.0232979,-0.33525,-0.2645283,0.7089585,1.0170707,0.70930433,-0.30530664,-0.27428564,-0.30649143,0.5437171,0.5914325,-0.27306527,-0.304123,0.8856139,0.8923849,0.8503636,-0.26381022,0.51955456,0.6665277,0.58430105,0.6033015,0.86674964,0.57083607,0.64923465,0.7803113,0.6117504,-0.18443729,-0.31538883,0.87819225,-0.33139998,0.89525056,-0.34652692,-0.35169965,0.7735055,0.73571634,0.665744,-0.32128388,-0.3174648,0.6205249,0.70861065,1.0433792,-0.2788417,-0.3442507,0.5807752,0.5899332,0.78217596,-0.2728125,-0.3173398,0.7084224,0.94002837,0.40987566,1.6988811,1.6988811,0.47930118,0.6748749,0.7079214
k__Bacteria|p__Firmicutes|c__Clostridia|o__Clostridiales|f__Lachnospiraceae|g__[Ruminococcus]|s__gnavus,-0.28574407,1.1283319,0.7305009,0.7305009,0.66494286,-0.31121662,0.6043444,-0.35552558,-0.35036126,-0.35681972,1.1023315,1.281494,0.77999336,0.80784225,0.6959511,0.85027695,0.80991864,-0.32141212,0.98733497,0.7181594,1.7172225,-0.35307166,1.0647473,0.605742,0.90262866,1.0125692,0.6312036,0.8621429,0.62188005,0.6211743,-0.31815568,1.5546157,1.536034,-0.35735446,-0.33666402,-0.25396472,0.9222893,0.4227679,0.4778483,0.62949544,-0.26324958,0.8738543,0.8738543,-0.3421979,0.43005988,-0.2568045,-0.28815714,0.9135287,0.7085248,0.53138626,-0.27991652,1.5644075,-0.27204362,-0.35545924,-0.34418643,1.2383436,0.62086225,0.45544472,0.85264605,0.36929613,1.0426308,1.0426308,0.5773523,0.5461265,0.45969313,0.545785,0.89685094,-0.3465716,-0.3446649,-0.3479629,0.8684188,0.8042061,0.9700063,0.6207667,0.6769076,-0.26304597,-0.26091534,0.62528944,0.79663336,0.6827779,1.1851132,1.1215361,0.8208476,0.62372404,0.621317,-0.2547989,-0.24514951,0.6525956,0.577855,0.55839896,1.0817407,1.6029913,0.6348409,0.8690627,0.6216173,0.766195,0.9301193,1.3439816,0.5866475,0.56417096,-0.27306527,1.2441568,0.8835196,0.90118486,0.8278549,1.635775,0.5013145,0.48622808,0.73398143,0.6432144,0.8208299,0.68252516,0.5624996,0.76965326,0.5976518,-0.18443729,-0.31538883,0.91946554,-0.33139998,0.78321993,0.87753177,0.67468995,-0.35109764,0.65711,0.3608369,-0.32128388,1.1358178,0.50611025,0.62115335,1.0351639,-0.2788417,0.8371415,0.60039437,0.552915,-0.3556554,-0.2728125,1.1540166,0.62228274,-0.3255347,0.3763779,1.698404,1.698404,0.4695429,0.636916,0.6197043
k__Bacteria|p__Firmicutes|c__Erysipelotrichi|o__Erysipelotrichales|f__[Coprobacillaceae]|g__unclassified|s__unclassified,1.74382,1.1226969,0.76969165,0.76969165,0.66284585,1.1686152,0.68078315,1.0924155,0.70500135,0.6893638,-0.3313659,1.2720902,0.82160896,0.79543865,0.78873,-0.14774098,0.8138823,-0.32141212,0.9859729,-0.34701893,-0.2703327,0.6026564,0.96268505,0.6839601,0.9800136,-0.3366719,0.66915226,0.12717947,0.69226784,0.69286686,-0.31815568,1.2620656,1.5320383,0.85355,0.98662686,1.7379383,-0.33594304,0.5539326,0.5274997,0.6509977,1.6366578,0.88048637,0.88048637,0.79463726,0.43467268,-0.2568045,-0.28815714,0.86423326,0.72436213,-0.35713702,-0.27991652,1.5474961,-0.27204362,0.70317936,-0.34418643,1.1808702,0.62122643,0.45075724,0.8555135,0.4287039,-0.32914695,-0.32914695,0.46235982,0.54816145,0.6185397,-0.21316689,-0.14859125,0.95055085,0.8588738,0.8076849,-0.14734125,-0.34426677,0.9863611,0.6922433,0.7277595,-0.26304597,-0.26091534,0.68651253,0.7960268,0.68943995,1.199364,-0.3326372,1.0020076,0.6587942,0.62533116,-0.2547989,-0.24514951,0.64230984,-0.35418794,-0.35748485,-0.33525,-0.2645283,0.6842158,0.8797972,0.6922666,-0.1792019,-0.10419461,1.2692249,0.69309586,0.67316186,-0.27306527,-0.304123,0.8851734,0.9064279,0.8604565,-0.26381022,0.50559664,0.72533417,0.6706891,0.63737315,1.0871745,0.9204829,0.5960596,0.81783503,0.67169136,-0.18443729,1.7488943,0.9279225,-0.33139998,0.82108825,0.8640867,0.68359846,-0.35109764,-0.3502625,0.35650432,1.1339251,-0.3174648,-0.35918453,0.6918578,1.0409374,1.5906987,0.8759153,0.8837324,0.5678871,0.5955137,1.5578325,1.3554791,0.6911644,-0.3255347,-0.34978673,1.696971,1.696971,0.4706566,0.76303184,0.69073004
k__Bacteria|p__Firmicutes|c__Clostridia|o__Clostridiales|f__unclassified|g__unclassified|s__unclassified,1.3873534,1.0867401,0.74044347,0.74044347,0.6732873,-0.31121662,0.57055163,0.78929514,0.742737,0.5898897,-0.3313659,-0.3067902,0.80284095,0.7934397,0.62559223,-0.23241168,1.1112139,1.1013806,1.0110974,0.7317399,-0.2703327,0.8410708,0.89231735,0.62464815,0.86430323,-0.3366719,0.7054869,0.05773155,0.7310953,0.73057735,-0.31815568,1.2374159,-0.26893306,1.0775169,1.261851,-0.25396472,1.0119015,0.41675055,0.5224062,0.64077854,-0.26324958,0.88467896,0.88467896,0.80964893,0.87524635,-0.2568045,-0.28815714,0.8694074,0.7085248,0.55293083,1.4631114,-0.270654,-0.27204362,0.63334167,-0.34418643,-0.3133456,0.62609327,0.50088114,0.83149326,0.5141128,-0.32914695,-0.32914695,0.63153327,0.49847043,0.66028243,-0.2556482,-0.23610286,0.81487626,0.8182652,0.74897313,-0.23348142,0.8031729,-0.32729015,0.73073876,-0.34904224,-0.26304597,-0.26091534,0.72545815,0.9062131,0.6938568,1.1746932,0.99967885,0.9533099,0.8185697,1.0545837,-0.2547989,-0.24514951,0.8310274,0.6157706,0.6462712,0.94980556,-0.2645283,0.70492196,0.89727926,0.73115546,-0.24860229,-0.19410253,1.2281697,1.000938,0.57706827,-0.27306527,1.2357613,0.90933466,0.89440316,0.8259612,-0.26381022,0.59080595,0.45518616,0.76550764,0.61404526,-0.3433188,0.6739755,0.6301041,0.78043044,0.63714963,-0.18443729,1.2118604,0.88049847,0.9494967,0.79120564,-0.34652692,0.66448945,0.7188335,0.6711336,0.57227135,-0.32128388,1.1225029,0.53891915,0.730379,1.0265607,-0.2788417,0.93673474,-0.35489932,0.77478206,0.92656535,1.5211751,-0.3173398,0.730161,-0.3255347,0.38721976,-0.2555955,-0.2555955,0.48480353,0.72286195,0.7291348
k__Bacteria|p__Firmicutes|c__Clostridia|o__Clostridiales|f__Lachnospiraceae|g__Coprococcus|s__unclassified,-0.28574407,1.0749553,0.7347741,0.7347741,0.73515356,-0.31121662,-0.34956193,-0.35552558,-0.35036126,-0.35681972,0.9967171,-0.3067902,0.7785012,0.7959377,0.6602888,-0.29271442,0.8032207,-0.32141212,-0.33758917,0.72295195,1.4675589,0.8460301,0.8004949,0.60266405,0.8874743,0.9384766,0.6409521,-0.006464599,0.6667824,0.6667433,-0.31815568,1.2642077,1.5320383,0.67190367,0.9370906,-0.25396472,0.907891,0.55656004,0.49632692,0.63729596,-0.26324958,0.93015295,0.93015295,0.804968,0.4895527,-0.2568045,-0.28815714,-0.34594566,0.8099295,0.5594508,-0.27991652,1.5417949,-0.27204362,0.6357559,0.7163085,1.1717818,0.62783086,0.49018848,0.82035124,0.37042812,-0.32914695,-0.32914695,0.5162732,0.6339753,0.44272244,-0.27417314,-0.3033101,0.7657586,0.8315146,0.7591947,-0.2959841,0.8095273,0.9700063,0.6667943,0.6701079,-0.26304597,-0.26091534,0.66064537,0.800045,0.6859558,-0.31283143,1.0036842,0.75777465,0.5651947,0.6120468,-0.2547989,-0.24514951,0.70336366,0.5723917,0.56813407,0.9477355,-0.2645283,0.65105,0.8924129,0.6669158,-0.2973324,-0.2663222,1.711121,0.578564,0.5361454,-0.27306527,-0.304123,0.8757656,0.9107349,0.9632112,1.5911585,0.50311977,0.46035215,0.5771522,0.56955624,0.80555564,0.57092756,0.5674969,0.79755294,0.6148954,-0.18443729,-0.31538883,0.8712415,-0.33139998,0.7975339,-0.34652692,0.66647184,0.716276,0.66805226,0.42210644,-0.32128388,-0.3174648,0.542262,0.6663416,1.050825,-0.2788417,-0.3442507,0.60376745,0.56524485,0.66059023,-0.2728125,-0.3173398,0.66579366,-0.3255347,0.4203622,-0.2555955,-0.2555955,0.49441475,0.64674723,0.6655351
k__Bacteria|p__Firmicutes|c__Clostridia|o__Clostridiales|f__Lachnospiraceae|g__Blautia|s__unclassified,-0.28574407,1.3430523,1.1858308,1.1858308,0.9079704,1.1811191,0.7735068,1.674056,0.95029575,1.1092671,1.1052969,1.2989092,0.8280244,0.8634637,0.8001817,1.0631986,0.8879952,1.1026847,0.99315155,0.809676,1.6338203,0.69501346,1.7394763,1.035047,1.734628,1.051964,0.95631045,1.0704551,0.9499774,0.94808346,-0.31815568,1.582916,1.5503311,1.0313501,1.1886213,-0.25396472,1.1657047,0.9781265,0.7322603,0.75151056,-0.26324958,1.4455775,1.4455775,0.98651564,0.68626976,-0.2568045,-0.28815714,0.9685025,1.1166514,0.9240539,-0.27991652,1.5486325,-0.27204362,0.9026975,1.0681722,1.2487864,0.74914354,0.6056628,1.2984098,0.6275125,1.0508461,1.0508461,0.94950444,1.2231747,0.67018926,0.8861636,1.095675,0.8318911,1.0871443,0.9560984,1.0751958,1.4351065,1.27519,0.94757766,0.85787445,1.605151,-0.26091534,0.95360136,0.8869102,1.08317,1.2413137,1.3115605,1.6851854,1.0359604,1.4239926,-0.2547989,-0.24514951,0.9652279,0.7192242,0.6666367,1.1173462,1.6153282,0.87510175,0.9598016,0.94953644,1.0155487,1.1134782,1.6638273,0.7971214,0.9311281,-0.27306527,1.2632031,1.4041095,1.2205387,1.172436,1.8742163,0.69262713,0.8387467,0.8075321,0.72028697,0.9531524,0.986096,0.93405336,1.2509061,1.1818315,-0.18443729,-0.31538883,1.5123599,-0.33139998,1.2148718,0.96944344,0.80582124,0.8457981,0.7404111,0.5845775,1.1094509,1.1369133,0.68663824,0.9482071,1.4067641,-0.2788417,1.3870246,0.7176064,0.8475078,0.7345114,-0.2728125,1.2776208,0.95037985,0.9553155,0.62165177,1.9773284,1.9773284,0.7561087,0.9657109,0.9474689
k__Bacteria|p__Firmicutes|c__Clostridia|o__Clostridiales|f__Lachnospiraceae|g__unclassified|s__unclassified,-0.28574407,1.4107835,1.2905985,1.2905985,1.0157968,-0.31121662,0.61724067,0.7871093,1.2236737,0.8049816,1.0073867,-0.3067902,1.5400438,1.1145642,0.80063254,-0.2016305,0.95209306,-0.32141212,1.0259869,0.82495856,1.5661552,0.65723044,1.0310782,0.98451555,1.2296638,-0.3366719,0.96891963,0.17306796,1.0007704,1.0002737,-0.31815568,1.4233961,1.6792401,1.3083915,1.2667753,1.7144234,0.9261052,0.62154055,0.936193,0.90951025,-0.26324958,1.1025616,1.1025616,0.908455,0.55732757,-0.2568045,-0.28815714,0.8567119,0.9613673,0.782025,-0.27991652,1.5372103,-0.27204362,0.8798024,0.7518175,1.3078046,0.87515754,0.6778445,1.1337212,0.8187368,-0.32914695,-0.32914695,0.7886678,0.77875704,0.82728016,-0.23993593,-0.20566198,1.4301804,1.3124416,0.99769634,-0.20262259,0.8519279,1.0039718,1.0001485,0.81230676,-0.26304597,-0.26091534,0.9936169,1.0452685,0.90504944,1.2851881,1.1327053,1.1055475,1.3645091,1.5321691,-0.2547989,-0.24514951,0.8761604,0.8079342,0.7016218,-0.33525,-0.2645283,1.0848945,1.2033944,1.0007544,-0.22612658,-0.15141514,1.2947698,1.057198,1.2195247,-0.27306527,-0.304123,1.2322841,1.0231827,1.1011134,1.6662139,0.65663993,0.7752667,1.4111762,1.1870362,1.3369712,1.1063643,1.3664628,1.0090829,0.9192117,-0.18443729,-0.31538883,1.0092832,0.947262,1.067121,0.8935403,0.806204,0.91005534,0.7992332,1.038058,-0.32128388,-0.3174648,0.5920454,0.9997656,1.1100229,1.5992023,0.8324238,0.7335886,1.017091,0.76919234,1.5195018,-0.3173398,0.9994679,0.98020226,0.6903208,1.7031658,1.7031658,0.86986715,1.1429509,0.9982021
k__Bacteria|p__Firmicutes|c__Clostridia|o__Clostridiales|f__Peptostreptococcaceae|g__unclassified|s__unclassified,1.3817804,-0.32443213,-0.3514585,-0.3514585,-0.35537535,-0.31121662,-0.34956193,0.73123693,-0.35036126,-0.35681972,-0.3313659,-0.3067902,0.77100706,0.7944397,-0.33899614,-0.3107769,0.9792103,-0.32141212,-0.33758917,-0.34701893,-0.2703327,-0.35307166,0.8070615,0.5930455,-0.34060052,1.3680016,0.3529002,-0.11279324,0.3719882,0.37184334,-0.31815568,1.2562383,-0.26893306,-0.35735446,0.9370906,-0.25396472,0.9075536,0.36944646,0.47506514,0.6246894,-0.26324958,-0.34331423,-0.34331423,0.79328185,-0.35658726,-0.2568045,-0.28815714,-0.34594566,-0.35437846,0.5472555,-0.27991652,1.5480645,-0.27204362,-0.35545924,-0.34418643,1.2378546,-0.35199606,0.44368458,0.79539293,0.34599718,-0.32914695,-0.32914695,0.6618733,0.46937335,0.37010676,-0.28166664,-0.32047483,-0.3465716,-0.3446649,-0.3479629,-0.31372234,-0.34426677,-0.32729015,0.37247184,-0.34904224,-0.26304597,-0.26091534,0.36717972,-0.34404397,0.6832552,-0.31283143,-0.3326372,0.75143373,0.59605044,0.6883435,-0.2547989,-0.24514951,0.6400919,0.577855,0.55676717,-0.33525,-0.2645283,0.6393858,-0.3423161,0.37222648,-0.30859482,-0.29639503,1.2257422,0.516919,0.52923137,-0.27306527,-0.304123,0.86940694,-0.33709,-0.3462466,-0.26381022,0.5197763,0.46255088,0.5992273,0.5530234,0.7929063,0.57165945,0.58590287,-0.34833512,0.5815495,-0.18443729,-0.31538883,-0.33845827,-0.33139998,-0.34460402,-0.34652692,-0.35169965,0.7007918,-0.3502625,-0.35303077,-0.32128388,1.1855663,0.49217317,0.3720255,-0.32756048,-0.2788417,0.8684167,0.6197281,0.5556603,-0.3556554,-0.2728125,-0.3173398,0.37124342,-0.3255347,-0.34978673,-0.2555955,-0.2555955,0.47243595,0.64534867,0.37104642
k__Bacteria|p__Firmicutes|c__Clostridia|o__Clostridiales|f__Lachnospiraceae|g__Dorea|s__unclassified,-0.28574407,-0.32443213,0.73192734,0.73192734,0.66528386,-0.31121662,0.58917344,0.6094804,0.6960871,0.5633818,-0.3313659,-0.3067902,-0.34527826,-0.3436599,-0.33899614,-0.30739594,0.83355093,1.1113352,1.0045568,-0.34701893,1.4654357,-0.35307166,0.8875447,0.59696925,0.8676169,1.1751932,0.3732794,-0.10522269,0.3921027,0.39197224,-0.31815568,1.5143203,1.5588124,-0.35735446,-0.33666402,-0.25396472,-0.33594304,0.37390962,-0.3509197,0.62485,-0.26324958,-0.34331423,-0.34331423,0.79711735,0.42602485,-0.2568045,-0.28815714,-0.34594566,-0.35437846,0.5237725,-0.27991652,-0.270654,-0.27204362,-0.35545924,-0.34418643,-0.3133456,-0.35199606,-0.35533303,0.8394781,0.34459537,1.0521864,1.0521864,0.4792169,0.49962017,0.37095582,-0.2807251,-0.31605542,0.787887,-0.3446649,-0.3479629,-0.3101241,0.8170316,-0.32729015,0.39225766,0.6526417,-0.26304597,-0.26091534,0.3876258,-0.34404397,0.69574374,-0.31283143,-0.3326372,0.8204519,0.5531356,0.61156905,-0.2547989,-0.24514951,0.63424635,-0.35418794,-0.35748485,-0.33525,-0.2645283,-0.3565628,-0.3423161,0.39223677,-0.30595604,-0.29128796,1.2437494,0.5242611,0.5267349,-0.27306527,-0.304123,-0.34015253,-0.33709,-0.3462466,-0.26381022,0.5036832,0.44872886,-0.35768664,-0.35827664,-0.3433188,0.55719703,0.5523107,0.76796633,0.59658635,-0.18443729,-0.31538883,0.89195037,-0.33139998,-0.34460402,-0.34652692,0.67184865,-0.35109764,-0.3502625,0.35617027,-0.32128388,-0.3174648,0.48437777,0.3919136,1.0301543,-0.2788417,-0.3442507,0.5825921,-0.35925305,0.593828,-0.2728125,1.1261611,0.39144123,-0.3255347,0.39125535,-0.2555955,-0.2555955,-0.35720906,-0.35404736,0.39126366
k__Bacteria|p__Firmicutes|c__Clostridia|o__Clostridiales|f__Veillonellaceae|g__unclassified|s__unclassified,-0.28574407,1.3392674,0.7586501,0.7586501,0.6928068,-0.31121662,-0.34956193,-0.35552558,-0.35036126,-0.35681972,-0.3313659,-0.3067902,-0.34527826,-0.3436599,-0.33899614,-0.2798084,-0.3513301,-0.32141212,1.0027713,0.8723079,-0.2703327,0.5920837,-0.3462141,0.6631024,0.9349751,-0.3366719,0.5680746,-0.019356431,0.5913365,0.5910809,-0.31815568,-0.30771792,-0.26893306,0.6545118,-0.33666402,1.6898434,-0.33594304,0.36835486,0.50319606,-0.345838,-0.26324958,-0.34331423,-0.34331423,-0.3421979,-0.35658726,-0.2568045,-0.28815714,0.9253464,1.3191218,-0.35713702,-0.27991652,-0.270654,-0.27204362,0.7766348,-0.34418643,-0.3133456,0.61245,0.7276513,0.82737863,-0.35140985,1.0764551,1.0764551,0.63104934,0.609275,0.60743517,-0.2731145,-0.2866944,0.89538854,0.89782786,1.054967,-0.28189093,0.8441858,-0.32729015,0.59135497,-0.34904224,-0.26304597,-0.26091534,0.58589816,1.016487,0.9665778,-0.31283143,-0.3326372,0.74056107,0.6338474,0.91768354,-0.2547989,-0.24514951,1.7486802,0.73814005,1.4168203,0.97472155,-0.2645283,0.7289663,-0.3423161,0.5914854,-0.28587145,-0.25210202,-0.30649143,-0.36058763,-0.35280955,-0.27306527,1.2562064,0.8695189,-0.33709,-0.3462466,-0.26381022,-0.3555616,0.50472647,0.5835092,0.6311197,0.9433664,0.55877316,1.0277016,0.7683281,0.60366803,-0.18443729,-0.31538883,-0.33845827,1.1345783,0.81457,1.0063174,0.69028187,-0.35109764,-0.3502625,0.50000495,1.1901795,-0.3174648,0.7502513,0.5909381,1.191472,-0.2788417,-0.3442507,-0.35489932,-0.35925305,0.59265935,-0.2728125,-0.3173398,0.590536,0.937414,0.36403865,-0.2555955,-0.2555955,0.5588171,0.66845995,0.5902018
k__Bacteria|p__Bacteroidetes|c__Bacteroidia|o__Bacteroidales|f__Bacteroidaceae|g__Bacteroides|s__caccae,-0.28574407,-0.32443213,-0.3514585,-0.3514585,-0.35537535,-0.31121662,-0.34956193,-0.35552558,-0.35036126,-0.35681972,-0.3313659,-0.3067902,-0.34527826,-0.3436599,-0.33899614,-0.32111162,-0.3513301,-0.32141212,-0.33758917,-0.34701893,-0.2703327,-0.35307166,-0.3462141,-0.35720402,-0.34060052,-0.3366719,-0.35087705,-0.33981222,-0.35129273,-0.35106462,-0.31815568,-0.30771792,-0.26893306,-0.35735446,-0.33666402,-0.25396472,-0.33594304,-0.35719213,-0.3509197,-0.345838,-0.26324958,-0.34331423,-0.34331423,-0.3421979,-0.35658726,-0.2568045,-0.28815714,-0.34594566,-0.35437846,-0.35713702,-0.27991652,-0.270654,-0.27204362,-0.35545924,-0.34418643,-0.3133456,-0.35199606,-0.35533303,-0.34445426,-0.35140985,-0.32914695,-0.32914695,-0.35751456,-0.3593669,-0.35379392,-0.28353882,-0.32629305,-0.3465716,-0.3446649,-0.3479629,-0.3231417,-0.34426677,-0.32729015,-0.35117897,-0.34904224,-0.26304597,-0.26091534,-0.35131985,-0.34404397,-0.35182393,-0.31283143,-0.3326372,-0.35188997,-0.35933927,-0.35463315,-0.2547989,-0.24514951,-0.35424852,-0.35418794,-0.35748485,-0.33525,-0.2645283,-0.3565628,-0.3423161,-0.3512652,-0.31013438,-0.3326919,-0.30649143,-0.36058763,-0.35280955,-0.27306527,-0.304123,-0.34015253,-0.33709,-0.3462466,-0.26381022,-0.3555616,-0.35609764,-0.35768664,-0.35827664,-0.3433188,-0.35637724,-0.3577867,-0.34833512,-0.35834262,-0.18443729,-0.31538883,-0.33845827,-0.33139998,-0.34460402,-0.34652692,-0.35169965,-0.35109764,-0.3502625,-0.35303077,-0.32128388,-0.3174648,-0.35918453,-0.35122985,-0.32756048,-0.2788417,-0.3442507,-0.35489932,-0.35925305,-0.3556554,-0.2728125,-0.3173398,-0.3513186,-0.3255347,-0.34978673,-0.2555955,-0.2555955,-0.35720906,-0.35404736,-0.35091656
k__Bacteria|p__Bacteroidetes|c__Bacteroidia|o__Bacteroidales|f__Porphyromonadaceae|g__Dysgonomonas|s__unclassified,-0.28574407,-0.32443213,-0.3514585,-0.3514585,-0.35537535,-0.31121662,-0.34956193,-0.35552558,-0.35036126,-0.35681972,-0.3313659,-0.3067902,-0.34527826,-0.3436599,-0.33899614,-0.32028788,-0.3513301,-0.32141212,-0.33758917,-0.34701893,-0.2703327,-0.35307166,-0.3462141,-0.35720402,-0.34060052,-0.3366719,-0.350039,-0.34172034,-0.350421,-0.35016394,-0.31815568,-0.30771792,-0.26893306,-0.35735446,-0.33666402,-0.25396472,-0.33594304,-0.35719213,-0.3509197,-0.345838,-0.26324958,-0.34331423,-0.34331423,-0.3421979,-0.35658726,-0.2568045,-0.28815714,-0.34594566,-0.35437846,-0.35713702,-0.27991652,-0.270654,-0.27204362,-0.35545924,-0.34418643,-0.3133456,-0.35199606,-0.35533303,-0.34445426,-0.35140985,-0.32914695,-0.32914695,-0.35751456,-0.3593669,-0.35379392,-0.2811971,-0.3252913,-0.3465716,-0.3446649,-0.3479629,-0.3223316,-0.34426677,-0.32729015,-0.35010812,-0.34904224,-0.26304597,-0.26091534,-0.35047424,0.7941498,0.68880737,-0.31283143,-0.3326372,-0.35188997,-0.35933927,-0.35463315,-0.2547989,-0.24514951,-0.35424852,-0.35418794,-0.35748485,-0.33525,-0.2645283,-0.3565628,-0.3423161,-0.35031462,-0.3088969,-0.33192044,-0.30649143,-0.36058763,-0.35280955,-0.27306527,-0.304123,-0.34015253,-0.33709,-0.3462466,-0.26381022,-0.3555616,-0.35609764,-0.35768664,-0.35827664,-0.3433188,-0.35637724,-0.3577867,-0.34833512,-0.35834262,-0.18443729,-0.31538883,-0.33845827,-0.33139998,-0.34460402,-0.34652692,-0.35169965,-0.35109764,-0.3502625,-0.35303077,-0.32128388,-0.3174648,-0.35918453,-0.3502686,-0.32756048,-0.2788417,-0.3442507,-0.35489932,-0.35925305,-0.3556554,-0.2728125,-0.3173398,-0.35035712,-0.3255347,-0.34978673,-0.2555955,-0.2555955,-0.35720906,-0.35404736,-0.3498094
k__Bacteria|p__Bacteroidetes|c__Bacteroidia|o__Bacteroidales|f__Prevotellaceae|g__Prevotella|s__stercorea,-0.28574407,-0.32443213,-0.3514585,-0.3514585,-0.35537535,-0.31121662,-0.34956193,-0.35552558,-0.35036126,-0.35681972,-0.3313659,-0.3067902,-0.34527826,-0.3436599,-0.33899614,-0.32146466,-0.3513301,-0.32141212,-0.33758917,-0.34701893,-0.2703327,-0.35307166,-0.3462141,-0.35720402,-0.34060052,-0.3366719,-0.34960675,-0.3436431,-0.35066366,-0.3510306,-0.31815568,-0.30771792,-0.26893306,-0.35735446,-0.33666402,-0.25396472,-0.33594304,-0.35719213,-0.3509197,-0.345838,-0.26324958,-0.34331423,-0.34331423,-0.3421979,-0.35658726,-0.2568045,-0.28815714,-0.34594566,-0.35437846,-0.35713702,-0.27991652,-0.270654,-0.27204362,-0.35545924,-0.34418643,-0.3133456,-0.35199606,-0.35533303,-0.34445426,-0.35140985,-0.32914695,-0.32914695,0.74758905,0.51039606,0.34516445,-0.2823341,-0.32485256,-0.3465716,-0.3446649,-0.3479629,-0.32310617,-0.34426677,-0.32729015,-0.35071802,-0.34904224,-0.26304597,-0.26091534,-0.35023266,-0.34404397,-0.35182393,-0.31283143,-0.3326372,-0.35188997,-0.35933927,-0.35463315,-0.2547989,-0.24514951,-0.35424852,-0.35418794,-0.35748485,-0.33525,-0.2645283,-0.3565628,-0.3423161,-0.35063714,-0.30897883,-0.3320991,-0.30649143,-0.36058763,-0.35280955,-0.27306527,-0.304123,-0.34015253,-0.33709,-0.3462466,-0.26381022,-0.3555616,-0.35609764,-0.35768664,-0.35827664,-0.3433188,-0.35637724,-0.3577867,-0.34833512,-0.35834262,-0.18443729,-0.31538883,-0.33845827,-0.33139998,-0.34460402,-0.34652692,-0.35169965,-0.35109764,-0.3502625,-0.35303077,-0.32128388,-0.3174648,-0.35918453,-0.35068548,-0.32756048,-0.2788417,-0.3442507,-0.35489932,-0.35925305,-0.3556554,-0.2728125,-0.3173398,-0.35043436,-0.3255347,-0.34978673,-0.2555955,-0.2555955,-0.35720906,-0.35404736,-0.3502297
k__Bacteria|p__Bacteroidetes|c__Bacteroidia|o__Bacteroidales|f__[Paraprevotellaceae]|g__[Prevotella]|s__unclassified,-0.28574407,-0.32443213,-0.3514585,-0.3514585,-0.35537535,-0.31121662,-0.34956193,-0.35552558,-0.35036126,-0.35681972,-0.3313659,-0.3067902,-0.34527826,-0.3436599,-0.33899614,-0.31952655,-0.3513301,-0.32141212,-0.33758917,-0.34701893,-0.2703327,-0.35307166,-0.3462141,-0.35720402,-0.34060052,-0.3366719,-0.349615,-0.33838558,-0.349593,-0.34916696,-0.31815568,-0.30771792,-0.26893306,-0.35735446,-0.33666402,-0.25396472,-0.33594304,0.61558753,1.1639266,1.1752369,-0.26324958,-0.34331423,-0.34331423,-0.3421979,0.42886603,-0.2568045,-0.28815714,-0.34594566,-0.35437846,-0.35713702,-0.27991652,-0.270654,-0.27204362,-0.35545924,-0.34418643,-0.3133456,-0.35199606,0.44765142,-0.34445426,-0.35140985,-0.32914695,-0.32914695,-0.35751456,-0.3593669,-0.35379392,-0.28140923,-0.3250216,-0.3465716,-0.3446649,-0.3479629,-0.32161987,-0.34426677,-0.32729015,-0.34929407,-0.34904224,-0.26304597,-0.26091534,-0.34983498,-0.34404397,-0.35182393,-0.31283143,-0.3326372,-0.35188997,-0.35933927,-0.35463315,-0.2547989,-0.24514951,-0.35424852,1.1967729,0.56956834,-0.33525,-0.2645283,-0.3565628,-0.3423161,-0.34948626,-0.30846444,-0.33123407,-0.30649143,-0.36058763,-0.35280955,-0.27306527,-0.304123,-0.34015253,-0.33709,-0.3462466,-0.26381022,-0.3555616,-0.35609764,-0.35768664,1.3393687,-0.3433188,-0.35637724,-0.3577867,-0.34833512,-0.35834262,-0.18443729,-0.31538883,-0.33845827,-0.33139998,-0.34460402,-0.34652692,-0.35169965,-0.35109764,-0.3502625,-0.35303077,-0.32128388,-0.3174648,-0.35918453,-0.34949508,-0.32756048,-0.2788417,-0.3442507,-0.35489932,-0.35925305,-0.3556554,-0.2728125,-0.3173398,-0.34967792,-0.3255347,-0.34978673,-0.2555955,-0.2555955,-0.35720906,-0.35404736,-0.3491367
k__Bacteria|p__Bacteroidetes|c__Bacteroidia|o__Bacteroidales|f__[Odoribacteraceae]|g__Butyricimonas|s__unclassified,-0.28574407,-0.32443213,0.775167,0.775167,0.85975665,-0.31121662,-0.34956193,-0.35552558,-0.35036126,-0.35681972,-0.3313659,-0.3067902,-0.34527826,-0.3436599,0.6503855,-0.3209275,-0.3513301,-0.32141212,-0.33758917,0.73222584,-0.2703327,-0.35307166,-0.3462141,-0.35720402,-0.34060052,-0.3366719,-0.34592533,-0.33853298,-0.34593317,-0.34572658,-0.31815568,-0.30771792,-0.26893306,-0.35735446,-0.33666402,-0.25396472,-0.33594304,-0.35719213,-0.3509197,-0.345838,-0.26324958,-0.34331423,-0.34331423,0.79373384,0.49291977,-0.2568045,-0.28815714,-0.34594566,-0.35437846,-0.35713702,-0.27991652,-0.270654,-0.27204362,-0.35545924,0.7119174,-0.3133456,-0.35199606,-0.35533303,0.9110205,0.41021237,-0.32914695,-0.32914695,-0.35751456,0.45805812,0.34371188,-0.2827567,-0.32607645,-0.3465716,-0.3446649,-0.3479629,-0.32293642,-0.34426677,-0.32729015,-0.34564617,-0.34904224,-0.26304597,-0.26091534,-0.34609973,-0.34404397,-0.35182393,-0.31283143,-0.3326372,-0.35188997,-0.35933927,-0.35463315,-0.2547989,-0.24514951,-0.35424852,0.58238506,-0.35748485,-0.33525,-0.2645283,-0.3565628,-0.3423161,-0.34582663,-0.30965108,-0.33234954,-0.30649143,-0.36058763,-0.35280955,-0.27306527,-0.304123,-0.34015253,-0.33709,-0.3462466,-0.26381022,-0.3555616,-0.35609764,-0.35768664,-0.35827664,-0.3433188,-0.35637724,-0.3577867,0.77708995,0.65674686,-0.18443729,-0.31538883,-0.33845827,-0.33139998,-0.34460402,-0.34652692,-0.35169965,-0.35109764,0.69339186,-0.35303077,-0.32128388,-0.3174648,-0.35918453,-0.3458237,-0.32756048,-0.2788417,-0.3442507,-0.35489932,0.55804753,0.6217266,-0.2728125,-0.3173398,-0.34595373,0.9355799,0.37182555,-0.2555955,-0.2555955,-0.35720906,-0.35404736,-0.34559745
k__Bacteria|p__Bacteroidetes|c__Bacteroidia|o__Bacteroidales|f__Bacteroidaceae|g__Bacteroides|s__plebeius,-0.28574407,-0.32443213,1.5466945,1.5466945,0.9456488,-0.31121662,-0.34956193,-0.35552558,-0.35036126,-0.35681972,-0.3313659,-0.3067902,-0.34527826,-0.3436599,-0.33899614,-0.32011726,-0.3513301,-0.32141212,-0.33758917,-0.34701893,-0.2703327,-0.35307166,-0.3462141,-0.35720402,-0.34060052,-0.3366719,-0.34865832,-0.3402629,-0.34915286,-0.3487903,-0.31815568,-0.30771792,-0.26893306,-0.35735446,-0.33666402,-0.25396472,-0.33594304,-0.35719213,-0.3509197,0.6503718,-0.26324958,-0.34331423,-0.34331423,-0.3421979,-0.35658726,1.7979866,-0.28815714,-0.34594566,-0.35437846,1.4406241,-0.27991652,-0.270654,-0.27204362,-0.35545924,-0.34418643,-0.3133456,-0.35199606,-0.35533303,-0.34445426,-0.35140985,-0.32914695,-0.32914695,-0.35751456,0.5704298,0.35239568,-0.28079462,-0.32497084,-0.3465716,-0.3446649,-0.3479629,-0.32230166,0.8412049,-0.32729015,-0.34918025,-0.34904224,-0.26304597,-0.26091534,-0.34910357,-0.34404397,-0.35182393,-0.31283143,-0.3326372,-0.35188997,-0.35933927,-0.35463315,-0.2547989,-0.24514951,0.94066715,0.6427018,-0.35748485,-0.33525,-0.2645283,-0.3565628,-0.3423161,-0.34915066,-0.30856326,-0.33168882,-0.30649143,-0.36058763,-0.35280955,-0.27306527,-0.304123,-0.34015253,-0.33709,-0.3462466,-0.26381022,-0.3555616,-0.35609764,-0.35768664,-0.35827664,-0.3433188,-0.35637724,-0.3577867,-0.34833512,-0.35834262,-0.18443729,-0.31538883,-0.33845827,-0.33139998,-0.34460402,-0.34652692,-0.35169965,-0.35109764,-0.3502625,-0.35303077,-0.32128388,-0.3174648,-0.35918453,-0.34922916,-0.32756048,-0.2788417,-0.3442507,0.6004882,-0.35925305,-0.3556554,-0.2728125,-0.3173398,-0.3490989,-0.3255347,-0.34978673,-0.2555955,-0.2555955,-0.35720906,-0.35404736,-0.3483396
k__Bacteria|p__Bacteroidetes|c__Bacteroidia|o__Bacteroidales|f__S24-7|g__unclassified|s__unclassified,-0.28574407,-0.32443213,-0.3514585,-0.3514585,-0.35537535,-0.31121662,-0.34956193,-0.35552558,-0.35036126,-0.35681972,-0.3313659,-0.3067902,-0.34527826,-0.3436599,-0.33899614,-0.31972438,-0.3513301,-0.32141212,-0.33758917,-0.34701893,-0.2703327,0.65723044,-0.3462141,-0.35720402,-0.34060052,-0.3366719,-0.34984756,-0.3369017,-0.34979105,-0.3496433,-0.31815568,-0.30771792,-0.26893306,-0.35735446,-0.33666402,-0.25396472,-0.33594304,0.38985682,0.53187466,0.65614617,-0.26324958,-0.34331423,-0.34331423,0.9216637,0.75085926,-0.2568045,-0.28815714,-0.34594566,-0.35437846,-0.35713702,-0.27991652,-0.270654,-0.27204362,-0.35545924,-0.34418643,-0.3133456,-0.35199606,-0.35533303,-0.34445426,-0.35140985,-0.32914695,-0.32914695,-0.35751456,-0.3593669,-0.35379392,-0.28193247,-0.32510868,-0.3465716,-0.3446649,-0.3479629,-0.32158053,-0.34426677,-0.32729015,-0.34935197,-0.34904224,-0.26304597,-0.26091534,-0.35011023,-0.34404397,-0.35182393,-0.31283143,-0.3326372,-0.35188997,-0.35933927,-0.35463315,-0.2547989,-0.24514951,-0.35424852,0.66717505,0.8377607,-0.33525,-0.2645283,-0.3565628,-0.3423161,-0.349652,-0.30831698,-0.33130628,-0.30649143,-0.36058763,-0.35280955,-0.27306527,-0.304123,-0.34015253,-0.33709,-0.3462466,-0.26381022,-0.3555616,-0.35609764,-0.35768664,0.6173457,-0.3433188,-0.35637724,-0.3577867,-0.34833512,-0.35834262,-0.18443729,-0.31538883,-0.33845827,-0.33139998,-0.34460402,-0.34652692,-0.35169965,0.69688296,-0.3502625,-0.35303077,-0.32128388,-0.3174648,-0.35918453,-0.34954107,-0.32756048,-0.2788417,-0.3442507,-0.35489932,-0.35925305,-0.3556554,-0.2728125,-0.3173398,-0.34991652,-0.3255347,-0.34978673,-0.2555955,-0.2555955,-0.35720906,-0.35404736,-0.34972784
k__Bacteria|p__Bacteroidetes|c__Bacteroidia|o__Bacteroidales|f__Bacteroidaceae|g__Bacteroides|s__ovatus,-0.28574407,-0.32443213,-0.3514585,-0.3514585,-0.35537535,-0.31121662,0.5640864,-0.35552558,0.6969076,0.5570975,-0.3313659,-0.3067902,0.76269805,-0.3436599,-0.33899614,-0.32080585,-0.3513301,-0.32141212,-0.33758917,-0.34701893,-0.2703327,-0.35307166,-0.3462141,-0.35720402,-0.34060052,-0.3366719,-0.35075697,-0.34301507,-0.35149944,-0.35141087,-0.31815568,-0.30771792,-0.26893306,-0.35735446,-0.33666402,-0.25396472,-0.33594304,-0.35719213,-0.3509197,-0.345838,-0.26324958,-0.34331423,-0.34331423,-0.3421979,-0.35658726,-0.2568045,-0.28815714,-0.34594566,-0.35437846,-0.35713702,-0.27991652,-0.270654,-0.27204362,-0.35545924,-0.34418643,-0.3133456,-0.35199606,-0.35533303,-0.34445426,-0.35140985,1.0418191,1.0418191,-0.35751456,-0.3593669,-0.35379392,-0.28389966,-0.32497376,-0.3465716,-0.3446649,-0.3479629,-0.32282346,-0.34426677,-0.32729015,-0.35156104,-0.34904224,-0.26304597,-0.26091534,-0.35120344,0.7947575,-0.35182393,-0.31283143,-0.3326372,-0.35188997,-0.35933927,-0.35463315,-0.2547989,-0.24514951,-0.35424852,-0.35418794,-0.35748485,-0.33525,-0.2645283,-0.3565628,-0.3423161,-0.35148966,-0.30971017,-0.3318132,-0.30649143,-0.36058763,-0.35280955,-0.27306527,-0.304123,-0.34015253,-0.33709,-0.3462466,-0.26381022,-0.3555616,-0.35609764,-0.35768664,-0.35827664,-0.3433188,-0.35637724,0.55258745,-0.34833512,-0.35834262,-0.18443729,-0.31538883,0.88337374,-0.33139998,0.7820739,-0.34652692,-0.35169965,-0.35109764,-0.3502625,-0.35303077,1.1137066,-0.3174648,0.5011631,-0.3516097,-0.32756048,-0.2788417,-0.3442507,-0.35489932,-0.35925305,-0.3556554,-0.2728125,-0.3173398,-0.35138115,-0.3255347,-0.34978673,-0.2555955,-0.2555955,0.48260623,0.63425577,-0.35100067
k__Bacteria|p__Bacteroidetes|c__Bacteroidia|o__Bacteroidales|f__[Paraprevotellaceae]|g__Paraprevotella|s__unclassified,-0.28574407,-0.32443213,-0.3514585,-0.3514585,-0.35537535,-0.31121662,-0.34956193,-0.35552558,-0.35036126,-0.35681972,-0.3313659,-0.3067902,-0.34527826,-0.3436599,-0.33899614,-0.32007033,-0.3513301,-0.32141212,-0.33758917,-0.34701893,-0.2703327,0.5984407,-0.3462141,-0.35720402,-0.34060052,-0.3366719,-0.34604937,-0.33725291,-0.34629446,-0.34628093,-0.31815568,-0.30771792,-0.26893306,-0.35735446,-0.33666402,-0.25396472,-0.33594304,-0.35719213,0.51855147,0.6259733,-0.26324958,-0.34331423,-0.34331423,-0.3421979,0.5258454,-0.2568045,-0.28815714,-0.34594566,-0.35437846,0.5695493,-0.27991652,-0.270654,-0.27204362,0.766421,0.76859045,-0.3133456,-0.35199606,-0.35533303,-0.34445426,0.46888694,-0.32914695,-0.32914695,-0.35751456,-0.3593669,0.3515307,-0.2817831,-0.32492664,-0.3465716,-0.3446649,-0.3479629,-0.3217826,-0.34426677,-0.32729015,-0.3460388,1.209135,-0.26304597,-0.26091534,-0.3463729,-0.34404397,-0.35182393,-0.31283143,-0.3326372,-0.35188997,-0.35933927,-0.35463315,-0.2547989,-0.24514951,-0.35424852,0.58379024,0.547836,-0.33525,-0.2645283,-0.3565628,-0.3423161,-0.34619623,-0.30861413,-0.33134186,-0.30649143,-0.36058763,0.54022807,-0.27306527,-0.304123,-0.34015253,-0.33709,-0.3462466,-0.26381022,-0.3555616,-0.35609764,-0.35768664,-0.35827664,-0.3433188,-0.35637724,-0.3577867,-0.34833512,-0.35834262,-0.18443729,-0.31538883,-0.33845827,-0.33139998,-0.34460402,-0.34652692,-0.35169965,0.9037061,0.749735,0.4489556,-0.32128388,-0.3174648,-0.35918453,-0.34614366,-0.32756048,-0.2788417,-0.3442507,-0.35489932,-0.35925305,-0.3556554,-0.2728125,-0.3173398,-0.34632486,0.9532563,0.6403132,-0.2555955,-0.2555955,-0.35720906,-0.35404736,-0.346183
k__Bacteria|p__Bacteroidetes|c__Bacteroidia|o__Bacteroidales|f__[Barnesiellaceae]|g__unclassified|s__unclassified,-0.28574407,-0.32443213,-0.3514585,-0.3514585,-0.35537535,-0.31121662,-0.34956193,-0.35552558,-0.35036126,-0.35681972,-0.3313659,-0.3067902,-0.34527826,-0.3436599,-0.33899614,-0.3196006,-0.3513301,-0.32141212,-0.33758917,0.8105748,-0.2703327,-0.35307166,-0.3462141,-0.35720402,-0.34060052,-0.3366719,-0.34389612,-0.3367874,-0.34412897,-0.34377152,-0.31815568,-0.30771792,-0.26893306,0.76281226,1.0888957,-0.25396472,-0.33594304,0.5467399,0.5039801,0.64645123,-0.26324958,-0.34331423,-0.34331423,-0.3421979,0.45349696,-0.2568045,-0.28815714,-0.34594566,-0.35437846,0.53498447,-0.27991652,-0.270654,-0.27204362,-0.35545924,0.7932339,1.1754638,0.65135115,0.536611,-0.34445426,0.48528382,-0.32914695,-0.32914695,-0.35751456,-0.3593669,-0.35379392,-0.2820717,-0.32502693,-0.3465716,-0.3446649,-0.3479629,-0.32182923,0.8211013,1.0539337,-0.34396565,0.7383966,-0.26304597,-0.26091534,-0.3442536,-0.34404397,-0.35182393,-0.31283143,-0.3326372,-0.35188997,-0.35933927,-0.35463315,-0.2547989,-0.24514951,-0.35424852,0.6689267,0.5534956,0.94980556,1.7510012,-0.3565628,-0.3423161,-0.34410024,-0.30847025,-0.3310454,-0.30649143,0.513122,0.57188773,-0.27306527,-0.304123,-0.34015253,-0.33709,-0.3462466,-0.26381022,-0.3555616,0.44857702,-0.35768664,0.63864917,-0.3433188,-0.35637724,-0.3577867,-0.34833512,0.63030195,-0.18443729,-0.31538883,-0.33845827,-0.33139998,-0.34460402,-0.34652692,-0.35169965,-0.35109764,0.71019465,0.45199603,-0.32128388,-0.3174648,-0.35918453,-0.3440461,-0.32756048,-0.2788417,-0.3442507,0.5785713,0.7214376,0.93941563,-0.2728125,-0.3173398,-0.3441465,-0.3255347,-0.34978673,-0.2555955,-0.2555955,-0.35720906,-0.35404736,-0.34351912
k__Bacteria|p__Bacteroidetes|c__Bacteroidia|o__Bacteroidales|f__Bacteroidaceae|g__Bacteroides|s__uniformis,-0.28574407,-0.32443213,0.74748534,0.74748534,0.6630411,-0.31121662,0.65840954,-0.35552558,0.7052971,0.57504076,-0.3313659,-0.3067902,-0.34527826,-0.3436599,0.6915623,-0.31098956,-0.3513301,-0.32141212,-0.33758917,0.7204971,-0.2703327,-0.35307166,-0.3462141,-0.35720402,-0.34060052,-0.3366719,-0.33742914,-0.3282704,-0.33696076,-0.33633333,-0.31815568,-0.30771792,-0.26893306,-0.35735446,-0.33666402,1.7063906,0.97647905,0.4665816,0.4752118,-0.345838,1.6382291,1.4693602,1.4693602,1.3656262,0.5613902,-0.2568045,-0.28815714,-0.34594566,1.0113554,0.7079843,-0.27991652,-0.270654,-0.27204362,0.64083344,0.71740323,1.2567807,0.6557926,-0.35533303,-0.34445426,0.3985478,-0.32914695,-0.32914695,-0.35751456,0.46784943,0.35124218,-0.2760588,-0.31680056,-0.3465716,-0.3446649,-0.3479629,-0.31311285,-0.34426677,0.9770483,-0.3363384,0.6721655,-0.26304597,-0.26091534,-0.33751312,-0.34404397,-0.35182393,-0.31283143,-0.3326372,-0.35188997,-0.35933927,-0.35463315,-0.2547989,-0.24514951,-0.35424852,-0.35418794,-0.35748485,1.1747795,1.6212237,-0.3565628,0.99842167,-0.33678365,-0.30107072,-0.3221964,-0.30649143,0.5473999,0.5914325,1.5787312,1.2336513,-0.34015253,-0.33709,-0.3462466,-0.26381022,0.51030827,-0.35609764,0.59844726,0.66310143,-0.3433188,-0.35637724,0.57653,-0.34833512,-0.35834262,-0.18443729,-0.31538883,-0.33845827,0.9412783,-0.34460402,0.83490115,0.6640484,-0.35109764,-0.3502625,-0.35303077,1.0934836,-0.3174648,0.687159,-0.33664525,1.475409,1.5164236,0.92710257,-0.35489932,0.688194,0.76537347,-0.2728125,-0.3173398,-0.3370795,-0.3255347,0.34547377,-0.2555955,-0.2555955,-0.35720906,-0.35404736,-0.33643988
k__Bacteria|p__Bacteroidetes|c__Bacteroidia|o__Bacteroidales|f__Bacteroidaceae|g__unclassified|s__unclassified,-0.28574407,-0.32443213,-0.3514585,-0.3514585,0.6598635,1.1754382,0.6177531,0.628465,0.7574414,0.6363308,-0.3313659,-0.3067902,0.76269805,-0.3436599,0.62974507,-0.3033507,0.7987018,-0.32141212,-0.33758917,0.71705014,-0.2703327,-0.35307166,-0.3462141,-0.35720402,-0.34060052,-0.3366719,0.42817402,-0.08953849,0.44874614,0.44870132,-0.31815568,-0.30771792,-0.26893306,-0.35735446,-0.33666402,1.6837642,-0.33594304,0.3630985,-0.3509197,-0.345838,1.5981854,-0.34331423,-0.34331423,0.93783516,0.4258751,-0.2568045,-0.28815714,-0.34594566,0.71108776,0.53146136,1.466775,1.5343343,-0.27204362,0.65249395,0.74332434,1.173379,0.6359718,0.44887608,-0.34445426,0.3559465,-0.32914695,-0.32914695,-0.35751456,0.4532552,-0.35379392,-0.2734987,-0.31435555,-0.3465716,-0.3446649,-0.3479629,-0.30728686,-0.34426677,1.0020726,0.4488423,0.6524452,-0.26304597,-0.26091534,0.44384274,0.83475757,0.7002893,-0.31283143,-0.3326372,-0.35188997,-0.35933927,-0.35463315,-0.2547989,-0.24514951,-0.35424852,-0.35418794,-0.35748485,1.1721338,1.6216804,0.91199905,1.1002878,0.44886184,-0.3020906,-0.28769934,-0.30649143,-0.36058763,0.54204917,1.5277853,-0.304123,-0.34015253,0.91040426,-0.3462466,-0.26381022,-0.3555616,0.48393428,0.6699628,0.6167325,-0.3433188,-0.35637724,0.9870421,-0.34833512,-0.35834262,-0.18443729,-0.31538883,0.8689138,0.9766098,0.78326976,0.8741874,0.85885143,0.71371186,0.66333073,0.34879267,1.0843626,1.122651,0.49177045,0.44848108,1.0319861,1.4647936,0.83336914,-0.35489932,0.548889,0.59913474,-0.2728125,-0.3173398,0.44805205,0.950418,0.38000494,-0.2555955,-0.2555955,0.48150575,0.7831732,0.44813845
k__Bacteria|p__Bacteroidetes|c__Bacteroidia|o__Bacteroidales|f__Prevotellaceae|g__Prevotella|s__copri,-0.28574407,-0.32443213,-0.3514585,-0.3514585,-0.35537535,-0.31121662,-0.34956193,-0.35552558,-0.35036126,-0.35681972,-0.3313659,-0.3067902,-0.34527826,-0.3436599,-0.33899614,-0.3209209,-0.3513301,-0.32141212,1.0101476,1.9181226,-0.2703327,-0.35307166,-0.3462141,-0.35720402,-0.34060052,-0.3366719,-0.34309265,-0.34146944,-0.3441095,-0.34437388,-0.31815568,-0.30771792,-0.26893306,-0.35735446,-0.33666402,-0.25396472,-0.33594304,0.87925345,1.8080583,2.0588584,-0.26324958,-0.34331423,-0.34331423,-0.3421979,1.3089466,-0.2568045,-0.28815714,-0.34594566,-0.35437846,-0.35713702,-0.27991652,-0.270654,-0.27204362,1.1538464,1.7103726,-0.3133456,0.61252344,1.3626927,-0.34445426,1.0839174,-0.32914695,-0.32914695,0.50003433,0.60890716,0.5973346,-0.2812575,-0.32457203,-0.3465716,-0.3446649,-0.3479629,-0.32260132,1.017307,2.1591148,-0.34415352,1.9394289,-0.26304597,-0.26091534,-0.34364668,-0.34404397,0.7633177,-0.31283143,-0.3326372,-0.35188997,-0.35933927,-0.35463315,-0.2547989,-0.24514951,0.6558794,1.4678665,1.0851873,-0.33525,-0.2645283,-0.3565628,-0.3423161,-0.34407333,-0.3087148,-0.33165795,-0.30649143,-0.36058763,0.84672153,1.5304329,-0.304123,-0.34015253,1.5289309,1.161436,-0.26381022,-0.3555616,-0.35609764,-0.35768664,-0.35827664,-0.3433188,-0.35637724,-0.3577867,-0.34833512,-0.35834262,-0.18443729,-0.31538883,-0.33845827,-0.33139998,-0.34460402,-0.34652692,-0.35169965,0.88549453,0.96081233,0.94109124,-0.32128388,-0.3174648,-0.35918453,-0.34415266,-0.32756048,-0.2788417,-0.3442507,-0.35489932,-0.35925305,-0.3556554,-0.2728125,-0.3173398,-0.3438884,1.3161701,0.50970113,-0.2555955,-0.2555955,-0.35720906,-0.35404736,-0.3437224
k__Bacteria|p__Bacteroidetes|c__Bacteroidia|o__Bacteroidales|f__Prevotellaceae|g__Prevotella|s__unclassified,-0.28574407,1.0742142,0.9162554,0.9162554,0.75163835,-0.31121662,-0.34956193,-0.35552558,0.6948925,-0.35681972,-0.3313659,-0.3067902,-0.34527826,-0.3436599,-0.33899614,-0.30784985,-0.3513301,-0.32141212,1.0963504,0.8679696,-0.2703327,-0.35307166,-0.3462141,0.5956631,-0.34060052,0.94047457,-0.33809894,-0.3241734,-0.33822516,-0.337622,-0.31815568,-0.30771792,-0.26893306,0.6776615,-0.33666402,-0.25396472,-0.33594304,0.78368,1.0382384,1.378192,-0.26324958,-0.34331423,-0.34331423,-0.3421979,0.60126,-0.2568045,1.3962972,-0.34594566,-0.35437846,-0.35713702,-0.27991652,-0.270654,-0.27204362,1.2237949,1.832697,-0.3133456,-0.35199606,1.1142567,-0.34445426,0.67036057,1.0548351,1.0548351,1.369983,0.90103686,1.0366077,-0.2755397,-0.31306475,0.7657197,-0.3446649,-0.3479629,-0.30982023,1.9137402,0.99940753,-0.3377935,0.6504122,-0.26304597,-0.26091534,-0.33857477,-0.34404397,0.763024,1.1629413,1.0018773,-0.35188997,0.7159198,0.6120468,-0.2547989,-0.24514951,0.7828788,1.5576429,1.0107003,-0.33525,-0.2645283,-0.3565628,-0.3423161,-0.3381354,-0.29888198,-0.31834322,-0.30649143,-0.36058763,0.8988448,1.5387088,-0.304123,-0.34015253,1.7412603,1.2921842,-0.26381022,-0.3555616,-0.35609764,-0.35768664,-0.35827664,-0.3433188,0.6500801,-0.3577867,-0.34833512,-0.35834262,-0.18443729,1.2100211,-0.33845827,-0.33139998,-0.34460402,-0.34652692,-0.35169965,1.6500821,1.6053058,0.67768514,-0.32128388,-0.3174648,-0.35918453,-0.33797556,-0.32756048,-0.2788417,-0.3442507,-0.35489932,-0.35925305,-0.3556554,-0.2728125,-0.3173398,-0.3382724,2.3668032,1.2260952,-0.2555955,-0.2555955,-0.35720906,-0.35404736,-0.3375617
k__Bacteria|p__Bacteroidetes|c__Bacteroidia|o__Bacteroidales|f__Porphyromonadaceae|g__Parabacteroides|s__unclassified,-0.28574407,-0.32443213,0.87016124,0.87016124,0.75262064,1.2603964,0.6213326,0.61198187,0.79240274,0.5937379,-0.3313659,2.1301222,0.79552764,0.8412989,-0.33899614,-0.28847873,-0.3513301,-0.32141212,-0.33758917,0.72062,-0.2703327,0.5920837,-0.3462141,-0.35720402,-0.34060052,0.9362925,0.42838898,-0.05974443,0.44846213,0.448336,1.3021466,-0.30771792,-0.26893306,-0.35735446,-0.33666402,-0.25396472,-0.33594304,-0.35719213,0.5065419,0.6491189,-0.26324958,-0.34331423,-0.34331423,1.0680654,0.5046159,-0.2568045,-0.28815714,-0.34594566,-0.35437846,-0.35713702,-0.27991652,-0.270654,-0.27204362,0.75602263,0.73690677,-0.3133456,0.6191125,0.4707593,-0.34445426,0.4079448,1.1092488,1.1092488,-0.35751456,0.5029797,0.37010676,-0.27423936,-0.2983992,-0.3465716,1.6292791,1.376354,-0.29101494,0.85944754,1.0039718,0.44899035,0.67703545,-0.26304597,-0.26091534,0.4431355,-0.34404397,-0.35182393,-0.31283143,-0.3326372,-0.35188997,0.5524421,-0.35463315,-0.2547989,-0.24514951,-0.35424852,0.6478892,0.5845047,1.0288981,1.6664301,-0.3565628,-0.3423161,0.4486211,-0.29259735,-0.26908037,-0.30649143,0.48678258,0.5537532,-0.27306527,-0.304123,-0.34015253,-0.33709,-0.3462466,-0.26381022,-0.3555616,0.44898188,-0.35768664,-0.35827664,0.790305,0.55105424,-0.3577867,-0.34833512,0.5806473,-0.18443729,-0.31538883,-0.33845827,1.0907735,-0.34460402,0.9835561,0.6768701,0.6942686,0.73495704,0.3753633,1.0953391,-0.3174648,0.6371317,0.4486826,1.0258403,-0.2788417,-0.3442507,-0.35489932,0.62228143,0.6281424,-0.2728125,-0.3173398,0.44764334,0.93163824,0.34734586,-0.2555955,-0.2555955,-0.35720906,-0.35404736,0.44743475
k__Bacteria|p__Bacteroidetes|c__Bacteroidia|o__Bacteroidales|f__Bacteroidaceae|g__Bacteroides|s__unclassified,-0.28574407,-0.32443213,1.2421566,1.2421566,1.5242763,2.1673663,2.064401,0.99429935,1.7691448,1.6288565,0.9967171,1.2407895,1.8352475,1.9561305,1.8558527,1.2528393,1.5712386,1.1617227,1.0234895,1.105304,1.4602607,0.6962912,-0.3462141,-0.35720402,-0.34060052,-0.3366719,1.2969198,1.2455835,1.2979583,1.2961371,1.2365689,1.2342205,1.5426581,0.9788289,1.5359071,2.5870707,1.8587868,0.7898614,0.61907876,0.7144782,2.4880807,0.93769366,0.93769366,2.0612717,1.0156945,1.8250719,-0.28815714,-0.34594566,0.86140156,1.077219,2.3196502,2.5170338,1.6494013,1.5502559,1.2660458,1.7338868,1.9228985,1.2750797,1.8736503,1.4041075,1.1742686,1.1742686,0.47091857,0.7398906,0.6060943,1.3268988,1.2441771,1.872729,1.3479373,1.2983035,1.2493252,1.0083663,1.4980954,1.296911,1.0590876,-0.26304597,1.5905789,1.2985964,1.9816055,1.4086938,-0.31283143,-0.3326372,-0.35188997,1.0158685,0.87702304,-0.2547989,-0.24514951,1.1036352,0.6788259,0.63425297,1.8977222,2.2193108,1.4645326,1.766501,1.2977978,1.274783,1.2340521,1.2264942,1.0993509,1.759364,2.2195408,2.2913818,1.863211,1.5893369,1.5298254,-0.26381022,0.60749745,1.5340911,0.89187825,1.1217499,0.8052991,0.55058736,1.2601047,1.8019364,1.3616695,-0.18443729,-0.31538883,1.9176432,2.119173,1.8729827,1.3425705,1.7531493,1.4636252,1.6811228,1.0116959,1.445396,1.9433451,1.3453029,1.2972226,1.870738,2.4483337,1.0975469,0.707033,1.385351,1.6524553,1.5186642,1.4129773,1.2978439,1.5599264,1.4613729,-0.2555955,-0.2555955,1.4725741,1.6848147,1.2962283
k__Bacteria|p__Bacteroidetes|c__Bacteroidia|o__Bacteroidales|f__Rikenellaceae|g__unclassified|s__unclassified,-0.28574407,-0.32443213,0.74608094,0.74608094,1.0087748,-0.31121662,-0.34956193,-0.35552558,0.7067747,0.6149517,-0.3313659,-0.3067902,0.80138254,0.83267844,0.6565215,-0.31610638,-0.3513301,-0.32141212,-0.33758917,1.322338,1.8905934,0.57781065,1.4531497,1.433556,1.6261396,-0.3366719,0.6158807,-0.042446744,0.64232904,0.642161,-0.31815568,-0.30771792,-0.26893306,0.909038,1.2213349,-0.25396472,-0.33594304,0.49738678,0.49783358,0.62901586,-0.26324958,-0.34331423,-0.34331423,0.94679374,0.99818754,-0.2568045,-0.28815714,-0.34594566,-0.35437846,0.5995278,-0.27991652,-0.270654,-0.27204362,0.91823596,0.77480847,-0.3133456,0.6132577,0.53730065,-0.34445426,0.5712823,-0.32914695,-0.32914695,0.4614043,0.6908121,0.42893544,-0.28583682,-0.32737127,-0.3465716,1.3039932,1.5743015,-0.31991622,-0.34426677,1.1124728,0.6424319,0.676396,-0.26304597,-0.26091534,0.6361522,1.0232772,1.4906458,-0.31283143,-0.3326372,-0.35188997,-0.35933927,0.6419241,-0.2547989,-0.24514951,-0.35424852,0.5983279,0.5997429,-0.33525,1.6009326,0.64297825,0.9491039,0.6425388,-0.31540805,-0.29254156,-0.30649143,0.52801615,0.57396317,-0.27306527,-0.304123,0.93554807,0.9011014,0.932577,-0.26381022,-0.3555616,0.61653316,-0.35768664,0.5785979,-0.3433188,-0.35637724,0.60187125,0.8303764,0.79175365,-0.18443729,-0.31538883,-0.33845827,-0.33139998,1.0903192,-0.34652692,-0.35169965,0.69295883,0.8207951,0.41488627,1.0897623,-0.3174648,0.72760123,0.641868,1.274181,-0.2788417,0.8592515,-0.35489932,0.8063499,1.1018444,-0.2728125,-0.3173398,0.64131224,0.943677,0.44822314,-0.2555955,-0.2555955,0.95156246,0.939556,0.6410488
k__Bacteria|p__Bacteroidetes|c__Bacteroidia|o__Bacteroidales|f__Porphyromonadaceae|g__Parabacteroides|s__distasonis,-0.28574407,-0.32443213,0.76556534,0.76556534,0.87527204,1.5346131,0.6038251,0.64845836,0.8722124,0.7697715,-0.3313659,-0.3067902,-0.34527826,-0.3436599,0.71528196,-0.29779577,-0.3513301,-0.32141212,-0.33758917,0.72906286,-0.2703327,0.5763721,-0.3462141,-0.35720402,-0.34060052,-0.3366719,0.53346634,-0.0421281,0.55727947,0.55716884,1.2171108,-0.30771792,-0.26893306,-0.35735446,-0.33666402,-0.25396472,-0.33594304,0.3966749,0.47403783,-0.345838,1.9095272,0.87706345,0.87706345,0.80071384,0.505861,-0.2568045,-0.28815714,-0.34594566,0.7015947,0.59460515,-0.27991652,-0.270654,-0.27204362,0.7402999,0.71740323,-0.3133456,0.76156044,0.4941554,1.3477198,0.3744738,1.379539,1.379539,0.45545968,0.45840028,0.3515307,-0.2758773,-0.30946714,-0.3465716,-0.3446649,-0.3479629,-0.30107644,-0.34426677,1.0771275,0.55808187,0.7241072,-0.26304597,-0.26091534,0.5510203,-0.34404397,-0.35182393,-0.31283143,-0.3326372,-0.35188997,0.7540648,0.62249935,-0.2547989,-0.24514951,-0.35424852,0.58769435,-0.35748485,0.9518714,1.8031154,-0.3565628,1.0355146,0.55755734,-0.29912332,-0.27653053,-0.30649143,0.5065487,0.65774214,1.6534343,-0.304123,-0.34015253,0.9332896,0.9607028,-0.26381022,0.50492173,-0.35609764,0.7014289,0.6503571,1.8502811,1.577284,0.55499583,0.95385736,1.0131009,-0.18443729,-0.31538883,-0.33845827,0.97470707,-0.34460402,0.9714718,0.7086979,0.70985335,0.7148555,0.39964795,1.2032075,-0.3174648,0.5209741,0.55757546,1.1274598,-0.2788417,-0.3442507,-0.35489932,0.66047597,0.7614302,-0.2728125,-0.3173398,0.556279,0.94860756,0.4620763,-0.2555955,-0.2555955,-0.35720906,-0.35404736,0.5561037
k__Bacteria|p__Bacteroidetes|c__Bacteroidia|o__Bacteroidales|f__Bacteroidaceae|g__Bacteroides|s__fragilis,-0.28574407,-0.32443213,-0.3514585,-0.3514585,0.8092265,-0.31121662,0.560838,-0.35552558,-0.35036126,-0.35681972,-0.3313659,-0.3067902,1.2575053,1.3417586,-0.33899614,-0.2951073,-0.3513301,-0.32141212,-0.33758917,-0.34701893,-0.2703327,0.575652,-0.3462141,-0.35720402,-0.34060052,-0.3366719,0.43875098,-0.07252131,0.45933056,0.45947808,2.0131845,2.0253327,2.6528034,0.9584637,0.98606145,-0.25396472,-0.33594304,0.45683208,-0.3509197,-0.345838,-0.26324958,-0.34331423,-0.34331423,-0.3421979,-0.35658726,-0.2568045,-0.28815714,-0.34594566,0.7527794,0.5487327,-0.27991652,-0.270654,-0.27204362,-0.35545924,0.7326054,1.3832574,0.6209351,0.44368458,-0.34445426,-0.35140985,1.6250864,1.6250864,0.45872402,0.4782169,0.38304743,-0.27369535,-0.30513778,-0.3465716,-0.3446649,-0.3479629,-0.29834297,0.81447965,1.2760577,0.45951664,0.7814043,-0.26304597,-0.26091534,0.4542231,-0.34404397,-0.35182393,-0.31283143,-0.3326372,-0.35188997,-0.35933927,-0.35463315,-0.2547989,-0.24514951,0.6944661,-0.35418794,-0.35748485,1.3416886,2.1645715,1.0847101,1.2798405,0.4594396,-0.2971029,-0.27680242,-0.30649143,0.6373754,0.62044746,-0.27306527,-0.304123,-0.34015253,0.95376474,0.94541025,-0.26381022,0.6570266,0.6929596,0.66850877,0.6095763,-0.3433188,0.56201035,0.7265221,1.1779199,0.9113314,3.0704327,1.3789386,1.4565413,-0.33139998,1.0138983,1.1308146,0.9085198,-0.35109764,0.7247266,0.36779627,2.1167486,-0.3174648,0.55417204,0.45917693,-0.32756048,1.7255995,1.7076843,0.59361386,-0.35925305,-0.3556554,2.0280502,-0.3173398,0.4585681,0.97618115,0.4802536,-0.2555955,-0.2555955,0.8697178,0.8030575,0.4587382
k__Bacteria|p__Proteobacteria|c__Gammaproteobacteria|o__Pseudomonadales|f__Moraxellaceae|g__Acinetobacter|s__unclassified,-0.28574407,-0.32443213,-0.3514585,-0.3514585,-0.35537535,-0.31121662,-0.34956193,-0.35552558,-0.35036126,-0.35681972,-0.3313659,-0.3067902,-0.34527826,-0.3436599,-0.33899614,-0.32101992,-0.3513301,-0.32141212,-0.33758917,-0.34701893,-0.2703327,-0.35307166,-0.3462141,-0.35720402,-0.34060052,-0.3366719,-0.35143542,-0.3403365,-0.35153896,-0.3512201,1.1568165,-0.30771792,-0.26893306,-0.35735446,-0.33666402,-0.25396472,-0.33594304,-0.35719213,-0.3509197,-0.345838,-0.26324958,-0.34331423,-0.34331423,-0.3421979,-0.35658726,-0.2568045,-0.28815714,-0.34594566,-0.35437846,-0.35713702,-0.27991652,-0.270654,-0.27204362,-0.35545924,-0.34418643,-0.3133456,-0.35199606,-0.35533303,-0.34445426,-0.35140985,-0.32914695,-0.32914695,-0.35751456,-0.3593669,-0.35379392,-0.2824881,-0.32621685,-0.3465716,-0.3446649,-0.3479629,-0.32297516,-0.34426677,-0.32729015,-0.35118037,-0.34904224,-0.26304597,-0.26091534,-0.35175705,-0.34404397,-0.35182393,-0.31283143,-0.3326372,-0.35188997,-0.35933927,-0.35463315,-0.2547989,-0.24514951,-0.35424852,-0.35418794,-0.35748485,-0.33525,-0.2645283,-0.3565628,-0.3423161,-0.35141513,-0.30950695,-0.33268785,-0.30649143,-0.36058763,-0.35280955,-0.27306527,-0.304123,-0.34015253,-0.33709,-0.3462466,-0.26381022,-0.3555616,-0.35609764,-0.35768664,-0.35827664,-0.3433188,-0.35637724,-0.3577867,-0.34833512,-0.35834262,-0.18443729,-0.31538883,-0.33845827,-0.33139998,-0.34460402,-0.34652692,-0.35169965,-0.35109764,-0.3502625,-0.35303077,-0.32128388,-0.3174648,-0.35918453,-0.3513698,-0.32756048,-0.2788417,-0.3442507,-0.35489932,-0.35925305,-0.3556554,-0.2728125,1.1222094,-0.35156393,-0.3255347,-0.34978673,-0.2555955,-0.2555955,-0.35720906,-0.35404736,-0.3510807
k__Bacteria|p__Proteobacteria|c__Gammaproteobacteria|o__Enterobacteriales|f__Enterobacteriaceae|g__Erwinia|s__unclassified,-0.28574407,-0.32443213,-0.3514585,-0.3514585,-0.35537535,-0.31121662,-0.34956193,-0.35552558,-0.35036126,-0.35681972,-0.3313659,-0.3067902,-0.34527826,-0.3436599,-0.33899614,-0.31945604,-0.3513301,-0.32141212,-0.33758917,-0.34701893,-0.2703327,-0.35307166,-0.3462141,-0.35720402,-0.34060052,-0.3366719,-0.34997305,-0.3388173,-0.35012764,-0.34954676,-0.31815568,-0.30771792,-0.26893306,-0.35735446,-0.33666402,-0.25396472,-0.33594304,-0.35719213,-0.3509197,-0.345838,-0.26324958,-0.34331423,-0.34331423,-0.3421979,-0.35658726,-0.2568045,-0.28815714,-0.34594566,-0.35437846,-0.35713702,-0.27991652,-0.270654,-0.27204362,-0.35545924,-0.34418643,1.1683638,-0.35199606,-0.35533303,-0.34445426,-0.35140985,-0.32914695,-0.32914695,-0.35751456,-0.3593669,-0.35379392,-0.28089982,-0.32531208,-0.3465716,-0.3446649,-0.3479629,-0.32177323,-0.34426677,-0.32729015,-0.34992275,-0.34904224,-0.26304597,1.5969254,-0.35033655,-0.34404397,-0.35182393,-0.31283143,-0.3326372,-0.35188997,-0.35933927,-0.35463315,-0.2547989,-0.24514951,-0.35424852,-0.35418794,-0.35748485,-0.33525,-0.2645283,-0.3565628,-0.3423161,-0.350083,-0.30829728,-0.33152658,-0.30649143,-0.36058763,-0.35280955,-0.27306527,-0.304123,-0.34015253,-0.33709,-0.3462466,-0.26381022,0.50492173,-0.35609764,-0.35768664,-0.35827664,-0.3433188,-0.35637724,-0.3577867,-0.34833512,-0.35834262,-0.18443729,-0.31538883,0.86871964,-0.33139998,-0.34460402,-0.34652692,-0.35169965,-0.35109764,-0.3502625,-0.35303077,-0.32128388,-0.3174648,-0.35918453,-0.35004354,-0.32756048,-0.2788417,-0.3442507,-0.35489932,-0.35925305,-0.3556554,1.5192227,-0.3173398,-0.35022503,-0.3255347,-0.34978673,-0.2555955,-0.2555955,-0.35720906,-0.35404736,-0.34946868
k__Bacteria|p__Proteobacteria|c__Gammaproteobacteria|o__Aeromonadales|f__unclassified|g__unclassified|s__unclassified,-0.28574407,-0.32443213,-0.3514585,-0.3514585,-0.35537535,-0.31121662,0.5635457,-0.35552558,-0.35036126,-0.35681972,-0.3313659,-0.3067902,-0.34527826,-0.3436599,0.65600073,-0.3211066,-0.3513301,1.1065867,-0.33758917,-0.34701893,-0.2703327,-0.35307166,-0.3462141,-0.35720402,-0.34060052,-0.3366719,-0.35003847,-0.34406298,-0.3511461,-0.35123,-0.31815568,-0.30771792,-0.26893306,-0.35735446,-0.33666402,-0.25396472,-0.33594304,-0.35719213,-0.3509197,-0.345838,-0.26324958,-0.34331423,-0.34331423,-0.3421979,-0.35658726,-0.2568045,-0.28815714,-0.34594566,-0.35437846,-0.35713702,-0.27991652,-0.270654,-0.27204362,-0.35545924,-0.34418643,-0.3133456,-0.35199606,-0.35533303,-0.34445426,-0.35140985,-0.32914695,-0.32914695,-0.35751456,-0.3593669,-0.35379392,-0.28162685,-0.3246258,-0.3465716,-0.3446649,-0.3479629,-0.3228247,-0.34426677,-0.32729015,-0.35126957,-0.34904224,-0.26304597,1.5915147,-0.35067344,-0.34404397,-0.35182393,-0.31283143,-0.3326372,-0.35188997,0.56776,-0.35463315,-0.2547989,-0.24514951,-0.35424852,-0.35418794,-0.35748485,-0.33525,-0.2645283,-0.3565628,-0.3423161,-0.35114282,-0.30882728,-0.3318932,-0.30649143,-0.36058763,-0.35280955,-0.27306527,-0.304123,-0.34015253,-0.33709,-0.3462466,-0.26381022,-0.3555616,-0.35609764,-0.35768664,-0.35827664,-0.3433188,-0.35637724,-0.3577867,-0.34833512,-0.35834262,-0.18443729,-0.31538883,-0.33845827,-0.33139998,-0.34460402,-0.34652692,-0.35169965,-0.35109764,-0.3502625,-0.35303077,-0.32128388,-0.3174648,-0.35918453,-0.3512469,-0.32756048,-0.2788417,-0.3442507,-0.35489932,-0.35925305,-0.3556554,-0.2728125,-0.3173398,-0.35092235,-0.3255347,-0.34978673,-0.2555955,-0.2555955,-0.35720906,-0.35404736,-0.35050783
k__Bacteria|p__Proteobacteria|c__Gammaproteobacteria|o__Pasteurellales|f__Pasteurellaceae|g__Aggregatibacter|s__unclassified,-0.28574407,-0.32443213,-0.3514585,-0.3514585,-0.35537535,-0.31121662,-0.34956193,-0.35552558,0.6959379,0.55366224,-0.3313659,-0.3067902,-0.34527826,-0.3436599,-0.33899614,-0.318628,-0.3513301,-0.32141212,-0.33758917,-0.34701893,-0.2703327,-0.35307166,0.7919883,-0.35720402,-0.34060052,-0.3366719,-0.35028756,-0.33727568,-0.35070616,-0.35074085,-0.31815568,-0.30771792,-0.26893306,-0.35735446,-0.33666402,-0.25396472,-0.33594304,-0.35719213,-0.3509197,-0.345838,-0.26324958,-0.34331423,-0.34331423,-0.3421979,-0.35658726,-0.2568045,-0.28815714,0.8580661,-0.35437846,-0.35713702,-0.27991652,-0.270654,-0.27204362,-0.35545924,-0.34418643,-0.3133456,-0.35199606,-0.35533303,-0.34445426,-0.35140985,-0.32914695,-0.32914695,-0.35751456,-0.3593669,-0.35379392,-0.28329968,-0.32337007,-0.3465716,-0.3446649,-0.3479629,-0.32034978,-0.34426677,-0.32729015,-0.3505749,-0.34904224,-0.26304597,-0.26091534,-0.35067153,-0.34404397,-0.35182393,-0.31283143,-0.3326372,-0.35188997,-0.35933927,-0.35463315,-0.2547989,-0.24514951,-0.35424852,-0.35418794,-0.35748485,0.9518714,-0.2645283,-0.3565628,-0.3423161,-0.3506509,-0.30813932,-0.32966864,-0.30649143,-0.36058763,-0.35280955,-0.27306527,-0.304123,-0.34015253,-0.33709,-0.3462466,-0.26381022,-0.3555616,-0.35609764,-0.35768664,-0.35827664,-0.3433188,-0.35637724,-0.3577867,-0.34833512,-0.35834262,-0.18443729,-0.31538883,-0.33845827,-0.33139998,-0.34460402,-0.34652692,-0.35169965,-0.35109764,-0.3502625,-0.35303077,-0.32128388,-0.3174648,-0.35918453,-0.35063297,-0.32756048,-0.2788417,-0.3442507,-0.35489932,-0.35925305,-0.3556554,-0.2728125,-0.3173398,-0.35079533,-0.3255347,-0.34978673,-0.2555955,-0.2555955,0.46798164,-0.35404736,-0.35083616
k__Bacteria|p__Proteobacteria|c__Gammaproteobacteria|o__Enterobacteriales|f__Enterobacteriaceae|g__Trabulsiella|s__unclassified,1.3765274,-0.32443213,-0.3514585,-0.3514585,-0.35537535,-0.31121662,-0.34956193,-0.35552558,-0.35036126,-0.35681972,-0.3313659,-0.3067902,-0.34527826,-0.3436599,-0.33899614,-0.31840712,-0.3513301,-0.32141212,-0.33758917,-0.34701893,-0.2703327,-0.35307166,-0.3462141,-0.35720402,-0.34060052,-0.3366719,-0.35162097,-0.3407737,-0.35197926,-0.35194176,1.1265415,-0.30771792,-0.26893306,-0.35735446,-0.33666402,-0.25396472,-0.33594304,-0.35719213,-0.3509197,-0.345838,-0.26324958,-0.34331423,-0.34331423,-0.3421979,-0.35658726,-0.2568045,1.4020294,0.8678771,-0.35437846,-0.35713702,-0.27991652,-0.270654,-0.27204362,-0.35545924,-0.34418643,-0.3133456,-0.35199606,-0.35533303,-0.34445426,-0.35140985,-0.32914695,-0.32914695,-0.35751456,-0.3593669,-0.35379392,-0.27892816,-0.32299465,-0.3465716,-0.3446649,-0.3479629,-0.32040238,-0.34426677,-0.32729015,-0.35182738,-0.34904224,1.5956094,-0.26091534,-0.35193506,-0.34404397,-0.35182393,1.2017194,-0.3326372,-0.35188997,-0.35933927,-0.35463315,-0.2547989,-0.24514951,-0.35424852,-0.35418794,-0.35748485,-0.33525,-0.2645283,-0.3565628,-0.3423161,-0.35189345,-0.30655494,-0.330135,-0.30649143,-0.36058763,-0.35280955,-0.27306527,-0.304123,-0.34015253,-0.33709,-0.3462466,-0.26381022,-0.3555616,-0.35609764,-0.35768664,-0.35827664,-0.3433188,-0.35637724,-0.3577867,-0.34833512,-0.35834262,-0.18443729,-0.31538883,-0.33845827,-0.33139998,-0.34460402,-0.34652692,-0.35169965,-0.35109764,-0.3502625,-0.35303077,-0.32128388,-0.3174648,-0.35918453,-0.35196018,-0.32756048,-0.2788417,0.82673305,-0.35489932,-0.35925305,-0.3556554,-0.2728125,-0.3173398,-0.35194963,-0.3255347,-0.34978673,-0.2555955,-0.2555955,-0.35720906,-0.35404736,-0.35166636
k__Bacteria|p__Proteobacteria|c__Gammaproteobacteria|o__Enterobacteriales|f__Enterobacteriaceae|g__Klebsiella|s__unclassified,-0.28574407,-0.32443213,-0.3514585,-0.3514585,-0.35537535,-0.31121662,-0.34956193,-0.35552558,-0.35036126,-0.35681972,-0.3313659,-0.3067902,-0.34527826,-0.3436599,-0.33899614,-0.3153078,-0.3513301,-0.32141212,-0.33758917,-0.34701893,-0.2703327,-0.35307166,-0.3462141,-0.35720402,-0.34060052,-0.3366719,-0.35153335,-0.3357156,-0.35209197,-0.35173395,1.1271213,-0.30771792,-0.26893306,-0.35735446,-0.33666402,-0.25396472,-0.33594304,-0.35719213,-0.3509197,-0.345838,-0.26324958,-0.34331423,-0.34331423,-0.3421979,-0.35658726,-0.2568045,1.3974859,0.8567119,-0.35437846,-0.35713702,-0.27991652,-0.270654,-0.27204362,-0.35545924,-0.34418643,1.1771163,-0.35199606,-0.35533303,-0.34445426,-0.35140985,-0.32914695,-0.32914695,-0.35751456,-0.3593669,-0.35379392,-0.27867186,-0.32072794,-0.3465716,-0.3446649,-0.3479629,-0.31756765,-0.34426677,-0.32729015,-0.3520119,-0.34904224,1.5917672,1.6043406,-0.3521114,-0.34404397,-0.35182393,1.1637563,0.99825376,-0.35188997,-0.35933927,-0.35463315,-0.2547989,-0.24514951,-0.35424852,-0.35418794,-0.35748485,-0.33525,-0.2645283,-0.3565628,-0.3423161,-0.3520897,-0.30489743,-0.32719928,-0.30649143,-0.36058763,-0.35280955,-0.27306527,-0.304123,-0.34015253,-0.33709,-0.3462466,-0.26381022,0.5076186,-0.35609764,-0.35768664,-0.35827664,-0.3433188,-0.35637724,-0.3577867,-0.34833512,-0.35834262,-0.18443729,-0.31538883,-0.33845827,-0.33139998,-0.34460402,-0.34652692,-0.35169965,-0.35109764,-0.3502625,-0.35303077,-0.32128388,-0.3174648,-0.35918453,-0.35206315,-0.32756048,-0.2788417,-0.3442507,-0.35489932,-0.35925305,-0.3556554,-0.2728125,-0.3173398,-0.35208517,-0.3255347,-0.34978673,-0.2555955,-0.2555955,-0.35720906,-0.35404736,-0.35150516
k__Bacteria|p__Proteobacteria|c__Gammaproteobacteria|o__Enterobacteriales|f__Enterobacteriaceae|g__Citrobacter|s__unclassified,-0.28574407,-0.32443213,-0.3514585,-0.3514585,-0.35537535,-0.31121662,-0.34956193,-0.35552558,0.7136902,0.6688297,-0.3313659,-0.3067902,-0.34527826,-0.3436599,-0.33899614,-0.31944844,-0.3513301,-0.32141212,-0.33758917,-0.34701893,-0.2703327,-0.35307166,-0.3462141,-0.35720402,0.8641649,-0.3366719,-0.35043392,-0.3381101,-0.3500902,-0.34914425,-0.31815568,-0.30771792,-0.26893306,-0.35735446,-0.33666402,-0.25396472,0.9161201,-0.35719213,-0.3509197,-0.345838,-0.26324958,-0.34331423,-0.34331423,-0.3421979,-0.35658726,-0.2568045,2.0488245,-0.34594566,-0.35437846,-0.35713702,-0.27991652,-0.270654,-0.27204362,-0.35545924,-0.34418643,-0.3133456,-0.35199606,-0.35533303,-0.34445426,-0.35140985,-0.32914695,-0.32914695,0.4552673,-0.3593669,-0.35379392,-0.27940807,-0.3256218,-0.3465716,-0.3446649,-0.3479629,-0.32172793,-0.34426677,-0.32729015,-0.3495576,-0.34904224,1.9266677,1.5894548,-0.35063875,-0.34404397,-0.35182393,-0.31283143,-0.3326372,-0.35188997,-0.35933927,-0.35463315,-0.2547989,-0.24514951,-0.35424852,0.5710719,-0.35748485,-0.33525,-0.2645283,-0.3565628,0.86232847,-0.3499402,-0.3077388,-0.33176738,-0.30649143,-0.36058763,-0.35280955,-0.27306527,1.2528969,-0.34015253,-0.33709,-0.3462466,-0.26381022,-0.3555616,0.57992554,0.5921847,-0.35827664,-0.3433188,0.58645654,-0.3577867,-0.34833512,-0.35834262,-0.18443729,1.2331475,-0.33845827,-0.33139998,-0.34460402,-0.34652692,-0.35169965,-0.35109764,-0.3502625,-0.35303077,-0.32128388,-0.3174648,-0.35918453,-0.34986216,-0.32756048,-0.2788417,-0.3442507,-0.35489932,-0.35925305,-0.3556554,-0.2728125,1.1346877,-0.3502761,-0.3255347,-0.34978673,-0.2555955,-0.2555955,-0.35720906,-0.35404736,-0.3493051
k__Bacteria|p__Proteobacteria|c__Gammaproteobacteria|o__Enterobacteriales|f__Enterobacteriaceae|g__unclassified|s__unclassified,1.9367449,1.3070912,-0.3514585,-0.3514585,-0.35537535,1.3062568,0.61364645,0.64131093,0.70935524,0.58081967,1.3022023,1.3591794,0.7792476,1.0505109,0.72407943,1.3030179,0.85178727,1.2873895,1.1515273,-0.34701893,1.6193478,0.6782525,0.93562275,1.1093918,0.8720867,1.2807662,0.59363866,1.0108166,0.5750104,0.5725143,1.1687654,-0.30771792,1.545076,-0.35735446,-0.33666402,1.8330277,1.0431705,0.54142594,-0.3509197,-0.345838,1.6636146,0.993407,0.993407,0.79418564,-0.35658726,-0.2568045,1.5559095,1.0503975,0.8707183,-0.35713702,1.482279,1.5457891,1.5314734,0.6370054,-0.34418643,1.7347976,0.6344639,0.50034475,0.79633856,0.471745,1.0693705,1.0693705,0.46617275,-0.3593669,0.38192877,1.560907,1.2794842,0.83014435,0.8588738,0.7587587,1.2921946,-0.34426677,-0.32729015,0.57368076,0.64916414,1.6777853,2.641923,0.5804876,0.7953096,0.74104637,1.570954,1.3082378,0.82302123,0.56553715,0.79873526,2.055493,2.2985573,-0.35424852,0.5822846,-0.35748485,0.96458507,1.6601024,0.6339729,0.8712617,0.5747539,1.3872471,1.2091484,-0.30649143,0.50867385,0.53107256,1.761302,1.3147581,0.8729817,-0.33709,-0.3462466,2.3609273,1.333355,0.90960735,0.6979027,0.57620543,0.80786175,0.6160222,0.5770316,0.7668804,-0.35834262,2.3587031,1.2782135,1.1080343,1.1671245,-0.34460402,0.98705333,0.74830097,-0.35109764,0.66447246,0.34845603,1.1327354,1.5725411,0.50423664,0.5743282,-0.32756048,1.4704748,1.0020802,0.57962596,-0.35925305,0.5925294,2.186224,1.2682942,0.5757124,-0.3255347,0.45998964,1.8111322,1.8111322,0.5296558,-0.35404736,0.57460654
k__Bacteria|p__Proteobacteria|c__Alphaproteobacteria|o__Rickettsiales|f__mitochondria|g__unclassified|s__unclassified,-0.28574407,-0.32443213,-0.3514585,-0.3514585,-0.35537535,-0.31121662,-0.34956193,-0.35552558,-0.35036126,-0.35681972,-0.3313659,-0.3067902,-0.34527826,-0.3436599,-0.33899614,-0.32132494,-0.3513301,-0.32141212,-0.33758917,-0.34701893,-0.2703327,0.57709163,-0.3462141,-0.35720402,-0.34060052,-0.3366719,-0.3505816,-0.34091353,-0.3508932,-0.35076216,-0.31815568,-0.30771792,-0.26893306,0.6649613,-0.33666402,-0.25396472,-0.33594304,0.38137612,-0.3509197,-0.345838,-0.26324958,-0.34331423,-0.34331423,-0.3421979,-0.35658726,-0.2568045,-0.28815714,-0.34594566,-0.35437846,-0.35713702,-0.27991652,-0.270654,-0.27204362,-0.35545924,-0.34418643,-0.3133456,-0.35199606,-0.35533303,-0.34445426,-0.35140985,-0.32914695,-0.32914695,0.47356644,-0.3593669,-0.35379392,-0.283603,-0.32588834,-0.3465716,-0.3446649,-0.3479629,-0.32331905,-0.34426677,-0.32729015,-0.35088933,-0.34904224,-0.26304597,-0.26091534,-0.35082072,-0.34404397,-0.35182393,-0.31283143,-0.3326372,-0.35188997,-0.35933927,-0.35463315,-0.2547989,-0.24514951,-0.35424852,-0.35418794,-0.35748485,-0.33525,-0.2645283,-0.3565628,-0.3423161,-0.35085464,-0.31017858,-0.33261365,-0.30649143,-0.36058763,-0.35280955,-0.27306527,-0.304123,-0.34015253,-0.33709,-0.3462466,-0.26381022,-0.3555616,-0.35609764,-0.35768664,-0.35827664,-0.3433188,-0.35637724,-0.3577867,-0.34833512,-0.35834262,-0.18443729,-0.31538883,-0.33845827,-0.33139998,-0.34460402,-0.34652692,-0.35169965,-0.35109764,-0.3502625,-0.35303077,-0.32128388,-0.3174648,-0.35918453,-0.35098374,-0.32756048,-0.2788417,-0.3442507,-0.35489932,-0.35925305,-0.3556554,-0.2728125,-0.3173398,-0.35088655,-0.3255347,-0.34978673,-0.2555955,-0.2555955,-0.35720906,-0.35404736,-0.35057425
k__Bacteria|p__Proteobacteria|c__Gammaproteobacteria|o__Enterobacteriales|f__Enterobacteriaceae|g__Enterobacter|s__hormaechei,1.3817804,1.0933084,-0.3514585,-0.3514585,-0.35537535,-0.31121662,0.6187771,0.72446513,-0.35036126,0.56618434,-0.3313659,-0.3067902,-0.34527826,-0.3436599,-0.33899614,-0.21883932,-0.3513301,-0.32141212,-0.33758917,-0.34701893,1.5562227,-0.35307166,-0.3462141,-0.35720402,-0.34060052,0.9471658,-0.34551322,-0.2523592,-0.34901404,-0.34863013,1.4246769,-0.30771792,-0.26893306,-0.35735446,-0.33666402,-0.25396472,0.90907073,-0.35719213,-0.3509197,-0.345838,-0.26324958,0.8699557,0.8699557,-0.3421979,-0.35658726,-0.2568045,1.4902619,0.8638489,0.70504683,-0.35713702,-0.27991652,-0.270654,-0.27204362,-0.35545924,-0.34418643,1.2169486,0.6704566,-0.35533303,-0.34445426,0.34961346,-0.32914695,-0.32914695,-0.35751456,-0.3593669,-0.35379392,-0.23946725,-0.21562994,-0.3465716,-0.3446649,-0.3479629,-0.21770048,-0.34426677,-0.32729015,-0.34882337,-0.34904224,2.489838,2.0058372,-0.3483423,-0.34404397,-0.35182393,1.2099203,1.021449,-0.35188997,-0.35933927,-0.35463315,-0.2547989,-0.24514951,-0.35424852,-0.35418794,-0.35748485,1.1152452,-0.2645283,-0.3565628,-0.3423161,-0.34900245,-0.2237581,-0.21773022,-0.30649143,-0.36058763,-0.35280955,-0.27306527,1.240807,-0.34015253,-0.33709,-0.3462466,1.587185,0.5718335,0.43594417,0.58430105,-0.35827664,0.87659425,0.73343205,-0.3577867,-0.34833512,-0.35834262,-0.18443729,1.208409,0.88299084,0.9410907,-0.34460402,-0.34652692,0.66801107,-0.35109764,-0.3502625,-0.35303077,-0.32128388,1.1259774,-0.35918453,-0.34883282,-0.32756048,-0.2788417,-0.3442507,-0.35489932,-0.35925305,-0.3556554,-0.2728125,1.2058637,-0.34890184,-0.3255347,0.35201076,-0.2555955,-0.2555955,-0.35720906,-0.35404736,-0.3486032
k__Bacteria|p__Proteobacteria|c__Gammaproteobacteria|o__Pasteurellales|f__Pasteurellaceae|g__Actinobacillus|s__unclassified,-0.28574407,-0.32443213,-0.3514585,-0.3514585,-0.35537535,-0.31121662,-0.34956193,-0.35552558,-0.35036126,-0.35681972,-0.3313659,-0.3067902,-0.34527826,-0.3436599,-0.33899614,-0.32009518,-0.3513301,1.1026847,-0.33758917,-0.34701893,-0.2703327,0.57781065,0.9106472,0.5938642,0.86692744,-0.3366719,-0.35062033,-0.33893585,-0.35038102,-0.3494811,-0.31815568,-0.30771792,-0.26893306,-0.35735446,-0.33666402,-0.25396472,-0.33594304,-0.35719213,0.47777516,-0.345838,-0.26324958,-0.34331423,-0.34331423,-0.3421979,-0.35658726,-0.2568045,-0.28815714,0.87436473,-0.35437846,-0.35713702,-0.27991652,-0.270654,-0.27204362,-0.35545924,-0.34418643,-0.3133456,-0.35199606,-0.35533303,-0.34445426,-0.35140985,-0.32914695,-0.32914695,0.4568051,-0.3593669,-0.35379392,-0.28201532,-0.32593173,-0.3465716,0.81909376,-0.3479629,-0.32220054,-0.34426677,-0.32729015,-0.3498567,-0.34904224,-0.26304597,-0.26091534,-0.3508824,-0.34404397,-0.35182393,-0.31283143,-0.3326372,-0.35188997,-0.35933927,-0.35463315,-0.2547989,-0.24514951,-0.35424852,-0.35418794,-0.35748485,-0.33525,-0.2645283,0.63837767,-0.3423161,-0.35023367,-0.3094224,-0.33195508,-0.30649143,-0.36058763,-0.35280955,-0.27306527,-0.304123,-0.34015253,-0.33709,-0.3462466,-0.26381022,0.50559664,-0.35609764,-0.35768664,-0.35827664,-0.3433188,-0.35637724,-0.3577867,-0.34833512,-0.35834262,-0.18443729,1.2542112,-0.33845827,-0.33139998,-0.34460402,-0.34652692,-0.35169965,-0.35109764,-0.3502625,-0.35303077,-0.32128388,-0.3174648,-0.35918453,-0.3501377,-0.32756048,-0.2788417,-0.3442507,-0.35489932,-0.35925305,-0.3556554,-0.2728125,1.1234214,-0.35053068,-0.3255347,-0.34978673,-0.2555955,-0.2555955,0.46842796,-0.35404736,-0.34967652
k__Bacteria|p__Proteobacteria|c__Gammaproteobacteria|o__Enterobacteriales|f__Enterobacteriaceae|g__Escherichia|s__unclassified,2.2986996,1.5589875,-0.3514585,-0.3514585,-0.35537535,1.2641032,0.66037506,0.61165595,-0.35036126,-0.35681972,1.5704057,1.308486,0.80211204,1.1466975,0.6457916,1.2834116,0.81598425,1.1975192,1.041088,-0.34701893,1.7783399,0.5991446,0.8442708,0.72124875,0.87359506,1.6017104,-0.28475374,0.6920878,-0.3250956,-0.32628927,-0.31815568,-0.30771792,1.534482,-0.35735446,-0.33666402,1.7646911,0.97868097,0.4112201,-0.3509197,-0.345838,1.7537591,0.9068018,0.9068018,-0.3421979,-0.35658726,-0.2568045,1.5835751,0.9795205,0.72699594,-0.35713702,1.4998001,1.5520339,1.530566,0.632894,-0.34418643,1.2485873,0.6144314,-0.35533303,0.79748553,-0.35140985,1.0566236,1.0566236,0.47281063,-0.3593669,0.35325995,1.550809,1.2637104,0.7621394,0.8182652,0.7472103,1.2720959,-0.34426677,-0.32729015,-0.32702133,-0.34904224,1.6079959,1.716065,-0.3140593,-0.34404397,0.7345693,-0.31283143,1.0122864,0.89093167,0.54844505,0.6545911,2.4028113,2.070397,-0.35424852,-0.35418794,-0.35748485,0.9564012,1.6314132,-0.3565628,-0.3423161,-0.32562143,1.3769093,1.1549294,-0.30649143,0.49068072,0.5264088,1.9858333,1.2867123,-0.34015253,-0.33709,-0.3462466,1.8168253,0.68316275,0.59455484,0.58746195,0.55799574,-0.3433188,-0.35637724,0.5578311,0.7622822,-0.35834262,2.3926704,1.2893292,0.90851283,1.0097728,-0.34460402,1.1726888,0.68780774,-0.35109764,-0.3502625,-0.35303077,1.1978308,1.6910244,0.48397192,-0.32600665,-0.32756048,1.4828612,0.86796045,-0.35489932,-0.35925305,-0.3556554,1.9061017,1.1597879,-0.32377937,-0.3255347,0.34687814,1.8791276,1.8791276,0.48414484,-0.35404736,-0.3236161
k__Bacteria|p__Proteobacteria|c__Gammaproteobacteria|o__Pasteurellales|f__Pasteurellaceae|g__Haemophilus|s__parainfluenzae,-0.28574407,-0.32443213,0.7276419,0.7276419,-0.35537535,-0.31121662,-0.34956193,-0.35552558,-0.35036126,0.55259895,0.99960095,-0.3067902,0.7642139,0.79293936,-0.33899614,-0.30018252,-0.3513301,1.103119,-0.33758917,-0.34701893,-0.2703327,-0.35307166,0.79655135,0.6012028,0.86533993,0.97032654,-0.3482756,-0.3205523,-0.3490297,-0.3487621,-0.31815568,-0.30771792,-0.26893306,-0.35735446,-0.33666402,-0.25396472,-0.33594304,-0.35719213,0.47543177,-0.345838,-0.26324958,-0.34331423,-0.34331423,-0.3421979,-0.35658726,-0.2568045,-0.28815714,0.86883384,-0.35437846,0.5458501,1.4607731,1.5354856,1.5196126,0.66402006,-0.34418643,-0.3133456,-0.35199606,-0.35533303,-0.34445426,-0.35140985,-0.32914695,-0.32914695,0.45872402,-0.3593669,-0.35379392,-0.2716632,-0.3035996,-0.3465716,0.8215002,-0.3479629,-0.3014195,-0.34426677,-0.32729015,-0.34883463,-0.34904224,-0.26304597,1.6118845,-0.34900603,-0.34404397,-0.35182393,-0.31283143,1.001102,-0.35188997,0.5522686,-0.35463315,-0.2547989,-0.24514951,-0.35424852,-0.35418794,-0.35748485,0.9564012,-0.2645283,-0.3565628,-0.3423161,-0.34896022,-0.29140276,-0.30940697,-0.30649143,-0.36058763,-0.35280955,1.5321313,-0.304123,-0.34015253,-0.33709,-0.3462466,-0.26381022,-0.3555616,-0.35609764,0.60467076,-0.35827664,-0.3433188,-0.35637724,-0.3577867,-0.34833512,-0.35834262,-0.18443729,1.2254728,0.87414354,-0.33139998,-0.34460402,-0.34652692,-0.35169965,-0.35109764,-0.3502625,-0.35303077,-0.32128388,1.1560009,-0.35918453,-0.34896463,-0.32756048,-0.2788417,-0.3442507,-0.35489932,-0.35925305,-0.3556554,1.5502831,1.1243474,-0.34912014,-0.3255347,-0.34978673,-0.2555955,-0.2555955,0.50414973,0.6397348,-0.348871
k__Bacteria|p__Proteobacteria|c__Alphaproteobacteria|o__RF32|f__unclassified|g__unclassified|s__unclassified,-0.28574407,-0.32443213,-0.3514585,-0.3514585,-0.35537535,-0.31121662,-0.34956193,-0.35552558,-0.35036126,-0.35681972,-0.3313659,-0.3067902,-0.34527826,0.80833524,-0.33899614,-0.31869233,-0.3513301,-0.32141212,-0.33758917,-0.34701893,-0.2703327,-0.35307166,-0.3462141,-0.35720402,-0.34060052,-0.3366719,-0.34962374,-0.33739948,-0.3497972,-0.3493349,-0.31815568,-0.30771792,-0.26893306,0.8678477,0.9370906,-0.25396472,-0.33594304,-0.35719213,-0.3509197,-0.345838,-0.26324958,-0.34331423,-0.34331423,-0.3421979,0.42452627,-0.2568045,-0.28815714,-0.34594566,-0.35437846,0.58247685,-0.27991652,-0.270654,-0.27204362,-0.35545924,-0.34418643,-0.3133456,-0.35199606,-0.35533303,-0.34445426,-0.35140985,-0.32914695,-0.32914695,-0.35751456,-0.3593669,-0.35379392,-0.2821874,-0.32443914,-0.3465716,1.0610654,0.8283682,-0.320876,-0.34426677,-0.32729015,-0.34968153,-0.34904224,-0.26304597,-0.26091534,-0.3499178,-0.34404397,-0.35182393,-0.31283143,-0.3326372,-0.35188997,-0.35933927,-0.35463315,-0.2547989,-0.24514951,-0.35424852,-0.35418794,-0.35748485,-0.33525,-0.2645283,-0.3565628,-0.3423161,-0.34976625,-0.30832165,-0.33045718,-0.30649143,-0.36058763,0.5356069,-0.27306527,-0.304123,-0.34015253,-0.33709,-0.3462466,-0.26381022,-0.3555616,-0.35609764,0.5819238,-0.35827664,-0.3433188,-0.35637724,-0.3577867,-0.34833512,-0.35834262,-0.18443729,-0.31538883,-0.33845827,-0.33139998,1.3397299,0.82907724,-0.35169965,-0.35109764,0.6621877,0.34980193,-0.32128388,-0.3174648,-0.35918453,-0.34978616,-0.32756048,-0.2788417,-0.3442507,-0.35489932,0.8511239,0.59408754,-0.2728125,-0.3173398,-0.3499139,-0.3255347,-0.34978673,-0.2555955,-0.2555955,0.76277983,-0.35404736,-0.3494299
k__Bacteria|p__Proteobacteria|c__Gammaproteobacteria|o__Pasteurellales|f__Pasteurellaceae|g__Haemophilus|s__unclassified,1.3800324,-0.32443213,0.79543674,0.79543674,-0.35537535,1.1913906,0.56893927,-0.35552558,0.7344416,0.5740496,1.0805658,1.2476649,0.8035694,0.84225214,-0.33899614,1.1276816,-0.3513301,1.1959376,1.0228015,0.7617854,1.4614807,0.61311847,1.1779755,0.7322835,1.0610248,1.266069,0.6242862,0.92886865,0.6109797,0.6089516,1.1284904,1.2510065,1.5311483,0.68653184,1.0142227,1.6977977,0.9041741,0.38169947,0.6296912,-0.345838,-0.26324958,-0.34331423,-0.34331423,-0.3421979,-0.35658726,-0.2568045,1.403605,1.0266725,-0.35437846,0.6699462,1.4985127,1.5383584,1.6174592,0.79705876,-0.34418643,-0.3133456,-0.35199606,0.45796683,0.7966085,0.3738163,1.0532842,1.0532842,0.59707713,0.45728776,-0.35379392,1.3013937,1.113746,0.7818656,0.9102076,0.7523432,1.1213716,0.8038618,-0.32729015,0.6097191,0.654474,-0.26304597,1.6523007,0.6150788,0.81314284,-0.35182393,-0.31283143,1.0944688,0.7602998,0.8458401,0.7312208,1.6874847,1.7849818,0.6518644,0.60148615,-0.35748485,1.1381165,-0.2645283,0.7025597,0.86562043,0.61077034,1.185252,1.0650351,-0.30649143,0.6620791,-0.35280955,1.5667825,-0.304123,0.9085817,0.89120567,-0.3462466,1.5869563,0.5058215,0.43044403,1.2633208,0.61381465,0.8050425,0.60458386,0.572973,0.8337696,0.72058046,-0.18443729,1.5075792,0.9437242,-0.33139998,0.78707194,-0.34652692,0.7056344,-0.35109764,0.65694577,0.37010536,-0.32128388,1.3351127,-0.35918453,0.6101778,-0.32756048,-0.2788417,-0.3442507,-0.35489932,0.6109718,-0.3556554,1.6986611,1.1577417,0.6113775,-0.3255347,0.34687814,1.7017395,1.7017395,0.7781203,1.1197087,0.61005867
k__Bacteria|p__Proteobacteria|c__Betaproteobacteria|o__Burkholderiales|f__Alcaligenaceae|g__Sutterella|s__unclassified,-0.28574407,-0.32443213,1.0606128,1.0606128,1.2047915,1.1842207,0.7213151,-0.35552558,1.3285687,0.85173315,1.7901102,1.6444747,1.1831261,0.9882666,0.6270678,-0.13864475,1.16631,1.3830595,1.4035434,1.1300862,-0.2703327,0.61865383,-0.3462141,-0.35720402,-0.34060052,-0.3366719,0.7168654,0.1534791,0.739331,0.739539,-0.31815568,1.449082,1.5437579,0.929393,0.9541688,-0.25396472,1.1102465,0.36397648,0.6947612,0.71183234,1.6000222,-0.34331423,-0.34331423,0.85231256,0.42122144,-0.2568045,-0.28815714,-0.34594566,-0.35437846,1.2394792,1.7223607,1.7412173,2.3725,0.91594416,0.7108166,1.1777277,0.73624605,0.8242123,0.9389192,0.6257978,1.4733286,1.4733286,0.48819178,0.46096292,0.37434497,-0.21257615,-0.13503993,-0.3465716,-0.3446649,-0.3479629,-0.13640143,0.80969846,1.2308187,0.73904395,1.1452223,-0.26304597,-0.26091534,0.7341434,1.0657765,0.71611494,-0.31283143,-0.3326372,0.73346233,0.71385574,-0.35463315,-0.2547989,-0.24514951,0.6358271,0.76091444,0.5482021,-0.33525,-0.2645283,1.048703,1.1954068,0.73934704,-0.16951096,-0.087917075,-0.30649143,-0.36058763,1.0084915,-0.27306527,-0.304123,-0.34015253,1.1010219,1.260263,-0.26381022,0.53321093,0.6054313,0.5992273,0.6842504,-0.3433188,0.5892461,0.69729877,0.8735066,0.7655412,2.306006,1.5560589,1.0488262,1.3037028,0.98836815,1.4601568,1.3659396,0.7251989,0.74327767,0.37470758,-0.32128388,-0.3174648,0.7759139,0.7387354,1.1525291,-0.2788417,-0.3442507,0.5893526,0.7967849,0.8256151,-0.2728125,1.5588892,0.7385014,0.9532563,0.34921443,1.9550531,1.9550531,0.8134993,1.0090398,0.73811066
k__Bacteria|p__Actinobacteria|c__Actinobacteria|o__Actinomycetales|f__Actinomycetaceae|g__Parascardovia|s__unclassified,-0.28574407,-0.32443213,-0.3514585,-0.3514585,-0.35537535,-0.31121662,-0.34956193,-0.35552558,-0.35036126,-0.35681972,-0.3313659,-0.3067902,-0.34527826,-0.3436599,-0.33899614,-0.3202537,-0.3513301,-0.32141212,-0.33758917,-0.34701893,-0.2703327,-0.35307166,-0.3462141,-0.35720402,-0.34060052,-0.3366719,-0.3503244,-0.34097576,-0.3506509,-0.35047692,-0.31815568,-0.30771792,-0.26893306,-0.35735446,-0.33666402,-0.25396472,-0.33594304,-0.35719213,-0.3509197,-0.345838,-0.26324958,-0.34331423,-0.34331423,-0.3421979,-0.35658726,-0.2568045,-0.28815714,-0.34594566,-0.35437846,-0.35713702,-0.27991652,-0.270654,-0.27204362,-0.35545924,-0.34418643,-0.3133456,-0.35199606,-0.35533303,-0.34445426,-0.35140985,-0.32914695,-0.32914695,-0.35751456,-0.3593669,-0.35379392,-0.2818132,-0.32518348,-0.3465716,-0.3446649,-0.3479629,-0.3223828,-0.34426677,-0.32729015,-0.3505978,-0.34904224,-0.26304597,-0.26091534,-0.35058615,-0.34404397,-0.35182393,-0.31283143,-0.3326372,-0.35188997,-0.35933927,-0.35463315,-0.2547989,-0.24514951,-0.35424852,-0.35418794,-0.35748485,-0.33525,-0.2645283,-0.3565628,-0.3423161,-0.3505968,-0.30879456,-0.33187225,-0.30649143,-0.36058763,-0.35280955,-0.27306527,-0.304123,-0.34015253,-0.33709,-0.3462466,-0.26381022,-0.3555616,-0.35609764,-0.35768664,-0.35827664,-0.3433188,-0.35637724,-0.3577867,-0.34833512,-0.35834262,-0.18443729,-0.31538883,-0.33845827,-0.33139998,-0.34460402,-0.34652692,-0.35169965,-0.35109764,-0.3502625,-0.35303077,-0.32128388,-0.3174648,-0.35918453,-0.35072213,-0.32756048,1.459939,-0.3442507,-0.35489932,-0.35925305,-0.3556554,-0.2728125,-0.3173398,-0.35061795,-0.3255347,-0.34978673,-0.2555955,-0.2555955,-0.35720906,-0.35404736,-0.35018796
k__Bacteria|p__Actinobacteria|c__Actinobacteria|o__Actinomycetales|f__Corynebacteriaceae|g__Corynebacterium|s__unclassified,-0.28574407,-0.32443213,-0.3514585,-0.3514585,-0.35537535,-0.31121662,-0.34956193,-0.35552558,-0.35036126,-0.35681972,-0.3313659,-0.3067902,-0.34527826,-0.3436599,-0.33899614,-0.32038116,-0.3513301,-0.32141212,-0.33758917,-0.34701893,-0.2703327,-0.35307166,-0.3462141,-0.35720402,-0.34060052,-0.3366719,-0.35094765,-0.33995008,-0.3513368,-0.350992,-0.31815568,-0.30771792,-0.26893306,-0.35735446,-0.33666402,-0.25396472,-0.33594304,-0.35719213,-0.3509197,-0.345838,-0.26324958,-0.34331423,-0.34331423,-0.3421979,-0.35658726,-0.2568045,-0.28815714,-0.34594566,-0.35437846,-0.35713702,-0.27991652,-0.270654,-0.27204362,-0.35545924,-0.34418643,-0.3133456,-0.35199606,-0.35533303,-0.34445426,-0.35140985,-0.32914695,-0.32914695,-0.35751456,-0.3593669,-0.35379392,-0.2826779,-0.32553065,-0.3465716,-0.3446649,-0.3479629,-0.32246155,-0.34426677,-0.32729015,-0.35131693,-0.34904224,-0.26304597,-0.26091534,-0.35131294,-0.34404397,-0.35182393,-0.31283143,-0.3326372,-0.35188997,-0.35933927,-0.35463315,-0.2547989,-0.24514951,-0.35424852,-0.35418794,-0.35748485,-0.33525,-0.2645283,-0.3565628,-0.3423161,-0.35131654,-0.30933964,-0.33191386,-0.30649143,-0.36058763,-0.35280955,-0.27306527,-0.304123,-0.34015253,-0.33709,-0.3462466,-0.26381022,-0.3555616,-0.35609764,-0.35768664,-0.35827664,-0.3433188,-0.35637724,-0.3577867,-0.34833512,-0.35834262,-0.18443729,-0.31538883,-0.33845827,-0.33139998,-0.34460402,-0.34652692,-0.35169965,-0.35109764,-0.3502625,-0.35303077,-0.32128388,-0.3174648,-0.35918453,-0.35138732,-0.32756048,-0.2788417,-0.3442507,-0.35489932,-0.35925305,-0.3556554,-0.2728125,-0.3173398,-0.35137022,-0.3255347,-0.34978673,-0.2555955,-0.2555955,-0.35720906,-0.35404736,-0.35082185
k__Bacteria|p__Actinobacteria|c__Actinobacteria|o__Actinomycetales|f__Micrococcaceae|g__Rothia|s__mucilaginosa,-0.28574407,-0.32443213,-0.3514585,-0.3514585,-0.35537535,-0.31121662,-0.34956193,-0.35552558,-0.35036126,-0.35681972,-0.3313659,-0.3067902,-0.34527826,-0.3436599,-0.33899614,-0.31892368,-0.3513301,1.1009456,-0.33758917,-0.34701893,-0.2703327,-0.35307166,-0.3462141,-0.35720402,-0.34060052,-0.3366719,-0.3501959,-0.33934942,-0.35071784,-0.35030687,1.1275954,-0.30771792,-0.26893306,-0.35735446,-0.33666402,-0.25396472,-0.33594304,-0.35719213,-0.3509197,-0.345838,-0.26324958,-0.34331423,-0.34331423,-0.3421979,-0.35658726,-0.2568045,-0.28815714,-0.34594566,-0.35437846,-0.35713702,-0.27991652,-0.270654,-0.27204362,-0.35545924,-0.34418643,-0.3133456,-0.35199606,-0.35533303,-0.34445426,-0.35140985,-0.32914695,-0.32914695,-0.35751456,-0.3593669,-0.35379392,-0.28209925,-0.32415122,-0.3465716,-0.3446649,-0.3479629,-0.32109618,-0.34426677,-0.32729015,-0.35058188,-0.34904224,-0.26304597,-0.26091534,-0.35075098,-0.34404397,-0.35182393,-0.31283143,-0.3326372,-0.35188997,-0.35933927,-0.35463315,-0.2547989,1.7599118,-0.35424852,-0.35418794,-0.35748485,-0.33525,-0.2645283,-0.3565628,-0.3423161,-0.3507107,-0.3078898,-0.33036363,-0.30649143,-0.36058763,-0.35280955,-0.27306527,-0.304123,-0.34015253,-0.33709,-0.3462466,-0.26381022,-0.3555616,-0.35609764,-0.35768664,-0.35827664,-0.3433188,-0.35637724,-0.3577867,-0.34833512,-0.35834262,-0.18443729,-0.31538883,-0.33845827,-0.33139998,-0.34460402,-0.34652692,-0.35169965,-0.35109764,-0.3502625,-0.35303077,-0.32128388,-0.3174648,-0.35918453,-0.3506253,-0.32756048,-0.2788417,0.8283962,-0.35489932,-0.35925305,-0.3556554,-0.2728125,-0.3173398,-0.35071552,-0.3255347,-0.34978673,-0.2555955,-0.2555955,-0.35720906,-0.35404736,-0.35001695
k__Bacteria|p__Actinobacteria|c__Actinobacteria|o__Actinomycetales|f__Actinomycetaceae|g__Actinomyces|s__unclassified,-0.28574407,-0.32443213,-0.3514585,-0.3514585,-0.35537535,-0.31121662,-0.34956193,-0.35552558,-0.35036126,-0.35681972,-0.3313659,-0.3067902,-0.34527826,-0.3436599,-0.33899614,-0.3196262,-0.3513301,-0.32141212,-0.33758917,-0.34701893,-0.2703327,-0.35307166,-0.3462141,-0.35720402,-0.34060052,0.9373852,-0.35103935,-0.33944684,-0.35144198,-0.351299,-0.31815568,-0.30771792,-0.26893306,-0.35735446,-0.33666402,-0.25396472,-0.33594304,-0.35719213,-0.3509197,-0.345838,-0.26324958,-0.34331423,-0.34331423,-0.3421979,-0.35658726,1.71037,-0.28815714,-0.34594566,-0.35437846,-0.35713702,-0.27991652,-0.270654,-0.27204362,-0.35545924,-0.34418643,-0.3133456,-0.35199606,-0.35533303,-0.34445426,-0.35140985,-0.32914695,-0.32914695,-0.35751456,-0.3593669,0.34342113,-0.2823728,-0.32470363,-0.3465716,-0.3446649,-0.3479629,-0.32171002,-0.34426677,-0.32729015,-0.3512998,-0.34904224,-0.26304597,-0.26091534,-0.3514557,-0.34404397,-0.35182393,-0.31283143,-0.3326372,-0.35188997,-0.35933927,-0.35463315,-0.2547989,-0.24514951,-0.35424852,-0.35418794,-0.35748485,-0.33525,-0.2645283,-0.3565628,-0.3423161,-0.3514007,-0.3083926,-0.3312279,-0.30649143,-0.36058763,-0.35280955,-0.27306527,1.2349179,-0.34015253,-0.33709,-0.3462466,-0.26381022,-0.3555616,-0.35609764,-0.35768664,-0.35827664,0.7944638,-0.35637724,-0.3577867,-0.34833512,-0.35834262,-0.18443729,1.2105579,-0.33845827,-0.33139998,-0.34460402,-0.34652692,-0.35169965,-0.35109764,-0.3502625,-0.35303077,-0.32128388,-0.3174648,-0.35918453,-0.35137936,-0.32756048,-0.2788417,-0.3442507,0.6064764,-0.35925305,-0.3556554,-0.2728125,-0.3173398,-0.35146004,-0.3255347,-0.34978673,-0.2555955,-0.2555955,-0.35720906,-0.35404736,-0.35113877
k__Bacteria|p__Actinobacteria|c__Actinobacteria|o__Bifidobacteriales|f__Bifidobacteriaceae|g__Bifidobacterium|s__longum,-0.28574407,1.0724827,-0.3514585,-0.3514585,0.69285417,1.6329176,0.6314897,0.8506048,0.75216424,0.82582045,1.4656093,1.5540663,0.7664834,-0.3436599,0.904163,1.4492834,1.0983781,2.1483598,1.6223679,0.7182825,1.4587336,1.5871322,0.854861,0.7081947,0.8858514,1.231002,0.69029534,1.1742722,0.66933656,0.6670153,1.2248821,1.2411665,-0.26893306,0.65367997,0.94005597,1.6973023,1.7560076,0.3628789,0.4760914,0.6259733,1.716894,0.9307924,0.9307924,-0.3421979,0.48772416,2.1035488,1.9060429,1.2063292,0.72480774,0.633392,1.4875025,-0.270654,1.6207826,0.6706828,0.70971465,-0.3133456,1.0453736,0.65435815,-0.34445426,0.35264105,1.4459518,1.4459518,0.45699716,0.5309695,0.37152147,1.5759981,1.4430118,0.7582331,0.8202225,0.8012981,1.4451737,0.99934494,-0.32729015,0.6678734,0.6772272,-0.26304597,-0.26091534,0.6755941,0.80710644,0.6973135,-0.31283143,1.4399942,0.795607,0.62243116,0.61621714,2.0272434,2.396374,0.74603564,-0.35418794,0.5657991,1.1046737,1.6575323,0.66222787,0.96058583,0.66901857,1.4957335,1.389765,1.2556701,0.62724507,0.5446145,1.7524166,1.8252349,1.2667935,0.91197383,0.8189047,2.025129,1.4608041,0.5127339,0.5827168,0.5609187,0.8006698,0.5801288,0.56093276,0.81000274,0.66325027,2.322518,-0.31538883,0.87684447,1.4458028,0.7968464,1.0371473,1.0808916,0.70209134,-0.3502625,0.35181737,1.3371298,1.4188033,0.818478,0.6685664,-0.32756048,1.6777236,1.3621397,0.61613137,0.55326736,0.7363137,-0.2728125,-0.3173398,0.6701088,-0.3255347,0.38090965,1.7243174,1.7243174,0.678907,0.6460893,0.668431
k__Bacteria|p__Actinobacteria|c__Actinobacteria|o__Bifidobacteriales|f__Bifidobacteriaceae|g__Bifidobacterium|s__adolescentis,-0.28574407,-0.32443213,-0.3514585,-0.3514585,-0.35537535,1.2078934,0.6769279,0.71029013,-0.35036126,-0.35681972,1.0000122,-0.3067902,-0.34527826,-0.3436599,0.6365399,1.0210859,1.0437837,1.1199113,1.035112,0.71470433,-0.2703327,0.6103393,-0.3462141,-0.35720402,-0.34060052,0.9384766,-0.289316,0.5940139,-0.32563764,-0.32645267,1.1283852,-0.30771792,-0.26893306,-0.35735446,-0.33666402,-0.25396472,0.91360813,-0.35719213,0.47631118,0.6272555,1.6028728,-0.34331423,-0.34331423,-0.3421979,-0.35658726,1.7174379,1.4030144,0.8965596,-0.35437846,0.79560935,1.5204912,-0.270654,1.7073402,-0.35545924,-0.34418643,-0.3133456,0.8125117,0.71892184,-0.34445426,0.3481685,1.1434003,1.1434003,-0.35751456,0.5934095,0.40734643,1.0882775,1.023387,0.8478344,-0.3446649,0.74647486,1.0204828,-0.34426677,-0.32729015,-0.32632667,0.6844865,-0.26304597,-0.26091534,-0.31662774,-0.34404397,0.68245953,-0.31283143,0.9995494,0.80106956,0.5786319,0.62568456,1.6840997,1.7647299,0.73625165,-0.35418794,0.551491,-0.33525,-0.2645283,-0.3565628,-0.3423161,-0.32602155,1.0538381,0.9574058,2.1053638,0.47937766,-0.35280955,1.5385215,1.2487445,0.866044,-0.33709,-0.3462466,-0.26381022,0.5734108,-0.35609764,-0.35768664,-0.35827664,0.79316604,1.0630039,0.5514009,0.77828425,0.6362962,2.30427,1.2081015,-0.33845827,0.9571406,-0.34460402,0.9119884,0.7649902,0.70985335,0.65891474,0.35516742,-0.32128388,1.134721,0.90847826,-0.32536548,-0.32756048,1.4619408,0.9262418,0.5983274,-0.35925305,-0.3556554,-0.2728125,-0.3173398,-0.32423148,-0.3255347,0.43674424,1.697449,1.697449,0.47332445,-0.35404736,-0.32419956
k__Bacteria|p__Actinobacteria|c__Actinobacteria|o__Bifidobacteriales|f__Bifidobacteriaceae|g__Bifidobacterium|s__unclassified,-0.28574407,1.3076785,-0.3514585,-0.3514585,0.96503377,1.1801134,-0.34956193,0.61056876,0.6942947,0.5611742,1.0155174,1.2448307,0.7777543,0.7934397,0.6411764,1.1569525,0.80907327,1.1237468,1.366574,-0.34701893,-0.2703327,0.96165717,-0.3462141,1.0101005,0.8824619,0.9768216,0.65691817,0.954033,0.6430223,0.64090455,1.5211788,-0.30771792,-0.26893306,0.6898815,-0.33666402,1.8112901,0.91762424,0.66468704,0.5809564,0.67250663,1.7055825,1.4077176,1.4077176,-0.3421979,0.5947034,1.7260301,1.4198065,0.88495934,0.7017847,0.56010777,1.5204912,-0.270654,1.9215341,-0.35545924,0.7293672,-0.3133456,0.86937916,0.8019743,0.80921704,0.44309703,1.0872993,1.0872993,0.5945699,0.8096892,0.34167477,1.3302308,1.1396039,0.767156,-0.3446649,0.75117224,1.1489582,0.98537123,0.9731422,0.6420469,0.82523227,-0.26304597,-0.26091534,0.6470127,-0.34404397,0.8594234,2.006043,1.0061312,0.7313012,-0.35933927,-0.35463315,1.693305,1.7654691,0.6912189,0.57805675,0.7813994,1.1127886,1.7055794,0.90236217,-0.3423161,0.6427521,1.2128888,1.0916803,1.2561754,0.73493016,0.5276039,1.5924932,1.2445747,0.8944934,1.0267217,0.8326646,1.5934805,0.5580579,0.46344897,0.63371485,0.560351,1.5538148,0.68587565,-0.3577867,-0.34833512,0.59463006,2.3073924,1.3455405,-0.33845827,0.9439473,0.888281,1.086207,0.9334278,0.7072727,0.6584228,0.3815714,1.1207594,1.1366214,0.5623022,0.6427486,-0.32756048,1.4704748,-0.3442507,1.2725462,0.5749452,0.646162,1.5220107,1.1910894,0.64373875,-0.3255347,-0.34978673,-0.2555955,-0.2555955,0.47509906,-0.35404736,0.6430843
k__Bacteria|p__Cyanobacteria|c__4C0d-2|o__YS2|f__unclassified|g__unclassified|s__unclassified,-0.28574407,-0.32443213,-0.3514585,-0.3514585,-0.35537535,-0.31121662,-0.34956193,-0.35552558,-0.35036126,-0.35681972,-0.3313659,-0.3067902,-0.34527826,-0.3436599,-0.33899614,-0.31962997,-0.3513301,-0.32141212,-0.33758917,-0.34701893,-0.2703327,-0.35307166,-0.3462141,-0.35720402,-0.34060052,-0.3366719,-0.34939715,-0.33859903,-0.34945744,-0.3490669,-0.31815568,-0.30771792,-0.26893306,0.7642041,-0.33666402,-0.25396472,-0.33594304,0.37781212,-0.3509197,0.76973325,-0.26324958,-0.34331423,-0.34331423,0.7986924,0.43511796,-0.2568045,-0.28815714,-0.34594566,-0.35437846,-0.35713702,-0.27991652,-0.270654,-0.27204362,-0.35545924,-0.34418643,-0.3133456,-0.35199606,-0.35533303,-0.34445426,-0.35140985,-0.32914695,-0.32914695,-0.35751456,-0.3593669,-0.35379392,-0.28217512,-0.3250842,-0.3465716,-0.3446649,-0.3479629,-0.3218726,-0.34426677,0.9879048,-0.34933126,-0.34904224,-0.26304597,-0.26091534,-0.34957802,-0.34404397,-0.35182393,-0.31283143,-0.3326372,-0.35188997,-0.35933927,-0.35463315,-0.2547989,-0.24514951,0.63703424,0.67141074,0.5513086,-0.33525,-0.2645283,-0.3565628,-0.3423161,-0.34940302,-0.30899763,-0.3313558,-0.30649143,-0.36058763,-0.35280955,-0.27306527,-0.304123,-0.34015253,-0.33709,-0.3462466,-0.26381022,-0.3555616,-0.35609764,-0.35768664,-0.35827664,-0.3433188,-0.35637724,-0.3577867,-0.34833512,-0.35834262,-0.18443729,-0.31538883,-0.33845827,-0.33139998,-0.34460402,-0.34652692,-0.35169965,-0.35109764,-0.3502625,-0.35303077,-0.32128388,-0.3174648,-0.35918453,-0.3494863,-0.32756048,-0.2788417,-0.3442507,-0.35489932,-0.35925305,-0.3556554,-0.2728125,-0.3173398,-0.34953263,0.9313749,-0.34978673,-0.2555955,-0.2555955,-0.35720906,0.67599326,-0.34904295
k__Bacteria|p__Cyanobacteria|c__Chloroplast|o__Streptophyta|f__unclassified|g__unclassified|s__unclassified,-0.28574407,-0.32443213,-0.3514585,-0.3514585,-0.35537535,-0.31121662,-0.34956193,-0.35552558,-0.35036126,-0.35681972,-0.3313659,-0.3067902,-0.34527826,-0.3436599,-0.33899614,-0.31960684,-0.3513301,-0.32141212,-0.33758917,-0.34701893,-0.2703327,0.5806816,-0.3462141,-0.35720402,-0.34060052,-0.3366719,-0.34847647,-0.3383647,-0.34838903,-0.3477299,-0.31815568,-0.30771792,-0.26893306,0.78490055,-0.33666402,-0.25396472,-0.33594304,0.47437233,-0.3509197,-0.345838,-0.26324958,-0.34331423,-0.34331423,-0.3421979,-0.35658726,-0.2568045,-0.28815714,-0.34594566,-0.35437846,-0.35713702,-0.27991652,-0.270654,-0.27204362,-0.35545924,-0.34418643,-0.3133456,-0.35199606,-0.35533303,-0.34445426,-0.35140985,-0.32914695,-0.32914695,0.4818429,-0.3593669,-0.35379392,-0.28211522,-0.32549512,-0.3465716,-0.3446649,-0.3479629,-0.32182753,-0.34426677,-0.32729015,-0.34804484,-0.34904224,-0.26304597,-0.26091534,-0.3486622,-0.34404397,-0.35182393,-0.31283143,-0.3326372,-0.35188997,0.5498371,-0.35463315,-0.2547989,-0.24514951,-0.35424852,-0.35418794,-0.35748485,-0.33525,-0.2645283,-0.3565628,-0.3423161,-0.34828112,-0.30868915,-0.33140555,-0.30649143,-0.36058763,-0.35280955,-0.27306527,-0.304123,-0.34015253,-0.33709,-0.3462466,-0.26381022,-0.3555616,-0.35609764,-0.35768664,0.60493207,-0.3433188,-0.35637724,-0.3577867,-0.34833512,-0.35834262,-0.18443729,-0.31538883,-0.33845827,-0.33139998,-0.34460402,-0.34652692,0.66614175,-0.35109764,-0.3502625,-0.35303077,-0.32128388,-0.3174648,-0.35918453,-0.34826976,-0.32756048,-0.2788417,-0.3442507,0.58000916,-0.35925305,-0.3556554,-0.2728125,-0.3173398,-0.34855807,-0.3255347,0.3487476,-0.2555955,-0.2555955,0.46798164,-0.35404736,-0.34793872
k__Bacteria|p__Fusobacteria|c__Fusobacteria|o__Fusobacteriales|f__Fusobacteriaceae|g__Fusobacterium|s__unclassified,-0.28574407,-0.32443213,-0.3514585,-0.3514585,-0.35537535,-0.31121662,-0.34956193,-0.35552558,-0.35036126,-0.35681972,1.0016557,-0.3067902,-0.34527826,-0.3436599,-0.33899614,-0.3200162,-0.3513301,-0.32141212,-0.33758917,-0.34701893,-0.2703327,0.5763721,0.7871443,-0.35720402,-0.34060052,0.9752456,-0.3513084,-0.33925173,-0.3516404,-0.35138556,-0.31815568,-0.30771792,-0.26893306,-0.35735446,-0.33666402,-0.25396472,-0.33594304,-0.35719213,-0.3509197,-0.345838,-0.26324958,-0.34331423,-0.34331423,-0.3421979,-0.35658726,-0.2568045,-0.28815714,-0.34594566,-0.35437846,-0.35713702,-0.27991652,-0.270654,-0.27204362,-0.35545924,-0.34418643,-0.3133456,-0.35199606,-0.35533303,-0.34445426,-0.35140985,-0.32914695,-0.32914695,-0.35751456,-0.3593669,-0.35379392,-0.28273195,-0.32503194,-0.3465716,-0.3446649,-0.3479629,-0.322055,-0.34426677,-0.32729015,-0.35146466,-0.34904224,-0.26304597,-0.26091534,-0.3517052,-0.34404397,-0.35182393,-0.31283143,-0.3326372,-0.35188997,-0.35933927,-0.35463315,1.6744976,-0.24514951,-0.35424852,-0.35418794,-0.35748485,-0.33525,-0.2645283,-0.3565628,-0.3423161,-0.3515848,-0.30908754,-0.33145833,-0.30649143,-0.36058763,-0.35280955,-0.27306527,-0.304123,-0.34015253,-0.33709,-0.3462466,-0.26381022,-0.3555616,-0.35609764,-0.35768664,-0.35827664,-0.3433188,-0.35637724,-0.3577867,-0.34833512,-0.35834262,-0.18443729,-0.31538883,-0.33845827,-0.33139998,-0.34460402,-0.34652692,-0.35169965,-0.35109764,-0.3502625,-0.35303077,-0.32128388,-0.3174648,-0.35918453,-0.35157514,-0.32756048,-0.2788417,-0.3442507,-0.35489932,-0.35925305,-0.3556554,-0.2728125,-0.3173398,-0.35164633,-0.3255347,-0.34978673,-0.2555955,-0.2555955,-0.35720906,-0.35404736,-0.35119534
k__Bacteria|p__Fusobacteria|c__Fusobacteria|o__Fusobacteriales|f__Fusobacteriaceae|g__unclassified|s__unclassified,-0.28574407,-0.32443213,-0.3514585,-0.3514585,-0.35537535,-0.31121662,-0.34956193,-0.35552558,-0.35036126,-0.35681972,-0.3313659,-0.3067902,-0.34527826,-0.3436599,-0.33899614,-0.32118827,-0.3513301,-0.32141212,-0.33758917,-0.34701893,-0.2703327,-0.35307166,-0.3462141,-0.35720402,-0.34060052,-0.3366719,-0.35131073,-0.3413185,-0.35172063,-0.35150397,-0.31815568,-0.30771792,-0.26893306,-0.35735446,-0.33666402,-0.25396472,-0.33594304,-0.35719213,-0.3509197,-0.345838,-0.26324958,-0.34331423,-0.34331423,-0.3421979,-0.35658726,-0.2568045,-0.28815714,-0.34594566,-0.35437846,-0.35713702,-0.27991652,-0.270654,-0.27204362,-0.35545924,0.74332434,-0.3133456,0.6419095,0.45796683,-0.34445426,0.34173733,-0.32914695,-0.32914695,-0.35751456,-0.3593669,-0.35379392,-0.2830891,-0.32596135,-0.3465716,-0.3446649,-0.3479629,-0.3232517,0.8079853,0.97039884,-0.35164946,0.76719505,-0.26304597,-0.26091534,-0.3516814,-0.34404397,-0.35182393,-0.31283143,-0.3326372,-0.35188997,-0.35933927,-0.35463315,-0.2547989,-0.24514951,-0.35424852,-0.35418794,-0.35748485,-0.33525,-0.2645283,-0.3565628,-0.3423161,-0.35168743,-0.30987063,-0.33259943,-0.30649143,-0.36058763,-0.35280955,-0.27306527,-0.304123,-0.34015253,-0.33709,-0.3462466,-0.26381022,-0.3555616,-0.35609764,-0.35768664,-0.35827664,-0.3433188,-0.35637724,-0.3577867,-0.34833512,-0.35834262,-0.18443729,-0.31538883,-0.33845827,-0.33139998,-0.34460402,-0.34652692,-0.35169965,-0.35109764,-0.3502625,-0.35303077,-0.32128388,-0.3174648,-0.35918453,-0.35173488,1.0285587,-0.2788417,-0.3442507,-0.35489932,-0.35925305,-0.3556554,-0.2728125,1.2455677,-0.35169527,-0.3255347,-0.34978673,-0.2555955,-0.2555955,-0.35720906,-0.35404736,-0.35122314
k__Bacteria|p__Tenericutes|c__Mollicutes|o__RF39|f__unclassified|g__unclassified|s__unclassified,-0.28574407,-0.32443213,-0.3514585,-0.3514585,-0.35537535,-0.31121662,-0.34956193,-0.35552558,-0.35036126,-0.35681972,-0.3313659,-0.3067902,-0.34527826,-0.3436599,-0.33899614,-0.32137656,-0.3513301,-0.32141212,-0.33758917,-0.34701893,-0.2703327,-0.35307166,-0.3462141,-0.35720402,-0.34060052,-0.3366719,-0.34882528,-0.33901212,-0.34900367,-0.34895366,-0.31815568,-0.30771792,-0.26893306,-0.35735446,-0.33666402,-0.25396472,-0.33594304,-0.35719213,-0.3509197,-0.345838,-0.26324958,-0.34331423,-0.34331423,-0.3421979,0.43333566,-0.2568045,-0.28815714,-0.34594566,-0.35437846,-0.35713702,-0.27991652,-0.270654,-0.27204362,-0.35545924,-0.34418643,-0.3133456,-0.35199606,-0.35533303,-0.34445426,0.34183434,-0.32914695,-0.32914695,-0.35751456,-0.3593669,0.4040675,-0.28320777,-0.32639456,-0.3465716,-0.3446649,-0.3479629,-0.32319975,-0.34426677,-0.32729015,-0.34869614,-0.34904224,-0.26304597,-0.26091534,-0.34913552,-0.34404397,-0.35182393,-0.31283143,-0.3326372,-0.35188997,-0.35933927,-0.35463315,-0.2547989,-0.24514951,-0.35424852,0.5683254,0.5482021,-0.33525,-0.2645283,-0.3565628,-0.3423161,-0.34889978,-0.30988982,-0.3327592,-0.30649143,-0.36058763,-0.35280955,-0.27306527,-0.304123,-0.34015253,-0.33709,-0.3462466,-0.26381022,-0.3555616,-0.35609764,-0.35768664,-0.35827664,-0.3433188,-0.35637724,-0.3577867,-0.34833512,-0.35834262,-0.18443729,-0.31538883,-0.33845827,-0.33139998,-0.34460402,-0.34652692,-0.35169965,0.7007918,-0.3502625,0.34845603,-0.32128388,-0.3174648,-0.35918453,-0.34882414,-0.32756048,-0.2788417,-0.3442507,-0.35489932,-0.35925305,0.59265935,-0.2728125,-0.3173398,-0.34907106,0.9311115,0.34547377,-0.2555955,-0.2555955,-0.35720906,-0.35404736,-0.3489263
k__Bacteria|p__Verrucomicrobia|c__Verrucomicrobiae|o__Verrucomicrobiales|f__Verrucomicrobiaceae|g__Akkermansia|s__muciniphila,-0.28574407,-0.32443213,-0.3514585,-0.3514585,-0.35537535,-0.31121662,-0.34956193,-0.35552558,-0.35036126,-0.35681972,-0.3313659,-0.3067902,-0.34527826,-0.3436599,2.1125681,-0.32020247,0.8001535,-0.32141212,-0.33758917,-0.34701893,2.4859812,-0.35307166,-0.3462141,-0.35720402,-0.34060052,-0.3366719,-0.33664253,-0.3360601,-0.33638164,-0.3359212,-0.31815568,-0.30771792,-0.26893306,0.6566436,0.93500954,-0.25396472,-0.33594304,-0.35719213,-0.3509197,-0.345838,-0.26324958,-0.34331423,-0.34331423,-0.3421979,-0.35658726,-0.2568045,-0.28815714,-0.34594566,-0.35437846,-0.35713702,-0.27991652,-0.270654,-0.27204362,-0.35545924,1.0895154,-0.3133456,0.8764559,0.59106964,0.95339006,0.5654426,-0.32914695,-0.32914695,-0.35751456,0.45651683,0.50918907,-0.28197467,-0.3257604,0.8978083,0.934114,0.95107466,-0.32251012,0.806441,-0.32729015,-0.33625543,-0.34904224,-0.26304597,-0.26091534,-0.3366125,-0.34404397,0.8896396,-0.31283143,-0.3326372,-0.35188997,0.6715001,0.6296813,-0.2547989,-0.24514951,0.7681738,-0.35418794,0.56381905,-0.33525,-0.2645283,-0.3565628,0.90663123,-0.3363432,-0.30931222,-0.33155042,-0.30649143,-0.36058763,-0.35280955,-0.27306527,-0.304123,-0.34015253,-0.33709,0.8531642,-0.26381022,-0.3555616,0.4631497,0.8442061,0.5560424,-0.3433188,-0.35637724,0.60794854,-0.34833512,0.62236863,-0.18443729,-0.31538883,-0.33845827,-0.33139998,1.0063971,-0.34652692,-0.35169965,-0.35109764,0.7120616,-0.35303077,-0.32128388,-0.3174648,0.52715826,-0.33637828,-0.32756048,-0.2788417,0.8406652,1.2817528,0.55530876,0.9420759,-0.2728125,-0.3173398,-0.33644617,0.9345303,0.570988,-0.2555955,-0.2555955,0.837386,0.7550964,-0.33576196
