#OTU ID,E002338.0,E002338.1,E002338.2,E002338.3,E002338.4,E002473.0,E002473.1,E002473.2,E002473.3,E002473.4,E004934.0,E004934.1,E004934.2,E004934.3,E004934.4,E005804.0,E005804.1,E005804.2,E005804.3,E005804.4,E008437.0,E008437.1,E008437.2,E008437.3,E008437.4,E008643.0,E008643.1,E008643.2,E008643.3,E008643.4,E012393.0,E012393.1,E012393.2,E012393.3,E012393.4,E012678.0,E012678.1,E012678.2,E012678.3,E012678.4,E016148.0,E016148.1,E016148.2,E016148.3,E016148.4,E017049.0,E017049.1,E017049.2,E017049.3,E017049.4,E018421.0,E018421.1,E018421.2,E018421.3,E018421.4,E019187.0,E019187.1,E019187.2,E019187.3,E019187.4,E019349.0,E019349.1,E019349.2,E019349.3,E019349.4,E022960.0,E022960.1,E022960.2,E022960.3,E022960.4,E023535.0,E023535.1,E023535.2,E023535.3,E023535.4,E023681.0,E023681.1,E023681.2,E023681.3,E023681.4,E025921.0,E025921.1,E025921.2,E025921.3,E025921.4,E030828.0,E030828.1,E030828.2,E030828.3,E030828.4
k__Bacteria|p__Firmicutes|c__Clostridia|o__Clostridiales|f__Veillonellaceae|g__Megasphaera|s__micronuciformis,-0.28271136,-0.32184994,-0.32328734,-0.31718764,-0.3322257,-0.27614182,-0.3258366,-0.3327108,-0.33075604,-0.33005035,-0.27012503,-0.32539368,-0.31133458,-0.31570548,-0.3099353,-0.27075517,-0.3303013,-0.31799185,-0.32946658,-0.32623714,-0.26184985,-0.31223327,-0.29681087,-0.3298624,-0.32980978,-0.26755807,-0.31434026,-0.321638,-0.31676275,-0.32445285,-0.23875734,-0.3190126,-0.32284898,-0.31979084,-0.32378075,-0.2799118,-0.32432246,-0.32189137,-0.3328914,-0.3328914,-0.2443454,-0.30590335,-0.3233376,-0.29767188,-0.32805568,-0.2673381,-0.32066417,-0.31715828,-0.310298,-0.3255994,-0.24634947,-0.3272691,-0.32986963,-0.32200384,-0.33487758,-0.20411447,-0.26286402,-0.29172873,-0.32277873,-0.33141193,-0.28038704,-0.32017797,-0.32636124,-0.32880616,-0.32866693,-0.2850096,-0.31633165,-0.27669096,-0.30985528,-0.3320185,-0.31161842,-0.32036382,-0.31877366,-0.32037857,-0.33081543,-0.26822805,-0.31808293,-0.32411462,-0.30701396,-0.32943356,-0.20658675,-0.3146928,-0.33048365,-0.32512325,-0.32826334,-0.27360582,-0.31196946,-0.3214015,-0.33007872,-0.33506903
k__Bacteria|p__Firmicutes|c__Clostridia|o__Clostridiales|f__Veillonellaceae|g__Megasphaera|s__geminatus,-0.28271136,-0.3218115,-0.32328734,-0.31718764,-0.3322257,-0.27633598,-0.3258366,-0.3327108,-0.33075604,-0.33005035,-0.27079284,-0.32539368,-0.31133458,-0.31570548,-0.3099353,-0.27124843,-0.3303013,-0.31799185,-0.32946658,-0.32663488,-0.26184985,-0.31223327,-0.29681087,-0.3298624,-0.32977867,-0.26755807,-0.3148573,-0.32192588,-0.31676275,-0.32445285,-0.23875734,-0.31980342,-0.32284898,-0.31979084,-0.32378075,-0.28010798,-0.32432246,-0.32219943,-0.3328914,-0.3328914,-0.2443454,-0.30590335,-0.3233376,-0.29767188,-0.32846886,-0.26749122,-0.32093218,-0.31715828,-0.310298,-0.3255994,-0.24634947,-0.3272691,-0.32986963,-0.32273203,-0.33487758,-0.20411447,-0.26286402,-0.29172873,-0.32277873,-0.33141193,-0.2803018,-0.32073048,-0.32636124,-0.32880616,-0.32910508,-0.2850096,-0.31698763,-0.27669096,-0.30985528,-0.3320185,-0.31161842,-0.3209607,-0.31877366,-0.32037857,-0.33114612,-0.26846778,-0.31865588,-0.32411462,-0.30701396,-0.32943356,-0.20658675,-0.3152243,-0.33048365,-0.32568026,-0.3285956,-0.2737826,-0.31196946,-0.3214015,-0.33007872,-0.33506903
k__Bacteria|p__Firmicutes|c__Bacilli|o__unclassified|f__unclassified|g__unclassified|s__unclassified,1.2880858,-0.32098538,0.7787418,-0.31718764,-0.3322257,-0.27336863,-0.3258366,-0.3327108,-0.33075604,-0.33005035,-0.26758724,-0.32539368,-0.31133458,-0.31570548,-0.3099353,-0.26806062,-0.3303013,-0.31799185,-0.32946658,-0.3261027,-0.26184985,-0.31223327,-0.29681087,-0.3298624,-0.32985294,1.433194,-0.31303144,-0.32167614,-0.31676275,-0.32445285,-0.23875734,-0.31809032,-0.32284898,-0.31979084,-0.32378075,-0.27688998,-0.32432246,-0.32192963,-0.3328914,-0.3328914,-0.2443454,-0.30590335,-0.3233376,-0.29767188,-0.32827693,-0.26467288,-0.31980753,-0.31715828,-0.310298,-0.3255994,-0.24634947,-0.3272691,-0.32986963,-0.32253313,-0.33487758,-0.20411447,-0.26286402,-0.29172873,-0.32277873,-0.33141193,-0.2776931,-0.31944492,-0.32636124,-0.32880616,-0.32865208,-0.2850096,-0.31638584,-0.27669096,-0.30985528,-0.3320185,-0.31161842,-0.319735,-0.31877366,-0.32037857,-0.33071345,-0.26580602,-0.31751403,-0.32411462,-0.30701396,-0.32943356,-0.20658675,-0.31386155,-0.33048365,-0.32585186,-0.32811725,-0.27125153,-0.31196946,-0.3214015,-0.33007872,-0.33506903
k__Bacteria|p__Firmicutes|c__Bacilli|o__Lactobacillales|f__Enterococcaceae|g__Enterococcus|s__unclassified,-0.28271136,-0.32098067,0.7766038,-0.31718764,-0.3322257,-0.27394634,-0.3258366,0.6201259,-0.33075604,-0.33005035,-0.26848894,-0.32539368,-0.31133458,-0.31570548,-0.3099353,-0.26915163,-0.3303013,-0.31799185,-0.32946658,-0.326903,-0.26184985,-0.31223327,-0.29681087,-0.3298624,-0.33006552,1.4275895,-0.31336218,-0.3216318,-0.31676275,-0.32445285,-0.23875734,-0.3184077,-0.32284898,-0.31979084,-0.32378075,-0.2780359,-0.32432246,-0.321348,-0.3328914,-0.3328914,-0.2443454,-0.30590335,-0.3233376,-0.29767188,-0.32835883,-0.26524436,-0.32025313,0.8523103,-0.310298,-0.3255994,-0.24634947,-0.3272691,-0.32986963,-0.32259998,-0.33487758,-0.20411447,1.4723268,-0.29172873,-0.32277873,-0.33141193,-0.27842778,-0.31962848,-0.32636124,-0.32880616,-0.32911566,-0.2850096,-0.3165228,-0.27669096,-0.30985528,-0.3320185,-0.31161842,-0.3202331,-0.31877366,-0.32037857,-0.3308934,-0.26661634,-0.31759968,-0.32411462,-0.30701396,-0.32943356,-0.20658675,-0.31358314,-0.33048365,-0.32613754,-0.32869032,-0.27182403,-0.31196946,-0.3214015,-0.33007872,-0.33506903
k__Bacteria|p__Firmicutes|c__Clostridia|o__Clostridiales|f__Clostridiaceae|g__Clostridium|s__perfringens,1.3109468,-0.3196433,-0.32328734,-0.31718764,-0.3322257,-0.26637655,-0.3258366,-0.3327108,-0.33075604,-0.33005035,-0.2604192,-0.32539368,-0.31133458,-0.31570548,-0.3099353,-0.26072216,-0.3303013,0.92562795,-0.32946658,-0.32563534,-0.26184985,-0.31223327,-0.29681087,-0.3298624,-0.32823253,2.4175923,-0.31084943,-0.32068852,-0.31676275,-0.32445285,1.7735543,-0.31752497,-0.32284898,-0.31979084,-0.32378075,-0.2712056,-0.32432246,-0.3214869,-0.3328914,-0.3328914,1.633266,1.2056496,-0.3233376,-0.29767188,-0.32808545,-0.25581223,-0.31818774,-0.31715828,-0.310298,-0.3255994,-0.24634947,-0.3272691,-0.32986963,-0.3230055,-0.33487758,-0.20411447,-0.26286402,-0.29172873,-0.32277873,-0.33141193,-0.27192152,-0.31846395,-0.32636124,-0.32880616,-0.32792628,-0.2850096,-0.31336874,-0.27669096,-0.30985528,-0.3320185,-0.31161842,-0.31900632,-0.31877366,-0.32037857,-0.32989162,-0.25701874,-0.3159063,-0.32411462,-0.30701396,-0.32943356,2.0459185,-0.311273,-0.33048365,-0.3255735,-0.3277008,-0.26394695,-0.31196946,-0.3214015,-0.33007872,-0.33506903
k__Bacteria|p__Firmicutes|c__Clostridia|o__Clostridiales|f__Clostridiaceae|g__Peptoniphilus|s__asaccharolyticus,1.3149637,-0.32128838,-0.32328734,-0.31718764,-0.3322257,-0.27376944,-0.3258366,-0.3327108,-0.33075604,-0.33005035,-0.26794514,-0.32539368,-0.31133458,-0.31570548,-0.3099353,-0.26920176,-0.3303013,-0.31799185,-0.32946658,-0.32653412,-0.26184985,-0.31223327,-0.29681087,-0.3298624,-0.3301928,-0.26755807,-0.31280488,-0.32179755,-0.31676275,-0.32445285,-0.23875734,-0.3182155,-0.32284898,-0.31979084,-0.32378075,-0.27780026,-0.32432246,-0.32160422,-0.3328914,-0.3328914,-0.2443454,-0.30590335,-0.3233376,-0.29767188,-0.32818422,-0.26525807,-0.3201934,-0.31715828,-0.310298,-0.3255994,-0.24634947,-0.3272691,-0.32986963,-0.32232445,-0.33487758,-0.20411447,-0.26286402,-0.29172873,-0.32277873,-0.33141193,-0.27845246,-0.31976587,-0.32636124,-0.32880616,-0.32849377,-0.2850096,-0.31668013,-0.27669096,-0.30985528,-0.3320185,-0.31161842,-0.3201463,-0.31877366,-0.32037857,-0.3300773,-0.26665497,-0.31725627,-0.32411462,-0.30701396,-0.32943356,-0.20658675,-0.313143,-0.33048365,-0.32617837,-0.32850757,-0.2722687,-0.31196946,-0.3214015,-0.33007872,-0.33506903
k__Bacteria|p__Firmicutes|c__Bacilli|o__Bacillales|f__Staphylococcaceae|g__Staphylococcus|s__unclassified,-0.28271136,-0.32077095,-0.32328734,-0.31718764,-0.3322257,-0.27325818,-0.3258366,-0.3327108,-0.33075604,-0.33005035,-0.2673639,-0.32539368,-0.31133458,-0.31570548,-0.3099353,-0.2677104,-0.3303013,-0.31799185,-0.32946658,-0.3249623,-0.26184985,-0.31223327,-0.29681087,-0.3298624,-0.32743353,-0.26755807,-0.31318122,-0.3208119,-0.31676275,-0.32445285,-0.23875734,-0.31964052,-0.32284898,-0.31979084,-0.32378075,-0.2773599,-0.32432246,-0.32164717,-0.3328914,-0.3328914,1.6046737,-0.30590335,-0.3233376,-0.29767188,-0.32754734,-0.2628249,-0.31964794,-0.31715828,-0.310298,-0.3255994,-0.24634947,-0.3272691,-0.32986963,-0.32202253,-0.33487758,-0.20411447,1.4667585,-0.29172873,-0.32277873,-0.33141193,-0.27724558,-0.32022816,-0.32636124,-0.32880616,-0.32742348,-0.2850096,-0.3154801,-0.27669096,-0.30985528,-0.3320185,-0.31161842,-0.32047182,-0.31877366,-0.32037857,-0.32933086,-0.26384133,-0.31755298,-0.32411462,-0.30701396,-0.32943356,-0.20658675,-0.313741,-0.33048365,-0.32458985,-0.3272918,-0.26997966,-0.31196946,-0.3214015,-0.33007872,-0.33506903
k__Bacteria|p__Firmicutes|c__Bacilli|o__Lactobacillales|f__unclassified|g__unclassified|s__unclassified,-0.28271136,-0.32045597,-0.32328734,-0.31718764,-0.3322257,-0.27334127,-0.3258366,-0.3327108,-0.33075604,-0.33005035,-0.2677895,-0.32539368,-0.31133458,-0.31570548,-0.3099353,-0.26815557,-0.3303013,-0.31799185,-0.32946658,-0.3256158,-0.26184985,-0.31223327,-0.29681087,-0.3298624,-0.3285105,1.4110612,-0.31319532,-0.32090324,-0.31676275,-0.32445285,-0.23875734,-0.3185939,-0.32284898,-0.31979084,-0.32378075,-0.27722228,-0.32432246,-0.32155037,-0.3328914,-0.3328914,-0.2443454,-0.30590335,-0.3233376,-0.29767188,-0.3277349,-0.26415166,-0.31937903,-0.31715828,-0.310298,-0.3255994,-0.24634947,-0.3272691,-0.32986963,-0.32230994,-0.33487758,-0.20411447,-0.26286402,-0.29172873,-0.32277873,-0.33141193,-0.27753234,-0.3194657,-0.32636124,-0.32880616,-0.32805735,-0.2850096,-0.31531078,-0.27669096,-0.30985528,-0.3320185,-0.31161842,-0.31971467,-0.31877366,-0.32037857,-0.33003998,-0.26509804,-0.3172843,-0.32411462,-0.30701396,-0.32943356,-0.20658675,-0.31367257,-0.33048365,-0.32496756,-0.32763916,-0.2707628,-0.31196946,-0.3214015,-0.33007872,-0.33506903
k__Bacteria|p__Firmicutes|c__Bacilli|o__Lactobacillales|f__Leuconostocaceae|g__Leuconostoc|s__unclassified,-0.28271136,-0.3218186,-0.32328734,-0.31718764,-0.3322257,-0.27663672,-0.3258366,-0.3327108,-0.33075604,-0.33005035,-0.27118307,-0.32539368,-0.31133458,-0.31570548,-0.3099353,-0.27174366,-0.3303013,-0.31799185,-0.32946658,-0.32685772,-0.26184985,-0.31223327,-0.29681087,-0.3298624,-0.32987744,-0.26755807,-0.31490648,-0.32189304,-0.31676275,-0.32445285,-0.23875734,-0.319908,-0.32284898,-0.31979084,-0.32378075,-0.28050774,-0.32432246,-0.32216263,-0.3328914,-0.3328914,-0.2443454,-0.30590335,-0.3233376,-0.29767188,-0.32856506,-0.26784763,-0.3210035,-0.31715828,-0.310298,-0.3255994,-0.24634947,-0.3272691,-0.32986963,-0.32288334,-0.33487758,-0.20411447,-0.26286402,-0.29172873,-0.32277873,-0.33141193,-0.28059077,-0.3207944,-0.32636124,-0.32880616,-0.3292686,-0.2850096,-0.31709808,-0.27669096,-0.30985528,-0.3320185,-0.31161842,-0.32104772,-0.31877366,-0.32037857,-0.33119237,-0.26887113,-0.31868997,-0.32411462,-0.30701396,-0.32943356,-0.20658675,-0.31520224,-0.33048365,-0.3259018,-0.32879496,-0.27410886,-0.31196946,-0.3214015,-0.33007872,-0.33506903
k__Bacteria|p__Firmicutes|c__Clostridia|o__Clostridiales|f__Lachnospiraceae|g__Blautia|s__obeum,-0.28271136,-0.3218104,-0.32328734,-0.31718764,-0.3322257,-0.27551666,-0.3258366,-0.3327108,-0.33075604,-0.33005035,-0.26982835,-0.32539368,-0.31133458,-0.31570548,-0.3099353,-0.2699829,-0.3303013,-0.31799185,-0.32946658,-0.326299,-0.26184985,-0.31223327,-0.29681087,-0.3298624,-0.32943112,-0.26755807,-0.31468564,-0.32208896,-0.31676275,-0.32445285,-0.23875734,-0.31970376,-0.32284898,-0.31979084,-0.32378075,-0.27897835,-0.32432246,-0.32221866,-0.3328914,-0.3328914,-0.2443454,-0.30590335,-0.3233376,-0.29767188,-0.32844093,-0.26642823,-0.32081348,-0.31715828,-0.310298,-0.3255994,-0.24634947,-0.3272691,-0.32986963,-0.32242703,-0.33487758,-0.20411447,-0.26286402,-0.29172873,-0.32277873,-0.33141193,-0.27929446,-0.32064083,-0.32636124,-0.32880616,-0.32877386,-0.2850096,-0.31700492,-0.27669096,-0.30985528,-0.3320185,-0.31161842,-0.32097974,-0.31877366,-0.32037857,-0.33084545,-0.26738882,-0.31858957,-0.32411462,-0.30701396,-0.32943356,-0.20658675,-0.3151952,-0.33048365,-0.3252669,-0.3283444,-0.27265567,-0.31196946,-0.3214015,-0.33007872,-0.33506903
k__Bacteria|p__Firmicutes|c__Clostridia|o__Clostridiales|f__Lachnospiraceae|g__Coprococcus|s__eutactus,-0.28271136,-0.3208022,-0.32328734,-0.31718764,-0.3322257,-0.27503082,-0.3258366,-0.3327108,-0.33075604,-0.33005035,-0.27000803,-0.32539368,-0.31133458,-0.31570548,-0.3099353,-0.2709792,-0.3303013,-0.31799185,-0.32946658,-0.3264152,-0.26184985,-0.31223327,-0.29681087,-0.3298624,-0.3293546,-0.26755807,-0.31405708,-0.32159138,-0.31676275,-0.32445285,-0.23875734,-0.31916708,-0.32284898,-0.31979084,-0.32378075,-0.27929264,-0.32432246,-0.3209578,-0.3328914,-0.3328914,-0.2443454,-0.30590335,-0.3233376,-0.29767188,-0.32735866,-0.2664194,-0.3205089,-0.31715828,-0.310298,-0.3255994,-0.24634947,-0.3272691,-0.32986963,-0.32199663,-0.33487758,-0.20411447,-0.26286402,-0.29172873,-0.32277873,-0.33141193,-0.2791495,-0.32024708,-0.32636124,-0.32880616,-0.32844743,-0.2850096,-0.31660545,-0.27669096,-0.30985528,-0.3320185,-0.31161842,-0.3208771,-0.31877366,-0.32037857,-0.32993183,-0.26784045,-0.31782338,-0.32411462,-0.30701396,-0.32943356,-0.20658675,-0.31372893,-0.33048365,-0.32551748,-0.32817033,-0.27312413,-0.31196946,-0.3214015,-0.33007872,-0.33506903
k__Bacteria|p__Firmicutes|c__Bacilli|o__Lactobacillales|f__Lactobacillaceae|g__unclassified|s__unclassified,-0.28271136,-0.32089055,-0.32328734,-0.31718764,-0.3322257,-0.27501893,-0.3258366,-0.3327108,-0.33075604,-0.33005035,-0.2697429,-0.32539368,-0.31133458,-0.31570548,-0.3099353,-0.27015677,-0.3303013,-0.31799185,-0.32946658,-0.3257491,-0.26184985,-0.31223327,-0.29681087,-0.3298624,-0.32852638,-0.26755807,-0.3142835,-0.32099292,-0.31676275,-0.32445285,-0.23875734,-0.3193276,-0.32284898,-0.31979084,-0.32378075,-0.27908945,-0.32432246,-0.32117566,-0.3328914,-0.3328914,-0.2443454,-0.30590335,-0.3233376,-0.29767188,-0.32732996,-0.26602858,-0.32013634,-0.31715828,-0.310298,-0.3255994,-0.24634947,-0.3272691,-0.32986963,-0.32196736,-0.33487758,-0.20411447,-0.26286402,-0.29172873,-0.32277873,-0.33141193,-0.27908605,-0.3200587,-0.32636124,-0.32880616,-0.3281029,-0.2850096,-0.31579995,-0.27669096,-0.30985528,-0.3320185,-0.31161842,-0.32041186,-0.31877366,-0.32037857,-0.33003515,-0.2669959,-0.31791085,-0.32411462,-0.30701396,-0.32943356,-0.20658675,-0.31432277,-0.33048365,-0.32467312,-0.3276208,-0.27245247,-0.31196946,-0.3214015,-0.33007872,-0.33506903
k__Bacteria|p__Firmicutes|c__Erysipelotrichi|o__Erysipelotrichales|f__Erysipelotrichaceae|g__[Eubacterium]|s__biforme,-0.28271136,-0.3212837,-0.32328734,-0.31718764,-0.3322257,-0.2756858,-0.3258366,-0.3327108,-0.33075604,-0.33005035,-0.26989928,-0.32539368,-0.31133458,-0.31570548,-0.3099353,-0.2701158,-0.3303013,-0.31799185,-0.32946658,-0.3256334,-0.26184985,-0.31223327,-0.29681087,-0.3298624,-0.3288576,-0.26755807,-0.31423944,-0.32114393,-0.31676275,-0.32445285,-0.23875734,-0.31918138,-0.32284898,-0.31979084,-0.32378075,-0.27924728,-0.32432246,-0.32157737,-0.3328914,-0.3328914,-0.2443454,-0.30590335,-0.3233376,-0.29767188,-0.32777125,-0.26661226,-0.32018775,-0.31715828,-0.310298,-0.3255994,-0.24634947,-0.3272691,-0.32986963,-0.32176217,-0.33487758,-0.20411447,-0.26286402,-0.29172873,-0.32277873,-0.33141193,-0.2795494,-0.32004595,-0.32636124,-0.32880616,-0.32822698,-0.2850096,-0.3161418,-0.27669096,-0.30985528,-0.3320185,-0.31161842,-0.32019392,-0.31877366,-0.32037857,-0.33044228,-0.2674343,-0.31800464,-0.32411462,-0.30701396,-0.32943356,-0.20658675,-0.31476045,-0.33048365,-0.32448673,-0.32770735,-0.2728258,-0.31196946,-0.3214015,-0.33007872,-0.33506903
k__Bacteria|p__Firmicutes|c__Clostridia|o__Clostridiales|f__Veillonellaceae|g__Dialister|s__invisus,-0.28271136,-0.32174194,-0.32328734,-0.31718764,-0.3322257,-0.27586666,-0.3258366,-0.3327108,-0.33075604,-0.33005035,-0.27060768,-0.32539368,-0.31133458,-0.31570548,-0.3099353,-0.2712181,-0.3303013,-0.31799185,-0.32946658,-0.3263408,-0.26184985,-0.31223327,-0.29681087,-0.3298624,-0.32885897,-0.26755807,-0.3146733,-0.32182747,-0.31676275,-0.32445285,-0.23875734,-0.31993642,-0.32284898,-0.31979084,-0.32378075,-0.28000987,-0.32432246,-0.32182577,-0.3328914,-0.3328914,-0.2443454,-0.30590335,-0.3233376,-0.29767188,-0.32796225,-0.26687688,-0.32101238,-0.31715828,-0.310298,-0.3255994,-0.24634947,-0.3272691,-0.32986963,-0.3227489,-0.33487758,-0.20411447,-0.26286402,-0.29172873,-0.32277873,-0.33141193,-0.2800001,-0.32075804,-0.32636124,-0.32880616,-0.32842147,-0.2850096,-0.31705886,-0.27669096,-0.30985528,-0.3320185,-0.31161842,-0.3213125,-0.31877366,-0.32037857,-0.33008245,-0.26809758,-0.31860274,-0.32411462,-0.30701396,-0.32943356,-0.20658675,-0.31478515,-0.33048365,-0.32574904,-0.32816613,-0.2733245,-0.31196946,-0.3214015,-0.33007872,-0.33506903
k__Bacteria|p__Firmicutes|c__Clostridia|o__Clostridiales|f__Veillonellaceae|g__Phascolarctobacterium|s__unclassified,-0.28271136,-0.32260627,-0.32328734,-0.31718764,-0.3322257,-0.2769499,-0.3258366,-0.3327108,-0.33075604,-0.33005035,-0.27097827,-0.32539368,-0.31133458,-0.31570548,-0.3099353,-0.27140447,-0.3303013,-0.31799185,-0.32946658,-0.3263269,-0.26184985,-0.31223327,-0.29681087,-0.3298624,-0.32947034,-0.26755807,-0.31508258,-0.3222553,-0.31676275,-0.32445285,-0.23875734,-0.3203404,-0.32284898,-0.31979084,-0.32378075,-0.28049612,-0.32432246,-0.32284498,-0.3328914,-0.3328914,-0.2443454,-0.30590335,-0.3233376,-0.29767188,-0.3286704,-0.2677195,-0.32134148,-0.31715828,-0.310298,-0.3255994,-0.24634947,-0.3272691,-0.32986963,-0.3227591,-0.33487758,-0.20411447,-0.26286402,-0.29172873,-0.32277873,-0.33141193,-0.2807879,-0.32126188,-0.32636124,-0.32880616,-0.3287996,-0.2850096,-0.31745517,-0.27669096,-0.30985528,-0.3320185,-0.31161842,-0.32141763,-0.31877366,-0.32037857,-0.3308319,-0.2685951,-0.3190769,-0.32411462,-0.30701396,-0.32943356,-0.20658675,-0.31574935,-0.33048365,-0.3256086,-0.3285327,-0.27397582,-0.31196946,-0.3214015,-0.33007872,-0.33506903
k__Bacteria|p__Firmicutes|c__Bacilli|o__Lactobacillales|f__Lactobacillaceae|g__Pediococcus|s__unclassified,-0.28271136,-0.32192463,-0.32328734,-0.31718764,-0.3322257,-0.27615118,-0.3258366,-0.3327108,-0.33075604,-0.33005035,-0.27008492,-0.32539368,-0.31133458,-0.31570548,-0.3099353,-0.2703705,-0.3303013,-0.31799185,-0.32946658,-0.3256274,-0.26184985,-0.31223327,-0.29681087,-0.3298624,-0.32876712,-0.26755807,-0.3146017,-0.32131398,-0.31676275,-0.32445285,-0.23875734,-0.31948727,-0.32284898,-0.31979084,-0.32378075,-0.27989933,-0.32432246,-0.3221488,-0.3328914,-0.3328914,-0.2443454,-0.30590335,-0.3233376,-0.29767188,-0.32783872,-0.26690954,-0.32050574,-0.31715828,-0.310298,-0.3255994,-0.24634947,-0.3272691,-0.32986963,-0.3220544,-0.33487758,-0.20411447,-0.26286402,-0.29172873,-0.32277873,-0.33141193,-0.28030288,-0.32032332,-0.32636124,-0.32880616,-0.32816413,-0.2850096,-0.3158211,-0.27669096,-0.30985528,-0.3320185,-0.31161842,-0.3203777,-0.31877366,-0.32037857,-0.3304665,-0.26752812,-0.3182642,-0.32411462,-0.30701396,-0.32943356,-0.20658675,-0.31510913,-0.33048365,-0.32451487,-0.3277614,-0.2730806,-0.31196946,-0.3214015,-0.33007872,-0.33506903
k__Bacteria|p__Firmicutes|c__Bacilli|o__Lactobacillales|f__Enterococcaceae|g__unclassified|s__unclassified,-0.28271136,-0.3212033,-0.32328734,-0.31718764,-0.3322257,-0.2754731,-0.3258366,-0.3327108,-0.33075604,-0.33005035,-0.26988494,-0.32539368,-0.31133458,-0.31570548,-0.3099353,-0.27031547,-0.3303013,-0.31799185,-0.32946658,-0.32603616,-0.26184985,-0.31223327,-0.29681087,-0.3298624,-0.32906446,-0.26755807,-0.3141394,-0.32127795,-0.31676275,-0.32445285,-0.23875734,-0.31916124,-0.32284898,-0.31979084,-0.32378075,-0.27931613,-0.32432246,-0.3215977,-0.3328914,-0.3328914,-0.2443454,-0.30590335,-0.3233376,-0.29767188,-0.32789522,-0.26649907,-0.32026803,-0.31715828,-0.310298,-0.3255994,-0.24634947,-0.3272691,-0.32986963,-0.3221925,-0.33487758,-0.20411447,-0.26286402,-0.29172873,-0.32277873,-0.33141193,-0.2795163,-0.3200552,-0.32636124,-0.32880616,-0.32846278,-0.2850096,-0.31621027,-0.27669096,-0.30985528,-0.3320185,-0.31161842,-0.3203184,-0.31877366,-0.32037857,-0.33048248,-0.26747596,-0.31797045,-0.32411462,-0.30701396,-0.32943356,-0.20658675,-0.314498,-0.33048365,-0.3250887,-0.32799894,-0.27282348,-0.31196946,-0.3214015,-0.33007872,-0.33506903
k__Bacteria|p__Firmicutes|c__Erysipelotrichi|o__Erysipelotrichales|f__[Coprobacillaceae]|g__Catenibacterium|s__unclassified,-0.28271136,-0.32118446,-0.32328734,-0.31718764,-0.3322257,-0.27520362,-0.3258366,-0.3327108,-0.33075604,-0.33005035,-0.26916805,-0.32539368,-0.31133458,-0.31570548,-0.3099353,-0.2693314,-0.3303013,-0.31799185,-0.32946658,-0.32538977,-0.26184985,-0.31223327,-0.29681087,-0.3298624,-0.32819116,-0.26755807,-0.3139928,-0.32076114,-0.31676275,-0.32445285,-0.23875734,-0.31930083,-0.32284898,-0.31979084,-0.32378075,-0.2790174,-0.32432246,-0.3217856,-0.3328914,-0.3328914,-0.2443454,-0.30590335,-0.3233376,-0.29767188,-0.32777685,-0.26563293,-0.31982112,-0.31715828,-0.310298,-0.3255994,-0.24634947,-0.3272691,-0.32986963,-0.32194835,-0.33487758,-0.20411447,-0.26286402,-0.29172873,-0.32277873,-0.33141193,-0.2792806,-0.31994706,-0.32636124,-0.32880616,-0.32785302,-0.2850096,-0.3151921,-0.27669096,-0.30985528,-0.3320185,-0.31161842,-0.31983596,-0.31877366,-0.32037857,-0.33019635,-0.26624858,-0.3176503,-0.32411462,-0.30701396,-0.32943356,-0.20658675,-0.31457126,-0.33048365,-0.32420105,-0.32751027,-0.2720537,-0.31196946,-0.3214015,-0.33007872,-0.33506903
k__Bacteria|p__Firmicutes|c__Clostridia|o__Coriobacteriales|f__Coriobacteriaceae|g__Collinsella|s__aerofaciens,-0.28271136,-0.32218248,-0.32328734,-0.31718764,-0.3322257,-0.27640504,-0.3258366,-0.3327108,-0.33075604,-0.33005035,-0.27075195,-0.32539368,-0.31133458,-0.31570548,-0.3099353,-0.27123022,-0.3303013,-0.31799185,-0.32946658,-0.32694742,-0.26184985,-0.31223327,-0.29681087,-0.3298624,-0.3299582,-0.26755807,-0.31502372,-0.3223027,-0.31676275,-0.32445285,-0.23875734,-0.32012516,-0.32284898,-0.31979084,-0.32378075,-0.28014708,-0.32432246,-0.3225684,-0.3328914,-0.3328914,-0.2443454,-0.30590335,-0.3233376,-0.29767188,-0.3288611,-0.26739776,-0.32121277,-0.31715828,-0.310298,-0.3255994,-0.24634947,-0.3272691,-0.32986963,-0.32302022,-0.33487758,-0.20411447,-0.26286402,-0.29172873,-0.32277873,-0.33141193,-0.2803208,-0.32104787,-0.32636124,-0.32880616,-0.32929546,-0.2850096,-0.31724167,-0.27669096,-0.30985528,-0.3320185,-0.31161842,-0.32133168,-0.31877366,-0.32037857,-0.33121842,-0.26839137,-0.318859,-0.32411462,-0.30701396,-0.32943356,-0.20658675,-0.315392,-0.33048365,-0.32596445,-0.3289725,-0.273685,-0.31196946,-0.3214015,-0.33007872,-0.33506903
k__Bacteria|p__Firmicutes|c__Clostridia|o__Clostridiales|f__Ruminococcaceae|g__Ruminococcus|s__bromii,-0.28271136,-0.32137686,-0.32328734,-0.31718764,-0.3322257,-0.27523845,-0.3258366,-0.3327108,-0.33075604,-0.33005035,-0.26959684,-0.32539368,-0.31133458,-0.31570548,-0.3099353,-0.26989147,-0.3303013,-0.31799185,-0.32946658,-0.32608593,-0.26184985,-0.31223327,-0.29681087,-0.3298624,-0.32919765,-0.26755807,-0.31430972,-0.3216269,-0.31676275,-0.32445285,-0.23875734,-0.31917903,-0.32284898,-0.31979084,-0.32378075,-0.27904457,-0.32432246,-0.32187635,-0.3328914,-0.3328914,-0.2443454,-0.30590335,-0.3233376,-0.29767188,-0.32802576,-0.2662558,-0.32042462,-0.31715828,-0.310298,-0.3255994,-0.24634947,-0.3272691,-0.32986963,-0.322402,-0.33487758,-0.20411447,-0.26286402,-0.29172873,-0.32277873,-0.33141193,-0.27938482,-0.32012853,-0.32636124,-0.32880616,-0.32849562,-0.2850096,-0.3162642,-0.27669096,-0.30985528,-0.3320185,-0.31161842,-0.3203547,-0.31877366,-0.32037857,-0.33069625,-0.2672063,-0.31811544,-0.32411462,-0.30701396,-0.32943356,-0.20658675,-0.3147527,-0.33048365,-0.32523134,-0.327973,-0.27262002,-0.31196946,-0.3214015,-0.33007872,-0.33506903
k__Bacteria|p__Firmicutes|c__Bacilli|o__Lactobacillales|f__Lactobacillaceae|g__Lactobacillus|s__zeae,1.3028643,-0.3191739,0.8428471,-0.31718764,-0.3322257,-0.26857188,-0.3258366,-0.3327108,-0.33075604,0.6590247,-0.26205558,-0.32539368,-0.31133458,-0.31570548,-0.3099353,-0.26305276,-0.3303013,-0.31799185,-0.32946658,-0.32647517,-0.26184985,-0.31223327,-0.29681087,-0.3298624,-0.32966912,-0.26755807,-0.3095472,-0.32036284,-0.31676275,-0.32445285,-0.23875734,-0.31610885,0.85876685,0.85339403,-0.32378075,-0.27286333,-0.32432246,-0.32191825,-0.3328914,-0.3328914,-0.2443454,-0.30590335,-0.3233376,-0.29767188,-0.32934272,-0.25854722,-0.3174275,-0.31715828,-0.310298,-0.3255994,1.6345367,-0.3272691,-0.32986963,-0.32364494,-0.33487758,1.9704756,1.4967061,-0.29172873,-0.32277873,-0.33141193,-0.2736721,-0.31743705,-0.32636124,-0.32880616,-0.32891983,1.2162913,-0.3136867,-0.27669096,-0.30985528,-0.3320185,0.96400833,-0.31754324,-0.31877366,-0.32037857,-0.33072358,-0.25986326,-0.31496528,-0.32411462,-0.30701396,-0.32943356,-0.20658675,-0.31082663,-0.33048365,-0.327075,-0.32875797,-0.2661095,-0.31196946,-0.3214015,-0.33007872,-0.33506903
k__Bacteria|p__Firmicutes|c__Bacilli|o__Gemellales|f__Gemellaceae|g__unclassified|s__unclassified,-0.28271136,-0.32077882,-0.32328734,-0.31718764,-0.3322257,-0.27324325,-0.3258366,-0.3327108,-0.33075604,-0.33005035,-0.26710957,-0.32539368,-0.31133458,-0.31570548,-0.3099353,-0.26723891,-0.3303013,-0.31799185,-0.32946658,-0.32558367,-0.26184985,-0.31223327,-0.29681087,-0.3298624,-0.32866538,1.4101083,-0.31303835,-0.32146692,-0.31676275,-0.32445285,-0.23875734,-0.31823218,-0.32284898,-0.31979084,-0.32378075,-0.27665526,-0.32432246,-0.3220463,-0.3328914,-0.3328914,-0.2443454,-0.30590335,-0.3233376,-0.29767188,-0.32824016,-0.26376325,-0.31938255,-0.31715828,-0.310298,-0.3255994,-0.24634947,-0.3272691,-0.32986963,-0.32213178,-0.33487758,-0.20411447,1.4667585,-0.29172873,-0.32277873,-0.33141193,-0.27721542,-0.31927443,-0.32636124,-0.32880616,-0.327968,-0.2850096,-0.31525517,-0.27669096,-0.30985528,-0.3320185,0.93337226,-0.3195205,-0.31877366,-0.32037857,-0.33013737,-0.26460493,-0.31712145,-0.32411462,-0.30701396,-0.32943356,-0.20658675,-0.31384084,-0.33048365,-0.32476276,-0.32774052,-0.2700951,-0.31196946,-0.3214015,-0.33007872,-0.33506903
k__Bacteria|p__Firmicutes|c__Clostridia|o__Clostridiales|f__Veillonellaceae|g__Veillonella|s__unclassified,-0.28271136,-0.31983256,-0.32328734,-0.31718764,-0.3322257,-0.27356663,1.0593824,0.8218438,-0.33075604,-0.33005035,-0.2674172,-0.32539368,-0.31133458,-0.31570548,-0.3099353,-0.2676052,-0.3303013,-0.31799185,-0.32946658,-0.3259641,-0.26184985,-0.31223327,-0.29681087,-0.3298624,-0.32922766,-0.26755807,-0.31226283,-0.32015008,-0.31676275,-0.32445285,-0.23875734,-0.31716418,-0.32284898,-0.31979084,-0.32378075,-0.2770544,-0.32432246,-0.3209445,-0.3328914,-0.3328914,-0.2443454,-0.30590335,-0.3233376,-0.29767188,-0.32834896,-0.26445872,-0.31843463,-0.31715828,-0.310298,-0.3255994,-0.24634947,-0.3272691,-0.32986963,-0.32179952,-0.33487758,-0.20411447,-0.26286402,-0.29172873,-0.32277873,-0.33141193,-0.27755186,-0.31809103,-0.32636124,-0.32880616,-0.3284982,-0.2850096,-0.31433153,-0.27669096,-0.30985528,-0.3320185,0.93647844,-0.31805354,-0.31877366,-0.32037857,-0.33080462,-0.26522008,-0.3161072,0.77508855,-0.30701396,-0.32943356,2.2369106,-0.31315953,-0.33048365,-0.32458815,-0.32804248,-0.27049422,-0.31196946,-0.3214015,-0.33007872,-0.33506903
k__Bacteria|p__Firmicutes|c__Bacilli|o__Lactobacillales|f__Lactobacillaceae|g__Lactobacillus|s__unclassified,1.2975441,-0.319048,0.8327815,-0.31718764,-0.3322257,-0.271456,-0.3258366,0.595375,-0.33075604,0.6468623,-0.26648998,-0.32539368,-0.31133458,-0.31570548,-0.3099353,-0.26691398,-0.3303013,-0.31799185,-0.32946658,-0.32605287,-0.26184985,-0.31223327,1.1125408,-0.3298624,-0.32913825,-0.26755807,-0.3117525,-0.31995964,-0.31676275,-0.32445285,-0.23875734,-0.3169269,-0.32284898,-0.31979084,0.70460397,-0.27545756,-0.32432246,-0.3202448,-0.3328914,-0.3328914,-0.2443454,-0.30590335,-0.3233376,-0.29767188,-0.32753435,-0.26314163,-0.3183272,-0.31715828,-0.310298,-0.3255994,-0.24634947,-0.3272691,-0.32986963,-0.32230633,-0.33487758,-0.20411447,-0.26286402,-0.29172873,-0.32277873,-0.33141193,-0.2760055,-0.31798995,-0.32636124,-0.32880616,-0.3285594,1.2152828,-0.31504652,-0.27669096,-0.30985528,-0.3320185,-0.31161842,-0.31842917,-0.31877366,-0.32037857,-0.33036557,-0.2644446,-0.31622297,-0.32411462,-0.30701396,-0.32943356,-0.20658675,-0.31221226,0.64269346,-0.32554036,-0.3277534,-0.26974952,-0.31196946,-0.3214015,-0.33007872,-0.33506903
k__Bacteria|p__Firmicutes|c__Clostridia|o__Coriobacteriales|f__Coriobacteriaceae|g__Slackia|s__unclassified,-0.28271136,-0.32126755,-0.32328734,-0.31718764,0.55627286,-0.27566564,-0.3258366,-0.3327108,-0.33075604,-0.33005035,-0.27036735,-0.32539368,-0.31133458,-0.31570548,-0.3099353,-0.27113402,-0.3303013,-0.31799185,-0.32946658,-0.32624796,-0.26184985,-0.31223327,-0.29681087,-0.3298624,-0.3292272,-0.26755807,-0.31450492,-0.32152647,-0.31676275,-0.32445285,-0.23875734,-0.3194614,-0.32284898,-0.31979084,-0.32378075,-0.27985352,-0.32432246,-0.32156795,-0.3328914,-0.3328914,-0.2443454,-0.30590335,-0.3233376,-0.29767188,-0.32746798,-0.26690823,-0.32064655,-0.31715828,-0.310298,-0.3255994,-0.24634947,-0.3272691,-0.32986963,-0.32226026,-0.33487758,-0.20411447,-0.26286402,-0.29172873,-0.32277873,-0.33141193,-0.27987152,-0.3204335,-0.32636124,-0.32880616,-0.3285294,-0.2850096,-0.31633988,-0.27669096,-0.30985528,-0.3320185,-0.31161842,-0.32079506,-0.31877366,-0.32037857,-0.3303268,-0.26802,-0.3181717,-0.32411462,-0.30701396,-0.32943356,-0.20658675,-0.3144035,-0.33048365,-0.32537955,-0.3280931,-0.27342743,-0.31196946,-0.3214015,-0.33007872,-0.33506903
k__Bacteria|p__Firmicutes|c__Clostridia|o__Clostridiales|f__Lachnospiraceae|g__Blautia|s__producta,-0.28271136,-0.32106078,-0.32328734,0.87802094,-0.3322257,-0.27753514,-0.3258366,0.5661277,-0.33075604,-0.33005035,-0.2704773,-0.32539368,0.94302964,0.8660621,0.93193597,-0.2709914,-0.3303013,-0.31799185,-0.32946658,-0.32443744,-0.26184985,-0.31223327,-0.29681087,-0.3298624,-0.32811168,-0.26755807,-0.3126564,-0.31848595,-0.31676275,0.73050797,-0.23875734,-0.31816638,-0.32284898,-0.31979084,-0.32378075,-0.28205693,-0.32432246,-0.32097435,-0.3328914,-0.3328914,-0.2443454,-0.30590335,0.777005,-0.29767188,-0.3270704,-0.26793185,-0.31914923,-0.31715828,-0.310298,-0.3255994,-0.24634947,-0.3272691,-0.32986963,-0.3212086,-0.33487758,-0.20411447,-0.26286402,-0.29172873,-0.32277873,-0.33141193,-0.28274232,-0.31890878,-0.32636124,-0.32880616,-0.32732332,-0.2850096,-0.313997,-0.27669096,-0.30985528,-0.3320185,-0.31161842,-0.3175595,-0.31877366,-0.32037857,-0.33077002,-0.2681392,-0.3166415,-0.32411462,0.96581656,-0.32943356,-0.20658675,-0.31419948,0.64282036,-0.32378557,-0.32665673,-0.27470833,-0.31196946,-0.3214015,-0.33007872,-0.33506903
k__Bacteria|p__Firmicutes|c__Bacilli|o__Lactobacillales|f__Streptococcaceae|g__unclassified|s__unclassified,-0.28271136,-0.32127964,-0.32328734,-0.31718764,-0.3322257,-0.27538207,-0.3258366,-0.3327108,-0.33075604,-0.33005035,-0.26957273,0.74274194,-0.31133458,0.86167157,-0.3099353,-0.27025598,-0.3303013,-0.31799185,0.71344966,-0.3261968,-0.26184985,-0.31223327,-0.29681087,-0.3298624,-0.32975286,-0.26755807,-0.31402105,-0.32209212,-0.31676275,-0.32445285,-0.23875734,-0.31922057,-0.32284898,-0.31979084,-0.32378075,-0.27881265,-0.32432246,-0.3221015,-0.3328914,-0.3328914,-0.2443454,-0.30590335,-0.3233376,-0.29767188,-0.328345,-0.26624155,-0.3204382,-0.31715828,-0.310298,-0.3255994,-0.24634947,-0.3272691,-0.32986963,-0.3221526,-0.33487758,-0.20411447,-0.26286402,-0.29172873,-0.32277873,-0.33141193,-0.278947,-0.32041144,-0.32636124,-0.32880616,-0.3287623,-0.2850096,-0.31698242,-0.27669096,-0.30985528,-0.3320185,-0.31161842,-0.32074982,-0.31877366,-0.32037857,-0.3306157,-0.26742074,-0.3180821,-0.32411462,-0.30701396,-0.32943356,-0.20658675,-0.31450874,-0.33048365,-0.32554853,-0.32839027,-0.27275214,-0.31196946,-0.3214015,-0.33007872,-0.33506903
k__Bacteria|p__Firmicutes|c__Clostridia|o__Clostridiales|f__Veillonellaceae|g__Selenomonas|s__unclassified,-0.28271136,-0.32157236,-0.32328734,-0.31718764,-0.3322257,-0.27619457,-0.3258366,-0.3327108,-0.33075604,-0.33005035,-0.2706035,-0.32539368,-0.31133458,-0.31570548,-0.3099353,-0.27159044,-0.3303013,-0.31799185,-0.32946658,-0.32644868,-0.26184985,-0.31223327,-0.29681087,-0.3298624,-0.32967666,-0.26755807,-0.31426468,-0.32183164,-0.31676275,-0.32445285,-0.23875734,-0.31952608,-0.32284898,-0.31979084,-0.32378075,-0.28023863,-0.32432246,-0.3215941,-0.3328914,-0.3328914,-0.2443454,-0.30590335,-0.3233376,1.0602932,-0.3280291,-0.26722163,-0.3209003,-0.31715828,-0.310298,-0.3255994,-0.24634947,-0.3272691,-0.32986963,-0.32218918,-0.33487758,-0.20411447,-0.26286402,-0.29172873,-0.32277873,0.6458147,-0.2801937,-0.32062435,-0.32636124,-0.32880616,-0.32867807,-0.2850096,-0.31715643,-0.27669096,-0.30985528,-0.3320185,-0.31161842,-0.3210395,-0.31877366,-0.32037857,-0.3303563,-0.2685442,-0.3182221,-0.32411462,-0.30701396,-0.32943356,-0.20658675,-0.31440204,-0.33048365,-0.3257731,-0.3284318,-0.2738732,-0.31196946,-0.3214015,-0.33007872,-0.33506903
k__Bacteria|p__Firmicutes|c__Clostridia|o__Clostridiales|f__Veillonellaceae|g__Megamonas|s__unclassified,-0.28271136,-0.32131785,-0.32328734,-0.31718764,-0.3322257,-0.27626672,-0.3258366,-0.3327108,-0.33075604,-0.33005035,-0.270855,-0.32539368,-0.31133458,-0.31570548,-0.3099353,-0.27151108,-0.3303013,-0.31799185,-0.32946658,-0.32663,-0.26184985,-0.31223327,-0.29681087,-0.3298624,-0.32956433,-0.26755807,-0.31478748,-0.32189685,-0.31676275,-0.32445285,-0.23875734,-0.31926012,-0.32284898,-0.31979084,-0.32378075,-0.2801423,-0.32432246,-0.32147056,-0.3328914,-0.3328914,-0.2443454,-0.30590335,-0.3233376,-0.29767188,-0.327729,-0.2676426,-0.32075256,-0.31715828,-0.310298,-0.3255994,-0.24634947,-0.3272691,-0.32986963,-0.3218708,-0.33487758,-0.20411447,-0.26286402,-0.29172873,-0.32277873,-0.33141193,-0.28008974,-0.32029355,-0.32636124,-0.32880616,-0.328694,-0.2850096,-0.31627023,-0.27669096,-0.30985528,-0.3320185,-0.31161842,-0.3207997,-0.31877366,-0.32037857,-0.33042818,-0.2687065,-0.3180263,-0.32411462,-0.30701396,-0.32943356,-0.20658675,-0.31450784,0.979612,-0.3250162,-0.32845837,-0.27365208,-0.31196946,-0.3214015,-0.33007872,-0.33506903
k__Bacteria|p__Firmicutes|c__Clostridia|o__Clostridiales|f__Lachnospiraceae|g__Anaerostipes|s__unclassified,-0.28271136,-0.32143056,-0.32328734,-0.31718764,-0.3322257,-0.2758388,-0.3258366,-0.3327108,-0.33075604,-0.33005035,-0.27069032,-0.32539368,-0.31133458,-0.31570548,-0.3099353,-0.27117395,-0.3303013,-0.31799185,0.71792823,-0.32573056,-0.26184985,-0.31223327,-0.29681087,-0.3298624,-0.32835972,-0.26755807,-0.31488162,-0.32138175,-0.31676275,-0.32445285,-0.23875734,-0.31963494,-0.32284898,-0.31979084,-0.32378075,-0.28000155,-0.32432246,-0.32088232,0.605714,0.605714,-0.2443454,-0.30590335,-0.3233376,-0.29767188,-0.3267606,-0.2671607,-0.3208516,-0.31715828,-0.310298,-0.3255994,-0.24634947,-0.3272691,-0.32986963,-0.3213449,-0.33487758,-0.20411447,-0.26286402,-0.29172873,-0.32277873,-0.33141193,-0.2799753,-0.3204774,-0.32636124,-0.32880616,-0.3276996,-0.2850096,-0.31626385,-0.27669096,-0.30985528,-0.3320185,-0.31161842,-0.32109642,-0.31877366,-0.32037857,-0.3294351,-0.26820004,-0.3182434,-0.32411462,-0.30701396,-0.32943356,-0.20658675,-0.3144697,-0.33048365,-0.32420442,-0.3274945,-0.27338287,-0.31196946,-0.3214015,-0.33007872,-0.33506903
k__Bacteria|p__Firmicutes|c__Clostridia|o__Clostridiales|f__Clostridiaceae|g__unclassified|s__unclassified,1.3053582,-0.31455296,-0.32328734,-0.31718764,-0.3322257,-0.26345485,0.7905633,0.5557733,-0.33075604,-0.33005035,-0.25817657,0.75617,-0.31133458,-0.31570548,-0.3099353,-0.2585749,-0.3303013,0.9040253,-0.32946658,-0.32575184,-0.26184985,-0.31223327,-0.29681087,-0.3298624,-0.32863545,1.4124886,-0.30674034,-0.31768665,-0.31676275,-0.32445285,1.7977549,-0.31255248,0.8599223,-0.31979084,0.7029398,-0.2679277,-0.32432246,-0.31864816,-0.3328914,-0.3328914,1.7459779,1.0146612,-0.3233376,-0.29767188,-0.3280653,-0.25417325,-0.31365746,-0.31715828,-0.310298,-0.3255994,-0.24634947,0.742485,0.6818866,-0.32239825,-0.33487758,-0.20411447,-0.26286402,-0.29172873,-0.32277873,0.64977413,-0.26856822,-0.3136394,-0.32636124,-0.32880616,-0.3283071,-0.2850096,-0.3099419,-0.27669096,-0.30985528,-0.3320185,-0.31161842,-0.313974,-0.31877366,-0.32037857,-0.3303771,-0.25554734,-0.31167692,-0.32411462,-0.30701396,-0.32943356,1.9910626,-0.30759284,-0.33048365,-0.3253672,-0.32740793,-0.26164675,-0.31196946,-0.3214015,-0.33007872,-0.33506903
k__Bacteria|p__Firmicutes|c__Clostridia|o__Clostridiales|f__Lachnospiraceae|g__Lachnobacterium|s__unclassified,-0.28271136,-0.32128897,-0.32328734,-0.31718764,-0.3322257,-0.27536723,-0.3258366,-0.3327108,-0.33075604,-0.33005035,-0.2702698,-0.32539368,-0.31133458,-0.31570548,-0.3099353,-0.27108303,-0.3303013,-0.31799185,-0.32946658,-0.32679617,-0.26184985,-0.31223327,-0.29681087,-0.3298624,-0.32929438,-0.26755807,-0.314705,-0.32213694,-0.31676275,-0.32445285,-0.23875734,-0.31941378,-0.32284898,-0.31979084,-0.32378075,-0.27963,-0.32432246,-0.32167172,-0.3328914,-0.3328914,-0.2443454,-0.30590335,-0.3233376,-0.29767188,-0.32782543,-0.26675686,-0.3208459,-0.31715828,-0.310298,-0.3255994,-0.24634947,-0.3272691,-0.32986963,-0.32270125,-0.33487758,-0.20411447,-0.26286402,-0.29172873,-0.32277873,-0.33141193,-0.27956563,-0.3203851,-0.32636124,0.6571923,-0.32860008,-0.2850096,-0.31652543,-0.27669096,-0.30985528,0.62899715,-0.31161842,-0.32098216,-0.31877366,-0.32037857,-0.33015916,-0.26806933,-0.31811747,-0.32411462,-0.30701396,-0.32943356,-0.20658675,-0.31433487,-0.33048365,-0.3258566,-0.32834858,-0.27316886,-0.31196946,-0.3214015,-0.33007872,-0.33506903
k__Bacteria|p__Firmicutes|c__Erysipelotrichi|o__Erysipelotrichales|f__[Coprobacillaceae]|g__Coprobacillus|s__unclassified,-0.28271136,-0.3211885,-0.32328734,0.87326205,-0.3322257,-0.2763793,-0.3258366,-0.3327108,-0.33075604,-0.33005035,-0.27085334,-0.32539368,0.9373535,0.8708299,0.9272746,-0.2718413,-0.3303013,-0.31799185,-0.32946658,-0.32524824,-0.26184985,-0.31223327,-0.29681087,-0.3298624,-0.32877356,-0.26755807,-0.31446305,-0.321312,-0.31676275,-0.32445285,-0.23875734,-0.31910232,-0.32284898,-0.31979084,0.70786875,-0.28050408,-0.32432246,-0.32097808,-0.3328914,-0.3328914,-0.2443454,-0.30590335,-0.3233376,-0.29767188,-0.32635164,-0.26762187,-0.32077497,-0.31715828,-0.310298,-0.3255994,-0.24634947,-0.3272691,-0.32986963,-0.32117486,0.61477953,-0.20411447,-0.26286402,-0.29172873,-0.32277873,0.6489053,-0.28053164,-0.32027787,-0.32636124,-0.32880616,-0.32771057,-0.2850096,-0.31678054,-0.27669096,-0.30985528,-0.3320185,-0.31161842,-0.32051352,-0.31877366,-0.32037857,-0.32964796,-0.26898238,-0.31806397,-0.32411462,-0.30701396,-0.32943356,-0.20658675,-0.31437054,0.6482633,-0.324902,-0.32697785,-0.2743628,-0.31196946,0.853618,-0.33007872,-0.33506903
k__Bacteria|p__Firmicutes|c__Clostridia|o__Clostridiales|f__Veillonellaceae|g__Veillonella|s__parvula,1.7370608,0.7676157,-0.32328734,0.94348454,-0.3322257,0.6303719,-0.3258366,-0.3327108,-0.33075604,0.7334103,0.5106853,0.7804499,0.93757236,0.86207145,0.9479693,0.5787458,-0.3303013,1.3279489,-0.32946658,0.23906453,1.4512825,0.9354737,1.2101374,-0.3298624,0.045277033,1.4148632,0.6809376,0.66965544,-0.31676275,-0.32445285,-0.23875734,0.65945727,0.8821903,0.9341074,0.72300136,0.6863685,0.849815,0.44672948,0.6026717,0.6026717,1.7694186,1.037157,0.7800336,-0.29767188,0.14063536,0.49896032,0.7248479,1.0293714,0.9710305,0.7138668,-0.24634947,0.7400901,0.67966527,0.09616521,-0.33487758,-0.20411447,-0.26286402,-0.29172873,-0.32277873,-0.33141193,0.6261908,0.6682478,0.67949194,-0.32880616,-0.027913824,-0.2850096,0.4055066,-0.27669096,-0.30985528,-0.3320185,1.0649424,0.77263904,0.8850076,0.83479494,-0.15157771,0.4952977,0.49421766,0.71403587,-0.30701396,0.6946802,-0.20658675,0.46070424,-0.33048365,0.062774725,0.242692,0.4611566,-0.31196946,-0.3214015,-0.33007872,-0.33506903
k__Bacteria|p__Firmicutes|c__Erysipelotrichi|o__Erysipelotrichales|f__Erysipelotrichaceae|g__Holdemania|s__unclassified,-0.28271136,-0.32216972,-0.32328734,-0.31718764,-0.3322257,-0.2770248,-0.3258366,-0.3327108,-0.33075604,-0.33005035,-0.27146092,-0.32539368,-0.31133458,-0.31570548,-0.3099353,-0.2718788,-0.3303013,-0.31799185,-0.32946658,-0.32592696,-0.26184985,-0.31223327,-0.29681087,-0.3298624,-0.3288572,-0.26755807,-0.3152989,-0.3216514,-0.31676275,-0.32445285,-0.23875734,-0.32064098,-0.32284898,0.855071,0.7129384,-0.28093433,-0.32432246,-0.3223992,-0.3328914,-0.3328914,-0.2443454,-0.30590335,0.80116546,1.0655093,-0.32795072,-0.26770404,-0.32127297,-0.31715828,-0.310298,-0.3255994,-0.24634947,-0.3272691,-0.32986963,-0.32271528,-0.33487758,-0.20411447,-0.26286402,-0.29172873,-0.32277873,-0.33141193,-0.28092873,-0.3213289,-0.32636124,0.6220646,-0.32869256,-0.2850096,-0.31740838,-0.27669096,-0.30985528,-0.3320185,-0.31161842,-0.32145822,-0.31877366,-0.32037857,-0.33075815,-0.26867527,-0.31927383,-0.32411462,-0.30701396,-0.32943356,-0.20658675,-0.31576973,-0.33048365,-0.3255409,-0.3279903,-0.2741798,-0.31196946,-0.3214015,0.6203224,-0.33506903
k__Bacteria|p__Firmicutes|c__Bacilli|o__Lactobacillales|f__Streptococcaceae|g__Lactococcus|s__unclassified,-0.28271136,-0.32163495,0.7942817,-0.31718764,0.55627286,-0.276941,-0.3258366,0.5561854,-0.33075604,-0.33005035,-0.2708035,-0.32539368,-0.31133458,-0.31570548,0.9662574,-0.27103102,-0.3303013,-0.31799185,-0.32946658,-0.3253192,-0.26184985,-0.31223327,-0.29681087,-0.3298624,-0.32780463,-0.26755807,-0.31426865,-0.31981972,-0.31676275,-0.32445285,-0.23875734,-0.3198858,-0.32284898,0.855769,-0.32378075,-0.28110623,-0.32432246,-0.3219564,-0.3328914,-0.3328914,-0.2443454,-0.30590335,-0.3233376,-0.29767188,-0.32779068,-0.26709074,-0.31989843,-0.31715828,-0.310298,0.7087677,-0.24634947,-0.3272691,-0.32986963,-0.32236966,-0.33487758,-0.20411447,-0.26286402,-0.29172873,-0.32277873,-0.33141193,-0.28111947,-0.3201546,-0.32636124,-0.32880616,-0.3281228,-0.2850096,-0.3147479,-0.27669096,-0.30985528,-0.3320185,-0.31161842,-0.31991553,-0.31877366,-0.32037857,-0.3304566,-0.26736438,-0.3180646,-0.32411462,0.96454024,-0.32943356,-0.20658675,-0.31503344,-0.33048365,-0.3242523,-0.32773232,-0.27312326,-0.31196946,0.8472593,-0.33007872,-0.33506903
k__Bacteria|p__Firmicutes|c__Clostridia|o__Clostridiales|f__Clostridiaceae|g__Clostridium|s__unclassified,-0.28271136,-0.2755465,-0.32328734,0.81894237,-0.3322257,-0.26029295,0.80186635,0.5543296,0.6669486,0.64918035,-0.25791293,0.7653901,0.94194055,0.87003684,-0.3099353,-0.2567065,-0.3303013,0.9064488,-0.32946658,-0.30958137,-0.26184985,-0.31223327,-0.29681087,-0.3298624,-0.32203817,1.5553601,-0.28011197,-0.2793429,-0.31676275,-0.32445285,-0.23875734,-0.28295118,0.8748226,-0.31979084,0.7009391,-0.2620269,0.8002947,-0.29080382,-0.3328914,-0.3328914,-0.2443454,1.0339742,-0.3233376,-0.29767188,-0.31577533,-0.25418338,-0.278503,-0.31715828,0.9718637,-0.3255994,-0.24634947,0.7458018,0.67966527,-0.3063032,-0.33487758,-0.20411447,-0.26286402,-0.29172873,-0.32277873,-0.33141193,-0.2595079,-0.2813663,0.68123853,-0.32880616,-0.32604468,-0.2850096,-0.28446895,-0.27669096,-0.30985528,-0.3320185,-0.31161842,-0.2743479,-0.31877366,-0.32037857,-0.3356836,-0.25390208,-0.2859224,0.7089929,-0.30701396,-0.32943356,2.2224176,-0.28901717,-0.33048365,-0.3106063,-0.31194574,-0.25988302,-0.31196946,-0.3214015,-0.33007872,-0.33506903
k__Bacteria|p__Firmicutes|c__Bacilli|o__Turicibacterales|f__Turicibacteraceae|g__Turicibacter|s__unclassified,-0.28271136,-0.32081568,-0.32328734,-0.31718764,-0.3322257,-0.27471495,-0.3258366,-0.3327108,-0.33075604,-0.33005035,-0.268812,-0.32539368,0.95256263,-0.31570548,-0.3099353,-0.2700541,0.71480274,-0.31799185,-0.32946658,-0.3266642,-0.26184985,-0.31223327,-0.29681087,-0.3298624,-0.33067608,-0.26755807,-0.31360298,-0.32166398,-0.31676275,-0.32445285,-0.23875734,-0.31729746,-0.32284898,0.8566058,-0.32378075,-0.27901137,-0.32432246,-0.32131124,-0.3328914,-0.3328914,-0.2443454,-0.30590335,-0.3233376,-0.29767188,-0.3275522,-0.26658958,-0.31991073,-0.31715828,-0.310298,-0.3255994,-0.24634947,-0.3272691,0.7010377,-0.3217636,-0.33487758,-0.20411447,-0.26286402,-0.29172873,-0.32277873,-0.33141193,-0.2796088,-0.31892908,-0.32636124,-0.32880616,-0.32875806,-0.2850096,-0.31457025,-0.27669096,-0.30985528,-0.3320185,-0.31161842,-0.31925455,-0.31877366,-0.32037857,-0.33088934,-0.26756632,-0.3167743,-0.32411462,-0.30701396,0.59280163,-0.20658675,-0.31321615,-0.33048365,-0.32523876,-0.3283221,-0.27302372,-0.31196946,-0.3214015,-0.33007872,-0.33506903
k__Bacteria|p__Firmicutes|c__Clostridia|o__Clostridiales|f__Veillonellaceae|g__Veillonella|s__dispar,2.1012588,0.97354794,0.99434906,1.067074,0.56007797,0.9750444,0.77353555,0.5561854,-0.33075604,0.7307948,0.86836493,0.77719,0.95514685,-0.31570548,0.9590119,0.9281781,0.77660376,1.0614177,0.71450895,0.6805624,1.4674431,1.0485972,1.4270864,-0.3298624,0.579405,1.4345903,0.9566732,0.88310623,0.8821053,0.72849226,2.1366196,0.93978554,1.1405115,1.1297656,0.78926563,1.0477993,1.0503712,0.7621504,0.60861546,0.60861546,1.8086251,1.0910268,0.794202,-0.29767188,0.6167824,0.8242512,0.9722294,1.369586,0.99755865,0.7230188,-0.24634947,0.7662538,0.7084732,0.5611377,-0.33487758,-0.20411447,-0.26286402,-0.29172873,0.7880511,-0.33141193,0.9648684,0.92832696,0.75658876,0.6746846,0.5606991,1.2183055,0.7409281,-0.27669096,-0.30985528,-0.3320185,0.9925614,0.9731263,0.9667018,0.8607958,0.51270294,0.83127654,0.82125515,-0.32411462,-0.30701396,0.5946137,-0.20658675,0.8138573,0.64269346,0.5711255,0.6844121,0.8260633,0.39828205,-0.3214015,0.6159714,0.6162711
k__Bacteria|p__Firmicutes|c__Clostridia|o__Coriobacteriales|f__Coriobacteriaceae|g__unclassified|s__unclassified,-0.28271136,-0.3213913,-0.32328734,0.8260522,-0.3322257,-0.27578557,0.7745552,0.63270485,-0.33075604,0.64612365,-0.2700168,-0.32539368,-0.31133458,-0.31570548,-0.3099353,-0.2704418,-0.3303013,-0.31799185,0.7371677,-0.32508922,-0.26184985,-0.31223327,-0.29681087,0.70539755,-0.32809687,-0.26755807,-0.31409317,-0.3211894,-0.31676275,-0.32445285,-0.23875734,-0.31920874,-0.32284898,-0.31979084,-0.32378075,-0.27937126,-0.32432246,-0.3211287,0.6062422,0.6062422,-0.2443454,-0.30590335,-0.3233376,-0.29767188,-0.32694107,-0.26676184,-0.3203757,-0.31715828,-0.310298,-0.3255994,-0.24634947,-0.3272691,-0.32986963,-0.32087967,-0.33487758,-0.20411447,-0.26286402,-0.29172873,-0.32277873,-0.33141193,-0.27957147,-0.32019055,-0.32636124,-0.32880616,-0.32727784,-0.2850096,-0.31636256,-0.27669096,-0.30985528,-0.3320185,-0.31161842,-0.32058784,-0.31877366,-0.32037857,-0.32911307,-0.26771832,-0.31785265,-0.32411462,-0.30701396,-0.32943356,-0.20658675,-0.3143165,-0.33048365,-0.32384175,-0.3272104,-0.27293372,-0.31196946,-0.3214015,-0.33007872,-0.33506903
k__Bacteria|p__Firmicutes|c__Clostridia|o__Coriobacteriales|f__Coriobacteriaceae|g__Eggerthella|s__lenta,-0.28271136,-0.32262778,-0.32328734,0.83724135,-0.3322257,-0.2754149,-0.3258366,-0.3327108,-0.33075604,-0.33005035,-0.26913893,-0.32539368,-0.31133458,-0.31570548,0.9302573,-0.26949328,-0.3303013,0.90362084,0.71836257,-0.32563275,-0.26184985,-0.31223327,-0.29681087,-0.3298624,-0.32877862,-0.26755807,-0.31401026,-0.32126027,-0.31676275,-0.32445285,-0.23875734,-0.31982064,-0.32284898,-0.31979084,-0.32378075,-0.27948847,-0.32432246,-0.32173654,-0.3328914,-0.3328914,-0.2443454,-0.30590335,-0.3233376,-0.29767188,-0.3279961,-0.26562887,-0.3212442,0.86197066,0.9732682,-0.3255994,1.6121646,-0.3272691,-0.32986963,-0.32193482,0.61632276,-0.20411447,1.6147023,1.1810875,-0.32277873,-0.33141193,-0.2800346,-0.32077166,0.6786848,-0.32880616,-0.3282626,-0.2850096,-0.31751177,-0.27669096,-0.30985528,-0.3320185,-0.31161842,-0.32118267,-0.31877366,-0.32037857,-0.3303662,-0.2668004,-0.3187636,-0.32411462,-0.30701396,0.58977425,-0.20658675,-0.31473517,0.6433914,-0.32520396,-0.32784143,-0.27243465,-0.31196946,-0.3214015,0.62050325,-0.33506903
k__Bacteria|p__Firmicutes|c__Bacilli|o__Lactobacillales|f__Carnobacteriaceae|g__Granulicatella|s__unclassified,1.2899846,-0.25537515,0.82533514,-0.31718764,-0.3322257,-0.18092701,0.7955657,0.65814227,-0.33075604,-0.33005035,-0.18032457,0.74786085,-0.31133458,-0.31570548,-0.3099353,-0.18034908,-0.3303013,-0.31799185,0.7209647,-0.3290707,-0.26184985,-0.31223327,-0.29681087,-0.3298624,-0.33260667,1.4862529,-0.2430373,-0.28402203,-0.31676275,-0.32445285,1.7644602,-0.2519544,0.85413176,-0.31979084,-0.32378075,-0.18634436,0.7704195,-0.28932106,-0.3328914,-0.3328914,-0.2443454,1.0211403,-0.3233376,-0.29767188,-0.33288187,-0.17718649,-0.2558321,0.8726863,-0.310298,0.7230188,-0.24634947,0.7395571,-0.32986963,-0.3204685,-0.33487758,-0.20411447,1.5687126,1.1630398,-0.32277873,-0.33141193,-0.19059072,-0.255945,0.6780116,-0.32880616,-0.33285972,1.2159247,-0.25964707,-0.27669096,-0.30985528,-0.3320185,0.940811,-0.25745198,-0.31877366,-0.32037857,-0.33420497,-0.18065834,-0.256634,-0.32411462,-0.30701396,-0.32943356,-0.20658675,-0.24900006,-0.33048365,-0.32561418,-0.32941923,-0.18624893,-0.31196946,-0.3214015,-0.33007872,-0.33506903
k__Bacteria|p__Firmicutes|c__Bacilli|o__Lactobacillales|f__Streptococcaceae|g__Streptococcus|s__unclassified,1.5060945,0.89580476,0.7858353,0.84463185,0.5571253,0.9919258,0.7679086,0.5705037,0.6688623,-0.33005035,0.91370535,0.747238,0.9428119,0.8791192,0.93010455,0.9550594,0.70791984,0.90362084,1.1506445,0.6550936,1.4603223,0.92855227,1.1127198,0.70476216,0.5927138,1.4364489,0.91832346,0.8196654,0.86103696,0.7488745,-0.23875734,0.89103556,0.8633806,0.90092033,0.7577077,1.023059,0.78164035,0.7335142,0.6058461,0.6058461,1.7586263,1.0208712,0.78069484,-0.29767188,0.61987185,0.89500904,0.89147186,0.8533341,0.97581214,0.7245683,1.6137332,0.760658,0.72984946,0.55452126,0.6149138,-0.20411447,1.4692371,1.3240253,-0.32277873,-0.33141193,0.9504216,0.87587804,0.6952353,0.6433226,0.56801677,-0.2850096,0.71504337,-0.27669096,-0.30985528,-0.3320185,0.99138784,0.89491177,0.90399754,0.834935,0.5413681,0.8799254,0.78931963,0.7089929,-0.30701396,0.5927412,2.2655404,0.8160492,0.6556836,0.54152125,0.66720486,0.87245923,0.38967985,-0.3214015,0.61585027,0.6242058
k__Bacteria|p__Firmicutes|c__Clostridia|o__Clostridiales|f__Ruminococcaceae|g__unclassified|s__unclassified,-0.28271136,0.49725723,-0.32328734,-0.31718764,0.6167582,-0.089886114,-0.3258366,0.5569062,0.82019883,0.6503374,-0.07245804,0.794098,0.9373535,0.8660621,0.94751906,-0.074204,0.88062036,-0.31799185,0.83851653,0.7918025,-0.26184985,-0.31223327,-0.29681087,0.7325626,0.7602107,-0.26755807,0.34346947,0.65447086,0.8627445,1.1771846,-0.23875734,0.4125978,0.862805,0.8542329,0.72533846,-0.046962693,0.79204684,0.6546623,0.70496047,0.70496047,-0.2443454,-0.30590335,0.837417,1.0676401,0.7897802,-0.088152744,0.4824671,0.88361937,0.9907369,0.80056834,-0.24634947,0.7741387,0.8673841,0.82428,0.81378055,-0.20411447,-0.26286402,1.1640407,0.80534774,0.74583966,0.026945245,0.45456433,0.69284976,0.78087324,0.7604958,-0.2850096,0.5273236,1.4607452,0.88316476,0.9147518,-0.31161842,0.5049639,0.8602774,1.1855989,0.7231405,-0.038213164,0.46871597,0.97521806,0.9703415,0.74296343,-0.20658675,0.36456007,0.65367675,0.86089325,0.7703107,-0.017298251,0.45337227,0.8507086,0.6321909,0.7120114
k__Bacteria|p__Firmicutes|c__Clostridia|o__Coriobacteriales|f__Coriobacteriaceae|g__Collinsella|s__unclassified,-0.28271136,-0.32097352,-0.32328734,-0.31718764,0.5576263,-0.27533996,-0.3258366,-0.3327108,-0.33075604,0.7165322,-0.2700781,-0.32539368,0.99561113,0.9689146,-0.3099353,-0.2710674,-0.3303013,-0.31799185,0.9501583,-0.3239695,1.4624374,-0.31223327,-0.29681087,-0.3298624,-0.3259208,-0.26755807,-0.31386793,-0.32113412,-0.31676275,-0.32445285,-0.23875734,-0.31903338,-0.32284898,-0.31979084,-0.32378075,-0.27937037,-0.32432246,-0.32081679,0.6347411,0.6347411,-0.2443454,-0.30590335,-0.3233376,-0.29767188,-0.32506108,-0.2665646,-0.3202494,-0.31715828,-0.310298,-0.3255994,1.6483473,0.78870976,-0.32986963,-0.32061103,-0.33487758,-0.20411447,-0.26286402,-0.29172873,0.7770529,-0.33141193,-0.2792857,-0.3200187,-0.32636124,0.62811947,-0.32534018,-0.2850096,-0.31605503,-0.27669096,-0.30985528,-0.3320185,-0.31161842,-0.32070202,-0.31877366,-0.32037857,-0.32638747,-0.267887,-0.31738532,-0.32411462,-0.30701396,-0.32943356,-0.20658675,-0.3134742,0.6612441,-0.32369292,-0.32573825,-0.27280205,-0.31196946,-0.3214015,-0.33007872,0.5962372
k__Bacteria|p__Firmicutes|c__Clostridia|o__Clostridiales|f__Ruminococcaceae|g__Faecalibacterium|s__prausnitzii,-0.28271136,0.15385671,-0.32328734,-0.31718764,0.6842195,-0.17574552,-0.3258366,0.630699,0.68736714,0.64443314,-0.1327815,0.78681827,0.9456386,0.8763637,0.9326981,-0.14765368,0.8472539,-0.31799185,0.71910673,0.62061197,-0.26184985,-0.31223327,-0.29681087,0.7665966,0.6779282,-0.26755807,0.09065287,0.31159902,0.88064,-0.32445285,-0.23875734,0.14906043,-0.32284898,-0.31979084,0.7008279,-0.1448001,-0.32432246,0.40593103,0.8317191,0.8317191,-0.2443454,-0.30590335,-0.3233376,-0.29767188,0.6558391,-0.15854114,0.17455278,-0.31715828,0.97456694,0.7095539,-0.24634947,-0.3272691,0.73767424,0.6817256,0.87499046,-0.20411447,-0.26286402,-0.29172873,0.88292074,0.6912411,-0.09057675,0.17130016,0.6811043,0.6244109,0.71925795,-0.2850096,0.31426054,1.3805553,0.88316476,0.7008599,-0.31161842,0.15979782,0.85197276,0.8861378,0.75130504,-0.113125175,0.24639773,0.7400651,-0.30701396,0.5981077,-0.20658675,0.18708593,-0.33048365,0.73933136,0.6027663,-0.077312164,0.44138962,0.9485357,0.6353441,0.6136664
k__Bacteria|p__Firmicutes|c__Clostridia|o__Clostridiales|f__Lachnospiraceae|g__Dorea|s__unclassified,-0.28271136,0.22888409,-0.32328734,0.9394,0.60359246,-0.21618158,-0.3258366,-0.3327108,0.6757505,0.64157397,-0.25050023,0.7662463,0.99375045,0.9100827,0.98399997,-0.22324425,-0.3303013,-0.31799185,-0.32946658,0.07334782,-0.26184985,-0.31223327,-0.29681087,0.70654035,-0.08850893,-0.26755807,0.058846302,0.28294402,0.87433565,0.7550904,-0.23875734,0.08169576,1.0639504,0.89918494,0.74138695,-0.19216329,-0.32432246,0.1259549,-0.3328914,-0.3328914,-0.2443454,-0.30590335,0.9379284,1.0768642,0.01458468,-0.22371803,0.16842192,0.879118,-0.310298,-0.3255994,-0.24634947,0.74035645,-0.32986963,0.0027966546,-0.33487758,-0.20411447,-0.26286402,-0.29172873,-0.32277873,-0.33141193,-0.15163407,0.123022646,0.7467049,0.6212048,-0.16143188,-0.2850096,0.01854638,-0.27669096,-0.30985528,-0.3320185,-0.31161842,0.23560607,0.8508245,-0.32037857,-0.28679973,-0.21294847,0.019994706,-0.32411462,-0.30701396,-0.32943356,-0.20658675,-0.06374063,0.65179163,-0.03234772,0.0629099,-0.24583046,-0.31196946,-0.3214015,-0.33007872,0.6414755
k__Bacteria|p__Firmicutes|c__Clostridia|o__Clostridiales|f__Ruminococcaceae|g__Ruminococcus|s__unclassified,-0.28271136,0.4620704,-0.32328734,0.8206198,0.60114944,-0.08650956,-0.3258366,0.71500677,0.6747276,-0.33005035,-0.06479253,0.7414894,-0.31133458,-0.31570548,0.9309444,-0.0691461,0.71480274,-0.31799185,0.7814087,0.76029825,-0.26184985,0.9760253,1.1203823,0.814488,0.7417706,-0.26755807,0.32030076,0.61456287,0.8788228,0.7351956,-0.23875734,0.38860086,-0.32284898,0.87182546,0.95872116,-0.04848615,0.7731193,0.63003653,0.889641,0.889641,-0.2443454,-0.30590335,0.8230375,1.0645725,0.7665384,-0.08020221,0.45013982,-0.31715828,-0.310298,0.7128882,-0.24634947,0.9103081,0.7069287,0.80636394,0.7685834,-0.20411447,-0.26286402,1.1643533,0.76997185,0.80607766,0.024811637,0.42801687,0.681507,0.64135754,0.7468761,-0.2850096,0.5116037,1.3684645,1.1788423,0.78623056,-0.31161842,0.46828556,0.8790683,0.8960711,0.7195545,-0.032241978,0.45088887,0.8286934,0.9921121,0.67310035,-0.20658675,0.35455072,0.6478845,0.84331656,0.73994213,-0.008370832,0.4923082,0.8504437,0.6162742,0.6945753
k__Bacteria|p__Firmicutes|c__Clostridia|o__Clostridiales|f__unclassified|g__unclassified|s__unclassified,-0.28271136,0.7078547,0.85479367,0.8306259,0.58275604,0.26673043,1.0523307,0.792756,0.7090737,0.6543241,0.23820367,0.7816546,-0.31133458,-0.31570548,-0.3099353,0.25828946,0.973273,0.981988,0.7449302,0.72665596,-0.26184985,0.93680304,1.1157562,0.7258947,0.66596985,1.4224242,0.5906552,0.7779946,0.8656549,0.75519115,-0.23875734,0.6369892,1.0157242,0.94053775,0.7587583,0.32066104,0.7786721,0.72965986,0.60518557,0.60518557,1.607938,1.1189874,0.7952264,1.066939,0.7047951,0.20335418,0.6962549,0.9139778,1.1170646,0.7243748,-0.24634947,0.85877746,0.8276344,0.74231774,0.7059168,-0.20411447,-0.26286402,-0.29172873,0.77759546,0.6503819,0.34689006,0.6644025,0.69059145,0.65940255,0.658947,-0.2850096,0.646765,-0.27669096,0.86581326,0.76960224,-0.31161842,0.7164825,0.8648951,0.8485711,0.613343,0.24614581,0.6322949,0.7276616,-0.30701396,0.608993,-0.20658675,0.5523996,0.6700523,0.7719283,0.7107682,0.2670188,0.46423167,0.85185575,0.73955154,0.60285
k__Bacteria|p__Firmicutes|c__Clostridia|o__Coriobacteriales|f__unclassified|g__unclassified|s__unclassified,-0.28271136,0.50051224,-0.32328734,0.85925096,0.65383697,-0.07027718,0.7915658,-0.3327108,0.68157566,0.65254253,-0.055400487,0.78813493,1.0578676,0.98283154,1.018358,-0.058764312,0.7300188,-0.31799185,0.7719281,0.74070704,-0.26184985,-0.31223327,-0.29681087,0.7557225,0.7024424,-0.26755807,0.34762108,0.64102256,0.86883956,0.73955435,-0.23875734,0.41275144,-0.32284898,0.8549314,0.72886103,-0.033007007,-0.32432246,0.633888,0.65957606,0.65957606,-0.2443454,1.0114057,0.78088367,1.0601624,0.738749,-0.067229226,0.4808228,0.85382134,1.0237968,0.7083744,-0.24634947,0.75489956,0.754912,0.77577263,0.66748816,-0.20411447,1.6348321,-0.29172873,0.7690148,0.69622785,0.04095026,0.45341462,0.6841875,0.6422563,0.69917715,1.2149158,0.5176045,1.3464568,0.9002203,0.73812413,-0.31161842,0.5059337,0.87196934,0.90054184,0.6585146,-0.02173888,0.4629107,0.79285544,1.0312324,0.6517287,-0.20658675,0.36283165,0.64598846,0.80427706,0.7205061,-0.004210663,0.3986316,-0.3214015,0.63344145,0.7007201
k__Bacteria|p__Firmicutes|c__Erysipelotrichi|o__Erysipelotrichales|f__Erysipelotrichaceae|g__[Eubacterium]|s__dolichum,-0.28271136,0.39991397,0.79568255,0.9209997,-0.3322257,-0.12437312,0.8311838,0.58482015,0.66945034,0.64559567,-0.17094529,0.7515899,-0.31133458,0.86924314,0.93163097,-0.13785174,-0.3303013,-0.31799185,-0.32946658,0.15237859,-0.26184985,-0.31223327,-0.29681087,-0.3298624,-0.025808243,-0.26755807,0.2049235,0.44341427,0.85274225,-0.32445285,-0.23875734,0.23527916,0.8844464,0.86673194,0.7017732,-0.09108673,0.7770387,0.2632422,0.6047891,0.6047891,-0.2443454,1.0299813,0.8003324,1.0825576,0.084468156,-0.15241265,0.33544153,0.8765979,0.97342414,-0.3255994,-0.24634947,-0.3272691,-0.32986963,0.096023455,0.6153837,-0.20411447,-0.26286402,-0.29172873,-0.32277873,-0.33141193,-0.04667811,0.28312773,0.6941758,0.62800556,-0.10559748,-0.2850096,0.16354881,-0.27669096,-0.30985528,-0.3320185,-0.31161842,0.40920192,0.84990495,-0.32037857,-0.24383739,-0.13333736,0.165349,0.7103708,-0.30701396,-0.32943356,-0.20658675,0.064385965,-0.33048365,0.0656776,0.1400804,-0.16066968,0.394078,0.84770215,0.6142136,-0.33506903
k__Bacteria|p__Firmicutes|c__Clostridia|o__Clostridiales|f__Lachnospiraceae|g__Roseburia|s__faecis,-0.28271136,-0.3222825,-0.32328734,-0.31718764,-0.3322257,-0.27706134,0.77353555,0.5597843,0.67282516,0.64770585,-0.26984176,-0.32539368,-0.31133458,-0.31570548,-0.3099353,-0.26980525,-0.3303013,-0.31799185,0.7130756,-0.3233167,-0.26184985,1.0002825,-0.29681087,-0.3298624,-0.32628632,-0.26755807,-0.31328064,-0.32032603,0.8565406,-0.32445285,-0.23875734,-0.31849268,-0.32284898,-0.31979084,-0.32378075,-0.28014022,-0.32432246,-0.3205477,0.60914207,0.60914207,-0.2443454,1.0363623,-0.3233376,-0.29767188,-0.32634667,-0.26728535,-0.31996822,-0.31715828,-0.310298,-0.3255994,-0.24634947,-0.3272691,0.68410295,-0.3186424,0.6177297,-0.20411447,-0.26286402,-0.29172873,-0.32277873,0.6381121,-0.28076106,-0.3194376,-0.32636124,-0.32880616,-0.32504278,-0.2850096,-0.3149553,1.3375822,-0.30985528,-0.3320185,-0.31161842,-0.31977594,-0.31877366,-0.32037857,-0.3272379,-0.26752746,-0.31696567,0.7299146,-0.30701396,0.61474645,-0.20658675,-0.31413233,0.6485157,-0.32095474,-0.32604104,-0.27257073,-0.31196946,-0.3214015,-0.33007872,-0.33506903
k__Bacteria|p__Firmicutes|c__Clostridia|o__unclassified|f__unclassified|g__unclassified|s__unclassified,-0.28271136,0.59997404,0.79917604,0.83724135,0.65751565,-0.0062880297,0.88004935,0.7181655,0.7816694,0.64411587,0.0031055019,1.0821971,0.99602413,0.9016629,0.95216197,0.005482791,0.7399046,-0.31799185,1.0428053,0.7504287,-0.26184985,0.9288995,-0.29681087,0.77534187,0.69840574,-0.26755807,0.4356593,0.72245103,0.8727885,0.76566434,-0.23875734,0.50435233,-0.32284898,0.89530283,0.74250823,0.039035063,0.7898013,0.70173526,0.6408804,0.6408804,-0.2443454,1.0424395,0.7972719,1.0657175,0.74134994,-0.017459253,0.5802384,0.90007704,1.1441567,0.74506515,-0.24634947,0.77194756,0.78852093,0.8104229,0.75221354,1.9711086,-0.26286402,-0.29172873,0.78111535,0.6965594,0.11414917,0.54710984,0.7906133,0.84188426,0.6956868,-0.2850096,0.6084093,1.3959332,0.88831204,0.66639787,0.93833756,0.6071763,0.8586828,0.8588827,0.64617324,0.037323304,0.5502177,0.74243855,0.9837948,0.6266227,-0.20658675,0.4386214,0.649777,0.84398603,0.7252099,0.058117375,0.40403396,0.8487643,0.61748433,0.6196794
k__Bacteria|p__Firmicutes|c__Clostridia|o__Clostridiales|f__Lachnospiraceae|g__Lachnospira|s__unclassified,-0.28271136,-0.13822107,-0.32328734,0.95160395,0.6065544,-0.19454241,-0.3258366,0.56958944,0.6957056,0.6828128,-0.13600203,-0.32539368,1.0021988,-0.31570548,-0.3099353,-0.16352803,1.3546232,-0.31799185,0.7143221,0.44019413,-0.26184985,-0.31223327,-0.29681087,0.78186566,0.5708295,-0.26755807,-0.09946811,0.0022923239,0.9963654,0.7777049,-0.23875734,-0.062449757,1.450089,-0.31979084,-0.32378075,-0.177968,-0.32432246,0.17166075,0.6166165,0.6166165,-0.2443454,-0.30590335,-0.3233376,-0.29767188,0.50047684,-0.17248331,-0.08693676,-0.31715828,-0.310298,0.73477346,-0.24634947,1.0764911,0.7370745,0.51027566,0.7637931,-0.20411447,-0.26286402,-0.29172873,0.77215594,0.6521163,-0.15477797,-0.06547384,-0.32636124,0.78740203,0.6479559,1.2208631,0.10752206,1.4217573,0.88316476,0.64282554,-0.31161842,-0.13382894,0.8602774,0.8779853,0.7404865,-0.1404359,0.05380755,0.7487894,0.96850574,0.7280776,-0.20658675,0.048498265,-0.33048365,0.5759413,0.42930165,-0.09539651,0.39284846,-0.3214015,-0.33007872,0.6271049
k__Bacteria|p__Firmicutes|c__Clostridia|o__Clostridiales|f__Veillonellaceae|g__unclassified|s__unclassified,-0.28271136,-0.27766955,-0.32328734,-0.31718764,-0.3322257,-0.24710569,-0.3258366,0.56449455,-0.33075604,-0.33005035,-0.22233781,-0.32539368,-0.31133458,-0.31570548,-0.3099353,-0.23526928,0.7156094,-0.31799185,0.83045226,-0.074157536,-0.26184985,0.9655147,1.1557841,0.81354773,-0.018805765,-0.26755807,-0.25170034,-0.2320751,0.95217633,0.7505966,-0.23875734,-0.24104169,0.86222917,-0.31979084,-0.32378075,-0.24765491,0.7691845,-0.16532442,-0.3328914,-0.3328914,-0.2443454,-0.30590335,-0.3233376,-0.29767188,-0.047932398,-0.2336728,-0.25778523,-0.31715828,-0.310298,0.7303576,1.6810278,-0.3272691,-0.32986963,-0.04480153,0.66205883,-0.20411447,-0.26286402,1.163165,0.954623,-0.33141193,-0.24080673,-0.24476916,-0.32636124,0.6238392,0.009661585,-0.2850096,-0.17886662,-0.27669096,0.86581326,0.6666332,-0.31161842,-0.27574813,-0.31877366,0.9918851,0.04868284,-0.22565708,-0.19822079,-0.32411462,1.1337224,-0.32943356,-0.20658675,-0.19230881,0.6483264,-0.02398292,-0.07656875,-0.2088184,0.39985406,-0.3214015,-0.33007872,0.7394068
k__Bacteria|p__Firmicutes|c__Clostridia|o__Clostridiales|f__Lachnospiraceae|g__[Ruminococcus]|s__unclassified,-0.28271136,0.5205288,0.79147416,0.8640769,0.5619751,-0.05441577,0.771493,0.60198945,0.7204514,0.6530669,-0.04269758,-0.32539368,0.9605093,0.8846075,0.95454985,-0.037971493,0.7331929,-0.31799185,0.7367415,0.7136229,-0.26184985,-0.31223327,-0.29681087,0.70939153,0.6646791,-0.26755807,0.35849124,0.6531105,0.8558966,0.73432153,-0.23875734,0.42737627,0.86682695,0.85535026,0.70493644,-0.008733563,-0.32432246,0.6367195,0.6325577,0.6325577,-0.2443454,-0.30590335,0.78192174,1.0595608,0.7063205,-0.05969061,0.5021019,0.8761217,0.99012375,0.7179663,-0.24634947,0.7422192,0.73587394,0.7631759,0.6747239,-0.20411447,-0.26286402,-0.29172873,0.7901292,-0.33141193,0.06250825,0.46996534,0.68298215,0.62389636,0.66005385,1.2375094,0.5321317,1.3438355,0.87799084,0.63775307,0.93647844,0.5275519,0.872644,0.8399658,0.6121327,-0.0076968577,0.4736237,0.7181431,0.97779125,0.59364766,-0.20658675,0.36683226,0.6562473,0.7975539,0.6904231,0.00977828,0.38826838,0.85722095,0.6299837,0.6015309
k__Bacteria|p__Firmicutes|c__Clostridia|o__Clostridiales|f__Lachnospiraceae|g__unclassified|s__unclassified,1.2906168,0.99368596,1.891148,1.2173071,0.81075156,0.5891154,1.17348,0.76329935,1.1324245,1.1067392,0.54769564,1.4326314,1.1089418,0.97571886,1.1040181,0.57301396,0.8979036,0.9074569,0.8689654,1.0821245,1.4534168,1.1760705,1.2039517,1.0562227,1.023499,-0.26755807,0.90361345,1.0740974,1.205959,0.9177442,-0.23875734,0.9383672,0.9365854,1.0724552,1.051166,0.654997,1.053653,1.033961,1.0387291,1.0387291,-0.2443454,1.188498,0.8295339,1.1494688,1.0556989,0.5027866,0.99168277,1.0292078,1.305206,1.2473217,-0.24634947,1.2882103,1.0307536,1.0640109,0.96615964,-0.20411447,1.7274301,1.1646032,1.0402644,0.8331909,0.65833074,0.9573801,0.97182393,0.8796985,1.0265048,1.2920688,0.9117056,1.4566504,0.9383781,0.7492328,0.939575,1.0005138,1.0084518,1.1968807,0.99203455,0.54167557,0.92194116,1.0166116,1.0806992,1.5095416,-0.20658675,0.8581375,0.8289173,1.0964447,1.0674582,0.5623637,0.56664634,1.0048084,1.0210327,1.0666208
k__Bacteria|p__Firmicutes|c__Clostridia|o__Clostridiales|f__Ruminococcaceae|g__Oscillospira|s__unclassified,1.3587067,0.6360613,0.90497357,1.0448881,0.6261576,0.05803407,0.7900617,0.7518455,0.705961,0.6568338,0.06475744,0.8351009,1.0827847,1.0155997,0.94669306,0.06784486,0.7312103,-0.31799185,-0.32946658,0.76361465,-0.26184985,0.93088126,1.1232185,0.7612344,0.70861185,-0.26755807,0.47768962,0.75017244,0.8538187,0.7575057,-0.23875734,0.5411775,0.88894343,0.8931545,0.7840576,0.09833017,0.7880705,0.72136796,0.792176,0.792176,-0.2443454,1.1303906,1.2723318,1.153455,0.7519553,0.04943788,0.61420906,0.87735933,0.9756047,0.7550643,1.6747153,-0.3272691,-0.32986963,0.8099058,0.67282486,-0.20411447,-0.26286402,-0.29172873,0.7737228,0.7332162,0.16858521,0.5827514,0.8050685,0.648358,0.7001053,-0.2850096,0.6306871,1.3365914,0.90359676,0.78727376,0.94142836,0.6438565,0.9367201,0.92349875,0.6478049,0.09788549,0.57858455,0.7178395,0.97245556,0.5969644,1.9925946,0.4733625,0.75394326,0.8373346,0.74196076,0.113955244,0.41938373,0.91283804,0.66645586,0.6333575
k__Bacteria|p__Firmicutes|c__Clostridia|o__Clostridiales|f__Lachnospiraceae|g__[Ruminococcus]|s__gnavus,-0.28271136,0.58653533,0.806819,0.9951193,0.5784969,0.071850106,0.811571,0.56377923,0.67677236,0.65096796,0.04701945,-0.32539368,0.9762156,0.8958812,0.9633803,0.06675868,0.7268346,0.9068521,0.82461214,0.7126218,-0.26184985,0.9577394,-0.29681087,-0.3298624,0.6335739,-0.26755807,0.4413303,0.7079843,0.85503733,0.7702896,-0.23875734,0.49278268,1.1911076,1.0580838,0.7122786,0.11980771,-0.32432246,0.64090353,0.6022742,0.6022742,-0.2443454,-0.30590335,0.77539235,1.0611558,0.6876836,0.03139788,0.56236196,0.8853198,0.991707,0.72030145,-0.24634947,0.74739,-0.32986963,0.6790719,0.61645687,1.9708976,1.5947051,1.2737687,-0.32277873,0.6461634,0.15820113,0.53038216,0.6865938,0.6225801,0.6063716,-0.2850096,0.49902242,-0.27669096,-0.30985528,-0.3320185,0.9463539,0.5991626,0.8480633,-0.32037857,0.5417601,0.06699684,0.4813881,0.71098256,-0.30701396,0.58941036,-0.20658675,0.39271793,0.6600596,0.69539475,0.69967544,0.07869643,0.3949553,0.8746989,0.6493823,0.6061401
k__Bacteria|p__Firmicutes|c__Clostridia|o__Clostridiales|f__Lachnospiraceae|g__Roseburia|s__unclassified,-0.28271136,-0.14578418,-0.32328734,-0.31718764,0.66963637,-0.20056966,0.76636845,0.5492599,0.68404114,0.64242196,-0.14400409,0.7731912,0.9529938,-0.31570548,-0.3099353,-0.17180102,-0.3303013,-0.31799185,0.7161268,0.43643504,-0.26184985,-0.31223327,-0.29681087,0.7251476,0.56960773,-0.26755807,-0.11021317,-0.009051237,0.8738436,-0.32445285,-0.23875734,-0.073105626,-0.32284898,-0.31979084,0.7067079,-0.18580419,-0.32432246,0.15966469,-0.3328914,-0.3328914,-0.2443454,1.0089571,-0.3233376,-0.29767188,0.49642134,-0.17508294,-0.09706095,-0.31715828,-0.310298,-0.3255994,-0.24634947,0.95254993,0.8700137,0.4951133,0.79903376,-0.20411447,-0.26286402,1.1629773,0.7710645,0.8043677,-0.1606114,-0.07507486,-0.32636124,0.7135465,0.6430735,-0.2850096,0.09584063,1.3513532,1.0849816,0.6408962,-0.31161842,-0.14378454,0.99812704,0.84995216,0.7357733,-0.14587694,0.041954927,1.0366831,0.98309857,0.7718336,-0.20658675,0.036444332,-0.33048365,0.5594735,0.42778927,-0.10033305,-0.31196946,-0.3214015,-0.33007872,0.8674089
k__Bacteria|p__Firmicutes|c__Clostridia|o__Clostridiales|f__Lachnospiraceae|g__Blautia|s__unclassified,-0.28271136,1.0512868,0.80265737,1.6054738,1.3494792,0.4803637,1.2036812,0.7061797,1.1986398,1.2553111,0.4718362,1.6596107,2.08668,2.124359,2.0149648,0.48604614,1.4460684,0.9279997,1.5549195,1.2281917,-0.26184985,1.0114865,1.1157562,1.1937395,1.1463718,-0.26755807,0.9112835,1.1943231,1.0891963,0.82934415,1.7698197,0.95812964,1.2001874,1.4408143,1.2710818,0.5227822,0.77896345,1.1429996,0.98750126,0.98750126,-0.2443454,1.5129863,1.233585,1.1303685,1.2056628,0.46070674,1.0286927,1.0571376,1.6828333,1.4647808,-0.24634947,1.0491922,1.645816,1.2147291,1.099188,1.9780451,2.1729078,1.264086,0.8696504,0.8270997,0.5700249,0.996346,1.4236041,1.3445536,1.1283247,1.3434014,0.98795474,1.540924,0.9002203,0.73812413,0.96521443,1.0633919,1.3670671,1.143485,1.0637972,0.49800035,0.96289295,0.98990154,1.1657933,1.1051027,-0.20658675,0.8755103,0.7893686,1.2276974,1.208831,0.50160944,0.7610869,1.2427807,1.390195,1.1704684
k__Bacteria|p__Firmicutes|c__Clostridia|o__Clostridiales|f__Peptostreptococcaceae|g__unclassified|s__unclassified,-0.28271136,-0.064518034,0.86202466,0.913009,-0.3322257,-0.20716248,1.0144377,0.56908107,0.66974425,0.6546382,-0.21979308,0.7744047,-0.31133458,0.8736006,-0.3099353,-0.21010852,0.7324003,0.9028114,-0.32946658,-0.19451357,-0.26184985,-0.31223327,-0.29681087,-0.3298624,-0.25397217,-0.26755807,-0.12844896,-0.070415385,-0.31676275,0.72921634,-0.23875734,-0.11966112,0.89118433,-0.31979084,-0.32378075,-0.1980138,0.7794878,-0.13040893,-0.3328914,-0.3328914,-0.2443454,-0.30590335,0.82556885,-0.29767188,-0.2190488,-0.21290636,-0.08654146,-0.31715828,0.9707178,-0.3255994,-0.24634947,0.7669025,0.7813725,-0.19895837,0.6125611,-0.20411447,-0.26286402,-0.29172873,0.77976304,-0.33141193,-0.18130034,-0.105122685,0.6767988,-0.32880616,-0.27860826,-0.2850096,-0.1375426,-0.27669096,-0.30985528,-0.3320185,0.9445097,-0.063411154,-0.31877366,0.8413588,-0.32527488,-0.2057291,-0.14021623,0.7220824,0.9635464,0.5946137,-0.20658675,-0.17457546,-0.33048365,-0.20895948,-0.19968173,-0.2166735,-0.31196946,-0.3214015,0.6236333,-0.33506903
k__Bacteria|p__Firmicutes|c__Clostridia|o__Clostridiales|f__Ruminococcaceae|g__Faecalibacterium|s__unclassified,-0.28271136,-0.19096127,-0.32328734,-0.31718764,0.64634705,-0.20406632,-0.3258366,0.6803135,0.6997063,0.64485604,-0.14181072,-0.32539368,-0.31133458,-0.31570548,-0.3099353,-0.17814742,0.89588577,-0.31799185,0.71674836,0.40141022,-0.26184985,-0.31223327,-0.29681087,0.9905795,0.5642798,-0.26755807,-0.13529047,-0.06464988,1.0487685,-0.32445285,-0.23875734,-0.09654191,-0.32284898,-0.31979084,-0.32378075,-0.19566846,-0.32432246,0.12898794,-0.3328914,-0.3328914,-0.2443454,-0.30590335,-0.3233376,-0.29767188,0.47515488,-0.17974986,-0.1357016,-0.31715828,-0.310298,-0.3255994,-0.24634947,-0.3272691,0.7622514,0.48185965,0.86578584,-0.20411447,-0.26286402,-0.29172873,0.8313229,0.82629925,-0.17168075,-0.10446811,-0.32636124,-0.32880616,0.64823043,-0.2850096,0.08677,1.4951726,0.92031026,0.8247242,-0.31161842,-0.19022852,-0.31877366,0.9166798,0.76167107,-0.15133867,0.030783068,0.86944336,-0.30701396,0.5943723,-0.20658675,0.03540213,-0.33048365,0.55133647,0.39554957,-0.09609807,0.5537117,1.1877851,0.67013425,0.6959274
k__Bacteria|p__Firmicutes|c__Clostridia|o__Clostridiales|f__Lachnospiraceae|g__Coprococcus|s__unclassified,-0.28271136,0.49546802,-0.32328734,0.84094346,0.5992772,-0.05494006,0.7833493,0.55133224,0.74268913,0.6624579,-0.040000997,0.76929826,0.98209476,0.87280977,-0.3099353,-0.039888695,0.7268346,-0.31799185,0.90532994,0.7030399,-0.26184985,0.9291474,-0.29681087,0.7118876,0.6651574,-0.26755807,0.34691525,0.6209861,0.88530755,0.7589621,-0.23875734,0.4116258,0.8702615,0.8722373,0.71189356,-0.01406993,0.8270289,0.6151481,0.6026717,0.6026717,-0.2443454,-0.30590335,-0.3233376,-0.29767188,0.6982416,-0.055693157,0.47888997,-0.31715828,-0.310298,0.7115166,-0.24634947,0.75108594,0.7041426,0.7499654,0.6814053,-0.20411447,1.4778641,1.1631024,0.7762384,0.6479487,0.05656571,0.45024502,0.68029845,0.64623505,0.665689,-0.2850096,0.51868474,1.3412073,0.867562,0.64595276,0.9377182,0.5005696,-0.31877366,-0.32037857,0.6253746,-0.0065535046,0.4616189,0.73021466,0.9714696,0.58977425,-0.20658675,0.36096442,-0.33048365,0.78322935,0.6807729,0.012017729,0.38667804,-0.3214015,0.6549312,0.623399
k__Bacteria|p__Firmicutes|c__Erysipelotrichi|o__Erysipelotrichales|f__[Coprobacillaceae]|g__unclassified|s__unclassified,-0.28271136,0.6014578,1.0068939,0.9891187,0.7201989,-0.0038962902,0.79340106,0.81311834,0.77070534,0.79503196,0.0035485048,0.84045064,0.9939574,0.92558753,1.1449537,0.005759044,0.79799366,0.94113946,0.9227752,0.76160663,-0.26184985,0.93330353,1.119672,0.83061874,0.7022814,-0.26755807,0.43488985,0.737831,0.87588036,0.75155765,1.8848151,0.50087124,0.97230417,0.8620284,0.7415472,0.030751182,0.7798372,0.70441353,0.60914207,0.60914207,-0.2443454,-0.30590335,1.0362993,1.0835544,0.7535175,-0.004561555,0.5734316,0.9349898,1.1412606,0.73553944,-0.24634947,0.79440355,-0.32986963,0.7970219,0.7024781,2.016267,1.8878568,-0.29172873,-0.32277873,0.65497154,0.10570414,0.54609394,0.7400187,0.6357782,0.6843,-0.2850096,0.585265,1.3630078,-0.30985528,0.6228712,-0.31161842,0.61023414,0.9213495,-0.32037857,0.62688124,0.03907872,0.5340422,0.72705996,0.9659583,0.6154559,-0.20658675,0.43004292,0.70303655,0.81644577,0.7421944,0.054608367,0.40975296,0.86002403,0.8575011,0.6971277
k__Bacteria|p__Bacteroidetes|c__Bacteroidia|o__Bacteroidales|f__[Odoribacteraceae]|g__Butyricimonas|s__unclassified,-0.28271136,-0.3214874,-0.32328734,-0.31718764,-0.3322257,-0.27533105,-0.3258366,-0.3327108,-0.33075604,-0.33005035,-0.2691851,-0.32539368,-0.31133458,-0.31570548,-0.3099353,-0.26975024,-0.3303013,-0.31799185,-0.32946658,-0.32601714,-0.26184985,-0.31223327,-0.29681087,-0.3298624,-0.3291834,-0.26755807,-0.31349963,-0.32151383,-0.31676275,-0.32445285,-0.23875734,-0.31846467,-0.32284898,-0.31979084,-0.32378075,-0.2789371,-0.32432246,-0.32178348,-0.3328914,-0.3328914,-0.2443454,-0.30590335,-0.3233376,-0.29767188,-0.32815602,-0.26632592,-0.32018858,-0.31715828,-0.310298,-0.3255994,-0.24634947,-0.3272691,-0.32986963,-0.3220089,-0.33487758,-0.20411447,-0.26286402,-0.29172873,-0.32277873,-0.33141193,-0.2794608,-0.31962866,-0.32636124,-0.32880616,-0.32818404,-0.2850096,-0.31627613,-0.27669096,-0.30985528,0.737686,-0.31161842,-0.31989348,-0.31877366,-0.32037857,-0.3301313,-0.26737994,-0.3175006,-0.32411462,-0.30701396,-0.32943356,-0.20658675,-0.31412023,-0.33048365,-0.32521388,-0.328031,-0.27251118,-0.31196946,-0.3214015,-0.33007872,-0.33506903
k__Bacteria|p__Bacteroidetes|c__Bacteroidia|o__Bacteroidales|f__Bacteroidaceae|g__Bacteroides|s__caccae,-0.28271136,-0.3210874,-0.32328734,-0.31718764,-0.3322257,-0.27377945,-0.3258366,-0.3327108,-0.33075604,-0.33005035,-0.26820704,-0.32539368,-0.31133458,-0.31570548,-0.3099353,-0.2688638,-0.3303013,-0.31799185,-0.32946658,-0.32656258,-0.26184985,-0.31223327,-0.29681087,-0.3298624,-0.32970837,-0.26755807,-0.31357116,-0.32190463,-0.31676275,-0.32445285,-0.23875734,-0.3185798,-0.32284898,-0.31979084,-0.32378075,-0.27759302,-0.32432246,-0.3216997,-0.3328914,-0.3328914,-0.2443454,-0.30590335,-0.3233376,-0.29767188,-0.32822597,-0.26513097,-0.32015938,-0.31715828,-0.310298,-0.3255994,-0.24634947,-0.3272691,-0.32986963,-0.32236964,-0.33487758,-0.20411447,-0.26286402,-0.29172873,-0.32277873,-0.33141193,-0.27806008,-0.3198108,-0.32636124,-0.32880616,-0.3285795,1.2155579,-0.3162635,-0.27669096,-0.30985528,-0.3320185,-0.31161842,-0.32026273,-0.31877366,-0.32037857,-0.33033103,-0.26631814,-0.31751096,-0.32411462,-0.30701396,-0.32943356,-0.20658675,-0.31374583,-0.33048365,-0.325583,-0.3284185,-0.27167314,-0.31196946,-0.3214015,-0.33007872,-0.33506903
k__Bacteria|p__Bacteroidetes|c__Bacteroidia|o__Bacteroidales|f__S24-7|g__unclassified|s__unclassified,-0.28271136,-0.32190138,-0.32328734,-0.31718764,-0.3322257,-0.27610987,-0.3258366,-0.3327108,-0.33075604,-0.33005035,-0.27031687,-0.32539368,-0.31133458,-0.31570548,-0.3099353,-0.27113014,-0.3303013,-0.31799185,-0.32946658,-0.32672852,-0.26184985,-0.31223327,-0.29681087,-0.3298624,-0.32900703,-0.26755807,-0.31477892,-0.32248867,-0.31676275,-0.32445285,-0.23875734,-0.31958038,-0.32284898,-0.31979084,-0.32378075,-0.28010735,-0.32432246,-0.32225418,-0.3328914,-0.3328914,-0.2443454,-0.30590335,-0.3233376,-0.29767188,-0.32831258,-0.26690757,-0.32104915,-0.31715828,-0.310298,-0.3255994,-0.24634947,-0.3272691,-0.32986963,-0.3225911,-0.33487758,-0.20411447,-0.26286402,-0.29172873,-0.32277873,-0.33141193,-0.2800451,-0.32053334,-0.32636124,-0.32880616,-0.32836205,-0.2850096,-0.31654721,-0.27669096,2.259953,1.227472,-0.31161842,-0.32107204,-0.31877366,-0.32037857,-0.32988927,-0.26814312,-0.31808603,-0.32411462,-0.30701396,-0.32943356,-0.20658675,-0.3145979,-0.33048365,-0.32566202,-0.32846725,-0.2731055,0.41130704,-0.3214015,-0.33007872,-0.33506903
k__Bacteria|p__Bacteroidetes|c__Bacteroidia|o__Bacteroidales|f__Prevotellaceae|g__Prevotella|s__stercorea,-0.28271136,-0.3210193,-0.32328734,-0.31718764,-0.3322257,-0.27490255,-0.3258366,-0.3327108,-0.33075604,-0.33005035,-0.26943448,-0.32539368,-0.31133458,-0.31570548,-0.3099353,-0.26968306,-0.3303013,-0.31799185,-0.32946658,-0.3256126,-0.26184985,-0.31223327,-0.29681087,-0.3298624,-0.32823324,-0.26755807,-0.31420594,-0.3211817,-0.31676275,-0.32445285,-0.23875734,-0.31997493,-0.32284898,-0.31979084,-0.32378075,-0.27863604,-0.32432246,-0.32172412,-0.3328914,-0.3328914,-0.2443454,-0.30590335,-0.3233376,-0.29767188,-0.32787204,-0.2652876,-0.32009602,-0.31715828,-0.310298,-0.3255994,-0.24634947,-0.3272691,-0.32986963,-0.3222067,-0.33487758,-0.20411447,-0.26286402,-0.29172873,-0.32277873,-0.33141193,-0.27846274,-0.32055154,-0.32636124,-0.32880616,-0.3281138,-0.2850096,-0.316193,-0.27669096,-0.30985528,-0.3320185,-0.31161842,-0.32084864,-0.31877366,-0.32037857,-0.32996604,-0.26620647,-0.31815755,-0.32411462,-0.30701396,-0.32943356,-0.20658675,-0.31462574,-0.33048365,-0.3247303,-0.32783192,-0.2717935,-0.31196946,-0.3214015,-0.33007872,-0.33506903
k__Bacteria|p__Bacteroidetes|c__Bacteroidia|o__Bacteroidales|f__[Paraprevotellaceae]|g__[Prevotella]|s__unclassified,-0.28271136,-0.32170594,-0.32328734,-0.31718764,-0.3322257,-0.27570653,-0.3258366,-0.3327108,-0.33075604,-0.33005035,-0.26974338,-0.32539368,-0.31133458,-0.31570548,-0.3099353,-0.2697419,-0.3303013,-0.31799185,-0.32946658,-0.3252563,-0.26184985,-0.31223327,-0.29681087,-0.3298624,-0.3280107,-0.26755807,-0.31442648,-0.32090768,-0.31676275,-0.32445285,-0.23875734,-0.31966695,-0.32284898,-0.31979084,-0.32378075,-0.2793687,-0.32432246,-0.3218717,-0.3328914,-0.3328914,-0.2443454,-0.30590335,-0.3233376,-0.29767188,-0.32767966,-0.2661997,-0.32026416,-0.31715828,-0.310298,-0.3255994,-0.24634947,-0.3272691,-0.32986963,-0.3219087,-0.33487758,-0.20411447,-0.26286402,-0.29172873,-0.32277873,-0.33141193,-0.27966,-0.3202609,-0.32636124,-0.32880616,-0.32779008,-0.2850096,-0.31576526,-0.27669096,-0.30985528,-0.3320185,-0.31161842,-0.3203442,-0.31877366,-0.32037857,-0.3300448,-0.2667893,-0.31820816,-0.32411462,-0.30701396,-0.32943356,-0.20658675,-0.3150686,-0.33048365,-0.32413173,-0.32744175,-0.27230722,-0.31196946,-0.3214015,-0.33007872,-0.33506903
k__Bacteria|p__Bacteroidetes|c__Bacteroidia|o__Bacteroidales|f__[Barnesiellaceae]|g__unclassified|s__unclassified,-0.28271136,-0.32214177,-0.32328734,-0.31718764,0.7033674,-0.27650526,-0.3258366,-0.3327108,-0.33075604,-0.33005035,-0.27028713,-0.32539368,-0.31133458,-0.31570548,-0.3099353,-0.27059323,-0.3303013,-0.31799185,-0.32946658,-0.32491386,-0.26184985,-0.31223327,-0.29681087,-0.3298624,-0.32715666,-0.26755807,-0.31473482,-0.32159156,-0.31676275,-0.32445285,-0.23875734,-0.3197078,-0.32284898,-0.31979084,-0.32378075,-0.28032055,-0.32432246,-0.32240614,-0.3328914,-0.3328914,-0.2443454,-0.30590335,-0.3233376,-0.29767188,-0.32711333,-0.2667982,-0.3206563,-0.31715828,-0.310298,-0.3255994,-0.24634947,-0.3272691,-0.32986963,-0.32188874,-0.33487758,-0.20411447,-0.26286402,-0.29172873,-0.32277873,-0.33141193,-0.28045887,-0.32040107,-0.32636124,-0.32880616,-0.32687816,-0.2850096,-0.31548485,-0.27669096,0.9383781,1.1638598,-0.31161842,-0.3205828,-0.31877366,-0.32037857,-0.32886818,-0.26745036,-0.31812745,-0.32411462,-0.30701396,-0.32943356,-0.20658675,-0.31513283,-0.33048365,-0.32415918,-0.32699406,-0.27268013,0.38985616,-0.3214015,-0.33007872,0.68703026
k__Bacteria|p__Bacteroidetes|c__Bacteroidia|o__Bacteroidales|f__[Paraprevotellaceae]|g__Paraprevotella|s__unclassified,-0.28271136,-0.3208006,-0.32328734,-0.31718764,-0.3322257,-0.27540925,-0.3258366,-0.3327108,-0.33075604,-0.33005035,-0.26910767,-0.32539368,-0.31133458,-0.31570548,-0.3099353,-0.26922804,-0.3303013,-0.31799185,-0.32946658,-0.32497913,-0.26184985,-0.31223327,-0.29681087,-0.3298624,-0.327578,-0.26755807,-0.31328267,-0.31994063,-0.31676275,0.922443,-0.23875734,-0.31848454,-0.32284898,-0.31979084,-0.32378075,-0.27915606,-0.32432246,-0.32103145,-0.3328914,-0.3328914,-0.2443454,-0.30590335,-0.3233376,-0.29767188,-0.32731557,-0.26573494,-0.31924027,-0.31715828,-0.310298,-0.3255994,-0.24634947,-0.3272691,-0.32986963,-0.32104337,-0.33487758,-0.20411447,-0.26286402,-0.29172873,-0.32277873,-0.33141193,-0.2793529,-0.319097,-0.32636124,-0.32880616,-0.32735008,-0.2850096,-0.31429896,-0.27669096,-0.30985528,-0.3320185,-0.31161842,-0.31914735,-0.31877366,-0.32037857,-0.32955664,-0.26623648,-0.31688023,-0.32411462,-0.30701396,-0.32943356,-0.20658675,-0.31384677,0.7922694,-0.32331008,-0.32725304,-0.27159914,0.39179337,-0.3214015,-0.33007872,-0.33506903
k__Bacteria|p__Bacteroidetes|c__Bacteroidia|o__Bacteroidales|f__Bacteroidaceae|g__Bacteroides|s__plebeius,-0.28271136,-0.32069224,-0.32328734,-0.31718764,-0.3322257,-0.27532366,-0.3258366,-0.3327108,-0.33075604,-0.33005035,-0.27018273,-0.32539368,-0.31133458,-0.31570548,-0.3099353,-0.27078155,-0.3303013,-0.31799185,-0.32946658,-0.32643777,-0.26184985,-0.31223327,-0.29681087,-0.3298624,-0.3293609,-0.26755807,-0.31408912,-0.32107848,-0.31676275,-0.32445285,-0.23875734,-0.31902933,-0.32284898,-0.31979084,-0.32378075,-0.27938294,-0.32432246,-0.3211069,-0.3328914,-0.3328914,-0.2443454,-0.30590335,-0.3233376,-0.29767188,-0.32779717,-0.2666774,-0.32014388,-0.31715828,-0.310298,-0.3255994,-0.24634947,-0.3272691,-0.32986963,-0.3223018,-0.33487758,-0.20411447,-0.26286402,-0.29172873,-0.32277873,-0.33141193,-0.2793857,-0.3199027,-0.32636124,-0.32880616,-0.32881504,-0.2850096,-0.31624675,-0.27669096,-0.30985528,-0.3320185,-0.31161842,-0.3202839,-0.31877366,-0.32037857,-0.33064625,-0.26784217,-0.3178246,-0.32411462,-0.30701396,-0.32943356,-0.20658675,-0.31413177,1.1461579,-0.3254004,-0.32821727,-0.27308187,-0.31196946,-0.3214015,-0.33007872,-0.33506903
k__Bacteria|p__Bacteroidetes|c__Bacteroidia|o__Bacteroidales|f__Prevotellaceae|g__Prevotella|s__copri,-0.28271136,-0.32115397,-0.32328734,-0.31718764,-0.3322257,-0.27513248,-0.3258366,-0.3327108,-0.33075604,-0.33005035,-0.26897395,-0.32539368,-0.31133458,-0.31570548,-0.3099353,-0.26920426,-0.3303013,-0.31799185,0.90208286,-0.3255139,-0.26184985,-0.31223327,-0.29681087,-0.3298624,-0.32869983,-0.26755807,-0.3135342,-0.32095626,-0.31676275,1.1989132,-0.23875734,-0.31877023,-0.32284898,-0.31979084,-0.32378075,-0.27856207,-0.32432246,-0.32148993,-0.3328914,-0.3328914,-0.2443454,-0.30590335,-0.3233376,-0.29767188,-0.32786596,-0.26575837,-0.3198809,-0.31715828,-0.310298,-0.3255994,-0.24634947,-0.3272691,-0.32986963,-0.3214354,-0.33487758,-0.20411447,-0.26286402,-0.29172873,-0.32277873,-0.33141193,-0.27894098,-0.319715,-0.32636124,-0.32880616,-0.32804513,-0.2850096,-0.31597328,-0.27669096,-0.30985528,-0.3320185,-0.31161842,-0.31984884,-0.31877366,-0.32037857,-0.33017665,-0.26663262,-0.3175138,-0.32411462,-0.30701396,-0.32943356,-0.20658675,-0.31422427,-0.33048365,-0.32433307,-0.3277385,-0.27197945,0.4043815,-0.3214015,-0.33007872,-0.33506903
k__Bacteria|p__Bacteroidetes|c__Bacteroidia|o__Bacteroidales|f__Bacteroidaceae|g__Bacteroides|s__ovatus,-0.28271136,-0.32066137,-0.32328734,-0.31718764,-0.3322257,-0.27523208,-0.3258366,-0.3327108,0.6688623,-0.33005035,-0.26972312,-0.32539368,-0.31133458,-0.31570548,-0.3099353,-0.270137,-0.3303013,0.9068521,-0.32946658,-0.32582498,-0.26184985,-0.31223327,-0.29681087,-0.3298624,-0.32896665,-0.26755807,-0.3136477,-0.32052156,-0.31676275,-0.32445285,-0.23875734,-0.31877047,-0.32284898,-0.31979084,-0.32378075,-0.2791631,0.7730607,-0.3207652,0.630756,0.630756,-0.2443454,-0.30590335,0.79485404,1.1518338,-0.32775488,-0.2662661,-0.31980127,-0.31715828,-0.310298,-0.3255994,-0.24634947,-0.3272691,-0.32986963,-0.32171038,-0.33487758,-0.20411447,-0.26286402,-0.29172873,-0.32277873,-0.33141193,-0.27929354,-0.31958866,0.6823119,-0.32880616,-0.3283972,-0.2850096,-0.31598026,-0.27669096,0.8640614,-0.3320185,-0.31161842,-0.319876,-0.31877366,-0.32037857,-0.33049455,-0.26728222,-0.3175826,-0.32411462,-0.30701396,-0.32943356,-0.20658675,-0.31402737,-0.33048365,-0.32467645,-0.32778615,-0.27268237,-0.31196946,-0.3214015,-0.33007872,-0.33506903
k__Bacteria|p__Bacteroidetes|c__Bacteroidia|o__Bacteroidales|f__Prevotellaceae|g__Prevotella|s__unclassified,-0.28271136,-0.32024238,-0.32328734,-0.31718764,-0.3322257,-0.27418756,-0.3258366,-0.3327108,-0.33075604,-0.33005035,-0.2685683,-0.32539368,-0.31133458,0.8628709,-0.3099353,-0.26868945,-0.3303013,-0.31799185,0.7174937,-0.32467395,-0.26184985,-0.31223327,-0.29681087,-0.3298624,-0.32750845,-0.26755807,-0.31362337,-0.32010758,-0.31676275,1.6824191,-0.23875734,-0.31850964,-0.32284898,-0.31979084,-0.32378075,-0.27815127,-0.32432246,-0.32050806,-0.3328914,-0.3328914,1.6035129,-0.30590335,-0.3233376,-0.29767188,-0.32651496,-0.2648212,-0.31932086,-0.31715828,-0.310298,-0.3255994,-0.24634947,-0.3272691,-0.32986963,-0.32093602,-0.33487758,-0.20411447,-0.26286402,-0.29172873,-0.32277873,-0.33141193,-0.27830023,-0.31918424,-0.32636124,-0.32880616,-0.3272174,-0.2850096,-0.31464365,-0.27669096,-0.30985528,-0.3320185,-0.31161842,-0.31942505,-0.31877366,-0.32037857,-0.32947493,-0.26565352,-0.3171357,-0.32411462,-0.30701396,-0.32943356,-0.20658675,-0.3137521,-0.33048365,-0.32339334,-0.32656622,-0.2712531,0.40055192,-0.3214015,-0.33007872,-0.33506903
k__Bacteria|p__Bacteroidetes|c__Bacteroidia|o__Bacteroidales|f__Porphyromonadaceae|g__Dysgonomonas|s__unclassified,-0.28271136,-0.32122493,-0.32328734,-0.31718764,-0.3322257,-0.27552992,-0.3258366,-0.3327108,-0.33075604,-0.33005035,-0.26994807,-0.32539368,-0.31133458,-0.31570548,-0.3099353,-0.27071655,-0.3303013,-0.31799185,-0.32946658,-0.32597464,-0.26184985,-0.31223327,-0.29681087,-0.3298624,-0.32890803,-0.26755807,-0.3139367,-0.3211996,-0.31676275,-0.32445285,-0.23875734,-0.3193208,-0.32284898,-0.31979084,-0.32378075,-0.27960968,-0.32432246,-0.32164937,-0.3328914,-0.3328914,-0.2443454,-0.30590335,-0.3233376,-0.29767188,-0.32784262,-0.2664818,-0.32023072,-0.31715828,-0.310298,-0.3255994,-0.24634947,-0.3272691,-0.32986963,-0.32226908,-0.33487758,-0.20411447,-0.26286402,-0.29172873,-0.32277873,-0.33141193,-0.27968878,-0.32021895,-0.32636124,-0.32880616,-0.32825518,-0.2850096,-0.31609657,-0.27669096,-0.30985528,-0.3320185,-0.31161842,-0.32048157,-0.31877366,-0.32037857,-0.3300748,-0.26748037,-0.31787017,-0.32411462,-0.30701396,-0.32943356,-0.20658675,-0.31419978,-0.33048365,-0.3251921,-0.3280303,-0.27304628,-0.31196946,-0.3214015,-0.33007872,-0.33506903
k__Bacteria|p__Bacteroidetes|c__Bacteroidia|o__Bacteroidales|f__Bacteroidaceae|g__Bacteroides|s__uniformis,-0.28271136,-0.23079583,-0.32328734,-0.31718764,0.91523975,-0.2093663,-0.3258366,-0.3327108,-0.33075604,-0.33005035,-0.16177389,-0.32539368,-0.31133458,-0.31570548,-0.3099353,-0.18597654,0.76937085,0.914885,-0.32946658,0.18206814,-0.26184985,-0.31223327,1.112183,1.2130233,0.30065054,-0.26755807,-0.18285897,-0.14027381,0.8507297,-0.32445285,-0.23875734,-0.15556425,-0.32284898,-0.31979084,-0.32378075,-0.2042629,-0.32432246,-0.0025459453,0.84760654,0.84760654,-0.2443454,-0.30590335,-0.3233376,-0.29767188,0.2348457,-0.19057867,-0.187347,-0.31715828,-0.310298,-0.3255994,1.6093904,-0.3272691,-0.32986963,0.24613032,-0.33487758,-0.20411447,-0.26286402,-0.29172873,0.8692793,1.2703136,-0.19084057,-0.16194911,0.6770685,-0.32880616,0.3600349,1.2667744,-0.024360228,-0.27669096,0.8640614,0.6174492,-0.31161842,-0.22606227,-0.31877366,-0.32037857,0.44242752,-0.16983753,-0.06614183,0.7678925,1.194277,-0.32943356,-0.20658675,-0.059633896,0.650407,0.29684198,0.1774466,-0.12962623,0.41147956,1.1221453,0.85864204,0.97065645
k__Bacteria|p__Bacteroidetes|c__Bacteroidia|o__Bacteroidales|f__Porphyromonadaceae|g__Parabacteroides|s__distasonis,-0.28271136,-0.29729822,-0.32328734,-0.31718764,0.735872,-0.25805622,-0.3258366,-0.3327108,-0.33075604,-0.33005035,-0.2450369,-0.32539368,-0.31133458,-0.31570548,-0.3099353,-0.24961479,0.7666929,0.9248361,-0.32946658,-0.25759763,1.5305815,1.1445544,1.8330184,0.89681196,-0.24108975,-0.26755807,-0.28484094,-0.28959963,-0.31676275,-0.32445285,-0.23875734,-0.284566,-0.32284898,-0.31979084,-0.32378075,-0.26095808,-0.32432246,-0.27041644,-0.3328914,-0.3328914,-0.2443454,-0.30590335,-0.3233376,-0.29767188,-0.25161165,-0.2470501,-0.28977495,-0.31715828,-0.310298,-0.3255994,1.7504511,0.7525342,0.6777574,-0.23835927,0.8141657,-0.20411447,-0.26286402,-0.29172873,0.8118559,0.89139587,-0.2575961,-0.2860613,-0.32636124,-0.32880616,-0.23178603,1.3058217,-0.25846,2.015938,1.1343517,0.8602412,-0.31161842,-0.29558402,-0.31877366,-0.32037857,-0.2210972,-0.24355409,-0.2684657,-0.32411462,-0.30701396,-0.32943356,-0.20658675,-0.26623023,0.80189645,-0.23215693,-0.26053193,-0.24125631,0.4029906,1.0196824,0.71198606,0.68854386
k__Bacteria|p__Bacteroidetes|c__Bacteroidia|o__Bacteroidales|f__Porphyromonadaceae|g__Parabacteroides|s__unclassified,-0.28271136,-0.3186074,-0.32328734,-0.31718764,-0.3322257,-0.2711364,-0.3258366,-0.3327108,-0.33075604,-0.33005035,-0.26551884,-0.32539368,-0.31133458,-0.31570548,-0.3099353,-0.26565135,-0.3303013,-0.31799185,-0.32946658,-0.32455835,-0.26184985,-0.31223327,-0.29681087,0.7567791,-0.3258394,-0.26755807,-0.3117711,-0.31990802,-0.31676275,-0.32445285,-0.23875734,-0.31674471,-0.32284898,-0.31979084,-0.32378075,-0.2747916,-0.32432246,-0.3199618,-0.3328914,-0.3328914,-0.2443454,-0.30590335,-0.3233376,-0.29767188,-0.32634142,-0.26189455,-0.3172444,-0.31715828,-0.310298,-0.3255994,1.947077,0.75319177,0.68378663,-0.32014674,0.8467991,-0.20411447,-0.26286402,-0.29172873,0.794139,-0.33141193,-0.27477103,-0.31737182,-0.32636124,-0.32880616,-0.32551777,-0.2850096,-0.31149104,-0.27669096,-0.30985528,-0.3320185,1.3505505,-0.3180863,1.1069407,0.9973784,-0.32684904,-0.262374,-0.31449366,-0.32411462,-0.30701396,0.60958767,-0.20658675,-0.31129277,1.0664104,-0.32169512,-0.326559,-0.26739025,0.4036863,1.5207661,0.7456345,0.62597847
k__Bacteria|p__Bacteroidetes|c__Bacteroidia|o__Bacteroidales|f__Bacteroidaceae|g__unclassified|s__unclassified,-0.28271136,-0.09960901,-0.32328734,-0.31718764,0.58275604,-0.13527639,-0.3258366,-0.3327108,-0.33075604,-0.33005035,-0.08859088,-0.32539368,-0.31133458,-0.31570548,-0.3099353,-0.10985194,0.8196625,1.2926619,-0.32946658,0.4094664,1.4504809,0.93537515,1.1248103,0.74350667,0.5307788,-0.26755807,-0.059410244,0.022221548,0.8627445,0.7341672,-0.23875734,-0.025890412,-0.32284898,-0.31979084,0.70687383,-0.11567497,1.5476712,0.17474537,1.0596657,1.0596657,-0.2443454,-0.30590335,1.1875713,1.5546963,0.464318,-0.12787122,-0.049207628,-0.31715828,0.9813448,0.7152352,-0.24634947,-0.3272691,-0.32986963,0.47258344,-0.33487758,-0.20411447,-0.26286402,-0.29172873,0.7865737,0.65440977,-0.10108322,-0.029832719,-0.32636124,0.6845291,0.6024733,1.2513202,0.12152068,-0.27669096,0.87105036,0.6204103,0.9420454,-0.09418656,0.86073256,0.83479494,0.6898861,-0.09656857,0.07549375,-0.32411462,1.0852373,-0.32943356,-0.20658675,0.07168616,0.6569984,0.5368806,0.39991522,-0.051262803,-0.31196946,0.85458595,0.6194175,0.59822565
k__Bacteria|p__Bacteroidetes|c__Bacteroidia|o__Bacteroidales|f__Bacteroidaceae|g__Bacteroides|s__unclassified,-0.28271136,1.1634245,0.83480275,-0.31718764,1.4842178,0.3496338,-0.3258366,1.3182436,1.0724747,1.2746412,0.34581208,-0.32539368,-0.31133458,-0.31570548,-0.3099353,0.36002457,1.1180588,1.7953061,0.72510177,1.5150793,1.9852153,2.0567951,2.0264738,1.5054332,1.4485937,-0.26755807,0.96655893,1.381293,2.03821,1.4904224,-0.23875734,1.0536196,-0.32284898,1.7499397,1.9184169,0.427675,1.3316351,1.3654124,1.1409109,1.1409109,-0.2443454,-0.30590335,1.815413,2.333013,1.5041981,0.30225134,1.150003,0.853188,1.8346468,1.7191882,2.3562114,1.4937221,0.86421937,1.5534792,1.3330204,1.9715303,-0.26286402,1.2000222,1.8602269,1.5310156,0.50150776,1.1066188,1.7953147,1.4914026,1.4535096,2.3740191,1.1535127,1.9546217,1.4457251,1.106891,2.0791016,1.1778228,1.8022876,1.7299362,1.3985462,0.3746791,1.1014268,2.005598,2.2175343,1.5649502,-0.20658675,0.9667802,1.5493904,1.6061845,1.4834038,0.40771496,0.79621696,1.4559597,1.5206151,1.2133436
k__Bacteria|p__Bacteroidetes|c__Bacteroidia|o__Bacteroidales|f__Rikenellaceae|g__unclassified|s__unclassified,-0.28271136,-0.2357013,-0.32328734,-0.31718764,0.6732129,-0.23185158,-0.3258366,-0.3327108,-0.33075604,-0.33005035,-0.16591492,-0.32539368,-0.31133458,-0.31570548,1.808439,-0.19890639,0.71237886,-0.31799185,-0.32946658,0.41363275,-0.26184985,-0.31223327,-0.29681087,0.867077,0.57682025,-0.26755807,-0.17492312,-0.091368884,-0.31676275,-0.32445285,-0.23875734,-0.13624018,-0.32284898,-0.31979084,-0.32378075,-0.2217535,-0.32432246,0.1037031,1.1748962,1.1748962,-0.2443454,-0.30590335,-0.3233376,-0.29767188,0.48701173,-0.20162296,-0.17663445,-0.31715828,-0.310298,1.0773845,-0.24634947,-0.3272691,-0.32986963,0.4785567,0.6956889,-0.20411447,-0.26286402,-0.29172873,0.9022024,1.0935965,-0.20165977,-0.1439572,0.7922965,0.6945974,0.659662,-0.2850096,0.04840059,1.3748462,0.9219664,1.2075365,-0.31161842,-0.23121524,-0.31877366,1.4281286,0.77313346,-0.17358087,-0.010308464,-0.32411462,1.0043234,-0.32943356,-0.20658675,-0.0033985646,-0.33048365,0.5493368,0.40725642,-0.12016874,0.45452964,0.9392857,0.7381054,0.7600352
k__Bacteria|p__Bacteroidetes|c__Bacteroidia|o__Bacteroidales|f__Bacteroidaceae|g__Bacteroides|s__fragilis,-0.28271136,-0.16778088,-0.32328734,-0.31718764,0.76430225,-0.18973923,-0.3258366,-0.3327108,1.3127434,1.200991,-0.1365933,-0.32539368,-0.31133458,-0.31570548,-0.3099353,-0.16361263,0.76515937,1.1806471,-0.32946658,0.51839876,-0.26184985,1.2865877,-0.29681087,0.736419,0.666451,-0.26755807,-0.10947229,-0.00151789,-0.31676275,-0.32445285,-0.23875734,-0.073583215,-0.32284898,0.9464174,0.82508,-0.17211941,1.4842417,0.17822886,1.2084874,1.2084874,-0.2443454,-0.30590335,-0.3233376,-0.29767188,0.5843197,-0.17617019,-0.10939541,2.0263197,1.1734746,0.958683,-0.24634947,-0.3272691,-0.32986963,0.5496511,0.7225133,-0.20411447,-0.26286402,-0.29172873,0.97174513,0.7885807,-0.16168271,-0.08063605,1.1317037,0.79011786,0.7446044,1.2723354,0.08036082,-0.27669096,0.8640614,-0.3320185,-0.31161842,-0.16020522,-0.31877366,0.9811705,0.85026044,-0.14929423,0.036064878,-0.32411462,1.0169262,0.7368577,-0.20658675,0.04337705,0.91604996,0.6181579,0.51291925,-0.0980012,0.5372666,0.88097167,0.7215681,0.8028947
k__Bacteria|p__Proteobacteria|c__Gammaproteobacteria|o__Enterobacteriales|f__Enterobacteriaceae|g__Trabulsiella|s__unclassified,-0.28271136,-0.32191688,0.7766038,-0.31718764,-0.3322257,-0.27168652,-0.3258366,-0.3327108,-0.33075604,-0.33005035,-0.2653052,-0.32539368,-0.31133458,-0.31570548,-0.3099353,-0.26614055,-0.3303013,-0.31799185,-0.32946658,-0.32717967,-0.26184985,-0.31223327,-0.29681087,-0.3298624,-0.32951832,-0.26755807,-0.31331414,-0.32225716,-0.31676275,-0.32445285,1.7657133,-0.31929988,-0.32284898,-0.31979084,-0.32378075,-0.27690858,-0.32432246,-0.32205248,-0.3328914,-0.3328914,1.6093037,-0.30590335,-0.3233376,-0.29767188,-0.32874998,-0.26082516,-0.32103723,-0.31715828,-0.310298,-0.3255994,-0.24634947,-0.3272691,-0.32986963,-0.32305944,-0.33487758,-0.20411447,1.4882407,1.1815177,-0.32277873,-0.33141193,-0.27699625,-0.32033852,-0.32636124,-0.32880616,-0.32918844,-0.2850096,-0.31584406,-0.27669096,-0.30985528,-0.3320185,-0.31161842,-0.32123235,-0.31877366,-0.32037857,-0.3308964,-0.2624996,-0.31775132,-0.32411462,-0.30701396,-0.32943356,1.9908922,-0.313006,-0.33048365,-0.3266657,-0.32903296,-0.26853493,-0.31196946,-0.3214015,-0.33007872,-0.33506903
k__Bacteria|p__Proteobacteria|c__Gammaproteobacteria|o__Enterobacteriales|f__Enterobacteriaceae|g__Klebsiella|s__unclassified,1.2906168,-0.32133693,-0.32328734,-0.31718764,-0.3322257,-0.27012095,-0.3258366,-0.3327108,-0.33075604,-0.33005035,-0.26391578,-0.32539368,-0.31133458,-0.31570548,-0.3099353,-0.26450527,-0.3303013,-0.31799185,-0.32946658,-0.32777476,-0.26184985,-0.31223327,-0.29681087,-0.3298624,-0.33057964,1.4148632,-0.31312057,-0.32298765,-0.31676275,-0.32445285,1.7651765,-0.31836262,-0.32284898,-0.31979084,-0.32378075,-0.2743554,-0.32432246,-0.32308412,-0.3328914,-0.3328914,1.607938,-0.30590335,-0.3233376,-0.29767188,-0.32969832,-0.26035205,-0.32007384,-0.31715828,-0.310298,-0.3255994,-0.24634947,-0.3272691,-0.32986963,-0.32394767,-0.33487758,-0.20411447,-0.26286402,-0.29172873,-0.32277873,-0.33141193,-0.27507398,-0.31964666,-0.32636124,-0.32880616,-0.3297007,-0.2850096,-0.31520462,-0.27669096,-0.30985528,-0.3320185,-0.31161842,-0.32020682,-0.31877366,-0.32037857,-0.33150554,-0.26165622,-0.3171726,-0.32411462,-0.30701396,-0.32943356,1.9915736,-0.31313875,-0.33048365,-0.326989,-0.3295511,-0.26758093,0.41561127,-0.3214015,-0.33007872,-0.33506903
k__Bacteria|p__Proteobacteria|c__Gammaproteobacteria|o__Pseudomonadales|f__Moraxellaceae|g__Acinetobacter|s__unclassified,-0.28271136,-0.32131857,-0.32328734,-0.31718764,-0.3322257,-0.27526155,-0.3258366,-0.3327108,-0.33075604,-0.33005035,-0.26966366,-0.32539368,-0.31133458,-0.31570548,-0.3099353,-0.26997,-0.3303013,-0.31799185,-0.32946658,-0.32587156,-0.26184985,-0.31223327,-0.29681087,-0.3298624,-0.3287276,-0.26755807,-0.31427747,-0.32118946,-0.31676275,-0.32445285,-0.23875734,-0.3195667,-0.32284898,-0.31979084,-0.32378075,-0.27907917,-0.32432246,-0.3217459,-0.3328914,-0.3328914,-0.2443454,-0.30590335,-0.3233376,-0.29767188,-0.32785943,-0.26601446,-0.32028112,-0.31715828,-0.310298,-0.3255994,-0.24634947,-0.3272691,-0.32986963,-0.32228854,-0.33487758,-0.20411447,-0.26286402,-0.29172873,-0.32277873,-0.33141193,-0.27919346,-0.32029596,-0.32636124,-0.32880616,-0.32836026,-0.2850096,-0.31613976,-0.27669096,-0.30985528,-0.3320185,-0.31161842,-0.3205253,-0.31877366,-0.32037857,-0.33034742,-0.26690316,-0.3181436,-0.32411462,-0.30701396,-0.32943356,-0.20658675,-0.31469256,-0.33048365,-0.32496208,-0.32794422,-0.2723609,-0.31196946,-0.3214015,-0.33007872,-0.33506903
k__Bacteria|p__Proteobacteria|c__Gammaproteobacteria|o__Aeromonadales|f__unclassified|g__unclassified|s__unclassified,-0.28271136,-0.32140666,0.7928789,-0.31718764,-0.3322257,-0.27551806,-0.3258366,-0.3327108,-0.33075604,-0.33005035,-0.2699576,-0.32539368,-0.31133458,-0.31570548,-0.3099353,-0.27042332,-0.3303013,-0.31799185,-0.32946658,-0.32671082,-0.26184985,-0.31223327,-0.29681087,-0.3298624,-0.3296216,-0.26755807,-0.31427646,-0.32149947,-0.31676275,-0.32445285,-0.23875734,-0.31928092,-0.32284898,-0.31979084,-0.32378075,-0.27939337,-0.32432246,-0.32178068,-0.3328914,-0.3328914,-0.2443454,-0.30590335,-0.3233376,-0.29767188,-0.32845375,-0.26664603,-0.3204515,-0.31715828,-0.310298,-0.3255994,-0.24634947,-0.3272691,-0.32986963,-0.32260346,-0.33487758,-0.20411447,-0.26286402,-0.29172873,-0.32277873,-0.33141193,-0.27959073,-0.32016176,-0.32636124,-0.32880616,-0.32902908,-0.2850096,-0.31637526,-0.27669096,-0.30985528,-0.3320185,-0.31161842,-0.32047722,-0.31877366,-0.32037857,-0.3309365,-0.26764065,-0.31806734,-0.32411462,-0.30701396,-0.32943356,-0.20658675,-0.31455505,-0.33048365,-0.32552403,-0.3286442,-0.27287453,0.3900324,-0.3214015,-0.33007872,-0.33506903
k__Bacteria|p__Proteobacteria|c__Gammaproteobacteria|o__Enterobacteriales|f__Enterobacteriaceae|g__Erwinia|s__unclassified,-0.28271136,-0.32237265,-0.32328734,-0.31718764,-0.3322257,-0.27648008,-0.3258366,-0.3327108,-0.33075604,-0.33005035,-0.27032605,-0.32539368,-0.31133458,-0.31570548,-0.3099353,-0.27136126,-0.3303013,-0.31799185,-0.32946658,-0.32689652,-0.26184985,-0.31223327,-0.29681087,-0.3298624,-0.3302841,-0.26755807,-0.31401736,-0.32196215,-0.31676275,-0.32445285,-0.23875734,-0.31935406,-0.32284898,-0.31979084,-0.32378075,-0.28044456,-0.32432246,-0.32226115,-0.3328914,-0.3328914,-0.2443454,-0.30590335,-0.3233376,-0.29767188,-0.32881123,-0.26758698,-0.32107276,-0.31715828,-0.310298,-0.3255994,-0.24634947,-0.3272691,-0.32986963,-0.32254267,-0.33487758,-0.20411447,-0.26286402,1.1687187,-0.32277873,-0.33141193,-0.28088766,-0.32062775,-0.32636124,-0.32880616,-0.3290331,-0.2850096,-0.31712648,-0.27669096,-0.30985528,-0.3320185,-0.31161842,-0.32089302,-0.31877366,-0.32037857,-0.33081824,-0.26867288,-0.3182236,-0.32411462,-0.30701396,-0.32943356,-0.20658675,-0.3144575,-0.33048365,-0.3260271,-0.32906246,-0.2740813,0.39179337,-0.3214015,-0.33007872,-0.33506903
k__Bacteria|p__Proteobacteria|c__Gammaproteobacteria|o__Enterobacteriales|f__Enterobacteriaceae|g__Citrobacter|s__unclassified,-0.28271136,-0.32231092,1.1223614,-0.31718764,0.56670225,-0.27552474,-0.3258366,-0.3327108,-0.33075604,-0.33005035,-0.27018246,-0.32539368,-0.31133458,-0.31570548,0.92505085,-0.2706597,-0.3303013,0.9074569,-0.32946658,-0.32612494,-0.26184985,-0.31223327,1.1157562,-0.3298624,-0.32932925,-0.26755807,-0.31404674,-0.32102957,-0.31676275,-0.32445285,-0.23875734,-0.31978685,-0.32284898,-0.31979084,0.70343935,-0.2797662,-0.32432246,-0.32155192,-0.3328914,-0.3328914,-0.2443454,-0.30590335,-0.3233376,-0.29767188,-0.32780844,-0.266786,-0.32131213,0.8522127,-0.310298,-0.3255994,-0.24634947,-0.3272691,-0.32986963,-0.32283026,-0.33487758,-0.20411447,-0.26286402,1.6774412,-0.32277873,-0.33141193,-0.2803939,-0.32077974,-0.32636124,-0.32880616,-0.32890663,-0.2850096,-0.31833664,-0.27669096,-0.30985528,-0.3320185,-0.31161842,-0.32125843,-0.31877366,-0.32037857,-0.3307804,-0.26815444,-0.31917787,-0.32411462,-0.30701396,-0.32943356,-0.20658675,-0.31479758,-0.33048365,-0.32636404,-0.32808703,-0.27353513,0.39126542,-0.3214015,-0.33007872,-0.33506903
k__Bacteria|p__Proteobacteria|c__Gammaproteobacteria|o__Pasteurellales|f__Pasteurellaceae|g__Aggregatibacter|s__unclassified,-0.28271136,-0.32156095,-0.32328734,-0.31718764,-0.3322257,-0.27623755,-0.3258366,-0.3327108,-0.33075604,-0.33005035,-0.27062613,-0.32539368,-0.31133458,-0.31570548,-0.3099353,-0.27076876,-0.3303013,-0.31799185,-0.32946658,-0.32604897,-0.26184985,-0.31223327,-0.29681087,-0.3298624,-0.3288477,-0.26755807,-0.31487375,-0.32124826,-0.31676275,-0.32445285,-0.23875734,-0.3199069,-0.32284898,-0.31979084,-0.32378075,-0.28007156,-0.32432246,-0.32193917,-0.3328914,-0.3328914,-0.2443454,-0.30590335,-0.3233376,-0.29767188,-0.32809955,-0.26695,-0.32051855,-0.31715828,-0.310298,-0.3255994,-0.24634947,-0.3272691,-0.32986963,-0.32244924,-0.33487758,-0.20411447,-0.26286402,-0.29172873,-0.32277873,-0.33141193,-0.28010216,-0.32049465,-0.32636124,-0.32880616,-0.32863808,-0.2850096,-0.31606305,-0.27669096,-0.30985528,-0.3320185,-0.31161842,-0.32063627,-0.31877366,-0.32037857,-0.33084103,-0.26766485,-0.3184787,-0.32411462,-0.30701396,-0.32943356,-0.20658675,-0.31528646,-0.33048365,-0.32486144,-0.3280928,-0.27308366,-0.31196946,-0.3214015,-0.33007872,-0.33506903
k__Bacteria|p__Proteobacteria|c__Alphaproteobacteria|o__Rickettsiales|f__mitochondria|g__unclassified|s__unclassified,-0.28271136,-0.32108986,-0.32328734,-0.31718764,-0.3322257,-0.27520245,-0.3258366,-0.3327108,-0.33075604,-0.33005035,-0.2694975,-0.32539368,-0.31133458,-0.31570548,-0.3099353,-0.26969483,-0.3303013,-0.31799185,-0.32946658,-0.32594234,-0.26184985,-0.31223327,-0.29681087,-0.3298624,-0.3288966,-0.26755807,-0.31416485,-0.32129383,-0.31676275,-0.32445285,-0.23875734,-0.3193193,-0.32284898,-0.31979084,-0.32378075,-0.2788425,-0.32432246,-0.32199547,-0.3328914,-0.3328914,-0.2443454,-0.30590335,-0.3233376,-0.29767188,-0.32820314,-0.26594344,-0.31998676,-0.31715828,-0.310298,-0.3255994,-0.24634947,0.7411552,-0.32986963,-0.3224094,-0.33487758,-0.20411447,-0.26286402,-0.29172873,-0.32277873,-0.33141193,-0.27902752,-0.3200834,-0.32636124,-0.32880616,-0.32848537,-0.2850096,-0.3157848,-0.27669096,-0.30985528,-0.3320185,-0.31161842,-0.3201957,-0.31877366,-0.32037857,-0.33066693,-0.26670158,-0.3179381,-0.32411462,-0.30701396,-0.32943356,-0.20658675,-0.31472778,-0.33048365,-0.3248959,-0.32804477,-0.27221447,-0.31196946,-0.3214015,-0.33007872,-0.33506903
k__Bacteria|p__Proteobacteria|c__Gammaproteobacteria|o__Enterobacteriales|f__Enterobacteriaceae|g__unclassified|s__unclassified,1.4591601,0.98962855,0.87503946,0.8306259,0.5670497,1.3118033,1.0470415,0.7319986,1.0308574,-0.33005035,1.2440732,0.74786085,-0.31133458,0.892008,0.94323146,1.2594343,0.8294243,1.0627989,-0.32946658,0.24880672,1.863828,0.97313523,1.2283087,-0.3298624,0.17761147,1.7334741,1.0518985,0.76262033,-0.31676275,0.73184955,1.789054,0.98469806,0.91986865,0.8543726,0.7988952,1.2499633,0.89243096,0.6394609,-0.3328914,-0.3328914,1.6518496,1.059417,0.83928907,1.0625917,0.23628053,1.292389,0.93813336,0.95974004,0.97648597,0.71621144,1.6125339,0.7404896,0.69604987,0.20839444,-0.33487758,2.7769518,-0.26286402,2.1701,-0.32277873,0.64441866,1.1942852,0.960789,0.68029845,-0.32880616,0.10039139,1.2788992,0.7524429,-0.27669096,-0.30985528,0.65503824,1.1268115,0.97048086,-0.31877366,-0.32037857,0.06272146,1.2162595,0.8470148,0.7272104,-0.30701396,0.7580409,2.0845127,0.93734604,-0.33048365,0.10565503,0.28289634,1.1853427,2.1575375,0.84938335,0.62980455,-0.33506903
k__Bacteria|p__Proteobacteria|c__Gammaproteobacteria|o__Enterobacteriales|f__Enterobacteriaceae|g__Enterobacter|s__hormaechei,1.2991118,-0.004082553,0.7921768,-0.31718764,-0.3322257,0.39126834,0.7723446,-0.3327108,-0.33075604,-0.33005035,0.3901017,-0.32539368,-0.31133458,0.8849984,-0.3099353,0.38118792,-0.3303013,-0.31799185,-0.32946658,-0.344409,-0.26184985,-0.31223327,1.1205598,-0.3298624,-0.32475388,1.4252449,0.10866302,-0.13308203,-0.31676275,-0.32445285,2.1170454,0.05021772,0.87595963,-0.31979084,-0.32378075,0.3304006,0.7710657,-0.13788766,-0.3328914,-0.3328914,2.5693183,1.0339742,0.7761516,1.0918738,-0.32906234,0.42057717,-0.010075938,0.8528955,-0.310298,-0.3255994,1.6885846,-0.3272691,0.7004156,-0.31843457,-0.33487758,-0.20411447,-0.26286402,1.2500726,-0.32277873,-0.33141193,0.2944401,0.022832777,-0.32636124,-0.32880616,-0.34087875,-0.2850096,-0.031225957,-0.27669096,-0.30985528,-0.3320185,-0.31161842,-0.014481034,-0.31877366,-0.32037857,-0.31905818,0.37080896,0.011441179,-0.32411462,-0.30701396,0.5918944,2.457012,0.10044855,-0.33048365,-0.3727729,-0.32725206,0.3519695,0.48030278,-0.3214015,-0.33007872,-0.33506903
k__Bacteria|p__Proteobacteria|c__Gammaproteobacteria|o__Pasteurellales|f__Pasteurellaceae|g__Actinobacillus|s__unclassified,-0.28271136,-0.3181806,-0.32328734,0.8197814,-0.3322257,-0.27375075,0.8136967,-0.3327108,-0.33075604,-0.33005035,-0.26821834,0.8252372,-0.31133458,-0.31570548,-0.3099353,-0.26928556,0.7689887,0.90362084,-0.32946658,-0.32497096,-0.26184985,0.9273113,-0.29681087,-0.3298624,-0.3281716,-0.26755807,-0.3106761,-0.3186378,-0.31676275,0.73694134,-0.23875734,-0.31698257,-0.32284898,-0.31979084,-0.32378075,-0.27788538,-0.32432246,-0.31990042,-0.3328914,-0.3328914,-0.2443454,-0.30590335,-0.3233376,-0.29767188,-0.3276698,-0.26462966,-0.3170652,0.8525054,-0.310298,0.71347547,-0.24634947,-0.3272691,-0.32986963,-0.32173017,-0.33487758,-0.20411447,-0.26286402,-0.29172873,-0.32277873,-0.33141193,-0.2776968,-0.3177336,-0.32636124,0.6244109,-0.32744697,-0.2850096,-0.3136944,-0.27669096,-0.30985528,-0.3320185,-0.31161842,-0.3174603,0.85273755,-0.32037857,-0.3294432,-0.265517,-0.31511408,0.7208719,-0.30701396,0.6033857,-0.20658675,-0.3117957,-0.33048365,-0.32463086,-0.3272767,-0.27154917,-0.31196946,-0.3214015,-0.33007872,-0.33506903
k__Bacteria|p__Proteobacteria|c__Gammaproteobacteria|o__Enterobacteriales|f__Enterobacteriaceae|g__Escherichia|s__unclassified,-0.28271136,0.5442207,0.83008015,0.85440165,0.5767783,0.18242276,0.77642196,0.610416,0.78834724,-0.33005035,0.10671499,0.7423663,-0.31133458,0.86406875,0.9242829,0.14910094,0.7531943,0.99683994,-0.32946658,0.12244485,2.1738796,0.9500002,1.1692293,-0.3298624,-0.0526569,-0.26755807,0.3893882,0.497401,-0.31676275,-0.32445285,-0.23875734,0.40209633,0.9769375,-0.31979084,0.7455986,0.22243257,0.81265306,0.30356735,-0.3328914,-0.3328914,-0.2443454,-0.30590335,0.78192174,-0.29767188,0.044009842,0.11264053,0.486076,0.852164,-0.310298,-0.3255994,-0.24634947,-0.3272691,0.6844192,0.04724922,-0.33487758,2.4262984,-0.26286402,-0.29172873,-0.32277873,0.63815606,0.2298601,0.43220502,0.68029845,-0.32880616,-0.12781313,1.2648556,0.26641947,-0.27669096,-0.30985528,0.6201639,1.3281633,0.5466534,-0.31877366,-0.32037857,-0.25556636,0.12304157,0.2988489,0.7099117,-0.30701396,0.631869,-0.20658675,0.22225404,-0.33048365,0.017767929,0.11811965,0.09720376,-0.31196946,-0.3214015,0.6168189,-0.33506903
k__Bacteria|p__Proteobacteria|c__Gammaproteobacteria|o__Pasteurellales|f__Pasteurellaceae|g__Haemophilus|s__parainfluenzae,-0.28271136,-0.3084346,0.7963822,-0.31718764,-0.3322257,-0.26647943,-0.3258366,-0.3327108,-0.33075604,-0.33005035,-0.26269546,0.7468641,0.9386662,-0.31570548,-0.3099353,-0.2632788,-0.3303013,0.90382314,-0.32946658,-0.32588276,-0.26184985,0.92998993,-0.29681087,-0.3298624,-0.32918686,-0.26755807,-0.30316016,-0.31277508,-0.31676275,0.7310242,-0.23875734,-0.30848914,0.90231436,-0.31979084,-0.32378075,-0.27030063,0.78407824,-0.31528038,0.60993147,0.60993147,-0.2443454,1.0135772,-0.3233376,-0.29767188,-0.3286277,-0.25912303,-0.30828202,-0.31715828,-0.310298,0.7152352,-0.24634947,0.7414213,0.69885856,-0.32218444,-0.33487758,1.9719518,1.4839811,-0.29172873,-0.32277873,-0.33141193,-0.26985192,-0.30902362,-0.32636124,-0.32880616,-0.32946587,-0.2850096,-0.30639976,-0.27669096,-0.30985528,-0.3320185,0.93833756,-0.30848798,0.8515136,-0.32037857,-0.33189362,-0.25996375,-0.30782986,-0.32411462,-0.30701396,0.6039837,-0.20658675,-0.30525738,-0.33048365,-0.32484424,-0.32767063,-0.26496983,-0.31196946,-0.3214015,-0.33007872,-0.33506903
k__Bacteria|p__Proteobacteria|c__Betaproteobacteria|o__Burkholderiales|f__Alcaligenaceae|g__Sutterella|s__unclassified,-0.28271136,0.52528286,-0.32328734,-0.31718764,0.83567923,-0.10025412,1.4410965,0.8392248,1.1976002,1.3121611,-0.079768546,1.3667103,1.5174404,1.3930231,-0.3099353,-0.083911285,-0.3303013,-0.31799185,-0.32946658,0.8796178,-0.26184985,1.2723725,-0.29681087,1.0156946,0.8581445,-0.26755807,0.36074314,0.69965905,1.3837147,1.1654892,-0.23875734,0.44133747,-0.32284898,1.3768593,-0.32378075,-0.053184737,-0.32432246,0.71547097,0.66220075,0.66220075,-0.2443454,-0.30590335,0.7747276,1.181734,0.88739204,-0.10020997,0.51262283,-0.31715828,1.1437185,0.8540029,-0.24634947,-0.3272691,0.7084732,0.91999424,0.8729177,-0.20411447,-0.26286402,-0.29172873,1.3214175,0.9149545,0.027804725,0.48608157,0.8118062,0.8364891,0.8650043,-0.2850096,0.57850075,-0.27669096,0.86581326,0.8832372,-0.31161842,0.5338298,1.5304493,0.87972826,0.83476424,-0.044713788,0.5100631,-0.32411462,1.1510648,0.6816002,-0.20658675,0.3974766,1.2090852,0.96429384,0.8578489,-0.016105833,0.5071543,1.2733878,1.2099097,0.8716997
k__Bacteria|p__Proteobacteria|c__Gammaproteobacteria|o__Pasteurellales|f__Pasteurellaceae|g__Haemophilus|s__unclassified,-0.28271136,0.95361793,1.0501442,0.8306259,0.5680913,0.7839368,0.7880527,-0.3327108,0.70624435,0.67320096,0.6963002,0.95427823,0.98752326,0.8751805,0.97695524,0.7456652,0.875136,1.0627989,-0.32946658,0.71483517,1.4504809,1.0638359,1.1671987,0.73651135,0.61707115,1.4266523,0.8993979,0.9128128,0.878473,0.7786403,-0.23875734,0.8990009,1.3968563,0.8661797,0.7011616,0.850091,1.0372256,0.7989937,0.60399556,0.60399556,1.6059386,1.1294252,-0.3233376,1.0620698,0.6594809,0.65571654,0.9455542,0.8555246,0.9836111,0.9499157,-0.24634947,1.3210824,1.2923373,0.63868546,0.64317954,1.9702644,1.4747916,-0.29172873,-0.32277873,-0.33141193,0.80328095,0.90251034,-0.32636124,0.69449085,0.5951669,-0.2850096,0.756867,-0.27669096,-0.30985528,-0.3320185,1.0226008,0.9564034,0.8960495,0.9215736,0.5402167,0.67522246,0.81000483,0.73991656,-0.30701396,0.7539841,-0.20658675,0.77681077,0.64389867,0.6521622,0.7106979,0.6778307,0.3868549,0.8466389,0.63141596,0.59690046
k__Bacteria|p__Proteobacteria|c__Alphaproteobacteria|o__RF32|f__unclassified|g__unclassified|s__unclassified,-0.28271136,-0.31683922,-0.32328734,-0.31718764,0.7575573,-0.26727802,-0.3258366,-0.3327108,0.7239371,0.6927362,-0.25551504,-0.32539368,-0.31133458,-0.31570548,-0.3099353,-0.26451877,-0.3303013,-0.31799185,-0.32946658,-0.13485807,-0.26184985,-0.31223327,-0.29681087,-0.3298624,-0.09303035,-0.26755807,-0.3000841,-0.28651652,-0.31676275,-0.32445285,-0.23875734,-0.2935993,-0.32284898,-0.31979084,-0.32378075,-0.2681398,-0.32432246,-0.2441617,0.9252892,0.9252892,-0.2443454,-0.30590335,-0.3233376,-0.29767188,-0.12004414,-0.25573993,-0.30517656,-0.31715828,-0.310298,0.7101431,-0.24634947,-0.3272691,-0.32986963,-0.15529236,0.70824355,-0.20411447,-0.26286402,-0.29172873,-0.32277873,0.8015362,-0.266961,-0.29652625,-0.32636124,0.894424,-0.0791596,-0.2850096,-0.2619633,-0.27669096,0.893433,1.1906842,-0.31161842,-0.31738174,-0.31877366,-0.32037857,-0.051501863,-0.25699618,-0.27052173,-0.32411462,1.0683681,-0.32943356,-0.20658675,-0.26426366,-0.33048365,-0.1424888,-0.13053277,-0.2478591,0.39758262,-0.3214015,0.65958023,0.60021013
k__Bacteria|p__Actinobacteria|c__Actinobacteria|o__Actinomycetales|f__Actinomycetaceae|g__Actinomyces|s__unclassified,1.4257724,-0.31863135,-0.32328734,-0.31718764,-0.3322257,-0.26569578,-0.3258366,-0.3327108,-0.33075604,-0.33005035,-0.26012745,-0.32539368,-0.31133458,-0.31570548,-0.3099353,-0.26030618,-0.3303013,-0.31799185,0.71606463,-0.32464218,1.4496787,-0.31223327,1.1353585,-0.3298624,-0.32783794,-0.26755807,-0.30909014,-0.31923127,-0.31676275,-0.32445285,1.7685717,-0.3160446,-0.32284898,-0.31979084,-0.32378075,-0.27018738,-0.32432246,-0.31968254,-0.3328914,-0.3328914,1.6138079,1.0222162,0.77244496,-0.29767188,-0.32706743,-0.25606617,-0.31728506,-0.31715828,-0.310298,-0.3255994,-0.24634947,-0.3272691,-0.32986963,-0.32157505,-0.33487758,-0.20411447,-0.26286402,1.173375,-0.32277873,-0.33141193,-0.271397,-0.3173283,-0.32636124,-0.32880616,-0.32716382,-0.2850096,-0.31401938,-0.27669096,-0.30985528,-0.3320185,-0.31161842,-0.31811354,-0.31877366,-0.32037857,-0.3290752,-0.25750297,-0.31516734,-0.32411462,-0.30701396,-0.32943356,-0.20658675,-0.3099803,-0.33048365,-0.32475466,-0.3267967,-0.2640836,-0.31196946,-0.3214015,-0.33007872,-0.33506903
k__Bacteria|p__Actinobacteria|c__Actinobacteria|o__Actinomycetales|f__Actinomycetaceae|g__Parascardovia|s__unclassified,-0.28271136,-0.32050204,-0.32328734,-0.31718764,-0.3322257,-0.2747751,-0.3258366,-0.3327108,-0.33075604,-0.33005035,-0.26913762,-0.32539368,-0.31133458,-0.31570548,-0.3099353,-0.26984477,-0.3303013,-0.31799185,-0.32946658,-0.32556033,-0.26184985,-0.31223327,-0.29681087,-0.3298624,-0.32841313,-0.26755807,-0.313312,-0.32048392,-0.31676275,-0.32445285,1.7786888,-0.31865412,-0.32284898,-0.31979084,-0.32378075,-0.2787671,-0.32432246,-0.32107195,-0.3328914,-0.3328914,-0.2443454,-0.30590335,0.77254015,-0.29767188,-0.32752734,-0.26561376,-0.31948105,-0.31715828,-0.310298,-0.3255994,-0.24634947,-0.3272691,-0.32986963,-0.32190946,-0.33487758,-0.20411447,-0.26286402,-0.29172873,-0.32277873,-0.33141193,-0.27880573,-0.31944215,-0.32636124,-0.32880616,-0.32794064,-0.2850096,-0.31551138,-0.27669096,-0.30985528,-0.3320185,-0.31161842,-0.31963575,-0.31877366,-0.32037857,-0.32976058,-0.2666651,-0.317187,-0.32411462,-0.30701396,-0.32943356,-0.20658675,-0.31365323,-0.33048365,-0.32483917,-0.32755142,-0.27213904,-0.31196946,-0.3214015,-0.33007872,-0.33506903
k__Bacteria|p__Actinobacteria|c__Actinobacteria|o__Actinomycetales|f__Corynebacteriaceae|g__Corynebacterium|s__unclassified,-0.28271136,-0.3213475,-0.32328734,-0.31718764,-0.3322257,-0.2751062,-0.3258366,-0.3327108,-0.33075604,-0.33005035,-0.26924893,-0.32539368,-0.31133458,-0.31570548,-0.3099353,-0.27017528,-0.3303013,-0.31799185,-0.32946658,-0.32564202,-0.26184985,-0.31223327,-0.29681087,-0.3298624,-0.32855475,-0.26755807,-0.31350005,-0.32112092,-0.31676275,-0.32445285,-0.23875734,-0.3190433,-0.32284898,-0.31979084,-0.32378075,-0.27918118,-0.32432246,-0.32162863,-0.3328914,-0.3328914,-0.2443454,-0.30590335,-0.3233376,-0.29767188,-0.32759497,-0.26600438,-0.32005745,-0.31715828,-0.310298,-0.3255994,-0.24634947,-0.3272691,-0.32986963,-0.3219248,-0.33487758,-0.20411447,-0.26286402,-0.29172873,-0.32277873,-0.33141193,-0.2794131,-0.3200444,-0.32636124,-0.32880616,-0.32767034,-0.2850096,-0.31574443,-0.27669096,-0.30985528,-0.3320185,-0.31161842,-0.32030165,-0.31877366,-0.32037857,-0.32935685,-0.26695326,-0.3174831,-0.32411462,-0.30701396,-0.32943356,-0.20658675,-0.31376335,-0.33048365,-0.32484055,-0.32779574,-0.27261013,-0.31196946,-0.3214015,-0.33007872,-0.33506903
k__Bacteria|p__Actinobacteria|c__Actinobacteria|o__Actinomycetales|f__Micrococcaceae|g__Rothia|s__mucilaginosa,-0.28271136,-0.32187068,-0.32328734,-0.31718764,-0.3322257,-0.2758926,-0.3258366,-0.3327108,-0.33075604,-0.33005035,-0.27035826,-0.32539368,-0.31133458,-0.31570548,-0.3099353,-0.27103746,-0.3303013,-0.31799185,-0.32946658,-0.3275668,1.4488758,-0.31223327,-0.29681087,-0.3298624,-0.33019888,-0.26755807,-0.31492335,-0.3223945,-0.31676275,-0.32445285,1.7644602,-0.3198263,-0.32284898,-0.31979084,-0.32378075,-0.279893,-0.32432246,-0.3225144,-0.3328914,-0.3328914,-0.2443454,-0.30590335,-0.3233376,-0.29767188,-0.3291149,-0.2669543,-0.3210833,-0.31715828,-0.310298,-0.3255994,-0.24634947,-0.3272691,-0.32986963,-0.32343554,-0.33487758,-0.20411447,-0.26286402,-0.29172873,-0.32277873,-0.33141193,-0.27993777,-0.32072735,-0.32636124,-0.32880616,-0.3296715,-0.2850096,-0.3169359,-0.27669096,-0.30985528,-0.3320185,-0.31161842,-0.32110125,-0.31877366,-0.32037857,-0.33138683,-0.26813293,-0.31850076,-0.32411462,-0.30701396,-0.32943356,-0.20658675,-0.31494725,-0.33048365,-0.3265009,-0.32934093,-0.27327287,0.3884449,-0.3214015,-0.33007872,-0.33506903
k__Bacteria|p__Actinobacteria|c__Actinobacteria|o__Bifidobacteriales|f__Bifidobacteriaceae|g__Bifidobacterium|s__longum,1.378869,1.0598259,1.2331228,-0.31718764,0.56595737,1.116375,0.98954165,0.85041636,0.7149894,0.73089176,1.0137539,0.77839863,0.9594391,0.9097015,-0.3099353,1.0624492,0.94579095,1.0901951,0.74854827,0.6962334,1.5773348,0.94371665,1.1598879,0.7544834,0.6509067,1.4233654,1.0725204,0.9223273,0.86246014,0.78740966,-0.23875734,1.059388,0.9784772,0.90212,-0.32378075,1.1838366,1.1820736,0.8380089,0.6324291,0.6324291,-0.2443454,1.417218,0.85921717,-0.29767188,0.6521678,0.9528816,1.0720906,1.1805558,1.0422087,0.7218551,1.7743685,0.86526304,0.7799367,0.6339414,0.64030355,-0.20411447,-0.26286402,1.4862119,0.7836798,0.6591531,1.1012281,1.0399153,0.68926066,0.67256236,0.65026456,1.4012556,0.8927405,-0.27669096,-0.30985528,0.6299738,1.1029414,1.0561585,0.8788449,0.8482947,0.6395478,0.9654346,0.9647167,0.7097586,-0.30701396,0.6033259,-0.20658675,0.96539426,0.90478355,0.66187084,0.7027099,0.9847468,0.73434216,1.02214,0.706801,0.5960713
k__Bacteria|p__Actinobacteria|c__Actinobacteria|o__Bifidobacteriales|f__Bifidobacteriaceae|g__Bifidobacterium|s__adolescentis,-0.28271136,-0.3139676,0.78087515,-0.31718764,-0.3322257,-0.26813117,1.4460559,1.4467334,1.1419995,1.1679641,-0.26333037,-0.32539368,-0.31133458,-0.31570548,-0.3099353,-0.26375622,-0.3303013,-0.31799185,0.7913771,-0.32501101,1.4491435,-0.31223327,-0.29681087,0.74823445,-0.32721722,-0.26755807,-0.30725464,-0.31665137,-0.31676275,-0.32445285,-0.23875734,-0.31151813,1.1013774,0.86382943,-0.32378075,-0.2715801,0.77429086,-0.31713825,0.6408804,0.6408804,-0.2443454,-0.30590335,-0.3233376,-0.29767188,-0.32659018,-0.2607318,-0.3131448,-0.31715828,-0.310298,-0.3255994,-0.24634947,-0.3272691,0.8920909,-0.32032615,-0.33487758,-0.20411447,-0.26286402,1.1739942,-0.32277873,-0.33141193,-0.2720436,-0.31255156,-0.32636124,-0.32880616,-0.3267753,1.4795346,-0.30983704,-0.27669096,-0.30985528,0.63460004,0.93647844,-0.31298056,-0.31877366,0.8474649,-0.32825345,-0.2618244,-0.31087315,-0.32411462,-0.30701396,-0.32943356,-0.20658675,-0.30771893,-0.33048365,-0.3230893,-0.32643422,-0.26601058,0.39038485,-0.3214015,-0.33007872,-0.33506903
k__Bacteria|p__Actinobacteria|c__Actinobacteria|o__Bifidobacteriales|f__Bifidobacteriaceae|g__Bifidobacterium|s__unclassified,1.2909327,0.7519734,0.8019621,-0.31718764,0.59629357,0.9885832,0.7702996,0.5592709,-0.33075604,-0.33005035,0.91533375,0.75431573,-0.31133458,-0.31570548,-0.3099353,0.94326526,0.7867929,0.90362084,1.2601771,0.4783985,1.725034,-0.31223327,-0.29681087,0.76522136,0.526583,-0.26755807,0.8385502,0.593451,-0.31676275,-0.32445285,-0.23875734,0.82860756,-0.32284898,-0.31979084,-0.32378075,1.0465099,0.7784972,0.6069666,-0.3328914,-0.3328914,-0.2443454,2.016435,1.0030612,-0.29767188,0.47420526,0.8297969,0.7982274,0.866742,-0.310298,0.7105357,1.7854562,1.1647794,0.89619267,0.49796832,0.7848596,-0.20411447,-0.26286402,1.1693408,1.2646878,0.7372429,0.9571779,0.7899501,0.8644689,0.96800953,0.57536143,1.2209543,0.7354183,-0.27669096,-0.30985528,-0.3320185,0.9766007,0.74606204,0.86020154,-0.32037857,0.634622,0.8494048,0.78725207,0.7828026,0.9661,0.7555266,-0.20658675,0.816944,0.6468737,0.55519426,0.48490703,0.8946997,0.39740768,0.8461068,-0.33007872,0.67835885
k__Bacteria|p__Cyanobacteria|c__4C0d-2|o__YS2|f__unclassified|g__unclassified|s__unclassified,-0.28271136,-0.32279295,-0.32328734,-0.31718764,-0.3322257,-0.2771412,-0.3258366,-0.3327108,-0.33075604,-0.33005035,-0.2709255,-0.32539368,-0.31133458,-0.31570548,-0.3099353,-0.27175608,-0.3303013,-0.31799185,-0.32946658,-0.3254385,-0.26184985,-0.31223327,-0.29681087,-0.3298624,-0.32772285,-0.26755807,-0.3152957,-0.32247797,-0.31676275,-0.32445285,-0.23875734,-0.31978482,-0.32284898,-0.31979084,-0.32378075,-0.2810437,-0.32432246,-0.32220075,-0.3328914,-0.3328914,-0.2443454,-0.30590335,-0.3233376,-0.29767188,-0.32717663,-0.2679304,-0.3214888,-0.31715828,-0.310298,-0.3255994,-0.24634947,-0.3272691,-0.32986963,-0.32150906,-0.33487758,-0.20411447,-0.26286402,-0.29172873,-0.32277873,0.65570563,-0.2812196,-0.32077533,-0.32636124,-0.32880616,-0.32677272,-0.2850096,-0.31643277,-0.27669096,0.88316476,0.627775,-0.31161842,-0.3212766,-0.31877366,-0.32037857,-0.32837605,-0.2689423,-0.31828165,-0.32411462,-0.30701396,-0.32943356,-0.20658675,-0.3150342,-0.33048365,-0.32430863,-0.3272068,-0.2739238,-0.31196946,0.84902966,0.63771725,0.7565088
k__Bacteria|p__Cyanobacteria|c__Chloroplast|o__Streptophyta|f__unclassified|g__unclassified|s__unclassified,-0.28271136,-0.32162255,-0.32328734,-0.31718764,-0.3322257,-0.27597776,-0.3258366,-0.3327108,-0.33075604,-0.33005035,-0.27058902,-0.32539368,-0.31133458,-0.31570548,-0.3099353,-0.27129546,-0.3303013,-0.31799185,-0.32946658,-0.32621217,-0.26184985,-0.31223327,-0.29681087,-0.3298624,-0.32913554,-0.26755807,-0.31462893,-0.32178408,-0.31676275,-0.32445285,-0.23875734,-0.31977618,-0.32284898,-0.31979084,-0.32378075,-0.27993643,-0.32432246,-0.32185453,-0.3328914,-0.3328914,-0.2443454,-0.30590335,-0.3233376,-0.29767188,-0.32784265,-0.2671089,-0.3208551,-0.31715828,-0.310298,-0.3255994,-0.24634947,-0.3272691,-0.32986963,-0.32248187,0.6349874,-0.20411447,-0.26286402,-0.29172873,-0.32277873,-0.33141193,-0.27998564,-0.3207025,-0.32636124,-0.32880616,-0.32845044,-0.2850096,-0.31697458,-0.27669096,-0.30985528,-0.3320185,-0.31161842,-0.32106155,-0.31877366,-0.32037857,-0.33019596,-0.26826838,-0.3184576,-0.32411462,-0.30701396,-0.32943356,-0.20658675,-0.31479347,-0.33048365,-0.3255856,-0.32811284,-0.27359837,-0.31196946,-0.3214015,-0.33007872,-0.33506903
k__Bacteria|p__Fusobacteria|c__Fusobacteria|o__Fusobacteriales|f__Fusobacteriaceae|g__Fusobacterium|s__unclassified,1.3269185,-0.31917027,-0.32328734,-0.31718764,-0.3322257,-0.27231127,-0.3258366,-0.3327108,-0.33075604,-0.33005035,-0.2667933,0.8722917,-0.31133458,-0.31570548,-0.3099353,-0.26719254,-0.3303013,-0.31799185,-0.32946658,-0.3256076,-0.26184985,-0.31223327,-0.29681087,-0.3298624,-0.32873094,-0.26755807,-0.31202874,-0.32030183,-0.31676275,-0.32445285,-0.23875734,-0.31718755,-0.32284898,-0.31979084,-0.32378075,-0.2760728,-0.32432246,-0.32091373,-0.3328914,-0.3328914,-0.2443454,1.0286467,-0.3233376,-0.29767188,-0.32772404,-0.26343063,-0.31809828,-0.31715828,-0.310298,-0.3255994,-0.24634947,-0.3272691,-0.32986963,-0.3220076,-0.33487758,-0.20411447,-0.26286402,-0.29172873,0.76641244,-0.33141193,-0.2764273,-0.31817788,-0.32636124,-0.32880616,-0.32796207,-0.2850096,-0.31390464,-0.27669096,-0.30985528,-0.3320185,0.9339943,-0.3183278,-0.31877366,-0.32037857,-0.33004212,-0.26425597,-0.31596762,-0.32411462,-0.30701396,-0.32943356,-0.20658675,-0.3126138,-0.33048365,-0.3246315,-0.32762244,-0.2698723,-0.31196946,-0.3214015,-0.33007872,-0.33506903
k__Bacteria|p__Fusobacteria|c__Fusobacteria|o__Fusobacteriales|f__Fusobacteriaceae|g__unclassified|s__unclassified,-0.28271136,-0.3215441,-0.32328734,-0.31718764,-0.3322257,-0.27599642,-0.3258366,-0.3327108,-0.33075604,-0.33005035,-0.27072534,-0.32539368,-0.31133458,-0.31570548,-0.3099353,-0.2711804,-0.3303013,-0.31799185,-0.32946658,-0.3265376,-0.26184985,-0.31223327,-0.29681087,-0.3298624,-0.32915795,-0.26755807,-0.31493562,-0.32172394,-0.31676275,-0.32445285,-0.23875734,-0.31998074,-0.32284898,-0.31979084,-0.32378075,-0.28008324,-0.32432246,-0.32199472,-0.3328914,-0.3328914,-0.2443454,-0.30590335,-0.3233376,-0.29767188,-0.32815135,-0.26698905,-0.32079625,-0.31715828,-0.310298,-0.3255994,-0.24634947,-0.3272691,-0.32986963,-0.32286537,-0.33487758,-0.20411447,-0.26286402,-0.29172873,-0.32277873,0.63771665,-0.28002316,-0.3207032,-0.32636124,-0.32880616,-0.32883388,-0.2850096,-0.3164633,-0.27669096,-0.30985528,-0.3320185,-0.31161842,-0.32108262,-0.31877366,-0.32037857,-0.33072186,-0.26797032,-0.31857044,-0.32411462,-0.30701396,-0.32943356,-0.20658675,-0.31501558,-0.33048365,-0.325553,-0.32840788,-0.27330968,-0.31196946,-0.3214015,-0.33007872,-0.33506903
k__Bacteria|p__Tenericutes|c__Mollicutes|o__RF39|f__unclassified|g__unclassified|s__unclassified,-0.28271136,-0.32181257,-0.32328734,-0.31718764,-0.3322257,-0.27583653,-0.3258366,-0.3327108,-0.33075604,-0.33005035,-0.27046728,-0.32539368,-0.31133458,-0.31570548,-0.3099353,-0.27124143,-0.3303013,-0.31799185,-0.32946658,-0.32640654,-0.26184985,-0.31223327,-0.29681087,-0.3298624,-0.3287047,-0.26755807,-0.3147576,-0.3222924,-0.31676275,-0.32445285,-0.23875734,-0.3199449,-0.32284898,-0.31979084,-0.32378075,-0.27987528,-0.32432246,-0.32222295,-0.3328914,-0.3328914,-0.2443454,-0.30590335,-0.3233376,-0.29767188,-0.32809395,-0.26678896,-0.3210479,-0.31715828,-0.310298,-0.3255994,-0.24634947,-0.3272691,-0.32986963,-0.32290718,-0.33487758,-0.20411447,-0.26286402,-0.29172873,-0.32277873,-0.33141193,-0.279817,-0.32081315,-0.32636124,-0.32880616,-0.32822782,-0.2850096,-0.31707653,-0.27669096,-0.30985528,0.62114924,-0.31161842,-0.3213789,-0.31877366,-0.32037857,-0.3297028,-0.26808345,-0.31848055,-0.32411462,-0.30701396,-0.32943356,-0.20658675,-0.3147571,-0.33048365,-0.32590908,-0.32816726,-0.27321845,-0.31196946,-0.3214015,-0.33007872,-0.33506903
k__Bacteria|p__Verrucomicrobia|c__Verrucomicrobiae|o__Verrucomicrobiales|f__Verrucomicrobiaceae|g__Akkermansia|s__muciniphila,-0.28271136,-0.2506439,-0.32328734,1.9071275,-0.3322257,-0.2656348,-0.3258366,-0.3327108,0.6971363,0.6536957,-0.21713583,-0.32539368,-0.31133458,-0.31570548,0.9677296,-0.243077,-0.3303013,-0.31799185,-0.32946658,0.4367465,-0.26184985,1.0218436,-0.29681087,0.7181163,0.55705035,-0.26755807,-0.19937082,-0.08192768,-0.31676275,0.73241657,-0.23875734,-0.17482534,-0.32284898,-0.31979084,1.2856646,-0.25614905,0.8103969,0.07050181,0.7370884,0.7370884,-0.2443454,-0.30590335,-0.3233376,1.1048373,0.4884106,-0.23715723,-0.2047115,-0.31715828,-0.310298,-0.3255994,-0.24634947,-0.3272691,-0.32986963,0.4171512,0.64520085,-0.20411447,-0.26286402,-0.29172873,0.94841164,0.76903933,-0.24653673,-0.1804374,0.80589837,1.4339879,0.6190144,-0.2850096,-0.052047484,-0.27669096,-0.30985528,0.66404194,-0.31161842,-0.2453708,-0.31877366,1.0756888,0.70429057,-0.22291097,-0.08503266,0.94724256,1.2225202,0.60170937,-0.20658675,-0.073591985,-0.33048365,0.4663955,0.43435574,-0.18991506,0.5839266,-0.3214015,0.6137281,0.6036735
