#OTU ID,T000272.0,T000272.1,T000272.2,T000272.3,T000272.4,T000461.0,T000461.1,T000461.2,T000461.3,T000461.4,T002534.0,T002534.1,T002534.2,T002534.3,T002534.4,T003950.0,T003950.1,T003950.2,T003950.3,T003950.4,T005999.0,T005999.1,T005999.2,T005999.3,T005999.4,T007748.0,T007748.1,T007748.2,T007748.3,T007748.4,T008025.0,T008025.1,T008025.2,T008025.3,T008025.4,T008631.0,T008631.1,T008631.2,T008631.3,T008631.4,T009280.0,T009280.1,T009280.2,T009280.3,T009280.4,T009909.0,T009909.1,T009909.2,T009909.3,T009909.4,T010520.0,T010520.1,T010520.2,T010520.3,T010520.4,T010532.0,T010532.1,T010532.2,T010532.3,T010532.4,T012138.0,T012138.1,T012138.2,T012138.3,T012138.4,T012374.0,T012374.1,T012374.2,T012374.3,T012374.4,T012389.0,T012389.1,T012389.2,T012389.3,T012389.4,T013832.0,T013832.1,T013832.2,T013832.3,T013832.4,T014827.0,T014827.1,T014827.2,T014827.3,T014827.4,T017394.0,T017394.1,T017394.2,T017394.3,T017394.4,T018343.0,T018343.1,T018343.2,T018343.3,T018343.4,T019021.0,T019021.1,T019021.2,T019021.3,T019021.4,T019031.0,T019031.1,T019031.2,T019031.3,T019031.4,T019850.0,T019850.1,T019850.2,T019850.3,T019850.4,T020231.0,T020231.1,T020231.2,T020231.3,T020231.4,T021076.0,T021076.1,T021076.2,T021076.3,T021076.4,T021613.0,T021613.1,T021613.2,T021613.3,T021613.4,T023390.0,T023390.1,T023390.2,T023390.3,T023390.4,T023909.0,T023909.1,T023909.2,T023909.3,T023909.4,T024121.0,T024121.1,T024121.2,T024121.3,T024121.4,T028183.0,T028183.1,T028183.2,T028183.3,T028183.4
k__Bacteria|p__Firmicutes|c__Bacilli|o__Lactobacillales|f__Enterococcaceae|g__unclassified|s__unclassified,0.0,0.0,0.0,0.0,0.0,0.0,0.0,0.0,0.0,0.0,0.0,0.0,0.0,0.0,0.0,0.0,0.0,0.0,0.0,0.0,0.0,0.0,0.0,0.0,0.0,0.0,0.0,0.0,0.0,0.0,0.0,0.0,0.0,0.0,0.0,0.0,0.0,0.0,0.0,0.0,0.0,0.0,0.0,0.0,0.0,0.0,0.0,0.0,0.0,0.0,0.0,0.0,0.0,0.0,0.0,0.0,0.0,0.0,0.0,0.0,0.0,0.0,0.0,0.0,0.0,0.0,0.0,0.0,0.0,0.0,0.0,0.0,0.0,0.0,0.0,0.0,0.0,0.0,0.0,0.0,0.0,0.0,0.0,0.0,0.0,0.0,0.0,0.0,0.0,0.0,0.0,0.0,0.0,0.0,0.0,0.0,0.0,0.0,0.0,0.0,0.0,0.0,0.0,0.0,0.0,0.0,0.0,0.0,0.0,0.0,0.0,0.0,0.0,0.0,0.0,0.0,0.0,0.0,0.0,0.0,0.0,0.0,0.0,0.0,0.0,0.0,0.0,0.0,0.0,0.0,0.0,0.0,0.024156857,0.0,0.0,0.0,0.0,0.0,0.0,0.0,0.0,0.0,0.0,0.0,0.048009813
k__Bacteria|p__Firmicutes|c__Clostridia|o__Clostridiales|f__Clostridiaceae|g__Peptoniphilus|s__asaccharolyticus,0.0,0.0,0.0,0.0,0.0,0.0,0.0,0.0,0.0,0.0,0.0,0.0,0.0,0.0,0.0,0.0,0.0,0.0,0.0,0.0,0.0,0.0,0.0,0.0,0.0,0.0,0.0,0.0,0.0,0.0,0.0,0.0,0.0,0.0,0.0,0.0,0.0,0.0,0.0,0.0,0.0,0.0,0.0,0.0,0.0,0.0,0.0,0.0,0.0,0.0,0.0,0.0,0.0,0.0,0.0,0.0,0.0,0.0,0.0,0.0,0.0,0.0,0.0,0.0,0.0,0.0,0.0,0.0,0.0,0.0,0.0,0.0,0.0,0.0,0.0,0.0,0.0,0.0,0.0,0.0,0.0,0.0,0.0,0.0,0.0,0.0,0.0,0.0,0.0,0.0,0.0,0.0,0.0,0.0,0.0,0.0,0.0,0.0,0.0,0.0,0.0,0.0,0.0,0.0,0.0,0.0,0.0,0.0,0.0,0.0,0.0,0.0,0.0,0.0,0.0,0.0,0.0,0.0,0.0,0.0,0.0,0.0,0.0,0.0,0.0,0.0,0.0,0.0,0.0,0.0,0.0,0.0,0.0,0.0,0.0,0.0,0.0,0.0,0.0,0.0,0.0,0.0,0.0,0.0,0.0
k__Bacteria|p__Firmicutes|c__Bacilli|o__Lactobacillales|f__Streptococcaceae|g__unclassified|s__unclassified,0.0,0.0,0.0,0.0,0.0,0.0,0.0,0.0,0.0,0.0,0.0,0.0,0.0,0.0,0.0,0.0,0.0,0.0,0.0,0.0,0.0,0.0,0.0,0.0,0.0,0.0,0.0,0.0,0.0,0.0,0.0,0.0,0.0,0.0,0.0,0.0,0.0,0.0,0.0,0.0,0.0,0.0,0.0,0.0,0.0,0.0,0.0,0.0,0.0,0.0,0.0,0.0,0.0,0.0,0.0,0.0,0.0,0.0,0.0,0.0,0.0,0.0,0.0,0.0,0.0,0.0,0.0,0.0,0.0,0.0,0.0,0.0,0.0,0.0,0.0,0.0,0.0,0.0,0.0,0.0,0.0,0.0,0.0,0.0,0.0,0.0,0.0,0.0,0.0,0.0,0.0,0.0,0.0,0.0,0.0,0.0,0.0,0.0,0.0,0.0,0.0,0.0,0.0,0.0,0.0,0.0,0.0,0.0,0.0,0.0,0.0,0.0,0.0,0.0,0.0,0.0,0.0,0.0,0.0,0.0,0.0,0.0,0.0,0.0,0.0,0.0,0.0,0.0,0.0,0.0,0.0,0.0,0.0,0.0,0.0,0.0,0.0,0.0,0.0,0.0,0.0,0.0,0.0,0.0,0.0488847
k__Bacteria|p__Firmicutes|c__Clostridia|o__Coriobacteriales|f__Coriobacteriaceae|g__Collinsella|s__aerofaciens,0.0,0.0,0.0,0.0,0.0,0.0,0.0,0.0,0.0,0.0,0.0,0.0,0.0,0.0,0.0,0.0,0.0,0.0,0.0,0.0,0.0,0.0,0.0,0.0,0.0,0.0,0.0,0.0,0.0,0.0,0.0,0.0,0.0,0.0,0.0,0.0,0.0,0.0,0.0,0.0,0.0,0.0,0.0,0.0,0.0,0.0,0.0,0.0,0.0,0.0,0.0,0.0,0.0,0.0,0.0,0.0,0.0,0.0,0.0,0.0,0.0,0.03725224,0.0,0.0,0.0,0.0,0.0,0.0,0.0,0.0,0.0,0.0,0.0,0.0,0.0,0.0,0.0,0.0,0.0,0.0,0.0,0.0,0.0,0.0,0.0,0.0,0.0,0.0,0.0,0.0,0.0,0.0,0.0,0.0,0.0,0.0,0.0,0.0,0.0,0.0,0.0,0.0,0.0,0.0,0.0,0.0,0.0,0.0,0.0,0.0,0.0,0.0,0.0,0.0,0.0,0.0,0.0,0.0,0.0,0.0,0.0,0.0,0.0,0.0,0.0,0.0,0.0,0.0,0.0,0.0,0.0,0.0,0.024122993,0.0,0.0,0.0,0.0,0.0,0.0,0.0,0.0,0.0,0.0,0.0,0.0
k__Bacteria|p__Firmicutes|c__Clostridia|o__Clostridiales|f__Lachnospiraceae|g__Blautia|s__producta,0.0,0.0,0.0,0.0,0.0,0.0,0.0,0.0,0.0,0.0,0.0,0.0,0.0,0.0,0.0255851,0.0,0.0,0.0,0.0,0.0,0.0,0.0,0.0,0.0,0.0,0.0,0.0,0.0,0.0,0.0,0.0,0.0,0.0,0.0,0.0,0.0,0.0,0.0,0.0,0.0,0.0,0.0,0.0,0.0,0.0,0.0,0.0,0.0,0.0,0.0,0.0,0.0,0.0,0.0,0.0,0.0,0.0,0.0,0.0,0.0,0.0,0.0,0.0,0.0,0.0,0.0,0.0,0.0,0.0,0.0,0.0,0.0,0.0,0.0,0.0,0.0,0.0,0.0,0.0,0.0,0.0,0.0,0.0,0.0,0.0,0.0,0.0,0.0,0.0,0.0,0.0,0.0,0.0,0.0,0.0,0.0,0.0,0.0,0.0,0.0,0.0,0.0,0.0,0.0,0.0,0.0,0.0,0.0,0.0,0.0,0.0,0.0,0.0,0.0,0.0,0.0,0.0,0.0,0.0,0.0,0.0,0.0,0.0,0.0,0.0,0.0,0.0,0.0,0.0,0.0,0.0,0.0,0.024138624,0.0,0.0,0.0,0.0,0.0,0.0,0.0,0.0,0.0,0.0,0.0,0.0
k__Bacteria|p__Firmicutes|c__Bacilli|o__Gemellales|f__Gemellaceae|g__unclassified|s__unclassified,0.0,0.0,0.0,0.0,0.0,0.0,0.0,0.0,0.0,0.0,0.0,0.0,0.0,0.0,0.0,0.0,0.0,0.0,0.0,0.0,0.0,0.0,0.0,0.0,0.0,0.0,0.0,0.0,0.0,0.0,0.0,0.0,0.0,0.0,0.0,0.0,0.0,0.0,0.0,0.0,0.0,0.0,0.0,0.0,0.0,0.0,0.0,0.0,0.0,0.0,0.0,0.0,0.0,0.0,0.0,0.0,0.0,0.0,0.0,0.0,0.0,0.0,0.0,0.0,0.0,0.0,0.0,0.0,0.0,0.0,0.0,0.0,0.0,0.0,0.0,0.0,0.0,0.0,0.0,0.0,0.0,0.0,0.0,0.0,0.0,0.0,0.0,0.0,0.0,0.0,0.0,0.0,0.0,0.0,0.0,0.0,0.0,0.0,0.0,0.0,0.0,0.0,0.0,0.0,0.0,0.0,0.0,0.0,0.0,0.0,0.0,0.0,0.0,0.0,0.0,0.0,0.0,0.0,0.0,0.0,0.0,0.0,0.0,0.0,0.0,0.0,0.0,0.0,0.0,0.0,0.0,0.0,0.0,0.0,0.0,0.0,0.0,0.0,0.0,0.0,0.0,0.0,0.0,0.0,0.047991734
k__Bacteria|p__Firmicutes|c__Bacilli|o__unclassified|f__unclassified|g__unclassified|s__unclassified,0.05110224,0.0,0.0,0.0,0.0,0.0,0.0,0.0,0.0,0.0,0.0,0.0,0.0,0.0,0.0,0.0,0.0,0.0,0.0,0.0,0.0,0.0,0.0,0.0,0.0,0.0,0.0,0.0,0.0,0.0,0.0,0.0,0.0,0.0,0.0,0.0,0.0,0.0,0.0,0.0,0.0,0.0,0.0,0.0,0.0,0.0,0.0,0.0,0.0,0.0,0.0,0.0,0.0,0.0,0.0,0.0,0.0,0.0,0.0,0.0,0.0,0.0,0.0,0.0,0.0,0.0,0.0,0.0,0.0,0.0,0.0,0.0,0.0,0.0,0.0,0.061464168,0.0,0.0,0.0,0.0,0.0,0.0,0.0,0.0,0.0,0.0,0.0,0.0,0.0,0.0,0.0,0.0,0.0,0.0,0.0,0.0,0.0,0.0,0.0,0.0,0.0,0.0,0.0,0.0,0.0,0.0,0.0,0.0,0.0,0.0,0.0,0.023547841,0.0,0.0,0.0,0.0,0.0,0.0,0.0,0.0,0.0,0.0,0.0,0.0,0.0,0.0,0.0,0.0,0.0,0.0,0.0,0.0,0.024233712,0.0,0.0,0.0,0.0,0.0,0.0,0.0,0.0,0.0,0.0,0.0,0.04881601
k__Bacteria|p__Firmicutes|c__Bacilli|o__Lactobacillales|f__Lactobacillaceae|g__Pediococcus|s__unclassified,0.0,0.0,0.0,0.0,0.0,0.0,0.0,0.0,0.0,0.0,0.0,0.0,0.0,0.0,0.0,0.0,0.0,0.0,0.0,0.0,0.0,0.0,0.0,0.0,0.0,0.0,0.0,0.0,0.0,0.0,0.0,0.0,0.0,0.0,0.0,0.0,0.0,0.0,0.0,0.0,0.0,0.0,0.0,0.0,0.0,0.0,0.0,0.0,0.0,0.0,0.0,0.0,0.0,0.0,0.0,0.0,0.0,0.0,0.0,0.0,0.0,0.0,0.0,0.0,0.0,0.0,0.0,0.0,0.0,0.0,0.0,0.0,0.0,0.0,0.0,0.0,0.0,0.0,0.0,0.0,0.0,0.0,0.0,0.0,0.0,0.0,0.0,0.0,0.0,0.0,0.0,0.0,0.0,0.0,0.0,0.0,0.0,0.0,0.0,0.0,0.0,0.0,0.0,0.0,0.0,0.0,0.0,0.0,0.0,0.0,0.0,0.0,0.0,0.0,0.0,0.0,0.0,0.0,0.0,0.0,0.0,0.0,0.0,0.0,0.0,0.0,0.0,0.0,0.0,0.0,0.0,0.0,0.0,0.0,0.0,0.0,0.0,0.0,0.0,0.0,0.0,0.0,0.0,0.0,0.0
k__Bacteria|p__Firmicutes|c__Bacilli|o__Bacillales|f__Staphylococcaceae|g__Staphylococcus|s__unclassified,0.0,0.0,0.0,0.0,0.0,0.0,0.0,0.0,0.0,0.0,0.0,0.0,0.0,0.0,0.0,0.0,0.0,0.0,0.0,0.0,0.0,0.0,0.0,0.0,0.0,0.0,0.0,0.0,0.0,0.0,0.0,0.0,0.0,0.0,0.0,0.0,0.0,0.0,0.0,0.0,0.0,0.0,0.0,0.0,0.0,0.0,0.0,0.0,0.0,0.0,0.0,0.0,0.0,0.0,0.0,0.0,0.0,0.0,0.0,0.0,0.0,0.0,0.0,0.0,0.0,0.0,0.0,0.0,0.0,0.0,0.0,0.0,0.0,0.0,0.0,0.061327692,0.0,0.0,0.0,0.0,0.0,0.0,0.0,0.0,0.0,0.0,0.0,0.0,0.0,0.0,0.0,0.0,0.0,0.0,0.0,0.0,0.0,0.0,0.0,0.0,0.0,0.0,0.0,0.0,0.0,0.0,0.0,0.0,0.0,0.0,0.0,0.0,0.0,0.0,0.0,0.0,0.0,0.0,0.0,0.0,0.0,0.0,0.0,0.0,0.0,0.038681142,0.0,0.0,0.0,0.0,0.0,0.0,0.0,0.0,0.0,0.0,0.0,0.0,0.0,0.0,0.0,0.0,0.0,0.0,0.0
k__Bacteria|p__Firmicutes|c__Bacilli|o__Lactobacillales|f__Lactobacillaceae|g__unclassified|s__unclassified,0.0,0.0,0.0,0.0,0.0,0.0,0.0,0.0,0.0,0.0,0.0,0.0,0.0,0.0,0.0,0.0,0.029408686,0.0,0.0,0.0,0.0,0.0,0.0,0.0,0.0,0.0,0.0,0.0,0.0,0.0,0.0,0.0,0.0,0.0,0.0,0.0,0.0,0.0,0.0,0.0,0.0,0.0,0.0,0.0,0.0,0.0,0.0,0.0,0.0,0.0,0.0,0.0,0.0,0.0,0.0,0.0,0.0,0.0,0.0,0.0,0.0,0.0,0.0,0.0,0.0,0.0,0.0,0.0,0.0,0.0,0.0,0.0,0.0,0.0,0.0,0.0,0.0,0.0,0.0,0.0,0.0,0.0,0.0,0.0,0.0,0.0,0.0,0.0,0.0,0.0,0.0,0.0,0.0,0.0,0.0,0.0,0.0,0.0,0.0,0.0,0.0,0.0,0.0,0.0,0.0,0.0,0.0,0.0,0.0,0.0,0.0,0.0,0.0,0.0,0.0,0.0,0.0,0.0,0.0,0.0,0.0,0.0,0.0,0.0,0.0,0.0,0.0,0.0,0.0,0.0,0.0,0.0,0.0,0.0,0.0,0.0,0.0,0.0,0.0,0.0,0.0,0.0,0.0,0.0,0.0
k__Bacteria|p__Firmicutes|c__Bacilli|o__Lactobacillales|f__unclassified|g__unclassified|s__unclassified,0.0,0.0,0.0,0.0,0.0,0.0,0.0,0.0,0.0,0.0,0.0,0.0,0.0,0.0,0.0,0.0,0.0,0.0,0.0,0.0,0.0,0.0,0.0,0.0,0.0,0.0,0.0,0.0,0.0,0.0,0.0,0.0,0.0,0.0,0.0,0.0,0.0,0.0,0.0,0.0,0.0,0.0,0.0,0.0,0.0,0.0,0.0,0.0,0.0,0.0,0.0,0.0,0.0,0.0,0.0,0.0,0.0,0.0,0.0,0.0,0.0,0.0,0.0,0.0,0.0,0.0,0.0,0.0,0.0,0.0,0.0,0.0,0.0,0.0,0.0,0.0,0.0,0.0,0.0,0.0,0.0,0.0,0.0,0.0,0.0,0.0,0.0,0.0,0.0,0.0,0.0,0.0,0.0,0.0,0.0,0.0,0.0,0.0,0.0,0.0,0.0,0.0,0.0,0.0,0.0,0.0,0.0,0.0,0.0,0.0,0.0,0.0,0.0,0.0,0.0,0.0,0.0,0.0,0.0,0.0,0.0,0.0,0.0,0.0,0.0,0.0,0.0,0.0,0.0,0.0,0.0,0.0,0.0,0.0,0.0,0.0,0.0,0.0,0.0,0.0,0.0,0.0,0.0,0.0,0.048035122
k__Bacteria|p__Firmicutes|c__Clostridia|o__Clostridiales|f__Veillonellaceae|g__Megasphaera|s__micronuciformis,0.0,0.038614407,0.0,0.0,0.0,0.0,0.0,0.0,0.0,0.0,0.0,0.0,0.0,0.0,0.0,0.0,0.0,0.0,0.0,0.0,0.0,0.0,0.0,0.0,0.0,0.0,0.0,0.0,0.0,0.0,0.0,0.0,0.0,0.0,0.0,0.0,0.0,0.0,0.0,0.0,0.0,0.0,0.0,0.0,0.0,0.0,0.0,0.0,0.0,0.0,0.0,0.0,0.0,0.0,0.0,0.0,0.0,0.0,0.0,0.0,0.0,0.037227217,0.0,0.0,0.0,0.0,0.0,0.0,0.0,0.0,0.0,0.0,0.0,0.0,0.0,0.0,0.0,0.0,0.0,0.0,0.0,0.0,0.0,0.0,0.0,0.0,0.0,0.0,0.0,0.0,0.0,0.0,0.0,0.0,0.0,0.0,0.0,0.0,0.0,0.0,0.0,0.0,0.0,0.0,0.0,0.0,0.0,0.0,0.0,0.0,0.0,0.0,0.0,0.0,0.0,0.0,0.0,0.0,0.0,0.0,0.0,0.0,0.0,0.0,0.0,0.0,0.0,0.0,0.0,0.0,0.0,0.0,0.0,0.0,0.0,0.0,0.0,0.0,0.0,0.0,0.0,0.0,0.0,0.0,0.0
k__Bacteria|p__Firmicutes|c__Bacilli|o__Lactobacillales|f__Lactobacillaceae|g__Lactobacillus|s__unclassified,0.0,0.0,0.0,0.0,0.0,0.041906793,0.0,0.024901077,0.0,0.0,0.0,0.0,0.0,0.0,0.0,0.0,0.0,0.0,0.0,0.0,0.0,0.0,0.0,0.0,0.0,0.0,0.0,0.0,0.0,0.0,0.0,0.0,0.0,0.0,0.0,0.0,0.0,0.0,0.0,0.0,0.0,0.0,0.0,0.0,0.0,0.0,0.0,0.0,0.0,0.0,0.0,0.0,0.0,0.0,0.0,0.0,0.0,0.0,0.0,0.0,0.0,0.0,0.0,0.0,0.0,0.0,0.0,0.0,0.0,0.0,0.0,0.0,0.0,0.0,0.0,0.0,0.0,0.0,0.0,0.0,0.0,0.0,0.0,0.0,0.0,0.0,0.0,0.0,0.0,0.0,0.0,0.0,0.0,0.0,0.0,0.0,0.0,0.0,0.0,0.0,0.0,0.0,0.0,0.0,0.0,0.0,0.0,0.0,0.0,0.0,0.0,0.0,0.0,0.0,0.0,0.0,0.0,0.0,0.0,0.0,0.0,0.0,0.0,0.0,0.0,0.038714893,0.0,0.0,0.0,0.0,0.0,0.0,0.0,0.0,0.0,0.0,0.0,0.0,0.0,0.0,0.0,0.0,0.0,0.0,0.0
k__Bacteria|p__Firmicutes|c__Clostridia|o__Clostridiales|f__Clostridiaceae|g__Clostridium|s__perfringens,0.061905675,0.039429832,0.0,0.0,0.0,0.0,0.0,0.0,0.0,0.0,0.0,0.0,0.0,0.0,0.0,0.0,0.0,0.0,0.0,0.0,0.0,0.0,0.0,0.0,0.0,0.0,0.0,0.0,0.0,0.0,0.0,0.0,0.0,0.0,0.0,0.0,0.03295926,0.0,0.0,0.0,0.0,0.0,0.0,0.0,0.0,0.0,0.0,0.0,0.0,0.0,0.0,0.0,0.0,0.0,0.0,0.0,0.0,0.0,0.0,0.0,0.0,0.0,0.0,0.0,0.0,0.0,0.0,0.0,0.0,0.0,0.0,0.0,0.0,0.0,0.0,0.06327741,0.0,0.0,0.0,0.0,0.0,0.0,0.02902872,0.0,0.0,0.0,0.0,0.0,0.0,0.0,0.0,0.0,0.0,0.0,0.0,0.0,0.0,0.0,0.0,0.0,0.0,0.0,0.0,0.0,0.0,0.0,0.0,0.0,0.0,0.0,0.0,0.0,0.0,0.0,0.0,0.0,0.0,0.0,0.0,0.0,0.0,0.0,0.0,0.0,0.0,0.0,0.0,0.0,0.0,0.0,0.0,0.0,0.0,0.0,0.0,0.0,0.0,0.0,0.0,0.0,0.0,0.0,0.0,0.0,0.0
k__Bacteria|p__Firmicutes|c__Clostridia|o__Clostridiales|f__Lachnospiraceae|g__Blautia|s__obeum,0.0,0.0,0.0,0.0,0.0,0.0,0.0,0.0,0.0,0.0,0.0,0.0,0.0,0.0,0.0,0.0,0.0,0.0,0.0,0.0,0.0,0.0,0.0,0.0,0.0,0.0,0.0,0.0,0.0,0.0,0.0,0.0,0.0,0.0,0.0,0.0,0.0,0.0,0.0,0.0,0.0,0.0,0.0,0.0,0.0,0.0,0.0,0.0,0.0,0.0,0.0,0.0,0.0,0.0,0.0,0.0,0.0,0.0,0.0,0.0,0.0,0.0,0.0,0.0,0.0,0.0,0.0,0.0,0.0,0.0,0.0,0.0,0.0,0.0,0.0,0.0,0.0,0.0,0.0,0.0,0.0,0.0,0.0,0.0,0.0,0.0,0.0,0.0,0.0,0.0,0.0,0.0,0.0,0.0,0.0,0.0,0.0,0.0,0.0,0.0,0.0,0.0,0.0,0.0,0.0,0.0,0.0,0.0,0.0,0.0,0.0,0.0,0.0,0.0,0.0,0.0,0.0,0.0,0.0,0.0,0.0,0.0,0.0,0.0,0.0,0.0,0.0,0.0,0.0,0.0,0.0,0.0,0.0,0.0,0.0,0.0,0.0,0.0,0.0,0.018941943,0.0,0.0,0.0,0.0,0.0
k__Bacteria|p__Firmicutes|c__Bacilli|o__Lactobacillales|f__Lactobacillaceae|g__Lactobacillus|s__zeae,0.0,0.0,0.0,0.0,0.0,0.042064697,0.0,0.025342807,0.0,0.0,0.0,0.044473752,0.0,0.0,0.025683194,0.0,0.0,0.0,0.0,0.0,0.0,0.0,0.0,0.0,0.0,0.0,0.0,0.0,0.0,0.0,0.0,0.0,0.0,0.0,0.0,0.0,0.0,0.0,0.0,0.0,0.0,0.0,0.0,0.0,0.0,0.0,0.0,0.0,0.0,0.0,0.0,0.0,0.0,0.0,0.0,0.0,0.0,0.0,0.0,0.0,0.0,0.0,0.0,0.0,0.0,0.0,0.0,0.0,0.0,0.0,0.0,0.0,0.0,0.0,0.0,0.0,0.0,0.0,0.0,0.0,0.0,0.0,0.0,0.0,0.0,0.0,0.0,0.0,0.0,0.0,0.0,0.0,0.0,0.0,0.0,0.0,0.030909011,0.0,0.0,0.0,0.0,0.0,0.0,0.0,0.0,0.0,0.0,0.0,0.0,0.0,0.0,0.0,0.0,0.0,0.0,0.0,0.0,0.0,0.0,0.0,0.0,0.0,0.0,0.0,0.0,0.0,0.0,0.0,0.0,0.0,0.0,0.0,0.0,0.0,0.0,0.0,0.0,0.0,0.0,0.0,0.0,0.0,0.0,0.0,0.0
k__Bacteria|p__Firmicutes|c__Bacilli|o__Lactobacillales|f__Leuconostocaceae|g__Leuconostoc|s__unclassified,0.0,0.0,0.0,0.0,0.0,0.0,0.0,0.0,0.0,0.0,0.0,0.0,0.0,0.0,0.0,0.0,0.0,0.0,0.0,0.0,0.0,0.0,0.0,0.0,0.0,0.0,0.0,0.0,0.0,0.0,0.0,0.0,0.0,0.0,0.0,0.0,0.0,0.0,0.0,0.0,0.0,0.0,0.0,0.0,0.0,0.0,0.0,0.0,0.0,0.0,0.0,0.0,0.0,0.0,0.0,0.0,0.0,0.0,0.0,0.0,0.0,0.0,0.0,0.0,0.0,0.0,0.0,0.0,0.0,0.0,0.0,0.0,0.0,0.0,0.0,0.0,0.0,0.0,0.0,0.0,0.0,0.0,0.0,0.0,0.0,0.0,0.0,0.0,0.0,0.0,0.0,0.0,0.0,0.0,0.0,0.0,0.0,0.0,0.0,0.0,0.0,0.0,0.0,0.0,0.0,0.0,0.0,0.0,0.0,0.0,0.0,0.0,0.0,0.0,0.0,0.0,0.0,0.0,0.0,0.0,0.0,0.0,0.0,0.0,0.0,0.0,0.0,0.0,0.0,0.0,0.0,0.0,0.025308324,0.0,0.0,0.0,0.0,0.0,0.0,0.0,0.0,0.0,0.0,0.0,0.0
k__Bacteria|p__Firmicutes|c__Clostridia|o__Clostridiales|f__Veillonellaceae|g__Selenomonas|s__unclassified,0.0,0.0,0.0,0.0,0.0,0.0,0.0,0.0,0.0,0.0,0.0,0.0,0.0,0.0,0.0,0.0,0.0,0.0,0.0,0.0,0.0,0.0,0.0,0.0,0.0,0.0,0.0,0.0,0.0,0.0,0.0,0.0,0.0,0.0,0.0,0.0,0.0,0.0,0.0,0.0,0.0,0.0,0.0,0.0,0.0,0.0,0.0,0.0,0.0,0.0,0.0,0.0,0.0,0.0,0.0,0.0,0.0,0.0,0.0,0.0,0.0,0.0,0.0,0.0,0.0,0.0,0.0,0.0,0.0,0.0,0.0,0.0,0.0,0.0,0.0,0.0,0.0,0.0,0.0,0.0,0.0,0.0,0.0,0.0,0.0,0.0,0.0,0.0,0.0,0.0,0.0,0.0,0.0,0.0,0.0,0.0,0.0,0.0,0.0,0.0,0.0,0.0,0.0,0.0,0.0,0.0,0.0,0.0,0.0,0.0,0.0,0.0,0.0,0.0,0.0,0.0,0.0,0.0,0.0,0.0,0.0,0.0,0.0,0.0,0.0,0.0,0.0,0.0,0.0,0.0,0.0,0.0,0.0,0.0,0.0,0.0,0.0,0.0,0.0,0.0,0.0,0.0,0.0,0.0,0.0
k__Bacteria|p__Firmicutes|c__Clostridia|o__Clostridiales|f__Veillonellaceae|g__Dialister|s__invisus,0.0,0.0,0.0,0.0,0.0,0.0,0.0,0.0,0.0,0.0,0.0,0.0,0.0,0.0,0.0,0.0,0.0,0.0,0.0,0.0,0.0,0.0,0.0,0.0,0.0,0.0,0.0,0.0,0.0,0.0,0.0,0.0,0.0,0.0,0.0,0.0,0.0,0.0,0.0,0.0,0.0,0.0,0.0,0.0,0.0,0.0,0.0,0.0,0.0,0.0,0.0,0.0,0.0,0.0,0.0,0.0,0.0,0.0,0.0,0.0,0.0,0.0,0.0,0.0,0.0,0.0,0.0,0.0,0.0,0.0,0.0,0.0,0.0,0.0,0.0,0.0,0.0,0.0,0.0,0.0,0.0,0.0,0.0,0.0,0.0,0.0,0.0,0.0,0.0,0.0,0.0,0.0,0.0,0.0,0.0,0.0,0.0,0.0,0.0,0.0,0.0,0.0,0.0,0.0,0.0,0.0,0.0,0.0,0.0,0.0,0.0,0.0,0.0,0.0,0.0,0.0,0.0,0.0,0.0,0.0,0.0,0.0,0.0,0.0,0.0,0.0,0.0,0.0,0.0,0.0,0.0,0.0,0.0,0.0,0.0,0.0,0.0,0.0,0.0,0.0,0.0,0.0,0.0,0.0,0.0
k__Bacteria|p__Firmicutes|c__Clostridia|o__Clostridiales|f__Ruminococcaceae|g__Ruminococcus|s__bromii,0.0,0.0,0.0,0.0,0.0,0.0,0.0,0.0,0.0,0.0,0.0,0.0,0.0,0.0,0.0,0.0,0.0,0.0,0.0,0.0,0.0,0.0,0.0,0.0,0.0,0.0,0.0,0.0,0.0,0.0,0.0,0.0,0.0,0.0,0.0,0.0,0.0,0.0,0.0,0.0,0.0,0.0,0.0,0.0,0.0,0.0,0.0,0.0,0.0,0.0,0.0,0.0,0.0,0.0,0.0,0.0,0.0,0.0,0.0,0.0,0.0,0.0,0.0,0.0,0.0,0.0,0.0,0.0,0.0,0.0,0.0,0.0,0.0,0.0,0.0,0.0,0.0,0.0,0.0,0.0,0.0,0.0,0.0,0.0,0.0,0.0,0.0,0.0,0.0,0.0,0.0,0.0,0.0,0.0,0.0,0.0,0.0,0.0,0.0,0.0,0.0,0.0,0.0,0.0,0.0,0.0,0.0,0.0,0.0,0.0,0.0,0.0,0.0,0.0,0.0,0.0,0.0,0.0,0.0,0.0,0.0,0.0,0.0,0.0,0.0,0.0,0.0,0.0,0.0,0.0,0.0,0.0,0.0,0.0,0.0,0.0,0.0,0.0,0.0,0.0,0.0,0.0,0.0,0.0,0.0
k__Bacteria|p__Firmicutes|c__Clostridia|o__Clostridiales|f__Veillonellaceae|g__Megamonas|s__unclassified,0.0,0.0,0.0,0.0,0.0,0.0,0.0,0.0,0.0,0.0,0.0,0.0,0.0,0.0,0.0,0.0,0.0,0.0,0.037751995,0.0,0.0,0.0,0.0,0.0,0.0,0.0,0.0,0.0,0.0,0.0,0.0,0.0,0.0,0.0,0.0,0.0,0.0,0.0,0.0,0.0,0.0,0.0,0.0,0.0,0.0,0.0,0.0,0.0,0.0,0.0,0.0,0.0,0.0,0.0,0.0,0.0,0.0,0.021578463,0.0,0.0,0.0,0.0,0.0,0.0,0.0,0.0,0.0,0.0,0.0,0.0,0.0,0.0,0.0,0.0,0.0,0.0,0.0,0.0,0.0,0.0,0.0,0.0,0.0,0.0,0.0,0.0,0.0,0.0,0.0,0.0,0.0,0.0,0.0,0.0,0.0,0.0,0.0,0.0,0.0,0.0,0.0,0.0,0.0,0.0,0.0,0.0,0.0,0.0,0.0,0.0,0.0,0.0,0.0,0.0,0.0,0.0,0.0,0.0,0.0,0.0,0.0,0.0,0.0,0.0,0.0,0.0,0.0,0.0,0.0,0.0,0.0,0.0,0.0,0.0,0.0,0.0,0.0,0.0,0.0,0.0,0.0,0.0,0.0,0.0,0.0
k__Bacteria|p__Firmicutes|c__Clostridia|o__Clostridiales|f__Veillonellaceae|g__Megasphaera|s__geminatus,0.0,0.0,0.0,0.0,0.0,0.0,0.0,0.0,0.0,0.0,0.0,0.0,0.0,0.0,0.0,0.0,0.0,0.0,0.0,0.0,0.0,0.0,0.0,0.0,0.0,0.0,0.0,0.0,0.0,0.0,0.0,0.0,0.0,0.0,0.0,0.0,0.0,0.0,0.0,0.0,0.0,0.0,0.0,0.0,0.0,0.0,0.0,0.0,0.0,0.0,0.0,0.0,0.0,0.0,0.0,0.0,0.0,0.0,0.0,0.0,0.0,0.0,0.0,0.0,0.0,0.0,0.0,0.0,0.0,0.0,0.0,0.0,0.0,0.0,0.0,0.0,0.0,0.0,0.0,0.0,0.0,0.0,0.0,0.0,0.0,0.0,0.0,0.0,0.0,0.0,0.0,0.0,0.0,0.0,0.0,0.0,0.040603362,0.0,0.0,0.0,0.0,0.0,0.0,0.0,0.0,0.0,0.0,0.0,0.0,0.0,0.0,0.0,0.0,0.0,0.0,0.0,0.0,0.0,0.0,0.0,0.0,0.0,0.0,0.0,0.0,0.0,0.0,0.0,0.0,0.0,0.0,0.0,0.0,0.0,0.0,0.0,0.0,0.0,0.0,0.0,0.0,0.0,0.0,0.0,0.0
k__Bacteria|p__Firmicutes|c__Bacilli|o__Lactobacillales|f__Carnobacteriaceae|g__Granulicatella|s__unclassified,0.052468292,0.03852491,0.0,0.0,0.0,0.0,0.0,0.0,0.0,0.0,0.0,0.04469113,0.0,0.0,0.025655432,0.0,0.0,0.0,0.0,0.0,0.0,0.0,0.0,0.0,0.0,0.0,0.0,0.0,0.0,0.0,0.0,0.0,0.0,0.0,0.0,0.0,0.034385376,0.0,0.0,0.0,0.0,0.0,0.0,0.0,0.0,0.0,0.0,0.0,0.0,0.0,0.0,0.0,0.0,0.0,0.0,0.0,0.0,0.0,0.0,0.0,0.0,0.037276726,0.0,0.0,0.0,0.0,0.0,0.0,0.0,0.0,0.0,0.0,0.0,0.0,0.0,0.06314093,0.0,0.0,0.0,0.0,0.0,0.0,0.0,0.0,0.0,0.0,0.0,0.0,0.0,0.0,0.0,0.0,0.0,0.0,0.0,0.0,0.0,0.0,0.0,0.0,0.0,0.0,0.0,0.0,0.0,0.0,0.0,0.0,0.0,0.0,0.0,0.023658358,0.0,0.0,0.0,0.0,0.0,0.0,0.0,0.0,0.0,0.0,0.0,0.0,0.0,0.0,0.0,0.0,0.0,0.0,0.0,0.0,0.032788943,0.0,0.0,0.0,0.0,0.0,0.0,0.0,0.0,0.0,0.0,0.0,0.07865252
k__Bacteria|p__Firmicutes|c__Clostridia|o__Clostridiales|f__Veillonellaceae|g__Veillonella|s__unclassified,0.051182598,0.038569655,0.0,0.0,0.0,0.0,0.0,0.0,0.0,0.0,0.0,0.0,0.0,0.0,0.0,0.0,0.0,0.0,0.03512797,0.0,0.0,0.0,0.0,0.0,0.0,0.0,0.0,0.0,0.0,0.0,0.0,0.0,0.0,0.0,0.0,0.0,0.0,0.0,0.0,0.0,0.0,0.0,0.0,0.0,0.0,0.0,0.0,0.0,0.0,0.0,0.0,0.0,0.0,0.0,0.0,0.0,0.0,0.0,0.0,0.0,0.0,0.0,0.0,0.0,0.0,0.0,0.0,0.0,0.0,0.0,0.0,0.0,0.0,0.0,0.0,0.0,0.0,0.0,0.0,0.0,0.0,0.0,0.028121402,0.0,0.0,0.0,0.0,0.0,0.0,0.0,0.034261674,0.0,0.0,0.0,0.0,0.0,0.0,0.0,0.0,0.0,0.0,0.0,0.0,0.0,0.0,0.0,0.0,0.0,0.0,0.0,0.0,0.02372293,0.0,0.0,0.0,0.0,0.0,0.0,0.0,0.0,0.0,0.0,0.0,0.0,0.0,0.0,0.0,0.0,0.0,0.0,0.0,0.0,0.0,0.0,0.0,0.0,0.0,0.0,0.0,0.0,0.0,0.09872971,0.0,0.0,0.048212267
k__Bacteria|p__Firmicutes|c__Bacilli|o__Lactobacillales|f__Enterococcaceae|g__Enterococcus|s__unclassified,0.05100403,0.0,0.0,0.0,0.0,0.0,0.0,0.0,0.0,0.0,0.0,0.04443235,0.0,0.0,0.0,0.0,0.029422648,0.0,0.0,0.0,0.0,0.0,0.0,0.0,0.0,0.0,0.0,0.0,0.0,0.0,0.0,0.0,0.0,0.0,0.0,0.0,0.033095647,0.0,0.0,0.0,0.0,0.0,0.0,0.0,0.0,0.0,0.0,0.0,0.0,0.0,0.0,0.0,0.0,0.0,0.0,0.0,0.0,0.0,0.0,0.0,0.0,0.0,0.0,0.0,0.0,0.0,0.0,0.0,0.0,0.0,0.0,0.0,0.0,0.0,0.0,0.064047545,0.0,0.0,0.0,0.0,0.0,0.0,0.0,0.0,0.0,0.0,0.0,0.0,0.0,0.0,0.0,0.0,0.0,0.0,0.0,0.0,0.0,0.0,0.0,0.0,0.0,0.0,0.0,0.0,0.0,0.0,0.0,0.0,0.0,0.0,0.0,0.023601236,0.0,0.0,0.0,0.0,0.0,0.0,0.0,0.0,0.0,0.0,0.0,0.0,0.0,0.0,0.0,0.0,0.0,0.0,0.0,0.0,0.026638241,0.0,0.0,0.0,0.0,0.0,0.0,0.0,0.0,0.0,0.0,0.0,0.05052601
k__Bacteria|p__Firmicutes|c__Clostridia|o__Coriobacteriales|f__Coriobacteriaceae|g__Slackia|s__unclassified,0.0,0.0,0.0,0.0,0.0,0.0,0.0,0.025036177,0.0,0.0,0.0,0.0,0.0,0.0,0.0,0.0,0.0,0.0,0.0,0.0,0.0,0.0,0.0,0.0,0.0,0.0,0.0,0.0,0.021185333,0.0,0.0,0.0,0.0,0.0,0.0,0.0,0.0,0.019506576,0.0,0.0,0.0,0.0,0.0,0.0,0.0,0.0,0.0,0.0,0.0,0.0,0.0,0.0,0.0,0.0,0.0,0.0,0.0,0.0,0.0,0.0,0.0,0.0,0.0,0.0,0.0,0.0,0.0,0.0,0.0,0.0,0.0,0.0,0.0,0.0,0.0,0.0,0.0,0.0,0.0,0.0,0.0,0.0,0.0,0.0,0.0,0.0,0.0,0.0,0.0,0.0,0.034246594,0.0,0.0,0.0,0.0,0.0,0.0,0.0,0.0,0.0,0.0,0.0,0.0,0.0,0.0,0.0,0.0,0.0,0.0,0.0,0.0,0.0,0.0,0.0,0.0,0.0,0.0,0.0,0.0,0.0,0.0,0.0,0.0,0.0,0.0,0.03898068,0.0,0.0,0.0,0.0,0.0,0.0,0.024831586,0.0,0.0,0.0,0.0,0.0,0.0,0.019153764,0.0,0.0,0.0,0.0,0.0
k__Bacteria|p__Firmicutes|c__Erysipelotrichi|o__Erysipelotrichales|f__Erysipelotrichaceae|g__[Eubacterium]|s__dolichum,0.0,0.03974805,0.0,0.0,0.0,0.0,0.0238002,0.025102966,0.0,0.0,0.0,0.0,0.0,0.0,0.026175514,0.0,0.0,0.0,0.0,0.0,0.0,0.0,0.0,0.0,0.031677227,0.0,0.0,0.0,0.0,0.0,0.0,0.04449103,0.0,0.0,0.0,0.0,0.0,0.0,0.0,0.0,0.0,0.0,0.0,0.0,0.0,0.0,0.0,0.0,0.0,0.0,0.0,0.0,0.0,0.0,0.0,0.0,0.0,0.0,0.029700626,0.0,0.0,0.0,0.0,0.0,0.0,0.0,0.0,0.0,0.0,0.0,0.0,0.0,0.0,0.0,0.0,0.0,0.0,0.0,0.0,0.0,0.0,0.0,0.0,0.0,0.0,0.0,0.0,0.0,0.0,0.0,0.0,0.0,0.0,0.0,0.0,0.0,0.030776612,0.044104498,0.0,0.0,0.0,0.0,0.0,0.0,0.0,0.0,0.0,0.0,0.0,0.0,0.0,0.0,0.0,0.0,0.0,0.0,0.0,0.0,0.0,0.0,0.0,0.0,0.0,0.0,0.0,0.0,0.0,0.0,0.0,0.0,0.0,0.0,0.0244317,0.0,0.0,0.0,0.0,0.0,0.0,0.0,0.0,0.0,0.0,0.0,0.0
k__Bacteria|p__Firmicutes|c__Bacilli|o__Lactobacillales|f__Streptococcaceae|g__Streptococcus|s__unclassified,0.050896887,0.038544796,0.037238717,0.03725692,0.03721597,0.041966755,0.0,0.028656559,0.037277404,0.03720724,0.03702678,0.044473752,0.03724093,0.0372833,0.027069459,0.036932457,0.03009842,0.03728239,0.036484253,0.037186567,0.036938265,0.037202973,0.037241418,0.03722515,0.03169838,0.036954947,0.037210517,0.03725528,0.021109777,0.037122503,0.036978047,0.0,0.03720391,0.026453242,0.0,0.036931835,0.0337924,0.019579973,0.021872846,0.0,0.03696972,0.03720427,0.03724817,0.0,0.037152894,0.036951147,0.03719912,0.03724464,0.037245907,0.0372002,0.036949232,0.03725735,0.0372396,0.025616953,0.027623788,0.03693144,0.037249148,0.021126015,0.030524766,0.037155326,0.036976945,0.03741034,0.037216928,0.037224766,0.03716421,0.03692089,0.037197128,0.03722958,0.037250992,0.037247255,0.03694537,0.037185,0.037236363,0.023697387,0.03717714,0.061415426,0.037183512,0.037203643,0.037244417,0.037237886,0.03695149,0.037232123,0.030746968,0.0371954,0.037185073,0.036937647,0.037201412,0.037177734,0.037168626,0.03712787,0.03529458,0.037304115,0.037285753,0.0,0.030213263,0.036947537,0.030791325,0.044440117,0.037255608,0.03722776,0.036986373,0.037236333,0.037277862,0.0,0.037251957,0.03693496,0.03718975,0.037247274,0.037294544,0.037193507,0.036967643,0.026736666,0.037294798,0.037293755,0.037229493,0.115814835,0.03719423,0.037286516,0.037281085,0.03720074,0.03695349,0.037223738,0.0,0.0,0.037194885,0.03891318,0.03729044,0.021969331,0.037248306,0.037197594,0.036958665,0.03729382,0.02759172,0.037236553,0.03721183,0.03689748,0.037217136,0.027981183,0.037238676,0.01945561,0.036999177,0.066800006,0.037280407,0.037281275,0.048194192
k__Bacteria|p__Firmicutes|c__Bacilli|o__Lactobacillales|f__Streptococcaceae|g__Lactococcus|s__unclassified,0.0,0.0,0.0,0.0,0.0,0.0,0.0,0.024840357,0.0,0.0,0.0,0.0,0.0,0.0,0.0,0.0,0.0,0.0,0.0,0.0,0.0,0.0,0.0,0.0,0.0,0.0,0.0,0.0,0.020893177,0.0,0.0,0.0,0.0,0.0,0.0,0.0,0.0,0.019428115,0.0,0.0,0.0,0.0,0.0,0.0,0.0,0.0,0.0,0.0,0.0,0.0,0.0,0.0,0.0,0.02597416,0.0,0.0,0.0,0.0,0.0,0.0,0.0,0.0,0.0,0.0,0.0,0.0,0.0,0.0,0.0,0.0,0.0,0.0,0.0,0.024129087,0.0,0.0,0.0,0.0,0.0,0.0,0.0,0.0,0.0,0.0,0.0,0.0,0.0,0.0,0.0,0.0,0.0,0.0,0.0,0.0,0.0,0.0,0.0,0.0,0.0,0.0,0.0,0.0,0.0,0.0,0.0,0.0,0.0,0.0,0.0,0.0,0.0,0.0,0.0,0.0,0.0,0.0,0.0,0.0,0.0,0.0,0.0,0.0,0.0,0.0,0.0,0.0,0.0,0.0,0.0,0.0,0.0,0.0,0.0,0.0,0.0,0.0,0.0,0.0,0.0,0.0,0.0,0.0,0.0,0.0,0.048244804
k__Bacteria|p__Firmicutes|c__Clostridia|o__Clostridiales|f__Lachnospiraceae|g__Coprococcus|s__eutactus,0.0,0.0,0.0,0.0,0.0,0.0,0.0,0.0,0.0,0.0,0.0,0.0,0.0,0.0,0.0,0.0,0.0,0.0,0.0,0.0,0.0,0.0,0.0,0.0,0.0,0.0,0.0,0.0,0.0,0.0,0.0,0.0,0.0,0.0,0.0,0.0,0.0,0.0,0.0,0.0,0.0,0.0,0.0,0.029771376,0.0,0.0,0.0,0.0,0.0,0.0,0.0,0.0,0.0,0.0,0.0,0.0,0.0,0.0,0.0,0.0,0.0,0.0,0.0,0.0,0.0,0.0,0.0,0.0,0.0,0.0,0.0,0.0,0.0,0.0,0.0,0.0,0.0,0.0,0.0,0.0,0.0,0.0,0.0,0.0,0.0,0.0,0.0,0.0,0.0,0.0,0.0,0.0,0.0,0.0,0.0,0.0,0.0,0.0,0.0,0.0,0.0,0.0,0.0,0.0,0.0,0.0,0.0,0.0,0.0,0.0,0.0,0.0,0.0,0.0,0.0,0.0,0.0,0.0,0.0,0.0,0.0,0.0,0.0,0.0,0.0,0.0,0.0,0.0,0.0,0.0,0.0,0.0,0.0,0.0,0.0,0.0,0.0,0.0,0.0,0.0,0.0,0.0,0.0,0.0,0.0
k__Bacteria|p__Firmicutes|c__Clostridia|o__Clostridiales|f__Clostridiaceae|g__Clostridium|s__unclassified,0.0,0.0,0.0,0.0,0.0,0.0,0.0,0.024975458,0.0,0.0,0.0,0.0,0.0,0.0,0.0,0.0,0.02941846,0.0,0.0,0.0,0.0,0.0,0.0,0.0,0.0,0.0,0.0,0.0,0.0,0.0,0.0,0.0,0.0,0.0,0.0,0.0,0.03527781,0.0,0.0,0.0,0.0,0.0,0.0,0.0,0.0,0.0,0.0,0.0,0.0,0.0,0.0,0.0,0.0,0.0,0.0,0.0,0.0,0.0,0.0,0.0,0.0,0.0,0.0,0.0,0.0,0.0,0.0,0.0,0.0,0.0,0.0,0.0,0.0,0.0,0.0,0.0,0.0,0.0,0.0,0.0,0.0,0.0,0.029839654,0.0,0.0,0.0,0.0,0.0,0.0,0.0,0.034201358,0.0,0.0,0.0,0.0,0.0,0.0,0.0,0.0,0.0,0.0,0.0,0.0,0.0,0.0,0.0,0.0,0.0,0.0,0.0,0.0,0.023683192,0.0,0.0,0.0,0.0,0.0,0.0,0.0,0.0,0.0,0.0,0.0,0.0,0.0,0.0,0.0,0.0,0.0,0.0,0.0,0.0,0.0,0.0,0.0,0.0,0.0,0.0,0.0,0.0,0.0,0.0,0.0,0.0,0.04827734
k__Bacteria|p__Firmicutes|c__Erysipelotrichi|o__Erysipelotrichales|f__[Coprobacillaceae]|g__Coprobacillus|s__unclassified,0.0,0.0,0.0,0.0,0.0,0.0,0.0,0.0,0.0,0.0,0.0,0.04450481,0.0,0.0,0.025544384,0.0,0.0,0.0,0.0,0.0,0.0,0.0,0.0,0.0,0.0,0.0,0.0,0.0,0.0,0.0,0.0,0.0,0.0,0.0,0.0,0.0,0.0,0.0,0.0,0.0,0.0,0.0,0.0,0.0,0.0,0.0,0.0,0.0,0.0,0.0,0.0,0.0,0.0,0.0,0.0,0.0,0.0,0.0,0.029960481,0.0,0.0,0.0,0.0,0.0,0.0,0.0,0.0,0.0,0.0,0.0,0.0,0.0,0.0,0.0,0.0,0.0,0.0,0.0,0.0,0.0,0.0,0.0,0.0,0.0,0.0,0.0,0.0,0.0,0.0,0.0,0.0,0.0,0.0,0.0,0.0,0.0,0.0,0.0,0.0,0.0,0.0,0.0,0.0,0.0,0.0,0.0,0.0,0.0,0.0,0.0,0.0,0.0,0.0,0.0,0.0,0.0,0.0,0.0,0.0,0.0,0.0,0.0,0.0,0.0,0.0,0.0,0.0,0.021926692,0.0,0.0,0.0,0.0,0.0,0.0,0.0,0.0,0.0,0.0,0.0,0.0,0.0,0.0,0.0,0.0,0.0
k__Bacteria|p__Firmicutes|c__Erysipelotrichi|o__Erysipelotrichales|f__[Coprobacillaceae]|g__Catenibacterium|s__unclassified,0.0,0.0,0.0,0.0,0.0,0.0,0.0,0.0,0.0,0.0,0.0,0.0,0.0,0.0,0.0,0.0,0.0,0.0,0.0,0.0,0.0,0.0,0.0,0.0,0.0,0.0,0.0,0.0,0.0,0.0,0.0,0.0,0.0,0.0,0.0,0.0,0.0,0.0,0.0,0.0,0.0,0.0,0.0,0.0,0.0,0.0,0.0,0.0,0.0,0.0,0.0,0.0,0.0,0.0,0.0,0.0,0.0,0.02246489,0.0,0.0,0.0,0.0,0.0,0.0,0.0,0.0,0.0,0.0,0.0,0.0,0.0,0.0,0.0,0.0,0.0,0.0,0.0,0.0,0.0,0.0,0.0,0.0,0.0,0.0,0.0,0.0,0.0,0.0,0.0,0.0,0.0,0.0,0.0,0.0,0.0,0.0,0.0,0.0,0.0,0.0,0.0,0.0,0.0,0.0,0.0,0.0,0.0,0.0,0.0,0.0,0.0,0.0,0.0,0.0,0.0,0.0,0.0,0.0,0.0,0.0,0.0,0.0,0.0,0.0,0.0,0.0,0.0,0.024885766,0.0,0.0,0.0,0.0,0.0,0.0,0.0,0.0,0.0,0.0,0.0,0.019810412,0.0,0.0,0.0,0.0,0.0
k__Bacteria|p__Firmicutes|c__Clostridia|o__Clostridiales|f__Veillonellaceae|g__Veillonella|s__parvula,0.051271882,0.051173992,0.0,0.0,0.0,0.0,0.023510832,0.0,0.0,0.0,0.0,0.044491008,0.0,0.0,0.0,0.0,0.0,0.0,0.0,0.0,0.0,0.0,0.0,0.0,0.0,0.0,0.0,0.0,0.0,0.0,0.0,0.044308797,0.0,0.026184425,0.0,0.0,0.032911822,0.0,0.0,0.0,0.0,0.0,0.0,0.0,0.0,0.0,0.0,0.0,0.0,0.0,0.0,0.0,0.0,0.02557119,0.0,0.0,0.0,0.0,0.0,0.0,0.0,0.0395482,0.0,0.0,0.0,0.0,0.0,0.0,0.0,0.0,0.0,0.0,0.0,0.0,0.0,0.06498341,0.0,0.0,0.0,0.0,0.0,0.0,0.028732926,0.0,0.0,0.0,0.0,0.0,0.0,0.0,0.034796976,0.0,0.0,0.0,0.0,0.0,0.030732479,0.0,0.0,0.0,0.0,0.0,0.0,0.0,0.0,0.0,0.0,0.0,0.0,0.0,0.0,0.0236894,0.0,0.0,0.0,0.0,0.0,0.0,0.0,0.0,0.0,0.0,0.0,0.0,0.0,0.0,0.0,0.021898754,0.0,0.0,0.0,0.0,0.0,0.0,0.0,0.0,0.0,0.0,0.0,0.0,0.0,0.0,0.0,0.0,0.0
k__Bacteria|p__Firmicutes|c__Erysipelotrichi|o__Erysipelotrichales|f__Erysipelotrichaceae|g__Holdemania|s__unclassified,0.0,0.0,0.0,0.0,0.0,0.0,0.0,0.0,0.0,0.0,0.0,0.0,0.0,0.0,0.0,0.0,0.0,0.0,0.0,0.0,0.0,0.0,0.0,0.0,0.031919338,0.0,0.0,0.0,0.0,0.0,0.0,0.0,0.0,0.0,0.0,0.0,0.0,0.0,0.0,0.0,0.0,0.0,0.0,0.0,0.0,0.0,0.0,0.0,0.0,0.0,0.0,0.0,0.0,0.0,0.0,0.0,0.0,0.0,0.029729981,0.0,0.0,0.0,0.0,0.0,0.0,0.0,0.0,0.0,0.0,0.0,0.0,0.0,0.0,0.0,0.0,0.0,0.0,0.0,0.0,0.0,0.0,0.0,0.0,0.0,0.0,0.0,0.0,0.0,0.0,0.0,0.0,0.0,0.0,0.0,0.0,0.0,0.0,0.0,0.0,0.0,0.0,0.0,0.0,0.0,0.0,0.0,0.0,0.0,0.0,0.0,0.0,0.0,0.0,0.0,0.0,0.0,0.0,0.0,0.0,0.0,0.0,0.0,0.0,0.0,0.0,0.0,0.0,0.0,0.0,0.0,0.0,0.0,0.0,0.0,0.0,0.0,0.0,0.0,0.0,0.0,0.0,0.0,0.0,0.0,0.0
k__Bacteria|p__Firmicutes|c__Clostridia|o__Clostridiales|f__Veillonellaceae|g__Veillonella|s__dispar,0.051655807,0.05169606,0.03292578,0.03289564,0.032906257,0.0,0.023691686,0.0,0.03285241,0.03293324,0.03371542,0.0,0.032918874,0.032887567,0.025507364,0.033571605,0.029493855,0.03303108,0.03595428,0.032931402,0.03358168,0.032949638,0.032916564,0.032986186,0.0,0.033610623,0.033006355,0.032930728,0.0,0.03297457,0.03359726,0.044526823,0.03305416,0.026178015,0.0,0.033640265,0.03710419,0.0,0.022194551,0.0,0.033450898,0.032982707,0.032914024,0.029666362,0.03293063,0.033587694,0.033038367,0.032932807,0.03290256,0.033023763,0.033399493,0.03288892,0.032890614,0.025547039,0.0,0.03357159,0.03289147,0.0,0.0,0.032941323,0.033577975,0.04465595,0.032927014,0.032891966,0.032968886,0.033561833,0.03287048,0.032889042,0.0328911,0.032946628,0.033542376,0.032912645,0.032807086,0.023472724,0.032960642,0.07011118,0.032983113,0.032937627,0.03286896,0.03298493,0.033601396,0.032958854,0.029061953,0.03284759,0.03288418,0.03364768,0.033363584,0.032845564,0.032930568,0.032972414,0.037443332,0.032969106,0.03288232,0.031854585,0.030634422,0.033589553,0.0,0.0,0.032906163,0.03293021,0.033459857,0.03294605,0.032931972,0.0,0.032926105,0.033693817,0.03293782,0.03286715,0.032911375,0.032955647,0.03360645,0.025892273,0.032887418,0.032906983,0.03296637,0.0,0.032972272,0.032887258,0.032892164,0.032953743,0.033503134,0.032975767,0.0,0.0,0.03293579,0.0,0.03301708,0.021916399,0.03286116,0.03287394,0.033531994,0.033030204,0.0,0.03284091,0.032959305,0.033589795,0.032989535,0.02891489,0.03284695,0.019757455,0.033769775,0.066768125,0.033005662,0.032868624,0.0
k__Bacteria|p__Firmicutes|c__Erysipelotrichi|o__Erysipelotrichales|f__Erysipelotrichaceae|g__[Eubacterium]|s__biforme,0.0,0.0,0.0,0.0,0.0,0.0,0.0,0.0,0.0,0.0,0.0,0.0,0.0,0.0,0.0,0.0,0.0,0.0,0.0,0.0,0.0,0.0,0.0,0.0,0.0,0.0,0.0,0.0,0.020767247,0.0,0.0,0.0,0.0,0.0,0.0,0.0,0.0,0.023172652,0.022610396,0.025546113,0.0,0.0,0.0,0.0,0.0,0.0,0.0,0.0,0.0,0.0,0.0,0.0,0.0,0.0,0.0,0.0,0.0,0.021480355,0.0,0.0,0.0,0.0,0.0,0.0,0.0,0.0,0.0,0.0,0.0,0.0,0.0,0.0,0.0,0.0,0.0,0.0,0.0,0.0,0.0,0.0,0.0,0.0,0.0,0.0,0.0,0.0,0.0,0.0,0.0,0.0,0.0,0.0,0.0,0.0,0.0,0.0,0.0,0.0,0.0,0.0,0.0,0.0,0.0,0.0,0.0,0.0,0.0,0.0,0.0,0.0,0.0,0.0,0.0,0.0,0.0,0.0,0.0,0.0,0.0,0.0,0.0,0.0,0.0,0.026126781,0.0,0.0,0.0,0.022178123,0.0,0.0,0.0,0.0,0.0,0.0,0.0,0.0,0.0,0.028108383,0.0,0.021113114,0.0,0.0,0.0,0.0,0.0
k__Bacteria|p__Firmicutes|c__Bacilli|o__Turicibacterales|f__Turicibacteraceae|g__Turicibacter|s__unclassified,0.0,0.0,0.0,0.0,0.0,0.0,0.0,0.024945097,0.0,0.0,0.0,0.0,0.0,0.0,0.0,0.0,0.03015427,0.0,0.03501362,0.0,0.0,0.0,0.0,0.0,0.0,0.0,0.0,0.0,0.0,0.0,0.0,0.0,0.0,0.0,0.034204744,0.0,0.0,0.0,0.0,0.0,0.0,0.0,0.0,0.0,0.0,0.0,0.0,0.0,0.0,0.0,0.0,0.0,0.0,0.0,0.0,0.0,0.0,0.0,0.0,0.0,0.0,0.0,0.0,0.0,0.0,0.0,0.0,0.0,0.0,0.0,0.0,0.0,0.0,0.0,0.0,0.0,0.0,0.0,0.0,0.0,0.0,0.0,0.02803499,0.0,0.0,0.0,0.0,0.0,0.0,0.0,0.0,0.0,0.0,0.0,0.0,0.0,0.0,0.0,0.0,0.0,0.0,0.0,0.0,0.0,0.0,0.0,0.0,0.0,0.0,0.0,0.0,0.0,0.0,0.0,0.0,0.0,0.0,0.0,0.0,0.0,0.0,0.0,0.027112374,0.0,0.0,0.0,0.0,0.0,0.0,0.0,0.0,0.0,0.0,0.0,0.0,0.0,0.0,0.0,0.0,0.0,0.0,0.0,0.0,0.0,0.0
k__Bacteria|p__Firmicutes|c__Clostridia|o__Clostridiales|f__Veillonellaceae|g__Phascolarctobacterium|s__unclassified,0.0,0.0,0.0,0.0,0.0,0.042450458,0.028661584,0.024863126,0.0,0.0,0.0,0.0,0.0,0.0,0.0,0.0,0.0,0.0,0.0,0.0,0.0,0.0,0.0,0.0,0.0,0.0,0.0,0.0,0.021054365,0.0,0.0,0.0,0.0,0.0,0.0,0.0,0.0,0.019557195,0.022531794,0.025416251,0.0,0.0,0.0,0.0,0.0,0.0,0.0,0.0,0.0,0.0,0.0,0.0,0.0,0.0,0.02783763,0.0,0.0,0.0,0.0,0.0,0.0,0.0,0.0,0.0,0.0,0.0,0.0,0.0,0.0,0.0,0.0,0.0,0.0,0.026438843,0.0,0.0,0.0,0.0,0.0,0.0,0.0,0.0,0.0,0.0,0.0,0.0,0.0,0.0,0.0,0.0,0.0,0.0,0.0,0.0,0.0,0.0,0.036499076,0.0,0.0,0.0,0.0,0.0,0.0,0.0,0.0,0.0,0.0,0.0,0.0,0.0,0.0,0.0,0.0,0.0,0.0,0.0,0.0,0.0,0.0,0.0,0.0,0.0,0.030382005,0.0363374,0.0,0.038668487,0.0,0.0,0.0,0.0,0.0,0.0,0.0,0.0,0.0,0.0,0.0,0.0,0.0,0.0,0.0,0.0,0.0,0.0,0.0
k__Bacteria|p__Firmicutes|c__Clostridia|o__Clostridiales|f__Ruminococcaceae|g__unclassified|s__unclassified,0.0,0.0,0.03541147,0.035417862,0.035421498,0.0,0.024205314,0.02489045,0.03542789,0.035412945,0.035432085,0.04459797,0.0354083,0.035417985,0.027369292,0.035456225,0.0,0.03538217,0.035161175,0.03541437,0.03545119,0.035400853,0.03541106,0.03539994,0.03494457,0.035455514,0.035393465,0.03540987,0.025602916,0.03540543,0.03545637,0.0,0.035378706,0.031799555,0.04968542,0.035458896,0.0,0.023105584,0.022655178,0.026231248,0.035490885,0.03540287,0.03541315,0.032027468,0.03541537,0.035457723,0.0353926,0.035408553,0.035416834,0.03539383,0.035502974,0.03541614,0.035413425,0.025677972,0.02760734,0.03546285,0.03541515,0.023623709,0.029978964,0.035412226,0.03546019,0.0,0.035409916,0.035416517,0.03540974,0.03546578,0.035422605,0.03541671,0.035415746,0.035408616,0.035470977,0.035415236,0.03543615,0.02420838,0.035411056,0.0,0.035401754,0.035404235,0.035423752,0.035400428,0.035457503,0.03539908,0.029726654,0.035428703,0.035425454,0.035441644,0.035323396,0.035432987,0.035408653,0.03541429,0.0,0.035398602,0.0354192,0.033920363,0.03127752,0.03546209,0.03235066,0.04495665,0.035415538,0.035413295,0.03549125,0.035402313,0.035407204,0.03461556,0.03541316,0.035438545,0.035408348,0.03542359,0.03541205,0.03540819,0.03545282,0.0,0.03541768,0.035412803,0.035404857,0.0,0.03539101,0.035414893,0.035415795,0.03540904,0.035478845,0.03540059,0.027598929,0.027773807,0.035414234,0.0,0.0353874,0.029365918,0.03542246,0.035425995,0.03547224,0.035385568,0.024176396,0.035429627,0.035408773,0.03544955,0.035388794,0.02789999,0.03542846,0.022209292,0.03542666,0.0,0.035394453,0.035418212,0.0
k__Bacteria|p__Firmicutes|c__Clostridia|o__Clostridiales|f__Lachnospiraceae|g__Roseburia|s__unclassified,0.0,0.0,0.033749014,0.03373486,0.03375519,0.0,0.023641048,0.024849465,0.033717595,0.03376786,0.03423227,0.0,0.03373962,0.03371681,0.0,0.03420391,0.0,0.033756852,0.0,0.033777036,0.034215726,0.033770356,0.03374236,0.033770893,0.038443457,0.034214355,0.033788204,0.033740245,0.022641068,0.033822544,0.034200788,0.0,0.03379942,0.028316539,0.041093964,0.03423334,0.0,0.025360659,0.022835223,0.025279671,0.03414274,0.03378173,0.033740208,0.029655496,0.033790294,0.034212556,0.033809513,0.033747036,0.03374089,0.033801977,0.034139544,0.033733424,0.03373117,0.025487293,0.027771832,0.034207914,0.03372906,0.02181969,0.0,0.03379619,0.034189757,0.0,0.03375707,0.033746414,0.03380467,0.034214314,0.033754963,0.033741165,0.033732187,0.03375271,0.034189716,0.033765733,0.033710953,0.024085037,0.033790022,0.0,0.03380472,0.033756807,0.03372797,0.033769555,0.03421412,0.03376704,0.028619926,0.033743016,0.03376149,0.034251556,0.03394009,0.033756707,0.033782292,0.03382852,0.0,0.033734348,0.033712674,0.035112612,0.040552508,0.034202896,0.0,0.0,0.03374015,0.03375993,0.034140795,0.03375565,0.033731952,0.03425375,0.033744995,0.03425648,0.03377173,0.033719435,0.033717714,0.033779547,0.034199703,0.026485832,0.03371117,0.03371657,0.03376448,0.0,0.033799335,0.033709843,0.03372248,0.03377385,0.03417113,0.033765074,0.028241178,0.026282739,0.03377625,0.0,0.033750307,0.024281453,0.033720598,0.03375025,0.034172665,0.03375772,0.024133412,0.033724483,0.033772904,0.034230612,0.03378043,0.0,0.03372265,0.020647107,0.0342971,0.0,0.033760034,0.03372444,0.0
k__Bacteria|p__Firmicutes|c__Clostridia|o__Coriobacteriales|f__Coriobacteriaceae|g__unclassified|s__unclassified,0.0,0.0,0.0,0.0,0.0,0.04407547,0.0235253,0.025171278,0.0,0.0,0.0,0.0,0.0,0.0,0.0,0.0,0.029563665,0.0,0.035782132,0.0,0.0,0.0,0.0,0.0,0.0,0.0,0.0,0.0,0.0,0.0,0.0,0.0,0.0,0.0,0.0,0.0,0.0,0.019447098,0.0,0.0,0.0,0.0,0.0,0.0,0.0,0.0,0.0,0.0,0.0,0.0,0.0,0.0,0.0,0.0,0.0,0.0,0.0,0.021157179,0.0,0.0,0.0,0.037463576,0.0,0.0,0.0,0.0,0.0,0.0,0.0,0.0,0.0,0.0,0.0,0.0,0.0,0.0,0.0,0.0,0.0,0.0,0.0,0.0,0.0,0.0,0.0,0.0,0.0,0.0,0.0,0.0,0.0,0.0,0.0,0.0,0.0,0.0,0.0,0.0,0.0,0.0,0.0,0.0,0.0,0.0,0.0,0.0,0.0,0.0,0.0,0.0,0.0,0.0,0.0,0.0,0.0,0.0,0.0,0.0,0.0,0.0,0.0,0.0,0.0,0.0,0.0,0.03875286,0.0,0.022063434,0.0,0.0,0.0,0.0,0.02567174,0.0,0.0,0.0,0.0,0.0,0.0,0.019805115,0.0,0.0,0.0,0.0,0.0
k__Bacteria|p__Firmicutes|c__Clostridia|o__Coriobacteriales|f__Coriobacteriaceae|g__Eggerthella|s__lenta,0.0,0.0,0.0,0.0,0.0,0.0,0.0,0.025057428,0.0,0.0,0.0,0.044466853,0.0,0.0,0.026286563,0.0,0.0,0.0,0.0,0.0,0.0,0.0,0.0,0.0,0.0,0.0,0.0,0.0,0.0213163,0.0,0.0,0.0,0.0,0.0,0.0,0.0,0.0,0.01942685,0.0,0.0,0.0,0.0,0.0,0.0,0.0,0.0,0.0,0.0,0.0,0.0,0.0,0.0,0.0,0.0,0.0,0.0,0.0,0.0,0.029723454,0.0,0.0,0.0,0.0,0.0,0.0,0.0,0.0,0.0,0.0,0.0,0.0,0.0,0.0,0.0,0.0,0.0,0.0,0.0,0.0,0.0,0.0,0.0,0.0,0.0,0.0,0.0,0.0,0.0,0.0,0.0,0.0,0.0,0.0,0.031827945,0.0,0.0,0.0,0.045432545,0.0,0.0,0.0,0.0,0.0,0.0,0.0,0.0,0.0,0.0,0.0,0.0,0.0,0.0,0.0,0.0,0.0,0.0,0.0,0.0,0.0,0.0,0.0,0.0,0.0,0.0,0.0,0.038740207,0.0,0.0,0.0,0.0,0.0,0.0,0.024517668,0.0,0.0,0.0,0.0,0.0,0.0,0.0,0.0,0.0,0.0,0.0,0.0
k__Bacteria|p__Firmicutes|c__Clostridia|o__Clostridiales|f__Ruminococcaceae|g__Faecalibacterium|s__prausnitzii,0.0,0.0,0.034233354,0.034224316,0.0342272,0.042854212,0.02652026,0.025376204,0.034224186,0.034231216,0.034517247,0.0,0.034232274,0.03421246,0.0,0.03453341,0.029810797,0.03422351,0.0,0.03423893,0.034525335,0.034233898,0.03423564,0.034230154,0.031730115,0.034528762,0.034237653,0.034222815,0.02299367,0.03424773,0.03451238,0.0,0.03425003,0.02799564,0.036816973,0.034536213,0.03288514,0.023018267,0.02285807,0.026799956,0.03451651,0.034236133,0.03423124,0.030006764,0.034237,0.034526214,0.034244645,0.034230366,0.03422329,0.03423805,0.034519207,0.0342283,0.03423118,0.026773743,0.028150165,0.034527555,0.03423254,0.022084003,0.02967888,0.034238726,0.034519758,0.0,0.03423156,0.03422794,0.034237515,0.03453072,0.034240272,0.034234937,0.034224607,0.034221668,0.03452798,0.034240358,0.034228154,0.023531461,0.034236535,0.0,0.03425262,0.034238342,0.03422622,0.03423358,0.034535795,0.034238253,0.02801505,0.034236457,0.03422977,0.034533937,0.034283128,0.034237787,0.034237754,0.03424033,0.0,0.034220714,0.03421822,0.0,0.031140288,0.03452815,0.0,0.0,0.034225583,0.034226313,0.034514617,0.034237396,0.03421854,0.033204783,0.034224946,0.034546006,0.034246143,0.034224227,0.034216527,0.034234345,0.0345292,0.024998209,0.034219053,0.03421709,0.034231275,0.0,0.034244634,0.034221787,0.034219902,0.034234446,0.034519304,0.034237485,0.031549733,0.027468977,0.034234066,0.0,0.034219593,0.021917133,0.0342262,0.03423399,0.034520615,0.03421467,0.02415165,0.034224816,0.034231726,0.03454397,0.034244906,0.03983253,0.03422168,0.02067888,0.034531735,0.0,0.034227055,0.03421218,0.0
k__Bacteria|p__Firmicutes|c__Clostridia|o__Coriobacteriales|f__unclassified|g__unclassified|s__unclassified,0.0,0.03895251,0.034984037,0.03497067,0.03502299,0.0,0.02357594,0.025218334,0.03493558,0.035049338,0.035357177,0.0,0.0349965,0.03494751,0.025871977,0.035400294,0.029417064,0.035003856,0.0,0.035073027,0.035446346,0.035104223,0.034996644,0.035031416,0.034229986,0.0353833,0.035082053,0.034992903,0.022505067,0.035226602,0.035377525,0.044328317,0.035096217,0.027277725,0.036543973,0.035382997,0.03284363,0.020685997,0.022034612,0.025570743,0.035245545,0.035064697,0.034983143,0.030093677,0.03514541,0.035417162,0.03510153,0.034996778,0.034991022,0.03512235,0.035245616,0.0349818,0.034985293,0.025709752,0.027755383,0.03540163,0.034983117,0.021540374,0.030025715,0.03516735,0.03532339,0.0,0.035035007,0.03501848,0.03514926,0.035412397,0.035034835,0.035004124,0.034974776,0.0350141,0.035344936,0.03506725,0.034961633,0.024180481,0.03511128,0.0,0.035133373,0.035054564,0.034967363,0.03503096,0.03537145,0.035046004,0.029155012,0.035018772,0.035074085,0.035508994,0.0353146,0.035064496,0.035112076,0.035227224,0.0,0.034954794,0.034940626,0.032555424,0.030607922,0.035345826,0.0,0.04574456,0.034970623,0.03503117,0.035217904,0.035005186,0.03496342,0.03320916,0.034994688,0.035467904,0.035074584,0.034964904,0.03494708,0.03508861,0.035339102,0.023740312,0.034945015,0.03494692,0.03503371,0.0,0.03511009,0.03494176,0.03495893,0.035072234,0.035307758,0.035027348,0.027754623,0.026599385,0.035065465,0.0,0.034986176,0.022195766,0.03497099,0.035024654,0.0352852,0.03500508,0.0,0.034980237,0.035056844,0.035473496,0.03509543,0.027783616,0.03497742,0.021192547,0.035525005,0.0,0.03500593,0.034974743,0.0
k__Bacteria|p__Firmicutes|c__Clostridia|o__Clostridiales|f__Ruminococcaceae|g__Ruminococcus|s__unclassified,0.0509326,0.0,0.035699878,0.035723418,0.03572642,0.041962758,0.02357594,0.026872931,0.035756096,0.035708055,0.0354703,0.0,0.03571592,0.035725985,0.02567394,0.03564633,0.029489668,0.035591245,0.0,0.03572216,0.03564855,0.035722665,0.035720162,0.035652928,0.03329562,0.03558322,0.035644244,0.03569474,0.022857666,0.035722617,0.0355977,0.044354357,0.03560612,0.028858583,0.035098683,0.035539757,0.0,0.019983659,0.021911232,0.025611043,0.035722032,0.035656318,0.0357077,0.030749137,0.03574067,0.035608795,0.035608478,0.03569477,0.035725627,0.03563204,0.03578362,0.035736617,0.035748612,0.02613306,0.028429806,0.03563781,0.035734873,0.021592313,0.03405944,0.03573265,0.035609055,0.0,0.035717625,0.035753105,0.03569317,0.035646714,0.035777055,0.03575287,0.03573579,0.035680756,0.03564761,0.03574229,0.035821237,0.02523037,0.03569831,0.0,0.035676725,0.035718393,0.03575418,0.03564959,0.03558129,0.035680413,0.029307893,0.03580235,0.03577052,0.03557765,0.035316218,0.035811786,0.035743844,0.035708923,0.0,0.03563702,0.035728592,0.033112973,0.03338001,0.03559717,0.0,0.046938885,0.035714574,0.03570592,0.035705097,0.035690427,0.03568632,0.03318144,0.03569998,0.035504267,0.03572285,0.035760615,0.035697486,0.035700057,0.03558836,0.023484513,0.035721492,0.035702102,0.0356678,0.0,0.035694305,0.035722263,0.035724208,0.035694532,0.0356821,0.03566015,0.032503374,0.02754223,0.03570942,0.0,0.035597216,0.028704993,0.035766985,0.03576813,0.035654895,0.035593674,0.0,0.03579348,0.035679433,0.03563732,0.03566518,0.027759258,0.03578654,0.022881825,0.03542677,0.0,0.03561255,0.035756033,0.0
k__Bacteria|p__Firmicutes|c__Clostridia|o__Clostridiales|f__Clostridiaceae|g__unclassified|s__unclassified,0.050941527,0.0,0.0,0.0,0.0,0.0,0.02366275,0.0,0.0,0.0,0.0,0.0,0.0,0.0,0.02554068,0.0,0.0,0.0,0.0,0.0,0.0,0.0,0.0,0.0,0.0,0.0,0.0,0.0,0.0,0.0,0.0,0.044308797,0.0,0.0,0.03405486,0.0,0.032929614,0.0,0.021690974,0.025250563,0.0,0.0,0.0,0.0,0.0,0.0,0.0,0.0,0.0,0.0,0.0,0.0,0.0,0.0,0.0,0.0,0.0,0.0,0.029679969,0.0,0.0,0.0,0.0,0.0,0.0,0.0,0.0,0.0,0.0,0.0,0.0,0.0,0.0,0.023471257,0.0,0.0,0.0,0.0,0.0,0.0,0.0,0.0,0.02827096,0.0,0.0,0.0,0.0,0.0,0.0,0.0,0.0,0.0,0.0,0.0,0.02975188,0.0,0.030967852,0.0,0.0,0.0,0.0,0.0,0.0,0.0,0.0,0.0,0.0,0.0,0.0,0.0,0.0,0.023488235,0.0,0.0,0.0,0.0,0.0,0.0,0.0,0.0,0.0,0.0,0.0,0.0,0.0,0.0,0.0,0.02187817,0.0,0.0,0.0,0.0,0.0,0.0,0.0,0.0,0.0,0.0,0.0,0.0,0.0,0.0,0.0,0.0,0.0
k__Bacteria|p__Firmicutes|c__Clostridia|o__Clostridiales|f__Ruminococcaceae|g__Faecalibacterium|s__unclassified,0.0,0.0,0.0,0.0,0.0,0.042840224,0.02623089,0.027105182,0.0,0.0,0.0,0.0,0.0,0.0,0.0,0.0,0.030366495,0.0,0.0,0.0,0.0,0.0,0.0,0.0,0.0,0.0,0.0,0.0,0.026232561,0.0,0.0,0.0,0.0,0.02982809,0.03436533,0.0,0.0,0.022618378,0.022114126,0.026714873,0.0,0.0,0.0,0.0313539,0.0,0.0,0.0,0.0,0.0,0.0,0.0,0.0,0.0,0.028417403,0.028742341,0.0,0.0,0.02178391,0.0,0.0,0.0,0.0,0.0,0.0,0.0,0.0,0.0,0.0,0.0,0.0,0.0,0.0,0.0,0.0,0.0,0.0,0.0,0.0,0.0,0.0,0.0,0.0,0.0,0.0,0.0,0.0,0.0,0.0,0.0,0.0,0.0,0.0,0.0,0.0,0.03670954,0.0,0.0,0.044122852,0.0,0.0,0.0,0.0,0.0,0.03410202,0.0,0.0,0.0,0.0,0.0,0.0,0.0,0.0,0.0,0.0,0.0,0.0,0.0,0.0,0.0,0.0,0.0,0.0,0.035052907,0.026989283,0.0,0.0,0.0,0.0,0.0,0.0,0.0,0.0,0.0,0.0,0.0,0.0,0.0,0.030249149,0.0,0.020493535,0.0,0.0,0.0,0.0,0.0
k__Bacteria|p__Firmicutes|c__Clostridia|o__Clostridiales|f__Lachnospiraceae|g__Lachnospira|s__unclassified,0.0,0.0,0.031363595,0.031351116,0.031401724,0.0,0.02550747,0.0,0.03132636,0.031426657,0.032196954,0.0,0.031365406,0.03133195,0.0,0.032260288,0.0,0.031341173,0.0,0.031443816,0.03229184,0.031457428,0.031377826,0.031387687,0.03387387,0.032238133,0.031433135,0.03135242,0.023401681,0.03155776,0.032228068,0.0,0.03142637,0.02937098,0.035596505,0.032240096,0.0,0.01988242,0.02306919,0.025920028,0.032160338,0.03142218,0.031359848,0.030133512,0.031500734,0.03226499,0.03144014,0.031367067,0.0313662,0.031456087,0.032173473,0.031362608,0.03137172,0.026506793,0.027541542,0.03225696,0.03135321,0.021136403,0.0,0.031513605,0.032198563,0.0,0.031409517,0.03139703,0.031499207,0.03227786,0.03142926,0.031395983,0.03136745,0.031379517,0.03222289,0.0314359,0.03136615,0.023951415,0.03146497,0.0,0.031475455,0.03141887,0.031360608,0.031390734,0.032240797,0.031411536,0.03630719,0.031416886,0.031448178,0.032326598,0.031555038,0.03145777,0.0314763,0.031554293,0.0,0.0313102,0.031322453,0.031765487,0.030046219,0.032216262,0.0,0.0,0.03135782,0.031403944,0.0321344,0.03137729,0.03133268,0.0342129,0.031370305,0.03229274,0.031435117,0.03134921,0.031313546,0.031446207,0.032207325,0.023916643,0.031310815,0.031311296,0.03139317,0.0,0.031460818,0.03131788,0.03133942,0.031436384,0.032201808,0.031379998,0.027015064,0.026372535,0.031440593,0.0,0.031331584,0.022097988,0.031356957,0.031411994,0.032174017,0.031337373,0.0,0.031378523,0.031419806,0.032319836,0.031439923,0.0,0.031369343,0.019302038,0.032323956,0.0,0.03135279,0.031367622,0.0
k__Bacteria|p__Firmicutes|c__Clostridia|o__unclassified|f__unclassified|g__unclassified|s__unclassified,0.0,0.0,0.035251323,0.035243895,0.035265308,0.0,0.024451278,0.031416245,0.03523315,0.03527227,0.035335157,0.0,0.035254546,0.035232488,0.025483305,0.03539787,0.029425442,0.035224844,0.034959514,0.035281584,0.035393987,0.035283424,0.035249908,0.03525122,0.032908946,0.03538191,0.03526553,0.035239447,0.029949984,0.035315532,0.03537125,0.0,0.03526633,0.02703775,0.035104036,0.03539088,0.032888103,0.022046383,0.022065688,0.0254879,0.03538444,0.035271544,0.035249274,0.02982932,0.03530316,0.035386615,0.035267867,0.035247795,0.035247874,0.03527239,0.03539142,0.035246707,0.035249323,0.025880093,0.027722485,0.03539772,0.03525487,0.022194806,0.030529117,0.035302773,0.03537201,0.0,0.035266627,0.03525765,0.03529497,0.03539833,0.03527622,0.03525809,0.035247657,0.035247788,0.035392698,0.035284787,0.035260968,0.024836846,0.03528616,0.0,0.035295933,0.03527421,0.035253208,0.035252213,0.03538805,0.035259254,0.031617723,0.03527735,0.0352856,0.03538981,0.03525882,0.035291273,0.035288494,0.035311274,0.0,0.035217494,0.03522907,0.032364372,0.03123635,0.035383504,0.0,0.044795394,0.03524108,0.035258103,0.035370544,0.035247643,0.035226073,0.033404656,0.03524482,0.03539209,0.03528458,0.035249602,0.03522434,0.03527697,0.035377756,0.026182845,0.03522684,0.035225525,0.03525615,0.0,0.035284232,0.035232853,0.035229657,0.035274602,0.03538975,0.0352574,0.027190223,0.0265025,0.03527967,0.0,0.03522601,0.022942701,0.0352524,0.035276413,0.035382234,0.035212897,0.024679188,0.03525564,0.03526774,0.035410833,0.03526652,0.027948705,0.03524921,0.020043416,0.035352733,0.0,0.03522501,0.03523839,0.0
k__Bacteria|p__Firmicutes|c__Clostridia|o__Clostridiales|f__Lachnospiraceae|g__Anaerostipes|s__unclassified,0.0,0.0,0.0,0.0,0.0,0.0,0.0,0.0,0.0,0.0,0.0,0.0,0.0,0.0,0.0,0.0,0.0,0.0,0.0,0.0,0.0,0.0,0.0,0.0,0.0,0.0,0.0,0.0,0.020772286,0.0,0.0,0.0,0.0,0.0,0.0,0.0,0.0,0.0,0.0,0.0,0.0,0.0,0.0,0.0,0.0,0.0,0.0,0.0,0.0,0.0,0.0,0.0,0.0,0.02554958,0.027492195,0.0,0.0,0.0,0.0,0.0,0.0,0.0,0.0,0.0,0.0,0.0,0.0,0.0,0.0,0.0,0.0,0.0,0.0,0.0,0.0,0.0,0.0,0.0,0.0,0.0,0.0,0.0,0.0,0.0,0.0,0.0,0.0,0.0,0.0,0.0,0.0,0.0,0.0,0.0,0.029755192,0.0,0.0,0.0,0.0,0.0,0.0,0.0,0.0,0.032695618,0.0,0.0,0.0,0.0,0.0,0.0,0.0,0.0,0.0,0.0,0.0,0.0,0.0,0.0,0.0,0.0,0.0,0.0,0.0,0.0,0.0,0.0,0.0,0.021942865,0.0,0.0,0.0,0.0,0.0,0.0,0.0,0.0,0.0,0.0,0.0,0.01895783,0.0,0.0,0.0,0.0,0.0
k__Bacteria|p__Firmicutes|c__Clostridia|o__Clostridiales|f__Lachnospiraceae|g__Lachnobacterium|s__unclassified,0.0,0.0,0.0,0.0,0.0,0.0,0.0,0.0,0.0,0.0,0.0,0.0,0.0,0.0,0.0,0.0,0.0,0.0,0.0,0.0,0.0,0.0,0.0,0.0,0.0,0.0,0.0,0.0,0.0,0.0,0.0,0.0,0.0,0.027270915,0.0,0.0,0.0,0.0,0.0,0.0,0.0,0.0,0.0,0.030680332,0.0,0.0,0.0,0.0,0.0,0.0,0.0,0.0,0.0,0.0,0.0,0.0,0.0,0.021136403,0.0,0.0,0.0,0.0,0.0,0.0,0.0,0.0,0.0,0.0,0.0,0.0,0.0,0.0,0.0,0.023869187,0.0,0.0,0.0,0.0,0.0,0.0,0.0,0.0,0.0,0.0,0.0,0.0,0.0,0.0,0.0,0.0,0.0,0.0,0.0,0.0,0.031131772,0.0,0.0,0.0,0.0,0.0,0.0,0.0,0.0,0.0,0.0,0.0,0.0,0.0,0.0,0.0,0.0,0.0,0.0,0.0,0.0,0.0,0.0,0.0,0.0,0.0,0.0,0.0,0.027015064,0.0,0.0,0.0,0.0,0.0,0.0,0.0,0.0,0.0,0.0,0.0,0.0,0.0,0.0,0.0,0.0,0.020069892,0.0,0.0,0.0,0.0,0.0
k__Bacteria|p__Firmicutes|c__Clostridia|o__Clostridiales|f__Lachnospiraceae|g__[Ruminococcus]|s__unclassified,0.0,0.03881329,0.035570543,0.03558414,0.035563756,0.0,0.023669984,0.027202332,0.035604093,0.03555026,0.035497986,0.044918854,0.03556853,0.0355975,0.02655493,0.035516914,0.029431026,0.03554442,0.034965664,0.03553936,0.035503246,0.035537608,0.03556449,0.035540912,0.031936966,0.035515904,0.03552346,0.035569523,0.022343878,0.035486028,0.035526816,0.044313677,0.03550234,0.026579037,0.034734685,0.035506465,0.0,0.020197524,0.021884726,0.02543864,0.03559752,0.035536993,0.0355749,0.029680848,0.03552456,0.035515532,0.03550957,0.035565197,0.035575543,0.035508387,0.03560473,0.035581015,0.03557642,0.025783481,0.027525093,0.035518836,0.035584033,0.021137556,0.029721282,0.03551533,0.035542555,0.0,0.035556845,0.035566468,0.03551346,0.035515662,0.035565414,0.03556818,0.035581507,0.035559364,0.035544626,0.035549246,0.035606407,0.0,0.035523735,0.0,0.035522632,0.035547428,0.03558971,0.035541758,0.035522472,0.035547078,0.028586693,0.03557468,0.03555342,0.03546542,0.03536815,0.03556631,0.035529062,0.03549002,0.0,0.03557401,0.03559886,0.031752627,0.03009638,0.035531644,0.0,0.044378497,0.035576984,0.035555985,0.03560358,0.035553485,0.035578374,0.03311579,0.03556833,0.035469152,0.035541456,0.03559238,0.03559165,0.035532385,0.035529062,0.023499414,0.035597153,0.035593696,0.035546195,0.0,0.035535205,0.035596512,0.035588417,0.035537772,0.035566982,0.035547927,0.02697614,0.026346542,0.0355442,0.038925834,0.035556458,0.022256784,0.035591427,0.03556774,0.035561267,0.035545506,0.025472447,0.03558985,0.035541985,0.035489906,0.035527557,0.029350622,0.035589494,0.019344402,0.035426274,0.0,0.035548773,0.0355887,0.0
k__Bacteria|p__Firmicutes|c__Clostridia|o__Clostridiales|f__Lachnospiraceae|g__Roseburia|s__faecis,0.0,0.0,0.0,0.0,0.0,0.0,0.023518065,0.0,0.0,0.0,0.0,0.0,0.0,0.0,0.0,0.0,0.0,0.0,0.0,0.0,0.0,0.0,0.0,0.0,0.0,0.0,0.0,0.0,0.0,0.0,0.0,0.0,0.0,0.0,0.0,0.0,0.0,0.0,0.02172753,0.0,0.0,0.0,0.0,0.0,0.0,0.0,0.0,0.0,0.0,0.0,0.0,0.0,0.0,0.0,0.0,0.0,0.0,0.0,0.0,0.0,0.0,0.0,0.0,0.0,0.0,0.0,0.0,0.0,0.0,0.0,0.0,0.0,0.0,0.0,0.0,0.0,0.0,0.0,0.0,0.0,0.0,0.0,0.0,0.0,0.0,0.0,0.0,0.0,0.0,0.0,0.0,0.0,0.0,0.0,0.0,0.0,0.0,0.0,0.0,0.0,0.0,0.0,0.0,0.0,0.0,0.0,0.0,0.0,0.0,0.0,0.0,0.0,0.0,0.0,0.0,0.0,0.0,0.0,0.0,0.0,0.0,0.0,0.027015064,0.0,0.0,0.0,0.0,0.0,0.0,0.0,0.0,0.0,0.0,0.0,0.0,0.0,0.0,0.0,0.0,0.0,0.0,0.0,0.0,0.0,0.0
k__Bacteria|p__Firmicutes|c__Clostridia|o__Coriobacteriales|f__Coriobacteriaceae|g__Collinsella|s__unclassified,0.0,0.0,0.0,0.0,0.0,0.045352694,0.02418361,0.027244836,0.0,0.0,0.0,0.0,0.0,0.0,0.0,0.0,0.032061514,0.0,0.036582623,0.0,0.0,0.0,0.0,0.0,0.0,0.0,0.0,0.0,0.021240741,0.0,0.0,0.0,0.0,0.026474876,0.0,0.0,0.0,0.021083357,0.0,0.0,0.0,0.0,0.0,0.0,0.0,0.0,0.0,0.0,0.0,0.0,0.0,0.0,0.0,0.0,0.0,0.0,0.0,0.02208054,0.0,0.0,0.0,0.04261178,0.0,0.0,0.0,0.0,0.0,0.0,0.0,0.0,0.0,0.0,0.0,0.0234786,0.0,0.0,0.0,0.0,0.0,0.0,0.0,0.0,0.0,0.0,0.0,0.0,0.0,0.0,0.0,0.0,0.035483066,0.0,0.0,0.03446689,0.0,0.0,0.031100247,0.0,0.0,0.0,0.0,0.0,0.0,0.0,0.0,0.0,0.0,0.0,0.0,0.0,0.0,0.0,0.0,0.0,0.0,0.0,0.0,0.0,0.0,0.0,0.0,0.0,0.02697614,0.0,0.0,0.04647332,0.0,0.022721414,0.0,0.0,0.0,0.0,0.044997867,0.0,0.0,0.0,0.0,0.03989207,0.0,0.019429132,0.0,0.0,0.0,0.0,0.0
k__Bacteria|p__Firmicutes|c__Clostridia|o__Clostridiales|f__Ruminococcaceae|g__Oscillospira|s__unclassified,0.0,0.038698934,0.03558167,0.035574466,0.03558271,0.0,0.025022779,0.026097244,0.035578005,0.035578206,0.03548671,0.04930088,0.035572782,0.035562694,0.02621438,0.035547864,0.02959997,0.035524238,0.0,0.03558586,0.03552392,0.03554888,0.03558087,0.035565995,0.033877395,0.03552192,0.035548236,0.03555653,0.02106444,0.035551835,0.03550889,0.047322147,0.035545688,0.026343472,0.035034448,0.035524547,0.0,0.02040253,0.021849085,0.025344603,0.03560151,0.035555415,0.035572495,0.030140754,0.035568688,0.035505205,0.035535503,0.035568144,0.035574928,0.035535604,0.035626292,0.035570707,0.03558426,0.027113153,0.027969223,0.03554428,0.035566922,0.021960502,0.030257301,0.03555319,0.035549343,0.0,0.035575207,0.035585187,0.03555497,0.03553577,0.035594206,0.035590366,0.035580795,0.03555925,0.035558496,0.03557895,0.0355982,0.024170201,0.035566483,0.0,0.035533104,0.035567533,0.03558875,0.035562426,0.03552899,0.035550736,0.028759515,0.035609156,0.035586793,0.03547895,0.0353897,0.035595164,0.035579614,0.035540126,0.0,0.035535917,0.03556143,0.03459181,0.0318468,0.035546016,0.030982565,0.0,0.035582587,0.035572432,0.035600137,0.03557585,0.035557013,0.032717504,0.03556941,0.03547374,0.035571378,0.035581402,0.035547867,0.03556686,0.035543844,0.02375149,0.035548225,0.035547882,0.035562877,0.0,0.035544604,0.03555734,0.035562925,0.03556759,0.03557611,0.035557963,0.028241178,0.027277574,0.03558175,0.0,0.0355285,0.023754334,0.03558396,0.035600927,0.035589274,0.03551937,0.024146438,0.0355981,0.035565197,0.03551781,0.035527922,0.027927054,0.035591953,0.01969391,0.035432037,0.06687971,0.035524562,0.03557566,0.0
k__Bacteria|p__Firmicutes|c__Clostridia|o__Clostridiales|f__Lachnospiraceae|g__[Ruminococcus]|s__gnavus,0.0,0.039658554,0.034789257,0.034767,0.034770656,0.0,0.024118504,0.0,0.03474539,0.03478068,0.035162225,0.04540536,0.03477919,0.034752607,0.026503108,0.03507975,0.029618122,0.034842957,0.03503329,0.03478796,0.035081238,0.034787204,0.03477292,0.03482483,0.032416493,0.035101846,0.034829132,0.03478769,0.021729345,0.034818258,0.035085045,0.05295997,0.034868315,0.0,0.0,0.03512597,0.033223137,0.020110207,0.02171839,0.025308777,0.03499539,0.034820143,0.034778185,0.0,0.03478448,0.03508901,0.034860805,0.0347885,0.034769762,0.034843635,0.03497099,0.034758117,0.03475747,0.0,0.0,0.03507835,0.03476671,0.02127029,0.030651975,0.03479027,0.035074744,0.037255965,0.034779876,0.034760885,0.034807906,0.035074104,0.034748968,0.034754246,0.034753703,0.034789905,0.03505857,0.0347765,0.03470715,0.02377521,0.034805715,0.0,0.034824748,0.034782737,0.034747552,0.03481984,0.035093848,0.034798276,0.029407598,0.034734167,0.034753185,0.0351321,0.035065867,0.03473038,0.034784086,0.034821074,0.03686279,0.034811348,0.034754228,0.03186285,0.0,0.0350895,0.03151215,0.04694282,0.034771446,0.034782115,0.035003845,0.034797817,0.034785915,0.03287069,0.034780208,0.03515966,0.03479509,0.034747563,0.03477404,0.03479949,0.035092585,0.025354594,0.03476174,0.034773797,0.034806836,0.0,0.034822196,0.034754075,0.03475821,0.034794454,0.035027377,0.03482229,0.0,0.026100786,0.034786295,0.0,0.034834523,0.02218327,0.034741897,0.03475285,0.03504791,0.03484828,0.024416069,0.03472692,0.034800313,0.03509431,0.03482104,0.03189735,0.034731403,0.019296743,0.035207547,0.06686377,0.03483078,0.034731604,0.048002586
k__Bacteria|p__Firmicutes|c__Erysipelotrichi|o__Erysipelotrichales|f__[Coprobacillaceae]|g__unclassified|s__unclassified,0.062173527,0.039539218,0.037868336,0.03787626,0.03780649,0.041950762,0.025225336,0.03350195,0.037903797,0.0377706,0.037338153,0.04518109,0.037844427,0.03789447,0.027941197,0.037218183,0.029683743,0.037897777,0.03500747,0.037740532,0.037163198,0.037693456,0.037825126,0.03783603,0.033837434,0.037265446,0.037760008,0.037870023,0.022741813,0.037552238,0.03726896,0.044966135,0.037771545,0.029348945,0.03500233,0.037282538,0.0,0.021824924,0.022354493,0.025613284,0.03738288,0.037784565,0.037862163,0.029655496,0.037645474,0.037213344,0.037759427,0.037851937,0.037850663,0.037725672,0.037356827,0.037845414,0.037826262,0.02652586,0.0,0.03723124,0.03785896,0.021212582,0.030700902,0.037617058,0.037330866,0.0,0.03778654,0.03779713,0.03765902,0.037195172,0.03774934,0.037792835,0.03784275,0.037836507,0.037290506,0.037738137,0.03782598,0.024368433,0.037707433,0.0,0.037680782,0.037756752,0.03785552,0.03782867,0.037271876,0.03778006,0.032744396,0.037762586,0.037718527,0.03710973,0.037594456,0.03769507,0.03767891,0.037565764,0.0,0.037940204,0.03790388,0.032047477,0.030987913,0.03730818,0.0,0.045106106,0.03787111,0.037800487,0.03742775,0.037837304,0.037899926,0.032962598,0.03784792,0.037183095,0.037736084,0.03786106,0.037922405,0.03773371,0.037316263,0.029430032,0.03791436,0.037924666,0.0378208,0.0,0.037709247,0.037908673,0.03787998,0.037750177,0.03732108,0.03784095,0.0,0.0,0.037752837,0.039710537,0.037920453,0.0,0.037850376,0.037781823,0.037371334,0.037906516,0.028962014,0.03781744,0.03778178,0.037119772,0.03772972,0.031218043,0.037829686,0.0,0.037140593,0.06681595,0.037872527,0.03783535,0.0
k__Bacteria|p__Firmicutes|c__Clostridia|o__Clostridiales|f__unclassified|g__unclassified|s__unclassified,0.051164743,0.038793404,0.03513794,0.035111118,0.035254244,0.0,0.023655515,0.027593972,0.03504,0.035313413,0.03559411,0.0,0.03514777,0.03505881,0.025498113,0.03576342,0.0354278,0.03509887,0.03548948,0.03535832,0.035840847,0.035371076,0.035156686,0.035211522,0.031752445,0.03571399,0.035323814,0.035122532,0.021422079,0.035684936,0.03568301,0.0443934,0.035319854,0.033776626,0.041002963,0.035730958,0.034895338,0.02003681,0.022287773,0.025467748,0.03547409,0.035313208,0.035136774,0.029898128,0.035528038,0.03580182,0.0353477,0.035154976,0.035150353,0.035405606,0.03549296,0.035133615,0.035147034,0.025498733,0.0,0.035754994,0.03511822,0.021843929,0.030295357,0.03556807,0.035591874,0.0,0.03526077,0.035222866,0.035526298,0.035809238,0.03530289,0.03520663,0.03514422,0.035193693,0.035663314,0.035331607,0.03513651,0.0,0.035431292,0.0,0.035421036,0.035279658,0.035132006,0.03521751,0.03572042,0.035263896,0.031787224,0.035265982,0.03537113,0.035973888,0.0356544,0.03536921,0.035441086,0.035691142,0.03429183,0.035011362,0.035033133,0.03235243,0.029780746,0.035649624,0.0,0.044154316,0.035125107,0.0352545,0.035398353,0.035175726,0.03506335,0.032752518,0.035158835,0.035885714,0.03531594,0.035098128,0.03501928,0.035367873,0.0356034,0.025225451,0.035010483,0.035014357,0.03523127,0.0,0.03538918,0.0350295,0.035076756,0.035342757,0.035590764,0.03519729,0.027384846,0.026304007,0.035354797,0.0,0.035071436,0.022615548,0.035122927,0.035275828,0.035510257,0.03508885,0.0,0.035168882,0.035302736,0.035935625,0.035359833,0.028138155,0.03515015,0.019423837,0.03598886,0.0,0.035113525,0.035142843,0.0
k__Bacteria|p__Firmicutes|c__Clostridia|o__Clostridiales|f__Lachnospiraceae|g__Coprococcus|s__unclassified,0.0,0.03855474,0.03508773,0.035086054,0.035076942,0.0,0.0,0.0,0.03508823,0.035082303,0.035236344,0.0,0.035087906,0.035081357,0.025984878,0.035207074,0.029507818,0.035094608,0.0,0.03508098,0.035195123,0.03507028,0.035099126,0.035088062,0.032150876,0.035210423,0.03508709,0.035083845,0.023164934,0.035065286,0.035207257,0.045016576,0.035094578,0.026419189,0.03408698,0.035212412,0.032968156,0.021861624,0.021951444,0.02541849,0.03521693,0.03507474,0.03508987,0.029822078,0.035066236,0.035195675,0.03508484,0.035091348,0.035084683,0.035077266,0.03521906,0.03509159,0.03509495,0.025533056,0.027623788,0.035199717,0.035081767,0.02170658,0.030110521,0.03506845,0.035220157,0.0,0.035081528,0.035090577,0.03507073,0.035199497,0.03508417,0.03509443,0.0350914,0.035086296,0.035206623,0.03508293,0.035084777,0.023534397,0.035073914,0.0,0.035083696,0.035084393,0.03508409,0.0350881,0.035205044,0.035092503,0.028380636,0.03508604,0.03507826,0.035194326,0.03509206,0.035083096,0.035083942,0.03506407,0.034254137,0.03508795,0.03508375,0.032267004,0.030256798,0.035212066,0.030909011,0.058254167,0.03509179,0.035084147,0.035221078,0.03509733,0.03509001,0.033038467,0.035087485,0.03519395,0.035084493,0.035079412,0.035082724,0.035082176,0.035217024,0.023752728,0.03508207,0.03508061,0.035086125,0.0,0.03508299,0.03508537,0.03509198,0.03507797,0.035211954,0.035080776,0.02734592,0.02625911,0.035080273,0.0,0.03508202,0.022660395,0.035085052,0.035082594,0.03522271,0.035086717,0.02446296,0.035087854,0.035082486,0.035198852,0.035084102,0.027824212,0.035085704,0.019821003,0.035215743,0.0,0.035097286,0.03509898,0.0
k__Bacteria|p__Firmicutes|c__Clostridia|o__Clostridiales|f__Lachnospiraceae|g__Blautia|s__unclassified,0.0,0.04474503,0.04199951,0.042023186,0.042030044,0.042222597,0.026686646,0.05132759,0.042045303,0.042018976,0.04074421,0.045826312,0.041998956,0.042033214,0.02812813,0.04082259,0.030959893,0.04194432,0.035143957,0.042014558,0.04085599,0.042029947,0.041997373,0.041964706,0.05533846,0.040805753,0.041974418,0.042003695,0.030065838,0.042029776,0.040822998,0.053864624,0.041926887,0.03278108,0.03924185,0.040774357,0.038138937,0.029195046,0.025338497,0.027126849,0.040848814,0.041992545,0.042006135,0.033048682,0.042043343,0.04084495,0.041956842,0.041994713,0.042019118,0.04198372,0.040866055,0.04202622,0.04200754,0.02988818,0.033956766,0.04083248,0.042025834,0.023270523,0.04022201,0.04204142,0.040805265,0.03741833,0.042014387,0.04202259,0.042025555,0.04084034,0.04204532,0.04201758,0.042018503,0.042001575,0.040833935,0.042014465,0.042065006,0.046122424,0.04201118,0.061863862,0.04200372,0.041996878,0.04203283,0.04197918,0.040819332,0.041997917,0.052482676,0.04204305,0.04204307,0.040840484,0.04183222,0.04206365,0.04201543,0.042036705,0.037616737,0.041985657,0.042030465,0.033487737,0.03208814,0.040796723,0.031085538,0.056553792,0.04201177,0.04201649,0.04083829,0.04197955,0.041995466,0.03944897,0.042011026,0.04079389,0.041999258,0.04202995,0.04201857,0.042005308,0.0407914,0.030735115,0.042028222,0.042021096,0.04198896,0.0,0.04200761,0.042027112,0.042024337,0.042010825,0.040840823,0.041977618,0.029447827,0.027350826,0.042020135,0.03919584,0.041968875,0.024747554,0.042037163,0.04203388,0.040798824,0.04195958,0.026141966,0.042048704,0.042001415,0.040832143,0.041999314,0.032338493,0.042042926,0.022537615,0.040797606,0.07760797,0.041959412,0.0420456,0.048042353
k__Bacteria|p__Firmicutes|c__Clostridia|o__Clostridiales|f__Lachnospiraceae|g__unclassified|s__unclassified,0.0,0.046589687,0.040026933,0.040076863,0.039930016,0.0,0.02429936,0.027557539,0.040182456,0.039845917,0.038575944,0.0,0.040022973,0.04013395,0.028135533,0.03857321,0.03214249,0.039942876,0.035780903,0.039803118,0.038460713,0.03974606,0.040016193,0.039896265,0.039248537,0.03857045,0.039748494,0.04002566,0.027617779,0.03942118,0.03860383,0.04908427,0.03971507,0.039507136,0.04112608,0.038534388,0.033291332,0.022800606,0.028984196,0.029836044,0.038996648,0.039785262,0.04003471,0.031589285,0.039628707,0.038490582,0.03967941,0.0400003,0.040032685,0.039637845,0.03903687,0.040058065,0.040063575,0.029467411,0.028166616,0.03856784,0.040066067,0.024343932,0.036181767,0.039569963,0.038738873,0.0,0.03990387,0.039982222,0.03958345,0.038526867,0.03992275,0.039999865,0.04006119,0.039941028,0.03869973,0.039848145,0.04015226,0.029501876,0.039695904,0.0,0.03963923,0.039874773,0.040092405,0.039876368,0.038569886,0.039851036,0.03494123,0.03999241,0.039837126,0.038250167,0.03896781,0.039874405,0.03973185,0.039407905,0.0,0.040078588,0.040159833,0.03865447,0.0365884,0.03867069,0.033292145,0.045718342,0.040060837,0.039901044,0.03905957,0.039975375,0.040086955,0.035139315,0.03999668,0.038292978,0.03982525,0.040122934,0.040137377,0.039764874,0.03869211,0.033361424,0.04016272,0.040144067,0.039885726,0.0,0.039702415,0.040161286,0.04010989,0.03978745,0.038817316,0.03990954,0.030596089,0.028298398,0.039802145,0.0,0.03997429,0.023346312,0.0401085,0.039954774,0.038881544,0.039943993,0.026393361,0.040089317,0.0398216,0.038374435,0.03972246,0.02880393,0.04010208,0.023596723,0.03809081,0.06702317,0.039935466,0.04007665,0.048089348
k__Bacteria|p__Firmicutes|c__Clostridia|o__Clostridiales|f__Peptostreptococcaceae|g__unclassified|s__unclassified,0.051021885,0.0,0.0,0.0,0.0,0.0,0.0,0.026652824,0.0,0.0,0.0,0.0,0.0,0.0,0.0,0.0,0.03266608,0.0,0.0,0.0,0.0,0.0,0.0,0.0,0.0,0.0,0.0,0.0,0.0,0.0,0.0,0.04482946,0.0,0.0,0.03408698,0.0,0.032962225,0.019474939,0.02168366,0.025241608,0.0,0.0,0.0,0.029633768,0.0,0.0,0.0,0.0,0.0,0.0,0.0,0.0,0.0,0.0,0.0,0.0,0.0,0.021126015,0.029703887,0.0,0.0,0.0,0.0,0.0,0.0,0.0,0.0,0.0,0.0,0.0,0.0,0.0,0.0,0.0,0.0,0.0,0.0,0.0,0.0,0.0,0.0,0.0,0.028280929,0.0,0.0,0.0,0.0,0.0,0.0,0.0,0.0,0.0,0.0,0.0,0.0,0.0,0.0,0.044099253,0.0,0.0,0.0,0.0,0.0,0.0,0.0,0.0,0.0,0.0,0.0,0.0,0.0,0.023762664,0.0,0.0,0.0,0.0,0.0,0.0,0.0,0.0,0.0,0.0,0.027112374,0.0,0.0,0.0,0.0,0.022003885,0.0,0.0,0.0,0.0,0.024687003,0.0,0.0,0.0,0.0,0.0,0.0,0.0,0.0,0.0,0.0,0.0,0.050388638
k__Bacteria|p__Firmicutes|c__Clostridia|o__Clostridiales|f__Lachnospiraceae|g__Dorea|s__unclassified,0.0,0.0,0.0,0.0,0.0,0.0,0.023908712,0.024847947,0.0,0.0,0.0,0.0,0.0,0.0,0.0,0.0,0.030013252,0.0,0.035362832,0.0,0.0,0.0,0.0,0.0,0.03180886,0.0,0.0,0.0,0.020782359,0.0,0.0,0.051715255,0.0,0.0,0.0,0.0,0.0,0.019526822,0.0,0.025243849,0.0,0.0,0.0,0.02969533,0.0,0.0,0.0,0.0,0.0,0.0,0.0,0.0,0.0,0.0,0.0,0.0,0.0,0.0,0.030429084,0.0,0.0,0.03744494,0.0,0.0,0.0,0.0,0.0,0.0,0.0,0.0,0.0,0.0,0.0,0.023449231,0.0,0.0,0.0,0.0,0.0,0.0,0.0,0.0,0.02940095,0.0,0.0,0.0,0.0,0.0,0.0,0.0,0.0,0.0,0.0,0.0,0.029802512,0.0,0.0,0.04451091,0.0,0.0,0.0,0.0,0.0,0.0,0.0,0.0,0.0,0.0,0.0,0.0,0.0,0.023567708,0.0,0.0,0.0,0.0,0.0,0.0,0.0,0.0,0.0,0.0,0.0,0.0,0.0,0.0,0.0,0.021904636,0.0,0.0,0.0,0.0,0.024171187,0.0,0.0,0.0,0.0,0.0286226,0.0,0.019471498,0.0,0.0,0.0,0.0,0.0
k__Bacteria|p__Firmicutes|c__Clostridia|o__Clostridiales|f__Veillonellaceae|g__unclassified|s__unclassified,0.0,0.04464559,0.0,0.0,0.0,0.0,0.0,0.0,0.0,0.0,0.0,0.0,0.0,0.0,0.0,0.0,0.0,0.0,0.0353284,0.0,0.0,0.0,0.0,0.0,0.03299709,0.0,0.0,0.0,0.020837769,0.0,0.0,0.0,0.0,0.026165595,0.0,0.0,0.0,0.019462284,0.022039182,0.0,0.0,0.0,0.0,0.0,0.0,0.0,0.0,0.0,0.0,0.0,0.0,0.0,0.0,0.027686464,0.0,0.0,0.0,0.025131095,0.030226858,0.0,0.0,0.037933096,0.0,0.0,0.0,0.0,0.0,0.0,0.0,0.0,0.0,0.0,0.0,0.0,0.0,0.0,0.0,0.0,0.0,0.0,0.0,0.0,0.02811143,0.0,0.0,0.0,0.0,0.0,0.0,0.0,0.03475174,0.0,0.0,0.0,0.030070825,0.0,0.030776612,0.0,0.0,0.0,0.0,0.0,0.0,0.0,0.0,0.0,0.0,0.0,0.0,0.0,0.0,0.02358882,0.0,0.0,0.0,0.0,0.0,0.0,0.0,0.0,0.0,0.0,0.0,0.0,0.0,0.040942438,0.0,0.025767239,0.0,0.0,0.0,0.0,0.0,0.0,0.0,0.0,0.0,0.0,0.0,0.019153764,0.0,0.0,0.0,0.0,0.0
k__Bacteria|p__Bacteroidetes|c__Bacteroidia|o__Bacteroidales|f__Bacteroidaceae|g__Bacteroides|s__caccae,0.0,0.0,0.0,0.0,0.0,0.0,0.0,0.0,0.0,0.0,0.0,0.0,0.0,0.0,0.0,0.0,0.0,0.0,0.0,0.0,0.0,0.0,0.0,0.0,0.0,0.0,0.0,0.0,0.0,0.0,0.0,0.0,0.0,0.0,0.0,0.0,0.0,0.0,0.0,0.0,0.0,0.0,0.0,0.0,0.0,0.0,0.0,0.0,0.0,0.0,0.0,0.0,0.0,0.0,0.0,0.0,0.0,0.0,0.0,0.0,0.0,0.0,0.0,0.0,0.0,0.0,0.0,0.0,0.0,0.0,0.0,0.0,0.0,0.0,0.0,0.0,0.0,0.0,0.0,0.0,0.0,0.0,0.0,0.0,0.0,0.0,0.0,0.0,0.0,0.0,0.0,0.0,0.0,0.0,0.0,0.0,0.0,0.0,0.0,0.0,0.0,0.0,0.0,0.0,0.0,0.0,0.0,0.0,0.0,0.0,0.0,0.0,0.0,0.0,0.0,0.0,0.0,0.0,0.0,0.0,0.0,0.0,0.0,0.0,0.0,0.0,0.0,0.0,0.0,0.0,0.0,0.0,0.0,0.0,0.0,0.0,0.0,0.0,0.0,0.0,0.0,0.0,0.0,0.0,0.0
k__Bacteria|p__Bacteroidetes|c__Bacteroidia|o__Bacteroidales|f__Porphyromonadaceae|g__Dysgonomonas|s__unclassified,0.0,0.0,0.0,0.0,0.0,0.0,0.0,0.0,0.0,0.0,0.0,0.0,0.0,0.0,0.0,0.0,0.0,0.0,0.0,0.0,0.0,0.0,0.0,0.0,0.0,0.0,0.0,0.0,0.0,0.0,0.0,0.0,0.0,0.0,0.0,0.0,0.0,0.0,0.0,0.0,0.0,0.0,0.0,0.0,0.0,0.0,0.0,0.0,0.0,0.0,0.0,0.0,0.0,0.0,0.0,0.0,0.0,0.0,0.0,0.0,0.0,0.0,0.0,0.0,0.0,0.0,0.0,0.0,0.0,0.0,0.0,0.0,0.0,0.0,0.0,0.0,0.0,0.0,0.0,0.0,0.0,0.0,0.0,0.0,0.0,0.0,0.0,0.0,0.0,0.0,0.0,0.0,0.0,0.0,0.0,0.0,0.0,0.0,0.0,0.0,0.0,0.0,0.0,0.0,0.0,0.0,0.0,0.0,0.0,0.0,0.0,0.0,0.0,0.0,0.0,0.0,0.0,0.0,0.0,0.0,0.0,0.0,0.0,0.0,0.0,0.0,0.0,0.0,0.0,0.0,0.0,0.0,0.0,0.0,0.0,0.0,0.0,0.0,0.0,0.0,0.0,0.0,0.0,0.0,0.0
k__Bacteria|p__Bacteroidetes|c__Bacteroidia|o__Bacteroidales|f__Prevotellaceae|g__Prevotella|s__stercorea,0.0,0.0,0.0,0.0,0.0,0.0,0.0,0.0,0.0,0.0,0.0,0.0,0.0,0.0,0.0,0.0,0.0,0.0,0.0,0.0,0.0,0.0,0.0,0.0,0.0,0.0,0.0,0.0,0.0,0.0,0.0,0.0,0.0,0.0,0.0,0.0,0.0,0.0,0.0,0.0,0.0,0.0,0.0,0.0,0.0,0.0,0.0,0.0,0.0,0.0,0.0,0.0,0.0,0.0,0.0,0.0,0.0,0.0,0.0,0.0,0.0,0.0,0.0,0.0,0.0,0.0,0.0,0.0,0.0,0.0,0.0,0.0,0.0,0.0,0.0,0.0,0.0,0.0,0.0,0.0,0.0,0.0,0.0,0.0,0.0,0.0,0.0,0.0,0.0,0.0,0.0,0.0,0.0,0.0,0.0,0.0,0.0,0.0,0.0,0.0,0.0,0.0,0.0,0.0,0.0,0.0,0.0,0.0,0.0,0.0,0.0,0.0,0.0,0.0,0.0,0.0,0.0,0.0,0.0,0.0,0.0,0.0,0.0,0.0,0.0,0.0,0.0,0.0,0.0,0.0,0.0,0.0,0.0,0.0,0.0,0.0,0.0,0.0,0.0,0.0,0.0,0.0,0.0,0.0,0.0
k__Bacteria|p__Bacteroidetes|c__Bacteroidia|o__Bacteroidales|f__[Paraprevotellaceae]|g__[Prevotella]|s__unclassified,0.0,0.0,0.0,0.0,0.0,0.0,0.0,0.0,0.0,0.0,0.0,0.0,0.0,0.0,0.0,0.0,0.0,0.0,0.0,0.0,0.0,0.0,0.0,0.0,0.0,0.0,0.0,0.0,0.0,0.0,0.0,0.0,0.0,0.0,0.0,0.0,0.0,0.022712022,0.03403827,0.03547833,0.0,0.0,0.0,0.0,0.0,0.0,0.0,0.0,0.0,0.0,0.0,0.0,0.0,0.0,0.0,0.0,0.0,0.02117449,0.0,0.0,0.0,0.0,0.0,0.0,0.0,0.0,0.0,0.0,0.0,0.0,0.0,0.0,0.0,0.0,0.0,0.0,0.0,0.0,0.0,0.0,0.0,0.0,0.0,0.0,0.0,0.0,0.0,0.0,0.0,0.0,0.0,0.0,0.0,0.0,0.0,0.0,0.0,0.0,0.0,0.0,0.0,0.0,0.0,0.0,0.0,0.0,0.0,0.0,0.0,0.0,0.0,0.0,0.0,0.0,0.0,0.0,0.0,0.0,0.0,0.0,0.0,0.0,0.0,0.0,0.0,0.0,0.0,0.0,0.0,0.0,0.0,0.0,0.0,0.0,0.0,0.0,0.0,0.0,0.0,0.0,0.0,0.0,0.0,0.0,0.0
k__Bacteria|p__Bacteroidetes|c__Bacteroidia|o__Bacteroidales|f__[Odoribacteraceae]|g__Butyricimonas|s__unclassified,0.0,0.0,0.0,0.0,0.0,0.0,0.0,0.0,0.0,0.0,0.0,0.0,0.0,0.0,0.025844214,0.0,0.0,0.0,0.0,0.0,0.0,0.0,0.0,0.0,0.0,0.0,0.0,0.0,0.0,0.0,0.0,0.0,0.0,0.0,0.0,0.0,0.0,0.0,0.0,0.0,0.0,0.0,0.0,0.02964101,0.0,0.0,0.0,0.0,0.0,0.0,0.0,0.0,0.0,0.0,0.027557991,0.0,0.0,0.0,0.031676173,0.0,0.0,0.0,0.0,0.0,0.0,0.0,0.0,0.0,0.0,0.0,0.0,0.0,0.0,0.0,0.0,0.0,0.0,0.0,0.0,0.0,0.0,0.0,0.0,0.0,0.0,0.0,0.0,0.0,0.0,0.0,0.0,0.0,0.0,0.0,0.0,0.0,0.0,0.0,0.0,0.0,0.0,0.0,0.0,0.0,0.0,0.0,0.0,0.0,0.0,0.0,0.0,0.0,0.0,0.0,0.0,0.0,0.0,0.0,0.0,0.0,0.0,0.0,0.0,0.026632467,0.0,0.0,0.0,0.0,0.0,0.0,0.0,0.0,0.0,0.0,0.0,0.0,0.0,0.0,0.0,0.019243788,0.0,0.0,0.0,0.0,0.0
k__Bacteria|p__Bacteroidetes|c__Bacteroidia|o__Bacteroidales|f__Bacteroidaceae|g__Bacteroides|s__plebeius,0.0,0.0,0.0,0.0,0.0,0.0,0.0,0.0,0.0,0.0,0.0,0.0,0.0,0.0,0.0,0.0,0.0,0.0,0.0,0.0,0.0,0.0,0.0,0.0,0.0,0.0,0.0,0.0,0.0,0.0,0.0,0.0,0.0,0.0,0.0,0.0,0.0,0.0,0.0,0.025604326,0.0,0.0,0.0,0.0,0.0,0.0,0.0,0.0,0.0,0.0,0.0,0.0,0.0,0.0,0.0,0.0,0.0,0.0,0.0,0.0,0.0,0.0,0.0,0.0,0.0,0.0,0.0,0.0,0.0,0.0,0.0,0.0,0.0,0.0,0.0,0.0,0.0,0.0,0.0,0.0,0.0,0.0,0.0,0.0,0.0,0.0,0.0,0.0,0.0,0.0,0.0,0.0,0.0,0.0,0.0,0.0,0.0,0.0,0.0,0.0,0.0,0.0,0.0,0.0,0.0,0.0,0.0,0.0,0.0,0.0,0.0,0.0,0.0,0.0,0.0,0.0,0.0,0.0,0.0,0.0,0.0,0.0,0.0,0.0,0.0,0.0,0.0,0.0,0.0,0.0,0.0,0.0,0.02441737,0.0,0.0,0.0,0.0,0.0,0.0,0.0,0.0,0.0,0.0,0.0,0.0
k__Bacteria|p__Bacteroidetes|c__Bacteroidia|o__Bacteroidales|f__S24-7|g__unclassified|s__unclassified,0.0,0.0,0.0,0.0,0.0,0.0,0.0,0.0,0.0,0.0,0.0,0.0,0.0,0.0,0.0,0.0,0.0,0.0,0.0,0.0,0.0,0.0,0.0,0.0,0.0,0.0,0.0,0.0,0.0,0.0,0.0,0.0,0.0,0.0,0.0,0.0,0.0,0.019714113,0.022412071,0.025687171,0.0,0.0,0.0,0.031828295,0.0,0.0,0.0,0.0,0.0,0.0,0.0,0.0,0.0,0.0,0.0,0.0,0.0,0.0,0.0,0.0,0.0,0.0,0.0,0.0,0.0,0.0,0.0,0.0,0.0,0.0,0.0,0.0,0.0,0.0,0.0,0.0,0.0,0.0,0.0,0.0,0.0,0.0,0.0,0.0,0.0,0.0,0.0,0.0,0.0,0.0,0.0,0.0,0.0,0.0,0.0,0.0,0.0,0.0,0.0,0.0,0.0,0.0,0.0,0.0,0.0,0.0,0.0,0.0,0.0,0.0,0.0,0.0,0.0,0.0,0.0,0.0,0.0,0.0,0.0,0.0,0.0,0.0,0.02705399,0.0,0.0,0.0,0.0,0.0,0.0,0.0,0.0,0.0,0.0,0.0,0.0,0.0,0.0,0.0,0.0,0.0,0.0,0.0,0.0,0.0,0.0
k__Bacteria|p__Bacteroidetes|c__Bacteroidia|o__Bacteroidales|f__Bacteroidaceae|g__Bacteroides|s__ovatus,0.0,0.0,0.0,0.0,0.0,0.0,0.023568707,0.0,0.0,0.0,0.0,0.0,0.0,0.0,0.0,0.0,0.0,0.0,0.0,0.0,0.0,0.0,0.0,0.0,0.0,0.0,0.0,0.0,0.0,0.0,0.0,0.0,0.0,0.0,0.0,0.0,0.0,0.0,0.0,0.0,0.0,0.0,0.0,0.0,0.0,0.0,0.0,0.0,0.0,0.0,0.0,0.0,0.0,0.0,0.0,0.0,0.0,0.0,0.0,0.0,0.0,0.037239995,0.0,0.0,0.0,0.0,0.0,0.0,0.0,0.0,0.0,0.0,0.0,0.0,0.0,0.0,0.0,0.0,0.0,0.0,0.0,0.0,0.0,0.0,0.0,0.0,0.0,0.0,0.0,0.0,0.0,0.0,0.0,0.0,0.0,0.0,0.0,0.0,0.0,0.0,0.0,0.0,0.0,0.0,0.0,0.0,0.0,0.0,0.0,0.0,0.0,0.0,0.0,0.0,0.0,0.0,0.0,0.0,0.0,0.0,0.0,0.0,0.0,0.0,0.0,0.039284434,0.0,0.022119308,0.0,0.0,0.0,0.0,0.0,0.0,0.0,0.0,0.0,0.0,0.0,0.0,0.0,0.0,0.0,0.0,0.0
k__Bacteria|p__Bacteroidetes|c__Bacteroidia|o__Bacteroidales|f__[Paraprevotellaceae]|g__Paraprevotella|s__unclassified,0.0,0.0,0.0,0.0,0.0,0.0,0.0,0.0,0.0,0.0,0.0,0.0,0.0,0.0,0.0,0.0,0.0,0.0,0.0,0.0,0.0,0.0,0.0,0.0,0.0,0.0,0.0,0.0,0.020873029,0.0,0.0,0.0,0.0,0.0,0.0,0.0,0.0,0.0,0.022237508,0.02525952,0.0,0.0,0.0,0.0,0.0,0.0,0.0,0.0,0.0,0.0,0.0,0.0,0.0,0.027519938,0.028429806,0.0,0.0,0.0,0.0,0.0,0.0,0.0,0.0,0.0,0.0,0.0,0.0,0.0,0.0,0.0,0.0,0.0,0.0,0.0,0.0,0.0,0.0,0.0,0.0,0.0,0.0,0.0,0.0,0.0,0.0,0.0,0.0,0.0,0.0,0.0,0.0,0.0,0.0,0.0,0.0,0.0,0.0,0.0,0.0,0.0,0.0,0.0,0.0,0.0,0.0,0.0,0.0,0.0,0.0,0.0,0.0,0.0,0.0,0.0,0.0,0.0,0.0,0.0,0.0,0.0,0.0,0.0,0.030479318,0.027497333,0.0,0.0,0.0,0.0,0.0,0.0,0.0,0.0,0.0,0.0,0.0,0.0,0.0,0.0277349,0.0,0.02281828,0.0,0.0,0.0,0.0,0.0
k__Bacteria|p__Bacteroidetes|c__Bacteroidia|o__Bacteroidales|f__[Barnesiellaceae]|g__unclassified|s__unclassified,0.0,0.0,0.0,0.0,0.0,0.0,0.0,0.0,0.0,0.0,0.0,0.0,0.0,0.0,0.0,0.0,0.0,0.0,0.0,0.0,0.0,0.0,0.0,0.0,0.0,0.0,0.0,0.0,0.021044292,0.0,0.0,0.0,0.0,0.027818967,0.037041795,0.0,0.0,0.021724952,0.022049237,0.025548352,0.0,0.0,0.0,0.0,0.0,0.0,0.0,0.0,0.0,0.0,0.0,0.0,0.0,0.0,0.028824585,0.0,0.0,0.02231369,0.0,0.0,0.0,0.0,0.0,0.0,0.0,0.0,0.0,0.0,0.0,0.0,0.0,0.0,0.0,0.025450626,0.0,0.0,0.0,0.0,0.0,0.0,0.0,0.0,0.0,0.0,0.0,0.0,0.0,0.0,0.0,0.0,0.03429183,0.0,0.0,0.0,0.0,0.0,0.0,0.0,0.0,0.0,0.0,0.0,0.0,0.0,0.0,0.0,0.0,0.0,0.0,0.0,0.0,0.0,0.0,0.0,0.0,0.0,0.0,0.0,0.0,0.0,0.0,0.0,0.0,0.02688531,0.0,0.0,0.0,0.0,0.0,0.0,0.0,0.0,0.024116479,0.0,0.0,0.0,0.0,0.0,0.0,0.0,0.0,0.0,0.0,0.0,0.0
k__Bacteria|p__Bacteroidetes|c__Bacteroidia|o__Bacteroidales|f__Bacteroidaceae|g__Bacteroides|s__uniformis,0.0,0.0,0.0,0.0,0.0,0.0,0.024892565,0.0,0.0,0.0,0.0,0.0,0.0,0.0,0.02643833,0.0,0.0,0.0,0.0,0.0,0.0,0.0,0.0,0.0,0.0,0.0,0.0,0.0,0.020817619,0.0,0.0,0.0,0.0,0.0,0.0,0.0,0.034216378,0.020658156,0.021685489,0.0,0.0,0.0,0.0,0.042007845,0.0,0.0,0.0,0.0,0.0,0.0,0.0,0.0,0.0,0.025605513,0.027640238,0.0,0.0,0.0,0.0,0.0,0.0,0.0,0.0,0.0,0.0,0.0,0.0,0.0,0.0,0.0,0.0,0.0,0.0,0.023742905,0.0,0.0,0.0,0.0,0.0,0.0,0.0,0.0,0.0,0.0,0.0,0.0,0.0,0.0,0.0,0.0,0.03889091,0.0,0.0,0.034225315,0.030425735,0.0,0.032056443,0.0,0.0,0.0,0.0,0.0,0.0,0.0,0.0,0.0,0.0,0.0,0.0,0.0,0.0,0.0,0.0,0.0,0.0,0.0,0.0,0.0,0.0,0.0,0.0,0.0,0.0,0.0,0.0,0.03886677,0.0,0.024755644,0.0,0.0,0.0,0.0,0.0,0.0,0.0,0.0,0.0,0.0,0.0,0.018941943,0.0,0.0,0.0,0.0,0.0
k__Bacteria|p__Bacteroidetes|c__Bacteroidia|o__Bacteroidales|f__Bacteroidaceae|g__unclassified|s__unclassified,0.0,0.0,0.0,0.0,0.0,0.042098675,0.024306593,0.02511511,0.0,0.0,0.0,0.0,0.0,0.0,0.025555488,0.0,0.029433817,0.0,0.0,0.0,0.0,0.0,0.0,0.0,0.0,0.0,0.0,0.0,0.020812582,0.0,0.0,0.0,0.0,0.0,0.0,0.0,0.0,0.019401541,0.0,0.0,0.0,0.0,0.0,0.032125242,0.0,0.0,0.0,0.0,0.0,0.0,0.0,0.0,0.0,0.025773311,0.028035022,0.0,0.0,0.021189496,0.0,0.0,0.0,0.0,0.0,0.0,0.0,0.0,0.0,0.0,0.0,0.0,0.0,0.0,0.0,0.023449231,0.0,0.0,0.0,0.0,0.0,0.0,0.0,0.0,0.0,0.0,0.0,0.0,0.0,0.0,0.0,0.0,0.038830593,0.0,0.0,0.036313135,0.03249794,0.0,0.030835455,0.0,0.0,0.0,0.0,0.0,0.0,0.03303263,0.0,0.0,0.0,0.0,0.0,0.0,0.0,0.0,0.0,0.0,0.0,0.0,0.0,0.0,0.0,0.0,0.0,0.0,0.027306996,0.026190583,0.0,0.038681142,0.0,0.021998739,0.0,0.0,0.0,0.0,0.0,0.0,0.0,0.0,0.0,0.0,0.0,0.019339107,0.0,0.0,0.0,0.0,0.0
k__Bacteria|p__Bacteroidetes|c__Bacteroidia|o__Bacteroidales|f__Prevotellaceae|g__Prevotella|s__copri,0.0,0.0,0.0,0.0,0.0,0.0,0.0,0.0,0.0,0.0,0.0,0.0,0.0,0.0,0.0,0.0,0.0,0.0,0.035471037,0.0,0.0,0.0,0.0,0.0,0.0,0.0,0.0,0.0,0.021175258,0.0,0.0,0.0,0.0,0.0,0.0,0.0,0.0,0.027188005,0.056480017,0.0698045,0.0,0.0,0.0,0.0,0.0,0.0,0.0,0.0,0.0,0.0,0.0,0.0,0.0,0.035195425,0.053185984,0.0,0.0,0.039503224,0.0,0.0,0.0,0.0,0.0,0.0,0.0,0.0,0.0,0.0,0.0,0.0,0.0,0.0,0.0,0.04925153,0.0,0.0,0.0,0.0,0.0,0.0,0.0,0.0,0.0,0.0,0.0,0.0,0.0,0.0,0.0,0.0,0.0,0.0,0.0,0.0,0.0,0.0,0.0,0.0,0.0,0.0,0.0,0.0,0.0,0.04814123,0.0,0.0,0.0,0.0,0.0,0.0,0.0,0.0,0.0,0.0,0.0,0.0,0.0,0.0,0.0,0.0,0.0,0.0,0.030148461,0.03120728,0.0,0.0,0.0,0.0,0.0,0.0,0.0,0.0,0.0,0.0,0.0,0.0,0.0,0.035532054,0.0,0.020959543,0.0,0.0,0.0,0.0,0.0
k__Bacteria|p__Bacteroidetes|c__Bacteroidia|o__Bacteroidales|f__Prevotellaceae|g__Prevotella|s__unclassified,0.0,0.038539823,0.0,0.0,0.0,0.0,0.0,0.0,0.0,0.0,0.0,0.0,0.0,0.0,0.0,0.0,0.0,0.0,0.037218336,0.0,0.0,0.0,0.0,0.0,0.0,0.0,0.0,0.0,0.027925048,0.0,0.0,0.0,0.0,0.02650412,0.0,0.0,0.0,0.02542773,0.031107273,0.04091911,0.0,0.0,0.0,0.0,0.0,0.0,0.0,0.0,0.0,0.0,0.0,0.0,0.0,0.036926795,0.058466204,0.0,0.0,0.032777686,0.0,0.0,0.0,0.037497647,0.0,0.0,0.0,0.0,0.0,0.0,0.0,0.0,0.0,0.0,0.0,0.023406647,0.0,0.0,0.0,0.0,0.0,0.0,0.0,0.0,0.0,0.0,0.0,0.0,0.0,0.0,0.0,0.0,0.0,0.0,0.0,0.0,0.0,0.0,0.031041406,0.0,0.0,0.0,0.0,0.0,0.0,0.055889565,0.0,0.0,0.0,0.0,0.0,0.0,0.0,0.02487031,0.0,0.0,0.0,0.0,0.0,0.0,0.0,0.0,0.0,0.0,0.050817203,0.048851967,0.0,0.0,0.0,0.0,0.0,0.0,0.0,0.0,0.0,0.0,0.0,0.0,0.0,0.028774157,0.0,0.034908008,0.0,0.0,0.0,0.0,0.0
k__Bacteria|p__Bacteroidetes|c__Bacteroidia|o__Bacteroidales|f__Porphyromonadaceae|g__Parabacteroides|s__unclassified,0.0,0.0,0.0,0.0,0.0,0.044027504,0.024357233,0.02488286,0.0,0.0,0.0,0.077428594,0.0,0.0,0.0,0.0,0.0,0.0,0.0,0.0,0.0,0.0,0.0,0.0,0.0,0.0,0.0,0.0,0.0,0.0,0.0,0.0,0.0,0.0,0.0,0.0,0.0,0.0,0.022082139,0.025586413,0.0,0.0,0.0,0.034700006,0.0,0.0,0.0,0.0,0.0,0.0,0.0,0.0,0.0,0.02735214,0.027936324,0.0,0.0,0.021460734,0.0,0.0,0.0,0.03861182,0.0,0.0,0.0,0.0,0.0,0.0,0.0,0.0,0.0,0.0,0.0,0.02360488,0.0,0.0,0.0,0.0,0.0,0.0,0.0,0.0,0.0,0.0,0.0,0.0,0.0,0.0,0.0,0.0,0.035792187,0.0,0.0,0.0,0.0,0.0,0.0,0.0,0.0,0.0,0.0,0.0,0.0,0.0,0.0,0.0,0.0,0.0,0.0,0.0,0.0,0.023485754,0.0,0.0,0.0,0.0,0.0,0.0,0.0,0.0,0.0,0.0,0.027015064,0.027265755,0.0,0.03890474,0.0,0.023997676,0.0,0.0,0.0,0.0,0.0,0.0,0.0,0.0,0.0,0.0,0.0,0.018963125,0.0,0.0,0.0,0.0,0.0
k__Bacteria|p__Bacteroidetes|c__Bacteroidia|o__Bacteroidales|f__Bacteroidaceae|g__Bacteroides|s__unclassified,0.0,0.0,0.049378466,0.04947525,0.049114577,0.07900024,0.07018591,0.03139044,0.049657486,0.04895572,0.045779526,0.0444496,0.049392693,0.04960671,0.058892496,0.04543983,0.04847271,0.049481377,0.035731718,0.04884647,0.04522284,0.04874533,0.04931054,0.049177118,0.0,0.04555703,0.048887484,0.04943413,0.033551548,0.048056927,0.045617457,0.04432019,0.0489374,0.031703003,0.04886642,0.045542385,0.06088859,0.02553656,0.023613898,0.026551427,0.046130285,0.048950337,0.04941691,0.0705439,0.048445158,0.045376554,0.048822157,0.049360007,0.049369633,0.048706774,0.046077617,0.049424645,0.049356535,0.04682053,0.038628362,0.045440134,0.049463123,0.03693859,0.060911432,0.048371475,0.045824043,0.04002517,0.049075704,0.049178544,0.04844628,0.045332693,0.04897531,0.049210295,0.04939946,0.049262032,0.045671843,0.048920415,0.04943387,0.027685495,0.048672788,0.0,0.048649587,0.049030352,0.049435344,0.049165457,0.045544256,0.0490754,0.0,0.04907762,0.04883783,0.0449717,0.047974568,0.04880964,0.048644174,0.04806785,0.06310015,0.049706455,0.04966286,0.056724735,0.047223877,0.045697782,0.04342782,0.0441163,0.04943573,0.049102847,0.046281245,0.049296215,0.049575746,0.050180804,0.04932489,0.045175277,0.048924796,0.04949938,0.04970308,0.04881163,0.045764957,0.023479544,0.049743697,0.04971545,0.04915287,0.0,0.048742674,0.04970403,0.049556494,0.048876986,0.045840956,0.049231432,0.044239014,0.051777393,0.048858777,0.04749006,0.04952778,0.039220188,0.049456682,0.049083285,0.04600751,0.049466226,0.025977843,0.04932832,0.048985906,0.045077622,0.04884919,0.02926943,0.049371272,0.04214172,0.044914853,0.0,0.04943314,0.04941351,0.048703935
k__Bacteria|p__Bacteroidetes|c__Bacteroidia|o__Bacteroidales|f__Rikenellaceae|g__unclassified|s__unclassified,0.0,0.0,0.0320348,0.0320194,0.032060415,0.0,0.0,0.0,0.031995904,0.032082636,0.03277127,0.0,0.032033037,0.032000646,0.025931206,0.032819718,0.0,0.03202059,0.0,0.032098502,0.032842297,0.032105144,0.032040726,0.03205811,0.05116613,0.03280003,0.03209341,0.03202216,0.020978808,0.032197755,0.032786395,0.0,0.032097783,0.03035531,0.040012673,0.032804966,0.0,0.021058047,0.021970637,0.025302062,0.032721676,0.03208511,0.032029245,0.032291822,0.03214514,0.032820437,0.032102916,0.03203579,0.032031063,0.03211435,0.03272928,0.0320256,0.032034814,0.030179283,0.028528502,0.032812275,0.032021675,0.022322923,0.0,0.032155167,0.03276431,0.0,0.03206902,0.032055687,0.032145105,0.032829035,0.032079414,0.032053072,0.032030664,0.03204432,0.032782733,0.03208976,0.0320217,0.02480601,0.032117113,0.0,0.03212712,0.032075506,0.032024905,0.032059394,0.03280086,0.032072004,0.0,0.03206832,0.03209471,0.03287739,0.032216795,0.032099698,0.032125786,0.032193456,0.0,0.031991564,0.031993013,0.03328841,0.030894218,0.032781545,0.03467495,0.0,0.032026153,0.03206398,0.032701347,0.032045346,0.0320068,0.03286923,0.032036345,0.032851234,0.032092262,0.032014694,0.03198865,0.032101147,0.03277243,0.0,0.031983078,0.031986874,0.03205878,0.0,0.032120787,0.031987973,0.032007065,0.032092147,0.032759774,0.032052558,0.026995601,0.028659942,0.03209582,0.038790833,0.032011624,0.02539671,0.032020263,0.03206828,0.032739025,0.032018755,0.0,0.032035,0.03207957,0.03287119,0.032100696,0.0,0.032027427,0.020165212,0.032877397,0.0,0.032027204,0.032023717,0.0
k__Bacteria|p__Bacteroidetes|c__Bacteroidia|o__Bacteroidales|f__Porphyromonadaceae|g__Parabacteroides|s__distasonis,0.0,0.0,0.032642934,0.0326357,0.032670233,0.05149896,0.02411127,0.02540201,0.03261047,0.032689072,0.033311937,0.0,0.032643188,0.03263401,0.026791835,0.03331472,0.0,0.032664165,0.0,0.03268995,0.033351555,0.032727495,0.03265024,0.032673355,0.0,0.03331822,0.032709416,0.032651115,0.021049328,0.032772645,0.033325024,0.0,0.032695573,0.0,0.0,0.033316426,0.0,0.019795103,0.021670867,0.0,0.033239264,0.03269911,0.032639697,0.029753271,0.03273666,0.033339366,0.032716535,0.032649226,0.03264721,0.032728568,0.03322892,0.03263958,0.032643665,0.027101714,0.027640238,0.033323955,0.03263742,0.021757364,0.04156695,0.03274523,0.033288024,0.045140903,0.03267834,0.03265944,0.032742642,0.033333458,0.032673232,0.032653295,0.032641556,0.03266777,0.033296395,0.032684945,0.03262603,0.023923516,0.03271633,0.0,0.03272631,0.03268625,0.032632705,0.032673556,0.033318397,0.032683015,0.0,0.03265676,0.032691475,0.033377964,0.032849647,0.032687984,0.032711335,0.03277447,0.03432953,0.0326328,0.032625735,0.034961056,0.03008786,0.03329929,0.030791325,0.0,0.032635346,0.032675106,0.03322707,0.03265006,0.032637265,0.033441126,0.03265607,0.033367213,0.03268651,0.032632526,0.032628473,0.032705,0.03329861,0.047301356,0.032619447,0.0326264,0.03267537,0.0,0.03271028,0.032623537,0.03263299,0.03270076,0.0332781,0.03266829,0.02724861,0.0269562,0.032693908,0.041237753,0.032663234,0.022377353,0.032632757,0.032659013,0.03325849,0.032669824,0.0,0.03263895,0.03269022,0.033354312,0.03271131,0.0,0.032639623,0.020339964,0.033395305,0.0,0.032661922,0.032641936,0.0
k__Bacteria|p__Bacteroidetes|c__Bacteroidia|o__Bacteroidales|f__Bacteroidaceae|g__Bacteroides|s__fragilis,0.0,0.0,0.03148993,0.0314714,0.031498298,0.0,0.0235253,0.0,0.03144417,0.031524163,0.032418683,0.0,0.031494215,0.031460203,0.0,0.032400895,0.0,0.031526826,0.0,0.031538505,0.032427695,0.03156123,0.031502824,0.031529054,0.0,0.032397255,0.031566225,0.03148956,0.022701515,0.03163849,0.03238689,0.07190566,0.031591408,0.031299975,0.034991626,0.032403983,0.0,0.02053414,0.0,0.0,0.0322677,0.031544235,0.031487506,0.0,0.031574205,0.03240769,0.031584885,0.03149867,0.031482432,0.03159,0.032254264,0.03147832,0.031484812,0.0,0.027870527,0.032391492,0.03147728,0.021126015,0.0,0.031591885,0.032352388,0.052813444,0.03151692,0.031497076,0.031587332,0.03240335,0.03149991,0.031498637,0.031479616,0.031509973,0.032350864,0.031529464,0.03144332,0.024305291,0.031562965,0.0,0.031595714,0.03153204,0.03146576,0.031534024,0.0323855,0.031536654,0.0,0.03148647,0.031522468,0.032485757,0.031817157,0.03151486,0.031561516,0.03163348,0.04303762,0.031487744,0.031455826,0.040553078,0.034354355,0.032367185,0.047576237,0.0,0.031478956,0.03151477,0.032255966,0.03150691,0.03148061,0.033814613,0.031497404,0.03247229,0.031548936,0.03146345,0.03146432,0.031553168,0.032371216,0.023632282,0.03145699,0.031461533,0.031524986,0.17966557,0.03157319,0.03145165,0.03146866,0.031544525,0.032318067,0.031522937,0.0,0.027107434,0.031534143,0.0753048,0.0315118,0.022821398,0.03146209,0.03149329,0.032310363,0.031527188,0.024322284,0.03146512,0.031536754,0.03245385,0.031569593,0.0,0.031460423,0.020572968,0.032527592,0.0,0.031533085,0.0314698,0.0
k__Bacteria|p__Proteobacteria|c__Gammaproteobacteria|o__Pseudomonadales|f__Moraxellaceae|g__Acinetobacter|s__unclassified,0.0,0.0,0.0,0.0,0.0,0.0,0.0,0.0,0.0,0.0,0.0,0.0,0.0,0.0,0.0,0.0,0.0,0.0,0.0,0.0,0.0,0.0,0.0,0.0,0.0,0.0,0.0,0.0,0.0,0.0,0.0,0.0,0.0,0.0,0.0,0.0,0.0,0.0,0.0,0.0,0.0,0.0,0.0,0.0,0.0,0.0,0.0,0.0,0.0,0.0,0.0,0.0,0.0,0.0,0.0,0.0,0.0,0.0,0.0,0.0,0.0,0.0,0.0,0.0,0.0,0.0,0.0,0.0,0.0,0.0,0.0,0.0,0.0,0.0,0.0,0.0,0.0,0.0,0.0,0.0,0.0,0.0,0.0,0.0,0.0,0.0,0.0,0.0,0.0,0.0,0.0,0.0,0.0,0.0,0.0,0.0,0.0,0.0,0.0,0.0,0.0,0.0,0.0,0.0,0.0,0.0,0.0,0.0,0.0,0.0,0.0,0.0,0.0,0.0,0.0,0.0,0.0,0.0,0.0,0.0,0.0,0.0,0.0,0.0,0.0,0.0,0.0,0.0,0.0,0.0,0.0,0.0,0.0,0.0,0.0,0.0,0.0,0.0,0.0,0.0,0.0,0.0,0.0,0.0,0.0
k__Bacteria|p__Proteobacteria|c__Gammaproteobacteria|o__Enterobacteriales|f__Enterobacteriaceae|g__Erwinia|s__unclassified,0.0,0.0,0.0,0.0,0.0,0.0,0.0,0.0,0.0,0.0,0.0,0.0,0.0,0.0,0.0,0.0,0.0,0.0,0.0,0.0,0.0,0.0,0.0,0.0,0.0,0.0,0.0,0.0,0.0,0.0,0.0,0.0,0.0,0.0,0.0,0.0,0.0,0.0,0.0,0.0,0.0,0.0,0.0,0.0,0.0,0.0,0.0,0.0,0.0,0.0,0.0,0.0,0.0,0.0,0.0,0.0,0.0,0.0,0.0,0.0,0.0,0.0,0.0,0.0,0.0,0.0,0.0,0.0,0.0,0.0,0.0,0.0,0.0,0.0,0.0,0.0,0.0,0.0,0.0,0.0,0.0,0.0,0.0,0.0,0.0,0.0,0.0,0.0,0.0,0.0,0.0,0.0,0.0,0.0,0.0,0.0,0.0,0.0,0.0,0.0,0.0,0.0,0.0,0.0,0.0,0.0,0.0,0.0,0.0,0.0,0.0,0.0,0.0,0.0,0.0,0.0,0.0,0.0,0.0,0.0,0.0,0.0,0.0,0.0,0.0,0.0,0.0,0.0,0.0,0.0,0.0,0.0,0.0,0.0,0.0,0.0,0.0,0.0,0.0,0.0,0.0,0.0,0.0,0.0,0.0
k__Bacteria|p__Proteobacteria|c__Gammaproteobacteria|o__Aeromonadales|f__unclassified|g__unclassified|s__unclassified,0.0,0.0,0.0,0.0,0.0,0.0,0.02356147,0.0,0.0,0.0,0.0,0.0,0.0,0.0,0.025923802,0.0,0.0,0.0,0.0,0.0,0.0,0.0,0.0,0.0,0.0,0.0,0.0,0.0,0.0,0.0,0.0,0.0,0.0,0.0,0.0,0.0,0.0,0.0,0.0,0.0,0.0,0.0,0.0,0.0,0.0,0.0,0.0,0.0,0.0,0.0,0.0,0.0,0.0,0.0,0.0,0.0,0.0,0.0,0.0,0.0,0.0,0.0,0.0,0.0,0.0,0.0,0.0,0.0,0.0,0.0,0.0,0.0,0.0,0.0,0.0,0.0,0.0,0.0,0.0,0.0,0.0,0.0,0.0,0.0,0.0,0.0,0.0,0.0,0.0,0.0,0.0,0.0,0.0,0.0,0.0,0.0,0.0,0.0,0.0,0.0,0.0,0.0,0.0,0.0,0.0,0.0,0.0,0.0,0.0,0.0,0.0,0.0,0.0,0.0,0.0,0.0,0.0,0.0,0.0,0.0,0.0,0.0,0.0,0.0,0.0,0.0,0.0,0.0,0.0,0.0,0.0,0.0,0.0,0.0,0.0,0.0,0.0,0.0,0.0,0.0,0.0,0.0,0.0,0.0,0.0
k__Bacteria|p__Proteobacteria|c__Gammaproteobacteria|o__Pasteurellales|f__Pasteurellaceae|g__Aggregatibacter|s__unclassified,0.0,0.0,0.0,0.0,0.0,0.0,0.0,0.0,0.0,0.0,0.0,0.0,0.0,0.0,0.0,0.0,0.0,0.0,0.0,0.0,0.0,0.0,0.0,0.0,0.0,0.0,0.0,0.0,0.0,0.0,0.0,0.0,0.0,0.0,0.0,0.0,0.0,0.0,0.0,0.0,0.0,0.0,0.0,0.0,0.0,0.0,0.0,0.0,0.0,0.0,0.0,0.0,0.0,0.0,0.0,0.0,0.0,0.0,0.0,0.0,0.0,0.0,0.0,0.0,0.0,0.0,0.0,0.0,0.0,0.0,0.0,0.0,0.0,0.0,0.0,0.0,0.0,0.0,0.0,0.0,0.0,0.0,0.0,0.0,0.0,0.0,0.0,0.0,0.0,0.0,0.03432953,0.0,0.0,0.0,0.0,0.0,0.0,0.0,0.0,0.0,0.0,0.0,0.0,0.0,0.0,0.0,0.0,0.0,0.0,0.0,0.0,0.0,0.0,0.0,0.0,0.0,0.0,0.0,0.0,0.0,0.0,0.0,0.0,0.0,0.0,0.0,0.0,0.0,0.0,0.0,0.0,0.0,0.0,0.0,0.0,0.0,0.0,0.0,0.0,0.0,0.0,0.0,0.0,0.0,0.0
k__Bacteria|p__Proteobacteria|c__Gammaproteobacteria|o__Enterobacteriales|f__Enterobacteriaceae|g__Trabulsiella|s__unclassified,0.05088796,0.0,0.0,0.0,0.0,0.0,0.0,0.0,0.0,0.0,0.0,0.0,0.0,0.0,0.0,0.0,0.0,0.0,0.0,0.0,0.0,0.0,0.0,0.0,0.0,0.0,0.0,0.0,0.0,0.0,0.0,0.0,0.0,0.0,0.0,0.0,0.0,0.0,0.0,0.0,0.0,0.0,0.0,0.0,0.0,0.0,0.0,0.0,0.0,0.0,0.0,0.0,0.0,0.0,0.0,0.0,0.0,0.0,0.0,0.0,0.0,0.0,0.0,0.0,0.0,0.0,0.0,0.0,0.0,0.0,0.0,0.0,0.0,0.0,0.0,0.061571404,0.0,0.0,0.0,0.0,0.0,0.0,0.0,0.0,0.0,0.0,0.0,0.0,0.0,0.0,0.0,0.0,0.0,0.0,0.0,0.0,0.0,0.0,0.0,0.0,0.0,0.0,0.0,0.0,0.0,0.0,0.0,0.0,0.0,0.0,0.0,0.0,0.0,0.0,0.0,0.0,0.0,0.0,0.0,0.0,0.0,0.0,0.0,0.0,0.0,0.0,0.0,0.0,0.0,0.0,0.0,0.0,0.0,0.0,0.0,0.0,0.0,0.0,0.0,0.0,0.0,0.0,0.0,0.0,0.0
k__Bacteria|p__Proteobacteria|c__Gammaproteobacteria|o__Enterobacteriales|f__Enterobacteriaceae|g__Klebsiella|s__unclassified,0.0,0.0,0.0,0.0,0.0,0.0,0.0,0.0,0.0,0.0,0.0,0.0,0.0,0.0,0.0,0.0,0.0,0.0,0.0,0.0,0.0,0.0,0.0,0.0,0.0,0.0,0.0,0.0,0.0,0.0,0.0,0.0,0.0,0.0,0.0,0.0,0.0,0.0,0.0,0.0,0.0,0.0,0.0,0.0,0.0,0.0,0.0,0.0,0.0,0.0,0.0,0.0,0.0,0.0,0.0,0.0,0.0,0.0,0.0,0.0,0.0,0.0,0.0,0.0,0.0,0.0,0.0,0.0,0.0,0.0,0.0,0.0,0.0,0.0,0.0,0.061454423,0.0,0.0,0.0,0.0,0.0,0.0,0.0,0.0,0.0,0.0,0.0,0.0,0.0,0.0,0.0,0.0,0.0,0.0,0.0,0.0,0.0,0.0,0.0,0.0,0.0,0.0,0.0,0.0,0.0,0.0,0.0,0.0,0.0,0.0,0.0,0.0,0.0,0.0,0.0,0.0,0.0,0.0,0.0,0.0,0.0,0.0,0.0,0.0,0.0,0.0,0.0,0.0,0.0,0.0,0.0,0.0,0.0,0.0,0.0,0.0,0.0,0.0,0.0,0.0,0.0,0.0,0.0,0.0,0.0
k__Bacteria|p__Proteobacteria|c__Gammaproteobacteria|o__Enterobacteriales|f__Enterobacteriaceae|g__Citrobacter|s__unclassified,0.0,0.0,0.0,0.0,0.0,0.0,0.0,0.0,0.0,0.0,0.0,0.0,0.0,0.0,0.0,0.0,0.0,0.0,0.0,0.0,0.0,0.0,0.0,0.0,0.031750094,0.0,0.0,0.0,0.0,0.0,0.0,0.0,0.0,0.0,0.0,0.0,0.033113435,0.0,0.0,0.0,0.0,0.0,0.0,0.0,0.0,0.0,0.0,0.0,0.0,0.0,0.0,0.0,0.0,0.0,0.0,0.0,0.0,0.0,0.0,0.0,0.0,0.0,0.0,0.0,0.0,0.0,0.0,0.0,0.0,0.0,0.0,0.0,0.0,0.0,0.0,0.07354268,0.0,0.0,0.0,0.0,0.0,0.0,0.0,0.0,0.0,0.0,0.0,0.0,0.0,0.0,0.0,0.0,0.0,0.031748034,0.0,0.0,0.0,0.0,0.0,0.0,0.0,0.0,0.0,0.0,0.0,0.0,0.0,0.0,0.0,0.0,0.0,0.023965072,0.0,0.0,0.0,0.0,0.0,0.0,0.0,0.0,0.0,0.0,0.0,0.0,0.0,0.0,0.0,0.0,0.0,0.0,0.0,0.0,0.0,0.0,0.0,0.0,0.0,0.0,0.0,0.0,0.0,0.0,0.0,0.0,0.0
k__Bacteria|p__Proteobacteria|c__Gammaproteobacteria|o__Enterobacteriales|f__Enterobacteriaceae|g__unclassified|s__unclassified,0.069985926,0.043815248,0.035281383,0.03527165,0.035305597,0.04513883,0.024248721,0.025298785,0.03525286,0.035324126,0.0355153,0.047341045,0.035275668,0.035267908,0.026925094,0.035524614,0.03032461,0.035284527,0.038418453,0.035329107,0.035559326,0.035347912,0.03528695,0.03530485,0.031885255,0.03551891,0.03533507,0.035281833,0.0,0.03540707,0.035520975,0.0,0.0353242,0.0,0.0,0.035516705,0.035515003,0.021651555,0.0,0.0,0.035442308,0.035327163,0.035274882,0.029648254,0.035367746,0.035538644,0.035343196,0.035282608,0.035282865,0.035355233,0.035440568,0.03527441,0.035281327,0.025550852,0.0,0.03552817,0.035267852,0.021837004,0.029719109,0.03537455,0.03548884,0.037789367,0.035310972,0.035297163,0.035370704,0.035538737,0.035309386,0.035295397,0.03528128,0.035298917,0.0354994,0.03531791,0.035265952,0.0,0.03534921,0.064184025,0.03535279,0.035313886,0.035271663,0.03530966,0.03552,0.035314184,0.029444158,0.035300422,0.0353247,0.03558564,0.035455648,0.035328485,0.035347763,0.03540479,0.03456325,0.035263594,0.035260815,0.03190051,0.0,0.035499882,0.036146022,0.0,0.035277296,0.035311986,0.03543263,0.035287123,0.03527184,0.0,0.03529388,0.035564285,0.03532125,0.03526966,0.03525786,0.03533545,0.0354975,0.024378575,0.03524969,0.035255093,0.03530672,0.11893515,0.035342366,0.035250146,0.035268974,0.03533569,0.0354805,0.035299364,0.0,0.026207123,0.03532971,0.039685223,0.035283867,0.022159008,0.03526654,0.03529936,0.03545675,0.035295688,0.024130808,0.035279475,0.035321582,0.0355599,0.035335287,0.032955553,0.0352801,0.020313488,0.035599932,0.070849,0.035296246,0.03527145,0.04837857
k__Bacteria|p__Proteobacteria|c__Alphaproteobacteria|o__Rickettsiales|f__mitochondria|g__unclassified|s__unclassified,0.0,0.0,0.0,0.0,0.0,0.0,0.0,0.0,0.0,0.0,0.0,0.0,0.0,0.0,0.0,0.0,0.0,0.0,0.0,0.0,0.0,0.0,0.0,0.0,0.0,0.0,0.0,0.0,0.020757174,0.0,0.0,0.0,0.0,0.026317433,0.0,0.0,0.0,0.019614141,0.0,0.0,0.0,0.0,0.0,0.0,0.0,0.0,0.0,0.0,0.0,0.0,0.0,0.0,0.0,0.0,0.0,0.0,0.0,0.0,0.0,0.0,0.0,0.0,0.0,0.0,0.0,0.0,0.0,0.0,0.0,0.0,0.0,0.0,0.0,0.0,0.0,0.0,0.0,0.0,0.0,0.0,0.0,0.0,0.0,0.0,0.0,0.0,0.0,0.0,0.0,0.0,0.0,0.0,0.0,0.0,0.0,0.0,0.0,0.0,0.0,0.0,0.0,0.0,0.0,0.0,0.0,0.0,0.0,0.0,0.0,0.0,0.0,0.0,0.0,0.0,0.0,0.0,0.0,0.0,0.0,0.0,0.0,0.0,0.0,0.0,0.0,0.0,0.0,0.0,0.0,0.0,0.0,0.0,0.0,0.0,0.0,0.0,0.0,0.0,0.0,0.0,0.0,0.0,0.0,0.0,0.0
k__Bacteria|p__Proteobacteria|c__Gammaproteobacteria|o__Enterobacteriales|f__Enterobacteriaceae|g__Enterobacter|s__hormaechei,0.051021885,0.03892765,0.0,0.0,0.0,0.0,0.02432106,0.026546566,0.0,0.0,0.0,0.0,0.0,0.0,0.0,0.0,0.0,0.0,0.0,0.0,0.0,0.0,0.0,0.0,0.0,0.0,0.0,0.0,0.0,0.0,0.0,0.0,0.0,0.0,0.0,0.0,0.03298891,0.0,0.0,0.0,0.0,0.0,0.0,0.0,0.0,0.0,0.0,0.0,0.0,0.0,0.0,0.0,0.0,0.0,0.0,0.0,0.0,0.0,0.0,0.0,0.0,0.0,0.0,0.0,0.0,0.0,0.0,0.0,0.0,0.0,0.0,0.0,0.0,0.0,0.0,0.10566429,0.0,0.0,0.0,0.0,0.0,0.0,0.0,0.0,0.0,0.0,0.0,0.0,0.0,0.0,0.0375715,0.0,0.0,0.0,0.0,0.0,0.030820746,0.0,0.0,0.0,0.0,0.0,0.0,0.0,0.0,0.0,0.0,0.0,0.0,0.0,0.0,0.026146835,0.0,0.0,0.0,0.0,0.0,0.0,0.0,0.0,0.0,0.0,0.0,0.0,0.0,0.0,0.0,0.0,0.0,0.0,0.0,0.0,0.0,0.0,0.0,0.0,0.0,0.027862102,0.0,0.019016078,0.0,0.0,0.0,0.0,0.0
k__Bacteria|p__Proteobacteria|c__Gammaproteobacteria|o__Pasteurellales|f__Pasteurellaceae|g__Actinobacillus|s__unclassified,0.0,0.0,0.0,0.0,0.0,0.0,0.0,0.0,0.0,0.0,0.0,0.0,0.0,0.0,0.0,0.0,0.0,0.0,0.0,0.0,0.0,0.0,0.0,0.0,0.031797107,0.0,0.0,0.0,0.0,0.0,0.0,0.0,0.0,0.0,0.0,0.0,0.0,0.0,0.021717476,0.0,0.0,0.0,0.0,0.0,0.0,0.0,0.0,0.0,0.0,0.0,0.0,0.0,0.0,0.0,0.0,0.0,0.0,0.0,0.0,0.0,0.0,0.0,0.0,0.0,0.0,0.0,0.0,0.0,0.0,0.0,0.0,0.0,0.0,0.0,0.0,0.0,0.0,0.0,0.0,0.0,0.0,0.0,0.0,0.0,0.0,0.0,0.0,0.0,0.0,0.0,0.0,0.0,0.0,0.0,0.0,0.0,0.0,0.0,0.0,0.0,0.0,0.0,0.0,0.0,0.0,0.0,0.0,0.0,0.0,0.0,0.0,0.0,0.0,0.0,0.0,0.0,0.0,0.0,0.0,0.0,0.0,0.0,0.0,0.0,0.0,0.0,0.0,0.0,0.0,0.0,0.0,0.0,0.0,0.0,0.0,0.0,0.0,0.027913522,0.0,0.0,0.0,0.0,0.0,0.0,0.0
k__Bacteria|p__Proteobacteria|c__Gammaproteobacteria|o__Enterobacteriales|f__Enterobacteriaceae|g__Escherichia|s__unclassified,0.08940532,0.051089462,0.032616213,0.032601688,0.032623753,0.044115447,0.024921501,0.024878308,0.03258188,0.03263806,0.033277463,0.046060942,0.032602113,0.032592345,0.025779435,0.033241577,0.029718647,0.03263599,0.036080934,0.032638658,0.03325944,0.032648608,0.032612685,0.032642983,0.03191111,0.033255532,0.0326605,0.032611225,0.0,0.03268174,0.033247568,0.0,0.032659367,0.0,0.0,0.033266984,0.034257885,0.019969739,0.0,0.0,0.0331843,0.032652162,0.032606754,0.0,0.032657266,0.033257686,0.03267399,0.032614272,0.03260775,0.03267277,0.033172224,0.0325969,0.03260126,0.025492376,0.0,0.03324984,0.03259444,0.0,0.029737592,0.03265868,0.03323647,0.037533313,0.03262795,0.032611135,0.03267173,0.033252023,0.03261847,0.032606285,0.032598015,0.032624952,0.033234272,0.03262479,0.032571822,0.0,0.032655336,0.0619516,0.032662045,0.032624286,0.032592807,0.032642003,0.0332593,0.03263362,0.030627323,0.032602094,0.032623913,0.033288423,0.03280397,0.032616727,0.03264254,0.032687236,0.034412462,0.032609515,0.032588,0.0,0.0,0.03324663,0.039735433,0.0,0.032605786,0.03262966,0.03318448,0.032619014,0.03260701,0.0,0.03261878,0.033295628,0.032630034,0.032587457,0.032593835,0.032647952,0.03324597,0.0,0.03258067,0.03259246,0.03263614,0.12095757,0.032657906,0.032581743,0.032595407,0.032643538,0.033214547,0.032633714,0.0,0.0,0.03264404,0.041115407,0.032635715,0.021899492,0.03258782,0.03260969,0.03321334,0.03264333,0.0,0.03259017,0.03264289,0.033263944,0.032651614,0.0,0.03259,0.01895783,0.03334113,0.073479265,0.03263147,0.0325955,0.048356876
k__Bacteria|p__Proteobacteria|c__Gammaproteobacteria|o__Pasteurellales|f__Pasteurellaceae|g__Haemophilus|s__parainfluenzae,0.0,0.0,0.0,0.0,0.0,0.0,0.0,0.0,0.0,0.0,0.0,0.0,0.0,0.0,0.0,0.0,0.0,0.0,0.0,0.0,0.0,0.0,0.0,0.0,0.031770077,0.0,0.0,0.0,0.0,0.0,0.0,0.0,0.0,0.0,0.0,0.0,0.0,0.0,0.021688232,0.0,0.0,0.0,0.0,0.0,0.0,0.0,0.0,0.0,0.0,0.0,0.0,0.0,0.0,0.025941111,0.0,0.0,0.0,0.0,0.0,0.0,0.0,0.0,0.0,0.0,0.0,0.0,0.0,0.0,0.0,0.0,0.0,0.0,0.0,0.0,0.0,0.0,0.0,0.0,0.0,0.0,0.0,0.0,0.0,0.0,0.0,0.0,0.0,0.0,0.0,0.0,0.034412462,0.0,0.0,0.0,0.0,0.0,0.0,0.0,0.0,0.0,0.0,0.0,0.0,0.0,0.0,0.0,0.0,0.0,0.0,0.0,0.0,0.0,0.0,0.0,0.0,0.0,0.0,0.0,0.0,0.0,0.0,0.0,0.0,0.0,0.0,0.0,0.0,0.0,0.0,0.0,0.0,0.0,0.0,0.0,0.0,0.0,0.0,0.02780256,0.0,0.0,0.0,0.0,0.0,0.0,0.0
k__Bacteria|p__Proteobacteria|c__Alphaproteobacteria|o__RF32|f__unclassified|g__unclassified|s__unclassified,0.0,0.0,0.0,0.0,0.0,0.0,0.0,0.0,0.0,0.0,0.0,0.0,0.0,0.0,0.0,0.0,0.0,0.0,0.0,0.0,0.0,0.0,0.0,0.0,0.0,0.0,0.0,0.0,0.0,0.0,0.0,0.0,0.0,0.029602941,0.03408698,0.0,0.0,0.0,0.0,0.0,0.0,0.0,0.0,0.0,0.0,0.0,0.0,0.0,0.0,0.0,0.0,0.0,0.0,0.0,0.0,0.0,0.0,0.0,0.0,0.0,0.0,0.0,0.0,0.0,0.0,0.0,0.0,0.0,0.0,0.0,0.0,0.0,0.0,0.0,0.0,0.0,0.0,0.0,0.0,0.0,0.0,0.0,0.0,0.0,0.0,0.0,0.0,0.0,0.0,0.0,0.0,0.0,0.0,0.0,0.0,0.0,0.0,0.0,0.0,0.0,0.0,0.0,0.0,0.0,0.0,0.0,0.0,0.0,0.0,0.0,0.0,0.0,0.0,0.0,0.0,0.0,0.0,0.0,0.0,0.0,0.0,0.0,0.0,0.026174039,0.0,0.0,0.0,0.0,0.0,0.0,0.0,0.0,0.0,0.0,0.0,0.0,0.0,0.0,0.0,0.0,0.0,0.0,0.0,0.0,0.0
k__Bacteria|p__Proteobacteria|c__Gammaproteobacteria|o__Pasteurellales|f__Pasteurellaceae|g__Haemophilus|s__unclassified,0.05097724,0.0,0.0351377,0.035135146,0.03514524,0.042448465,0.023633812,0.0,0.03513026,0.035148077,0.035253756,0.04460832,0.03513357,0.03513533,0.0,0.03526686,0.0,0.03512936,0.03571819,0.035146143,0.035263933,0.035144594,0.035136804,0.03513977,0.0354476,0.035265677,0.035142455,0.03513316,0.020792434,0.035152752,0.035264328,0.044707432,0.035134554,0.026635926,0.03553227,0.035269167,0.03290293,0.019617938,0.02376744,0.0,0.035272896,0.035145734,0.035136364,0.0,0.03515449,0.03526802,0.035139736,0.03513608,0.03513648,0.035143044,0.03527277,0.035133187,0.035138007,0.028024605,0.0,0.035267945,0.035132658,0.021301454,0.029723454,0.035151917,0.035267368,0.03746677,0.035144027,0.03513928,0.035152804,0.035269905,0.03514586,0.03514013,0.03513871,0.035139382,0.035271723,0.035143908,0.03513873,0.023905894,0.03514854,0.0,0.035139818,0.035141613,0.0351389,0.035138942,0.035270635,0.035138555,0.02842052,0.035144806,0.035148125,0.03525907,0.035123535,0.035149086,0.035147876,0.035154086,0.038069107,0.035125464,0.035132468,0.031804066,0.030677486,0.035270378,0.030791325,0.0,0.0351366,0.035142872,0.035269942,0.035134763,0.03513236,0.032697078,0.03513877,0.03526344,0.03513975,0.035136122,0.035128914,0.035146028,0.035264917,0.024217147,0.035125356,0.035128254,0.03514032,0.0,0.03513949,0.035129722,0.03513286,0.035146583,0.035272837,0.035136916,0.0,0.026098423,0.035149567,0.0,0.035131875,0.0,0.03513652,0.035145257,0.03526806,0.035128906,0.0,0.03514052,0.035145037,0.035267625,0.035139613,0.030289743,0.035139143,0.01895783,0.035252582,0.066975355,0.03512862,0.03513661,0.048194192
k__Bacteria|p__Proteobacteria|c__Betaproteobacteria|o__Burkholderiales|f__Alcaligenaceae|g__Sutterella|s__unclassified,0.0,0.0,0.03755259,0.03756613,0.03761166,0.042290557,0.02584748,0.0,0.037568536,0.037615016,0.037162773,0.055891156,0.037577,0.037565548,0.025518471,0.037329406,0.036692783,0.037481476,0.04482604,0.03763368,0.037360348,0.037671052,0.037593067,0.037549667,0.0,0.037272114,0.037582632,0.03756197,0.021673935,0.037728935,0.037293263,0.04980344,0.03753339,0.030738706,0.03439745,0.037232913,0.03691147,0.019411664,0.024745353,0.026511123,0.037316516,0.037577197,0.037562124,0.030607907,0.037701216,0.037316628,0.037557904,0.037562396,0.03758508,0.037589468,0.037365153,0.037589464,0.037614413,0.03013606,0.027541542,0.037327714,0.0375828,0.026773527,0.032187182,0.037707504,0.03726228,0.047851555,0.0376124,0.037629154,0.03766079,0.037347175,0.03766907,0.03762993,0.03759382,0.0375683,0.03730513,0.037651766,0.037657082,0.026842646,0.037641257,0.0,0.03762636,0.03763409,0.037597213,0.037545204,0.037266836,0.037589677,0.028001755,0.03767655,0.03768462,0.037325755,0.037425082,0.037717596,0.03768094,0.03771329,0.0,0.03748415,0.037564,0.038464338,0.035261504,0.037268214,0.031262066,0.0,0.03756193,0.03759883,0.037285827,0.037566315,0.03753856,0.03673829,0.037571874,0.037252113,0.03763557,0.03760649,0.037533373,0.037629027,0.03725543,0.024003565,0.037551217,0.03753505,0.037566394,0.1159304,0.0376188,0.03755588,0.03757049,0.037620336,0.037319046,0.037547916,0.027482156,0.027395723,0.037620544,0.0,0.037477102,0.026197316,0.03760971,0.037643522,0.037280817,0.037481997,0.024263669,0.037643757,0.037591908,0.037364054,0.037602093,0.029166587,0.03764201,0.018984307,0.037203524,0.07663557,0.03750312,0.037607487,0.04799897
k__Bacteria|p__Actinobacteria|c__Actinobacteria|o__Actinomycetales|f__Actinomycetaceae|g__Parascardovia|s__unclassified,0.0,0.0,0.0,0.0,0.0,0.0,0.0,0.0,0.0,0.0,0.0,0.0,0.0,0.0,0.0,0.0,0.0,0.0,0.0,0.0,0.0,0.0,0.0,0.0,0.0,0.0,0.0,0.0,0.0,0.0,0.0,0.0,0.0,0.0,0.0,0.0,0.0,0.0,0.0,0.0,0.0,0.0,0.0,0.0,0.0,0.0,0.0,0.0,0.0,0.0,0.0,0.0,0.0,0.0,0.0,0.0,0.0,0.0,0.0,0.0,0.0,0.0,0.0,0.0,0.0,0.0,0.0,0.0,0.0,0.0,0.0,0.0,0.0,0.0,0.0,0.0,0.0,0.0,0.0,0.0,0.0,0.0,0.0,0.0,0.0,0.0,0.0,0.0,0.0,0.0,0.0,0.0,0.0,0.0,0.0,0.0,0.0,0.0,0.0,0.0,0.0,0.0,0.0,0.0,0.0,0.0,0.0,0.0,0.0,0.0,0.0,0.0,0.0,0.0,0.0,0.0,0.0,0.0,0.0,0.0,0.0,0.0,0.0,0.0,0.0,0.0,0.0,0.0,0.0,0.0,0.0,0.0,0.0,0.0,0.0,0.0,0.0,0.0,0.0,0.0,0.0,0.0,0.0,0.0,0.0
k__Bacteria|p__Actinobacteria|c__Actinobacteria|o__Actinomycetales|f__Corynebacteriaceae|g__Corynebacterium|s__unclassified,0.0,0.0,0.0,0.0,0.0,0.0,0.0,0.0,0.0,0.0,0.0,0.0,0.0,0.0,0.0,0.0,0.0,0.0,0.0,0.0,0.0,0.0,0.0,0.0,0.0,0.0,0.0,0.0,0.0,0.0,0.0,0.0,0.0,0.0,0.0,0.0,0.0,0.0,0.0,0.0,0.0,0.0,0.0,0.0,0.0,0.0,0.0,0.0,0.0,0.0,0.0,0.0,0.0,0.0,0.0,0.0,0.0,0.0,0.0,0.0,0.0,0.0,0.0,0.0,0.0,0.0,0.0,0.0,0.0,0.0,0.0,0.0,0.0,0.0,0.0,0.0,0.0,0.0,0.0,0.0,0.0,0.0,0.0,0.0,0.0,0.0,0.0,0.0,0.0,0.0,0.0,0.0,0.0,0.0,0.0,0.0,0.0,0.0,0.0,0.0,0.0,0.0,0.0,0.0,0.0,0.0,0.0,0.0,0.0,0.0,0.0,0.0,0.0,0.0,0.0,0.0,0.0,0.0,0.0,0.0,0.0,0.0,0.0,0.0,0.0,0.0,0.0,0.0,0.0,0.0,0.0,0.0,0.0,0.0,0.0,0.0,0.0,0.0,0.0,0.0,0.0,0.0,0.0,0.0,0.0
k__Bacteria|p__Actinobacteria|c__Actinobacteria|o__Actinomycetales|f__Micrococcaceae|g__Rothia|s__mucilaginosa,0.0,0.0,0.0,0.0,0.0,0.0,0.0,0.0,0.0,0.0,0.0,0.0,0.0,0.0,0.0,0.0,0.0,0.0,0.0,0.0,0.0,0.0,0.0,0.0,0.0,0.0,0.0,0.0,0.0,0.0,0.0,0.0,0.0,0.0,0.0,0.0,0.0,0.0,0.0,0.0,0.0,0.0,0.0,0.0,0.0,0.0,0.0,0.0,0.0,0.0,0.0,0.0,0.0,0.0,0.0,0.0,0.0,0.0,0.0,0.0,0.0,0.0,0.0,0.0,0.0,0.0,0.0,0.0,0.0,0.0,0.0,0.0,0.0,0.0,0.0,0.0,0.0,0.0,0.0,0.0,0.0,0.0,0.0,0.0,0.0,0.0,0.0,0.0,0.0,0.0,0.0,0.0,0.0,0.0,0.0,0.0,0.0,0.0,0.0,0.0,0.0,0.0,0.0,0.0,0.0,0.0,0.0,0.0,0.0,0.0,0.0,0.0,0.0,0.0,0.0,0.0,0.0,0.0,0.0,0.0,0.0,0.0,0.0,0.0,0.0,0.0,0.0,0.0,0.0,0.0,0.0,0.0,0.0,0.0,0.0,0.0,0.0,0.0,0.0,0.0,0.0,0.0,0.0,0.0,0.0
k__Bacteria|p__Actinobacteria|c__Actinobacteria|o__Actinomycetales|f__Actinomycetaceae|g__Actinomyces|s__unclassified,0.0,0.0,0.0,0.0,0.0,0.0,0.0,0.0,0.0,0.0,0.0,0.0,0.0,0.0,0.0,0.0,0.0,0.0,0.0,0.0,0.0,0.0,0.0,0.0,0.0,0.0,0.0,0.0,0.0,0.0,0.0,0.0,0.0,0.0,0.0,0.0,0.0,0.0,0.0,0.0,0.0,0.0,0.0,0.0,0.0,0.0,0.0,0.0,0.0,0.0,0.0,0.0,0.0,0.0,0.0,0.0,0.0,0.0,0.0,0.0,0.0,0.0,0.0,0.0,0.0,0.0,0.0,0.0,0.0,0.0,0.0,0.0,0.0,0.0,0.0,0.0,0.0,0.0,0.0,0.0,0.0,0.0,0.0,0.0,0.0,0.0,0.0,0.0,0.0,0.0,0.0,0.0,0.0,0.0,0.0,0.0,0.0,0.0,0.0,0.0,0.0,0.0,0.0,0.0,0.0,0.0,0.0,0.0,0.0,0.0,0.0,0.0,0.0,0.0,0.0,0.0,0.0,0.0,0.0,0.0,0.0,0.0,0.0,0.0,0.0,0.0,0.0,0.0,0.0,0.0,0.0,0.0,0.024500737,0.0,0.0,0.0,0.0,0.0,0.0,0.0,0.0,0.0,0.0,0.0,0.0
k__Bacteria|p__Actinobacteria|c__Actinobacteria|o__Bifidobacteriales|f__Bifidobacteriaceae|g__Bifidobacterium|s__longum,0.0,0.03850502,0.03786776,0.037845224,0.037905168,0.054717004,0.024501918,0.028648969,0.03780301,0.037937187,0.037785996,0.052913457,0.037864756,0.037821997,0.02992713,0.037755992,0.035142973,0.037907165,0.051861964,0.037949115,0.037781782,0.037946872,0.0378694,0.037920482,0.032122668,0.03776848,0.037974183,0.03786234,0.021920757,0.038077977,0.037748635,0.044479642,0.03798968,0.026153577,0.03414051,0.037795637,0.056444205,0.019399012,0.021696456,0.02525952,0.03759967,0.037963632,0.03786662,0.0,0.038003847,0.037796233,0.038002595,0.037880186,0.03785959,0.038012814,0.037576057,0.037852194,0.03785258,0.026038991,0.027525093,0.037751324,0.037841324,0.02398613,0.0,0.03802824,0.037704326,0.047033884,0.037910186,0.03787646,0.038030267,0.037774615,0.03790742,0.037879504,0.03785874,0.037901085,0.03771192,0.037925396,0.037811063,0.023441888,0.037990756,0.0,0.037983615,0.037917107,0.037841894,0.037928924,0.03777685,0.037936013,0.028988836,0.037872612,0.037927542,0.03788124,0.038292006,0.037904754,0.03796827,0.038084105,0.037345316,0.03785035,0.037813663,0.03350243,0.030621646,0.037734974,0.035689987,0.04478753,0.037861373,0.03791509,0.037576128,0.037898287,0.037844874,0.03306035,0.037878796,0.037887264,0.0379262,0.03782141,0.03781966,0.037960175,0.03771877,0.023878148,0.03780589,0.03781413,0.037924655,0.116854936,0.037962433,0.03781732,0.03783592,0.037957378,0.037662063,0.03791038,0.027131837,0.0,0.037952986,0.044507347,0.03789226,0.02693543,0.037829775,0.03789299,0.03764412,0.037899572,0.024636202,0.037837647,0.03794624,0.03782739,0.03798302,0.027761964,0.03783354,0.0193497,0.037987348,0.06774052,0.037903763,0.03784651,0.0
k__Bacteria|p__Actinobacteria|c__Actinobacteria|o__Bifidobacteriales|f__Bifidobacteriaceae|g__Bifidobacterium|s__adolescentis,0.0,0.0,0.03343031,0.033415504,0.03343698,0.042816237,0.025167463,0.02632646,0.033389755,0.033450924,0.033992235,0.0,0.033432152,0.033403575,0.02564988,0.033956237,0.033971548,0.033471495,0.035961658,0.033458237,0.03397046,0.033481553,0.03343152,0.03346699,0.0,0.033973884,0.03349062,0.033437587,0.0,0.033516373,0.033965968,0.0,0.03350629,0.0,0.0,0.03399216,0.033068962,0.0,0.021699198,0.025277432,0.033883102,0.033478796,0.033425342,0.0,0.033480834,0.033973485,0.033513557,0.03343638,0.03342497,0.033507276,0.033866238,0.033416644,0.033418633,0.0,0.0,0.033965778,0.033422157,0.024990283,0.0,0.033490185,0.033942267,0.039342716,0.033446323,0.033427134,0.03349627,0.033966225,0.033430755,0.033421177,0.033410557,0.033444785,0.033941776,0.03345622,0.03338628,0.023402244,0.033482384,0.0,0.033505682,0.03346119,0.03340472,0.033461865,0.033969566,0.033459492,0.029078571,0.033415597,0.03344551,0.03400894,0.0336956,0.033431605,0.033466667,0.033520352,0.0,0.033433337,0.033402592,0.0,0.0,0.03396004,0.031026695,0.07604317,0.03341388,0.03344296,0.033879753,0.03344181,0.03342404,0.0,0.03343115,0.034030855,0.0334669,0.03340796,0.03341462,0.03347306,0.033962052,0.032377955,0.03340879,0.033414535,0.033459634,0.11583409,0.0334827,0.033406943,0.033408202,0.033466,0.03391815,0.033465296,0.02724861,0.026126781,0.033456217,0.0,0.033461895,0.02860354,0.033405468,0.03342461,0.033924665,0.033468798,0.024387412,0.033398867,0.03346418,0.033986438,0.033485234,0.028113795,0.0334023,0.020022232,0.034051303,0.06683189,0.033463486,0.033399504,0.0
k__Bacteria|p__Actinobacteria|c__Actinobacteria|o__Bifidobacteriales|f__Bifidobacteriaceae|g__Bifidobacterium|s__unclassified,0.0,0.043830164,0.035648823,0.035645135,0.03567067,0.04220061,0.0,0.024863126,0.035627745,0.035685863,0.03581198,0.044542763,0.035656717,0.035641097,0.025714658,0.035818774,0.029604157,0.03566988,0.043782085,0.035692044,0.035843126,0.035710245,0.035660908,0.035673738,0.0320639,0.03581636,0.03570224,0.03565699,0.025023645,0.035764527,0.03581727,0.0,0.03570481,0.026686005,0.0,0.035812784,0.033140123,0.023458652,0.023075588,0.025924504,0.035745393,0.03569124,0.035652567,0.0,0.03572771,0.03583627,0.035706192,0.035659418,0.035654962,0.035721272,0.03573855,0.035652447,0.035655532,0.0,0.027821178,0.035818152,0.035647318,0.026381098,0.029927861,0.035741203,0.0357884,0.03815508,0.035677895,0.03566714,0.03573303,0.035827294,0.035675295,0.035665642,0.035653204,0.03567184,0.03579357,0.03568626,0.035639137,0.02440808,0.035711564,0.0,0.035714816,0.035686813,0.0356445,0.03567721,0.035814077,0.035687372,0.02796852,0.03566412,0.03569324,0.035877533,0.03582507,0.035686187,0.035710543,0.0357649,0.03751873,0.035643563,0.035636514,0.0,0.0,0.03579664,0.0,0.04479933,0.035648175,0.03567804,0.035732143,0.035663426,0.03564786,0.035209343,0.035661202,0.035861403,0.035687916,0.035641994,0.035638645,0.03570161,0.035794076,0.025405506,0.035635926,0.035637,0.03567801,0.11600744,0.035704955,0.03563617,0.03564679,0.035697494,0.035776228,0.035669293,0.027209686,0.02611969,0.035691462,0.039432094,0.0356605,0.02293241,0.03564505,0.035667345,0.035761192,0.03566992,0.037717845,0.03565086,0.035689846,0.03585794,0.03571255,0.0,0.035649803,0.0,0.03589665,0.0,0.035671726,0.035657033,0.0
k__Bacteria|p__Cyanobacteria|c__4C0d-2|o__YS2|f__unclassified|g__unclassified|s__unclassified,0.0,0.0,0.0,0.0,0.0,0.0,0.0,0.0,0.0,0.0,0.0,0.0,0.0,0.0,0.0,0.0,0.0,0.0,0.0,0.0,0.0,0.0,0.0,0.0,0.0,0.0,0.0,0.0,0.021014068,0.0,0.0,0.0,0.0,0.027841402,0.0,0.0,0.0,0.01957238,0.0,0.027417919,0.0,0.0,0.0,0.02972068,0.0,0.0,0.0,0.0,0.0,0.0,0.0,0.0,0.0,0.0,0.0,0.0,0.0,0.0,0.0,0.0,0.0,0.0,0.0,0.0,0.0,0.0,0.0,0.0,0.0,0.0,0.0,0.0,0.0,0.023678297,0.0,0.0,0.0,0.0,0.0,0.0,0.0,0.0,0.0,0.0,0.0,0.0,0.0,0.0,0.0,0.0,0.0,0.0,0.0,0.0,0.0,0.0,0.0,0.0,0.0,0.0,0.0,0.0,0.0,0.0,0.0,0.0,0.0,0.0,0.0,0.0,0.0,0.0,0.0,0.0,0.0,0.0,0.0,0.0,0.0,0.0,0.0,0.0,0.0,0.0,0.0,0.0,0.0,0.0,0.0,0.0,0.0,0.0,0.0,0.0,0.0,0.0,0.0,0.0,0.0,0.0,0.0,0.0,0.0,0.0,0.0
k__Bacteria|p__Cyanobacteria|c__Chloroplast|o__Streptophyta|f__unclassified|g__unclassified|s__unclassified,0.0,0.0,0.0,0.0,0.0,0.0,0.0,0.0,0.0,0.0,0.0,0.0,0.0,0.0,0.0,0.0,0.0,0.0,0.0,0.0,0.0,0.0,0.0,0.0,0.0,0.0,0.0,0.0,0.020827694,0.0,0.0,0.0,0.0,0.028178725,0.0,0.0,0.0,0.02075813,0.0,0.0,0.0,0.0,0.0,0.0,0.0,0.0,0.0,0.0,0.0,0.0,0.0,0.0,0.0,0.0,0.0,0.0,0.0,0.0,0.0,0.0,0.0,0.0,0.0,0.0,0.0,0.0,0.0,0.0,0.0,0.0,0.0,0.0,0.0,0.0,0.0,0.0,0.0,0.0,0.0,0.0,0.0,0.0,0.0,0.0,0.0,0.0,0.0,0.0,0.0,0.0,0.0,0.0,0.0,0.0,0.0,0.0,0.0,0.0,0.0,0.0,0.0,0.0,0.0,0.0,0.0,0.0,0.0,0.0,0.0,0.0,0.0,0.0,0.0,0.0,0.0,0.0,0.0,0.0,0.0,0.0,0.0,0.0,0.0,0.0,0.0,0.0,0.0,0.0,0.0,0.0,0.0,0.0,0.024136018,0.0,0.0,0.0,0.0,0.0,0.0,0.018979011,0.0,0.0,0.0,0.0,0.0
k__Bacteria|p__Fusobacteria|c__Fusobacteria|o__Fusobacteriales|f__Fusobacteriaceae|g__Fusobacterium|s__unclassified,0.0,0.0,0.0,0.0,0.0,0.0,0.0,0.0,0.0,0.0,0.0,0.0,0.0,0.0,0.0,0.0,0.0,0.0,0.0,0.0,0.0,0.0,0.0,0.0,0.0,0.0,0.0,0.0,0.0,0.0,0.0,0.0,0.0,0.0,0.0,0.0,0.0,0.0,0.0,0.0,0.0,0.0,0.0,0.0,0.0,0.0,0.0,0.0,0.0,0.0,0.0,0.0,0.0,0.0,0.0,0.0,0.0,0.0,0.0,0.0,0.0,0.0,0.0,0.0,0.0,0.0,0.0,0.0,0.0,0.0,0.0,0.0,0.0,0.0,0.0,0.0,0.0,0.0,0.0,0.0,0.0,0.0,0.0,0.0,0.0,0.0,0.0,0.0,0.0,0.0,0.0,0.0,0.0,0.0,0.0,0.0,0.030835455,0.0,0.0,0.0,0.0,0.0,0.0,0.0,0.0,0.0,0.0,0.0,0.0,0.0,0.0,0.0,0.0,0.0,0.0,0.0,0.0,0.0,0.0,0.0,0.0,0.0,0.0,0.0,0.0,0.0,0.0,0.0,0.0,0.0,0.0,0.0,0.0,0.0,0.0,0.0,0.0,0.027702425,0.0,0.0,0.0,0.0,0.0,0.0,0.0
k__Bacteria|p__Fusobacteria|c__Fusobacteria|o__Fusobacteriales|f__Fusobacteriaceae|g__unclassified|s__unclassified,0.0,0.0,0.0,0.0,0.0,0.0,0.0,0.0,0.0,0.0,0.0,0.0,0.0,0.0,0.0,0.0,0.0,0.0,0.0,0.0,0.0,0.0,0.0,0.0,0.0,0.0,0.0,0.0,0.0,0.0,0.0,0.0,0.0,0.0,0.0,0.0,0.0,0.0,0.0,0.0,0.0,0.0,0.0,0.0,0.0,0.0,0.0,0.0,0.0,0.0,0.0,0.0,0.0,0.0,0.028035022,0.0,0.0,0.021301454,0.0,0.0,0.0,0.0,0.0,0.0,0.0,0.0,0.0,0.0,0.0,0.0,0.0,0.0,0.0,0.027259666,0.0,0.0,0.0,0.0,0.0,0.0,0.0,0.0,0.0,0.0,0.0,0.0,0.0,0.0,0.0,0.0,0.0,0.0,0.0,0.0,0.0,0.0,0.0,0.0,0.0,0.0,0.0,0.0,0.0,0.0,0.0,0.0,0.0,0.0,0.0,0.0,0.0,0.0,0.0,0.0,0.0,0.0,0.0,0.0,0.0,0.0,0.0,0.0,0.0,0.0,0.0,0.0,0.0,0.0,0.0,0.0,0.0,0.0,0.0,0.0,0.0,0.0,0.0,0.046631012,0.0,0.0,0.0,0.0,0.0,0.0,0.0
k__Bacteria|p__Tenericutes|c__Mollicutes|o__RF39|f__unclassified|g__unclassified|s__unclassified,0.0,0.0,0.0,0.0,0.0,0.0,0.0,0.0,0.0,0.0,0.0,0.0,0.0,0.0,0.0,0.0,0.0,0.0,0.0,0.0,0.0,0.0,0.0,0.0,0.0,0.0,0.0,0.0,0.0,0.0,0.0,0.0,0.0,0.0,0.0,0.0,0.0,0.0,0.0,0.0,0.0,0.0,0.0,0.0,0.0,0.0,0.0,0.0,0.0,0.0,0.0,0.0,0.0,0.0,0.0,0.0,0.0,0.0,0.0,0.0,0.0,0.0,0.0,0.0,0.0,0.0,0.0,0.0,0.0,0.0,0.0,0.0,0.0,0.0,0.0,0.0,0.0,0.0,0.0,0.0,0.0,0.0,0.0,0.0,0.0,0.0,0.0,0.0,0.0,0.0,0.0,0.0,0.0,0.0,0.0,0.0,0.0,0.0,0.0,0.0,0.0,0.0,0.0,0.0,0.0,0.0,0.0,0.0,0.0,0.0,0.0,0.0,0.0,0.0,0.0,0.0,0.0,0.0,0.0,0.0,0.0,0.0,0.027112374,0.0,0.0,0.0,0.0,0.0,0.0,0.0,0.0,0.0,0.0,0.0,0.0,0.0,0.0,0.0,0.0,0.018941943,0.0,0.0,0.0,0.0,0.0
k__Bacteria|p__Verrucomicrobia|c__Verrucomicrobiae|o__Verrucomicrobiales|f__Verrucomicrobiaceae|g__Akkermansia|s__muciniphila,0.0,0.0,0.0,0.0,0.0,0.0,0.0,0.0,0.0,0.0,0.0,0.0,0.0,0.0,0.072701484,0.0,0.029457554,0.0,0.0,0.0,0.0,0.0,0.0,0.0,0.0,0.0,0.0,0.0,0.020767247,0.0,0.0,0.0,0.0,0.026196443,0.034049507,0.0,0.0,0.0,0.0,0.0,0.0,0.0,0.0,0.0,0.0,0.0,0.0,0.0,0.0,0.0,0.0,0.0,0.0,0.0,0.034417342,0.0,0.0,0.023062766,0.03245791,0.0,0.0,0.0,0.0,0.0,0.0,0.0,0.0,0.0,0.0,0.0,0.0,0.0,0.0,0.023932328,0.0,0.0,0.0,0.0,0.0,0.0,0.0,0.0,0.0,0.0,0.0,0.0,0.0,0.0,0.0,0.0,0.0,0.0,0.0,0.032517765,0.0,0.0,0.0,0.0,0.0,0.0,0.0,0.0,0.0,0.0,0.0,0.0,0.0,0.0,0.0,0.0,0.0,0.0,0.0,0.0,0.0,0.0,0.0,0.0,0.0,0.0,0.0,0.0,0.0,0.026913667,0.0,0.0,0.0,0.022458958,0.0,0.0,0.0,0.0,0.03796924,0.0,0.0,0.0,0.0,0.0,0.0,0.021801535,0.0,0.0,0.0,0.0,0.0
