#OTU ID,T000272.0,T000272.1,T000272.2,T000272.3,T000272.4,T000461.0,T000461.1,T000461.2,T000461.3,T000461.4,T002534.0,T002534.1,T002534.2,T002534.3,T002534.4,T003950.0,T003950.1,T003950.2,T003950.3,T003950.4,T005999.0,T005999.1,T005999.2,T005999.3,T005999.4,T007748.0,T007748.1,T007748.2,T007748.3,T007748.4,T008025.0,T008025.1,T008025.2,T008025.3,T008025.4,T008631.0,T008631.1,T008631.2,T008631.3,T008631.4,T009280.0,T009280.1,T009280.2,T009280.3,T009280.4,T009909.0,T009909.1,T009909.2,T009909.3,T009909.4,T010520.0,T010520.1,T010520.2,T010520.3,T010520.4,T010532.0,T010532.1,T010532.2,T010532.3,T010532.4,T012138.0,T012138.1,T012138.2,T012138.3,T012138.4,T012374.0,T012374.1,T012374.2,T012374.3,T012374.4,T012389.0,T012389.1,T012389.2,T012389.3,T012389.4,T013832.0,T013832.1,T013832.2,T013832.3,T013832.4,T014827.0,T014827.1,T014827.2,T014827.3,T014827.4,T017394.0,T017394.1,T017394.2,T017394.3,T017394.4,T018343.0,T018343.1,T018343.2,T018343.3,T018343.4,T019021.0,T019021.1,T019021.2,T019021.3,T019021.4,T019031.0,T019031.1,T019031.2,T019031.3,T019031.4,T019850.0,T019850.1,T019850.2,T019850.3,T019850.4,T020231.0,T020231.1,T020231.2,T020231.3,T020231.4,T021076.0,T021076.1,T021076.2,T021076.3,T021076.4,T021613.0,T021613.1,T021613.2,T021613.3,T021613.4,T023390.0,T023390.1,T023390.2,T023390.3,T023390.4,T023909.0,T023909.1,T023909.2,T023909.3,T023909.4,T024121.0,T024121.1,T024121.2,T024121.3,T024121.4,T028183.0,T028183.1,T028183.2,T028183.3,T028183.4
k__Bacteria|p__Firmicutes|c__Bacilli|o__Lactobacillales|f__Enterococcaceae|g__unclassified|s__unclassified,-0.33178753,-0.35151497,-0.34964442,-0.27373475,-0.35537535,-0.33610103,-0.35099345,-0.34976715,-0.27274436,-0.22710665,-0.33671248,-0.35246533,-0.34527826,-0.3544151,-0.34741807,-0.32350194,-0.34845412,-0.34800488,-0.27218616,-0.22538777,-0.34047842,-0.3529024,-0.3499599,-0.27320412,-0.22747758,-0.3366719,-0.34832975,-0.3537859,-0.35797155,-0.2691321,-0.32997626,-0.35088846,-0.34962583,-0.27309102,-0.22820304,-0.34101146,-0.35169625,-0.3499973,-0.2729668,-0.345838,-0.34048292,-0.35300612,-0.35420847,-0.3421979,-0.27006847,-0.31041825,-0.3438412,-0.34596813,-0.27220017,-0.22740749,-0.27991652,-0.35254282,-0.27204362,-0.3537924,-0.34542155,-0.3425895,-0.3533733,-0.3538795,-0.34445426,-0.26922774,-0.34168842,-0.32914695,-0.35751456,-0.3593669,-0.3481748,-0.32118678,-0.3476101,-0.34792867,-0.27302888,-0.22825,-0.3391748,-0.3527927,-0.349973,-0.27313498,-0.22569591,-0.32216316,-0.34846872,-0.35334414,-0.34404397,-0.35182393,-0.33044118,-0.35162917,-0.34877953,-0.2729194,-0.2267272,-0.2547989,-0.34730446,-0.3526556,-0.35418794,-0.26783496,-0.33725426,-0.35276216,-0.35354033,-0.3423161,-0.27015576,-0.33511585,-0.3514241,-0.34946194,-0.27280602,-0.22757317,-0.34445685,-0.304123,-0.3501871,-0.27353147,-0.35187778,-0.26381022,-0.352979,-0.35609764,-0.35415733,-0.34552196,-0.33598155,-0.35637724,-0.34995145,-0.2732797,-0.35051286,-0.32486415,-0.31538883,-0.34782922,-0.27176932,-0.34620968,-0.34652692,-0.35169965,-0.35014808,-0.2725318,-0.34347367,-0.32128388,-0.35136384,-0.34913644,-0.27303085,-0.22816616,-0.32737118,-0.35176337,0.5815406,-0.35925305,-0.34531307,-0.3375879,-0.35140657,-0.34922642,-0.2731626,-0.22121188,-0.2555955,-0.35085043,-0.34907144,-0.27219746,1.3477578
k__Bacteria|p__Firmicutes|c__Clostridia|o__Clostridiales|f__Clostridiaceae|g__Peptoniphilus|s__asaccharolyticus,-0.33226663,-0.35177344,-0.3511185,-0.27602834,-0.35537535,-0.33577663,-0.3519855,-0.3509785,-0.27381083,-0.22669108,-0.33543587,-0.35353047,-0.34527826,-0.3559005,-0.3479933,-0.32456565,-0.34778506,-0.34890705,-0.27289286,-0.22504205,-0.34140906,-0.35414314,-0.3518101,-0.27371255,-0.22657147,0.9384766,-0.3487242,-0.35531715,-0.35797155,-0.26885647,-0.32959652,-0.3506323,-0.350407,-0.27408585,-0.2277087,-0.3407753,-0.3528192,-0.350706,-0.27343774,-0.345838,-0.34084767,-0.35343233,-0.35512036,-0.3421979,-0.27002844,-0.31412685,-0.3430275,-0.34606594,-0.27243116,-0.22650877,-0.27991652,-0.35304892,-0.27204362,-0.35499394,-0.34474808,-0.34145492,-0.35374755,-0.3545578,-0.34445426,-0.269282,-0.33685535,-0.32914695,-0.35751456,-0.3593669,-0.347313,-0.31950346,-0.34797442,-0.34774458,-0.27445677,-0.22823574,-0.3398267,-0.35315394,-0.35129875,-0.27426344,-0.22493923,-0.32500052,-0.34858343,-0.3536436,-0.34404397,-0.35182393,-0.33157605,-0.3520069,-0.3490898,-0.2735367,-0.22654867,-0.2547989,-0.34669197,-0.35272437,-0.35418794,-0.26716676,-0.34018356,-0.353651,-0.35430083,-0.3423161,-0.2700319,-0.33560562,-0.35288435,-0.34937295,-0.2733746,-0.2272752,-0.33890772,-0.304123,-0.3512882,-0.27478477,-0.35174328,-0.26381022,-0.35306686,-0.35609764,-0.3555441,-0.3451314,-0.33256984,-0.35637724,-0.35104227,-0.2742871,-0.34984,-0.32097483,-0.31538883,-0.3483215,-0.272879,-0.34572405,-0.34652692,-0.35169965,-0.3515615,-0.27348423,-0.34264666,-0.32128388,-0.35202163,-0.34989613,-0.27422544,-0.22796318,-0.32832992,-0.35094738,-0.35489932,-0.35925305,-0.34483254,-0.3366282,-0.35018587,-0.3505441,-0.27402675,-0.22173811,-0.2555955,-0.34973276,-0.34835708,-0.27302146,-0.30212936
k__Bacteria|p__Firmicutes|c__Bacilli|o__Lactobacillales|f__Streptococcaceae|g__unclassified|s__unclassified,-0.3359072,-0.35020024,-0.3481868,-0.27306774,-0.35537535,-0.33869183,-0.35000014,-0.34815532,-0.27190626,-0.22698328,-0.33906776,-0.35122943,-0.34527826,-0.35271138,-0.3461944,-0.3293606,-0.34750056,-0.3466201,-0.27145606,-0.22566047,-0.3422758,-0.3513219,-0.3484637,-0.2720659,-0.22711134,-0.3366719,-0.34795392,-0.35220933,-0.35797155,-0.26865205,-0.33388403,-0.34939826,-0.34789062,-0.27217585,-0.22773358,-0.34242284,-0.35057455,-0.34830034,-0.27189276,-0.345838,-0.34218693,-0.35142547,-0.3523091,-0.3421979,-0.2695967,-0.32036656,-0.34403732,-0.3450303,-0.27129924,-0.22706294,-0.27991652,-0.35120246,-0.27204362,-0.35224518,-0.34422973,-0.34337416,-0.3515458,-0.352162,-0.34445426,-0.26904246,-0.34089497,-0.32914695,-0.35751456,-0.3593669,-0.3473605,-0.32756883,-0.34723544,-0.34639192,-0.2721454,-0.22788133,-0.34104174,-0.35114744,-0.34834278,-0.27228397,-0.22578837,-0.32905298,-0.34778216,-0.3514376,-0.34404397,-0.35182393,-0.3352045,-0.35027546,-0.34719115,-0.2718473,-0.22671686,-0.2547989,-0.34661913,-0.3507608,-0.35418794,-0.26782003,-0.34044498,-0.35142043,-0.35188103,-0.3423161,-0.2694577,-0.3375026,-0.3505389,-0.34779483,-0.2717886,-0.22741167,-0.34296283,-0.304123,-0.34847647,-0.27253425,-0.35029876,-0.26381022,-0.35131758,-0.35609764,-0.35248566,-0.34452647,-0.33697322,-0.35637724,-0.3482365,-0.27228856,-0.34910798,-0.32881698,-0.31538883,-0.346498,-0.2711798,-0.3460111,-0.34652692,-0.35169965,-0.34862453,-0.2718181,-0.34383148,-0.32128388,-0.35025978,-0.34761876,-0.27224922,-0.22774236,-0.33153218,-0.35029417,-0.35489932,-0.35925305,-0.34432513,-0.33957815,-0.34978896,-0.34789205,-0.27220958,-0.2228657,-0.2555955,-0.34933728,-0.34712082,-0.2714191,1.3816748
k__Bacteria|p__Firmicutes|c__Clostridia|o__Coriobacteriales|f__Coriobacteriaceae|g__Collinsella|s__aerofaciens,-0.3282297,-0.35063744,-0.34984872,-0.27471337,-0.35537535,-0.32978415,-0.35092643,-0.3498026,-0.27272296,-0.22448775,-0.3291679,-0.35227057,-0.34527826,-0.35497355,-0.34632647,-0.3172081,-0.34602776,-0.3474263,-0.27150035,-0.22260273,-0.33614624,-0.35230932,-0.35030422,-0.27265015,-0.22424744,-0.3366719,-0.3466781,-0.35365534,-0.35797155,-0.26603514,-0.3228042,-0.34913024,-0.34947467,-0.27302772,-0.22583151,-0.33651084,-0.35180995,-0.350069,-0.2725603,-0.345838,-0.33668146,-0.35214874,-0.35416648,-0.3421979,-0.26821715,-0.30363882,-0.34087175,-0.34450382,-0.27114365,-0.22425386,-0.27991652,-0.35153165,-0.27204362,-0.35403168,-0.34225857,-0.337218,-0.3526562,-0.35346708,-0.34445426,-0.26674667,-0.32930657,1.0424414,-0.35751456,-0.3593669,-0.3444328,-0.30991912,-0.34536162,-0.3467369,-0.27313775,-0.22642776,-0.33560196,-0.3520505,-0.35018307,-0.2731441,-0.2220851,-0.317835,-0.34670702,-0.35251346,-0.34404397,-0.35182393,-0.32712448,-0.35027513,-0.3477714,-0.27230304,-0.22442243,-0.2547989,-0.34377372,-0.3512587,-0.35418794,-0.26478335,-0.33774665,-0.35281938,-0.35335386,-0.3423161,-0.2678006,-0.32897297,-0.35111055,-0.3485238,-0.27218825,-0.22531702,-0.3310255,-0.304123,-0.35034513,-0.27375758,-0.35016084,-0.26381022,-0.3518104,-0.35609764,-0.35440367,-0.34218702,-0.3246633,-0.35637724,-0.35007918,-0.27313846,-0.34760994,-0.3086246,-0.31538883,-0.34730503,-0.27151966,-0.34331468,0.82439363,-0.35169965,-0.3504883,-0.27245128,-0.33868468,-0.32128388,-0.3508683,-0.348929,-0.27288347,-0.22569492,-0.32154435,-0.34972683,0.57905084,-0.35925305,-0.3421206,-0.33174866,-0.34867093,-0.3492487,-0.27287775,-0.21839266,-0.2555955,-0.3479501,-0.3479091,-0.2717043,-0.30212936
k__Bacteria|p__Firmicutes|c__Clostridia|o__Clostridiales|f__Lachnospiraceae|g__Blautia|s__producta,-0.3351745,-0.35080275,-0.34825915,-0.27242318,-0.35537535,-0.33750552,-0.35054117,-0.34833232,-0.27247414,-0.22773144,-0.33703077,-0.35125506,-0.34527826,-0.35281736,-0.34645042,-0.32760048,-0.34868318,-0.34703296,-0.27196532,-0.22639297,-0.34022808,-0.35106498,-0.34836853,-0.27241823,-0.22782405,-0.3366719,-0.34818852,-0.35194334,-0.35797155,-0.26849952,-0.33256322,-0.34998,-0.34825528,-0.27255762,-0.22822317,-0.3413398,-0.35105044,-0.34854794,-0.27231228,-0.345838,-0.3412165,-0.35173643,-0.3528682,-0.3421979,-0.26981428,-0.31703943,-0.3454603,-0.34571618,-0.2719979,-0.22787432,-0.27991652,-0.35087097,-0.27204362,-0.3519852,-0.34454817,-0.3427644,-0.35233176,-0.35250413,-0.34445426,-0.26923177,-0.33967918,-0.32914695,-0.35751456,-0.3593669,-0.34720236,-0.32552385,-0.34738702,-0.3475871,-0.2721328,-0.22846949,-0.33991247,-0.3515235,-0.3480057,-0.27229595,-0.22634184,-0.32787073,-0.34858853,-0.35212293,-0.34404397,-0.35182393,-0.3343854,-0.35065046,-0.3481249,-0.27252492,-0.22713126,-0.2547989,-0.3458603,-0.35133004,-0.35418794,-0.2682954,-0.33940935,-0.35209373,-0.35303795,-0.3423161,-0.2698405,-0.3359502,-0.35049576,-0.34845236,-0.2723403,-0.22803417,-0.34160858,-0.304123,-0.34863934,-0.27277565,-0.3506546,-0.26381022,-0.35117042,-0.35609764,-0.3525946,-0.3446948,-0.33576262,-0.35637724,-0.34867388,-0.27255055,-0.34956908,-0.325922,-0.31538883,-0.34692544,-0.2714188,-0.3472777,-0.34652692,-0.35169965,-0.34845448,-0.27202755,-0.34465095,-0.32128388,-0.3508701,-0.34838548,-0.27209902,-0.22798374,-0.3298428,-0.35135934,0.58020073,-0.35925305,-0.34420556,-0.33914423,-0.35047877,-0.3471085,-0.27235794,-0.22279596,-0.2555955,-0.3495347,-0.3481893,-0.27188993,-0.30212936
k__Bacteria|p__Firmicutes|c__Bacilli|o__Gemellales|f__Gemellaceae|g__unclassified|s__unclassified,-0.324094,-0.35321367,-0.35299784,-0.2767601,-0.35537535,-0.33009416,-0.3529042,-0.3529303,-0.27472174,-0.22633342,-0.32998484,-0.35502297,-0.34527826,-0.357929,-0.34919876,-0.31103975,-0.3477772,-0.3499484,-0.27373457,-0.22385208,-0.3367645,-0.35555428,-0.3538257,-0.27476048,-0.22679642,-0.3366719,-0.34899068,-0.35720253,-0.35797155,-0.26856568,-0.3207444,-0.35165918,-0.3521492,-0.27504516,-0.22767435,-0.33714294,-0.35398388,-0.35277516,-0.27432564,-0.345838,-0.33693385,-0.3555075,-0.35744244,-0.3421979,-0.27004087,-0.2958241,-0.34116507,-0.34683573,-0.27333385,-0.22677135,-0.27991652,-0.35460806,-0.27204362,-0.35674095,-0.34527075,-0.3385356,-0.35590327,-0.3570218,-0.34445426,-0.26925105,-0.33791727,-0.32914695,-0.35751456,-0.3593669,-0.34756356,-0.3094862,-0.34722948,-0.34944612,-0.27497926,-0.22807589,-0.33386636,-0.35471082,-0.35293263,-0.27515432,-0.22414446,-0.31092304,-0.34840155,-0.3556124,-0.34404397,-0.35182393,-0.32287842,-0.35368305,-0.35133985,-0.2746948,-0.22568211,1.6744976,-0.34550405,-0.35431665,-0.35418794,-0.26664564,-0.33281517,-0.35545188,-0.35696512,-0.3423161,-0.2700938,-0.32926822,-0.35391992,-0.35200357,-0.27444476,-0.22715323,-0.34126908,-0.304123,-0.3533297,-0.27580637,-0.3532017,-0.26381022,-0.35479462,-0.35609764,-0.35760283,-0.3461777,-0.32985902,-0.35637724,-0.35306442,-0.27532995,-0.35116947,-0.3139363,1.2083321,-0.34937775,-0.2731294,-0.34520698,-0.34652692,-0.35169965,-0.35368907,-0.27411976,-0.34136534,-0.32128388,-0.3532244,-0.35197732,-0.2751299,-0.22787537,-0.3181625,-0.35332167,-0.35489932,-0.35925305,-0.34547967,-0.33137125,-0.3520574,-0.35160446,-0.2750799,-0.21817221,-0.2555955,-0.35113204,-0.35040733,-0.27379864,1.3470447
k__Bacteria|p__Firmicutes|c__Bacilli|o__unclassified|f__unclassified|g__unclassified|s__unclassified,-0.32631713,-0.35056174,-0.34992874,-0.27459612,-0.35537535,-0.32831508,-0.35066533,-0.34983766,-0.27266818,-0.22414511,-0.3284695,-0.35226154,-0.34527826,-0.3549493,-0.3458676,-0.31312513,-0.34581453,-0.34713018,-0.27142483,-0.2219446,-0.33587748,-0.35217774,-0.35051212,-0.27256912,-0.22396836,-0.3366719,-0.3462863,-0.3536147,-0.35797155,-0.265361,-0.32012028,-0.34879148,-0.3495282,-0.27299947,-0.22532965,-0.335468,-0.35171807,-0.350184,-0.2723792,-0.345838,-0.33496022,-0.3522631,-0.35426235,-0.3421979,-0.26769555,-0.29751408,-0.33992112,-0.34422517,-0.27114955,-0.22386505,-0.27991652,-0.3515228,-0.27204362,-0.3539881,-0.34176272,-0.33702445,-0.35272616,-0.35370356,-0.34445426,-0.26648742,-0.32728416,-0.32914695,-0.35751456,-0.3593669,-0.34386158,-0.3071009,-0.3445617,-0.34691074,-0.27293593,-0.22597118,-0.33388507,-0.35210592,-0.35017675,-0.27306765,-0.22158115,-0.31467313,-0.34632444,-0.35244757,-0.34404397,-0.35182393,-0.3239749,-0.35005295,-0.34795988,-0.272272,-0.22387908,-0.2547989,-0.34332788,-0.35107362,-0.35418794,-0.2642288,-0.33558774,-0.353009,-0.35372746,-0.3423161,-0.2672668,-0.32674682,-0.3510232,-0.34896076,-0.2721545,-0.22499394,-0.32966387,-0.304123,-0.3504442,-0.2736671,-0.35002667,-0.26381022,-0.35189867,-0.35609764,-0.35448265,-0.3417155,-0.32152563,0.5557113,-0.35015133,-0.27306888,-0.347382,-0.30528963,-0.31538883,-0.34699607,-0.27121603,-0.34256035,-0.34652692,-0.35169965,-0.35055143,-0.27245224,-0.3377568,-0.32128388,-0.35080683,-0.34907052,-0.27285776,-0.22526771,-0.31699604,-0.3500756,0.58716756,-0.35925305,-0.34166124,-0.33080995,-0.34902483,-0.34905672,-0.27281666,-0.21721019,-0.2555955,-0.34776086,-0.34794217,-0.27161813,1.3790531
k__Bacteria|p__Firmicutes|c__Bacilli|o__Lactobacillales|f__Lactobacillaceae|g__Pediococcus|s__unclassified,-0.3386379,-0.35191393,-0.3488261,-0.27186936,-0.35537535,-0.3423053,-0.35128587,-0.34907869,-0.27222347,-0.22866814,-0.3414571,-0.35217234,-0.34527826,-0.3532019,-0.3475902,-0.33221337,-0.3508311,-0.34819776,-0.2720422,-0.2276278,-0.34398663,-0.3522067,-0.34888476,-0.27277768,-0.22915845,-0.3366719,-0.35048258,-0.35275477,-0.35797155,-0.2706774,-0.3392868,-0.3519297,-0.34921893,-0.2724334,-0.22938563,-0.34485257,-0.35166535,-0.34940416,-0.27265602,-0.345838,-0.34456262,-0.3529147,-0.35365862,-0.3421979,-0.2711223,-0.3234377,-0.34809786,-0.34757853,-0.27226073,-0.22927703,-0.27991652,-0.35287243,-0.27204362,-0.35284042,-0.34715936,-0.34655952,-0.35345793,-0.3533863,-0.34445426,-0.27056563,-0.34946263,-0.32914695,-0.35751456,-0.3593669,-0.35043132,-0.33250836,-0.35021767,-0.34891236,-0.2721042,-0.22907929,-0.34281763,-0.3529384,-0.3490532,-0.27226126,-0.22795363,-0.33102882,-0.35045803,-0.35345393,-0.34404397,-0.35182393,-0.33772123,-0.35212797,-0.34899092,-0.2726073,-0.22824314,-0.2547989,-0.3498665,-0.3530168,-0.35418794,-0.2700951,-0.3402868,-0.3525107,-0.35341465,-0.3423161,-0.27127865,-0.34063202,-0.35140237,-0.3495705,-0.27247095,-0.22876322,-0.35144,-0.304123,-0.3493182,-0.27254474,-0.3522153,-0.26381022,-0.35305226,-0.35609764,-0.3530757,-0.34791481,-0.3448755,-0.35637724,-0.34924212,-0.27247328,-0.35198438,-0.33774912,-0.31538883,-0.3483215,-0.27151453,-0.3497513,-0.34652692,-0.35169965,-0.34888965,-0.27166158,-0.34882417,-0.32128388,-0.3519793,-0.34890944,-0.27216616,-0.22903779,-0.33349788,-0.3527854,-0.35489932,-0.35925305,-0.34713414,-0.34363806,-0.35285127,-0.34796607,-0.27241036,-0.22442083,-0.2555955,-0.35241708,-0.3499421,-0.27215442,-0.30212936
k__Bacteria|p__Firmicutes|c__Bacilli|o__Bacillales|f__Staphylococcaceae|g__Staphylococcus|s__unclassified,-0.32904863,-0.35138512,-0.35063988,-0.27509168,-0.35537535,-0.3328221,-0.35115328,-0.35075772,-0.27368906,-0.22643608,-0.33368012,-0.3528165,-0.34527826,-0.3555012,-0.34734386,-0.31840536,-0.34749618,-0.34835094,-0.272614,-0.22450829,-0.33918664,-0.3533924,-0.35154745,-0.27363208,-0.22677563,-0.3366719,-0.34726366,-0.35474753,-0.35797155,-0.26805222,-0.32529816,-0.34994626,-0.3502197,-0.2738225,-0.22762711,-0.33839294,-0.3521763,-0.35046417,-0.27321702,-0.345838,-0.33821085,-0.35325694,-0.35525024,-0.3421979,-0.2696163,-0.30446273,-0.34185436,-0.3456831,-0.2724704,-0.2267257,-0.27991652,-0.35235465,-0.27204362,-0.35438398,-0.34411675,-0.34118965,-0.3539895,-0.3545446,-0.34445426,-0.26876158,-0.335933,-0.32914695,-0.35751456,-0.3593669,-0.3464659,-0.31575072,-0.34620607,-0.34791178,-0.27394217,-0.22807947,-0.33707264,-0.35308248,-0.3508632,-0.27386117,-0.22465515,-0.3192721,-0.34781083,-0.3536389,-0.34404397,-0.35182393,-0.32791996,-0.35165623,-0.34927148,-0.2736048,-0.22616713,-0.2547989,-0.34579867,-0.35288933,-0.35418794,-0.26682228,-0.33607936,-0.35346773,-0.35478425,-0.3423161,-0.26953304,-0.3311499,-0.35207868,-0.34961993,-0.27333835,-0.22723606,-0.3378831,-0.304123,-0.35102704,-0.27444828,-0.3514457,-0.26381022,-0.35314405,-0.35609764,-0.35527137,-0.34442174,-0.3295979,-0.35637724,-0.3509307,-0.27397585,-0.34966928,-0.31627837,-0.31538883,-0.3478582,-0.27230614,-0.3449216,0.82027733,-0.35169965,-0.35100204,-0.273171,-0.34131935,1.0843626,-0.35171455,-0.3499369,-0.2737557,-0.22774874,-0.32190254,-0.35161564,-0.35489932,-0.35925305,-0.34401184,-0.3356028,-0.35029805,-0.34943599,-0.27377376,-0.22015339,-0.2555955,-0.34969476,-0.34872672,-0.2727586,-0.30212936
k__Bacteria|p__Firmicutes|c__Bacilli|o__Lactobacillales|f__Lactobacillaceae|g__unclassified|s__unclassified,-0.34729052,-0.34896272,-0.34509146,-0.2690992,-0.35537535,-0.34756958,-0.34889388,-0.3451713,-0.26919365,-0.22692457,-0.34710032,-0.348974,-0.34527826,-0.34918088,-0.34495658,-0.34631842,-0.34885767,-0.3451262,-0.26914018,-0.22689536,-0.3478718,-0.34902698,-0.3450896,-0.2693278,-0.22704604,-0.3366719,-0.34878302,-0.34907937,-0.35797155,-0.26917633,-0.34779617,-0.3490398,-0.34519696,-0.26922202,-0.22713634,-0.3477764,-0.3488951,-0.34519863,-0.26932475,-0.345838,-0.34805435,-0.34909898,-0.34924936,-0.3421979,-0.26920152,-0.3452437,-0.3486508,-0.3450405,-0.2691999,-0.22709829,-0.27991652,-0.34914237,-0.27204362,-0.34911162,-0.3449437,-0.348207,-0.3492481,-0.34914714,-0.34445426,-0.2690015,-0.34920275,-0.32914695,-0.35751456,-0.3593669,-0.34884226,-0.34622747,-0.34891292,-0.34513307,-0.26922935,-0.22704528,-0.34769517,-0.34914476,-0.34518167,-0.26918817,-0.22685441,-0.34600058,-0.34886277,-0.3492817,-0.34404397,-0.35182393,-0.3472979,-0.3490374,-0.34510016,-0.26926953,-0.22696275,-0.2547989,-0.34875894,-0.34922332,-0.35418794,-0.26903588,-0.34735018,-0.34895945,-0.34912035,-0.3423161,-0.2692296,-0.34727252,-0.34884757,-0.3451335,-0.26925912,-0.22693677,-0.34910563,-0.304123,-0.34518498,-0.26925454,-0.34902626,-0.26381022,-0.3491582,-0.35609764,-0.34912524,-0.3451259,-0.34853923,-0.35637724,-0.3451848,-0.2692275,-0.3490256,-0.34742212,-0.31538883,-0.34513748,-0.26912913,-0.34878644,-0.34652692,-0.35169965,-0.34506407,-0.2690188,-0.34882018,-0.32128388,-0.34896177,-0.34510022,-0.26915067,-0.22699125,-0.3461258,-0.34901407,-0.35489932,-0.35925305,-0.3449698,-0.34816498,-0.34907222,-0.34493712,-0.26920706,-0.2265302,-0.2555955,-0.34905708,-0.34537753,-0.26921886,-0.30212936
k__Bacteria|p__Firmicutes|c__Bacilli|o__Lactobacillales|f__unclassified|g__unclassified|s__unclassified,-0.33193722,-0.35296726,-0.35131794,-0.27446952,-0.35537535,-0.3367272,-0.35224694,-0.35174686,-0.2743813,-0.2285327,-0.33751655,-0.35395247,-0.34527826,-0.35630894,-0.34887058,-0.3235092,-0.3506946,-0.35009545,-0.2736091,-0.22683242,-0.34025204,-0.3543142,-0.35184166,-0.27487937,-0.228856,-0.3366719,-0.34934896,-0.35531372,-0.35797155,-0.2701994,-0.33089972,-0.35239446,-0.35185134,-0.2746076,-0.22970746,-0.34122565,-0.35321924,-0.3518421,-0.27458283,-0.345838,-0.34102172,-0.3546432,-0.35667396,-0.3421979,-0.27138525,-0.31073514,-0.3458148,-0.347945,-0.2738386,-0.22894461,-0.27991652,-0.35410553,-0.27204362,-0.35533804,-0.34706786,-0.3441801,-0.35593545,-0.3557099,-0.34445426,-0.2702396,-0.34318173,-0.32914695,-0.35751456,-0.3593669,-0.34934357,-0.3225089,-0.34935457,-0.35038245,-0.2745367,-0.2298209,-0.34070203,-0.3551098,-0.35187012,-0.27437216,-0.22703214,-0.32363182,-0.35072905,-0.3558814,-0.34404397,-0.35182393,-0.33215606,-0.35322994,-0.35086164,-0.2746933,-0.22811581,-0.2547989,-0.34933835,-0.3554135,-0.35418794,-0.26921389,-0.33678472,-0.3546002,-0.35600066,-0.3423161,-0.27166507,-0.33555186,-0.35282755,-0.3512984,-0.2743804,-0.22884457,-0.34502906,-0.304123,-0.3521089,-0.27501568,-0.35347766,-0.26381022,-0.35503048,-0.35609764,-0.35604376,-0.34725136,-0.33694696,-0.35637724,-0.35210443,-0.2746514,-0.35235927,-0.32461,-0.31538883,-0.3498963,-0.273143,-0.34844851,-0.34652692,-0.35169965,-0.3514371,-0.27364177,-0.34541547,-0.32128388,-0.35332233,-0.35113674,-0.27409095,-0.22937098,-0.32707733,-0.3539351,-0.35489932,-0.35925305,-0.34661028,-0.3398726,-0.35314393,-0.35022986,-0.27448425,-0.22257838,-0.2555955,-0.35289156,-0.3518694,-0.27376568,1.3487552
k__Bacteria|p__Firmicutes|c__Clostridia|o__Clostridiales|f__Veillonellaceae|g__Megasphaera|s__micronuciformis,-0.3397737,-0.3525784,-0.34988543,-0.27408838,-0.35537535,-0.34183025,-0.35232532,-0.3499211,-0.2736612,-0.2291716,-0.34153104,-0.35305685,-0.34527826,-0.35432208,-0.34831175,-0.3330369,-0.35053995,-0.3487367,-0.27326676,-0.22808748,-0.34501737,-0.35308528,-0.3500232,-0.27376783,-0.22944745,-0.3366719,-0.35039794,-0.353814,-0.35797155,-0.27075082,-0.33789194,-0.35193616,-0.3497607,-0.27381238,-0.22985731,-0.34516567,-0.35270756,-0.3500991,-0.27364272,-0.345838,-0.34498048,-0.35350177,-0.35418272,-0.3421979,-0.2717502,-0.32279903,-0.34773165,-0.3476423,-0.27329326,-0.22944169,-0.27991652,-0.3530595,-0.27204362,-0.3538362,-0.34674275,-0.34682697,-0.3537141,-0.35403907,-0.34445426,-0.2712273,-0.3439203,1.0411692,-0.35751456,-0.3593669,-0.3499004,-0.3307857,-0.34978345,-0.34889212,-0.27361763,-0.22991472,-0.34361884,-0.35320902,-0.3498687,-0.2737711,-0.22811505,-0.33238286,-0.35050023,-0.3535568,-0.34404397,-0.35182393,-0.33858353,-0.35253602,-0.34945774,-0.27369,-0.2289209,-0.2547989,-0.3489368,-0.35294953,-0.35418794,-0.27036858,-0.3433079,-0.3534981,-0.3540729,-0.3423161,-0.271598,-0.33979678,-0.35248232,-0.34990183,-0.2736253,-0.22960259,-0.3456775,1.2344959,-0.35017955,-0.27403188,-0.35256875,-0.26381022,-0.35331002,-0.35609764,-0.35415363,-0.34696937,-0.3401115,-0.35637724,-0.35006732,-0.27385876,-0.35163057,-0.33206162,-0.31538883,-0.34868073,-0.27291512,-0.34916258,-0.34652692,-0.35169965,-0.35014898,-0.27345303,-0.34726778,-0.32128388,-0.35254785,-0.34973365,-0.27370268,-0.22966334,-0.33369315,-0.35290158,-0.35489932,-0.35925305,-0.3466828,-0.34339356,-0.35234308,-0.3492852,-0.2737821,-0.22521996,-0.2555955,-0.35175863,-0.3495022,-0.27323663,-0.30212936
k__Bacteria|p__Firmicutes|c__Bacilli|o__Lactobacillales|f__Lactobacillaceae|g__Lactobacillus|s__unclassified,-0.34181157,-0.350038,-0.3463628,-0.26992953,-0.35537535,-0.34210652,-0.35006592,-0.3463704,-0.27047315,-0.22675405,-0.3403365,-0.34984934,-0.34527826,-0.35053763,-0.3454135,-0.3375967,-0.34931135,-0.34598583,-0.27016348,-0.22617504,-0.3431802,-0.34968823,-0.3462698,-0.27029547,-0.22671407,-0.3366719,-0.3489036,-0.34996754,-0.35797155,-0.26792902,-0.34052128,-0.34976524,-0.34645432,-0.2704285,-0.22693983,-0.3442871,-0.35018843,-0.3465449,-0.2703507,-0.345838,-0.34445924,-0.3501735,-0.3507648,-0.3421979,-0.26890704,-0.33062303,-0.34837925,-0.34561902,-0.27019972,-0.22683461,-0.27991652,-0.34955972,-0.27204362,-0.3500424,-0.34436828,-0.34478235,-0.35065368,-0.35049304,-0.34445426,-0.2685477,-0.3422381,-0.32914695,-0.35751456,-0.3593669,-0.3473782,-0.3331708,-0.34852386,-0.34658414,-0.27004707,-0.22708958,-0.34338084,-0.35008746,-0.34601098,-0.27011216,-0.22583745,-0.33685118,-0.3491897,-0.35050705,-0.34404397,-0.35182393,-0.34111172,-0.34970915,-0.34656292,-0.27048248,-0.226387,-0.2547989,-0.3466877,-0.34990358,-0.35418794,-0.2681281,-0.34432477,-0.35060477,-0.3511334,-0.3423161,-0.26893333,-0.34098378,-0.34953442,-0.34662467,-0.27035135,-0.22686204,-0.3434761,-0.304123,-0.34650666,-0.27047294,-0.34945554,-0.26381022,-0.34957653,-0.35609764,-0.35039768,-0.34447846,-0.3407499,-0.35637724,-0.3466434,-0.2703439,-0.34888035,-0.33415708,-0.31538883,-0.345953,-0.26987624,-0.3483803,-0.34652692,0.68338215,-0.34627938,-0.27001742,-0.34681273,1.0860271,-0.35006008,-0.34668782,-0.26996556,-0.2266443,-0.33770204,-0.35009527,-0.35489932,-0.35925305,-0.34402543,-0.3429196,-0.3497852,-0.345326,-0.2701598,-0.22389607,-0.2555955,-0.34892184,-0.3467586,-0.27021497,-0.30212936
k__Bacteria|p__Firmicutes|c__Clostridia|o__Clostridiales|f__Clostridiaceae|g__Clostridium|s__perfringens,-0.33483607,-0.35238165,-0.35004643,-0.2733873,-0.35537535,-0.33674347,-0.35233274,-0.35001737,-0.272586,-0.22645122,-0.3358281,-0.35323173,-0.34527826,-0.35453892,-0.34770438,-0.3259395,-0.34969288,-0.34844393,-0.27201226,-0.2249654,-0.34038115,-0.35294878,-0.35018915,-0.27280065,-0.22643194,0.9955423,-0.35042602,-0.3537718,-0.35797155,-0.2685387,-0.33168674,-0.35182926,-0.35012472,-0.27289152,-0.22731104,-0.34190184,-0.35294032,-0.35063934,-0.27283525,-0.345838,-0.34134316,-0.35336316,-0.35449654,-0.3421979,-0.2697652,-0.3142734,-0.34596026,-0.34714925,-0.27182502,-0.22644399,-0.27991652,-0.3533525,1.52053,-0.3542454,-0.34566748,-0.3424164,-0.35366794,-0.35422868,-0.34445426,-0.26887953,-0.3394512,-0.32914695,-0.35751456,-0.3593669,-0.34819165,-0.32010365,-0.34914213,-0.3489151,-0.27259663,-0.22752593,-0.33982375,-0.35337,-0.3503735,-0.27290183,-0.22476852,-0.32530814,-0.34962997,-0.35368663,-0.34404397,-0.35182393,-0.3329455,-0.35202116,-0.3491229,-0.27249944,-0.2262134,-0.2547989,-0.34815657,-0.35274315,-0.35418794,-0.26751924,-0.34090522,-0.353671,-0.35414082,-0.3423161,-0.26961905,-0.33606145,-0.35223117,-0.35018474,-0.27241898,-0.22690828,-0.34175038,-0.304123,-0.35048693,-0.27320775,-0.3520439,-0.26381022,-0.35332197,-0.35609764,-0.35424715,-0.34588787,-0.3349898,-0.35637724,-0.35025173,-0.27290186,-0.35048944,-0.3232212,1.3279026,-0.3487903,-0.27171037,-0.34759027,-0.34652692,-0.35169965,-0.35042036,-0.27234527,-0.3444537,-0.32128388,-0.35250968,-0.3496738,-0.27277148,-0.22715756,-0.32847112,-0.3522731,-0.35489932,-0.35925305,-0.3454162,-0.33790702,-0.3522265,-0.3494336,-0.27280074,-0.22120081,-0.2555955,-0.35130298,-0.3499164,-0.2722298,-0.30212936
k__Bacteria|p__Firmicutes|c__Clostridia|o__Clostridiales|f__Lachnospiraceae|g__Blautia|s__obeum,-0.3425335,-0.35142288,-0.34882468,-0.27345267,-0.35537535,-0.3451319,-0.35134166,-0.34860623,-0.27176762,-0.22773686,-0.34544817,-0.3524671,-0.34527826,-0.35329148,-0.34778535,-0.33899626,-0.34885326,-0.3475389,-0.27174044,-0.22686729,-0.34746456,-0.3524661,-0.34875554,-0.2720175,-0.22775486,-0.3366719,-0.3501819,-0.35311282,-0.35797155,-0.27053326,-0.34162328,-0.35090613,-0.34824163,-0.27217066,-0.22821106,-0.3474788,-0.35154057,-0.3488375,-0.27192977,-0.345838,-0.34724435,-0.3523344,-0.3523445,-0.3421979,-0.2706856,-0.3349576,-0.34655258,-0.34616873,-0.27146444,-0.22760214,-0.27991652,-0.35243896,-0.27204362,-0.35317647,-0.34637833,-0.3468635,-0.35170746,-0.35269064,-0.34445426,-0.2704735,-0.34742153,-0.32914695,-0.35751456,-0.3593669,-0.35036016,-0.33995515,-0.34957817,-0.34677464,-0.27226326,-0.22825988,-0.34601855,-0.35164115,-0.34881663,-0.2724628,-0.22702482,-0.33879858,-0.34934247,-0.3518473,-0.34404397,-0.35182393,-0.34208006,-0.35156867,-0.34772035,-0.27167505,-0.22756757,-0.2547989,-0.34885707,-0.35123223,-0.35418794,-0.26949513,-0.34580016,-0.3519691,-0.35176146,-0.3423161,-0.27061358,-0.34516966,-0.35182378,-0.34824824,-0.2718207,-0.22797555,-0.34884945,-0.304123,-0.34893548,-0.27246922,-0.35181668,-0.26381022,-0.3520043,-0.35609764,-0.35304752,-0.34656155,-0.34505454,-0.35637724,-0.34852892,-0.2723729,-0.35085982,-0.34146115,-0.31538883,-0.3474033,-0.27157226,-0.3483247,-0.34652692,-0.35169965,-0.3495072,-0.27212128,-0.34741887,-0.32128388,-0.3510369,-0.34802774,-0.27252334,-0.2282981,-0.34195042,-0.3510644,-0.35489932,-0.35925305,-0.34679556,-0.34457958,-0.35084882,-0.34942663,-0.2723731,-0.2256186,-0.2555955,-0.350734,-0.34723866,-0.27148926,-0.30212936
k__Bacteria|p__Firmicutes|c__Bacilli|o__Lactobacillales|f__Lactobacillaceae|g__Lactobacillus|s__zeae,-0.3511177,-0.35215828,-0.3482271,-0.2726849,-0.35537535,-0.35102913,-0.35202587,-0.3480274,-0.2721939,-0.22988117,-0.35100612,-0.352251,-0.34527826,-0.3523836,-0.34813157,-0.3481098,-0.3510401,-0.34760696,-0.27231345,-0.22971112,-0.35336655,-0.35187134,-0.34786713,-0.27224824,-0.23011298,0.9836223,-0.35122716,-0.35222235,-0.35797155,-0.272,-0.34974968,-0.35158122,-0.34783947,-0.27235416,-0.2299929,-0.35151306,-0.35183683,-0.34837115,-0.27224013,-0.345838,-0.35143182,-0.35244352,-0.35172147,-0.3421979,-0.27237654,-0.34359905,-0.35045004,-0.3474304,-0.27242723,-0.22995885,-0.27991652,-0.35223725,-0.27204362,-0.3523832,-0.34770042,-0.35284647,-0.35170138,-0.35230285,-0.34445426,-0.27242222,-0.34887356,-0.32914695,-0.35751456,-0.3593669,-0.3522414,-0.35009503,-0.35081697,-0.34759971,-0.2721674,-0.22980395,-0.35045296,-0.35175243,-0.34789115,-0.2724875,-0.22981404,-0.34823266,-0.35097688,-0.3515904,-0.34404397,-0.35182393,-0.3490506,-0.35189536,-0.34805852,-0.27212268,-0.22984219,1.6757418,-0.3503684,-0.35121226,-0.35418794,-0.27240655,-0.35111463,-0.3521833,-0.35186517,-0.3423161,-0.27191913,-0.34824094,-0.3519902,-0.34844577,-0.27236092,-0.23015499,-0.34967595,-0.304123,-0.34826475,-0.27233154,-0.35243917,-0.26381022,-0.35204718,-0.35609764,-0.35228708,-0.34765834,-0.34807417,-0.35637724,-0.3480236,-0.2724082,-0.3520995,-0.3476601,-0.31538883,-0.3476578,-0.27209014,-0.3513583,-0.34652692,-0.35169965,-0.34855992,-0.27266085,-0.35157043,-0.32128388,-0.35167277,-0.34818068,-0.27253813,-0.22978994,-0.346124,-0.35231864,-0.35489932,-0.35925305,-0.3480215,-0.35179836,-0.35202488,-0.34865353,-0.2724555,-0.22935958,-0.2555955,-0.3514756,-0.34763065,-0.27199417,-0.30212936
k__Bacteria|p__Firmicutes|c__Bacilli|o__Lactobacillales|f__Leuconostocaceae|g__Leuconostoc|s__unclassified,-0.3415169,-0.34928897,-0.3460393,-0.2709451,-0.35537535,-0.34207565,-0.34916177,-0.34611905,-0.27097034,-0.22773206,-0.34149396,-0.3494395,-0.34527826,-0.35030147,-0.3448751,-0.33640277,-0.34830824,-0.34542608,-0.27061522,-0.22706075,-0.3445623,-0.34935695,-0.34608197,-0.27104402,-0.22785437,-0.3366719,-0.34779876,-0.34977126,-0.35797155,-0.26875365,-0.33993018,-0.3488509,-0.34615254,-0.27103597,-0.22816198,-0.34416035,-0.34939152,-0.34632957,-0.27099943,-0.345838,-0.3440631,-0.3497763,-0.3503254,-0.3421979,-0.26966566,-0.32903576,-0.3465824,-0.34484428,-0.27074564,-0.22787334,-0.27991652,-0.34943748,-0.27204362,-0.34994644,-0.34392774,-0.34562457,-0.35007477,-0.35012287,-0.34445426,-0.26919958,-0.34193867,-0.32914695,-0.35751456,-0.3593669,-0.34728605,-0.3341137,-0.34740692,-0.34576994,-0.2708534,-0.22816874,-0.34335524,-0.34977642,-0.34607488,-0.27092594,-0.22698748,-0.33629203,-0.34810752,-0.34992,-0.34404397,-0.35182393,-0.34015414,-0.3490473,-0.34586266,-0.2709756,-0.22758222,-0.2547989,-0.34694207,-0.34948993,-0.35418794,-0.26878282,-0.34355736,-0.34993756,-0.35030192,-0.3423161,-0.26947236,-0.34008184,-0.34902775,-0.34619188,-0.27092934,-0.22798087,-0.34302348,-0.304123,-0.3463122,-0.2711461,-0.3491177,-0.26381022,-0.34968233,-0.35609764,-0.35016245,-0.34403282,-0.3397873,-0.35637724,-0.34628314,-0.27101356,-0.34850562,-0.33412194,-0.31538883,-0.3454703,-0.2704275,-0.34721413,-0.34652692,-0.35169965,-0.34610182,-0.27076027,-0.34593815,-0.32128388,-0.34936652,-0.34610075,-0.27081764,-0.22791971,-0.3357223,-0.3494503,0.66270286,-0.35925305,-0.3438445,-0.34356534,-0.34922355,-0.34549335,-0.2709217,-0.22504947,-0.2555955,-0.34861416,-0.34622115,-0.27068058,-0.30212936
k__Bacteria|p__Firmicutes|c__Clostridia|o__Clostridiales|f__Veillonellaceae|g__Selenomonas|s__unclassified,-0.33740348,-0.35221794,-0.3501529,-0.2744372,-0.35537535,-0.3388239,-0.352256,-0.35006738,-0.27293402,-0.22675055,-0.33868408,-0.35338986,-0.34527826,-0.35494408,-0.34778553,-0.32993472,-0.34929454,-0.3485365,-0.2723387,-0.22534606,-0.34348518,-0.35316437,-0.35015857,-0.27320218,-0.22653931,-0.3366719,-0.34966448,-0.35402256,-0.35797155,-0.26868975,-0.33397728,-0.3513709,-0.35009623,-0.27335197,-0.22770602,-0.34329623,-0.35281813,-0.35067007,-0.27320808,-0.345838,-0.34315297,-0.3532572,-0.3542104,-0.3421979,-0.27021664,-0.3188871,-0.3457735,-0.346728,-0.27219924,-0.22643888,-0.27991652,-0.35326105,-0.27204362,-0.35465452,-0.34533983,-0.34413892,-0.35329908,-0.354006,-0.34445426,-0.26918253,-0.3369508,-0.32914695,0.45545968,-0.3593669,-0.34829068,-0.3244303,-0.34890455,-0.34824747,-0.27338445,-0.22790188,-0.34272063,-0.35329157,-0.35059893,-0.27351832,-0.22514215,-0.32995278,-0.3496032,-0.35332847,-0.34404397,-0.35182393,-0.33597463,-0.3517362,-0.34865174,-0.27267903,-0.22670346,-0.2547989,-0.34834728,-0.35247064,-0.35418794,-0.26795328,-0.34362572,-0.35358626,-0.35341862,-0.3423161,-0.26980865,-0.33720055,-0.35235974,-0.349631,-0.27274817,-0.22724855,-0.3393086,-0.304123,-0.3506373,-0.27375746,-0.3520463,-0.26381022,-0.35333335,-0.35609764,-0.35451466,-0.3451538,-0.33390105,-0.35637724,-0.350258,-0.27341288,-0.3501935,-0.32364774,-0.31538883,-0.34871125,-0.27230027,-0.3471238,-0.34652692,-0.35169965,-0.3507202,-0.27314582,-0.34395695,-0.32128388,-0.35226154,-0.3494625,-0.2733711,-0.22748914,-0.33131108,-0.35167933,-0.35489932,-0.35925305,-0.34528852,-0.3402118,-0.35142094,-0.35045308,-0.27333495,-0.22253811,-0.2555955,-0.3508858,-0.34931433,-0.2723444,-0.30212936
k__Bacteria|p__Firmicutes|c__Clostridia|o__Clostridiales|f__Veillonellaceae|g__Dialister|s__invisus,-0.33112627,-0.35418224,-0.35311896,-0.27746466,-0.35537535,-0.33305347,-0.3542778,-0.35288858,-0.27524158,-0.22700551,-0.33321953,-0.35578978,-0.34527826,-0.3580007,-0.349639,-0.31849235,-0.34924263,-0.3502354,-0.2742923,-0.22482862,-0.34051538,-0.35557956,-0.3534763,-0.27524418,-0.22692525,-0.3366719,-0.35039806,-0.35695112,-0.35797155,-0.2689259,-0.32480705,-0.3525197,-0.35255855,-0.2756678,-0.2280997,-0.3402353,-0.355134,-0.3534454,-0.27513713,-0.345838,-0.33979148,-0.35573983,-0.35711306,-0.3421979,-0.2709235,-0.30225122,-0.3436082,-0.34767175,-0.27393764,-0.22670788,-0.27991652,-0.35523432,-0.27204362,-0.3573835,-0.34586903,-0.34117937,-0.3556518,-0.3570124,-0.34445426,-0.2698911,-0.33241022,-0.32914695,-0.35751456,-0.3593669,-0.34825504,-0.312333,-0.34825516,-0.35002768,-0.27553087,-0.22861642,-0.3379591,-0.35526198,-0.35333925,-0.27591902,-0.22466946,-0.3187852,-0.34957588,-0.35546565,-0.34404397,-0.35182393,-0.3280787,-0.35364527,-0.3511604,-0.27484876,-0.22673056,-0.2547989,-0.3470828,-0.35410374,-0.35418794,-0.26766902,-0.3402115,-0.35623676,-0.35658807,-0.3423161,-0.27042955,-0.3315217,-0.35455132,-0.3524366,-0.2748676,-0.22789058,-0.33577442,-0.304123,-0.35354865,-0.2762773,-0.35385662,-0.26381022,-0.3552366,-0.35609764,-0.35756528,-0.3457569,-0.32695383,-0.35637724,-0.35312033,-0.27580976,-0.3512081,-0.31199116,-0.31538883,-0.35029602,-0.27400336,-0.3464991,-0.34652692,-0.35169965,-0.35396948,-0.2754218,-0.34202212,-0.32128388,-0.35411,-0.35220814,-0.27580172,-0.2281951,-0.3222608,-0.35353482,-0.35489932,-0.35925305,-0.3458264,-0.33472198,-0.3529631,-0.35281748,-0.27563724,-0.22022164,-0.2555955,-0.35147786,-0.35099632,-0.27433565,-0.30212936
k__Bacteria|p__Firmicutes|c__Clostridia|o__Clostridiales|f__Ruminococcaceae|g__Ruminococcus|s__bromii,-0.3421072,-0.3514238,-0.34838638,-0.27249908,-0.35537535,-0.34312195,-0.3514129,-0.3483488,-0.2722941,-0.22821611,-0.34210467,-0.35166872,-0.34527826,-0.3526928,-0.34717906,-0.33680028,-0.34982228,-0.34750596,-0.2719117,-0.2274982,-0.3456111,-0.35165852,-0.3484581,-0.2721448,-0.22832707,-0.3366719,-0.34974107,-0.35222954,-0.35797155,-0.26978084,-0.34025037,-0.35081443,-0.34814858,-0.27231732,-0.22859564,-0.34564197,-0.3516212,-0.34839505,-0.27207696,-0.345838,-0.34553808,-0.35200226,-0.35254622,-0.3421979,-0.27066922,-0.32914314,-0.34789184,-0.34664154,-0.27189368,-0.22836111,-0.27991652,-0.35141158,-0.27204362,-0.3521353,-0.34579036,-0.34666753,-0.3521734,-0.35238737,-0.34445426,-0.27033904,-0.3434409,-0.32914695,-0.35751456,-0.3593669,-0.34911415,-0.33444238,-0.3491963,-0.34760988,-0.2721135,-0.22873636,-0.34429795,-0.35163978,-0.34809163,-0.27219966,-0.22735046,-0.33667207,-0.34980687,-0.35198438,-0.34404397,-0.35182393,-0.34086454,-0.3512995,-0.34811082,-0.27224255,-0.22798347,-0.2547989,-0.34783608,-0.35137892,-0.35418794,-0.26966253,-0.3450694,-0.3521747,-0.35269248,-0.3423161,-0.27053624,-0.3415337,-0.3513462,-0.3482288,-0.27216548,-0.22854084,-0.34449083,-0.304123,-0.34850997,-0.2724865,-0.35123527,-0.26381022,-0.35148823,-0.35609764,-0.35254374,-0.345989,-0.34105536,-0.35637724,-0.34850484,-0.27233288,-0.35051185,-0.3345449,-0.31538883,-0.34735143,-0.27165812,-0.34903368,-0.34652692,-0.35169965,-0.34849963,-0.2720125,-0.3476665,-0.32128388,-0.35139504,-0.34835106,-0.27212554,-0.22843239,-0.33720037,-0.3514617,-0.35489932,-0.35925305,-0.34571713,-0.34407663,-0.35085022,-0.3476073,-0.27218962,-0.22531259,-0.2555955,-0.3502112,-0.3478207,-0.27189377,-0.30212936
k__Bacteria|p__Firmicutes|c__Clostridia|o__Clostridiales|f__Veillonellaceae|g__Megamonas|s__unclassified,-0.3362879,-0.3546994,-0.35305953,-0.27701443,-0.35537535,-0.338319,-0.35449395,-0.3530901,-0.27588284,-0.22914085,-0.3388071,-0.35582787,-0.34527826,-0.35791928,-0.35013968,-0.32554477,-0.35138476,-0.35106242,-0.2750218,-0.22740562,-0.34460178,-0.3557502,-0.3534251,-0.2759917,-0.2292382,-0.3366719,-0.35101175,-0.35686892,-0.35797155,-0.27068084,-0.331793,-0.35333732,-0.35293862,-0.2761555,-0.23009516,-0.3434582,-0.35528025,-0.35342455,-0.2757834,-0.345838,-0.34297386,-0.35611057,-0.35748577,-0.3421979,-0.27247632,-0.31149244,-0.3466185,-0.3489511,-0.2750544,-0.22911328,-0.27991652,-0.35547006,-0.27204362,-0.35716236,-0.34739554,-0.34587348,-0.35647988,-0.35710764,-0.34445426,-0.2715609,-0.33749878,-0.32914695,-0.35751456,-0.3593669,-0.35014197,-0.32266018,-0.34987688,-0.3511276,-0.2760461,-0.23037657,-0.34214383,-0.35601735,-0.35329047,-0.27617216,-0.22739986,-0.32672983,-0.3514734,-0.35622522,-0.34404397,-0.35182393,-0.33388656,-0.35431203,-0.35187304,-0.2757293,-0.22887312,-0.2547989,-0.34948164,-0.35530803,-0.35418794,-0.2701032,-0.34229493,-0.35648057,-0.3570946,-0.3423161,-0.27210456,-0.3357283,-0.3548193,-0.35268474,-0.275667,-0.22978187,-0.33983362,-0.304123,-0.35358953,-0.27658796,-0.35461822,-0.26381022,-0.3559702,-0.35609764,-0.35759953,-0.34731877,-0.33257386,-0.35637724,-0.35336623,-0.27621,-0.35278735,-0.3206839,-0.31538883,-0.35098132,-0.27471492,-0.34895295,-0.34652692,-0.35169965,-0.3535019,-0.2757918,-0.34561732,-0.32128388,-0.35482076,-0.35260338,-0.27599898,-0.22993083,-0.3272635,-0.35476506,-0.35489932,-0.35925305,-0.34731418,-0.34096852,-0.35397223,-0.3524593,-0.2760542,-0.22358884,-0.2555955,-0.35294726,-0.35205382,-0.2750724,-0.30212936
k__Bacteria|p__Firmicutes|c__Clostridia|o__Clostridiales|f__Veillonellaceae|g__Megasphaera|s__geminatus,-0.33863106,-0.3513946,-0.34917518,-0.27423906,-0.35537535,-0.33996987,-0.35146973,-0.34919983,-0.27341688,-0.22855738,-0.33968413,-0.35223156,-0.34527826,-0.3537094,-0.34726864,-0.33241594,-0.3491327,-0.34793162,-0.2727731,-0.22746205,-0.34316498,-0.3522666,-0.34946042,-0.2734008,-0.22841957,-0.3366719,-0.3493082,-0.3529929,-0.35797155,-0.26991737,-0.3358357,-0.3506667,-0.34907937,-0.2735662,-0.22917101,-0.34367752,-0.35200518,-0.34932607,-0.2733264,-0.345838,-0.34340727,-0.35225952,-0.3534577,-0.3421979,-0.27096042,-0.32488403,-0.34602803,-0.34636816,-0.27262765,-0.22842404,-0.27991652,-0.35190493,-0.27204362,-0.3531238,-0.34532353,-0.3440011,-0.35266003,-0.35300183,-0.34445426,-0.27025014,-0.34046316,-0.32914695,-0.35751456,-0.3593669,-0.3481906,-0.32902336,-0.34858406,-0.34775788,-0.27355877,-0.22949801,-0.34281343,-0.3522596,-0.34933692,-0.2735499,-0.22726761,-0.33306286,-0.34932095,-0.35259318,-0.34404397,-0.35182393,-0.33781108,-0.35123414,-0.34824693,-0.27326736,-0.22840141,-0.2547989,-0.3477829,-0.35192835,-0.35418794,-0.26916766,-0.3435514,-0.3526126,-0.3530892,-0.3423161,-0.27087525,-0.33982027,-0.3515947,-0.34861362,-0.27314976,-0.22890277,-0.34153402,-0.304123,-0.3494798,-0.27392393,-0.35125262,-0.26381022,-0.35205913,-0.35609764,-0.35344023,-0.34534138,-0.33758992,-0.35637724,-0.3493874,-0.27361098,-0.3500039,-0.32892025,-0.31538883,-0.3478504,-0.2726875,-0.3476998,-0.34652692,-0.35169965,-0.34944427,-0.2731599,-0.3453328,-0.32128388,-0.3515942,-0.34877095,-0.2733944,-0.22913334,-0.33512205,-0.35106203,-0.35489932,-0.35925305,-0.3451758,-0.34088856,-0.3505754,-0.34862268,-0.27344197,-0.22496212,-0.2555955,-0.35009867,-0.34837914,-0.27290493,-0.30212936
k__Bacteria|p__Firmicutes|c__Bacilli|o__Lactobacillales|f__Carnobacteriaceae|g__Granulicatella|s__unclassified,-0.33056998,-0.34369823,-0.34172487,-0.26694232,-0.35537535,-0.33469874,-0.34327817,-0.34184587,-0.26619864,-0.22272165,-0.33448678,-0.34467995,-0.34527826,-0.34628564,-0.3401404,-0.32549673,-0.34151483,-0.34057558,-0.26583076,-0.22176123,-0.33769283,-0.34503204,-0.34199107,-0.26660806,-0.22317052,-0.3366719,-0.3417651,-0.3458832,-0.35797155,-0.26431662,-0.33145785,-0.3432591,-0.34157214,-0.26642114,-0.22364143,-0.33657837,-0.34375724,-0.3417998,-0.26637575,-0.345838,-0.3373881,-0.34512553,-0.34610227,-0.3421979,-0.2648251,-0.31973428,-0.33853108,-0.339111,-0.26583043,-0.2232737,-0.27991652,-0.34499687,1.5196126,-0.3457092,-0.33884388,-0.33867666,-0.34552002,-0.34576857,-0.34445426,-0.26419565,-0.34067035,1.043685,-0.35751456,-0.3593669,-0.34229702,-0.32717985,-0.3417862,-0.34022713,-0.2665202,-0.22341388,-0.3361783,-0.34501696,-0.3419593,-0.26648444,-0.22216126,-0.3252322,-0.34186587,-0.34544826,-0.34404397,-0.35182393,-0.33069965,-0.34426916,-0.34100282,-0.26639554,-0.22249344,-0.2547989,-0.34153715,-0.3450638,-0.35418794,-0.26346678,-0.333218,-0.34464595,-0.34544802,-0.3423161,-0.26485315,-0.33308804,-0.344005,-0.34132838,-0.26629388,-0.22297801,-0.34225628,1.2353396,-0.3420624,-0.26680633,-0.3442022,-0.26381022,-0.34519896,0.4387596,-0.34602678,-0.33977193,-0.33688575,0.5639476,-0.34187767,-0.26661167,-0.34371433,-0.330512,1.2125492,-0.34030762,-0.2655882,-0.34093708,0.82907724,-0.35169965,-0.34192693,-0.2657446,-0.33996558,-0.32128388,-0.34378827,-0.34120828,-0.2664494,-0.22348818,-0.32770538,-0.34418637,1.0724581,-0.35925305,-0.33911103,-0.33605635,-0.3436936,-0.34129328,-0.26650807,-0.21931238,-0.2555955,-0.34373975,-0.34120244,-0.26585376,2.1399858
k__Bacteria|p__Firmicutes|c__Clostridia|o__Clostridiales|f__Veillonellaceae|g__Veillonella|s__unclassified,-0.33444273,-0.3481735,-0.34560615,-0.26980817,-0.35537535,-0.33684385,-0.3478464,-0.34564465,-0.2693244,-0.22493404,-0.3364197,-0.34891307,-0.34527826,-0.35008794,-0.34384072,-0.3272003,-0.34603286,-0.34436673,-0.2689594,-0.2237897,-0.33992302,-0.3486324,-0.34565443,-0.2696588,-0.22515817,-0.3366719,-0.3462596,-0.34940678,-0.35797155,-0.26652277,-0.33306825,-0.3476177,-0.3456838,-0.26960588,-0.22570911,-0.34004894,-0.3483155,-0.3461213,-0.2695937,-0.345838,-0.3400728,-0.34921354,-0.35000432,-0.3421979,-0.26748604,-0.31842935,-0.34310538,-0.3432924,-0.26897678,-0.22518957,-0.27991652,-0.349133,-0.27204362,-0.3497519,-0.3423847,-0.34165257,-0.34948128,-0.3498541,-0.34445426,-0.2667898,-0.34017083,-0.32914695,-0.35751456,-0.3593669,-0.34552765,-0.32643065,-0.34562236,-0.34475857,-0.26935512,-0.22566144,-0.33878213,-0.3491555,-0.34580696,-0.26958805,-0.22384591,-0.32715005,-0.34612554,-0.34944382,-0.34404397,-0.35182393,-0.3333786,-0.34807596,-0.34506005,-0.26939252,-0.22465509,1.6844078,-0.34500822,-0.3487516,-0.35418794,-0.26599914,-0.33785546,-0.34917873,-0.34970498,-0.3423161,-0.26733708,-0.335091,-0.3479985,-0.34588253,-0.2693615,-0.22525273,-0.34195453,-0.304123,-0.34604096,-0.26983842,-0.34821513,1.5893793,-0.3492174,-0.35609764,-0.34983602,-0.34280378,-0.33620942,0.5687286,-0.34582788,-0.26963547,-0.34725672,-0.32802022,-0.31538883,-0.34453303,-0.26858145,-0.34478325,0.8354817,-0.35169965,-0.34588712,-0.2690936,-0.34287423,-0.32128388,-0.3481874,-0.34537888,-0.26948148,-0.22539246,-0.3287328,-0.3486334,-0.35489932,-0.35925305,-0.34238505,-0.3385377,-0.34832293,-0.34514606,-0.26957947,-0.2209287,2.3683562,-0.3476987,-0.34572136,-0.26900995,1.3557093
k__Bacteria|p__Firmicutes|c__Bacilli|o__Lactobacillales|f__Enterococcaceae|g__Enterococcus|s__unclassified,-0.34426236,-0.345337,-0.34172428,-0.26769495,-0.35537535,-0.34350243,-0.3454972,-0.34166783,-0.26729244,-0.22519325,-0.34363776,-0.34547406,-0.34527826,-0.34577584,-0.3412439,-0.34247863,-0.3448429,-0.34141523,-0.26711726,-0.22501448,-0.345312,-0.34548324,-0.3417394,-0.2672118,-0.22510205,-0.3366719,-0.3447585,-0.3456005,-0.35797155,-0.26642504,-0.34263623,-0.34503245,-0.3415964,-0.26732552,-0.22525784,-0.34424123,-0.34552026,-0.34171823,-0.26720428,-0.345838,-0.34401172,-0.34539658,-0.34545714,-0.3421979,-0.2667616,-0.34022585,-0.34419864,-0.3410607,-0.26712358,-0.22499259,-0.27991652,-0.34523833,-0.27204362,-0.34568936,-0.34072208,-0.34457684,-0.34524286,-0.34547853,-0.34445426,-0.26666564,-0.34081227,-0.32914695,-0.35751456,-0.3593669,-0.34455758,-0.3408453,-0.34444916,-0.3412176,-0.2673949,-0.22537321,-0.34415546,-0.3453077,-0.34172767,-0.2673774,-0.22490664,-0.34323806,-0.3447497,-0.3451945,-0.34404397,-0.35182393,-0.3430004,-0.3450895,-0.34134778,-0.26714513,-0.22528562,-0.2547989,-0.3445056,-0.3450312,-0.35418794,-0.26636392,-0.3453908,-0.34555867,-0.34537208,-0.3423161,-0.26659572,-0.34292275,-0.3454139,-0.34141254,-0.26720786,-0.22534737,-0.34093022,-0.304123,-0.34174794,-0.26739416,-0.34523654,-0.26381022,-0.3453051,0.43809485,-0.34570682,-0.3404801,-0.340697,0.5596991,-0.3416854,-0.26733953,-0.3447532,-0.3395397,-0.31538883,-0.3413819,-0.26721436,-0.3442827,-0.34652692,-0.35169965,-0.34184527,-0.26746488,-0.3437783,-0.32128388,-0.3453018,-0.34159023,-0.26735812,-0.22528787,-0.34172845,-0.34494925,0.74891484,-0.35925305,-0.34074932,-0.3440671,-0.34488326,-0.341842,-0.26730406,-0.2247419,-0.2555955,-0.34461993,-0.3411636,-0.26711556,1.4423581
k__Bacteria|p__Firmicutes|c__Clostridia|o__Coriobacteriales|f__Coriobacteriaceae|g__Slackia|s__unclassified,-0.34171203,-0.3455276,-0.34134609,-0.26586902,-0.35537535,-0.3416416,-0.34529468,-0.34157956,-0.2670792,-0.22526477,-0.34097502,-0.3450066,-0.34527826,-0.34534773,-0.3409611,-0.33913344,-0.34621042,-0.34160614,-0.26688147,-0.22498703,-0.34211975,-0.3449287,-0.34130645,-0.26714966,-0.225369,-0.3366719,-0.34479153,-0.34491938,0.4630008,-0.26584905,-0.34125796,-0.3456204,-0.3419475,-0.2669731,-0.22536913,-0.3424673,-0.34541178,-0.34176275,-0.26717398,-0.345838,-0.34237367,-0.3455017,-0.34600937,-0.3421979,-0.26649162,-0.3334528,-0.34569904,-0.34181926,-0.26721185,-0.22546457,-0.27991652,-0.3451297,-0.27204362,-0.34507668,-0.34109682,-0.34407943,-0.34620893,-0.34562764,-0.34445426,-0.26616862,-0.3415664,-0.32914695,-0.35751456,-0.3593669,-0.3443058,-0.33625287,-0.3448752,-0.34256017,-0.26665273,-0.22529751,-0.34237057,-0.34592366,-0.34138742,-0.26663586,-0.2249257,-0.3386017,-0.3456064,-0.3460763,-0.34404397,-0.35182393,-0.34079915,-0.34523162,-0.3420238,-0.267263,-0.22505078,-0.2547989,-0.344746,-0.34601018,-0.35418794,-0.2663475,-0.34183574,-0.3457751,-0.346285,-0.3423161,-0.26653975,-0.3400083,-0.3448293,-0.34208626,-0.2671193,-0.22523755,-0.34238833,-0.304123,-0.34163404,-0.26686728,-0.34530222,-0.26381022,-0.34557942,-0.35609764,-0.34534723,-0.34102815,-0.34051314,-0.35637724,-0.34183967,-0.26684195,-0.3452903,-0.33681428,-0.31538883,-0.34175026,-0.26665813,-0.34537935,0.82204354,0.6640484,-0.34103692,-0.26667327,-0.34456247,1.0990397,-0.34573647,-0.34195334,-0.266474,-0.22506563,-0.3373289,-0.34606656,0.6298947,-0.35925305,-0.340637,-0.3432096,-0.34614733,-0.3405199,-0.26674888,-0.22338721,-0.2555955,-0.34556055,-0.34286073,-0.2670147,-0.30212936
k__Bacteria|p__Firmicutes|c__Erysipelotrichi|o__Erysipelotrichales|f__Erysipelotrichaceae|g__[Eubacterium]|s__dolichum,-0.33112022,-0.35072434,-0.34906098,-0.27354133,-0.35537535,-0.33524504,-0.35038614,-0.3490939,-0.2727186,-0.22717199,-0.3345773,-0.35163274,-0.34527826,-0.35363433,-0.34647566,-0.32181028,-0.3476293,-0.34728754,-0.27207974,-0.22556125,-0.33980548,-0.35199225,-0.34949195,-0.27281818,-0.22758624,1.0821788,-0.34774226,-0.35305542,-0.35797155,-0.2685074,-0.32949474,-0.34984386,-0.3486977,-0.2729097,-0.22814387,-0.33975366,-0.3510391,-0.34905165,-0.27252978,-0.345838,-0.3395176,-0.35225436,-0.353487,-0.3421979,-0.26970768,-0.30912277,-0.34337437,-0.34543484,-0.27200887,-0.22762705,-0.27991652,-0.35159105,-0.27204362,-0.35277462,-0.3440979,-0.34180745,-0.3526827,-0.35313886,0.7951902,-0.2691184,-0.3400041,-0.32914695,-0.35751456,-0.3593669,-0.34688103,-0.31965682,-0.3469619,-0.34724575,-0.2727613,-0.22825786,-0.33745602,-0.3518018,-0.3489653,-0.27283657,-0.22570118,-0.32124162,-0.34781107,-0.35243338,-0.34404397,-0.35182393,-0.32985374,-0.35095733,-0.3482774,-0.27279964,-0.22672325,-0.2547989,-0.34562242,-0.35155386,-0.35418794,-0.26758945,-0.33632565,-0.35217234,-0.3532669,-0.3423161,-0.26969725,-0.33312243,-0.35091388,-0.34868407,-0.27261835,-0.22770327,-0.3424374,-0.304123,-0.34936923,-0.273323,-0.3506653,-0.26381022,-0.35187936,-0.35609764,-0.35342094,-0.34481233,-0.33428293,-0.35637724,-0.34923887,-0.27303421,-0.34947833,-0.3229994,-0.31538883,-0.34692177,-0.27159953,-0.34562713,-0.34652692,-0.35169965,-0.3493479,-0.27216205,-0.34322113,-0.32128388,-0.35077924,-0.34861624,-0.2727977,-0.22801916,-0.32419103,-0.3510992,0.60152,-0.35925305,-0.34418276,-0.33687264,-0.3502404,-0.347879,-0.2728589,-0.22139105,-0.2555955,-0.3495605,-0.3479756,-0.27212405,-0.30212936
k__Bacteria|p__Firmicutes|c__Bacilli|o__Lactobacillales|f__Streptococcaceae|g__Streptococcus|s__unclassified,0.7723336,0.80182767,0.795606,0.6217651,0.66994816,0.77633846,0.80130845,0.79578984,0.6211679,0.519099,0.7754799,0.80289245,-0.34527826,0.80579495,0.7916317,0.7561128,0.7976769,0.79315865,0.62006575,0.51659375,0.7839903,0.802821,0.7959907,0.6214658,0.5195371,0.95184106,0.79690194,0.80432904,0.45695516,0.61399704,0.76762533,0.80043703,0.7957396,0.6214907,0.5205923,0.78385353,0.8023164,0.7963489,0.62122494,-0.345838,0.7833811,0.80376905,0.80579406,-0.3421979,0.61645496,0.73380846,0.7911498,0.7906859,0.6202354,0.5195384,-0.27991652,0.8027861,1.5998274,0.8046606,0.78817654,0.78775966,0.80466604,0.8051474,0.8451519,0.61507607,0.7800944,1.0504436,0.6077044,0.4648796,0.79509425,0.7506664,0.7954068,0.79391706,0.62102693,0.52078336,0.7810652,0.803645,0.7958016,0.6212684,0.516566,0.7561267,0.7974309,0.80434275,0.7933759,-0.35182393,0.76908445,0.8014433,0.7946824,0.6212403,0.5185122,1.689633,0.7940533,0.8029808,-0.35418794,0.6131616,0.7804207,0.8040977,0.80548966,-0.3423161,0.6161974,0.77227706,0.8013879,0.7957914,0.62103814,0.5199178,0.783823,1.2370251,0.7964371,0.6219894,0.8015548,1.6028498,0.8035041,0.4583491,0.8053764,0.7885519,0.77179766,0.76971805,0.7962618,0.62152344,0.7993295,0.7528072,1.2353189,0.7931595,0.61935645,0.79405195,0.92745894,0.6774144,0.79601586,0.620526,0.789369,1.0957509,0.8019678,0.79540205,0.6209947,0.52008784,0.7582772,0.8024513,0.80644745,0.56468767,0.7878573,0.78048956,0.80147445,0.7939935,0.62127984,0.50994176,1.6964929,0.79990077,0.795434,0.62023175,1.3550019
k__Bacteria|p__Firmicutes|c__Bacilli|o__Lactobacillales|f__Streptococcaceae|g__Lactococcus|s__unclassified,-0.34413797,-0.3463676,-0.34325135,-0.26842088,-0.35537535,-0.34429973,-0.34648192,-0.3433376,-0.26829338,-0.22581242,-0.3436771,-0.3467402,-0.34527826,-0.34739953,-0.34268194,-0.34304655,-0.3458091,-0.34303403,-0.26787573,-0.22586729,-0.34501913,-0.34689483,-0.34355745,-0.26818004,-0.22577718,-0.3366719,-0.34572405,-0.34713095,0.43941897,-0.26752332,-0.34419072,-0.3460976,-0.34323603,-0.2682142,-0.22609206,-0.34463856,-0.3466947,-0.3430816,-0.2681079,-0.345838,-0.3449303,-0.34673268,-0.34747213,-0.3421979,-0.26775488,-0.34344053,-0.3451631,-0.3423728,-0.267838,-0.22593193,-0.27991652,-0.34661382,-0.27204362,-0.34697798,-0.3421526,-0.34514076,-0.34720433,-0.3469645,-0.34445426,-0.26741654,-0.34477836,-0.32914695,-0.35751456,-0.3593669,-0.34586054,-0.34375328,-0.34605044,-0.342726,-0.26838702,-0.22620888,-0.34511846,-0.34694368,-0.3433218,-0.26814875,-0.22564162,-0.3440534,-0.3462175,-0.3471399,-0.34404397,-0.35182393,-0.3446206,-0.34652036,-0.34288973,-0.2682394,-0.22597212,-0.2547989,-0.34569472,-0.34703755,-0.35418794,-0.26734978,-0.3450579,-0.34683055,-0.34731612,-0.3423161,-0.26772782,-0.34451643,-0.34669715,-0.342663,-0.26810816,-0.22589779,-0.34355354,-0.304123,-0.3433073,-0.26840192,-0.34642994,-0.26381022,-0.34674847,0.45150858,-0.34730214,-0.3423915,-0.34427708,-0.35637724,-0.34339237,-0.26820186,-0.34638128,-0.3419224,-0.31538883,-0.34282243,-0.26802775,-0.34611356,-0.34652692,-0.35169965,-0.34305114,-0.26782948,-0.3460472,-0.32128388,-0.34664947,-0.34306514,-0.2680543,-0.2259789,-0.34404975,-0.34626198,-0.35489932,-0.35925305,-0.3421655,-0.3449089,-0.34579313,-0.34267747,-0.2680785,-0.22580044,-0.2555955,-0.34598243,-0.3429122,-0.26810917,1.3569813
k__Bacteria|p__Firmicutes|c__Clostridia|o__Clostridiales|f__Lachnospiraceae|g__Coprococcus|s__eutactus,-0.32951313,-0.3485975,-0.34628546,-0.27067095,-0.35537535,-0.33201355,-0.34810293,-0.3465002,-0.27063444,-0.22516982,-0.33195797,-0.34917518,-0.34527826,-0.35088384,-0.34364897,-0.31899357,-0.34641472,-0.34486344,-0.26992026,-0.22339158,-0.3363204,-0.34897962,-0.34656265,-0.27090818,-0.22531128,-0.3366719,-0.3453921,-0.34981778,-0.35797155,-0.26560506,-0.32630137,-0.34773156,-0.34671277,-0.27086645,-0.22602867,-0.33716044,-0.34888515,-0.34699818,-0.27075806,-0.345838,-0.33641568,-0.3497485,-0.35116765,0.8018351,-0.26740262,-0.30369675,-0.3422229,-0.34343624,-0.27012938,-0.22530276,-0.27991652,-0.34919974,-0.27204362,-0.35024586,-0.3416372,-0.33944917,-0.35056606,-0.35067007,-0.34445426,-0.26646918,-0.3336979,-0.32914695,-0.35751456,0.45411456,-0.34399813,-0.31530336,-0.34444562,-0.34578466,-0.2704543,-0.22620262,-0.3353791,-0.34997666,-0.34658557,-0.27063572,-0.22335726,-0.3187744,-0.3461788,-0.35033903,0.8306636,-0.35182393,-0.32781732,-0.34815034,-0.34592244,-0.27071273,-0.22466616,-0.2547989,-0.3439415,-0.3495125,-0.35418794,-0.26535696,-0.3343689,-0.3501461,-0.35103607,-0.3423161,-0.26724684,-0.32946286,-0.34810653,-0.34682885,-0.27054211,-0.22558533,-0.33651167,-0.304123,-0.34696016,-0.2711048,-0.34830248,-0.26381022,-0.34978172,-0.35609764,-0.35067335,-0.34163573,-0.3282773,-0.35637724,-0.34688592,-0.2707954,-0.34691247,-0.31569245,-0.31538883,-0.34500068,-0.26937938,-0.3436224,-0.34652692,-0.35169965,-0.34650195,-0.27024734,-0.34029588,-0.32128388,-0.34882793,-0.3463294,-0.27040315,-0.22565676,-0.3203748,-0.3492149,-0.35489932,0.5517865,-0.3412909,-0.33461517,-0.34883377,-0.34521955,-0.27065736,-0.2189404,-0.2555955,-0.34766653,-0.346898,-0.2700607,-0.30212936
k__Bacteria|p__Firmicutes|c__Clostridia|o__Clostridiales|f__Clostridiaceae|g__Clostridium|s__unclassified,-0.3427185,-0.34856805,-0.34462145,-0.26879767,-0.35537535,-0.342992,-0.34821206,-0.34493595,-0.27002567,-0.22762164,-0.3426371,-0.3481948,-0.34527826,-0.34881425,-0.34390098,-0.33926982,-0.3489504,-0.34470206,-0.26972115,-0.22713934,-0.34343997,-0.34800246,-0.34458518,-0.27022484,-0.22773516,0.9867456,-0.34749907,-0.348123,-0.35797155,-0.26817736,-0.34213114,-0.348554,-0.34536397,-0.2699695,-0.22791368,-0.3442136,-0.34847122,-0.34525692,-0.27024734,-0.345838,-0.3441996,-0.34873837,-0.34953347,-0.3421979,-0.2691166,-0.3337897,-0.34804124,-0.34474894,-0.2700751,-0.22790872,1.4604386,-0.3483529,-0.27204362,-0.34849143,-0.34375578,-0.34584346,-0.34963953,-0.34903967,-0.34445426,-0.26852033,-0.34410506,-0.32914695,-0.35751456,-0.3593669,-0.34691578,-0.3371599,-0.34752676,-0.34581244,-0.26958042,-0.22778426,-0.34425765,-0.3492977,-0.34480593,-0.26962087,-0.22710426,-0.33875132,-0.3484348,-0.3494727,-0.34404397,-0.35182393,-0.34231263,-0.3482598,-0.34523255,-0.27023566,-0.2273265,-0.2547989,-0.34754843,-0.34931514,-0.35418794,-0.26871198,-0.3431139,-0.34906423,-0.34968174,-0.3423161,-0.26907524,-0.3412478,-0.34774864,-0.3455158,-0.2700626,-0.2276133,-0.34492755,1.2416456,-0.34507442,-0.26992503,-0.3482678,1.725283,-0.3489615,-0.35609764,-0.34873086,-0.34378397,-0.34255338,0.56578916,-0.3452422,-0.26984307,-0.3481831,-0.3374967,-0.31538883,-0.34495032,-0.26946744,-0.34784168,-0.34652692,-0.35169965,-0.34439003,-0.2695299,-0.34657335,-0.32128388,-0.34886488,-0.34523773,-0.26939487,-0.2275081,-0.33851552,-0.34932712,-0.35489932,-0.35925305,-0.34335494,-0.34467804,-0.3492777,-0.34374452,-0.26975006,-0.2250555,-0.2555955,-0.3487729,-0.34648186,-0.2698892,1.3582517
k__Bacteria|p__Firmicutes|c__Erysipelotrichi|o__Erysipelotrichales|f__[Coprobacillaceae]|g__Coprobacillus|s__unclassified,-0.33333844,-0.3531161,-0.35179976,-0.27562004,-0.35537535,-0.33806527,-0.35280097,-0.35173053,-0.27388817,-0.22765642,-0.3383941,-0.35451043,-0.34527826,-0.3566659,-0.34953815,-0.32544276,-0.34899864,-0.34969288,-0.27337217,-0.22604859,-0.34253424,-0.35494393,-0.35213703,-0.27412328,-0.22806372,-0.3366719,-0.3500734,-0.3561815,-0.35797155,-0.27038956,-0.33178777,-0.35216236,-0.35111478,-0.27423367,-0.22877818,-0.3427144,-0.35343415,-0.3517171,-0.27385172,-0.345838,-0.3428831,-0.3548932,-0.35594577,-0.3421979,-0.2712139,-0.3150161,-0.34445626,-0.3473382,-0.27310488,-0.22803695,-0.27991652,-0.35440618,-0.27204362,-0.35590434,-0.3468915,-0.34381855,-0.35489675,-0.35582075,0.8112144,-0.2705251,-0.3445813,-0.32914695,-0.35751456,-0.3593669,-0.3500045,-0.32480758,-0.34927338,-0.3489352,-0.27428347,-0.2288766,-0.34076637,-0.35413343,-0.35180032,-0.27442738,-0.22630909,-0.32450014,-0.34957463,-0.3548179,-0.34404397,-0.35182393,-0.33292538,-0.35360652,-0.35047734,-0.27391416,-0.22731534,-0.2547989,-0.34797055,-0.35393393,-0.35418794,-0.26888627,-0.33934742,-0.35448152,-0.3552829,-0.3423161,-0.27120128,-0.33726096,-0.35361338,-0.35098344,-0.2738446,-0.22825642,-0.34693775,-0.304123,-0.35208628,-0.27479732,-0.35354936,-0.26381022,-0.35447752,-0.35609764,-0.35632563,-0.3475091,-0.33899325,-0.35637724,-0.35176247,-0.27451572,-0.35212952,-0.3285746,-0.31538883,-0.34929097,-0.27299505,-0.34766358,-0.34652692,-0.35169965,-0.3524778,-0.27367294,-0.34526038,-0.32128388,-0.35289675,-0.3509248,-0.27442533,-0.22882381,-0.33011168,-0.353217,-0.35489932,-0.35925305,-0.34714216,-0.3389429,-0.35227254,-0.35142857,-0.274392,-0.22237402,-0.2555955,-0.35200423,-0.3498821,-0.273239,-0.30212936
k__Bacteria|p__Firmicutes|c__Erysipelotrichi|o__Erysipelotrichales|f__[Coprobacillaceae]|g__Catenibacterium|s__unclassified,-0.34464478,-0.34727395,-0.34477326,-0.27054107,-0.35537535,-0.34579858,-0.34733355,-0.3444624,-0.2683539,-0.22474775,-0.34837142,-0.34854716,-0.34527826,-0.34883282,-0.34369355,-0.3434347,-0.3453257,-0.34332103,-0.26828018,-0.22410819,-0.34908515,-0.3486334,-0.34512419,-0.2684189,-0.22471423,-0.3366719,-0.34662965,-0.34911734,-0.35797155,-0.26749116,-0.34278,-0.34652176,-0.34407046,-0.26865152,-0.22497462,-0.34666526,-0.34768993,-0.34448403,-0.26823628,-0.345838,-0.3463167,-0.3480453,-0.34791696,-0.3421979,-0.26749617,-0.34304783,-0.34343165,-0.34235755,-0.26791835,-0.22438213,-0.27991652,-0.3484434,-0.27204362,-0.34913462,-0.342633,-0.3470775,-0.3472175,-0.3484009,-0.34445426,-0.267683,-0.3435231,-0.32914695,-0.35751456,-0.3593669,-0.34691525,-0.34507313,-0.3458101,-0.3424797,-0.2690241,-0.22514433,-0.34681505,-0.3477641,-0.34513587,-0.26922306,-0.22457609,-0.34463763,-0.34574556,-0.347183,-0.34404397,-0.35182393,-0.34360215,-0.3473885,-0.34330186,-0.26805997,-0.22489566,-0.2547989,-0.34742445,-0.34713554,0.5756328,-0.26667014,-0.34670183,-0.34791592,-0.34735188,-0.3423161,-0.26717445,-0.34549683,-0.3483795,-0.3439637,-0.26824224,-0.22513202,-0.34456456,-0.304123,-0.34466994,-0.2689367,-0.34762493,-0.26381022,-0.34838447,-0.35609764,-0.34882525,-0.3425285,-0.34270427,-0.35637724,-0.34421182,-0.26884836,-0.34675995,-0.3434616,-0.31538883,-0.34326327,-0.26839015,-0.34466594,-0.34652692,-0.35169965,-0.3453447,-0.26914513,-0.3439191,-0.32128388,-0.34720713,-0.34374484,-0.26944792,-0.22557108,-0.34427407,-0.34697592,-0.35489932,0.601079,-0.3431002,-0.34559226,-0.3469433,-0.3459251,-0.26898533,-0.22428983,-0.2555955,-0.34693047,-0.34246406,-0.2681124,-0.30212936
k__Bacteria|p__Firmicutes|c__Clostridia|o__Clostridiales|f__Veillonellaceae|g__Veillonella|s__parvula,-0.3278611,-0.3470479,-0.34538335,-0.26969433,-0.35537535,-0.3317202,-0.34678817,-0.34539247,-0.26866385,-0.22300649,-0.33146313,-0.3481246,-0.34527826,-0.35011533,-0.34310603,-0.32006145,-0.34371197,-0.3436081,-0.26807037,-0.2214174,-0.33546233,-0.34835678,-0.3456712,-0.26883623,-0.22319086,0.94029313,-0.34423867,-0.34939423,-0.35797155,-0.26470113,-0.32600427,-0.34621513,-0.3450878,-0.26892647,-0.22390676,-0.33635193,-0.34745568,-0.34550932,-0.26865432,-0.345838,-0.33645326,-0.34849218,-0.349812,-0.3421979,-0.2657811,-0.30958077,-0.33957148,-0.3415708,-0.26788676,-0.2232311,1.7233901,-0.34793752,1.5214465,-0.34931868,-0.3407089,-0.33708134,-0.34889805,-0.34945482,-0.34445426,-0.26501155,-0.33672476,1.1527952,-0.35751456,-0.3593669,-0.3434251,-0.31777456,-0.34341362,-0.34343186,-0.26880273,-0.2240725,-0.33469126,-0.3481297,-0.34540698,-0.268922,-0.22154185,-0.31923205,-0.34406358,-0.3487916,-0.34404397,-0.35182393,-0.3273811,-0.34722894,-0.3444295,-0.26870406,-0.22251773,1.6751199,-0.34199554,-0.34789127,-0.35418794,-0.2635768,-0.3336622,-0.34848088,-0.34936845,-0.3423161,-0.26583615,-0.3311277,-0.34719932,-0.34494627,-0.268548,-0.22341403,-0.33927864,-0.304123,-0.34575608,-0.26939932,-0.3471381,1.5872308,-0.34803224,0.43044403,-0.34978688,-0.34117073,-0.33192712,0.566249,-0.3455827,-0.26909566,-0.34579763,-0.32082838,1.250903,-0.34334773,-0.26767054,-0.34217796,-0.34652692,-0.35169965,-0.34583694,-0.2682663,-0.3394692,-0.32128388,-0.34703016,-0.34485298,-0.26881045,-0.2238831,-0.32451668,-0.34713393,-0.35489932,-0.35925305,-0.3406821,-0.3324901,-0.34649426,-0.34463608,-0.26889545,-0.21751592,-0.2555955,-0.3458459,-0.3443691,-0.26806432,-0.30212936
k__Bacteria|p__Firmicutes|c__Erysipelotrichi|o__Erysipelotrichales|f__Erysipelotrichaceae|g__Holdemania|s__unclassified,-0.3389542,-0.35195345,-0.3493411,-0.27303514,-0.35537535,-0.34251294,-0.35156026,-0.34948105,-0.27310622,-0.22950146,-0.34128866,-0.35237855,0.7634563,-0.3539892,-0.34828565,-0.33440828,-0.35010275,-0.34857342,-0.27283618,-0.22865179,-0.3439671,-0.35261738,-0.34932485,-0.27333272,-0.22989142,-0.3366719,-0.3500256,-0.3533834,-0.35797155,-0.27122715,-0.33993217,-0.35161513,-0.34922653,-0.2732126,-0.23016542,-0.34453574,-0.35181946,-0.34942597,-0.27319384,-0.345838,-0.34555382,-0.35305572,-0.35395414,-0.3421979,-0.27180168,-0.3280055,-0.34785146,-0.3473259,-0.2728813,-0.23010324,-0.27991652,-0.35242864,-0.27204362,-0.35311756,-0.34709257,-0.34578714,-0.3536271,-0.35360074,0.7970134,-0.27120382,-0.34919977,-0.32914695,-0.35751456,-0.3593669,-0.35039657,-0.334962,-0.35016158,-0.34854734,-0.273004,-0.22999616,-0.34361172,-0.35267144,-0.349068,-0.27300075,-0.22880708,-0.33309352,-0.35033566,-0.3535319,-0.34404397,-0.35182393,-0.33955747,-0.35242563,-0.34929144,-0.2733887,-0.22897053,-0.2547989,-0.3482595,-0.35290724,-0.35418794,-0.27072534,-0.3413042,-0.3527092,-0.35376486,-0.3423161,-0.2720163,-0.3411981,-0.3517353,-0.34926808,-0.27321962,-0.22959386,-0.3506964,-0.304123,-0.34964392,-0.27348834,-0.35230106,-0.26381022,-0.35245198,-0.35609764,-0.35369214,-0.34793472,-0.34584504,-0.35637724,-0.34965858,-0.27334878,-0.35196254,-0.33880097,-0.31538883,-0.34820592,-0.27238804,-0.34999156,-0.34652692,-0.35169965,-0.349464,-0.2723926,-0.34905943,-0.32128388,-0.3518652,-0.3493058,-0.2728597,-0.2298504,-0.33667138,-0.35251546,-0.35489932,-0.35925305,-0.34713292,-0.34347525,-0.3518759,-0.34835732,-0.2731234,-0.22569941,-0.2555955,-0.35148704,-0.3493498,-0.27274352,-0.30212936
k__Bacteria|p__Firmicutes|c__Clostridia|o__Clostridiales|f__Veillonellaceae|g__Veillonella|s__dispar,0.74171,0.7691236,0.7641309,0.59874713,0.6823289,0.74450946,0.76896,0.76416624,0.59656155,0.49732032,0.74602354,0.7709539,0.7634563,0.7740929,0.75994676,0.7273191,0.76392806,0.7610841,0.59522766,0.49481627,0.75375843,0.7711673,0.76484287,0.59669346,0.49748492,1.3541806,0.7637119,0.77283275,-0.35797155,0.5889353,0.73467547,0.76726174,0.7638533,0.5969458,0.49901196,0.7526884,0.77018374,0.7645328,0.596414,-0.345838,0.7520874,0.77123773,0.77335525,0.79531425,0.5914643,0.70582867,0.7567433,0.75783104,0.59510505,0.49727225,1.8252709,0.7704991,1.539603,0.7731662,0.75568455,0.7562652,0.7717138,0.77274126,-0.34445426,0.58994615,0.74360967,1.3617907,0.48296624,0.4602802,0.76227075,0.71955645,0.76210594,0.7606979,0.59703696,0.49954206,0.75135833,0.77119184,0.76479167,0.59717906,0.49474546,0.7277963,0.7641177,0.7714193,-0.34404397,-0.35182393,0.7387291,0.76873004,0.76195943,0.59623694,0.49729323,1.9197419,0.7620566,0.77032346,-0.35418794,0.58760947,0.7520378,0.7717184,0.7724544,0.8685794,0.59087497,0.74144363,0.7696485,0.76315665,0.59613955,0.49853536,0.7468596,1.3879687,0.7648455,0.5976852,0.7691208,1.6107923,0.7714604,0.49162453,0.7736428,0.75530344,0.7362851,0.71735567,0.76446515,0.597081,0.7661463,0.71786386,1.389251,0.76103854,0.595015,0.76009625,0.87975514,0.8563066,0.7648865,0.5965953,0.75449467,-0.32128388,0.7693615,0.7631793,0.5969836,0.4989766,0.7297685,0.7689672,-0.35489932,0.55657375,0.75535166,0.74851286,0.76775146,0.76369286,0.59694153,0.48937815,1.695536,0.7667767,0.76214725,0.5953443,-0.30212936
k__Bacteria|p__Firmicutes|c__Erysipelotrichi|o__Erysipelotrichales|f__Erysipelotrichaceae|g__[Eubacterium]|s__biforme,-0.34225115,-0.34754926,-0.344244,-0.2687091,-0.35537535,-0.34266832,-0.34743166,-0.34439266,-0.26855505,-0.22550814,-0.3425359,-0.34777406,-0.34527826,-0.3484863,-0.34330872,-0.3382158,-0.34694996,-0.3438539,-0.268243,-0.22509344,-0.34507003,-0.3479012,-0.344407,-0.2687771,-0.22570479,-0.3366719,-0.34653693,-0.34818834,0.42908034,-0.2674354,-0.3413929,-0.34738135,-0.34442556,-0.26863647,-0.22601393,-0.34409747,-0.34762716,-0.34450495,-0.26870862,0.6462941,-0.3438589,-0.34804553,-0.3485247,-0.3421979,-0.26786107,-0.33289817,-0.34534594,-0.34338304,-0.26838672,-0.22569644,-0.27991652,-0.34805733,-0.27204362,-0.34831744,-0.34288037,-0.3456911,-0.34827936,-0.34829643,-0.34445426,-0.26741493,-0.34347504,-0.32914695,-0.35751456,-0.3593669,-0.34653118,-0.33664167,-0.3463798,-0.343921,-0.26867428,-0.22594391,-0.34355578,-0.3481931,-0.34457335,-0.26864168,-0.2250826,-0.33830807,-0.34668106,-0.34823245,-0.34404397,-0.35182393,-0.3408109,-0.3474908,-0.34393036,-0.26859283,-0.22563851,-0.2547989,-0.34679836,-0.34806654,0.5769465,-0.26710784,-0.3434798,-0.34795153,-0.34821114,-0.3423161,-0.26771298,-0.3411972,-0.3474821,-0.3442241,-0.2685752,-0.22574157,-0.3436888,-0.304123,-0.34450567,-0.26875457,-0.34765223,-0.26381022,-0.34836724,-0.35609764,-0.34839502,-0.34302437,-0.34140426,-0.35637724,-0.34443223,-0.26864535,-0.3472536,-0.33765298,-0.31538883,-0.34393486,-0.26824284,-0.34598246,-0.34652692,-0.35169965,-0.34427136,-0.2683789,-0.34536368,-0.32128388,-0.34769285,-0.34413671,-0.26857892,-0.22585565,-0.33698863,-0.3476129,-0.35489932,-0.35925305,-0.3429035,-0.34434864,-0.34765342,-0.3439736,-0.2686155,-0.22380427,-0.2555955,-0.34743387,-0.34441936,-0.2684264,-0.30212936
k__Bacteria|p__Firmicutes|c__Bacilli|o__Turicibacterales|f__Turicibacteraceae|g__Turicibacter|s__unclassified,-0.33486372,-0.3518522,-0.34967387,-0.27282628,-0.35537535,-0.33883667,-0.3513404,-0.34973192,-0.2721773,-0.2268016,-0.33911896,-0.35268074,-0.34527826,-0.35434085,-0.3477196,-0.32736754,-0.34918326,-0.3481806,-0.27176163,-0.2253476,-0.34262958,-0.35285938,-0.34989166,-0.27248973,-0.22720036,-0.3366719,-0.34911638,-0.3537572,-0.35797155,-0.26896527,-0.3336711,-0.35113937,-0.3495468,-0.27244085,-0.22764292,-0.34252912,-0.35193372,-0.34991512,-0.2722618,-0.345838,-0.34253603,-0.353218,-0.35418272,-0.3421979,-0.26990548,-0.31651586,-0.3454345,-0.34656692,-0.27179646,-0.22717679,-0.27991652,-0.3527115,-0.27204362,-0.35370797,-0.34593254,-0.34451556,-0.35355085,-0.35398138,-0.34445426,-0.26931623,-0.34358323,-0.32914695,-0.35751456,-0.3593669,-0.34897852,-0.3270123,-0.34853023,-0.34829926,-0.27226636,-0.22762099,-0.34108716,-0.35292792,-0.34973085,-0.27241427,-0.22567499,-0.32675087,-0.3493139,-0.35342312,-0.34404397,-0.35182393,-0.33394963,-0.35201657,-0.34910786,-0.27234653,-0.22632684,-0.2547989,-0.347857,-0.35275573,-0.35418794,-0.2682036,-0.33893615,-0.35302156,-0.3538543,-0.3423161,-0.26994073,-0.3371055,-0.35180616,-0.34967342,-0.27224696,-0.22717339,-0.34624648,-0.304123,-0.35008693,-0.27277166,-0.35211784,-0.26381022,-0.35300776,0.49215773,-0.35412037,-0.34632903,-0.33867604,-0.35637724,-0.3499117,-0.27257648,-0.35108024,-0.3295709,-0.31538883,-0.34797573,-0.27125704,-0.3476566,-0.34652692,-0.35169965,-0.35003203,-0.27191016,-0.34548616,-0.32128388,-0.3517436,-0.34935224,-0.27234453,-0.22751242,-0.33012468,-0.35243374,-0.35489932,-0.35925305,-0.34591645,-0.34043145,-0.3518562,-0.3490799,-0.2724674,-0.22178158,-0.2555955,-0.35122776,-0.3491922,-0.2716835,-0.30212936
k__Bacteria|p__Firmicutes|c__Clostridia|o__Clostridiales|f__Veillonellaceae|g__Phascolarctobacterium|s__unclassified,-0.338197,-0.34883845,-0.34558368,-0.26928222,-0.35537535,-0.33826843,-0.34893996,-0.34566355,-0.26949486,-0.22499055,-0.3365671,-0.34891132,-0.34527826,-0.34991342,-0.3442751,-0.33179012,-0.34757006,-0.34494716,-0.26897764,-0.22421414,-0.34032226,-0.3487215,-0.34567642,-0.26931798,-0.22493076,-0.3366719,-0.34715283,-0.3492161,0.45249835,-0.26638877,-0.33548248,-0.3483375,-0.3457027,-0.26947898,-0.22538331,-0.34168655,-0.34919792,-0.3458398,-0.26934844,0.63713735,-0.34144637,-0.3491772,-0.3500789,-0.3421979,-0.26748604,-0.32245243,-0.34557182,-0.3441863,-0.26898637,-0.22500592,-0.27991652,-0.3486335,-0.27204362,-0.34933668,-0.3428551,-0.3422618,-0.34971112,-0.34965417,-0.34445426,-0.26689902,-0.33827156,-0.32914695,-0.35751456,-0.3593669,-0.34565356,-0.32696462,-0.34645176,-0.34537676,-0.26918554,-0.22569375,-0.34019423,-0.34913307,-0.34544593,-0.2692278,-0.22376607,-0.33172655,-0.34737343,-0.34960082,-0.34404397,-0.35182393,-0.3370467,-0.34847575,-0.34547207,-0.26941803,-0.22479469,-0.2547989,-0.34484023,-0.34893662,-0.35418794,-0.2662612,-0.34192944,-0.34965312,-0.35027516,-0.3423161,-0.26742873,-0.33731955,-0.34849435,-0.34563363,-0.2692731,-0.22527784,-0.33903402,-0.304123,-0.3458327,-0.26960638,-0.34841025,-0.26381022,-0.34872872,-0.35609764,-0.34974694,-0.34281516,-0.3357205,-0.35637724,-0.34594437,-0.2693822,-0.3474782,-0.3270559,-0.31538883,-0.34499976,-0.26874277,-0.34637576,-0.34652692,-0.35169965,-0.3455971,-0.26903793,-0.34435466,1.0837377,-0.34898406,-0.34577036,-0.26902685,-0.22509128,-0.33231458,-0.3487098,-0.35489932,-0.35925305,-0.34245613,-0.3396816,-0.34827697,-0.34447974,-0.26920664,-0.22169714,-0.2555955,-0.3474401,-0.34572855,-0.26913,-0.30212936
k__Bacteria|p__Firmicutes|c__Clostridia|o__Clostridiales|f__Ruminococcaceae|g__unclassified|s__unclassified,0.5311712,0.56730014,0.5649582,0.4421094,0.79969263,0.5374502,0.56684935,0.564986,0.44051585,0.36577106,0.53653216,0.5692125,0.77025455,0.5730437,0.5607393,0.5143677,0.5610043,0.56170833,0.43944222,0.3628176,0.545008,0.569142,0.5652011,0.44079047,0.3660878,-0.3366719,0.56164855,0.5713017,0.7648829,0.43283838,0.5265149,0.5655334,0.5644623,0.44102538,0.36738408,0.5462293,0.5679436,0.5654596,0.44052726,0.6932629,0.5465189,0.5699359,0.5722711,0.9325393,0.4351079,0.49328172,0.5531267,0.5579343,0.43925005,0.36611646,-0.27991652,0.5686898,-0.27204362,0.5713979,0.5561185,0.5484171,0.5706148,0.57169783,0.8123445,0.43357205,0.54552937,-0.32914695,0.52635735,1.024653,0.56020504,0.51113296,0.5599715,0.5616033,0.44059193,0.36774057,0.5429622,0.5690832,0.5647639,0.44088298,0.36280164,0.5146189,0.5614538,0.5704565,0.9659919,1.024765,0.529548,0.56739265,0.5634241,0.44055623,0.3648289,-0.2547989,0.55668366,0.5685436,0.68754363,0.43105972,0.54183316,0.57000697,0.5716495,0.98263466,0.4351311,0.5353271,0.5672591,0.5643958,0.44035342,0.36655074,0.5496346,-0.304123,0.5657705,0.44180566,0.56755066,-0.26381022,0.56882226,0.6562991,0.5723196,0.556855,0.5362395,-0.35637724,0.5654626,0.4412565,0.56478786,0.5150566,-0.31538883,0.5613502,0.4385559,0.5583234,-0.34652692,0.66647184,0.5658593,0.43980813,0.55312747,-0.32128388,0.5671483,0.5642648,0.44056082,0.36698282,0.5213455,0.5676708,0.5829742,0.7008586,0.5559814,0.54044247,0.5660636,0.56343496,0.44087473,0.35545924,-0.2555955,0.5645589,0.56338966,0.4392987,-0.30212936
k__Bacteria|p__Firmicutes|c__Clostridia|o__Clostridiales|f__Lachnospiraceae|g__Roseburia|s__unclassified,0.3586952,0.37013564,0.36647114,0.28620982,0.67420477,0.35932553,0.36986747,0.36668193,0.28683552,0.24071273,0.35855645,0.3702184,0.76269805,0.37110984,0.36521184,0.35158855,0.36924666,0.36590683,0.28644887,0.23969533,0.3611089,0.3696287,0.36638743,0.28702214,0.24068011,-0.3366719,0.3682935,0.3701455,0.5728662,0.28387833,0.3559857,0.36970767,0.36708283,0.28695536,0.24109924,0.36265203,0.37024605,0.36729157,0.28708085,0.62741566,0.36220104,0.37057585,0.3714985,0.79463726,0.28503802,0.3416822,0.3668186,0.36533278,0.28666842,0.24071825,-0.27991652,0.3702248,-0.27204362,0.37069643,0.36428767,0.3638243,0.37124565,0.371118,-0.34445426,0.2842928,0.36010787,-0.32914695,0.62554795,0.74626034,0.36727577,0.34916306,0.3675506,0.3669991,0.28645188,0.24123143,0.36137688,0.3708681,0.36661986,0.2866638,0.23951994,0.35197926,0.3687422,0.37120742,0.82655287,0.69338447,0.35737753,0.3696051,0.36668736,0.28692126,0.24031752,-0.2547989,0.3668859,0.37061962,0.7318456,0.28396517,0.36146033,0.3710153,0.37160423,1.0429875,0.28498033,0.35784668,0.36936384,0.36732757,0.28680757,0.24084511,0.36147743,-0.304123,0.36703813,0.28698528,0.36999488,-0.26381022,0.37047786,0.5406349,0.3709234,0.36409757,0.35707176,0.7544476,0.36708167,0.28681728,0.3691314,0.34866464,-0.31538883,0.36629236,0.28600138,0.36792028,-0.34652692,0.69124836,0.36654258,0.2865216,0.36571485,-0.32128388,0.37029946,0.36690253,0.28637445,0.24066593,0.35228777,0.37064135,0.5798176,0.6734942,0.36377978,0.36131567,0.370499,0.36562416,0.28670776,0.23682518,-0.2555955,0.36947912,0.3678253,0.28653795,-0.30212936
k__Bacteria|p__Firmicutes|c__Clostridia|o__Coriobacteriales|f__Coriobacteriaceae|g__unclassified|s__unclassified,-0.33282372,-0.3444063,-0.34150982,-0.26688644,-0.35537535,-0.33341634,-0.3445779,-0.34146795,-0.26655844,-0.22259243,-0.3318482,-0.3447019,-0.34527826,-0.34593672,-0.34019566,-0.3275609,-0.34242976,-0.34061658,-0.26609188,-0.22176227,-0.3356822,-0.3446737,-0.34145474,-0.26643014,-0.22252375,-0.3366719,-0.34265876,-0.34523344,-0.35797155,-0.26343316,-0.33062637,-0.34389314,-0.34134227,-0.2666264,-0.22309735,-0.33665287,-0.34476396,-0.3416502,-0.26648772,-0.345838,-0.33719015,-0.34485835,-0.3456822,-0.3421979,-0.26448894,-0.3198887,-0.34054595,-0.3395077,-0.26595294,-0.2225966,1.4644452,-0.34421575,1.5214465,-0.34533966,-0.3383519,-0.33672908,-0.3451625,-0.34540594,-0.34445426,-0.26381946,-0.33445394,1.0531236,0.457765,0.45359904,-0.3411802,-0.32237524,-0.34197265,-0.3405964,-0.26642853,-0.22334592,-0.33582368,-0.34457445,-0.34128314,-0.26649535,-0.2213884,-0.32678783,-0.3425359,-0.34510094,-0.34404397,-0.35182393,-0.33216053,-0.3441778,-0.34103727,-0.266457,-0.22233754,-0.2547989,-0.33999783,-0.34432602,-0.35418794,-0.26300246,-0.33734262,-0.34520322,-0.345625,-0.3423161,-0.26446092,-0.3329442,-0.34414688,-0.34119272,-0.26637703,-0.22288874,-0.33566445,-0.304123,-0.34170014,-0.26689407,-0.3439907,-0.26381022,-0.34416276,-0.35609764,-0.34562796,-0.33839443,-0.33246404,-0.35637724,-0.34169823,-0.2666697,-0.34285215,-0.32393426,-0.31538883,-0.34053072,-0.26593453,-0.34135932,0.8567277,0.69841397,-0.34175086,-0.26623097,-0.33912233,1.0878965,-0.3442977,-0.34143466,-0.26632404,-0.2229091,-0.32943732,-0.3439783,0.68700886,-0.35925305,-0.33809936,-0.33425403,-0.34352618,-0.34082246,-0.266458,-0.21910194,-0.2555955,-0.34276986,-0.34102732,-0.2661149,-0.30212936
k__Bacteria|p__Firmicutes|c__Clostridia|o__Coriobacteriales|f__Coriobacteriaceae|g__Eggerthella|s__lenta,-0.32003284,-0.32612982,-0.32340494,-0.25253096,-0.35537535,-0.32115817,-0.3263299,-0.32335812,-0.25199383,-0.21099149,-0.32010967,-0.32654485,-0.34527826,-0.3274464,-0.32261634,-0.3187456,-0.32480884,-0.3228733,-0.2516793,-0.21065482,-0.3219502,-0.32687384,-0.3235446,-0.25184143,-0.21094331,0.9459033,-0.32535926,-0.3272178,0.4733941,-0.2504598,-0.32005665,-0.32588285,-0.3230486,-0.25199077,-0.21133101,-0.3223437,-0.32646096,-0.32310677,-0.2517986,-0.345838,-0.32306433,-0.3265413,-0.32718405,-0.3421979,-0.25082406,-0.31771144,-0.32395405,-0.32194752,-0.2514467,-0.21107043,-0.27991652,-0.32618228,-0.27204362,-0.32696986,-0.32138002,-0.3218699,-0.32677388,-0.3268918,0.7966085,-0.25051042,-0.32308936,-0.32914695,-0.35751456,-0.3593669,-0.32465208,-0.31671214,-0.32530838,-0.3222942,-0.2521092,-0.21148667,-0.32235664,-0.32631823,-0.32322326,-0.25196713,-0.21047464,-0.31832322,-0.32527632,-0.32673168,0.7928781,-0.35182393,-0.32086635,-0.32637626,-0.32285506,-0.25192115,-0.21088815,-0.2547989,-0.32398233,-0.32636467,-0.35418794,-0.24992874,-0.32267177,-0.32662082,-0.326974,0.8670203,-0.25092345,-0.321724,-0.3264119,-0.32260823,-0.25181472,-0.21111746,-0.32327473,1.2357613,-0.3233651,-0.25226972,-0.32590806,-0.26381022,-0.32609224,-0.35609764,-0.32725212,-0.32174593,-0.3223848,-0.35637724,-0.32337996,-0.25209528,-0.3254566,-0.31843066,-0.31538883,-0.32253057,-0.25173867,-0.3245267,-0.34652692,-0.35169965,-0.32350215,-0.25161996,-0.32365686,1.0872738,-0.3261549,-0.32307416,-0.25192448,-0.21134982,-0.3210427,-0.32568598,0.60768837,-0.35925305,-0.32144353,-0.3208738,-0.32521188,-0.32295638,-0.2519322,-0.20956719,-0.2555955,-0.3252687,-0.32243168,-0.25172213,-0.30212936
k__Bacteria|p__Firmicutes|c__Clostridia|o__Clostridiales|f__Ruminococcaceae|g__Faecalibacterium|s__prausnitzii,-0.26620755,-0.27187723,-0.26911682,-0.21013233,0.70971906,-0.26758325,-0.27147967,-0.2692438,-0.2104484,-0.17729789,-0.26797903,-0.27190673,-0.34527826,-0.27238834,-0.26857257,-0.26290083,-0.2714215,-0.2687586,-0.21036276,-0.17676048,-0.26882252,-0.27182707,-0.26914692,-0.2106471,-0.17760108,-0.3366719,-0.27081358,-0.27212697,0.5977552,-0.20945412,-0.26578867,-0.27165157,-0.26930758,-0.21050416,-0.17756301,-0.26860505,-0.27167922,-0.26941264,-0.21055263,0.73064125,-0.26853517,-0.27232724,-0.27260217,0.81629825,-0.20987062,-0.25802162,-0.27011776,-0.26854512,-0.21056214,-0.17759421,-0.27991652,-0.27206773,-0.27204362,-0.27219287,-0.26831794,-0.2702388,-0.27256995,-0.27255678,0.79383755,-0.20967546,-0.26965612,-0.32914695,1.0805345,0.50167,-0.27108717,-0.2639302,-0.27058047,-0.26928106,-0.21027687,-0.17743587,-0.26802182,-0.27233058,-0.26916188,-0.2104128,-0.17701317,-0.26277274,-0.27113986,-0.27245566,0.9282479,0.7375871,-0.2655623,-0.2718862,-0.26936343,-0.21062343,-0.17704333,-0.2547989,-0.27079245,-0.27233207,0.6587425,-0.20954785,-0.2665314,-0.27222705,-0.2726672,-0.3423161,-0.2098467,-0.2659932,-0.2715565,-0.26965597,-0.21057773,-0.17741533,-0.27072307,-0.304123,-0.26936993,-0.21051174,-0.27203444,-0.26381022,-0.27239752,0.5152468,-0.2723729,-0.2684546,-0.26752493,0.6587517,-0.2693593,-0.21050584,-0.27187794,-0.26463395,-0.31538883,-0.2688204,-0.21003222,-0.27082324,-0.34652692,-0.35169965,-0.26916435,-0.2103246,-0.27015638,-0.32128388,-0.2718652,-0.26932138,-0.2103611,-0.17740476,-0.26283178,-0.27259853,0.581158,1.0544497,-0.26823604,-0.26889175,-0.27239826,-0.26875404,-0.2105067,-0.17524187,-0.2555955,-0.27203548,-0.269681,-0.2103121,-0.30212936
k__Bacteria|p__Firmicutes|c__Clostridia|o__Coriobacteriales|f__unclassified|g__unclassified|s__unclassified,0.53395104,0.5715177,0.56929886,0.44503337,0.7698756,0.5423515,0.5706713,0.5694945,0.44362652,0.3685922,0.5418003,0.5735762,0.77476114,0.57725054,0.5648433,0.5174928,0.56579614,0.56607723,0.44264156,0.36542797,0.5490215,0.57364774,0.56976753,0.44431227,0.36912867,-0.3366719,0.56643355,0.5757549,0.5630982,0.436522,0.53142405,0.5701697,0.5691693,0.4442215,0.37040916,0.55073845,0.5720055,0.57001275,0.443955,0.64802134,0.5506244,0.5745184,0.57705283,0.821586,0.4384833,0.49715647,0.5574729,0.56261706,0.44249526,0.3692643,-0.27991652,0.57385945,-0.27204362,0.57587224,0.56094646,0.5533289,0.5754822,0.5763695,0.8151972,0.43694076,0.55447423,-0.32914695,0.5179007,0.61718726,0.56518215,0.51608944,0.5649457,0.5664071,0.4437768,0.37047005,0.5470706,0.5740988,0.5695911,0.44412822,0.36586756,0.5167091,0.5660739,0.5753354,0.866251,0.7375871,0.53282964,0.5719501,0.5678948,0.4439114,0.36755574,-0.2547989,0.5629757,0.57368743,0.64534605,0.43449175,0.54341185,0.5742761,0.576175,0.9087493,0.43859804,0.53996,0.5715349,0.56925774,0.44360363,0.3692477,0.5592019,-0.304123,0.57026094,0.44499117,0.5719453,-0.26381022,0.57413447,0.5705156,0.5766518,0.5622742,0.5440322,0.5700119,0.5698806,0.44446692,0.56975555,0.5232495,-0.31538883,0.56591475,0.4416436,0.5627959,0.8302448,0.66526085,0.5700621,0.44269115,0.5580816,-0.32128388,0.5716956,0.56852007,0.44388396,0.37008387,0.5246589,0.57253593,-0.35489932,0.629359,0.5609759,0.5448318,0.57148075,0.5676781,0.44417322,0.35761386,-0.2555955,0.57029873,0.56862813,0.44267857,-0.30212936
k__Bacteria|p__Firmicutes|c__Clostridia|o__Clostridiales|f__Ruminococcaceae|g__Ruminococcus|s__unclassified,0.5383261,0.56738424,0.5645524,0.4411595,0.74657774,0.5452646,0.5669437,0.56450737,0.4392873,0.36532274,0.54535174,0.5692031,0.82017773,0.5720531,0.5610733,0.5273874,0.562359,0.5618148,0.4385189,0.36287034,0.5506958,0.5697296,0.56510437,0.43957755,0.365648,-0.3366719,0.56343555,0.571283,0.5882284,0.43370086,0.5362612,0.56628084,0.56395787,0.4397318,0.36666015,0.55200833,0.56800836,0.5645539,0.43922484,0.65084124,0.55180454,0.56968075,0.5715437,0.86058885,0.43496352,0.5125083,0.5559628,0.5586916,0.43815562,0.3656488,-0.27991652,0.56903964,-0.27204362,0.57097304,0.5575605,0.5530634,0.5701299,0.57109964,1.0349594,0.43406886,0.5537746,-0.32914695,0.5535757,0.56974137,0.56221426,0.5246721,0.56228757,0.56132454,0.43966562,0.36692756,0.5493313,0.5690665,0.5646169,0.4398033,0.36321458,0.5263872,0.56297207,0.5700413,1.2350993,0.8584893,0.53785866,0.567881,0.56298006,0.4393782,0.36459994,-0.2547989,0.56049967,0.5688099,0.7056427,0.43165308,0.5470695,0.56949764,0.57078373,0.93959224,0.43520337,0.5448744,0.56792367,0.56371236,0.43914342,0.36592352,0.5577419,-0.304123,0.5650114,0.44044548,0.5676391,-0.26381022,0.5691619,0.73138005,0.57164633,0.55836374,0.54613245,0.5509609,0.56469,0.44002047,0.56567645,0.5305878,-0.31538883,0.56131935,0.43789884,0.5598494,0.8208664,0.66658187,0.5652587,0.43876746,0.5559465,-0.32128388,0.56735814,0.5635288,0.43974805,0.3667691,0.53450435,0.5676021,-0.35489932,0.76513684,0.5575981,0.54608697,0.56659734,0.56358993,0.4397886,0.3572632,-0.2555955,0.5659602,0.5625839,0.43846554,-0.30212936
k__Bacteria|p__Firmicutes|c__Clostridia|o__Clostridiales|f__Clostridiaceae|g__unclassified|s__unclassified,-0.33714914,-0.33972988,-0.33624512,-0.262753,-0.35537535,-0.33744082,-0.33969855,-0.33621287,-0.26217508,-0.2205133,-0.33727753,-0.34003913,0.76269805,-0.3402795,-0.3359282,-0.33567566,-0.3389535,-0.33583188,-0.2621525,-0.22028753,-0.33876503,-0.33994955,-0.33616322,-0.2623734,-0.22063202,-0.3366719,-0.33926815,-0.34021133,-0.35797155,-0.26171762,-0.3367441,-0.339553,-0.33618218,-0.26232308,-0.2209233,-0.33820695,-0.33972844,-0.33643156,-0.26240396,0.6253315,-0.33869368,-0.34004432,-0.33998358,-0.3421979,-0.2620559,-0.33220786,-0.33834437,-0.33561838,-0.2621119,-0.22060397,1.4604386,-0.3403196,-0.27204362,-0.34042907,-0.3354696,-0.33893865,-0.33983535,-0.34012258,0.79390526,-0.26172656,-0.33712202,-0.32914695,-0.35751456,-0.3593669,-0.33935237,-0.33419508,-0.3391224,-0.33563736,-0.26239055,-0.22078255,-0.338179,-0.33999857,-0.33651084,-0.26252347,-0.22036752,-0.3345967,-0.3390094,-0.33984402,-0.34404397,-0.35182393,-0.33685768,-0.33972156,-0.33577278,-0.26211092,-0.22066179,-0.2547989,-0.3393057,-0.3397509,-0.35418794,-0.26163104,-0.33825982,-0.33988786,-0.33963645,-0.3423161,-0.26174825,-0.33594608,-0.33983073,-0.3362017,-0.2622118,-0.22075394,-0.33808446,1.2340736,-0.33635843,-0.26241833,-0.33985186,-0.26381022,-0.34026927,-0.35609764,-0.34016728,-0.33558124,-0.3365081,0.5512409,-0.33616254,-0.2623767,-0.33948138,-0.33455023,1.209791,-0.3360257,-0.26218438,-0.33875424,-0.34652692,-0.35169965,-0.3364696,-0.26240036,-0.338253,-0.32128388,-0.33969563,-0.3359949,-0.26254487,-0.22084427,-0.33451346,-0.33963904,-0.35489932,0.548889,-0.33558616,-0.33794367,-0.33974904,-0.33671346,-0.2624431,-0.21985734,-0.2555955,-0.33975077,-0.33606264,-0.262098,-0.30212936
k__Bacteria|p__Firmicutes|c__Clostridia|o__Clostridiales|f__Ruminococcaceae|g__Faecalibacterium|s__unclassified,-0.30637968,-0.31952256,-0.31679416,-0.24767986,0.71246374,-0.3080867,-0.3191575,-0.31695014,-0.2480615,-0.2079925,-0.3067211,-0.3195927,-0.34527826,-0.32077545,-0.31516665,-0.29843408,-0.31816453,-0.31597996,-0.24763086,-0.207016,-0.31134284,-0.31952834,-0.3168522,-0.24828137,-0.20844135,-0.3366719,-0.3175043,-0.32011437,0.80134994,-0.245195,-0.30530715,-0.31911755,-0.31702363,-0.24814887,-0.20874487,-0.31100237,-0.31946078,-0.31726384,-0.24820104,0.7251373,-0.31116176,-0.32030827,-0.3210891,0.8952736,-0.24633422,-0.28715378,-0.3157614,-0.31535876,-0.24786392,-0.20854035,-0.27991652,-0.31982535,-0.27204362,-0.32026756,-0.3140177,-0.31371176,-0.32085901,-0.32081193,-0.34445426,-0.24567959,-0.31134197,-0.32914695,0.91936445,0.5102337,-0.31666636,-0.29578906,-0.31700286,-0.31674933,-0.24776843,-0.20861173,-0.309487,-0.32025912,-0.31679124,-0.24791923,-0.20698442,-0.29756463,-0.31783456,-0.32065845,0.83257973,0.733511,-0.30453175,-0.3193647,-0.31685227,-0.24824506,-0.2076965,-0.2547989,-0.31608832,-0.32003203,0.7444805,-0.24511108,-0.3088626,-0.32030803,-0.32115847,-0.3423161,-0.24621148,-0.30502993,-0.31893718,-0.31735283,-0.24814093,-0.20833817,-0.31303963,-0.304123,-0.31719732,-0.2482749,-0.31929135,-0.26381022,-0.32017326,0.50391257,-0.32061243,-0.31450963,-0.30725592,-0.35637724,-0.31718898,-0.24812172,-0.31862193,-0.29848236,-0.31538883,-0.31605503,-0.24719599,-0.3166239,-0.34652692,-0.35169965,-0.31678927,-0.24751382,-0.31496876,-0.32128388,-0.3195423,-0.31701264,-0.24778959,-0.20828396,-0.29762015,-0.32014704,-0.35489932,0.7081276,-0.31387866,-0.31068856,-0.31985205,-0.3156689,-0.24800281,-0.2036047,-0.2555955,-0.31891775,-0.3175017,-0.24777627,-0.30212936
k__Bacteria|p__Firmicutes|c__Clostridia|o__Clostridiales|f__Lachnospiraceae|g__Lachnospira|s__unclassified,-0.26453218,-0.27515155,-0.27314246,-0.21415183,0.71876186,-0.26558805,-0.27526072,-0.27297932,-0.21362802,-0.1782715,-0.2644353,-0.27544236,0.8525892,-0.27653,-0.2715865,-0.25918776,-0.27316463,-0.27204254,-0.21321931,-0.1774261,-0.26863384,-0.27560014,-0.27327242,-0.21331331,-0.17837065,-0.3366719,-0.27333018,-0.2761494,0.6258028,-0.21038301,-0.2626461,-0.2744103,-0.27260923,-0.21364199,-0.1786353,-0.26819927,-0.27543968,-0.27288514,-0.2132091,0.67220044,-0.26854122,-0.27567747,-0.27619177,0.82400024,-0.21142095,-0.2514165,-0.2714678,-0.27102113,-0.21307074,-0.17835869,-0.27991652,-0.27483463,-0.27204362,-0.27592483,-0.2696141,-0.26916584,-0.27574697,-0.27614912,-0.34445426,-0.21123442,-0.2655587,-0.32914695,0.514099,-0.3593669,-0.2719171,-0.25550586,-0.27259755,-0.2719347,-0.2134793,-0.17891088,-0.26712334,-0.27511185,-0.2726403,-0.2135368,-0.17720386,-0.2588204,-0.27338845,-0.2754962,0.83263296,0.6811851,-0.2634944,-0.27503565,-0.27268544,-0.21350588,-0.17795254,-0.2547989,-0.2707742,-0.27476805,0.58258593,-0.21017466,-0.26824003,-0.27596647,-0.2764359,0.863355,-0.21136072,-0.2640487,-0.27518886,-0.27268255,-0.21344179,-0.17865482,-0.26694196,-0.304123,-0.27310848,-0.21387374,-0.27456596,-0.26381022,-0.27487367,0.53140527,-0.27638406,-0.26981235,-0.26330638,0.58293605,-0.27309993,-0.21369445,-0.27355206,-0.25649756,-0.31538883,-0.2716709,-0.21296924,-0.27177018,-0.34652692,0.89249957,-0.2733294,-0.2133734,-0.26992112,-0.32128388,-0.27497214,-0.2729829,-0.21352342,-0.17857753,-0.25978765,-0.27496237,-0.35489932,0.830831,-0.26960278,-0.26661158,-0.27422264,-0.27230573,-0.2135219,-0.17499822,-0.2555955,-0.27336884,-0.27186108,-0.21315005,-0.30212936
k__Bacteria|p__Firmicutes|c__Clostridia|o__unclassified|f__unclassified|g__unclassified|s__unclassified,0.6164197,0.6440612,0.6396398,0.4993192,0.7326072,0.6210159,0.64357436,0.63971055,0.49836642,0.4155085,0.6199764,0.645272,0.81010115,0.6480723,0.63610804,0.6017488,0.6397203,0.637166,0.49749517,0.41316876,0.62807524,0.6452403,0.6398816,0.49868864,0.41592157,-0.3366719,0.6395712,0.64679956,0.99314547,0.4923178,0.6126459,0.64273155,0.639474,0.49875838,0.41684029,0.6279408,0.6444248,0.64019036,0.49844617,0.64219975,0.6275239,0.6461054,0.6477426,0.80541474,0.49429244,0.58134556,0.63341534,0.63461846,0.49754906,0.41590616,-0.27991652,0.6452775,-0.27204362,0.646948,0.6329241,0.630993,0.6466286,0.64734095,0.8454091,0.49314308,0.6254567,-0.32914695,0.63266164,0.78778076,0.6385461,0.5979548,0.63824093,0.6375362,0.4983494,0.41694877,0.62469244,0.6456043,0.63964313,0.49862882,0.41325802,0.6013223,0.6396273,0.64638054,0.81687695,0.6976272,0.6133724,0.64390033,0.6386087,0.49844798,0.41486448,1.6810123,0.636382,0.6449527,0.5977346,0.49127823,0.623937,0.6461284,0.6473675,0.8979576,0.49409312,0.61729056,0.6438496,0.6396146,0.49830866,0.41620708,0.62924755,-0.304123,0.64034057,0.49926382,0.644169,-0.26381022,0.6455549,0.46190175,0.64762735,0.6335256,0.6176677,0.7356856,0.6400781,0.49887162,0.6421689,0.60080075,-0.31538883,0.6370309,0.4967602,0.63704586,0.8208664,0.67436254,0.6401662,0.49783847,0.63330877,-0.32128388,0.64404213,0.63923275,0.4984256,0.416452,0.60401666,0.6445271,0.6191756,0.62621963,0.63285494,0.624001,0.64368486,0.6383134,0.49861225,0.40707052,-0.2555955,0.64216685,0.63892806,0.49750274,-0.30212936
k__Bacteria|p__Firmicutes|c__Clostridia|o__Clostridiales|f__Lachnospiraceae|g__Anaerostipes|s__unclassified,-0.32913107,-0.3428875,-0.341327,-0.26745683,-0.35537535,-0.33136106,-0.34271878,-0.34148383,-0.26605207,-0.22118913,-0.33286068,-0.34423035,0.77100706,-0.3459221,-0.33910826,-0.32212394,-0.34025106,-0.3397742,-0.26528272,-0.21990135,-0.33578193,-0.34444523,-0.3419873,-0.26628405,-0.22127137,-0.3366719,-0.34023508,-0.34535962,0.42949596,-0.2626248,-0.32600623,-0.34196234,-0.34132308,-0.26628482,-0.2221806,-0.33537674,-0.34357232,-0.34152967,-0.26604792,-0.345838,-0.33476144,-0.34423524,-0.3456632,-0.3421979,-0.2636147,-0.31365833,-0.3359878,-0.33786505,-0.2652014,-0.2211825,-0.27991652,-0.34424454,-0.27204362,-0.3454966,-0.33713448,-0.33690572,-0.3446579,-0.34510493,-0.34445426,-0.26274905,-0.33237392,-0.32914695,-0.35751456,-0.3593669,-0.34008908,-0.32100677,-0.3395661,-0.3393048,-0.2665707,-0.22244124,-0.3348638,-0.34452835,-0.34207776,-0.26651338,-0.2200466,-0.32341477,-0.34050202,-0.34458467,0.7983407,0.68022823,-0.32846835,-0.34296447,-0.33994812,-0.2659098,-0.22132574,-0.2547989,-0.3405943,-0.34428012,-0.35418794,-0.2615882,-0.33412528,-0.344339,-0.34482956,-0.3423161,-0.26335675,-0.33083606,-0.3435471,-0.34058878,-0.26580346,-0.22176757,-0.3334018,-0.304123,-0.3417829,-0.26674286,-0.34323376,-0.26381022,-0.34484524,0.44263703,-0.34572494,-0.33708033,-0.3282053,-0.35637724,-0.3415586,-0.26637602,-0.34191725,-0.31954443,-0.31538883,-0.33977416,-0.26530042,-0.33851433,-0.34652692,-0.35169965,-0.34169734,-0.26600754,-0.33600384,-0.32128388,-0.34330237,-0.3405838,-0.26641095,-0.22225782,-0.32509595,-0.34286118,-0.35489932,-0.35925305,-0.33709198,-0.33311546,-0.34224856,-0.34123698,-0.26635844,-0.21771204,-0.2555955,-0.34237814,-0.3402974,-0.2654807,-0.30212936
k__Bacteria|p__Firmicutes|c__Clostridia|o__Clostridiales|f__Lachnospiraceae|g__Lachnobacterium|s__unclassified,-0.32864797,-0.34394827,-0.34146702,-0.26690832,0.6935172,-0.33120614,-0.3435996,-0.34161615,-0.26689696,-0.22267006,-0.3315724,-0.34432006,-0.34527826,-0.3458194,-0.33963436,-0.32139808,-0.34208238,-0.34030786,-0.26630488,-0.22131857,-0.33444682,-0.34450835,-0.34186012,-0.26685658,-0.22294469,-0.3366719,-0.3411654,-0.3452534,-0.35797155,-0.26295954,-0.32591313,-0.34320405,-0.3415281,-0.2669102,-0.22331783,-0.33513138,-0.34423167,-0.341631,-0.2666502,-0.345838,-0.33461875,-0.34487954,-0.3460698,0.85656536,-0.2642345,-0.30953166,-0.33864403,-0.33905518,-0.26640683,-0.222937,-0.27991652,-0.34404957,-0.27204362,-0.3451178,-0.33784795,-0.33729452,-0.34554046,-0.345599,-0.34445426,-0.26370668,-0.3330405,-0.32914695,-0.35751456,0.45600253,-0.34037152,-0.3183943,-0.3404307,-0.34074998,-0.26667613,-0.22354753,-0.33389142,-0.34486833,-0.34147817,-0.2667387,-0.22145092,-0.32130808,-0.3418398,-0.34527266,0.7999901,0.6884909,-0.32767028,-0.34389234,-0.34128034,-0.26696953,-0.22228226,-0.2547989,-0.3400435,-0.34484202,-0.35418794,-0.26269424,-0.3329444,-0.34517792,-0.3461361,-0.3423161,-0.26422736,-0.32952657,-0.3438118,-0.34153992,-0.26674682,-0.2231462,-0.33517966,-0.304123,-0.3418225,-0.26713777,-0.34381506,-0.26381022,-0.34478465,0.48958606,-0.34574544,-0.3378062,-0.3286982,-0.35637724,-0.34188443,-0.26692003,-0.3427914,-0.3188832,-0.31538883,-0.3401688,-0.26587307,-0.34009722,-0.34652692,-0.35169965,-0.3415857,-0.2665394,-0.33729875,-0.32128388,-0.34412158,-0.34152675,-0.26661962,-0.22322945,-0.32333502,-0.34455794,-0.35489932,0.68034375,-0.3374135,-0.33312768,-0.34365326,-0.3404364,-0.2668173,-0.21782835,-0.2555955,-0.34312734,-0.3412844,-0.26631522,-0.30212936
k__Bacteria|p__Firmicutes|c__Clostridia|o__Clostridiales|f__Lachnospiraceae|g__[Ruminococcus]|s__unclassified,0.5262338,0.55340385,0.5506829,0.43053174,-0.35537535,0.5328545,0.5529132,0.5507186,0.42876688,0.35714167,0.533136,0.5553018,0.79552764,0.5581875,0.5474775,0.5154556,0.5485742,0.54810095,0.42804545,0.35486978,0.53819144,0.55560565,0.55111516,0.42918703,0.35749143,-0.3366719,0.54950416,0.5572486,0.5513963,0.42382887,0.52439934,0.55227625,0.5502154,0.42923605,0.35848272,0.53872216,0.55389774,0.5508653,0.42885995,0.6387221,0.5389208,0.55575186,0.55758554,0.7962162,0.42496887,0.50273514,0.5422723,0.545027,0.42778325,0.3575003,-0.27991652,0.5552023,-0.27204362,0.5571,0.5442683,0.5402936,0.55620325,0.55714244,0.79647356,0.42394802,0.5416372,-0.32914695,0.6165841,0.6970297,0.54907066,0.515563,0.54849714,0.5475985,0.42918515,0.35864362,0.53666675,0.55522895,0.55084175,0.42932343,0.3552628,0.51563096,0.5491246,0.5561701,0.80009997,0.7231708,0.52589124,0.5539541,0.5491855,0.4288909,0.35648394,-0.2547989,0.54712874,0.5550349,0.5901889,0.42190203,0.5338677,0.5554466,0.5566959,0.8625987,0.4251504,0.53212607,0.5538763,0.5499387,0.42871004,0.35767144,0.54476273,-0.304123,0.5512555,0.42993543,0.553986,-0.26381022,0.5553471,0.44852638,0.5577067,0.54512656,0.53436494,0.5520807,0.55090904,0.42953008,0.55217904,0.52033967,-0.31538883,0.54771143,0.42745447,0.5466816,-0.34652692,-0.35169965,0.55140734,0.4282695,0.5432749,1.0963683,0.5533887,0.549736,0.42919934,0.35845435,0.5222025,0.5538134,0.67375296,0.5893896,0.54439175,0.5343801,0.552748,0.5499084,0.42931268,0.34975636,-0.2555955,0.552235,0.54905343,0.42795616,-0.30212936
k__Bacteria|p__Firmicutes|c__Clostridia|o__Clostridiales|f__Lachnospiraceae|g__Roseburia|s__faecis,-0.3314189,-0.34605682,-0.34388158,-0.26878268,0.6590797,-0.33531868,-0.34555507,-0.34389293,-0.26788783,-0.22377758,-0.3360387,-0.34695756,-0.34527826,-0.34836543,-0.34211758,-0.32474244,-0.34352604,-0.34241566,-0.26758584,-0.22246623,-0.3390668,-0.3471553,-0.34412402,-0.2682249,-0.22420567,-0.3366719,-0.3436951,-0.3479941,-0.35797155,-0.2653838,-0.33048669,-0.3453853,-0.3436423,-0.26817697,-0.22454044,-0.3384086,-0.34609282,-0.34403315,-0.2679702,-0.345838,-0.33823538,-0.34739652,-0.34808543,-0.3421979,-0.26603132,-0.31562924,-0.34000456,-0.34094077,-0.26759368,-0.2241212,-0.27991652,-0.34708124,-0.27204362,-0.34790277,-0.3405924,-0.3403327,-0.3474777,-0.34804934,-0.34445426,-0.26563555,-0.33977675,-0.32914695,0.4589157,0.4519648,-0.34389764,-0.3257473,-0.34311885,-0.3423637,-0.26809618,-0.2244809,-0.33695066,-0.34703502,-0.34398007,-0.26825616,-0.22289157,-0.32450968,-0.3436758,-0.3473789,-0.34404397,-0.35182393,-0.33037236,-0.346298,-0.34322363,-0.2680346,-0.22340477,-0.2547989,-0.34291834,-0.34683582,-0.35418794,-0.26455256,-0.33475357,-0.3470613,-0.34770554,-0.3423161,-0.26603487,-0.33368796,-0.34619883,-0.3438027,-0.26799503,-0.22414413,-0.34212774,-0.304123,-0.344212,-0.26848197,-0.3464494,-0.26381022,-0.3473171,0.43378884,-0.34820282,-0.3410108,-0.33515367,-0.35637724,-0.3439703,-0.26833537,-0.34554717,-0.32812917,-0.31538883,-0.3422127,-0.26713887,-0.3421916,-0.34652692,-0.35169965,-0.3442806,-0.26778787,-0.34054404,-0.32128388,-0.34591275,-0.3434326,-0.26826173,-0.22450486,-0.32712263,-0.34661776,-0.35489932,0.548889,-0.34073904,-0.33669895,-0.3461175,-0.34357432,-0.2682905,-0.21954966,-0.2555955,-0.3456685,-0.343118,-0.26747867,-0.30212936
k__Bacteria|p__Firmicutes|c__Clostridia|o__Coriobacteriales|f__Coriobacteriaceae|g__Collinsella|s__unclassified,0.009270899,0.0017827228,0.00092515897,0.0005007203,0.6595696,0.007761091,0.0017294362,0.0010020996,0.0009762246,0.002119109,0.008618511,0.0013629794,-0.34527826,0.0007891692,0.0018760624,0.012123268,0.0030329935,0.0016185469,0.0011605625,0.0027160086,0.006801173,0.0013218373,0.0008532207,0.00095709384,0.002157648,-0.3366719,0.0022732466,0.0009883009,0.46741116,0.0024301084,0.009697571,0.0019235834,0.0011134818,0.00085910887,0.0018607035,0.0059541613,0.0015310831,0.00091401255,0.00096801494,-0.345838,0.006052643,0.0013428144,0.000885386,-0.3421979,0.0021693725,0.014839098,0.0044129454,0.0022674352,0.0013634273,0.0021103625,1.4962558,0.0014088564,1.6950942,0.0010096021,0.0027806414,0.0065324977,0.0012762062,0.0009730831,-0.34445426,0.00236901,0.0051838197,1.2833103,0.5481559,0.523304,0.0033250526,0.013870649,0.0027850159,0.00165177,0.00094900775,0.0017555335,0.007050276,0.0015415922,0.0009926762,0.00086821045,0.002767045,0.01245036,0.0028922707,0.0012503266,-0.34404397,-0.35182393,0.0096025355,0.0017282739,0.0013532909,0.0009919305,0.0023459694,-0.2547989,0.0037217326,0.0017196387,-0.35418794,0.003095081,0.006729085,0.0012953989,0.0010152608,1.0107532,0.0020602196,0.0072686486,0.0017024577,0.0011238012,0.0010578166,0.0020363114,0.0042833276,-0.304123,0.0008727564,0.0006792059,0.0019730553,-0.26381022,0.0016465411,-0.35609764,0.0009197183,0.0024051378,0.006803289,-0.35637724,0.0009578029,0.0007956768,0.002477847,0.011016078,-0.31538883,0.0016720161,0.0012955626,0.003666684,1.2618014,0.7418935,0.0007638382,0.0012119303,0.004609514,1.4097918,0.0017825477,0.0012021015,0.0008784449,0.0018197354,0.009869244,0.0019904897,1.5098628,0.5501621,0.0027363352,0.008185882,0.002030246,0.0013257707,0.0008946409,0.004267865,-0.2555955,0.0023391843,0.0014123415,0.0010926643,-0.30212936
k__Bacteria|p__Firmicutes|c__Clostridia|o__Clostridiales|f__Ruminococcaceae|g__Oscillospira|s__unclassified,0.53767955,0.5589258,0.5547739,0.4338895,0.76004577,0.5411217,0.5585504,0.5547999,0.433245,0.36222664,0.54062915,0.5597997,0.9072264,0.5619253,0.5521621,0.52674484,0.555524,0.55283916,0.43259108,0.36040667,0.5461899,0.55971235,0.55495334,0.43336144,0.36252883,1.227059,0.55533636,0.5609467,0.45331016,0.42833123,0.53438956,0.5577898,0.5545718,0.43349624,0.3631676,0.54648054,0.5592097,0.55512846,0.43317297,0.63204926,0.5462324,0.5604303,0.561668,0.8244386,0.42995024,0.5111741,0.55081856,0.55089927,0.43260658,0.36251163,-0.27991652,0.55959463,-0.27204362,0.56100917,0.5495434,0.54881984,0.560837,0.56139374,0.82920945,0.42913926,0.54420877,-0.32914695,0.46445873,0.4809802,0.5544588,0.5239775,0.55424565,0.55317605,0.4331165,0.36334336,0.54414976,0.5599667,0.5546317,0.4333673,0.36045125,0.5265203,0.5555035,0.56060016,0.93455833,1.316892,0.5357677,0.5587965,0.5541038,0.43328273,0.361659,-0.2547989,0.55262226,0.55951464,0.6446856,0.4277038,0.54358315,0.5605591,0.5615589,1.0170707,0.4298073,0.53835183,0.558753,0.5547904,0.43315768,0.3628018,0.54709697,-0.304123,0.55526674,0.43386412,0.5589393,-0.26381022,0.5598876,0.6665277,0.5616083,0.5498707,0.53833556,0.57083607,0.55511177,0.43356854,0.55735135,0.5253444,-0.31538883,0.5527009,0.4319615,0.5535122,-0.34652692,-0.35169965,0.55519915,0.432876,0.5503422,-0.32128388,0.5588735,0.5545603,0.43320784,0.36288702,0.5288545,0.55943334,0.5807752,0.5899332,0.549386,0.54344517,0.5584913,0.55370265,0.43338,0.35572168,1.6988811,0.55733025,0.55411786,0.43250626,-0.30212936
k__Bacteria|p__Firmicutes|c__Clostridia|o__Clostridiales|f__Lachnospiraceae|g__[Ruminococcus]|s__gnavus,0.6477194,0.67782855,0.67397493,0.52704644,0.66494286,0.6551249,0.67693174,0.6742302,0.5259895,0.4392801,0.65581685,0.6796475,0.77999336,0.68276626,0.67010444,0.6348352,0.6733947,0.67132914,0.52501786,0.43678167,0.66123736,0.6799955,0.6747829,0.52649873,0.44000995,1.0125692,0.6731926,0.68174714,0.5054828,0.52001756,0.64638776,0.6765528,0.6739043,0.5263512,0.44096893,0.6611031,0.67825985,0.67429435,0.52600944,0.62949544,0.66134995,0.680527,0.6828933,-0.3421979,0.52169544,0.6185237,0.6665653,0.6684414,0.5250095,0.44013777,-0.27991652,0.6799027,-0.27204362,0.6815617,0.66692924,0.6653979,0.6816637,0.68209696,0.85264605,0.52050376,0.66489863,1.0426308,0.5773523,0.5461265,0.6727384,0.635744,0.6724915,0.67154145,0.5261915,0.44100457,0.65941405,0.6805241,0.6743938,0.52628815,0.43733954,0.634933,0.67385685,0.68137586,0.79663336,0.6827779,0.6474992,0.6784586,0.6728413,0.5262852,0.43860748,-0.2547989,0.67199266,0.68043745,0.577855,0.5185853,0.6545763,0.6802847,0.6822053,0.8690627,0.5217652,0.65221757,0.6782253,0.6737655,0.5259407,0.43997845,0.6682379,1.2441568,0.6747283,0.52701354,0.6782911,1.635775,0.6807301,0.48622808,0.6824307,0.6680641,0.6558402,0.68252516,0.67450535,0.5265257,0.67673147,0.63959324,-0.31538883,0.67099005,0.52424026,0.6707945,0.87753177,0.67468995,0.6743239,0.52507925,0.66697764,-0.32128388,0.6782049,0.6733062,0.5261485,0.44071984,0.6397155,0.67929006,0.60039437,0.552915,0.6669035,0.65865195,0.6779077,0.6724453,0.5263543,0.4307849,1.698404,0.6773418,0.67328227,0.5251341,1.3474727
k__Bacteria|p__Firmicutes|c__Erysipelotrichi|o__Erysipelotrichales|f__[Coprobacillaceae]|g__unclassified|s__unclassified,0.7234439,0.75410974,0.74912727,0.58636063,0.66284585,0.72859395,0.7536075,0.7492548,0.5850788,0.48866117,0.7280803,0.7557257,0.82160896,0.7589724,0.74509215,0.7083086,0.749158,0.7463337,0.58401334,0.48602846,0.73586357,0.7557001,0.7495354,0.58541465,0.48902237,-0.3366719,0.7490495,0.7574972,0.5800408,0.5779317,0.71932155,0.75252956,0.74896586,0.58550256,0.4902528,0.73608255,0.7546958,0.7496886,0.5851292,0.6509977,0.736125,0.75644064,0.75858265,0.79463726,0.5802684,0.6880562,0.74225783,0.74330497,0.5839731,0.4890559,-0.27991652,0.7555742,-0.27204362,0.75772357,0.741208,0.7392329,0.7572272,0.75796765,0.8555135,0.5788212,0.73364675,-0.32914695,0.46235982,0.54816145,0.74773127,0.7046165,0.7476994,0.7465095,0.58518803,0.4904715,0.7335888,0.7561282,0.74932545,0.58542037,0.48611775,0.70818543,0.7493848,0.75695103,0.7960268,0.68943995,0.7216652,0.7540682,0.74774945,0.5851038,0.48799765,-0.2547989,0.7460027,0.7555096,-0.35418794,0.5767604,0.73216516,0.7566093,0.7579744,0.8797972,0.5800308,0.7251035,0.75412095,0.7488345,0.58490396,0.48946175,0.7374544,-0.304123,0.7499298,0.5861564,0.75414896,-0.26381022,0.75606084,0.72533417,0.7584419,0.7418289,0.7254385,0.9204829,0.7496458,0.58563703,0.7518427,0.7067224,1.7488943,0.7461778,0.58332,0.7461128,0.8640867,0.68359846,0.749756,0.58448225,0.741465,1.1339251,0.75426614,0.74854875,0.58516294,0.4898656,0.712063,0.75465095,0.8837324,0.5678871,0.7411119,0.7319124,0.7534468,0.7478186,0.58537716,0.47957054,1.696971,0.75218546,0.74819815,0.5840332,-0.30212936
k__Bacteria|p__Firmicutes|c__Clostridia|o__Clostridiales|f__unclassified|g__unclassified|s__unclassified,0.60521406,0.6323768,0.6283734,0.49149674,0.6732873,0.60788965,0.63234174,0.6286231,0.49094605,0.40876147,0.6060747,0.6335981,0.80284095,0.6367607,0.62453645,0.5915104,0.62847996,0.62622786,0.48955336,0.40656304,0.61362994,0.63348436,0.628943,0.49079427,0.4086551,-0.3366719,0.62754655,0.635049,0.48171052,0.4830401,0.6000143,0.6307895,0.6285,0.49106544,0.4100772,0.6152163,0.6334001,0.62878776,0.49062297,0.64077854,0.6152883,0.63407654,0.63677853,0.80964893,0.48575196,0.5728258,0.62259793,0.6233932,0.489484,0.40884498,1.4631114,0.6329635,-0.27204362,0.6352566,0.6205712,0.61748254,0.63550526,0.6355705,0.83149326,0.48414576,0.608797,-0.32914695,0.63153327,0.49847043,0.62526035,0.58456355,0.6264348,0.6264864,0.49079376,0.4107051,0.6136144,0.6342715,0.6285056,0.49073094,0.4060416,0.5922756,0.6286998,0.6351638,0.9062131,0.6938568,0.6044576,0.6320507,0.6272483,0.49076968,0.4082743,-0.2547989,0.6241472,0.6338448,0.6157706,0.48243624,0.6142891,0.63498926,0.6364943,0.89727926,0.48552597,0.60534257,0.6323824,0.6277518,0.49038893,0.4094781,0.61087847,1.2357613,0.629105,0.4916711,0.63186634,-0.26381022,0.63359547,0.45518616,0.6362627,0.62076986,0.60253483,0.6739755,0.6291665,0.49100646,0.62962794,0.58292127,1.2118604,0.6260606,0.4891353,0.6255735,-0.34652692,0.66448945,0.62859136,0.48996738,0.62057614,-0.32128388,0.6329969,0.6281513,0.49029613,0.40959895,0.59470713,0.6324258,-0.35489932,0.77478206,0.6200248,0.6111733,0.63096213,0.6263818,0.49062335,0.4008617,-0.2555955,0.6297926,0.62781894,0.4898102,-0.30212936
k__Bacteria|p__Firmicutes|c__Clostridia|o__Clostridiales|f__Lachnospiraceae|g__Coprococcus|s__unclassified,0.57020843,0.59242487,0.58752203,0.45894128,0.73515356,0.57330775,0.5922236,0.58772755,0.45936522,0.38461474,0.5702795,0.592862,0.7785012,0.5948944,0.58485925,0.55929327,0.5901563,0.5862537,0.45859125,0.38290897,0.57651275,0.5927031,0.5877023,0.45942628,0.38471666,0.9384766,0.5896238,0.5937027,0.6096242,0.45412445,0.56817496,0.5918002,0.58782125,0.45946968,0.38546106,0.5785967,0.592844,0.58802974,0.45936814,0.63729596,0.57869744,0.5935615,0.5953824,0.804968,0.4558298,0.54431343,0.5861504,0.5847616,0.45861912,0.38495812,-0.27991652,0.5928109,-0.27204362,0.5938139,0.5826088,0.5800295,0.5947374,0.59458655,0.82035124,0.45480675,0.57793534,-0.32914695,0.5162732,0.6339753,0.5872935,0.5535814,0.58873546,0.5871624,0.45892006,0.3856792,0.57611537,0.5935982,0.5873849,0.45900077,0.3826238,0.5585751,0.5899308,0.5945576,0.800045,0.6859558,0.56906176,0.5922413,0.587382,0.4595096,0.38388947,-0.2547989,0.58613217,0.5933905,0.5723917,0.45358706,0.57603955,0.5940292,0.59546244,0.8924129,0.45598572,0.57130146,0.591866,0.587829,0.45917657,0.38487518,0.5805452,-0.304123,0.588071,0.45976782,0.59190464,1.5911585,0.59289825,0.46035215,0.59456027,0.58334434,0.57258093,0.57092756,0.588189,0.4594016,0.5906634,0.5576079,-0.31538883,0.5862243,0.45795953,0.58807373,-0.34652692,0.66647184,0.5875052,0.45826927,0.58492494,-0.32128388,0.592771,0.58770704,0.4586963,0.38496387,0.5614127,0.5927681,0.60376745,0.56524485,0.5821676,0.575294,0.59227633,0.5854411,0.459058,0.37762573,-0.2555955,0.5908991,0.5881776,0.45883632,-0.30212936
k__Bacteria|p__Firmicutes|c__Clostridia|o__Clostridiales|f__Lachnospiraceae|g__Blautia|s__unclassified,0.9647497,0.98838717,0.97948235,0.76492244,0.9079704,0.9675402,0.9877336,0.9800552,0.7652415,0.641977,0.9669429,0.98935103,0.8280244,0.99169075,0.9760231,0.9502354,0.9862393,0.97787446,0.76411694,0.6398804,0.97302276,0.9887589,0.9799118,0.7659634,0.6421715,1.051964,0.98463225,0.99000406,0.99856985,0.75942314,0.96069014,0.9875095,0.9807147,0.76554966,0.643412,0.9737123,0.98889136,0.9809904,0.7658684,0.75151056,0.97275895,0.9900977,0.9925233,0.98651564,0.7616858,0.93207127,0.98012877,0.9762614,0.76452947,0.642336,-0.27991652,0.9900915,-0.27204362,0.99099433,0.9741549,0.9775805,0.9916318,0.9914032,1.2984098,0.75987697,0.9705619,1.0508461,0.94950444,1.2231747,0.9834078,0.9468415,0.9835447,0.9794465,0.7650811,0.6433759,0.97190785,0.99121654,0.980621,0.7653034,0.6399555,0.9512435,0.9854477,0.9914456,0.8869102,1.08317,0.96203023,0.98783827,0.97893274,0.76540756,0.6416636,-0.2547989,0.9844755,0.99065083,0.7192242,0.75902605,0.9702407,0.99058235,0.9918717,0.9598016,0.76125276,0.96361935,0.9877229,0.9805052,0.76512253,0.6424781,0.97298646,1.2632031,0.9807177,0.76588804,0.98843974,1.8742163,0.9910418,0.8387467,0.991323,0.97451955,0.96353525,0.986096,0.980595,0.7654045,0.98699313,0.94670993,-0.31538883,0.97862387,0.76362634,0.9832455,0.96944344,0.80582124,0.97952795,0.7644546,0.97937924,1.1094509,0.9892893,0.9796047,0.76485294,0.64274156,0.951085,0.98942614,0.7176064,0.8475078,0.9736632,0.9717424,0.98932236,0.9780528,0.7652578,0.63436973,1.9773284,0.9882285,0.98165536,0.764657,1.34904
k__Bacteria|p__Firmicutes|c__Clostridia|o__Clostridiales|f__Lachnospiraceae|g__unclassified|s__unclassified,0.85166466,0.88244325,0.87524223,0.68428206,1.0157968,0.85569394,0.8819547,0.8754047,0.6834916,0.57183194,0.8546486,0.8836582,1.5400438,0.88644445,0.87131476,0.83465415,0.878023,0.8726677,0.68252325,0.5691342,0.86291045,0.88318354,0.87537766,0.6839638,0.57211745,-0.3366719,0.87778693,0.88480204,0.8771827,0.6763683,0.84633005,0.88112473,0.8754804,0.68396807,0.5733136,0.86376727,0.8829129,0.87635636,0.6838542,0.90951025,0.86320543,0.8843645,0.88628423,0.908455,0.67878616,0.8126104,0.87116325,0.87023914,0.6826109,0.57208526,-0.27991652,0.88365674,-0.27204362,0.8855088,0.8678322,0.86669934,0.8850491,0.8858168,1.1337212,0.67725074,0.8603437,-0.32914695,0.7886678,0.77875704,0.87564564,0.8293374,0.87580234,0.873585,0.68336695,0.57349765,0.8604758,0.8842,0.8755624,0.68382,0.5691013,0.83482766,0.8776077,0.8848934,1.0452685,0.90504944,0.8483025,0.8819256,0.8742266,0.6835358,0.5711568,-0.2547989,0.87443227,0.8833691,0.8079342,0.6753088,0.8603151,0.8847009,0.88581586,1.2033944,0.6785031,0.85214937,0.88179886,0.8757311,0.6834147,0.57258695,0.8643332,-0.304123,0.8762079,0.6844576,0.8822304,1.6662139,0.8840859,0.7752667,0.88591826,0.8681763,0.8519831,1.1063643,0.8758999,0.6840145,0.87976265,0.8325059,-0.31538883,0.87300694,0.68174857,0.8744037,0.8935403,0.806204,0.87591624,0.68304384,0.8693841,-0.32128388,0.88250625,0.87501705,0.68349457,0.5727762,0.8378916,0.88295114,0.7335886,1.017091,0.8675253,0.85940754,0.882267,0.8739873,0.68381,0.5622535,1.7031658,0.88058627,0.8753943,0.68262154,1.3508891
k__Bacteria|p__Firmicutes|c__Clostridia|o__Clostridiales|f__Peptostreptococcaceae|g__unclassified|s__unclassified,0.22867486,0.2399269,0.23867327,0.1875998,-0.35537535,0.23179612,0.2396556,0.2387481,0.18701664,0.15678,0.23176639,0.24059226,0.77100706,0.24174732,0.23738226,0.22457306,0.23816556,0.23775718,0.18670553,0.15588541,0.23362961,0.24093331,0.23897082,0.18721168,0.15703632,1.3680016,0.23842439,0.24150959,-0.35797155,0.1851362,0.22865823,0.23960924,0.23852286,0.18716463,0.15741184,0.23414224,0.24008472,0.23866114,0.187029,0.6246894,0.23414436,0.2408925,0.24169803,0.79328185,0.18553022,0.2192269,0.23572715,0.23659159,0.18662322,0.1570917,-0.27991652,0.24069202,-0.27204362,0.2413054,0.23619641,0.2348254,0.24120942,0.24142173,0.79539293,0.18513837,0.23655841,-0.32914695,0.6618733,0.46937335,0.23823994,0.22440907,0.23819368,0.23753375,0.18719208,0.15742506,0.23312363,0.24073231,0.23878452,0.18717583,0.15607995,0.22399272,0.23841828,0.24116832,-0.34404397,0.6832552,0.22891173,0.24028988,0.23816067,0.18713367,0.15654162,-0.2547989,0.23770915,0.2408055,0.577855,0.18431629,0.23153457,0.24067546,0.24133186,-0.3423161,0.18566053,0.23157585,0.24013852,0.23836035,0.18700527,0.15700386,0.23784468,-0.304123,0.23888011,0.18744744,0.24010244,-0.26381022,0.2408503,0.46255088,0.24161547,0.23668107,0.23325801,0.57165945,0.23878747,0.18728402,0.2395688,0.2273792,-0.31538883,0.23752733,0.1864768,0.23724017,-0.34652692,-0.35169965,0.23887345,0.18666783,0.23602685,-0.32128388,0.23998159,0.23829424,0.18715745,0.1573988,0.2273938,0.24016221,0.6197281,0.5556603,0.23627073,0.23226416,0.23974435,0.23818247,0.1872074,0.15372661,-0.2555955,0.23974422,0.23812348,0.18674424,1.4374177
k__Bacteria|p__Firmicutes|c__Clostridia|o__Clostridiales|f__Lachnospiraceae|g__Dorea|s__unclassified,0.16605768,0.18650208,0.18762794,0.14832151,0.66528386,0.17128977,0.1862759,0.18713516,0.14530161,0.118669055,0.17222895,0.1885719,-0.34527826,0.19051139,0.18484965,0.15705705,0.18104611,0.18461385,0.14492156,0.11683563,0.17806889,0.18871015,0.18781796,0.14552394,0.118996024,1.1751932,0.18339896,0.1901845,0.43032664,0.14149946,0.16365583,0.1851056,0.18635118,0.14590316,0.11976471,0.17619386,0.18695895,0.1874156,0.14524144,0.62485,0.17615597,0.18857893,0.18900897,0.79711735,0.14241515,0.14581306,0.17601056,0.18191317,0.14446658,0.11873689,-0.27991652,0.18841249,-0.27204362,0.19004577,0.1816055,0.17757723,0.18769339,0.18948221,0.8394781,0.14203271,0.17463256,1.0521864,0.4792169,0.49962017,0.18316796,0.15734951,0.18219483,0.18351325,0.14601725,0.119849175,0.17403238,0.1873735,0.1874947,0.14639246,0.11721892,0.15716879,0.18208735,0.18763952,-0.34404397,0.69574374,0.16412671,0.18678138,0.18545967,0.14510095,0.11837167,-0.2547989,0.18084225,0.18644404,-0.35418794,0.1398313,0.17322496,0.18806498,0.18824382,-0.3423161,0.14211202,0.1697323,0.18751137,0.18650937,0.14527576,0.11944787,0.17836234,-0.304123,0.18774985,0.14652431,0.18701574,-0.26381022,0.18800616,0.44872886,0.19011393,0.1822605,0.16899635,0.55719703,0.18706487,0.14625385,0.18504652,0.1594001,-0.31538883,0.18420725,0.1445183,0.1798145,-0.34652692,0.67184865,0.1886172,0.14572948,0.17732988,-0.32128388,0.18596451,0.18615305,0.1465812,0.11993092,0.16155475,0.18634754,0.5825921,-0.35925305,0.18219739,0.17178662,0.18538886,0.18810143,0.14621389,0.11355361,-0.2555955,0.18486325,0.18427446,0.14457306,-0.30212936
k__Bacteria|p__Firmicutes|c__Clostridia|o__Clostridiales|f__Veillonellaceae|g__unclassified|s__unclassified,0.43147528,0.50484663,0.50716925,0.39852184,0.6928068,0.44157124,0.5044633,0.50738806,0.39569184,0.32057732,0.43769783,0.5083389,-0.34527826,0.5155575,0.49774843,0.3962443,0.4933114,0.5008925,0.39289683,0.31464353,0.45683205,0.50829023,0.50834286,0.39586717,0.32083398,-0.3366719,0.49404234,0.5121856,0.43488315,0.37790215,0.4203742,0.5014316,0.50677264,0.3964274,0.32401127,0.46070415,0.50694954,0.5082222,0.39546004,-0.345838,0.46093142,0.5094627,0.51505935,-0.3421979,0.38343686,0.35003763,0.47794324,0.49399328,0.39237612,0.32102883,-0.27991652,0.5073861,-0.27204362,0.5126259,0.4880382,0.46488512,0.5116714,0.5131897,0.82737863,0.37996924,0.45319498,1.0764551,0.63104934,0.609275,0.48788667,0.38045925,0.49002373,0.50127023,0.39569652,0.3251629,0.45445144,0.50893176,0.5075159,0.3961026,0.31402066,0.39571047,0.49396175,0.5111674,1.016487,0.9665778,0.42820114,0.50451463,0.50385606,0.39544934,0.31918997,-0.2547989,0.484492,0.5076495,0.73814005,0.37473655,0.4550783,0.5106185,0.51393664,-0.3423161,0.38317794,0.43733305,0.5049006,0.5060008,0.3948056,0.3224287,0.46136034,1.2562064,0.50876665,0.39800608,0.50390434,-0.26381022,0.50805306,0.50472647,0.5143396,0.48925948,0.4352395,0.55877316,0.50839436,0.39662862,0.4981022,0.38757855,-0.31538883,0.5006459,0.3915791,0.48597044,1.0063174,0.69028187,0.50845665,0.39390078,0.4738862,1.1901795,0.5054384,0.5058775,0.3954164,0.32329652,0.408646,0.50477517,-0.35489932,-0.35925305,0.48723477,0.44775903,0.50220704,0.5033462,0.39588252,0.29964057,-0.2555955,0.49917245,0.50472975,0.3933396,-0.30212936
k__Bacteria|p__Bacteroidetes|c__Bacteroidia|o__Bacteroidales|f__Bacteroidaceae|g__Bacteroides|s__caccae,-0.3413664,-0.35272157,-0.34919775,-0.2716517,-0.35537535,-0.34435886,-0.35221973,-0.34934998,-0.27254418,-0.22921403,-0.34293938,-0.3525061,-0.34527826,-0.3535506,-0.34835505,-0.33578166,-0.35198978,-0.34874445,-0.27244297,-0.22840336,-0.34581345,-0.35252744,-0.34902856,-0.27274343,-0.229686,-0.3366719,-0.35117424,-0.35308295,-0.35797155,-0.27095038,-0.34163475,-0.35265937,-0.3493634,-0.2725749,-0.22959544,-0.3462469,-0.352337,-0.3495419,-0.27265733,-0.345838,-0.34611815,-0.3534649,-0.35392028,-0.3421979,-0.27151844,-0.326339,-0.3498948,-0.3483401,-0.2727149,-0.22981565,-0.27991652,-0.35280007,-0.27204362,-0.3529055,-0.34793705,-0.34852853,-0.35391596,-0.35376015,-0.34445426,-0.2712398,-0.34931815,-0.32914695,-0.35751456,-0.3593669,-0.351268,-0.3349152,-0.35100174,-0.34959167,-0.2720536,-0.22934912,-0.34428278,-0.35312834,-0.34881362,-0.27222565,-0.22861959,-0.3346383,-0.35134366,-0.35376364,-0.34404397,-0.35182393,-0.33979762,-0.3528403,-0.34983468,-0.27291128,-0.2286284,-0.2547989,-0.34966213,-0.35324636,-0.35418794,-0.2709194,-0.34257525,-0.3532228,-0.3542053,-0.3423161,-0.2716922,-0.34161368,-0.3520074,-0.34995788,-0.27276027,-0.22930138,-0.35115212,-0.304123,-0.34951743,-0.27258235,-0.3529142,-0.26381022,-0.35301483,-0.35609764,-0.35344085,-0.34858662,-0.34568375,-0.35637724,-0.3495905,-0.2725945,-0.3527937,-0.339296,-0.31538883,-0.34866405,-0.27180302,-0.35132253,-0.34652692,-0.35169965,-0.3491322,-0.27192783,-0.35056433,-0.32128388,-0.35262877,-0.349647,-0.27212632,-0.22921667,-0.33513844,-0.35371417,-0.35489932,-0.35925305,-0.34774476,-0.34586573,-0.3533407,-0.3479758,-0.27244255,-0.22512184,-0.2555955,-0.35256648,-0.35010254,-0.2723441,-0.30212936
k__Bacteria|p__Bacteroidetes|c__Bacteroidia|o__Bacteroidales|f__Porphyromonadaceae|g__Dysgonomonas|s__unclassified,-0.3425787,-0.34938103,-0.34654176,-0.27153355,-0.35537535,-0.34244207,-0.34951586,-0.34647316,-0.270819,-0.22652474,-0.34256917,-0.34981498,-0.34527826,-0.35086268,-0.34534848,-0.33844608,-0.34753156,-0.34556836,-0.27025598,-0.22597134,-0.34548318,-0.34995958,-0.34681976,-0.2705266,-0.226499,-0.3366719,-0.3473693,-0.35044786,-0.35797155,-0.26809746,-0.3396559,-0.34848082,-0.34619105,-0.27080294,-0.22693679,-0.34500134,-0.3498258,-0.34635463,-0.27042055,-0.345838,-0.34482503,-0.34987518,-0.3504889,-0.3421979,-0.26911974,-0.33190885,-0.34575653,-0.3444109,-0.27018568,-0.22645977,-0.27991652,-0.3492564,-0.27204362,-0.3503545,-0.34364167,-0.3458228,-0.34998125,-0.35025066,-0.34445426,-0.26873052,-0.33977047,-0.32914695,-0.35751456,-0.3593669,-0.34703952,-0.3358019,-0.34692848,-0.34519535,-0.27086955,-0.22725075,-0.34460956,-0.34964177,-0.34642446,-0.27083206,-0.2257157,-0.33869776,-0.34786016,-0.3497437,0.7941498,0.68880737,-0.34172934,-0.3491549,-0.3458284,-0.2705787,-0.22658488,-0.2547989,-0.34618387,-0.34931415,-0.35418794,-0.26805624,-0.3460027,-0.35021347,-0.3504783,-0.3423161,-0.26879758,-0.3414543,-0.34965533,-0.34585932,-0.27053243,-0.22700316,-0.34020346,-0.304123,-0.34660548,-0.2710573,-0.3491819,-0.26381022,-0.3495573,-0.35609764,-0.3507345,-0.3433324,-0.338219,-0.35637724,-0.34658474,-0.27082515,-0.3482465,-0.33234316,-0.31538883,-0.3453177,-0.27028006,-0.34670767,-0.34652692,-0.35169965,-0.346713,-0.27080142,-0.34508163,-0.32128388,-0.34938908,-0.34627345,-0.270764,-0.22692305,-0.339265,-0.34904397,-0.35489932,-0.35925305,-0.3435557,-0.34335998,-0.34822786,-0.34618998,-0.27071592,-0.22471212,-0.2555955,-0.34788656,-0.34528953,-0.2702694,-0.30212936
k__Bacteria|p__Bacteroidetes|c__Bacteroidia|o__Bacteroidales|f__Prevotellaceae|g__Prevotella|s__stercorea,-0.32873303,-0.3501665,-0.3493023,-0.27366784,-0.35537535,-0.33396605,-0.34981865,-0.34944868,-0.2720271,-0.22575945,-0.3344168,-0.35170066,-0.34527826,-0.3542497,-0.3465417,-0.32004726,-0.34653607,-0.3473537,-0.27126092,-0.2239913,-0.3393407,-0.35245782,-0.3499106,-0.27244872,-0.22611131,-0.3366719,-0.34680408,-0.35367948,-0.35797155,-0.2681707,-0.32715306,-0.34941638,-0.3490355,-0.27237186,-0.22709824,-0.3390389,-0.35069603,-0.34934777,-0.27211013,-0.345838,-0.3386432,-0.35215884,-0.35382158,-0.3421979,-0.26903412,-0.30747178,-0.34093475,-0.34469202,-0.27113265,-0.2260842,-0.27991652,-0.35189992,-0.27204362,-0.3534032,-0.34411412,-0.34090185,-0.35262424,-0.35320938,-0.34445426,-0.26807386,-0.33979696,-0.32914695,0.74758905,0.51039606,-0.34685516,-0.3174559,-0.3463115,-0.34655458,-0.27265036,-0.22718695,-0.33738038,-0.35198593,-0.34981185,-0.27253544,-0.22434473,-0.3196169,-0.34676024,-0.3525919,-0.34404397,-0.35182393,-0.3276874,-0.35067034,-0.34777695,-0.27210873,-0.22559413,-0.2547989,-0.34613788,-0.3519374,-0.35418794,-0.26634073,-0.3353606,-0.35179698,-0.35273355,-0.3423161,-0.2690994,-0.33303112,-0.35080132,-0.34826297,-0.27193263,-0.22633477,-0.34224463,-0.304123,-0.3497973,-0.27300036,-0.35079157,-0.26381022,-0.3523395,-0.35609764,-0.35391733,-0.3446771,-0.3336206,-0.35637724,-0.34951532,-0.27263308,-0.349334,-0.32169992,-0.31538883,-0.34697485,-0.27105826,-0.3444516,-0.34652692,-0.35169965,-0.34978104,-0.27162904,-0.34181327,-0.32128388,-0.35036665,-0.34832373,-0.27247095,-0.22717805,-0.3239634,-0.3501376,-0.35489932,-0.35925305,-0.34419274,-0.33546108,-0.34950405,-0.34881148,-0.27247638,-0.21998237,-0.2555955,-0.34949616,-0.3478027,-0.27136895,-0.30212936
k__Bacteria|p__Bacteroidetes|c__Bacteroidia|o__Bacteroidales|f__[Paraprevotellaceae]|g__[Prevotella]|s__unclassified,-0.33188856,-0.34918448,-0.34798896,-0.27338246,-0.35537535,-0.33493215,-0.3492234,-0.34789497,-0.2715363,-0.22531292,-0.33484894,-0.35050836,-0.34527826,-0.3528036,-0.34532863,-0.3250134,-0.3454303,-0.34606892,-0.27069345,-0.22392453,-0.34033465,-0.35117197,-0.3484382,-0.27153432,-0.2254295,-0.3366719,-0.34593588,-0.35217455,-0.35797155,-0.26698145,-0.32971287,-0.3481204,-0.3473463,-0.2717668,-0.22646986,-0.3391915,-0.3498745,-0.34771222,-0.27128735,1.1752369,-0.33964035,-0.3506446,-0.35198402,-0.3421979,-0.26836795,-0.31502926,-0.34155953,-0.34354737,-0.27044174,-0.22542214,-0.27991652,-0.34999812,-0.27204362,-0.35196662,-0.34221756,-0.34053004,-0.35087383,-0.3515355,-0.34445426,-0.2675017,-0.33610278,-0.32914695,-0.35751456,-0.3593669,-0.34512794,-0.32061544,-0.34550005,-0.3449741,-0.2720846,-0.22671397,-0.33882272,-0.35028124,-0.34808403,-0.27192965,-0.22386225,-0.32456416,-0.3462179,-0.35068646,-0.34404397,-0.35182393,-0.33137405,-0.34934798,-0.34627098,-0.2713421,-0.22524309,-0.2547989,-0.3443756,-0.34988713,1.1967729,-0.26585594,-0.33868986,-0.3507134,-0.35120642,-0.3423161,-0.26816496,-0.33376697,-0.34985232,-0.3465038,-0.27125642,-0.22597428,-0.33809,-0.304123,-0.3482098,-0.27240846,-0.34904623,-0.26381022,-0.35033977,-0.35609764,-0.35241476,-0.34248358,-0.33230567,-0.35637724,-0.34796464,-0.27199748,-0.34738424,-0.32142854,-0.31538883,-0.34550834,-0.2707243,-0.34340683,-0.34652692,-0.35169965,-0.34846184,-0.27131948,-0.34052196,-0.32128388,-0.3491704,-0.34701252,-0.27188534,-0.22649068,-0.3283084,-0.3485848,-0.35489932,-0.35925305,-0.3423822,-0.33608517,-0.34757155,-0.34767774,-0.27179664,-0.22077924,-0.2555955,-0.34744522,-0.34570473,-0.2707194,-0.30212936
k__Bacteria|p__Bacteroidetes|c__Bacteroidia|o__Bacteroidales|f__[Odoribacteraceae]|g__Butyricimonas|s__unclassified,-0.31612283,-0.34635332,-0.3462296,-0.27151424,0.85975665,-0.32214028,-0.34616914,-0.34606224,-0.26938862,-0.22201961,-0.32133606,-0.34827113,-0.34527826,-0.3514828,-0.34256917,-0.30415756,-0.34053567,-0.34320322,-0.26856017,-0.21952266,-0.32815173,-0.34851655,-0.34640807,-0.26964158,-0.22214839,-0.3366719,-0.3423007,-0.35026753,-0.35797155,-0.26322156,-0.31316808,-0.3450738,-0.34544408,-0.2699106,-0.22338745,-0.32934383,-0.3470683,-0.34639388,-0.26945075,-0.345838,-0.32973236,-0.34864932,-0.3505001,0.79373384,-0.26482487,-0.2897846,-0.33411667,-0.33981693,-0.26809567,-0.22219962,-0.27991652,-0.3478336,-0.27204362,-0.3502485,-0.33847082,-0.32957995,-0.34889442,-0.3501703,0.9110205,-0.2636312,-0.33004168,-0.32914695,-0.35751456,0.45805812,-0.34061188,-0.29993078,-0.34085542,-0.3425885,-0.26971316,-0.22363928,-0.32667208,-0.34773555,-0.34606043,-0.26997757,-0.2196049,-0.3032117,-0.3412407,-0.34883338,-0.34404397,-0.35182393,-0.31511268,-0.34661922,-0.34436738,-0.26935026,-0.22121038,-0.2547989,-0.33785477,-0.3471217,0.58238506,-0.2611287,-0.32601202,-0.34858856,-0.34966153,-0.3423161,-0.26490527,-0.32171476,-0.3466747,-0.3452374,-0.2692084,-0.22261865,-0.33403513,-0.304123,-0.3467276,-0.270717,-0.34642988,-0.26381022,-0.3475946,-0.35609764,-0.35079995,-0.33938715,-0.32308847,-0.35637724,-0.34631184,-0.27025354,-0.34407157,-0.30613467,-0.31538883,-0.3427804,-0.26799902,-0.33832115,-0.34652692,-0.35169965,-0.34716108,-0.26889023,-0.3340724,-0.32128388,-0.346138,-0.34515893,-0.2698296,-0.22336479,-0.31170052,-0.3460897,-0.35489932,0.55804753,-0.33863306,-0.32267672,-0.34507516,-0.3453653,-0.2699014,-0.21341868,-0.2555955,-0.34404472,-0.34402737,-0.26843736,-0.30212936
k__Bacteria|p__Bacteroidetes|c__Bacteroidia|o__Bacteroidales|f__Bacteroidaceae|g__Bacteroides|s__plebeius,-0.33148527,-0.34520787,-0.34246546,-0.2674138,0.9456488,-0.33297145,-0.34520537,-0.342398,-0.26733434,-0.2232796,-0.33146942,-0.34560007,-0.34527826,-0.34665245,-0.34079328,-0.3246212,-0.34324372,-0.34132946,-0.2668869,-0.22223139,-0.33543903,-0.34539837,-0.34261778,-0.26716202,-0.22333251,-0.3366719,-0.34356534,-0.34605956,-0.35797155,-0.26396292,-0.32943416,-0.3445875,-0.3423177,-0.26738694,-0.22365218,-0.33644107,-0.34559175,-0.3425748,-0.26713207,0.6503718,-0.33662903,-0.34584856,-0.3467849,-0.3421979,-0.26495677,-0.31589112,-0.34088454,-0.3403998,-0.26674795,-0.22339533,-0.27991652,-0.3452826,-0.27204362,-0.34604448,-0.3390913,-0.3371325,-0.3462935,-0.3465287,-0.34445426,-0.26456764,-0.33526355,-0.32914695,-0.35751456,0.5704298,-0.3416877,-0.3212096,-0.34261456,-0.34185237,-0.26700562,-0.22394052,-0.33486438,-0.34561002,-0.3421648,-0.26717216,-0.2220108,-0.32456103,-0.3433259,-0.3461547,-0.34404397,-0.35182393,-0.33045334,-0.34503853,-0.3422295,-0.2673149,-0.22281857,-0.2547989,-0.3406639,-0.3453207,0.6427018,-0.26353952,-0.33562416,-0.34622455,-0.34707254,-0.3423161,-0.26505083,-0.3322967,-0.34504986,-0.34256268,-0.26715645,-0.22353993,-0.3370004,-0.304123,-0.34261924,-0.26757926,-0.3447724,-0.26381022,-0.34515733,-0.35609764,-0.3464867,-0.3394509,-0.33203498,-0.35637724,-0.34266105,-0.2673573,-0.34376526,-0.3231586,-0.31538883,-0.3412612,-0.26644948,-0.3421664,-0.34652692,-0.35169965,-0.3425365,-0.26682612,-0.33997837,-0.32128388,-0.3452447,-0.3424763,-0.26705968,-0.22350915,-0.3266406,-0.34534562,0.6004882,-0.35925305,-0.33879656,-0.33411622,-0.34489125,-0.34122795,-0.26715964,-0.21917467,-0.2555955,-0.3437411,-0.34215713,-0.26698223,-0.30212936
k__Bacteria|p__Bacteroidetes|c__Bacteroidia|o__Bacteroidales|f__S24-7|g__unclassified|s__unclassified,-0.34472468,-0.34792706,-0.34393626,-0.2675299,-0.35537535,-0.34456486,-0.34786642,-0.3439975,-0.26796433,-0.22514395,-0.34367833,-0.3477185,-0.34527826,-0.34805977,-0.34355572,-0.3423018,-0.34776455,-0.34385365,-0.2678105,-0.22493325,-0.34538883,-0.34760106,-0.3438412,-0.26795775,-0.22521004,-0.3366719,-0.34725994,-0.34771627,-0.35797155,-0.26690862,-0.34412384,-0.34777796,-0.34409142,-0.26793772,-0.22528297,-0.3453851,-0.3478797,-0.34414047,-0.2679851,0.65614617,-0.34554714,-0.34798557,-0.34820753,0.9216637,-0.2674635,-0.3383169,-0.34738573,-0.34379798,-0.26794577,-0.22527309,-0.27991652,-0.34768277,-0.27204362,-0.34783345,-0.34322572,-0.34616596,-0.34823847,-0.34808138,-0.34445426,-0.2672127,-0.34426004,-0.32914695,-0.35751456,-0.3593669,-0.3468964,-0.34064484,-0.3471471,-0.34425238,-0.26773292,-0.22524326,-0.34501535,-0.3479973,-0.34382376,-0.2677762,-0.22480984,-0.3418761,-0.34758055,-0.34812993,-0.34404397,-0.35182393,-0.34403443,-0.3477118,-0.34414214,-0.26800317,-0.22500974,-0.2547989,-0.3465113,-0.3478815,0.66717505,-0.26721883,-0.34531772,-0.34813505,-0.34837598,-0.3423161,-0.26736996,-0.34324425,-0.34753898,-0.3442232,-0.2679661,-0.22520909,-0.3448197,-0.304123,-0.3440761,-0.2679297,-0.34770823,-0.26381022,-0.3477825,-0.35609764,-0.3479853,-0.343278,-0.34355706,-0.35637724,-0.34414068,-0.26788768,-0.3475304,-0.34058237,-0.31538883,-0.34389645,-0.26767462,-0.3473716,-0.34652692,-0.35169965,-0.34386754,-0.26775634,-0.346833,-0.32128388,-0.3479306,-0.34419644,-0.26768264,-0.22504544,-0.34141886,-0.3480556,-0.35489932,-0.35925305,-0.3431018,-0.34538454,-0.34797186,-0.3434629,-0.26780766,-0.22385189,-0.2555955,-0.3474998,-0.34443724,-0.2678448,-0.30212936
k__Bacteria|p__Bacteroidetes|c__Bacteroidia|o__Bacteroidales|f__Bacteroidaceae|g__Bacteroides|s__ovatus,-0.32596856,-0.3533175,-0.35264027,-0.27659237,-0.35537535,-0.33052808,-0.35316443,-0.3527872,-0.27539888,-0.22761014,-0.32880867,-0.35477084,0.76269805,-0.35774434,-0.34882328,-0.31281102,-0.34925032,-0.35036632,-0.2743286,-0.22532128,-0.33656126,-0.3549828,-0.353133,-0.27559918,-0.22772487,-0.3366719,-0.34933227,-0.35647976,-0.35797155,-0.2689429,-0.32275856,-0.35218304,-0.35249946,-0.27572322,-0.22898343,-0.33717793,-0.35409367,-0.3529643,-0.2753635,-0.345838,-0.33699912,-0.35527402,-0.3574803,-0.3421979,-0.27083036,-0.29635715,-0.34312487,-0.3475691,-0.27416903,-0.2278227,-0.27991652,-0.35461158,-0.27204362,-0.3565325,-0.34535888,-0.33896506,-0.3561498,-0.35666615,-0.34445426,-0.269542,-0.33527315,1.0418191,-0.35751456,-0.3593669,-0.34741658,-0.30763096,-0.34815264,-0.35025367,-0.27558836,-0.22931458,-0.33466274,-0.35511506,-0.3528395,-0.27558732,-0.22520562,-0.31311536,-0.34938103,-0.35598558,0.7947575,-0.35182393,-0.3244272,-0.3533641,-0.35124838,-0.2753737,-0.22707817,-0.2547989,-0.34634167,-0.35467464,-0.35418794,-0.2674805,-0.33433628,-0.35554582,-0.35680842,-0.3423161,-0.2708143,-0.32849592,-0.35350335,-0.35191277,-0.27510816,-0.22820266,-0.33797753,-0.304123,-0.3532722,-0.27636755,-0.35311413,-0.26381022,-0.35487527,-0.35609764,-0.35725844,-0.34612915,-0.32838732,-0.35637724,-0.35309583,-0.27584118,-0.3511079,-0.31142652,-0.31538883,-0.35012138,-0.27389416,-0.3462631,-0.34652692,-0.35169965,-0.3530646,-0.27456534,-0.34233385,1.1137066,-0.35367823,-0.35199127,-0.27534288,-0.22871733,-0.31654447,-0.35322052,-0.35489932,-0.35925305,-0.34530503,-0.33280706,-0.35236788,-0.35112953,-0.27551633,-0.21957228,-0.2555955,-0.35141093,-0.35159492,-0.2745418,-0.30212936
k__Bacteria|p__Bacteroidetes|c__Bacteroidia|o__Bacteroidales|f__[Paraprevotellaceae]|g__Paraprevotella|s__unclassified,-0.34843084,-0.3473286,-0.34290385,-0.26692215,-0.35537535,-0.34797287,-0.3470015,-0.34302992,-0.2681449,-0.22706285,-0.34753647,-0.34661788,-0.34527826,-0.34699667,-0.34302974,-0.34679896,-0.3480635,-0.34327975,-0.26814818,-0.2272099,-0.34917068,-0.34663817,-0.34268165,-0.2680674,-0.2273913,-0.3366719,-0.3463119,-0.34667444,0.43777198,-0.2679503,-0.34879234,-0.3470659,-0.34302518,-0.267979,-0.22692053,-0.3471236,-0.34681135,-0.3429197,-0.26796275,0.6259733,-0.3474465,-0.34736505,-0.34716037,-0.3421979,-0.26848537,-0.34203255,-0.34841418,-0.34353584,-0.26865044,-0.227427,-0.27991652,-0.34658027,-0.27204362,-0.34648186,-0.34337562,-0.34982514,-0.34764192,-0.3471433,-0.34445426,-0.26858428,-0.34568036,-0.32914695,-0.35751456,-0.3593669,-0.34753838,-0.34768632,-0.34696203,-0.34381694,-0.2676967,-0.22665505,-0.34712046,-0.3471553,-0.34237224,-0.26761985,-0.227243,-0.3466191,-0.34768447,-0.3473045,-0.34404397,-0.35182393,-0.34718642,-0.34716946,-0.34379467,-0.26833913,-0.22681314,-0.2547989,-0.34615868,-0.34719265,0.58379024,-0.2691282,-0.3461802,-0.3472962,-0.34773776,-0.3423161,-0.26835817,-0.3443008,-0.34675634,-0.3434105,-0.2683251,-0.2270157,-0.34617358,-0.304123,-0.3429876,-0.2677872,-0.34742266,-0.26381022,-0.34692913,-0.35609764,-0.34701234,-0.34347406,-0.34537506,-0.35637724,-0.34319445,-0.26788956,-0.3478225,-0.34552386,-0.31538883,-0.34297097,-0.2678529,-0.34828496,-0.34652692,-0.35169965,-0.34258327,-0.26788512,-0.34900957,-0.32128388,-0.34722131,-0.34357578,-0.26754388,-0.22650203,-0.34211513,-0.34808058,-0.35489932,-0.35925305,-0.34335864,-0.34991175,-0.34769517,-0.34216726,-0.26776737,-0.22658141,-0.2555955,-0.34697258,-0.34366375,-0.26797312,-0.30212936
k__Bacteria|p__Bacteroidetes|c__Bacteroidia|o__Bacteroidales|f__[Barnesiellaceae]|g__unclassified|s__unclassified,-0.3272612,-0.3428697,-0.34108168,-0.26734793,-0.35537535,-0.33055097,-0.34264603,-0.34118387,-0.2662347,-0.22189431,-0.3303753,-0.3437703,-0.34527826,-0.3456436,-0.33894685,-0.3203767,-0.34020177,-0.33973324,-0.2655816,-0.22065595,-0.33494115,-0.34443188,-0.34153154,-0.26647133,-0.22223887,-0.3366719,-0.3401649,-0.3451975,0.45168588,-0.26297343,-0.32614112,-0.3422493,-0.3408441,-0.26643693,-0.22297782,-0.33423868,-0.34320718,-0.34104693,-0.26620987,0.64645123,-0.3342141,-0.3441676,-0.34532732,-0.3421979,-0.26388878,-0.31035686,-0.33658144,-0.3378446,-0.26554993,-0.22223994,-0.27991652,-0.34374994,-0.27204362,-0.3449877,-0.33690265,-0.33591014,-0.344536,-0.34487253,-0.34445426,-0.2631405,-0.33418632,-0.32914695,-0.35751456,-0.3593669,-0.33989987,-0.31774855,-0.33983442,-0.33911896,-0.2666513,-0.2230281,-0.33314687,-0.3439854,-0.3413472,-0.26651034,-0.22077176,-0.31968558,-0.34048748,-0.34442502,-0.34404397,-0.35182393,-0.32643706,-0.34312785,-0.34001136,-0.2662736,-0.22182135,-0.2547989,-0.33943814,-0.34389764,0.6689267,-0.26188922,-0.33206984,-0.34396493,-0.3446365,-0.3423161,-0.26384982,-0.32931983,-0.34317178,-0.34025654,-0.26616123,-0.2224009,-0.33588272,-0.304123,-0.34140354,-0.2669038,-0.34296748,-0.26381022,-0.3441825,0.44857702,-0.3454039,-0.3372647,-0.32976902,-0.35637724,-0.3412392,-0.2666155,-0.3418579,-0.3204423,-0.31538883,-0.33935577,-0.26548374,-0.338269,-0.34652692,-0.35169965,-0.34139037,-0.26588854,-0.33624607,-0.32128388,-0.34289646,-0.34043834,-0.26646325,-0.22291037,-0.32284766,-0.34270358,0.5785713,0.7214376,-0.33702153,-0.332026,-0.34212142,-0.3405857,-0.266486,-0.21759863,-0.2555955,-0.34205598,-0.3399301,-0.26570317,-0.30212936
k__Bacteria|p__Bacteroidetes|c__Bacteroidia|o__Bacteroidales|f__Bacteroidaceae|g__Bacteroides|s__uniformis,-0.3191446,-0.32700467,-0.3235916,-0.25187546,0.6630411,-0.31950176,-0.32668096,-0.32381997,-0.252863,-0.21221296,-0.3188152,-0.32665098,-0.34527826,-0.3275007,-0.32254067,-0.3139369,-0.32684332,-0.32339594,-0.25242797,-0.21163893,-0.32186148,-0.326782,-0.3237829,-0.25287288,-0.21250468,-0.3366719,-0.32524514,-0.32697433,0.43322864,-0.25056753,-0.31811503,-0.3266841,-0.32402033,-0.2527569,-0.21255381,-0.32146236,-0.32697076,-0.3238473,-0.25276363,-0.345838,-0.32142538,-0.32734475,-0.3281234,1.3656262,-0.2515751,-0.30401725,-0.3254454,-0.32310027,-0.2527939,-0.2125755,-0.27991652,-0.32668373,-0.27204362,-0.32694322,-0.32204068,-0.32402295,-0.32817668,-0.32765174,-0.34445426,-0.25116983,-0.31951272,-0.32914695,-0.35751456,0.46784943,-0.32479233,-0.31061342,-0.32525006,-0.32425612,-0.25246105,-0.21254139,-0.32086855,-0.3276037,-0.32355267,-0.25239342,-0.2115553,-0.31307793,-0.3264529,-0.3278906,-0.34404397,-0.35182393,-0.3176748,-0.3267215,-0.3240602,-0.25304258,-0.21196666,-0.2547989,-0.32466596,-0.3276012,-0.35418794,-0.25099003,-0.32025757,-0.32758933,-0.32845938,0.99842167,-0.25156334,-0.31698358,-0.32643232,-0.32412556,-0.25286207,-0.21238054,-0.32089508,1.2336513,-0.3238924,-0.25275204,-0.32675546,-0.26381022,-0.32723814,-0.35609764,-0.32749692,-0.32204694,-0.31697786,-0.35637724,-0.32411033,-0.25263602,-0.32644522,-0.3106295,-0.31538883,-0.32329473,-0.25210622,-0.32560134,0.83490115,0.6640484,-0.32327688,-0.25231758,-0.32438663,1.0934836,-0.3271761,-0.32408375,-0.2522387,-0.21222427,-0.31192368,-0.32758033,-0.35489932,0.688194,-0.3216299,-0.32192004,-0.32742426,-0.32235903,-0.252478,-0.20922577,-0.2555955,-0.32643345,-0.3245905,-0.25261343,-0.30212936
k__Bacteria|p__Bacteroidetes|c__Bacteroidia|o__Bacteroidales|f__Bacteroidaceae|g__unclassified|s__unclassified,-0.26254582,-0.27045736,-0.2682677,-0.20987517,0.6598635,-0.2649175,-0.2705052,-0.26819116,-0.20973629,-0.1764318,-0.2627487,-0.27059996,0.76269805,-0.27157366,-0.26765695,-0.26032436,-0.26911628,-0.26775396,-0.20960313,-0.17601737,-0.2654131,-0.27099946,-0.26825434,-0.20957285,-0.17658961,-0.3366719,-0.26971057,-0.27143246,0.43281457,-0.20864548,-0.26359957,-0.2703198,-0.2677396,-0.209718,-0.17663977,-0.26615846,-0.2704671,-0.26786318,-0.20948835,-0.345838,-0.26670268,-0.2710089,-0.27138525,0.93783516,-0.2087766,-0.25721648,-0.26811254,-0.26693243,-0.2094217,-0.17676172,1.466775,-0.27040416,-0.27204362,-0.27086174,-0.26669163,-0.26574624,-0.2711432,-0.2712574,-0.34445426,-0.20872766,-0.26935732,-0.32914695,-0.35751456,0.4532552,-0.26939768,-0.25917757,-0.2696605,-0.2673856,-0.20959759,-0.17666064,-0.26461214,-0.27029037,-0.26762104,-0.20954147,-0.17594485,-0.2589882,-0.2693587,-0.27105457,0.83475757,0.7002893,-0.26274604,-0.27088517,-0.26818538,-0.20984152,-0.1760098,-0.2547989,-0.26716805,-0.27044594,-0.35418794,-0.20810679,-0.2645517,-0.2707939,-0.271504,1.1002878,-0.20905721,-0.26474756,-0.27051035,-0.26775542,-0.20970184,-0.17645335,-0.2701404,-0.304123,-0.26815522,-0.20992163,-0.2704029,-0.26381022,-0.27001345,0.48393428,-0.2714091,-0.2675121,-0.26772726,-0.35637724,-0.26822245,-0.20985028,-0.27027273,-0.26354638,-0.31538883,-0.2672249,-0.20934236,-0.26927915,0.8741874,0.85885143,-0.26831394,-0.2091113,-0.26916844,1.0843626,-0.2702883,-0.2681275,-0.20953862,-0.1765928,-0.26205835,-0.2702895,-0.35489932,0.548889,-0.26686573,-0.2642001,-0.26983523,-0.2672705,-0.20960537,-0.17413235,-0.2555955,-0.2694822,-0.26736116,-0.20952573,-0.30212936
k__Bacteria|p__Bacteroidetes|c__Bacteroidia|o__Bacteroidales|f__Prevotellaceae|g__Prevotella|s__copri,-0.3343488,-0.34058273,-0.33708808,-0.26255468,-0.35537535,-0.3378211,-0.34015694,-0.33716428,-0.26309302,-0.22203654,-0.33653215,-0.34042594,-0.34527826,-0.34118342,-0.33671987,-0.33298743,-0.34029216,-0.3370366,-0.26322946,-0.2216361,-0.33773354,-0.34082395,-0.33698106,-0.26318386,-0.22249416,-0.3366719,-0.339774,-0.341133,0.46219683,-0.26256353,-0.33709228,-0.34063858,-0.33685708,-0.26308143,-0.22221808,-0.3375658,-0.3400988,-0.33684373,-0.26298335,2.0588584,-0.33827537,-0.34115252,-0.34125084,-0.3421979,-0.26269132,-0.329941,-0.33982694,-0.33670104,-0.2633675,-0.22265317,-0.27991652,-0.34051976,-0.27204362,-0.3405816,-0.33638364,-0.3388813,-0.34142816,-0.34122056,-0.34445426,-0.26283246,-0.34283787,-0.32914695,0.50003433,0.60890716,-0.34023872,-0.33484256,-0.34030318,-0.33705747,-0.2628886,-0.22192694,-0.33669764,-0.34062248,-0.3364892,-0.26280352,-0.22194935,-0.3317445,-0.34033078,-0.34126362,-0.34404397,0.7633177,-0.33523875,-0.34115344,-0.33762908,-0.26344514,-0.22144598,-0.2547989,-0.33876365,-0.34099925,1.4678665,-0.2626515,-0.33388284,-0.3407186,-0.34145576,-0.3423161,-0.2630207,-0.33580583,-0.3403585,-0.33717114,-0.26332048,-0.2219182,-0.34418476,-0.304123,-0.33709314,-0.26310658,-0.34063566,-0.26381022,-0.34056562,-0.35609764,-0.3411352,-0.33731425,-0.34094808,-0.35637724,-0.33718926,-0.26317492,-0.34099507,-0.33924478,-0.31538883,-0.33648753,-0.26276422,-0.3400621,-0.34652692,-0.35169965,-0.33701336,-0.26251817,-0.34038883,-0.32128388,-0.3404194,-0.3372779,-0.26283947,-0.22196016,-0.33276165,-0.3413514,-0.35489932,-0.35925305,-0.33663207,-0.33812368,-0.3407627,-0.33620268,-0.2630538,-0.21992064,-0.2555955,-0.34070837,-0.33711755,-0.26297462,-0.30212936
k__Bacteria|p__Bacteroidetes|c__Bacteroidia|o__Bacteroidales|f__Prevotellaceae|g__Prevotella|s__unclassified,-0.29133326,-0.30246633,-0.30045253,-0.23528025,0.75163835,-0.29260755,-0.30250794,-0.30034292,-0.23392145,-0.19465125,-0.2925272,-0.30340338,-0.34527826,-0.3044046,-0.2988863,-0.28620714,-0.30001897,-0.29913908,-0.2335403,-0.19363853,-0.2957853,-0.3032751,-0.30048102,-0.23415267,-0.19455822,0.94047457,-0.30084872,-0.3038962,0.8932521,-0.23120652,-0.2890079,-0.30190524,-0.30030227,-0.23425531,-0.19540058,-0.2960111,-0.3028952,-0.3007974,-0.23417763,1.378192,-0.2960329,-0.30324167,-0.3038359,-0.3421979,-0.23210105,-0.27888474,-0.29745853,-0.29785007,-0.23332776,-0.19447829,-0.27991652,-0.303374,-0.27204362,-0.3043263,-0.29711878,-0.29613978,-0.3031116,-0.3038028,-0.34445426,-0.23136449,-0.29285473,1.0548351,1.369983,0.90103686,-0.29984802,-0.28249717,-0.30006477,-0.2988317,-0.23430029,-0.19553033,-0.29535472,-0.30315784,-0.30082884,-0.2344879,-0.19355285,-0.2856238,-0.30031776,-0.30318534,-0.34404397,0.763024,-0.2904246,-0.30222785,-0.29924667,-0.23373532,-0.19465783,-0.2547989,-0.2997282,-0.30258206,1.5576429,-0.2304012,-0.29609987,-0.3033437,-0.30319092,-0.3423161,-0.23181859,-0.29208657,-0.30263475,-0.30006683,-0.23380718,-0.19506346,-0.29462752,-0.304123,-0.30075294,-0.23459265,-0.30241185,-0.26381022,-0.30328602,-0.35609764,-0.30410397,-0.29704782,-0.29051703,0.6500801,-0.3004205,-0.23435536,-0.30106884,-0.2831317,1.2100211,-0.29932687,-0.23352267,-0.29868227,-0.34652692,-0.35169965,-0.30096948,-0.23414125,-0.2964422,-0.32128388,-0.30239287,-0.29982442,-0.23442523,-0.19536002,-0.28831345,-0.3019746,-0.35489932,-0.35925305,-0.29712927,-0.2931264,-0.30193025,-0.3008322,-0.23432931,-0.1916304,-0.2555955,-0.301593,-0.29963738,-0.23355761,-0.30212936
k__Bacteria|p__Bacteroidetes|c__Bacteroidia|o__Bacteroidales|f__Porphyromonadaceae|g__Parabacteroides|s__unclassified,-0.26095,-0.26741755,-0.26519078,-0.2068295,0.75262064,-0.2631386,-0.26728442,-0.26525128,-0.20711474,-0.1739806,-0.26162773,-0.2674263,0.79552764,-0.26858288,-0.2644464,-0.25852233,-0.26663762,-0.26482806,-0.20684811,-0.17362261,-0.26432154,-0.267825,-0.26523864,-0.20697771,-0.174232,0.9362925,-0.266066,-0.2682687,-0.35797155,-0.2056597,-0.26182246,-0.26711032,-0.26491588,-0.20701194,-0.17424451,-0.2635963,-0.26732925,-0.2648927,-0.20681268,0.6491189,-0.26409388,-0.26803252,-0.26855552,1.0680654,-0.20618597,-0.25474986,-0.2655653,-0.2640643,-0.20693442,-0.17441677,-0.27991652,-0.26721114,-0.27204362,-0.26776272,-0.26361364,-0.2649942,-0.2684313,-0.26824248,-0.34445426,-0.20604555,-0.26523712,1.1092488,-0.35751456,0.5029797,-0.26646954,-0.25873333,-0.2663608,-0.2646941,-0.2069099,-0.17415059,-0.26301056,-0.26764512,-0.2646554,-0.20676267,-0.17369223,-0.25815958,-0.26667267,-0.2681684,-0.34404397,-0.35182393,-0.2608357,-0.26774445,-0.26531154,-0.20726056,-0.17360875,-0.2547989,-0.26487803,-0.26780462,0.6478892,-0.20577313,-0.26187897,-0.26793104,-0.2687126,-0.3423161,-0.20626765,-0.26116002,-0.26736918,-0.2648199,-0.20709364,-0.1740517,-0.26577586,-0.304123,-0.26522237,-0.20717542,-0.2674049,-0.26381022,-0.26739043,0.44898188,-0.26845276,-0.26429242,-0.26380664,0.55105424,-0.2653498,-0.20709682,-0.26746058,-0.26007023,-0.31538883,-0.26428804,-0.20661435,-0.26652902,0.9835561,0.6768701,-0.26505727,-0.20647803,-0.2664306,1.0953391,-0.26743108,-0.26527128,-0.20671046,-0.17404926,-0.25849736,-0.26771653,-0.35489932,0.62228143,-0.26374733,-0.26360145,-0.26693487,-0.26413438,-0.20687225,-0.17185478,-0.2555955,-0.266746,-0.264747,-0.2067612,-0.30212936
k__Bacteria|p__Bacteroidetes|c__Bacteroidia|o__Bacteroidales|f__Bacteroidaceae|g__Bacteroides|s__unclassified,1.1954653,1.1989409,1.1862276,0.9265243,1.5242763,1.1978314,1.1988236,1.1861155,0.92511255,0.7799695,1.1986905,1.1997452,1.8352475,1.2003553,1.1859336,1.1953664,1.1975387,1.185662,0.92525524,0.77968776,1.199552,1.2001235,1.1860489,0.92560464,0.780117,-0.3366719,1.1984775,1.2004391,1.1493671,0.92583877,1.1965506,1.1990905,1.1858683,0.92548126,0.78047895,1.1981249,1.1988096,1.1862493,0.9255424,0.7144782,1.1981785,1.1996763,1.1994458,2.0612717,0.9253098,1.1951468,1.1961564,1.1846588,0.92514855,0.77997196,2.3196502,1.2000449,1.6494013,1.200434,1.185626,1.1983833,1.1990416,1.1997283,1.8736503,0.9251102,1.2008606,1.1742686,0.47091857,0.7398906,1.1997033,1.1965023,1.1987516,1.1846132,0.9258366,0.7802429,1.1981394,1.1992664,1.1864767,0.9258168,0.7799779,1.1951604,1.1977682,1.1993413,1.9816055,1.4086938,1.1948837,1.1993127,1.185273,0.9251722,0.7801321,-0.2547989,1.1991615,1.1992196,0.6788259,0.9246224,1.1968338,1.1989253,1.198491,1.766501,0.9253819,1.1980449,1.1993022,1.1855211,0.92536724,0.7800636,1.2012444,2.2913818,1.1863395,0.92572784,1.1997607,-0.26381022,1.199867,1.5340911,1.2001218,1.185798,1.1996799,0.55058736,1.1859348,0.92574275,1.199324,1.1998756,-0.31538883,1.1855104,0.9253703,1.197411,1.3425705,1.7531493,1.1867237,0.9254855,1.1976111,1.445396,1.1985315,1.1854382,0.9259095,0.7805567,1.1964661,1.1986054,0.707033,1.385351,1.1860356,1.1978202,1.1987171,1.1873194,0.9257899,0.7794572,-0.2555955,1.1992507,1.1851201,0.92505896,1.3747607
k__Bacteria|p__Bacteroidetes|c__Bacteroidia|o__Bacteroidales|f__Rikenellaceae|g__unclassified|s__unclassified,-0.25324935,-0.2603816,-0.25819734,-0.20230702,1.0087748,-0.25085765,-0.26095307,-0.2580404,-0.2016498,-0.16724184,-0.24975336,-0.26056337,0.80138254,-0.26138064,-0.25675604,-0.24770394,-0.25856143,-0.25731283,-0.20095855,-0.16665989,-0.2540112,-0.2605056,-0.25847083,-0.2010234,-0.16690168,-0.3366719,-0.25859696,-0.26082742,0.4463887,-0.19785821,-0.24853474,-0.2593915,-0.25780666,-0.20156792,-0.1674579,-0.25458917,-0.26115018,-0.25796878,-0.20104992,0.62901586,-0.25436807,-0.26033422,-0.26101196,0.94679374,-0.19919069,-0.23946121,-0.25729805,-0.2563161,-0.20074132,-0.16681519,-0.27991652,-0.25958255,-0.27204362,-0.2608785,-0.25453883,-0.25413358,-0.260469,-0.26076204,-0.34445426,-0.19880289,-0.2456485,-0.32914695,0.4614043,0.6908121,-0.2563932,-0.24052861,-0.25758475,-0.25705367,-0.20153435,-0.16816956,-0.25365353,-0.2600465,-0.25789785,-0.20148012,-0.16581796,-0.24803376,-0.25888997,-0.26026177,1.0232772,1.4906458,-0.25200623,-0.25971422,-0.2574603,-0.20119238,-0.16733287,-0.2547989,-0.25566018,-0.2595145,0.5983279,-0.19780535,-0.25807524,-0.26119515,-0.26132613,0.9491039,-0.19891533,-0.2507935,-0.26050335,-0.2574175,-0.20114908,-0.1677455,-0.24576467,-0.304123,-0.25813127,-0.20177387,-0.25945145,-0.26381022,-0.25957954,0.61653316,-0.26125103,-0.25387436,-0.24458021,-0.35637724,-0.2582265,-0.20146401,-0.2579695,-0.2369349,-0.31538883,-0.25712985,-0.20104894,-0.2570404,-0.34652692,-0.35169965,-0.2583593,-0.20158823,-0.25459874,1.0897623,-0.26037574,-0.25806183,-0.20134908,-0.16742522,-0.24804077,-0.2593153,-0.35489932,0.8063499,-0.25422603,-0.25194275,-0.25869593,-0.25746933,-0.20128301,-0.16522698,-0.2555955,-0.257687,-0.25677252,-0.2011101,-0.30212936
k__Bacteria|p__Bacteroidetes|c__Bacteroidia|o__Bacteroidales|f__Porphyromonadaceae|g__Parabacteroides|s__distasonis,-0.1650031,-0.17127256,-0.17033358,-0.13355526,0.87527204,-0.16741511,-0.17110044,-0.17014796,-0.1322847,-0.110391594,-0.16843063,-0.1720163,-0.34527826,-0.17228718,-0.16937119,-0.16283461,-0.16966014,-0.1692819,-0.13230677,-0.10976712,-0.16947511,-0.17226258,-0.17055464,-0.13250613,-0.11071962,-0.3366719,-0.17092091,-0.17261449,0.4520922,-0.13164055,-0.16519654,-0.17110421,-0.1698513,-0.13252492,-0.11085925,-0.16851121,-0.17134663,-0.17020375,-0.13236171,-0.345838,-0.16845593,-0.17198029,-0.17191485,0.80071384,-0.1315521,-0.16097172,-0.16819344,-0.16875514,-0.13206947,-0.11059342,-0.27991652,-0.17225806,-0.27204362,-0.1725146,-0.16857798,-0.16920729,-0.17150238,-0.17227316,1.3477198,-0.13163263,-0.1709711,1.379539,0.45545968,0.45840028,-0.17050184,-0.16335185,-0.17034842,-0.16892001,-0.13265203,-0.11077708,-0.16780967,-0.17162766,-0.17052221,-0.13285086,-0.11014596,-0.16237164,-0.16994351,-0.1715213,-0.34404397,-0.35182393,-0.16445477,-0.17160575,-0.16953722,-0.13228713,-0.110388495,-0.2547989,-0.1709474,-0.17137319,0.58769435,-0.1307124,-0.16676725,-0.17157552,-0.17153585,1.0355146,-0.13151884,-0.16719075,-0.17176701,-0.17008057,-0.13237049,-0.11070847,-0.17226687,-0.304123,-0.1702775,-0.13272634,-0.17134619,-0.26381022,-0.1722336,-0.35609764,-0.1722858,-0.16902983,-0.16867149,1.577284,-0.16995037,-0.13269992,-0.17085022,-0.16715951,-0.31538883,-0.16924429,-0.13220584,-0.16871333,0.9714718,0.7086979,-0.17070949,-0.13252215,-0.1680327,1.2032075,-0.17108017,-0.16966803,-0.13306805,-0.111113,-0.16434447,-0.1714163,-0.35489932,0.66047597,-0.16893817,-0.16751724,-0.17136541,-0.17074096,-0.13282247,-0.10880561,-0.2555955,-0.17149028,-0.1691258,-0.13225988,-0.30212936
k__Bacteria|p__Bacteroidetes|c__Bacteroidia|o__Bacteroidales|f__Bacteroidaceae|g__Bacteroides|s__fragilis,0.39211807,0.41117993,0.40783867,0.31839022,0.8092265,0.39592245,0.41050142,0.4080183,0.31862387,0.26678815,0.3950507,0.4115197,1.2575053,0.41309384,0.40588516,0.38207898,0.40899256,0.4065501,0.31826597,0.26521623,0.3994694,0.41134113,0.407825,0.31904438,0.2673717,-0.3366719,0.40839902,0.41229865,0.5771771,0.31511563,0.39068264,0.41064706,0.40806624,0.31886294,0.2677301,0.40018886,0.41098377,0.40853322,0.3189103,-0.345838,0.39994696,0.41245657,0.41334343,-0.3421979,0.31637427,0.3671355,0.40514243,0.40551025,0.3185048,0.26743683,-0.27991652,0.41190904,-0.27204362,0.41248006,0.40438247,0.40313676,0.41296065,0.41315988,-0.34445426,0.31561863,0.40187433,1.6250864,0.45872402,0.4782169,0.40784723,0.38045233,0.4076045,0.40750238,0.31830212,0.26754862,0.39762428,0.4121902,0.40783077,0.31864482,0.26544958,0.38082957,0.40852886,0.41279757,-0.34404397,-0.35182393,0.39025965,0.41114393,0.4079064,0.31892893,0.26619858,-0.2547989,0.40654793,0.41198373,-0.35418794,0.31475064,0.3957449,0.412274,0.41332603,1.2798405,0.31631944,0.39248595,0.41048205,0.40871376,0.3188092,0.26720327,0.40479103,-0.304123,0.40843025,0.31902772,0.41128355,-0.26381022,0.41228843,0.6929596,0.41288042,0.40496612,0.39583588,0.56201035,0.40831512,0.31888878,0.41035464,0.38455543,1.3789386,0.40669313,0.31750143,0.40714115,1.1308146,0.9085198,0.40808687,0.3181355,0.4047899,2.1167486,0.4111036,0.40802473,0.31850347,0.26724,0.38278037,0.41229144,0.59361386,-0.35925305,0.40419757,0.3985172,0.4117759,0.40672636,0.31880274,0.26056698,-0.2555955,0.41079128,0.40863442,0.31822255,-0.30212936
k__Bacteria|p__Proteobacteria|c__Gammaproteobacteria|o__Pseudomonadales|f__Moraxellaceae|g__Acinetobacter|s__unclassified,-0.34386852,-0.35031635,-0.3470361,-0.27134645,-0.35537535,-0.34336457,-0.35033292,-0.34734923,-0.2719512,-0.22827922,-0.34225553,-0.35038564,-0.34527826,-0.35096967,-0.34553164,-0.33808354,-0.3503843,-0.3466969,-0.27126446,-0.2277495,-0.34486562,-0.3502255,-0.34763348,-0.27187103,-0.22827,-0.3366719,-0.34955865,-0.35049528,-0.35797155,-0.26941147,-0.3419263,-0.34998927,-0.34760785,-0.271802,-0.22864608,-0.34549898,-0.3508209,-0.3473686,-0.2718131,-0.345838,-0.34477103,-0.35062823,-0.35189202,-0.3421979,-0.27035266,-0.33260468,-0.34864336,-0.34662268,-0.27136767,-0.22844698,-0.27991652,-0.3506519,-0.27204362,-0.35069072,-0.3450114,-0.34677267,-0.35162508,-0.35114613,-0.34445426,-0.26981482,-0.34338447,-0.32914695,-0.35751456,-0.3593669,-0.3480483,-0.33551496,-0.34891224,-0.3475958,-0.2716319,-0.22886309,-0.34447074,-0.35138232,-0.34750772,-0.27159077,-0.22749594,-0.3390342,-0.34994704,-0.35137236,-0.34404397,-0.35182393,-0.34283602,-0.35007182,-0.34704542,-0.2719059,-0.22833076,-0.2547989,-0.34945458,-0.35122317,-0.35418794,-0.26952225,-0.34529394,-0.35120088,-0.35204515,-0.3423161,-0.27014643,-0.34217614,-0.3502538,-0.3473891,-0.27163187,-0.22850469,-0.34294838,-0.304123,-0.34733266,-0.2718718,-0.3497572,-0.26381022,-0.35113478,-0.35609764,-0.35103035,-0.3453341,-0.34109434,-0.35637724,-0.34751946,-0.27160454,-0.34954876,-0.33478028,-0.31538883,-0.34701356,-0.27122664,-0.34904408,-0.34652692,-0.35169965,-0.34665507,-0.27122203,-0.347857,-0.32128388,-0.35114175,-0.34727114,-0.271428,-0.22848321,-0.33727553,-0.3505925,-0.35489932,-0.35925305,-0.3447675,-0.34499094,-0.35060972,-0.3456103,-0.27151436,-0.22602248,-0.2555955,-0.35011894,-0.3480116,-0.27184114,-0.30212936
k__Bacteria|p__Proteobacteria|c__Gammaproteobacteria|o__Enterobacteriales|f__Enterobacteriaceae|g__Erwinia|s__unclassified,-0.33852625,-0.3523453,-0.34945077,-0.2724648,-0.35537535,-0.34197783,-0.35156792,-0.34981823,-0.27274516,-0.22899127,-0.34254023,-0.3528533,-0.34527826,-0.35409203,-0.34801406,-0.33145604,-0.35126173,-0.34870654,-0.27249968,-0.22778846,-0.34453094,-0.3526721,-0.34943566,-0.27361566,-0.22949025,-0.3366719,-0.35054386,-0.35335785,-0.35797155,-0.2710711,-0.3382966,-0.35236338,-0.35021892,-0.27307567,-0.22995569,-0.3446386,-0.35211158,-0.35051125,-0.27353683,-0.345838,-0.34428233,-0.35355425,-0.35451567,-0.3421979,-0.27166727,-0.32227707,-0.34773746,-0.347973,-0.27285573,-0.22955158,-0.27991652,-0.35375285,-0.27204362,-0.35388905,-0.34771216,-0.34747252,-0.354181,-0.35416764,-0.34445426,-0.27072352,-0.3486325,-0.32914695,-0.35751456,-0.3593669,-0.35091904,-0.332004,-0.35029024,-0.3496251,-0.2727724,-0.22953178,-0.3435922,-0.3540038,-0.35017303,-0.27300268,-0.22827879,-0.33116797,-0.3505988,-0.35426503,-0.34404397,-0.35182393,-0.3369979,-0.35240537,-0.34942228,-0.27315378,-0.22870922,-0.2547989,-0.35134026,-0.35397667,-0.35418794,-0.27038637,-0.3403204,-0.353155,-0.35386986,-0.3423161,-0.2716717,-0.33977863,-0.3517077,-0.35045528,-0.27307558,-0.22915526,-0.35053012,-0.304123,-0.35024783,-0.27321607,-0.35298085,-0.26381022,-0.3543204,-0.35609764,-0.35386524,-0.3481928,-0.3437457,-0.35637724,-0.35004163,-0.2731223,-0.35248768,-0.3362968,-0.31538883,-0.3491755,-0.27204287,-0.3498238,-0.34652692,-0.35169965,-0.34962308,-0.27240643,-0.34828198,-0.32128388,-0.35252523,-0.3495223,-0.2728233,-0.22954161,-0.33221883,-0.3535238,-0.35489932,-0.35925305,-0.34754992,-0.3445652,-0.3536865,-0.3491121,-0.27313763,-0.22440556,-0.2555955,-0.3533857,-0.35120344,-0.27263194,-0.30212936
k__Bacteria|p__Proteobacteria|c__Gammaproteobacteria|o__Aeromonadales|f__unclassified|g__unclassified|s__unclassified,-0.34243613,-0.35003263,-0.34744775,-0.27239716,-0.35537535,-0.34333882,-0.3501487,-0.34742635,-0.2716322,-0.22729316,-0.34367147,-0.35071152,-0.34527826,-0.35120815,-0.34567663,-0.33821082,-0.3489743,-0.3464022,-0.2710557,-0.22653008,-0.3465068,-0.3510697,-0.34836146,-0.27138457,-0.22741228,-0.3366719,-0.34919766,-0.3513726,-0.35797155,-0.26914456,-0.3408178,-0.34943646,-0.34724036,-0.27156165,-0.22759154,-0.34505436,-0.35072434,-0.34704855,-0.27113843,-0.345838,-0.34499085,-0.35056794,-0.35156554,-0.3421979,-0.26957583,-0.33449155,-0.34698159,-0.3457566,-0.27082017,-0.22731319,-0.27991652,-0.3504936,-0.27204362,-0.3510503,-0.3445307,-0.34644648,-0.3509811,-0.35122833,-0.34445426,-0.26961637,-0.3435557,-0.32914695,-0.35751456,-0.3593669,-0.34760097,-0.33671132,-0.34819424,-0.34644616,-0.27175128,-0.22801027,-0.34485257,-0.35089916,-0.34777302,-0.27167076,-0.22667758,-0.33951426,-0.34908924,-0.35074455,-0.34404397,-0.35182393,-0.3414659,-0.35015795,-0.34673312,-0.2714947,-0.22731073,-0.2547989,-0.34921798,-0.35073507,-0.35418794,-0.2684626,-0.3449808,-0.35094267,-0.35159057,-0.3423161,-0.2696306,-0.34331244,-0.35079655,-0.34693605,-0.27130598,-0.2276574,-0.34417596,-0.304123,-0.34735432,-0.27181977,-0.34957892,-0.26381022,-0.3508152,-0.35609764,-0.35138103,-0.34477985,-0.34136724,-0.35637724,-0.34738892,-0.27156982,-0.34893215,-0.3373781,-0.31538883,-0.34623086,-0.2710455,-0.347412,-0.34652692,-0.35169965,-0.34731755,-0.2713419,-0.34598044,-0.32128388,-0.35048074,-0.34701127,-0.27176395,-0.22804296,-0.33931854,-0.34995455,-0.35489932,-0.35925305,-0.34445986,-0.34461308,-0.3498999,-0.34663028,-0.27152207,-0.2251964,-0.2555955,-0.34933978,-0.34624642,-0.2714431,-0.30212936
k__Bacteria|p__Proteobacteria|c__Gammaproteobacteria|o__Pasteurellales|f__Pasteurellaceae|g__Aggregatibacter|s__unclassified,-0.33957976,-0.3546105,-0.3517048,-0.27445167,-0.35537535,-0.3423596,-0.35414273,-0.35175568,-0.27443033,-0.22961798,-0.34159875,-0.35489005,-0.34527826,-0.3561417,-0.35001194,-0.33121377,-0.35268742,-0.3505329,-0.27413046,-0.2283607,-0.3460682,-0.3548584,-0.35173297,-0.27467865,-0.23009151,-0.3366719,-0.35232675,-0.35560188,-0.35797155,-0.2715545,-0.33816516,-0.35407716,-0.35170212,-0.27462065,-0.23030624,-0.34589362,-0.35449862,-0.35209334,-0.27454153,-0.345838,-0.34562084,-0.35563582,-0.35620934,-0.3421979,-0.27255428,-0.3181249,-0.3495742,-0.34963524,-0.27429503,-0.23007579,-0.27991652,-0.3551373,-0.27204362,-0.35563076,-0.3487215,-0.34838542,-0.35587776,-0.35616815,-0.34445426,-0.27209845,-0.3458836,-0.32914695,-0.35751456,-0.3593669,-0.3518274,-0.32902098,-0.35161942,-0.35117784,-0.2742104,-0.2301986,-0.3436054,-0.35526264,-0.35158667,-0.27447295,-0.22853017,-0.33005714,-0.35234672,-0.355698,-0.34404397,-0.35182393,-0.33733085,-0.35451955,-0.3516245,-0.27462316,-0.22916634,-0.2547989,-0.35056496,-0.35496098,-0.35418794,-0.27121872,-0.3426709,-0.35548282,-0.35626912,-0.3423161,-0.27248603,-0.33931512,-0.35417545,-0.3522374,-0.27455974,-0.22999328,-0.3485459,-0.304123,-0.35207433,-0.2747599,-0.35465306,-0.26381022,-0.355331,-0.35609764,-0.35599738,-0.34916764,-0.341086,-0.35637724,-0.3519628,-0.27465397,-0.35380393,-0.33224732,-0.31538883,-0.35052228,-0.27353114,-0.35113925,-0.34652692,-0.35169965,-0.3518991,-0.27411255,-0.34938252,-0.32128388,-0.3544696,-0.3517539,-0.2744141,-0.23000711,-0.33092123,-0.35529435,-0.35489932,-0.35925305,-0.34863317,-0.34443122,-0.3549906,-0.35080576,-0.27455556,-0.22464366,-0.2555955,-0.3539098,-0.35186863,-0.27409133,-0.30212936
k__Bacteria|p__Proteobacteria|c__Gammaproteobacteria|o__Enterobacteriales|f__Enterobacteriaceae|g__Trabulsiella|s__unclassified,-0.3515859,-0.35080868,-0.346159,-0.27000117,-0.35537535,-0.35123038,-0.35047156,-0.346089,-0.27003813,-0.22841257,-0.35250354,-0.35065484,-0.34527826,-0.350125,-0.34632736,-0.35011983,-0.35103878,-0.3461177,-0.27040294,-0.2282348,-0.35243255,-0.3502088,-0.34577674,-0.27041554,-0.22856364,-0.3366719,-0.35074925,-0.3500964,-0.35797155,-0.27066836,-0.35096195,-0.3508671,-0.34638393,-0.2702808,-0.2283162,-0.3511278,-0.3503358,-0.34670717,-0.27046865,-0.345838,-0.35072744,-0.35071182,-0.34993353,-0.3421979,-0.27057192,-0.34715945,-0.35096538,-0.3465762,-0.2706464,-0.22828919,-0.27991652,-0.35093048,-0.27204362,-0.35059738,-0.34691674,-0.3523959,-0.350169,-0.35054854,-0.34445426,-0.2707255,-0.35022867,-0.32914695,-0.35751456,-0.3593669,-0.35117134,-0.35135877,-0.3504094,-0.34672266,-0.27004215,-0.22811474,-0.35087222,-0.3506129,-0.34628257,-0.2703617,-0.22845528,-0.35027215,-0.35057533,-0.3502857,-0.34404397,-0.35182393,-0.34961087,-0.3503873,-0.34641755,-0.27014178,-0.22833833,-0.2547989,-0.3513611,-0.3502574,-0.35418794,-0.2708427,-0.3503081,-0.35048577,-0.3499655,-0.3423161,-0.27047956,-0.34974986,-0.35025954,-0.3470932,-0.27039328,-0.2283884,-0.35122353,-0.304123,-0.3463432,-0.27007833,-0.35106468,-0.26381022,-0.35091734,-0.35609764,-0.35015994,-0.3464647,-0.34960997,-0.35637724,-0.34611893,-0.2702543,-0.3508119,-0.35145664,-0.31538883,-0.34647825,-0.27014858,-0.35046688,-0.34652692,-0.35169965,-0.3464107,-0.2706598,-0.35045996,-0.32128388,-0.35035956,-0.34633958,-0.2703987,-0.22819912,-0.34778064,-0.3512624,-0.35489932,-0.35925305,-0.34691793,-0.35262007,-0.35183486,-0.34692907,-0.27040914,-0.22811142,-0.2555955,-0.35114664,-0.34686655,-0.27019227,-0.30212936
k__Bacteria|p__Proteobacteria|c__Gammaproteobacteria|o__Enterobacteriales|f__Enterobacteriaceae|g__Klebsiella|s__unclassified,-0.3305179,-0.35351524,-0.35213512,-0.27574593,-0.35537535,-0.33464092,-0.35326532,-0.35228994,-0.27458897,-0.22745812,-0.33369118,-0.3547546,-0.34527826,-0.35700858,-0.34912896,-0.32021937,-0.35000768,-0.35023963,-0.27375203,-0.22558299,-0.33890688,-0.35493183,-0.35254335,-0.27494937,-0.22767596,-0.3366719,-0.35039002,-0.3561101,-0.35797155,-0.2695223,-0.32816374,-0.35279226,-0.35214353,-0.27492407,-0.22890574,-0.34052578,-0.35409832,-0.35260236,-0.27479774,-0.345838,-0.34018108,-0.35514918,-0.3568842,-0.3421979,-0.27105284,-0.30669862,-0.34503478,-0.34809482,-0.27358475,-0.2278086,-0.27991652,-0.35493785,-0.27204362,-0.356334,-0.34630275,-0.34180522,-0.35579872,-0.35625038,-0.34445426,-0.26978707,-0.3403937,-0.32914695,-0.35751456,-0.3593669,-0.34873942,-0.31549236,-0.34945494,-0.35015273,-0.27485114,-0.22905381,-0.33840698,-0.35514525,-0.35261878,-0.27495497,-0.22552566,-0.31927544,-0.3502108,-0.3557467,-0.34404397,-0.35182393,-0.32992262,-0.35361463,-0.35086682,-0.27459252,-0.2272205,-0.2547989,-0.34855202,-0.35481507,-0.35418794,-0.26818004,-0.33775395,-0.3552191,-0.35609445,-0.3423161,-0.27090734,-0.33332282,-0.35361516,-0.35172546,-0.27439845,-0.22809954,-0.3426042,-0.304123,-0.3527332,-0.27547014,-0.35334134,-0.26381022,-0.35532317,-0.35609764,-0.35662434,-0.34688306,-0.33421263,-0.35637724,-0.35248107,-0.275037,-0.35171002,-0.3194625,-0.31538883,-0.35029948,-0.27346694,-0.34730846,-0.34652692,-0.35169965,-0.35259724,-0.27402988,-0.3437442,-0.32128388,-0.35379243,-0.3514942,-0.274794,-0.22863492,-0.32425252,-0.35357887,-0.35489932,-0.35925305,-0.34624928,-0.3362161,-0.3528765,-0.35128576,-0.27491435,-0.22092153,-0.2555955,-0.35267743,-0.35160196,-0.2739757,-0.30212936
k__Bacteria|p__Proteobacteria|c__Gammaproteobacteria|o__Enterobacteriales|f__Enterobacteriaceae|g__Citrobacter|s__unclassified,-0.3260917,-0.34516305,-0.3430491,-0.26780725,-0.35537535,-0.32985568,-0.3447631,-0.34306335,-0.26733857,-0.22246893,-0.32915297,-0.34584624,-0.34527826,-0.34781227,-0.34093785,-0.31800637,-0.34219873,-0.3415268,-0.26688772,-0.220895,-0.3335762,-0.3459009,-0.34300005,-0.26754245,-0.22277138,-0.3366719,-0.3420685,-0.34691697,-0.35797155,-0.26314065,-0.32456994,-0.34437084,-0.34285405,-0.2675913,-0.22336468,-0.33400178,-0.34524903,-0.343351,-0.2674041,-0.345838,-0.33454418,-0.3464548,-0.34748358,-0.3421979,-0.26457998,-0.30554676,-0.33864257,-0.33978823,-0.2669044,-0.22282782,-0.27991652,-0.34560907,-0.27204362,-0.34696543,-0.33856001,-0.33582574,-0.3468557,-0.34726077,-0.34445426,-0.2637912,-0.33391196,-0.32914695,0.4552673,-0.3593669,-0.34127483,-0.31522992,-0.3414964,-0.3416732,-0.26726687,-0.2233633,-0.3326671,-0.3459919,-0.3428179,-0.26743865,-0.22099833,-0.3168345,-0.34237933,-0.34668887,-0.34404397,-0.35182393,-0.3254826,-0.3451837,-0.34254265,-0.26746416,-0.22182927,-0.2547989,-0.3395958,-0.34572428,0.5710719,-0.2626344,-0.33120695,-0.34645864,-0.34726405,0.86232847,-0.26456973,-0.3274899,-0.34484595,-0.34301633,-0.267364,-0.2228572,-0.33704185,1.2528969,-0.34348541,-0.26794058,-0.3450926,-0.26381022,-0.3458353,0.57992554,-0.3474388,-0.33899075,-0.32930145,0.58645654,-0.34334528,-0.26771718,-0.3437814,-0.31809843,1.2331475,-0.3412841,-0.2663287,-0.34045535,-0.34652692,-0.35169965,-0.34346777,-0.26697284,-0.33760834,-0.32128388,-0.344962,-0.34287915,-0.26729357,-0.2230278,-0.3205163,-0.34561518,-0.35489932,-0.35925305,-0.3384608,-0.33151424,-0.3447497,-0.34227633,-0.26752755,-0.21661939,-0.2555955,-0.34394637,-0.34262425,-0.26669165,-0.30212936
k__Bacteria|p__Proteobacteria|c__Gammaproteobacteria|o__Enterobacteriales|f__Enterobacteriaceae|g__unclassified|s__unclassified,0.8460399,0.87587655,0.8694284,0.67973924,-0.35537535,0.8515821,0.8752675,0.8696085,0.678494,0.5673234,0.85156655,0.87745893,0.7792476,0.88052094,0.86545295,0.8319069,0.87120175,0.86671704,0.67740595,0.56478655,0.85853,0.8776555,0.8700077,0.67894244,0.5678159,1.2807662,0.8711566,0.8792716,-0.35797155,0.67180383,0.84270334,0.87451917,0.8693894,0.6788886,0.56902015,0.85868716,0.87645483,0.8699819,0.6786202,-0.345838,0.85859144,0.8782006,0.8804089,0.79418564,0.67394996,0.8132756,0.86446834,0.863889,0.6773815,0.56789154,1.482279,0.8775215,1.5314734,0.87945855,0.8618957,0.86191535,0.879086,0.8797085,0.79633856,0.67251384,0.8580643,1.0693705,0.46617275,-0.3593669,0.86989576,0.828642,0.8699085,0.8669606,0.67866826,0.5691121,0.8564794,0.87813365,0.869877,0.67887616,0.5650569,0.83130455,0.8714369,0.8788007,0.7953096,0.74104637,0.8444476,0.8759601,0.8680484,0.67859244,0.56677246,2.055493,0.8691069,0.87761414,0.5822846,0.6705196,0.85427177,0.87826157,0.87967825,0.8712617,0.6737232,0.8485998,0.87593913,0.8692103,0.6783517,0.5681368,0.8618588,1.3147581,0.8702259,0.6795596,0.87588847,2.3609273,0.8782176,0.90960735,0.8800771,0.8626066,0.8498192,0.6160222,0.8699368,0.6790525,0.87386334,0.8317243,1.2782135,0.8666148,0.6768111,0.86803365,0.98705333,0.74830097,0.8699611,0.6778561,0.8635705,1.1327354,0.8761188,0.86878324,0.6786787,0.56874263,0.8364824,0.8765334,0.57962596,-0.35925305,0.86182773,0.85453606,0.875512,0.86819476,0.6788508,0.5585105,1.8111322,0.8746103,0.868729,0.6775707,1.3621938
k__Bacteria|p__Proteobacteria|c__Alphaproteobacteria|o__Rickettsiales|f__mitochondria|g__unclassified|s__unclassified,-0.33568412,-0.34890595,-0.346809,-0.2710539,-0.35537535,-0.33772197,-0.34874362,-0.34687543,-0.27016336,-0.22494295,-0.33846873,-0.34990942,-0.34527826,-0.35144556,-0.3447679,-0.3289994,-0.34663278,-0.34541464,-0.26955816,-0.22372317,-0.3416685,-0.34990263,-0.3471197,-0.27034402,-0.22496468,-0.3366719,-0.34652048,-0.3507384,0.4282486,-0.2667862,-0.3329473,-0.34812737,-0.34682497,-0.27038443,-0.22568357,-0.34118423,-0.34939635,-0.3471197,-0.27020532,-0.345838,-0.34078074,-0.35003254,-0.3511973,-0.3421979,-0.26783553,-0.3206898,-0.34299034,-0.34382433,-0.26953268,-0.22490665,-0.27991652,-0.34980038,-0.27204362,-0.35096097,-0.34299374,-0.34278557,-0.3503917,-0.3508044,-0.34445426,-0.26710424,-0.33833265,-0.32914695,0.47356644,-0.3593669,-0.34602636,-0.3272547,-0.34587252,-0.34537423,-0.27039444,-0.22586575,-0.34066454,-0.3501675,-0.3471821,-0.2704442,-0.2238057,-0.33013862,-0.3466851,-0.35030985,-0.34404397,-0.35182393,-0.3344266,-0.34878892,-0.34584594,-0.27008694,-0.2248154,-0.2547989,-0.34607488,-0.3497996,-0.35418794,-0.26607355,-0.34011847,-0.35023034,-0.3506833,-0.3423161,-0.26766473,-0.33661222,-0.34913924,-0.34645832,-0.2700071,-0.22535032,-0.3397251,-0.304123,-0.34723857,-0.27073252,-0.3490615,-0.26381022,-0.350221,-0.35609764,-0.35119885,-0.3430051,-0.33483046,-0.35637724,-0.34705144,-0.2704483,-0.3478294,-0.32665828,-0.31538883,-0.34542748,-0.26941013,-0.34503233,-0.34652692,-0.35169965,-0.34711128,-0.2700625,-0.34263575,-0.32128388,-0.3491313,-0.3463678,-0.2703164,-0.22563303,-0.33102557,-0.34903103,-0.35489932,-0.35925305,-0.34287572,-0.33942425,-0.34850037,-0.3465286,-0.27036095,-0.22116637,-0.2555955,-0.34814113,-0.34620866,-0.26963603,-0.30212936
k__Bacteria|p__Proteobacteria|c__Gammaproteobacteria|o__Enterobacteriales|f__Enterobacteriaceae|g__Enterobacter|s__hormaechei,-0.32331464,-0.34595928,-0.34486175,-0.26977283,-0.35537535,-0.3261313,-0.3459169,-0.34506637,-0.2687773,-0.2217047,-0.32518134,-0.3472347,-0.34527826,-0.34985107,-0.3414529,-0.3124945,-0.3425588,-0.34308207,-0.26765928,-0.21983379,-0.3310273,-0.34737828,-0.3453946,-0.26886517,-0.22165959,0.9471658,-0.34221566,-0.34858912,-0.35797155,-0.26246566,-0.31977618,-0.3448762,-0.34492314,-0.26900396,-0.22305015,-0.33218843,-0.34686315,-0.34519237,-0.2686843,-0.345838,-0.33207116,-0.3474704,-0.34967336,-0.3421979,-0.26451892,-0.298664,-0.33764178,-0.34057474,-0.26754913,-0.22179176,-0.27991652,-0.34690475,-0.27204362,-0.3488257,-0.33806747,-0.3336544,-0.34851077,-0.34868988,-0.34445426,-0.26312754,-0.32808656,-0.32914695,-0.35751456,-0.3593669,-0.34009802,-0.30654976,-0.34152526,-0.34284273,-0.26902542,-0.22347483,-0.33105585,-0.34769484,-0.34525263,-0.26886666,-0.21944585,-0.31313366,-0.3429944,-0.3483618,-0.34404397,-0.35182393,-0.32319474,-0.34583145,-0.34349912,-0.268629,-0.22148672,-0.2547989,-0.34015092,-0.34734708,-0.35418794,-0.2614742,-0.33118302,-0.34802133,-0.34899122,-0.3423161,-0.2643636,-0.3248116,-0.3461841,-0.3440119,-0.26837152,-0.22232312,-0.32976943,1.240807,-0.3454722,-0.2695754,-0.3454904,1.587185,-0.34747943,0.43594417,-0.349408,-0.33833158,-0.32256314,0.73343205,-0.3453832,-0.2690134,-0.34354037,-0.30690446,1.208409,-0.3429246,-0.2674974,-0.3395275,-0.34652692,0.66801107,-0.34517238,-0.2680846,-0.3353574,-0.32128388,-0.3464625,-0.3443146,-0.26858294,-0.2226637,-0.31599948,-0.3457751,-0.35489932,-0.35925305,-0.33784002,-0.32860097,-0.3446369,-0.34367597,-0.26878634,-0.21540369,-0.2555955,-0.3443091,-0.3441249,-0.26793006,-0.30212936
k__Bacteria|p__Proteobacteria|c__Gammaproteobacteria|o__Pasteurellales|f__Pasteurellaceae|g__Actinobacillus|s__unclassified,-0.33854067,-0.35059822,-0.34755337,-0.2712371,-0.35537535,-0.33919418,-0.35069978,-0.34746706,-0.27096075,-0.22609432,-0.33772415,-0.35084695,-0.34527826,-0.35204145,-0.34613174,-0.33220074,-0.348593,-0.34651926,-0.2705641,-0.22513385,-0.34201646,-0.3506528,-0.3473912,-0.270845,-0.22606333,-0.3366719,-0.34872216,-0.35131204,-0.35797155,-0.2676403,-0.33579916,-0.349998,-0.34736395,-0.271066,-0.22655746,-0.34268016,-0.35086972,-0.34780055,-0.27090666,-0.345838,-0.34286228,-0.35111615,-0.35173047,-0.3421979,-0.2688483,-0.32236618,-0.34641674,-0.34553224,-0.2704872,-0.22608209,-0.27991652,-0.35047084,-0.27204362,-0.35148844,-0.34431234,-0.34332108,-0.35125333,-0.3516218,-0.34445426,-0.26826125,-0.33918583,-0.32914695,0.4568051,-0.3593669,-0.34727496,-0.32671642,-0.34788185,-0.34673092,-0.2707373,-0.2267559,-0.34132636,-0.35071057,-0.34724903,-0.2709296,-0.22481719,-0.33149856,-0.348477,-0.35114238,-0.34404397,-0.35182393,-0.33699533,-0.35024086,-0.34715807,-0.27085334,-0.22577599,-0.2547989,-0.34590408,-0.35027665,-0.35418794,-0.26739708,-0.34300488,-0.35145572,-0.35179943,-0.3423161,-0.26870233,-0.3376317,-0.35025594,-0.3474928,-0.2708189,-0.22644842,-0.34094638,-0.304123,-0.34776974,-0.27126455,-0.35021454,-0.26381022,-0.35041237,-0.35609764,-0.3517477,-0.34436387,-0.3367856,-0.35637724,-0.34771258,-0.2710841,-0.3490044,-0.32803655,1.2542112,-0.3465271,-0.27028325,-0.34737042,-0.34652692,-0.35169965,-0.34783387,-0.27076048,-0.3450701,-0.32128388,-0.35046172,-0.34755272,-0.27078503,-0.22631887,-0.3327125,-0.35037768,-0.35489932,-0.35925305,-0.34406954,-0.34030312,-0.34991443,-0.34689605,-0.27090222,-0.22216727,-0.2555955,-0.3489382,-0.34714508,-0.27049673,-0.30212936
k__Bacteria|p__Proteobacteria|c__Gammaproteobacteria|o__Enterobacteriales|f__Enterobacteriaceae|g__Escherichia|s__unclassified,0.78436863,0.8040209,0.797537,0.6240957,-0.35537535,0.7868091,0.80386496,0.79754907,0.6225546,0.5213691,0.7869116,0.8056121,0.80211204,0.80754757,0.79450655,0.77471626,0.8004912,0.7954272,0.6217045,0.5196042,0.79241973,0.8053332,0.7978635,0.62297076,0.52128136,1.6017104,0.80092806,0.8064117,-0.35797155,0.61764264,0.78099346,0.80293643,0.79767394,0.6230124,0.5225262,0.79185903,0.80475354,0.7981974,0.6228937,-0.345838,0.7921266,0.80552244,0.8071696,-0.3421979,0.6192089,0.7632153,0.7957947,0.7932135,0.62154067,0.52122253,1.4998001,0.805533,1.530566,0.80709004,0.7918763,0.7934858,0.80600667,0.80671585,0.79748553,0.6179405,0.7881448,1.0566236,0.47281063,-0.3593669,0.7995422,0.77168995,0.7998055,0.7955203,0.622981,0.5227698,0.79147726,0.8058709,0.7982439,0.62316763,0.519588,0.775334,0.8008985,0.8060048,-0.34404397,0.7345693,0.78282654,0.8036618,0.7959298,0.62241346,0.5211642,2.4028113,0.7997728,0.8050766,-0.35418794,0.6165139,0.7910016,0.805858,0.80629516,-0.3423161,0.6189356,0.7855312,0.80419856,0.79722416,0.62236905,0.52186036,0.7905036,1.2867123,0.79820216,0.62356555,0.80403066,1.8168253,0.8056873,0.59455484,0.8071033,0.79192615,0.78370404,-0.35637724,0.79783237,0.6230959,0.8020749,0.77132964,1.2893292,0.79564023,0.6215098,0.7983088,1.1726888,0.68780774,0.7980372,0.62244695,0.7947465,1.1978308,0.8042034,0.7967801,0.62294555,0.5223977,0.7781367,0.8038578,-0.35489932,-0.35925305,0.79176134,0.7890637,0.80376446,0.7973542,0.6229421,0.515888,1.8791276,0.8026999,0.79695475,0.62192804,1.3613504
k__Bacteria|p__Proteobacteria|c__Gammaproteobacteria|o__Pasteurellales|f__Pasteurellaceae|g__Haemophilus|s__parainfluenzae,-0.33594728,-0.34857368,-0.34615856,-0.2712785,-0.35537535,-0.33701724,-0.34848845,-0.3462392,-0.2707651,-0.22617392,-0.33650294,-0.3491618,0.7642139,-0.35074162,-0.34434038,-0.32907552,-0.34641796,-0.34501594,-0.27011013,-0.22512044,-0.3408078,-0.34920892,-0.34635645,-0.27080673,-0.22621958,0.97032654,-0.34596986,-0.34992087,-0.35797155,-0.26717156,-0.33333498,-0.3477198,-0.34614974,-0.2708924,-0.22689931,-0.3406195,-0.34895,-0.34638858,-0.27070808,-0.345838,-0.34070718,-0.3494563,-0.35052878,-0.3421979,-0.2685146,-0.31876594,-0.34353203,-0.34354746,-0.27015018,-0.22623962,1.4607731,-0.34891254,1.5196126,-0.35007378,-0.34244663,-0.34201035,-0.34992492,-0.35010117,-0.34445426,-0.26769888,-0.3367052,-0.32914695,0.45872402,-0.3593669,-0.34540367,-0.32563663,-0.3454855,-0.34499556,-0.27081782,-0.22707398,-0.33984613,-0.34942052,-0.3462615,-0.27081758,-0.22494803,-0.328797,-0.34656152,-0.3497396,-0.34404397,-0.35182393,-0.33485103,-0.34832636,-0.34545884,-0.2706809,-0.22600624,-0.2547989,-0.34452993,-0.34906107,-0.35418794,-0.26689744,-0.34019127,-0.34972587,-0.35026357,-0.3423161,-0.26827288,-0.33521044,-0.34851998,-0.34582758,-0.27058995,-0.22658144,-0.3382064,-0.304123,-0.34653556,-0.27120775,-0.3484645,-0.26381022,-0.3491997,-0.35609764,-0.35046738,-0.3424273,-0.33368337,-0.35637724,-0.34647304,-0.2709161,-0.34730434,-0.3244973,1.2254728,-0.34489483,-0.26994723,-0.34502557,-0.34652692,-0.35169965,-0.34636962,-0.27049798,-0.3428114,-0.32128388,-0.3486734,-0.3459497,-0.27063382,-0.22667387,-0.32997334,-0.34844857,-0.35489932,-0.35925305,-0.34231195,-0.33870018,-0.34794366,-0.34553564,-0.27073514,-0.22236733,-0.2555955,-0.3472122,-0.3457157,-0.27019048,-0.30212936
k__Bacteria|p__Proteobacteria|c__Alphaproteobacteria|o__RF32|f__unclassified|g__unclassified|s__unclassified,-0.33696666,-0.34719783,-0.34418356,-0.26887697,-0.35537535,-0.3365433,-0.34741548,-0.34421888,-0.26900798,-0.22478706,-0.33519757,-0.34738472,-0.34527826,-0.34873942,-0.34278172,-0.33142895,-0.34566444,-0.34351406,-0.26840693,-0.22405031,-0.33869374,-0.34717277,-0.34412155,-0.26874965,-0.22450063,-0.3366719,-0.34519887,-0.34771365,-0.35797155,-0.26541397,-0.33393258,-0.34654665,-0.34422866,-0.2689996,-0.22510192,-0.33975387,-0.3476721,-0.34441122,-0.26881987,-0.345838,-0.33992773,-0.34752333,-0.34859312,-0.3421979,-0.26674303,-0.3239454,-0.3438353,-0.34236184,-0.26840305,-0.22459438,-0.27991652,-0.34668994,-0.27204362,-0.34793347,-0.34097055,-0.339958,-0.34812474,-0.34807795,-0.34445426,-0.26601255,-0.3350603,-0.32914695,-0.35751456,-0.3593669,-0.3436855,-0.32624412,-0.34475523,-0.3437037,-0.26873893,-0.22548307,-0.33932418,-0.34746185,-0.34389287,-0.2686857,-0.22344343,-0.33201855,-0.34573454,-0.34801304,-0.34404397,-0.35182393,-0.33628255,-0.3467186,-0.3438999,-0.26885495,-0.22451517,-0.2547989,-0.34260124,-0.34718955,-0.35418794,-0.2653783,-0.34120557,-0.34818745,-0.34870267,-0.3423161,-0.26669905,-0.33606493,-0.34683174,-0.34390196,-0.2687264,-0.22498246,-0.33559877,-0.304123,-0.34445968,-0.26919705,-0.3467064,-0.26381022,-0.3468039,-0.35609764,-0.3484087,-0.34074652,-0.3334725,-0.35637724,-0.34458098,-0.2689259,-0.34554935,-0.32483974,-0.31538883,-0.34340465,-0.2682736,-0.34457237,0.82907724,-0.35169965,-0.3442613,-0.26857293,-0.34220147,-0.32128388,-0.34727943,-0.34433907,-0.2683997,-0.2247597,-0.33268416,-0.34685567,-0.35489932,0.8511239,-0.3405478,-0.3379182,-0.3461572,-0.34321022,-0.26865405,-0.22164725,-0.2555955,-0.3452986,-0.3440853,-0.26846728,-0.30212936
k__Bacteria|p__Proteobacteria|c__Gammaproteobacteria|o__Pasteurellales|f__Pasteurellaceae|g__Haemophilus|s__unclassified,0.6091374,0.6245356,0.61896944,0.4835096,-0.35537535,0.61092436,0.6239699,0.6192446,0.48329994,0.40504172,0.6118486,0.62517565,0.8035694,0.6267265,0.61658835,0.59874654,0.62265533,0.6176245,0.48263824,0.40353775,0.6161084,0.6249255,0.6192633,0.48375136,0.4053942,1.266069,0.6214292,0.6257912,0.43115664,0.4793075,0.6056279,0.62365854,0.6194737,0.48355246,0.4060455,0.61520696,0.62470675,0.6198175,0.48357546,-0.345838,0.614304,0.6257608,0.6269005,-0.3421979,0.4809138,0.5842526,0.6184147,0.61645436,0.4829901,0.40531248,1.4985127,0.62553275,1.6174592,0.626347,0.6150621,0.61881787,0.62633264,0.62651944,0.7966085,0.47994983,0.6113656,1.0532842,0.59707713,0.45728776,0.6211094,0.5969124,0.62060606,0.6184299,0.4833014,0.40600407,0.61384344,0.6261218,0.6195983,0.483511,0.4037158,0.59937805,0.6221632,0.6261076,0.81314284,-0.35182393,0.60653186,0.6241182,0.6184757,0.48336738,0.40490472,1.6874847,0.6215716,0.62559974,0.60148615,0.4791651,0.612684,0.6259166,0.6265397,0.86562043,0.4804672,0.6071806,0.62418807,0.61956155,0.4833086,0.40560856,0.6134657,-0.304123,0.61970663,0.483751,0.6246329,1.5869563,0.62638974,0.43044403,0.6265543,0.615011,0.60604465,0.60458386,0.6195173,0.4834997,0.6234092,0.59575903,1.5075792,0.6179701,0.48225665,0.62012625,-0.34652692,0.7056344,0.61920404,0.48318952,0.6174141,-0.32128388,0.6248301,0.6189471,0.483328,0.40565488,0.59799767,0.62536275,-0.35489932,0.6109718,0.61487806,0.61448634,0.62498564,0.61842906,0.48350325,0.3999672,1.7017395,0.6242138,0.61967313,0.48279202,1.3550019
k__Bacteria|p__Proteobacteria|c__Betaproteobacteria|o__Burkholderiales|f__Alcaligenaceae|g__Sutterella|s__unclassified,0.82878906,0.8642914,0.85903156,0.6720544,1.2047915,0.83527505,0.8638632,0.8589232,0.66947424,0.55812174,0.8360878,0.86675406,1.1831261,0.87030447,0.8542943,0.81233424,0.8576725,0.8552898,0.66834223,0.554971,0.8442675,0.8668187,0.8596077,0.6698332,0.55834436,-0.3366719,0.85878783,0.8689028,0.5012375,0.661681,0.8233806,0.8624033,0.8584367,0.6701194,0.55978143,0.8443052,0.8652486,0.8594315,0.66948044,0.71183234,0.8438256,0.8670944,0.869382,0.85231256,0.6637955,0.79165816,0.8491451,0.85131586,0.66801214,0.5581699,1.7223607,0.8663578,2.3725,0.8690795,0.84961265,0.84658957,0.86745846,0.86894614,0.9389192,0.6624446,0.8410888,1.4733286,0.48819178,0.46096292,0.8571516,0.8089214,0.8568386,0.8549509,0.66996723,0.5602369,0.8413948,0.8665031,0.8593075,0.6702799,0.5551975,0.8132357,0.85828185,0.86733365,1.0657765,0.71611494,0.82634187,0.8642935,0.85676,0.66936874,0.55741674,-0.2547989,0.8552405,0.8656335,0.76091444,0.65946054,0.8401562,0.8671994,0.86842793,1.1954068,0.66370016,0.8337138,0.8648479,0.8581705,0.66923606,0.5590376,0.8457459,-0.304123,0.8597851,0.6709796,0.86460197,-0.26381022,0.8665832,0.6054313,0.86970323,0.85006726,0.8317114,0.5892461,0.85926545,0.6703861,0.86153376,0.81170195,1.5560589,0.85501015,0.66763884,0.8542927,1.4601568,1.3659396,0.86004,0.6692297,0.84878993,-0.32128388,0.86424893,0.8577922,0.67011046,0.55977017,0.8196227,0.86443233,0.5893526,0.7967849,0.84957314,0.8379494,0.8632053,0.8582114,0.6701296,0.5481926,1.9550531,0.86183447,0.8566579,0.6682975,1.34733
k__Bacteria|p__Actinobacteria|c__Actinobacteria|o__Actinomycetales|f__Actinomycetaceae|g__Parascardovia|s__unclassified,-0.34966576,-0.34825018,-0.3442602,-0.26883236,-0.35537535,-0.34862298,-0.34823027,-0.34447092,-0.26940942,-0.22767457,-0.34885654,-0.34808663,-0.34527826,-0.34827858,-0.3439598,-0.3485716,-0.34912747,-0.34458113,-0.2691954,-0.22778687,-0.34946385,-0.34808844,-0.34441033,-0.26944047,-0.22769015,-0.3366719,-0.34806204,-0.3480505,-0.35797155,-0.26913542,-0.34924603,-0.34826684,-0.34465998,-0.26930234,-0.22770984,-0.34814,-0.34831113,-0.34443563,-0.2694063,-0.345838,-0.34798414,-0.34822732,-0.34860444,-0.3421979,-0.26936945,-0.34800977,-0.34893918,-0.34475678,-0.26945025,-0.22770953,-0.27991652,-0.34819943,-0.27204362,-0.3481682,-0.34429762,-0.34972137,-0.34867287,-0.34826517,-0.34445426,-0.2692,-0.34683317,-0.32914695,-0.35751456,-0.3593669,-0.34815016,-0.34820485,-0.34831557,-0.34488708,-0.26934338,-0.22768854,-0.348862,-0.34872183,-0.3445146,-0.26916704,-0.22771338,-0.3500341,-0.3487319,-0.34858257,-0.34404397,-0.35182393,-0.34887347,-0.34811231,-0.344454,-0.269435,-0.22784206,-0.2547989,-0.3492286,-0.34877318,-0.35418794,-0.269435,-0.348721,-0.3484035,-0.34859216,-0.3423161,-0.26929584,-0.3475049,-0.34814978,-0.34437698,-0.2693762,-0.22766337,-0.3459563,-0.304123,-0.34441903,-0.2692439,-0.34821928,-0.26381022,-0.34866762,-0.35609764,-0.34830356,-0.34425545,-0.34676996,-0.35637724,-0.3445369,-0.2692008,-0.34833223,-0.3468765,-0.31538883,-0.3446613,-0.26931053,-0.34865913,-0.34652692,-0.35169965,-0.3439744,-0.2691913,-0.34871325,-0.32128388,-0.34861237,-0.34450662,-0.26907557,-0.22755465,-0.34603953,-0.348491,-0.35489932,-0.35925305,-0.3441794,-0.35035557,-0.34849638,-0.34390256,-0.2691785,-0.22782438,-0.2555955,-0.34845972,-0.34498388,-0.26939765,-0.30212936
k__Bacteria|p__Actinobacteria|c__Actinobacteria|o__Actinomycetales|f__Corynebacteriaceae|g__Corynebacterium|s__unclassified,-0.34682912,-0.34985214,-0.34608653,-0.27028376,-0.35537535,-0.3474428,-0.34974176,-0.34612954,-0.27000824,-0.2274932,-0.3475382,-0.35010633,-0.34527826,-0.35015333,-0.34569165,-0.34420973,-0.34955105,-0.34584504,-0.26999447,-0.22719213,-0.348666,-0.34992978,-0.34606218,-0.27031696,-0.22757038,-0.3366719,-0.34964865,-0.3500768,-0.35797155,-0.2699402,-0.34614566,-0.34995115,-0.3463071,-0.2701871,-0.2277662,-0.34839433,-0.34984574,-0.3464843,-0.27033684,-0.345838,-0.3476944,-0.35010463,-0.35013306,-0.3421979,-0.26988325,-0.34132102,-0.3483406,-0.34572032,-0.27006423,-0.22747436,-0.27991652,-0.35050505,-0.27204362,-0.35036123,-0.3457726,-0.34905273,-0.34996217,-0.35017827,-0.34445426,-0.2696838,-0.3483355,-0.32914695,-0.35751456,-0.3593669,-0.34964806,-0.3441974,-0.34931278,-0.3460184,-0.27017874,-0.22768614,-0.34761173,-0.35023502,-0.34645516,-0.27028748,-0.22728375,-0.34491527,-0.34920272,-0.3501254,-0.34404397,-0.35182393,-0.34537467,-0.3497303,-0.3458467,-0.27004582,-0.22762454,-0.2547989,-0.35013396,-0.3500805,-0.35418794,-0.26947898,-0.34758806,-0.34993988,-0.34981427,-0.3423161,-0.26982722,-0.34707093,-0.3497606,-0.3463338,-0.2701182,-0.22759749,-0.3485614,-0.304123,-0.34630573,-0.2701967,-0.35012072,-0.26381022,-0.35053247,-0.35609764,-0.35011965,-0.34574494,-0.34684044,-0.35637724,-0.34613508,-0.27018785,-0.34981906,-0.34531024,-0.31538883,-0.34616274,-0.26995224,-0.34898394,-0.34652692,-0.35169965,-0.34621495,-0.27015507,-0.34869167,-0.32128388,-0.34985653,-0.34594482,-0.27027944,-0.2276784,-0.34408206,-0.3499138,-0.35489932,-0.35925305,-0.34575683,-0.3482375,-0.3501935,-0.346344,-0.27027157,-0.22667257,-0.2555955,-0.35019732,-0.3464116,-0.27007675,-0.30212936
k__Bacteria|p__Actinobacteria|c__Actinobacteria|o__Actinomycetales|f__Micrococcaceae|g__Rothia|s__mucilaginosa,-0.34400797,-0.35165316,-0.34740782,-0.27059925,-0.35537535,-0.34298053,-0.3515472,-0.34772295,-0.27183092,-0.22855017,-0.34101036,-0.35135198,-0.34527826,-0.35147864,-0.34658092,-0.33825237,-0.35199353,-0.347432,-0.27148345,-0.22797886,-0.34303546,-0.350519,-0.34733802,-0.27209336,-0.2284282,-0.3366719,-0.35123113,-0.3506235,-0.35797155,-0.2697896,-0.342119,-0.35173273,-0.34849542,-0.27186212,-0.22884414,-0.34547567,-0.35180205,-0.3485089,-0.27233502,-0.345838,-0.3454023,-0.35153714,-0.3524974,-0.3421979,-0.27071527,-0.33147702,-0.35090917,-0.34783423,-0.27166787,-0.22860853,-0.27991652,-0.35173157,-0.27204362,-0.35149136,-0.34649688,-0.3458886,-0.35248747,-0.35199118,-0.34445426,-0.26985162,-0.34456354,-0.32914695,-0.35751456,-0.3593669,-0.34923238,-0.3344361,-0.3503579,-0.3491009,-0.27128273,-0.22890535,-0.34453028,-0.35239652,-0.34791684,-0.2715483,-0.2276351,-0.3378641,-0.35126662,-0.35253787,-0.34404397,-0.35182393,-0.3429934,-0.35098672,-0.3479504,-0.27193666,-0.2283453,-0.2547989,-0.350227,-0.3521728,-0.35418794,-0.27001813,-0.3454623,-0.35214868,-0.35266912,-0.3423161,-0.27064973,-0.34224772,-0.3506,-0.34880656,-0.27178133,-0.22851746,-0.34512508,-0.304123,-0.3479777,-0.27177924,-0.35111204,-0.26381022,-0.3518154,-0.35609764,-0.35137352,-0.34645286,-0.34279197,-0.35637724,-0.34811312,-0.27161622,-0.35068154,-0.33543918,-0.31538883,-0.3482759,-0.2712022,-0.35090387,-0.34652692,-0.35169965,-0.34720695,-0.27130067,-0.34912413,-0.32128388,-0.35207564,-0.3480921,-0.27122116,-0.22838242,-0.33822197,-0.3520126,-0.35489932,-0.35925305,-0.34587073,-0.34467658,-0.352709,-0.3463939,-0.27154317,-0.22571501,-0.2555955,-0.35158962,-0.3500073,-0.2719242,-0.30212936
k__Bacteria|p__Actinobacteria|c__Actinobacteria|o__Actinomycetales|f__Actinomycetaceae|g__Actinomyces|s__unclassified,-0.323075,-0.35069692,-0.3504356,-0.27527973,-0.35537535,-0.32681066,-0.35077953,-0.350464,-0.2735071,-0.22504039,-0.3261997,-0.3524685,-0.34527826,-0.35573727,-0.3467058,-0.3107313,-0.34544855,-0.34772706,-0.2721874,-0.22277957,-0.3326097,-0.35260832,-0.35099548,-0.27338013,-0.22484232,0.9373852,-0.3459996,-0.35425597,-0.35797155,-0.2662537,-0.31757092,-0.3490615,-0.35000607,-0.27378058,-0.22636616,-0.33457136,-0.3518691,-0.35058928,-0.27318597,-0.345838,-0.3340872,-0.35261732,-0.35509068,-0.3421979,-0.2683877,-0.29622746,-0.33897293,-0.34420487,-0.27182052,-0.22493187,-0.27991652,-0.35156155,-0.27204362,-0.35432142,-0.34232372,-0.33480102,-0.35339403,-0.35415286,-0.34445426,-0.26693147,-0.3297845,-0.32914695,-0.35751456,-0.3593669,-0.34418875,-0.3058138,-0.34454972,-0.34713793,-0.27373123,-0.22705068,-0.33252317,-0.35229707,-0.3504956,-0.27373943,-0.22241226,-0.31186193,-0.34609455,-0.35322547,-0.34404397,-0.35182393,-0.32239383,-0.35058826,-0.3485806,-0.27323046,-0.22460708,-0.2547989,-0.34231007,-0.35179478,-0.35418794,-0.26472253,-0.33354592,-0.35323894,-0.354411,-0.3423161,-0.26824272,-0.32695508,-0.3511203,-0.34911457,-0.27294946,-0.22581126,-0.33163464,1.2349179,-0.3510228,-0.27458486,-0.35050184,-0.26381022,-0.35192245,-0.35609764,-0.35515016,-0.3424198,-0.32355958,-0.35637724,-0.35085303,-0.2739387,-0.34801674,-0.30511034,1.2105579,-0.34738642,-0.2719242,-0.34293014,-0.34652692,-0.35169965,-0.35110152,-0.27290207,-0.33803385,-0.32128388,-0.35094297,-0.3495918,-0.2734162,-0.22626111,-0.31859905,-0.350174,0.6064764,-0.35925305,-0.34208256,-0.32803935,-0.34854335,-0.3491978,-0.2735831,-0.21756172,-0.2555955,-0.3479374,-0.3484063,-0.2723127,-0.30212936
k__Bacteria|p__Actinobacteria|c__Actinobacteria|o__Bifidobacteriales|f__Bifidobacteriaceae|g__Bifidobacterium|s__longum,0.91430306,0.94107866,0.9323715,0.72776794,0.69285417,0.9178047,0.9405758,0.9325099,0.72795343,0.6099647,0.91630435,0.94152796,0.7664834,0.9440127,0.92929256,0.89986193,0.93765813,0.9303595,0.7271328,0.6077167,0.92376703,0.9412147,0.9323907,0.72806776,0.6104119,1.231002,0.93661106,0.9426019,0.52001107,0.7213919,0.909799,0.939868,0.93250716,0.7281372,0.6110879,0.9243627,0.9412625,0.93313545,0.727948,0.6259733,0.9243002,0.94255483,0.9441313,-0.3421979,0.72378886,0.8784157,0.9322759,0.9285463,0.727353,0.6104539,1.4875025,0.941218,1.6207826,0.94287497,0.926263,0.92811984,0.9433516,0.94369656,-0.34445426,0.7226484,0.92117697,1.4459518,0.45699716,0.5309695,0.9348646,0.8942795,0.9350633,0.9315346,0.7273779,0.61122656,0.9216463,0.9422081,0.9321144,0.7277714,0.60771185,0.8993077,0.93704915,0.9429913,0.80710644,0.6973135,0.9112584,0.94063395,0.93220025,0.72809374,0.6091441,2.0272434,0.93304515,0.94170105,-0.35418794,0.7211744,0.9212861,0.94297713,0.94433033,0.96058583,0.723598,0.9132898,0.9401857,0.9330555,0.7278954,0.6106669,0.92509556,1.8252349,0.933096,0.728456,0.9407108,2.025129,0.9418535,0.5127339,0.943635,0.9265492,0.91414905,0.5801288,0.93305856,0.72814333,0.93880785,0.8966689,-0.31538883,0.93043447,0.7262398,0.9347222,1.0371473,1.0808916,0.93271685,0.72734296,0.9302702,1.3371298,0.94102544,0.9326867,0.72747946,0.61052406,0.90123737,0.9419832,0.61613137,0.55326736,0.9257194,0.92156637,0.94086796,0.93064785,0.7278937,0.60113966,1.7243174,0.93912077,0.9327246,0.72706187,-0.30212936
k__Bacteria|p__Actinobacteria|c__Actinobacteria|o__Bifidobacteriales|f__Bifidobacteriaceae|g__Bifidobacterium|s__adolescentis,0.57527053,0.59273654,0.58742815,0.45803747,-0.35537535,0.5796218,0.59206825,0.5877496,0.45896232,0.38556004,0.57730085,0.5929034,-0.34527826,0.594748,0.58557165,0.5680733,0.59132004,0.58665454,0.45846832,0.38434765,0.5812552,0.5930941,0.5875858,0.45925885,0.38609406,0.9384766,0.5903088,0.5938705,-0.35797155,0.4556274,0.5768782,0.59238,0.5877476,0.4590042,0.38640624,0.58224595,0.59253687,0.5877493,0.45905453,0.6272555,0.5832128,0.5940022,0.59543884,-0.3421979,0.4568423,0.5575757,0.5887002,0.58559585,0.45869362,0.38647833,1.5204912,0.5932079,1.7073402,0.5936797,0.58429253,0.5847702,0.5952713,0.5947527,-0.34445426,0.4560473,0.58755016,1.1434003,-0.35751456,0.5934095,0.5898638,0.5677109,0.5904644,0.5875259,0.45851144,0.38616115,0.5808147,0.5940075,0.58720756,0.45851815,0.38449255,0.5658972,0.59136295,0.5949629,-0.34404397,0.68245953,0.57576436,0.5930928,0.5878451,0.4594146,0.38474602,1.6840997,0.5884032,0.5941957,-0.35418794,0.4555841,0.577381,0.5938785,0.59554255,-0.3423161,0.457058,0.5765359,0.5921103,0.58800495,0.45906597,0.38562033,0.5897225,1.2487445,0.5879248,0.45923975,0.5926074,-0.26381022,0.5935164,-0.35609764,0.59451544,0.58550566,0.5828147,1.0630039,0.5880817,0.4590152,0.5924453,0.57233477,1.2081015,0.58634245,0.45776153,0.5902391,0.9119884,0.7649902,0.58722454,0.45769444,0.58883476,-0.32128388,0.5929513,0.5877569,0.45830157,0.38583845,0.56917065,0.5939129,0.5983274,-0.35925305,0.58422816,0.58146524,0.593377,0.5854249,0.45871466,0.37987885,1.697449,0.5924454,0.58858263,0.45859623,-0.30212936
k__Bacteria|p__Actinobacteria|c__Actinobacteria|o__Bifidobacteriales|f__Bifidobacteriaceae|g__Bifidobacterium|s__unclassified,0.8920344,0.9348216,0.92847145,0.72606087,0.96503377,0.8979802,0.934306,0.9287014,0.72529685,0.6050732,0.8952274,0.9364775,0.7777543,0.94067353,0.9230229,0.86968565,0.92875236,0.9250099,0.72379196,0.60157025,0.9068444,0.9360277,0.928853,0.72556365,0.6054393,0.9768216,0.9282988,0.938431,0.73011667,0.71502435,0.88571715,0.9328973,0.928565,0.7257384,0.6071055,0.9088255,0.93564653,0.9295144,0.72535133,0.67250663,0.9085257,0.9376024,0.9406404,-0.3421979,0.71848613,0.83973706,0.91968155,0.9214639,0.7237884,0.6056264,1.5204912,0.9363206,1.9215341,0.93889576,0.9178988,0.9129961,0.93897945,0.93963265,0.80921704,0.71641445,0.9046998,1.0872993,0.5945699,0.8096892,0.9252522,0.86169803,0.9261723,0.92604107,0.7249317,0.60751426,0.9044021,0.9372841,0.9285188,0.72534204,0.60126156,0.86953264,0.92856956,0.9386096,-0.34404397,0.8594234,0.8888955,0.93444407,0.92720264,0.72533536,0.60409594,1.693305,0.92280334,0.9364279,0.57805675,0.7137814,0.9041971,0.93819267,0.9403073,-0.3423161,0.7181916,0.8928654,0.9342935,0.928661,0.7249696,0.60612524,0.9093499,1.2445747,0.92960775,0.7264656,0.9344247,1.5934805,0.93686914,0.46344897,0.9399635,0.91880965,0.8933513,0.68587565,0.92940545,0.72574687,0.93133503,0.8653376,1.3455405,0.9251016,0.7227072,0.92450726,1.086207,0.9334278,0.9290633,0.7240933,0.9178721,1.1207594,0.9351924,0.92821527,0.72487736,0.60628164,0.873556,0.93565327,1.2725462,0.5749452,0.9174044,0.902884,0.93402773,0.92584133,0.72533226,0.5920874,-0.2555955,0.9318944,0.9282627,0.7239698,-0.30212936
k__Bacteria|p__Cyanobacteria|c__4C0d-2|o__YS2|f__unclassified|g__unclassified|s__unclassified,-0.34204918,-0.34902346,-0.34480023,-0.2685718,-0.35537535,-0.34227476,-0.34877697,-0.34474418,-0.26933658,-0.22663102,-0.3410381,-0.34860903,-0.34527826,-0.34891903,-0.3442244,-0.33701187,-0.34838068,-0.34443527,-0.26928753,-0.22605209,-0.3437875,-0.3481046,-0.34437874,-0.2693588,-0.2267509,-0.3366719,-0.34783316,-0.34830904,0.4492445,-0.2675051,-0.34056196,-0.34872103,-0.34497464,-0.26940507,-0.22667739,-0.3441468,-0.3487643,-0.34530154,-0.2694443,0.76973325,-0.34401053,-0.34907392,-0.3490476,0.7986924,-0.26841745,-0.3288802,-0.34760368,-0.34442103,-0.26953313,-0.22674957,-0.27991652,-0.34845418,-0.27204362,-0.3486317,-0.34365824,-0.34521246,-0.34916192,-0.34919143,-0.34445426,-0.26821905,-0.34202287,-0.32914695,-0.35751456,-0.3593669,-0.34702992,-0.3350938,-0.34728655,-0.34548968,-0.268789,-0.2265951,-0.34274632,-0.34877443,-0.34432843,-0.26909593,-0.22591521,-0.3364064,-0.3480273,-0.34903467,-0.34404397,-0.35182393,-0.34007394,-0.34843546,-0.3453496,-0.26944834,-0.22613363,-0.2547989,-0.3457079,-0.34836686,0.67141074,-0.26806784,-0.3432362,-0.3492998,-0.34959397,-0.3423161,-0.2683326,-0.3401718,-0.34806377,-0.34575492,-0.2694733,-0.22668956,-0.34396413,-0.304123,-0.34503686,-0.26929483,-0.34866413,-0.26381022,-0.34838724,-0.35609764,-0.34879726,-0.3435872,-0.34031594,-0.35637724,-0.34506372,-0.26931494,-0.34817702,-0.33520412,-0.31538883,-0.3445774,-0.26877558,-0.34769514,-0.34652692,-0.35169965,-0.34484076,-0.26923066,-0.34656516,-0.32128388,-0.34867465,-0.34534442,-0.26896948,-0.22624174,-0.33647686,-0.34946167,-0.35489932,-0.35925305,-0.343391,-0.34338444,-0.34934407,-0.3441383,-0.26920593,-0.22380333,-0.2555955,-0.34809795,-0.34571025,-0.2691575,-0.30212936
k__Bacteria|p__Cyanobacteria|c__Chloroplast|o__Streptophyta|f__unclassified|g__unclassified|s__unclassified,-0.3299899,-0.34592023,-0.34409952,-0.26938796,-0.35537535,-0.33215547,-0.34594184,-0.344047,-0.2681744,-0.22265232,-0.33230978,-0.3469779,-0.34527826,-0.34871352,-0.34172183,-0.32198882,-0.3430063,-0.3424641,-0.2675098,-0.22124135,-0.33671403,-0.3470751,-0.34445933,-0.26809037,-0.22263442,-0.3366719,-0.34309524,-0.34804505,0.43405622,-0.2638763,-0.32642755,-0.34493768,-0.34375164,-0.26837707,-0.22340122,-0.33657965,-0.34655493,-0.34411958,-0.26791555,-0.345838,-0.3360536,-0.3470485,-0.34819764,-0.3421979,-0.26508498,-0.31131375,-0.33906984,-0.3405202,-0.26735216,-0.22251591,-0.27991652,-0.34650147,-0.27204362,-0.34803438,-0.33918548,-0.33794713,-0.34725702,-0.3478667,-0.34445426,-0.26448786,-0.332214,-0.32914695,0.4818429,-0.3593669,-0.34189153,-0.31846827,-0.34220347,-0.3420949,-0.26840228,-0.22384152,-0.33536822,-0.34678555,-0.34413493,-0.26839882,-0.22108041,-0.32334387,-0.3432147,-0.34716398,-0.34404397,-0.35182393,-0.32866886,-0.3457984,-0.3429669,-0.26798835,-0.22248627,-0.2547989,-0.34134746,-0.34640938,-0.35418794,-0.26296222,-0.33597535,-0.34736025,-0.34785664,-0.3423161,-0.26500317,-0.3311975,-0.34630656,-0.34332663,-0.2679072,-0.2232047,-0.33362454,-0.304123,-0.3443762,-0.26876718,-0.34582072,-0.26381022,-0.3468154,-0.35609764,-0.3484646,-0.33911282,-0.32805985,-0.35637724,-0.34421667,-0.26843914,-0.34415007,-0.31821072,-0.31538883,-0.34224153,-0.2673052,-0.34089294,-0.34652692,0.66614175,-0.34450048,-0.2680589,-0.33792573,-0.32128388,-0.34600085,-0.3435539,-0.26830435,-0.223355,-0.32427543,-0.34574956,0.58000916,-0.35925305,-0.33903152,-0.33403468,-0.3447711,-0.3435695,-0.26831958,-0.21831049,-0.2555955,-0.34430456,-0.34259528,-0.26749915,-0.30212936
k__Bacteria|p__Fusobacteria|c__Fusobacteria|o__Fusobacteriales|f__Fusobacteriaceae|g__Fusobacterium|s__unclassified,-0.34607768,-0.3520544,-0.34790963,-0.27170187,-0.35537535,-0.34451854,-0.3521672,-0.34782213,-0.2722221,-0.22848834,-0.3437249,-0.35155207,-0.34527826,-0.35207683,-0.34715632,-0.3407193,-0.3513415,-0.34747875,-0.27192426,-0.22790314,-0.34724313,-0.35126114,-0.34769797,-0.27183303,-0.22840184,0.9752456,-0.35030472,-0.35146746,-0.35797155,-0.26938042,-0.34214061,-0.35139966,-0.34788513,-0.2721336,-0.22839814,-0.34711075,-0.3521526,-0.3480972,-0.27189624,-0.345838,-0.34669632,-0.35186163,-0.351994,-0.3421979,-0.27061233,-0.33044106,-0.35032845,-0.34719497,-0.27211326,-0.22826102,-0.27991652,-0.35082465,-0.27204362,-0.35161322,-0.34601927,-0.34824347,-0.35193366,-0.352021,-0.34445426,-0.2704706,-0.33966488,-0.32914695,-0.35751456,-0.3593669,-0.34910738,-0.33517253,-0.34945446,-0.34815812,-0.27168456,-0.22871155,-0.3460265,-0.35151955,-0.3473521,-0.27183974,-0.22750999,-0.34082055,-0.35081524,-0.35168916,-0.34404397,-0.35182393,-0.343403,-0.35124165,-0.34821677,-0.27208474,-0.22818688,1.6744976,-0.34792796,-0.3510847,-0.35418794,-0.27001926,-0.3486399,-0.35251063,-0.352675,-0.3423161,-0.2704376,-0.3424688,-0.35135627,-0.34825724,-0.27209097,-0.22876588,-0.34116566,-0.304123,-0.3480106,-0.2720642,-0.35146448,-0.26381022,-0.35102278,-0.35609764,-0.3520043,-0.34531975,-0.33860064,-0.35637724,-0.34815314,-0.27201495,-0.3504708,-0.33279228,-0.31538883,-0.3474545,-0.27161723,-0.35005546,-0.34652692,-0.35169965,-0.347965,-0.27228484,-0.3481419,-0.32128388,-0.35179663,-0.3484425,-0.27169162,-0.22818229,-0.3389427,-0.3519164,-0.35489932,-0.35925305,-0.34550327,-0.34619105,-0.3515038,-0.34720117,-0.2718603,-0.22583944,-0.2555955,-0.3500954,-0.34790552,-0.2717901,-0.30212936
k__Bacteria|p__Fusobacteria|c__Fusobacteria|o__Fusobacteriales|f__Fusobacteriaceae|g__unclassified|s__unclassified,-0.36814988,-0.3454584,-0.33843634,-0.26167238,-0.35537535,-0.36808556,-0.34470645,-0.33884585,-0.26435822,-0.22914787,-0.3685835,-0.34415427,-0.34527826,-0.34128302,-0.34176868,-0.38047153,-0.35129634,-0.3413075,-0.26561654,-0.23105867,-0.35963842,-0.34372386,-0.33809078,-0.26509234,-0.22947618,-0.3366719,-0.3501864,-0.34233713,-0.35797155,-0.27171314,-0.37689316,-0.34741613,-0.33975852,-0.26417434,-0.22813146,-0.35961154,-0.34414893,-0.33887306,-0.26518628,-0.345838,-0.3604367,-0.34426832,-0.34294423,-0.3421979,-0.26947016,-0.39883137,-0.35679644,-0.3447086,-0.26612312,-0.22977082,-0.27991652,-0.3458258,-0.27204362,-0.34251133,-0.34677976,-0.3597256,-0.344658,-0.34317186,-0.34445426,-0.27043265,-0.37263903,-0.32914695,-0.35751456,-0.3593669,-0.35262913,-0.39240658,-0.35226336,-0.34276137,-0.26404864,-0.22709022,-0.3621777,-0.34555662,-0.33897275,-0.26400876,-0.23197109,-0.37995362,-0.35077533,-0.34489965,-0.34404397,-0.35182393,-0.37171543,-0.34611824,-0.34076476,-0.26508385,-0.2291232,-0.2547989,-0.3555377,-0.34653392,-0.35418794,-0.27318597,-0.356097,-0.3434948,-0.34326452,-0.3423161,-0.269925,-0.36832517,-0.34486362,-0.3405929,-0.26506203,-0.22792543,-0.37071285,-0.304123,-0.3383697,-0.26343083,-0.3460941,-0.26381022,-0.34572124,-0.35609764,-0.34181836,-0.34762615,-0.37733328,-0.35637724,-0.33861393,-0.26397324,-0.34943265,-0.39436522,-0.31538883,-0.34189904,-0.26556137,-0.35428095,-0.34652692,-0.35169965,-0.3374613,-0.26415035,-0.35940662,-0.32128388,-0.3458911,-0.3394706,-0.26414943,-0.22796585,-0.37635466,-0.3473701,-0.35489932,-0.35925305,-0.34704512,-0.36661118,-0.3490373,-0.33895528,-0.26431522,-0.23550616,-0.2555955,-0.35023063,-0.34261718,-0.26572153,-0.30212936
k__Bacteria|p__Tenericutes|c__Mollicutes|o__RF39|f__unclassified|g__unclassified|s__unclassified,-0.32654667,-0.35183007,-0.35206532,-0.27679724,-0.35537535,-0.33206123,-0.35168654,-0.35210538,-0.27414373,-0.22599381,-0.332963,-0.35415447,-0.34527826,-0.3570832,-0.34832284,-0.31579596,-0.34684587,-0.3492499,-0.27304572,-0.2237917,-0.33868796,-0.3548541,-0.35317114,-0.2742751,-0.22619052,-0.3366719,-0.3477952,-0.35647142,-0.35797155,-0.26862323,-0.32333618,-0.35034633,-0.3513821,-0.27450964,-0.22743696,-0.33836764,-0.35290778,-0.35175306,-0.27379966,-0.345838,-0.3380004,-0.35422075,-0.3564185,-0.3421979,-0.26979235,-0.30327576,-0.34010145,-0.34579927,-0.27259454,-0.22610147,-0.27991652,-0.35391402,-0.27204362,-0.35605735,-0.34466165,-0.33985817,-0.35471123,-0.35570753,-0.34445426,-0.26884508,-0.33723125,-0.32914695,-0.35751456,-0.3593669,-0.34711802,-0.31456992,-0.3466438,-0.348023,-0.27495024,-0.22797659,-0.3365621,-0.35397226,-0.35261136,-0.27481794,-0.22403732,-0.31698012,-0.347665,-0.35457963,-0.34404397,-0.35182393,-0.32623252,-0.35244262,-0.34978598,-0.27397212,-0.22583258,-0.2547989,-0.34639707,-0.35373276,0.5683254,-0.26639926,-0.33517474,-0.35416228,-0.3553164,-0.3423161,-0.26979157,-0.33191714,-0.35321862,-0.35034627,-0.2737332,-0.2268027,-0.3392206,-0.304123,-0.35245222,-0.27535734,-0.35227072,-0.26381022,-0.35428274,-0.35609764,-0.35676563,-0.34525186,-0.33014596,-0.35637724,-0.35212332,-0.2747774,-0.35022104,-0.31630877,-0.31538883,-0.34869713,-0.27285904,-0.3444084,-0.34652692,-0.35169965,-0.35270458,-0.27372897,-0.34087193,-0.32128388,-0.35223603,-0.350617,-0.27477762,-0.22776324,-0.32196474,-0.3515746,-0.35489932,-0.35925305,-0.34487024,-0.33367366,-0.3504206,-0.35134053,-0.27460212,-0.21970747,-0.2555955,-0.35029334,-0.34911716,-0.27322623,-0.30212936
k__Bacteria|p__Verrucomicrobia|c__Verrucomicrobiae|o__Verrucomicrobiales|f__Verrucomicrobiaceae|g__Akkermansia|s__muciniphila,-0.31435695,-0.3290911,-0.32652563,-0.25547078,-0.35537535,-0.31519246,-0.32932967,-0.3263595,-0.25511503,-0.21252882,-0.31304395,-0.32927167,-0.34527826,-0.33057597,-0.32486886,-0.30725175,-0.32659447,-0.32529995,-0.25454435,-0.21143067,-0.31829584,-0.32942218,-0.32666898,-0.25467202,-0.2124574,-0.3366719,-0.32689378,-0.32999188,0.42908034,-0.2511281,-0.31122822,-0.32829723,-0.32605904,-0.25510773,-0.21282643,-0.3197293,-0.32957244,-0.3263203,-0.25464362,-0.345838,-0.31973368,-0.3295393,-0.33040133,-0.3421979,-0.25227064,-0.29574686,-0.32420748,-0.32395083,-0.25431818,-0.21245384,-0.27991652,-0.328469,-0.27204362,-0.3297201,-0.32260266,-0.31938422,-0.32981503,-0.3301705,0.95339006,-0.2519274,-0.31580985,-0.32914695,-0.35751456,0.45651683,-0.32483888,-0.30059993,-0.3257351,-0.3253811,-0.25478512,-0.21334253,-0.31746727,-0.32887554,-0.32588422,-0.2548658,-0.21095724,-0.3060038,-0.32672992,-0.3296268,-0.34404397,0.8896396,-0.3127786,-0.3287664,-0.32614014,-0.25497818,-0.21204579,-0.2547989,-0.32267958,-0.3285628,-0.35418794,-0.25058803,-0.32000482,-0.3300367,-0.3308053,0.90663123,-0.2524054,-0.31504756,-0.3288862,-0.3261084,-0.25482327,-0.21288437,-0.31780866,-0.304123,-0.32653397,-0.25537813,-0.32844746,-0.26381022,-0.3282077,0.4631497,-0.33038443,-0.32255745,-0.31289035,-0.35637724,-0.32664216,-0.25513065,-0.32708138,-0.30240947,-0.31538883,-0.324916,-0.25417683,-0.3252346,-0.34652692,-0.35169965,-0.3267194,-0.25466838,-0.322729,-0.32128388,-0.3288452,-0.32647303,-0.2547425,-0.21282193,-0.30977005,-0.32845327,1.2817528,0.55530876,-0.32224053,-0.31560746,-0.32796597,-0.3251881,-0.25481048,-0.2080041,-0.2555955,-0.32646406,-0.3253267,-0.2545762,-0.30212936
