#OTU ID,E002338.0,E002338.1,E002338.2,E002338.3,E002338.4,E002473.0,E002473.1,E002473.2,E002473.3,E002473.4,E004934.0,E004934.1,E004934.2,E004934.3,E004934.4,E005804.0,E005804.1,E005804.2,E005804.3,E005804.4,E008437.0,E008437.1,E008437.2,E008437.3,E008437.4,E008643.0,E008643.1,E008643.2,E008643.3,E008643.4,E012393.0,E012393.1,E012393.2,E012393.3,E012393.4,E012678.0,E012678.1,E012678.2,E012678.3,E012678.4,E016148.0,E016148.1,E016148.2,E016148.3,E016148.4,E017049.0,E017049.1,E017049.2,E017049.3,E017049.4,E018421.0,E018421.1,E018421.2,E018421.3,E018421.4,E019187.0,E019187.1,E019187.2,E019187.3,E019187.4,E019349.0,E019349.1,E019349.2,E019349.3,E019349.4,E022960.0,E022960.1,E022960.2,E022960.3,E022960.4,E023535.0,E023535.1,E023535.2,E023535.3,E023535.4,E023681.0,E023681.1,E023681.2,E023681.3,E023681.4,E025921.0,E025921.1,E025921.2,E025921.3,E025921.4,E030828.0,E030828.1,E030828.2,E030828.3,E030828.4
k__Bacteria|p__Firmicutes|c__Clostridia|o__Clostridiales|f__Veillonellaceae|g__Megasphaera|s__micronuciformis,-0.23128912,-0.31904158,-0.32328734,-0.31734893,-0.31955054,-0.2315982,-0.3258366,-0.3327108,-0.3176762,-0.3190219,-0.2316463,-0.32539368,-0.31133458,-0.31570548,-0.3099353,-0.23109525,-0.3303013,-0.321058,-0.3198861,-0.31814915,-0.23050368,-0.3188839,-0.32097027,-0.3205647,-0.3207198,-0.23154515,0.7437266,-0.32167518,-0.31983888,-0.32445285,-0.23875734,-0.31310326,-0.32284898,-0.3209905,-0.32123128,-0.23195583,-0.32432246,-0.32153773,-0.31978542,-0.31842336,-0.23134264,-0.31999648,-0.3233376,-0.32066983,-0.31746313,-0.2310445,-0.31692833,-0.32168186,-0.31940204,-0.31888944,-0.23155071,-0.3272691,-0.32986963,-0.31813753,-0.31946665,-0.20411447,-0.31312534,-0.32260123,-0.32343847,-0.3225006,-0.23181726,-0.31954843,-0.3204808,-0.32128227,-0.3214707,-0.23115212,-0.30183107,-0.3207879,-0.31905207,-0.3320185,-0.23131643,-0.3189543,-0.32175192,-0.32126552,-0.32162738,-0.22844344,-0.19459927,-0.32411462,-0.31765714,-0.32943356,-0.20658675,-0.31282556,-0.31920102,-0.32690454,-0.32420605,-0.23075008,-0.31830883,-0.32088125,-0.32090145,-0.32136917
k__Bacteria|p__Firmicutes|c__Clostridia|o__Clostridiales|f__Veillonellaceae|g__Megasphaera|s__geminatus,-0.23081103,-0.31904158,-0.32328734,-0.31687555,-0.31881842,-0.23123762,-0.3258366,-0.3327108,-0.31725842,-0.3185495,-0.2309655,-0.32539368,-0.31133458,-0.31570548,-0.3099353,-0.23026279,-0.3303013,-0.3200947,-0.31882834,-0.3178698,-0.23025897,-0.3185451,-0.32010347,-0.31982052,-0.3207198,-0.2315366,0.9408156,-0.3218488,-0.3197688,-0.32445285,-0.23875734,-0.3121007,-0.32284898,-0.3199013,-0.32071695,-0.23145664,-0.32432246,-0.32092816,-0.31935585,-0.31793857,-0.23163065,-0.32034844,-0.3233376,-0.32037157,-0.31654936,-0.2303516,-0.31692833,-0.3212653,-0.31937885,-0.3182357,-0.23081115,-0.3272691,-0.32986963,-0.3180058,-0.31918097,-0.20411447,-0.31287444,-0.32118046,-0.32212335,-0.32167602,-0.23143148,-0.31927186,-0.32007986,-0.3205782,-0.32103473,-0.23102242,-0.30183107,-0.3210675,-0.31879228,-0.3320185,-0.23113334,-0.31858724,-0.3210441,-0.32062253,-0.32110685,-0.22941282,-0.19459927,-0.32411462,-0.31595933,-0.32943356,-0.20658675,-0.3123415,-0.3174602,-0.32690454,-0.3233037,-0.23020525,-0.31800222,-0.3201267,-0.32006055,-0.32110488
k__Bacteria|p__Firmicutes|c__Bacilli|o__unclassified|f__unclassified|g__unclassified|s__unclassified,-0.23091319,0.8909067,0.7787418,-0.31575027,-0.31874108,-0.23136386,-0.3258366,-0.3327108,-0.31652966,-0.31843346,-0.23050761,-0.32539368,-0.31133458,-0.31570548,-0.3099353,-0.23032847,-0.3303013,-0.32050434,-0.31785282,-0.31781694,-0.23029897,-0.31859413,-0.31983426,-0.31918937,-0.3207198,-0.2317138,0.73590136,-0.32101142,-0.31908706,-0.32445285,-0.23875734,-0.3119521,-0.32284898,-0.32052004,-0.32062066,-0.23137219,-0.32432246,-0.32060716,-0.3181549,-0.3175789,-0.23173663,-0.31922153,-0.3233376,-0.3211005,-0.31494713,-0.23040986,-0.31692833,-0.32103795,-0.31799877,-0.3177926,-0.23070908,-0.3272691,-0.32986963,-0.3165954,-0.31937388,-0.20411447,-0.31177467,-0.3210727,-0.32257208,-0.32207477,-0.23134619,-0.3194454,-0.31987646,-0.31999367,-0.32094717,-0.2314511,-0.30183107,-0.32010558,-0.3177472,-0.3320185,-0.2313866,-0.31813926,-0.32059842,-0.31991524,-0.3209033,-0.23239,-0.19459927,-0.32411462,-0.31531477,-0.32943356,-0.20658675,-0.31046927,-0.31825376,-0.32690454,-0.32359803,-0.22995399,-0.31759536,-0.31947735,-0.3202392,-0.32080472
k__Bacteria|p__Firmicutes|c__Bacilli|o__Lactobacillales|f__Enterococcaceae|g__Enterococcus|s__unclassified,-0.23008642,0.8918049,0.7766038,-0.314728,-0.3172739,-0.23072603,-0.3258366,0.6201259,-0.31647468,-0.31716657,-0.23052275,-0.32539368,-0.31133458,-0.31570548,-0.3099353,-0.22982162,-0.3303013,-0.31930268,-0.31732994,-0.3167569,-0.22906938,-0.3174901,-0.31836814,-0.3182837,-0.3207198,-0.2308433,0.74910843,-0.3203355,-0.31763256,-0.32445285,-0.23875734,-0.31023395,-0.32284898,-0.31980014,-0.31944215,-0.23106258,-0.32432246,-0.31988013,-0.31790555,-0.31654793,-0.2303684,-0.3179949,-0.3233376,-0.3192338,-0.3137725,-0.23024708,-0.31692833,-0.32022047,-0.3168905,-0.31695527,-0.23080674,-0.3272691,-0.32986963,-0.31632635,-0.3179589,-0.20411447,-0.30969793,-0.32069734,-0.32149124,-0.32086205,-0.23070139,-0.31847015,-0.3185573,-0.319137,-0.31947815,-0.23029336,-0.30183107,-0.31853586,-0.31650352,-0.3320185,-0.2298676,-0.31721294,-0.3198967,-0.319206,-0.31948248,-0.22739014,-0.19459927,-0.32411462,-0.31396937,-0.32943356,-0.20658675,-0.30884433,-0.31734145,-0.32690454,-0.3231414,-0.22925113,-0.31686562,-0.31914145,-0.3191366,-0.3198212
k__Bacteria|p__Firmicutes|c__Clostridia|o__Clostridiales|f__Clostridiaceae|g__Clostridium|s__perfringens,-0.23088154,-0.31904158,-0.32328734,-0.31677985,-0.31921482,-0.2311531,-0.3258366,-0.3327108,-0.3173798,-0.31855643,-0.23103186,-0.32539368,-0.31133458,-0.31570548,-0.3099353,-0.23050499,-0.3303013,-0.32089546,-0.3190825,-0.31796095,-0.23006967,-0.31862783,-0.32043502,-0.32001707,-0.3207198,-0.23131444,-0.32696477,-0.32123297,-0.31924427,-0.32445285,1.7735543,-0.31278163,-0.32284898,-0.3210178,-0.3207813,-0.23143336,-0.32432246,-0.32131264,-0.31958258,-0.31793952,-0.23069991,-0.31947023,-0.3233376,-0.32076403,-0.31643507,-0.23058918,-0.31692833,-0.32143128,-0.3188007,-0.3183814,-0.23106271,-0.3272691,-0.32986963,-0.3177357,-0.31923658,-0.20411447,-0.3123649,-0.3223284,-0.32286498,-0.32224718,-0.2313014,-0.31943166,-0.32021543,-0.3206271,-0.32124478,-0.23088959,-0.30183107,-0.3205468,-0.31839937,-0.3320185,-0.23100242,-0.31870964,-0.3213777,-0.32075056,-0.32120258,-0.22925311,-0.19459927,-0.32411462,-0.31634456,-0.32943356,2.0459185,-0.31177717,-0.31914413,-0.32690454,-0.32418355,-0.23014975,-0.31795043,-0.32026136,-0.32045263,-0.32111686
k__Bacteria|p__Firmicutes|c__Clostridia|o__Clostridiales|f__Clostridiaceae|g__Peptoniphilus|s__asaccharolyticus,-0.23091647,-0.31904158,-0.32328734,-0.317307,-0.31926692,-0.23126942,-0.3258366,-0.3327108,-0.31776306,-0.31879324,-0.23115864,-0.32539368,-0.31133458,-0.31570548,-0.3099353,-0.23085654,-0.3303013,-0.3206748,-0.3194643,-0.3185409,-0.23019497,-0.31859127,-0.32026687,-0.3204764,-0.3207198,-0.2313125,-0.32696477,-0.32165492,-0.32026494,-0.32445285,-0.23875734,-0.3130922,-0.32284898,-0.32121745,-0.3210777,-0.2314088,-0.32432246,-0.3212412,-0.31950372,-0.31836426,-0.23122507,-0.31970313,-0.3233376,-0.32094562,-0.3171608,-0.23077665,-0.31692833,-0.32163125,-0.31944433,-0.3186044,-0.23137768,-0.3272691,-0.32986963,-0.31769088,-0.31940103,-0.20411447,-0.3125329,-0.32203132,-0.32284093,-0.3223817,-0.23142213,-0.31924295,-0.32047004,-0.32125065,-0.32136607,-0.23085365,-0.30183107,-0.32091397,-0.31978947,-0.3320185,-0.23099542,-0.3186163,-0.32126248,-0.32096213,-0.32145315,-0.22824207,-0.19459927,-0.32411462,-0.3172208,-0.32943356,-0.20658675,-0.31217575,-0.3189293,-0.32690454,-0.32378364,-0.23020674,-0.31820795,-0.32079533,-0.32115626,-0.32140428
k__Bacteria|p__Firmicutes|c__Bacilli|o__Bacillales|f__Staphylococcaceae|g__Staphylococcus|s__unclassified,-0.23148292,-0.31904158,-0.32328734,-0.31761837,-0.3199859,-0.23187172,-0.3258366,-0.3327108,-0.31852263,-0.3193696,-0.23188837,-0.32539368,-0.31133458,-0.31570548,-0.3099353,-0.23093572,-0.3303013,-0.32228854,-0.32029524,-0.31873453,-0.2310657,-0.31964278,-0.32141185,-0.32063562,-0.3207198,-0.2320342,-0.32696477,-0.32220095,-0.31985533,-0.32445285,-0.23875734,-0.31450886,-0.32284898,-0.32095027,-0.32173583,-0.23235139,-0.32432246,-0.3223119,-0.32038486,-0.31874657,-0.23050034,-0.31946188,-0.3233376,-0.3208575,-0.31735957,-0.2313588,-0.31692833,-0.3225317,-0.31982166,-0.31934053,-0.23204704,-0.3272691,-0.32986963,-0.3186972,-0.31991348,-0.20411447,-0.3132571,-0.32270935,-0.32360968,-0.32260793,-0.23195899,-0.3202396,-0.32047218,-0.32125795,-0.32173842,-0.23174858,-0.30183107,-0.32106063,-0.31822318,-0.3320185,-0.23132825,-0.3189854,-0.32271767,-0.32149053,-0.3219388,-0.22972521,-0.19459927,-0.32411462,-0.31675878,-0.32943356,-0.20658675,-0.3128506,-0.31976685,-0.32690454,-0.3247963,-0.23112917,-0.31844527,-0.32070285,-0.3204621,-0.32190478
k__Bacteria|p__Firmicutes|c__Bacilli|o__Lactobacillales|f__unclassified|g__unclassified|s__unclassified,-0.231722,-0.31904158,-0.32328734,-0.31821236,-0.3201124,-0.23206303,-0.3258366,-0.3327108,-0.31996763,-0.31989536,-0.23213595,-0.32539368,-0.31133458,-0.31570548,-0.3099353,-0.23148918,-0.3303013,-0.32288206,-0.32124627,-0.31970096,-0.23144037,-0.32077307,-0.32185858,-0.32156128,-0.3207198,-0.23218629,-0.32696477,-0.3229214,-0.32072526,-0.32445285,-0.23875734,-0.3166117,-0.32284898,-0.32175612,-0.3225115,-0.23252544,-0.32432246,-0.32289696,-0.3217058,-0.31958157,-0.23128942,-0.31963533,-0.3233376,-0.32099098,-0.31879032,-0.23180005,-0.31692833,-0.3233489,-0.3206463,-0.32018483,-0.23249258,-0.3272691,-0.32986963,-0.31960803,-0.32048398,-0.20411447,-0.31508642,-0.323404,-0.32369435,-0.32326907,-0.23204932,-0.32102188,-0.32170677,-0.32198355,-0.32247204,-0.23167992,-0.30183107,-0.32132772,-0.31967077,-0.3320185,-0.23135383,-0.3200265,-0.32319984,-0.32210445,-0.32233882,-0.22929922,-0.19459927,-0.32411462,-0.31744817,-0.32943356,-0.20658675,-0.3144813,-0.3207532,-0.32690454,-0.32509923,-0.23134202,-0.31989676,-0.32224065,-0.3219236,-0.32285708
k__Bacteria|p__Firmicutes|c__Bacilli|o__Lactobacillales|f__Leuconostocaceae|g__Leuconostoc|s__unclassified,-0.23125693,-0.31904158,-0.32328734,-0.31551427,-0.31879538,-0.23146191,-0.3258366,-0.3327108,-0.31574556,-0.3182261,-0.23164143,-0.32539368,-0.31133458,-0.31570548,-0.3099353,-0.23052944,-0.3303013,-0.31968194,-0.31685853,-0.31676692,-0.229829,-0.3179962,-0.31925496,-0.31880632,-0.3207198,-0.23182696,-0.32696477,-0.32088447,-0.31766266,-0.32445285,-0.23875734,-0.30757934,-0.32284898,-0.32121736,-0.32005674,-0.2319701,-0.32432246,-0.32050192,-0.31711838,-0.31702578,-0.23155943,-0.31988734,-0.3233376,-0.32194877,-0.3132754,-0.23099329,-0.31692833,-0.32059383,-0.31749552,-0.31755152,-0.23140511,-0.3272691,-0.32986963,-0.3165313,-0.31908667,-0.20411447,-0.30778933,-0.3214215,-0.32338256,-0.32179737,-0.2323614,-0.31900564,-0.31884968,-0.32005155,-0.32047963,-0.23145798,-0.30183107,-0.31974468,-0.31610814,-0.3320185,-0.23159993,-0.31815436,-0.3209342,-0.31999147,-0.3206973,-0.23118827,-0.19459927,-0.32411462,-0.31515265,-0.32943356,-0.20658675,-0.307884,-0.317881,-0.32690454,-0.3247975,-0.23029667,-0.3172503,-0.31884468,-0.31910986,-0.32031476
k__Bacteria|p__Firmicutes|c__Clostridia|o__Clostridiales|f__Lachnospiraceae|g__Blautia|s__obeum,-0.23096588,-0.31904158,-0.32328734,-0.31489873,-0.31902516,-0.23147503,-0.3258366,-0.3327108,-0.3153533,-0.3183806,-0.23075072,-0.32539368,-0.31133458,-0.31570548,-0.3099353,-0.22993577,-0.3303013,-0.31957912,-0.3163693,-0.31705624,-0.22952622,-0.3176181,-0.31912598,-0.31870893,-0.3207198,-0.23170823,-0.32696477,-0.3207047,-0.31752792,-0.32445285,-0.23875734,-0.3069191,-0.32284898,-0.32151747,-0.31976923,-0.23144704,-0.32432246,-0.32063898,-0.31727907,-0.3169421,-0.23131539,-0.32024747,-0.3233376,-0.3227384,-0.31251115,-0.23043123,-0.31692833,-0.32057962,-0.31704962,-0.31711343,-0.23076546,-0.3272691,-0.32986963,-0.31606692,-0.3193577,-0.20411447,-0.30801097,-0.32133695,-0.32328627,-0.32226735,-0.23162402,-0.31916827,-0.31908593,-0.31998664,-0.32063633,-0.23166612,-0.30183107,-0.3204959,-0.31599528,-0.3320185,-0.23138696,-0.31814295,-0.3203938,-0.3196621,-0.32075995,-0.23319364,-0.19459927,-0.32411462,-0.31373924,-0.32943356,-0.20658675,-0.30669713,-0.31746554,-0.32690454,-0.3248431,-0.22987409,-0.31765792,-0.31884843,-0.31900585,-0.3204381
k__Bacteria|p__Firmicutes|c__Clostridia|o__Clostridiales|f__Lachnospiraceae|g__Coprococcus|s__eutactus,-0.23094822,-0.31904158,-0.32328734,-0.3176565,-0.3193276,-0.23120055,-0.3258366,-0.3327108,-0.3178106,-0.31899568,-0.23123759,-0.32539368,-0.31133458,-0.31570548,-0.3099353,-0.23079158,-0.3303013,-0.32093608,-0.31960112,-0.31846923,-0.23012565,-0.3187769,-0.32065552,-0.32053345,-0.3207198,-0.23123804,-0.32696477,-0.32175443,-0.32019508,-0.32445285,-0.23875734,-0.313142,-0.32284898,-0.32098895,-0.32130522,-0.23144536,-0.32432246,-0.3214131,-0.31987453,-0.31849834,-0.23134619,-0.3199042,-0.3233376,-0.32088003,-0.31775388,-0.23101601,-0.31692833,-0.32164794,-0.3197682,-0.31874046,-0.23129897,-0.3272691,-0.32986963,-0.31802174,-0.31951764,-0.20411447,-0.31334427,-0.32212353,-0.322998,-0.32239923,-0.2315169,-0.3194372,-0.3207997,-0.32132122,-0.32157958,-0.23097643,-0.30183107,-0.3211472,-0.31975168,-0.3320185,-0.23107962,-0.3189147,-0.32155317,-0.32118145,-0.3217075,-0.22971265,-0.19459927,-0.32411462,-0.317513,-0.32943356,-0.20658675,-0.31320375,-0.31913167,-0.32690454,-0.32382298,-0.2304696,-0.31855926,-0.3208453,-0.3211146,-0.3215346
k__Bacteria|p__Firmicutes|c__Bacilli|o__Lactobacillales|f__Lactobacillaceae|g__unclassified|s__unclassified,-0.23052448,-0.31904158,-0.32328734,-0.3151688,-0.31855893,-0.23122302,-0.3258366,-0.3327108,-0.3155067,-0.31796393,-0.23073381,-0.32539368,-0.31133458,-0.31570548,-0.3099353,-0.23038979,-0.3303013,-0.31930763,-0.31637678,-0.3170428,-0.22865863,-0.3169818,-0.31839794,-0.31858987,-0.3207198,-0.23118782,-0.32696477,-0.3205499,-0.31814688,-0.32445285,-0.23875734,-0.3062897,-0.32284898,-0.3220643,-0.31963247,-0.23116106,-0.32432246,-0.3200162,-0.3175899,-0.31693822,-0.23143102,-0.32005894,-0.3233376,-0.32196718,-0.31280607,-0.23070548,-0.31692833,-0.32000145,-0.31677788,-0.3170946,-0.2311306,-0.3272691,-0.32986963,-0.31573117,-0.31894398,-0.20411447,-0.30761695,-0.32144028,-0.3226096,-0.32250905,-0.23142305,-0.31894368,-0.31916535,-0.31994742,-0.3207239,-0.23112613,-0.30183107,-0.32037252,-0.317587,-0.3320185,-0.23077433,-0.31788233,-0.31951925,-0.3195928,-0.32066983,-0.2312457,-0.19459927,-0.32411462,-0.31494594,-0.32943356,-0.20658675,-0.3065557,-0.31757492,-0.32690454,-0.32450688,-0.22944869,-0.31731242,-0.31932294,-0.3196219,-0.32055578
k__Bacteria|p__Firmicutes|c__Erysipelotrichi|o__Erysipelotrichales|f__Erysipelotrichaceae|g__[Eubacterium]|s__biforme,-0.23144214,-0.31904158,-0.32328734,-0.31649446,-0.31904036,-0.23187438,-0.3258366,-0.3327108,-0.31692114,-0.31833422,-0.23164827,-0.32539368,-0.31133458,-0.31570548,-0.3099353,-0.23104069,-0.3303013,-0.32054734,-0.3181938,-0.3179316,-0.22942458,-0.31800875,-0.31951335,-0.31957155,-0.3207198,-0.2322379,-0.32696477,-0.3225726,-0.31994545,-0.32445285,-0.23875734,-0.30899224,-0.32284898,-0.32168588,-0.32068816,-0.23218688,-0.32432246,-0.32153952,-0.3187763,-0.31761852,-0.2322106,-0.32217288,-0.3233376,-0.32184812,-0.3140888,-0.23105532,-0.31692833,-0.32110643,-0.31850493,-0.31815824,-0.2319424,-0.3272691,-0.32986963,-0.31738737,-0.3195879,-0.20411447,-0.3094035,-0.3219078,-0.32271793,-0.32270706,-0.23239538,-0.32016742,-0.31972012,-0.32114494,-0.32103193,-0.23155808,-0.30183107,-0.32111058,-0.31906122,-0.3320185,-0.23152629,-0.31878763,-0.32068026,-0.32103145,-0.32118443,-0.2298922,-0.19459927,-0.32411462,-0.3165691,-0.32943356,-0.20658675,-0.30796754,-0.31693617,-0.32690454,-0.32505202,-0.22974616,-0.31762892,-0.3204804,-0.3203494,-0.32125416
k__Bacteria|p__Firmicutes|c__Clostridia|o__Clostridiales|f__Veillonellaceae|g__Dialister|s__invisus,-0.231071,-0.31904158,-0.32328734,-0.31618088,-0.31895325,-0.23119885,-0.3258366,-0.3327108,-0.31701148,-0.31834018,-0.23132876,-0.32539368,-0.31133458,-0.31570548,-0.3099353,-0.23051408,-0.3303013,-0.3200655,-0.31848872,-0.31741065,-0.22944117,-0.31839627,-0.3198464,-0.3198248,-0.3207198,-0.23110338,-0.32696477,-0.32133576,-0.31869656,-0.32445285,-0.23875734,-0.3098271,-0.32284898,-0.3217104,-0.3203455,-0.23177347,-0.32432246,-0.3212161,-0.3188505,-0.31750095,-0.23112902,-0.32057452,-0.3233376,-0.32127753,-0.31515092,-0.23083904,-0.31692833,-0.32110113,-0.31823087,-0.31823477,-0.23158354,-0.3272691,-0.32986963,-0.3176016,-0.3192352,-0.20411447,-0.30968335,-0.3223716,-0.3233335,-0.32230282,-0.2316643,-0.31965876,-0.3199249,-0.32090288,-0.32080635,-0.23069865,-0.30183107,-0.31991845,-0.31801552,-0.3320185,-0.23072934,-0.3190026,-0.32094732,-0.32084364,-0.32091945,-0.22781059,-0.19459927,-0.32411462,-0.3160012,-0.32943356,-0.20658675,-0.30924833,-0.31844172,-0.32690454,-0.32494825,-0.23001419,-0.31853655,-0.3204151,-0.32044157,-0.32076386
k__Bacteria|p__Firmicutes|c__Clostridia|o__Clostridiales|f__Veillonellaceae|g__Phascolarctobacterium|s__unclassified,-0.23104134,-0.31904158,-0.32328734,-0.3158973,-0.3190962,-0.2311823,-0.3258366,-0.3327108,-0.31589973,-0.31805557,-0.23137186,-0.32539368,-0.31133458,-0.31570548,-0.3099353,-0.23080447,-0.3303013,-0.32024902,-0.31698835,-0.3171668,-0.22911745,-0.31793112,-0.31913617,-0.31910032,-0.3207198,-0.23138228,-0.32696477,-0.32094675,-0.3184237,-0.32445285,-0.23875734,-0.30745074,-0.32284898,-0.32260722,-0.32010007,-0.2315752,-0.32432246,-0.32062516,-0.31781334,-0.31712395,-0.23145151,-0.32049516,-0.3233376,-0.322254,-0.3128841,-0.23093307,-0.31692833,-0.32042038,-0.31718814,-0.31769866,-0.23141257,-0.3272691,-0.32986963,-0.316576,-0.31922805,-0.20411447,-0.30747235,-0.32230493,-0.3233398,-0.3225554,-0.23202871,-0.3197823,-0.31942767,-0.3199991,-0.3210088,-0.23118201,-0.30183107,-0.31995165,-0.3174246,-0.3320185,-0.23131788,-0.31847084,-0.32056546,-0.3204497,-0.3209424,-0.23074841,-0.19459927,-0.32411462,-0.315737,-0.32943356,-0.20658675,-0.3071019,-0.31877917,-0.32690454,-0.3255788,-0.22968733,-0.31709218,-0.31922197,-0.31992912,-0.3205364
k__Bacteria|p__Firmicutes|c__Bacilli|o__Lactobacillales|f__Lactobacillaceae|g__Pediococcus|s__unclassified,-0.2311026,-0.31904158,-0.32328734,-0.31767675,-0.3196947,-0.23136534,-0.3258366,-0.3327108,-0.3178067,-0.31906393,-0.23151943,-0.32539368,-0.31133458,-0.31570548,-0.3099353,-0.231172,-0.3303013,-0.3215651,-0.31915876,-0.31852627,-0.23009232,-0.3191449,-0.3207176,-0.32064503,-0.3207198,-0.23136699,-0.32696477,-0.32174355,-0.3198073,-0.32445285,-0.23875734,-0.31275785,-0.32284898,-0.32198125,-0.3214363,-0.2315736,-0.32432246,-0.32173872,-0.3201229,-0.31846535,-0.2313799,-0.3200826,-0.3233376,-0.32169226,-0.31698433,-0.23133126,-0.31692833,-0.32160094,-0.31942773,-0.31883603,-0.23168352,-0.3272691,-0.32986963,-0.31804633,-0.3197441,-0.20411447,-0.31271565,-0.32267535,-0.32333007,-0.32281175,-0.23170048,-0.32006073,-0.32112965,-0.3211925,-0.32202274,-0.23120067,-0.30183107,-0.32118222,-0.3193387,-0.3320185,-0.23119062,-0.3193046,-0.3218186,-0.32134363,-0.321868,-0.2308119,-0.19459927,-0.32411462,-0.31735718,-0.32943356,-0.20658675,-0.3122962,-0.31997567,-0.32690454,-0.32485628,-0.2305251,-0.3188499,-0.3208428,-0.3210857,-0.32187128
k__Bacteria|p__Firmicutes|c__Bacilli|o__Lactobacillales|f__Enterococcaceae|g__unclassified|s__unclassified,-0.23110639,-0.31904158,-0.32328734,-0.31691033,-0.31938303,-0.23142557,-0.3258366,-0.3327108,-0.31708372,-0.3189234,-0.23156954,-0.32539368,-0.31133458,-0.31570548,-0.3099353,-0.23087329,-0.3303013,-0.3202836,-0.3186508,-0.31785712,-0.23013088,-0.3184466,-0.32021552,-0.3199615,-0.3207198,-0.2314528,-0.32696477,-0.32138693,-0.31949282,-0.32445285,-0.23875734,-0.3112729,-0.32284898,-0.32106608,-0.32087123,-0.23170482,-0.32432246,-0.32089415,-0.31914702,-0.31823403,-0.23169269,-0.3200149,-0.3233376,-0.32081825,-0.31662613,-0.23087466,-0.31692833,-0.32120466,-0.31888694,-0.31845608,-0.23128194,-0.3272691,-0.32986963,-0.31764132,-0.3192755,-0.20411447,-0.312162,-0.3221455,-0.3230663,-0.32233438,-0.23185879,-0.31915426,-0.32000497,-0.32085145,-0.3213305,-0.2310634,-0.30183107,-0.32079795,-0.3189899,-0.3320185,-0.23147458,-0.31855854,-0.32124436,-0.32061774,-0.32147488,-0.22752452,-0.19459927,-0.32411462,-0.31699753,-0.32943356,-0.20658675,-0.31176615,-0.31866032,-0.32690454,-0.32393306,-0.23056367,-0.31792694,-0.3201823,-0.3203215,-0.32127324
k__Bacteria|p__Firmicutes|c__Erysipelotrichi|o__Erysipelotrichales|f__[Coprobacillaceae]|g__Catenibacterium|s__unclassified,-0.23100922,-0.31904158,-0.32328734,-0.31688803,-0.31951147,-0.23146462,-0.3258366,-0.3327108,-0.31727335,-0.31905812,-0.23146877,-0.32539368,-0.31133458,-0.31570548,-0.3099353,-0.23137768,-0.3303013,-0.32017678,-0.3185483,-0.31824365,-0.23035268,-0.31900287,-0.32014245,-0.32072866,-0.3207198,-0.2313564,-0.32696477,-0.3215777,-0.3193586,-0.32445285,-0.23875734,-0.31130707,-0.32284898,-0.32234645,-0.32105577,-0.23142096,-0.32432246,-0.3211353,-0.31920367,-0.31838173,-0.23241344,-0.32033497,-0.3233376,-0.32229397,-0.31653875,-0.23077041,-0.31692833,-0.3214514,-0.31907248,-0.31867105,-0.23143634,-0.3272691,-0.32986963,-0.31741714,-0.31965443,-0.20411447,-0.31187606,-0.322349,-0.32339358,-0.32283014,-0.2316756,-0.31926727,-0.3209577,-0.3214807,-0.3218703,-0.23068221,-0.30183107,-0.32107764,-0.31923676,-0.3320185,-0.23125102,-0.3193645,-0.32130766,-0.32079682,-0.3215249,-0.2291986,-0.19459927,-0.32411462,-0.31737942,-0.32943356,-0.20658675,-0.3112396,-0.31920674,-0.32690454,-0.3245349,-0.23035595,-0.3192923,-0.32143646,-0.32131803,-0.32183766
k__Bacteria|p__Firmicutes|c__Clostridia|o__Coriobacteriales|f__Coriobacteriaceae|g__Collinsella|s__aerofaciens,-0.23137474,-0.31904158,-0.32328734,-0.31628308,-0.3190756,-0.23184648,-0.3258366,-0.3327108,-0.3175751,-0.31906754,-0.23133057,-0.32539368,-0.31133458,-0.31570548,-0.3099353,-0.23093578,-0.3303013,-0.3221575,-0.3185471,-0.31845444,-0.23016635,-0.31941324,-0.32027036,-0.31985956,-0.3207198,-0.23181742,-0.32696477,-0.32143775,-0.3189762,-0.32445285,-0.23875734,-0.31169924,-0.32284898,-0.3217026,-0.32139042,-0.23203331,-0.32432246,-0.3216461,-0.3189016,-0.3180006,-0.23127958,-0.318665,-0.3233376,-0.3219639,-0.3147441,-0.23196962,-0.31692833,-0.32160804,-0.3181746,-0.31837633,-0.23203036,-0.3272691,-0.32986963,-0.31717765,-0.3199503,-0.20411447,-0.31090596,-0.3218547,-0.32365537,-0.32268113,-0.23187822,-0.3207832,-0.32048237,-0.3204086,-0.32128096,-0.23229851,-0.30183107,-0.3196372,-0.31719816,-0.3320185,-0.23106316,-0.31872582,-0.3216551,-0.32091174,-0.3214612,-0.23450118,-0.19459927,-0.32411462,-0.3150378,-0.32943356,-0.20658675,-0.31016248,-0.31988207,-0.32690454,-0.32525054,-0.23060288,-0.3187516,-0.31996536,-0.3207419,-0.32124385
k__Bacteria|p__Firmicutes|c__Clostridia|o__Clostridiales|f__Ruminococcaceae|g__Ruminococcus|s__bromii,-0.23085377,-0.31904158,-0.32328734,-0.31757897,-0.31892234,-0.23102193,-0.3258366,-0.3327108,-0.31789058,-0.31871945,-0.23113665,-0.32539368,-0.31133458,-0.31570548,-0.3099353,-0.23058517,-0.3303013,-0.32065693,-0.31998464,-0.31802,-0.23020756,-0.31860346,-0.3206845,-0.3206991,-0.3207198,-0.2311384,-0.32696477,-0.32176882,-0.3200385,-0.32445285,-0.23875734,-0.31364033,-0.32284898,-0.32012028,-0.32098734,-0.23129603,-0.32432246,-0.32139075,-0.32009548,-0.31824028,-0.231056,-0.3200186,-0.3233376,-0.32032096,-0.31820562,-0.23070301,0.95677024,-0.32141346,-0.32015175,-0.31861684,-0.23107874,-0.3272691,-0.32986963,-0.3183152,-0.31913096,-0.20411447,-0.3139437,-0.321823,-0.32244074,-0.32193878,-0.23136787,-0.31911194,-0.3205617,-0.32140094,-0.32125926,-0.23078322,-0.30183107,-0.321198,-0.3194364,-0.3320185,-0.23080671,-0.31902954,-0.3214239,-0.32123142,-0.3212931,-0.2303268,-0.19459927,-0.32411462,-0.3175488,-0.32943356,-0.20658675,-0.31403893,-0.318111,-0.32690454,-0.32326987,-0.2304509,-0.31866848,-0.32113066,-0.3207181,-0.32132566
k__Bacteria|p__Firmicutes|c__Bacilli|o__Lactobacillales|f__Lactobacillaceae|g__Lactobacillus|s__zeae,-0.23008066,0.904591,0.8428471,-0.3139466,-0.31705385,-0.23035036,-0.3258366,-0.3327108,-0.31484565,-0.31653827,-0.2304528,-0.32539368,-0.31133458,-0.31570548,-0.3099353,-0.22907504,-0.3303013,-0.31783795,-0.31663728,-0.31528938,-0.22832145,-0.31605387,-0.31763726,-0.31704402,-0.3207198,-0.2303387,0.74731773,-0.3194541,-0.31645477,-0.32445285,-0.23875734,-0.3070661,0.85876685,-0.31929126,-0.31846485,-0.2313191,-0.32432246,-0.3189698,-0.31601328,-0.3155454,-0.22974907,-0.31781605,-0.3233376,-0.31860614,-0.3125576,-0.22970292,-0.31692833,-0.31959286,-0.3155905,-0.31635314,-0.23054174,-0.3272691,-0.32986963,-0.31538492,-0.31723267,1.9704756,-0.306266,-0.3204131,-0.32151902,-0.32029045,-0.23089817,-0.31752685,-0.31676853,-0.31860232,-0.31818736,-0.22946063,-0.30183107,-0.31720942,-0.31529176,-0.3320185,-0.2298277,-0.31630254,-0.31932384,-0.3185609,-0.31899416,-0.22112218,-0.19459927,-0.32411462,-0.3131896,-0.32943356,-0.20658675,-0.30632415,-0.3165242,-0.32690454,-0.32319474,-0.2289113,-0.3151585,-0.31736082,-0.31787527,-0.31836525
k__Bacteria|p__Firmicutes|c__Bacilli|o__Gemellales|f__Gemellaceae|g__unclassified|s__unclassified,-0.23165978,-0.31904158,-0.32328734,-0.3175573,-0.31948406,-0.23195173,-0.3258366,-0.3327108,-0.31802312,-0.3195178,-0.23162541,-0.32539368,-0.31133458,-0.31570548,-0.3099353,-0.23098671,-0.3303013,-0.32128152,-0.32014063,-0.3182621,-0.23085095,-0.3192568,-0.32111764,-0.32079035,-0.3207198,-0.23204382,-0.32696477,-0.32231253,-0.32038468,-0.32445285,-0.23875734,-0.31333268,-0.32284898,-0.32032833,-0.32161248,-0.23227754,-0.32432246,-0.32172197,-0.31984702,-0.31858537,-0.2319183,-0.32032323,-0.3233376,-0.32093155,-0.31771365,-0.23126152,-0.31692833,-0.3218326,-0.31999338,-0.3190795,-0.2316531,-0.3272691,-0.32986963,-0.31863743,-0.3198095,-0.20411447,-0.31362972,-0.32194692,-0.32296804,-0.32248858,-0.23220238,-0.32019922,-0.3205076,-0.32147494,-0.32148892,-0.23175985,-0.30183107,-0.32097653,-0.3192011,-0.3320185,-0.23161006,-0.31939483,-0.3218638,-0.32159683,-0.32186037,-0.22915155,-0.19459927,-0.32411462,-0.31686342,-0.32943356,-0.20658675,-0.31366995,-0.31825444,-0.32690454,-0.3241499,-0.23101513,-0.31876272,-0.3206932,-0.3208037,-0.32155782
k__Bacteria|p__Firmicutes|c__Clostridia|o__Clostridiales|f__Veillonellaceae|g__Veillonella|s__unclassified,-0.23016848,-0.31904158,-0.32328734,-0.3142866,-0.31766313,-0.23015359,1.0593824,0.8218438,-0.3147597,-0.31732285,-0.22977977,-0.32539368,-0.31133458,-0.31570548,-0.3099353,-0.22943431,-0.3303013,-0.31827363,-0.31647408,-0.31610784,-0.22876784,-0.31663513,-0.3181244,-0.3181068,-0.3207198,-0.2298738,-0.32696477,-0.3186347,-0.31708354,-0.32445285,-0.23875734,-0.30863738,-0.32284898,-0.32054096,-0.31886643,-0.23042196,-0.32432246,-0.31878766,-0.31612617,-0.31622273,-0.23060365,-0.31730345,-0.3233376,-0.32029626,-0.31387562,-0.2298451,-0.31692833,-0.31950188,-0.31605732,-0.31643647,-0.23008747,-0.3272691,-0.32986963,-0.3146839,-0.31792456,-0.20411447,-0.30829844,-0.3205679,-0.3221585,-0.32126957,-0.23053147,-0.3176347,-0.3183809,-0.31910032,-0.31935757,-0.22990853,-0.30183107,-0.31797627,-0.3165632,-0.3320185,-0.23021412,-0.31694114,-0.3190102,-0.318591,-0.31966898,-0.22767076,-0.19459927,0.77508855,-0.31407058,-0.32943356,2.2369106,-0.30810246,-0.31808287,-0.32690454,-0.32283887,-0.2292321,-0.31673586,-0.31806827,-0.3193438,-0.31897813
k__Bacteria|p__Firmicutes|c__Bacilli|o__Lactobacillales|f__Lactobacillaceae|g__Lactobacillus|s__unclassified,-0.23017849,0.89120615,0.8327815,-0.31504256,-0.3178907,-0.23069489,-0.3258366,0.595375,-0.31548974,-0.31767285,-0.23010466,-0.32539368,-0.31133458,-0.31570548,-0.3099353,-0.2299603,-0.3303013,-0.31915504,-0.3174258,-0.3163993,-0.22992398,-0.31716162,-0.3190109,-0.31869236,-0.3207198,-0.23061015,0.74352676,-0.31904554,-0.31727743,-0.32445285,-0.23875734,-0.31164032,-0.32284898,-0.31953362,-0.31944168,-0.23062988,-0.32432246,-0.319228,-0.31745872,-0.31672266,-0.2305691,-0.31676644,-0.3233376,-0.31980795,-0.3155833,-0.22995451,-0.31692833,-0.3198814,-0.31715727,-0.31687778,-0.23021558,-0.3272691,-0.32986963,-0.31536013,-0.31794852,-0.20411447,-0.31150994,-0.32054108,-0.3216485,-0.3212259,-0.23054504,-0.31743532,-0.31891972,-0.31928098,-0.32006508,-0.23037036,-0.30183107,-0.31921846,-0.31640488,-0.3320185,-0.23042095,-0.3172171,-0.31975827,-0.31875885,-0.31993175,-0.23048857,-0.19459927,-0.32411462,-0.31489727,-0.32943356,-0.20658675,-0.31127906,-0.31815648,0.3670686,-0.32224637,-0.22992575,-0.31699842,-0.31882924,-0.31908023,-0.31987938
k__Bacteria|p__Firmicutes|c__Clostridia|o__Coriobacteriales|f__Coriobacteriaceae|g__Slackia|s__unclassified,-0.23017627,-0.31904158,-0.32328734,-0.3149019,-0.3180259,-0.23077454,-0.3258366,-0.3327108,-0.3157956,-0.31725192,-0.23094746,-0.32539368,-0.31133458,-0.31570548,-0.3099353,-0.23043677,-0.3303013,-0.31912297,-0.3165742,-0.31633377,-0.22874375,-0.31696683,-0.31797183,-0.31844705,-0.3207198,-0.23062447,-0.32696477,-0.3198716,-0.31699747,-0.32445285,-0.23875734,-0.30774784,-0.32284898,-0.32166645,-0.31925038,-0.23108491,-0.32432246,-0.31975424,-0.31745857,-0.31636357,-0.23008943,-0.31808445,-0.3233376,-0.32085004,-0.31318432,-0.2304354,-0.31692833,-0.31985098,-0.3163944,-0.3171066,-0.23152313,-0.3272691,-0.32986963,-0.31567258,-0.3179736,-0.20411447,-0.30690438,-0.32130653,-0.3218249,-0.32155418,-0.23106155,-0.31815833,-0.31833524,-0.31952512,-0.3199681,-0.2299068,-0.30183107,-0.31872928,-0.31659865,-0.3320185,-0.22990677,-0.31747997,-0.3197703,-0.31914434,-0.31985974,-0.22526595,-0.19459927,-0.32411462,-0.3146532,-0.32943356,-0.20658675,-0.30667335,-0.3180352,-0.32690454,-0.32434136,-0.22927941,-0.31690937,-0.31901887,-0.3189653,-0.32013813
k__Bacteria|p__Firmicutes|c__Clostridia|o__Clostridiales|f__Lachnospiraceae|g__Blautia|s__producta,-0.23009977,-0.31904158,-0.32328734,-0.3141563,-0.3175674,-0.23046377,-0.3258366,0.5661277,-0.3148595,-0.31685936,-0.23067912,-0.32539368,0.94302964,0.8660621,0.93193597,-0.22979157,-0.3303013,-0.31861326,-0.31650776,-0.31538898,-0.22876392,-0.3168806,-0.31822705,-0.31783986,-0.3207198,-0.23028494,-0.32696477,-0.31935224,-0.31610897,0.73050797,-0.23875734,-0.30732524,-0.32284898,-0.3202861,-0.31877536,-0.23109484,-0.32432246,-0.31934753,-0.31656137,-0.31579155,-0.23010142,-0.31801265,0.777005,-0.31984168,-0.31277424,-0.22989976,-0.31692833,-0.31948435,-0.3158462,-0.31668857,-0.23071373,-0.3272691,-0.32986963,-0.31548035,-0.31756014,-0.20411447,-0.30713394,-0.32086635,-0.32215253,-0.3207342,-0.23090868,-0.31787872,-0.3177629,-0.31884754,-0.31914043,-0.22973475,-0.30183107,-0.3176985,-0.31495613,-0.3320185,-0.22989008,-0.31707752,-0.31971902,-0.31885904,-0.31932712,-0.22592369,-0.19459927,-0.32411462,-0.31417108,-0.32943356,-0.20658675,-0.30691424,-0.31746215,-0.32690454,-0.3238177,-0.22927335,-0.31636494,-0.31829646,-0.31825143,-0.31903568
k__Bacteria|p__Firmicutes|c__Bacilli|o__Lactobacillales|f__Streptococcaceae|g__unclassified|s__unclassified,-0.23080373,-0.31904158,-0.32328734,-0.31654042,-0.31892806,-0.23134224,-0.3258366,-0.3327108,-0.31754363,-0.31855696,-0.2310341,0.74274194,-0.31133458,0.86167157,-0.3099353,-0.23087998,-0.3303013,-0.32077575,-0.31890276,-0.31763765,-0.22987582,-0.31897354,-0.32013124,-0.32049316,-0.3207198,-0.23132436,-0.32696477,-0.32178667,-0.31928757,-0.32445285,-0.23875734,-0.31182486,-0.32284898,-0.32131928,-0.3207596,-0.23142265,-0.32432246,-0.32136887,-0.3198315,-0.31774023,-0.23146006,-0.3204946,-0.3233376,-0.32128638,-0.3158655,-0.23049499,-0.31692833,-0.32096398,-0.31882495,-0.31849504,-0.23136055,-0.3272691,-0.32986963,-0.31805763,-0.31925732,-0.20411447,-0.3120066,-0.32205367,-0.3223198,-0.3224029,-0.23131868,-0.32011393,-0.32050583,-0.32087123,-0.3214216,-0.23077986,-0.30183107,-0.32053542,-0.3185309,-0.3320185,-0.2305333,-0.3195294,-0.3209531,-0.32106435,-0.32099712,-0.22928941,-0.19459927,-0.32411462,-0.31623304,-0.32943356,-0.20658675,-0.31118345,-0.3180228,-0.32690454,-0.32465905,-0.22986677,-0.3189814,-0.3210793,-0.32058075,-0.32148623
k__Bacteria|p__Firmicutes|c__Clostridia|o__Clostridiales|f__Veillonellaceae|g__Selenomonas|s__unclassified,-0.231009,-0.31904158,-0.32328734,-0.31787872,-0.31953472,-0.23103037,-0.3258366,-0.3327108,-0.3179363,-0.31911922,-0.23117949,-0.32539368,-0.31133458,-0.31570548,-0.3099353,-0.23086417,-0.3303013,-0.3210829,-0.3196749,-0.31848145,-0.22996938,-0.31891108,-0.32070416,-0.32093298,-0.3207198,-0.23096192,-0.32696477,-0.32166886,-0.32029924,-0.32445285,-0.23875734,-0.31325734,-0.32284898,-0.3216049,-0.32132396,-0.23127428,-0.32432246,-0.321491,-0.3201871,-0.31857252,-0.23138285,-0.32013795,-0.3233376,-0.32130587,-0.31802517,-0.23102632,-0.31692833,-0.32156095,-0.31989706,-0.31889114,-0.23135628,-0.3272691,-0.32986963,-0.31815916,-0.31962937,-0.20411447,-0.31332535,-0.32250032,-0.32299197,-0.32277405,-0.23148942,-0.31976175,-0.32115263,-0.3215348,-0.32188547,-0.23082152,-0.30183107,-0.3212813,-0.32016212,-0.3320185,-0.23100078,-0.3194168,-0.32150716,-0.32143742,-0.32184654,-0.22973904,-0.19459927,-0.32411462,-0.31766397,-0.32943356,-0.20658675,-0.31333178,-0.31948903,-0.32690454,-0.3241992,-0.23043025,-0.31905776,-0.32109088,-0.3213771,-0.3217374
k__Bacteria|p__Firmicutes|c__Clostridia|o__Clostridiales|f__Veillonellaceae|g__Megamonas|s__unclassified,-0.2310277,-0.31904158,-0.32328734,-0.31629428,-0.3187285,-0.23139995,-0.3258366,-0.3327108,-0.31747985,-0.31835306,-0.2311959,-0.32539368,-0.31133458,-0.31570548,-0.3099353,-0.23063838,-0.3303013,-0.32071868,-0.31902197,-0.31768346,-0.23041338,-0.31874108,-0.32015303,-0.31976318,-0.3207198,-0.23159035,-0.32696477,-0.32129833,-0.31912297,-0.32445285,-0.23875734,-0.3129045,-0.32284898,-0.32034928,-0.32062405,-0.23172359,-0.32432246,-0.3210481,-0.31939042,-0.31774917,-0.23101434,-0.31919423,-0.3233376,-0.32011175,-0.31619847,-0.23067167,-0.31692833,-0.32126725,-0.3186416,-0.31832492,-0.23132329,-0.3272691,-0.32986963,-0.3177232,-0.3190009,-0.20411447,-0.3124324,-0.32174295,-0.3223296,-0.32186228,-0.2314786,-0.31941473,-0.3198078,-0.32036686,-0.32088065,-0.23109636,-0.30183107,-0.32003233,-0.3180066,-0.3320185,-0.23098609,-0.3185137,-0.3211019,-0.32046664,-0.3208058,-0.22910035,-0.19459927,-0.32411462,-0.31593746,-0.32943356,-0.20658675,-0.31169546,-0.31830004,0.41738212,-0.32371306,-0.23032555,-0.31791693,-0.3202681,-0.32013053,-0.32097942
k__Bacteria|p__Firmicutes|c__Clostridia|o__Clostridiales|f__Lachnospiraceae|g__Anaerostipes|s__unclassified,-0.23104292,-0.31904158,-0.32328734,-0.31590873,-0.3193538,-0.23132373,-0.3258366,-0.3327108,-0.31687337,-0.31876802,-0.23121668,-0.32539368,-0.31133458,-0.31570548,-0.3099353,-0.23043814,-0.3303013,-0.32015046,-0.31797874,-0.3176978,-0.22998658,-0.31870598,-0.32005078,-0.31952417,-0.3207198,-0.23138046,-0.32696477,-0.32086134,-0.31881648,-0.32445285,-0.23875734,-0.3107495,-0.32284898,-0.32147756,-0.32054043,-0.23166052,-0.32432246,-0.3207944,-0.31856877,-0.31791195,-0.23118678,-0.31962144,-0.3233376,-0.3210278,-0.31527328,-0.2306014,-0.31692833,-0.32118094,-0.31791297,-0.3182267,-0.23110297,-0.3272691,-0.32986963,-0.31738973,-0.3193521,-0.20411447,-0.31085718,-0.3223176,-0.32355073,-0.32230854,-0.23159999,-0.31937355,-0.3197151,-0.32033098,-0.32108933,-0.23109227,-0.30183107,-0.3199162,-0.3179696,-0.3320185,-0.23133549,-0.31841695,-0.3210323,-0.3202246,-0.32115692,-0.22714223,-0.19459927,-0.32411462,-0.3157622,-0.32943356,-0.20658675,-0.31005925,-0.31906158,-0.32690454,-0.3243614,-0.23024781,-0.31787437,-0.31963915,-0.32024717,-0.32090408
k__Bacteria|p__Firmicutes|c__Clostridia|o__Clostridiales|f__Clostridiaceae|g__unclassified|s__unclassified,-0.22825116,0.9069519,-0.32328734,-0.31005657,-0.31453484,-0.2287665,0.7905633,0.5557733,-0.3100337,-0.31397963,-0.22837166,0.75617,-0.31133458,-0.31570548,-0.3099353,-0.22762474,-0.3303013,-0.31436944,-0.31126583,-0.3115343,-0.2259933,-0.31319594,-0.31383863,-0.3138361,-0.3207198,-0.2283049,-0.32696477,-0.3157355,-0.3120746,-0.32445285,1.7977549,-0.29897147,0.8599223,-0.31855485,-0.31525016,-0.22935472,-0.32432246,-0.31516936,-0.311054,-0.31198567,-0.22934663,-0.31532556,-0.3233376,-0.31873453,-0.3063935,-0.22809105,-0.31692833,-0.3155402,-0.31090525,-0.31292602,-0.22882617,0.742485,0.6818866,-0.31093544,-0.31487617,-0.20411447,-0.2991144,-0.31720477,-0.31952307,-0.31825635,-0.22938827,-0.31540954,-0.3140773,-0.31512505,-0.31578863,-0.22799395,-0.30183107,-0.3137807,-0.3107048,-0.3320185,-0.2280812,-0.31401277,-0.31564012,-0.31529605,-0.31630147,-0.22283249,2.1372232,-0.32411462,-0.3088979,-0.32943356,1.9910626,-0.2996087,-0.31422496,-0.32690454,-0.32219696,-0.22687721,-0.3130141,-0.31345788,-0.3148125,-0.31532732
k__Bacteria|p__Firmicutes|c__Clostridia|o__Clostridiales|f__Lachnospiraceae|g__Lachnobacterium|s__unclassified,-0.23093401,-0.31904158,-0.32328734,-0.317325,-0.31860632,-0.23134156,-0.3258366,-0.3327108,-0.31775522,-0.31838816,-0.23128054,-0.32539368,-0.31133458,-0.31570548,-0.3099353,-0.2306801,-0.3303013,-0.32059008,-0.31963694,-0.31783313,-0.23031934,-0.31848085,-0.32031453,-0.3199983,-0.3207198,-0.23153499,-0.32696477,-0.32175124,-0.31949908,-0.32445285,-0.23875734,-0.31326982,-0.32284898,-0.31990933,-0.32096055,-0.2317794,-0.32432246,-0.3212946,-0.3197765,-0.31783792,-0.230976,-0.31929255,-0.3233376,-0.32007912,-0.31752783,-0.23097698,-0.31692833,-0.32150024,-0.3195816,-0.31850135,-0.23152637,-0.3272691,-0.32986963,-0.3180941,-0.31896323,-0.20411447,-0.31288117,-0.32139698,-0.32195765,-0.32155663,-0.23152536,-0.3190816,-0.3201632,-0.3208915,-0.3208834,-0.23075977,-0.30183107,-0.32048774,-0.3188411,0.62899715,-0.2308297,-0.31872007,-0.321424,-0.32087752,-0.3210996,-0.2281681,-0.19459927,-0.32411462,-0.3165471,-0.32943356,-0.20658675,-0.31310576,-0.31823567,-0.32690454,-0.32349533,-0.230441,-0.31816316,-0.32044548,-0.32039538,-0.32109627
k__Bacteria|p__Firmicutes|c__Erysipelotrichi|o__Erysipelotrichales|f__[Coprobacillaceae]|g__Coprobacillus|s__unclassified,-0.22972085,-0.31904158,-0.32328734,-0.31386572,-0.31760186,-0.23028214,-0.3258366,-0.3327108,-0.31365258,-0.31675172,-0.23058105,-0.32539368,0.9373535,0.8708299,0.9272746,-0.22990423,-0.3303013,-0.31729293,-0.31451207,-0.3150112,-0.22840998,-0.31604144,-0.31683433,-0.31734335,-0.3207198,-0.23007652,-0.32696477,-0.31885427,-0.31536227,-0.32445285,-0.23875734,-0.30478764,-0.32284898,-0.32120818,-0.31833202,-0.23059528,-0.32432246,-0.31823492,-0.31507012,-0.31546885,-0.23100522,-0.3179117,-0.3233376,-0.32110932,-0.31131643,-0.22958258,-0.31692833,-0.31876856,-0.3150863,-0.31598443,-0.23054397,-0.3272691,-0.32986963,-0.3139846,-0.31738645,-0.20411447,-0.30471343,-0.32032952,-0.3217857,-0.32097432,-0.23092818,-0.3170573,-0.31736702,-0.31861228,-0.31923318,-0.22916377,-0.30183107,-0.31816453,-0.31475317,-0.3320185,-0.22997236,-0.31665438,-0.31907403,-0.3179263,-0.31917685,-0.22437835,-0.19459927,-0.32411462,-0.31366605,-0.32943356,-0.20658675,-0.3047979,-0.3172935,-0.32690454,-0.32397115,-0.22890224,-0.31592435,-0.31747437,-0.31760803,-0.3192197
k__Bacteria|p__Firmicutes|c__Clostridia|o__Clostridiales|f__Veillonellaceae|g__Veillonella|s__parvula,0.48171744,-0.31904158,-0.32328734,0.66146445,0.6653946,0.48245716,-0.3258366,-0.3327108,0.66187924,0.6648533,0.48179686,0.7804499,0.93757236,0.86207145,0.9479693,0.48111105,-0.3303013,0.66891545,0.665967,0.66321254,0.47978657,0.6641339,0.6681337,0.6679164,-0.3207198,0.4824098,0.7526803,0.6704458,0.66703355,-0.32445285,-0.23875734,0.65199625,0.8821903,0.66869175,0.6694567,0.48282826,0.849815,0.6697707,0.66607106,0.66326594,0.4823659,0.6666647,0.7800336,0.669116,0.6611897,0.4815557,1.1499583,0.6699332,0.66578823,0.6640222,0.48233327,0.7400901,0.67966527,0.662477,0.66589636,-0.20411447,0.6520432,0.6709399,0.67281014,0.6720184,0.48274416,0.6662642,0.66814756,0.6694238,0.66986424,0.4819182,-0.30183107,0.66876584,0.66559684,-0.3320185,0.48168662,0.66479284,0.6696992,0.66940093,0.6702801,0.47841656,2.2353902,0.71403587,0.66048753,0.6946802,-0.20658675,0.6517529,0.66432565,0.37856087,0.6753229,0.48033375,0.6637702,0.6680602,0.6688682,0.6697358
k__Bacteria|p__Firmicutes|c__Erysipelotrichi|o__Erysipelotrichales|f__Erysipelotrichaceae|g__Holdemania|s__unclassified,-0.230713,-0.31904158,-0.32328734,-0.31663984,-0.31898627,-0.23094207,-0.3258366,-0.3327108,-0.3171468,-0.31824595,-0.2316548,-0.32539368,-0.31133458,-0.31570548,-0.3099353,-0.23095235,-0.3303013,-0.32020882,-0.31814116,-0.31761742,-0.2300328,-0.31831935,-0.31963882,-0.3193985,0.84874415,-0.23118936,-0.32696477,-0.32097727,-0.31867683,-0.32445285,-0.23875734,-0.31140023,-0.32284898,-0.3213831,-0.32054967,-0.23138869,-0.32432246,-0.32058814,-0.31932676,-0.31798077,-0.23111233,-0.31891793,0.80116546,-0.3203496,-0.31654924,-0.23074415,-0.31692833,-0.32119358,-0.31853175,-0.31842348,-0.23139769,-0.3272691,-0.32986963,-0.31721318,-0.31879348,-0.20411447,-0.31164414,-0.32215515,-0.32237244,-0.32204813,-0.23163617,-0.31843233,-0.31968558,-0.3204411,-0.32130283,-0.23034868,-0.30183107,-0.32049102,-0.31861013,-0.3320185,-0.23117734,-0.31821406,-0.3211992,-0.3199038,-0.32104972,-0.22742766,-0.19459927,-0.32411462,-0.31723017,-0.32943356,-0.20658675,-0.311199,-0.31912893,0.36644918,-0.32366776,-0.23037195,-0.3175558,-0.32035837,-0.31996095,-0.32143223
k__Bacteria|p__Firmicutes|c__Bacilli|o__Lactobacillales|f__Streptococcaceae|g__Lactococcus|s__unclassified,-0.23007697,-0.31904158,0.7942817,-0.31688833,-0.31892344,-0.23040715,-0.3258366,0.5561854,-0.31694067,-0.31837738,-0.23078565,-0.32539368,-0.31133458,-0.31570548,0.9662574,-0.23031197,-0.3303013,-0.3202814,-0.31889746,-0.31749505,-0.22937,-0.31805366,-0.3200054,-0.32017586,-0.3207198,-0.23010924,-0.32696477,-0.3207512,-0.31897825,-0.32445285,-0.23875734,-0.31230515,-0.32284898,-0.3205927,-0.3204791,-0.23056936,-0.32432246,-0.32069743,-0.31930107,-0.3178237,-0.2303771,-0.31900612,-0.3233376,-0.32018822,-0.31718093,-0.23008624,-0.31692833,-0.32071632,-0.3188805,-0.31809026,-0.23061286,-0.3272691,-0.32986963,-0.3172469,-0.3185395,-0.20411447,-0.31283084,-0.32182014,-0.32251683,-0.3217624,-0.2306498,-0.3185293,-0.3199733,-0.32066178,-0.32093692,-0.2298831,-0.30183107,-0.32033676,-0.3186341,-0.3320185,-0.23007283,-0.31818873,-0.32105428,-0.32044116,-0.32094568,-0.22707164,-0.19459927,-0.32411462,-0.3171546,-0.32943356,-0.20658675,-0.3124784,-0.31869924,-0.32690454,-0.32335544,-0.22982463,-0.31800318,-0.32038033,-0.32001233,-0.32093358
k__Bacteria|p__Firmicutes|c__Clostridia|o__Clostridiales|f__Clostridiaceae|g__Clostridium|s__unclassified,0.25851384,0.9101891,-0.32328734,0.3518598,0.356322,0.25903544,0.80186635,0.5543296,0.3528065,0.3554591,0.25894064,0.7653901,0.94194055,0.87003684,-0.3099353,0.2577765,-0.3303013,0.35717446,0.35294318,0.3544656,0.25627545,0.35514104,0.3558782,0.35563427,-0.3207198,0.25948206,-0.32696477,0.35914907,0.3549304,-0.32445285,-0.23875734,0.34129402,0.8748226,0.3604345,0.3575543,0.25948733,0.8002947,0.3584239,0.35409427,0.35415533,0.2591545,0.35846335,-0.3233376,0.3608132,0.3478346,0.25840616,1.1004746,0.35846847,0.35384765,0.35468173,0.25920528,0.7458018,0.67966527,0.35314906,0.35702103,-0.20411447,0.34143353,0.35939178,0.36153203,0.36029807,0.25980884,0.3570907,0.35617128,0.35773546,0.3581947,0.25889635,-0.30183107,0.35749364,0.35345697,-0.3320185,0.25884062,0.35540807,0.35818726,0.35726637,0.35837644,0.25786617,-0.19459927,0.7089929,0.35129675,-0.32943356,2.2224176,0.34007132,0.35495698,-0.32690454,0.3639993,0.25689372,0.35459134,0.35647488,0.35675603,0.358352
k__Bacteria|p__Firmicutes|c__Bacilli|o__Turicibacterales|f__Turicibacteraceae|g__Turicibacter|s__unclassified,-0.22879694,-0.31904158,-0.32328734,-0.31181723,-0.316155,-0.22932951,-0.3258366,-0.3327108,-0.31290555,-0.31551024,-0.2292636,-0.32539368,0.95256263,-0.31570548,-0.3099353,-0.22813314,0.71480274,-0.31668717,-0.31315643,-0.31440762,-0.2274305,-0.3150743,-0.31601706,-0.31544283,-0.3207198,-0.22959763,-0.32696477,-0.3176304,-0.31453374,-0.32445285,-0.23875734,-0.30432248,-0.32284898,-0.3189751,-0.3169744,-0.2295072,-0.32432246,-0.31741738,-0.31451023,-0.31448966,-0.22929452,-0.31666613,-0.3233376,-0.31886107,-0.30958742,-0.228571,-0.31692833,-0.31784493,-0.31370598,-0.3144424,-0.22885995,-0.3272691,0.7010377,-0.3132848,-0.31631362,-0.20411447,-0.3054146,-0.31903964,-0.32074338,-0.319364,-0.22970966,-0.3160739,-0.31590325,-0.3166766,-0.31779295,-0.2294179,-0.30183107,-0.31709954,-0.31321776,-0.3320185,-0.2294518,-0.3147275,-0.3177625,-0.31634238,-0.31778556,-0.22813797,-0.19459927,-0.32411462,-0.3113893,0.59280163,-0.20658675,-0.30385676,-0.3155434,0.3917366,-0.32178724,-0.22794574,-0.31421706,-0.315951,-0.316102,-0.31775165
k__Bacteria|p__Firmicutes|c__Clostridia|o__Clostridiales|f__Veillonellaceae|g__Veillonella|s__dispar,0.5483803,1.594845,0.99434906,0.7499732,0.75669825,0.54920995,0.77353555,0.5561854,0.75151384,0.7556257,0.5490124,0.77719,0.95514685,-0.31570548,0.9590119,0.54732335,0.77660376,0.7595037,0.7556176,0.75256497,0.5457362,0.7550815,0.75868654,0.758556,-0.3207198,0.5491018,0.95288676,0.7617932,0.75513375,0.72849226,2.1366196,0.73627007,1.1405115,0.7620573,0.7602055,0.55021787,1.0503712,0.7614052,0.7555744,0.7531531,0.5484483,0.7578485,0.794202,0.76222533,0.74796975,0.54763454,1.483774,0.7618089,0.7547474,0.75484586,0.5494224,0.7662538,0.7084732,0.7524854,0.757005,-0.20411447,0.7352247,0.76385474,0.76615214,0.7644052,0.549913,0.75746226,0.75802886,0.7607889,0.760896,0.54765165,1.0168926,0.75879025,0.7527191,-0.3320185,0.54789436,0.75616914,0.7618784,0.7603979,0.7613052,0.5397347,2.2327585,-0.32411462,0.74869776,0.5946137,-0.20658675,0.7351372,0.75545424,0.44849342,0.77035,0.54638994,0.7546282,0.7591301,0.7590117,0.76100886
k__Bacteria|p__Firmicutes|c__Clostridia|o__Coriobacteriales|f__Coriobacteriaceae|g__unclassified|s__unclassified,-0.2302986,-0.31904158,-0.32328734,-0.31471366,-0.31774825,-0.23090473,0.7745552,0.63270485,-0.31544107,-0.3174063,-0.23073292,-0.32539368,-0.31133458,-0.31570548,-0.3099353,-0.23031671,-0.3303013,-0.319125,-0.31608593,-0.31660497,-0.22927645,-0.31730813,-0.31815404,-0.3181476,0.8560963,-0.23119344,-0.32696477,-0.32047206,-0.31764653,-0.32445285,-0.23875734,-0.3081221,-0.32284898,-0.3203291,-0.31953973,-0.23091719,-0.32432246,-0.31970888,-0.3170363,-0.3165301,-0.23140652,-0.31880862,-0.3233376,-0.32082063,-0.31318194,-0.23012695,-0.31692833,-0.3198097,-0.3168784,-0.31685567,-0.2307375,-0.3272691,-0.32986963,-0.315583,-0.31816536,-0.20411447,-0.30902773,-0.32004014,-0.3214363,-0.3209719,-0.23124877,-0.3181332,-0.31837752,-0.31932086,-0.3198911,-0.23059693,-0.30183107,-0.31913406,-0.31683218,-0.3320185,-0.23076674,-0.31714603,-0.3196992,-0.31883156,-0.31988198,-0.22926976,-0.19459927,-0.32411462,-0.3147368,-0.32943356,-0.20658675,-0.30770552,-0.316558,-0.32690454,-0.32314676,-0.22933903,-0.31673828,-0.31884345,-0.3187744,-0.3201212
k__Bacteria|p__Firmicutes|c__Clostridia|o__Coriobacteriales|f__Coriobacteriaceae|g__Eggerthella|s__lenta,-0.22920036,0.9131229,-0.32328734,-0.31366915,-0.3167739,-0.23000409,-0.3258366,-0.3327108,-0.31523806,-0.31635416,-0.22996849,-0.32539368,-0.31133458,-0.31570548,0.9302573,-0.22945623,-0.3303013,-0.31914818,-0.31625718,-0.31536302,-0.22902636,-0.31689066,-0.31786817,-0.31737775,0.84911305,-0.22995123,0.74731773,-0.3183241,-0.31548023,-0.32445285,-0.23875734,-0.31158283,-0.32284898,-0.31865317,-0.31867108,-0.23023984,-0.32432246,-0.31876284,-0.31675947,-0.31551713,-0.22872698,-0.31477022,-0.3233376,-0.31803617,-0.31338263,-0.22932151,0.93264526,-0.31908047,-0.3153929,-0.3160845,-0.2301008,-0.3272691,-0.32986963,-0.31485534,-0.31657568,-0.20411447,-0.3098055,-0.31997186,-0.3206101,-0.31970423,-0.22972399,-0.31702104,-0.31724727,-0.3176021,-0.31866622,-0.22924289,-0.30183107,-0.3167445,-0.3141052,-0.3320185,-0.22907355,-0.31584424,-0.31961864,-0.31769317,-0.31847107,-0.22439072,-0.19459927,-0.32411462,-0.31320792,0.58977425,-0.20658675,-0.30911684,-0.31792098,0.36624265,-0.32223645,-0.22886997,-0.3154028,-0.31745183,-0.31736952,-0.31896615
k__Bacteria|p__Firmicutes|c__Bacilli|o__Lactobacillales|f__Carnobacteriaceae|g__Granulicatella|s__unclassified,-0.22645086,0.89777225,0.82533514,-0.30953896,-0.3121306,-0.22680816,0.7955657,0.65814227,-0.31062287,-0.31186634,-0.22680014,0.74786085,-0.31133458,-0.31570548,-0.3099353,-0.22611696,-0.3303013,-0.31384894,-0.31198263,-0.31065476,-0.22560616,-0.3120898,-0.31313533,-0.3128814,-0.3207198,-0.22689612,0.7415257,-0.3144737,-0.3117457,-0.32445285,1.7644602,-0.30540383,0.85413176,-0.31413358,-0.31404334,-0.22736588,0.7704195,-0.31414527,-0.31202683,-0.31095156,-0.22648591,-0.31194583,-0.3233376,-0.31380633,-0.30903485,-0.22617725,0.9306689,-0.31455088,-0.3114047,-0.31177223,-0.22698821,0.7395571,-0.32986963,-0.31077427,-0.3123212,-0.20411447,-0.30424246,-0.3151713,-0.3157143,-0.31531018,-0.22711238,-0.31284234,-0.3126859,-0.31362677,-0.31399593,-0.2260176,-0.30183107,-0.31255245,-0.31070828,-0.3320185,-0.22627747,-0.31197572,-0.31465107,-0.31365722,-0.31412065,-0.22049445,2.138333,-0.32411462,-0.3088774,-0.32943356,-0.20658675,-0.3042371,-0.31213075,-0.32690454,-0.31775993,-0.22564575,-0.31111634,-0.3130485,-0.31320044,-0.31422988
k__Bacteria|p__Firmicutes|c__Bacilli|o__Lactobacillales|f__Streptococcaceae|g__Streptococcus|s__unclassified,0.53945494,0.9183821,0.7858353,0.73711705,0.74481213,0.54067534,0.7679086,0.5705037,0.7387712,0.74343145,0.5406856,0.747238,0.9428119,0.8791192,0.93010455,0.5393231,0.70791984,0.7472354,0.7412455,0.7405248,0.5369283,0.74323124,0.74555993,0.7456732,0.8620954,0.54047644,0.8025227,0.7490386,0.7419385,0.7488745,-0.23875734,0.7222637,0.8633806,0.7516733,0.7479646,0.5414294,0.78164035,0.7485925,0.7423157,0.74096197,0.5404016,0.74514025,0.78069484,0.7512837,0.7336188,0.53931576,0.93429595,0.7491766,0.74115556,0.74243915,0.54125917,0.760658,0.72984946,0.7390859,0.745049,-0.20411447,0.72093,0.7517286,0.754567,0.7526166,0.5413672,0.7452946,0.74582326,0.7479564,0.7491857,0.5390371,-0.30183107,0.7462375,0.7397504,-0.3320185,0.5393162,0.7435558,0.7494432,0.74723256,0.7490574,0.53183115,-0.19459927,0.7089929,0.73652923,0.5927412,2.2655404,0.7201569,0.74463403,0.53536385,0.75894225,0.5376214,0.74242234,0.7464887,0.74663603,0.749316
k__Bacteria|p__Firmicutes|c__Clostridia|o__Clostridiales|f__Ruminococcaceae|g__unclassified|s__unclassified,0.58973277,-0.31904158,-0.32328734,0.8064512,0.8145813,0.5911394,-0.3258366,0.5569062,0.80787504,0.8129492,0.5909679,0.794098,0.9373535,0.8660621,0.94751906,0.5892327,0.88062036,0.8170608,0.81079507,0.8102151,0.5867026,0.81234336,0.81554735,0.81501746,1.0250113,0.5911571,0.74352676,0.81968665,0.8124574,1.1771846,-0.23875734,0.78963625,0.862805,0.8212521,0.81804454,0.5919961,0.79204684,0.81880647,0.81201273,0.8104892,0.5907791,0.8159765,0.837417,0.82087356,0.80246496,0.5894811,0.93594396,0.81942344,0.8108669,0.81182015,0.59137106,0.7741387,0.8673841,0.8086326,0.814865,-0.20411447,0.7891866,0.8218792,0.8251381,0.82282054,0.5918731,0.81499,0.8154751,0.8179264,0.81918037,0.5896523,1.1316053,0.8167628,0.8101036,0.9147518,0.5899949,0.8126044,0.8193975,0.8172756,0.8194248,0.5810759,-0.19459927,0.97521806,0.80584633,0.74296343,-0.20658675,0.78777844,0.8135079,0.53274393,0.82933354,0.587584,0.81101316,0.81598496,0.81652117,0.81927013
k__Bacteria|p__Firmicutes|c__Clostridia|o__Coriobacteriales|f__Coriobacteriaceae|g__Collinsella|s__unclassified,-0.22986223,-0.31904158,-0.32328734,-0.31318194,-0.3170946,-0.2303322,-0.3258366,-0.3327108,-0.314093,-0.3164333,-0.23028344,-0.32539368,0.99561113,0.9689146,-0.3099353,-0.22968966,-0.3303013,-0.31799942,-0.3146643,-0.3151468,-0.22817773,-0.31620994,-0.31683832,-0.3171463,-0.3207198,-0.2301571,-0.32696477,-0.3186647,-0.3155047,-0.32445285,-0.23875734,-0.3059268,-0.32284898,-0.32082367,-0.31819075,-0.23064628,-0.32432246,-0.31854486,-0.31517094,-0.31516445,-0.23031634,-0.31747475,-0.3233376,-0.32053632,-0.31065023,-0.22985694,-0.31692833,-0.31861532,-0.31463796,-0.31570542,-0.23073967,0.78870976,-0.32986963,-0.31399167,-0.31730413,-0.20411447,-0.30490118,-0.32018313,-0.32168812,-0.3207643,-0.23072271,-0.31766135,-0.31721246,-0.31827798,-0.31875125,-0.2297486,-0.30183107,-0.3172297,-0.31445187,-0.3320185,-0.22967064,-0.31639498,-0.3186962,-0.31793612,-0.31871718,-0.22637044,-0.19459927,-0.32411462,-0.31293193,-0.32943356,-0.20658675,-0.3042373,-0.31706727,0.38243023,-0.32382485,-0.2286779,-0.315942,-0.31734747,-0.3177585,-0.3188158
k__Bacteria|p__Firmicutes|c__Clostridia|o__Clostridiales|f__Ruminococcaceae|g__Faecalibacterium|s__prausnitzii,0.08387183,-0.31904158,-0.32328734,0.11308913,0.11527459,0.08407341,-0.3258366,0.630699,0.11268877,0.11466677,0.08401113,0.78681827,0.9456386,0.8763637,0.9326981,0.08344063,0.8472539,0.11447129,0.11310424,0.113432124,0.08257467,0.11431399,0.114533566,0.114367515,0.8497978,0.08403338,-0.32696477,0.115797386,0.11315292,-0.32445285,-0.23875734,0.106021814,-0.32284898,0.11755421,0.1150599,0.08457242,-0.32432246,0.11553986,0.11299517,0.113617934,0.084214635,0.11652133,-0.3233376,0.1180355,0.11030338,0.08372249,-0.31692833,0.11554254,0.11317836,0.11443186,0.084279865,-0.3272691,0.73767424,0.11349703,0.1154997,-0.20411447,0.10597123,0.11633609,0.11758978,0.11669545,0.0845938,0.115487054,0.1146138,0.1155217,0.11548047,0.08347613,1.0316933,0.11488813,0.112483785,0.7008599,0.083774716,0.11531967,0.11560554,0.11542998,0.11575227,0.08212436,-0.19459927,0.7400651,0.112581395,0.5981077,-0.20658675,0.10654891,0.114757106,0.41443366,0.1193082,0.08305414,0.11457984,0.11452213,0.11487779,0.11522494
k__Bacteria|p__Firmicutes|c__Clostridia|o__Clostridiales|f__Lachnospiraceae|g__Dorea|s__unclassified,-0.22855234,-0.31904158,-0.32328734,-0.3133477,-0.3160795,-0.22873141,-0.3258366,-0.3327108,-0.31409377,-0.31566495,-0.2290006,0.7662463,0.99375045,0.9100827,0.98399997,-0.2289376,-0.3303013,-0.31733924,-0.31548774,-0.3145063,-0.2284705,-0.31575963,-0.31685504,-0.31720558,0.8536341,-0.22840086,-0.32696477,-0.31662536,-0.31511843,0.7550904,-0.23875734,-0.31141913,1.0639504,-0.31836015,-0.31758192,-0.2288351,-0.32432246,-0.31708002,-0.31584632,-0.3149886,-0.22886562,-0.31371373,0.9379284,-0.31741673,-0.31449625,-0.22836536,-0.31692833,-0.31787202,-0.31510493,-0.31528282,-0.22898868,0.74035645,-0.32986963,-0.31357813,-0.31558636,-0.20411447,-0.31010753,-0.31917125,-0.31947255,-0.31915468,-0.22887655,-0.31537008,-0.31704777,-0.3172179,-0.3182009,-0.22786288,1.0185306,-0.31626767,-0.31501335,-0.3320185,-0.22862086,-0.31534624,-0.3181479,-0.3166849,-0.3177997,-0.22322927,-0.19459927,-0.32411462,-0.31352812,-0.32943356,-0.20658675,-0.31008336,-0.3176047,-0.32690454,-0.3204315,-0.22838344,-0.3152516,-0.3170436,-0.31733358,-0.31815773
k__Bacteria|p__Firmicutes|c__Clostridia|o__Clostridiales|f__Ruminococcaceae|g__Ruminococcus|s__unclassified,0.49509668,-0.31904158,-0.32328734,0.6748154,0.68322194,0.49632543,-0.3258366,0.71500677,0.675473,0.68166935,0.49605697,0.7414894,-0.31133458,-0.31570548,0.9309444,0.49471855,0.71480274,0.6839905,0.6773468,0.6785166,0.4912058,0.68031377,0.68267643,0.68287456,1.0518689,0.49606228,-0.32696477,0.68682057,0.6796223,0.7351956,-0.23875734,0.6555702,-0.32284898,0.6909721,0.68518037,0.4968151,0.7731193,0.6861353,0.6787662,0.67882633,0.4970341,0.6859001,0.8230375,0.69122684,0.66898096,0.49497557,1.309148,0.68606603,0.6780113,0.6797977,0.49642557,0.9103081,0.7069287,0.6763458,0.6836748,-0.20411447,0.6565434,0.68957263,0.69333446,0.69099885,0.4972582,0.6836566,0.6834998,0.6859528,0.6868686,0.49512982,1.0258303,0.6847991,0.6777055,0.78623056,0.49536073,0.68173724,0.68618625,0.6849507,0.6869494,0.4909177,-0.19459927,0.8286934,0.6749238,0.67310035,-0.20658675,0.65497255,0.6817889,0.47977296,0.69738054,0.49266046,0.6804956,0.68386257,0.6844038,0.68664086
k__Bacteria|p__Firmicutes|c__Clostridia|o__Clostridiales|f__unclassified|g__unclassified|s__unclassified,0.54727614,0.9233239,0.85479367,0.7464994,0.7547817,0.5487176,1.0523307,0.792756,0.7492335,0.7532853,0.5490056,0.7816546,-0.31133458,-0.31570548,-0.3099353,0.5467117,0.973273,0.7567263,0.7517557,0.75016546,0.5446509,0.75326884,0.7554999,0.7555707,0.85625327,0.54855144,-0.32696477,0.7601672,0.7511537,0.75519115,-0.23875734,0.7310153,1.0157242,0.7614037,0.75792503,0.550025,0.7786721,0.7595383,0.751891,0.7506182,0.54721403,0.75588894,0.7952264,0.7612065,0.742677,0.5466655,0.939592,0.7601026,0.75110537,0.75277615,0.54967797,0.85877746,0.8276344,0.7496916,0.7549572,-0.20411447,0.728262,0.7619177,0.7650782,0.7621822,0.5493243,0.7551439,0.7546414,0.75878125,0.75823045,0.5459946,-0.30183107,0.7554886,0.7484381,0.76960224,0.54647714,0.75352776,0.76032394,0.75745225,0.75867915,0.5316997,-0.19459927,0.7276616,0.74574655,0.608993,-0.20658675,0.7274059,0.7532866,0.41914704,0.7699806,0.5451155,0.75245535,0.756858,0.75595087,0.7592078
k__Bacteria|p__Firmicutes|c__Clostridia|o__Coriobacteriales|f__unclassified|g__unclassified|s__unclassified,0.5237148,0.97144336,-0.32328734,0.7133606,0.7223015,0.52531075,0.7915658,-0.3327108,0.715496,0.72051424,0.52557296,0.78813493,1.0578676,0.98283154,1.018358,0.5235368,0.7300188,0.72295,0.7171369,0.7172041,0.5199807,0.7204037,0.7219153,0.7222235,0.99212885,0.52497363,0.73630416,0.7273083,0.71800214,0.73955435,-0.23875734,0.69275206,-0.32284898,0.7309793,0.7246041,0.5265446,-0.32432246,0.72619593,0.7183987,0.71769845,0.5251399,0.7256117,0.78088367,0.73028314,0.70716536,0.5235077,0.96896774,0.72643137,0.7170442,0.7198817,0.5262711,0.75489956,0.754912,0.7167171,0.7228558,-0.20411447,0.69225836,0.7296327,0.73320854,0.7301614,0.52622163,0.72325605,0.7223582,0.7256632,0.72597003,0.522774,1.0217987,0.7230097,0.7157912,0.73812413,0.52317965,0.7215839,0.72644794,0.72471696,0.7260511,0.5115709,-0.19459927,0.79285544,0.7132252,0.6517287,-0.20658675,0.691216,0.7208035,0.383852,0.73859614,0.52115333,0.7202776,0.72413623,0.7237338,0.7262886
k__Bacteria|p__Firmicutes|c__Erysipelotrichi|o__Erysipelotrichales|f__Erysipelotrichaceae|g__[Eubacterium]|s__dolichum,0.38347378,0.94427127,0.79568255,0.5227878,0.5292382,0.38418236,0.8311838,0.58482015,0.5238793,0.52765316,0.38474914,0.7515899,-0.31133458,0.86924314,0.93163097,0.3832286,-0.3303013,0.52944565,0.52562,0.5249442,0.38058725,0.5271439,0.5286746,0.5292383,0.855887,0.38381064,0.7888613,0.5319917,0.52555156,-0.32445285,-0.23875734,0.5080687,0.8844464,0.53578246,0.53044605,0.38526604,0.7770387,0.5316031,0.5261308,0.5255798,0.38388932,0.5307184,0.8003324,0.5348134,0.5186506,0.38316667,0.9435058,0.53192854,0.5251677,0.52725184,0.38526797,-0.3272691,-0.32986963,0.52455384,0.52917,-0.20411447,0.50660443,0.53503174,0.5369365,0.5351809,0.38519582,0.5293522,0.52888083,0.5316725,0.53172076,0.38218504,-0.30183107,0.5295526,0.5242243,-0.3320185,0.3828996,0.528595,0.53208447,0.5308193,0.5317421,0.37324205,-0.19459927,0.7103708,0.5227416,-0.32943356,-0.20658675,0.5066951,0.52868223,0.37139368,0.54109466,0.38162574,0.52728164,0.5302322,0.52992326,0.53182983
k__Bacteria|p__Firmicutes|c__Clostridia|o__Clostridiales|f__Lachnospiraceae|g__Roseburia|s__faecis,-0.22929174,-0.31904158,-0.32328734,-0.31405884,-0.3171213,-0.22978702,0.77353555,0.5597843,-0.3143491,-0.31668973,-0.2293823,-0.32539368,-0.31133458,-0.31570548,-0.3099353,-0.22878587,-0.3303013,-0.31893283,-0.31629914,-0.3154804,-0.22837073,-0.31610638,-0.3178209,-0.3174836,-0.3207198,-0.22953346,-0.32696477,-0.31871498,-0.31620544,-0.32445285,-0.23875734,-0.30950534,-0.32284898,-0.31870842,-0.31862932,-0.22997235,-0.32432246,-0.31883287,-0.31600198,-0.31551233,-0.22926621,-0.31644118,-0.3233376,-0.31921637,-0.31314918,-0.22915472,-0.31692833,-0.31902462,-0.31587136,-0.31582814,-0.22971538,-0.3272691,0.68410295,-0.31419605,-0.3171227,-0.20411447,-0.30882058,-0.31942475,-0.3210104,-0.3203025,-0.22978596,-0.31734362,-0.31742162,-0.31833673,-0.31863582,-0.22952409,-0.30183107,-0.31786424,-0.3146411,-0.3320185,-0.2291121,-0.31590897,-0.3192212,-0.31812006,-0.31900954,-0.22814454,-0.19459927,0.7299146,-0.3131963,0.61474645,-0.20658675,-0.3080234,-0.31680596,-0.32690454,-0.32234305,-0.22867885,-0.31569436,-0.3172928,-0.31736603,-0.31876323
k__Bacteria|p__Firmicutes|c__Clostridia|o__unclassified|f__unclassified|g__unclassified|s__unclassified,0.55280477,1.35318,0.79917604,0.7551799,0.76315683,0.5535052,0.88004935,0.7181655,0.756505,0.76161486,0.5535644,1.0821971,0.99602413,0.9016629,0.95216197,0.5517683,0.7399046,0.765296,0.75977707,0.75868344,0.54924744,0.76093125,0.7639112,0.7634539,0.92087317,0.55328244,-0.32696477,0.7673234,0.76092327,0.76566434,-0.23875734,0.7381736,-0.32284898,0.77014345,0.7660788,0.5547215,0.7898013,0.76678264,0.76015496,0.7591289,0.5533299,0.76413375,0.7972719,0.76919675,0.7513806,0.5524354,1.1928929,0.76762784,0.7590482,0.7606558,0.55405796,0.77194756,0.78852093,0.7573521,0.7634774,1.9711086,0.7374916,0.7704102,0.7735654,0.7711866,0.55471885,0.76387656,0.76370436,0.7661418,0.7671385,0.55232334,1.0361449,0.76411456,0.7587035,0.66639787,0.55273193,0.7614733,0.76740897,0.7658601,0.7677177,0.54373693,-0.19459927,0.74243855,0.7544482,0.6266227,-0.20658675,0.73696494,0.7627742,0.4287018,0.777533,0.5504961,0.7597767,0.7640835,0.7653055,0.7668124
k__Bacteria|p__Firmicutes|c__Clostridia|o__Clostridiales|f__Lachnospiraceae|g__Lachnospira|s__unclassified,0.026537243,-0.31904158,-0.32328734,0.0353553,0.036666416,0.026723271,-0.3258366,0.56958944,0.035532612,0.036381308,0.02676155,-0.32539368,1.0021988,-0.31570548,-0.3099353,0.026475728,1.3546232,0.03636632,0.035134256,0.035850495,0.025922373,0.036392517,0.036003493,0.03591717,-0.3207198,0.026696011,-0.32696477,0.036657438,0.03533841,0.7777049,-0.23875734,0.03241445,1.450089,0.03794165,0.036436737,0.026925813,-0.32432246,0.036557578,0.035458587,0.035925575,0.026749637,0.03692963,-0.3233376,0.037792094,0.033674195,0.026575772,1.4277068,0.036569998,0.035117842,0.03621926,0.026849546,1.0764911,0.7370745,0.035725914,0.03673493,-0.20411447,0.032274585,0.037185624,0.03763529,0.037278205,0.026910659,0.03696356,0.03609579,0.03630817,0.0366621,0.026481729,1.1817653,0.03608574,0.03494004,0.64282554,0.026521634,0.036507085,0.036692403,0.036377683,0.036649853,0.025210317,-0.19459927,0.7487894,0.03512275,0.7280776,-0.20658675,0.032154217,0.03673655,0.49278063,0.03857559,0.026157275,0.03616669,0.036009796,0.0361595,0.03662268
k__Bacteria|p__Firmicutes|c__Clostridia|o__Clostridiales|f__Veillonellaceae|g__unclassified|s__unclassified,-0.22752225,-0.31904158,-0.32328734,-0.31269157,-0.31443238,-0.22781353,-0.3258366,0.56449455,-0.31286383,-0.3140832,-0.2277113,-0.32539368,-0.31133458,-0.31570548,-0.3099353,-0.2272667,0.7156094,-0.31606686,-0.31464052,-0.31342745,-0.2266387,-0.3138368,-0.31578436,-0.31561786,1.0308715,-0.22787258,1.0216484,-0.31685093,-0.31513947,0.7505966,-0.23875734,-0.30824786,0.86222917,-0.31595695,-0.31629848,-0.22801387,0.7691845,-0.31659216,-0.3150614,-0.31347167,-0.22780481,-0.3152405,-0.3233376,-0.31605422,-0.31265438,-0.22749376,-0.31692833,-0.3165927,-0.3148007,-0.313765,-0.2278026,-0.3272691,-0.32986963,-0.31323045,-0.31460756,-0.20411447,-0.308528,-0.31719932,-0.3179304,-0.3174741,-0.22803213,-0.31469622,-0.31584755,-0.31635833,-0.31663704,-0.22761467,-0.30183107,-0.3163241,-0.3145933,0.6666332,-0.22760063,-0.3141746,-0.31656635,-0.31630617,-0.31671178,-0.22662914,-0.19459927,-0.32411462,-0.31235826,-0.32943356,-0.20658675,-0.3082627,-0.31395772,0.6345849,-0.31900847,-0.22697379,-0.31372902,-0.31585622,-0.31597725,-0.3165961
k__Bacteria|p__Firmicutes|c__Clostridia|o__Clostridiales|f__Lachnospiraceae|g__[Ruminococcus]|s__unclassified,0.5275357,0.9807955,0.79147416,0.72564137,0.7293754,0.52812576,0.771493,0.60198945,0.72624826,0.7288103,0.52801836,-0.32539368,0.9605093,0.8846075,0.95454985,0.5272768,0.7331929,0.73347783,0.73071885,0.72741514,0.5260429,0.7283759,0.7327823,0.73263466,0.8571422,0.5279937,0.83204645,0.7345947,0.7315475,0.73432153,-0.23875734,0.7176399,0.86682695,0.73254395,0.7340294,0.5285131,-0.32432246,0.7341093,0.7311171,0.7276292,0.5282507,0.72979003,0.78192174,0.7322298,0.7269771,0.5274755,0.9732716,0.73457354,0.7305902,0.7281647,0.5281812,0.7422192,0.73587394,0.72657025,0.7295625,-0.20411447,0.7178176,0.73571336,0.73728013,0.73630476,0.52851105,0.72967935,0.7328571,0.73385435,0.7345073,0.5275061,1.0172048,0.73318744,0.7305356,0.63775307,0.5276445,0.72848547,0.73449385,0.73364425,0.7347261,0.5232719,-0.19459927,0.7181431,0.72524697,0.59364766,-0.20658675,0.7173339,0.7290852,0.36789384,0.73910224,0.5265782,0.7278187,0.73297524,0.7334761,0.7344542
k__Bacteria|p__Firmicutes|c__Clostridia|o__Clostridiales|f__Lachnospiraceae|g__unclassified|s__unclassified,0.71736735,1.2389882,1.891148,0.98389924,0.991006,0.7183778,1.17348,0.76329935,0.98459923,0.98973125,0.71814394,1.4326314,1.1089418,0.97571886,1.1040181,0.7166028,0.8979036,0.9946848,0.9897195,0.9869249,0.71419936,0.9888147,0.9941139,0.9938905,1.2175614,0.71853006,-0.32696477,0.9983305,0.99176216,0.9177442,-0.23875734,0.96641433,0.9365854,0.997223,0.9962057,0.7191107,1.053653,0.99701786,0.99077946,0.98737,0.7191949,0.99420244,0.8295339,0.9976226,0.98229086,0.71682715,0.950457,0.9974055,0.9904312,0.98854196,0.7182486,1.2882103,1.0307536,0.98595154,0.99164194,-0.20411447,0.9677494,0.9996497,1.0028431,1.0008879,0.7194346,0.9915196,0.9944067,0.9968388,0.9975642,0.7172474,1.160218,0.99607193,0.9898849,0.7492328,0.7178121,0.9900443,0.9971664,0.9960924,0.9978019,0.7124362,-0.19459927,1.0166116,0.9836354,1.5095416,-0.20658675,0.96678305,0.988859,0.8250112,1.0065303,0.71518165,0.98848367,0.9950458,0.9953909,0.9974032
k__Bacteria|p__Firmicutes|c__Clostridia|o__Clostridiales|f__Ruminococcaceae|g__Oscillospira|s__unclassified,0.56698674,0.9502168,0.90497357,0.77987564,0.7835448,0.5672159,0.7900617,0.7518455,0.7803394,0.78277254,0.5673199,0.8351009,1.0827847,1.0155997,0.94669306,0.56657267,0.7312103,0.78805834,0.7850855,0.7816398,0.5652483,0.7824336,0.7872007,0.7870841,0.9130451,0.5672945,0.99588954,0.78914267,0.786482,0.7575057,-0.23875734,0.7720436,0.88894343,0.7869543,0.78856015,0.5677401,0.7880705,0.78858536,0.7854438,0.78174746,0.5676672,0.7841689,1.2723318,0.78638756,0.7813792,0.5667561,1.0225657,0.78910947,0.7851449,0.78224033,0.5674534,-0.3272691,-0.32986963,0.78053606,0.78373134,-0.20411447,0.7715402,0.79045177,0.79184645,0.7909967,0.56798327,0.78386444,0.7873484,0.78842807,0.7890947,0.5667596,1.0412625,0.7877447,0.78562427,0.78727376,0.5672556,0.7825216,0.7889378,0.7881994,0.78928167,0.5624983,-0.19459927,0.7178395,0.7797674,0.5969644,1.9925946,0.7710751,0.7833568,0.3911323,0.79367375,0.56573004,0.7815143,0.787307,0.7882124,0.7889687
k__Bacteria|p__Firmicutes|c__Clostridia|o__Clostridiales|f__Lachnospiraceae|g__[Ruminococcus]|s__gnavus,0.33991224,-0.31904158,0.806819,0.46286213,0.46885526,0.34055328,0.811571,0.56377923,0.46395546,0.4677729,0.3407664,-0.32539368,0.9762156,0.8958812,0.9633803,0.33920574,0.7268346,0.46925056,0.46558362,0.4649354,0.3370523,0.46709916,0.46854448,0.46893072,0.84842783,0.34017664,-0.32696477,0.471545,0.4655229,0.7702896,-0.23875734,0.44920522,1.1911076,0.4741935,0.46994683,0.3414114,-0.32432246,0.47124308,0.46606797,0.46554,0.34023863,0.47070748,0.77539235,0.4741229,0.45893973,0.33948994,-0.31692833,0.471113,0.4652474,0.46693552,0.34109107,0.74739,-0.32986963,0.46498913,0.46896088,1.9708976,0.4490006,0.4736931,0.47577563,0.4740467,0.34136158,0.46952754,0.4684319,0.47095138,0.47086343,0.3391782,-0.30183107,0.4691191,0.46381456,-0.3320185,0.33931202,0.4684835,0.4714334,0.47050202,0.47112292,0.33219165,-0.19459927,0.71098256,0.4620849,0.58941036,-0.20658675,0.44875443,0.46753246,0.37754014,0.47956336,0.33815694,0.46745914,0.4694757,0.46905485,0.47095945
k__Bacteria|p__Firmicutes|c__Clostridia|o__Clostridiales|f__Lachnospiraceae|g__Roseburia|s__unclassified,-0.18848768,0.92708653,-0.32328734,-0.2584687,-0.2605865,-0.18880665,0.76636845,0.5492599,-0.2593419,-0.26028436,-0.18859161,0.7731912,0.9529938,-0.31570548,-0.3099353,-0.18792902,-0.3303013,-0.26138312,-0.26055294,-0.2599247,-0.18844146,-0.26028448,-0.26155776,-0.26113892,-0.3207198,-0.18908192,-0.32696477,-0.26249382,-0.26114202,-0.32445285,-0.23875734,-0.25618154,-0.32284898,-0.2612152,-0.26190966,-0.18894395,-0.32432246,-0.26201338,-0.26083118,-0.25997478,-0.1887842,-0.2607767,-0.3233376,-0.26113802,-0.25895575,-0.18782642,-0.31692833,-0.2627741,-0.2606682,-0.25999206,-0.18826184,0.95254993,0.8700137,-0.25959224,-0.2606263,-0.20411447,-0.2563386,-0.26261216,-0.26331565,-0.2627286,-0.18878776,-0.2602955,-0.26115674,-0.26172543,-0.26212388,-0.18855718,-0.30183107,-0.26201564,-0.26036742,0.6408962,-0.18892775,-0.2597242,-0.26236117,-0.261427,-0.26219404,-0.18543129,-0.19459927,1.0366831,-0.25800568,0.7718336,-0.20658675,-0.25541294,-0.25980067,0.38161686,-0.26355973,-0.18810743,-0.2593841,-0.26144218,-0.26143742,-0.26226705
k__Bacteria|p__Firmicutes|c__Clostridia|o__Clostridiales|f__Lachnospiraceae|g__Blautia|s__unclassified,0.8544371,1.050581,0.80265737,1.1751165,1.1811476,0.8552502,1.2036812,0.7061797,1.1760325,1.1800361,0.85517883,1.6596107,2.08668,2.124359,2.0149648,0.8537365,1.4460684,1.1874595,1.1831384,1.1778026,0.8521661,1.179646,1.1867819,1.1863513,1.4180987,0.85547256,1.4205129,1.1900694,1.1845701,0.82934415,1.7698197,1.1616355,1.2001874,1.1861072,1.1885277,0.85598606,0.77896345,1.1890595,1.184036,1.1781843,0.8556504,1.1829374,1.233585,1.1861305,1.1769657,0.85394496,1.3152405,1.1897243,1.1835432,1.179215,0.8551885,1.0491922,1.645816,1.1770239,1.1815833,1.9780451,1.1620861,1.1913636,1.1939001,1.1921763,0.8561309,1.1815416,1.1867757,1.188585,1.1895604,0.8543239,1.0739408,1.187988,1.1827374,0.73812413,0.8548567,1.1800838,1.1895769,1.1881466,1.1897191,0.8494643,-0.19459927,0.98990154,1.1745663,1.1051027,-0.20658675,1.1613357,1.1798853,0.9079134,1.1969573,0.8527701,1.1787034,1.187194,1.1875474,1.1894667
k__Bacteria|p__Firmicutes|c__Clostridia|o__Clostridiales|f__Peptostreptococcaceae|g__unclassified|s__unclassified,0.44435608,1.0513467,0.86202466,0.6079192,0.6136513,0.4451185,1.0144377,0.56908107,0.60876966,0.61243594,0.4453683,0.7744047,-0.31133458,0.8736006,-0.3099353,0.4438483,0.7324003,0.61556065,0.6107973,0.61044276,0.4416154,0.6119693,0.6142802,0.61411405,-0.3207198,0.4451772,-0.32696477,0.61774915,0.6121473,0.72921634,-0.23875734,0.5937161,0.89118433,0.6192706,0.6162828,0.44596773,0.7794878,0.61701345,0.6119137,0.6106276,0.44510633,0.6152884,0.82556885,0.6189019,0.6044285,0.444493,-0.31692833,0.6173879,0.61119306,0.6116868,0.44572932,0.7669025,0.7813725,0.60941684,0.61408544,-0.20411447,0.59354806,0.61939335,0.62184584,0.6200807,0.4461326,0.6142509,0.6146176,0.61646616,0.61729497,0.44427058,-0.30183107,0.6156275,0.6104971,-0.3320185,0.4444226,0.6125777,0.61740476,0.61608946,0.6174905,0.43980563,-0.19459927,0.7220824,0.60723495,0.5946137,-0.20658675,0.5930897,0.6130244,0.37159917,0.6252544,0.44272283,0.6114031,0.614961,0.61533797,0.6172819
k__Bacteria|p__Firmicutes|c__Clostridia|o__Clostridiales|f__Ruminococcaceae|g__Faecalibacterium|s__unclassified,-0.22865885,-0.31904158,-0.32328734,-0.31151563,-0.3148711,-0.2286745,-0.3258366,0.6803135,-0.3121524,-0.314399,-0.228623,-0.32539368,-0.31133458,-0.31570548,-0.3099353,-0.22780019,0.89588577,-0.31552112,-0.3133415,-0.3128693,-0.22750886,-0.3141493,-0.3150624,-0.31502175,-0.3207198,-0.22893165,-0.32696477,-0.31647748,-0.31357536,-0.32445285,-0.23875734,-0.3054391,-0.32284898,-0.3177404,-0.31606847,-0.2292785,-0.32432246,-0.31609643,-0.31320295,-0.3132351,-0.2290353,-0.31491137,-0.3233376,-0.31781578,-0.31007978,-0.22812805,-0.31692833,-0.3169651,-0.3133762,-0.3138763,-0.22882643,-0.3272691,0.7622514,-0.31218398,-0.31524885,-0.20411447,-0.30393475,-0.31785423,-0.3189864,-0.31855643,-0.22946626,-0.3150921,-0.315065,-0.31625664,-0.31669092,-0.22819665,1.070395,-0.3156481,-0.31234962,0.8247242,-0.22872484,-0.31459516,-0.31677395,-0.31577265,-0.3166641,-0.22639985,-0.19459927,0.86944336,-0.31084904,0.5943723,-0.20658675,-0.30442244,-0.31479448,0.53658414,-0.3208437,-0.22766012,-0.31364357,-0.31515682,-0.31558013,-0.31664777
k__Bacteria|p__Firmicutes|c__Clostridia|o__Clostridiales|f__Lachnospiraceae|g__Coprococcus|s__unclassified,0.44872886,-0.31904158,-0.32328734,0.61188054,0.61929405,0.4497042,0.7833493,0.55133224,0.6132778,0.61801267,0.44962037,0.76929826,0.98209476,0.87280977,-0.3099353,0.44796443,0.7268346,0.6207938,0.61516213,0.61520493,0.44597077,0.61774355,0.61952406,0.6189634,-0.3207198,0.44966182,-0.32696477,0.62270576,0.61613166,0.7589621,-0.23875734,0.596819,0.8702615,0.6253866,0.621439,0.45058995,0.8270289,0.6221287,0.61618507,0.61566937,0.449695,0.620456,-0.3233376,0.62506425,0.6074933,0.4484504,-0.31692833,0.6227245,0.61500883,0.6169275,0.44981116,0.75108594,0.7041426,0.61421096,0.6197292,-0.20411447,0.5967618,0.6251831,0.62820387,0.6259181,0.45055112,0.62014043,0.61947906,0.62118506,0.62260985,0.44872868,1.0286118,0.62010145,0.61363983,0.64595276,0.44885066,0.6180217,0.622862,0.62102747,0.62273073,0.44356772,-0.19459927,0.73021466,0.6110127,0.58977425,-0.20658675,0.5958557,0.61880606,0.3742667,0.6318834,0.44689623,0.61662817,0.6197154,0.62019956,0.6224084
k__Bacteria|p__Firmicutes|c__Erysipelotrichi|o__Erysipelotrichales|f__[Coprobacillaceae]|g__unclassified|s__unclassified,0.5808661,0.9569687,1.0068939,0.7938479,0.8017421,0.5817825,0.79340106,0.81311834,0.79561156,0.80032074,0.5816406,0.84045064,0.9939574,0.92558753,1.1449537,0.5795227,0.79799366,0.8048931,0.7985368,0.79782844,0.5778043,0.79993415,0.803043,0.80220664,0.86188734,0.5821147,-0.32696477,0.80707765,0.80017054,0.75155765,1.8848151,0.77880746,0.97230417,0.80755323,0.80540323,0.58284044,0.7798372,0.8063203,0.7991606,0.79788065,0.58119303,0.80292714,1.0362993,0.8076197,0.7899406,0.5802982,1.029868,0.80697286,0.7985376,0.7990788,0.5819138,0.79440355,-0.32986963,0.796245,0.8022398,2.016267,0.7774483,0.80873066,0.8121903,0.80963385,0.58278894,0.8026688,0.8023596,0.8049965,0.8059269,0.5809383,1.0188423,0.8036306,0.7970871,0.6228712,0.5810901,0.7996294,0.80697966,0.80466354,0.80651534,0.57316846,-0.19459927,0.72705996,0.7925057,0.6154559,-0.20658675,0.7760272,0.8005062,0.3937483,0.81606734,0.5785074,0.79792964,0.8026223,0.80346596,0.8061133
k__Bacteria|p__Bacteroidetes|c__Bacteroidia|o__Bacteroidales|f__[Odoribacteraceae]|g__Butyricimonas|s__unclassified,-0.23086785,-0.31904158,-0.32328734,-0.31712824,-0.31886438,-0.23111767,-0.3258366,-0.3327108,-0.31696472,-0.31840336,-0.23093557,-0.32539368,-0.31133458,-0.31570548,-0.3099353,-0.2305727,-0.3303013,-0.32024044,-0.31901205,-0.31773835,-0.22980654,-0.3181417,-0.3202591,-0.32007253,-0.3207198,-0.23126347,-0.32696477,-0.32150346,-0.31967628,-0.32445285,-0.23875734,-0.31157985,-0.32284898,-0.32065165,-0.32069358,-0.23135856,-0.32432246,-0.32110798,-0.31912667,-0.31773177,-0.23136234,-0.3204497,-0.3233376,-0.3210554,-0.3166378,-0.23073968,-0.31692833,-0.32101768,-0.31927007,-0.3181522,-0.23104936,-0.3272691,-0.32986963,-0.3175773,-0.31920403,-0.20411447,-0.3119427,-0.32165658,-0.32272676,-0.32200545,-0.23147088,-0.31913975,-0.32039648,-0.32104772,-0.32110405,-0.23090604,-0.30183107,-0.3209213,-0.3190905,0.737686,-0.23100857,-0.31881547,-0.3209005,-0.32098046,-0.3212196,-0.23114592,-0.19459927,-0.32411462,-0.31712863,-0.32943356,-0.20658675,-0.31192145,-0.3181123,-0.32690454,-0.3237677,-0.23010193,-0.31816757,-0.320427,-0.32073772,-0.3208844
k__Bacteria|p__Bacteroidetes|c__Bacteroidia|o__Bacteroidales|f__Bacteroidaceae|g__Bacteroides|s__caccae,-0.23171066,-0.31904158,-0.32328734,-0.32007092,-0.32070017,-0.23178947,-0.3258366,-0.3327108,-0.32007766,-0.32052594,-0.23186098,-0.32539368,-0.31133458,-0.31570548,-0.3099353,-0.23169741,-0.3303013,-0.32299703,-0.32241935,-0.32030955,-0.23132215,-0.32043734,-0.32284546,-0.32285875,-0.3207198,-0.23178302,-0.32696477,-0.32328248,-0.3226497,-0.32445285,-0.23875734,-0.31819826,-0.32284898,-0.32143027,-0.32308975,-0.23188555,-0.32432246,-0.32318258,-0.3226042,-0.32033175,-0.23185527,-0.3210113,-0.3233376,-0.32134467,-0.32168993,-0.23176461,-0.31692833,-0.32317796,-0.32250857,-0.32043856,-0.23188898,-0.3272691,-0.32986963,-0.32017845,-0.32073605,-0.20411447,-0.31827778,-0.3235163,-0.3237831,-0.32358146,-0.23194143,-0.32076186,-0.32295024,-0.32314956,-0.32325193,-0.23169616,-0.30183107,-0.32309246,-0.3225239,-0.3320185,-0.23173122,-0.32057807,-0.32320073,-0.3231127,-0.32326132,-0.23129976,-0.19459927,-0.32411462,-0.32006845,-0.32943356,-0.20658675,-0.31822175,-0.32062906,-0.32690454,-0.32418948,-0.23151004,-0.32042158,-0.32297736,-0.32302284,-0.32322735
k__Bacteria|p__Bacteroidetes|c__Bacteroidia|o__Bacteroidales|f__S24-7|g__unclassified|s__unclassified,-0.23066044,-0.31904158,-0.32328734,-0.3172816,-0.31897032,-0.2308668,-0.3258366,-0.3327108,-0.31729755,-0.3186617,-0.2308835,-0.32539368,-0.31133458,-0.31570548,-0.3099353,-0.23042661,-0.3303013,-0.32033858,-0.3190763,-0.31807083,-0.22972342,-0.31827965,-0.3201905,-0.32016462,-0.3207198,-0.23087215,-0.32696477,-0.3214094,-0.31989685,-0.32445285,-0.23875734,-0.31225282,-0.32284898,-0.32064217,-0.32087085,-0.23107937,-0.32432246,-0.32099387,-0.31938452,-0.3181065,-0.23119375,-0.31981707,-0.3233376,-0.3207044,-0.31738558,-0.2306673,-0.31692833,-0.32119,-0.31945434,-0.31831026,-0.23094597,-0.3272691,-0.32986963,-0.31760207,-0.31916526,-0.20411447,-0.3128189,-0.32158852,-0.32257766,-0.32200575,-0.2312353,-0.31900108,-0.32041854,-0.32105237,-0.32117814,-0.23065904,-0.30183107,-0.32087737,-0.31960094,1.227472,-0.2308204,-0.31856704,-0.32103372,-0.32078758,-0.32137585,-0.22929354,-0.19459927,-0.32411462,-0.3171029,-0.32943356,-0.20658675,-0.31263825,-0.3184575,-0.32690454,-0.323371,-0.23013982,-0.31831625,-0.3204432,-0.3207301,-0.3211313
k__Bacteria|p__Bacteroidetes|c__Bacteroidia|o__Bacteroidales|f__Prevotellaceae|g__Prevotella|s__stercorea,-0.23058698,-0.31904158,-0.32328734,-0.3154148,-0.31917524,-0.23078276,-0.3258366,-0.3327108,-0.3162117,-0.3185132,-0.23106614,-0.32539368,-0.31133458,-0.31570548,-0.3099353,-0.23003682,-0.3303013,-0.3207282,-0.316862,-0.3178375,-0.22940746,-0.31822035,-0.31946,-0.31873918,-0.3207198,-0.23081282,-0.32696477,-0.31992027,-0.31790748,-0.32445285,-0.23875734,-0.31022507,-0.32284898,-0.32154077,-0.3202918,-0.23100343,-0.32432246,-0.32041806,-0.3177123,-0.3177372,-0.23036653,-0.31793797,-0.3233376,-0.3210069,-0.3139758,-0.2308358,-0.31692833,-0.32087135,-0.31703758,-0.31740707,-0.23072429,-0.3272691,-0.32986963,-0.3159953,-0.31906068,-0.20411447,-0.31023526,-0.3220563,-0.32399023,-0.3221079,-0.2312518,-0.31892705,-0.31920707,-0.31944877,-0.3207249,-0.23136614,-0.30183107,-0.31951797,-0.31650752,-0.3320185,-0.2310963,-0.31704634,-0.32116506,-0.31943575,-0.32089758,-0.23127593,-0.19459927,-0.32411462,-0.3150722,-0.32943356,-0.20658675,-0.30895722,-0.32006758,-0.32690454,-0.32413128,-0.2301165,-0.31692913,-0.31858987,-0.31934893,-0.32051915
k__Bacteria|p__Bacteroidetes|c__Bacteroidia|o__Bacteroidales|f__[Paraprevotellaceae]|g__[Prevotella]|s__unclassified,-0.23129463,-0.31904158,-0.32328734,-0.31635815,-0.31886303,-0.23184407,-0.3258366,-0.3327108,-0.31762898,-0.31858227,-0.23134306,-0.32539368,-0.31133458,-0.31570548,-0.3099353,-0.23076907,-0.3303013,-0.32095784,-0.3188048,-0.3180644,-0.23074733,-0.31892228,-0.32027557,-0.31962377,-0.3207198,-0.23237011,-0.32696477,-0.3219428,-0.31940156,-0.32445285,-0.23875734,-0.31263173,-0.32284898,-0.32035178,-0.32098275,-0.23207512,-0.32432246,-0.32146066,-0.31924105,-0.31790066,-0.23136121,-0.31973094,-0.3233376,-0.3208425,-0.31580943,-0.23096567,-0.31692833,-0.32165888,-0.318942,-0.31842434,-0.23159845,-0.3272691,-0.32986963,-0.31773794,-0.3194725,-0.20411447,-0.31211597,-0.3214564,-0.32249755,-0.32200527,-0.23187876,-0.3195749,-0.319865,-0.32070646,-0.32109278,-0.23170559,-0.30183107,-0.32061502,-0.31803942,-0.3320185,-0.23147565,-0.31858516,-0.3213222,-0.3205003,-0.32107693,-0.23133412,-0.19459927,-0.32411462,-0.31598994,-0.32943356,-0.20658675,-0.31113088,-0.31785247,-0.32690454,-0.32387304,-0.23048493,-0.31800902,-0.32034022,-0.3202145,-0.32136348
k__Bacteria|p__Bacteroidetes|c__Bacteroidia|o__Bacteroidales|f__[Barnesiellaceae]|g__unclassified|s__unclassified,-0.23068736,-0.31904158,-0.32328734,-0.31517577,-0.31806177,-0.23089617,-0.3258366,-0.3327108,-0.31582046,-0.3175841,-0.23069015,-0.32539368,-0.31133458,-0.31570548,-0.3099353,-0.23030263,-0.3303013,-0.3191889,-0.3170622,-0.31666264,-0.23019376,-0.31770718,-0.31885415,-0.3187282,0.8505346,-0.23121709,-0.32696477,-0.32005385,-0.317749,-0.32445285,-0.23875734,-0.3111129,-0.32284898,-0.32013863,-0.31967202,-0.23112446,-0.32432246,-0.3197317,-0.3170649,-0.31674632,-0.23122892,-0.31825697,-0.3233376,-0.32063285,-0.3147035,-0.23012249,-0.31692833,-0.32026047,-0.3175254,-0.31719568,-0.23086308,-0.3272691,-0.32986963,-0.31571507,-0.31836447,-0.20411447,-0.3099413,-0.3205107,-0.32189718,-0.32122666,-0.23130414,-0.3179472,-0.3188217,-0.31979677,-0.32011396,-0.23049921,-0.30183107,-0.3192811,-0.31677622,1.1638598,-0.23096646,-0.31755745,-0.32007357,-0.3190642,-0.31996232,-0.22986153,-0.19459927,-0.32411462,-0.31538057,-0.32943356,-0.20658675,-0.3095389,-0.31756115,0.37139368,-0.32293808,-0.22988726,-0.31713545,-0.31904155,-0.31925392,-0.32018477
k__Bacteria|p__Bacteroidetes|c__Bacteroidia|o__Bacteroidales|f__[Paraprevotellaceae]|g__Paraprevotella|s__unclassified,-0.23070621,-0.31904158,-0.32328734,-0.31537354,-0.31860387,-0.23105486,-0.3258366,-0.3327108,-0.31585267,-0.31798732,-0.23093629,-0.32539368,-0.31133458,-0.31570548,-0.3099353,-0.23032191,-0.3303013,-0.31974775,-0.31726187,-0.31671017,-0.22918856,-0.31780812,-0.31916958,-0.3188992,-0.3207198,-0.23094288,-0.32696477,-0.32060844,-0.3181724,0.922443,-0.23875734,-0.3089276,-0.32284898,-0.32087785,-0.31993145,-0.23139885,-0.32432246,-0.32030365,-0.31772774,-0.31690127,-0.231115,-0.3195913,-0.3233376,-0.3207504,-0.31399482,-0.23028138,-0.31692833,-0.32013643,-0.31708783,-0.31751683,-0.23098713,-0.3272691,-0.32986963,-0.3166112,-0.3185807,-0.20411447,-0.3094139,-0.3213325,-0.32246548,-0.32162565,-0.23139723,-0.3192131,-0.31887424,-0.3197232,-0.3202242,-0.23060384,-0.30183107,-0.31896806,-0.31732082,-0.3320185,-0.23076536,-0.3179298,-0.32024974,-0.31988192,-0.32048684,-0.22568867,-0.19459927,-0.32411462,-0.31509367,-0.32943356,-0.20658675,-0.30849236,-0.31769136,0.5424901,-0.3242656,-0.22958335,-0.3171414,-0.31888318,-0.31933206,-0.32011595
k__Bacteria|p__Bacteroidetes|c__Bacteroidia|o__Bacteroidales|f__Bacteroidaceae|g__Bacteroides|s__plebeius,-0.23122868,-0.31904158,-0.32328734,-0.31608927,-0.3190358,-0.23150295,-0.3258366,-0.3327108,-0.31642362,-0.31857735,-0.23133685,-0.32539368,-0.31133458,-0.31570548,-0.3099353,-0.23082957,-0.3303013,-0.31973282,-0.31844133,-0.3172878,-0.23013842,-0.31803918,-0.31979007,-0.31989485,-0.3207198,-0.23141998,-0.32696477,-0.32106426,-0.31861073,-0.32445285,-0.23875734,-0.30984432,-0.32284898,-0.32138547,-0.3203063,-0.23174581,-0.32432246,-0.3207125,-0.31830618,-0.31763655,-0.23191364,-0.32013506,-0.3233376,-0.32159573,-0.31554794,-0.23072186,-0.31692833,-0.32100534,-0.31834215,-0.31810254,-0.23136131,-0.3272691,-0.32986963,-0.31679642,-0.31923226,-0.20411447,-0.31031477,-0.32194555,-0.32316798,-0.32254153,-0.23186572,-0.31896406,-0.31979573,-0.32105032,-0.32095563,-0.23097166,-0.30183107,-0.32053977,-0.31781223,-0.3320185,-0.23123473,-0.31878167,-0.32075953,-0.32043558,-0.32100078,-0.23023832,-0.19459927,-0.32411462,-0.31641838,-0.32943356,-0.20658675,-0.30992377,-0.3180326,0.38628465,-0.32426298,-0.23042199,-0.318345,-0.32055187,-0.3202607,-0.320878
k__Bacteria|p__Bacteroidetes|c__Bacteroidia|o__Bacteroidales|f__Prevotellaceae|g__Prevotella|s__copri,-0.23035374,-0.31904158,-0.32328734,-0.3138262,-0.3179546,-0.23062903,-0.3258366,-0.3327108,-0.31486127,-0.3171469,-0.23058401,-0.32539368,-0.31133458,-0.31570548,-0.3099353,-0.2298104,-0.3303013,-0.3187384,-0.31630674,-0.31547588,-0.22920783,-0.31690857,-0.31824785,-0.31825614,-0.3207198,-0.2305797,-0.32696477,-0.319252,-0.31582248,1.1989132,-0.23875734,-0.308159,-0.32284898,-0.32072908,-0.31872278,-0.23100673,-0.32432246,-0.31958717,-0.3161795,-0.3158375,-0.2300072,-0.31806308,-0.3233376,-0.32092118,-0.31242806,-0.22967687,-0.31692833,-0.3196231,-0.31590077,-0.31658548,-0.23076597,-0.3272691,-0.32986963,-0.3149627,-0.31784588,-0.20411447,-0.30675694,-0.32112807,-0.3224488,-0.3213395,-0.23095906,-0.3178146,-0.31767473,-0.31942984,-0.31934464,-0.22993657,-0.30183107,-0.3182727,-0.31438732,-0.3320185,-0.2300812,-0.31731552,-0.31980455,-0.31871706,-0.319259,-0.22765206,-0.19459927,-0.32411462,-0.31408298,-0.32943356,-0.20658675,-0.30616963,-0.31726566,-0.32690454,-0.32410544,-0.2293495,-0.31677133,-0.31856692,-0.31806248,-0.31945297
k__Bacteria|p__Bacteroidetes|c__Bacteroidia|o__Bacteroidales|f__Bacteroidaceae|g__Bacteroides|s__ovatus,-0.22997817,-0.31904158,-0.32328734,-0.3144257,-0.31843767,-0.23041803,-0.3258366,-0.3327108,-0.3139233,-0.3173918,-0.23073211,-0.32539368,-0.31133458,-0.31570548,-0.3099353,-0.2297999,-0.3303013,-0.31766242,-0.31480306,-0.31589943,-0.22764534,-0.31620175,-0.31747139,-0.31781116,-0.3207198,-0.23003784,-0.32696477,-0.31968325,-0.31677994,-0.32445285,-0.23875734,-0.30241436,-0.32284898,-0.32242298,-0.31868073,-0.23072287,0.7730607,-0.3190487,-0.3157302,-0.31617165,-0.23124829,-0.32043886,0.79485404,-0.32210037,-0.31111097,-0.23006433,-0.31692833,-0.31912094,-0.31563184,-0.31639448,-0.23066619,-0.3272691,-0.32986963,-0.31484246,-0.31832895,-0.20411447,-0.30430278,-0.32119495,-0.32335418,-0.32182026,-0.2312443,-0.31804347,-0.31819594,-0.3194114,-0.31990808,-0.2300323,-0.30183107,-0.31933826,-0.31634265,-0.3320185,-0.23028277,-0.31713015,-0.3191046,-0.31896052,-0.32015032,-0.22730903,-0.19459927,-0.32411462,-0.31460088,-0.32943356,-0.20658675,-0.30378547,-0.31734443,-0.32690454,-0.32477057,-0.22894773,-0.31666183,-0.31815988,-0.3186298,-0.3195096
k__Bacteria|p__Bacteroidetes|c__Bacteroidia|o__Bacteroidales|f__Prevotellaceae|g__Prevotella|s__unclassified,-0.22997138,-0.31904158,-0.32328734,-0.31469232,-0.31798977,-0.23075283,-0.3258366,-0.3327108,-0.31489116,-0.31738502,-0.23082507,-0.32539368,-0.31133458,0.8628709,-0.3099353,-0.2297025,-0.3303013,-0.31885237,-0.31589466,-0.3161648,-0.22884099,-0.31669164,-0.31810868,-0.31762084,-0.3207198,-0.23074913,-0.32696477,-0.31982887,-0.31642446,1.6824191,-0.23875734,-0.3067559,-0.32284898,-0.32024187,-0.3192193,-0.23104922,-0.32432246,-0.31953233,-0.3166331,-0.3162856,-0.23022994,-0.31802103,-0.3233376,-0.3205393,-0.3126427,-0.23023969,-0.31692833,-0.3198536,-0.31630942,-0.3165523,-0.23071551,-0.3272691,-0.32986963,-0.3152997,-0.3179567,-0.20411447,-0.3074559,-0.32043612,-0.3222348,-0.3208629,-0.23103482,-0.31768984,-0.31787658,-0.31891403,-0.319552,-0.2303749,-0.30183107,-0.31904864,-0.31515473,-0.3320185,-0.2302636,-0.3165775,-0.3201577,-0.31864873,-0.31990987,-0.22778958,-0.19459927,-0.32411462,-0.3137504,-0.32943356,-0.20658675,-0.30696172,-0.31749418,-0.32690454,-0.32369602,-0.2295312,-0.3161663,-0.31784603,-0.317792,-0.31967837
k__Bacteria|p__Bacteroidetes|c__Bacteroidia|o__Bacteroidales|f__Porphyromonadaceae|g__Dysgonomonas|s__unclassified,-0.23135501,-0.31904158,-0.32328734,-0.3163975,-0.31934518,-0.23162833,-0.3258366,-0.3327108,-0.31653458,-0.31857407,-0.23149264,-0.32539368,-0.31133458,-0.31570548,-0.3099353,-0.2305876,-0.3303013,-0.31972542,-0.3179143,-0.31774035,-0.22988752,-0.31772605,-0.3199381,-0.31937307,-0.3207198,-0.23200963,1.4484599,-0.32113937,-0.3190276,-0.32445285,-0.23875734,-0.30904353,-0.32284898,-0.32165438,-0.32030708,-0.23192859,-0.32432246,-0.32096,-0.3184659,-0.3177963,-0.23132268,-0.3207506,-0.3233376,-0.32177803,-0.31499872,-0.23119596,-0.31692833,-0.32117462,-0.31840783,-0.31790483,-0.23138924,-0.3272691,-0.32986963,-0.31715447,-0.31954283,-0.20411447,-0.30955857,-0.32243213,-0.3238194,-0.32258368,-0.23215213,-0.31883818,-0.3197829,-0.32092363,-0.321223,-0.23173228,-0.30183107,-0.3213875,-0.31825355,-0.3320185,-0.23186567,-0.31844985,-0.3208278,-0.3204785,-0.32133925,-0.23219472,-0.19459927,-0.32411462,-0.31653136,-0.32943356,-0.20658675,-0.30937696,-0.31845778,-0.32690454,-0.32439142,-0.23052442,-0.31758344,-0.31985736,-0.32031238,-0.32090196
k__Bacteria|p__Bacteroidetes|c__Bacteroidia|o__Bacteroidales|f__Bacteroidaceae|g__Bacteroides|s__uniformis,-0.23015933,-0.31904158,-0.32328734,-0.3159334,-0.3179198,-0.2305355,-0.3258366,-0.3327108,-0.31628552,-0.31741583,-0.23045142,-0.32539368,-0.31133458,-0.31570548,-0.3099353,-0.22997876,0.76937085,-0.31952673,-0.31781363,-0.31692344,-0.22912472,-0.31733215,-0.31894416,-0.31886622,1.1340897,-0.23070562,-0.32696477,-0.32058644,-0.318326,-0.32445285,-0.23875734,-0.31025743,-0.32284898,-0.3202758,-0.31976718,-0.23086321,-0.32432246,-0.3201834,-0.31818125,-0.31679586,-0.2304009,-0.3188985,-0.3233376,-0.32024947,-0.31499776,-0.23028123,-0.31692833,-0.32034445,-0.3179277,-0.31732547,-0.2308085,-0.3272691,-0.32986963,-0.31645542,-0.31833035,-0.20411447,-0.3098711,-0.3208753,-0.32174408,-0.32127154,-0.23086055,-0.31835067,-0.3192234,-0.31993356,-0.32018834,-0.23020822,1.0639361,-0.3197512,-0.31761688,0.6174492,-0.23014703,-0.31776118,-0.32011953,-0.31981155,-0.3202171,-0.22983006,2.3754787,0.7678925,-0.31557798,-0.32943356,-0.20658675,-0.3098092,-0.31763577,-0.32690454,-0.32331923,-0.22942176,-0.3171652,-0.3194634,-0.31961635,-0.32018232
k__Bacteria|p__Bacteroidetes|c__Bacteroidia|o__Bacteroidales|f__Porphyromonadaceae|g__Parabacteroides|s__distasonis,-0.22918107,-0.31904158,-0.32328734,-0.31455082,-0.31683812,-0.22967348,-0.3258366,-0.3327108,-0.31492913,-0.3163658,-0.22959909,-0.32539368,-0.31133458,-0.31570548,-0.3099353,-0.22920935,0.7666929,-0.31779134,-0.3164415,-0.31559438,-0.22862054,-0.31599897,-0.3176726,-0.31790805,0.95623654,-0.22972089,-0.32696477,-0.31893468,-0.31714216,-0.32445285,-0.23875734,-0.3100235,-0.32284898,-0.3186186,-0.31832576,-0.22968991,-0.32432246,-0.31846666,-0.3169864,-0.31579083,-0.22981697,-0.31742546,-0.3233376,-0.31850517,-0.3144125,-0.22890037,-0.31692833,-0.3187644,-0.31673673,-0.31594098,-0.2295017,0.7525342,0.6777574,-0.31514704,-0.31676954,-0.20411447,-0.31023288,-0.31963432,-0.32024837,-0.31993943,-0.22978246,-0.3165345,-0.31783435,-0.31858575,-0.31901142,-0.22917673,1.1381961,-0.3188054,-0.3166336,0.8602412,-0.22942297,-0.31626803,-0.31866688,-0.31817597,-0.31880856,-0.22692877,-0.19459927,-0.32411462,-0.3145854,-0.32943356,-0.20658675,-0.30977648,-0.3161028,0.47589296,-0.3212604,-0.22867882,-0.3157956,-0.31825334,-0.3180334,-0.31906456
k__Bacteria|p__Bacteroidetes|c__Bacteroidia|o__Bacteroidales|f__Porphyromonadaceae|g__Parabacteroides|s__unclassified,-0.23006356,-0.31904158,-0.32328734,-0.31499112,-0.3173867,-0.23044759,-0.3258366,-0.3327108,-0.31560135,-0.31735164,-0.22992764,-0.32539368,-0.31133458,-0.31570548,-0.3099353,-0.2297689,-0.3303013,-0.31886572,-0.31740537,-0.31611168,-0.22911161,-0.31686923,-0.31872356,-0.31896472,-0.3207198,-0.23038433,-0.32696477,-0.3196902,-0.317758,-0.32445285,-0.23875734,-0.31073177,-0.32284898,-0.31914604,-0.31914902,-0.23033425,-0.32432246,-0.31952685,-0.3177982,-0.3163619,-0.23073705,-0.31844223,-0.3233376,-0.3197212,-0.31518584,-0.22967905,-0.31692833,-0.31928343,-0.31745633,-0.3165904,-0.23001224,0.75319177,0.68378663,-0.3159221,-0.31768453,-0.20411447,-0.31153965,-0.32025546,-0.3209778,-0.3209005,-0.23042592,-0.31786388,-0.31885734,-0.3195786,-0.3196803,-0.23018436,-0.30183107,-0.31929305,-0.3171112,-0.3320185,-0.23002692,-0.3176291,-0.3192265,-0.31923226,-0.31953806,-0.2300373,-0.19459927,-0.32411462,-0.31493008,0.60958767,-0.20658675,-0.31084746,-0.31631726,0.73031306,-0.32220078,-0.22931398,-0.31737155,-0.3192655,-0.31899238,-0.3196862
k__Bacteria|p__Bacteroidetes|c__Bacteroidia|o__Bacteroidales|f__Bacteroidaceae|g__unclassified|s__unclassified,-0.22836034,-0.31904158,-0.32328734,-0.3131168,-0.31505105,-0.22866121,-0.3258366,-0.3327108,-0.3135534,-0.31502295,-0.22797123,-0.32539368,-0.31133458,-0.31570548,-0.3099353,-0.22810683,0.8196625,-0.31714618,-0.31516254,-0.31440803,-0.22821666,-0.31507257,-0.31649733,-0.3162125,0.8685756,-0.22894892,-0.32696477,-0.31724572,-0.31599617,0.7341672,-0.23875734,-0.3107839,-0.32284898,-0.3164018,-0.31735045,-0.22859563,1.5476712,-0.31691307,-0.31528533,-0.3143162,-0.22904444,-0.3145013,1.1875713,-0.3170425,-0.31368577,-0.22808412,-0.31692833,-0.3174904,-0.31542432,-0.31455418,-0.22830579,-0.3272691,-0.32986963,-0.31328398,-0.3155414,-0.20411447,-0.31024814,-0.31714094,-0.31808096,-0.31824788,-0.22869891,-0.3153845,-0.3166631,-0.3167401,-0.3175649,-0.22862074,1.0520985,-0.31667185,-0.31525546,0.6204103,-0.22875242,-0.31476152,-0.31715435,-0.31646013,-0.31748897,-0.22930413,-0.19459927,-0.32411462,-0.31262898,-0.32943356,-0.20658675,-0.30987912,-0.3150171,0.46603313,-0.31909555,-0.22781637,-0.31440964,-0.3162454,-0.3169819,-0.31749934
k__Bacteria|p__Bacteroidetes|c__Bacteroidia|o__Bacteroidales|f__Bacteroidaceae|g__Bacteroides|s__unclassified,0.41038382,-0.31904158,0.83480275,0.5586582,0.56616384,0.41117918,-0.3258366,1.3182436,0.5595013,0.56433195,0.41193664,-0.32539368,-0.31133458,-0.31570548,-0.3099353,0.4097463,1.1180588,0.5660943,0.5609552,0.5615281,0.40649334,0.56328917,0.5651989,0.5651448,1.7164755,0.41115582,-0.32696477,0.5696305,0.56226945,1.4904224,-0.23875734,0.54024285,-0.32284898,0.5729617,0.56724536,0.41234922,1.3316351,0.5687816,0.5617854,0.5620716,0.41121233,0.56944835,1.815413,0.5724441,0.5526276,0.40999398,-0.31692833,0.5687323,0.56118435,0.5633879,0.41182333,1.4937221,0.86421937,0.5607103,0.5662195,1.9715303,0.5404984,0.57212377,0.5751463,0.57232594,0.41265512,0.56625843,0.5649345,0.56851566,0.5683826,0.4096562,2.3366919,0.5668409,0.56038,1.106891,0.41042036,0.5645918,0.56903696,0.5675715,0.56881213,0.40134412,2.533062,2.005598,0.55928135,1.5649502,-0.20658675,0.5394261,0.5642065,1.2197609,0.5789285,0.40801296,0.56284803,0.56644046,0.56613094,0.5685247
k__Bacteria|p__Bacteroidetes|c__Bacteroidia|o__Bacteroidales|f__Rikenellaceae|g__unclassified|s__unclassified,-0.22899997,-0.31904158,-0.32328734,-0.31275097,-0.31647825,-0.22972956,-0.3258366,-0.3327108,-0.3140296,-0.315656,-0.22977203,-0.32539368,-0.31133458,-0.31570548,1.808439,-0.22904268,0.71237886,-0.3173068,-0.3144104,-0.3151573,-0.22829795,-0.3158501,-0.31668827,-0.31624794,0.9525374,-0.2300776,-0.32696477,-0.31865633,-0.31547275,-0.32445285,-0.23875734,-0.30648625,-0.32284898,-0.31933802,-0.3177175,-0.22990069,-0.32432246,-0.31821138,-0.31567788,-0.3150962,-0.22962138,-0.31713396,-0.3233376,-0.3189397,-0.31125832,-0.22878724,-0.31692833,-0.31873065,-0.3148862,-0.31543288,-0.2296291,-0.3272691,-0.32986963,-0.314081,-0.31665063,-0.20411447,-0.30689877,-0.3193436,-0.320642,-0.31957108,-0.2299106,-0.3161513,-0.31670952,-0.3176511,-0.3184604,-0.22920212,1.1858615,-0.31773382,-0.31463265,1.2075365,-0.22956675,-0.31534612,-0.3183977,-0.31690776,-0.31821468,-0.22735512,-0.19459927,-0.32411462,-0.31328136,-0.32943356,-0.20658675,-0.30515057,-0.31586385,0.6093112,-0.32181805,-0.2282776,-0.3149784,-0.31757528,-0.317159,-0.31868678
k__Bacteria|p__Bacteroidetes|c__Bacteroidia|o__Bacteroidales|f__Bacteroidaceae|g__Bacteroides|s__fragilis,-0.22958331,-0.31904158,-0.32328734,-0.31535506,-0.31740177,-0.22980674,-0.3258366,-0.3327108,-0.31589818,-0.3169723,-0.22979143,-0.32539368,-0.31133458,-0.31570548,-0.3099353,-0.22946239,0.76515937,-0.31921977,-0.3174495,-0.3164307,-0.22867629,-0.3168562,-0.3186255,-0.31868425,0.868007,-0.22987248,-0.32696477,-0.319599,-0.31796688,-0.32445285,-0.23875734,-0.31145072,-0.32284898,-0.31935018,-0.31916773,-0.22992072,1.4842417,-0.31955564,-0.3180514,-0.31643015,-0.2297352,-0.3179273,-0.3233376,-0.31914008,-0.31530744,-0.22952113,-0.31692833,-0.31949466,-0.31750742,-0.31666052,-0.22989155,-0.3272691,-0.32986963,-0.31596005,-0.3175148,-0.20411447,-0.3113544,-0.32047984,-0.3209839,-0.3206628,-0.23003006,-0.31766874,-0.31878555,-0.3192935,-0.31968254,-0.2296707,1.125391,-0.31916648,-0.3174433,-0.3320185,-0.2296255,-0.31710136,-0.3194647,-0.3191538,-0.31953233,-0.22920164,-0.19459927,-0.32411462,-0.31537667,0.7368577,-0.20658675,-0.31076372,-0.3171752,0.38891336,-0.3221041,-0.2289401,-0.3166969,-0.31903374,-0.31901085,-0.31966543
k__Bacteria|p__Proteobacteria|c__Gammaproteobacteria|o__Enterobacteriales|f__Enterobacteriaceae|g__Trabulsiella|s__unclassified,-0.23052767,-0.31904158,0.7766038,-0.314309,-0.31860524,-0.23110752,-0.3258366,-0.3327108,-0.31391835,-0.31760988,-0.23096637,-0.32539368,-0.31133458,-0.31570548,-0.3099353,-0.2301214,-0.3303013,-0.31879568,-0.3154434,-0.31517422,-0.2281314,-0.31676757,-0.3181879,-0.31819314,-0.3207198,-0.23062643,-0.32696477,-0.31980485,-0.31583875,-0.32445285,1.7657133,-0.30338836,-0.32284898,-0.32216012,-0.3189683,-0.23154703,-0.32432246,-0.31972387,-0.31587675,-0.31567678,-0.23105398,-0.3202101,-0.3233376,-0.32253227,-0.31047058,-0.2303636,-0.31692833,-0.31905463,-0.3152468,-0.3165965,-0.23118317,-0.3272691,-0.32986963,-0.31525892,-0.31845397,-0.20411447,-0.30401742,-0.3216266,-0.3234321,-0.3220899,-0.2316086,-0.31929955,-0.31816196,-0.31927317,-0.3198614,-0.23046368,-0.30183107,-0.31859797,-0.31437415,-0.3320185,-0.23023623,-0.31808215,-0.31976318,-0.3196445,-0.32007942,-0.22729635,-0.19459927,-0.32411462,-0.31356663,-0.32943356,1.9908922,-0.30395272,-0.31761226,-0.32690454,-0.32629472,-0.22922921,-0.3169542,-0.31782633,-0.31811154,-0.31941634
k__Bacteria|p__Proteobacteria|c__Gammaproteobacteria|o__Enterobacteriales|f__Enterobacteriaceae|g__Klebsiella|s__unclassified,-0.22997819,-0.31904158,-0.32328734,-0.31453663,-0.3179564,-0.23079611,-0.3258366,-0.3327108,-0.3149955,-0.3174647,-0.23043257,-0.32539368,-0.31133458,-0.31570548,-0.3099353,-0.23002414,-0.3303013,-0.31847095,-0.31596527,-0.31655154,-0.22887716,-0.31691062,-0.31800205,-0.3179732,-0.3207198,-0.23068279,0.7375115,-0.31977832,-0.3174979,-0.32445285,1.7651765,-0.30720925,-0.32284898,-0.32084155,-0.31927127,-0.23082441,-0.32432246,-0.3191021,-0.31643948,-0.3165472,-0.23115325,-0.31850445,-0.3233376,-0.32064852,-0.31276715,-0.2300358,-0.31692833,-0.31967717,-0.31619602,-0.31665957,-0.23056176,-0.3272691,-0.32986963,-0.31511936,-0.31820595,-0.20411447,-0.30784005,-0.32051873,-0.32234657,-0.3213304,-0.23088206,-0.31790188,-0.31841958,-0.31910157,-0.31986636,-0.23035675,-0.30183107,-0.3189778,-0.3166885,-0.3320185,-0.23036394,-0.31677514,-0.31935167,-0.3187092,-0.31996515,-0.22762313,2.1397495,-0.32411462,-0.31455123,-0.32943356,1.9915736,-0.30702475,-0.31755117,-0.32690454,-0.32335258,-0.22921373,-0.31642446,-0.31842342,-0.31909627,-0.31975538
k__Bacteria|p__Proteobacteria|c__Gammaproteobacteria|o__Pseudomonadales|f__Moraxellaceae|g__Acinetobacter|s__unclassified,-0.23143259,-0.31904158,-0.32328734,-0.3157054,-0.31892693,-0.23171999,-0.3258366,-0.3327108,-0.31701672,-0.31828707,-0.23156726,-0.32539368,-0.31133458,-0.31570548,-0.3099353,-0.23071942,-0.3303013,-0.31995386,-0.31809017,-0.31727296,-0.2303615,-0.31856278,-0.31960005,-0.31955338,-0.3207198,-0.23220482,-0.32696477,-0.32176158,-0.31842062,-0.32445285,-0.23875734,-0.3097343,-0.32284898,-0.32149667,-0.3202068,-0.2321493,-0.32432246,-0.3211679,-0.31887132,-0.31743252,-0.23170856,-0.32078308,-0.3233376,-0.32160366,-0.31431258,-0.23057088,-0.31692833,-0.32133475,-0.31821156,-0.3182644,-0.2315949,-0.3272691,-0.32986963,-0.3176378,-0.31934536,-0.20411447,-0.30948287,-0.3221494,-0.3225684,-0.3224096,-0.23214065,-0.3196305,-0.3194635,-0.3206882,-0.32099319,-0.23117709,-0.30183107,-0.3206033,-0.31722862,-0.3320185,-0.23147514,-0.3192,-0.32097685,-0.32044476,-0.3207001,-0.22956662,-0.19459927,-0.32411462,-0.31519938,-0.32943356,-0.20658675,-0.3086714,-0.31743187,-0.32690454,-0.32493675,-0.23020881,-0.31815362,-0.3204789,-0.31977254,-0.321171
k__Bacteria|p__Proteobacteria|c__Gammaproteobacteria|o__Aeromonadales|f__unclassified|g__unclassified|s__unclassified,-0.23052652,-0.31904158,0.7928789,-0.31543592,-0.31845042,-0.23123509,-0.3258366,-0.3327108,-0.3165356,-0.31803292,-0.23079753,-0.32539368,-0.31133458,-0.31570548,-0.3099353,-0.23017097,-0.3303013,-0.3202324,-0.31720644,-0.3175364,-0.22981218,-0.31817853,-0.31932843,-0.31880555,-0.3207198,-0.23158212,-0.32696477,-0.3209191,-0.31809786,-0.32445285,-0.23875734,-0.31073996,-0.32284898,-0.32048172,-0.32026684,-0.23130196,-0.32432246,-0.320767,-0.31802648,-0.31718147,-0.23069544,-0.3188597,-0.3233376,-0.3210557,-0.31408405,-0.23053652,-0.31692833,-0.32086542,-0.31768847,-0.31741315,-0.23102453,-0.3272691,-0.32986963,-0.31650075,-0.31892636,-0.20411447,-0.31032574,-0.3209539,-0.3225733,-0.32148597,-0.23117766,-0.3188533,-0.31928748,-0.31986758,-0.3204912,-0.23116532,-0.30183107,-0.31987786,-0.3167283,-0.3320185,-0.23078951,-0.31765306,-0.3207789,-0.3195894,-0.32046998,-0.23113823,-0.19459927,-0.32411462,-0.31481218,-0.32943356,-0.20658675,-0.30908602,-0.31798446,-0.32690454,-0.32380238,-0.2297906,-0.3174554,-0.31926477,-0.31939614,-0.32070738
k__Bacteria|p__Proteobacteria|c__Gammaproteobacteria|o__Enterobacteriales|f__Enterobacteriaceae|g__Erwinia|s__unclassified,-0.23059405,-0.31904158,-0.32328734,-0.31728506,-0.31901097,-0.23065495,-0.3258366,-0.3327108,-0.31770468,-0.31860828,-0.23107374,-0.32539368,-0.31133458,-0.31570548,-0.3099353,-0.2304278,-0.3303013,-0.32082918,-0.3190311,-0.31818384,-0.22986378,-0.31866586,-0.32031167,-0.31989235,-0.3207198,-0.2307896,0.73610276,-0.32108167,-0.31965375,-0.32445285,-0.23875734,-0.31361446,-0.32284898,-0.32065505,-0.32101572,-0.23107685,-0.32432246,-0.32094052,-0.3197058,-0.31829736,-0.23067188,-0.31876355,-0.3233376,-0.31996685,-0.3177595,-0.23080546,-0.31692833,-0.32139018,-0.31928158,-0.31850135,-0.23102178,-0.3272691,-0.32986963,-0.31771207,-0.319045,-0.20411447,-0.313466,-0.32196125,-0.3226078,-0.321918,-0.23119175,-0.31894216,-0.3203073,-0.32064047,-0.32129127,-0.23055148,-0.30183107,-0.32045096,-0.31938413,-0.3320185,-0.23086217,-0.31828088,-0.3214082,-0.32048965,-0.32135066,-0.22841093,-0.19459927,-0.32411462,-0.31726375,-0.32943356,-0.20658675,-0.3132826,-0.31950307,-0.32690454,-0.32324553,-0.23031026,-0.3179567,-0.3201911,-0.32057512,-0.32129386
k__Bacteria|p__Proteobacteria|c__Gammaproteobacteria|o__Enterobacteriales|f__Enterobacteriaceae|g__Citrobacter|s__unclassified,-0.2310203,-0.31904158,1.1223614,-0.3165624,-0.31887162,-0.23165986,-0.3258366,-0.3327108,-0.3165362,-0.31857187,-0.23178017,-0.32539368,-0.31133458,-0.31570548,0.92505085,-0.2309207,-0.3303013,-0.3202151,-0.31741083,-0.31761414,-0.22976857,-0.31819466,-0.3194028,-0.31915757,-0.3207198,-0.23181972,0.74552375,-0.32172894,-0.3187878,-0.32445285,-0.23875734,-0.3090315,-0.32284898,-0.32099503,-0.3207655,-0.23193786,-0.32432246,-0.32075274,-0.31837416,-0.31770694,-0.23222871,-0.32026348,-0.3233376,-0.32134473,-0.31462026,-0.23136027,0.9349394,-0.32085815,-0.31831694,-0.31789476,-0.23163477,-0.3272691,-0.32986963,-0.31704134,-0.31926006,-0.20411447,-0.3102334,-0.32133406,-0.32283044,-0.3220381,-0.23217371,-0.31942403,-0.31971365,-0.32033437,-0.32102576,-0.23146576,-0.30183107,-0.32071882,-0.3177908,-0.3320185,-0.23140295,-0.31822056,-0.32114115,-0.32032305,-0.32120425,-0.23020479,-0.19459927,-0.32411462,-0.31589758,-0.32943356,-0.20658675,-0.30973643,-0.31805968,-0.32690454,-0.32443994,-0.2304286,-0.31766397,-0.31953347,-0.31956387,-0.32117918
k__Bacteria|p__Proteobacteria|c__Gammaproteobacteria|o__Pasteurellales|f__Pasteurellaceae|g__Aggregatibacter|s__unclassified,-0.23119292,-0.31904158,-0.32328734,-0.3169588,-0.31938308,-0.23161921,-0.3258366,-0.3327108,-0.31724828,-0.31906998,-0.23136026,-0.32539368,-0.31133458,-0.31570548,-0.3099353,-0.23111579,-0.3303013,-0.32104567,-0.31888342,-0.3179705,-0.23018406,-0.31891382,-0.32043862,-0.32022092,-0.3207198,-0.23152575,-0.32696477,-0.3214607,-0.31938827,-0.32445285,-0.23875734,-0.3120639,-0.32284898,-0.32145548,-0.32127202,-0.23183128,-0.32432246,-0.32122093,-0.31918114,-0.3181327,-0.2317946,-0.31959885,-0.3233376,-0.32144552,-0.3164363,-0.23115754,-0.31692833,-0.3213045,-0.31870908,-0.3186203,-0.23158377,-0.3272691,-0.32986963,-0.31751347,-0.31957,-0.20411447,-0.31206912,-0.32216954,-0.32312077,-0.3226748,-0.23179579,-0.31991747,-0.32050043,-0.32090396,-0.32152277,-0.23116693,-0.30183107,-0.32032394,-0.31871337,-0.3320185,-0.23125027,-0.3190573,-0.32140422,-0.32093102,-0.32160634,-0.22858569,-0.19459927,-0.32411462,-0.31669948,-0.32943356,-0.20658675,-0.3117369,-0.31934524,-0.32690454,-0.32466498,-0.23046456,-0.31847233,-0.32029495,-0.32082307,-0.3214222
k__Bacteria|p__Proteobacteria|c__Alphaproteobacteria|o__Rickettsiales|f__mitochondria|g__unclassified|s__unclassified,-0.23173603,-0.31904158,-0.32328734,-0.31786656,-0.31974417,-0.2319256,-0.3258366,-0.3327108,-0.3179568,-0.319296,-0.23166995,-0.32539368,-0.31133458,-0.31570548,-0.3099353,-0.23090097,-0.3303013,-0.32150477,-0.31992093,-0.31883827,-0.23059031,-0.31927764,-0.32124284,-0.3206516,-0.3207198,-0.23235005,-0.32696477,-0.3231513,-0.3209265,-0.32445285,-0.23875734,-0.3123027,-0.32284898,-0.3209554,-0.32174373,-0.23233578,-0.32432246,-0.3224109,-0.3197503,-0.31861535,-0.23209208,-0.32211143,-0.3233376,-0.3218724,-0.3167398,-0.2313399,-0.31692833,-0.3222715,-0.32034492,-0.3190663,-0.231727,0.7411552,-0.32986963,-0.3186866,-0.32036284,-0.20411447,-0.31252745,-0.3221212,-0.32373554,-0.3226823,-0.23240657,-0.32053757,-0.32090962,-0.32192266,-0.32170665,-0.232052,-0.30183107,-0.3218754,-0.31955326,-0.3320185,-0.23190469,-0.31944996,-0.32207936,-0.32200032,-0.3221082,-0.23293185,-0.19459927,-0.32411462,-0.31753087,-0.32943356,-0.20658675,-0.31193078,-0.31808347,-0.32690454,-0.32473356,-0.23072103,-0.3187216,-0.32104233,-0.32121146,-0.321698
k__Bacteria|p__Proteobacteria|c__Gammaproteobacteria|o__Enterobacteriales|f__Enterobacteriaceae|g__unclassified|s__unclassified,0.5850981,1.0361795,0.87503946,0.8005861,0.80768836,0.5861171,1.0470415,0.7319986,0.8027124,0.80679005,0.58585936,0.74786085,-0.31133458,0.892008,0.94323146,0.5842116,0.8294243,0.8113324,0.8065298,0.80384344,0.58322823,0.80661356,0.81039715,0.809711,-0.3207198,0.5861337,1.3873621,0.8126415,0.8061966,0.73184955,1.789054,0.78967965,0.91986865,0.8122854,0.81178576,0.5868056,0.89243096,0.81263256,0.8074729,0.80448854,0.58533823,0.80751204,0.83928907,0.81231415,0.80004835,0.58437526,0.9795583,0.81320524,0.805977,0.8056593,0.5857865,0.7404896,0.69604987,0.8034322,0.80779225,2.7769518,0.7892549,0.8151573,0.8173492,0.81545866,0.5864346,0.8081,0.8095868,0.8114507,0.81253695,0.5848384,-0.30183107,0.8101495,0.80376536,0.65503824,0.5851344,0.80660856,0.8135334,0.8110092,0.8125944,0.5774068,2.2993453,0.7272104,0.7993891,0.7580409,2.0845127,0.7880311,0.80712575,0.38547444,0.8207496,0.5836101,0.8054882,0.8102467,0.8099923,0.8127483
k__Bacteria|p__Proteobacteria|c__Gammaproteobacteria|o__Enterobacteriales|f__Enterobacteriaceae|g__Enterobacter|s__hormaechei,0.060023062,0.8921041,0.7921768,0.08273898,0.083457746,0.06054284,0.7723446,-0.3327108,0.08383675,0.08329457,0.06003212,-0.32539368,-0.31133458,0.8849984,-0.3099353,0.06033186,-0.3303013,0.08449065,0.08363717,0.08385405,0.060703736,0.08405465,0.084071346,0.084262714,-0.3207198,0.060730986,0.7601793,0.08456792,0.08409752,-0.32445285,2.1170454,0.08448591,0.87595963,0.083456926,0.08412059,0.06005427,0.7710657,0.08461563,0.08439404,0.083347425,0.060006283,0.08371569,0.7761516,0.08383183,0.08291708,0.059715256,1.0458269,0.08425138,0.08392678,0.08328308,0.06017774,-0.3272691,0.7004156,0.08360748,0.083520055,-0.20411447,0.083902225,0.08389183,0.08392358,0.08390504,0.05977957,0.08375678,0.08417912,0.08392362,0.08423421,0.060496807,-0.30183107,0.08426625,0.08361618,-0.3320185,0.060053885,0.083346725,0.084150024,0.083879426,0.08374761,0.0608586,2.1469843,-0.32411462,0.08259245,0.5918944,2.457012,0.08232723,0.08282627,-0.32690454,0.08424996,0.05986055,0.0836955,0.08447904,0.08393666,0.08454822
k__Bacteria|p__Proteobacteria|c__Gammaproteobacteria|o__Pasteurellales|f__Pasteurellaceae|g__Actinobacillus|s__unclassified,-0.22893733,-0.31904158,-0.32328734,-0.31291345,-0.31552774,-0.22950639,0.8136967,-0.3327108,-0.31345937,-0.3152499,-0.22959512,0.8252372,-0.31133458,-0.31570548,-0.3099353,-0.22848889,0.7689887,-0.3165653,-0.31491923,-0.31373897,-0.22768661,-0.31459528,-0.31576145,-0.31606305,-0.3207198,-0.22932419,-0.32696477,-0.31812018,-0.31423375,0.73694134,-0.23875734,-0.30552828,-0.32284898,-0.31814307,-0.31718084,-0.23019856,-0.32432246,-0.3175769,-0.31447643,-0.3139646,-0.2288279,-0.31564116,-0.3233376,-0.31846836,-0.31127933,-0.22913775,-0.31692833,-0.31808656,-0.31468692,-0.31489742,-0.23025304,-0.3272691,-0.32986963,-0.3133639,-0.31583238,-0.20411447,-0.30404925,-0.31823242,-0.3195115,-0.31897163,-0.22991708,-0.31585646,-0.31563932,-0.31767228,-0.3170538,-0.22838114,-0.30183107,-0.3164097,-0.3130257,-0.3320185,-0.22827661,-0.3152623,-0.31814387,-0.31704724,-0.3175785,-0.22321722,-0.19459927,0.7208719,-0.31147483,0.6033857,-0.20658675,-0.30488187,-0.3149833,-0.32690454,-0.3220786,-0.2282835,-0.31488216,-0.31637228,-0.31597114,-0.31762952
k__Bacteria|p__Proteobacteria|c__Gammaproteobacteria|o__Enterobacteriales|f__Enterobacteriaceae|g__Escherichia|s__unclassified,0.47478616,1.2030321,0.83008015,0.648633,0.6550103,0.4756227,0.77642196,0.610416,0.6498285,0.65403956,0.47557992,0.7423663,-0.31133458,0.86406875,0.9242829,0.47441053,0.7531943,0.657022,0.65254813,0.651047,0.4722755,0.65374243,0.6557213,0.6563237,-0.3207198,0.4753171,1.001002,0.6591135,0.6524221,-0.32445285,-0.23875734,0.63500035,0.9769375,0.66137445,0.6579647,0.47650635,0.81265306,0.6585344,0.65275335,0.6515531,0.47583497,0.65568846,0.78192174,0.6613376,0.6453859,0.4744742,0.9533424,0.6590976,0.6520895,0.6531963,0.4762591,-0.3272691,0.6844192,0.65022755,0.6554663,2.4262984,0.63317305,0.66134274,0.66356486,0.6622878,0.47641027,0.6560279,0.656181,0.65832615,0.65879995,0.47376117,-0.30183107,0.6561177,0.6504746,0.6201639,0.4742356,0.6548556,0.65936065,0.65781635,0.65885615,0.46626526,-0.19459927,0.7099117,0.64732325,0.631869,-0.20658675,0.633479,0.6549151,-0.32690454,0.6683164,0.4728847,0.65357596,0.65678114,0.65700644,0.65893716
k__Bacteria|p__Proteobacteria|c__Gammaproteobacteria|o__Pasteurellales|f__Pasteurellaceae|g__Haemophilus|s__parainfluenzae,-0.03871132,-0.31904158,0.7963822,-0.053332873,-0.05328372,-0.038888652,-0.3258366,-0.3327108,-0.054068327,-0.053619113,-0.038571917,0.7468641,0.9386662,-0.31570548,-0.3099353,-0.03844891,-0.3303013,-0.05380743,-0.05361744,-0.054200225,-0.039485417,-0.054121,-0.054075338,-0.05393091,-0.3207198,-0.039572477,0.748114,-0.05456569,-0.054244712,0.7310242,-0.23875734,-0.05424385,0.90231436,-0.05296153,-0.05409249,-0.038577557,0.78407824,-0.0542264,-0.054277465,-0.05385434,-0.039153945,-0.053917408,-0.3233376,-0.05392397,-0.05382497,-0.038602863,0.93742883,-0.05454257,-0.054770157,-0.053428963,-0.038286664,0.7414213,0.69885856,-0.05393736,-0.053949684,1.9719518,-0.054693826,-0.05339373,-0.053875968,-0.053658783,-0.038743287,-0.05328066,-0.05439283,-0.05401414,-0.054298773,-0.03946161,-0.30183107,-0.05513627,-0.05373756,-0.3320185,-0.039243784,-0.05362209,-0.05419126,-0.053724684,-0.0538854,-0.044757128,-0.19459927,-0.32411462,-0.05298835,0.6039837,-0.20658675,-0.054231614,-0.052797217,0.40513843,-0.05322034,-0.038884554,-0.054006733,-0.054479025,-0.054071955,-0.054462597
k__Bacteria|p__Proteobacteria|c__Betaproteobacteria|o__Burkholderiales|f__Alcaligenaceae|g__Sutterella|s__unclassified,-0.22614905,-0.31904158,-0.32328734,-0.3099779,-0.3123508,-0.22648433,1.4410965,0.8392248,-0.31022203,-0.31185597,-0.22612008,1.3667103,1.5174404,1.3930231,-0.3099353,-0.22587073,-0.3303013,-0.3132068,-0.3126083,-0.31058604,-0.22535367,-0.311451,-0.31330192,-0.31344664,-0.3207198,-0.22626805,-0.32696477,-0.3141178,-0.31238315,1.1654892,-0.23875734,-0.30532333,-0.32284898,-0.31424904,-0.31372035,-0.22679743,-0.32432246,-0.3138315,-0.3121965,-0.31095895,-0.22635117,-0.31252477,0.7747276,-0.31396767,-0.31001115,-0.22558619,-0.31692833,-0.3142658,-0.31181335,-0.3117063,-0.22643353,-0.3272691,0.7084732,-0.3106823,-0.31226087,-0.20411447,-0.30466098,-0.3152715,-0.3156492,-0.31558967,-0.22655906,-0.31242236,-0.3131421,-0.31402883,-0.3142107,-0.22557911,-0.30183107,-0.31332242,-0.31182072,0.8832372,-0.2259388,-0.31221148,-0.31400603,-0.31395814,-0.3143075,-0.22077557,-0.19459927,-0.32411462,-0.30953407,0.6816002,-0.20658675,-0.30506074,-0.31193167,1.1372656,-0.3173241,-0.22537339,-0.31130773,-0.31343174,-0.3137767,-0.31402203
k__Bacteria|p__Proteobacteria|c__Gammaproteobacteria|o__Pasteurellales|f__Pasteurellaceae|g__Haemophilus|s__unclassified,0.57071173,-0.31904158,1.0501442,0.7774613,0.78723717,0.5724879,0.7880527,-0.3327108,0.7796782,0.7856417,0.57191813,0.95427823,0.98752326,0.8751805,0.97695524,0.57024455,0.875136,0.788478,0.7818607,0.781894,0.5671354,0.78511715,0.78716755,0.787534,0.8536866,0.5723719,0.9284308,0.7927619,0.7836901,0.7786403,-0.23875734,0.7580488,1.3968563,0.7949698,0.789946,0.57314456,1.0372256,0.7914048,0.7830392,0.78233635,0.5725456,0.7906308,-0.3233376,0.7954538,0.77138174,0.56953835,1.1040795,0.7912661,0.78188896,0.78416777,0.5722499,1.3210824,1.2923373,0.78111327,0.78763145,1.9702644,0.75805795,0.79433024,0.7978784,0.79547703,0.57298875,0.78846276,0.7870126,0.79054636,0.79106605,0.5701652,-0.30183107,0.78827477,0.78085804,-0.3320185,0.5706408,0.78607905,0.79142106,0.7897439,0.79121506,0.55737007,-0.19459927,0.73991656,0.77687216,0.7539841,-0.20658675,0.7557838,0.78413075,0.46097258,0.80364573,0.567582,0.7842219,0.78853,0.78835124,0.791456
k__Bacteria|p__Proteobacteria|c__Alphaproteobacteria|o__RF32|f__unclassified|g__unclassified|s__unclassified,-0.23073557,-0.31904158,-0.32328734,-0.31640238,-0.31844872,-0.2311332,-0.3258366,-0.3327108,-0.31670904,-0.31821144,-0.23093383,-0.32539368,-0.31133458,-0.31570548,-0.3099353,-0.23044673,-0.3303013,-0.31949708,-0.31848752,-0.31729916,-0.22973448,-0.31783843,-0.31969088,-0.31981072,1.0925032,-0.23120809,-0.32696477,-0.3213871,-0.31942803,-0.32445285,-0.23875734,-0.31145054,-0.32284898,-0.31985658,-0.32030562,-0.23128064,-0.32432246,-0.3206389,-0.3184818,-0.3174535,-0.23158899,-0.3204079,-0.3233376,-0.32035086,-0.31613985,-0.23026472,-0.31692833,-0.32051376,-0.31884086,-0.31773055,-0.23086016,-0.3272691,-0.32986963,-0.31727907,-0.31869513,-0.20411447,-0.3119694,-0.32107842,-0.32220432,-0.32149884,-0.23135759,-0.31872082,-0.3195975,-0.3208192,-0.32044688,-0.23062375,-0.30183107,-0.32036057,-0.3187959,1.1906842,-0.23083237,-0.31827825,-0.32043856,-0.3204319,-0.3206104,-0.2275277,-0.19459927,-0.32411462,-0.31666163,-0.32943356,-0.20658675,-0.31140667,-0.31681162,0.4093023,-0.32311153,-0.22985685,-0.31780234,-0.32011014,-0.32003766,-0.32060397
k__Bacteria|p__Actinobacteria|c__Actinobacteria|o__Actinomycetales|f__Actinomycetaceae|g__Actinomyces|s__unclassified,-0.23101945,-0.31904158,-0.32328734,-0.31750602,-0.3187086,-0.23096615,-0.3258366,-0.3327108,-0.31742996,-0.3182773,-0.23113653,-0.32539368,-0.31133458,-0.31570548,-0.3099353,-0.23041743,-0.3303013,-0.3199958,-0.31958538,-0.31758028,-0.22982186,-0.31800166,-0.32024914,-0.3200213,-0.3207198,-0.23129568,0.7427268,-0.3217146,-0.32000393,-0.32445285,1.7685717,-0.31210864,-0.32284898,-0.32023263,-0.32063174,-0.23158683,-0.32432246,-0.32105717,-0.31955385,-0.31779546,-0.23111802,-0.3205276,0.77244496,-0.32018948,-0.3175022,-0.23076111,-0.31692833,-0.32120085,-0.31972313,-0.3184247,-0.2311918,-0.3272691,-0.32986963,-0.31817165,-0.3190176,-0.20411447,-0.3120442,-0.32181734,-0.32219982,-0.32185578,-0.23169471,-0.3190048,-0.32008517,-0.32119578,-0.32094127,-0.23061733,-0.30183107,-0.32094967,-0.3196579,-0.3320185,-0.23107144,-0.31894574,-0.3209563,-0.3211345,-0.32117414,-0.22857684,-0.19459927,-0.32411462,-0.31736577,-0.32943356,-0.20658675,-0.31272835,-0.31778032,-0.32690454,-0.3234796,-0.23022625,-0.31787196,-0.32043305,-0.32063976,-0.32085264
k__Bacteria|p__Actinobacteria|c__Actinobacteria|o__Actinomycetales|f__Actinomycetaceae|g__Parascardovia|s__unclassified,-0.23057884,-0.31904158,-0.32328734,-0.31546658,-0.31796965,-0.23093018,-0.3258366,-0.3327108,-0.31749856,-0.3173067,-0.2314378,-0.32539368,-0.31133458,-0.31570548,-0.3099353,-0.23037633,-0.3303013,-0.3196664,-0.3184858,-0.31670582,-0.23088013,-0.31867838,-0.31917495,-0.31906772,-0.3207198,-0.23131299,-0.32696477,-0.32084662,-0.3167751,-0.32445285,1.7786888,-0.31360722,-0.32284898,-0.31995493,-0.31991524,-0.23176843,-0.32432246,-0.3207115,-0.31876945,-0.31685856,-0.22999482,-0.31733906,0.77254015,-0.3194411,-0.31579894,-0.22996062,-0.31692833,-0.3215863,-0.3180973,-0.3181758,-0.23167503,-0.3272691,-0.32986963,-0.31722897,-0.31804615,-0.20411447,-0.3104547,-0.32128638,-0.32126933,-0.32075366,-0.23112008,-0.31803927,-0.31869355,-0.32001412,-0.31992936,-0.22930844,-0.30183107,-0.31874955,-0.31571254,-0.3320185,-0.23013219,-0.31817937,-0.32157043,-0.3193365,-0.31958598,-0.22306493,-0.19459927,-0.32411462,-0.31465977,-0.32943356,-0.20658675,-0.31027806,-0.31825444,-0.32690454,-0.32369065,-0.2300995,-0.31776097,-0.32014138,-0.3188067,-0.32079118
k__Bacteria|p__Actinobacteria|c__Actinobacteria|o__Actinomycetales|f__Corynebacteriaceae|g__Corynebacterium|s__unclassified,-0.23122093,-0.31904158,-0.32328734,-0.31747526,-0.31950554,-0.23141944,-0.3258366,-0.3327108,-0.31820536,-0.3192153,-0.23146476,-0.32539368,-0.31133458,-0.31570548,-0.3099353,-0.23105776,-0.3303013,-0.3211698,-0.31939024,-0.31880504,-0.23061839,-0.31930012,-0.3207051,-0.32066697,-0.3207198,-0.23152936,-0.32696477,-0.32169273,-0.32008213,-0.32445285,-0.23875734,-0.3138852,-0.32284898,-0.32144427,-0.3214516,-0.2315769,-0.32432246,-0.32154688,-0.32015663,-0.31876683,-0.23159656,-0.31955397,-0.3233376,-0.32119253,-0.31788093,-0.23123415,-0.31692833,-0.3219352,-0.3197803,-0.31893185,-0.23156673,-0.3272691,-0.32986963,-0.31809965,-0.3197384,-0.20411447,-0.31382915,-0.32231706,-0.32306698,-0.32261497,-0.23168024,-0.3195714,-0.3210544,-0.3213507,-0.32189623,-0.23125413,-0.30183107,-0.32118645,-0.31975704,-0.3320185,-0.23141152,-0.31911665,-0.32173103,-0.32098395,-0.32177234,-0.2303282,-0.19459927,-0.32411462,-0.31726003,-0.32943356,-0.20658675,-0.31326872,-0.3196388,-0.32690454,-0.32389534,-0.23079088,-0.31908494,-0.32111132,-0.32128084,-0.3219581
k__Bacteria|p__Actinobacteria|c__Actinobacteria|o__Actinomycetales|f__Micrococcaceae|g__Rothia|s__mucilaginosa,-0.23035154,-0.31904158,-0.32328734,-0.31661588,-0.31851846,-0.23058596,-0.3258366,-0.3327108,-0.31725228,-0.31810677,-0.23081216,-0.32539368,-0.31133458,-0.31570548,-0.3099353,-0.23008424,-0.3303013,-0.31989717,-0.31881657,-0.3174018,-0.2300475,-0.31802815,-0.31989276,-0.31953284,-0.3207198,-0.23086005,0.73831564,-0.3204601,-0.318879,-0.32445285,1.7644602,-0.3131975,-0.32284898,-0.31978193,-0.32020822,-0.2308916,-0.32432246,-0.3203236,-0.31952035,-0.31774062,-0.23014209,-0.31811014,-0.3233376,-0.31926414,-0.3174005,-0.2301822,-0.31692833,-0.3209224,-0.31887785,-0.31800157,-0.23051229,-0.3272691,-0.32986963,-0.3175986,-0.3183573,-0.20411447,-0.31320974,-0.3216002,-0.32175398,-0.32129782,-0.23088834,-0.31806096,-0.31953478,-0.32002324,-0.32078028,-0.23031406,-0.30183107,-0.3203143,-0.31839862,-0.3320185,-0.23070279,-0.31796527,-0.32089496,-0.31992853,-0.32066017,-0.2276318,-0.19459927,-0.32411462,-0.316217,-0.32943356,-0.20658675,-0.31338507,-0.3185541,-0.32690454,-0.3225505,-0.23017502,-0.31727886,-0.31977215,-0.31972247,-0.32074022
k__Bacteria|p__Actinobacteria|c__Actinobacteria|o__Bifidobacteriales|f__Bifidobacteriaceae|g__Bifidobacterium|s__longum,0.5938967,1.4016058,1.2331228,0.8136542,0.8206937,0.5948976,0.98954165,0.85041636,0.8152642,0.8194237,0.59506917,0.77839863,0.9594391,0.9097015,-0.3099353,0.59353447,0.94579095,0.82412624,0.81835425,0.81713283,0.5912621,0.8190166,0.82251847,0.82216966,-0.3207198,0.5949363,0.8541233,0.8258592,0.819874,0.78740966,-0.23875734,0.79973006,0.9784772,0.8267187,0.8247255,0.5956054,1.1820736,0.8252545,0.8200173,0.8174919,0.5948446,0.82143414,0.85921717,0.8258555,0.81171453,0.59383416,-0.31692833,0.82588506,0.8185396,0.8184159,0.59520555,0.86526304,0.7799367,0.8156599,0.8209202,-0.20411447,0.79981947,0.8283304,0.83071905,0.82900834,0.59571946,0.8210896,0.82266104,0.8244559,0.8259379,0.59391046,1.0171267,0.82365274,0.81809574,0.6299738,0.59422535,0.81904507,0.8259045,0.82387054,0.82590926,0.58759886,-0.19459927,0.7097586,0.8133253,0.6033259,-0.20658675,0.7983414,0.8202809,0.42811942,0.83417404,0.5922195,0.81786466,0.82320476,0.8234437,0.8260306
k__Bacteria|p__Actinobacteria|c__Actinobacteria|o__Bifidobacteriales|f__Bifidobacteriaceae|g__Bifidobacterium|s__adolescentis,-0.22874773,0.8989615,0.78087515,-0.312621,-0.31552848,-0.22911836,1.4460559,1.4467334,-0.31367674,-0.31533414,-0.22859427,-0.32539368,-0.31133458,-0.31570548,-0.3099353,-0.22827819,-0.3303013,-0.3171988,-0.31541693,-0.31431347,-0.228342,-0.31539756,-0.3169316,-0.31625932,-0.3207198,-0.22923414,-0.32696477,-0.31725428,-0.31542903,-0.32445285,-0.23875734,-0.31023607,1.1013774,-0.31687024,-0.3173936,-0.22928338,0.77429086,-0.31733882,-0.31533757,-0.3144709,-0.22888592,-0.3146935,-0.3233376,-0.31689206,-0.31314537,-0.22814745,-0.31692833,-0.31788447,-0.31476533,-0.31483948,-0.22853361,-0.3272691,0.8920909,-0.3137759,-0.3156432,-0.20411447,-0.30975324,-0.31827384,-0.31917104,-0.3184952,-0.22902441,-0.315687,-0.3163029,-0.3167587,-0.31738675,-0.22866529,1.0517216,-0.31598973,-0.31445974,0.63460004,-0.22902746,-0.3148849,-0.31774935,-0.31664002,-0.31752303,-0.22480774,-0.19459927,-0.32411462,-0.31231838,-0.32943356,-0.20658675,-0.3089761,-0.3156504,-0.32690454,-0.3200376,-0.22803026,-0.31428045,-0.31626686,-0.31691283,-0.31734186
k__Bacteria|p__Actinobacteria|c__Actinobacteria|o__Bifidobacteriales|f__Bifidobacteriaceae|g__Bifidobacterium|s__unclassified,0.08525319,0.93771863,0.8019621,0.115308136,0.11820467,0.085402526,0.7702996,0.5592709,0.11443506,0.11746853,0.08544324,0.75431573,-0.31133458,-0.31570548,-0.3099353,0.085469946,0.7867929,0.116534784,0.1147414,0.11577476,0.08303691,0.116264865,0.116548195,0.11748073,-0.3207198,0.08467736,0.78714037,0.11761567,0.11588189,-0.32445285,-0.23875734,0.10553778,-0.32284898,0.122004256,0.11717585,0.08541691,0.7784972,0.117508516,0.11536747,0.11624422,0.08647056,0.120031185,1.0030612,0.121747725,0.112165734,0.08531478,1.1198413,0.11696559,0.114969075,0.11666893,0.08571769,1.1647794,0.89619267,0.115312815,0.11804618,-0.20411447,0.10750128,0.11963698,0.12074369,0.12030725,0.08599453,0.11818943,0.11761998,0.118324354,0.11860111,0.084969215,-0.30183107,0.11774388,0.11621955,-0.3320185,0.08510887,0.11817377,0.117034644,0.1180547,0.11853963,0.08436654,-0.19459927,0.7828026,0.11598201,0.7555266,-0.20658675,0.10757871,0.11750333,0.67543924,0.12237799,0.084295526,0.11781068,0.11762436,0.11803308,0.11790219
k__Bacteria|p__Cyanobacteria|c__4C0d-2|o__YS2|f__unclassified|g__unclassified|s__unclassified,-0.23056564,-0.31904158,-0.32328734,-0.31714547,-0.31881076,-0.23074326,-0.3258366,-0.3327108,-0.31725508,-0.3183152,-0.23085797,-0.32539368,-0.31133458,-0.31570548,-0.3099353,-0.23059934,-0.3303013,-0.32054603,-0.3190133,-0.31780678,-0.22970219,-0.31824607,-0.32002246,-0.32004595,-0.3207198,-0.23077668,-0.32696477,-0.32105738,-0.31960142,-0.32445285,-0.23875734,-0.3129085,-0.32284898,-0.32076156,-0.32072535,-0.23100603,-0.32432246,-0.32080892,-0.31935024,-0.31783968,-0.23086423,-0.31917506,-0.3233376,-0.32039803,-0.3171351,-0.23059326,-0.31692833,-0.3209449,-0.3190498,-0.31823903,-0.23103508,-0.3272691,-0.32986963,-0.31737763,-0.3188724,-0.20411447,-0.31255025,-0.32174793,-0.32225144,-0.32195264,-0.23112209,-0.31898105,-0.32023466,-0.32069892,-0.32110912,-0.2303963,-0.30183107,-0.32037678,-0.3193129,0.627775,-0.23064312,-0.31847066,-0.32091996,-0.32063943,-0.32109445,-0.22856295,-0.19459927,-0.32411462,-0.31717318,-0.32943356,-0.20658675,-0.31249502,-0.3188594,-0.32690454,-0.32348707,-0.22995703,-0.31788436,-0.3202668,-0.3206253,-0.32101756
k__Bacteria|p__Cyanobacteria|c__Chloroplast|o__Streptophyta|f__unclassified|g__unclassified|s__unclassified,-0.23126821,-0.31904158,-0.32328734,-0.31684887,-0.31914198,-0.23185566,-0.3258366,-0.3327108,-0.31771517,-0.31874222,-0.23157915,-0.32539368,-0.31133458,-0.31570548,-0.3099353,-0.23131475,-0.3303013,-0.3203854,-0.31836548,-0.31854317,-0.2302945,-0.3188904,-0.3199002,-0.3198713,-0.3207198,-0.23220554,-0.32696477,-0.32217386,-0.320039,-0.32445285,-0.23875734,-0.31159312,-0.32284898,-0.32178563,-0.32121882,-0.23203374,-0.32432246,-0.32129723,-0.31921345,-0.318252,-0.23231903,-0.3205797,-0.3233376,-0.3215549,-0.3159073,-0.2312246,-0.31692833,-0.32165456,-0.31893158,-0.3186186,-0.23193413,-0.3272691,-0.32986963,-0.3176744,-0.31974828,-0.20411447,-0.31133136,-0.32195818,-0.3228517,-0.32255286,-0.23204832,-0.3196138,-0.32051682,-0.32117844,-0.32157674,-0.23124234,-0.30183107,-0.3208999,-0.31981546,-0.3320185,-0.2316148,-0.31890535,-0.32106945,-0.32066882,-0.32146224,-0.22814155,-0.19459927,-0.32411462,-0.31699285,-0.32943356,-0.20658675,-0.31043327,-0.3186103,-0.32690454,-0.32435447,-0.23024133,-0.31837857,-0.32077807,-0.32129988,-0.32179296
k__Bacteria|p__Fusobacteria|c__Fusobacteria|o__Fusobacteriales|f__Fusobacteriaceae|g__Fusobacterium|s__unclassified,-0.23023136,-0.31904158,-0.32328734,-0.31469065,-0.31814665,-0.23054108,-0.3258366,-0.3327108,-0.31523347,-0.31763297,-0.23119411,0.8722917,-0.31133458,-0.31570548,-0.3099353,-0.23014453,-0.3303013,-0.3195064,-0.31558725,-0.31659907,-0.22831774,-0.3173256,-0.31808764,-0.3180093,-0.3207198,-0.23041071,-0.32696477,-0.3198234,-0.31673568,-0.32445285,-0.23875734,-0.30694553,-0.32284898,-0.32146567,-0.319572,-0.23093447,-0.32432246,-0.31976244,-0.31662005,-0.31662333,-0.23086488,-0.31828344,-0.3233376,-0.3209458,-0.312211,-0.23070323,-0.31692833,-0.31974864,-0.3159567,-0.31666663,-0.23086935,-0.3272691,-0.32986963,-0.31532195,-0.31819928,-0.20411447,-0.30752861,-0.3213003,-0.32303172,-0.32137227,-0.23131502,-0.31857902,-0.31832993,-0.31899387,-0.3197406,-0.2304087,-0.30183107,-0.31827626,-0.31579566,-0.3320185,-0.23047203,-0.31687266,-0.32038254,-0.31901613,-0.3200081,-0.22713429,-0.19459927,-0.32411462,-0.31438947,-0.32943356,-0.20658675,-0.3065441,-0.3186761,-0.32690454,-0.32447374,-0.22935192,-0.31653577,-0.31809166,-0.31857294,-0.31980115
k__Bacteria|p__Fusobacteria|c__Fusobacteria|o__Fusobacteriales|f__Fusobacteriaceae|g__unclassified|s__unclassified,-0.23166502,-0.31904158,-0.32328734,-0.317509,-0.3195262,-0.2323085,-0.3258366,-0.3327108,-0.3183348,-0.3192705,-0.23173916,-0.32539368,-0.31133458,-0.31570548,-0.3099353,-0.23107615,-0.3303013,-0.3217641,-0.31921542,-0.31946477,-0.23073885,-0.3193332,-0.32075286,-0.32024133,-0.3207198,-0.23309964,-0.32696477,-0.3238418,-0.32107848,-0.32445285,-0.23875734,-0.31188694,-0.32284898,-0.3208866,-0.3219025,-0.23229447,-0.32432246,-0.32276684,-0.3203231,-0.31874835,-0.23236135,-0.32209682,-0.3233376,-0.32219893,-0.31609735,-0.23136747,-0.31692833,-0.32256308,-0.32035625,-0.31895393,-0.23180297,-0.3272691,-0.32986963,-0.31870425,-0.32042733,-0.20411447,-0.31318396,-0.3214407,-0.32270816,-0.32247385,-0.23240934,-0.32050747,-0.32077077,-0.32171845,-0.3218075,-0.23248929,-0.30183107,-0.32241887,-0.31990057,-0.3320185,-0.23221341,-0.31916207,-0.32202077,-0.3214733,-0.32206815,-0.23375586,-0.19459927,-0.32411462,-0.31659004,-0.32943356,-0.20658675,-0.3111088,-0.31713545,-0.32690454,-0.32439822,-0.23053923,-0.31870866,-0.32128745,-0.32089162,-0.3223009
k__Bacteria|p__Tenericutes|c__Mollicutes|o__RF39|f__unclassified|g__unclassified|s__unclassified,-0.23067307,-0.31904158,-0.32328734,-0.31703296,-0.31888723,-0.23081234,-0.3258366,-0.3327108,-0.31708476,-0.31844324,-0.23104224,-0.32539368,-0.31133458,-0.31570548,-0.3099353,-0.23060575,-0.3303013,-0.32002896,-0.319041,-0.3175413,-0.22987424,-0.3182413,-0.32008627,-0.3201788,-0.3207198,-0.23074463,-0.32696477,-0.32102042,-0.319295,-0.32445285,-0.23875734,-0.31214106,-0.32284898,-0.32075852,-0.32057294,-0.23112983,-0.32432246,-0.32070118,-0.31927055,-0.31787688,-0.23118266,-0.31952024,-0.3233376,-0.32048866,-0.3173315,-0.23050678,-0.31692833,-0.3209566,-0.31913602,-0.31831425,-0.23098871,-0.3272691,-0.32986963,-0.31751236,-0.31886774,-0.20411447,-0.31242985,-0.32184857,-0.32249063,-0.32196134,-0.23126617,-0.31875145,-0.32021135,-0.32089472,-0.3211,-0.23029819,-0.30183107,-0.32050896,-0.31905344,0.62114924,-0.23074111,-0.31870335,-0.3209623,-0.32064086,-0.3210916,-0.22814214,-0.19459927,-0.32411462,-0.3172029,-0.32943356,-0.20658675,-0.31257123,-0.31860495,-0.32690454,-0.32348153,-0.2302073,-0.3182469,-0.32051834,-0.3205176,-0.3209843
k__Bacteria|p__Verrucomicrobia|c__Verrucomicrobiae|o__Verrucomicrobiales|f__Verrucomicrobiaceae|g__Akkermansia|s__muciniphila,-0.22882129,-0.31904158,-0.32328734,-0.31330347,-0.315903,-0.22937748,-0.3258366,-0.3327108,-0.31465995,-0.31548077,-0.22892883,-0.32539368,-0.31133458,-0.31570548,0.9677296,-0.22899774,-0.3303013,-0.31840163,-0.31639272,-0.31432033,-0.22896603,-0.31626093,-0.3172625,-0.31751102,-0.3207198,-0.22932711,-0.32696477,-0.3177578,-0.31497204,0.73241657,-0.23875734,-0.31297213,-0.32284898,-0.31771588,-0.3179337,-0.22957161,0.8103969,-0.31818408,-0.31593212,-0.31442297,-0.2283195,-0.31424052,-0.3233376,-0.3179159,-0.31347966,-0.22831562,-0.31692833,-0.31830305,-0.31536835,-0.31551167,-0.2296854,-0.3272691,-0.32986963,-0.31404978,-0.31585532,-0.20411447,-0.3091588,-0.31888106,-0.31907684,-0.31912962,-0.22901464,-0.31648344,-0.31686476,-0.3176124,-0.3179252,-0.22814465,1.0172048,-0.31608933,-0.3135814,0.66404194,-0.2281655,-0.31603214,-0.3186954,-0.31742257,-0.31749797,-0.22403806,-0.19459927,0.94724256,-0.31271365,0.60170937,-0.20658675,-0.30916387,-0.31654507,0.3989599,-0.32159072,-0.2281078,-0.31545275,-0.31729633,-0.31702173,-0.31831658
