#OTU ID,E002338.0,E002338.1,E002338.2,E002338.3,E002338.4,E002473.0,E002473.1,E002473.2,E002473.3,E002473.4,E004934.0,E004934.1,E004934.2,E004934.3,E004934.4,E005804.0,E005804.1,E005804.2,E005804.3,E005804.4,E008437.0,E008437.1,E008437.2,E008437.3,E008437.4,E008643.0,E008643.1,E008643.2,E008643.3,E008643.4,E012393.0,E012393.1,E012393.2,E012393.3,E012393.4,E012678.0,E012678.1,E012678.2,E012678.3,E012678.4,E016148.0,E016148.1,E016148.2,E016148.3,E016148.4,E017049.0,E017049.1,E017049.2,E017049.3,E017049.4,E018421.0,E018421.1,E018421.2,E018421.3,E018421.4,E019187.0,E019187.1,E019187.2,E019187.3,E019187.4,E019349.0,E019349.1,E019349.2,E019349.3,E019349.4,E022960.0,E022960.1,E022960.2,E022960.3,E022960.4,E023535.0,E023535.1,E023535.2,E023535.3,E023535.4,E023681.0,E023681.1,E023681.2,E023681.3,E023681.4,E025921.0,E025921.1,E025921.2,E025921.3,E025921.4,E030828.0,E030828.1,E030828.2,E030828.3,E030828.4
k__Bacteria|p__Firmicutes|c__Clostridia|o__Clostridiales|f__Veillonellaceae|g__Megasphaera|s__micronuciformis,-0.28271136,-0.31904158,-0.32328734,-0.31718764,-0.3322257,-0.2932219,-0.3258366,-0.3327108,-0.33075604,-0.33005035,-0.19440371,-0.32539368,-0.31133458,-0.31570548,-0.3099353,-0.28699976,-0.3303013,-0.3303923,-0.33084917,-0.33176786,-0.26184985,-0.31223327,-0.3274274,-0.3298624,-0.3207198,-0.26755807,0.7437266,-0.32854122,-0.31676275,-0.32445285,-0.23875734,-0.32284898,-0.32284898,-0.31979084,-0.32378075,-0.24718808,-0.32432246,-0.3291557,-0.3328914,-0.3328914,-0.2443454,-0.30590335,-0.3233376,-0.32184476,-0.3166716,-0.2851582,-0.31676817,-0.31715828,-0.310298,-0.3255994,-0.24634947,-0.3272691,-0.32986963,-0.323744,-0.32763088,-0.26806897,-0.26286402,-0.31769645,-0.32277873,-0.33141193,-0.256234,-0.2358737,-0.32636124,-0.3257106,-0.33005515,-0.2850096,-0.30183107,-0.27669096,-0.30985528,-0.3320185,-0.31161842,-0.27598393,-0.3280102,-0.32037857,-0.33019432,-0.19459927,-0.19459927,-0.32411462,-0.30701396,-0.32943356,-0.20658675,-0.20658675,-0.33048365,-0.32690454,-0.3289357,-0.20655881,-0.31196946,-0.3214015,-0.32518947,-0.33506903
k__Bacteria|p__Firmicutes|c__Clostridia|o__Clostridiales|f__Veillonellaceae|g__Megasphaera|s__geminatus,-0.28271136,-0.31904158,-0.32328734,-0.31718764,-0.3322257,-0.2932219,-0.3258366,-0.3327108,-0.33075604,-0.33005035,-0.19440371,-0.32539368,-0.31133458,-0.31570548,-0.3099353,-0.286971,-0.3303013,-0.32972896,-0.3303545,-0.3313924,-0.26184985,-0.31223327,-0.32687166,-0.3298624,-0.3207198,-0.26755807,0.9408156,-0.32854122,-0.31676275,-0.32445285,-0.23875734,-0.32284898,-0.32284898,-0.31979084,-0.32378075,-0.24718808,-0.32432246,-0.3291557,-0.3328914,-0.3328914,-0.2443454,-0.30590335,-0.3233376,-0.32105273,-0.3166716,-0.2851582,-0.31417906,-0.31715828,-0.310298,-0.3255994,-0.24634947,-0.3272691,-0.32986963,-0.323744,-0.32724547,-0.26804692,-0.26286402,-0.31642875,-0.32277873,-0.33141193,-0.256234,-0.2358737,-0.32636124,-0.32529214,-0.32971835,-0.2850096,-0.30183107,-0.27669096,-0.30985528,-0.3320185,-0.31161842,-0.27598393,-0.32729435,-0.32037857,-0.33019432,-0.19459927,-0.19459927,-0.32411462,-0.30701396,-0.32943356,-0.20658675,-0.20658675,-0.33048365,-0.32690454,-0.3289357,-0.20655881,-0.31196946,-0.3214015,-0.32511428,-0.33506903
k__Bacteria|p__Firmicutes|c__Bacilli|o__unclassified|f__unclassified|g__unclassified|s__unclassified,1.2880858,0.8909067,0.7787418,-0.31718764,-0.3322257,-0.2932219,-0.3258366,-0.3327108,-0.33075604,-0.33005035,-0.19440371,-0.32539368,-0.31133458,-0.31570548,-0.3099353,-0.28337228,-0.3303013,-0.3289312,-0.32960722,-0.33130175,-0.26184985,-0.31223327,-0.3257121,-0.3298624,-0.3207198,1.433194,0.73590136,-0.32854122,-0.31676275,-0.32445285,-0.23875734,-0.32284898,-0.32284898,-0.31979084,-0.32378075,-0.24718808,-0.32432246,-0.3291557,-0.3328914,-0.3328914,-0.2443454,-0.30590335,-0.3233376,-0.32063586,-0.3166716,-0.2851582,-0.31501773,-0.31715828,-0.310298,-0.3255994,-0.24634947,-0.3272691,-0.32986963,-0.323744,-0.3269114,-0.2651187,-0.26286402,-0.31624055,-0.32277873,-0.33141193,-0.256234,-0.2358737,-0.32636124,-0.3244152,-0.32952094,-0.2850096,-0.30183107,-0.27669096,-0.30985528,-0.3320185,-0.31161842,-0.27598393,-0.32704788,-0.32037857,-0.33019432,-0.19459927,-0.19459927,-0.32411462,-0.30701396,-0.32943356,-0.20658675,-0.20658675,-0.33048365,-0.32690454,-0.3289357,-0.20655881,-0.31196946,-0.3214015,-0.3241683,-0.33506903
k__Bacteria|p__Firmicutes|c__Bacilli|o__Lactobacillales|f__Enterococcaceae|g__Enterococcus|s__unclassified,-0.28271136,0.8918049,0.7766038,-0.31718764,-0.3322257,-0.2932219,-0.3258366,0.6201259,-0.33075604,-0.33005035,-0.19440371,-0.32539368,-0.31133458,-0.31570548,-0.3099353,-0.2844698,-0.3303013,-0.32852364,-0.32891357,-0.3311239,-0.26184985,-0.31223327,-0.32600734,-0.3298624,-0.3207198,1.4275895,0.74910843,-0.32854122,-0.31676275,-0.32445285,-0.23875734,-0.32284898,-0.32284898,-0.31979084,-0.32378075,-0.24718808,-0.32432246,-0.3291557,-0.3328914,-0.3328914,-0.2443454,-0.30590335,-0.3233376,-0.31977594,-0.3166716,-0.2851582,-0.31425005,0.8523103,-0.310298,-0.3255994,-0.24634947,-0.3272691,-0.32986963,-0.323744,-0.32716617,-0.26574296,1.4723268,-0.31624013,-0.32277873,-0.33141193,-0.256234,-0.2358737,-0.32636124,-0.32428604,-0.32990712,-0.2850096,-0.30183107,-0.27669096,-0.30985528,-0.3320185,-0.31161842,-0.27598393,-0.32606655,-0.32037857,-0.33019432,-0.19459927,-0.19459927,-0.32411462,-0.30701396,-0.32943356,-0.20658675,-0.20658675,-0.33048365,-0.32690454,-0.3289357,-0.20655881,-0.31196946,-0.3214015,-0.3242644,-0.33506903
k__Bacteria|p__Firmicutes|c__Clostridia|o__Clostridiales|f__Clostridiaceae|g__Clostridium|s__perfringens,1.3109468,-0.31904158,-0.32328734,-0.31718764,-0.3322257,1.1813543,-0.3258366,-0.3327108,-0.33075604,-0.33005035,-0.19440371,-0.32539368,-0.31133458,-0.31570548,-0.3099353,-0.27951056,-0.3303013,-0.32900006,-0.33143774,-0.3309435,-0.26184985,-0.31223327,-0.32552123,-0.3298624,-0.3207198,2.4175923,-0.32696477,-0.32854122,-0.31676275,-0.32445285,1.7735543,-0.32284898,-0.32284898,-0.31979084,-0.32378075,-0.24718808,-0.32432246,-0.3291557,-0.3328914,-0.3328914,1.633266,1.2056496,-0.3233376,-0.3208523,-0.3166716,1.256593,-0.31381708,-0.31715828,-0.310298,-0.3255994,-0.24634947,-0.3272691,-0.32986963,-0.323744,-0.32565916,-0.25743625,-0.26286402,-0.31411904,-0.32277873,-0.33141193,-0.256234,-0.2358737,-0.32636124,-0.325544,-0.32871503,-0.2850096,-0.30183107,-0.27669096,-0.30985528,-0.3320185,-0.31161842,-0.27598393,-0.32658786,-0.32037857,-0.33019432,-0.19459927,-0.19459927,-0.32411462,-0.30701396,-0.32943356,2.0459185,2.0459185,-0.33048365,-0.32690454,-0.3289357,-0.20655881,-0.31196946,-0.3214015,-0.3239346,-0.33506903
k__Bacteria|p__Firmicutes|c__Clostridia|o__Clostridiales|f__Clostridiaceae|g__Peptoniphilus|s__asaccharolyticus,1.3149637,-0.31904158,-0.32328734,-0.31718764,-0.3322257,-0.2932219,-0.3258366,-0.3327108,-0.33075604,-0.33005035,-0.19440371,-0.32539368,-0.31133458,-0.31570548,-0.3099353,-0.28532222,-0.3303013,-0.33078504,-0.33069625,-0.3316347,-0.26184985,-0.31223327,-0.3275809,-0.3298624,-0.3207198,-0.26755807,-0.32696477,-0.32854122,-0.31676275,-0.32445285,-0.23875734,-0.32284898,-0.32284898,-0.31979084,-0.32378075,-0.24718808,-0.32432246,-0.3291557,-0.3328914,-0.3328914,-0.2443454,-0.30590335,-0.3233376,-0.32211307,-0.3166716,-0.2851582,-0.31694716,-0.31715828,-0.310298,-0.3255994,-0.24634947,-0.3272691,-0.32986963,-0.323744,-0.32736468,-0.26677966,-0.26286402,-0.3171445,-0.32277873,-0.33141193,-0.256234,-0.2358737,-0.32636124,-0.32548892,-0.32989225,-0.2850096,-0.30183107,-0.27669096,-0.30985528,-0.3320185,-0.31161842,-0.27598393,-0.32830524,-0.32037857,-0.33019432,-0.19459927,-0.19459927,-0.32411462,-0.30701396,-0.32943356,-0.20658675,-0.20658675,-0.33048365,-0.32690454,-0.3289357,-0.20655881,-0.31196946,-0.3214015,-0.325306,-0.33506903
k__Bacteria|p__Firmicutes|c__Bacilli|o__Bacillales|f__Staphylococcaceae|g__Staphylococcus|s__unclassified,-0.28271136,-0.31904158,-0.32328734,-0.31718764,-0.3322257,-0.2932219,-0.3258366,-0.3327108,-0.33075604,-0.33005035,-0.19440371,-0.32539368,-0.31133458,-0.31570548,-0.3099353,-0.28542563,-0.3303013,-0.32922137,-0.3306111,-0.33098927,-0.26184985,-0.31223327,-0.3259685,-0.3298624,-0.3207198,-0.26755807,-0.32696477,-0.32854122,-0.31676275,-0.32445285,-0.23875734,-0.32284898,-0.32284898,-0.31979084,-0.32378075,-0.24718808,-0.32432246,-0.3291557,-0.3328914,-0.3328914,1.6046737,-0.30590335,-0.3233376,-0.32129604,-0.3166716,-0.2851582,-0.31508982,-0.31715828,-0.310298,-0.3255994,-0.24634947,-0.3272691,-0.32986963,-0.323744,-0.32634535,-0.26606703,1.4667585,-0.3150497,-0.32277873,-0.33141193,-0.256234,-0.2358737,-0.32636124,-0.3252805,-0.32896525,-0.2850096,-0.30183107,-0.27669096,-0.30985528,-0.3320185,-0.31161842,1.331141,-0.32677734,-0.32037857,-0.33019432,-0.19459927,-0.19459927,-0.32411462,-0.30701396,-0.32943356,-0.20658675,-0.20658675,-0.33048365,-0.32690454,-0.3289357,1.989131,-0.31196946,-0.3214015,-0.32446557,-0.33506903
k__Bacteria|p__Firmicutes|c__Bacilli|o__Lactobacillales|f__unclassified|g__unclassified|s__unclassified,-0.28271136,-0.31904158,-0.32328734,-0.31718764,-0.3322257,-0.2932219,-0.3258366,-0.3327108,-0.33075604,-0.33005035,-0.19440371,-0.32539368,-0.31133458,-0.31570548,-0.3099353,-0.2856019,-0.3303013,-0.329094,-0.3299138,-0.3303529,-0.26184985,-0.31223327,-0.32587945,-0.3298624,-0.3207198,1.4110612,-0.32696477,-0.32854122,-0.31676275,-0.32445285,-0.23875734,-0.32284898,-0.32284898,-0.31979084,-0.32378075,-0.24718808,-0.32432246,-0.3291557,-0.3328914,-0.3328914,-0.2443454,-0.30590335,-0.3233376,-0.32082844,-0.3166716,-0.2851582,-0.31506693,-0.31715828,-0.310298,-0.3255994,-0.24634947,-0.3272691,-0.32986963,-0.323744,-0.32592547,-0.26690888,-0.26286402,-0.31544337,-0.32277873,-0.33141193,-0.256234,-0.2358737,-0.32636124,-0.32472697,-0.328402,-0.2850096,-0.30183107,-0.27669096,-0.30985528,-0.3320185,-0.31161842,-0.27598393,-0.32658783,-0.32037857,-0.33019432,-0.19459927,-0.19459927,-0.32411462,-0.30701396,-0.32943356,-0.20658675,-0.20658675,-0.33048365,-0.32690454,-0.3289357,-0.20655881,-0.31196946,-0.3214015,-0.3239364,-0.33506903
k__Bacteria|p__Firmicutes|c__Bacilli|o__Lactobacillales|f__Leuconostocaceae|g__Leuconostoc|s__unclassified,-0.28271136,-0.31904158,-0.32328734,-0.31718764,-0.3322257,-0.2932219,-0.3258366,-0.3327108,-0.33075604,-0.33005035,-0.19440371,-0.32539368,-0.31133458,-0.31570548,-0.3099353,-0.28764176,-0.3303013,-0.32866478,-0.3300318,-0.33090878,-0.26184985,-0.31223327,-0.32552865,-0.3298624,-0.3207198,-0.26755807,-0.32696477,-0.32854122,-0.31676275,-0.32445285,-0.23875734,-0.32284898,-0.32284898,-0.31979084,-0.32378075,-0.24718808,-0.32432246,0.67265064,-0.3328914,-0.3328914,-0.2443454,-0.30590335,-0.3233376,-0.32100278,-0.3166716,-0.2851582,-0.3160149,-0.31715828,-0.310298,-0.3255994,-0.24634947,-0.3272691,-0.32986963,-0.323744,-0.32655618,-0.26856124,-0.26286402,-0.31523418,-0.32277873,-0.33141193,-0.256234,-0.2358737,-0.32636124,-0.32465994,-0.32898614,-0.2850096,-0.30183107,-0.27669096,-0.30985528,-0.3320185,-0.31161842,-0.27598393,-0.3264193,-0.32037857,-0.33019432,-0.19459927,-0.19459927,-0.32411462,-0.30701396,-0.32943356,-0.20658675,-0.20658675,-0.33048365,-0.32690454,-0.3289357,-0.20655881,-0.31196946,-0.3214015,-0.32392114,-0.33506903
k__Bacteria|p__Firmicutes|c__Clostridia|o__Clostridiales|f__Lachnospiraceae|g__Blautia|s__obeum,-0.28271136,-0.31904158,-0.32328734,-0.31718764,-0.3322257,-0.2932219,-0.3258366,-0.3327108,-0.33075604,-0.33005035,-0.19440371,-0.32539368,-0.31133458,-0.31570548,-0.3099353,-0.2872548,-0.3303013,-0.330328,-0.33049884,-0.33179048,-0.26184985,-0.31223327,-0.3275231,-0.3298624,-0.3207198,-0.26755807,-0.32696477,-0.32854122,-0.31676275,-0.32445285,-0.23875734,-0.32284898,-0.32284898,-0.31979084,-0.32378075,-0.24718808,-0.32432246,-0.3291557,-0.3328914,-0.3328914,-0.2443454,-0.30590335,-0.3233376,-0.32146484,-0.3166716,-0.2851582,-0.31554216,-0.31715828,-0.310298,-0.3255994,-0.24634947,-0.3272691,-0.32986963,-0.323744,-0.32774562,-0.26838064,-0.26286402,-0.31723315,-0.32277873,-0.33141193,-0.256234,-0.2358737,-0.32636124,-0.32542264,-0.33018592,-0.2850096,-0.30183107,-0.27669096,-0.30985528,-0.3320185,-0.31161842,-0.27598393,-0.3280014,-0.32037857,-0.33019432,-0.19459927,-0.19459927,-0.32411462,-0.30701396,-0.32943356,-0.20658675,-0.20658675,-0.33048365,-0.32690454,-0.3289357,-0.20655881,-0.31196946,-0.3214015,-0.3254701,-0.33506903
k__Bacteria|p__Firmicutes|c__Clostridia|o__Clostridiales|f__Lachnospiraceae|g__Coprococcus|s__eutactus,-0.28271136,-0.31904158,-0.32328734,-0.31718764,-0.3322257,-0.2932219,-0.3258366,-0.3327108,-0.33075604,-0.33005035,-0.19440371,-0.32539368,-0.31133458,-0.31570548,-0.3099353,-0.28661463,-0.3303013,-0.329706,-0.3303349,-0.3313746,-0.26184985,-0.31223327,-0.32661438,-0.3298624,-0.3207198,-0.26755807,-0.32696477,-0.32854122,-0.31676275,-0.32445285,-0.23875734,-0.32284898,-0.32284898,-0.31979084,-0.32378075,-0.24718808,-0.32432246,-0.3291557,-0.3328914,-0.3328914,-0.2443454,-0.30590335,-0.3233376,-0.3217856,-0.3166716,-0.2851582,-0.31575638,-0.31715828,-0.310298,-0.3255994,-0.24634947,-0.3272691,-0.32986963,-0.323744,-0.3272577,-0.26808205,-0.26286402,-0.3164841,-0.32277873,-0.33141193,-0.256234,-0.2358737,-0.32636124,-0.32498157,-0.32947105,-0.2850096,-0.30183107,-0.27669096,-0.30985528,-0.3320185,-0.31161842,-0.27598393,-0.32759145,-0.32037857,-0.33019432,-0.19459927,-0.19459927,-0.32411462,-0.30701396,-0.32943356,-0.20658675,-0.20658675,-0.33048365,-0.32690454,-0.3289357,-0.20655881,-0.31196946,-0.3214015,-0.32501906,-0.33506903
k__Bacteria|p__Firmicutes|c__Bacilli|o__Lactobacillales|f__Lactobacillaceae|g__unclassified|s__unclassified,-0.28271136,-0.31904158,-0.32328734,-0.31718764,-0.3322257,-0.2932219,-0.3258366,-0.3327108,-0.33075604,-0.33005035,-0.19440371,-0.32539368,-0.31133458,-0.31570548,-0.3099353,-0.28736472,-0.3303013,-0.32922024,-0.3306145,-0.3311851,-0.26184985,-0.31223327,-0.32618594,-0.3298624,-0.3207198,-0.26755807,-0.32696477,-0.32854122,-0.31676275,-0.32445285,-0.23875734,-0.32284898,-0.32284898,-0.31979084,-0.32378075,-0.24718808,-0.32432246,-0.3291557,-0.3328914,-0.3328914,-0.2443454,-0.30590335,-0.3233376,-0.32143456,-0.3166716,-0.2851582,-0.31598496,-0.31715828,-0.310298,-0.3255994,-0.24634947,-0.3272691,-0.32986963,-0.323744,-0.3267264,-0.26835138,-0.26286402,-0.31560713,-0.32277873,-0.33141193,-0.256234,-0.2358737,-0.32636124,-0.3255099,-0.32931018,-0.2850096,-0.30183107,-0.27669096,-0.30985528,-0.3320185,-0.31161842,-0.27598393,-0.32681328,-0.32037857,-0.33019432,-0.19459927,-0.19459927,-0.32411462,-0.30701396,-0.32943356,-0.20658675,-0.20658675,-0.33048365,-0.32690454,-0.3289357,-0.20655881,-0.31196946,-0.3214015,-0.3246469,-0.33506903
k__Bacteria|p__Firmicutes|c__Erysipelotrichi|o__Erysipelotrichales|f__Erysipelotrichaceae|g__[Eubacterium]|s__biforme,-0.28271136,-0.31904158,-0.32328734,-0.31718764,-0.3322257,-0.2932219,-0.3258366,-0.3327108,-0.33075604,-0.33005035,-0.19440371,-0.32539368,-0.31133458,-0.31570548,-0.3099353,-0.2872963,-0.3303013,-0.33165053,-0.33171463,-0.33226797,-0.26184985,-0.31223327,-0.32847524,-0.3298624,-0.3207198,-0.26755807,-0.32696477,-0.32854122,-0.31676275,-0.32445285,-0.23875734,-0.32284898,-0.32284898,-0.31979084,-0.32378075,-0.24718808,-0.32432246,-0.3291557,-0.3328914,-0.3328914,-0.2443454,-0.30590335,-0.3233376,-0.3227141,-0.3166716,-0.2851582,-0.31675738,-0.31715828,-0.310298,-0.3255994,-0.24634947,-0.3272691,-0.32986963,-0.323744,-0.3279599,-0.26854718,-0.26286402,-0.31773406,-0.32277873,-0.33141193,-0.256234,-0.2358737,-0.32636124,-0.32652932,-0.33045393,-0.2850096,-0.30183107,-0.27669096,-0.30985528,-0.3320185,-0.31161842,-0.27598393,-0.32897756,-0.32037857,-0.33019432,-0.19459927,-0.19459927,-0.32411462,-0.30701396,-0.32943356,-0.20658675,-0.20658675,-0.33048365,-0.32690454,-0.3289357,-0.20655881,-0.31196946,-0.3214015,-0.32614833,-0.33506903
k__Bacteria|p__Firmicutes|c__Clostridia|o__Clostridiales|f__Veillonellaceae|g__Dialister|s__invisus,-0.28271136,-0.31904158,-0.32328734,-0.31718764,-0.3322257,-0.2932219,-0.3258366,-0.3327108,-0.33075604,-0.33005035,-0.19440371,-0.32539368,-0.31133458,-0.31570548,-0.3099353,-0.2865047,-0.3303013,-0.33195496,-0.33070117,-0.33155525,-0.26184985,-0.31223327,-0.3289739,-0.3298624,-0.3207198,-0.26755807,-0.32696477,-0.32854122,-0.31676275,-0.32445285,-0.23875734,-0.32284898,-0.32284898,-0.31979084,-0.32378075,-0.24718808,-0.32432246,-0.3291557,-0.3328914,-0.3328914,-0.2443454,-0.30590335,-0.3233376,-0.32199097,-0.3166716,-0.2851582,-0.31768352,-0.31715828,-0.310298,-0.3255994,-0.24634947,-0.3272691,-0.32986963,-0.323744,-0.3274383,-0.26770267,-0.26286402,-0.318292,-0.32277873,-0.33141193,-0.256234,-0.2358737,-0.32636124,-0.32573307,-0.32990533,-0.2850096,-0.30183107,-0.27669096,-0.30985528,-0.3320185,-0.31161842,-0.27598393,-0.32910228,-0.32037857,-0.33019432,-0.19459927,-0.19459927,-0.32411462,-0.30701396,-0.32943356,-0.20658675,-0.20658675,-0.33048365,-0.32690454,-0.3289357,-0.20655881,-0.31196946,-0.3214015,-0.32547903,-0.33506903
k__Bacteria|p__Firmicutes|c__Clostridia|o__Clostridiales|f__Veillonellaceae|g__Phascolarctobacterium|s__unclassified,-0.28271136,-0.31904158,-0.32328734,-0.31718764,-0.3322257,-0.2932219,-0.3258366,-0.3327108,-0.33075604,-0.33005035,-0.19440371,-0.32539368,-0.31133458,-0.31570548,-0.3099353,-0.287337,-0.3303013,-0.3297767,-0.3307607,-0.33149463,-0.26184985,-0.31223327,-0.32654265,-0.3298624,-0.3207198,-0.26755807,-0.32696477,-0.32854122,-0.31676275,-0.32445285,-0.23875734,-0.32284898,-0.32284898,-0.31979084,-0.32378075,-0.24718808,-0.32432246,-0.3291557,-0.3328914,-0.3328914,-0.2443454,-0.30590335,-0.3233376,-0.32169443,-0.3166716,-0.2851582,-0.3163665,-0.31715828,-0.310298,-0.3255994,-0.24634947,-0.3272691,-0.32986963,-0.323744,-0.3270651,-0.26846758,-0.26286402,-0.31639612,-0.32277873,-0.33141193,-0.256234,-0.2358737,-0.32636124,-0.32540312,-0.3295005,-0.2850096,-0.30183107,-0.27669096,-0.30985528,-0.3320185,-0.31161842,-0.27598393,-0.32758325,-0.32037857,-0.33019432,-0.19459927,-0.19459927,-0.32411462,-0.30701396,-0.32943356,-0.20658675,-0.20658675,-0.33048365,-0.32690454,-0.3289357,-0.20655881,-0.31196946,-0.3214015,-0.32473803,-0.33506903
k__Bacteria|p__Firmicutes|c__Bacilli|o__Lactobacillales|f__Lactobacillaceae|g__Pediococcus|s__unclassified,-0.28271136,-0.31904158,-0.32328734,-0.31718764,-0.3322257,-0.2932219,-0.3258366,-0.3327108,-0.33075604,-0.33005035,-0.19440371,-0.32539368,-0.31133458,-0.31570548,-0.3099353,-0.28735462,-0.3303013,-0.33011907,-0.33086333,-0.33145842,-0.26184985,-0.31223327,-0.3270125,-0.3298624,-0.3207198,-0.26755807,-0.32696477,-0.32854122,-0.31676275,-0.32445285,-0.23875734,-0.32284898,-0.32284898,-0.31979084,-0.32378075,-0.24718808,-0.32432246,-0.3291557,-0.3328914,-0.3328914,-0.2443454,-0.30590335,-0.3233376,-0.32188156,-0.3166716,-0.2851582,-0.3164197,-0.31715828,-0.310298,-0.3255994,-0.24634947,-0.3272691,-0.32986963,-0.323744,-0.32711077,-0.26843163,-0.26286402,-0.3165388,-0.32277873,-0.33141193,-0.256234,-0.2358737,-0.32636124,-0.32564843,-0.32957894,-0.2850096,-0.30183107,-0.27669096,-0.30985528,-0.3320185,-0.31161842,-0.27598393,-0.32769763,-0.32037857,-0.33019432,-0.19459927,-0.19459927,-0.32411462,-0.30701396,-0.32943356,-0.20658675,-0.20658675,-0.33048365,-0.32690454,-0.3289357,-0.20655881,-0.31196946,-0.3214015,-0.32503828,-0.33506903
k__Bacteria|p__Firmicutes|c__Bacilli|o__Lactobacillales|f__Enterococcaceae|g__unclassified|s__unclassified,-0.28271136,-0.31904158,-0.32328734,-0.31718764,-0.3322257,-0.2932219,-0.3258366,-0.3327108,-0.33075604,-0.33005035,-0.19440371,-0.32539368,-0.31133458,-0.31570548,-0.3099353,-0.28568518,-0.3303013,-0.3314068,-0.3291457,-0.33057988,-0.26184985,-0.31223327,-0.32837883,-0.3298624,-0.3207198,-0.26755807,-0.32696477,-0.32854122,-0.31676275,-0.32445285,-0.23875734,-0.32284898,-0.32284898,-0.31979084,-0.32378075,-0.24718808,-0.32432246,-0.3291557,-0.3328914,-0.3328914,-0.2443454,-0.30590335,-0.3233376,-0.3203307,-0.3166716,-0.2851582,-0.31516922,-0.31715828,-0.310298,-0.3255994,-0.24634947,-0.3272691,-0.32986963,-0.323744,-0.3267579,-0.26760125,-0.26286402,-0.31805798,-0.32277873,-0.33141193,-0.256234,-0.2358737,-0.32636124,-0.3240674,-0.3291154,-0.2850096,-0.30183107,-0.27669096,-0.30985528,-0.3320185,-0.31161842,-0.27598393,-0.3286065,-0.32037857,-0.33019432,-0.19459927,-0.19459927,-0.32411462,-0.30701396,-0.32943356,-0.20658675,-0.20658675,-0.33048365,-0.32690454,-0.3289357,-0.20655881,-0.31196946,-0.3214015,-0.32472333,-0.33506903
k__Bacteria|p__Firmicutes|c__Erysipelotrichi|o__Erysipelotrichales|f__[Coprobacillaceae]|g__Catenibacterium|s__unclassified,-0.28271136,-0.31904158,-0.32328734,-0.31718764,-0.3322257,-0.2932219,-0.3258366,-0.3327108,-0.33075604,-0.33005035,-0.19440371,-0.32539368,-0.31133458,-0.31570548,-0.3099353,-0.28726447,-0.3303013,-0.32918397,-0.330949,-0.3316668,-0.26184985,-0.31223327,-0.3258847,-0.3298624,-0.3207198,-0.26755807,-0.32696477,-0.32854122,-0.31676275,-0.32445285,-0.23875734,-0.32284898,-0.32284898,-0.31979084,-0.32378075,-0.24718808,-0.32432246,-0.3291557,-0.3328914,-0.3328914,-0.2443454,-0.30590335,-0.3233376,-0.32189977,-0.3166716,-0.2851582,-0.31625122,-0.31715828,-0.310298,-0.3255994,-0.24634947,-0.3272691,-0.32986963,-0.323744,-0.3271619,-0.26870984,-0.26286402,-0.3161751,-0.32277873,-0.33141193,-0.256234,-0.2358737,-0.32636124,-0.32559586,-0.3296153,-0.2850096,-0.30183107,-0.27669096,-0.30985528,-0.3320185,-0.31161842,-0.27598393,-0.32711625,-0.32037857,-0.33019432,-0.19459927,-0.19459927,-0.32411462,-0.30701396,-0.32943356,-0.20658675,-0.20658675,-0.33048365,-0.32690454,-0.3289357,-0.20655881,-0.31196946,-0.3214015,-0.32466602,-0.33506903
k__Bacteria|p__Firmicutes|c__Clostridia|o__Coriobacteriales|f__Coriobacteriaceae|g__Collinsella|s__aerofaciens,-0.28271136,-0.31904158,-0.32328734,-0.31718764,-0.3322257,-0.2932219,-0.3258366,-0.3327108,-0.33075604,-0.33005035,-0.19440371,-0.32539368,-0.31133458,-0.31570548,-0.3099353,-0.2874291,-0.3303013,-0.33017665,-0.3311047,-0.33188248,-0.26184985,-0.31223327,-0.32696837,-0.3298624,-0.3207198,-0.26755807,-0.32696477,-0.32854122,-0.31676275,-0.32445285,-0.23875734,-0.32284898,-0.32284898,-0.31979084,-0.32378075,-0.24718808,-0.32432246,-0.3291557,-0.3328914,-0.3328914,-0.2443454,-0.30590335,-0.3233376,-0.3221841,-0.3166716,-0.2851582,-0.31667662,-0.31715828,-0.310298,-0.3255994,-0.24634947,-0.3272691,-0.32986963,-0.323744,-0.32760328,-0.2684587,-0.26286402,-0.31702012,-0.32277873,-0.33141193,-0.256234,-0.2358737,-0.32636124,-0.32564425,-0.32998258,-0.2850096,-0.30183107,-0.27669096,-0.30985528,-0.3320185,-0.31161842,-0.27598393,-0.3279479,-0.32037857,-0.33019432,-0.19459927,-0.19459927,-0.32411462,-0.30701396,-0.32943356,-0.20658675,-0.20658675,-0.33048365,-0.32690454,-0.3289357,-0.20655881,-0.31196946,-0.3214015,-0.32522634,-0.33506903
k__Bacteria|p__Firmicutes|c__Clostridia|o__Clostridiales|f__Ruminococcaceae|g__Ruminococcus|s__bromii,-0.28271136,-0.31904158,-0.32328734,-0.31718764,-0.3322257,-0.2932219,-0.3258366,-0.3327108,-0.33075604,-0.33005035,-0.19440371,-0.32539368,-0.31133458,-0.31570548,-0.3099353,-0.28697306,-0.3303013,-0.3309558,-0.3300823,-0.33147448,-0.26184985,-0.31223327,-0.3278614,-0.3298624,-0.3207198,-0.26755807,-0.32696477,-0.32854122,-0.31676275,-0.32445285,-0.23875734,-0.32284898,-0.32284898,-0.31979084,-0.32378075,-0.24718808,-0.32432246,-0.3291557,-0.3328914,-0.3328914,-0.2443454,-0.30590335,-0.3233376,-0.32084286,-0.3166716,-0.2851582,-0.3165631,-0.31715828,-0.310298,-0.3255994,-0.24634947,-0.3272691,-0.32986963,-0.323744,-0.32741535,-0.26804405,-0.26286402,-0.31801498,-0.32277873,-0.33141193,-0.256234,-0.2358737,-0.32636124,-0.3246423,-0.32975602,-0.2850096,-0.30183107,-0.27669096,-0.30985528,-0.3320185,-0.31161842,-0.27598393,-0.32881546,-0.32037857,-0.33019432,-0.19459927,-0.19459927,-0.32411462,-0.30701396,-0.32943356,-0.20658675,-0.20658675,-0.33048365,-0.32690454,-0.3289357,-0.20655881,-0.31196946,-0.3214015,-0.32490924,-0.33506903
k__Bacteria|p__Firmicutes|c__Bacilli|o__Lactobacillales|f__Lactobacillaceae|g__Lactobacillus|s__zeae,1.3028643,0.904591,0.8428471,-0.31718764,-0.3322257,1.1805775,-0.3258366,-0.3327108,-0.33075604,0.6590247,-0.19440371,-0.32539368,-0.31133458,-0.31570548,-0.3099353,-0.26550633,-0.3303013,-0.32738155,-0.32945853,-0.33073455,-0.26184985,-0.31223327,-0.32511622,-0.3298624,-0.3207198,-0.26755807,0.74731773,-0.32854122,-0.31676275,-0.32445285,-0.23875734,0.85876685,0.85876685,0.85339403,-0.32378075,1.6314491,-0.32432246,-0.3291557,-0.3328914,-0.3328914,-0.2443454,-0.30590335,-0.3233376,-0.3210665,-0.3166716,-0.2851582,-0.3074507,-0.31715828,-0.310298,-0.3255994,1.6345367,-0.3272691,-0.32986963,-0.323744,-0.3264224,-0.24867968,1.4967061,-0.31431252,-0.32277873,-0.33141193,1.5942063,-0.2358737,-0.32636124,-0.32617456,-0.32946026,1.2162913,-0.30183107,-0.27669096,-0.30985528,-0.3320185,0.96400833,1.4177644,-0.32463044,-0.32037857,-0.33019432,-0.19459927,-0.19459927,-0.32411462,-0.30701396,-0.32943356,-0.20658675,-0.20658675,-0.33048365,-0.32690454,-0.3289357,-0.20655881,-0.31196946,-0.3214015,-0.32552776,-0.33506903
k__Bacteria|p__Firmicutes|c__Bacilli|o__Gemellales|f__Gemellaceae|g__unclassified|s__unclassified,-0.28271136,-0.31904158,-0.32328734,-0.31718764,-0.3322257,-0.2932219,-0.3258366,-0.3327108,-0.33075604,-0.33005035,-0.19440371,-0.32539368,-0.31133458,-0.31570548,-0.3099353,-0.28407598,-0.3303013,-0.3305874,-0.33068332,-0.3313609,-0.26184985,-0.31223327,-0.32744518,-0.3298624,-0.3207198,1.4101083,-0.32696477,-0.32854122,-0.31676275,-0.32445285,-0.23875734,-0.32284898,-0.32284898,-0.31979084,-0.32378075,-0.24718808,-0.32432246,-0.3291557,-0.3328914,-0.3328914,-0.2443454,-0.30590335,-0.3233376,-0.32112238,-0.3166716,-0.2851582,-0.3148721,-0.31715828,-0.310298,-0.3255994,-0.24634947,-0.3272691,-0.32986963,-0.323744,-0.32692268,-0.26523638,1.4667585,-0.31682062,-0.32277873,-0.33141193,-0.256234,-0.2358737,-0.32636124,-0.32560417,-0.3295706,-0.2850096,-0.30183107,-0.27669096,-0.30985528,-0.3320185,0.93337226,-0.27598393,-0.32793987,-0.32037857,-0.33019432,-0.19459927,-0.19459927,-0.32411462,-0.30701396,-0.32943356,-0.20658675,-0.20658675,-0.33048365,-0.32690454,-0.3289357,-0.20655881,-0.31196946,-0.3214015,-0.3250147,-0.33506903
k__Bacteria|p__Firmicutes|c__Clostridia|o__Clostridiales|f__Veillonellaceae|g__Veillonella|s__unclassified,-0.28271136,-0.31904158,-0.32328734,-0.31718764,-0.3322257,1.9142796,1.0593824,0.8218438,-0.33075604,-0.33005035,-0.19440371,-0.32539368,-0.31133458,-0.31570548,-0.3099353,-0.28460497,-0.3303013,-0.32915235,-0.3300484,-0.33146027,-0.26184985,-0.31223327,-0.32626158,-0.3298624,-0.3207198,-0.26755807,-0.32696477,-0.32854122,-0.31676275,-0.32445285,-0.23875734,-0.32284898,-0.32284898,-0.31979084,-0.32378075,-0.24718808,-0.32432246,-0.3291557,-0.3328914,-0.3328914,-0.2443454,-0.30590335,-0.3233376,-0.32026973,-0.3166716,-0.2851582,-0.31329286,-0.31715828,-0.310298,-0.3255994,-0.24634947,-0.3272691,-0.32986963,-0.323744,-0.32726133,-0.26452762,-0.26286402,-0.3156479,-0.32277873,-0.33141193,-0.256234,-0.2358737,-0.32636124,-0.32464418,-0.32964838,-0.2850096,-0.30183107,-0.27669096,-0.30985528,-0.3320185,0.93647844,-0.27598393,-0.32678545,-0.32037857,-0.33019432,-0.19459927,-0.19459927,0.77508855,-0.30701396,-0.32943356,2.2369106,2.2369106,-0.33048365,-0.32690454,-0.3289357,-0.20655881,-0.31196946,-0.3214015,-0.32457763,-0.33506903
k__Bacteria|p__Firmicutes|c__Bacilli|o__Lactobacillales|f__Lactobacillaceae|g__Lactobacillus|s__unclassified,1.2975441,0.89120615,0.8327815,-0.31718764,-0.3322257,1.1705811,-0.3258366,0.595375,-0.33075604,0.6468623,-0.19440371,-0.32539368,-0.31133458,-0.31570548,-0.3099353,-0.28351614,-0.3303013,-0.3256536,-0.32737386,-0.32920656,-0.26184985,-0.31223327,-0.32259935,-0.3298624,-0.3207198,-0.26755807,0.74352676,-0.32854122,-0.31676275,-0.32445285,-0.23875734,-0.32284898,-0.32284898,-0.31979084,0.70460397,-0.24718808,-0.32432246,-0.3291557,-0.3328914,-0.3328914,-0.2443454,-0.30590335,-0.3233376,-0.31938586,-0.3166716,-0.2851582,-0.3139938,-0.31715828,-0.310298,-0.3255994,-0.24634947,-0.3272691,-0.32986963,-0.323744,-0.32502687,-0.26581955,-0.26286402,-0.31319633,-0.32277873,-0.33141193,-0.256234,-0.2358737,-0.32636124,-0.32236204,-0.32742065,1.2152828,-0.30183107,-0.27669096,-0.30985528,-0.3320185,-0.31161842,-0.27598393,-0.32377362,-0.32037857,-0.33019432,-0.19459927,-0.19459927,-0.32411462,-0.30701396,-0.32943356,-0.20658675,-0.20658675,0.64269346,0.3670686,-0.3289357,-0.20655881,-0.31196946,-0.3214015,-0.3220499,-0.33506903
k__Bacteria|p__Firmicutes|c__Clostridia|o__Coriobacteriales|f__Coriobacteriaceae|g__Slackia|s__unclassified,-0.28271136,-0.31904158,-0.32328734,-0.31718764,0.55627286,-0.2932219,-0.3258366,-0.3327108,-0.33075604,-0.33005035,-0.19440371,-0.32539368,-0.31133458,-0.31570548,-0.3099353,-0.28589594,-0.3303013,-0.3305611,-0.33009708,-0.33097744,-0.26184985,-0.31223327,-0.3274516,-0.3298624,-0.3207198,-0.26755807,-0.32696477,-0.32854122,-0.31676275,-0.32445285,-0.23875734,-0.32284898,-0.32284898,-0.31979084,-0.32378075,-0.24718808,-0.32432246,-0.3291557,-0.3328914,-0.3328914,-0.2443454,-0.30590335,-0.3233376,-0.3211822,-0.3166716,-0.2851582,-0.31620088,-0.31715828,-0.310298,-0.3255994,-0.24634947,-0.3272691,-0.32986963,-0.323744,-0.3268055,-0.2672958,-0.26286402,-0.31697333,-0.32277873,-0.33141193,-0.256234,-0.2358737,-0.32636124,-0.32500112,-0.32924318,-0.2850096,-0.30183107,-0.27669096,-0.30985528,-0.3320185,-0.31161842,-0.27598393,-0.32783702,-0.32037857,-0.33019432,-0.19459927,-0.19459927,-0.32411462,-0.30701396,-0.32943356,-0.20658675,-0.20658675,-0.33048365,-0.32690454,-0.3289357,-0.20655881,-0.31196946,-0.3214015,-0.32472807,-0.33506903
k__Bacteria|p__Firmicutes|c__Clostridia|o__Clostridiales|f__Lachnospiraceae|g__Blautia|s__producta,-0.28271136,-0.31904158,-0.32328734,0.87802094,-0.3322257,-0.2932219,-0.3258366,0.5661277,-0.33075604,-0.33005035,-0.19440371,-0.32539368,0.94302964,0.8660621,0.93193597,-0.28919145,-0.3303013,-0.3285583,-0.32875362,-0.33050963,-0.26184985,-0.31223327,-0.32626733,-0.3298624,-0.3207198,-0.26755807,-0.32696477,0.71832246,-0.31676275,0.73050797,-0.23875734,-0.32284898,-0.32284898,-0.31979084,-0.32378075,-0.24718808,-0.32432246,-0.3291557,-0.3328914,-0.3328914,-0.2443454,-0.30590335,0.777005,-0.31929874,-0.3166716,-0.2851582,-0.31485388,-0.31715828,-0.310298,-0.3255994,-0.24634947,-0.3272691,-0.32986963,-0.323744,-0.32653773,-0.26953402,-0.26286402,-0.3150235,-0.32277873,-0.33141193,-0.256234,-0.2358737,-0.32636124,-0.32407007,-0.32908875,-0.2850096,-0.30183107,-0.27669096,-0.30985528,-0.3320185,-0.31161842,-0.27598393,-0.32600024,-0.32037857,-0.33019432,-0.19459927,-0.19459927,-0.32411462,0.96581656,-0.32943356,-0.20658675,-0.20658675,0.64282036,-0.32690454,-0.3289357,-0.20655881,-0.31196946,-0.3214015,-0.32386756,-0.33506903
k__Bacteria|p__Firmicutes|c__Bacilli|o__Lactobacillales|f__Streptococcaceae|g__unclassified|s__unclassified,-0.28271136,-0.31904158,-0.32328734,-0.31718764,-0.3322257,-0.2932219,-0.3258366,-0.3327108,-0.33075604,-0.33005035,-0.19440371,0.74274194,-0.31133458,0.86167157,-0.3099353,-0.2871893,-0.3303013,-0.32953787,-0.3303926,-0.33132607,-0.26184985,-0.31223327,-0.326706,-0.3298624,-0.3207198,-0.26755807,-0.32696477,0.7146748,-0.31676275,-0.32445285,-0.23875734,-0.32284898,-0.32284898,-0.31979084,-0.32378075,-0.24718808,-0.32432246,-0.3291557,-0.3328914,-0.3328914,-0.2443454,-0.30590335,-0.3233376,-0.3212145,-0.3166716,-0.2851582,-0.3148961,-0.31715828,-0.310298,-0.3255994,-0.24634947,-0.3272691,-0.32986963,-0.323744,-0.32707962,-0.26802096,-0.26286402,-0.3160448,-0.32277873,-0.33141193,-0.256234,-0.2358737,-0.32636124,-0.32539642,-0.32955986,-0.2850096,-0.30183107,-0.27669096,-0.30985528,-0.3320185,-0.31161842,-0.27598393,-0.3270967,-0.32037857,-0.33019432,-0.19459927,-0.19459927,-0.32411462,-0.30701396,-0.32943356,-0.20658675,-0.20658675,-0.33048365,-0.32690454,-0.3289357,-0.20655881,-0.31196946,-0.3214015,-0.32484263,-0.33506903
k__Bacteria|p__Firmicutes|c__Clostridia|o__Clostridiales|f__Veillonellaceae|g__Selenomonas|s__unclassified,-0.28271136,-0.31904158,-0.32328734,-0.31718764,-0.3322257,-0.2932219,-0.3258366,-0.3327108,-0.33075604,-0.33005035,-0.19440371,-0.32539368,-0.31133458,-0.31570548,-0.3099353,-0.28713447,-0.3303013,-0.32950425,-0.32986587,-0.33084115,-0.26184985,-0.31223327,-0.3264497,-0.3298624,-0.3207198,-0.26755807,-0.32696477,0.71540534,-0.31676275,-0.32445285,-0.23875734,-0.32284898,-0.32284898,-0.31979084,-0.32378075,-0.24718808,-0.32432246,-0.3291557,-0.3328914,-0.3328914,-0.2443454,-0.30590335,-0.3233376,-0.32053015,-0.3166716,-0.2851582,-0.31604996,-0.31715828,-0.310298,-0.3255994,-0.24634947,-0.3272691,-0.32986963,-0.323744,-0.3264817,-0.26809707,-0.26286402,-0.31617868,-0.32277873,0.6458147,-0.256234,-0.2358737,-0.32636124,-0.32477486,-0.3290482,-0.2850096,-0.30183107,-0.27669096,-0.30985528,-0.3320185,-0.31161842,-0.27598393,-0.32695156,-0.32037857,-0.33019432,-0.19459927,-0.19459927,-0.32411462,-0.30701396,-0.32943356,-0.20658675,-0.20658675,-0.33048365,-0.32690454,-0.3289357,-0.20655881,-0.31196946,-0.3214015,-0.32387707,-0.33506903
k__Bacteria|p__Firmicutes|c__Clostridia|o__Clostridiales|f__Veillonellaceae|g__Megamonas|s__unclassified,-0.28271136,-0.31904158,-0.32328734,-0.31718764,-0.3322257,-0.2932219,-0.3258366,-0.3327108,-0.33075604,-0.33005035,-0.19440371,-0.32539368,-0.31133458,-0.31570548,-0.3099353,-0.28704968,-0.3303013,-0.32790354,-0.32873872,-0.32990217,-0.26184985,-0.31223327,-0.324868,-0.3298624,-0.3207198,-0.26755807,-0.32696477,-0.32854122,-0.31676275,-0.32445285,-0.23875734,-0.32284898,-0.32284898,-0.31979084,-0.32378075,-0.24718808,-0.32432246,-0.3291557,-0.3328914,-0.3328914,-0.2443454,-0.30590335,-0.3233376,-0.32098746,-0.3166716,-0.2851582,-0.31714404,-0.31715828,-0.310298,-0.3255994,-0.24634947,-0.3272691,-0.32986963,-0.323744,-0.32584512,-0.26901472,-0.26286402,-0.31508622,-0.32277873,-0.33141193,-0.256234,-0.2358737,-0.32636124,-0.32361645,-0.32799992,-0.2850096,-0.30183107,-0.27669096,-0.30985528,-0.3320185,-0.31161842,-0.27598393,-0.32575065,-0.32037857,0.6468035,-0.19459927,-0.19459927,-0.32411462,-0.30701396,-0.32943356,-0.20658675,-0.20658675,0.979612,0.41738212,0.42434147,-0.20655881,-0.31196946,-0.3214015,-0.323393,-0.33506903
k__Bacteria|p__Firmicutes|c__Clostridia|o__Clostridiales|f__Lachnospiraceae|g__Anaerostipes|s__unclassified,-0.28271136,-0.31904158,-0.32328734,-0.31718764,-0.3322257,-0.2932219,-0.3258366,-0.3327108,-0.33075604,-0.33005035,-0.19440371,-0.32539368,-0.31133458,-0.31570548,-0.3099353,-0.28753567,-0.3303013,-0.32962346,-0.3303898,-0.33125922,-0.26184985,-0.31223327,-0.3265192,-0.3298624,-0.3207198,-0.26755807,-0.32696477,-0.32854122,-0.31676275,-0.32445285,-0.23875734,-0.32284898,-0.32284898,-0.31979084,-0.32378075,-0.24718808,-0.32432246,-0.3291557,0.605714,0.605714,-0.2443454,-0.30590335,-0.3233376,-0.32173246,0.85081106,-0.2851582,-0.3166415,-0.31715828,-0.310298,-0.3255994,-0.24634947,-0.3272691,-0.32986963,-0.323744,-0.32698926,-0.26887184,-0.26286402,-0.31624198,-0.32277873,-0.33141193,-0.256234,-0.2358737,-0.32636124,-0.32513002,-0.32932442,-0.2850096,-0.30183107,-0.27669096,-0.30985528,-0.3320185,-0.31161842,-0.27598393,-0.32739645,-0.32037857,-0.33019432,-0.19459927,-0.19459927,-0.32411462,-0.30701396,-0.32943356,-0.20658675,-0.20658675,-0.33048365,-0.32690454,-0.3289357,-0.20655881,-0.31196946,-0.3214015,-0.3247881,-0.33506903
k__Bacteria|p__Firmicutes|c__Clostridia|o__Clostridiales|f__Clostridiaceae|g__unclassified|s__unclassified,1.3053582,0.9069519,-0.32328734,-0.31718764,-0.3322257,-0.2932219,0.7905633,0.5557733,-0.33075604,-0.33005035,2.1539493,0.75617,-0.31133458,-0.31570548,-0.3099353,-0.23161173,-0.3303013,-0.32720825,-0.33776027,-0.33661208,-0.26184985,-0.31223327,-0.3188401,-0.3298624,-0.3207198,1.4124886,-0.32696477,0.7165003,-0.31676275,-0.32445285,1.7977549,0.8599223,0.8599223,-0.31979084,0.7029398,-0.24718808,-0.32432246,-0.3291557,-0.3328914,-0.3328914,1.7459779,1.0146612,-0.3233376,-0.31136656,-0.3166716,1.2022742,-0.29576838,-0.31715828,-0.310298,-0.3255994,-0.24634947,0.742485,0.6818866,-0.323744,-0.32301143,-0.18354794,-0.26286402,-0.29314208,-0.32277873,0.64977413,-0.256234,-0.2358737,-0.32636124,-0.32490563,-0.33172092,-0.2850096,-0.30183107,-0.27669096,-0.30985528,-0.3320185,-0.31161842,-0.27598393,-0.32204694,-0.32037857,-0.33019432,2.1372232,2.1372232,-0.32411462,-0.30701396,-0.32943356,1.9910626,1.9910626,-0.33048365,-0.32690454,-0.3289357,-0.20655881,-0.31196946,-0.3214015,-0.32203865,-0.33506903
k__Bacteria|p__Firmicutes|c__Clostridia|o__Clostridiales|f__Lachnospiraceae|g__Lachnobacterium|s__unclassified,-0.28271136,-0.31904158,-0.32328734,-0.31718764,-0.3322257,-0.2932219,-0.3258366,-0.3327108,-0.33075604,-0.33005035,-0.19440371,-0.32539368,-0.31133458,-0.31570548,-0.3099353,-0.28656214,-0.3303013,-0.33052465,-0.3304721,-0.33121854,-0.26184985,-0.31223327,-0.32737905,-0.3298624,-0.3207198,-0.26755807,-0.32696477,-0.32854122,-0.31676275,-0.32445285,-0.23875734,-0.32284898,-0.32284898,-0.31979084,-0.32378075,-0.24718808,-0.32432246,-0.3291557,-0.3328914,-0.3328914,-0.2443454,-0.30590335,-0.3233376,-0.3217103,-0.3166716,-0.2851582,-0.31636116,-0.31715828,-0.310298,-0.3255994,-0.24634947,-0.3272691,-0.32986963,-0.323744,-0.32707173,-0.2678737,-0.26286402,-0.31760734,-0.32277873,-0.33141193,-0.256234,-0.2358737,-0.32636124,-0.32512572,-0.32939386,-0.2850096,-0.30183107,-0.27669096,-0.30985528,0.62899715,-0.31161842,-0.27598393,-0.32826263,-0.32037857,-0.33019432,-0.19459927,-0.19459927,-0.32411462,-0.30701396,-0.32943356,-0.20658675,-0.20658675,-0.33048365,-0.32690454,-0.3289357,-0.20655881,-0.31196946,-0.3214015,-0.32483143,-0.33506903
k__Bacteria|p__Firmicutes|c__Erysipelotrichi|o__Erysipelotrichales|f__[Coprobacillaceae]|g__Coprobacillus|s__unclassified,-0.28271136,-0.31904158,-0.32328734,0.87326205,-0.3322257,-0.2932219,-0.3258366,-0.3327108,-0.33075604,-0.33005035,-0.19440371,-0.32539368,0.9373535,0.8708299,0.9272746,-0.28906843,-0.3303013,-0.3303662,-0.33017713,-0.3307944,-0.26184985,-0.31223327,-0.32766426,-0.3298624,-0.3207198,-0.26755807,-0.32696477,-0.32854122,-0.31676275,-0.32445285,-0.23875734,-0.32284898,-0.32284898,-0.31979084,0.70786875,-0.24718808,-0.32432246,-0.3291557,-0.3328914,-0.3328914,-0.2443454,-0.30590335,-0.3233376,-0.32069445,-0.3166716,-0.2851582,-0.31560543,-0.31715828,-0.310298,-0.3255994,-0.24634947,-0.3272691,-0.32986963,-0.323744,-0.32668638,-0.26950943,-0.26286402,-0.31713343,-0.32277873,0.6489053,-0.256234,-0.2358737,-0.32636124,-0.32501316,-0.3290125,-0.2850096,-0.30183107,-0.27669096,-0.30985528,-0.3320185,-0.31161842,-0.27598393,-0.32816127,-0.32037857,-0.33019432,-0.19459927,-0.19459927,-0.32411462,-0.30701396,-0.32943356,-0.20658675,-0.20658675,0.6482633,-0.32690454,-0.3289357,-0.20655881,-0.31196946,0.853618,-0.3246547,-0.33506903
k__Bacteria|p__Firmicutes|c__Clostridia|o__Clostridiales|f__Veillonellaceae|g__Veillonella|s__parvula,1.7370608,-0.31904158,-0.32328734,0.94348454,-0.3322257,1.168381,-0.3258366,-0.3327108,-0.33075604,0.7334103,-0.19440371,0.7804499,0.93757236,0.86207145,0.9479693,0.8254848,-0.3303013,0.5983989,0.24036063,0.11507023,1.4512825,0.9354737,0.42906064,-0.3298624,-0.3207198,1.4148632,0.7526803,-0.32854122,-0.31676275,-0.32445285,-0.23875734,0.8821903,0.8821903,0.9341074,0.72300136,-0.24718808,0.849815,0.66241264,0.6026717,0.6026717,1.7694186,1.037157,0.7800336,0.4050839,-0.3166716,1.3422465,0.8733531,1.0293714,0.9710305,0.7138668,-0.24634947,0.7400901,0.67966527,-0.323744,0.14115307,0.8509345,-0.26286402,0.64482546,-0.32277873,-0.33141193,1.5826417,1.8200446,0.67949194,0.013185903,-0.00679788,-0.2850096,-0.30183107,-0.27669096,-0.30985528,-0.3320185,1.0649424,1.3332514,0.68218756,0.83479494,-0.33019432,2.2353902,2.2353902,0.71403587,-0.30701396,0.6946802,-0.20658675,-0.20658675,-0.33048365,0.37856087,-0.3289357,-0.20655881,-0.31196946,-0.3214015,0.026253566,-0.33506903
k__Bacteria|p__Firmicutes|c__Erysipelotrichi|o__Erysipelotrichales|f__Erysipelotrichaceae|g__Holdemania|s__unclassified,-0.28271136,-0.31904158,-0.32328734,-0.31718764,-0.3322257,-0.2932219,-0.3258366,-0.3327108,-0.33075604,-0.33005035,-0.19440371,-0.32539368,-0.31133458,-0.31570548,-0.3099353,-0.28804666,-0.3303013,-0.3305505,-0.33027682,-0.33145878,-0.26184985,-0.31223327,-0.3277678,-0.3298624,0.84874415,-0.26755807,-0.32696477,-0.32854122,-0.31676275,-0.32445285,-0.23875734,-0.32284898,-0.32284898,0.855071,0.7129384,-0.24718808,-0.32432246,-0.3291557,-0.3328914,-0.3328914,-0.2443454,-0.30590335,0.80116546,-0.3206221,0.85188097,-0.2851582,-0.31580216,-0.31715828,-0.310298,-0.3255994,-0.24634947,-0.3272691,-0.32986963,-0.323744,-0.32729003,-0.26862967,-0.26286402,-0.31689456,-0.32277873,-0.33141193,-0.256234,-0.2358737,-0.32636124,-0.3252259,-0.3298841,-0.2850096,-0.30183107,-0.27669096,-0.30985528,-0.3320185,-0.31161842,-0.27598393,-0.3279785,-0.32037857,-0.33019432,-0.19459927,-0.19459927,-0.32411462,-0.30701396,-0.32943356,-0.20658675,-0.20658675,-0.33048365,0.36644918,-0.3289357,-0.20655881,-0.31196946,-0.3214015,-0.32520586,-0.33506903
k__Bacteria|p__Firmicutes|c__Bacilli|o__Lactobacillales|f__Streptococcaceae|g__Lactococcus|s__unclassified,-0.28271136,-0.31904158,0.7942817,-0.31718764,0.55627286,-0.2932219,-0.3258366,0.5561854,-0.33075604,-0.33005035,-0.19440371,-0.32539368,-0.31133458,-0.31570548,0.9662574,-0.28752798,-0.3303013,-0.32855323,-0.32855612,-0.330777,-0.26184985,-0.31223327,-0.32569975,-0.3298624,-0.3207198,-0.26755807,-0.32696477,-0.32854122,-0.31676275,-0.32445285,-0.23875734,-0.32284898,-0.32284898,0.855769,-0.32378075,-0.24718808,-0.32432246,0.65146583,-0.3328914,-0.3328914,-0.2443454,-0.30590335,-0.3233376,-0.31971717,0.84941024,-0.2851582,-0.31502536,-0.31715828,-0.310298,0.7087677,-0.24634947,-0.3272691,-0.32986963,-0.323744,-0.3268944,-0.2687886,-0.26286402,-0.3157922,-0.32277873,-0.33141193,-0.256234,-0.2358737,-0.32636124,-0.32326818,-0.3291151,-0.2850096,-0.30183107,-0.27669096,-0.30985528,-0.3320185,-0.31161842,-0.27598393,-0.32653874,-0.32037857,-0.33019432,-0.19459927,-0.19459927,-0.32411462,0.96454024,-0.32943356,-0.20658675,-0.20658675,-0.33048365,-0.32690454,-0.3289357,-0.20655881,-0.31196946,0.8472593,-0.32356846,-0.33506903
k__Bacteria|p__Firmicutes|c__Clostridia|o__Clostridiales|f__Clostridiaceae|g__Clostridium|s__unclassified,-0.28271136,0.9101891,-0.32328734,0.81894237,-0.3322257,1.1721497,0.80186635,0.5543296,0.6669486,0.64918035,-0.19440371,0.7653901,0.94194055,0.87003684,-0.3099353,-0.15227515,-0.3303013,0.17986405,-0.035142273,-0.18539163,-0.26184985,-0.31223327,-0.053801857,-0.3298624,-0.3207198,1.5553601,-0.32696477,-0.32854122,-0.31676275,-0.32445285,-0.23875734,0.8748226,0.8748226,-0.31979084,0.7009391,-0.24718808,0.8002947,0.64950377,-0.3328914,-0.3328914,-0.2443454,1.0339742,-0.3233376,0.14074746,-0.3166716,-0.2851582,0.61159736,-0.31715828,0.9718637,-0.3255994,-0.24634947,0.7458018,0.67966527,-0.323744,-0.25301865,0.009490203,-0.26286402,0.120308645,-0.32277873,-0.33141193,-0.256234,-0.2358737,0.68123853,-0.22528848,-0.29893333,-0.2850096,-0.30183107,-0.27669096,-0.30985528,-0.3320185,-0.31161842,-0.27598393,0.2253049,-0.32037857,-0.33019432,-0.19459927,-0.19459927,0.7089929,-0.30701396,-0.32943356,2.2224176,2.2224176,-0.33048365,-0.32690454,-0.3289357,-0.20655881,-0.31196946,-0.3214015,-0.24926493,-0.33506903
k__Bacteria|p__Firmicutes|c__Bacilli|o__Turicibacterales|f__Turicibacteraceae|g__Turicibacter|s__unclassified,-0.28271136,-0.31904158,-0.32328734,-0.31718764,-0.3322257,-0.2932219,-0.3258366,-0.3327108,-0.33075604,-0.33005035,-0.19440371,-0.32539368,0.95256263,-0.31570548,-0.3099353,-0.28742868,0.71480274,-0.32963765,-0.33039182,-0.331499,-0.26184985,-0.31223327,-0.3264108,-0.3298624,-0.3207198,-0.26755807,-0.32696477,-0.32854122,-0.31676275,-0.32445285,-0.23875734,-0.32284898,-0.32284898,0.8566058,-0.32378075,-0.24718808,-0.32432246,-0.3291557,-0.3328914,-0.3328914,-0.2443454,-0.30590335,-0.3233376,-0.32157886,-0.3166716,-0.2851582,-0.31677014,-0.31715828,-0.310298,-0.3255994,-0.24634947,-0.3272691,0.7010377,-0.323744,-0.32713413,-0.26888293,-0.26286402,-0.31653258,-0.32277873,-0.33141193,-0.256234,-0.2358737,-0.32636124,-0.32512838,-0.3297052,-0.2850096,-0.30183107,-0.27669096,-0.30985528,-0.3320185,-0.31161842,-0.27598393,-0.32734108,-0.32037857,-0.33019432,-0.19459927,-0.19459927,-0.32411462,-0.30701396,0.59280163,-0.20658675,-0.20658675,-0.33048365,0.3917366,0.4401922,-0.20655881,-0.31196946,-0.3214015,-0.32466307,-0.33506903
k__Bacteria|p__Firmicutes|c__Clostridia|o__Clostridiales|f__Veillonellaceae|g__Veillonella|s__dispar,2.1012588,1.594845,0.99434906,1.067074,0.56007797,1.1712089,0.77353555,0.5561854,-0.33075604,0.7307948,2.3259678,0.77719,0.95514685,-0.31570548,0.9590119,1.2291961,0.77660376,0.79190195,0.48909515,0.44254607,1.4674431,1.0485972,0.69581366,-0.3298624,-0.3207198,1.4345903,0.95288676,1.105851,0.8821053,0.72849226,2.1366196,1.1405115,1.1405115,1.1297656,0.78926563,2.0708277,1.0503712,0.7606312,0.60861546,0.60861546,1.8086251,1.0910268,0.794202,0.65708494,-0.3166716,1.5455468,1.0010208,1.369586,0.99755865,0.7230188,-0.24634947,0.7662538,0.7084732,-0.323744,0.51139086,1.292995,-0.26286402,0.9106649,0.7880511,-0.33141193,1.604664,2.0321345,0.75658876,0.32924858,0.35887668,1.2183055,1.0168926,-0.27669096,-0.30985528,-0.3320185,0.9925614,-0.27598393,0.87455755,0.8607958,-0.33019432,2.2327585,2.2327585,-0.32411462,-0.30701396,0.5946137,-0.20658675,-0.20658675,0.64269346,0.44849342,0.4040953,2.0334842,0.39828205,-0.3214015,0.35898846,0.6162711
k__Bacteria|p__Firmicutes|c__Clostridia|o__Coriobacteriales|f__Coriobacteriaceae|g__unclassified|s__unclassified,-0.28271136,-0.31904158,-0.32328734,0.8260522,-0.3322257,-0.2932219,0.7745552,0.63270485,-0.33075604,0.64612365,-0.19440371,-0.32539368,-0.31133458,-0.31570548,-0.3099353,-0.2866327,-0.3303013,-0.32907516,-0.32928646,-0.33002657,-0.26184985,-0.31223327,-0.32573578,0.70539755,0.8560963,-0.26755807,-0.32696477,-0.32854122,-0.31676275,-0.32445285,-0.23875734,-0.32284898,-0.32284898,-0.31979084,-0.32378075,-0.24718808,-0.32432246,-0.3291557,0.6062422,0.6062422,-0.2443454,-0.30590335,-0.3233376,-0.32006058,-0.3166716,-0.2851582,-0.31517273,-0.31715828,-0.310298,-0.3255994,-0.24634947,-0.3272691,-0.32986963,-0.323744,-0.3257068,-0.26781246,-0.26286402,-0.3154953,-0.32277873,-0.33141193,-0.256234,-0.2358737,-0.32636124,-0.32379258,-0.32811654,-0.2850096,-0.30183107,-0.27669096,-0.30985528,-0.3320185,-0.31161842,-0.27598393,-0.3266765,-0.32037857,-0.33019432,-0.19459927,-0.19459927,-0.32411462,-0.30701396,-0.32943356,-0.20658675,-0.20658675,-0.33048365,-0.32690454,-0.3289357,-0.20655881,-0.31196946,-0.3214015,-0.32348257,-0.33506903
k__Bacteria|p__Firmicutes|c__Clostridia|o__Coriobacteriales|f__Coriobacteriaceae|g__Eggerthella|s__lenta,-0.28271136,0.9131229,-0.32328734,0.83724135,-0.3322257,-0.2932219,-0.3258366,-0.3327108,-0.33075604,-0.33005035,-0.19440371,-0.32539368,-0.31133458,-0.31570548,0.9302573,-0.28587303,-0.3303013,-0.32682055,-0.3282883,-0.3290528,-0.26184985,-0.31223327,-0.32397306,-0.3298624,0.84911305,-0.26755807,0.74731773,0.72086793,-0.31676275,-0.32445285,-0.23875734,-0.32284898,-0.32284898,-0.31979084,-0.32378075,1.6333438,-0.32432246,-0.3291557,-0.3328914,-0.3328914,-0.2443454,-0.30590335,-0.3233376,-0.31907934,0.8520454,-0.2851582,-0.31378016,0.86197066,0.9732682,-0.3255994,1.6121646,-0.3272691,-0.32986963,0.74242294,-0.32469493,-0.26659006,1.6147023,-0.31336582,-0.32277873,-0.33141193,-0.256234,-0.2358737,0.6786848,-0.32333338,-0.3272873,-0.2850096,-0.30183107,-0.27669096,-0.30985528,-0.3320185,-0.31161842,1.3318449,-0.3241915,-0.32037857,0.64426625,-0.19459927,-0.19459927,-0.32411462,-0.30701396,0.58977425,-0.20658675,-0.20658675,0.6433914,0.36624265,-0.3289357,-0.20655881,-0.31196946,-0.3214015,-0.3226087,-0.33506903
k__Bacteria|p__Firmicutes|c__Bacilli|o__Lactobacillales|f__Carnobacteriaceae|g__Granulicatella|s__unclassified,1.2899846,0.89777225,0.82533514,-0.31718764,-0.3322257,1.1788665,0.7955657,0.65814227,-0.33075604,-0.33005035,-0.19440371,0.74786085,-0.31133458,-0.31570548,-0.3099353,0.8883654,-0.3303013,0.22577631,-0.17593327,-0.32947993,-0.26184985,-0.31223327,0.13959432,-0.3298624,-0.3207198,1.4862529,0.7415257,0.7201413,-0.31676275,-0.32445285,1.7644602,0.85413176,0.85413176,-0.31979084,-0.32378075,1.6362518,0.7704195,-0.3291557,-0.3328914,-0.3328914,-0.2443454,1.0211403,-0.3233376,-0.1880593,-0.3166716,1.2012839,0.6989311,0.8726863,-0.310298,0.7230188,-0.24634947,0.7395571,-0.32986963,-0.323744,-0.35359263,0.7899264,1.5687126,0.1482854,-0.32277873,-0.33141193,1.582974,-0.2358737,0.6780116,-0.29354078,-0.38315296,1.2159247,-0.30183107,-0.27669096,-0.30985528,-0.3320185,0.940811,-0.27598393,0.24653086,-0.32037857,-0.33019432,2.138333,2.138333,-0.32411462,-0.30701396,-0.32943356,-0.20658675,-0.20658675,-0.33048365,-0.32690454,-0.3289357,-0.20655881,-0.31196946,-0.3214015,-0.2916164,-0.33506903
k__Bacteria|p__Firmicutes|c__Bacilli|o__Lactobacillales|f__Streptococcaceae|g__Streptococcus|s__unclassified,1.5060945,0.9183821,0.7858353,0.84463185,0.5571253,1.1712089,0.7679086,0.5705037,0.6688623,-0.33005035,-0.19440371,0.747238,0.9428119,0.8791192,0.93010455,1.0816331,0.70791984,0.74544483,0.5281564,0.5134913,1.4603223,0.92855227,0.6742838,0.70476216,0.8620954,1.4364489,0.8025227,0.75303113,0.86103696,0.7488745,-0.23875734,0.8633806,0.8633806,0.90092033,0.7577077,1.6375576,0.78164035,0.6531231,0.6058461,0.6058461,1.7586263,1.0208712,0.78069484,0.6276237,0.8535247,1.2099644,0.8591837,0.8533341,0.97581214,0.7245683,1.6137332,0.760658,0.72984946,-0.323744,0.56377494,1.0711014,1.4692371,0.81682456,-0.32277873,-0.33141193,1.5852969,-0.2358737,0.6952353,0.39258105,0.44667336,-0.2850096,-0.30183107,-0.27669096,-0.30985528,-0.3320185,0.99138784,1.3534243,0.80952346,0.834935,-0.33019432,-0.19459927,-0.19459927,0.7089929,-0.30701396,0.5927412,2.2655404,2.2655404,0.6556836,0.53536385,0.43850586,1.9962859,0.38967985,-0.3214015,0.42119974,0.6242058
k__Bacteria|p__Firmicutes|c__Clostridia|o__Clostridiales|f__Ruminococcaceae|g__unclassified|s__unclassified,-0.28271136,-0.31904158,-0.32328734,-0.31718764,0.6167582,-0.2932219,-0.3258366,0.5569062,0.82019883,0.6503374,-0.19440371,0.794098,0.9373535,0.8660621,0.94751906,-0.016354144,0.88062036,0.66462934,0.8015293,0.7761209,-0.26184985,-0.31223327,0.6112641,0.7325626,1.0250113,-0.26755807,0.74352676,0.82100433,0.8627445,1.1771846,-0.23875734,0.862805,0.862805,0.8542329,0.72533846,-0.24718808,0.79204684,0.70131683,0.70496047,0.70496047,-0.2443454,-0.30590335,0.837417,0.7814801,0.9152249,-0.2851582,0.61453843,0.88361937,0.9907369,0.80056834,-0.24634947,0.7741387,0.8673841,0.8194088,0.70261717,0.0060655717,-0.26286402,0.5614545,0.80534774,0.74583966,-0.256234,-0.2358737,0.69284976,0.80584705,0.7711984,-0.2850096,1.1316053,1.4607452,0.88316476,0.9147518,-0.31161842,-0.27598393,0.6287333,1.1855989,0.6849971,-0.19459927,-0.19459927,0.97521806,0.9703415,0.74296343,-0.20658675,-0.20658675,0.65367675,0.53274393,0.5502374,-0.20655881,0.45337227,0.8507086,0.7758404,0.7120114
k__Bacteria|p__Firmicutes|c__Clostridia|o__Coriobacteriales|f__Coriobacteriaceae|g__Collinsella|s__unclassified,-0.28271136,-0.31904158,-0.32328734,-0.31718764,0.5576263,-0.2932219,-0.3258366,-0.3327108,-0.33075604,0.7165322,-0.19440371,-0.32539368,0.99561113,0.9689146,-0.3099353,-0.284897,-0.3303013,-0.32721683,-0.32639122,-0.32608223,1.4624374,-0.31223327,-0.32359734,-0.3298624,-0.3207198,-0.26755807,-0.32696477,-0.32854122,-0.31676275,-0.32445285,-0.23875734,-0.32284898,-0.32284898,-0.31979084,-0.32378075,-0.24718808,-0.32432246,-0.3291557,0.6347411,0.6347411,-0.2443454,-0.30590335,-0.3233376,-0.31777582,-0.3166716,-0.2851582,-0.31623027,-0.31715828,-0.310298,-0.3255994,1.6483473,0.78870976,-0.32986963,-0.323744,-0.3214786,-0.2672587,-0.26286402,-0.31379122,0.7770529,-0.33141193,-0.256234,-0.2358737,-0.32636124,-0.32115567,-0.32430166,-0.2850096,-0.30183107,-0.27669096,-0.30985528,-0.3320185,-0.31161842,-0.27598393,-0.32468188,-0.32037857,-0.33019432,-0.19459927,-0.19459927,-0.32411462,-0.30701396,-0.32943356,-0.20658675,-0.20658675,0.6612441,0.38243023,0.44816363,-0.20655881,-0.31196946,-0.3214015,-0.3206449,0.5962372
k__Bacteria|p__Firmicutes|c__Clostridia|o__Clostridiales|f__Ruminococcaceae|g__Faecalibacterium|s__prausnitzii,-0.28271136,-0.31904158,-0.32328734,-0.31718764,0.6842195,-0.2932219,-0.3258366,0.630699,0.68736714,0.64443314,-0.19440371,0.78681827,0.9456386,0.8763637,0.9326981,-0.10345416,0.8472539,0.18525513,0.5134221,0.63397133,-0.26184985,-0.31223327,0.3482027,0.7665966,0.8497978,-0.26755807,-0.32696477,-0.32854122,0.88064,-0.32445285,-0.23875734,-0.32284898,-0.32284898,-0.31979084,0.7008279,-0.24718808,-0.32432246,0.6621143,0.8317191,0.8317191,-0.2443454,-0.30590335,-0.3233376,0.33989987,-0.3166716,-0.2851582,-0.24070448,-0.31715828,0.97456694,0.7095539,-0.24634947,-0.3272691,0.73767424,0.86135405,0.62868,-0.21685022,-0.26286402,0.14707541,0.88292074,0.6912411,-0.256234,-0.2358737,0.6811043,0.69121194,0.73293984,-0.2850096,1.0316933,1.3805553,0.88316476,0.7008599,-0.31161842,-0.27598393,0.11422692,0.8861378,0.8633428,-0.19459927,-0.19459927,0.7400651,-0.30701396,0.5981077,-0.20658675,-0.20658675,-0.33048365,0.41443366,0.5338791,-0.20655881,0.44138962,0.9485357,0.68721855,0.6136664
k__Bacteria|p__Firmicutes|c__Clostridia|o__Clostridiales|f__Lachnospiraceae|g__Dorea|s__unclassified,-0.28271136,-0.31904158,-0.32328734,0.9394,0.60359246,-0.2932219,-0.3258366,-0.3327108,0.6757505,0.64157397,-0.19440371,0.7662463,0.99375045,0.9100827,0.98399997,-0.29425377,-0.3303013,0.1646772,0.124060564,0.104212016,-0.26184985,-0.31223327,-0.029622868,0.70654035,0.8536341,-0.26755807,-0.32696477,0.8061082,0.87433565,0.7550904,-0.23875734,1.0639504,1.0639504,0.89918494,0.74138695,-0.24718808,-0.32432246,-0.3291557,-0.3328914,-0.3328914,-0.2443454,-0.30590335,0.9379284,0.29038522,0.87005776,-0.2851582,0.38160515,0.879118,-0.310298,-0.3255994,-0.24634947,0.74035645,-0.32986963,0.7428076,0.060482156,-0.15411898,-0.26286402,0.14168671,-0.32277873,-0.33141193,-0.256234,-0.2358737,0.7467049,-0.04442031,0.007791728,-0.2850096,1.0185306,-0.27669096,-0.30985528,-0.3320185,-0.31161842,-0.27598393,0.21275596,-0.32037857,-0.33019432,-0.19459927,-0.19459927,-0.32411462,-0.30701396,-0.32943356,-0.20658675,-0.20658675,0.65179163,-0.32690454,0.3957632,-0.20655881,-0.31196946,-0.3214015,-0.049996637,0.6414755
k__Bacteria|p__Firmicutes|c__Clostridia|o__Clostridiales|f__Ruminococcaceae|g__Ruminococcus|s__unclassified,-0.28271136,-0.31904158,-0.32328734,0.8206198,0.60114944,-0.2932219,-0.3258366,0.71500677,0.6747276,-0.33005035,-0.19440371,0.7414894,-0.31133458,-0.31570548,0.9309444,-0.06715407,0.71480274,0.26498508,0.582474,0.693685,-0.26184985,0.9760253,0.4240992,0.814488,1.0518689,-0.26755807,-0.32696477,-0.32854122,0.8788228,0.7351956,-0.23875734,-0.32284898,-0.32284898,0.87182546,0.95872116,-0.24718808,0.7731193,0.7572458,0.889641,0.889641,-0.2443454,-0.30590335,0.8230375,0.40538418,0.99819595,1.2076045,-0.16529214,-0.31715828,-0.310298,0.7128882,-0.24634947,0.9103081,0.7069287,0.758453,0.6839422,-0.18666828,-0.26286402,0.21727201,0.76997185,0.80607766,-0.256234,-0.2358737,0.681507,0.7575308,0.79099905,-0.2850096,1.0258303,1.3684645,1.1788423,0.78623056,-0.31161842,1.3640419,0.193738,0.8960711,0.703778,-0.19459927,-0.19459927,0.8286934,0.9921121,0.67310035,-0.20658675,-0.20658675,0.6478845,0.47977296,0.513537,-0.20655881,0.4923082,0.8504437,0.75295687,0.6945753
k__Bacteria|p__Firmicutes|c__Clostridia|o__Clostridiales|f__unclassified|g__unclassified|s__unclassified,-0.28271136,0.9233239,0.85479367,0.8306259,0.58275604,1.1883183,1.0523307,0.792756,0.7090737,0.6543241,-0.19440371,0.7816546,-0.31133458,-0.31570548,-0.3099353,0.15168679,0.973273,0.70446175,0.7483045,0.6949595,-0.26184985,0.93680304,0.62889934,0.7258947,0.85625327,1.4224242,-0.32696477,-0.32854122,0.8656549,0.75519115,-0.23875734,1.0157242,1.0157242,0.94053775,0.7587583,-0.24718808,0.7786721,0.6772164,0.60518557,0.60518557,1.607938,1.1189874,0.7952264,0.72415364,0.85397625,1.20267,0.74904907,0.9139778,1.1170646,0.7243748,-0.24634947,0.85877746,0.8276344,0.7538041,0.6159641,0.14030635,-0.26286402,0.57610303,0.77759546,0.6503819,-0.256234,-0.2358737,0.69059145,0.7189913,0.67522335,-0.2850096,-0.30183107,-0.27669096,0.86581326,0.76960224,-0.31161842,-0.27598393,0.6748444,0.8485711,0.65597606,-0.19459927,-0.19459927,0.7276616,-0.30701396,0.608993,-0.20658675,-0.20658675,0.6700523,0.41914704,0.46426108,-0.20655881,0.46423167,0.85185575,0.68964064,0.60285
k__Bacteria|p__Firmicutes|c__Clostridia|o__Coriobacteriales|f__unclassified|g__unclassified|s__unclassified,-0.28271136,0.97144336,-0.32328734,0.85925096,0.65383697,-0.2932219,0.7915658,-0.3327108,0.68157566,0.65254253,-0.19440371,0.78813493,1.0578676,0.98283154,1.018358,0.0058070645,0.7300188,0.6443982,0.76528007,0.73937297,-0.26184985,-0.31223327,0.57837665,0.7557225,0.99212885,-0.26755807,0.73630416,0.73170435,0.86883956,0.73955435,-0.23875734,-0.32284898,-0.32284898,0.8549314,0.72886103,-0.24718808,-0.32432246,0.6766284,0.65957606,0.65957606,-0.2443454,1.0114057,0.78088367,0.7577802,0.89147425,-0.2851582,0.6499482,0.85382134,1.0237968,0.7083744,-0.24634947,0.75489956,0.754912,0.76081663,0.6635772,0.041586027,1.6348321,0.54078853,0.7690148,0.69622785,-0.256234,-0.2358737,0.6841875,0.7586172,0.7292247,1.2149158,1.0217987,1.3464568,0.9002203,0.73812413,-0.31161842,-0.27598393,0.61361253,0.90054184,0.70443064,-0.19459927,-0.19459927,0.79285544,1.0312324,0.6517287,-0.20658675,-0.20658675,0.64598846,0.383852,0.42655012,-0.20655881,0.3986316,-0.3214015,0.7309239,0.7007201
k__Bacteria|p__Firmicutes|c__Erysipelotrichi|o__Erysipelotrichales|f__Erysipelotrichaceae|g__[Eubacterium]|s__dolichum,-0.28271136,0.94427127,0.79568255,0.9209997,-0.3322257,1.1619099,0.8311838,0.58482015,0.66945034,0.64559567,-0.19440371,0.7515899,-0.31133458,0.86924314,0.93163097,-0.17079005,-0.3303013,0.30717742,0.1178482,-0.03078765,-0.26184985,-0.31223327,0.05888812,-0.3298624,0.855887,-0.26755807,0.7888613,0.73850715,0.85274225,-0.32445285,-0.23875734,0.8844464,0.8844464,0.86673194,0.7017732,-0.24718808,0.7770387,0.66791564,0.6047891,0.6047891,-0.2443454,1.0299813,0.8003324,0.30080557,-0.3166716,-0.2851582,0.67535627,0.8765979,0.97342414,-0.3255994,-0.24634947,-0.3272691,-0.32986963,0.7427115,-0.10095659,-0.019498594,-0.26286402,0.24288219,-0.32277873,-0.33141193,-0.256234,-0.2358737,0.6941758,-0.09160668,-0.156149,-0.2850096,-0.30183107,-0.27669096,-0.30985528,-0.3320185,-0.31161842,-0.27598393,0.35649037,-0.32037857,-0.33019432,-0.19459927,-0.19459927,0.7103708,-0.30701396,-0.32943356,-0.20658675,-0.20658675,-0.33048365,0.37139368,0.39744982,-0.20655881,0.394078,0.84770215,-0.11836539,-0.33506903
k__Bacteria|p__Firmicutes|c__Clostridia|o__Clostridiales|f__Lachnospiraceae|g__Roseburia|s__faecis,-0.28271136,-0.31904158,-0.32328734,-0.31718764,-0.3322257,-0.2932219,0.77353555,0.5597843,0.67282516,0.64770585,-0.19440371,-0.32539368,-0.31133458,-0.31570548,-0.3099353,-0.28471953,-0.3303013,-0.32364616,-0.32476437,-0.32713366,-0.26184985,1.0002825,-0.32006487,-0.3298624,-0.3207198,-0.26755807,-0.32696477,0.72195685,0.8565406,-0.32445285,-0.23875734,-0.32284898,-0.32284898,-0.31979084,-0.32378075,-0.24718808,-0.32432246,0.67751026,0.60914207,0.60914207,-0.2443454,1.0363623,-0.3233376,-0.31677818,-0.3166716,-0.2851582,-0.31322712,-0.31715828,-0.310298,-0.3255994,-0.24634947,-0.3272691,0.68410295,-0.323744,-0.32297844,-0.26767367,-0.26286402,-0.3110559,-0.32277873,0.6381121,-0.256234,-0.2358737,-0.32636124,-0.31922203,-0.32526818,-0.2850096,-0.30183107,1.3375822,-0.30985528,-0.3320185,-0.31161842,-0.27598393,-0.32169333,-0.32037857,0.6495641,-0.19459927,-0.19459927,0.7299146,-0.30701396,0.61474645,-0.20658675,-0.20658675,0.6485157,-0.32690454,-0.3289357,-0.20655881,-0.31196946,-0.3214015,-0.31948578,-0.33506903
k__Bacteria|p__Firmicutes|c__Clostridia|o__unclassified|f__unclassified|g__unclassified|s__unclassified,-0.28271136,1.35318,0.79917604,0.83724135,0.65751565,1.2427881,0.88004935,0.7181655,0.7816694,0.64411587,-0.19440371,1.0821971,0.99602413,0.9016629,0.95216197,0.105324976,0.7399046,0.69101155,0.7765093,0.73089993,-0.26184985,0.9288995,0.61631477,0.77534187,0.92087317,-0.26755807,-0.32696477,0.74171346,0.8727885,0.76566434,-0.23875734,-0.32284898,-0.32284898,0.89530283,0.74250823,-0.24718808,0.7898013,0.7431758,0.6408804,0.6408804,-0.2443454,1.0424395,0.7972719,0.7609411,0.8844526,1.3689064,0.7475091,0.90007704,1.1441567,0.74506515,-0.24634947,0.77194756,0.78852093,0.8651897,0.647471,0.1218242,-0.26286402,0.5704378,0.78111535,0.6965594,-0.256234,-0.2358737,0.7906133,0.75900364,0.7153726,-0.2850096,1.0361449,1.3959332,0.88831204,0.66639787,0.93833756,-0.27598393,0.6607835,0.8588827,0.703778,-0.19459927,-0.19459927,0.74243855,0.9837948,0.6266227,-0.20658675,-0.20658675,0.649777,0.4287018,0.4954332,-0.20655881,0.40403396,0.8487643,0.72772515,0.6196794
k__Bacteria|p__Firmicutes|c__Clostridia|o__Clostridiales|f__Lachnospiraceae|g__Lachnospira|s__unclassified,-0.28271136,-0.31904158,-0.32328734,0.95160395,0.6065544,-0.2932219,-0.3258366,0.56958944,0.6957056,0.6828128,-0.19440371,-0.32539368,1.0021988,-0.31570548,-0.3099353,-0.05604835,1.3546232,0.16233599,0.4616784,0.5607372,-0.26184985,-0.31223327,0.34101236,0.78186566,-0.3207198,-0.26755807,-0.32696477,-0.32854122,0.9963654,0.7777049,-0.23875734,1.450089,1.450089,-0.31979084,-0.32378075,-0.24718808,-0.32432246,0.69642764,0.6166165,0.6166165,-0.2443454,-0.30590335,-0.3233376,0.2660358,0.96720046,1.2129066,-0.23983972,-0.31715828,-0.310298,0.73477346,-0.24634947,1.0764911,0.7370745,0.8847345,0.552517,-0.18326625,-0.26286402,0.112629905,0.77215594,0.6521163,-0.256234,-0.2358737,-0.32636124,0.65807027,0.6691,1.2208631,1.1817653,1.4217573,0.88316476,0.64282554,-0.31161842,-0.27598393,0.082979515,0.8779853,0.6753047,-0.19459927,-0.19459927,0.7487894,0.96850574,0.7280776,-0.20658675,-0.20658675,-0.33048365,0.49278063,0.44753662,-0.20655881,0.39284846,-0.3214015,0.6493633,0.6271049
k__Bacteria|p__Firmicutes|c__Clostridia|o__Clostridiales|f__Veillonellaceae|g__unclassified|s__unclassified,-0.28271136,-0.31904158,-0.32328734,-0.31718764,-0.3322257,-0.2932219,-0.3258366,0.56449455,-0.33075604,-0.33005035,-0.19440371,-0.32539368,-0.31133458,-0.31570548,-0.3099353,-0.07599579,0.7156094,0.09412384,0.37413102,0.46603736,-0.26184985,0.9655147,0.26975822,0.81354773,1.0308715,-0.26755807,1.0216484,0.7309856,0.95217633,0.7505966,-0.23875734,0.86222917,0.86222917,-0.31979084,-0.32378075,-0.24718808,0.7691845,0.6807369,-0.3328914,-0.3328914,-0.2443454,-0.30590335,-0.3233376,0.18872383,-0.3166716,-0.2851582,-0.28785524,-0.31715828,-0.310298,0.7303576,1.6810278,-0.3272691,-0.32986963,0.7435765,0.46350086,-0.20204791,-0.26286402,0.057566524,0.954623,-0.33141193,-0.256234,-0.2358737,-0.32636124,0.56221074,0.57084966,-0.2850096,-0.30183107,-0.27669096,0.86581326,0.6666332,-0.31161842,-0.27598393,0.020136643,0.9918851,0.69338775,-0.19459927,-0.19459927,-0.32411462,1.1337224,-0.32943356,-0.20658675,-0.20658675,0.6483264,0.6345849,0.46802342,-0.20655881,0.39985406,-0.3214015,0.5534545,0.7394068
k__Bacteria|p__Firmicutes|c__Clostridia|o__Clostridiales|f__Lachnospiraceae|g__[Ruminococcus]|s__unclassified,-0.28271136,0.9807955,0.79147416,0.8640769,0.5619751,-0.2932219,0.771493,0.60198945,0.7204514,0.6530669,-0.19440371,-0.32539368,0.9605093,0.8846075,0.95454985,0.05204831,0.7331929,0.63609576,0.7391187,0.69472384,-0.26184985,-0.31223327,0.5668572,0.70939153,0.8571422,-0.26755807,0.83204645,0.7349325,0.8558966,0.73432153,-0.23875734,0.86682695,0.86682695,0.85535026,0.70493644,-0.24718808,-0.32432246,-0.3291557,0.6325577,0.6325577,-0.2443454,-0.30590335,0.78192174,0.73094946,0.86239535,-0.2851582,0.6836407,0.8761217,0.99012375,0.7179663,-0.24634947,0.7422192,0.73587394,0.76373976,0.6162965,0.08025331,-0.26286402,0.5334135,0.7901292,-0.33141193,1.5816442,-0.2358737,0.68298215,0.727033,0.68172747,1.2375094,1.0172048,1.3438355,0.87799084,0.63775307,0.93647844,-0.27598393,0.6086772,0.8399658,0.65048265,-0.19459927,-0.19459927,0.7181431,0.97779125,0.59364766,-0.20658675,-0.20658675,0.6562473,0.36789384,0.4008876,-0.20655881,0.38826838,0.85722095,0.6951815,0.6015309
k__Bacteria|p__Firmicutes|c__Clostridia|o__Clostridiales|f__Lachnospiraceae|g__unclassified|s__unclassified,1.2906168,1.2389882,1.891148,1.2173071,0.81075156,1.2331026,1.17348,0.76329935,1.1324245,1.1067392,-0.19440371,1.4326314,1.1089418,0.97571886,1.1040181,0.51027656,0.8979036,1.0576223,1.1002026,1.0791346,1.4534168,1.1760705,0.98276496,1.0562227,1.2175614,-0.26755807,-0.32696477,1.6186548,1.205959,0.9177442,-0.23875734,0.9365854,0.9365854,1.0724552,1.051166,-0.24718808,1.053653,1.2400278,1.0387291,1.0387291,-0.2443454,1.188498,0.8295339,1.0400052,1.0970353,1.2012839,1.0573514,1.0292078,1.305206,1.2473217,-0.24634947,1.2882103,1.0307536,1.0137767,0.9986511,0.4058896,1.7274301,0.9031447,1.0402644,0.8331909,-0.256234,-0.2358737,0.97182393,1.0457733,1.0540383,1.2920688,1.160218,1.4566504,0.9383781,0.7492328,0.939575,1.3336025,1.0307033,1.1968807,1.2268566,-0.19459927,-0.19459927,1.0166116,1.0806992,1.5095416,-0.20658675,-0.20658675,0.8289173,0.8250112,1.210424,-0.20655881,0.56664634,1.0048084,1.0209873,1.0666208
k__Bacteria|p__Firmicutes|c__Clostridia|o__Clostridiales|f__Ruminococcaceae|g__Oscillospira|s__unclassified,1.3587067,0.9502168,0.90497357,1.0448881,0.6261576,1.1615932,0.7900617,0.7518455,0.705961,0.6568338,-0.19440371,0.8351009,1.0827847,1.0155997,0.94669306,0.1349579,0.7312103,0.7263616,0.7947939,0.73834646,-0.26184985,0.93088126,0.647245,0.7612344,0.9130451,-0.26755807,0.99588954,0.8007578,0.8538187,0.7575057,-0.23875734,0.88894343,0.88894343,0.8931545,0.7840576,-0.24718808,0.7880705,0.6935405,0.792176,0.792176,-0.2443454,1.1303906,1.2723318,0.78743076,0.9136409,1.2501981,0.79764515,0.87735933,0.9756047,0.7550643,1.6747153,-0.3272691,-0.32986963,0.7711507,0.65534896,0.1596116,-0.26286402,0.6074742,0.7737228,0.7332162,-0.256234,-0.2358737,0.8050685,0.7749041,0.7201479,-0.2850096,1.0412625,1.3365914,0.90359676,0.78727376,0.94142836,-0.27598393,0.6954629,0.92349875,0.65071213,-0.19459927,-0.19459927,0.7178395,0.97245556,0.5969644,1.9925946,1.9925946,0.75394326,0.3911323,0.40424085,-0.20655881,0.41938373,0.91283804,0.74148005,0.6333575
k__Bacteria|p__Firmicutes|c__Clostridia|o__Clostridiales|f__Lachnospiraceae|g__[Ruminococcus]|s__gnavus,-0.28271136,-0.31904158,0.806819,0.9951193,0.5784969,-0.2932219,0.811571,0.56377923,0.67677236,0.65096796,-0.19440371,-0.32539368,0.9762156,0.8958812,0.9633803,-0.03988737,0.7268346,0.6084794,0.6847801,0.6690391,-0.26184985,0.9577394,0.5056542,-0.3298624,0.84842783,-0.26755807,-0.32696477,0.84181494,0.85503733,0.7702896,-0.23875734,1.1911076,1.1911076,1.0580838,0.7122786,-0.24718808,-0.32432246,0.6782445,0.6022742,0.6022742,-0.2443454,-0.30590335,0.77539235,0.72376823,0.8732433,-0.2851582,0.6088957,0.8853198,0.991707,0.72030145,-0.24634947,0.74739,-0.32986963,0.74855995,0.60917276,-0.0049480274,1.5947051,0.52956706,-0.32277873,0.6461634,1.8046547,1.7378182,0.6865938,0.6174971,0.62870836,-0.2850096,-0.30183107,-0.27669096,-0.30985528,-0.3320185,0.9463539,1.3371086,0.6057744,-0.32037857,0.66200686,-0.19459927,-0.19459927,0.71098256,-0.30701396,0.58941036,-0.20658675,-0.20658675,0.6600596,0.37754014,0.4221994,-0.20655881,0.3949553,0.8746989,0.59901047,0.6061401
k__Bacteria|p__Firmicutes|c__Clostridia|o__Clostridiales|f__Lachnospiraceae|g__Roseburia|s__unclassified,-0.28271136,0.92708653,-0.32328734,-0.31718764,0.66963637,-0.2932219,0.76636845,0.5492599,0.68404114,0.64242196,-0.19440371,0.7731912,0.9529938,-0.31570548,-0.3099353,-0.10870229,-0.3303013,0.11481866,0.4093748,0.5258362,-0.26184985,-0.31223327,0.26626927,0.7251476,-0.3207198,-0.26755807,-0.32696477,0.74277997,0.8738436,-0.32445285,-0.23875734,-0.32284898,-0.32284898,-0.31979084,0.7067079,-0.24718808,-0.32432246,0.6549278,-0.3328914,-0.3328914,-0.2443454,1.0089571,-0.3233376,0.24999088,-0.3166716,-0.2851582,-0.2596616,-0.31715828,-0.310298,-0.3255994,-0.24634947,0.95254993,0.8700137,0.774696,0.5231607,-0.21484289,-0.26286402,0.08126667,0.7710645,0.8043677,-0.256234,-0.2358737,-0.32636124,0.57234395,0.6170728,-0.2850096,-0.30183107,1.3513532,1.0849816,0.6408962,-0.31161842,-0.27598393,0.05052529,0.84995216,1.2422787,-0.19459927,-0.19459927,1.0366831,0.98309857,0.7718336,-0.20658675,-0.20658675,-0.33048365,0.38161686,0.4093945,-0.20655881,-0.31196946,-0.3214015,0.5691676,0.8674089
k__Bacteria|p__Firmicutes|c__Clostridia|o__Clostridiales|f__Lachnospiraceae|g__Blautia|s__unclassified,-0.28271136,1.050581,0.80265737,1.6054738,1.3494792,1.2499186,1.2036812,0.7061797,1.1986398,1.2553111,-0.19440371,1.6596107,2.08668,2.124359,2.0149648,0.35711342,1.4460684,1.1492459,1.2077436,1.1696764,-0.26184985,1.0114865,1.017029,1.1937395,1.4180987,-0.26755807,1.4205129,1.3028319,1.0891963,0.82934415,1.7698197,1.2001874,1.2001874,1.4408143,1.2710818,-0.24718808,0.77896345,1.4598315,0.98750126,0.98750126,-0.2443454,1.5129863,1.233585,1.2143966,1.2139975,1.2655518,1.2231379,1.0571376,1.6828333,1.4647808,-0.24634947,1.0491922,1.645816,1.184451,1.0713828,0.3481385,2.1729078,0.9974003,0.8696504,0.8270997,2.1106665,1.8345969,1.4236041,1.1246848,1.1246865,1.3434014,1.0739408,1.540924,0.9002203,0.73812413,0.96521443,1.3758955,1.1300302,1.143485,0.96327406,-0.19459927,-0.19459927,0.98990154,1.1657933,1.1051027,-0.20658675,-0.20658675,0.7893686,0.9079134,0.95555294,-0.20655881,0.7610869,1.2427807,1.0961916,1.1704684
k__Bacteria|p__Firmicutes|c__Clostridia|o__Clostridiales|f__Peptostreptococcaceae|g__unclassified|s__unclassified,-0.28271136,1.0513467,0.86202466,0.913009,-0.3322257,1.1788665,1.0144377,0.56908107,0.66974425,0.6546382,-0.19440371,0.7744047,-0.31133458,0.8736006,-0.3099353,-0.10136643,0.7324003,0.2735603,0.059150904,-0.11960754,-0.26184985,-0.31223327,0.03688801,-0.3298624,-0.3207198,-0.26755807,-0.32696477,0.7179583,-0.31676275,0.72921634,-0.23875734,0.89118433,0.89118433,-0.31979084,-0.32378075,-0.24718808,0.7794878,0.65372497,-0.3328914,-0.3328914,-0.2443454,-0.30590335,0.82556885,0.21998098,-0.3166716,-0.2851582,0.6855947,-0.31715828,0.9707178,-0.3255994,-0.24634947,0.7669025,0.7813725,0.74194187,-0.19565877,0.03574244,-0.26286402,0.19784854,0.77976304,-0.33141193,-0.256234,-0.2358737,0.6767988,-0.13563333,-0.23697321,-0.2850096,-0.30183107,-0.27669096,-0.30985528,-0.3320185,0.9445097,-0.27598393,0.31597847,0.8413588,-0.33019432,-0.19459927,-0.19459927,0.7220824,0.9635464,0.5946137,-0.20658675,-0.20658675,-0.33048365,0.37159917,0.39385313,-0.20655881,-0.31196946,-0.3214015,-0.16775392,-0.33506903
k__Bacteria|p__Firmicutes|c__Clostridia|o__Clostridiales|f__Ruminococcaceae|g__Faecalibacterium|s__unclassified,-0.28271136,-0.31904158,-0.32328734,-0.31718764,0.64634705,-0.2932219,-0.3258366,0.6803135,0.6997063,0.64485604,-0.19440371,-0.32539368,-0.31133458,-0.31570548,-0.3099353,-0.066210225,0.89588577,0.122700416,0.43811476,0.5449168,-0.26184985,-0.31223327,0.31625825,0.9905795,-0.3207198,-0.26755807,-0.32696477,-0.32854122,1.0487685,-0.32445285,-0.23875734,-0.32284898,-0.32284898,-0.31979084,-0.32378075,-0.24718808,-0.32432246,-0.3291557,-0.3328914,-0.3328914,-0.2443454,-0.30590335,-0.3233376,0.23344606,-0.3166716,-0.2851582,-0.30126336,-0.31715828,-0.310298,-0.3255994,-0.24634947,-0.3272691,0.7622514,0.8208327,0.5421405,-0.20119332,-0.26286402,0.08150968,0.8313229,0.82629925,-0.256234,-0.2358737,-0.32636124,0.64637125,0.6615225,-0.2850096,1.070395,1.4951726,0.92031026,0.8247242,-0.31161842,-0.27598393,0.040564798,0.9166798,0.69514525,-0.19459927,-0.19459927,0.86944336,-0.30701396,0.5943723,-0.20658675,-0.20658675,-0.33048365,0.53658414,0.8348784,-0.20655881,0.5537117,1.1877851,0.6397337,0.6959274
k__Bacteria|p__Firmicutes|c__Clostridia|o__Clostridiales|f__Lachnospiraceae|g__Coprococcus|s__unclassified,-0.28271136,-0.31904158,-0.32328734,0.84094346,0.5992772,1.1734027,0.7833493,0.55133224,0.74268913,0.6624579,-0.19440371,0.76929826,0.98209476,0.87280977,-0.3099353,0.06740186,0.7268346,0.6208315,0.714558,0.6793058,-0.26184985,0.9291474,0.56166685,0.7118876,-0.3207198,-0.26755807,-0.32696477,0.73564845,0.88530755,0.7589621,-0.23875734,0.8702615,0.8702615,0.8722373,0.71189356,-0.24718808,0.8270289,-0.3291557,0.6026717,0.6026717,-0.2443454,-0.30590335,-0.3233376,0.69704133,0.8656053,-0.2851582,0.65096176,-0.31715828,-0.310298,0.7115166,-0.24634947,0.75108594,0.7041426,0.78193396,0.60542935,0.0863866,1.4778641,0.5143049,0.7762384,0.6479487,1.5971587,1.6943345,0.68029845,0.7099725,0.6720437,-0.2850096,1.0286118,1.3412073,0.867562,0.64595276,0.9377182,1.331493,0.5889443,-0.32037857,0.64426625,-0.19459927,-0.19459927,0.73021466,0.9714696,0.58977425,-0.20658675,-0.20658675,-0.33048365,0.3742667,0.4157455,-0.20655881,0.38667804,-0.3214015,0.6823471,0.623399
k__Bacteria|p__Firmicutes|c__Erysipelotrichi|o__Erysipelotrichales|f__[Coprobacillaceae]|g__unclassified|s__unclassified,-0.28271136,0.9569687,1.0068939,0.9891187,0.7201989,-0.2932219,0.79340106,0.81311834,0.77070534,0.79503196,-0.19440371,0.84045064,0.9939574,0.92558753,1.1449537,0.04331367,0.79799366,0.7049617,0.78170395,0.7378589,-0.26184985,0.93330353,0.61865395,0.83061874,0.86188734,-0.26755807,-0.32696477,0.84084904,0.87588036,0.75155765,1.8848151,0.97230417,0.97230417,0.8620284,0.7415472,-0.24718808,0.7798372,0.67191225,0.60914207,0.60914207,-0.2443454,-0.30590335,1.0362993,0.78733265,0.97697425,1.6220307,0.75725543,0.9349898,1.1412606,0.73553944,-0.24634947,0.79440355,-0.32986963,0.7503747,0.6573434,0.083488375,1.8878568,0.5911324,-0.32277873,0.65497154,-0.256234,-0.2358737,0.7400187,0.75625455,0.7177037,-0.2850096,1.0188423,1.3630078,-0.30985528,0.6228712,-0.31161842,1.3328999,0.6759882,-0.32037857,0.6787691,-0.19459927,-0.19459927,0.72705996,0.9659583,0.6154559,-0.20658675,-0.20658675,0.70303655,0.3937483,0.5343904,-0.20655881,0.40975296,0.86002403,0.7264828,0.6971277
k__Bacteria|p__Bacteroidetes|c__Bacteroidia|o__Bacteroidales|f__[Odoribacteraceae]|g__Butyricimonas|s__unclassified,-0.28271136,-0.31904158,-0.32328734,-0.31718764,-0.3322257,-0.2932219,-0.3258366,-0.3327108,-0.33075604,-0.33005035,-0.19440371,-0.32539368,-0.31133458,-0.31570548,-0.3099353,-0.28741336,-0.3303013,-0.33034104,-0.33072904,-0.33171505,-0.26184985,-0.31223327,-0.32675534,-0.3298624,-0.3207198,-0.26755807,-0.32696477,-0.32854122,-0.31676275,-0.32445285,-0.23875734,-0.32284898,-0.32284898,-0.31979084,-0.32378075,-0.24718808,-0.32432246,-0.3291557,-0.3328914,-0.3328914,-0.2443454,-0.30590335,-0.3233376,-0.32131836,-0.3166716,-0.2851582,-0.31675464,-0.31715828,-0.310298,-0.3255994,-0.24634947,-0.3272691,-0.32986963,-0.323744,-0.32715106,-0.2687012,-0.26286402,-0.3169573,-0.32277873,-0.33141193,-0.256234,-0.2358737,-0.32636124,-0.32503504,-0.32955468,-0.2850096,-0.30183107,-0.27669096,-0.30985528,0.737686,-0.31161842,-0.27598393,-0.32835633,-0.32037857,-0.33019432,-0.19459927,-0.19459927,-0.32411462,-0.30701396,-0.32943356,-0.20658675,-0.20658675,-0.33048365,-0.32690454,-0.3289357,-0.20655881,-0.31196946,-0.3214015,-0.32428625,-0.33506903
k__Bacteria|p__Bacteroidetes|c__Bacteroidia|o__Bacteroidales|f__Bacteroidaceae|g__Bacteroides|s__caccae,-0.28271136,-0.31904158,-0.32328734,-0.31718764,-0.3322257,-0.2932219,-0.3258366,-0.3327108,-0.33075604,-0.33005035,-0.19440371,-0.32539368,-0.31133458,-0.31570548,-0.3099353,-0.28637376,-0.3303013,-0.3300367,-0.33056974,-0.33146435,-0.26184985,-0.31223327,-0.32684463,-0.3298624,-0.3207198,-0.26755807,-0.32696477,-0.32854122,-0.31676275,-0.32445285,-0.23875734,-0.32284898,-0.32284898,-0.31979084,-0.32378075,-0.24718808,-0.32432246,-0.3291557,-0.3328914,-0.3328914,-0.2443454,-0.30590335,-0.3233376,-0.32187754,-0.3166716,-0.2851582,-0.31617123,-0.31715828,-0.310298,-0.3255994,-0.24634947,-0.3272691,-0.32986963,-0.323744,-0.3272395,-0.267934,-0.26286402,-0.31678188,-0.32277873,-0.33141193,-0.256234,-0.2358737,-0.32636124,-0.32528526,-0.32954213,1.2155579,-0.30183107,-0.27669096,-0.30985528,-0.3320185,-0.31161842,-0.27598393,-0.32776254,-0.32037857,-0.33019432,-0.19459927,-0.19459927,-0.32411462,-0.30701396,-0.32943356,-0.20658675,-0.20658675,-0.33048365,-0.32690454,-0.3289357,-0.20655881,-0.31196946,-0.3214015,-0.3248487,-0.33506903
k__Bacteria|p__Bacteroidetes|c__Bacteroidia|o__Bacteroidales|f__S24-7|g__unclassified|s__unclassified,-0.28271136,-0.31904158,-0.32328734,-0.31718764,-0.3322257,-0.2932219,-0.3258366,-0.3327108,-0.33075604,-0.33005035,-0.19440371,-0.32539368,-0.31133458,-0.31570548,-0.3099353,-0.2872473,-0.3303013,-0.32947475,-0.33039942,-0.33129087,-0.26184985,-0.31223327,-0.32602352,-0.3298624,-0.3207198,-0.26755807,-0.32696477,-0.32854122,-0.31676275,-0.32445285,-0.23875734,-0.32284898,-0.32284898,-0.31979084,-0.32378075,-0.24718808,-0.32432246,-0.3291557,-0.3328914,-0.3328914,-0.2443454,-0.30590335,-0.3233376,-0.32131463,-0.3166716,-0.2851582,-0.31595564,-0.31715828,-0.310298,-0.3255994,-0.24634947,-0.3272691,-0.32986963,-0.323744,-0.3268239,-0.26823,-0.26286402,-0.31604597,-0.32277873,-0.33141193,-0.256234,-0.2358737,-0.32636124,-0.32469222,-0.3291294,-0.2850096,-0.30183107,-0.27669096,2.259953,1.227472,-0.31161842,-0.27598393,-0.32742065,-0.32037857,-0.33019432,-0.19459927,-0.19459927,-0.32411462,-0.30701396,-0.32943356,-0.20658675,-0.20658675,-0.33048365,-0.32690454,-0.3289357,-0.20655881,0.41130704,-0.3214015,-0.32389623,-0.33506903
k__Bacteria|p__Bacteroidetes|c__Bacteroidia|o__Bacteroidales|f__Prevotellaceae|g__Prevotella|s__stercorea,-0.28271136,-0.31904158,-0.32328734,-0.31718764,-0.3322257,-0.2932219,-0.3258366,-0.3327108,-0.33075604,-0.33005035,-0.19440371,-0.32539368,-0.31133458,-0.31570548,-0.3099353,-0.28694075,-0.3303013,-0.3307567,-0.3309644,-0.33196345,-0.26184985,-0.31223327,-0.32764074,-0.3298624,-0.3207198,-0.26755807,-0.32696477,-0.32854122,-0.31676275,-0.32445285,-0.23875734,-0.32284898,-0.32284898,-0.31979084,-0.32378075,-0.24718808,-0.32432246,-0.3291557,-0.3328914,-0.3328914,-0.2443454,-0.30590335,-0.3233376,-0.3219546,-0.3166716,-0.2851582,-0.3160964,-0.31715828,-0.310298,-0.3255994,-0.24634947,-0.3272691,-0.32986963,-0.323744,-0.32772875,-0.268199,-0.26286402,-0.31745264,-0.32277873,-0.33141193,-0.256234,-0.2358737,-0.32636124,-0.32572138,-0.33013952,-0.2850096,-0.30183107,-0.27669096,-0.30985528,-0.3320185,-0.31161842,-0.27598393,-0.32840902,-0.32037857,-0.33019432,-0.19459927,-0.19459927,-0.32411462,-0.30701396,-0.32943356,-0.20658675,-0.20658675,-0.33048365,-0.32690454,-0.3289357,-0.20655881,-0.31196946,-0.3214015,-0.32542562,-0.33506903
k__Bacteria|p__Bacteroidetes|c__Bacteroidia|o__Bacteroidales|f__[Paraprevotellaceae]|g__[Prevotella]|s__unclassified,-0.28271136,-0.31904158,-0.32328734,-0.31718764,-0.3322257,-0.2932219,-0.3258366,-0.3327108,-0.33075604,-0.33005035,-0.19440371,-0.32539368,-0.31133458,-0.31570548,-0.3099353,-0.28672978,-0.3303013,-0.32995558,-0.3302309,-0.3313979,-0.26184985,-0.31223327,-0.326953,-0.3298624,-0.3207198,-0.26755807,-0.32696477,-0.32854122,-0.31676275,-0.32445285,-0.23875734,-0.32284898,-0.32284898,-0.31979084,-0.32378075,-0.24718808,-0.32432246,-0.3291557,-0.3328914,-0.3328914,-0.2443454,-0.30590335,-0.3233376,-0.32141325,-0.3166716,-0.2851582,-0.316078,-0.31715828,-0.310298,-0.3255994,-0.24634947,-0.3272691,-0.32986963,-0.323744,-0.32729846,-0.26801836,-0.26286402,-0.31705517,-0.32277873,-0.33141193,-0.256234,-0.2358737,-0.32636124,-0.32501984,-0.32964045,-0.2850096,-0.30183107,-0.27669096,-0.30985528,-0.3320185,-0.31161842,-0.27598393,-0.32768276,-0.32037857,-0.33019432,-0.19459927,-0.19459927,-0.32411462,-0.30701396,-0.32943356,-0.20658675,-0.20658675,-0.33048365,-0.32690454,-0.3289357,-0.20655881,-0.31196946,-0.3214015,-0.32483935,-0.33506903
k__Bacteria|p__Bacteroidetes|c__Bacteroidia|o__Bacteroidales|f__[Barnesiellaceae]|g__unclassified|s__unclassified,-0.28271136,-0.31904158,-0.32328734,-0.31718764,0.7033674,-0.2932219,-0.3258366,-0.3327108,-0.33075604,-0.33005035,-0.19440371,-0.32539368,-0.31133458,-0.31570548,-0.3099353,-0.28572667,-0.3303013,-0.32919,-0.32907933,-0.3285366,-0.26184985,-0.31223327,-0.3254886,-0.3298624,0.8505346,-0.26755807,-0.32696477,-0.32854122,-0.31676275,-0.32445285,-0.23875734,-0.32284898,-0.32284898,-0.31979084,-0.32378075,-0.24718808,-0.32432246,-0.3291557,-0.3328914,-0.3328914,-0.2443454,-0.30590335,-0.3233376,-0.32027763,-0.3166716,-0.2851582,-0.3162307,-0.31715828,-0.310298,-0.3255994,-0.24634947,-0.3272691,-0.32986963,-0.323744,-0.32386208,-0.26745534,-0.26286402,-0.3154084,-0.32277873,-0.33141193,-0.256234,-0.2358737,-0.32636124,-0.3235109,-0.32632726,-0.2850096,-0.30183107,-0.27669096,0.9383781,1.1638598,-0.31161842,-0.27598393,-0.32688522,-0.32037857,-0.33019432,-0.19459927,-0.19459927,-0.32411462,-0.30701396,-0.32943356,-0.20658675,-0.20658675,-0.33048365,0.37139368,0.39031726,-0.20655881,0.38985616,-0.3214015,-0.3226149,0.68703026
k__Bacteria|p__Bacteroidetes|c__Bacteroidia|o__Bacteroidales|f__[Paraprevotellaceae]|g__Paraprevotella|s__unclassified,-0.28271136,-0.31904158,-0.32328734,-0.31718764,-0.3322257,-0.2932219,-0.3258366,-0.3327108,-0.33075604,-0.33005035,-0.19440371,-0.32539368,-0.31133458,-0.31570548,-0.3099353,-0.28573978,-0.3303013,-0.32963774,-0.32947597,-0.33012593,-0.26184985,-0.31223327,-0.32577056,-0.3298624,-0.3207198,-0.26755807,-0.32696477,-0.32854122,-0.31676275,0.922443,-0.23875734,-0.32284898,-0.32284898,-0.31979084,-0.32378075,-0.24718808,-0.32432246,-0.3291557,-0.3328914,-0.3328914,-0.2443454,-0.30590335,-0.3233376,-0.32114702,-0.3166716,-0.2851582,-0.31658104,-0.31715828,-0.310298,-0.3255994,-0.24634947,-0.3272691,-0.32986963,-0.323744,-0.32582676,-0.2678781,-0.26286402,-0.31645647,-0.32277873,-0.33141193,-0.256234,-0.2358737,-0.32636124,-0.32362416,-0.32810566,-0.2850096,-0.30183107,-0.27669096,-0.30985528,-0.3320185,-0.31161842,-0.27598393,-0.3272212,-0.32037857,0.71825266,-0.19459927,-0.19459927,-0.32411462,-0.30701396,-0.32943356,-0.20658675,-0.20658675,0.7922694,0.5424901,0.44697893,-0.20655881,0.39179337,-0.3214015,-0.3235975,-0.33506903
k__Bacteria|p__Bacteroidetes|c__Bacteroidia|o__Bacteroidales|f__Bacteroidaceae|g__Bacteroides|s__plebeius,-0.28271136,-0.31904158,-0.32328734,-0.31718764,-0.3322257,-0.2932219,-0.3258366,-0.3327108,-0.33075604,-0.33005035,-0.19440371,-0.32539368,-0.31133458,-0.31570548,-0.3099353,-0.28605393,-0.3303013,-0.32866192,-0.32888594,-0.32990748,-0.26184985,-0.31223327,-0.32547206,-0.3298624,-0.3207198,-0.26755807,-0.32696477,-0.32854122,-0.31676275,-0.32445285,-0.23875734,-0.32284898,-0.32284898,-0.31979084,-0.32378075,-0.24718808,-0.32432246,-0.3291557,-0.3328914,-0.3328914,-0.2443454,-0.30590335,-0.3233376,-0.3203988,-0.3166716,-0.2851582,-0.31649226,-0.31715828,-0.310298,-0.3255994,-0.24634947,-0.3272691,-0.32986963,-0.323744,-0.32567292,-0.26785937,-0.26286402,-0.3154599,-0.32277873,-0.33141193,-0.256234,-0.2358737,-0.32636124,-0.32379538,-0.32818592,-0.2850096,-0.30183107,-0.27669096,-0.30985528,-0.3320185,-0.31161842,-0.27598393,-0.32609314,-0.32037857,0.92468345,-0.19459927,-0.19459927,-0.32411462,-0.30701396,-0.32943356,-0.20658675,-0.20658675,1.1461579,0.38628465,0.5252761,-0.20655881,-0.31196946,-0.3214015,-0.32341388,-0.33506903
k__Bacteria|p__Bacteroidetes|c__Bacteroidia|o__Bacteroidales|f__Prevotellaceae|g__Prevotella|s__copri,-0.28271136,-0.31904158,-0.32328734,-0.31718764,-0.3322257,-0.2932219,-0.3258366,-0.3327108,-0.33075604,-0.33005035,-0.19440371,-0.32539368,-0.31133458,-0.31570548,-0.3099353,-0.28630823,-0.3303013,-0.33010274,-0.3304059,-0.33130306,-0.26184985,-0.31223327,-0.32701272,-0.3298624,-0.3207198,-0.26755807,-0.32696477,-0.32854122,-0.31676275,1.1989132,-0.23875734,-0.32284898,-0.32284898,-0.31979084,-0.32378075,-0.24718808,-0.32432246,-0.3291557,-0.3328914,-0.3328914,-0.2443454,-0.30590335,-0.3233376,-0.32110268,-0.3166716,-0.2851582,-0.31501737,-0.31715828,-0.310298,-0.3255994,-0.24634947,-0.3272691,-0.32986963,-0.323744,-0.32700378,-0.26742303,-0.26286402,-0.31653455,-0.32277873,-0.33141193,-0.256234,-0.2358737,-0.32636124,-0.3252797,-0.32952374,-0.2850096,-0.30183107,-0.27669096,-0.30985528,-0.3320185,-0.31161842,-0.27598393,-0.32742345,-0.32037857,-0.33019432,-0.19459927,-0.19459927,-0.32411462,-0.30701396,-0.32943356,-0.20658675,-0.20658675,-0.33048365,-0.32690454,-0.3289357,-0.20655881,0.4043815,-0.3214015,-0.3247481,-0.33506903
k__Bacteria|p__Bacteroidetes|c__Bacteroidia|o__Bacteroidales|f__Bacteroidaceae|g__Bacteroides|s__ovatus,-0.28271136,-0.31904158,-0.32328734,-0.31718764,-0.3322257,-0.2932219,-0.3258366,-0.3327108,0.6688623,-0.33005035,-0.19440371,-0.32539368,-0.31133458,-0.31570548,-0.3099353,-0.28725478,-0.3303013,-0.32858595,-0.32925567,-0.33153105,-0.26184985,-0.31223327,-0.32563484,-0.3298624,-0.3207198,-0.26755807,-0.32696477,-0.32854122,-0.31676275,-0.32445285,-0.23875734,-0.32284898,-0.32284898,-0.31979084,-0.32378075,1.6326156,0.7730607,-0.3291557,0.630756,0.630756,-0.2443454,-0.30590335,0.79485404,-0.32043222,0.89151376,-0.2851582,-0.31595683,-0.31715828,-0.310298,-0.3255994,-0.24634947,-0.3272691,-0.32986963,-0.323744,-0.32747543,-0.2684551,-0.26286402,-0.3161272,-0.32277873,-0.33141193,-0.256234,-0.2358737,0.6823119,-0.3239028,-0.3298189,-0.2850096,-0.30183107,-0.27669096,0.8640614,-0.3320185,-0.31161842,-0.27598393,-0.32674935,-0.32037857,-0.33019432,-0.19459927,-0.19459927,-0.32411462,-0.30701396,-0.32943356,-0.20658675,-0.20658675,-0.33048365,-0.32690454,-0.3289357,-0.20655881,-0.31196946,-0.3214015,-0.32400414,-0.33506903
k__Bacteria|p__Bacteroidetes|c__Bacteroidia|o__Bacteroidales|f__Prevotellaceae|g__Prevotella|s__unclassified,-0.28271136,-0.31904158,-0.32328734,-0.31718764,-0.3322257,-0.2932219,-0.3258366,-0.3327108,-0.33075604,-0.33005035,-0.19440371,-0.32539368,-0.31133458,0.8628709,-0.3099353,-0.28502616,-0.3303013,-0.33037186,-0.33071464,-0.3316214,-0.26184985,-0.31223327,-0.32715926,-0.3298624,-0.3207198,-0.26755807,-0.32696477,-0.32854122,-0.31676275,1.6824191,-0.23875734,-0.32284898,-0.32284898,-0.31979084,-0.32378075,-0.24718808,-0.32432246,-0.3291557,-0.3328914,-0.3328914,1.6035129,-0.30590335,-0.3233376,-0.3213871,-0.3166716,-0.2851582,-0.31503505,-0.31715828,-0.310298,-0.3255994,-0.24634947,-0.3272691,-0.32986963,-0.323744,-0.32724196,-0.26561454,-0.26286402,-0.31620312,-0.32277873,-0.33141193,-0.256234,-0.2358737,-0.32636124,-0.32524383,-0.32966417,-0.2850096,-0.30183107,-0.27669096,-0.30985528,-0.3320185,-0.31161842,-0.27598393,-0.3279655,-0.32037857,-0.33019432,-0.19459927,-0.19459927,-0.32411462,-0.30701396,-0.32943356,-0.20658675,-0.20658675,-0.33048365,-0.32690454,-0.3289357,-0.20655881,0.40055192,-0.3214015,-0.3251329,-0.33506903
k__Bacteria|p__Bacteroidetes|c__Bacteroidia|o__Bacteroidales|f__Porphyromonadaceae|g__Dysgonomonas|s__unclassified,-0.28271136,-0.31904158,-0.32328734,-0.31718764,-0.3322257,-0.2932219,-0.3258366,-0.3327108,-0.33075604,-0.33005035,-0.19440371,-0.32539368,-0.31133458,-0.31570548,-0.3099353,-0.28714088,-0.3303013,-0.3291009,-0.32986134,-0.33112723,-0.26184985,-0.31223327,-0.32595202,-0.3298624,-0.3207198,-0.26755807,1.4484599,0.8790847,-0.31676275,-0.32445285,-0.23875734,-0.32284898,-0.32284898,-0.31979084,-0.32378075,-0.24718808,-0.32432246,-0.3291557,-0.3328914,-0.3328914,-0.2443454,-0.30590335,-0.3233376,-0.3206812,-0.3166716,-0.2851582,-0.31486195,-0.31715828,-0.310298,-0.3255994,-0.24634947,-0.3272691,-0.32986963,-0.323744,-0.32689774,-0.26839104,-0.26286402,-0.31612322,-0.32277873,-0.33141193,-0.256234,-0.2358737,-0.32636124,-0.32448155,-0.32923386,-0.2850096,-0.30183107,-0.27669096,-0.30985528,-0.3320185,-0.31161842,-0.27598393,-0.3269685,-0.32037857,-0.33019432,-0.19459927,-0.19459927,-0.32411462,-0.30701396,-0.32943356,-0.20658675,-0.20658675,-0.33048365,-0.32690454,-0.3289357,-0.20655881,-0.31196946,-0.3214015,-0.32413983,-0.33506903
k__Bacteria|p__Bacteroidetes|c__Bacteroidia|o__Bacteroidales|f__Bacteroidaceae|g__Bacteroides|s__uniformis,-0.28271136,-0.31904158,-0.32328734,-0.31718764,0.91523975,-0.2932219,-0.3258366,-0.3327108,-0.33075604,-0.33005035,-0.19440371,-0.32539368,-0.31133458,-0.31570548,-0.3099353,-0.0584336,0.76937085,0.074491575,0.35892475,0.45443723,-0.26184985,-0.31223327,0.26321128,1.2130233,1.1340897,-0.26755807,-0.32696477,-0.32854122,0.8507297,-0.32445285,-0.23875734,-0.32284898,-0.32284898,-0.31979084,-0.32378075,-0.24718808,-0.32432246,-0.3291557,0.84760654,0.84760654,-0.2443454,-0.30590335,-0.3233376,0.16259086,0.86584866,-0.2851582,-0.29512823,-0.31715828,-0.310298,-0.3255994,1.6093904,-0.3272691,-0.32986963,-0.323744,0.4503659,-0.18484417,-0.26286402,0.032331426,0.8692793,1.2703136,-0.256234,-0.2358737,0.6770685,0.56500816,0.5696805,1.2667744,1.0639361,-0.27669096,0.8640614,0.6174492,-0.31161842,-0.27598393,-0.0063294536,-0.32037857,0.6655175,2.3754787,2.3754787,0.7678925,1.194277,-0.32943356,-0.20658675,-0.20658675,0.650407,-0.32690454,-0.3289357,-0.20655881,0.41147956,1.1221453,0.5556953,0.97065645
k__Bacteria|p__Bacteroidetes|c__Bacteroidia|o__Bacteroidales|f__Porphyromonadaceae|g__Parabacteroides|s__distasonis,-0.28271136,-0.31904158,-0.32328734,-0.31718764,0.735872,-0.2932219,-0.3258366,-0.3327108,-0.33075604,-0.33005035,-0.19440371,-0.32539368,-0.31133458,-0.31570548,-0.3099353,-0.030759197,0.7666929,0.066197395,0.32536197,0.3948244,1.5305815,1.1445544,0.25477862,0.89681196,0.95623654,-0.26755807,-0.32696477,-0.32854122,-0.31676275,-0.32445285,-0.23875734,-0.32284898,-0.32284898,-0.31979084,-0.32378075,-0.24718808,-0.32432246,-0.3291557,-0.3328914,-0.3328914,-0.2443454,-0.30590335,-0.3233376,0.12368799,-0.3166716,-0.2851582,-0.27859008,-0.31715828,-0.310298,-0.3255994,1.7504511,0.7525342,0.6777574,0.85449857,0.38829252,-0.15625694,-0.26286402,0.021745224,0.8118559,0.89139587,-0.256234,-0.2358737,-0.32636124,0.53391683,0.51085436,1.3058217,1.1381961,2.015938,1.1343517,0.8602412,-0.31161842,-0.27598393,-0.017381407,-0.32037857,0.6555194,-0.19459927,-0.19459927,-0.32411462,-0.30701396,-0.32943356,-0.20658675,-0.20658675,0.80189645,0.47589296,0.4974242,-0.20655881,0.4029906,1.0196824,0.52415514,0.68854386
k__Bacteria|p__Bacteroidetes|c__Bacteroidia|o__Bacteroidales|f__Porphyromonadaceae|g__Parabacteroides|s__unclassified,-0.28271136,-0.31904158,-0.32328734,-0.31718764,-0.3322257,-0.2932219,-0.3258366,-0.3327108,-0.33075604,-0.33005035,-0.19440371,-0.32539368,-0.31133458,-0.31570548,-0.3099353,-0.28297243,-0.3303013,-0.32443774,-0.3247874,-0.32635242,-0.26184985,-0.31223327,-0.3196974,0.7567791,-0.3207198,-0.26755807,-0.32696477,-0.32854122,-0.31676275,-0.32445285,-0.23875734,-0.32284898,-0.32284898,-0.31979084,-0.32378075,-0.24718808,-0.32432246,-0.3291557,-0.3328914,-0.3328914,-0.2443454,-0.30590335,-0.3233376,-0.3180501,-0.3166716,-0.2851582,-0.3157311,-0.31715828,-0.310298,-0.3255994,1.947077,0.75319177,0.68378663,1.1232679,-0.32185197,-0.2672144,-0.26286402,-0.3114245,0.794139,-0.33141193,-0.256234,-0.2358737,-0.32636124,-0.31846625,-0.3238526,-0.2850096,-0.30183107,-0.27669096,-0.30985528,-0.3320185,1.3505505,1.8767433,-0.32259226,0.9973784,0.6555194,-0.19459927,-0.19459927,-0.32411462,-0.30701396,0.60958767,-0.20658675,-0.20658675,1.0664104,0.73031306,0.6817533,-0.20655881,0.4036863,1.5207661,-0.3182898,0.62597847
k__Bacteria|p__Bacteroidetes|c__Bacteroidia|o__Bacteroidales|f__Bacteroidaceae|g__unclassified|s__unclassified,-0.28271136,-0.31904158,-0.32328734,-0.31718764,0.58275604,-0.2932219,-0.3258366,-0.3327108,-0.33075604,-0.33005035,-0.19440371,-0.32539368,-0.31133458,-0.31570548,-0.3099353,-0.045305736,0.8196625,0.116004005,0.41616842,0.5371152,1.4504809,0.93537515,0.29547796,0.74350667,0.8685756,-0.26755807,-0.32696477,-0.32854122,0.8627445,0.7341672,-0.23875734,-0.32284898,-0.32284898,-0.31979084,0.70687383,2.1358855,1.5476712,0.86014575,1.0596657,1.0596657,-0.2443454,-0.30590335,1.1875713,0.22694209,1.2229198,-0.2851582,-0.27485466,-0.31715828,0.9813448,0.7152352,-0.24634947,-0.3272691,-0.32986963,-0.323744,0.53561735,-0.18020436,-0.26286402,0.075087875,0.7865737,0.65440977,-0.256234,-0.2358737,-0.32636124,0.6046282,0.643564,1.2513202,1.0520985,-0.27669096,0.87105036,0.6204103,0.9420454,1.338857,0.044497363,0.83479494,0.6898634,-0.19459927,-0.19459927,-0.32411462,1.0852373,-0.32943356,-0.20658675,-0.20658675,0.6569984,0.46603313,0.4137291,-0.20655881,-0.31196946,0.85458595,0.60021794,0.59822565
k__Bacteria|p__Bacteroidetes|c__Bacteroidia|o__Bacteroidales|f__Bacteroidaceae|g__Bacteroides|s__unclassified,-0.28271136,-0.31904158,0.83480275,-0.31718764,1.4842178,-0.2932219,-0.3258366,1.3182436,1.0724747,1.2746412,-0.19440371,-0.32539368,-0.31133458,-0.31570548,-0.3099353,0.21223843,1.1180588,0.7107551,1.223033,1.3718882,1.9852153,2.0567951,0.9929568,1.5054332,1.7164755,-0.26755807,-0.32696477,-0.32854122,2.03821,1.4904224,-0.23875734,-0.32284898,-0.32284898,1.7499397,1.9184169,1.9094691,1.3316351,0.7928226,1.1409109,1.1409109,-0.2443454,-0.30590335,1.815413,0.89893734,2.0795484,-0.2851582,-0.0155361295,0.853188,1.8346468,1.7191882,2.3562114,1.4937221,0.86421937,1.950182,1.3536087,-0.029384203,-0.26286402,0.61900955,1.8602269,1.5310156,-0.256234,-0.2358737,1.7953147,1.5252526,1.5406866,2.3740191,2.3366919,1.9546217,1.4457251,1.106891,2.0791016,2.0193076,0.5832201,1.7299362,1.4829997,2.533062,2.533062,2.005598,2.2175343,1.5649502,-0.20658675,-0.20658675,1.5493904,1.2197609,0.9862736,2.3908095,0.79621696,1.4559597,1.5070136,1.2133436
k__Bacteria|p__Bacteroidetes|c__Bacteroidia|o__Bacteroidales|f__Rikenellaceae|g__unclassified|s__unclassified,-0.28271136,-0.31904158,-0.32328734,-0.31718764,0.6732129,-0.2932219,-0.3258366,-0.3327108,-0.33075604,-0.33005035,-0.19440371,-0.32539368,-0.31133458,-0.31570548,1.808439,-0.07541867,0.71237886,0.097749345,0.43824446,0.580906,-0.26184985,-0.31223327,0.29439896,0.867077,0.9525374,-0.26755807,-0.32696477,-0.32854122,-0.31676275,-0.32445285,-0.23875734,-0.32284898,-0.32284898,-0.31979084,-0.32378075,-0.24718808,-0.32432246,-0.3291557,1.1748962,1.1748962,-0.2443454,-0.30590335,-0.3233376,0.23729527,-0.3166716,-0.2851582,-0.32265103,-0.31715828,-0.310298,1.0773845,-0.24634947,-0.3272691,-0.32986963,0.8350493,0.5815755,-0.20996872,-0.26286402,0.061930373,0.9022024,1.0935965,-0.256234,-0.2358737,0.7922965,0.6473694,0.70039713,-0.2850096,1.1858615,1.3748462,0.9219664,1.2075365,-0.31161842,-0.27598393,0.017909355,1.4281286,0.6476095,-0.19459927,-0.19459927,-0.32411462,1.0043234,-0.32943356,-0.20658675,-0.20658675,-0.33048365,0.6093112,0.48689365,-0.20655881,0.45452964,0.9392857,0.64569366,0.7600352
k__Bacteria|p__Bacteroidetes|c__Bacteroidia|o__Bacteroidales|f__Bacteroidaceae|g__Bacteroides|s__fragilis,-0.28271136,-0.31904158,-0.32328734,-0.31718764,0.76430225,-0.2932219,-0.3258366,-0.3327108,1.3127434,1.200991,-0.19440371,-0.32539368,-0.31133458,-0.31570548,-0.3099353,-0.058051836,0.76515937,0.17511421,0.49935254,0.623121,-0.26184985,1.2865877,0.35905126,0.736419,0.868007,-0.26755807,-0.32696477,-0.32854122,-0.31676275,-0.32445285,-0.23875734,-0.32284898,-0.32284898,0.9464174,0.82508,1.6321783,1.4842417,1.5658692,1.2084874,1.2084874,-0.2443454,-0.30590335,-0.3233376,0.30384663,-0.3166716,-0.2851582,-0.27130455,2.0263197,1.1734746,0.958683,-0.24634947,-0.3272691,-0.32986963,-0.323744,0.62124705,-0.19894385,-0.26286402,0.13252637,0.97174513,0.7885807,-0.256234,-0.2358737,1.1317037,0.6925253,0.73123217,1.2723354,1.125391,-0.27669096,0.8640614,-0.3320185,-0.31161842,-0.27598393,0.10014996,0.9811705,-0.33019432,-0.19459927,-0.19459927,-0.32411462,1.0169262,0.7368577,-0.20658675,-0.20658675,0.91604996,0.38891336,0.4093945,2.281338,0.5372666,0.88097167,0.68663955,0.8028947
k__Bacteria|p__Proteobacteria|c__Gammaproteobacteria|o__Enterobacteriales|f__Enterobacteriaceae|g__Trabulsiella|s__unclassified,-0.28271136,-0.31904158,0.7766038,-0.31718764,-0.3322257,-0.2932219,-0.3258366,-0.3327108,-0.33075604,-0.33005035,-0.19440371,-0.32539368,-0.31133458,-0.31570548,-0.3099353,-0.28553808,-0.3303013,-0.32952663,-0.33050358,-0.3307935,-0.26184985,-0.31223327,-0.32649463,-0.3298624,-0.3207198,-0.26755807,-0.32696477,-0.32854122,-0.31676275,-0.32445285,1.7657133,-0.32284898,-0.32284898,-0.31979084,-0.32378075,-0.24718808,-0.32432246,-0.3291557,-0.3328914,-0.3328914,1.6093037,-0.30590335,-0.3233376,-0.31980866,-0.3166716,-0.2851582,-0.31447047,-0.31715828,-0.310298,-0.3255994,-0.24634947,-0.3272691,-0.32986963,-0.323744,-0.32611233,-0.26249096,1.4882407,-0.3147167,-0.32277873,-0.33141193,-0.256234,-0.2358737,-0.32636124,-0.32451254,-0.32870847,-0.2850096,-0.30183107,-0.27669096,-0.30985528,-0.3320185,-0.31161842,-0.27598393,-0.3268351,-0.32037857,-0.33019432,-0.19459927,-0.19459927,-0.32411462,-0.30701396,-0.32943356,1.9908922,1.9908922,-0.33048365,-0.32690454,-0.3289357,-0.20655881,-0.31196946,-0.3214015,-0.3235981,-0.33506903
k__Bacteria|p__Proteobacteria|c__Gammaproteobacteria|o__Enterobacteriales|f__Enterobacteriaceae|g__Klebsiella|s__unclassified,1.2906168,-0.31904158,-0.32328734,-0.31718764,-0.3322257,-0.2932219,-0.3258366,-0.3327108,-0.33075604,-0.33005035,2.162574,-0.32539368,-0.31133458,-0.31570548,-0.3099353,-0.11377697,-0.3303013,-0.3262726,-0.35148913,-0.35309494,-0.26184985,-0.31223327,-0.29892933,-0.3298624,-0.3207198,1.4148632,0.7375115,-0.32854122,-0.31676275,-0.32445285,1.7651765,-0.32284898,-0.32284898,-0.31979084,-0.32378075,-0.24718808,-0.32432246,-0.3291557,-0.3328914,-0.3328914,1.607938,-0.30590335,-0.3233376,-0.2978236,-0.3166716,1.2199326,-0.286182,-0.31715828,-0.310298,-0.3255994,-0.24634947,-0.3272691,-0.32986963,-0.323744,-0.31712902,-0.017434636,-0.26286402,-0.24475369,-0.32277873,-0.33141193,-0.256234,1.6990836,-0.32636124,-0.31936154,-0.33989203,-0.2850096,-0.30183107,-0.27669096,-0.30985528,-0.3320185,-0.31161842,-0.27598393,-0.3154958,-0.32037857,-0.33019432,2.1397495,2.1397495,-0.32411462,-0.30701396,-0.32943356,1.9915736,1.9915736,-0.33048365,-0.32690454,-0.3289357,-0.20655881,0.41561127,-0.3214015,-0.31190908,-0.33506903
k__Bacteria|p__Proteobacteria|c__Gammaproteobacteria|o__Pseudomonadales|f__Moraxellaceae|g__Acinetobacter|s__unclassified,-0.28271136,-0.31904158,-0.32328734,-0.31718764,-0.3322257,-0.2932219,-0.3258366,-0.3327108,-0.33075604,-0.33005035,-0.19440371,-0.32539368,-0.31133458,-0.31570548,-0.3099353,-0.28700775,-0.3303013,-0.32973507,-0.3304874,-0.3315766,-0.26184985,-0.31223327,-0.3266494,-0.3298624,-0.3207198,-0.26755807,-0.32696477,-0.32854122,-0.31676275,-0.32445285,-0.23875734,-0.32284898,-0.32284898,-0.31979084,-0.32378075,-0.24718808,-0.32432246,-0.3291557,-0.3328914,-0.3328914,-0.2443454,-0.30590335,-0.3233376,-0.32171986,-0.3166716,-0.2851582,-0.31673247,-0.31715828,-0.310298,-0.3255994,-0.24634947,-0.3272691,-0.32986963,-0.323744,-0.32734883,-0.2678666,-0.26286402,-0.31573164,-0.32277873,-0.33141193,-0.256234,-0.2358737,-0.32636124,-0.3251322,-0.3295688,-0.2850096,-0.30183107,-0.27669096,-0.30985528,-0.3320185,-0.31161842,-0.27598393,-0.32747614,-0.32037857,-0.33019432,-0.19459927,-0.19459927,-0.32411462,-0.30701396,-0.32943356,-0.20658675,-0.20658675,-0.33048365,-0.32690454,-0.3289357,-0.20655881,-0.31196946,-0.3214015,-0.32489374,-0.33506903
k__Bacteria|p__Proteobacteria|c__Gammaproteobacteria|o__Aeromonadales|f__unclassified|g__unclassified|s__unclassified,-0.28271136,-0.31904158,0.7928789,-0.31718764,-0.3322257,-0.2932219,-0.3258366,-0.3327108,-0.33075604,-0.33005035,-0.19440371,-0.32539368,-0.31133458,-0.31570548,-0.3099353,-0.28448856,-0.3303013,-0.32925478,-0.3304217,-0.33118135,-0.26184985,-0.31223327,-0.3258172,-0.3298624,-0.3207198,-0.26755807,-0.32696477,-0.32854122,-0.31676275,-0.32445285,-0.23875734,-0.32284898,-0.32284898,-0.31979084,-0.32378075,-0.24718808,-0.32432246,-0.3291557,-0.3328914,-0.3328914,-0.2443454,-0.30590335,-0.3233376,-0.3210435,-0.3166716,1.2010858,-0.31450963,-0.31715828,-0.310298,-0.3255994,-0.24634947,-0.3272691,-0.32986963,-0.323744,-0.3265084,-0.26546326,-0.26286402,-0.31497687,-0.32277873,-0.33141193,-0.256234,1.6906208,-0.32636124,-0.32504964,-0.32921273,-0.2850096,-0.30183107,-0.27669096,-0.30985528,-0.3320185,-0.31161842,-0.27598393,-0.32666975,-0.32037857,-0.33019432,-0.19459927,-0.19459927,-0.32411462,-0.30701396,-0.32943356,-0.20658675,-0.20658675,-0.33048365,-0.32690454,-0.3289357,-0.20655881,0.3900324,-0.3214015,-0.32429403,-0.33506903
k__Bacteria|p__Proteobacteria|c__Gammaproteobacteria|o__Enterobacteriales|f__Enterobacteriaceae|g__Erwinia|s__unclassified,-0.28271136,-0.31904158,-0.32328734,-0.31718764,-0.3322257,-0.2932219,-0.3258366,-0.3327108,-0.33075604,-0.33005035,2.1525297,-0.32539368,-0.31133458,-0.31570548,-0.3099353,-0.28361195,-0.3303013,-0.328008,-0.33039597,-0.33072415,-0.26184985,-0.31223327,-0.32485312,-0.3298624,-0.3207198,-0.26755807,0.73610276,-0.32854122,-0.31676275,-0.32445285,-0.23875734,-0.32284898,-0.32284898,-0.31979084,-0.32378075,-0.24718808,-0.32432246,-0.3291557,-0.3328914,-0.3328914,-0.2443454,-0.30590335,-0.3233376,-0.3208212,-0.3166716,1.201482,-0.31280625,-0.31715828,-0.310298,-0.3255994,-0.24634947,-0.3272691,-0.32986963,-0.323744,-0.32604513,-0.26406276,-0.26286402,-0.31389672,-0.32277873,-0.33141193,-0.256234,1.6898763,-0.32636124,-0.32524568,-0.3288095,-0.2850096,-0.30183107,-0.27669096,-0.30985528,-0.3320185,-0.31161842,-0.27598393,-0.32520795,-0.32037857,-0.33019432,-0.19459927,-0.19459927,-0.32411462,-0.30701396,-0.32943356,-0.20658675,-0.20658675,-0.33048365,-0.32690454,-0.3289357,-0.20655881,0.39179337,-0.3214015,-0.32409483,-0.33506903
k__Bacteria|p__Proteobacteria|c__Gammaproteobacteria|o__Enterobacteriales|f__Enterobacteriaceae|g__Citrobacter|s__unclassified,-0.28271136,-0.31904158,1.1223614,-0.31718764,0.56670225,-0.2932219,-0.3258366,-0.3327108,-0.33075604,-0.33005035,2.1531491,-0.32539368,-0.31133458,-0.31570548,0.92505085,-0.2862814,-0.3303013,-0.32988852,-0.33087653,-0.33164486,-0.26184985,-0.31223327,-0.3270863,-0.3298624,-0.3207198,-0.26755807,0.74552375,0.71613544,-0.31676275,-0.32445285,-0.23875734,-0.32284898,-0.32284898,-0.31979084,0.70343935,-0.24718808,-0.32432246,-0.3291557,-0.3328914,-0.3328914,-0.2443454,-0.30590335,-0.3233376,-0.3212641,-0.3166716,-0.2851582,-0.314424,0.8522127,-0.310298,-0.3255994,-0.24634947,-0.3272691,-0.32986963,-0.323744,-0.3273157,-0.26656044,-0.26286402,-0.31651092,-0.32277873,-0.33141193,-0.256234,1.6899939,-0.32636124,-0.32573944,-0.32984942,-0.2850096,-0.30183107,-0.27669096,-0.30985528,-0.3320185,-0.31161842,-0.27598393,-0.32755673,-0.32037857,-0.33019432,-0.19459927,-0.19459927,-0.32411462,-0.30701396,-0.32943356,-0.20658675,-0.20658675,-0.33048365,-0.32690454,-0.3289357,-0.20655881,0.39126542,-0.3214015,-0.32540086,-0.33506903
k__Bacteria|p__Proteobacteria|c__Gammaproteobacteria|o__Pasteurellales|f__Pasteurellaceae|g__Aggregatibacter|s__unclassified,-0.28271136,-0.31904158,-0.32328734,-0.31718764,-0.3322257,-0.2932219,-0.3258366,-0.3327108,-0.33075604,-0.33005035,-0.19440371,-0.32539368,-0.31133458,-0.31570548,-0.3099353,-0.28654343,-0.3303013,-0.3306778,-0.33026013,-0.33115226,-0.26184985,-0.31223327,-0.3276133,-0.3298624,-0.3207198,-0.26755807,-0.32696477,-0.32854122,-0.31676275,-0.32445285,-0.23875734,-0.32284898,-0.32284898,-0.31979084,-0.32378075,-0.24718808,-0.32432246,-0.3291557,-0.3328914,-0.3328914,-0.2443454,-0.30590335,-0.3233376,-0.32113773,-0.3166716,-0.2851582,-0.3160844,-0.31715828,-0.310298,-0.3255994,-0.24634947,-0.3272691,-0.32986963,-0.323744,-0.326981,-0.26789272,-0.26286402,-0.3173833,-0.32277873,-0.33141193,-0.256234,-0.2358737,-0.32636124,-0.3251232,-0.32947236,-0.2850096,-0.30183107,-0.27669096,-0.30985528,-0.3320185,-0.31161842,-0.27598393,-0.32811484,-0.32037857,-0.33019432,-0.19459927,-0.19459927,-0.32411462,-0.30701396,-0.32943356,-0.20658675,-0.20658675,-0.33048365,-0.32690454,0.39149728,-0.20655881,-0.31196946,-0.3214015,-0.32493442,-0.33506903
k__Bacteria|p__Proteobacteria|c__Alphaproteobacteria|o__Rickettsiales|f__mitochondria|g__unclassified|s__unclassified,-0.28271136,-0.31904158,-0.32328734,-0.31718764,-0.3322257,-0.2932219,-0.3258366,-0.3327108,-0.33075604,-0.33005035,-0.19440371,-0.32539368,-0.31133458,-0.31570548,-0.3099353,-0.28686732,-0.3303013,-0.33209166,-0.33102185,-0.33181545,-0.26184985,-0.31223327,-0.32930303,-0.3298624,-0.3207198,-0.26755807,-0.32696477,-0.32854122,-0.31676275,-0.32445285,-0.23875734,-0.32284898,-0.32284898,-0.31979084,-0.32378075,-0.24718808,-0.32432246,-0.3291557,-0.3328914,-0.3328914,-0.2443454,-0.30590335,-0.3233376,-0.32255745,-0.3166716,-0.2851582,-0.3175652,-0.31715828,-0.310298,-0.3255994,-0.24634947,0.7411552,-0.32986963,-0.323744,-0.32824996,-0.26719734,-0.26286402,-0.318139,-0.32277873,-0.33141193,-0.256234,-0.2358737,-0.32636124,-0.32557184,-0.3305062,-0.2850096,-0.30183107,-0.27669096,-0.30985528,-0.3320185,-0.31161842,-0.27598393,-0.32916474,-0.32037857,0.63963646,-0.19459927,-0.19459927,-0.32411462,-0.30701396,-0.32943356,-0.20658675,-0.20658675,-0.33048365,-0.32690454,-0.3289357,-0.20655881,-0.31196946,-0.3214015,-0.32676578,-0.33506903
k__Bacteria|p__Proteobacteria|c__Gammaproteobacteria|o__Enterobacteriales|f__Enterobacteriaceae|g__unclassified|s__unclassified,1.4591601,1.0361795,0.87503946,0.8306259,0.5670497,1.7737455,1.0470415,0.7319986,1.0308574,-0.33005035,2.6101804,0.74786085,-0.31133458,0.892008,0.94323146,1.322999,0.8294243,0.672267,0.2611742,0.166111,1.863828,0.97313523,0.57078683,-0.3298624,-0.3207198,1.7334741,1.3873621,1.0606067,-0.31676275,0.73184955,1.789054,0.91986865,0.91986865,0.8543726,0.7988952,1.7171023,0.89243096,0.6791249,-0.3328914,-0.3328914,1.6518496,1.059417,0.83928907,0.491563,-0.3166716,2.3163579,1.0373843,0.95974004,0.97648597,0.71621144,1.6125339,0.7404896,0.69604987,-0.323744,0.25449365,1.4826452,-0.26286402,0.84649247,-0.32277873,0.64441866,1.7922006,2.5644295,0.68029845,0.10745308,0.083960116,1.2788992,-0.30183107,-0.27669096,-0.30985528,0.65503824,1.1268115,1.6361685,0.7681172,-0.32037857,-0.33019432,2.2993453,2.2993453,0.7272104,-0.30701396,0.7580409,2.0845127,2.0845127,-0.33048365,0.38547444,0.42775926,1.994032,2.1575375,0.84938335,0.14576496,-0.33506903
k__Bacteria|p__Proteobacteria|c__Gammaproteobacteria|o__Enterobacteriales|f__Enterobacteriaceae|g__Enterobacter|s__hormaechei,1.2991118,0.8921041,0.7921768,-0.31718764,-0.3322257,-0.2932219,0.7723446,-0.3327108,-0.33075604,-0.33005035,2.1915345,-0.32539368,-0.31133458,0.8849984,-0.3099353,0.7435526,-0.3303013,-0.06982252,-0.3160921,-0.3931989,-0.26184985,-0.31223327,-0.025948197,-0.3298624,-0.3207198,1.4252449,0.7601793,0.7143093,-0.31676275,-0.32445285,2.1170454,0.87595963,0.87595963,-0.31979084,-0.32378075,-0.24718808,0.7710657,-0.3291557,-0.3328914,-0.3328914,2.5693183,1.0339742,0.7761516,-0.14991057,-0.3166716,1.2883308,0.14958233,0.8528955,-0.310298,-0.3255994,1.6885846,-0.3272691,0.7004156,-0.323744,-0.2799088,0.9760177,-0.26286402,0.16297936,-0.32277873,-0.33141193,-0.256234,1.7403927,-0.32636124,-0.28588036,-0.3844877,-0.2850096,-0.30183107,-0.27669096,-0.30985528,-0.3320185,-0.31161842,1.3426929,-0.0264408,-0.32037857,-0.33019432,2.1469843,2.1469843,-0.32411462,-0.30701396,0.5918944,2.457012,2.457012,-0.33048365,-0.32690454,-0.3289357,-0.20655881,0.48030278,-0.3214015,-0.25740123,-0.33506903
k__Bacteria|p__Proteobacteria|c__Gammaproteobacteria|o__Pasteurellales|f__Pasteurellaceae|g__Actinobacillus|s__unclassified,-0.28271136,-0.31904158,-0.32328734,0.8197814,-0.3322257,-0.2932219,0.8136967,-0.3327108,-0.33075604,-0.33005035,-0.19440371,0.8252372,-0.31133458,-0.31570548,-0.3099353,-0.28531444,0.7689887,-0.3277634,-0.3302488,-0.33072436,-0.26184985,0.9273113,-0.3248489,-0.3298624,-0.3207198,-0.26755807,-0.32696477,-0.32854122,-0.31676275,0.73694134,-0.23875734,-0.32284898,-0.32284898,-0.31979084,-0.32378075,-0.24718808,-0.32432246,-0.3291557,-0.3328914,-0.3328914,-0.2443454,-0.30590335,-0.3233376,-0.3215667,-0.3166716,-0.2851582,-0.31246096,0.8525054,-0.310298,0.71347547,-0.24634947,-0.3272691,-0.32986963,-0.323744,-0.3265686,-0.2665813,-0.26286402,-0.3146538,-0.32277873,-0.33141193,-0.256234,-0.2358737,-0.32636124,-0.3250167,-0.32866836,-0.2850096,-0.30183107,-0.27669096,-0.30985528,-0.3320185,-0.31161842,-0.27598393,-0.3256995,-0.32037857,-0.33019432,-0.19459927,-0.19459927,0.7208719,-0.30701396,0.6033857,-0.20658675,-0.20658675,-0.33048365,-0.32690454,0.39134985,-0.20655881,-0.31196946,-0.3214015,-0.32453364,-0.33506903
k__Bacteria|p__Proteobacteria|c__Gammaproteobacteria|o__Enterobacteriales|f__Enterobacteriaceae|g__Escherichia|s__unclassified,-0.28271136,1.2030321,0.83008015,0.85440165,0.5767783,1.528007,0.77642196,0.610416,0.78834724,-0.33005035,-0.19440371,0.7423663,-0.31133458,0.86406875,0.9242829,0.20891854,0.7531943,0.38042063,0.07910742,-0.09892124,2.1738796,0.9500002,0.1418424,-0.3298624,-0.3207198,-0.26755807,1.001002,0.9093163,-0.31676275,-0.32445285,-0.23875734,0.9769375,0.9769375,-0.31979084,0.7455986,1.7785171,0.81265306,0.64950377,-0.3328914,-0.3328914,-0.2443454,-0.30590335,0.78192174,0.21836463,-0.3166716,-0.2851582,0.8427485,0.852164,-0.310298,-0.3255994,-0.24634947,-0.3272691,0.6844192,-0.323744,-0.16723132,0.2731484,-0.26286402,0.2937012,-0.32277873,0.63815606,1.708479,1.6985786,0.68029845,-0.1459543,-0.224595,1.2648556,-0.30183107,-0.27669096,-0.30985528,0.6201639,1.3281633,-0.27598393,0.4321844,-0.32037857,-0.33019432,-0.19459927,-0.19459927,0.7099117,-0.30701396,0.631869,-0.20658675,-0.20658675,-0.33048365,-0.32690454,0.4022011,-0.20655881,-0.31196946,-0.3214015,-0.16657694,-0.33506903
k__Bacteria|p__Proteobacteria|c__Gammaproteobacteria|o__Pasteurellales|f__Pasteurellaceae|g__Haemophilus|s__parainfluenzae,-0.28271136,-0.31904158,0.7963822,-0.31718764,-0.3322257,-0.2932219,-0.3258366,-0.3327108,-0.33075604,-0.33005035,2.174886,0.7468641,0.9386662,-0.31570548,-0.3099353,-0.26894212,-0.3303013,-0.3094123,-0.32152417,-0.32766706,-0.26184985,0.92998993,-0.31216758,-0.3298624,-0.3207198,-0.26755807,0.748114,0.72485495,-0.31676275,0.7310242,-0.23875734,0.90231436,0.90231436,-0.31979084,-0.32378075,-0.24718808,0.78407824,0.64950377,0.60993147,0.60993147,-0.2443454,1.0135772,-0.3233376,-0.31030503,-0.3166716,1.2034612,-0.27735138,-0.31715828,-0.310298,0.7152352,-0.24634947,0.7414213,0.69885856,-0.323744,-0.32609057,-0.24992245,1.4839811,-0.30095208,-0.32277873,-0.33141193,-0.256234,-0.2358737,-0.32636124,-0.32111216,-0.32856074,-0.2850096,-0.30183107,-0.27669096,-0.30985528,-0.3320185,0.93833756,-0.27598393,-0.30664086,-0.32037857,-0.33019432,-0.19459927,-0.19459927,-0.32411462,-0.30701396,0.6039837,-0.20658675,-0.20658675,-0.33048365,0.40513843,0.47760448,-0.20655881,-0.31196946,-0.3214015,-0.32178247,-0.33506903
k__Bacteria|p__Proteobacteria|c__Betaproteobacteria|o__Burkholderiales|f__Alcaligenaceae|g__Sutterella|s__unclassified,-0.28271136,-0.31904158,-0.32328734,-0.31718764,0.83567923,-0.2932219,1.4410965,0.8392248,1.1976002,1.3121611,-0.19440371,1.3667103,1.5174404,1.3930231,-0.3099353,-0.11421767,-0.3303013,0.25917196,0.6323788,0.7785704,-0.26184985,1.2723725,0.4209559,1.0156946,-0.3207198,-0.26755807,-0.32696477,-0.32854122,1.3837147,1.1654892,-0.23875734,-0.32284898,-0.32284898,1.3768593,-0.32378075,-0.24718808,-0.32432246,-0.3291557,0.66220075,0.66220075,-0.2443454,-0.30590335,0.7747276,0.463838,0.96712714,-0.2851582,-0.24459533,-0.31715828,1.1437185,0.8540029,-0.24634947,-0.3272691,0.7084732,0.9472295,0.78104526,-0.24077697,-0.26286402,0.232759,1.3214175,0.9149545,-0.256234,-0.2358737,0.8118062,0.7975428,0.87250936,-0.2850096,-0.30183107,-0.27669096,0.86581326,0.8832372,-0.31161842,-0.27598393,0.19418794,0.87972826,-0.33019432,-0.19459927,-0.19459927,-0.32411462,1.1510648,0.6816002,-0.20658675,-0.20658675,1.2090852,1.1372656,1.0041271,2.3568556,0.5071543,1.2733878,0.7976347,0.8716997
k__Bacteria|p__Proteobacteria|c__Gammaproteobacteria|o__Pasteurellales|f__Pasteurellaceae|g__Haemophilus|s__unclassified,-0.28271136,-0.31904158,1.0501442,0.8306259,0.5680913,-0.2932219,0.7880527,-0.3327108,0.70624435,0.67320096,2.293215,0.95427823,0.98752326,0.8751805,0.97695524,0.2939935,0.875136,0.77056426,0.7435874,0.6720766,1.4504809,1.0638359,0.66240597,0.73651135,0.8536866,1.4266523,0.9284308,1.0639625,0.878473,0.7786403,-0.23875734,1.3968563,1.3968563,0.8661797,0.7011616,-0.24718808,1.0372256,0.8334814,0.60399556,0.60399556,1.6059386,1.1294252,-0.3233376,0.74204874,0.8492453,-0.2851582,0.89946574,0.8555246,0.9836111,0.9499157,-0.24634947,1.3210824,1.2923373,0.7450166,0.59191674,0.2711891,1.4747916,0.64202476,-0.32277873,-0.33141193,1.592727,-0.2358737,-0.32636124,0.6698984,0.6291317,-0.2850096,-0.30183107,-0.27669096,-0.30985528,-0.3320185,1.0226008,-0.27598393,0.75919914,0.9215736,0.6575726,-0.19459927,-0.19459927,0.73991656,-0.30701396,0.7539841,-0.20658675,-0.20658675,0.64389867,0.46097258,0.4949681,-0.20655881,0.3868549,0.8466389,0.64037704,0.59690046
k__Bacteria|p__Proteobacteria|c__Alphaproteobacteria|o__RF32|f__unclassified|g__unclassified|s__unclassified,-0.28271136,-0.31904158,-0.32328734,-0.31718764,0.7575573,-0.2932219,-0.3258366,-0.3327108,0.7239371,0.6927362,-0.19440371,-0.32539368,-0.31133458,-0.31570548,-0.3099353,-0.28300107,-0.3303013,-0.3251484,-0.31529018,-0.30134523,-0.26184985,-0.31223327,-0.3187398,-0.3298624,1.0925032,-0.26755807,-0.32696477,-0.32854122,-0.31676275,-0.32445285,-0.23875734,-0.32284898,-0.32284898,-0.31979084,-0.32378075,-0.24718808,-0.32432246,-0.3291557,0.9252892,0.9252892,-0.2443454,-0.30590335,-0.3233376,-0.30864388,-0.3166716,-0.2851582,-0.32008567,-0.31715828,-0.310298,0.7101431,-0.24634947,-0.3272691,-0.32986963,-0.323744,-0.295369,-0.26902622,-0.26286402,-0.31050342,-0.32277873,0.8015362,-0.256234,-0.2358737,-0.32636124,-0.3087824,-0.2975477,-0.2850096,-0.30183107,-0.27669096,0.893433,1.1906842,-0.31161842,-0.27598393,-0.3223269,-0.32037857,-0.33019432,-0.19459927,-0.19459927,-0.32411462,1.0683681,-0.32943356,-0.20658675,-0.20658675,-0.33048365,0.4093023,0.42541078,-0.20655881,0.39758262,-0.3214015,-0.3056749,0.60021013
k__Bacteria|p__Actinobacteria|c__Actinobacteria|o__Actinomycetales|f__Actinomycetaceae|g__Actinomyces|s__unclassified,1.4257724,-0.31904158,-0.32328734,-0.31718764,-0.3322257,-0.2932219,-0.3258366,-0.3327108,-0.33075604,-0.33005035,-0.19440371,-0.32539368,-0.31133458,-0.31570548,-0.3099353,-0.2821741,-0.3303013,-0.33026993,-0.33058637,-0.3309262,1.4496787,-0.31223327,-0.3268729,-0.3298624,-0.3207198,-0.26755807,0.7427268,-0.32854122,-0.31676275,-0.32445285,1.7685717,-0.32284898,-0.32284898,-0.31979084,-0.32378075,-0.24718808,-0.32432246,-0.3291557,-0.3328914,-0.3328914,1.6138079,1.0222162,0.77244496,-0.32126665,-0.3166716,-0.2851582,-0.31422848,-0.31715828,-0.310298,-0.3255994,-0.24634947,-0.3272691,-0.32986963,-0.323744,-0.326277,-0.26308727,-0.26286402,-0.31613088,-0.32277873,-0.33141193,-0.256234,-0.2358737,-0.32636124,-0.32524267,-0.3290548,-0.2850096,-0.30183107,-0.27669096,-0.30985528,-0.3320185,-0.31161842,-0.27598393,-0.32776004,-0.32037857,-0.33019432,-0.19459927,-0.19459927,-0.32411462,-0.30701396,-0.32943356,-0.20658675,-0.20658675,-0.33048365,-0.32690454,-0.3289357,-0.20655881,-0.31196946,-0.3214015,-0.32480073,-0.33506903
k__Bacteria|p__Actinobacteria|c__Actinobacteria|o__Actinomycetales|f__Actinomycetaceae|g__Parascardovia|s__unclassified,-0.28271136,-0.31904158,-0.32328734,-0.31718764,-0.3322257,-0.2932219,-0.3258366,-0.3327108,-0.33075604,-0.33005035,-0.19440371,-0.32539368,-0.31133458,-0.31570548,-0.3099353,-0.2864155,-0.3303013,-0.32986212,-0.3308249,-0.3311463,-0.26184985,-0.31223327,-0.3264795,-0.3298624,-0.3207198,-0.26755807,-0.32696477,-0.32854122,-0.31676275,-0.32445285,1.7786888,-0.32284898,-0.32284898,-0.31979084,-0.32378075,-0.24718808,-0.32432246,-0.3291557,-0.3328914,-0.3328914,-0.2443454,-0.30590335,0.77254015,-0.32141984,-0.3166716,-0.2851582,-0.31578383,-0.31715828,-0.310298,-0.3255994,-0.24634947,-0.3272691,-0.32986963,-0.323744,-0.3265349,-0.2669493,-0.26286402,-0.31580818,-0.32277873,-0.33141193,-0.256234,-0.2358737,-0.32636124,-0.3253181,-0.32912815,-0.2850096,-0.30183107,-0.27669096,-0.30985528,-0.3320185,-0.31161842,-0.27598393,-0.3273797,-0.32037857,-0.33019432,-0.19459927,-0.19459927,-0.32411462,-0.30701396,-0.32943356,-0.20658675,-0.20658675,-0.33048365,-0.32690454,-0.3289357,-0.20655881,-0.31196946,-0.3214015,-0.32442248,-0.33506903
k__Bacteria|p__Actinobacteria|c__Actinobacteria|o__Actinomycetales|f__Corynebacteriaceae|g__Corynebacterium|s__unclassified,-0.28271136,-0.31904158,-0.32328734,-0.31718764,-0.3322257,-0.2932219,-0.3258366,-0.3327108,-0.33075604,-0.33005035,-0.19440371,-0.32539368,-0.31133458,-0.31570548,-0.3099353,-0.28705946,-0.3303013,-0.33011383,-0.33041954,-0.33159614,-0.26184985,-0.31223327,-0.32709286,-0.3298624,-0.3207198,-0.26755807,-0.32696477,-0.32854122,-0.31676275,-0.32445285,-0.23875734,-0.32284898,-0.32284898,-0.31979084,-0.32378075,-0.24718808,-0.32432246,-0.3291557,-0.3328914,-0.3328914,-0.2443454,-0.30590335,-0.3233376,-0.32115728,-0.3166716,-0.2851582,-0.31535292,-0.31715828,-0.310298,-0.3255994,-0.24634947,-0.3272691,-0.32986963,-0.323744,-0.32739577,-0.268164,-0.26286402,-0.3169504,-0.32277873,-0.33141193,-0.256234,-0.2358737,-0.32636124,-0.32518566,-0.32984105,-0.2850096,-0.30183107,-0.27669096,-0.30985528,-0.3320185,-0.31161842,-0.27598393,-0.32783234,-0.32037857,-0.33019432,-0.19459927,-0.19459927,-0.32411462,-0.30701396,-0.32943356,-0.20658675,-0.20658675,-0.33048365,-0.32690454,-0.3289357,-0.20655881,-0.31196946,-0.3214015,-0.32500035,-0.33506903
k__Bacteria|p__Actinobacteria|c__Actinobacteria|o__Actinomycetales|f__Micrococcaceae|g__Rothia|s__mucilaginosa,-0.28271136,-0.31904158,-0.32328734,-0.31718764,-0.3322257,-0.2932219,-0.3258366,-0.3327108,-0.33075604,-0.33005035,-0.19440371,-0.32539368,-0.31133458,-0.31570548,-0.3099353,-0.2852311,-0.3303013,-0.32853597,-0.33025527,-0.3308037,1.4488758,-0.31223327,-0.32495177,-0.3298624,-0.3207198,-0.26755807,0.73831564,-0.32854122,-0.31676275,-0.32445285,1.7644602,-0.32284898,-0.32284898,-0.31979084,-0.32378075,-0.24718808,-0.32432246,-0.3291557,-0.3328914,-0.3328914,-0.2443454,-0.30590335,-0.3233376,-0.32089102,-0.3166716,-0.2851582,-0.314586,-0.31715828,-0.310298,-0.3255994,-0.24634947,-0.3272691,-0.32986963,-0.323744,-0.32620344,-0.26599646,-0.26286402,-0.31528032,-0.32277873,-0.33141193,-0.256234,-0.2358737,-0.32636124,-0.32438827,-0.32850873,-0.2850096,-0.30183107,-0.27669096,-0.30985528,-0.3320185,-0.31161842,-0.27598393,-0.32660604,-0.32037857,-0.33019432,-0.19459927,-0.19459927,-0.32411462,-0.30701396,-0.32943356,-0.20658675,-0.20658675,-0.33048365,-0.32690454,-0.3289357,-0.20655881,0.3884449,-0.3214015,-0.32345268,-0.33506903
k__Bacteria|p__Actinobacteria|c__Actinobacteria|o__Bifidobacteriales|f__Bifidobacteriaceae|g__Bifidobacterium|s__longum,1.378869,1.4016058,1.2331228,-0.31718764,0.56595737,1.6125046,0.98954165,0.85041636,0.7149894,0.73089176,-0.19440371,0.77839863,0.9594391,0.9097015,-0.3099353,1.3186469,0.94579095,0.95443285,0.7082024,0.6142189,1.5773348,0.94371665,0.9327812,0.7544834,-0.3207198,1.4233654,0.8541233,-0.32854122,0.86246014,0.78740966,-0.23875734,0.9784772,0.9784772,0.90212,-0.32378075,1.7839177,1.1820736,0.8827731,0.6324291,0.6324291,-0.2443454,1.417218,0.85921717,0.5997815,-0.3166716,-0.2851582,0.9927052,1.1805558,1.0422087,0.7218551,1.7743685,0.86526304,0.7799367,0.74338436,0.6091155,1.0476205,-0.26286402,0.863461,0.7836798,0.6591531,1.7353671,1.6954653,0.68926066,0.60535884,0.5715721,1.4012556,1.0171267,-0.27669096,-0.30985528,0.6299738,1.1029414,1.8303907,0.96446705,0.8482947,0.6660826,-0.19459927,-0.19459927,0.7097586,-0.30701396,0.6033259,-0.20658675,-0.20658675,0.90478355,0.42811942,0.45108452,2.2011776,0.73434216,1.02214,0.6061907,0.5960713
k__Bacteria|p__Actinobacteria|c__Actinobacteria|o__Bifidobacteriales|f__Bifidobacteriaceae|g__Bifidobacterium|s__adolescentis,-0.28271136,0.8989615,0.78087515,-0.31718764,-0.3322257,-0.2932219,1.4460559,1.4467334,1.1419995,1.1679641,-0.19440371,-0.32539368,-0.31133458,-0.31570548,-0.3099353,-0.27162623,-0.3303013,-0.32149762,-0.32577634,-0.32875204,1.4491435,-0.31223327,-0.3190173,0.74823445,-0.3207198,-0.26755807,-0.32696477,-0.32854122,-0.31676275,-0.32445285,-0.23875734,1.1013774,1.1013774,0.86382943,-0.32378075,1.6355256,0.77429086,0.7444132,0.6408804,0.6408804,-0.2443454,-0.30590335,-0.3233376,-0.31748694,-0.3166716,-0.2851582,-0.3003224,-0.31715828,-0.310298,-0.3255994,-0.24634947,-0.3272691,0.8920909,-0.323744,-0.32527253,-0.25490057,-0.26286402,-0.30928922,-0.32277873,-0.33141193,1.5816442,-0.2358737,-0.32636124,-0.3214098,-0.32731214,1.4795346,1.0517216,-0.27669096,-0.30985528,0.63460004,0.93647844,-0.27598393,-0.3186903,0.8474649,0.7477342,-0.19459927,-0.19459927,-0.32411462,-0.30701396,-0.32943356,-0.20658675,-0.20658675,-0.33048365,-0.32690454,-0.3289357,1.991396,0.39038485,-0.3214015,-0.32129315,-0.33506903
k__Bacteria|p__Actinobacteria|c__Actinobacteria|o__Bifidobacteriales|f__Bifidobacteriaceae|g__Bifidobacterium|s__unclassified,1.2909327,0.93771863,0.8019621,-0.31718764,0.59629357,1.1636502,0.7702996,0.5592709,-0.33075604,-0.33005035,-0.19440371,0.75431573,-0.31133458,-0.31570548,-0.3099353,1.2235938,0.7867929,0.69243133,0.42993903,0.33350602,1.725034,-0.31223327,0.7390059,0.76522136,-0.3207198,-0.26755807,0.78714037,0.7505663,-0.31676275,-0.32445285,-0.23875734,-0.32284898,-0.32284898,-0.31979084,-0.32378075,1.6369776,0.7784972,0.6538754,-0.3328914,-0.3328914,-0.2443454,2.016435,1.0030612,0.24915867,0.8906833,-0.2851582,0.62516075,0.866742,-0.310298,0.7105357,1.7854562,1.1647794,0.89619267,0.7917785,0.34407106,0.8528677,-0.26286402,0.5973011,1.2646878,0.7372429,1.6566073,-0.2358737,0.8644689,0.37116492,0.31705284,1.2209543,-0.30183107,-0.27669096,-0.30985528,-0.3320185,0.9766007,1.3318449,0.6908245,-0.32037857,-0.33019432,-0.19459927,-0.19459927,0.7828026,0.9661,0.7555266,-0.20658675,-0.20658675,0.6468737,0.67543924,0.5629851,2.0410476,0.39740768,0.8461068,0.36998957,0.67835885
k__Bacteria|p__Cyanobacteria|c__4C0d-2|o__YS2|f__unclassified|g__unclassified|s__unclassified,-0.28271136,-0.31904158,-0.32328734,-0.31718764,-0.3322257,-0.2932219,-0.3258366,-0.3327108,-0.33075604,-0.33005035,-0.19440371,-0.32539368,-0.31133458,-0.31570548,-0.3099353,-0.2866251,-0.3303013,-0.33067676,-0.3297338,-0.33044454,-0.26184985,-0.31223327,-0.32788426,-0.3298624,-0.3207198,-0.26755807,-0.32696477,-0.32854122,-0.31676275,-0.32445285,-0.23875734,-0.32284898,-0.32284898,-0.31979084,-0.32378075,-0.24718808,-0.32432246,-0.3291557,-0.3328914,-0.3328914,-0.2443454,-0.30590335,-0.3233376,-0.32054293,-0.3166716,-0.2851582,-0.31611162,-0.31715828,-0.310298,-0.3255994,-0.24634947,-0.3272691,-0.32986963,-0.323744,-0.3261825,-0.2672885,-0.26286402,-0.31648332,-0.32277873,0.65570563,-0.256234,-0.2358737,-0.32636124,-0.32494745,-0.32890055,-0.2850096,-0.30183107,-0.27669096,0.88316476,0.627775,-0.31161842,-0.27598393,-0.3276351,-0.32037857,-0.33019432,-0.19459927,-0.19459927,-0.32411462,-0.30701396,-0.32943356,-0.20658675,-0.20658675,-0.33048365,-0.32690454,-0.3289357,-0.20655881,-0.31196946,0.84902966,-0.3241737,0.7565088
k__Bacteria|p__Cyanobacteria|c__Chloroplast|o__Streptophyta|f__unclassified|g__unclassified|s__unclassified,-0.28271136,-0.31904158,-0.32328734,-0.31718764,-0.3322257,-0.2932219,-0.3258366,-0.3327108,-0.33075604,-0.33005035,-0.19440371,-0.32539368,-0.31133458,-0.31570548,-0.3099353,-0.28695703,-0.3303013,-0.33019,-0.33013383,-0.33088416,-0.26184985,-0.31223327,-0.32715705,-0.3298624,-0.3207198,-0.26755807,-0.32696477,-0.32854122,-0.31676275,-0.32445285,-0.23875734,-0.32284898,-0.32284898,-0.31979084,-0.32378075,-0.24718808,-0.32432246,-0.3291557,-0.3328914,-0.3328914,-0.2443454,-0.30590335,-0.3233376,-0.32109213,0.85196316,-0.2851582,-0.31590748,-0.31715828,-0.310298,-0.3255994,-0.24634947,-0.3272691,-0.32986963,0.74184567,-0.32670563,-0.2680081,-0.26286402,-0.31657746,-0.32277873,-0.33141193,-0.256234,-0.2358737,-0.32636124,-0.32496712,-0.3290879,-0.2850096,-0.30183107,-0.27669096,-0.30985528,-0.3320185,-0.31161842,-0.27598393,-0.32758033,-0.32037857,0.6755286,-0.19459927,-0.19459927,-0.32411462,-0.30701396,-0.32943356,-0.20658675,-0.20658675,-0.33048365,-0.32690454,-0.3289357,-0.20655881,-0.31196946,-0.3214015,-0.3245776,-0.33506903
k__Bacteria|p__Fusobacteria|c__Fusobacteria|o__Fusobacteriales|f__Fusobacteriaceae|g__Fusobacterium|s__unclassified,1.3269185,-0.31904158,-0.32328734,-0.31718764,-0.3322257,-0.2932219,-0.3258366,-0.3327108,-0.33075604,-0.33005035,-0.19440371,0.8722917,-0.31133458,-0.31570548,-0.3099353,-0.28400803,-0.3303013,-0.32980752,-0.33082986,-0.331411,-0.26184985,-0.31223327,-0.32687134,-0.3298624,-0.3207198,-0.26755807,-0.32696477,-0.32854122,-0.31676275,-0.32445285,-0.23875734,-0.32284898,-0.32284898,-0.31979084,-0.32378075,-0.24718808,-0.32432246,-0.3291557,-0.3328914,-0.3328914,-0.2443454,1.0286467,-0.3233376,-0.321859,-0.3166716,-0.2851582,-0.3141402,-0.31715828,-0.310298,-0.3255994,-0.24634947,-0.3272691,-0.32986963,-0.323744,-0.32715154,-0.26556093,-0.26286402,-0.31649455,0.76641244,-0.33141193,-0.256234,-0.2358737,-0.32636124,-0.3259056,-0.32960063,-0.2850096,-0.30183107,-0.27669096,-0.30985528,-0.3320185,0.9339943,-0.27598393,-0.32737702,-0.32037857,-0.33019432,-0.19459927,-0.19459927,-0.32411462,-0.30701396,-0.32943356,-0.20658675,-0.20658675,-0.33048365,-0.32690454,-0.3289357,-0.20655881,-0.31196946,-0.3214015,-0.32535267,-0.33506903
k__Bacteria|p__Fusobacteria|c__Fusobacteria|o__Fusobacteriales|f__Fusobacteriaceae|g__unclassified|s__unclassified,-0.28271136,-0.31904158,-0.32328734,-0.31718764,-0.3322257,-0.2932219,-0.3258366,-0.3327108,-0.33075604,-0.33005035,-0.19440371,-0.32539368,-0.31133458,-0.31570548,-0.3099353,-0.28726193,-0.3303013,-0.3302397,-0.33096617,-0.3314493,-0.26184985,-0.31223327,-0.326904,-0.3298624,-0.3207198,-0.26755807,-0.32696477,-0.32854122,-0.31676275,-0.32445285,-0.23875734,-0.32284898,-0.32284898,-0.31979084,-0.32378075,-0.24718808,-0.32432246,-0.3291557,-0.3328914,-0.3328914,-0.2443454,-0.30590335,-0.3233376,-0.3220615,-0.3166716,-0.2851582,-0.31666106,-0.31715828,-0.310298,-0.3255994,-0.24634947,-0.3272691,-0.32986963,-0.323744,-0.32702297,-0.26852956,-0.26286402,-0.31675988,-0.32277873,0.63771665,-0.256234,-0.2358737,-0.32636124,-0.3255514,-0.3294313,-0.2850096,-0.30183107,-0.27669096,-0.30985528,-0.3320185,-0.31161842,-0.27598393,-0.3279615,-0.32037857,-0.33019432,-0.19459927,-0.19459927,-0.32411462,-0.30701396,-0.32943356,-0.20658675,-0.20658675,-0.33048365,-0.32690454,-0.3289357,-0.20655881,-0.31196946,-0.3214015,-0.3248299,-0.33506903
k__Bacteria|p__Tenericutes|c__Mollicutes|o__RF39|f__unclassified|g__unclassified|s__unclassified,-0.28271136,-0.31904158,-0.32328734,-0.31718764,-0.3322257,-0.2932219,-0.3258366,-0.3327108,-0.33075604,-0.33005035,-0.19440371,-0.32539368,-0.31133458,-0.31570548,-0.3099353,-0.2867291,-0.3303013,-0.3296109,-0.33023387,-0.33129364,-0.26184985,-0.31223327,-0.32648155,-0.3298624,-0.3207198,-0.26755807,-0.32696477,-0.32854122,-0.31676275,-0.32445285,-0.23875734,-0.32284898,-0.32284898,-0.31979084,-0.32378075,-0.24718808,-0.32432246,-0.3291557,-0.3328914,-0.3328914,-0.2443454,-0.30590335,-0.3233376,-0.32111079,-0.3166716,-0.2851582,-0.31577522,-0.31715828,-0.310298,-0.3255994,-0.24634947,-0.3272691,-0.32986963,-0.323744,-0.3269536,-0.26804072,-0.26286402,-0.3165832,-0.32277873,-0.33141193,-0.256234,-0.2358737,-0.32636124,-0.32494354,-0.3293907,-0.2850096,-0.30183107,-0.27669096,-0.30985528,0.62114924,-0.31161842,-0.27598393,-0.32756382,-0.32037857,-0.33019432,-0.19459927,-0.19459927,-0.32411462,-0.30701396,-0.32943356,-0.20658675,-0.20658675,-0.33048365,-0.32690454,-0.3289357,-0.20655881,-0.31196946,-0.3214015,-0.32445976,-0.33506903
k__Bacteria|p__Verrucomicrobia|c__Verrucomicrobiae|o__Verrucomicrobiales|f__Verrucomicrobiaceae|g__Akkermansia|s__muciniphila,-0.28271136,-0.31904158,-0.32328734,1.9071275,-0.3322257,-0.2932219,-0.3258366,-0.3327108,0.6971363,0.6536957,-0.19440371,-0.32539368,-0.31133458,-0.31570548,0.9677296,-0.120249055,-0.3303013,0.09538289,0.42592025,0.5917822,-0.26184985,1.0218436,0.25078225,0.7181163,-0.3207198,-0.26755807,-0.32696477,-0.32854122,-0.31676275,0.73241657,-0.23875734,-0.32284898,-0.32284898,-0.31979084,1.2856646,-0.24718808,0.8103969,0.64950377,0.7370884,0.7370884,-0.2443454,-0.30590335,-0.3233376,0.27231345,0.8570906,-0.2851582,-0.30062866,-0.31715828,-0.310298,-0.3255994,-0.24634947,-0.3272691,-0.32986963,0.78801775,0.5967652,-0.23341918,-0.26286402,0.07384822,0.94841164,0.76903933,-0.256234,-0.2358737,0.80589837,0.58378136,0.68527186,-0.2850096,1.0172048,-0.27669096,-0.30985528,0.66404194,-0.31161842,-0.27598393,0.03967362,1.0756888,1.2194128,-0.19459927,-0.19459927,0.94724256,1.2225202,0.60170937,-0.20658675,-0.20658675,-0.33048365,0.3989599,-0.3289357,-0.20655881,0.5839266,-0.3214015,0.59026444,0.6036735
