#OTU ID,T000272.0,T000272.1,T000272.2,T000272.3,T000272.4,T000461.0,T000461.1,T000461.2,T000461.3,T000461.4,T002534.0,T002534.1,T002534.2,T002534.3,T002534.4,T003950.0,T003950.1,T003950.2,T003950.3,T003950.4,T005999.0,T005999.1,T005999.2,T005999.3,T005999.4,T007748.0,T007748.1,T007748.2,T007748.3,T007748.4,T008025.0,T008025.1,T008025.2,T008025.3,T008025.4,T008631.0,T008631.1,T008631.2,T008631.3,T008631.4,T009280.0,T009280.1,T009280.2,T009280.3,T009280.4,T009909.0,T009909.1,T009909.2,T009909.3,T009909.4,T010520.0,T010520.1,T010520.2,T010520.3,T010520.4,T010532.0,T010532.1,T010532.2,T010532.3,T010532.4,T012138.0,T012138.1,T012138.2,T012138.3,T012138.4,T012374.0,T012374.1,T012374.2,T012374.3,T012374.4,T012389.0,T012389.1,T012389.2,T012389.3,T012389.4,T013832.0,T013832.1,T013832.2,T013832.3,T013832.4,T014827.0,T014827.1,T014827.2,T014827.3,T014827.4,T017394.0,T017394.1,T017394.2,T017394.3,T017394.4,T018343.0,T018343.1,T018343.2,T018343.3,T018343.4,T019021.0,T019021.1,T019021.2,T019021.3,T019021.4,T019031.0,T019031.1,T019031.2,T019031.3,T019031.4,T019850.0,T019850.1,T019850.2,T019850.3,T019850.4,T020231.0,T020231.1,T020231.2,T020231.3,T020231.4,T021076.0,T021076.1,T021076.2,T021076.3,T021076.4,T021613.0,T021613.1,T021613.2,T021613.3,T021613.4,T023390.0,T023390.1,T023390.2,T023390.3,T023390.4,T023909.0,T023909.1,T023909.2,T023909.3,T023909.4,T024121.0,T024121.1,T024121.2,T024121.3,T024121.4,T028183.0,T028183.1,T028183.2,T028183.3,T028183.4
k__Bacteria|p__Firmicutes|c__Bacilli|o__Lactobacillales|f__Enterococcaceae|g__unclassified|s__unclassified,0.0,0.0,0.0,0.0,0.0,0.0,0.0,0.0,0.0,0.0,0.0,0.0,0.0,0.0,0.0,0.0,0.0,0.0,0.0,0.0,0.0,0.0,0.0,0.0,0.0,0.0,0.0,0.0,0.0,0.0,0.0,0.0,0.0,0.0,0.0,0.0,0.0,0.0,0.0,0.0,0.0,0.0,0.0,0.0,0.0,0.0,0.0,0.0,0.0,0.0,0.0,0.0,0.0,0.0,0.0,0.0,0.0,0.0,0.0,0.0,0.0,0.0,0.0,0.0,0.0,0.0,0.0,0.0,0.0,0.0,0.0,0.0,0.0,0.0,0.0,0.0,0.0,0.0,0.0,0.0,0.0,0.0,0.0,0.0,0.0,0.0,0.0,0.0,0.0,0.0,0.0,0.0,0.0,0.0,0.0,0.0,0.0,0.0,0.0,0.0,0.0,0.0,0.0,0.0,0.0,0.0,0.0,0.0,0.0,0.0,0.0,0.0,0.0,0.0,0.0,0.0,0.0,0.0,0.0,0.0,0.0,0.0,0.0,0.0,0.0,0.0,0.0,0.0,0.0,0.0,0.0,0.0,0.024156857,0.0,0.0,0.0,0.0,0.0,0.0,0.0,0.0,0.0,0.0,0.0,0.048009813
k__Bacteria|p__Firmicutes|c__Clostridia|o__Clostridiales|f__Clostridiaceae|g__Peptoniphilus|s__asaccharolyticus,0.0,0.0,0.0,0.0,0.0,0.0,0.0,0.0,0.0,0.0,0.0,0.0,0.0,0.0,0.0,0.0,0.0,0.0,0.0,0.0,0.0,0.0,0.0,0.0,0.0,0.0,0.0,0.0,0.0,0.0,0.0404218,0.0,0.0,0.0,0.0,0.0,0.0,0.0,0.0,0.0,0.0,0.0,0.0,0.0,0.0,0.0,0.0,0.0,0.0,0.0,0.0,0.0,0.0,0.0,0.0,0.0,0.0,0.0,0.0,0.0,0.0,0.0,0.0,0.0,0.0,0.0,0.0,0.0,0.0,0.0,0.0,0.0,0.0,0.0,0.0,0.0,0.0,0.0,0.0,0.0,0.0,0.0,0.0,0.0,0.0,0.0,0.0,0.0,0.0,0.0,0.0,0.0,0.0,0.0,0.0,0.0,0.0,0.0,0.0,0.0,0.0,0.0,0.0,0.0,0.0,0.0,0.0,0.0,0.0,0.0,0.0,0.0,0.0,0.0,0.0,0.0,0.0,0.0,0.0,0.0,0.0,0.0,0.0,0.0,0.0,0.0,0.0,0.0,0.0,0.0,0.0,0.0,0.0,0.0,0.0,0.0,0.0,0.0,0.0,0.0,0.0,0.0,0.0,0.0,0.0
k__Bacteria|p__Firmicutes|c__Bacilli|o__Lactobacillales|f__Streptococcaceae|g__unclassified|s__unclassified,0.0,0.0,0.0,0.0,0.0,0.0,0.0,0.0,0.0,0.0,0.0,0.0,0.0,0.0,0.0,0.0,0.0,0.039022543,0.0,0.0,0.0,0.0,0.0,0.0,0.0,0.0,0.0,0.0,0.0,0.0,0.0,0.0,0.0,0.0,0.0,0.0,0.0,0.0,0.0,0.0,0.0,0.0,0.0,0.0,0.0,0.0,0.0,0.0,0.0,0.0,0.0,0.0,0.0,0.0,0.0,0.0,0.0,0.0,0.0,0.0,0.0,0.0,0.0,0.0,0.0,0.0,0.0,0.0,0.0,0.0,0.0,0.0,0.0,0.0,0.0,0.0,0.0,0.0,0.0,0.0,0.0,0.0,0.0,0.0,0.0,0.0,0.0,0.0,0.0,0.0,0.0,0.0,0.0,0.0,0.0,0.0,0.0,0.0,0.0,0.0,0.0,0.0,0.0,0.0,0.0,0.0,0.0,0.0,0.0,0.0,0.0,0.0,0.0,0.0,0.0,0.0,0.0,0.0,0.0,0.0,0.0,0.0,0.0,0.0,0.0,0.0,0.0,0.0,0.0,0.0,0.0,0.0,0.0,0.0,0.0,0.0,0.0,0.0,0.0,0.0,0.0,0.0,0.0,0.0,0.0488847
k__Bacteria|p__Firmicutes|c__Clostridia|o__Coriobacteriales|f__Coriobacteriaceae|g__Collinsella|s__aerofaciens,0.0,0.0,0.0,0.0,0.0,0.0,0.0,0.0,0.0,0.0,0.0,0.0,0.0,0.0,0.0,0.0,0.0,0.0,0.0,0.0,0.0,0.0,0.0,0.0,0.0,0.0,0.0,0.0,0.0,0.0,0.0,0.0,0.0,0.0,0.0,0.0,0.0,0.0,0.0,0.0,0.0,0.0,0.0,0.0,0.0,0.0,0.0,0.0,0.0,0.0,0.0,0.0,0.0,0.0,0.0,0.0,0.0,0.0,0.0,0.0,0.03725224,0.03725224,0.0,0.0,0.0,0.0,0.0,0.0,0.0,0.0,0.0,0.0,0.0,0.0,0.0,0.0,0.0,0.0,0.0,0.0,0.0,0.0,0.0,0.0,0.0,0.0,0.0,0.0,0.0,0.0,0.0,0.0,0.0,0.0,0.0,0.0,0.0,0.0,0.0,0.0,0.0,0.0,0.0,0.0,0.0,0.0,0.0,0.0,0.0,0.0,0.0,0.0,0.0,0.0,0.0,0.0,0.0,0.0,0.0,0.0,0.030679166,0.0,0.0,0.0,0.0,0.0,0.0,0.0,0.0,0.0,0.0,0.0,0.024122993,0.0,0.0,0.0,0.0,0.0,0.0,0.0,0.0,0.0,0.0,0.0,0.0
k__Bacteria|p__Firmicutes|c__Clostridia|o__Clostridiales|f__Lachnospiraceae|g__Blautia|s__producta,0.0,0.0,0.0,0.0,0.0,0.0,0.0,0.0,0.0,0.0,0.0,0.0,0.0,0.0,0.0255851,0.0,0.0,0.0,0.0,0.0,0.0,0.0,0.0,0.0,0.0,0.0,0.0,0.0,0.0,0.0,0.0,0.0,0.0,0.0,0.0,0.0,0.0,0.0,0.0,0.0,0.0,0.0,0.0,0.0,0.0,0.0,0.0,0.0,0.0,0.0,0.0,0.0,0.0,0.0,0.0,0.0,0.0,0.0,0.0,0.0,0.0,0.0,0.0,0.0,0.0,0.0,0.0,0.0,0.0,0.0,0.0,0.0,0.0,0.0,0.0,0.0,0.0,0.0,0.0,0.0,0.04330168,0.0,0.0,0.0,0.0,0.0,0.0,0.0,0.0,0.0,0.0,0.0,0.0,0.0,0.0,0.0,0.0,0.0,0.0,0.0,0.0,0.0,0.0,0.0,0.0,0.0,0.0,0.0,0.0,0.0,0.0,0.0,0.0,0.0,0.0,0.0,0.0,0.0,0.0,0.0,0.0,0.0,0.0,0.0,0.0,0.0,0.0,0.0,0.0,0.0,0.0,0.0,0.024138624,0.0,0.0,0.0,0.0,0.0,0.0,0.0,0.0,0.0,0.0,0.0,0.0
k__Bacteria|p__Firmicutes|c__Bacilli|o__Gemellales|f__Gemellaceae|g__unclassified|s__unclassified,0.0,0.0,0.0,0.0,0.0,0.0,0.0,0.0,0.0,0.0,0.0357249,0.0,0.0,0.0,0.0,0.0,0.0,0.039210796,0.0,0.0,0.0,0.0,0.0,0.0,0.0,0.0,0.0,0.0,0.0,0.026180824,0.0,0.0,0.0,0.0,0.0,0.0,0.0,0.0,0.0,0.0,0.0,0.0,0.0,0.0,0.0,0.0,0.0,0.0,0.0,0.0,0.0,0.0,0.0,0.0,0.0,0.0,0.0,0.0,0.0,0.0,0.0,0.0,0.0,0.0,0.0,0.0,0.0,0.0,0.0,0.0,0.0,0.0,0.0,0.0,0.0,0.0,0.0,0.0,0.0,0.0,0.0,0.0,0.0,0.0,0.0,0.06604887,0.07118009,0.0,0.0,0.0,0.0,0.0,0.0,0.0,0.0,0.04407246,0.0,0.0,0.0,0.0,0.0,0.0,0.0,0.0,0.0,0.0,0.0,0.0,0.0,0.0,0.0,0.0,0.0,0.0,0.0,0.0,0.042920087,0.0,0.0,0.0,0.0,0.0,0.0,0.0,0.0,0.0,0.040157847,0.0,0.0,0.0,0.0,0.0,0.0,0.0,0.0,0.0,0.0,0.0,0.0,0.0,0.0,0.0,0.0,0.0,0.047991734
k__Bacteria|p__Firmicutes|c__Bacilli|o__unclassified|f__unclassified|g__unclassified|s__unclassified,0.0,0.0,0.0,0.0,0.0,0.0,0.0,0.0,0.0,0.0,0.03590458,0.0,0.0,0.0,0.0,0.0,0.0,0.0,0.0,0.0,0.0,0.0,0.0,0.0,0.0,0.0,0.0,0.0,0.0,0.0,0.0,0.0,0.0,0.0,0.0,0.0,0.0,0.0,0.0,0.0,0.0,0.0,0.0,0.0,0.0,0.0,0.0,0.0,0.0,0.0,0.0,0.0,0.0,0.0,0.0,0.0,0.0,0.0,0.0,0.0,0.0,0.0,0.0,0.0,0.0,0.0,0.0,0.0,0.0,0.0,0.0,0.0,0.0,0.0,0.0,0.0,0.0,0.0,0.0,0.0,0.0,0.0,0.0,0.0,0.0,0.0,0.0,0.0,0.0,0.0,0.0,0.0,0.0,0.0,0.0,0.0,0.0,0.0,0.0,0.0,0.0,0.0,0.0,0.0,0.0,0.0,0.0,0.0,0.0,0.0,0.0,0.023547841,0.0,0.0,0.0,0.0,0.0,0.0,0.0,0.0,0.0,0.0,0.0,0.0,0.0,0.0,0.0,0.0,0.0,0.0,0.0,0.0,0.024233712,0.0,0.0,0.0,0.0,0.0,0.0,0.0,0.0,0.0,0.0,0.0,0.04881601
k__Bacteria|p__Firmicutes|c__Bacilli|o__Lactobacillales|f__Lactobacillaceae|g__Pediococcus|s__unclassified,0.0,0.0,0.0,0.0,0.0,0.0,0.0,0.0,0.0,0.0,0.0,0.0,0.0,0.0,0.0,0.0,0.0,0.0,0.0,0.0,0.0,0.0,0.0,0.0,0.0,0.0,0.0,0.0,0.0,0.0,0.0,0.0,0.0,0.0,0.0,0.0,0.0,0.0,0.0,0.0,0.0,0.0,0.0,0.0,0.0,0.0,0.05146348,0.0,0.0,0.0,0.0,0.0,0.0,0.0,0.0,0.0,0.0,0.0,0.0,0.0,0.0,0.0,0.0,0.0,0.0,0.0,0.0,0.0,0.0,0.0,0.0,0.0,0.0,0.0,0.0,0.0,0.0,0.0,0.0,0.0,0.0,0.0,0.0,0.0,0.0,0.0,0.0,0.0,0.0,0.0,0.0,0.0,0.0,0.0,0.0,0.0,0.0,0.0,0.0,0.0,0.0,0.0,0.0,0.0,0.0,0.0,0.0,0.0,0.0,0.0,0.0,0.0,0.0,0.0,0.0,0.0,0.0,0.0,0.0,0.0,0.0,0.0,0.0,0.0,0.0,0.0,0.0,0.0,0.0,0.0,0.0,0.0,0.0,0.0,0.0,0.0,0.0,0.0,0.0,0.0,0.0,0.0,0.0,0.0,0.0
k__Bacteria|p__Firmicutes|c__Bacilli|o__Bacillales|f__Staphylococcaceae|g__Staphylococcus|s__unclassified,0.0,0.0,0.0,0.0,0.0,0.0,0.0,0.0,0.0,0.0,0.0,0.0,0.0,0.0,0.0,0.045184437,0.0,0.0,0.0,0.0,0.0,0.0,0.0,0.0,0.0,0.0,0.0,0.0,0.0,0.0,0.04045164,0.0,0.0,0.0,0.0,0.0,0.0,0.0,0.0,0.0,0.0,0.0,0.0,0.0,0.0,0.067473195,0.0,0.0,0.0,0.0,0.0,0.0,0.0,0.0,0.0,0.0,0.0,0.0,0.0,0.0,0.0,0.0,0.0,0.0,0.0,0.0,0.0,0.0,0.0,0.0,0.0,0.0,0.0,0.0,0.0,0.0,0.0,0.0,0.0,0.0,0.0,0.0,0.0,0.0,0.0,0.0,0.07157864,0.0,0.0,0.0,0.0,0.0,0.0,0.0,0.0,0.0,0.0,0.0,0.0,0.0,0.0,0.0,0.0,0.0,0.0,0.0,0.0,0.0,0.0,0.0,0.0,0.0,0.0,0.0,0.0,0.0,0.0,0.0,0.0,0.0,0.030611333,0.0,0.0,0.0,0.0,0.0,0.0,0.0,0.0,0.0,0.0,0.0,0.0,0.0,0.0,0.0,0.0,0.0,0.0,0.0,0.0,0.0,0.0,0.0,0.0
k__Bacteria|p__Firmicutes|c__Bacilli|o__Lactobacillales|f__Lactobacillaceae|g__unclassified|s__unclassified,0.0,0.0,0.0,0.0,0.0,0.0,0.0,0.0,0.0,0.0,0.0,0.0,0.0,0.0,0.0,0.0,0.029408686,0.0,0.0,0.0,0.0,0.0,0.0,0.0,0.0,0.0,0.0,0.0,0.0,0.0,0.0,0.0,0.0,0.0,0.0,0.0,0.0,0.0,0.0,0.0,0.0,0.0,0.0,0.0,0.0,0.0,0.0,0.031205043,0.0,0.0,0.0,0.0,0.0,0.0,0.0,0.0,0.0,0.0,0.0,0.0,0.0,0.0,0.0,0.0,0.0,0.0,0.0,0.0,0.0,0.0,0.0,0.0,0.0,0.0,0.0,0.0,0.0,0.0,0.0,0.0,0.0,0.0,0.0,0.0,0.0,0.0,0.0,0.0,0.0,0.0,0.0,0.0,0.0,0.0,0.0,0.0,0.0,0.0,0.0,0.0,0.0,0.0,0.0,0.0,0.0,0.0,0.022155887,0.0,0.0,0.0,0.0,0.0,0.0,0.0,0.0,0.0,0.0,0.0,0.0,0.0,0.0,0.0,0.0,0.0,0.0,0.0,0.0,0.0,0.0,0.0,0.0,0.0,0.0,0.0,0.0,0.0,0.0,0.0,0.0,0.0,0.0,0.0,0.0,0.0,0.0
k__Bacteria|p__Firmicutes|c__Bacilli|o__Lactobacillales|f__unclassified|g__unclassified|s__unclassified,0.0,0.0,0.0,0.0,0.0,0.0,0.0,0.0,0.0,0.0,0.0,0.0,0.0,0.0,0.0,0.0,0.0,0.0,0.0,0.0,0.0,0.0,0.0,0.0,0.0,0.0,0.0,0.0,0.0,0.0,0.0,0.0,0.0,0.0,0.0,0.0,0.0,0.0,0.0,0.0,0.0,0.0,0.0,0.0,0.0,0.0,0.0,0.0,0.0,0.0,0.0,0.0,0.0,0.0,0.0,0.0,0.0,0.0,0.0,0.0,0.0,0.0,0.0,0.0,0.0,0.0,0.0,0.0,0.0,0.0,0.0,0.0,0.0,0.0,0.0,0.0,0.0,0.0,0.0,0.0,0.0,0.0,0.0,0.0,0.0,0.0,0.0,0.0,0.0,0.0,0.0,0.0,0.0,0.0,0.0,0.0,0.0,0.0,0.0,0.0,0.0,0.0,0.0,0.0,0.0,0.0,0.0,0.0,0.0,0.0,0.0,0.0,0.0,0.0,0.0,0.0,0.0,0.0,0.0,0.0,0.0,0.0,0.0,0.0,0.0,0.0,0.0,0.0,0.0,0.0,0.0,0.0,0.0,0.0,0.0,0.0,0.0,0.0,0.0,0.0,0.0,0.0,0.0,0.0,0.048035122
k__Bacteria|p__Firmicutes|c__Clostridia|o__Clostridiales|f__Veillonellaceae|g__Megasphaera|s__micronuciformis,0.0,0.038614407,0.0,0.0,0.0,0.0,0.0,0.0,0.0,0.0,0.0,0.0,0.0,0.0,0.0,0.0,0.0,0.0,0.0,0.0,0.0,0.0,0.0,0.0,0.0,0.0,0.0,0.0,0.0,0.0,0.0,0.0,0.0,0.0,0.0,0.0,0.0,0.0,0.0,0.0,0.0,0.0,0.0,0.0,0.0,0.0,0.0,0.0,0.0,0.0,0.0,0.0,0.0,0.0,0.0,0.0,0.0,0.0,0.0,0.0,0.037227217,0.037227217,0.0,0.0,0.0,0.0,0.0,0.0,0.0,0.0,0.0,0.0,0.0,0.0,0.0,0.0,0.0,0.0,0.0,0.0,0.0,0.0,0.0,0.0,0.0,0.0,0.0,0.0,0.0,0.0,0.0,0.0,0.0,0.0,0.0,0.0,0.0,0.0,0.0,0.0,0.0,0.04424437,0.0,0.0,0.0,0.0,0.0,0.0,0.0,0.0,0.0,0.0,0.0,0.0,0.0,0.0,0.0,0.0,0.0,0.0,0.0,0.0,0.0,0.0,0.0,0.0,0.0,0.0,0.0,0.0,0.0,0.0,0.0,0.0,0.0,0.0,0.0,0.0,0.0,0.0,0.0,0.0,0.0,0.0,0.0
k__Bacteria|p__Firmicutes|c__Bacilli|o__Lactobacillales|f__Lactobacillaceae|g__Lactobacillus|s__unclassified,0.0,0.0,0.0,0.0,0.0,0.041906793,0.0,0.024901077,0.0,0.0,0.035748336,0.0,0.0,0.0,0.0,0.045476668,0.0,0.0,0.0,0.0,0.0,0.0,0.0,0.0,0.0,0.0,0.0,0.0,0.0,0.0,0.042401187,0.0,0.0,0.0,0.0,0.0,0.0,0.0,0.0,0.0,0.0,0.0,0.0,0.0,0.0,0.0,0.051633555,0.03216195,0.0,0.0,0.0,0.0,0.0,0.0,0.0,0.0,0.0,0.0,0.0,0.0,0.0,0.0,0.0,0.0,0.0,0.0,0.052088264,0.0,0.0,0.0,0.0,0.0,0.0,0.0,0.025994793,0.0,0.0,0.0,0.0,0.0,0.0,0.0,0.0,0.0,0.0,0.0,0.0,0.0,0.0,0.0,0.0,0.0,0.0,0.0,0.0,0.04407246,0.0,0.0,0.0,0.0,0.0,0.0,0.0,0.0,0.0,0.0,0.023383752,0.0,0.0,0.0,0.029729018,0.0,0.0,0.0,0.0,0.0,0.0,0.0,0.0,0.0,0.0,0.026505098,0.0,0.0,0.0,0.0,0.0,0.0,0.0,0.0,0.0,0.032741815,0.0,0.0,0.0,0.0,0.04034691,0.0,0.0,0.0,0.0,0.0,0.0,0.0,0.0
k__Bacteria|p__Firmicutes|c__Clostridia|o__Clostridiales|f__Clostridiaceae|g__Clostridium|s__perfringens,0.0,0.039429832,0.0,0.0,0.0,0.0,0.0,0.0,0.0,0.0,0.0,0.0,0.0,0.0,0.0,0.0,0.0,0.03907633,0.0,0.0,0.0,0.0,0.0,0.0,0.0,0.0,0.0,0.0,0.0,0.0,0.0,0.0,0.0,0.0,0.0,0.0,0.03295926,0.0,0.0,0.0,0.0,0.0,0.0,0.0,0.0,0.0,0.0,0.0,0.0,0.0,0.0,0.0,0.057656057,0.0,0.0,0.0,0.0,0.0,0.0,0.0,0.0,0.0,0.0,0.0,0.0,0.0,0.05114288,0.0,0.0,0.0,0.0,0.0,0.0,0.0,0.0,0.0,0.0,0.0,0.0,0.0,0.0,0.035906162,0.02902872,0.0,0.0,0.0,0.0,0.0,0.0,0.0,0.0,0.0,0.0,0.0,0.0,0.0,0.0,0.0,0.0,0.0,0.0,0.0,0.0,0.0,0.0,0.0,0.022047035,0.0,0.0,0.0,0.0,0.0,0.0,0.0,0.0,0.0,0.04578726,0.0,0.0,0.0,0.0,0.0,0.0,0.0,0.0,0.0,0.04048384,0.0,0.0,0.0,0.0,0.0,0.0,0.0,0.0,0.06148329,0.0,0.0,0.0,0.0,0.0,0.0,0.0,0.0,0.0
k__Bacteria|p__Firmicutes|c__Clostridia|o__Clostridiales|f__Lachnospiraceae|g__Blautia|s__obeum,0.0,0.0,0.0,0.0,0.0,0.0,0.0,0.0,0.0,0.0,0.0,0.0,0.0,0.0,0.0,0.0,0.0,0.0,0.0,0.0,0.0,0.0,0.0,0.0,0.0,0.0,0.0,0.0,0.0,0.0,0.0,0.0,0.0,0.0,0.0,0.0,0.0,0.0,0.0,0.0,0.0,0.0,0.0,0.0,0.0,0.0,0.0,0.0,0.0,0.0,0.0,0.0,0.0,0.0,0.0,0.0,0.0,0.0,0.0,0.0,0.0,0.0,0.0,0.0,0.0,0.0,0.0,0.0,0.0,0.0,0.0,0.0,0.0,0.0,0.0,0.0,0.0,0.0,0.0,0.0,0.0,0.0,0.0,0.0,0.0,0.0,0.0,0.0,0.0,0.0,0.0,0.0,0.0,0.0,0.0,0.0,0.0,0.0,0.021925395,0.0,0.0,0.0,0.0,0.0,0.0,0.0,0.0,0.0,0.0,0.0,0.0,0.0,0.0,0.0,0.0,0.0,0.0,0.0,0.0,0.0,0.0,0.0,0.0,0.0,0.0,0.0,0.0,0.0,0.0,0.0,0.0,0.0,0.0,0.0,0.0,0.0,0.0,0.0,0.0,0.018941943,0.0,0.0,0.0,0.0,0.0
k__Bacteria|p__Firmicutes|c__Bacilli|o__Lactobacillales|f__Lactobacillaceae|g__Lactobacillus|s__zeae,0.0,0.0,0.0,0.0,0.0,0.042064697,0.0,0.025342807,0.0,0.0,0.035857707,0.0,0.0,0.0,0.025683194,0.0,0.0,0.0,0.0,0.0,0.0,0.0,0.0,0.0,0.0,0.0,0.0,0.0,0.0,0.0,0.04061631,0.0,0.0,0.0,0.0,0.0,0.0,0.0,0.0,0.0,0.061656315,0.0,0.0,0.0,0.0,0.067099094,0.0,0.0,0.0,0.0,0.0,0.0,0.0,0.0,0.0,0.0,0.0,0.0,0.0,0.0,0.0,0.0,0.0,0.0,0.0,0.0,0.052783664,0.0,0.0,0.0,0.0,0.0,0.0,0.0,0.0,0.0,0.0,0.0,0.0,0.0,0.0,0.0,0.0,0.0,0.0,0.06608943,0.07121908,0.0,0.0,0.0,0.0,0.0,0.0,0.0,0.0,0.0441885,0.030909011,0.0,0.0,0.0,0.0,0.0,0.0,0.0,0.0,0.0,0.0,0.0,0.0,0.0,0.03149078,0.0,0.0,0.028802358,0.024285294,0.0,0.0,0.0,0.0,0.0,0.0,0.0,0.0,0.0,0.0,0.0,0.040740315,0.0,0.0,0.0,0.0,0.03334263,0.0,0.0,0.0,0.0,0.0,0.0,0.0,0.0,0.0,0.0,0.0,0.0,0.0
k__Bacteria|p__Firmicutes|c__Bacilli|o__Lactobacillales|f__Leuconostocaceae|g__Leuconostoc|s__unclassified,0.0,0.0,0.0,0.0,0.0,0.0,0.0,0.0,0.0,0.0,0.0,0.0,0.0,0.0,0.0,0.0,0.0,0.0,0.0,0.0,0.0,0.0,0.0,0.0,0.0,0.0,0.0,0.0,0.0,0.0,0.0,0.0,0.0,0.0,0.0,0.0,0.0,0.0,0.0,0.0,0.0,0.032081533,0.032081533,0.0,0.0,0.0,0.0,0.031538308,0.0,0.0,0.0,0.0,0.0,0.0,0.0,0.0,0.0,0.0,0.0,0.0,0.0,0.0,0.0,0.0,0.0,0.0,0.0,0.0,0.0,0.0,0.0,0.0,0.0,0.0,0.0,0.0,0.0,0.0,0.0,0.0,0.0,0.0,0.0,0.0,0.0,0.0,0.0,0.0,0.0,0.0,0.0,0.0,0.0,0.0,0.0,0.0,0.0,0.0,0.0,0.0,0.0,0.0,0.0,0.0,0.0,0.0,0.0,0.0,0.0,0.0,0.0,0.0,0.0,0.0,0.0,0.0,0.0,0.0,0.0,0.0,0.0,0.0,0.0,0.0,0.0,0.0,0.0,0.0,0.0,0.0,0.0,0.0,0.025308324,0.0,0.0,0.0,0.0,0.0,0.0,0.0,0.0,0.0,0.0,0.0,0.0
k__Bacteria|p__Firmicutes|c__Clostridia|o__Clostridiales|f__Veillonellaceae|g__Selenomonas|s__unclassified,0.0,0.0,0.0,0.0,0.0,0.0,0.0,0.0,0.0,0.0,0.0,0.0,0.0,0.0,0.0,0.0,0.0,0.0,0.0,0.0,0.0,0.0,0.0,0.0,0.0,0.0,0.0,0.0,0.0,0.0,0.0,0.0,0.0,0.0,0.0,0.0,0.0,0.0,0.0,0.0,0.0,0.0,0.0,0.0,0.0,0.0,0.0,0.0,0.0,0.0,0.0,0.0,0.0,0.0,0.0,0.0,0.0,0.0,0.0,0.0,0.0,0.0,0.021297425,0.0,0.0,0.0,0.0,0.0,0.0,0.0,0.0,0.0,0.0,0.0,0.0,0.0,0.0,0.0,0.0,0.0,0.0,0.0,0.0,0.0,0.0,0.0,0.0,0.0,0.0,0.0,0.0,0.0,0.0,0.0,0.0,0.0,0.0,0.0,0.0,0.0,0.0,0.0,0.0,0.0,0.0,0.0,0.0,0.0,0.0,0.0,0.0,0.0,0.0,0.0,0.0,0.0,0.0,0.0,0.0,0.0,0.0,0.0,0.0,0.0,0.0,0.0,0.0,0.0,0.0,0.0,0.0,0.0,0.0,0.0,0.0,0.0,0.0,0.0,0.0,0.0,0.0,0.0,0.0,0.0,0.0
k__Bacteria|p__Firmicutes|c__Clostridia|o__Clostridiales|f__Veillonellaceae|g__Dialister|s__invisus,0.0,0.0,0.0,0.0,0.0,0.0,0.0,0.0,0.0,0.0,0.0,0.0,0.0,0.0,0.0,0.0,0.0,0.0,0.0,0.0,0.0,0.0,0.0,0.0,0.0,0.0,0.0,0.0,0.0,0.0,0.0,0.0,0.0,0.0,0.0,0.0,0.0,0.0,0.0,0.0,0.0,0.0,0.0,0.0,0.0,0.0,0.0,0.0,0.0,0.0,0.0,0.0,0.0,0.0,0.0,0.0,0.0,0.0,0.0,0.0,0.0,0.0,0.0,0.0,0.0,0.0,0.0,0.0,0.0,0.0,0.0,0.0,0.0,0.0,0.0,0.0,0.0,0.0,0.0,0.0,0.0,0.0,0.0,0.0,0.0,0.0,0.0,0.025531376,0.0,0.0,0.0,0.0,0.0,0.0,0.0,0.0,0.0,0.0,0.0,0.0,0.0,0.0,0.0,0.0,0.0,0.0,0.0,0.0,0.0,0.0,0.0,0.0,0.0,0.0,0.0,0.0,0.0,0.0,0.0,0.0,0.0,0.0,0.0,0.0,0.0,0.0,0.0,0.0,0.0,0.0,0.0,0.0,0.0,0.0,0.0,0.0,0.0,0.0,0.0,0.0,0.0,0.0,0.0,0.0,0.0
k__Bacteria|p__Firmicutes|c__Clostridia|o__Clostridiales|f__Ruminococcaceae|g__Ruminococcus|s__bromii,0.0,0.0,0.0,0.0,0.0,0.0,0.0,0.0,0.0,0.0,0.0,0.0,0.0,0.0,0.0,0.0,0.0,0.0,0.0,0.0,0.0,0.0,0.0,0.0,0.0,0.0,0.028852161,0.0,0.0,0.0,0.0,0.0,0.0,0.0,0.0,0.0,0.0,0.0,0.0,0.0,0.0,0.0,0.0,0.0,0.0,0.0,0.0,0.0,0.0,0.0,0.0,0.0,0.0,0.0,0.0,0.0,0.0,0.0,0.0,0.0,0.0,0.0,0.0,0.0,0.0,0.0,0.0,0.0,0.0,0.0,0.0,0.0,0.0,0.0,0.0,0.0,0.0,0.0,0.0,0.0,0.0,0.0,0.0,0.0,0.0,0.0,0.0,0.0,0.0,0.0,0.0,0.0,0.0,0.0,0.0,0.0,0.0,0.0,0.0,0.0,0.0,0.0,0.0,0.0,0.0,0.0,0.0,0.0,0.0,0.0,0.0,0.0,0.0,0.0,0.0,0.0,0.0,0.0,0.0,0.0,0.0,0.0,0.0,0.0,0.0,0.0,0.0,0.0,0.0,0.0,0.0,0.0,0.0,0.0,0.0,0.0,0.0,0.0,0.0,0.0,0.0,0.0,0.0,0.0,0.0
k__Bacteria|p__Firmicutes|c__Clostridia|o__Clostridiales|f__Veillonellaceae|g__Megamonas|s__unclassified,0.0,0.0,0.0,0.0,0.0,0.0,0.0,0.0,0.0,0.0,0.0,0.0,0.0,0.0,0.0,0.0,0.0,0.0,0.037751995,0.0,0.0,0.0,0.0,0.0,0.0,0.0,0.0,0.0,0.0,0.0,0.0,0.0,0.0,0.0,0.0,0.0,0.0,0.0,0.0,0.0,0.0,0.0,0.0,0.0,0.0,0.0,0.0,0.0,0.0,0.0,0.0,0.0,0.0,0.0,0.0,0.0,0.028201012,0.021578463,0.0,0.0,0.0,0.0,0.0,0.0,0.0,0.0,0.0,0.0,0.0,0.0,0.0,0.0,0.0,0.0,0.0,0.0,0.0,0.0,0.0,0.0,0.0,0.0,0.0,0.0,0.0,0.0,0.0,0.0,0.0,0.0,0.0,0.0,0.0,0.0,0.0,0.0,0.0,0.0,0.0,0.0,0.0,0.0,0.0,0.0,0.0,0.0,0.0,0.0,0.0,0.0,0.0,0.0,0.0,0.0,0.0,0.0,0.0,0.0,0.0,0.0,0.0,0.0,0.0,0.0,0.0,0.0,0.0,0.0,0.0,0.0,0.0,0.0,0.0,0.0,0.0,0.0,0.0,0.0,0.0,0.0,0.0,0.0,0.0,0.0,0.0
k__Bacteria|p__Firmicutes|c__Clostridia|o__Clostridiales|f__Veillonellaceae|g__Megasphaera|s__geminatus,0.0,0.0,0.0,0.0,0.0,0.0,0.0,0.0,0.0,0.0,0.0,0.0,0.0,0.0,0.0,0.0,0.0,0.0,0.0,0.0,0.0,0.0,0.0,0.0,0.0,0.0,0.0,0.0,0.0,0.0,0.0,0.0,0.0,0.0,0.0,0.0,0.0,0.0,0.0,0.0,0.0,0.0,0.0,0.0,0.0,0.0,0.0,0.0,0.0,0.0,0.0,0.0,0.0,0.0,0.0,0.0,0.0,0.0,0.0,0.0,0.0,0.0,0.0,0.0,0.0,0.0,0.0,0.0,0.0,0.0,0.0,0.0,0.0,0.0,0.0,0.0,0.0,0.0,0.0,0.0,0.0,0.0,0.0,0.0,0.0,0.0,0.0,0.0,0.0,0.0,0.0,0.0,0.0,0.0,0.0,0.0,0.040603362,0.0,0.0,0.0,0.0,0.0,0.0,0.0,0.0,0.0,0.0,0.0,0.0,0.0,0.031886447,0.0,0.0,0.0,0.0,0.0,0.0,0.0,0.0,0.0,0.0,0.0,0.0,0.0,0.0,0.0,0.0,0.0,0.0,0.0,0.0,0.0,0.0,0.0,0.0,0.0,0.0,0.0,0.0,0.0,0.0,0.0,0.0,0.0,0.0
k__Bacteria|p__Firmicutes|c__Bacilli|o__Lactobacillales|f__Carnobacteriaceae|g__Granulicatella|s__unclassified,0.0,0.03852491,0.0,0.0,0.0,0.0,0.0,0.0,0.0,0.0,0.036943592,0.0,0.0,0.0,0.025655432,0.0,0.0,0.0,0.0,0.0,0.0,0.0,0.0,0.0,0.0,0.0,0.0,0.0,0.0,0.0,0.04033891,0.0,0.0,0.0,0.0,0.0,0.034385376,0.0,0.0,0.0,0.0,0.0,0.0,0.0,0.0,0.0,0.051556244,0.031231442,0.0,0.0,0.0,0.0,0.05762974,0.0,0.0,0.0,0.0,0.0,0.0,0.0,0.037276726,0.037276726,0.0,0.0,0.018967351,0.0,0.0,0.0,0.0,0.0,0.0,0.0,0.0,0.0,0.0,0.0,0.0,0.0,0.0,0.0,0.0,0.036238506,0.0,0.0,0.0,0.0,0.0,0.0,0.0,0.0,0.0,0.0,0.0,0.0,0.0,0.04407246,0.0,0.0,0.02233975,0.0,0.0,0.044263616,0.0,0.0,0.0,0.0,0.0,0.020862198,0.026411345,0.0,0.029654048,0.023658358,0.0,0.0,0.0,0.0,0.043015487,0.0,0.0,0.0,0.030756686,0.0,0.0,0.0,0.0,0.0,0.040834557,0.0,0.0,0.0,0.0,0.0,0.032788943,0.0,0.0,0.0,0.040206682,0.0,0.0,0.0,0.0,0.0,0.0,0.0,0.07865252
k__Bacteria|p__Firmicutes|c__Clostridia|o__Clostridiales|f__Veillonellaceae|g__Veillonella|s__unclassified,0.0,0.038569655,0.0,0.0,0.0,0.0,0.0,0.0,0.0,0.0,0.0,0.0,0.0,0.0,0.0,0.04569022,0.0,0.039667975,0.03512797,0.0,0.0,0.0,0.0,0.0,0.0,0.0,0.0,0.0,0.0,0.0,0.0,0.0,0.0,0.0,0.0,0.0,0.0,0.0,0.0,0.0,0.0,0.0,0.0,0.0,0.0,0.07388693,0.0,0.0,0.0,0.0,0.0,0.0,0.0,0.0,0.0,0.0,0.0,0.0,0.0,0.0,0.0,0.0,0.0,0.0,0.0,0.0,0.0,0.0,0.0,0.0,0.0,0.0,0.0,0.0,0.0,0.0,0.0,0.0,0.0,0.0,0.0,0.035948012,0.028121402,0.0,0.0,0.06637337,0.071175754,0.0,0.0,0.0,0.034261674,0.0,0.0,0.0,0.0,0.0,0.0,0.0,0.0,0.0,0.0,0.0,0.0,0.0,0.0,0.061405137,0.0,0.0,0.0,0.0,0.0,0.02372293,0.0,0.0,0.0,0.0,0.0,0.0,0.0,0.0,0.03086328,0.0,0.0,0.0,0.0,0.0,0.04028763,0.0,0.0,0.0,0.0,0.0,0.0,0.0,0.0,0.0,0.0,0.0,0.0,0.0,0.09872971,0.09872971,0.0,0.0,0.048212267
k__Bacteria|p__Firmicutes|c__Bacilli|o__Lactobacillales|f__Enterococcaceae|g__Enterococcus|s__unclassified,0.0,0.0,0.0,0.0,0.0,0.0,0.0,0.0,0.0,0.0,0.03593583,0.0,0.0,0.0,0.0,0.0,0.029422648,0.0,0.0,0.0,0.0,0.024217665,0.0,0.0,0.0,0.0,0.0,0.0,0.0,0.0,0.0,0.0,0.0,0.0,0.0,0.0,0.033095647,0.0,0.0,0.0,0.0,0.0,0.0,0.0,0.0,0.0,0.0,0.0,0.0,0.0,0.0,0.0,0.0,0.0,0.0,0.0,0.0,0.0,0.0,0.0,0.0,0.0,0.0,0.0,0.0,0.0,0.0,0.0,0.0,0.0,0.0,0.0,0.0,0.0,0.0,0.0,0.0,0.0,0.0,0.0,0.042135146,0.036169574,0.0,0.0,0.0,0.0,0.0,0.0,0.0,0.0,0.0,0.0,0.0,0.0,0.0,0.0,0.0,0.0,0.0,0.0,0.0,0.0,0.0,0.0,0.0,0.0,0.0,0.020854082,0.02448193,0.0,0.0,0.023601236,0.0,0.0,0.0,0.0,0.0,0.0,0.0,0.0,0.0,0.0,0.0,0.0,0.0,0.0,0.0,0.0,0.0,0.0,0.0,0.0,0.026638241,0.0,0.0,0.0,0.0,0.0,0.0,0.0,0.0,0.0,0.0,0.0,0.05052601
k__Bacteria|p__Firmicutes|c__Clostridia|o__Coriobacteriales|f__Coriobacteriaceae|g__Slackia|s__unclassified,0.0,0.0,0.0,0.0,0.0,0.0,0.0,0.025036177,0.0,0.023679655,0.0,0.0,0.0,0.0,0.0,0.0,0.0,0.0,0.0,0.0,0.0,0.0,0.0,0.0,0.0,0.0,0.0,0.0,0.0,0.026853416,0.0,0.0,0.0,0.0,0.0,0.066362485,0.0,0.0,0.0,0.0,0.0,0.0,0.0,0.0,0.0,0.0,0.0,0.0,0.0,0.0,0.0,0.0,0.0,0.0,0.0,0.0,0.0,0.0,0.0,0.0,0.0,0.0,0.0,0.0,0.0,0.0,0.0,0.0,0.0,0.0,0.0,0.0,0.0,0.0,0.0,0.0,0.0,0.0,0.0,0.0,0.0,0.0,0.0,0.0,0.0,0.0,0.0,0.0,0.0,0.0,0.034246594,0.0,0.0,0.0,0.0,0.0,0.0,0.0,0.0,0.0,0.0,0.0,0.0,0.0,0.0,0.0,0.0,0.0,0.0,0.0,0.0,0.0,0.0,0.0,0.0,0.0,0.0,0.0,0.0,0.0,0.030640405,0.02622182,0.0,0.0,0.0,0.0,0.0,0.0,0.0,0.0,0.0,0.0,0.024831586,0.0,0.0,0.0,0.0,0.0,0.0,0.019153764,0.0,0.0,0.0,0.0,0.0
k__Bacteria|p__Firmicutes|c__Erysipelotrichi|o__Erysipelotrichales|f__Erysipelotrichaceae|g__[Eubacterium]|s__dolichum,0.0,0.03974805,0.0,0.0,0.0,0.0,0.0238002,0.025102966,0.0,0.023646573,0.0,0.0,0.0,0.0,0.026175514,0.0,0.0,0.0,0.0,0.0,0.055882428,0.0,0.0,0.024817014,0.031677227,0.0,0.0,0.0,0.0,0.026240759,0.0,0.04449103,0.0,0.0,0.0,0.0,0.0,0.0,0.0,0.0,0.0,0.0,0.0,0.0,0.0,0.0,0.0,0.0,0.0,0.0,0.0,0.0,0.0,0.0,0.0,0.04211154,0.0,0.0,0.0,0.0,0.0,0.0,0.0,0.0,0.0,0.0,0.05125878,0.0,0.0,0.0,0.0,0.0,0.0,0.0,0.0,0.0,0.0,0.061733477,0.0,0.0,0.0,0.036430527,0.0,0.0,0.0,0.0,0.0,0.0,0.0,0.0,0.0,0.0,0.0,0.0,0.0,0.0,0.030776612,0.044104498,0.0,0.0,0.0,0.0,0.031923488,0.0,0.0,0.0,0.02223281,0.0,0.0,0.0,0.0,0.0,0.0,0.0,0.0,0.0,0.0,0.0,0.0,0.0,0.0,0.0,0.0,0.0,0.0,0.0,0.0,0.0,0.0,0.0,0.05463196,0.0,0.0244317,0.0,0.0,0.0,0.0,0.0,0.0,0.0,0.0,0.0,0.0,0.0,0.0
k__Bacteria|p__Firmicutes|c__Bacilli|o__Lactobacillales|f__Streptococcaceae|g__Streptococcus|s__unclassified,0.07640221,0.038544796,0.027862007,0.027862007,0.027659683,0.041966755,0.0,0.028656559,0.027084475,0.023552047,0.0364983,0.04992613,0.0,0.0,0.027069459,0.04963308,0.03009842,0.04172083,0.036484253,0.028754968,0.0,0.02409111,0.032909516,0.026342532,0.03169838,0.07496573,0.028863609,0.031983174,0.027991315,0.0273229,0.045227148,0.0,0.0,0.026453242,0.027837327,0.06638841,0.0337924,0.029200502,0.021872846,0.0,0.0,0.03180791,0.03180791,0.0,0.020982737,0.08251714,0.052561227,0.031663697,0.027264988,0.023230283,0.07537226,0.0,0.06002377,0.02903517,0.027623788,0.042586245,0.0,0.021126015,0.028955223,0.01916323,0.03741034,0.03741034,0.023331216,0.028391331,0.019280257,0.07540389,0.05095198,0.04738775,0.030049305,0.030166265,0.075326554,0.027972175,0.028525066,0.023697387,0.027531805,0.0716032,0.061681144,0.0,0.027673563,0.0299468,0.04188079,0.0,0.030746968,0.023504354,0.024932992,0.06654577,0.07303422,0.0,0.0,0.0,0.03529458,0.0,0.029179674,0.0,0.030213263,0.04517484,0.030791325,0.044440117,0.024806539,0.022907525,0.057960257,0.044302113,0.0319961,0.0,0.028337039,0.061816577,0.022916408,0.021103794,0.025251526,0.023572229,0.02962906,0.026736666,0.023694225,0.028874751,0.024226138,0.115814835,0.04353758,0.053090014,0.030541819,0.0,0.032471865,0.026417073,0.028522981,0.0,0.0,0.07543047,0.040862367,0.021969331,0.0,0.0,0.054936945,0.031650145,0.02759172,0.023707168,0.0,0.058369122,0.073318265,0.03055193,0.0,0.01945561,0.066800006,0.066800006,0.029178653,0.02587918,0.048194192
k__Bacteria|p__Firmicutes|c__Bacilli|o__Lactobacillales|f__Streptococcaceae|g__Lactococcus|s__unclassified,0.0,0.0,0.0,0.0,0.0,0.0,0.0,0.024840357,0.0,0.0,0.0,0.0,0.0,0.0,0.0,0.0,0.0,0.0,0.0,0.0,0.0,0.0,0.0,0.0,0.0,0.0,0.0,0.0,0.0,0.0,0.0,0.0,0.0,0.0,0.0,0.0,0.0,0.0,0.0,0.0,0.0,0.032139752,0.032139752,0.0,0.0,0.0,0.0,0.031205043,0.028321456,0.0,0.0,0.0,0.0,0.0,0.0,0.0,0.0,0.0,0.0,0.0,0.0,0.0,0.0,0.0,0.0,0.0,0.0,0.0,0.0,0.0,0.0,0.0,0.0,0.024129087,0.0,0.0,0.0,0.0,0.0,0.0,0.0,0.0,0.0,0.0,0.0,0.0,0.0,0.0,0.0,0.0,0.0,0.0,0.0,0.0,0.0,0.0,0.0,0.0,0.0,0.0,0.0,0.0,0.0,0.0,0.0,0.0,0.0,0.021018893,0.024210943,0.0,0.0,0.0,0.0,0.0,0.0,0.0,0.0,0.0,0.0,0.0,0.0,0.0,0.0,0.0,0.0,0.0,0.0,0.0,0.0,0.0,0.0,0.0,0.0,0.0,0.0,0.0,0.0,0.0,0.0,0.0,0.0,0.0,0.0,0.0,0.048244804
k__Bacteria|p__Firmicutes|c__Clostridia|o__Clostridiales|f__Lachnospiraceae|g__Coprococcus|s__eutactus,0.0,0.0,0.0,0.0,0.0,0.0,0.0,0.0,0.0,0.0,0.0,0.0,0.0,0.0,0.0,0.0,0.0,0.0,0.0,0.0,0.0,0.0,0.0,0.0,0.0,0.0,0.0,0.0,0.0,0.0,0.0,0.0,0.0,0.0,0.0,0.0,0.0,0.0,0.0,0.0,0.0,0.0,0.0,0.029771376,0.020691887,0.0,0.0,0.0,0.02863097,0.0,0.0,0.0,0.0,0.0,0.0,0.0,0.0,0.0,0.0,0.0,0.0,0.0,0.0,0.0,0.019332957,0.0,0.0,0.0,0.0,0.0,0.0,0.0,0.0,0.0,0.0,0.0,0.0,0.0,0.0,0.0,0.0,0.0,0.0,0.0,0.0,0.0,0.0,0.0,0.0,0.0,0.0,0.0,0.0,0.0,0.0,0.0,0.0,0.0,0.0,0.0,0.0,0.0,0.0,0.0,0.0,0.0,0.0,0.0,0.0,0.0,0.0,0.0,0.0,0.0,0.0,0.0,0.0,0.0,0.0,0.0,0.0,0.0,0.0,0.0,0.019835971,0.0,0.0,0.0,0.0,0.0,0.0,0.0,0.0,0.023533834,0.0,0.0,0.0,0.0,0.0,0.0,0.0,0.0,0.0,0.0,0.0
k__Bacteria|p__Firmicutes|c__Clostridia|o__Clostridiales|f__Clostridiaceae|g__Clostridium|s__unclassified,0.0,0.0,0.0,0.0,0.0,0.0,0.0,0.024975458,0.0,0.0,0.0,0.0,0.0,0.0,0.0,0.0,0.02941846,0.0,0.0,0.0,0.0,0.0,0.0,0.024684263,0.0,0.0,0.0,0.0,0.0,0.0,0.0,0.0,0.0,0.0,0.0,0.0,0.03527781,0.0,0.0,0.0,0.0,0.0,0.0,0.0,0.0,0.0,0.0,0.0,0.0,0.0,0.0,0.0,0.0,0.0,0.0,0.0,0.0,0.0,0.0,0.0,0.0,0.0,0.0,0.0,0.01898382,0.0,0.0,0.0,0.0,0.0,0.0,0.0,0.0,0.0,0.0,0.0,0.0,0.0,0.0,0.0,0.043363076,0.04062056,0.029839654,0.024027977,0.025139723,0.0,0.0,0.0,0.0,0.0,0.034201358,0.0,0.0,0.0,0.0,0.0,0.0,0.0,0.022055225,0.022891978,0.0,0.04440797,0.0,0.0,0.0,0.065821536,0.0,0.0,0.0,0.0,0.0,0.023683192,0.0,0.0,0.024199024,0.0,0.0,0.0,0.0,0.0,0.0,0.0,0.0,0.0,0.0,0.0,0.0,0.0,0.0,0.0,0.0,0.0,0.0,0.0,0.0,0.0,0.0,0.0,0.0,0.0,0.0,0.0,0.0,0.025515294,0.04827734
k__Bacteria|p__Firmicutes|c__Erysipelotrichi|o__Erysipelotrichales|f__[Coprobacillaceae]|g__Coprobacillus|s__unclassified,0.0,0.0,0.0,0.0,0.0,0.0,0.0,0.0,0.0,0.023589183,0.0,0.0,0.0,0.0,0.025544384,0.0,0.0,0.0,0.0,0.0,0.0,0.0,0.0,0.024853013,0.0,0.0,0.0,0.0,0.0,0.0,0.0,0.0,0.0,0.0,0.0,0.0,0.0,0.0,0.0,0.0,0.0,0.0,0.0,0.0,0.0,0.0,0.0,0.0,0.027252426,0.0,0.0,0.0,0.0,0.0,0.0,0.0,0.0,0.0,0.0,0.0,0.0,0.0,0.0,0.0,0.0,0.0,0.0,0.0,0.0,0.0,0.0,0.0,0.0,0.0,0.0,0.0,0.0,0.0,0.0,0.0,0.0,0.0,0.0,0.0,0.0,0.0,0.0,0.0,0.0,0.0,0.0,0.0,0.0,0.0,0.0,0.0,0.0,0.0,0.0,0.0,0.0,0.0,0.0,0.0,0.0,0.0,0.0,0.0,0.0,0.0,0.029758172,0.0,0.0,0.0,0.0,0.0,0.0,0.0,0.0,0.0,0.0,0.0,0.0,0.0,0.0,0.0,0.0,0.021926692,0.0,0.0,0.0,0.0,0.0,0.0,0.0,0.0,0.0,0.0,0.0,0.0,0.0,0.0,0.0,0.0,0.0
k__Bacteria|p__Firmicutes|c__Erysipelotrichi|o__Erysipelotrichales|f__[Coprobacillaceae]|g__Catenibacterium|s__unclassified,0.0,0.0,0.0,0.0,0.0,0.0,0.0,0.0,0.0,0.0,0.0,0.0,0.0,0.0,0.0,0.0,0.0,0.0,0.0,0.0,0.0,0.0,0.0,0.0,0.0,0.0,0.0,0.0,0.0,0.0,0.0,0.0,0.0,0.0,0.0,0.0,0.0,0.0,0.0,0.0,0.0,0.0,0.0,0.0,0.0,0.0,0.0,0.0,0.0,0.027555417,0.0,0.0,0.0,0.0,0.0,0.0,0.0,0.02246489,0.0,0.02027736,0.0,0.0,0.0,0.0,0.026473816,0.0,0.0,0.0,0.0,0.0,0.0,0.0,0.0,0.0,0.0,0.0,0.0,0.0,0.0,0.0,0.0,0.0,0.0,0.0,0.0,0.0,0.0,0.0,0.024067007,0.023630247,0.0,0.0,0.0,0.0,0.0,0.0,0.0,0.0,0.0,0.0,0.0,0.0,0.0,0.0,0.0,0.0,0.0,0.0,0.0,0.0,0.0,0.0,0.0,0.0,0.0,0.0,0.0,0.0,0.0,0.0,0.0,0.0,0.0,0.0,0.019372556,0.0,0.0,0.024885766,0.02643904,0.0,0.0,0.035376742,0.0,0.024208324,0.024784643,0.0,0.0,0.0,0.0,0.019810412,0.0,0.0,0.0,0.0,0.0
k__Bacteria|p__Firmicutes|c__Clostridia|o__Clostridiales|f__Veillonellaceae|g__Veillonella|s__parvula,0.07485282,0.051173992,0.0,0.0,0.0,0.0,0.023510832,0.0,0.0,0.0,0.036818597,0.046846826,0.0,0.0,0.0,0.04525862,0.0,0.039623156,0.0,0.0,0.0,0.0,0.026675591,0.024835013,0.0,0.07501296,0.028863609,0.028627016,0.0,0.0,0.040680412,0.044308797,0.059056353,0.026184425,0.0,0.0,0.032911822,0.025604527,0.0,0.0,0.0,0.0,0.0,0.0,0.0,0.06904743,0.053066295,0.031234741,0.0,0.0,0.07477668,0.061059903,0.05768236,0.0,0.0,0.04370857,0.02500287,0.0,0.0,0.0,0.0395482,0.0395482,0.0,0.0,0.0,0.075049646,0.0,0.044889443,0.0,0.023597987,0.07359374,0.025597315,0.0,0.0,0.0,0.06830078,0.061108176,0.0,0.0,0.025437158,0.050414905,0.05007399,0.028732926,0.023529839,0.025024688,0.06606915,0.0,0.0,0.0,0.0,0.034796976,0.0,0.024904704,0.0,0.0,0.044111136,0.030732479,0.0,0.0220497,0.0,0.0,0.0,0.031845137,0.0,0.0,0.061340027,0.032109424,0.020761063,0.0,0.0,0.029654048,0.0236894,0.023631474,0.0,0.024174375,0.0,0.043901827,0.051573355,0.027719134,0.029487448,0.0,0.0,0.0,0.0,0.019027865,0.07401182,0.0,0.021898754,0.026313668,0.0,0.054897845,0.0,0.0,0.0,0.0,0.0,0.040226392,0.029932672,0.0,0.0,0.0,0.0,0.025736783,0.0,0.0
k__Bacteria|p__Firmicutes|c__Erysipelotrichi|o__Erysipelotrichales|f__Erysipelotrichaceae|g__Holdemania|s__unclassified,0.0,0.0,0.0,0.0,0.0,0.0,0.0,0.0,0.0,0.0,0.0,0.0,0.02877281,0.0,0.0,0.0,0.0,0.0,0.0,0.0,0.0,0.0,0.0,0.024643762,0.031919338,0.0,0.028869333,0.0,0.0,0.0,0.0,0.0,0.0,0.0,0.0,0.0,0.0,0.0,0.0,0.0,0.0,0.0,0.0,0.0,0.0,0.0,0.0,0.0,0.0,0.0,0.0,0.0,0.0,0.0,0.0,0.0,0.0,0.0,0.0,0.0,0.0,0.0,0.0,0.0,0.0,0.0,0.0,0.0,0.0,0.0,0.0,0.0,0.0,0.0,0.0,0.0,0.0,0.0,0.0,0.0,0.0,0.0,0.0,0.0,0.0,0.0,0.0,0.025609316,0.0,0.0,0.0,0.0,0.0,0.0,0.0,0.0,0.0,0.0,0.0,0.0,0.0,0.0,0.0,0.0,0.0,0.0,0.0,0.0,0.0,0.0,0.0,0.0,0.023579268,0.0,0.024184234,0.0,0.0,0.0,0.0,0.0,0.0,0.0,0.0,0.0,0.0,0.0,0.0,0.0,0.0,0.0,0.0,0.0,0.0,0.0,0.0,0.0,0.0,0.0,0.0,0.0,0.0,0.0,0.0,0.025477488,0.0
k__Bacteria|p__Firmicutes|c__Clostridia|o__Clostridiales|f__Veillonellaceae|g__Veillonella|s__dispar,0.0859759,0.05169606,0.02792771,0.02792771,0.02764202,0.0,0.023691686,0.0,0.0,0.0,0.040091865,0.056632843,0.02877281,0.0,0.025507364,0.04588579,0.029493855,0.042312477,0.03595428,0.030978529,0.063766934,0.0,0.034868423,0.0,0.0,0.086522795,0.029945452,0.037686225,0.029228032,0.0,0.041787807,0.044526823,0.062447716,0.026178015,0.027243357,0.0,0.03710419,0.03384816,0.022194551,0.0,0.061868772,0.0,0.0,0.029666362,0.0,0.07639317,0.06721849,0.04621527,0.027186183,0.023360364,0.08583144,0.068020895,0.058208518,0.030964058,0.0,0.061540946,0.025011057,0.0,0.027538981,0.0,0.04465595,0.04465595,0.021642338,0.026980983,0.019072752,0.086123824,0.050940618,0.054168243,0.031056313,0.030904127,0.08425919,0.033887774,0.032191947,0.023472724,0.0,0.078308664,0.071156435,0.0,0.029590357,0.033495642,0.05152881,0.05147969,0.029061953,0.023599349,0.031066585,0.07510462,0.07322916,0.0,0.0,0.023445563,0.037443332,0.0,0.03283181,0.031854585,0.030634422,0.04426586,0.0,0.0,0.023980593,0.022889152,0.0,0.048026446,0.03252927,0.0,0.026412882,0.06206178,0.027544849,0.021525182,0.025706783,0.023558045,0.031086782,0.025892273,0.024229461,0.0,0.024290225,0.0,0.047396902,0.061166886,0.03609152,0.0,0.031619124,0.0292979,0.03207334,0.0,0.019295957,0.084893644,0.04313661,0.021916399,0.0,0.0,0.054983865,0.030770525,0.0,0.023597892,0.0,0.058985554,0.042191047,0.038960848,0.0,0.019757455,0.066768125,0.066768125,0.034030683,0.026054038,0.0
k__Bacteria|p__Firmicutes|c__Erysipelotrichi|o__Erysipelotrichales|f__Erysipelotrichaceae|g__[Eubacterium]|s__biforme,0.0,0.0,0.0,0.0,0.0,0.0,0.0,0.0,0.0,0.0,0.0,0.0,0.0,0.0,0.0,0.0,0.0,0.0,0.0,0.0,0.0,0.0,0.0,0.0,0.0,0.0,0.0,0.0,0.0,0.0,0.0,0.0,0.0,0.0,0.0,0.0,0.0,0.0,0.022610396,0.025546113,0.0,0.0,0.0,0.0,0.022057623,0.0,0.0,0.0,0.0,0.023324886,0.0,0.0,0.0,0.0,0.0,0.0,0.0,0.021480355,0.0,0.02016573,0.0,0.0,0.0,0.0,0.0,0.0,0.0,0.0,0.0,0.0,0.0,0.0,0.0,0.0,0.0,0.0,0.0,0.0,0.0,0.0,0.0,0.0,0.0,0.0,0.0,0.0,0.0,0.0,0.02408479,0.023484444,0.0,0.0,0.0,0.0,0.0,0.0,0.0,0.0,0.0,0.023535043,0.0,0.0,0.0,0.0,0.0,0.0,0.0,0.0,0.0,0.0,0.0,0.0,0.0,0.0,0.0,0.0,0.0,0.0,0.0,0.0,0.0,0.0,0.0,0.026126781,0.019054674,0.0,0.0,0.022178123,0.0,0.0,0.0,0.0,0.0,0.0,0.0,0.0,0.0,0.0,0.0,0.021113114,0.0,0.0,0.0,0.0,0.0
k__Bacteria|p__Firmicutes|c__Bacilli|o__Turicibacterales|f__Turicibacteraceae|g__Turicibacter|s__unclassified,0.0,0.0,0.0,0.0,0.0,0.0,0.0,0.024945097,0.02702783,0.0,0.0,0.0,0.0,0.029828299,0.0,0.0,0.03015427,0.0,0.03501362,0.0,0.0,0.0,0.0,0.0,0.0,0.0,0.0,0.0,0.0,0.026577054,0.0,0.0,0.0,0.0,0.0,0.0,0.0,0.0,0.0,0.0,0.0,0.0,0.0,0.0,0.0,0.0,0.0,0.0,0.0,0.0,0.0,0.0,0.0,0.0,0.0,0.0,0.0,0.0,0.0,0.0,0.0,0.0,0.0,0.0,0.0,0.0,0.0,0.0,0.0,0.0,0.0,0.0,0.0,0.0,0.0,0.0,0.0,0.0,0.0,0.0,0.0,0.0,0.02803499,0.02431991,0.025043026,0.0,0.0,0.0,0.0,0.0,0.0,0.0,0.0,0.0,0.0,0.0,0.0,0.0,0.021933682,0.0,0.0,0.0,0.0,0.0,0.0,0.0,0.0,0.021532048,0.025056418,0.0,0.0,0.0,0.02372112,0.0,0.0,0.0,0.0,0.0,0.0,0.0,0.0,0.0,0.0,0.0,0.019073825,0.0,0.0,0.0,0.026270779,0.0,0.0,0.031174993,0.0,0.0,0.0,0.0,0.0,0.0,0.0,0.0,0.0,0.0,0.0,0.025462128,0.0
k__Bacteria|p__Firmicutes|c__Clostridia|o__Clostridiales|f__Veillonellaceae|g__Phascolarctobacterium|s__unclassified,0.0,0.0,0.0,0.0,0.0,0.042450458,0.028661584,0.024863126,0.027323272,0.023840342,0.0,0.0,0.0,0.0,0.0,0.0,0.0,0.0,0.0,0.0,0.0,0.0,0.0,0.0,0.0,0.0,0.0,0.0,0.0,0.0,0.0,0.0,0.0,0.0,0.0,0.0,0.0,0.0,0.022531794,0.025416251,0.0,0.0,0.0,0.0,0.02092493,0.0,0.0,0.0,0.0,0.0,0.0,0.0,0.0,0.0,0.02783763,0.0,0.0,0.0,0.0,0.020399937,0.0,0.0,0.0,0.0,0.0,0.0,0.0,0.0,0.0,0.0,0.0,0.0,0.0,0.026438843,0.027094131,0.0,0.0,0.0,0.0,0.0,0.0,0.0,0.0,0.0,0.02495633,0.0,0.0,0.0,0.0,0.0,0.0,0.0,0.0,0.0,0.0,0.0,0.036499076,0.0,0.021939207,0.02349406,0.0,0.0,0.0,0.0,0.0,0.0,0.0,0.0,0.0,0.0,0.0,0.0,0.0,0.0,0.0,0.0,0.0,0.0,0.0,0.0,0.0,0.0,0.0,0.0363374,0.021383239,0.0,0.0,0.0,0.0,0.0,0.0,0.0,0.0,0.0,0.0,0.0,0.0,0.0,0.0,0.0,0.0,0.0,0.0,0.0,0.0
k__Bacteria|p__Firmicutes|c__Clostridia|o__Clostridiales|f__Ruminococcaceae|g__unclassified|s__unclassified,0.0,0.0,0.029504621,0.029504621,0.033275187,0.0,0.024205314,0.02489045,0.027174441,0.023836289,0.0,0.04108374,0.028879758,0.029964754,0.027369292,0.0,0.0,0.0,0.035161175,0.032378573,0.0,0.046364535,0.025640916,0.031274587,0.03494457,0.0,0.029579114,0.025633859,0.03301038,0.032503862,0.0,0.0,0.0,0.031799555,0.033252653,0.0,0.0,0.027645513,0.022655178,0.026231248,0.0,0.036033515,0.036033515,0.032027468,0.026756413,0.0,0.0,0.0,0.03329655,0.023456937,0.0,0.0,0.0,0.03202506,0.02760734,0.0,0.025528902,0.023623709,0.03272688,0.021790413,0.0,0.0,0.022206089,0.03312613,0.029609473,0.0,0.0,0.039068688,0.029042311,0.028159212,0.0,0.02797288,0.029047698,0.02420838,0.026173798,0.0,0.0,0.062405206,0.032824084,0.027569432,0.042152688,0.0,0.029726654,0.026544146,0.029722828,0.0,0.0,0.029202443,0.025669064,0.033024848,0.0,0.0,0.028027385,0.033920363,0.03127752,0.0,0.03235066,0.04495665,0.023055201,0.023413498,0.0,0.0,0.031862333,0.03461556,0.03311611,0.0,0.022293769,0.023830019,0.0,0.027707584,0.0,0.0,0.02696891,0.030248296,0.030289788,0.0,0.0,0.0,0.026380157,0.030680137,0.0,0.026257027,0.030911518,0.027773807,0.023838188,0.0,0.0,0.029365918,0.02767958,0.03793877,0.0,0.030644868,0.024176396,0.025679769,0.029479781,0.0,0.0,0.028270718,0.034033287,0.022209292,0.0,0.0,0.027699389,0.025711415,0.0
k__Bacteria|p__Firmicutes|c__Clostridia|o__Clostridiales|f__Lachnospiraceae|g__Roseburia|s__unclassified,0.0,0.0,0.030052157,0.030052157,0.03209214,0.0,0.023641048,0.024849465,0.029152581,0.026772559,0.0,0.0,0.028760927,0.0,0.0,0.0,0.0,0.0,0.0,0.031405993,0.0,0.024976986,0.02534858,0.027208794,0.038443457,0.0,0.0,0.025318448,0.031989276,0.026353966,0.0,0.0,0.0,0.028316539,0.03209964,0.0,0.0,0.02712749,0.022835223,0.025279671,0.0,0.03575116,0.03575116,0.029655496,0.021156166,0.0,0.0,0.0,0.029628618,0.024987338,0.0,0.0,0.0,0.031197961,0.027771832,0.0,0.0,0.02181969,0.0315677,0.019523846,0.0,0.0,0.023590492,0.03189607,0.025222192,0.0,0.0,0.0,0.028447231,0.027495494,0.0,0.027398933,0.028473932,0.024085037,0.02687389,0.0,0.0,0.06248917,0.031896725,0.026994437,0.0,0.0,0.028619926,0.024266617,0.0,0.0,0.0,0.026751984,0.026354492,0.024913318,0.0,0.0,0.027440384,0.035112612,0.040552508,0.0,0.0,0.0,0.022486154,0.023037551,0.0,0.0,0.037908696,0.03425375,0.031920105,0.0,0.022292316,0.022171933,0.024265138,0.023772996,0.029608235,0.026485832,0.027077012,0.030345455,0.029367916,0.0,0.0,0.0,0.026086291,0.029461715,0.0,0.026621932,0.030076103,0.026282739,0.019407023,0.0,0.0,0.024281453,0.028042505,0.04511421,0.0,0.0,0.024133412,0.025261508,0.025994051,0.0,0.0,0.027993461,0.0337719,0.020647107,0.0,0.0,0.027218247,0.026412016,0.0
k__Bacteria|p__Firmicutes|c__Clostridia|o__Coriobacteriales|f__Coriobacteriaceae|g__unclassified|s__unclassified,0.0,0.0,0.0,0.0,0.0,0.04407547,0.0235253,0.025171278,0.0,0.024566136,0.0,0.0,0.0,0.0,0.0,0.046031907,0.029563665,0.0,0.035782132,0.0,0.0,0.0,0.0,0.0,0.0,0.0,0.0,0.0,0.0,0.02683011,0.0,0.0,0.0,0.0,0.0,0.0,0.0,0.0,0.0,0.0,0.062218715,0.0,0.0,0.0,0.020737048,0.06727642,0.05166448,0.03152841,0.0,0.02290607,0.0,0.0,0.05768236,0.0,0.0,0.0,0.024890298,0.021157179,0.0,0.018973349,0.037463576,0.037463576,0.021325968,0.0,0.0,0.0,0.05109061,0.0,0.0,0.0,0.0,0.0,0.0,0.0,0.0,0.0,0.0,0.0,0.0,0.0,0.0,0.0,0.0,0.0,0.0,0.0,0.0,0.025540626,0.0,0.023508744,0.0,0.0,0.0,0.0,0.0,0.04749564,0.0,0.0,0.0,0.0,0.0,0.0,0.0,0.0,0.0,0.0,0.0,0.0,0.0,0.0,0.0,0.0,0.0,0.0,0.0,0.0,0.0,0.0,0.0,0.0,0.03122182,0.026729163,0.0,0.0,0.019035527,0.0,0.0,0.022063434,0.0,0.0,0.0,0.0,0.02567174,0.0,0.025005504,0.0,0.040186968,0.0,0.0,0.019805115,0.0,0.0,0.0,0.0,0.0
k__Bacteria|p__Firmicutes|c__Clostridia|o__Coriobacteriales|f__Coriobacteriaceae|g__Eggerthella|s__lenta,0.0,0.0,0.0,0.0,0.0,0.0,0.0,0.025057428,0.0,0.024801094,0.035818644,0.0,0.0,0.0,0.026286563,0.0,0.0,0.0,0.0,0.0,0.0,0.024402628,0.0,0.024688762,0.0,0.0,0.0,0.0,0.0,0.026467176,0.0,0.0,0.0,0.0,0.0,0.0,0.0,0.0,0.0,0.0,0.0,0.031782687,0.031782687,0.0,0.0,0.0,0.0,0.0,0.0,0.0,0.0,0.0,0.0,0.0,0.0,0.0,0.0,0.0,0.0,0.0,0.0,0.0,0.0,0.0,0.0,0.0,0.0,0.0,0.0,0.0,0.0,0.0,0.0,0.0,0.0,0.0,0.0,0.0,0.0,0.0,0.0,0.035780605,0.0,0.0,0.0,0.0,0.0,0.0,0.0,0.0,0.0,0.0,0.0,0.031827945,0.0,0.0,0.0,0.045432545,0.021939207,0.0,0.0,0.044273242,0.031906288,0.0,0.0,0.0,0.022092028,0.0,0.0,0.0,0.0,0.0,0.0,0.0,0.0,0.0,0.0,0.0,0.0,0.0,0.0,0.0,0.0,0.0,0.0,0.0,0.04063989,0.0,0.0,0.0,0.0,0.030691989,0.024517668,0.0,0.0,0.0,0.0,0.0,0.0,0.0,0.0,0.0,0.0,0.0,0.0
k__Bacteria|p__Firmicutes|c__Clostridia|o__Clostridiales|f__Ruminococcaceae|g__Faecalibacterium|s__prausnitzii,0.0,0.0,0.029000886,0.029000886,0.031830452,0.042854212,0.02652026,0.025376204,0.028186282,0.024811896,0.0,0.0,0.0,0.03234066,0.0,0.0,0.029810797,0.0,0.0,0.03112245,0.0,0.024305278,0.025253046,0.025892528,0.031730115,0.0,0.035904184,0.025187727,0.031668384,0.026577054,0.0,0.0,0.0,0.02799564,0.03188221,0.0,0.03288514,0.026908215,0.02285807,0.026799956,0.0,0.032790814,0.032790814,0.030006764,0.021974524,0.0,0.0,0.047614336,0.04328043,0.026138343,0.0,0.0,0.0,0.030916285,0.028150165,0.0,0.025194248,0.022084003,0.03149002,0.020074345,0.0,0.0,0.03203725,0.031785026,0.01952729,0.0,0.0,0.0,0.028283859,0.027366806,0.0,0.027173538,0.028288597,0.023531461,0.0,0.0,0.0,0.0,0.031493533,0.026810117,0.0,0.0,0.02801505,0.024910722,0.027157024,0.0,0.0,0.026778404,0.025239477,0.026594914,0.0,0.0,0.027185367,0.0,0.031140288,0.0,0.0,0.0,0.022323174,0.023078538,0.0,0.0,0.031774428,0.033204783,0.03178291,0.0,0.02205429,0.021832949,0.029912481,0.029527579,0.0,0.024998209,0.025138566,0.032020003,0.02439375,0.0,0.0,0.0,0.025916085,0.029927235,0.0,0.0,0.029774139,0.027468977,0.026071005,0.0,0.0,0.021917133,0.028167875,0.037431322,0.0,0.0,0.02415165,0.03225228,0.026426874,0.0,0.0,0.027673751,0.035092853,0.02067888,0.0,0.0,0.026957564,0.025899267,0.0
k__Bacteria|p__Firmicutes|c__Clostridia|o__Coriobacteriales|f__unclassified|g__unclassified|s__unclassified,0.0,0.03895251,0.029855045,0.029855045,0.03196945,0.0,0.02357594,0.025218334,0.027480992,0.024844302,0.0,0.041084144,0.028951053,0.02963566,0.025871977,0.0,0.029417064,0.0,0.0,0.03155097,0.0,0.024052171,0.02545395,0.02713454,0.034229986,0.0,0.02892085,0.025516339,0.03210123,0.026949976,0.0,0.044328317,0.0,0.027277725,0.031995405,0.0,0.03284363,0.027382484,0.022034612,0.025570743,0.0,0.032285295,0.032285295,0.030093677,0.023072895,0.0,0.0,0.0,0.02841111,0.023081481,0.0,0.0,0.0,0.03136556,0.027755383,0.0,0.025349805,0.021540374,0.031420093,0.021063711,0.0,0.0,0.022094289,0.031704932,0.0218428,0.0,0.0,0.03914266,0.028553324,0.027591981,0.0,0.027732084,0.02862884,0.024180481,0.02670238,0.0,0.0,0.061964385,0.032108758,0.027115012,0.0,0.0,0.029155012,0.023895912,0.025199741,0.0,0.0,0.026399277,0.02504384,0.024796672,0.0,0.0,0.027669203,0.032555424,0.030607922,0.0,0.0,0.04574456,0.026853448,0.023980245,0.0,0.0,0.032384034,0.03320916,0.031723816,0.0,0.02211525,0.022582086,0.024731234,0.024746278,0.02966238,0.023740312,0.02582198,0.029951109,0.024950817,0.0,0.0,0.0,0.02632686,0.029875774,0.030776067,0.026239421,0.030199192,0.026599385,0.020303214,0.0,0.0,0.022195766,0.027138494,0.03792794,0.0,0.030723404,0.0,0.02461057,0.025413392,0.0,0.0,0.028282586,0.033935267,0.021192547,0.0,0.0,0.027503042,0.02608239,0.0
k__Bacteria|p__Firmicutes|c__Clostridia|o__Clostridiales|f__Ruminococcaceae|g__Ruminococcus|s__unclassified,0.0,0.0,0.030840613,0.030840613,0.032987997,0.041962758,0.02357594,0.026872931,0.0,0.023895029,0.0,0.040992107,0.029687786,0.030012915,0.02567394,0.0,0.029489668,0.0,0.0,0.0319907,0.0,0.031888757,0.025728622,0.025703525,0.03329562,0.0,0.030071381,0.025657102,0.032561325,0.034261923,0.0,0.044354357,0.057981666,0.028858583,0.03292679,0.0,0.0,0.027542008,0.021911232,0.025611043,0.0,0.03311101,0.03311101,0.030749137,0.027208049,0.0,0.0,0.0,0.029884452,0.023658954,0.0,0.0,0.0,0.031789377,0.028429806,0.0,0.024868803,0.021592313,0.03239762,0.021419948,0.0,0.0,0.02257241,0.032772407,0.02278152,0.0,0.0,0.039192725,0.028914368,0.027916795,0.0,0.027863229,0.029210933,0.02523037,0.02614662,0.0,0.0,0.062405206,0.032471932,0.027460197,0.0,0.0,0.029307893,0.027721142,0.025733242,0.0,0.0,0.029123181,0.025945425,0.027768632,0.0,0.0,0.027817465,0.033112973,0.03338001,0.0,0.0,0.046938885,0.025961204,0.022938618,0.0,0.0,0.032733742,0.03318144,0.03274855,0.0,0.022412783,0.025013654,0.024232622,0.024162527,0.0,0.023484513,0.027185643,0.030707415,0.027230848,0.0,0.0,0.0,0.026454328,0.03018612,0.030621022,0.026258627,0.030677984,0.02754223,0.023972234,0.0,0.0,0.028704993,0.027907234,0.039679255,0.0,0.030644868,0.0,0.026708461,0.026832975,0.0,0.0,0.028341288,0.034182653,0.022881825,0.0,0.0,0.027587468,0.025712596,0.0
k__Bacteria|p__Firmicutes|c__Clostridia|o__Clostridiales|f__Clostridiaceae|g__unclassified|s__unclassified,0.0,0.0,0.0,0.0,0.0,0.0,0.02366275,0.0,0.0,0.0,0.0,0.0,0.028760927,0.0,0.02554068,0.0,0.0,0.0,0.0,0.0,0.0,0.0,0.0,0.024810264,0.0,0.0,0.0,0.0,0.0,0.0,0.0,0.044308797,0.0,0.0,0.0,0.0,0.032929614,0.0,0.021690974,0.025250563,0.0,0.031847693,0.031847693,0.0,0.020722596,0.0,0.0,0.0,0.0,0.0,0.0,0.0,0.0,0.0,0.0,0.0,0.0,0.0,0.0,0.019389777,0.0,0.0,0.0,0.0,0.019020053,0.0,0.0,0.0,0.0,0.0,0.0,0.0,0.0,0.023471257,0.025981674,0.0,0.0,0.0,0.0,0.0,0.042038664,0.0,0.02827096,0.0,0.024912983,0.0,0.0,0.0,0.0,0.02423533,0.0,0.0,0.0,0.0,0.02975188,0.0,0.030967852,0.0,0.0,0.0,0.0,0.044234745,0.0,0.0,0.0,0.0,0.0,0.0,0.0,0.0,0.029633224,0.023488235,0.0,0.0,0.0,0.0,0.042953044,0.0,0.0,0.0,0.0,0.0,0.0,0.0,0.019027865,0.0,0.040181022,0.02187817,0.0,0.0,0.0,0.0,0.0,0.023495212,0.024626119,0.05858528,0.0,0.0,0.0,0.0,0.0,0.0,0.0,0.0,0.0
k__Bacteria|p__Firmicutes|c__Clostridia|o__Clostridiales|f__Ruminococcaceae|g__Faecalibacterium|s__unclassified,0.0,0.0,0.02834384,0.02834384,0.031530805,0.042840224,0.02623089,0.027105182,0.032646812,0.028924966,0.0,0.0,0.0,0.031939328,0.0,0.0,0.030366495,0.0,0.0,0.030406509,0.0,0.024743348,0.024989778,0.029177565,0.0,0.0,0.035789706,0.024731029,0.030944228,0.027559306,0.0,0.0,0.0,0.02982809,0.031598024,0.0,0.0,0.026222827,0.022114126,0.026714873,0.0,0.032423075,0.032423075,0.0313539,0.021251911,0.0,0.0,0.0,0.028381417,0.023153419,0.0,0.0,0.0,0.030197779,0.028742341,0.0,0.026499089,0.02178391,0.03149263,0.019610304,0.0,0.0,0.028597657,0.031774,0.019794084,0.0,0.0,0.0,0.027858656,0.027008552,0.0,0.026379121,0.02774495,0.0,0.0,0.0,0.0,0.0,0.030569796,0.026335996,0.0,0.0,0.0,0.025522387,0.025196407,0.0,0.0,0.026717637,0.026555603,0.025416339,0.0,0.0,0.026517335,0.0,0.03670954,0.0,0.0,0.044122852,0.022513777,0.023537872,0.0,0.0,0.0,0.03410202,0.031823006,0.0,0.022351824,0.021684371,0.032644015,0.031872403,0.0,0.0,0.02607035,0.032435305,0.024176838,0.0,0.0,0.0,0.025338415,0.030613238,0.0,0.0,0.029033886,0.026989283,0.025772275,0.0,0.0,0.0,0.027234176,0.037333857,0.0,0.0,0.0,0.025792811,0.027529411,0.0,0.0,0.0,0.034112636,0.020493535,0.0,0.0,0.02618438,0.027738791,0.0
k__Bacteria|p__Firmicutes|c__Clostridia|o__Clostridiales|f__Lachnospiraceae|g__Lachnospira|s__unclassified,0.0,0.0,0.028540954,0.028540954,0.03129363,0.0,0.02550747,0.0,0.02886047,0.025602508,0.0,0.0,0.030234393,0.031273108,0.0,0.0,0.0,0.0,0.0,0.03091093,0.0,0.024305278,0.025239361,0.026938789,0.03387387,0.0,0.031634048,0.025210317,0.0315189,0.0,0.0,0.0,0.0,0.02937098,0.03137835,0.0,0.0,0.026967892,0.02306919,0.025920028,0.0,0.0,0.0,0.030133512,0.02069008,0.0,0.0,0.03762951,0.027724693,0.023989078,0.0,0.0,0.0,0.030833732,0.027541542,0.0,0.0,0.021136403,0.030805409,0.019077865,0.0,0.0,0.022044338,0.031054605,0.0,0.0,0.0,0.0,0.02820203,0.02718569,0.0,0.027254933,0.028152533,0.023951415,0.027954482,0.0,0.0,0.0,0.031576008,0.02666345,0.0,0.0,0.03630719,0.02551312,0.024842963,0.0,0.0,0.025635738,0.024161406,0.023610808,0.0,0.0,0.027245319,0.031765487,0.030046219,0.0,0.0,0.0,0.021983406,0.022852406,0.0,0.0,0.034226224,0.0342129,0.031151371,0.0,0.0,0.022047704,0.02592357,0.02544787,0.0,0.023916643,0.023690006,0.030246392,0.025579367,0.0,0.0,0.0,0.026035655,0.030551089,0.0,0.029946085,0.0296022,0.026372535,0.020981103,0.0,0.0,0.022097988,0.0266403,0.0,0.0,0.0,0.0,0.027830413,0.02488439,0.0,0.0,0.027966766,0.03431802,0.019302038,0.0,0.0,0.027106328,0.027262663,0.0
k__Bacteria|p__Firmicutes|c__Clostridia|o__unclassified|f__unclassified|g__unclassified|s__unclassified,0.0,0.0,0.028716166,0.028716166,0.031776242,0.0,0.024451278,0.031416245,0.028423967,0.0266274,0.035951454,0.0,0.029521424,0.02968382,0.025483305,0.0,0.029425442,0.039058402,0.034959514,0.03102583,0.0,0.026982374,0.025285302,0.026342532,0.032908946,0.0,0.030203035,0.025178526,0.031598486,0.029673642,0.0,0.0,0.0,0.02703775,0.0318458,0.0,0.032888103,0.026839022,0.022065688,0.0254879,0.0,0.03588215,0.03588215,0.02982932,0.021848066,0.0,0.0,0.0,0.029134648,0.023349524,0.0,0.05809813,0.0,0.030798484,0.027722485,0.0,0.025605656,0.022194806,0.031554244,0.020202393,0.0,0.0,0.023695156,0.031829,0.020403428,0.0,0.0,0.0,0.028283736,0.0274056,0.0,0.027094763,0.028077783,0.024836846,0.02669863,0.0,0.0,0.061814446,0.031388022,0.02676637,0.049301,0.035829842,0.031617723,0.025436662,0.025003012,0.06626183,0.0,0.02673613,0.024369359,0.024446746,0.0,0.0,0.027175872,0.032364372,0.03123635,0.0,0.0,0.044795394,0.023847999,0.023561899,0.058201298,0.0,0.036244225,0.033404656,0.031918418,0.0,0.022208136,0.021148117,0.024492769,0.024423307,0.02974151,0.026182845,0.024458319,0.029800609,0.02588748,0.0,0.0,0.0,0.025839059,0.030110909,0.030621022,0.02637226,0.02962885,0.0265025,0.0203913,0.0,0.0,0.022942701,0.02687455,0.037715986,0.0,0.031186774,0.024679188,0.024565352,0.025662756,0.0,0.0,0.027533304,0.033874586,0.020043416,0.0,0.0,0.026854465,0.026356488,0.0
k__Bacteria|p__Firmicutes|c__Clostridia|o__Clostridiales|f__Lachnospiraceae|g__Anaerostipes|s__unclassified,0.0,0.0,0.0,0.0,0.0,0.0,0.0,0.0,0.0,0.0,0.0,0.0,0.028891638,0.029723955,0.0,0.0,0.0,0.0,0.0,0.0,0.0,0.0,0.0,0.0,0.0,0.0,0.0,0.0,0.0,0.026297363,0.0,0.0,0.0,0.0,0.0,0.0,0.0,0.0,0.0,0.0,0.0,0.0,0.0,0.0,0.020704532,0.0,0.0,0.0,0.0,0.0,0.0,0.0,0.0,0.0,0.027492195,0.0,0.0,0.0,0.0,0.018933399,0.0,0.0,0.0,0.0,0.019257203,0.0,0.0,0.0,0.0,0.0,0.0,0.0,0.0,0.0,0.0,0.0,0.0,0.0,0.0,0.0,0.0,0.0,0.0,0.0,0.025009682,0.0,0.0,0.0,0.0,0.0,0.0,0.0,0.0,0.0,0.029755192,0.0,0.0,0.0,0.021881197,0.0,0.0,0.0,0.0,0.032695618,0.0,0.0,0.0,0.020909643,0.0,0.023694435,0.0,0.0,0.023546575,0.02880807,0.0,0.0,0.0,0.0,0.0,0.0,0.0,0.0,0.0,0.0,0.019066166,0.0,0.0,0.021942865,0.0,0.0,0.0,0.0,0.0,0.0,0.0,0.0,0.0,0.0,0.0,0.01895783,0.0,0.0,0.0,0.0,0.0
k__Bacteria|p__Firmicutes|c__Clostridia|o__Clostridiales|f__Lachnospiraceae|g__Lachnobacterium|s__unclassified,0.0,0.0,0.0,0.0,0.0,0.0,0.0,0.0,0.0,0.0,0.0,0.0,0.0,0.029916596,0.0,0.0,0.0,0.0,0.0,0.0,0.0,0.0,0.0,0.0,0.0,0.0,0.0,0.0,0.0,0.0,0.0,0.0,0.0,0.027270915,0.0,0.0,0.0,0.0,0.0,0.0,0.0,0.0,0.0,0.030680332,0.0,0.0,0.0,0.0,0.027423745,0.0,0.0,0.0,0.0,0.0,0.0,0.0,0.0,0.021136403,0.0,0.019231085,0.0,0.0,0.0,0.0,0.0,0.0,0.0,0.0,0.0,0.0,0.0,0.0,0.0,0.023869187,0.0,0.0,0.0,0.0,0.0,0.0,0.0,0.0,0.0,0.030855931,0.025181403,0.0,0.0,0.025868231,0.0,0.0,0.0,0.0,0.0,0.0,0.031131772,0.0,0.0,0.0,0.0,0.0,0.0,0.0,0.0,0.0,0.0,0.0,0.022078965,0.021498961,0.0,0.0,0.0,0.0,0.0,0.0,0.0,0.0,0.0,0.0,0.0,0.02946607,0.0,0.0,0.0,0.0,0.019131273,0.0,0.0,0.0,0.0,0.0,0.0,0.0,0.0,0.025365131,0.024679556,0.0,0.0,0.0,0.0,0.020069892,0.0,0.0,0.0,0.0,0.0
k__Bacteria|p__Firmicutes|c__Clostridia|o__Clostridiales|f__Lachnospiraceae|g__[Ruminococcus]|s__unclassified,0.0,0.03881329,0.027949613,0.027949613,0.031057877,0.0,0.023669984,0.027202332,0.029679049,0.025347972,0.036154564,0.0,0.029283771,0.029756062,0.02655493,0.0,0.029431026,0.0,0.034965664,0.030458067,0.0,0.024830965,0.025128217,0.025759773,0.031936966,0.0,0.028886506,0.025066337,0.030952757,0.02801214,0.0,0.044313677,0.0,0.026579037,0.03107729,0.0,0.0,0.026614258,0.021884726,0.02543864,0.0,0.032620043,0.032620043,0.029680848,0.020966478,0.0,0.0,0.0,0.027814353,0.022963226,0.0,0.0,0.0,0.030351412,0.027525093,0.0,0.0,0.021137556,0.030673502,0.0202013,0.0,0.0,0.023459664,0.03092093,0.021118173,0.0,0.0,0.0,0.027886333,0.026897267,0.0,0.026892273,0.02797795,0.0,0.0,0.0,0.0,0.0,0.030882021,0.026477564,0.042143915,0.0,0.028586693,0.023668855,0.02488631,0.0,0.0,0.02549571,0.02426538,0.023802781,0.0,0.0,0.026843227,0.031752627,0.03009638,0.0,0.0,0.044378497,0.02330105,0.02319726,0.0,0.0,0.032542646,0.03311579,0.030975733,0.0,0.022067351,0.020982059,0.0,0.02493177,0.0,0.023499414,0.023556594,0.029509135,0.02437403,0.0,0.0,0.0,0.025805226,0.02960818,0.0,0.0,0.029256402,0.026346542,0.019261489,0.0,0.0,0.022256784,0.02643904,0.037137374,0.0,0.0,0.025472447,0.024045354,0.024661744,0.0,0.0,0.027634269,0.033795234,0.019344402,0.0,0.0,0.02666998,0.025583819,0.0
k__Bacteria|p__Firmicutes|c__Clostridia|o__Clostridiales|f__Lachnospiraceae|g__Roseburia|s__faecis,0.0,0.0,0.027862007,0.027862007,0.0,0.0,0.023518065,0.0,0.027132235,0.023632392,0.0,0.0,0.0,0.0,0.0,0.0,0.0,0.0,0.0,0.0,0.0,0.0,0.0,0.024668513,0.0,0.0,0.028852161,0.0,0.0,0.0,0.0,0.0,0.0,0.0,0.0,0.0,0.0,0.0,0.02172753,0.0,0.0,0.0,0.0,0.0,0.0,0.0,0.0,0.0,0.027266132,0.022955345,0.0,0.0,0.0,0.0,0.0,0.0,0.0,0.0,0.0,0.0,0.0,0.0,0.021340244,0.0,0.018947588,0.0,0.0,0.0,0.0,0.0,0.0,0.0,0.0,0.0,0.0,0.0,0.0,0.061706483,0.0,0.0,0.0,0.0,0.0,0.0,0.0,0.0,0.0,0.0,0.0,0.0,0.0,0.0,0.0,0.0,0.0,0.0,0.0,0.0,0.0,0.0,0.0,0.0,0.0,0.0,0.0,0.0,0.0,0.020801643,0.0,0.0,0.029941427,0.0,0.0,0.0,0.0,0.0,0.0,0.0,0.0,0.02947953,0.0,0.0,0.0,0.0,0.019119784,0.0,0.0,0.0,0.02653142,0.0,0.0,0.0,0.0,0.023495212,0.0,0.0,0.0,0.0,0.0,0.0,0.0,0.0,0.0,0.02544913,0.0
k__Bacteria|p__Firmicutes|c__Clostridia|o__Coriobacteriales|f__Coriobacteriaceae|g__Collinsella|s__unclassified,0.0,0.0,0.028278137,0.028278137,0.0,0.045352694,0.02418361,0.027244836,0.027090028,0.0,0.0,0.0,0.0,0.029643688,0.0,0.04611058,0.032061514,0.03915701,0.036582623,0.0,0.0,0.024052171,0.0,0.0,0.0,0.0,0.03366036,0.0,0.0,0.030516047,0.044197116,0.0,0.0,0.026474876,0.0,0.072203584,0.0,0.0,0.0,0.0,0.06378093,0.035547398,0.035547398,0.0,0.021221198,0.06818031,0.0,0.032201547,0.0,0.023574205,0.0,0.0,0.0631281,0.0,0.0,0.0,0.026546165,0.02208054,0.0,0.019517278,0.04261178,0.04261178,0.02249867,0.0,0.0,0.0,0.0,0.0,0.0,0.0,0.0,0.0,0.0,0.0234786,0.0,0.0,0.0,0.0,0.0,0.0,0.0,0.0,0.0,0.0,0.0,0.0,0.0,0.02605846,0.0,0.023554914,0.035483066,0.061829824,0.0,0.03446689,0.0,0.0,0.031100247,0.0,0.0268424,0.0,0.06135676,0.0,0.0,0.0,0.0,0.0,0.022177659,0.0,0.0,0.023857012,0.0,0.0,0.0,0.0,0.0,0.0,0.0,0.0,0.0,0.0,0.03973958,0.027396556,0.0,0.0,0.0,0.0,0.0,0.022721414,0.0,0.0,0.05547653,0.034265444,0.044997867,0.023512168,0.02482561,0.060970932,0.040963978,0.0,0.0,0.019429132,0.0,0.0,0.0,0.025517657,0.0
k__Bacteria|p__Firmicutes|c__Clostridia|o__Clostridiales|f__Ruminococcaceae|g__Oscillospira|s__unclassified,0.0,0.038698934,0.02878187,0.02878187,0.03156936,0.0,0.025022779,0.026097244,0.02736215,0.024510099,0.0,0.0,0.0311969,0.030430304,0.02621438,0.0,0.02959997,0.0,0.0,0.030743912,0.05667252,0.024811493,0.025296727,0.029058313,0.033877395,0.0,0.030042762,0.025120227,0.031316947,0.026627,0.0,0.047322147,0.058831118,0.026343472,0.031632394,0.0,0.0,0.026709178,0.021849085,0.025344603,0.0,0.03639737,0.03639737,0.030140754,0.023047604,0.0,0.0,0.0,0.027287832,0.022970123,0.0,0.0,0.0,0.030621368,0.027969223,0.04399099,0.02538767,0.021960502,0.031300068,0.020797215,0.0,0.0,0.021409223,0.031573597,0.02069328,0.0,0.0,0.0,0.028166842,0.027210416,0.0,0.026947582,0.028077953,0.024170201,0.026011663,0.0,0.0,0.0,0.031182207,0.026632903,0.043933187,0.03613265,0.028759515,0.024238816,0.025146391,0.0,0.0,0.026637055,0.025034262,0.03153765,0.0,0.0,0.027000755,0.03459181,0.0318468,0.0,0.030982565,0.0,0.022698857,0.023723017,0.0,0.0,0.03211076,0.032717504,0.031684708,0.0,0.022311185,0.023986088,0.024232622,0.024225814,0.030874372,0.02375149,0.024878597,0.029088117,0.024622986,0.0,0.0,0.0,0.025826605,0.03139623,0.0,0.0,0.029443605,0.027277574,0.023259878,0.0,0.0,0.023754334,0.026326865,0.03723948,0.0,0.0,0.024146438,0.02405289,0.027477758,0.0,0.0,0.027561842,0.033939935,0.01969391,0.06687971,0.06687971,0.02673393,0.026080027,0.0
k__Bacteria|p__Firmicutes|c__Clostridia|o__Clostridiales|f__Lachnospiraceae|g__[Ruminococcus]|s__gnavus,0.07123245,0.039658554,0.027949613,0.027949613,0.029323878,0.0,0.024118504,0.0,0.0,0.0,0.037834167,0.049509596,0.02903423,0.029892514,0.026503108,0.0,0.029618122,0.0,0.03503329,0.030309072,0.063832775,0.0,0.032538995,0.024819264,0.032416493,0.073388,0.02927574,0.032791376,0.02924321,0.02624742,0.0,0.05295997,0.058013845,0.0,0.02911761,0.0,0.033223137,0.030482091,0.02171839,0.025308777,0.0,0.03196219,0.03196219,0.0,0.020762341,0.0,0.0,0.032208145,0.027278125,0.02297111,0.07269918,0.05890132,0.0,0.03025015,0.0,0.04356035,0.02495784,0.02127029,0.030130718,0.019233275,0.037255965,0.037255965,0.022900669,0.029651042,0.02036061,0.07233844,0.05268822,0.047578823,0.030448794,0.030301593,0.072640225,0.03021399,0.03065428,0.02377521,0.026370611,0.06829814,0.061968,0.0,0.028963538,0.031081015,0.042345647,0.038269516,0.029407598,0.024530748,0.025001345,0.0,0.0,0.02575727,0.024097105,0.023598658,0.03686279,0.06184301,0.030144913,0.03186285,0.0,0.044111136,0.03151215,0.04694282,0.02329,0.023349896,0.0,0.044465713,0.032074455,0.03287069,0.029411282,0.06284587,0.02207461,0.021455888,0.026443865,0.024797563,0.030099697,0.025354594,0.02365784,0.028918566,0.024425795,0.0,0.0,0.053880572,0.031570487,0.029511593,0.031580362,0.026377063,0.030375844,0.026100786,0.01915425,0.0731981,0.040485386,0.02218327,0.026336763,0.03707858,0.0,0.030852992,0.024416069,0.023548907,0.0,0.0,0.040870987,0.032287832,0.0,0.019296743,0.06686377,0.06686377,0.030139681,0.02552947,0.048002586
k__Bacteria|p__Firmicutes|c__Erysipelotrichi|o__Erysipelotrichales|f__[Coprobacillaceae]|g__unclassified|s__unclassified,0.0,0.039539218,0.028562853,0.028562853,0.031343557,0.041950762,0.025225336,0.03350195,0.027164444,0.02546545,0.0,0.0,0.02971155,0.029691847,0.027941197,0.0,0.029683743,0.0,0.03500747,0.030574363,0.0,0.024422098,0.025521357,0.025951028,0.033837434,0.0,0.029458908,0.02531339,0.031067433,0.03119863,0.0,0.044966135,0.057898015,0.029348945,0.031407155,0.06815395,0.0,0.026770778,0.022354493,0.025613284,0.0628561,0.032076683,0.032076683,0.029655496,0.020818343,0.0,0.0,0.03134033,0.027519684,0.0,0.0,0.058399327,0.0,0.030487202,0.0,0.042263765,0.024962958,0.021212582,0.031182658,0.019943014,0.0,0.0,0.021383058,0.03139493,0.022550957,0.0,0.07515018,0.0,0.028204123,0.027247876,0.0,0.026988784,0.02811872,0.024368433,0.027135367,0.0,0.0,0.061721478,0.030940246,0.026684845,0.042661402,0.0,0.032744396,0.025042785,0.02505803,0.0,0.0,0.025609316,0.0,0.0,0.0,0.0,0.027034326,0.032047477,0.030987913,0.0,0.0,0.045106106,0.024870072,0.024904564,0.0,0.0,0.032103118,0.032962598,0.031540267,0.0,0.022129763,0.024915017,0.025468316,0.024712455,0.03513092,0.029430032,0.024117667,0.02969964,0.025493097,0.0,0.05910496,0.0,0.025967853,0.03012516,0.031347796,0.026508301,0.029288884,0.0,0.019104464,0.0,0.0,0.0,0.026293874,0.037191518,0.058244847,0.031512704,0.028962014,0.0237505,0.0246564,0.058769405,0.04567587,0.027589262,0.0,0.0,0.06681595,0.06681595,0.026764821,0.027442245,0.0
k__Bacteria|p__Firmicutes|c__Clostridia|o__Clostridiales|f__unclassified|g__unclassified|s__unclassified,0.0,0.038793404,0.028102923,0.028102923,0.03230322,0.0,0.023655515,0.027593972,0.027742006,0.024018582,0.0,0.04135657,0.029402599,0.029659739,0.025498113,0.0,0.0354278,0.039031506,0.03548948,0.031874776,0.0,0.028160295,0.025695838,0.025084766,0.031752445,0.0,0.02906395,0.02597922,0.032180127,0.03097221,0.0,0.0443934,0.0,0.033776626,0.032149035,0.0,0.034895338,0.0277432,0.022287773,0.025467748,0.0,0.032149453,0.032149453,0.029898128,0.027554901,0.0,0.0,0.03142942,0.027278125,0.02325689,0.0,0.0,0.0,0.03150484,0.0,0.0,0.025031526,0.021843929,0.031671017,0.02104018,0.0,0.0,0.023678504,0.03195977,0.023186652,0.0,0.052792754,0.0394796,0.028648395,0.027724808,0.0,0.028320504,0.029229635,0.0,0.0,0.0,0.0,0.061706483,0.032088798,0.027579714,0.042117607,0.035805225,0.031787224,0.02761688,0.032643747,0.0,0.0,0.028581573,0.024621092,0.024830697,0.03429183,0.0,0.027907854,0.03235243,0.029780746,0.0,0.0,0.044154316,0.030510817,0.02352515,0.0,0.044273242,0.032527357,0.032752518,0.03182477,0.0,0.023277802,0.021064464,0.02695332,0.024377478,0.0,0.025225451,0.024600169,0.02909002,0.024985326,0.0,0.04299988,0.04620042,0.026719496,0.029639056,0.0,0.026228221,0.03072591,0.026304007,0.021865804,0.0,0.040205743,0.022615548,0.02653802,0.036911495,0.0,0.032600448,0.0,0.026868606,0.030051533,0.057696655,0.0,0.028767614,0.0,0.019423837,0.0,0.0,0.027744405,0.026806625,0.0
k__Bacteria|p__Firmicutes|c__Clostridia|o__Clostridiales|f__Lachnospiraceae|g__Coprococcus|s__unclassified,0.0,0.03855474,0.028015317,0.028015317,0.030645333,0.0,0.0,0.0,0.0,0.0,0.0357249,0.0,0.02901047,0.029699875,0.025984878,0.0,0.029507818,0.0,0.0,0.029934913,0.056129333,0.02824791,0.025210502,0.024776513,0.032150876,0.0,0.029934006,0.024971886,0.03041853,0.02802213,0.0,0.045016576,0.057898015,0.026419189,0.030782063,0.0,0.032968156,0.026322382,0.021951444,0.02541849,0.0,0.032958675,0.032958675,0.029822078,0.021504825,0.0,0.0,0.0,0.028893087,0.023344595,0.0,0.058231995,0.0,0.02991013,0.027623788,0.04206547,0.025056086,0.02170658,0.030653205,0.019246407,0.0,0.0,0.022072881,0.030810995,0.020146515,0.0,0.05096562,0.0,0.0277733,0.026782533,0.0,0.026581427,0.02770347,0.023534397,0.026271269,0.0,0.0,0.0,0.030271709,0.026188094,0.0,0.03588154,0.028380636,0.023715192,0.024871305,0.0,0.0,0.02651024,0.024023227,0.02372988,0.034254137,0.0,0.026517663,0.032267004,0.030256798,0.0,0.030909011,0.058254167,0.023176745,0.022976778,0.0,0.0,0.031940684,0.033038467,0.030974405,0.061459165,0.022097833,0.021128766,0.024135066,0.023759903,0.029849801,0.023752728,0.023725338,0.029366255,0.024667354,0.0,0.0,0.0,0.025632415,0.029740792,0.0,0.026257027,0.028667225,0.02625911,0.019881928,0.0,0.0,0.022660395,0.026340064,0.037386455,0.0,0.0,0.02446296,0.023714704,0.025580822,0.0,0.0,0.0,0.0,0.019821003,0.0,0.0,0.026276914,0.025670065,0.0
k__Bacteria|p__Firmicutes|c__Clostridia|o__Clostridiales|f__Lachnospiraceae|g__Blautia|s__unclassified,0.07432405,0.04474503,0.03679783,0.03679783,0.035108823,0.042222597,0.026686646,0.05132759,0.03133953,0.03343908,0.037896667,0.054360483,0.029818494,0.030823613,0.02812813,0.045101263,0.030959893,0.039058402,0.035143957,0.035992716,0.06104275,0.025765514,0.037915956,0.0322781,0.05533846,0.076630145,0.03358022,0.037775267,0.034826837,0.036312997,0.0,0.053864624,0.058432132,0.03278108,0.0350185,0.0,0.038138937,0.036064435,0.025338497,0.027126849,0.0,0.045233775,0.045233775,0.033048682,0.024299532,0.0,0.0,0.033227745,0.03490466,0.029281924,0.07644809,0.058432795,0.0,0.036178753,0.033956766,0.043804042,0.02688082,0.023270523,0.035844773,0.022649541,0.03741833,0.03741833,0.029199468,0.03539363,0.023341456,0.076063804,0.056799278,0.05270889,0.035971284,0.03576527,0.07633825,0.035764053,0.03621403,0.046122424,0.029278748,0.07271389,0.06714393,0.06351475,0.03504274,0.036248207,0.043617435,0.042764813,0.052482676,0.031849883,0.042356804,0.0,0.0,0.031063735,0.026156116,0.025132023,0.037616737,0.062225044,0.03578972,0.033487737,0.03208814,0.044120807,0.031085538,0.056553792,0.026585499,0.029335365,0.0,0.044908397,0.043903455,0.03944897,0.035315927,0.07140298,0.02478433,0.026868388,0.027657881,0.025968336,0.032432053,0.030735115,0.02972049,0.038699135,0.035446357,0.0,0.0,0.058875564,0.03672368,0.03809319,0.033256784,0.02843205,0.0359322,0.027350826,0.022041976,0.0772544,0.04050856,0.024747554,0.029480997,0.04585682,0.0,0.04308519,0.026141966,0.02812715,0.026706515,0.0,0.043703407,0.037931856,0.034215327,0.022537615,0.07760797,0.07760797,0.035790548,0.031069307,0.048042353
k__Bacteria|p__Firmicutes|c__Clostridia|o__Clostridiales|f__Lachnospiraceae|g__unclassified|s__unclassified,0.070068404,0.046589687,0.039469812,0.039469812,0.0383117,0.0,0.02429936,0.027557539,0.037373915,0.027338343,0.035928015,0.05452058,0.047179256,0.035735957,0.028135533,0.04506979,0.03214249,0.0,0.035780903,0.040012293,0.058944054,0.025200889,0.037262842,0.031225089,0.039248537,0.07379934,0.03452469,0.038555898,0.038901873,0.03186789,0.0,0.04908427,0.062486324,0.039507136,0.037854005,0.06734779,0.033291332,0.039140355,0.028984196,0.029836044,0.0,0.03638379,0.03638379,0.031589285,0.022406284,0.0,0.0,0.031211643,0.03163133,0.026708918,0.07381867,0.05809813,0.0,0.04008863,0.028166616,0.045230158,0.029025879,0.024343932,0.037358195,0.025812998,0.0,0.0,0.026188033,0.03721998,0.026012693,0.07326355,0.05253141,0.053184442,0.037585795,0.03673195,0.07283395,0.040093597,0.03953921,0.029501876,0.028496183,0.06984646,0.069148414,0.06370967,0.040133726,0.038069226,0.044661175,0.038510777,0.03494123,0.04027651,0.0459496,0.0,0.0,0.02937946,0.027604947,0.025664203,0.0,0.0,0.038717538,0.03865447,0.0365884,0.0,0.033292145,0.045718342,0.03174283,0.03584942,0.0,0.0,0.0393018,0.035139315,0.03699185,0.06382806,0.024234261,0.025747806,0.04184669,0.03535636,0.0412367,0.033361424,0.0402886,0.033199236,0.029693285,0.0,0.0,0.060081746,0.038714666,0.034730855,0.03186138,0.028438453,0.04011119,0.028298398,0.030306846,0.07513163,0.0,0.023346312,0.03196207,0.038594738,0.058510732,0.030774454,0.026393361,0.031443078,0.02726402,0.05764862,0.0,0.04251511,0.03467276,0.023596723,0.06702317,0.06702317,0.03920644,0.034903128,0.048089348
k__Bacteria|p__Firmicutes|c__Clostridia|o__Clostridiales|f__Peptostreptococcaceae|g__unclassified|s__unclassified,0.0,0.0,0.0,0.0,0.0,0.0,0.0,0.026652824,0.0,0.0,0.0,0.0,0.028891638,0.029675795,0.0,0.0,0.03266608,0.0,0.0,0.0,0.0,0.0,0.0,0.024643762,0.0,0.0,0.0,0.0,0.0,0.026190812,0.0,0.04482946,0.0,0.0,0.0,0.0,0.032962225,0.0,0.02168366,0.025241608,0.0,0.0,0.0,0.029633768,0.0,0.0,0.0,0.0,0.0,0.023181012,0.0,0.05841606,0.0,0.0,0.0,0.043549,0.0,0.021126015,0.0,0.018966233,0.0,0.0,0.024132837,0.0,0.019270377,0.0,0.0,0.0,0.0,0.0,0.0,0.0,0.0,0.0,0.0,0.0,0.0,0.0,0.0,0.0,0.0,0.0,0.028280929,0.024139188,0.02597832,0.0,0.0,0.025577612,0.024097105,0.023576787,0.0,0.0,0.0,0.0,0.0,0.0,0.0,0.044099253,0.022342512,0.022886327,0.0,0.0,0.03183176,0.0,0.0,0.0,0.022314087,0.021156233,0.02443857,0.023537314,0.02964572,0.023762664,0.023976872,0.0,0.024203954,0.0,0.0,0.0,0.0,0.0,0.0,0.0,0.0,0.0,0.0,0.0,0.0415638,0.022003885,0.0,0.0,0.0,0.03138312,0.024687003,0.023585647,0.0,0.0,0.0,0.0,0.0,0.0,0.0,0.0,0.0,0.02564998,0.050388638
k__Bacteria|p__Firmicutes|c__Clostridia|o__Clostridiales|f__Lachnospiraceae|g__Dorea|s__unclassified,0.0,0.0,0.027971514,0.027971514,0.029632337,0.0,0.023908712,0.024847947,0.027031163,0.023656698,0.0,0.0,0.0,0.0,0.0,0.04506979,0.030013252,0.03923769,0.035362832,0.029739395,0.05607172,0.0,0.02456859,0.024697762,0.03180886,0.0,0.0,0.024973145,0.029976152,0.02662034,0.0,0.051715255,0.05868311,0.0,0.029460385,0.0,0.0,0.026369283,0.0,0.025243849,0.0,0.0,0.0,0.02969533,0.020713564,0.0,0.0,0.0,0.0,0.02287158,0.0,0.0,0.0,0.029540386,0.0,0.0,0.0,0.0,0.028919956,0.018950364,0.03744494,0.03744494,0.021594765,0.029117133,0.019280257,0.0,0.0,0.0,0.027045082,0.026057428,0.0,0.026775753,0.027524637,0.023449231,0.02601916,0.0,0.0,0.0,0.029992115,0.02615538,0.0,0.0,0.02940095,0.02355301,0.024864636,0.0,0.0,0.02549439,0.0,0.0,0.0,0.0,0.026457475,0.0,0.029802512,0.0,0.0,0.04451091,0.022439193,0.02285382,0.0,0.0,0.0,0.0,0.02894542,0.0,0.02210509,0.020984557,0.0,0.0,0.0,0.023567708,0.023521263,0.028891895,0.024411006,0.0,0.0,0.0,0.025707165,0.0,0.0,0.026335452,0.02888005,0.0,0.019100634,0.0,0.0,0.021904636,0.0,0.036981117,0.0,0.0,0.024171187,0.0,0.024633244,0.0,0.040279586,0.027898546,0.0,0.019471498,0.0,0.0,0.026499951,0.0,0.0
k__Bacteria|p__Firmicutes|c__Clostridia|o__Clostridiales|f__Veillonellaceae|g__unclassified|s__unclassified,0.0,0.04464559,0.028387642,0.028387642,0.030554885,0.0,0.0,0.0,0.0,0.0,0.0,0.0,0.0,0.0,0.0,0.0,0.0,0.0,0.0353284,0.03044333,0.0,0.024276074,0.025130613,0.025640523,0.03299709,0.0,0.02957339,0.025431018,0.03073572,0.0,0.0,0.0,0.0,0.026165595,0.030411938,0.06652513,0.0,0.02694435,0.022039182,0.0,0.0,0.0,0.0,0.0,0.0,0.0,0.0,0.032422625,0.04001224,0.0,0.0,0.0,0.0,0.030289315,0.0,0.0,0.024840148,0.025131095,0.02984747,0.0,0.037933096,0.037933096,0.023671368,0.03006067,0.02238627,0.0,0.0,0.039220303,0.027696718,0.02663898,0.0,0.027462756,0.028311908,0.0,0.0,0.0,0.0,0.0,0.030828346,0.026666498,0.0,0.0,0.02811143,0.024676714,0.029862875,0.0,0.0,0.05456436,0.026454363,0.0418338,0.03475174,0.0,0.027018648,0.0,0.030070825,0.04431421,0.030776612,0.0,0.0,0.0,0.0,0.044744793,0.031833667,0.0,0.029970795,0.0,0.0,0.021694986,0.02422178,0.02462189,0.032248795,0.02358882,0.03163837,0.02889761,0.024509601,0.0,0.0,0.045856614,0.026238231,0.030017883,0.03397386,0.026607526,0.029531118,0.0,0.020873867,0.0,0.0,0.025767239,0.026567718,0.040378544,0.0,0.0,0.0,0.0,0.024617216,0.0,0.0,0.028439956,0.033893254,0.019153764,0.0,0.0,0.027023327,0.025985511,0.0
k__Bacteria|p__Bacteroidetes|c__Bacteroidia|o__Bacteroidales|f__Bacteroidaceae|g__Bacteroides|s__caccae,0.0,0.0,0.0,0.0,0.0,0.0,0.0,0.0,0.0,0.0,0.0,0.0,0.0,0.0,0.0,0.0,0.0,0.0,0.0,0.0,0.0,0.0,0.0,0.0,0.0,0.0,0.0,0.0,0.0,0.0,0.0,0.0,0.0,0.0,0.0,0.0,0.0,0.0,0.0,0.0,0.0,0.0,0.0,0.0,0.0,0.0,0.0,0.0,0.0,0.0,0.0,0.0,0.0,0.0,0.0,0.0,0.0,0.0,0.0,0.0,0.0,0.0,0.0,0.0,0.0,0.0,0.0,0.0,0.0,0.0,0.0,0.0,0.0,0.0,0.0,0.0,0.0,0.0,0.0,0.0,0.0,0.0,0.0,0.0,0.0,0.0,0.0,0.0,0.0,0.0,0.0,0.0,0.0,0.0,0.0,0.0,0.0,0.0,0.0,0.0,0.0,0.0,0.0,0.0,0.0,0.0,0.0,0.0,0.0,0.0,0.0,0.0,0.0,0.0,0.0,0.0,0.0,0.0,0.0,0.0,0.0,0.0,0.0,0.0,0.0,0.0,0.0,0.0,0.0,0.0,0.0,0.0,0.0,0.0,0.0,0.0,0.0,0.0,0.0,0.0,0.0,0.0,0.0,0.0,0.0
k__Bacteria|p__Bacteroidetes|c__Bacteroidia|o__Bacteroidales|f__Porphyromonadaceae|g__Dysgonomonas|s__unclassified,0.0,0.0,0.0,0.0,0.0,0.0,0.0,0.0,0.0,0.0,0.0,0.0,0.0,0.0,0.0,0.0,0.0,0.0,0.0,0.0,0.0,0.0,0.0,0.0,0.0,0.0,0.0,0.0,0.0,0.0,0.0,0.0,0.0,0.0,0.0,0.0,0.0,0.0,0.0,0.0,0.0,0.0,0.0,0.0,0.0,0.0,0.0,0.0,0.0,0.0,0.0,0.0,0.0,0.0,0.0,0.0,0.0,0.0,0.0,0.0,0.0,0.0,0.0,0.0,0.0,0.0,0.0,0.0,0.0,0.0,0.0,0.0,0.0,0.0,0.0,0.0,0.0,0.0,0.0,0.0,0.0,0.0,0.0,0.0,0.0,0.0,0.0,0.0,0.0,0.0,0.0,0.0,0.0,0.0,0.0,0.0,0.0,0.0,0.0,0.0,0.0,0.0,0.0,0.0,0.0,0.0,0.0,0.0,0.0,0.0,0.0,0.0,0.0,0.0,0.0,0.0,0.0,0.0,0.0,0.0,0.0,0.0,0.0,0.0,0.0,0.0,0.0,0.0,0.0,0.0,0.0,0.0,0.0,0.0,0.0,0.0,0.0,0.0,0.0,0.0,0.0,0.0,0.0,0.0,0.0
k__Bacteria|p__Bacteroidetes|c__Bacteroidia|o__Bacteroidales|f__Prevotellaceae|g__Prevotella|s__stercorea,0.0,0.0,0.0,0.0,0.0,0.0,0.0,0.0,0.0,0.0,0.0,0.0,0.0,0.0,0.0,0.0,0.0,0.0,0.0,0.0,0.0,0.0,0.0,0.0,0.0,0.0,0.0,0.0,0.0,0.0,0.0,0.0,0.0,0.0,0.0,0.0,0.0,0.0,0.0,0.0,0.0,0.0,0.0,0.0,0.0,0.0,0.0,0.0,0.0,0.0,0.0,0.0,0.0,0.0,0.0,0.0,0.0,0.0,0.0,0.0,0.0,0.0,0.025493452,0.0,0.01898382,0.0,0.0,0.0,0.0,0.0,0.0,0.0,0.0,0.0,0.0,0.0,0.0,0.0,0.0,0.0,0.0,0.0,0.0,0.0,0.0,0.0,0.0,0.0,0.0,0.0,0.0,0.0,0.0,0.0,0.0,0.0,0.0,0.0,0.0,0.0,0.0,0.0,0.0,0.0,0.0,0.0,0.0,0.0,0.0,0.0,0.0,0.0,0.0,0.0,0.0,0.0,0.0,0.0,0.0,0.0,0.0,0.0,0.0,0.0,0.0,0.0,0.0,0.0,0.0,0.0,0.0,0.0,0.0,0.0,0.0,0.0,0.0,0.0,0.0,0.0,0.0,0.0,0.0,0.0,0.0
k__Bacteria|p__Bacteroidetes|c__Bacteroidia|o__Bacteroidales|f__[Paraprevotellaceae]|g__[Prevotella]|s__unclassified,0.0,0.0,0.0,0.0,0.0,0.0,0.0,0.0,0.0,0.0,0.0,0.0,0.0,0.0,0.0,0.0,0.0,0.0,0.0,0.0,0.0,0.0,0.0,0.0,0.0,0.0,0.0,0.0,0.0,0.0,0.0,0.0,0.0,0.0,0.0,0.0,0.0,0.0,0.03403827,0.03547833,0.0,0.0,0.0,0.0,0.020747889,0.0,0.0,0.0,0.0,0.0,0.0,0.0,0.0,0.0,0.0,0.0,0.0,0.02117449,0.0,0.0,0.0,0.0,0.0,0.0,0.0,0.0,0.0,0.0,0.0,0.0,0.0,0.0,0.0,0.0,0.0,0.0,0.0,0.0,0.0,0.0,0.0,0.0,0.0,0.0,0.0,0.0,0.0,0.0,0.035716493,0.023749322,0.0,0.0,0.0,0.0,0.0,0.0,0.0,0.0,0.0,0.0,0.0,0.0,0.0,0.0,0.0,0.0,0.0,0.0,0.0,0.039498262,0.0,0.0,0.0,0.0,0.0,0.0,0.0,0.0,0.0,0.0,0.0,0.0,0.0,0.0,0.0,0.0,0.0,0.0,0.0,0.0,0.0,0.0,0.0,0.0,0.0,0.0,0.0,0.0,0.0,0.0,0.0,0.0,0.0,0.0,0.0
k__Bacteria|p__Bacteroidetes|c__Bacteroidia|o__Bacteroidales|f__[Odoribacteraceae]|g__Butyricimonas|s__unclassified,0.0,0.0,0.02865046,0.02865046,0.0,0.0,0.0,0.0,0.0,0.0,0.0,0.0,0.0,0.0,0.025844214,0.0,0.0,0.0,0.0,0.0,0.0,0.0,0.0,0.0,0.0,0.0,0.0,0.0,0.0,0.0,0.0,0.0,0.0,0.0,0.0,0.0,0.0,0.0,0.0,0.0,0.0,0.0,0.0,0.02964101,0.021548182,0.0,0.0,0.0,0.0,0.0,0.0,0.0,0.0,0.0,0.027557991,0.0,0.0,0.0,0.0,0.01971756,0.0,0.0,0.0,0.0,0.018967351,0.0,0.0,0.0,0.0,0.0,0.0,0.0,0.0,0.0,0.0,0.0,0.0,0.0,0.0,0.0,0.0,0.0,0.0,0.0,0.0,0.0,0.0,0.0,0.02415867,0.0,0.0,0.0,0.0,0.0,0.0,0.0,0.0,0.0,0.0,0.0,0.0,0.0,0.0,0.0,0.0,0.0,0.0,0.0,0.0,0.0,0.0,0.0,0.0,0.02903668,0.025271256,0.0,0.0,0.0,0.0,0.0,0.0,0.0,0.0,0.026632467,0.0,0.0,0.0,0.0,0.0,0.0,0.0,0.0,0.0,0.023617676,0.025021536,0.0,0.0,0.0,0.033860583,0.019243788,0.0,0.0,0.0,0.0,0.0
k__Bacteria|p__Bacteroidetes|c__Bacteroidia|o__Bacteroidales|f__Bacteroidaceae|g__Bacteroides|s__plebeius,0.0,0.0,0.04731056,0.04731056,0.0,0.0,0.0,0.0,0.0,0.0,0.0,0.0,0.0,0.0,0.0,0.0,0.0,0.0,0.0,0.0,0.0,0.0,0.0,0.0,0.0,0.0,0.0,0.0,0.0,0.0,0.0,0.0,0.0,0.0,0.0,0.0,0.0,0.0,0.0,0.025604326,0.0,0.0,0.0,0.0,0.0,0.07040543,0.0,0.0,0.0,0.042423863,0.0,0.0,0.0,0.0,0.0,0.0,0.0,0.0,0.0,0.0,0.0,0.0,0.0,0.0,0.019066162,0.0,0.0,0.0,0.0,0.0,0.0,0.0,0.0,0.0,0.0,0.0,0.0,0.0,0.0,0.0,0.0,0.0,0.0,0.0,0.0,0.0,0.0,0.03058421,0.02500553,0.0,0.0,0.0,0.0,0.0,0.0,0.0,0.0,0.0,0.0,0.0,0.0,0.0,0.0,0.0,0.0,0.0,0.0,0.0,0.0,0.0,0.0,0.0,0.0,0.0,0.0,0.0,0.0,0.0,0.0,0.0,0.0,0.0,0.0,0.0,0.0,0.0,0.0,0.0,0.0,0.0,0.0,0.0,0.02441737,0.0,0.0,0.0,0.0,0.0,0.0,0.0,0.0,0.0,0.0,0.0,0.0
k__Bacteria|p__Bacteroidetes|c__Bacteroidia|o__Bacteroidales|f__S24-7|g__unclassified|s__unclassified,0.0,0.0,0.0,0.0,0.0,0.0,0.0,0.0,0.0,0.0,0.0,0.0,0.0,0.0,0.0,0.0,0.0,0.0,0.0,0.0,0.0,0.025200889,0.0,0.0,0.0,0.0,0.0,0.0,0.0,0.0,0.0,0.0,0.0,0.0,0.0,0.0,0.0,0.0,0.022412071,0.025687171,0.0,0.0,0.0,0.031828295,0.025343707,0.0,0.0,0.0,0.0,0.0,0.0,0.0,0.0,0.0,0.0,0.0,0.0,0.0,0.0,0.0,0.0,0.0,0.0,0.0,0.0,0.0,0.0,0.0,0.0,0.0,0.0,0.0,0.0,0.0,0.0,0.0,0.0,0.0,0.0,0.0,0.0,0.0,0.0,0.0,0.0,0.0,0.0,0.0,0.025363978,0.027921727,0.0,0.0,0.0,0.0,0.0,0.0,0.0,0.0,0.0,0.0,0.0,0.0,0.0,0.0,0.0,0.0,0.0,0.0,0.0,0.024424396,0.0,0.0,0.0,0.0,0.0,0.0,0.0,0.0,0.0,0.0,0.0,0.0,0.0,0.0,0.0,0.0,0.0,0.0,0.0,0.0,0.0,0.0,0.0,0.0,0.0,0.0,0.0,0.0,0.0,0.0,0.0,0.0,0.0,0.0,0.0
k__Bacteria|p__Bacteroidetes|c__Bacteroidia|o__Bacteroidales|f__Bacteroidaceae|g__Bacteroides|s__ovatus,0.0,0.0,0.0,0.0,0.0,0.0,0.023568707,0.0,0.02704338,0.023572303,0.0,0.0,0.028760927,0.0,0.0,0.0,0.0,0.0,0.0,0.0,0.0,0.0,0.0,0.0,0.0,0.0,0.0,0.0,0.0,0.0,0.0,0.0,0.0,0.0,0.0,0.0,0.0,0.0,0.0,0.0,0.0,0.0,0.0,0.0,0.0,0.0,0.0,0.0,0.0,0.0,0.0,0.0,0.0,0.0,0.0,0.0,0.0,0.0,0.0,0.0,0.037239995,0.037239995,0.0,0.0,0.0,0.0,0.0,0.0,0.0,0.0,0.0,0.0,0.0,0.0,0.0,0.0,0.0,0.0,0.0,0.0,0.0,0.0,0.0,0.0,0.0,0.0,0.0,0.0,0.0,0.0,0.0,0.0,0.0,0.0,0.0,0.044120807,0.0,0.0,0.0,0.0,0.0,0.0,0.0,0.0,0.0,0.0,0.0,0.0,0.0,0.0,0.0,0.0,0.023524955,0.0,0.0,0.0,0.0,0.0,0.0,0.029493386,0.0,0.0,0.0,0.0,0.0,0.0,0.0,0.022119308,0.026534721,0.0,0.0,0.0,0.0,0.0,0.0,0.0,0.0,0.0,0.0,0.0,0.0,0.0,0.0,0.025491664,0.0
k__Bacteria|p__Bacteroidetes|c__Bacteroidia|o__Bacteroidales|f__[Paraprevotellaceae]|g__Paraprevotella|s__unclassified,0.0,0.0,0.0,0.0,0.0,0.0,0.0,0.0,0.0,0.0,0.0,0.0,0.0,0.0,0.0,0.0,0.0,0.0,0.0,0.0,0.0,0.02436369,0.0,0.0,0.0,0.0,0.0,0.0,0.0,0.0,0.0,0.0,0.0,0.0,0.0,0.0,0.0,0.0,0.022237508,0.02525952,0.0,0.0,0.0,0.0,0.021979945,0.0,0.0,0.0,0.0,0.023481572,0.0,0.0,0.0,0.0,0.028429806,0.0,0.0,0.0,0.0,0.020447545,0.0,0.0,0.0,0.0,0.019056283,0.0,0.0,0.0,0.0,0.0,0.0,0.0,0.0,0.0,0.036672324,0.0,0.0,0.0,0.0,0.0,0.0,0.0,0.0,0.0,0.0,0.0,0.0,0.0,0.024177823,0.023457713,0.0,0.0,0.0,0.0,0.0,0.0,0.0,0.0,0.0,0.023030484,0.0,0.0,0.0,0.0,0.0,0.0,0.0,0.0,0.0,0.0,0.0,0.0,0.0,0.0,0.0,0.0,0.0,0.0,0.0,0.0,0.0,0.0,0.0,0.027497333,0.020215128,0.0,0.0,0.0,0.0,0.0,0.0,0.0,0.0,0.0,0.0,0.0,0.0,0.0,0.03417799,0.02281828,0.0,0.0,0.0,0.0,0.0
k__Bacteria|p__Bacteroidetes|c__Bacteroidia|o__Bacteroidales|f__[Barnesiellaceae]|g__unclassified|s__unclassified,0.0,0.0,0.0,0.0,0.0,0.0,0.0,0.0,0.0,0.0,0.0,0.0,0.0,0.0,0.0,0.0,0.0,0.0,0.0,0.0,0.0,0.0,0.0,0.0,0.0,0.0,0.0,0.0,0.0,0.0,0.0,0.0,0.0,0.027818967,0.0,0.0,0.0,0.0,0.022049237,0.025548352,0.0,0.0,0.0,0.0,0.021049578,0.0,0.0,0.0,0.0,0.023018412,0.0,0.0,0.0,0.0,0.028824585,0.04214559,0.025392788,0.02231369,0.0,0.020659318,0.0,0.0,0.0,0.0,0.0,0.0,0.0,0.0,0.0,0.0,0.0,0.0,0.0,0.025450626,0.027300313,0.0,0.0,0.0,0.0,0.0,0.0,0.0,0.0,0.0,0.0,0.0,0.0,0.0,0.025389971,0.023533044,0.03429183,0.06675257,0.0,0.0,0.0,0.0,0.0,0.0,0.02229279,0.023454485,0.0,0.0,0.0,0.0,0.0,0.0,0.0,0.020982683,0.0,0.024731003,0.0,0.0,0.0,0.0,0.024886731,0.0,0.0,0.0,0.0,0.0,0.0,0.0,0.0,0.02688531,0.020253427,0.0,0.0,0.0,0.0,0.0,0.0,0.0,0.024116479,0.026001941,0.030299114,0.0,0.0,0.0,0.0,0.0,0.0,0.0,0.0,0.0,0.0
k__Bacteria|p__Bacteroidetes|c__Bacteroidia|o__Bacteroidales|f__Bacteroidaceae|g__Bacteroides|s__uniformis,0.0,0.0,0.028212432,0.028212432,0.02860519,0.0,0.024892565,0.0,0.027168887,0.023814684,0.0,0.0,0.0,0.0,0.02643833,0.0,0.0,0.0,0.0,0.029307004,0.0,0.0,0.024216019,0.0,0.0,0.0,0.04061507,0.024951376,0.029442608,0.0,0.0,0.0,0.0,0.0,0.02835429,0.06707671,0.034216378,0.026304096,0.021685489,0.0,0.06290609,0.04596731,0.04596731,0.042007845,0.022462286,0.0,0.0,0.0,0.03263012,0.025505684,0.0,0.0,0.0,0.029061869,0.027640238,0.043992326,0.025457261,0.0,0.027661495,0.019577472,0.0,0.0,0.0,0.027810894,0.01905299,0.0,0.0,0.0,0.02654136,0.025538875,0.0,0.026839228,0.027091183,0.023742905,0.026301257,0.0,0.0,0.061688494,0.029615909,0.025926419,0.0,0.0,0.0,0.0,0.0,0.0,0.0,0.0,0.0,0.0,0.03889091,0.06240928,0.02634618,0.034225315,0.030425735,0.044101465,0.032056443,0.0,0.022748578,0.023723017,0.05940651,0.04422512,0.0,0.0,0.027599825,0.0,0.02219072,0.0,0.02442773,0.025091073,0.0,0.0,0.023848206,0.0,0.0,0.0,0.0,0.0,0.025714854,0.0,0.030853588,0.02622182,0.02862263,0.0,0.0,0.0,0.0,0.024755644,0.03219302,0.0478665,0.056016117,0.03242374,0.0,0.025484769,0.027201677,0.0,0.0,0.028265893,0.0,0.018941943,0.0,0.0,0.026523428,0.0,0.0
k__Bacteria|p__Bacteroidetes|c__Bacteroidia|o__Bacteroidales|f__Bacteroidaceae|g__unclassified|s__unclassified,0.0,0.0,0.0,0.0,0.02949626,0.042098675,0.024306593,0.02511511,0.027973028,0.024676189,0.0,0.0,0.028760927,0.0,0.025555488,0.0,0.029433817,0.0,0.0,0.02937422,0.0,0.0,0.024729531,0.0,0.0,0.0,0.0,0.024811668,0.029767413,0.0,0.0,0.0,0.0,0.0,0.029488552,0.06632477,0.0,0.026122153,0.0,0.0,0.061656315,0.0,0.0,0.032125242,0.020711755,0.0,0.0,0.0,0.027316956,0.022972096,0.0,0.058014464,0.0,0.02936451,0.028035022,0.04210019,0.025171733,0.021189496,0.02904975,0.019079506,0.0,0.0,0.0,0.029208206,0.0,0.0,0.0,0.0,0.027126368,0.026072191,0.0,0.026420262,0.0272473,0.023449231,0.026016349,0.0,0.0,0.0,0.029832747,0.025871826,0.0,0.0,0.0,0.0,0.0,0.0,0.0,0.0,0.0,0.0,0.038830593,0.062423598,0.02625506,0.036313135,0.03249794,0.0,0.030835455,0.0,0.0,0.02305451,0.057894517,0.0,0.0,0.03303263,0.029236633,0.0,0.0,0.021426545,0.025457477,0.024415668,0.0,0.0,0.030783579,0.0,0.0,0.0,0.0,0.0,0.025554009,0.029512385,0.03152222,0.029342711,0.028393835,0.026190583,0.019016376,0.0,0.04020883,0.021998739,0.026666693,0.0370167,0.05456158,0.030790161,0.0,0.023495212,0.02470627,0.0,0.0,0.027525384,0.034126643,0.019339107,0.0,0.0,0.02622516,0.02777069,0.0
k__Bacteria|p__Bacteroidetes|c__Bacteroidia|o__Bacteroidales|f__Prevotellaceae|g__Prevotella|s__copri,0.0,0.0,0.0,0.0,0.0,0.0,0.0,0.0,0.0,0.0,0.0,0.0,0.0,0.0,0.0,0.0,0.0,0.0,0.035471037,0.0,0.0,0.0,0.0,0.0,0.0,0.0,0.0,0.0,0.0,0.0,0.0,0.0,0.0,0.0,0.0,0.0,0.0,0.0,0.056480017,0.0698045,0.0,0.0,0.0,0.0,0.037819616,0.0,0.0,0.0,0.0,0.0,0.0,0.0,0.0,0.0,0.053185984,0.0,0.024841173,0.039503224,0.0,0.031332213,0.0,0.0,0.021861177,0.0,0.02223805,0.0,0.0,0.0,0.0,0.0,0.0,0.0,0.0,0.04925153,0.06352314,0.0,0.0,0.0,0.0,0.0,0.0,0.0,0.0,0.0,0.0,0.0,0.0,0.025804825,0.04355715,0.03290091,0.0,0.0,0.0,0.0,0.0,0.0,0.0,0.0,0.0,0.027758084,0.057971213,0.0,0.0,0.04814123,0.0,0.0,0.0,0.0,0.0,0.0,0.0,0.0,0.0,0.0,0.0,0.0,0.0,0.0,0.0,0.0,0.0,0.0,0.0,0.03120728,0.028211907,0.0,0.0,0.0,0.0,0.0,0.0,0.0,0.0,0.0,0.0,0.0,0.0,0.0,0.042103734,0.020959543,0.0,0.0,0.0,0.0,0.0
k__Bacteria|p__Bacteroidetes|c__Bacteroidia|o__Bacteroidales|f__Prevotellaceae|g__Prevotella|s__unclassified,0.0,0.038539823,0.031081531,0.031081531,0.0,0.0,0.0,0.0,0.027013391,0.0,0.0,0.0,0.0,0.0,0.0,0.0,0.0,0.0,0.037218336,0.0,0.0,0.0,0.0,0.024679763,0.0,0.0,0.0,0.0,0.0,0.0,0.0,0.0,0.0,0.02650412,0.0,0.0,0.0,0.0,0.031107273,0.04091911,0.0,0.0,0.0,0.0,0.02302412,0.0,0.051458325,0.0,0.0,0.0,0.0,0.0,0.0,0.0,0.058466204,0.0,0.0,0.032777686,0.0,0.02330675,0.037497647,0.037497647,0.039794195,0.0,0.030291282,0.0,0.0,0.0,0.0,0.0,0.0,0.0,0.0,0.023406647,0.025987297,0.0,0.0,0.0,0.0,0.0,0.041863248,0.035847075,0.0,0.025916263,0.024871305,0.0,0.0,0.027769156,0.046658665,0.031270344,0.0,0.0,0.0,0.0,0.0,0.044111136,0.031041406,0.0,0.0,0.028716322,0.058212254,0.0,0.0,0.055889565,0.0,0.0,0.0,0.0,0.0,0.0,0.0,0.02487031,0.0,0.0,0.0,0.0,0.04295825,0.0,0.0,0.0,0.0,0.0,0.0,0.048851967,0.023447542,0.0,0.0,0.0,0.0,0.0,0.0,0.0,0.0,0.0,0.0,0.0,0.0,0.0,0.090526424,0.034908008,0.0,0.0,0.0,0.0,0.0
k__Bacteria|p__Bacteroidetes|c__Bacteroidia|o__Bacteroidales|f__Porphyromonadaceae|g__Parabacteroides|s__unclassified,0.0,0.0,0.030249272,0.030249272,0.030210793,0.044027504,0.024357233,0.02488286,0.028536148,0.02407192,0.0,0.041500095,0.029283771,0.030446356,0.0,0.0,0.0,0.0,0.0,0.031026592,0.0,0.024276074,0.024905173,0.0,0.0,0.0,0.0,0.025782244,0.031215597,0.0,0.04432863,0.0,0.0,0.0,0.029918198,0.0,0.0,0.027612088,0.022082139,0.025586413,0.0,0.0,0.0,0.034700006,0.02169993,0.0,0.0,0.0,0.0,0.0,0.0,0.0,0.0,0.030747013,0.027936324,0.0,0.024933279,0.021460734,0.028933058,0.019690199,0.03861182,0.03861182,0.0,0.029163484,0.019270377,0.0,0.0,0.039610866,0.027662605,0.02658377,0.0,0.028324468,0.028537065,0.02360488,0.026372487,0.0,0.055622645,0.0,0.0315814,0.027032312,0.0,0.0,0.0,0.02354374,0.0,0.0,0.0,0.0,0.025080778,0.023953445,0.035792187,0.06385867,0.027641091,0.0,0.0,0.0,0.0,0.0,0.021953018,0.023209978,0.0,0.0,0.0,0.0,0.028877344,0.0,0.0,0.020987676,0.0,0.0,0.02960407,0.023485754,0.0,0.0,0.02419163,0.0,0.0,0.04646952,0.026739629,0.0,0.03352811,0.026409071,0.030306177,0.027265755,0.019322766,0.0,0.0,0.023997676,0.027567405,0.03689757,0.0,0.0,0.0,0.02450883,0.025112376,0.0,0.0,0.029666182,0.033790566,0.018963125,0.0,0.0,0.027908942,0.0,0.0
k__Bacteria|p__Bacteroidetes|c__Bacteroidia|o__Bacteroidales|f__Bacteroidaceae|g__Bacteroides|s__unclassified,0.074759334,0.0,0.038199525,0.038199525,0.04095544,0.07900024,0.07018591,0.03139044,0.05567477,0.04928305,0.0357249,0.054741737,0.0588838,0.064937115,0.058892496,0.0,0.04847271,0.040313415,0.035731718,0.03828227,0.05593181,0.025784984,0.043381523,0.0,0.0,0.07549414,0.04724924,0.03885137,0.03787556,0.026999922,0.042742692,0.04432019,0.0582069,0.031703003,0.04185173,0.1145527,0.06088859,0.036921207,0.023613898,0.026551427,0.105548464,0.033096455,0.033096455,0.0705439,0.030405609,0.07141961,0.0,0.0,0.029777663,0.032498423,0.07593549,0.10657412,0.061602246,0.03922469,0.038628362,0.058449708,0.06256492,0.03693859,0.0444936,0.040274266,0.04002517,0.04002517,0.0214901,0.043881167,0.022366507,0.07549755,0.0,0.053452406,0.04077339,0.04100125,0.077723786,0.035018656,0.038371176,0.027685495,0.033194378,0.07472829,0.065065935,0.12911601,0.037480127,0.038274113,0.0,0.0,0.0,0.03141894,0.029107634,0.0,0.0,0.033997677,0.025537727,0.024655731,0.06310015,0.08806738,0.03738892,0.056724735,0.047223877,0.057958573,0.04342782,0.0441163,0.03271242,0.054458775,0.08674291,0.08705018,0.060886387,0.050180804,0.044866197,0.0,0.023514375,0.045167252,0.02916456,0.033765502,0.029845636,0.023479544,0.037251208,0.057519216,0.040353972,0.0,0.0,0.058085438,0.037295476,0.060886923,0.04189082,0.054831617,0.036895175,0.051777393,0.029717049,0.077154614,0.066751994,0.039220188,0.06930687,0.06255466,0.10051244,0.03581655,0.025977843,0.040907603,0.05046896,0.05762461,0.04723435,0.03551328,0.04929199,0.04214172,0.0,0.0,0.03628236,0.05187944,0.048703935
k__Bacteria|p__Bacteroidetes|c__Bacteroidia|o__Bacteroidales|f__Rikenellaceae|g__unclassified|s__unclassified,0.0,0.0,0.028190529,0.028190529,0.03150705,0.0,0.0,0.0,0.0271911,0.024369664,0.0,0.0,0.029378831,0.030301876,0.025931206,0.0,0.0,0.0,0.0,0.03094481,0.07043338,0.024081375,0.025162429,0.04274072,0.05116613,0.0,0.0,0.025223631,0.03143438,0.026240759,0.0,0.0,0.0,0.03035531,0.031438254,0.0,0.0,0.026904326,0.021970637,0.025302062,0.0,0.0,0.0,0.032291822,0.030028041,0.0,0.0,0.0,0.0,0.023896446,0.0,0.0,0.0,0.030746054,0.028528502,0.0,0.024851406,0.022322923,0.030906541,0.021828718,0.0,0.0,0.021371165,0.031207912,0.01997524,0.0,0.0,0.0,0.028074209,0.027105046,0.0,0.027216593,0.028261224,0.02480601,0.026363114,0.0,0.0,0.0,0.031376593,0.026783576,0.0,0.0,0.0,0.0,0.025294771,0.0,0.0,0.0,0.024377568,0.02416486,0.0,0.06177972,0.027155282,0.03328841,0.030894218,0.0,0.03467495,0.0,0.022488916,0.023482751,0.0,0.0,0.03299937,0.03286923,0.031181965,0.0,0.0,0.023238203,0.0,0.023883201,0.0,0.0,0.024198875,0.029909197,0.027400926,0.0,0.0,0.0,0.025980784,0.035226453,0.0,0.0,0.029760974,0.028659942,0.01979384,0.0,0.0,0.02539671,0.027319955,0.042344905,0.0,0.031226043,0.0,0.027403675,0.03371894,0.0,0.0,0.027955173,0.03400528,0.020165212,0.0,0.0,0.026998064,0.030558921,0.0
k__Bacteria|p__Bacteroidetes|c__Bacteroidia|o__Bacteroidales|f__Porphyromonadaceae|g__Parabacteroides|s__distasonis,0.0,0.0,0.02849715,0.02849715,0.031223096,0.05149896,0.02411127,0.02540201,0.029897856,0.026744876,0.0,0.041035246,0.0,0.0,0.026791835,0.0,0.0,0.0,0.0,0.030986147,0.0,0.024061907,0.025361078,0.0,0.0,0.0,0.0,0.02547227,0.031462733,0.026164176,0.042291775,0.0,0.0,0.0,0.031232825,0.0,0.0,0.027192447,0.021670867,0.0,0.07282932,0.032017495,0.032017495,0.029753271,0.021716189,0.0,0.0,0.0,0.02717362,0.023827465,0.0,0.0,0.0,0.030878648,0.027640238,0.0,0.027080383,0.021757364,0.030648421,0.019293467,0.045140903,0.045140903,0.021297425,0.030875288,0.019056283,0.0,0.0,0.039225206,0.02820607,0.027169863,0.0,0.027617598,0.028428555,0.023923516,0.027079135,0.0,0.0,0.0,0.031572413,0.026844177,0.0,0.0,0.0,0.02652793,0.025018016,0.0,0.0,0.0,0.02423118,0.0,0.03432953,0.068661615,0.027391922,0.034961056,0.03008786,0.0,0.030791325,0.0,0.022207156,0.024674192,0.06176763,0.0,0.0,0.033441126,0.030920269,0.0,0.022121053,0.0,0.025934411,0.02490231,0.05976645,0.047301356,0.023557123,0.032119066,0.031578936,0.0,0.0,0.04584448,0.026311886,0.0,0.033295542,0.026884409,0.029780991,0.0269562,0.019610008,0.0,0.0,0.022377353,0.02667329,0.038964495,0.0,0.0,0.0,0.02506651,0.027137555,0.0,0.0,0.028350536,0.03409397,0.020339964,0.0,0.0,0.027303016,0.0,0.0
k__Bacteria|p__Bacteroidetes|c__Bacteroidia|o__Bacteroidales|f__Bacteroidaceae|g__Bacteroides|s__fragilis,0.0,0.0,0.0,0.0,0.030435588,0.0,0.0235253,0.0,0.0,0.0,0.0,0.041808113,0.038790002,0.041378733,0.0,0.04525862,0.0,0.0,0.0,0.030652374,0.0,0.024052171,0.026161624,0.0,0.0,0.0,0.0,0.026307493,0.030988991,0.0,0.07021652,0.07190566,0.117707,0.031299975,0.030533906,0.0,0.0,0.02779162,0.0,0.0,0.0,0.0,0.0,0.0,0.0,0.0,0.0,0.0,0.027962828,0.02320072,0.0,0.0,0.0,0.030883893,0.027870527,0.04718037,0.024958864,0.021126015,0.030008893,0.0,0.052813444,0.052813444,0.021337863,0.030066386,0.019421889,0.0,0.0,0.040360004,0.02851633,0.02720685,0.0,0.02846207,0.029038396,0.024305291,0.02798541,0.0,0.05557184,0.0,0.03145663,0.027044704,0.0,0.0,0.0,0.0,0.0,0.0,0.0,0.026375499,0.0,0.0,0.04303762,0.08503108,0.027708512,0.040553078,0.034354355,0.047418278,0.047576237,0.0,0.024022026,0.024131471,0.0,0.0,0.0,0.033814613,0.030167624,0.0,0.024240065,0.024396867,0.025435798,0.024314193,0.0,0.023632282,0.026059275,0.03689695,0.029542925,0.17966557,0.04711938,0.04690361,0.02727171,0.03363633,0.03659993,0.030240571,0.029667675,0.027107434,0.01923468,0.0,0.0,0.022821398,0.028451614,0.0,0.0627414,0.0540176,0.024322284,0.0,0.0,0.076661855,0.0,0.029389882,0.03459808,0.020572968,0.0,0.0,0.027833495,0.028101496,0.0
k__Bacteria|p__Proteobacteria|c__Gammaproteobacteria|o__Pseudomonadales|f__Moraxellaceae|g__Acinetobacter|s__unclassified,0.0,0.0,0.0,0.0,0.0,0.0,0.0,0.0,0.0,0.0,0.0,0.0,0.0,0.0,0.0,0.04508103,0.0,0.0,0.0,0.0,0.0,0.0,0.0,0.0,0.0,0.0,0.0,0.0,0.0,0.0,0.040948972,0.0,0.0,0.0,0.0,0.0,0.0,0.0,0.0,0.0,0.0,0.0,0.0,0.0,0.0,0.0,0.0,0.0,0.0,0.0,0.0,0.0,0.0,0.0,0.0,0.0,0.0,0.0,0.0,0.0,0.0,0.0,0.0,0.0,0.0,0.0,0.0,0.0,0.0,0.0,0.0,0.0,0.0,0.0,0.0,0.0,0.0,0.0,0.0,0.0,0.0,0.0,0.0,0.0,0.0,0.0,0.0,0.0,0.0,0.0,0.0,0.0,0.0,0.0,0.0,0.0,0.0,0.0,0.0,0.0,0.0,0.0,0.0,0.0,0.0,0.0,0.0,0.0,0.0,0.0,0.0,0.0,0.0,0.0,0.0,0.0,0.0,0.0,0.0,0.0,0.0,0.0,0.0,0.0,0.0,0.0,0.0,0.0,0.0,0.0,0.0,0.0,0.0,0.0,0.0,0.0,0.04019701,0.0,0.0,0.0,0.0,0.0,0.0,0.0,0.0
k__Bacteria|p__Proteobacteria|c__Gammaproteobacteria|o__Enterobacteriales|f__Enterobacteriaceae|g__Erwinia|s__unclassified,0.0,0.0,0.0,0.0,0.0,0.0,0.0,0.0,0.0,0.0,0.0,0.0,0.0,0.0,0.0,0.0,0.0,0.0,0.0,0.0,0.0,0.0,0.0,0.0,0.0,0.0,0.0,0.0,0.0,0.0,0.0,0.0,0.0,0.0,0.0,0.0,0.0,0.0,0.0,0.0,0.0,0.0,0.0,0.0,0.0,0.0,0.0,0.0,0.0,0.0,0.0,0.0,0.0,0.0,0.0,0.041991364,0.0,0.0,0.0,0.0,0.0,0.0,0.0,0.0,0.0,0.0,0.0,0.0,0.0,0.0,0.0,0.0,0.0,0.0,0.0,0.0,0.0,0.0,0.0,0.0,0.0,0.0,0.0,0.0,0.0,0.0,0.0,0.0,0.0,0.0,0.0,0.0,0.0,0.0,0.0,0.0,0.0,0.0,0.0,0.0,0.0,0.0,0.0,0.0,0.0,0.0,0.022121053,0.0,0.0,0.0,0.0,0.0,0.0,0.0,0.0,0.0,0.0,0.0,0.0,0.0,0.0,0.0,0.0,0.0,0.0,0.0,0.0,0.0,0.0,0.0,0.0,0.0,0.0,0.0,0.0,0.05764062,0.0,0.0,0.0,0.0,0.0,0.0,0.0,0.0,0.0
k__Bacteria|p__Proteobacteria|c__Gammaproteobacteria|o__Aeromonadales|f__unclassified|g__unclassified|s__unclassified,0.0,0.0,0.0,0.0,0.0,0.0,0.02356147,0.0,0.0,0.0,0.0,0.0,0.0,0.0,0.025923802,0.0,0.0,0.03913908,0.0,0.0,0.0,0.0,0.0,0.0,0.0,0.0,0.0,0.0,0.0,0.0,0.0,0.0,0.0,0.0,0.0,0.0,0.0,0.0,0.0,0.0,0.0,0.0,0.0,0.0,0.0,0.0,0.0,0.0,0.0,0.0,0.0,0.0,0.0,0.0,0.0,0.0,0.0,0.0,0.0,0.0,0.0,0.0,0.0,0.0,0.0,0.0,0.0,0.0,0.0,0.0,0.0,0.0,0.0,0.0,0.0,0.0,0.0,0.0,0.0,0.0,0.0,0.0,0.0,0.023749948,0.0,0.0,0.0,0.0,0.0,0.0,0.0,0.0,0.0,0.0,0.0,0.0,0.0,0.0,0.0,0.0,0.0,0.0,0.0,0.0,0.0,0.0,0.0,0.0,0.0,0.0,0.0,0.0,0.0,0.0,0.0,0.0,0.0,0.0,0.0,0.0,0.0,0.0,0.0,0.0,0.0,0.0,0.0,0.0,0.0,0.0,0.0,0.0,0.0,0.0,0.0,0.0,0.0,0.0,0.0,0.0,0.0,0.0,0.0,0.0,0.0
k__Bacteria|p__Proteobacteria|c__Gammaproteobacteria|o__Pasteurellales|f__Pasteurellaceae|g__Aggregatibacter|s__unclassified,0.0,0.0,0.0,0.0,0.0,0.0,0.0,0.0,0.02702894,0.023526391,0.0,0.0,0.0,0.0,0.0,0.0,0.0,0.0,0.0,0.0,0.0,0.0,0.0,0.0,0.0,0.0,0.0,0.0,0.0,0.0,0.0,0.0,0.0,0.0,0.0,0.0,0.0,0.0,0.0,0.0,0.0,0.0,0.0,0.0,0.0,0.0,0.0,0.031234741,0.0,0.0,0.0,0.0,0.0,0.0,0.0,0.0,0.0,0.0,0.0,0.0,0.0,0.0,0.0,0.0,0.0,0.0,0.0,0.0,0.0,0.0,0.0,0.0,0.0,0.0,0.0,0.0,0.0,0.0,0.0,0.0,0.0,0.0,0.0,0.0,0.0,0.0,0.0,0.0,0.0,0.0,0.03432953,0.0,0.0,0.0,0.0,0.0,0.0,0.0,0.0,0.0,0.0,0.0,0.0,0.0,0.0,0.0,0.0,0.0,0.0,0.0,0.0,0.0,0.0,0.0,0.0,0.0,0.0,0.0,0.0,0.0,0.0,0.0,0.0,0.0,0.0,0.0,0.0,0.0,0.0,0.0,0.0,0.0,0.0,0.0,0.0,0.0,0.0,0.0,0.0,0.0,0.0,0.0,0.0,0.0,0.0
k__Bacteria|p__Proteobacteria|c__Gammaproteobacteria|o__Enterobacteriales|f__Enterobacteriaceae|g__Trabulsiella|s__unclassified,0.0,0.0,0.0,0.0,0.0,0.0,0.0,0.0,0.0,0.0,0.0,0.0,0.0,0.0,0.0,0.0,0.0,0.0,0.0,0.0,0.0,0.0,0.0,0.0,0.0,0.0,0.0,0.0,0.0,0.0,0.040304646,0.0,0.0,0.0,0.0,0.0,0.0,0.0,0.0,0.0,0.0,0.0,0.0,0.0,0.0,0.0,0.051607784,0.031403024,0.0,0.0,0.0,0.0,0.0,0.0,0.0,0.0,0.0,0.0,0.0,0.0,0.0,0.0,0.0,0.0,0.0,0.0,0.0,0.0,0.0,0.0,0.0,0.0,0.0,0.0,0.0,0.0,0.0,0.0,0.0,0.0,0.04271403,0.0,0.0,0.0,0.0,0.0,0.0,0.0,0.0,0.0,0.0,0.0,0.0,0.0,0.0,0.0,0.0,0.0,0.0,0.0,0.0,0.0,0.0,0.0,0.0,0.0,0.0,0.0,0.0,0.0,0.0,0.0,0.0,0.0,0.0,0.0,0.0,0.0,0.0,0.0,0.0,0.0,0.0,0.0,0.0,0.0,0.0,0.0,0.0,0.0,0.0,0.030680208,0.0,0.0,0.0,0.0,0.0,0.0,0.0,0.0,0.0,0.0,0.0,0.0,0.0
k__Bacteria|p__Proteobacteria|c__Gammaproteobacteria|o__Enterobacteriales|f__Enterobacteriaceae|g__Klebsiella|s__unclassified,0.0,0.0,0.0,0.0,0.0,0.0,0.0,0.0,0.0,0.0,0.0,0.0,0.0,0.0,0.0,0.0,0.0,0.0,0.0,0.0,0.0,0.0,0.0,0.0,0.0,0.0,0.0,0.0,0.0,0.0,0.040316805,0.0,0.0,0.0,0.0,0.0,0.0,0.0,0.0,0.0,0.0,0.0,0.0,0.0,0.0,0.0,0.05148925,0.031211643,0.0,0.0,0.0,0.0,0.0,0.0,0.0,0.042181645,0.0,0.0,0.0,0.0,0.0,0.0,0.0,0.0,0.0,0.0,0.0,0.0,0.0,0.0,0.0,0.0,0.0,0.0,0.0,0.0,0.0,0.0,0.0,0.0,0.04188079,0.035778143,0.0,0.0,0.0,0.0,0.0,0.0,0.0,0.0,0.0,0.0,0.0,0.0,0.0,0.0,0.0,0.0,0.0,0.0,0.0,0.0,0.0,0.0,0.0,0.0,0.022155887,0.0,0.0,0.0,0.0,0.0,0.0,0.0,0.0,0.0,0.0,0.0,0.0,0.0,0.0,0.0,0.0,0.0,0.0,0.0,0.0,0.0,0.0,0.0,0.0,0.0,0.0,0.0,0.0,0.0,0.0,0.0,0.0,0.0,0.0,0.0,0.0,0.0,0.0
k__Bacteria|p__Proteobacteria|c__Gammaproteobacteria|o__Enterobacteriales|f__Enterobacteriaceae|g__Citrobacter|s__unclassified,0.0,0.0,0.0,0.0,0.0,0.0,0.0,0.0,0.027295507,0.025154877,0.0,0.0,0.0,0.0,0.0,0.0,0.0,0.0,0.0,0.0,0.0,0.0,0.0,0.0,0.031750094,0.0,0.0,0.0,0.0,0.0,0.0,0.0,0.0,0.0,0.0,0.0,0.033113435,0.0,0.0,0.0,0.0,0.0,0.0,0.0,0.0,0.0,0.07538719,0.0,0.0,0.0,0.0,0.0,0.0,0.0,0.0,0.0,0.0,0.0,0.0,0.0,0.0,0.0,0.021295046,0.0,0.0,0.0,0.0,0.0,0.0,0.0,0.0,0.0,0.0,0.0,0.0,0.0,0.0,0.0,0.0,0.0,0.0,0.0,0.0,0.0,0.0,0.0,0.0,0.0,0.024005441,0.0,0.0,0.0,0.0,0.031748034,0.0,0.0,0.0,0.0,0.0,0.0,0.0,0.044667806,0.0,0.0,0.0,0.0,0.0,0.022713808,0.024341015,0.0,0.0,0.023965072,0.0,0.0,0.0,0.0,0.043487273,0.0,0.0,0.0,0.0,0.0,0.0,0.0,0.0,0.0,0.0,0.0,0.0,0.0,0.0,0.0,0.0,0.0,0.0,0.0,0.040458865,0.0,0.0,0.0,0.0,0.0,0.0,0.0,0.0
k__Bacteria|p__Proteobacteria|c__Gammaproteobacteria|o__Enterobacteriales|f__Enterobacteriaceae|g__unclassified|s__unclassified,0.08021185,0.043815248,0.0,0.0,0.027120655,0.04513883,0.024248721,0.025298785,0.027229976,0.02389368,0.042490184,0.05094923,0.029022349,0.034363393,0.026925094,0.04879011,0.03032461,0.04324477,0.038418453,0.028150726,0.06058185,0.025512407,0.034158044,0.03392737,0.031885255,0.07778378,0.029132638,0.03288652,0.027315445,0.0,0.041208692,0.0,0.058277693,0.0,0.027280375,0.07161428,0.035515003,0.029225603,0.0,0.0,0.06372469,0.034147274,0.034147274,0.029648254,0.0,0.0,0.055957552,0.034854487,0.0299427,0.0,0.07834413,0.058349125,0.05797175,0.028602835,0.0,0.058484428,0.025150241,0.021837004,0.028550703,0.02048421,0.037789367,0.037789367,0.021430632,0.027917437,0.019408714,0.07857222,0.075484246,0.048874937,0.030105393,0.030177258,0.07904501,0.027853744,0.028594067,0.0,0.025969489,0.07474928,0.06264875,0.061946392,0.02705457,0.030104272,0.05270412,0.04267865,0.029444158,0.023719827,0.027737206,0.08115869,0.09618044,0.0,0.0241573,0.0,0.03456325,0.06365184,0.029076492,0.03190051,0.0,0.050493337,0.036146022,0.0,0.022234779,0.022910351,0.06550378,0.046149846,0.03189291,0.0,0.02788509,0.09669198,0.038756732,0.028206218,0.025880214,0.023850465,0.029887283,0.024378575,0.02385506,0.028874751,0.0,0.11893515,0.04455401,0.05421195,0.031128833,0.0,0.03359594,0.027497383,0.028137581,0.026207123,0.019012546,0.07798462,0.052063648,0.022159008,0.026270779,0.0,0.054717984,0.03384527,0.024130808,0.0,0.024615433,0.084835544,0.04347726,0.030893307,0.0,0.020313488,0.070849,0.070849,0.029131552,0.0,0.04837857
k__Bacteria|p__Proteobacteria|c__Alphaproteobacteria|o__Rickettsiales|f__mitochondria|g__unclassified|s__unclassified,0.0,0.0,0.0,0.0,0.0,0.0,0.0,0.0,0.0,0.0,0.0,0.0,0.0,0.0,0.0,0.0,0.0,0.0,0.0,0.0,0.0,0.024071643,0.0,0.0,0.0,0.0,0.0,0.0,0.0,0.026673615,0.0,0.0,0.0,0.026317433,0.0,0.0,0.0,0.0,0.0,0.0,0.0,0.0,0.0,0.0,0.0,0.0,0.0,0.0,0.0,0.0,0.0,0.0,0.0,0.0,0.0,0.0,0.0,0.0,0.0,0.0,0.0,0.0,0.021523403,0.0,0.0,0.0,0.0,0.0,0.0,0.0,0.0,0.0,0.0,0.0,0.0,0.0,0.0,0.0,0.0,0.0,0.0,0.0,0.0,0.0,0.0,0.0,0.0,0.0,0.0,0.0,0.0,0.0,0.0,0.0,0.0,0.0,0.0,0.0,0.0,0.0,0.0,0.0,0.0,0.0,0.0,0.0,0.0,0.0,0.0,0.0,0.0,0.0,0.0,0.0,0.0,0.0,0.0,0.0,0.0,0.0,0.0,0.0,0.0,0.0,0.0,0.0,0.0,0.0,0.0,0.0,0.0,0.0,0.0,0.0,0.0,0.0,0.0,0.0,0.0,0.0,0.0,0.0,0.0,0.0,0.0
k__Bacteria|p__Proteobacteria|c__Gammaproteobacteria|o__Enterobacteriales|f__Enterobacteriaceae|g__Enterobacter|s__hormaechei,0.0,0.03892765,0.0,0.0,0.0,0.0,0.02432106,0.026546566,0.0,0.023694508,0.0,0.0,0.0,0.0,0.0,0.0,0.0,0.0,0.0,0.0,0.058647763,0.0,0.0,0.0,0.0,0.0,0.029058227,0.0,0.0,0.0,0.047585618,0.0,0.0,0.0,0.0,0.0,0.03298891,0.0,0.0,0.0,0.0,0.03189524,0.03189524,0.0,0.0,0.0,0.054019738,0.03133373,0.027225586,0.0,0.0,0.0,0.0,0.0,0.0,0.04306896,0.025672179,0.0,0.0,0.019007273,0.0,0.0,0.0,0.0,0.0,0.0,0.0,0.0,0.0,0.0,0.0,0.0,0.0,0.0,0.0,0.0,0.0,0.062078338,0.0,0.0,0.042898215,0.036223736,0.0,0.0,0.0,0.0,0.0,0.0,0.0,0.0,0.0375715,0.0,0.0,0.0,0.0,0.0,0.030820746,0.0,0.0,0.0,0.0,0.044388723,0.0,0.0,0.0,0.06133864,0.023013653,0.020827862,0.024232622,0.0,0.031045133,0.026146835,0.0,0.0,0.0,0.0,0.042921823,0.0,0.0,0.0,0.0,0.026279435,0.0,0.0,0.0,0.0,0.040278357,0.0,0.0,0.0,0.0,0.0,0.0,0.0,0.0,0.0,0.042016603,0.0,0.0,0.019016078,0.0,0.0,0.0,0.0,0.0
k__Bacteria|p__Proteobacteria|c__Gammaproteobacteria|o__Pasteurellales|f__Pasteurellaceae|g__Actinobacillus|s__unclassified,0.0,0.0,0.0,0.0,0.0,0.0,0.0,0.0,0.0,0.0,0.0,0.0,0.0,0.0,0.0,0.0,0.0,0.039058402,0.0,0.0,0.0,0.024081375,0.0,0.024655012,0.031797107,0.0,0.0,0.0,0.0,0.0,0.0,0.0,0.0,0.0,0.0,0.0,0.0,0.0,0.021717476,0.0,0.0,0.0,0.0,0.0,0.0,0.0,0.0,0.031515215,0.0,0.0,0.0,0.0,0.0,0.0,0.0,0.0,0.0,0.0,0.0,0.0,0.0,0.0,0.021314077,0.0,0.0,0.0,0.0,0.0,0.0,0.0,0.0,0.0,0.0,0.0,0.0,0.0,0.0,0.0,0.0,0.0,0.0,0.0,0.0,0.0,0.0,0.0,0.0,0.0,0.0,0.0,0.0,0.0,0.0,0.0,0.0,0.0,0.0,0.0,0.0,0.0,0.0,0.0,0.0,0.0,0.0,0.0,0.022129763,0.0,0.0,0.0,0.0,0.0,0.0,0.0,0.0,0.0,0.043979883,0.0,0.0,0.0,0.0,0.0,0.0,0.0,0.0,0.0,0.0,0.0,0.0,0.0,0.0,0.0,0.0,0.0,0.0,0.0,0.040222302,0.0,0.0,0.0,0.0,0.0,0.0,0.0,0.0
k__Bacteria|p__Proteobacteria|c__Gammaproteobacteria|o__Enterobacteriales|f__Enterobacteriaceae|g__Escherichia|s__unclassified,0.08322348,0.051089462,0.0,0.0,0.0,0.044115447,0.024921501,0.024878308,0.0,0.0,0.05039602,0.049285013,0.029390715,0.036458362,0.025779435,0.051098723,0.029718647,0.041111246,0.036080934,0.0,0.066030234,0.024373421,0.029922796,0.026522534,0.03191111,0.07941974,0.029561942,0.030267153,0.0,0.0,0.0,0.0,0.057968795,0.0,0.0,0.06909446,0.034257885,0.026330682,0.0,0.0,0.06680539,0.03253854,0.03253854,0.0,0.0,0.0,0.056813076,0.033438925,0.027560227,0.0,0.07993728,0.05853319,0.05794544,0.0,0.0,0.04379937,0.02486778,0.0,0.0,0.0,0.037533313,0.037533313,0.021513887,0.0,0.019076046,0.08059523,0.06367149,0.046931498,0.025981668,0.025781509,0.07975715,0.025398267,0.025094386,0.0,0.0,0.074631445,0.061922,0.0,0.0,0.026661111,0.0,0.036046486,0.030627323,0.023490451,0.025478162,0.10096372,0.08395102,0.0,0.0,0.0,0.034412462,0.062730275,0.025936319,0.0,0.0,0.05835504,0.039735433,0.0,0.02200274,0.022849577,0.07470174,0.04546657,0.0,0.0,0.0,0.06915323,0.02463774,0.02292107,0.024275977,0.023603871,0.0,0.0,0.02359509,0.028802358,0.0,0.12095757,0.0448246,0.05275781,0.028654769,0.0,0.037559267,0.026570719,0.0,0.0,0.0,0.078628644,0.05617954,0.021899492,0.026277374,0.0,0.055062067,0.031375267,0.0,0.0,0.0,0.07118604,0.040995594,0.029332535,0.0,0.01895783,0.073479265,0.073479265,0.026436932,0.0,0.048356876
k__Bacteria|p__Proteobacteria|c__Gammaproteobacteria|o__Pasteurellales|f__Pasteurellaceae|g__Haemophilus|s__parainfluenzae,0.0,0.0,0.02790581,0.02790581,0.0,0.0,0.0,0.0,0.0,0.023512213,0.035779584,0.0,0.028784692,0.029651716,0.0,0.0,0.0,0.039067365,0.0,0.0,0.0,0.0,0.0,0.024756264,0.031770077,0.0,0.0,0.0,0.0,0.0,0.0,0.0,0.0,0.0,0.0,0.0,0.0,0.0,0.021688232,0.0,0.0,0.0,0.0,0.0,0.0,0.0,0.0,0.031419523,0.0,0.023162289,0.0,0.058047928,0.05762974,0.0,0.0,0.0,0.0,0.0,0.0,0.0,0.0,0.0,0.021337863,0.0,0.0,0.0,0.0,0.0,0.0,0.0,0.0,0.0,0.0,0.0,0.0,0.0,0.0,0.0,0.0,0.0,0.0,0.035832305,0.0,0.023541424,0.0,0.0,0.0,0.0,0.0,0.0,0.034412462,0.0,0.0,0.0,0.0,0.0,0.0,0.0,0.0,0.0,0.058020514,0.0,0.0,0.0,0.0,0.0,0.0,0.0,0.024514448,0.0,0.0,0.0,0.0,0.0,0.0,0.0,0.043310355,0.0,0.0,0.0,0.0,0.0,0.0,0.0,0.0,0.0,0.040916443,0.0,0.0,0.0,0.0,0.0,0.0,0.0,0.0,0.058545247,0.040241648,0.0,0.0,0.0,0.0,0.0,0.0,0.02556964,0.0
k__Bacteria|p__Proteobacteria|c__Alphaproteobacteria|o__RF32|f__unclassified|g__unclassified|s__unclassified,0.0,0.0,0.0,0.0,0.0,0.0,0.0,0.0,0.0,0.0,0.0,0.0,0.0,0.029900543,0.0,0.0,0.0,0.0,0.0,0.0,0.0,0.0,0.0,0.0,0.0,0.0,0.0,0.0,0.0,0.0,0.0,0.0,0.0,0.029602941,0.0,0.0,0.0,0.0,0.0,0.0,0.0,0.0,0.0,0.0,0.020695498,0.0,0.0,0.0,0.0,0.023658954,0.0,0.0,0.0,0.0,0.0,0.0,0.0,0.0,0.0,0.0,0.0,0.0,0.0,0.0,0.0,0.0,0.0,0.0,0.0,0.0,0.0,0.0,0.0,0.0,0.0,0.0,0.0,0.0,0.0,0.0,0.0,0.0,0.0,0.0,0.0,0.0,0.0,0.0,0.0,0.0,0.0,0.0,0.0,0.0,0.0,0.0,0.0,0.0,0.0,0.022969713,0.0,0.0,0.0,0.0,0.0,0.0,0.0,0.0,0.024200104,0.0,0.0,0.0,0.0,0.0,0.0,0.0,0.0,0.0,0.0,0.041348644,0.030756686,0.0,0.0,0.026174039,0.019027865,0.0,0.0,0.0,0.0,0.0,0.0,0.0,0.0,0.028192151,0.024636809,0.0,0.0,0.0,0.0,0.0,0.0,0.0,0.0,0.0,0.0
k__Bacteria|p__Proteobacteria|c__Gammaproteobacteria|o__Pasteurellales|f__Pasteurellaceae|g__Haemophilus|s__unclassified,0.07592822,0.0,0.028978983,0.028978983,0.02815186,0.042448465,0.023633812,0.0,0.027613161,0.023801183,0.037381068,0.050448243,0.029414479,0.03046241,0.0,0.045373265,0.0,0.041075394,0.03571819,0.029282987,0.05596473,0.024568122,0.033515688,0.026695786,0.0354476,0.07543427,0.029115466,0.032858003,0.028415594,0.0,0.040345542,0.044707432,0.057872273,0.026635926,0.028229114,0.06678914,0.03290293,0.030011594,0.02376744,0.0,0.0,0.0,0.0,0.0,0.0,0.0,0.051649015,0.03436943,0.0,0.024921313,0.07572512,0.058131594,0.060576238,0.029644275,0.0,0.0,0.0,0.021301454,0.029223777,0.019285807,0.03746677,0.03746677,0.023178978,0.028671008,0.0,0.07571184,0.05096562,0.048452407,0.03050525,0.030390544,0.075983986,0.028984541,0.02961978,0.023905894,0.0260454,0.07185776,0.062648535,0.0,0.02826079,0.030586218,0.0,0.03769591,0.02842052,0.028098801,0.026638526,0.06647478,0.07210282,0.025746701,0.024421347,0.0,0.038069107,0.0,0.029793441,0.031804066,0.030677486,0.0,0.030791325,0.0,0.024392184,0.0,0.059044946,0.0,0.03251398,0.032697078,0.028574776,0.06133172,0.022132667,0.020761063,0.037543435,0.024374206,0.029841471,0.024217147,0.023799691,0.029966349,0.026242426,0.0,0.05079484,0.05413033,0.03153514,0.02957295,0.0,0.026837993,0.029244695,0.026098423,0.019261489,0.07585909,0.045148205,0.0,0.0,0.0,0.0,0.0,0.0,0.024347747,0.0,0.063276544,0.04095133,0.0318222,0.0,0.01895783,0.066975355,0.066975355,0.029940614,0.03436084,0.048194192
k__Bacteria|p__Proteobacteria|c__Betaproteobacteria|o__Burkholderiales|f__Alcaligenaceae|g__Sutterella|s__unclassified,0.0,0.0,0.033950634,0.033950634,0.03317513,0.042290557,0.02584748,0.0,0.04016397,0.028159335,0.05865342,0.042859793,0.03694817,0.033111226,0.025518471,0.045299083,0.036692783,0.04573688,0.04482604,0.03263512,0.0,0.024646001,0.02775911,0.0,0.0,0.0,0.029882489,0.027812647,0.03283294,0.02624742,0.0,0.04980344,0.05823908,0.030738706,0.033069,0.0,0.03691147,0.02938255,0.024745353,0.026511123,0.06171255,0.0,0.0,0.030607907,0.020655755,0.0,0.0,0.0,0.0,0.036488503,0.0,0.06469099,0.09622346,0.032701112,0.027541542,0.042195,0.026676137,0.026773527,0.032623123,0.022623824,0.047851555,0.047851555,0.021708941,0.03274557,0.019319782,0.0,0.0,0.04167911,0.030131552,0.028812764,0.0,0.030281357,0.031340696,0.026842646,0.035126884,0.057461075,0.056485593,0.0,0.033253063,0.028790094,0.0,0.0,0.028001755,0.02588383,0.0,0.0,0.0,0.025516847,0.026821017,0.023462573,0.0,0.0,0.02931094,0.038464338,0.035261504,0.0,0.031262066,0.0,0.0,0.03090275,0.0,0.0,0.0,0.03673829,0.032976326,0.0,0.022491155,0.02307714,0.02443857,0.025409682,0.0,0.024003565,0.025602086,0.030650266,0.02696464,0.1159304,0.052307352,0.048211366,0.02870213,0.033131626,0.045350254,0.040987644,0.03160504,0.027395723,0.019315107,0.0,0.0,0.026197316,0.031529862,0.039507527,0.0,0.0,0.024263669,0.027239762,0.028213376,0.0,0.051615953,0.03076354,0.03417799,0.018984307,0.07663557,0.07663557,0.02922191,0.031944763,0.04799897
k__Bacteria|p__Actinobacteria|c__Actinobacteria|o__Actinomycetales|f__Actinomycetaceae|g__Parascardovia|s__unclassified,0.0,0.0,0.0,0.0,0.0,0.0,0.0,0.0,0.0,0.0,0.0,0.0,0.0,0.0,0.0,0.0,0.0,0.0,0.0,0.0,0.0,0.0,0.0,0.0,0.0,0.0,0.0,0.0,0.0,0.0,0.0,0.0,0.0,0.0,0.0,0.0,0.0,0.0,0.0,0.0,0.0,0.0,0.0,0.0,0.0,0.0,0.0,0.0,0.0,0.0,0.0,0.0,0.0,0.0,0.0,0.0,0.0,0.0,0.0,0.0,0.0,0.0,0.0,0.0,0.0,0.0,0.0,0.0,0.0,0.0,0.0,0.0,0.0,0.0,0.0,0.0,0.0,0.0,0.0,0.0,0.0,0.0,0.0,0.0,0.0,0.0,0.0,0.0,0.0,0.0,0.0,0.0,0.0,0.0,0.0,0.0,0.0,0.0,0.0,0.0,0.0,0.0,0.0,0.0,0.0,0.0,0.0,0.0,0.0,0.0,0.0,0.0,0.0,0.0,0.0,0.0,0.0,0.0,0.0,0.0,0.0,0.0,0.0,0.0,0.0,0.0,0.0,0.0,0.0,0.0,0.05442864,0.0,0.0,0.0,0.0,0.0,0.0,0.0,0.0,0.0,0.0,0.0,0.0,0.0,0.0
k__Bacteria|p__Actinobacteria|c__Actinobacteria|o__Actinomycetales|f__Corynebacteriaceae|g__Corynebacterium|s__unclassified,0.0,0.0,0.0,0.0,0.0,0.0,0.0,0.0,0.0,0.0,0.0,0.0,0.0,0.0,0.0,0.0,0.0,0.0,0.0,0.0,0.0,0.0,0.0,0.0,0.0,0.0,0.0,0.0,0.0,0.0,0.0,0.0,0.0,0.0,0.0,0.0,0.0,0.0,0.0,0.0,0.0,0.0,0.0,0.0,0.0,0.0,0.0,0.0,0.0,0.0,0.0,0.0,0.0,0.0,0.0,0.0,0.0,0.0,0.0,0.0,0.0,0.0,0.0,0.0,0.0,0.0,0.0,0.0,0.0,0.0,0.0,0.0,0.0,0.0,0.0,0.0,0.0,0.0,0.0,0.0,0.0,0.0,0.0,0.0,0.0,0.0,0.0,0.0,0.0,0.0,0.0,0.0,0.0,0.0,0.0,0.0,0.0,0.0,0.0,0.0,0.0,0.0,0.0,0.0,0.0,0.0,0.0,0.0,0.0,0.0,0.0,0.0,0.0,0.0,0.0,0.0,0.0,0.0,0.0,0.0,0.0,0.0,0.0,0.0,0.0,0.0,0.0,0.0,0.0,0.0,0.0,0.0,0.0,0.0,0.0,0.0,0.0,0.0,0.0,0.0,0.0,0.0,0.0,0.0,0.0
k__Bacteria|p__Actinobacteria|c__Actinobacteria|o__Actinomycetales|f__Micrococcaceae|g__Rothia|s__mucilaginosa,0.0,0.0,0.0,0.0,0.0,0.0,0.0,0.0,0.0,0.0,0.0,0.0,0.0,0.0,0.0,0.045074288,0.0,0.039022543,0.0,0.0,0.0,0.0,0.0,0.0,0.0,0.0,0.0,0.0,0.0,0.026180824,0.04032675,0.0,0.0,0.0,0.0,0.0,0.0,0.0,0.0,0.0,0.0,0.0,0.0,0.0,0.0,0.0,0.0,0.0,0.0,0.0,0.0,0.0,0.0,0.0,0.0,0.0,0.0,0.0,0.0,0.0,0.0,0.0,0.0,0.0,0.0,0.0,0.0,0.0,0.0,0.0,0.0,0.0,0.0,0.0,0.0,0.0,0.0,0.0,0.0,0.0,0.0,0.0,0.0,0.0,0.0,0.0,0.07121474,0.0,0.0,0.0,0.0,0.0,0.0,0.0,0.0,0.0,0.0,0.0,0.0,0.0,0.0,0.0,0.0,0.0,0.0,0.0,0.0,0.0,0.0,0.0,0.0,0.0,0.0,0.0,0.0,0.0,0.0,0.0,0.0,0.0,0.0,0.0,0.0,0.0,0.0,0.0,0.0,0.0,0.0,0.0,0.0,0.030707696,0.0,0.0,0.0,0.0,0.0,0.0,0.0,0.0,0.0,0.0,0.0,0.0,0.0
k__Bacteria|p__Actinobacteria|c__Actinobacteria|o__Actinomycetales|f__Actinomycetaceae|g__Actinomyces|s__unclassified,0.0,0.0,0.0,0.0,0.0,0.0,0.0,0.0,0.0,0.0,0.0,0.0,0.0,0.0,0.0,0.0,0.0,0.0,0.0,0.0,0.0,0.0,0.0,0.0,0.0,0.0,0.0,0.0,0.0,0.0,0.0,0.0,0.0,0.0,0.0,0.0,0.0,0.0,0.0,0.0,0.0,0.0,0.0,0.0,0.0,0.06730669,0.0,0.0,0.0,0.0,0.0,0.0,0.0,0.0,0.0,0.0,0.0,0.0,0.0,0.0,0.0,0.0,0.0,0.0,0.018964058,0.0,0.052942745,0.0,0.0,0.0,0.0,0.0,0.0,0.0,0.0,0.0,0.0,0.0,0.0,0.0,0.0,0.0,0.0,0.0,0.0,0.0,0.0,0.0,0.0,0.0,0.0,0.0,0.0,0.0,0.0,0.0,0.0,0.0,0.0,0.0,0.0,0.044253994,0.0,0.0,0.0,0.0,0.0,0.0,0.0,0.0,0.029670708,0.0,0.0,0.0,0.0,0.0,0.04297039,0.0,0.0,0.0,0.0,0.0,0.0,0.0,0.0,0.0,0.0,0.0,0.0,0.0,0.0,0.0,0.024500737,0.0,0.0,0.0,0.0,0.0,0.0,0.0,0.0,0.0,0.0,0.0,0.0
k__Bacteria|p__Actinobacteria|c__Actinobacteria|o__Bifidobacteriales|f__Bifidobacteriaceae|g__Bifidobacterium|s__longum,0.082269095,0.03850502,0.0,0.0,0.028589485,0.054717004,0.024501918,0.028648969,0.027889725,0.027699552,0.047052443,0.05274621,0.028820341,0.0,0.02992713,0.076279975,0.035142973,0.077139184,0.051861964,0.029497653,0.05589066,0.04769821,0.036220293,0.026320029,0.032122668,0.07943828,0.030065658,0.034448724,0.028657122,0.033932287,0.042470813,0.044479642,0.0,0.026153577,0.028866747,0.06677264,0.056444205,0.030668728,0.021696456,0.02525952,0.065511875,0.032970317,0.032970317,0.0,0.02148134,0.083606996,0.068744004,0.03834554,0.027526535,0.024380302,0.080163285,0.0,0.060681466,0.030029558,0.027525093,0.0,0.032387763,0.02398613,0.030276349,0.019041749,0.047033884,0.047033884,0.021316456,0.02957592,0.019286845,0.0804342,0.055751625,0.05057531,0.031800367,0.032016348,0.08094055,0.029071623,0.029893883,0.023441888,0.026375296,0.076982036,0.06405159,0.0,0.028419748,0.031564243,0.0,0.04632462,0.028988836,0.02451221,0.024929656,0.07983025,0.10234064,0.027173383,0.0,0.023698289,0.037345316,0.0635682,0.030652845,0.03350243,0.030621646,0.07346925,0.035689987,0.04478753,0.02387286,0.02308843,0.06518057,0.062606215,0.040163655,0.03306035,0.029715884,0.077973545,0.04277124,0.021799862,0.024210943,0.023643153,0.029770665,0.023878148,0.023636747,0.029570095,0.025367387,0.116854936,0.0,0.055744983,0.032541417,0.029729705,0.03459404,0.033726368,0.02932141,0.0,0.019050846,0.07985319,0.04740083,0.02693543,0.026297173,0.0,0.061075717,0.042374425,0.024636202,0.023553617,0.026735013,0.0,0.0,0.032004587,0.0,0.0193497,0.06774052,0.06774052,0.030590313,0.025660612,0.0
k__Bacteria|p__Actinobacteria|c__Actinobacteria|o__Bifidobacteriales|f__Bifidobacteriaceae|g__Bifidobacterium|s__adolescentis,0.075336985,0.0,0.0,0.0,0.0,0.042816237,0.025167463,0.02632646,0.0,0.0,0.035787396,0.047973808,0.0,0.0,0.02564988,0.046681553,0.033971548,0.039416976,0.035961658,0.0,0.0,0.024529181,0.028227689,0.0,0.0,0.07660301,0.0,0.030299613,0.0,0.0,0.04034333,0.0,0.0,0.0,0.0,0.0,0.033068962,0.026969373,0.021699198,0.025277432,0.061800037,0.0,0.0,0.0,0.0,0.06754672,0.051633555,0.031904574,0.0,0.026939513,0.075356506,0.0,0.06354903,0.0,0.0,0.0,0.027925715,0.024990283,0.0,0.018990858,0.039342716,0.039342716,0.0,0.0,0.01971174,0.07538854,0.0,0.045817897,0.025477478,0.025214385,0.07458104,0.027039986,0.026458811,0.023402244,0.026482139,0.06835262,0.061507802,0.0,0.0,0.027318869,0.0,0.035802763,0.029078571,0.023898229,0.02506303,0.06636323,0.0713837,0.027018825,0.0,0.023506314,0.0,0.0,0.02617612,0.0,0.0,0.04452695,0.031026695,0.07604317,0.021859098,0.0,0.058206778,0.044571575,0.031774428,0.0,0.0,0.0,0.023035422,0.0,0.0,0.0,0.029649884,0.032377955,0.023509135,0.029055731,0.024973003,0.11583409,0.042914882,0.052591622,0.028980307,0.0,0.03219085,0.027763058,0.026345694,0.026126781,0.019089144,0.07472936,0.04046221,0.02860354,0.02674258,0.0,0.05448338,0.032408033,0.024387412,0.0,0.0,0.0,0.0,0.030690271,0.0,0.020022232,0.06683189,0.06683189,0.026874114,0.0,0.0
k__Bacteria|p__Actinobacteria|c__Actinobacteria|o__Bifidobacteriales|f__Bifidobacteriaceae|g__Bifidobacterium|s__unclassified,0.07541519,0.043830164,0.0,0.0,0.028620865,0.04220061,0.0,0.024863126,0.027004505,0.023626992,0.03608426,0.050339494,0.028998582,0.029659739,0.025714658,0.046551175,0.029604157,0.03949765,0.043782085,0.029251792,0.0,0.030418789,0.03461626,0.031751595,0.0320639,0.07550784,0.030970057,0.03331976,0.028360484,0.038993377,0.050446942,0.0,0.0,0.026686005,0.028767044,0.07079399,0.033140123,0.030114617,0.023075588,0.025924504,0.06512444,0.04410145,0.04410145,0.0,0.022930179,0.06784081,0.05207678,0.031699996,0.027176473,0.023353465,0.075591885,0.0,0.07180971,0.029769901,0.027821178,0.0,0.02892149,0.026381098,0.030093934,0.020121405,0.03815508,0.03815508,0.023143297,0.029459529,0.018944295,0.075557254,0.0,0.048998773,0.030980159,0.03077274,0.076976575,0.029104143,0.030329378,0.02440808,0.02871455,0.07216637,0.062269233,0.0,0.028177802,0.030820018,0.07034246,0.035928316,0.02796852,0.0,0.0,0.06666745,0.071409695,0.026326623,0.02409984,0.026949704,0.03751873,0.06516791,0.02974026,0.0,0.0,0.0454456,0.0,0.04479933,0.025538564,0.022865126,0.059828334,0.044475336,0.03226555,0.035209343,0.029428717,0.06152982,0.022824973,0.021167472,0.024926344,0.023635514,0.04792557,0.025405506,0.0,0.0,0.024383891,0.11600744,0.046239972,0.054323718,0.031953864,0.031272724,0.03562121,0.030707903,0.029205473,0.02611969,0.019395534,0.07587041,0.04050238,0.02293241,0.026643597,0.0,0.054717984,0.0,0.037717845,0.023846585,0.025370646,0.057720676,0.041684076,0.03169365,0.0,0.0,0.0,0.0,0.029823126,0.0,0.0
k__Bacteria|p__Cyanobacteria|c__4C0d-2|o__YS2|f__unclassified|g__unclassified|s__unclassified,0.0,0.0,0.0,0.0,0.0,0.0,0.0,0.0,0.0,0.0,0.0,0.0,0.0,0.0,0.0,0.0,0.0,0.0,0.0,0.0,0.0,0.0,0.0,0.0,0.0,0.0,0.0,0.0,0.0,0.0,0.0,0.0,0.0,0.027841402,0.0,0.0,0.0,0.0,0.0,0.027417919,0.0,0.0,0.0,0.02972068,0.020823764,0.0,0.0,0.0,0.0,0.0,0.0,0.0,0.0,0.0,0.0,0.0,0.0,0.0,0.0,0.0,0.0,0.0,0.0,0.0,0.0,0.0,0.0,0.0,0.0,0.0,0.0,0.0,0.0,0.023678297,0.0,0.0,0.0,0.0,0.0,0.0,0.0,0.0,0.0,0.0,0.0,0.0,0.0,0.02553402,0.02542691,0.023503885,0.0,0.0,0.0,0.0,0.0,0.0,0.0,0.0,0.0,0.0,0.0,0.0,0.0,0.0,0.0,0.0,0.0,0.0,0.0,0.0,0.0,0.0,0.0,0.0,0.0,0.0,0.0,0.0,0.0,0.0,0.0,0.0,0.0,0.0,0.0,0.0,0.0,0.0,0.0,0.0,0.0,0.0,0.0,0.0,0.0,0.0,0.0,0.0,0.0337859,0.0,0.0,0.0,0.0,0.026096568,0.0
k__Bacteria|p__Cyanobacteria|c__Chloroplast|o__Streptophyta|f__unclassified|g__unclassified|s__unclassified,0.0,0.0,0.0,0.0,0.0,0.0,0.0,0.0,0.0,0.0,0.0,0.0,0.0,0.0,0.0,0.0,0.0,0.0,0.0,0.0,0.0,0.024120316,0.0,0.0,0.0,0.0,0.0,0.0,0.0,0.029330688,0.0,0.0,0.0,0.028178725,0.0,0.0,0.0,0.0,0.0,0.0,0.0,0.0,0.0,0.0,0.0,0.0,0.0,0.0,0.0,0.0,0.0,0.0,0.0,0.0,0.0,0.0,0.0,0.0,0.0,0.0,0.0,0.0,0.021628063,0.0,0.0,0.0,0.0,0.0,0.0,0.0,0.0,0.0,0.0,0.0,0.0,0.0,0.0,0.0,0.0,0.0,0.0,0.0,0.0,0.023508986,0.0,0.0,0.0,0.0,0.0,0.0,0.0,0.0,0.0,0.0,0.0,0.0,0.0,0.0,0.0,0.0,0.0,0.0,0.0,0.0,0.0,0.0,0.0,0.0,0.0,0.024248725,0.0,0.0,0.0,0.0,0.0,0.0,0.0,0.0,0.0,0.0,0.0,0.026252227,0.0,0.0,0.0,0.0,0.0,0.0,0.0,0.0,0.0,0.0,0.024136018,0.0,0.0,0.0,0.0,0.0,0.0,0.018979011,0.0,0.0,0.0,0.0,0.0
k__Bacteria|p__Fusobacteria|c__Fusobacteria|o__Fusobacteriales|f__Fusobacteriaceae|g__Fusobacterium|s__unclassified,0.0,0.0,0.0,0.0,0.0,0.0,0.0,0.0,0.0,0.0,0.035818644,0.0,0.0,0.0,0.0,0.0,0.0,0.0,0.0,0.0,0.0,0.024061907,0.0,0.0,0.0,0.0,0.0,0.0,0.0,0.0,0.0,0.0,0.0,0.0,0.0,0.0,0.0,0.0,0.0,0.0,0.0,0.0,0.0,0.0,0.0,0.0,0.0,0.0,0.0,0.0,0.0,0.0,0.0,0.0,0.0,0.0,0.0,0.0,0.0,0.0,0.0,0.0,0.0,0.0,0.0,0.0,0.0,0.0,0.0,0.0,0.0,0.0,0.0,0.0,0.0,0.0,0.0,0.0,0.0,0.0,0.0,0.0,0.0,0.0,0.0,0.06604887,0.0,0.0,0.0,0.0,0.0,0.0,0.0,0.0,0.0,0.0,0.030835455,0.0,0.0,0.0,0.0,0.0,0.0,0.0,0.0,0.0,0.0,0.0,0.0,0.0,0.0,0.0,0.0,0.0,0.0,0.0,0.0,0.0,0.0,0.0,0.0,0.0,0.0,0.0,0.0,0.0,0.0,0.0,0.0,0.0,0.0,0.0,0.0,0.0,0.0,0.0,0.0,0.0,0.0,0.0,0.0,0.0,0.0,0.0,0.0
k__Bacteria|p__Fusobacteria|c__Fusobacteria|o__Fusobacteriales|f__Fusobacteriaceae|g__unclassified|s__unclassified,0.0,0.0,0.0,0.0,0.0,0.0,0.0,0.0,0.0,0.0,0.0,0.0,0.0,0.0,0.0,0.0,0.0,0.0,0.0,0.0,0.0,0.0,0.0,0.0,0.0,0.0,0.0,0.0,0.0,0.0,0.0,0.0,0.0,0.0,0.0,0.0,0.0,0.0,0.0,0.0,0.0,0.0,0.0,0.0,0.0,0.0,0.0,0.0,0.0,0.0,0.0,0.0,0.0,0.0,0.028035022,0.0,0.025256675,0.021301454,0.0,0.018918078,0.0,0.0,0.0,0.0,0.0,0.0,0.0,0.0,0.0,0.0,0.0,0.0,0.0,0.027259666,0.027755795,0.0,0.0,0.0,0.0,0.0,0.0,0.0,0.0,0.0,0.0,0.0,0.0,0.0,0.0,0.0,0.0,0.0,0.0,0.0,0.0,0.0,0.0,0.0,0.0,0.0,0.0,0.0,0.0,0.0,0.0,0.0,0.0,0.0,0.0,0.0,0.0,0.0,0.0,0.0,0.0,0.0,0.0,0.0,0.0,0.0,0.0,0.0,0.0,0.0,0.0,0.0,0.0,0.0,0.0,0.03695017,0.0,0.0,0.0,0.0,0.0,0.0,0.042934954,0.0,0.0,0.0,0.0,0.0,0.0,0.0,0.0
k__Bacteria|p__Tenericutes|c__Mollicutes|o__RF39|f__unclassified|g__unclassified|s__unclassified,0.0,0.0,0.0,0.0,0.0,0.0,0.0,0.0,0.0,0.0,0.0,0.0,0.0,0.0,0.0,0.0,0.0,0.0,0.0,0.0,0.0,0.0,0.0,0.0,0.0,0.0,0.0,0.0,0.0,0.0,0.0,0.0,0.0,0.0,0.0,0.0,0.0,0.0,0.0,0.0,0.0,0.0,0.0,0.0,0.020802084,0.0,0.0,0.0,0.0,0.0,0.0,0.0,0.0,0.0,0.0,0.0,0.0,0.0,0.0,0.018919172,0.0,0.0,0.0,0.0,0.019672217,0.0,0.0,0.0,0.0,0.0,0.0,0.0,0.0,0.0,0.0,0.0,0.0,0.0,0.0,0.0,0.0,0.0,0.0,0.0,0.0,0.0,0.0,0.0,0.023968501,0.023462573,0.0,0.0,0.0,0.0,0.0,0.0,0.0,0.0,0.0,0.0,0.0,0.0,0.0,0.0,0.0,0.0,0.0,0.0,0.0,0.0,0.0,0.0,0.0,0.0,0.0,0.0,0.0,0.0,0.0,0.0,0.0,0.0,0.0,0.0,0.019012546,0.0,0.0,0.0,0.0,0.0,0.0,0.0,0.0,0.0,0.024617216,0.0,0.0,0.0,0.033781234,0.018941943,0.0,0.0,0.0,0.0,0.0
k__Bacteria|p__Verrucomicrobia|c__Verrucomicrobiae|o__Verrucomicrobiales|f__Verrucomicrobiaceae|g__Akkermansia|s__muciniphila,0.0,0.0,0.0,0.0,0.0,0.0,0.0,0.0,0.0,0.0,0.0,0.0,0.0,0.0,0.072701484,0.0,0.029457554,0.0,0.0,0.0,0.10417708,0.0,0.0,0.0,0.0,0.0,0.0,0.0,0.0,0.0,0.0,0.0,0.0,0.026196443,0.0,0.0,0.0,0.0,0.0,0.0,0.0,0.0,0.0,0.0,0.0,0.0,0.0,0.0,0.0,0.0,0.0,0.0,0.0,0.0,0.034417342,0.0,0.029049417,0.023062766,0.0,0.021746088,0.0,0.0,0.0,0.0,0.021006186,0.0,0.0,0.0,0.0,0.0,0.0,0.0,0.0,0.023932328,0.0,0.0,0.0,0.0,0.0,0.0,0.0,0.0,0.0,0.025232773,0.025119716,0.0,0.0,0.027528733,0.0,0.023671558,0.0,0.0,0.0,0.032517765,0.0,0.0,0.0,0.0,0.0,0.0,0.0,0.0,0.0,0.0,0.0,0.0,0.0,0.021163724,0.028297408,0.023577685,0.0,0.0,0.024284301,0.0,0.024773344,0.0,0.0,0.0,0.0,0.0334867,0.0,0.0,0.0,0.026913667,0.0,0.0,0.0,0.022458958,0.0,0.0,0.0,0.030911893,0.03796924,0.023580937,0.030350767,0.0,0.0,0.0,0.03384191,0.021801535,0.0,0.0,0.0,0.027314648,0.0
